img1_path,img2_path,score,label
/home/anitadonato/tcc/tcc/data/known_faces/ALESSANDRA/alessandra_baixa_45_1m.jpeg,/home/anitadonato/tcc/tcc/data/known_faces/ALESSANDRA/alessandra_baixa_frontal_1m.jpeg,0.402897575984627,1
/home/anitadonato/tcc/tcc/data/known_faces/ALESSANDRA/alessandra_baixa_45_1m.jpeg,/home/anitadonato/tcc/tcc/data/known_faces/ALESSANDRA/alessandra_baixa_frontal_30cm.jpeg,0.44365511602642027,1
/home/anitadonato/tcc/tcc/data/known_faces/ALESSANDRA/alessandra_baixa_45_1m.jpeg,/home/anitadonato/tcc/tcc/data/known_faces/ALESSANDRA/alessandra_boa_45_1m..jpeg,0.38820835989574887,1
/home/anitadonato/tcc/tcc/data/known_faces/ALESSANDRA/alessandra_baixa_45_1m.jpeg,/home/anitadonato/tcc/tcc/data/known_faces/ALESSANDRA/alessandra_boa_45_30cm.jpeg,0.4157062594884139,1
/home/anitadonato/tcc/tcc/data/known_faces/ALESSANDRA/alessandra_baixa_45_1m.jpeg,/home/anitadonato/tcc/tcc/data/known_faces/ALESSANDRA/alessandra_boa_frontal_1m..jpeg,0.41553393595028987,1
/home/anitadonato/tcc/tcc/data/known_faces/ALESSANDRA/alessandra_baixa_45_1m.jpeg,/home/anitadonato/tcc/tcc/data/known_faces/ALESSANDRA/alessandra_boa_frontal_30cm..jpeg,0.44297911009112545,1
/home/anitadonato/tcc/tcc/data/known_faces/ALESSANDRA/alessandra_baixa_45_1m.jpeg,/home/anitadonato/tcc/tcc/data/known_faces/ALESSANDRA/alessandra_extra_01.jpeg,0.44391172345982893,1
/home/anitadonato/tcc/tcc/data/known_faces/ALESSANDRA/alessandra_baixa_45_1m.jpeg,/home/anitadonato/tcc/tcc/data/known_faces/ALESSANDRA/alessandra_extra_02.jpeg,0.4045566659865469,1
/home/anitadonato/tcc/tcc/data/known_faces/ALESSANDRA/alessandra_baixa_45_1m.jpeg,/home/anitadonato/tcc/tcc/data/known_faces/ALESSANDRA/alessandra_extra_03.jpeg,0.48029496658602877,1
/home/anitadonato/tcc/tcc/data/known_faces/ALESSANDRA/alessandra_baixa_45_1m.jpeg,/home/anitadonato/tcc/tcc/data/known_faces/ALESSANDRA/alessandra_extra_04.jpeg,0.47889210324290227,1
/home/anitadonato/tcc/tcc/data/known_faces/ALESSANDRA/alessandra_baixa_45_1m.jpeg,/home/anitadonato/tcc/tcc/data/known_faces/ALESSANDRA/alessandra_extra_05.jpeg,0.41056933546835245,1
/home/anitadonato/tcc/tcc/data/known_faces/ALESSANDRA/alessandra_baixa_45_1m.jpeg,/home/anitadonato/tcc/tcc/data/known_faces/ALESSANDRA/alessandra_extra_06.jpeg,0.4141221586782194,1
/home/anitadonato/tcc/tcc/data/known_faces/ALESSANDRA/alessandra_baixa_45_1m.jpeg,/home/anitadonato/tcc/tcc/data/known_faces/ALESSANDRA/alessandra_extra_07.jpeg,0.40890555569315507,1
/home/anitadonato/tcc/tcc/data/known_faces/ALESSANDRA/alessandra_baixa_45_1m.jpeg,/home/anitadonato/tcc/tcc/data/known_faces/ALESSANDRA/alessandra_extra_08.jpeg,0.44680626642528704,1
/home/anitadonato/tcc/tcc/data/known_faces/ALESSANDRA/alessandra_baixa_45_1m.jpeg,/home/anitadonato/tcc/tcc/data/known_faces/ALESSANDRA/alessandra_moderada_45_1m.jpeg,0.4404094769713041,1
/home/anitadonato/tcc/tcc/data/known_faces/ALESSANDRA/alessandra_baixa_45_1m.jpeg,/home/anitadonato/tcc/tcc/data/known_faces/ALESSANDRA/alessandra_moderada_45_30cm.jpeg,0.44615951211425975,1
/home/anitadonato/tcc/tcc/data/known_faces/ALESSANDRA/alessandra_baixa_45_1m.jpeg,/home/anitadonato/tcc/tcc/data/known_faces/ALESSANDRA/alessandra_moderada_frontal_1m.jpeg,0.4194383005847892,1
/home/anitadonato/tcc/tcc/data/known_faces/ALESSANDRA/alessandra_baixa_45_1m.jpeg,/home/anitadonato/tcc/tcc/data/known_faces/ALESSANDRA/alessandra_moderada_frontal_30cm.jpeg,0.4555404069233491,1
/home/anitadonato/tcc/tcc/data/known_faces/ALESSANDRA/alessandra_baixa_frontal_1m.jpeg,/home/anitadonato/tcc/tcc/data/known_faces/ALESSANDRA/alessandra_baixa_frontal_30cm.jpeg,0.22643351061248607,1
/home/anitadonato/tcc/tcc/data/known_faces/ALESSANDRA/alessandra_baixa_frontal_1m.jpeg,/home/anitadonato/tcc/tcc/data/known_faces/ALESSANDRA/alessandra_boa_45_1m..jpeg,0.43160566217083696,1
/home/anitadonato/tcc/tcc/data/known_faces/ALESSANDRA/alessandra_baixa_frontal_1m.jpeg,/home/anitadonato/tcc/tcc/data/known_faces/ALESSANDRA/alessandra_boa_45_30cm.jpeg,0.45632769883497115,1
/home/anitadonato/tcc/tcc/data/known_faces/ALESSANDRA/alessandra_baixa_frontal_1m.jpeg,/home/anitadonato/tcc/tcc/data/known_faces/ALESSANDRA/alessandra_boa_frontal_1m..jpeg,0.3210879961780989,1
/home/anitadonato/tcc/tcc/data/known_faces/ALESSANDRA/alessandra_baixa_frontal_1m.jpeg,/home/anitadonato/tcc/tcc/data/known_faces/ALESSANDRA/alessandra_boa_frontal_30cm..jpeg,0.3017231879918552,1
/home/anitadonato/tcc/tcc/data/known_faces/ALESSANDRA/alessandra_baixa_frontal_1m.jpeg,/home/anitadonato/tcc/tcc/data/known_faces/ALESSANDRA/alessandra_extra_01.jpeg,0.32986137972961876,1
/home/anitadonato/tcc/tcc/data/known_faces/ALESSANDRA/alessandra_baixa_frontal_1m.jpeg,/home/anitadonato/tcc/tcc/data/known_faces/ALESSANDRA/alessandra_extra_02.jpeg,0.3706831100366536,1
/home/anitadonato/tcc/tcc/data/known_faces/ALESSANDRA/alessandra_baixa_frontal_1m.jpeg,/home/anitadonato/tcc/tcc/data/known_faces/ALESSANDRA/alessandra_extra_03.jpeg,0.37773102923101864,1
/home/anitadonato/tcc/tcc/data/known_faces/ALESSANDRA/alessandra_baixa_frontal_1m.jpeg,/home/anitadonato/tcc/tcc/data/known_faces/ALESSANDRA/alessandra_extra_04.jpeg,0.4079001302105997,1
/home/anitadonato/tcc/tcc/data/known_faces/ALESSANDRA/alessandra_baixa_frontal_1m.jpeg,/home/anitadonato/tcc/tcc/data/known_faces/ALESSANDRA/alessandra_extra_05.jpeg,0.4140400559364292,1
/home/anitadonato/tcc/tcc/data/known_faces/ALESSANDRA/alessandra_baixa_frontal_1m.jpeg,/home/anitadonato/tcc/tcc/data/known_faces/ALESSANDRA/alessandra_extra_06.jpeg,0.30272217059761036,1
/home/anitadonato/tcc/tcc/data/known_faces/ALESSANDRA/alessandra_baixa_frontal_1m.jpeg,/home/anitadonato/tcc/tcc/data/known_faces/ALESSANDRA/alessandra_extra_07.jpeg,0.2960012403207729,1
/home/anitadonato/tcc/tcc/data/known_faces/ALESSANDRA/alessandra_baixa_frontal_1m.jpeg,/home/anitadonato/tcc/tcc/data/known_faces/ALESSANDRA/alessandra_extra_08.jpeg,0.3552542986835875,1
/home/anitadonato/tcc/tcc/data/known_faces/ALESSANDRA/alessandra_baixa_frontal_1m.jpeg,/home/anitadonato/tcc/tcc/data/known_faces/ALESSANDRA/alessandra_moderada_45_1m.jpeg,0.4539051058750587,1
/home/anitadonato/tcc/tcc/data/known_faces/ALESSANDRA/alessandra_baixa_frontal_1m.jpeg,/home/anitadonato/tcc/tcc/data/known_faces/ALESSANDRA/alessandra_moderada_45_30cm.jpeg,0.4935282848136345,1
/home/anitadonato/tcc/tcc/data/known_faces/ALESSANDRA/alessandra_baixa_frontal_1m.jpeg,/home/anitadonato/tcc/tcc/data/known_faces/ALESSANDRA/alessandra_moderada_frontal_1m.jpeg,0.2830059843514202,1
/home/anitadonato/tcc/tcc/data/known_faces/ALESSANDRA/alessandra_baixa_frontal_1m.jpeg,/home/anitadonato/tcc/tcc/data/known_faces/ALESSANDRA/alessandra_moderada_frontal_30cm.jpeg,0.31576578742489325,1
/home/anitadonato/tcc/tcc/data/known_faces/ALESSANDRA/alessandra_baixa_frontal_30cm.jpeg,/home/anitadonato/tcc/tcc/data/known_faces/ALESSANDRA/alessandra_boa_45_1m..jpeg,0.4144633226859931,1
/home/anitadonato/tcc/tcc/data/known_faces/ALESSANDRA/alessandra_baixa_frontal_30cm.jpeg,/home/anitadonato/tcc/tcc/data/known_faces/ALESSANDRA/alessandra_boa_45_30cm.jpeg,0.43784076993246057,1
/home/anitadonato/tcc/tcc/data/known_faces/ALESSANDRA/alessandra_baixa_frontal_30cm.jpeg,/home/anitadonato/tcc/tcc/data/known_faces/ALESSANDRA/alessandra_boa_frontal_1m..jpeg,0.331770193363125,1
/home/anitadonato/tcc/tcc/data/known_faces/ALESSANDRA/alessandra_baixa_frontal_30cm.jpeg,/home/anitadonato/tcc/tcc/data/known_faces/ALESSANDRA/alessandra_boa_frontal_30cm..jpeg,0.2581642652106491,1
/home/anitadonato/tcc/tcc/data/known_faces/ALESSANDRA/alessandra_baixa_frontal_30cm.jpeg,/home/anitadonato/tcc/tcc/data/known_faces/ALESSANDRA/alessandra_extra_01.jpeg,0.27441666937279074,1
/home/anitadonato/tcc/tcc/data/known_faces/ALESSANDRA/alessandra_baixa_frontal_30cm.jpeg,/home/anitadonato/tcc/tcc/data/known_faces/ALESSANDRA/alessandra_extra_02.jpeg,0.3865261249961199,1
/home/anitadonato/tcc/tcc/data/known_faces/ALESSANDRA/alessandra_baixa_frontal_30cm.jpeg,/home/anitadonato/tcc/tcc/data/known_faces/ALESSANDRA/alessandra_extra_03.jpeg,0.3468872969506217,1
/home/anitadonato/tcc/tcc/data/known_faces/ALESSANDRA/alessandra_baixa_frontal_30cm.jpeg,/home/anitadonato/tcc/tcc/data/known_faces/ALESSANDRA/alessandra_extra_04.jpeg,0.33412760423961174,1
/home/anitadonato/tcc/tcc/data/known_faces/ALESSANDRA/alessandra_baixa_frontal_30cm.jpeg,/home/anitadonato/tcc/tcc/data/known_faces/ALESSANDRA/alessandra_extra_05.jpeg,0.4280072653592019,1
/home/anitadonato/tcc/tcc/data/known_faces/ALESSANDRA/alessandra_baixa_frontal_30cm.jpeg,/home/anitadonato/tcc/tcc/data/known_faces/ALESSANDRA/alessandra_extra_06.jpeg,0.28216272177747753,1
/home/anitadonato/tcc/tcc/data/known_faces/ALESSANDRA/alessandra_baixa_frontal_30cm.jpeg,/home/anitadonato/tcc/tcc/data/known_faces/ALESSANDRA/alessandra_extra_07.jpeg,0.2866397791644501,1
/home/anitadonato/tcc/tcc/data/known_faces/ALESSANDRA/alessandra_baixa_frontal_30cm.jpeg,/home/anitadonato/tcc/tcc/data/known_faces/ALESSANDRA/alessandra_extra_08.jpeg,0.32371119938300064,1
/home/anitadonato/tcc/tcc/data/known_faces/ALESSANDRA/alessandra_baixa_frontal_30cm.jpeg,/home/anitadonato/tcc/tcc/data/known_faces/ALESSANDRA/alessandra_moderada_45_1m.jpeg,0.45519031441581786,1
/home/anitadonato/tcc/tcc/data/known_faces/ALESSANDRA/alessandra_baixa_frontal_30cm.jpeg,/home/anitadonato/tcc/tcc/data/known_faces/ALESSANDRA/alessandra_moderada_45_30cm.jpeg,0.47891650137116154,1
/home/anitadonato/tcc/tcc/data/known_faces/ALESSANDRA/alessandra_baixa_frontal_30cm.jpeg,/home/anitadonato/tcc/tcc/data/known_faces/ALESSANDRA/alessandra_moderada_frontal_1m.jpeg,0.2911915397820389,1
/home/anitadonato/tcc/tcc/data/known_faces/ALESSANDRA/alessandra_baixa_frontal_30cm.jpeg,/home/anitadonato/tcc/tcc/data/known_faces/ALESSANDRA/alessandra_moderada_frontal_30cm.jpeg,0.2506942843934951,1
/home/anitadonato/tcc/tcc/data/known_faces/ALESSANDRA/alessandra_boa_45_1m..jpeg,/home/anitadonato/tcc/tcc/data/known_faces/ALESSANDRA/alessandra_boa_45_30cm.jpeg,0.15082625819794498,1
/home/anitadonato/tcc/tcc/data/known_faces/ALESSANDRA/alessandra_boa_45_1m..jpeg,/home/anitadonato/tcc/tcc/data/known_faces/ALESSANDRA/alessandra_boa_frontal_1m..jpeg,0.3244133148995217,1
/home/anitadonato/tcc/tcc/data/known_faces/ALESSANDRA/alessandra_boa_45_1m..jpeg,/home/anitadonato/tcc/tcc/data/known_faces/ALESSANDRA/alessandra_boa_frontal_30cm..jpeg,0.33233906193823076,1
/home/anitadonato/tcc/tcc/data/known_faces/ALESSANDRA/alessandra_boa_45_1m..jpeg,/home/anitadonato/tcc/tcc/data/known_faces/ALESSANDRA/alessandra_extra_01.jpeg,0.38684776946043853,1
/home/anitadonato/tcc/tcc/data/known_faces/ALESSANDRA/alessandra_boa_45_1m..jpeg,/home/anitadonato/tcc/tcc/data/known_faces/ALESSANDRA/alessandra_extra_02.jpeg,0.42436233707419213,1
/home/anitadonato/tcc/tcc/data/known_faces/ALESSANDRA/alessandra_boa_45_1m..jpeg,/home/anitadonato/tcc/tcc/data/known_faces/ALESSANDRA/alessandra_extra_03.jpeg,0.41832571712164107,1
/home/anitadonato/tcc/tcc/data/known_faces/ALESSANDRA/alessandra_boa_45_1m..jpeg,/home/anitadonato/tcc/tcc/data/known_faces/ALESSANDRA/alessandra_extra_04.jpeg,0.4167614293654632,1
/home/anitadonato/tcc/tcc/data/known_faces/ALESSANDRA/alessandra_boa_45_1m..jpeg,/home/anitadonato/tcc/tcc/data/known_faces/ALESSANDRA/alessandra_extra_05.jpeg,0.3979920852658218,1
/home/anitadonato/tcc/tcc/data/known_faces/ALESSANDRA/alessandra_boa_45_1m..jpeg,/home/anitadonato/tcc/tcc/data/known_faces/ALESSANDRA/alessandra_extra_06.jpeg,0.3165088351429422,1
/home/anitadonato/tcc/tcc/data/known_faces/ALESSANDRA/alessandra_boa_45_1m..jpeg,/home/anitadonato/tcc/tcc/data/known_faces/ALESSANDRA/alessandra_extra_07.jpeg,0.33100250975774437,1
/home/anitadonato/tcc/tcc/data/known_faces/ALESSANDRA/alessandra_boa_45_1m..jpeg,/home/anitadonato/tcc/tcc/data/known_faces/ALESSANDRA/alessandra_extra_08.jpeg,0.37265773263501584,1
/home/anitadonato/tcc/tcc/data/known_faces/ALESSANDRA/alessandra_boa_45_1m..jpeg,/home/anitadonato/tcc/tcc/data/known_faces/ALESSANDRA/alessandra_moderada_45_1m.jpeg,0.21680860120118506,1
/home/anitadonato/tcc/tcc/data/known_faces/ALESSANDRA/alessandra_boa_45_1m..jpeg,/home/anitadonato/tcc/tcc/data/known_faces/ALESSANDRA/alessandra_moderada_45_30cm.jpeg,0.2577465113549958,1
/home/anitadonato/tcc/tcc/data/known_faces/ALESSANDRA/alessandra_boa_45_1m..jpeg,/home/anitadonato/tcc/tcc/data/known_faces/ALESSANDRA/alessandra_moderada_frontal_1m.jpeg,0.3620300653487081,1
/home/anitadonato/tcc/tcc/data/known_faces/ALESSANDRA/alessandra_boa_45_1m..jpeg,/home/anitadonato/tcc/tcc/data/known_faces/ALESSANDRA/alessandra_moderada_frontal_30cm.jpeg,0.3750158231953986,1
/home/anitadonato/tcc/tcc/data/known_faces/ALESSANDRA/alessandra_boa_45_30cm.jpeg,/home/anitadonato/tcc/tcc/data/known_faces/ALESSANDRA/alessandra_boa_frontal_1m..jpeg,0.3576917965092706,1
/home/anitadonato/tcc/tcc/data/known_faces/ALESSANDRA/alessandra_boa_45_30cm.jpeg,/home/anitadonato/tcc/tcc/data/known_faces/ALESSANDRA/alessandra_boa_frontal_30cm..jpeg,0.3568864715845093,1
/home/anitadonato/tcc/tcc/data/known_faces/ALESSANDRA/alessandra_boa_45_30cm.jpeg,/home/anitadonato/tcc/tcc/data/known_faces/ALESSANDRA/alessandra_extra_01.jpeg,0.4095671709741479,1
/home/anitadonato/tcc/tcc/data/known_faces/ALESSANDRA/alessandra_boa_45_30cm.jpeg,/home/anitadonato/tcc/tcc/data/known_faces/ALESSANDRA/alessandra_extra_02.jpeg,0.44392379306001967,1
/home/anitadonato/tcc/tcc/data/known_faces/ALESSANDRA/alessandra_boa_45_30cm.jpeg,/home/anitadonato/tcc/tcc/data/known_faces/ALESSANDRA/alessandra_extra_03.jpeg,0.44445708345612656,1
/home/anitadonato/tcc/tcc/data/known_faces/ALESSANDRA/alessandra_boa_45_30cm.jpeg,/home/anitadonato/tcc/tcc/data/known_faces/ALESSANDRA/alessandra_extra_04.jpeg,0.446754814728844,1
/home/anitadonato/tcc/tcc/data/known_faces/ALESSANDRA/alessandra_boa_45_30cm.jpeg,/home/anitadonato/tcc/tcc/data/known_faces/ALESSANDRA/alessandra_extra_05.jpeg,0.3960927961123272,1
/home/anitadonato/tcc/tcc/data/known_faces/ALESSANDRA/alessandra_boa_45_30cm.jpeg,/home/anitadonato/tcc/tcc/data/known_faces/ALESSANDRA/alessandra_extra_06.jpeg,0.34121429513637613,1
/home/anitadonato/tcc/tcc/data/known_faces/ALESSANDRA/alessandra_boa_45_30cm.jpeg,/home/anitadonato/tcc/tcc/data/known_faces/ALESSANDRA/alessandra_extra_07.jpeg,0.35999360868334324,1
/home/anitadonato/tcc/tcc/data/known_faces/ALESSANDRA/alessandra_boa_45_30cm.jpeg,/home/anitadonato/tcc/tcc/data/known_faces/ALESSANDRA/alessandra_extra_08.jpeg,0.39621720700806246,1
/home/anitadonato/tcc/tcc/data/known_faces/ALESSANDRA/alessandra_boa_45_30cm.jpeg,/home/anitadonato/tcc/tcc/data/known_faces/ALESSANDRA/alessandra_moderada_45_1m.jpeg,0.24720062841981846,1
/home/anitadonato/tcc/tcc/data/known_faces/ALESSANDRA/alessandra_boa_45_30cm.jpeg,/home/anitadonato/tcc/tcc/data/known_faces/ALESSANDRA/alessandra_moderada_45_30cm.jpeg,0.23380259173051174,1
/home/anitadonato/tcc/tcc/data/known_faces/ALESSANDRA/alessandra_boa_45_30cm.jpeg,/home/anitadonato/tcc/tcc/data/known_faces/ALESSANDRA/alessandra_moderada_frontal_1m.jpeg,0.3977087259002144,1
/home/anitadonato/tcc/tcc/data/known_faces/ALESSANDRA/alessandra_boa_45_30cm.jpeg,/home/anitadonato/tcc/tcc/data/known_faces/ALESSANDRA/alessandra_moderada_frontal_30cm.jpeg,0.40057858592624557,1
/home/anitadonato/tcc/tcc/data/known_faces/ALESSANDRA/alessandra_boa_frontal_1m..jpeg,/home/anitadonato/tcc/tcc/data/known_faces/ALESSANDRA/alessandra_boa_frontal_30cm..jpeg,0.21246501702171564,1
/home/anitadonato/tcc/tcc/data/known_faces/ALESSANDRA/alessandra_boa_frontal_1m..jpeg,/home/anitadonato/tcc/tcc/data/known_faces/ALESSANDRA/alessandra_extra_01.jpeg,0.26166281784634543,1
/home/anitadonato/tcc/tcc/data/known_faces/ALESSANDRA/alessandra_boa_frontal_1m..jpeg,/home/anitadonato/tcc/tcc/data/known_faces/ALESSANDRA/alessandra_extra_02.jpeg,0.3503196274169014,1
/home/anitadonato/tcc/tcc/data/known_faces/ALESSANDRA/alessandra_boa_frontal_1m..jpeg,/home/anitadonato/tcc/tcc/data/known_faces/ALESSANDRA/alessandra_extra_03.jpeg,0.2763174666396479,1
/home/anitadonato/tcc/tcc/data/known_faces/ALESSANDRA/alessandra_boa_frontal_1m..jpeg,/home/anitadonato/tcc/tcc/data/known_faces/ALESSANDRA/alessandra_extra_04.jpeg,0.3353172698869158,1
/home/anitadonato/tcc/tcc/data/known_faces/ALESSANDRA/alessandra_boa_frontal_1m..jpeg,/home/anitadonato/tcc/tcc/data/known_faces/ALESSANDRA/alessandra_extra_05.jpeg,0.36296435624256024,1
/home/anitadonato/tcc/tcc/data/known_faces/ALESSANDRA/alessandra_boa_frontal_1m..jpeg,/home/anitadonato/tcc/tcc/data/known_faces/ALESSANDRA/alessandra_extra_06.jpeg,0.2137825298663886,1
/home/anitadonato/tcc/tcc/data/known_faces/ALESSANDRA/alessandra_boa_frontal_1m..jpeg,/home/anitadonato/tcc/tcc/data/known_faces/ALESSANDRA/alessandra_extra_07.jpeg,0.20459685060640032,1
/home/anitadonato/tcc/tcc/data/known_faces/ALESSANDRA/alessandra_boa_frontal_1m..jpeg,/home/anitadonato/tcc/tcc/data/known_faces/ALESSANDRA/alessandra_extra_08.jpeg,0.20625225630114866,1
/home/anitadonato/tcc/tcc/data/known_faces/ALESSANDRA/alessandra_boa_frontal_1m..jpeg,/home/anitadonato/tcc/tcc/data/known_faces/ALESSANDRA/alessandra_moderada_45_1m.jpeg,0.36226144163902474,1
/home/anitadonato/tcc/tcc/data/known_faces/ALESSANDRA/alessandra_boa_frontal_1m..jpeg,/home/anitadonato/tcc/tcc/data/known_faces/ALESSANDRA/alessandra_moderada_45_30cm.jpeg,0.4116449740734315,1
/home/anitadonato/tcc/tcc/data/known_faces/ALESSANDRA/alessandra_boa_frontal_1m..jpeg,/home/anitadonato/tcc/tcc/data/known_faces/ALESSANDRA/alessandra_moderada_frontal_1m.jpeg,0.20141682585537385,1
/home/anitadonato/tcc/tcc/data/known_faces/ALESSANDRA/alessandra_boa_frontal_1m..jpeg,/home/anitadonato/tcc/tcc/data/known_faces/ALESSANDRA/alessandra_moderada_frontal_30cm.jpeg,0.2548236747672997,1
/home/anitadonato/tcc/tcc/data/known_faces/ALESSANDRA/alessandra_boa_frontal_30cm..jpeg,/home/anitadonato/tcc/tcc/data/known_faces/ALESSANDRA/alessandra_extra_01.jpeg,0.18938437801218538,1
/home/anitadonato/tcc/tcc/data/known_faces/ALESSANDRA/alessandra_boa_frontal_30cm..jpeg,/home/anitadonato/tcc/tcc/data/known_faces/ALESSANDRA/alessandra_extra_02.jpeg,0.33661051818372223,1
/home/anitadonato/tcc/tcc/data/known_faces/ALESSANDRA/alessandra_boa_frontal_30cm..jpeg,/home/anitadonato/tcc/tcc/data/known_faces/ALESSANDRA/alessandra_extra_03.jpeg,0.28614877899576613,1
/home/anitadonato/tcc/tcc/data/known_faces/ALESSANDRA/alessandra_boa_frontal_30cm..jpeg,/home/anitadonato/tcc/tcc/data/known_faces/ALESSANDRA/alessandra_extra_04.jpeg,0.3036494519266824,1
/home/anitadonato/tcc/tcc/data/known_faces/ALESSANDRA/alessandra_boa_frontal_30cm..jpeg,/home/anitadonato/tcc/tcc/data/known_faces/ALESSANDRA/alessandra_extra_05.jpeg,0.36091321041589747,1
/home/anitadonato/tcc/tcc/data/known_faces/ALESSANDRA/alessandra_boa_frontal_30cm..jpeg,/home/anitadonato/tcc/tcc/data/known_faces/ALESSANDRA/alessandra_extra_06.jpeg,0.18608145523509914,1
/home/anitadonato/tcc/tcc/data/known_faces/ALESSANDRA/alessandra_boa_frontal_30cm..jpeg,/home/anitadonato/tcc/tcc/data/known_faces/ALESSANDRA/alessandra_extra_07.jpeg,0.13671804416070382,1
/home/anitadonato/tcc/tcc/data/known_faces/ALESSANDRA/alessandra_boa_frontal_30cm..jpeg,/home/anitadonato/tcc/tcc/data/known_faces/ALESSANDRA/alessandra_extra_08.jpeg,0.2552736264211468,1
/home/anitadonato/tcc/tcc/data/known_faces/ALESSANDRA/alessandra_boa_frontal_30cm..jpeg,/home/anitadonato/tcc/tcc/data/known_faces/ALESSANDRA/alessandra_moderada_45_1m.jpeg,0.3790739254244442,1
/home/anitadonato/tcc/tcc/data/known_faces/ALESSANDRA/alessandra_boa_frontal_30cm..jpeg,/home/anitadonato/tcc/tcc/data/known_faces/ALESSANDRA/alessandra_moderada_45_30cm.jpeg,0.4078171778137019,1
/home/anitadonato/tcc/tcc/data/known_faces/ALESSANDRA/alessandra_boa_frontal_30cm..jpeg,/home/anitadonato/tcc/tcc/data/known_faces/ALESSANDRA/alessandra_moderada_frontal_1m.jpeg,0.21151119067353968,1
/home/anitadonato/tcc/tcc/data/known_faces/ALESSANDRA/alessandra_boa_frontal_30cm..jpeg,/home/anitadonato/tcc/tcc/data/known_faces/ALESSANDRA/alessandra_moderada_frontal_30cm.jpeg,0.18674419962464117,1
/home/anitadonato/tcc/tcc/data/known_faces/ALESSANDRA/alessandra_extra_01.jpeg,/home/anitadonato/tcc/tcc/data/known_faces/ALESSANDRA/alessandra_extra_02.jpeg,0.32929296744254466,1
/home/anitadonato/tcc/tcc/data/known_faces/ALESSANDRA/alessandra_extra_01.jpeg,/home/anitadonato/tcc/tcc/data/known_faces/ALESSANDRA/alessandra_extra_03.jpeg,0.31226798470135664,1
/home/anitadonato/tcc/tcc/data/known_faces/ALESSANDRA/alessandra_extra_01.jpeg,/home/anitadonato/tcc/tcc/data/known_faces/ALESSANDRA/alessandra_extra_04.jpeg,0.2868227514154878,1
/home/anitadonato/tcc/tcc/data/known_faces/ALESSANDRA/alessandra_extra_01.jpeg,/home/anitadonato/tcc/tcc/data/known_faces/ALESSANDRA/alessandra_extra_05.jpeg,0.3965939525454006,1
/home/anitadonato/tcc/tcc/data/known_faces/ALESSANDRA/alessandra_extra_01.jpeg,/home/anitadonato/tcc/tcc/data/known_faces/ALESSANDRA/alessandra_extra_06.jpeg,0.23079940454910866,1
/home/anitadonato/tcc/tcc/data/known_faces/ALESSANDRA/alessandra_extra_01.jpeg,/home/anitadonato/tcc/tcc/data/known_faces/ALESSANDRA/alessandra_extra_07.jpeg,0.19300791522059507,1
/home/anitadonato/tcc/tcc/data/known_faces/ALESSANDRA/alessandra_extra_01.jpeg,/home/anitadonato/tcc/tcc/data/known_faces/ALESSANDRA/alessandra_extra_08.jpeg,0.2484182001012796,1
/home/anitadonato/tcc/tcc/data/known_faces/ALESSANDRA/alessandra_extra_01.jpeg,/home/anitadonato/tcc/tcc/data/known_faces/ALESSANDRA/alessandra_moderada_45_1m.jpeg,0.44714335939168903,1
/home/anitadonato/tcc/tcc/data/known_faces/ALESSANDRA/alessandra_extra_01.jpeg,/home/anitadonato/tcc/tcc/data/known_faces/ALESSANDRA/alessandra_moderada_45_30cm.jpeg,0.46231955633842636,1
/home/anitadonato/tcc/tcc/data/known_faces/ALESSANDRA/alessandra_extra_01.jpeg,/home/anitadonato/tcc/tcc/data/known_faces/ALESSANDRA/alessandra_moderada_frontal_1m.jpeg,0.2538558032231503,1
/home/anitadonato/tcc/tcc/data/known_faces/ALESSANDRA/alessandra_extra_01.jpeg,/home/anitadonato/tcc/tcc/data/known_faces/ALESSANDRA/alessandra_moderada_frontal_30cm.jpeg,0.22926874998627045,1
/home/anitadonato/tcc/tcc/data/known_faces/ALESSANDRA/alessandra_extra_02.jpeg,/home/anitadonato/tcc/tcc/data/known_faces/ALESSANDRA/alessandra_extra_03.jpeg,0.36843313502633984,1
/home/anitadonato/tcc/tcc/data/known_faces/ALESSANDRA/alessandra_extra_02.jpeg,/home/anitadonato/tcc/tcc/data/known_faces/ALESSANDRA/alessandra_extra_04.jpeg,0.362802131680202,1
/home/anitadonato/tcc/tcc/data/known_faces/ALESSANDRA/alessandra_extra_02.jpeg,/home/anitadonato/tcc/tcc/data/known_faces/ALESSANDRA/alessandra_extra_05.jpeg,0.3684881348037736,1
/home/anitadonato/tcc/tcc/data/known_faces/ALESSANDRA/alessandra_extra_02.jpeg,/home/anitadonato/tcc/tcc/data/known_faces/ALESSANDRA/alessandra_extra_06.jpeg,0.37093213761134686,1
/home/anitadonato/tcc/tcc/data/known_faces/ALESSANDRA/alessandra_extra_02.jpeg,/home/anitadonato/tcc/tcc/data/known_faces/ALESSANDRA/alessandra_extra_07.jpeg,0.3285372753713464,1
/home/anitadonato/tcc/tcc/data/known_faces/ALESSANDRA/alessandra_extra_02.jpeg,/home/anitadonato/tcc/tcc/data/known_faces/ALESSANDRA/alessandra_extra_08.jpeg,0.3281591633385157,1
/home/anitadonato/tcc/tcc/data/known_faces/ALESSANDRA/alessandra_extra_02.jpeg,/home/anitadonato/tcc/tcc/data/known_faces/ALESSANDRA/alessandra_moderada_45_1m.jpeg,0.43704024894763926,1
/home/anitadonato/tcc/tcc/data/known_faces/ALESSANDRA/alessandra_extra_02.jpeg,/home/anitadonato/tcc/tcc/data/known_faces/ALESSANDRA/alessandra_moderada_45_30cm.jpeg,0.44089869187765557,1
/home/anitadonato/tcc/tcc/data/known_faces/ALESSANDRA/alessandra_extra_02.jpeg,/home/anitadonato/tcc/tcc/data/known_faces/ALESSANDRA/alessandra_moderada_frontal_1m.jpeg,0.35634430370234066,1
/home/anitadonato/tcc/tcc/data/known_faces/ALESSANDRA/alessandra_extra_02.jpeg,/home/anitadonato/tcc/tcc/data/known_faces/ALESSANDRA/alessandra_moderada_frontal_30cm.jpeg,0.36279931252700687,1
/home/anitadonato/tcc/tcc/data/known_faces/ALESSANDRA/alessandra_extra_03.jpeg,/home/anitadonato/tcc/tcc/data/known_faces/ALESSANDRA/alessandra_extra_04.jpeg,0.2828944884098986,1
/home/anitadonato/tcc/tcc/data/known_faces/ALESSANDRA/alessandra_extra_03.jpeg,/home/anitadonato/tcc/tcc/data/known_faces/ALESSANDRA/alessandra_extra_05.jpeg,0.37192052943254644,1
/home/anitadonato/tcc/tcc/data/known_faces/ALESSANDRA/alessandra_extra_03.jpeg,/home/anitadonato/tcc/tcc/data/known_faces/ALESSANDRA/alessandra_extra_06.jpeg,0.31267671248585166,1
/home/anitadonato/tcc/tcc/data/known_faces/ALESSANDRA/alessandra_extra_03.jpeg,/home/anitadonato/tcc/tcc/data/known_faces/ALESSANDRA/alessandra_extra_07.jpeg,0.2977871132369825,1
/home/anitadonato/tcc/tcc/data/known_faces/ALESSANDRA/alessandra_extra_03.jpeg,/home/anitadonato/tcc/tcc/data/known_faces/ALESSANDRA/alessandra_extra_08.jpeg,0.24503591313476528,1
/home/anitadonato/tcc/tcc/data/known_faces/ALESSANDRA/alessandra_extra_03.jpeg,/home/anitadonato/tcc/tcc/data/known_faces/ALESSANDRA/alessandra_moderada_45_1m.jpeg,0.44074337418953796,1
/home/anitadonato/tcc/tcc/data/known_faces/ALESSANDRA/alessandra_extra_03.jpeg,/home/anitadonato/tcc/tcc/data/known_faces/ALESSANDRA/alessandra_moderada_45_30cm.jpeg,0.4672719381200952,1
/home/anitadonato/tcc/tcc/data/known_faces/ALESSANDRA/alessandra_extra_03.jpeg,/home/anitadonato/tcc/tcc/data/known_faces/ALESSANDRA/alessandra_moderada_frontal_1m.jpeg,0.3003690040080838,1
/home/anitadonato/tcc/tcc/data/known_faces/ALESSANDRA/alessandra_extra_03.jpeg,/home/anitadonato/tcc/tcc/data/known_faces/ALESSANDRA/alessandra_moderada_frontal_30cm.jpeg,0.2687675863944222,1
/home/anitadonato/tcc/tcc/data/known_faces/ALESSANDRA/alessandra_extra_04.jpeg,/home/anitadonato/tcc/tcc/data/known_faces/ALESSANDRA/alessandra_extra_05.jpeg,0.39167326268932506,1
/home/anitadonato/tcc/tcc/data/known_faces/ALESSANDRA/alessandra_extra_04.jpeg,/home/anitadonato/tcc/tcc/data/known_faces/ALESSANDRA/alessandra_extra_06.jpeg,0.3164521977083243,1
/home/anitadonato/tcc/tcc/data/known_faces/ALESSANDRA/alessandra_extra_04.jpeg,/home/anitadonato/tcc/tcc/data/known_faces/ALESSANDRA/alessandra_extra_07.jpeg,0.30600854445290315,1
/home/anitadonato/tcc/tcc/data/known_faces/ALESSANDRA/alessandra_extra_04.jpeg,/home/anitadonato/tcc/tcc/data/known_faces/ALESSANDRA/alessandra_extra_08.jpeg,0.29637039028271117,1
/home/anitadonato/tcc/tcc/data/known_faces/ALESSANDRA/alessandra_extra_04.jpeg,/home/anitadonato/tcc/tcc/data/known_faces/ALESSANDRA/alessandra_moderada_45_1m.jpeg,0.4735712548421217,1
/home/anitadonato/tcc/tcc/data/known_faces/ALESSANDRA/alessandra_extra_04.jpeg,/home/anitadonato/tcc/tcc/data/known_faces/ALESSANDRA/alessandra_moderada_45_30cm.jpeg,0.48120908269242696,1
/home/anitadonato/tcc/tcc/data/known_faces/ALESSANDRA/alessandra_extra_04.jpeg,/home/anitadonato/tcc/tcc/data/known_faces/ALESSANDRA/alessandra_moderada_frontal_1m.jpeg,0.3238538077059648,1
/home/anitadonato/tcc/tcc/data/known_faces/ALESSANDRA/alessandra_extra_04.jpeg,/home/anitadonato/tcc/tcc/data/known_faces/ALESSANDRA/alessandra_moderada_frontal_30cm.jpeg,0.29546199453981326,1
/home/anitadonato/tcc/tcc/data/known_faces/ALESSANDRA/alessandra_extra_05.jpeg,/home/anitadonato/tcc/tcc/data/known_faces/ALESSANDRA/alessandra_extra_06.jpeg,0.32200382034080005,1
/home/anitadonato/tcc/tcc/data/known_faces/ALESSANDRA/alessandra_extra_05.jpeg,/home/anitadonato/tcc/tcc/data/known_faces/ALESSANDRA/alessandra_extra_07.jpeg,0.35418587900127657,1
/home/anitadonato/tcc/tcc/data/known_faces/ALESSANDRA/alessandra_extra_05.jpeg,/home/anitadonato/tcc/tcc/data/known_faces/ALESSANDRA/alessandra_extra_08.jpeg,0.3415453443019957,1
/home/anitadonato/tcc/tcc/data/known_faces/ALESSANDRA/alessandra_extra_05.jpeg,/home/anitadonato/tcc/tcc/data/known_faces/ALESSANDRA/alessandra_moderada_45_1m.jpeg,0.450192957050099,1
/home/anitadonato/tcc/tcc/data/known_faces/ALESSANDRA/alessandra_extra_05.jpeg,/home/anitadonato/tcc/tcc/data/known_faces/ALESSANDRA/alessandra_moderada_45_30cm.jpeg,0.45325237177976024,1
/home/anitadonato/tcc/tcc/data/known_faces/ALESSANDRA/alessandra_extra_05.jpeg,/home/anitadonato/tcc/tcc/data/known_faces/ALESSANDRA/alessandra_moderada_frontal_1m.jpeg,0.39041120826047043,1
/home/anitadonato/tcc/tcc/data/known_faces/ALESSANDRA/alessandra_extra_05.jpeg,/home/anitadonato/tcc/tcc/data/known_faces/ALESSANDRA/alessandra_moderada_frontal_30cm.jpeg,0.38011766218498416,1
/home/anitadonato/tcc/tcc/data/known_faces/ALESSANDRA/alessandra_extra_06.jpeg,/home/anitadonato/tcc/tcc/data/known_faces/ALESSANDRA/alessandra_extra_07.jpeg,0.1616151388841696,1
/home/anitadonato/tcc/tcc/data/known_faces/ALESSANDRA/alessandra_extra_06.jpeg,/home/anitadonato/tcc/tcc/data/known_faces/ALESSANDRA/alessandra_extra_08.jpeg,0.26557939465828495,1
/home/anitadonato/tcc/tcc/data/known_faces/ALESSANDRA/alessandra_extra_06.jpeg,/home/anitadonato/tcc/tcc/data/known_faces/ALESSANDRA/alessandra_moderada_45_1m.jpeg,0.3872392861090601,1
/home/anitadonato/tcc/tcc/data/known_faces/ALESSANDRA/alessandra_extra_06.jpeg,/home/anitadonato/tcc/tcc/data/known_faces/ALESSANDRA/alessandra_moderada_45_30cm.jpeg,0.4248477451599202,1
/home/anitadonato/tcc/tcc/data/known_faces/ALESSANDRA/alessandra_extra_06.jpeg,/home/anitadonato/tcc/tcc/data/known_faces/ALESSANDRA/alessandra_moderada_frontal_1m.jpeg,0.24361776944666813,1
/home/anitadonato/tcc/tcc/data/known_faces/ALESSANDRA/alessandra_extra_06.jpeg,/home/anitadonato/tcc/tcc/data/known_faces/ALESSANDRA/alessandra_moderada_frontal_30cm.jpeg,0.23487872664829326,1
/home/anitadonato/tcc/tcc/data/known_faces/ALESSANDRA/alessandra_extra_07.jpeg,/home/anitadonato/tcc/tcc/data/known_faces/ALESSANDRA/alessandra_extra_08.jpeg,0.26930538147663147,1
/home/anitadonato/tcc/tcc/data/known_faces/ALESSANDRA/alessandra_extra_07.jpeg,/home/anitadonato/tcc/tcc/data/known_faces/ALESSANDRA/alessandra_moderada_45_1m.jpeg,0.3760154808807582,1
/home/anitadonato/tcc/tcc/data/known_faces/ALESSANDRA/alessandra_extra_07.jpeg,/home/anitadonato/tcc/tcc/data/known_faces/ALESSANDRA/alessandra_moderada_45_30cm.jpeg,0.4057314441291476,1
/home/anitadonato/tcc/tcc/data/known_faces/ALESSANDRA/alessandra_extra_07.jpeg,/home/anitadonato/tcc/tcc/data/known_faces/ALESSANDRA/alessandra_moderada_frontal_1m.jpeg,0.2032431134813411,1
/home/anitadonato/tcc/tcc/data/known_faces/ALESSANDRA/alessandra_extra_07.jpeg,/home/anitadonato/tcc/tcc/data/known_faces/ALESSANDRA/alessandra_moderada_frontal_30cm.jpeg,0.20891940841398296,1
/home/anitadonato/tcc/tcc/data/known_faces/ALESSANDRA/alessandra_extra_08.jpeg,/home/anitadonato/tcc/tcc/data/known_faces/ALESSANDRA/alessandra_moderada_45_1m.jpeg,0.41433555961067736,1
/home/anitadonato/tcc/tcc/data/known_faces/ALESSANDRA/alessandra_extra_08.jpeg,/home/anitadonato/tcc/tcc/data/known_faces/ALESSANDRA/alessandra_moderada_45_30cm.jpeg,0.42524241640743393,1
/home/anitadonato/tcc/tcc/data/known_faces/ALESSANDRA/alessandra_extra_08.jpeg,/home/anitadonato/tcc/tcc/data/known_faces/ALESSANDRA/alessandra_moderada_frontal_1m.jpeg,0.26269385123645855,1
/home/anitadonato/tcc/tcc/data/known_faces/ALESSANDRA/alessandra_extra_08.jpeg,/home/anitadonato/tcc/tcc/data/known_faces/ALESSANDRA/alessandra_moderada_frontal_30cm.jpeg,0.2502954443203579,1
/home/anitadonato/tcc/tcc/data/known_faces/ALESSANDRA/alessandra_moderada_45_1m.jpeg,/home/anitadonato/tcc/tcc/data/known_faces/ALESSANDRA/alessandra_moderada_45_30cm.jpeg,0.18438145795691763,1
/home/anitadonato/tcc/tcc/data/known_faces/ALESSANDRA/alessandra_moderada_45_1m.jpeg,/home/anitadonato/tcc/tcc/data/known_faces/ALESSANDRA/alessandra_moderada_frontal_1m.jpeg,0.3765176833053556,1
/home/anitadonato/tcc/tcc/data/known_faces/ALESSANDRA/alessandra_moderada_45_1m.jpeg,/home/anitadonato/tcc/tcc/data/known_faces/ALESSANDRA/alessandra_moderada_frontal_30cm.jpeg,0.41150012343047454,1
/home/anitadonato/tcc/tcc/data/known_faces/ALESSANDRA/alessandra_moderada_45_30cm.jpeg,/home/anitadonato/tcc/tcc/data/known_faces/ALESSANDRA/alessandra_moderada_frontal_1m.jpeg,0.42326349536079655,1
/home/anitadonato/tcc/tcc/data/known_faces/ALESSANDRA/alessandra_moderada_45_30cm.jpeg,/home/anitadonato/tcc/tcc/data/known_faces/ALESSANDRA/alessandra_moderada_frontal_30cm.jpeg,0.43623964591626474,1
/home/anitadonato/tcc/tcc/data/known_faces/ALESSANDRA/alessandra_moderada_frontal_1m.jpeg,/home/anitadonato/tcc/tcc/data/known_faces/ALESSANDRA/alessandra_moderada_frontal_30cm.jpeg,0.17843391060566985,1
/home/anitadonato/tcc/tcc/data/known_faces/Abraão/abraao_baixa_45_dir.jpg,/home/anitadonato/tcc/tcc/data/known_faces/Abraão/abraao_baixa_45_esq.jpg,0.4353926607810386,1
/home/anitadonato/tcc/tcc/data/known_faces/Abraão/abraao_baixa_45_dir.jpg,/home/anitadonato/tcc/tcc/data/known_faces/Abraão/abraao_baixa_frontal.jpg,0.4162413928082885,1
/home/anitadonato/tcc/tcc/data/known_faces/Abraão/abraao_baixa_45_dir.jpg,/home/anitadonato/tcc/tcc/data/known_faces/Abraão/abraao_baixo_45_esq.jpg,0.4079680906084614,1
/home/anitadonato/tcc/tcc/data/known_faces/Abraão/abraao_baixa_45_dir.jpg,/home/anitadonato/tcc/tcc/data/known_faces/Abraão/abraao_boa_45_.jpg,0.42945798373202987,1
/home/anitadonato/tcc/tcc/data/known_faces/Abraão/abraao_baixa_45_dir.jpg,/home/anitadonato/tcc/tcc/data/known_faces/Abraão/abraao_boa_45_dir.jpg,0.4040829941286516,1
/home/anitadonato/tcc/tcc/data/known_faces/Abraão/abraao_baixa_45_dir.jpg,/home/anitadonato/tcc/tcc/data/known_faces/Abraão/abraao_boa_frontal.jpg,0.382083985873671,1
/home/anitadonato/tcc/tcc/data/known_faces/Abraão/abraao_baixa_45_dir.jpg,/home/anitadonato/tcc/tcc/data/known_faces/Abraão/abraao_extra_01.jpg,0.3779780520627303,1
/home/anitadonato/tcc/tcc/data/known_faces/Abraão/abraao_baixa_45_dir.jpg,/home/anitadonato/tcc/tcc/data/known_faces/Abraão/abraao_extra_02.jpg,0.4265946403435723,1
/home/anitadonato/tcc/tcc/data/known_faces/Abraão/abraao_baixa_45_dir.jpg,/home/anitadonato/tcc/tcc/data/known_faces/Abraão/abraao_extra_03.jpg,0.3845928638693591,1
/home/anitadonato/tcc/tcc/data/known_faces/Abraão/abraao_baixa_45_dir.jpg,/home/anitadonato/tcc/tcc/data/known_faces/Abraão/abraao_extra_04.jpg,0.42454119673917656,1
/home/anitadonato/tcc/tcc/data/known_faces/Abraão/abraao_baixa_45_dir.jpg,/home/anitadonato/tcc/tcc/data/known_faces/Abraão/abraao_extra_05.jpg,0.3825350459849461,1
/home/anitadonato/tcc/tcc/data/known_faces/Abraão/abraao_baixa_45_dir.jpg,/home/anitadonato/tcc/tcc/data/known_faces/Abraão/abraao_extra_06.jpg,0.3462156251997632,1
/home/anitadonato/tcc/tcc/data/known_faces/Abraão/abraao_baixa_45_dir.jpg,/home/anitadonato/tcc/tcc/data/known_faces/Abraão/abraao_extra_07.jpg,0.41293342567410646,1
/home/anitadonato/tcc/tcc/data/known_faces/Abraão/abraao_baixa_45_dir.jpg,/home/anitadonato/tcc/tcc/data/known_faces/Abraão/abraao_extra_08.jpg,0.3949667907683583,1
/home/anitadonato/tcc/tcc/data/known_faces/Abraão/abraao_baixa_45_dir.jpg,/home/anitadonato/tcc/tcc/data/known_faces/Abraão/abraao_extra_09.jpg,0.3439356154368714,1
/home/anitadonato/tcc/tcc/data/known_faces/Abraão/abraao_baixa_45_dir.jpg,/home/anitadonato/tcc/tcc/data/known_faces/Abraão/abraao_extra_10.jpg,0.431536966884955,1
/home/anitadonato/tcc/tcc/data/known_faces/Abraão/abraao_baixa_45_esq.jpg,/home/anitadonato/tcc/tcc/data/known_faces/Abraão/abraao_baixa_frontal.jpg,0.24345522850043316,1
/home/anitadonato/tcc/tcc/data/known_faces/Abraão/abraao_baixa_45_esq.jpg,/home/anitadonato/tcc/tcc/data/known_faces/Abraão/abraao_baixo_45_esq.jpg,0.31455398036727866,1
/home/anitadonato/tcc/tcc/data/known_faces/Abraão/abraao_baixa_45_esq.jpg,/home/anitadonato/tcc/tcc/data/known_faces/Abraão/abraao_boa_45_.jpg,0.3894417275841078,1
/home/anitadonato/tcc/tcc/data/known_faces/Abraão/abraao_baixa_45_esq.jpg,/home/anitadonato/tcc/tcc/data/known_faces/Abraão/abraao_boa_45_dir.jpg,0.3651114353348076,1
/home/anitadonato/tcc/tcc/data/known_faces/Abraão/abraao_baixa_45_esq.jpg,/home/anitadonato/tcc/tcc/data/known_faces/Abraão/abraao_boa_frontal.jpg,0.3131153620982474,1
/home/anitadonato/tcc/tcc/data/known_faces/Abraão/abraao_baixa_45_esq.jpg,/home/anitadonato/tcc/tcc/data/known_faces/Abraão/abraao_extra_01.jpg,0.33241364284939523,1
/home/anitadonato/tcc/tcc/data/known_faces/Abraão/abraao_baixa_45_esq.jpg,/home/anitadonato/tcc/tcc/data/known_faces/Abraão/abraao_extra_02.jpg,0.3326971956574587,1
/home/anitadonato/tcc/tcc/data/known_faces/Abraão/abraao_baixa_45_esq.jpg,/home/anitadonato/tcc/tcc/data/known_faces/Abraão/abraao_extra_03.jpg,0.2908015338930201,1
/home/anitadonato/tcc/tcc/data/known_faces/Abraão/abraao_baixa_45_esq.jpg,/home/anitadonato/tcc/tcc/data/known_faces/Abraão/abraao_extra_04.jpg,0.3052663499935991,1
/home/anitadonato/tcc/tcc/data/known_faces/Abraão/abraao_baixa_45_esq.jpg,/home/anitadonato/tcc/tcc/data/known_faces/Abraão/abraao_extra_05.jpg,0.34206803672603164,1
/home/anitadonato/tcc/tcc/data/known_faces/Abraão/abraao_baixa_45_esq.jpg,/home/anitadonato/tcc/tcc/data/known_faces/Abraão/abraao_extra_06.jpg,0.3196292923556153,1
/home/anitadonato/tcc/tcc/data/known_faces/Abraão/abraao_baixa_45_esq.jpg,/home/anitadonato/tcc/tcc/data/known_faces/Abraão/abraao_extra_07.jpg,0.33563580333018767,1
/home/anitadonato/tcc/tcc/data/known_faces/Abraão/abraao_baixa_45_esq.jpg,/home/anitadonato/tcc/tcc/data/known_faces/Abraão/abraao_extra_08.jpg,0.3141183468759298,1
/home/anitadonato/tcc/tcc/data/known_faces/Abraão/abraao_baixa_45_esq.jpg,/home/anitadonato/tcc/tcc/data/known_faces/Abraão/abraao_extra_09.jpg,0.3537048636827591,1
/home/anitadonato/tcc/tcc/data/known_faces/Abraão/abraao_baixa_45_esq.jpg,/home/anitadonato/tcc/tcc/data/known_faces/Abraão/abraao_extra_10.jpg,0.3829243556123259,1
/home/anitadonato/tcc/tcc/data/known_faces/Abraão/abraao_baixa_frontal.jpg,/home/anitadonato/tcc/tcc/data/known_faces/Abraão/abraao_baixo_45_esq.jpg,0.28905985141953605,1
/home/anitadonato/tcc/tcc/data/known_faces/Abraão/abraao_baixa_frontal.jpg,/home/anitadonato/tcc/tcc/data/known_faces/Abraão/abraao_boa_45_.jpg,0.3655296196119342,1
/home/anitadonato/tcc/tcc/data/known_faces/Abraão/abraao_baixa_frontal.jpg,/home/anitadonato/tcc/tcc/data/known_faces/Abraão/abraao_boa_45_dir.jpg,0.3442065300073104,1
/home/anitadonato/tcc/tcc/data/known_faces/Abraão/abraao_baixa_frontal.jpg,/home/anitadonato/tcc/tcc/data/known_faces/Abraão/abraao_boa_frontal.jpg,0.2856332273512833,1
/home/anitadonato/tcc/tcc/data/known_faces/Abraão/abraao_baixa_frontal.jpg,/home/anitadonato/tcc/tcc/data/known_faces/Abraão/abraao_extra_01.jpg,0.30771004674287283,1
/home/anitadonato/tcc/tcc/data/known_faces/Abraão/abraao_baixa_frontal.jpg,/home/anitadonato/tcc/tcc/data/known_faces/Abraão/abraao_extra_02.jpg,0.28992229689173293,1
/home/anitadonato/tcc/tcc/data/known_faces/Abraão/abraao_baixa_frontal.jpg,/home/anitadonato/tcc/tcc/data/known_faces/Abraão/abraao_extra_03.jpg,0.16264852324802218,1
/home/anitadonato/tcc/tcc/data/known_faces/Abraão/abraao_baixa_frontal.jpg,/home/anitadonato/tcc/tcc/data/known_faces/Abraão/abraao_extra_04.jpg,0.19970125993186755,1
/home/anitadonato/tcc/tcc/data/known_faces/Abraão/abraao_baixa_frontal.jpg,/home/anitadonato/tcc/tcc/data/known_faces/Abraão/abraao_extra_05.jpg,0.3014941414176034,1
/home/anitadonato/tcc/tcc/data/known_faces/Abraão/abraao_baixa_frontal.jpg,/home/anitadonato/tcc/tcc/data/known_faces/Abraão/abraao_extra_06.jpg,0.29514419395998764,1
/home/anitadonato/tcc/tcc/data/known_faces/Abraão/abraao_baixa_frontal.jpg,/home/anitadonato/tcc/tcc/data/known_faces/Abraão/abraao_extra_07.jpg,0.2568500288780695,1
/home/anitadonato/tcc/tcc/data/known_faces/Abraão/abraao_baixa_frontal.jpg,/home/anitadonato/tcc/tcc/data/known_faces/Abraão/abraao_extra_08.jpg,0.25201406090060574,1
/home/anitadonato/tcc/tcc/data/known_faces/Abraão/abraao_baixa_frontal.jpg,/home/anitadonato/tcc/tcc/data/known_faces/Abraão/abraao_extra_09.jpg,0.33066410188115075,1
/home/anitadonato/tcc/tcc/data/known_faces/Abraão/abraao_baixa_frontal.jpg,/home/anitadonato/tcc/tcc/data/known_faces/Abraão/abraao_extra_10.jpg,0.334555475386611,1
/home/anitadonato/tcc/tcc/data/known_faces/Abraão/abraao_baixo_45_esq.jpg,/home/anitadonato/tcc/tcc/data/known_faces/Abraão/abraao_boa_45_.jpg,0.34134309981404487,1
/home/anitadonato/tcc/tcc/data/known_faces/Abraão/abraao_baixo_45_esq.jpg,/home/anitadonato/tcc/tcc/data/known_faces/Abraão/abraao_boa_45_dir.jpg,0.3298959256056259,1
/home/anitadonato/tcc/tcc/data/known_faces/Abraão/abraao_baixo_45_esq.jpg,/home/anitadonato/tcc/tcc/data/known_faces/Abraão/abraao_boa_frontal.jpg,0.3036444478234581,1
/home/anitadonato/tcc/tcc/data/known_faces/Abraão/abraao_baixo_45_esq.jpg,/home/anitadonato/tcc/tcc/data/known_faces/Abraão/abraao_extra_01.jpg,0.3244842194417988,1
/home/anitadonato/tcc/tcc/data/known_faces/Abraão/abraao_baixo_45_esq.jpg,/home/anitadonato/tcc/tcc/data/known_faces/Abraão/abraao_extra_02.jpg,0.33375667999493575,1
/home/anitadonato/tcc/tcc/data/known_faces/Abraão/abraao_baixo_45_esq.jpg,/home/anitadonato/tcc/tcc/data/known_faces/Abraão/abraao_extra_03.jpg,0.3040223426322535,1
/home/anitadonato/tcc/tcc/data/known_faces/Abraão/abraao_baixo_45_esq.jpg,/home/anitadonato/tcc/tcc/data/known_faces/Abraão/abraao_extra_04.jpg,0.33496778701535507,1
/home/anitadonato/tcc/tcc/data/known_faces/Abraão/abraao_baixo_45_esq.jpg,/home/anitadonato/tcc/tcc/data/known_faces/Abraão/abraao_extra_05.jpg,0.31032417345461605,1
/home/anitadonato/tcc/tcc/data/known_faces/Abraão/abraao_baixo_45_esq.jpg,/home/anitadonato/tcc/tcc/data/known_faces/Abraão/abraao_extra_06.jpg,0.2888135323175119,1
/home/anitadonato/tcc/tcc/data/known_faces/Abraão/abraao_baixo_45_esq.jpg,/home/anitadonato/tcc/tcc/data/known_faces/Abraão/abraao_extra_07.jpg,0.3302579037890802,1
/home/anitadonato/tcc/tcc/data/known_faces/Abraão/abraao_baixo_45_esq.jpg,/home/anitadonato/tcc/tcc/data/known_faces/Abraão/abraao_extra_08.jpg,0.3364372206846466,1
/home/anitadonato/tcc/tcc/data/known_faces/Abraão/abraao_baixo_45_esq.jpg,/home/anitadonato/tcc/tcc/data/known_faces/Abraão/abraao_extra_09.jpg,0.3396301229725593,1
/home/anitadonato/tcc/tcc/data/known_faces/Abraão/abraao_baixo_45_esq.jpg,/home/anitadonato/tcc/tcc/data/known_faces/Abraão/abraao_extra_10.jpg,0.34980917787490495,1
/home/anitadonato/tcc/tcc/data/known_faces/Abraão/abraao_boa_45_.jpg,/home/anitadonato/tcc/tcc/data/known_faces/Abraão/abraao_boa_45_dir.jpg,0.3432267500595449,1
/home/anitadonato/tcc/tcc/data/known_faces/Abraão/abraao_boa_45_.jpg,/home/anitadonato/tcc/tcc/data/known_faces/Abraão/abraao_boa_frontal.jpg,0.3090241003436715,1
/home/anitadonato/tcc/tcc/data/known_faces/Abraão/abraao_boa_45_.jpg,/home/anitadonato/tcc/tcc/data/known_faces/Abraão/abraao_extra_01.jpg,0.3817780377489064,1
/home/anitadonato/tcc/tcc/data/known_faces/Abraão/abraao_boa_45_.jpg,/home/anitadonato/tcc/tcc/data/known_faces/Abraão/abraao_extra_02.jpg,0.41253178149599584,1
/home/anitadonato/tcc/tcc/data/known_faces/Abraão/abraao_boa_45_.jpg,/home/anitadonato/tcc/tcc/data/known_faces/Abraão/abraao_extra_03.jpg,0.3508717982698215,1
/home/anitadonato/tcc/tcc/data/known_faces/Abraão/abraao_boa_45_.jpg,/home/anitadonato/tcc/tcc/data/known_faces/Abraão/abraao_extra_04.jpg,0.3455145793609968,1
/home/anitadonato/tcc/tcc/data/known_faces/Abraão/abraao_boa_45_.jpg,/home/anitadonato/tcc/tcc/data/known_faces/Abraão/abraao_extra_05.jpg,0.37482667922960927,1
/home/anitadonato/tcc/tcc/data/known_faces/Abraão/abraao_boa_45_.jpg,/home/anitadonato/tcc/tcc/data/known_faces/Abraão/abraao_extra_06.jpg,0.3076487670605408,1
/home/anitadonato/tcc/tcc/data/known_faces/Abraão/abraao_boa_45_.jpg,/home/anitadonato/tcc/tcc/data/known_faces/Abraão/abraao_extra_07.jpg,0.37500942382828545,1
/home/anitadonato/tcc/tcc/data/known_faces/Abraão/abraao_boa_45_.jpg,/home/anitadonato/tcc/tcc/data/known_faces/Abraão/abraao_extra_08.jpg,0.3570348379999869,1
/home/anitadonato/tcc/tcc/data/known_faces/Abraão/abraao_boa_45_.jpg,/home/anitadonato/tcc/tcc/data/known_faces/Abraão/abraao_extra_09.jpg,0.30548791788798585,1
/home/anitadonato/tcc/tcc/data/known_faces/Abraão/abraao_boa_45_.jpg,/home/anitadonato/tcc/tcc/data/known_faces/Abraão/abraao_extra_10.jpg,0.3965534234613038,1
/home/anitadonato/tcc/tcc/data/known_faces/Abraão/abraao_boa_45_dir.jpg,/home/anitadonato/tcc/tcc/data/known_faces/Abraão/abraao_boa_frontal.jpg,0.1976749144996096,1
/home/anitadonato/tcc/tcc/data/known_faces/Abraão/abraao_boa_45_dir.jpg,/home/anitadonato/tcc/tcc/data/known_faces/Abraão/abraao_extra_01.jpg,0.3809309375984551,1
/home/anitadonato/tcc/tcc/data/known_faces/Abraão/abraao_boa_45_dir.jpg,/home/anitadonato/tcc/tcc/data/known_faces/Abraão/abraao_extra_02.jpg,0.3836397298315717,1
/home/anitadonato/tcc/tcc/data/known_faces/Abraão/abraao_boa_45_dir.jpg,/home/anitadonato/tcc/tcc/data/known_faces/Abraão/abraao_extra_03.jpg,0.3679055392238444,1
/home/anitadonato/tcc/tcc/data/known_faces/Abraão/abraao_boa_45_dir.jpg,/home/anitadonato/tcc/tcc/data/known_faces/Abraão/abraao_extra_04.jpg,0.3521156885801199,1
/home/anitadonato/tcc/tcc/data/known_faces/Abraão/abraao_boa_45_dir.jpg,/home/anitadonato/tcc/tcc/data/known_faces/Abraão/abraao_extra_05.jpg,0.3229123144230165,1
/home/anitadonato/tcc/tcc/data/known_faces/Abraão/abraao_boa_45_dir.jpg,/home/anitadonato/tcc/tcc/data/known_faces/Abraão/abraao_extra_06.jpg,0.21514280518089765,1
/home/anitadonato/tcc/tcc/data/known_faces/Abraão/abraao_boa_45_dir.jpg,/home/anitadonato/tcc/tcc/data/known_faces/Abraão/abraao_extra_07.jpg,0.29365274712652367,1
/home/anitadonato/tcc/tcc/data/known_faces/Abraão/abraao_boa_45_dir.jpg,/home/anitadonato/tcc/tcc/data/known_faces/Abraão/abraao_extra_08.jpg,0.2935502068970893,1
/home/anitadonato/tcc/tcc/data/known_faces/Abraão/abraao_boa_45_dir.jpg,/home/anitadonato/tcc/tcc/data/known_faces/Abraão/abraao_extra_09.jpg,0.33925182233003204,1
/home/anitadonato/tcc/tcc/data/known_faces/Abraão/abraao_boa_45_dir.jpg,/home/anitadonato/tcc/tcc/data/known_faces/Abraão/abraao_extra_10.jpg,0.2859120566773356,1
/home/anitadonato/tcc/tcc/data/known_faces/Abraão/abraao_boa_frontal.jpg,/home/anitadonato/tcc/tcc/data/known_faces/Abraão/abraao_extra_01.jpg,0.3354900306029915,1
/home/anitadonato/tcc/tcc/data/known_faces/Abraão/abraao_boa_frontal.jpg,/home/anitadonato/tcc/tcc/data/known_faces/Abraão/abraao_extra_02.jpg,0.3273544938226475,1
/home/anitadonato/tcc/tcc/data/known_faces/Abraão/abraao_boa_frontal.jpg,/home/anitadonato/tcc/tcc/data/known_faces/Abraão/abraao_extra_03.jpg,0.32125138091334365,1
/home/anitadonato/tcc/tcc/data/known_faces/Abraão/abraao_boa_frontal.jpg,/home/anitadonato/tcc/tcc/data/known_faces/Abraão/abraao_extra_04.jpg,0.3027302471011624,1
/home/anitadonato/tcc/tcc/data/known_faces/Abraão/abraao_boa_frontal.jpg,/home/anitadonato/tcc/tcc/data/known_faces/Abraão/abraao_extra_05.jpg,0.29946840559263627,1
/home/anitadonato/tcc/tcc/data/known_faces/Abraão/abraao_boa_frontal.jpg,/home/anitadonato/tcc/tcc/data/known_faces/Abraão/abraao_extra_06.jpg,0.1368173777739076,1
/home/anitadonato/tcc/tcc/data/known_faces/Abraão/abraao_boa_frontal.jpg,/home/anitadonato/tcc/tcc/data/known_faces/Abraão/abraao_extra_07.jpg,0.25542568320912584,1
/home/anitadonato/tcc/tcc/data/known_faces/Abraão/abraao_boa_frontal.jpg,/home/anitadonato/tcc/tcc/data/known_faces/Abraão/abraao_extra_08.jpg,0.2459581524417455,1
/home/anitadonato/tcc/tcc/data/known_faces/Abraão/abraao_boa_frontal.jpg,/home/anitadonato/tcc/tcc/data/known_faces/Abraão/abraao_extra_09.jpg,0.27093113857349366,1
/home/anitadonato/tcc/tcc/data/known_faces/Abraão/abraao_boa_frontal.jpg,/home/anitadonato/tcc/tcc/data/known_faces/Abraão/abraao_extra_10.jpg,0.23930760152797517,1
/home/anitadonato/tcc/tcc/data/known_faces/Abraão/abraao_extra_01.jpg,/home/anitadonato/tcc/tcc/data/known_faces/Abraão/abraao_extra_02.jpg,0.28281259627783906,1
/home/anitadonato/tcc/tcc/data/known_faces/Abraão/abraao_extra_01.jpg,/home/anitadonato/tcc/tcc/data/known_faces/Abraão/abraao_extra_03.jpg,0.28967619807508066,1
/home/anitadonato/tcc/tcc/data/known_faces/Abraão/abraao_extra_01.jpg,/home/anitadonato/tcc/tcc/data/known_faces/Abraão/abraao_extra_04.jpg,0.311728878858838,1
/home/anitadonato/tcc/tcc/data/known_faces/Abraão/abraao_extra_01.jpg,/home/anitadonato/tcc/tcc/data/known_faces/Abraão/abraao_extra_05.jpg,0.3305830440020804,1
/home/anitadonato/tcc/tcc/data/known_faces/Abraão/abraao_extra_01.jpg,/home/anitadonato/tcc/tcc/data/known_faces/Abraão/abraao_extra_06.jpg,0.3385342049742361,1
/home/anitadonato/tcc/tcc/data/known_faces/Abraão/abraao_extra_01.jpg,/home/anitadonato/tcc/tcc/data/known_faces/Abraão/abraao_extra_07.jpg,0.37145383111391317,1
/home/anitadonato/tcc/tcc/data/known_faces/Abraão/abraao_extra_01.jpg,/home/anitadonato/tcc/tcc/data/known_faces/Abraão/abraao_extra_08.jpg,0.37532350413245225,1
/home/anitadonato/tcc/tcc/data/known_faces/Abraão/abraao_extra_01.jpg,/home/anitadonato/tcc/tcc/data/known_faces/Abraão/abraao_extra_09.jpg,0.37998179477519256,1
/home/anitadonato/tcc/tcc/data/known_faces/Abraão/abraao_extra_01.jpg,/home/anitadonato/tcc/tcc/data/known_faces/Abraão/abraao_extra_10.jpg,0.3817491989082676,1
/home/anitadonato/tcc/tcc/data/known_faces/Abraão/abraao_extra_02.jpg,/home/anitadonato/tcc/tcc/data/known_faces/Abraão/abraao_extra_03.jpg,0.29768341008847005,1
/home/anitadonato/tcc/tcc/data/known_faces/Abraão/abraao_extra_02.jpg,/home/anitadonato/tcc/tcc/data/known_faces/Abraão/abraao_extra_04.jpg,0.3283219899570444,1
/home/anitadonato/tcc/tcc/data/known_faces/Abraão/abraao_extra_02.jpg,/home/anitadonato/tcc/tcc/data/known_faces/Abraão/abraao_extra_05.jpg,0.33187632001985357,1
/home/anitadonato/tcc/tcc/data/known_faces/Abraão/abraao_extra_02.jpg,/home/anitadonato/tcc/tcc/data/known_faces/Abraão/abraao_extra_06.jpg,0.32895516527553326,1
/home/anitadonato/tcc/tcc/data/known_faces/Abraão/abraao_extra_02.jpg,/home/anitadonato/tcc/tcc/data/known_faces/Abraão/abraao_extra_07.jpg,0.36980323123260445,1
/home/anitadonato/tcc/tcc/data/known_faces/Abraão/abraao_extra_02.jpg,/home/anitadonato/tcc/tcc/data/known_faces/Abraão/abraao_extra_08.jpg,0.3778655140437722,1
/home/anitadonato/tcc/tcc/data/known_faces/Abraão/abraao_extra_02.jpg,/home/anitadonato/tcc/tcc/data/known_faces/Abraão/abraao_extra_09.jpg,0.3988717363405634,1
/home/anitadonato/tcc/tcc/data/known_faces/Abraão/abraao_extra_02.jpg,/home/anitadonato/tcc/tcc/data/known_faces/Abraão/abraao_extra_10.jpg,0.4150400492648662,1
/home/anitadonato/tcc/tcc/data/known_faces/Abraão/abraao_extra_03.jpg,/home/anitadonato/tcc/tcc/data/known_faces/Abraão/abraao_extra_04.jpg,0.21261394410539441,1
/home/anitadonato/tcc/tcc/data/known_faces/Abraão/abraao_extra_03.jpg,/home/anitadonato/tcc/tcc/data/known_faces/Abraão/abraao_extra_05.jpg,0.322605602756948,1
/home/anitadonato/tcc/tcc/data/known_faces/Abraão/abraao_extra_03.jpg,/home/anitadonato/tcc/tcc/data/known_faces/Abraão/abraao_extra_06.jpg,0.3071496317246899,1
/home/anitadonato/tcc/tcc/data/known_faces/Abraão/abraao_extra_03.jpg,/home/anitadonato/tcc/tcc/data/known_faces/Abraão/abraao_extra_07.jpg,0.32115551588841473,1
/home/anitadonato/tcc/tcc/data/known_faces/Abraão/abraao_extra_03.jpg,/home/anitadonato/tcc/tcc/data/known_faces/Abraão/abraao_extra_08.jpg,0.30738721415430437,1
/home/anitadonato/tcc/tcc/data/known_faces/Abraão/abraao_extra_03.jpg,/home/anitadonato/tcc/tcc/data/known_faces/Abraão/abraao_extra_09.jpg,0.3460843806386022,1
/home/anitadonato/tcc/tcc/data/known_faces/Abraão/abraao_extra_03.jpg,/home/anitadonato/tcc/tcc/data/known_faces/Abraão/abraao_extra_10.jpg,0.39080309640882116,1
/home/anitadonato/tcc/tcc/data/known_faces/Abraão/abraao_extra_04.jpg,/home/anitadonato/tcc/tcc/data/known_faces/Abraão/abraao_extra_05.jpg,0.3175387075409689,1
/home/anitadonato/tcc/tcc/data/known_faces/Abraão/abraao_extra_04.jpg,/home/anitadonato/tcc/tcc/data/known_faces/Abraão/abraao_extra_06.jpg,0.3150016723364766,1
/home/anitadonato/tcc/tcc/data/known_faces/Abraão/abraao_extra_04.jpg,/home/anitadonato/tcc/tcc/data/known_faces/Abraão/abraao_extra_07.jpg,0.2776507123044826,1
/home/anitadonato/tcc/tcc/data/known_faces/Abraão/abraao_extra_04.jpg,/home/anitadonato/tcc/tcc/data/known_faces/Abraão/abraao_extra_08.jpg,0.2658999178799324,1
/home/anitadonato/tcc/tcc/data/known_faces/Abraão/abraao_extra_04.jpg,/home/anitadonato/tcc/tcc/data/known_faces/Abraão/abraao_extra_09.jpg,0.34463826112444335,1
/home/anitadonato/tcc/tcc/data/known_faces/Abraão/abraao_extra_04.jpg,/home/anitadonato/tcc/tcc/data/known_faces/Abraão/abraao_extra_10.jpg,0.3440651966057235,1
/home/anitadonato/tcc/tcc/data/known_faces/Abraão/abraao_extra_05.jpg,/home/anitadonato/tcc/tcc/data/known_faces/Abraão/abraao_extra_06.jpg,0.28519490583748014,1
/home/anitadonato/tcc/tcc/data/known_faces/Abraão/abraao_extra_05.jpg,/home/anitadonato/tcc/tcc/data/known_faces/Abraão/abraao_extra_07.jpg,0.29832697553191156,1
/home/anitadonato/tcc/tcc/data/known_faces/Abraão/abraao_extra_05.jpg,/home/anitadonato/tcc/tcc/data/known_faces/Abraão/abraao_extra_08.jpg,0.302625720925978,1
/home/anitadonato/tcc/tcc/data/known_faces/Abraão/abraao_extra_05.jpg,/home/anitadonato/tcc/tcc/data/known_faces/Abraão/abraao_extra_09.jpg,0.35655992223109395,1
/home/anitadonato/tcc/tcc/data/known_faces/Abraão/abraao_extra_05.jpg,/home/anitadonato/tcc/tcc/data/known_faces/Abraão/abraao_extra_10.jpg,0.3753110280377163,1
/home/anitadonato/tcc/tcc/data/known_faces/Abraão/abraao_extra_06.jpg,/home/anitadonato/tcc/tcc/data/known_faces/Abraão/abraao_extra_07.jpg,0.27435354064462475,1
/home/anitadonato/tcc/tcc/data/known_faces/Abraão/abraao_extra_06.jpg,/home/anitadonato/tcc/tcc/data/known_faces/Abraão/abraao_extra_08.jpg,0.24806435943673416,1
/home/anitadonato/tcc/tcc/data/known_faces/Abraão/abraao_extra_06.jpg,/home/anitadonato/tcc/tcc/data/known_faces/Abraão/abraao_extra_09.jpg,0.2723497332960662,1
/home/anitadonato/tcc/tcc/data/known_faces/Abraão/abraao_extra_06.jpg,/home/anitadonato/tcc/tcc/data/known_faces/Abraão/abraao_extra_10.jpg,0.2788907336958914,1
/home/anitadonato/tcc/tcc/data/known_faces/Abraão/abraao_extra_07.jpg,/home/anitadonato/tcc/tcc/data/known_faces/Abraão/abraao_extra_08.jpg,0.14036888773138412,1
/home/anitadonato/tcc/tcc/data/known_faces/Abraão/abraao_extra_07.jpg,/home/anitadonato/tcc/tcc/data/known_faces/Abraão/abraao_extra_09.jpg,0.29569953352906386,1
/home/anitadonato/tcc/tcc/data/known_faces/Abraão/abraao_extra_07.jpg,/home/anitadonato/tcc/tcc/data/known_faces/Abraão/abraao_extra_10.jpg,0.2250636451676917,1
/home/anitadonato/tcc/tcc/data/known_faces/Abraão/abraao_extra_08.jpg,/home/anitadonato/tcc/tcc/data/known_faces/Abraão/abraao_extra_09.jpg,0.24349324549300783,1
/home/anitadonato/tcc/tcc/data/known_faces/Abraão/abraao_extra_08.jpg,/home/anitadonato/tcc/tcc/data/known_faces/Abraão/abraao_extra_10.jpg,0.24096023860413254,1
/home/anitadonato/tcc/tcc/data/known_faces/Abraão/abraao_extra_09.jpg,/home/anitadonato/tcc/tcc/data/known_faces/Abraão/abraao_extra_10.jpg,0.31800486638748204,1
/home/anitadonato/tcc/tcc/data/known_faces/Angela/20260602_192040.jpg,/home/anitadonato/tcc/tcc/data/known_faces/Angela/angela_baixa_45_esq.jpg,0.37019511285125845,1
/home/anitadonato/tcc/tcc/data/known_faces/Angela/20260602_192040.jpg,/home/anitadonato/tcc/tcc/data/known_faces/Angela/angela_baixa_frontal.jpg,0.3565385901195907,1
/home/anitadonato/tcc/tcc/data/known_faces/Angela/20260602_192040.jpg,/home/anitadonato/tcc/tcc/data/known_faces/Angela/angela_boa_45_dir.jpg,0.435570380083204,1
/home/anitadonato/tcc/tcc/data/known_faces/Angela/20260602_192040.jpg,/home/anitadonato/tcc/tcc/data/known_faces/Angela/angela_boa_45_esq.jpg,0.411170781900362,1
/home/anitadonato/tcc/tcc/data/known_faces/Angela/20260602_192040.jpg,/home/anitadonato/tcc/tcc/data/known_faces/Angela/angela_boa_frontal.jpg,0.366339810899947,1
/home/anitadonato/tcc/tcc/data/known_faces/Angela/20260602_192040.jpg,/home/anitadonato/tcc/tcc/data/known_faces/Angela/angela_extra_01.jpg,0.38615742924730384,1
/home/anitadonato/tcc/tcc/data/known_faces/Angela/20260602_192040.jpg,/home/anitadonato/tcc/tcc/data/known_faces/Angela/angela_extra_02.jpg,0.430989126941767,1
/home/anitadonato/tcc/tcc/data/known_faces/Angela/20260602_192040.jpg,/home/anitadonato/tcc/tcc/data/known_faces/Angela/angela_extra_03.jpg,0.425129360806297,1
/home/anitadonato/tcc/tcc/data/known_faces/Angela/20260602_192040.jpg,/home/anitadonato/tcc/tcc/data/known_faces/Angela/angela_extra_04.jpg,0.41587800793448404,1
/home/anitadonato/tcc/tcc/data/known_faces/Angela/20260602_192040.jpg,/home/anitadonato/tcc/tcc/data/known_faces/Angela/angela_extra_05.jpg,0.44034099507744284,1
/home/anitadonato/tcc/tcc/data/known_faces/Angela/20260602_192040.jpg,/home/anitadonato/tcc/tcc/data/known_faces/Angela/angela_extra_06.jpg,0.3784574076133499,1
/home/anitadonato/tcc/tcc/data/known_faces/Angela/20260602_192040.jpg,/home/anitadonato/tcc/tcc/data/known_faces/Angela/angela_extra_07.jpg,0.41040868191002916,1
/home/anitadonato/tcc/tcc/data/known_faces/Angela/20260602_192040.jpg,/home/anitadonato/tcc/tcc/data/known_faces/Angela/angela_extra_08.jpg,0.36955648856881484,1
/home/anitadonato/tcc/tcc/data/known_faces/Angela/20260602_192040.jpg,/home/anitadonato/tcc/tcc/data/known_faces/Angela/angela_extra_09.jpg,0.37382652462229743,1
/home/anitadonato/tcc/tcc/data/known_faces/Angela/20260602_192040.jpg,/home/anitadonato/tcc/tcc/data/known_faces/Angela/angela_extra_10.jpg,0.43306377292524684,1
/home/anitadonato/tcc/tcc/data/known_faces/Angela/20260602_192040.jpg,/home/anitadonato/tcc/tcc/data/known_faces/Angela/angela_extra_11.jpg,0.38202350305905725,1
/home/anitadonato/tcc/tcc/data/known_faces/Angela/20260602_192040.jpg,/home/anitadonato/tcc/tcc/data/known_faces/Angela/angela_extra_12.jpg,0.3736776719837901,1
/home/anitadonato/tcc/tcc/data/known_faces/Angela/20260602_192040.jpg,/home/anitadonato/tcc/tcc/data/known_faces/Angela/angela_extra_13.jpg,0.3468371388682804,1
/home/anitadonato/tcc/tcc/data/known_faces/Angela/angela_baixa_45_esq.jpg,/home/anitadonato/tcc/tcc/data/known_faces/Angela/angela_baixa_frontal.jpg,0.2430195746024628,1
/home/anitadonato/tcc/tcc/data/known_faces/Angela/angela_baixa_45_esq.jpg,/home/anitadonato/tcc/tcc/data/known_faces/Angela/angela_boa_45_dir.jpg,0.39146408363778634,1
/home/anitadonato/tcc/tcc/data/known_faces/Angela/angela_baixa_45_esq.jpg,/home/anitadonato/tcc/tcc/data/known_faces/Angela/angela_boa_45_esq.jpg,0.34042197017645515,1
/home/anitadonato/tcc/tcc/data/known_faces/Angela/angela_baixa_45_esq.jpg,/home/anitadonato/tcc/tcc/data/known_faces/Angela/angela_boa_frontal.jpg,0.358466123077054,1
/home/anitadonato/tcc/tcc/data/known_faces/Angela/angela_baixa_45_esq.jpg,/home/anitadonato/tcc/tcc/data/known_faces/Angela/angela_extra_01.jpg,0.3001699613599869,1
/home/anitadonato/tcc/tcc/data/known_faces/Angela/angela_baixa_45_esq.jpg,/home/anitadonato/tcc/tcc/data/known_faces/Angela/angela_extra_02.jpg,0.39464399906613723,1
/home/anitadonato/tcc/tcc/data/known_faces/Angela/angela_baixa_45_esq.jpg,/home/anitadonato/tcc/tcc/data/known_faces/Angela/angela_extra_03.jpg,0.38812273427708677,1
/home/anitadonato/tcc/tcc/data/known_faces/Angela/angela_baixa_45_esq.jpg,/home/anitadonato/tcc/tcc/data/known_faces/Angela/angela_extra_04.jpg,0.40373745130911365,1
/home/anitadonato/tcc/tcc/data/known_faces/Angela/angela_baixa_45_esq.jpg,/home/anitadonato/tcc/tcc/data/known_faces/Angela/angela_extra_05.jpg,0.439207056697649,1
/home/anitadonato/tcc/tcc/data/known_faces/Angela/angela_baixa_45_esq.jpg,/home/anitadonato/tcc/tcc/data/known_faces/Angela/angela_extra_06.jpg,0.43773235596766175,1
/home/anitadonato/tcc/tcc/data/known_faces/Angela/angela_baixa_45_esq.jpg,/home/anitadonato/tcc/tcc/data/known_faces/Angela/angela_extra_07.jpg,0.4367634529834308,1
/home/anitadonato/tcc/tcc/data/known_faces/Angela/angela_baixa_45_esq.jpg,/home/anitadonato/tcc/tcc/data/known_faces/Angela/angela_extra_08.jpg,0.41812895607037553,1
/home/anitadonato/tcc/tcc/data/known_faces/Angela/angela_baixa_45_esq.jpg,/home/anitadonato/tcc/tcc/data/known_faces/Angela/angela_extra_09.jpg,0.35200054652801405,1
/home/anitadonato/tcc/tcc/data/known_faces/Angela/angela_baixa_45_esq.jpg,/home/anitadonato/tcc/tcc/data/known_faces/Angela/angela_extra_10.jpg,0.37764834172998935,1
/home/anitadonato/tcc/tcc/data/known_faces/Angela/angela_baixa_45_esq.jpg,/home/anitadonato/tcc/tcc/data/known_faces/Angela/angela_extra_11.jpg,0.2891781891573036,1
/home/anitadonato/tcc/tcc/data/known_faces/Angela/angela_baixa_45_esq.jpg,/home/anitadonato/tcc/tcc/data/known_faces/Angela/angela_extra_12.jpg,0.187022417710203,1
/home/anitadonato/tcc/tcc/data/known_faces/Angela/angela_baixa_45_esq.jpg,/home/anitadonato/tcc/tcc/data/known_faces/Angela/angela_extra_13.jpg,0.37111262915123394,1
/home/anitadonato/tcc/tcc/data/known_faces/Angela/angela_baixa_frontal.jpg,/home/anitadonato/tcc/tcc/data/known_faces/Angela/angela_boa_45_dir.jpg,0.39177197881207065,1
/home/anitadonato/tcc/tcc/data/known_faces/Angela/angela_baixa_frontal.jpg,/home/anitadonato/tcc/tcc/data/known_faces/Angela/angela_boa_45_esq.jpg,0.327281252859357,1
/home/anitadonato/tcc/tcc/data/known_faces/Angela/angela_baixa_frontal.jpg,/home/anitadonato/tcc/tcc/data/known_faces/Angela/angela_boa_frontal.jpg,0.2998333926939353,1
/home/anitadonato/tcc/tcc/data/known_faces/Angela/angela_baixa_frontal.jpg,/home/anitadonato/tcc/tcc/data/known_faces/Angela/angela_extra_01.jpg,0.22824087741328933,1
/home/anitadonato/tcc/tcc/data/known_faces/Angela/angela_baixa_frontal.jpg,/home/anitadonato/tcc/tcc/data/known_faces/Angela/angela_extra_02.jpg,0.29960616125481,1
/home/anitadonato/tcc/tcc/data/known_faces/Angela/angela_baixa_frontal.jpg,/home/anitadonato/tcc/tcc/data/known_faces/Angela/angela_extra_03.jpg,0.2896513512368785,1
/home/anitadonato/tcc/tcc/data/known_faces/Angela/angela_baixa_frontal.jpg,/home/anitadonato/tcc/tcc/data/known_faces/Angela/angela_extra_04.jpg,0.33930796326866686,1
/home/anitadonato/tcc/tcc/data/known_faces/Angela/angela_baixa_frontal.jpg,/home/anitadonato/tcc/tcc/data/known_faces/Angela/angela_extra_05.jpg,0.35540185135251173,1
/home/anitadonato/tcc/tcc/data/known_faces/Angela/angela_baixa_frontal.jpg,/home/anitadonato/tcc/tcc/data/known_faces/Angela/angela_extra_06.jpg,0.42702942466086274,1
/home/anitadonato/tcc/tcc/data/known_faces/Angela/angela_baixa_frontal.jpg,/home/anitadonato/tcc/tcc/data/known_faces/Angela/angela_extra_07.jpg,0.43061632197323235,1
/home/anitadonato/tcc/tcc/data/known_faces/Angela/angela_baixa_frontal.jpg,/home/anitadonato/tcc/tcc/data/known_faces/Angela/angela_extra_08.jpg,0.37906660598624264,1
/home/anitadonato/tcc/tcc/data/known_faces/Angela/angela_baixa_frontal.jpg,/home/anitadonato/tcc/tcc/data/known_faces/Angela/angela_extra_09.jpg,0.3659991641884014,1
/home/anitadonato/tcc/tcc/data/known_faces/Angela/angela_baixa_frontal.jpg,/home/anitadonato/tcc/tcc/data/known_faces/Angela/angela_extra_10.jpg,0.301358256586889,1
/home/anitadonato/tcc/tcc/data/known_faces/Angela/angela_baixa_frontal.jpg,/home/anitadonato/tcc/tcc/data/known_faces/Angela/angela_extra_11.jpg,0.2165550145615502,1
/home/anitadonato/tcc/tcc/data/known_faces/Angela/angela_baixa_frontal.jpg,/home/anitadonato/tcc/tcc/data/known_faces/Angela/angela_extra_12.jpg,0.18835609248256344,1
/home/anitadonato/tcc/tcc/data/known_faces/Angela/angela_baixa_frontal.jpg,/home/anitadonato/tcc/tcc/data/known_faces/Angela/angela_extra_13.jpg,0.340246378852206,1
/home/anitadonato/tcc/tcc/data/known_faces/Angela/angela_boa_45_dir.jpg,/home/anitadonato/tcc/tcc/data/known_faces/Angela/angela_boa_45_esq.jpg,0.377741893457846,1
/home/anitadonato/tcc/tcc/data/known_faces/Angela/angela_boa_45_dir.jpg,/home/anitadonato/tcc/tcc/data/known_faces/Angela/angela_boa_frontal.jpg,0.30184558022094293,1
/home/anitadonato/tcc/tcc/data/known_faces/Angela/angela_boa_45_dir.jpg,/home/anitadonato/tcc/tcc/data/known_faces/Angela/angela_extra_01.jpg,0.3969351367708169,1
/home/anitadonato/tcc/tcc/data/known_faces/Angela/angela_boa_45_dir.jpg,/home/anitadonato/tcc/tcc/data/known_faces/Angela/angela_extra_02.jpg,0.3986682574199261,1
/home/anitadonato/tcc/tcc/data/known_faces/Angela/angela_boa_45_dir.jpg,/home/anitadonato/tcc/tcc/data/known_faces/Angela/angela_extra_03.jpg,0.3958546371384298,1
/home/anitadonato/tcc/tcc/data/known_faces/Angela/angela_boa_45_dir.jpg,/home/anitadonato/tcc/tcc/data/known_faces/Angela/angela_extra_04.jpg,0.39943864284344427,1
/home/anitadonato/tcc/tcc/data/known_faces/Angela/angela_boa_45_dir.jpg,/home/anitadonato/tcc/tcc/data/known_faces/Angela/angela_extra_05.jpg,0.43275062355797433,1
/home/anitadonato/tcc/tcc/data/known_faces/Angela/angela_boa_45_dir.jpg,/home/anitadonato/tcc/tcc/data/known_faces/Angela/angela_extra_06.jpg,0.44383377306019145,1
/home/anitadonato/tcc/tcc/data/known_faces/Angela/angela_boa_45_dir.jpg,/home/anitadonato/tcc/tcc/data/known_faces/Angela/angela_extra_07.jpg,0.4690037224017213,1
/home/anitadonato/tcc/tcc/data/known_faces/Angela/angela_boa_45_dir.jpg,/home/anitadonato/tcc/tcc/data/known_faces/Angela/angela_extra_08.jpg,0.4316030811818532,1
/home/anitadonato/tcc/tcc/data/known_faces/Angela/angela_boa_45_dir.jpg,/home/anitadonato/tcc/tcc/data/known_faces/Angela/angela_extra_09.jpg,0.3909976078847739,1
/home/anitadonato/tcc/tcc/data/known_faces/Angela/angela_boa_45_dir.jpg,/home/anitadonato/tcc/tcc/data/known_faces/Angela/angela_extra_10.jpg,0.44617088410739547,1
/home/anitadonato/tcc/tcc/data/known_faces/Angela/angela_boa_45_dir.jpg,/home/anitadonato/tcc/tcc/data/known_faces/Angela/angela_extra_11.jpg,0.41067307256819,1
/home/anitadonato/tcc/tcc/data/known_faces/Angela/angela_boa_45_dir.jpg,/home/anitadonato/tcc/tcc/data/known_faces/Angela/angela_extra_12.jpg,0.37927211195981175,1
/home/anitadonato/tcc/tcc/data/known_faces/Angela/angela_boa_45_dir.jpg,/home/anitadonato/tcc/tcc/data/known_faces/Angela/angela_extra_13.jpg,0.3735746121892619,1
/home/anitadonato/tcc/tcc/data/known_faces/Angela/angela_boa_45_esq.jpg,/home/anitadonato/tcc/tcc/data/known_faces/Angela/angela_boa_frontal.jpg,0.2860000532041435,1
/home/anitadonato/tcc/tcc/data/known_faces/Angela/angela_boa_45_esq.jpg,/home/anitadonato/tcc/tcc/data/known_faces/Angela/angela_extra_01.jpg,0.3230102857363229,1
/home/anitadonato/tcc/tcc/data/known_faces/Angela/angela_boa_45_esq.jpg,/home/anitadonato/tcc/tcc/data/known_faces/Angela/angela_extra_02.jpg,0.3435668299990403,1
/home/anitadonato/tcc/tcc/data/known_faces/Angela/angela_boa_45_esq.jpg,/home/anitadonato/tcc/tcc/data/known_faces/Angela/angela_extra_03.jpg,0.3410068228683236,1
/home/anitadonato/tcc/tcc/data/known_faces/Angela/angela_boa_45_esq.jpg,/home/anitadonato/tcc/tcc/data/known_faces/Angela/angela_extra_04.jpg,0.3780027805271714,1
/home/anitadonato/tcc/tcc/data/known_faces/Angela/angela_boa_45_esq.jpg,/home/anitadonato/tcc/tcc/data/known_faces/Angela/angela_extra_05.jpg,0.3502398395296007,1
/home/anitadonato/tcc/tcc/data/known_faces/Angela/angela_boa_45_esq.jpg,/home/anitadonato/tcc/tcc/data/known_faces/Angela/angela_extra_06.jpg,0.45756747836586725,1
/home/anitadonato/tcc/tcc/data/known_faces/Angela/angela_boa_45_esq.jpg,/home/anitadonato/tcc/tcc/data/known_faces/Angela/angela_extra_07.jpg,0.47875683273168046,1
/home/anitadonato/tcc/tcc/data/known_faces/Angela/angela_boa_45_esq.jpg,/home/anitadonato/tcc/tcc/data/known_faces/Angela/angela_extra_08.jpg,0.4069269013173634,1
/home/anitadonato/tcc/tcc/data/known_faces/Angela/angela_boa_45_esq.jpg,/home/anitadonato/tcc/tcc/data/known_faces/Angela/angela_extra_09.jpg,0.391019527488856,1
/home/anitadonato/tcc/tcc/data/known_faces/Angela/angela_boa_45_esq.jpg,/home/anitadonato/tcc/tcc/data/known_faces/Angela/angela_extra_10.jpg,0.35594582897782157,1
/home/anitadonato/tcc/tcc/data/known_faces/Angela/angela_boa_45_esq.jpg,/home/anitadonato/tcc/tcc/data/known_faces/Angela/angela_extra_11.jpg,0.3825872801286171,1
/home/anitadonato/tcc/tcc/data/known_faces/Angela/angela_boa_45_esq.jpg,/home/anitadonato/tcc/tcc/data/known_faces/Angela/angela_extra_12.jpg,0.3027264718716089,1
/home/anitadonato/tcc/tcc/data/known_faces/Angela/angela_boa_45_esq.jpg,/home/anitadonato/tcc/tcc/data/known_faces/Angela/angela_extra_13.jpg,0.2811408583733301,1
/home/anitadonato/tcc/tcc/data/known_faces/Angela/angela_boa_frontal.jpg,/home/anitadonato/tcc/tcc/data/known_faces/Angela/angela_extra_01.jpg,0.3084353002888432,1
/home/anitadonato/tcc/tcc/data/known_faces/Angela/angela_boa_frontal.jpg,/home/anitadonato/tcc/tcc/data/known_faces/Angela/angela_extra_02.jpg,0.3300052879603058,1
/home/anitadonato/tcc/tcc/data/known_faces/Angela/angela_boa_frontal.jpg,/home/anitadonato/tcc/tcc/data/known_faces/Angela/angela_extra_03.jpg,0.3180373549515843,1
/home/anitadonato/tcc/tcc/data/known_faces/Angela/angela_boa_frontal.jpg,/home/anitadonato/tcc/tcc/data/known_faces/Angela/angela_extra_04.jpg,0.3566880742057374,1
/home/anitadonato/tcc/tcc/data/known_faces/Angela/angela_boa_frontal.jpg,/home/anitadonato/tcc/tcc/data/known_faces/Angela/angela_extra_05.jpg,0.37758507006626213,1
/home/anitadonato/tcc/tcc/data/known_faces/Angela/angela_boa_frontal.jpg,/home/anitadonato/tcc/tcc/data/known_faces/Angela/angela_extra_06.jpg,0.42778341755358856,1
/home/anitadonato/tcc/tcc/data/known_faces/Angela/angela_boa_frontal.jpg,/home/anitadonato/tcc/tcc/data/known_faces/Angela/angela_extra_07.jpg,0.4484771766004634,1
/home/anitadonato/tcc/tcc/data/known_faces/Angela/angela_boa_frontal.jpg,/home/anitadonato/tcc/tcc/data/known_faces/Angela/angela_extra_08.jpg,0.40849109929407385,1
/home/anitadonato/tcc/tcc/data/known_faces/Angela/angela_boa_frontal.jpg,/home/anitadonato/tcc/tcc/data/known_faces/Angela/angela_extra_09.jpg,0.38722263163366977,1
/home/anitadonato/tcc/tcc/data/known_faces/Angela/angela_boa_frontal.jpg,/home/anitadonato/tcc/tcc/data/known_faces/Angela/angela_extra_10.jpg,0.40408948586024834,1
/home/anitadonato/tcc/tcc/data/known_faces/Angela/angela_boa_frontal.jpg,/home/anitadonato/tcc/tcc/data/known_faces/Angela/angela_extra_11.jpg,0.37031132147377405,1
/home/anitadonato/tcc/tcc/data/known_faces/Angela/angela_boa_frontal.jpg,/home/anitadonato/tcc/tcc/data/known_faces/Angela/angela_extra_12.jpg,0.33576431961715725,1
/home/anitadonato/tcc/tcc/data/known_faces/Angela/angela_boa_frontal.jpg,/home/anitadonato/tcc/tcc/data/known_faces/Angela/angela_extra_13.jpg,0.2896305702704249,1
/home/anitadonato/tcc/tcc/data/known_faces/Angela/angela_extra_01.jpg,/home/anitadonato/tcc/tcc/data/known_faces/Angela/angela_extra_02.jpg,0.26612658007415557,1
/home/anitadonato/tcc/tcc/data/known_faces/Angela/angela_extra_01.jpg,/home/anitadonato/tcc/tcc/data/known_faces/Angela/angela_extra_03.jpg,0.2657477370207062,1
/home/anitadonato/tcc/tcc/data/known_faces/Angela/angela_extra_01.jpg,/home/anitadonato/tcc/tcc/data/known_faces/Angela/angela_extra_04.jpg,0.33179740174409894,1
/home/anitadonato/tcc/tcc/data/known_faces/Angela/angela_extra_01.jpg,/home/anitadonato/tcc/tcc/data/known_faces/Angela/angela_extra_05.jpg,0.26355320631832563,1
/home/anitadonato/tcc/tcc/data/known_faces/Angela/angela_extra_01.jpg,/home/anitadonato/tcc/tcc/data/known_faces/Angela/angela_extra_06.jpg,0.43359233997932545,1
/home/anitadonato/tcc/tcc/data/known_faces/Angela/angela_extra_01.jpg,/home/anitadonato/tcc/tcc/data/known_faces/Angela/angela_extra_07.jpg,0.44185107191861644,1
/home/anitadonato/tcc/tcc/data/known_faces/Angela/angela_extra_01.jpg,/home/anitadonato/tcc/tcc/data/known_faces/Angela/angela_extra_08.jpg,0.39035645750691006,1
/home/anitadonato/tcc/tcc/data/known_faces/Angela/angela_extra_01.jpg,/home/anitadonato/tcc/tcc/data/known_faces/Angela/angela_extra_09.jpg,0.36648798222695245,1
/home/anitadonato/tcc/tcc/data/known_faces/Angela/angela_extra_01.jpg,/home/anitadonato/tcc/tcc/data/known_faces/Angela/angela_extra_10.jpg,0.3024095738852522,1
/home/anitadonato/tcc/tcc/data/known_faces/Angela/angela_extra_01.jpg,/home/anitadonato/tcc/tcc/data/known_faces/Angela/angela_extra_11.jpg,0.3112784364388022,1
/home/anitadonato/tcc/tcc/data/known_faces/Angela/angela_extra_01.jpg,/home/anitadonato/tcc/tcc/data/known_faces/Angela/angela_extra_12.jpg,0.2696247837778154,1
/home/anitadonato/tcc/tcc/data/known_faces/Angela/angela_extra_01.jpg,/home/anitadonato/tcc/tcc/data/known_faces/Angela/angela_extra_13.jpg,0.31882409219771835,1
/home/anitadonato/tcc/tcc/data/known_faces/Angela/angela_extra_02.jpg,/home/anitadonato/tcc/tcc/data/known_faces/Angela/angela_extra_03.jpg,0.06995885347938466,1
/home/anitadonato/tcc/tcc/data/known_faces/Angela/angela_extra_02.jpg,/home/anitadonato/tcc/tcc/data/known_faces/Angela/angela_extra_04.jpg,0.32742284901848506,1
/home/anitadonato/tcc/tcc/data/known_faces/Angela/angela_extra_02.jpg,/home/anitadonato/tcc/tcc/data/known_faces/Angela/angela_extra_05.jpg,0.32040018605655485,1
/home/anitadonato/tcc/tcc/data/known_faces/Angela/angela_extra_02.jpg,/home/anitadonato/tcc/tcc/data/known_faces/Angela/angela_extra_06.jpg,0.43514700189475225,1
/home/anitadonato/tcc/tcc/data/known_faces/Angela/angela_extra_02.jpg,/home/anitadonato/tcc/tcc/data/known_faces/Angela/angela_extra_07.jpg,0.4526228775469742,1
/home/anitadonato/tcc/tcc/data/known_faces/Angela/angela_extra_02.jpg,/home/anitadonato/tcc/tcc/data/known_faces/Angela/angela_extra_08.jpg,0.3745344902276006,1
/home/anitadonato/tcc/tcc/data/known_faces/Angela/angela_extra_02.jpg,/home/anitadonato/tcc/tcc/data/known_faces/Angela/angela_extra_09.jpg,0.3868271423424481,1
/home/anitadonato/tcc/tcc/data/known_faces/Angela/angela_extra_02.jpg,/home/anitadonato/tcc/tcc/data/known_faces/Angela/angela_extra_10.jpg,0.3386082538725157,1
/home/anitadonato/tcc/tcc/data/known_faces/Angela/angela_extra_02.jpg,/home/anitadonato/tcc/tcc/data/known_faces/Angela/angela_extra_11.jpg,0.3739454195806464,1
/home/anitadonato/tcc/tcc/data/known_faces/Angela/angela_extra_02.jpg,/home/anitadonato/tcc/tcc/data/known_faces/Angela/angela_extra_12.jpg,0.3465444862238795,1
/home/anitadonato/tcc/tcc/data/known_faces/Angela/angela_extra_02.jpg,/home/anitadonato/tcc/tcc/data/known_faces/Angela/angela_extra_13.jpg,0.3313521680350881,1
/home/anitadonato/tcc/tcc/data/known_faces/Angela/angela_extra_03.jpg,/home/anitadonato/tcc/tcc/data/known_faces/Angela/angela_extra_04.jpg,0.308410733327965,1
/home/anitadonato/tcc/tcc/data/known_faces/Angela/angela_extra_03.jpg,/home/anitadonato/tcc/tcc/data/known_faces/Angela/angela_extra_05.jpg,0.3221395621336838,1
/home/anitadonato/tcc/tcc/data/known_faces/Angela/angela_extra_03.jpg,/home/anitadonato/tcc/tcc/data/known_faces/Angela/angela_extra_06.jpg,0.4165010634953258,1
/home/anitadonato/tcc/tcc/data/known_faces/Angela/angela_extra_03.jpg,/home/anitadonato/tcc/tcc/data/known_faces/Angela/angela_extra_07.jpg,0.43537400848979163,1
/home/anitadonato/tcc/tcc/data/known_faces/Angela/angela_extra_03.jpg,/home/anitadonato/tcc/tcc/data/known_faces/Angela/angela_extra_08.jpg,0.36097979935730845,1
/home/anitadonato/tcc/tcc/data/known_faces/Angela/angela_extra_03.jpg,/home/anitadonato/tcc/tcc/data/known_faces/Angela/angela_extra_09.jpg,0.3811784588636006,1
/home/anitadonato/tcc/tcc/data/known_faces/Angela/angela_extra_03.jpg,/home/anitadonato/tcc/tcc/data/known_faces/Angela/angela_extra_10.jpg,0.33249408201712466,1
/home/anitadonato/tcc/tcc/data/known_faces/Angela/angela_extra_03.jpg,/home/anitadonato/tcc/tcc/data/known_faces/Angela/angela_extra_11.jpg,0.36442011953550113,1
/home/anitadonato/tcc/tcc/data/known_faces/Angela/angela_extra_03.jpg,/home/anitadonato/tcc/tcc/data/known_faces/Angela/angela_extra_12.jpg,0.34207610065097976,1
/home/anitadonato/tcc/tcc/data/known_faces/Angela/angela_extra_03.jpg,/home/anitadonato/tcc/tcc/data/known_faces/Angela/angela_extra_13.jpg,0.3447250842342685,1
/home/anitadonato/tcc/tcc/data/known_faces/Angela/angela_extra_04.jpg,/home/anitadonato/tcc/tcc/data/known_faces/Angela/angela_extra_05.jpg,0.31654565172925286,1
/home/anitadonato/tcc/tcc/data/known_faces/Angela/angela_extra_04.jpg,/home/anitadonato/tcc/tcc/data/known_faces/Angela/angela_extra_06.jpg,0.37827379621484386,1
/home/anitadonato/tcc/tcc/data/known_faces/Angela/angela_extra_04.jpg,/home/anitadonato/tcc/tcc/data/known_faces/Angela/angela_extra_07.jpg,0.40763132200723606,1
/home/anitadonato/tcc/tcc/data/known_faces/Angela/angela_extra_04.jpg,/home/anitadonato/tcc/tcc/data/known_faces/Angela/angela_extra_08.jpg,0.33988380227408493,1
/home/anitadonato/tcc/tcc/data/known_faces/Angela/angela_extra_04.jpg,/home/anitadonato/tcc/tcc/data/known_faces/Angela/angela_extra_09.jpg,0.35760269438296627,1
/home/anitadonato/tcc/tcc/data/known_faces/Angela/angela_extra_04.jpg,/home/anitadonato/tcc/tcc/data/known_faces/Angela/angela_extra_10.jpg,0.35962958739384016,1
/home/anitadonato/tcc/tcc/data/known_faces/Angela/angela_extra_04.jpg,/home/anitadonato/tcc/tcc/data/known_faces/Angela/angela_extra_11.jpg,0.3711437545980261,1
/home/anitadonato/tcc/tcc/data/known_faces/Angela/angela_extra_04.jpg,/home/anitadonato/tcc/tcc/data/known_faces/Angela/angela_extra_12.jpg,0.3640394576672312,1
/home/anitadonato/tcc/tcc/data/known_faces/Angela/angela_extra_04.jpg,/home/anitadonato/tcc/tcc/data/known_faces/Angela/angela_extra_13.jpg,0.3901287105626181,1
/home/anitadonato/tcc/tcc/data/known_faces/Angela/angela_extra_05.jpg,/home/anitadonato/tcc/tcc/data/known_faces/Angela/angela_extra_06.jpg,0.453551704053457,1
/home/anitadonato/tcc/tcc/data/known_faces/Angela/angela_extra_05.jpg,/home/anitadonato/tcc/tcc/data/known_faces/Angela/angela_extra_07.jpg,0.46659223665091093,1
/home/anitadonato/tcc/tcc/data/known_faces/Angela/angela_extra_05.jpg,/home/anitadonato/tcc/tcc/data/known_faces/Angela/angela_extra_08.jpg,0.40980492780327477,1
/home/anitadonato/tcc/tcc/data/known_faces/Angela/angela_extra_05.jpg,/home/anitadonato/tcc/tcc/data/known_faces/Angela/angela_extra_09.jpg,0.414442122024343,1
/home/anitadonato/tcc/tcc/data/known_faces/Angela/angela_extra_05.jpg,/home/anitadonato/tcc/tcc/data/known_faces/Angela/angela_extra_10.jpg,0.2814699972247473,1
/home/anitadonato/tcc/tcc/data/known_faces/Angela/angela_extra_05.jpg,/home/anitadonato/tcc/tcc/data/known_faces/Angela/angela_extra_11.jpg,0.3984288435428017,1
/home/anitadonato/tcc/tcc/data/known_faces/Angela/angela_extra_05.jpg,/home/anitadonato/tcc/tcc/data/known_faces/Angela/angela_extra_12.jpg,0.3717559320475979,1
/home/anitadonato/tcc/tcc/data/known_faces/Angela/angela_extra_05.jpg,/home/anitadonato/tcc/tcc/data/known_faces/Angela/angela_extra_13.jpg,0.3624913982962992,1
/home/anitadonato/tcc/tcc/data/known_faces/Angela/angela_extra_06.jpg,/home/anitadonato/tcc/tcc/data/known_faces/Angela/angela_extra_07.jpg,0.13096037223778964,1
/home/anitadonato/tcc/tcc/data/known_faces/Angela/angela_extra_06.jpg,/home/anitadonato/tcc/tcc/data/known_faces/Angela/angela_extra_08.jpg,0.29437032585806444,1
/home/anitadonato/tcc/tcc/data/known_faces/Angela/angela_extra_06.jpg,/home/anitadonato/tcc/tcc/data/known_faces/Angela/angela_extra_09.jpg,0.3025018597710866,1
/home/anitadonato/tcc/tcc/data/known_faces/Angela/angela_extra_06.jpg,/home/anitadonato/tcc/tcc/data/known_faces/Angela/angela_extra_10.jpg,0.4460369057564771,1
/home/anitadonato/tcc/tcc/data/known_faces/Angela/angela_extra_06.jpg,/home/anitadonato/tcc/tcc/data/known_faces/Angela/angela_extra_11.jpg,0.4328902635800221,1
/home/anitadonato/tcc/tcc/data/known_faces/Angela/angela_extra_06.jpg,/home/anitadonato/tcc/tcc/data/known_faces/Angela/angela_extra_12.jpg,0.42768041775947696,1
/home/anitadonato/tcc/tcc/data/known_faces/Angela/angela_extra_06.jpg,/home/anitadonato/tcc/tcc/data/known_faces/Angela/angela_extra_13.jpg,0.434056859983689,1
/home/anitadonato/tcc/tcc/data/known_faces/Angela/angela_extra_07.jpg,/home/anitadonato/tcc/tcc/data/known_faces/Angela/angela_extra_08.jpg,0.3294534607811524,1
/home/anitadonato/tcc/tcc/data/known_faces/Angela/angela_extra_07.jpg,/home/anitadonato/tcc/tcc/data/known_faces/Angela/angela_extra_09.jpg,0.3255581892237136,1
/home/anitadonato/tcc/tcc/data/known_faces/Angela/angela_extra_07.jpg,/home/anitadonato/tcc/tcc/data/known_faces/Angela/angela_extra_10.jpg,0.43990533535882465,1
/home/anitadonato/tcc/tcc/data/known_faces/Angela/angela_extra_07.jpg,/home/anitadonato/tcc/tcc/data/known_faces/Angela/angela_extra_11.jpg,0.4368928906976932,1
/home/anitadonato/tcc/tcc/data/known_faces/Angela/angela_extra_07.jpg,/home/anitadonato/tcc/tcc/data/known_faces/Angela/angela_extra_12.jpg,0.4309737281429393,1
/home/anitadonato/tcc/tcc/data/known_faces/Angela/angela_extra_07.jpg,/home/anitadonato/tcc/tcc/data/known_faces/Angela/angela_extra_13.jpg,0.45160352986635044,1
/home/anitadonato/tcc/tcc/data/known_faces/Angela/angela_extra_08.jpg,/home/anitadonato/tcc/tcc/data/known_faces/Angela/angela_extra_09.jpg,0.24409445220932388,1
/home/anitadonato/tcc/tcc/data/known_faces/Angela/angela_extra_08.jpg,/home/anitadonato/tcc/tcc/data/known_faces/Angela/angela_extra_10.jpg,0.42507126214678925,1
/home/anitadonato/tcc/tcc/data/known_faces/Angela/angela_extra_08.jpg,/home/anitadonato/tcc/tcc/data/known_faces/Angela/angela_extra_11.jpg,0.41432118012482466,1
/home/anitadonato/tcc/tcc/data/known_faces/Angela/angela_extra_08.jpg,/home/anitadonato/tcc/tcc/data/known_faces/Angela/angela_extra_12.jpg,0.39385163696861586,1
/home/anitadonato/tcc/tcc/data/known_faces/Angela/angela_extra_08.jpg,/home/anitadonato/tcc/tcc/data/known_faces/Angela/angela_extra_13.jpg,0.4170772906362296,1
/home/anitadonato/tcc/tcc/data/known_faces/Angela/angela_extra_09.jpg,/home/anitadonato/tcc/tcc/data/known_faces/Angela/angela_extra_10.jpg,0.403588833049522,1
/home/anitadonato/tcc/tcc/data/known_faces/Angela/angela_extra_09.jpg,/home/anitadonato/tcc/tcc/data/known_faces/Angela/angela_extra_11.jpg,0.4234069343997155,1
/home/anitadonato/tcc/tcc/data/known_faces/Angela/angela_extra_09.jpg,/home/anitadonato/tcc/tcc/data/known_faces/Angela/angela_extra_12.jpg,0.3529135064784426,1
/home/anitadonato/tcc/tcc/data/known_faces/Angela/angela_extra_09.jpg,/home/anitadonato/tcc/tcc/data/known_faces/Angela/angela_extra_13.jpg,0.37697567746520366,1
/home/anitadonato/tcc/tcc/data/known_faces/Angela/angela_extra_10.jpg,/home/anitadonato/tcc/tcc/data/known_faces/Angela/angela_extra_11.jpg,0.35816222123262614,1
/home/anitadonato/tcc/tcc/data/known_faces/Angela/angela_extra_10.jpg,/home/anitadonato/tcc/tcc/data/known_faces/Angela/angela_extra_12.jpg,0.30946507203866763,1
/home/anitadonato/tcc/tcc/data/known_faces/Angela/angela_extra_10.jpg,/home/anitadonato/tcc/tcc/data/known_faces/Angela/angela_extra_13.jpg,0.40791060574071925,1
/home/anitadonato/tcc/tcc/data/known_faces/Angela/angela_extra_11.jpg,/home/anitadonato/tcc/tcc/data/known_faces/Angela/angela_extra_12.jpg,0.2705042258609318,1
/home/anitadonato/tcc/tcc/data/known_faces/Angela/angela_extra_11.jpg,/home/anitadonato/tcc/tcc/data/known_faces/Angela/angela_extra_13.jpg,0.374987460563616,1
/home/anitadonato/tcc/tcc/data/known_faces/Angela/angela_extra_12.jpg,/home/anitadonato/tcc/tcc/data/known_faces/Angela/angela_extra_13.jpg,0.3409868041044846,1
/home/anitadonato/tcc/tcc/data/known_faces/BIA/bia_baixa_frontal_1m.jpeg,/home/anitadonato/tcc/tcc/data/known_faces/BIA/bia_baixa_frontal_30cm.jpeg,0.23574191827776267,1
/home/anitadonato/tcc/tcc/data/known_faces/BIA/bia_baixa_frontal_1m.jpeg,/home/anitadonato/tcc/tcc/data/known_faces/BIA/bia_boa_45_1m..jpeg,0.4029879667167058,1
/home/anitadonato/tcc/tcc/data/known_faces/BIA/bia_baixa_frontal_1m.jpeg,/home/anitadonato/tcc/tcc/data/known_faces/BIA/bia_boa_45_30cm.jpeg,0.40025791268301225,1
/home/anitadonato/tcc/tcc/data/known_faces/BIA/bia_baixa_frontal_1m.jpeg,/home/anitadonato/tcc/tcc/data/known_faces/BIA/bia_boa_frontal_1m..jpeg,0.3631082788979083,1
/home/anitadonato/tcc/tcc/data/known_faces/BIA/bia_baixa_frontal_1m.jpeg,/home/anitadonato/tcc/tcc/data/known_faces/BIA/bia_boa_frontal_30cm..jpeg,0.3961836632466575,1
/home/anitadonato/tcc/tcc/data/known_faces/BIA/bia_baixa_frontal_1m.jpeg,/home/anitadonato/tcc/tcc/data/known_faces/BIA/bia_extra_01.jpeg,0.4606356206179814,1
/home/anitadonato/tcc/tcc/data/known_faces/BIA/bia_baixa_frontal_1m.jpeg,/home/anitadonato/tcc/tcc/data/known_faces/BIA/bia_extra_02.jpeg,0.38634362046469856,1
/home/anitadonato/tcc/tcc/data/known_faces/BIA/bia_baixa_frontal_1m.jpeg,/home/anitadonato/tcc/tcc/data/known_faces/BIA/bia_extra_03.jpeg,0.3807263872995882,1
/home/anitadonato/tcc/tcc/data/known_faces/BIA/bia_baixa_frontal_1m.jpeg,/home/anitadonato/tcc/tcc/data/known_faces/BIA/bia_extra_04.jpeg,0.36724982053300237,1
/home/anitadonato/tcc/tcc/data/known_faces/BIA/bia_baixa_frontal_1m.jpeg,/home/anitadonato/tcc/tcc/data/known_faces/BIA/bia_extra_05.jpeg,0.3193812329833789,1
/home/anitadonato/tcc/tcc/data/known_faces/BIA/bia_baixa_frontal_1m.jpeg,/home/anitadonato/tcc/tcc/data/known_faces/BIA/bia_extra_06.jpeg,0.36929485794304406,1
/home/anitadonato/tcc/tcc/data/known_faces/BIA/bia_baixa_frontal_1m.jpeg,/home/anitadonato/tcc/tcc/data/known_faces/BIA/bia_extra_07.jpeg,0.4081525721067387,1
/home/anitadonato/tcc/tcc/data/known_faces/BIA/bia_baixa_frontal_1m.jpeg,/home/anitadonato/tcc/tcc/data/known_faces/BIA/bia_extra_08.jpeg,0.43347434335116714,1
/home/anitadonato/tcc/tcc/data/known_faces/BIA/bia_baixa_frontal_1m.jpeg,/home/anitadonato/tcc/tcc/data/known_faces/BIA/bia_moderada_45_1m.jpeg,0.365275813889081,1
/home/anitadonato/tcc/tcc/data/known_faces/BIA/bia_baixa_frontal_1m.jpeg,/home/anitadonato/tcc/tcc/data/known_faces/BIA/bia_moderada_45_30cm.jpeg,0.4023307863300406,1
/home/anitadonato/tcc/tcc/data/known_faces/BIA/bia_baixa_frontal_1m.jpeg,/home/anitadonato/tcc/tcc/data/known_faces/BIA/bia_moderada_frontal_1m.jpeg,0.3096479803058247,1
/home/anitadonato/tcc/tcc/data/known_faces/BIA/bia_baixa_frontal_1m.jpeg,/home/anitadonato/tcc/tcc/data/known_faces/BIA/bia_moderada_frontal_30cm.jpeg,0.3559838700235539,1
/home/anitadonato/tcc/tcc/data/known_faces/BIA/bia_baixa_frontal_30cm.jpeg,/home/anitadonato/tcc/tcc/data/known_faces/BIA/bia_boa_45_1m..jpeg,0.3215791246188091,1
/home/anitadonato/tcc/tcc/data/known_faces/BIA/bia_baixa_frontal_30cm.jpeg,/home/anitadonato/tcc/tcc/data/known_faces/BIA/bia_boa_45_30cm.jpeg,0.31983106886530244,1
/home/anitadonato/tcc/tcc/data/known_faces/BIA/bia_baixa_frontal_30cm.jpeg,/home/anitadonato/tcc/tcc/data/known_faces/BIA/bia_boa_frontal_1m..jpeg,0.27397060462544215,1
/home/anitadonato/tcc/tcc/data/known_faces/BIA/bia_baixa_frontal_30cm.jpeg,/home/anitadonato/tcc/tcc/data/known_faces/BIA/bia_boa_frontal_30cm..jpeg,0.26900179434674604,1
/home/anitadonato/tcc/tcc/data/known_faces/BIA/bia_baixa_frontal_30cm.jpeg,/home/anitadonato/tcc/tcc/data/known_faces/BIA/bia_extra_01.jpeg,0.40926003400706107,1
/home/anitadonato/tcc/tcc/data/known_faces/BIA/bia_baixa_frontal_30cm.jpeg,/home/anitadonato/tcc/tcc/data/known_faces/BIA/bia_extra_02.jpeg,0.38187979717147513,1
/home/anitadonato/tcc/tcc/data/known_faces/BIA/bia_baixa_frontal_30cm.jpeg,/home/anitadonato/tcc/tcc/data/known_faces/BIA/bia_extra_03.jpeg,0.3778194108385281,1
/home/anitadonato/tcc/tcc/data/known_faces/BIA/bia_baixa_frontal_30cm.jpeg,/home/anitadonato/tcc/tcc/data/known_faces/BIA/bia_extra_04.jpeg,0.34183426921259696,1
/home/anitadonato/tcc/tcc/data/known_faces/BIA/bia_baixa_frontal_30cm.jpeg,/home/anitadonato/tcc/tcc/data/known_faces/BIA/bia_extra_05.jpeg,0.22723820467977376,1
/home/anitadonato/tcc/tcc/data/known_faces/BIA/bia_baixa_frontal_30cm.jpeg,/home/anitadonato/tcc/tcc/data/known_faces/BIA/bia_extra_06.jpeg,0.33076475118978577,1
/home/anitadonato/tcc/tcc/data/known_faces/BIA/bia_baixa_frontal_30cm.jpeg,/home/anitadonato/tcc/tcc/data/known_faces/BIA/bia_extra_07.jpeg,0.34647816479138993,1
/home/anitadonato/tcc/tcc/data/known_faces/BIA/bia_baixa_frontal_30cm.jpeg,/home/anitadonato/tcc/tcc/data/known_faces/BIA/bia_extra_08.jpeg,0.30798552258622114,1
/home/anitadonato/tcc/tcc/data/known_faces/BIA/bia_baixa_frontal_30cm.jpeg,/home/anitadonato/tcc/tcc/data/known_faces/BIA/bia_moderada_45_1m.jpeg,0.2869626292148218,1
/home/anitadonato/tcc/tcc/data/known_faces/BIA/bia_baixa_frontal_30cm.jpeg,/home/anitadonato/tcc/tcc/data/known_faces/BIA/bia_moderada_45_30cm.jpeg,0.31506396996695885,1
/home/anitadonato/tcc/tcc/data/known_faces/BIA/bia_baixa_frontal_30cm.jpeg,/home/anitadonato/tcc/tcc/data/known_faces/BIA/bia_moderada_frontal_1m.jpeg,0.2537508582254612,1
/home/anitadonato/tcc/tcc/data/known_faces/BIA/bia_baixa_frontal_30cm.jpeg,/home/anitadonato/tcc/tcc/data/known_faces/BIA/bia_moderada_frontal_30cm.jpeg,0.24542784596720868,1
/home/anitadonato/tcc/tcc/data/known_faces/BIA/bia_boa_45_1m..jpeg,/home/anitadonato/tcc/tcc/data/known_faces/BIA/bia_boa_45_30cm.jpeg,0.17113958827192818,1
/home/anitadonato/tcc/tcc/data/known_faces/BIA/bia_boa_45_1m..jpeg,/home/anitadonato/tcc/tcc/data/known_faces/BIA/bia_boa_frontal_1m..jpeg,0.3204362679699913,1
/home/anitadonato/tcc/tcc/data/known_faces/BIA/bia_boa_45_1m..jpeg,/home/anitadonato/tcc/tcc/data/known_faces/BIA/bia_boa_frontal_30cm..jpeg,0.3249466751628687,1
/home/anitadonato/tcc/tcc/data/known_faces/BIA/bia_boa_45_1m..jpeg,/home/anitadonato/tcc/tcc/data/known_faces/BIA/bia_extra_01.jpeg,0.428990188750343,1
/home/anitadonato/tcc/tcc/data/known_faces/BIA/bia_boa_45_1m..jpeg,/home/anitadonato/tcc/tcc/data/known_faces/BIA/bia_extra_02.jpeg,0.3893496663953481,1
/home/anitadonato/tcc/tcc/data/known_faces/BIA/bia_boa_45_1m..jpeg,/home/anitadonato/tcc/tcc/data/known_faces/BIA/bia_extra_03.jpeg,0.4173433903962644,1
/home/anitadonato/tcc/tcc/data/known_faces/BIA/bia_boa_45_1m..jpeg,/home/anitadonato/tcc/tcc/data/known_faces/BIA/bia_extra_04.jpeg,0.3565225127189867,1
/home/anitadonato/tcc/tcc/data/known_faces/BIA/bia_boa_45_1m..jpeg,/home/anitadonato/tcc/tcc/data/known_faces/BIA/bia_extra_05.jpeg,0.3098292123258854,1
/home/anitadonato/tcc/tcc/data/known_faces/BIA/bia_boa_45_1m..jpeg,/home/anitadonato/tcc/tcc/data/known_faces/BIA/bia_extra_06.jpeg,0.3456408333435646,1
/home/anitadonato/tcc/tcc/data/known_faces/BIA/bia_boa_45_1m..jpeg,/home/anitadonato/tcc/tcc/data/known_faces/BIA/bia_extra_07.jpeg,0.3641571917432099,1
/home/anitadonato/tcc/tcc/data/known_faces/BIA/bia_boa_45_1m..jpeg,/home/anitadonato/tcc/tcc/data/known_faces/BIA/bia_extra_08.jpeg,0.39098154398019297,1
/home/anitadonato/tcc/tcc/data/known_faces/BIA/bia_boa_45_1m..jpeg,/home/anitadonato/tcc/tcc/data/known_faces/BIA/bia_moderada_45_1m.jpeg,0.214710999035174,1
/home/anitadonato/tcc/tcc/data/known_faces/BIA/bia_boa_45_1m..jpeg,/home/anitadonato/tcc/tcc/data/known_faces/BIA/bia_moderada_45_30cm.jpeg,0.16346874014991483,1
/home/anitadonato/tcc/tcc/data/known_faces/BIA/bia_boa_45_1m..jpeg,/home/anitadonato/tcc/tcc/data/known_faces/BIA/bia_moderada_frontal_1m.jpeg,0.304386414710983,1
/home/anitadonato/tcc/tcc/data/known_faces/BIA/bia_boa_45_1m..jpeg,/home/anitadonato/tcc/tcc/data/known_faces/BIA/bia_moderada_frontal_30cm.jpeg,0.31177194092965455,1
/home/anitadonato/tcc/tcc/data/known_faces/BIA/bia_boa_45_30cm.jpeg,/home/anitadonato/tcc/tcc/data/known_faces/BIA/bia_boa_frontal_1m..jpeg,0.32561180198252426,1
/home/anitadonato/tcc/tcc/data/known_faces/BIA/bia_boa_45_30cm.jpeg,/home/anitadonato/tcc/tcc/data/known_faces/BIA/bia_boa_frontal_30cm..jpeg,0.3305944611651263,1
/home/anitadonato/tcc/tcc/data/known_faces/BIA/bia_boa_45_30cm.jpeg,/home/anitadonato/tcc/tcc/data/known_faces/BIA/bia_extra_01.jpeg,0.45908045144761095,1
/home/anitadonato/tcc/tcc/data/known_faces/BIA/bia_boa_45_30cm.jpeg,/home/anitadonato/tcc/tcc/data/known_faces/BIA/bia_extra_02.jpeg,0.37978067717325525,1
/home/anitadonato/tcc/tcc/data/known_faces/BIA/bia_boa_45_30cm.jpeg,/home/anitadonato/tcc/tcc/data/known_faces/BIA/bia_extra_03.jpeg,0.44029436569418107,1
/home/anitadonato/tcc/tcc/data/known_faces/BIA/bia_boa_45_30cm.jpeg,/home/anitadonato/tcc/tcc/data/known_faces/BIA/bia_extra_04.jpeg,0.3784889081000963,1
/home/anitadonato/tcc/tcc/data/known_faces/BIA/bia_boa_45_30cm.jpeg,/home/anitadonato/tcc/tcc/data/known_faces/BIA/bia_extra_05.jpeg,0.3354110653433315,1
/home/anitadonato/tcc/tcc/data/known_faces/BIA/bia_boa_45_30cm.jpeg,/home/anitadonato/tcc/tcc/data/known_faces/BIA/bia_extra_06.jpeg,0.35515258378616926,1
/home/anitadonato/tcc/tcc/data/known_faces/BIA/bia_boa_45_30cm.jpeg,/home/anitadonato/tcc/tcc/data/known_faces/BIA/bia_extra_07.jpeg,0.36493442439681206,1
/home/anitadonato/tcc/tcc/data/known_faces/BIA/bia_boa_45_30cm.jpeg,/home/anitadonato/tcc/tcc/data/known_faces/BIA/bia_extra_08.jpeg,0.4162028448965582,1
/home/anitadonato/tcc/tcc/data/known_faces/BIA/bia_boa_45_30cm.jpeg,/home/anitadonato/tcc/tcc/data/known_faces/BIA/bia_moderada_45_1m.jpeg,0.2511669180703765,1
/home/anitadonato/tcc/tcc/data/known_faces/BIA/bia_boa_45_30cm.jpeg,/home/anitadonato/tcc/tcc/data/known_faces/BIA/bia_moderada_45_30cm.jpeg,0.19883568220917408,1
/home/anitadonato/tcc/tcc/data/known_faces/BIA/bia_boa_45_30cm.jpeg,/home/anitadonato/tcc/tcc/data/known_faces/BIA/bia_moderada_frontal_1m.jpeg,0.3202092577393346,1
/home/anitadonato/tcc/tcc/data/known_faces/BIA/bia_boa_45_30cm.jpeg,/home/anitadonato/tcc/tcc/data/known_faces/BIA/bia_moderada_frontal_30cm.jpeg,0.33132881598561753,1
/home/anitadonato/tcc/tcc/data/known_faces/BIA/bia_boa_frontal_1m..jpeg,/home/anitadonato/tcc/tcc/data/known_faces/BIA/bia_boa_frontal_30cm..jpeg,0.23881600512504975,1
/home/anitadonato/tcc/tcc/data/known_faces/BIA/bia_boa_frontal_1m..jpeg,/home/anitadonato/tcc/tcc/data/known_faces/BIA/bia_extra_01.jpeg,0.3910790450455883,1
/home/anitadonato/tcc/tcc/data/known_faces/BIA/bia_boa_frontal_1m..jpeg,/home/anitadonato/tcc/tcc/data/known_faces/BIA/bia_extra_02.jpeg,0.36791273634789856,1
/home/anitadonato/tcc/tcc/data/known_faces/BIA/bia_boa_frontal_1m..jpeg,/home/anitadonato/tcc/tcc/data/known_faces/BIA/bia_extra_03.jpeg,0.3318575042344397,1
/home/anitadonato/tcc/tcc/data/known_faces/BIA/bia_boa_frontal_1m..jpeg,/home/anitadonato/tcc/tcc/data/known_faces/BIA/bia_extra_04.jpeg,0.317596883399948,1
/home/anitadonato/tcc/tcc/data/known_faces/BIA/bia_boa_frontal_1m..jpeg,/home/anitadonato/tcc/tcc/data/known_faces/BIA/bia_extra_05.jpeg,0.26013029502691315,1
/home/anitadonato/tcc/tcc/data/known_faces/BIA/bia_boa_frontal_1m..jpeg,/home/anitadonato/tcc/tcc/data/known_faces/BIA/bia_extra_06.jpeg,0.3576199660138487,1
/home/anitadonato/tcc/tcc/data/known_faces/BIA/bia_boa_frontal_1m..jpeg,/home/anitadonato/tcc/tcc/data/known_faces/BIA/bia_extra_07.jpeg,0.36152825676044525,1
/home/anitadonato/tcc/tcc/data/known_faces/BIA/bia_boa_frontal_1m..jpeg,/home/anitadonato/tcc/tcc/data/known_faces/BIA/bia_extra_08.jpeg,0.2983570084980855,1
/home/anitadonato/tcc/tcc/data/known_faces/BIA/bia_boa_frontal_1m..jpeg,/home/anitadonato/tcc/tcc/data/known_faces/BIA/bia_moderada_45_1m.jpeg,0.30635667364985236,1
/home/anitadonato/tcc/tcc/data/known_faces/BIA/bia_boa_frontal_1m..jpeg,/home/anitadonato/tcc/tcc/data/known_faces/BIA/bia_moderada_45_30cm.jpeg,0.32463603835319205,1
/home/anitadonato/tcc/tcc/data/known_faces/BIA/bia_boa_frontal_1m..jpeg,/home/anitadonato/tcc/tcc/data/known_faces/BIA/bia_moderada_frontal_1m.jpeg,0.19084101926308533,1
/home/anitadonato/tcc/tcc/data/known_faces/BIA/bia_boa_frontal_1m..jpeg,/home/anitadonato/tcc/tcc/data/known_faces/BIA/bia_moderada_frontal_30cm.jpeg,0.29545218914972776,1
/home/anitadonato/tcc/tcc/data/known_faces/BIA/bia_boa_frontal_30cm..jpeg,/home/anitadonato/tcc/tcc/data/known_faces/BIA/bia_extra_01.jpeg,0.41056116149463656,1
/home/anitadonato/tcc/tcc/data/known_faces/BIA/bia_boa_frontal_30cm..jpeg,/home/anitadonato/tcc/tcc/data/known_faces/BIA/bia_extra_02.jpeg,0.4060994189163138,1
/home/anitadonato/tcc/tcc/data/known_faces/BIA/bia_boa_frontal_30cm..jpeg,/home/anitadonato/tcc/tcc/data/known_faces/BIA/bia_extra_03.jpeg,0.3560460027724765,1
/home/anitadonato/tcc/tcc/data/known_faces/BIA/bia_boa_frontal_30cm..jpeg,/home/anitadonato/tcc/tcc/data/known_faces/BIA/bia_extra_04.jpeg,0.36720218461862875,1
/home/anitadonato/tcc/tcc/data/known_faces/BIA/bia_boa_frontal_30cm..jpeg,/home/anitadonato/tcc/tcc/data/known_faces/BIA/bia_extra_05.jpeg,0.2917163674228577,1
/home/anitadonato/tcc/tcc/data/known_faces/BIA/bia_boa_frontal_30cm..jpeg,/home/anitadonato/tcc/tcc/data/known_faces/BIA/bia_extra_06.jpeg,0.3790936651395915,1
/home/anitadonato/tcc/tcc/data/known_faces/BIA/bia_boa_frontal_30cm..jpeg,/home/anitadonato/tcc/tcc/data/known_faces/BIA/bia_extra_07.jpeg,0.3842264373647543,1
/home/anitadonato/tcc/tcc/data/known_faces/BIA/bia_boa_frontal_30cm..jpeg,/home/anitadonato/tcc/tcc/data/known_faces/BIA/bia_extra_08.jpeg,0.307074769900051,1
/home/anitadonato/tcc/tcc/data/known_faces/BIA/bia_boa_frontal_30cm..jpeg,/home/anitadonato/tcc/tcc/data/known_faces/BIA/bia_moderada_45_1m.jpeg,0.3340585158307198,1
/home/anitadonato/tcc/tcc/data/known_faces/BIA/bia_boa_frontal_30cm..jpeg,/home/anitadonato/tcc/tcc/data/known_faces/BIA/bia_moderada_45_30cm.jpeg,0.34783227170998854,1
/home/anitadonato/tcc/tcc/data/known_faces/BIA/bia_boa_frontal_30cm..jpeg,/home/anitadonato/tcc/tcc/data/known_faces/BIA/bia_moderada_frontal_1m.jpeg,0.2718536832141386,1
/home/anitadonato/tcc/tcc/data/known_faces/BIA/bia_boa_frontal_30cm..jpeg,/home/anitadonato/tcc/tcc/data/known_faces/BIA/bia_moderada_frontal_30cm.jpeg,0.23664333657064743,1
/home/anitadonato/tcc/tcc/data/known_faces/BIA/bia_extra_01.jpeg,/home/anitadonato/tcc/tcc/data/known_faces/BIA/bia_extra_02.jpeg,0.4003688281139977,1
/home/anitadonato/tcc/tcc/data/known_faces/BIA/bia_extra_01.jpeg,/home/anitadonato/tcc/tcc/data/known_faces/BIA/bia_extra_03.jpeg,0.3897682003201921,1
/home/anitadonato/tcc/tcc/data/known_faces/BIA/bia_extra_01.jpeg,/home/anitadonato/tcc/tcc/data/known_faces/BIA/bia_extra_04.jpeg,0.39626944977719714,1
/home/anitadonato/tcc/tcc/data/known_faces/BIA/bia_extra_01.jpeg,/home/anitadonato/tcc/tcc/data/known_faces/BIA/bia_extra_05.jpeg,0.3634764243806481,1
/home/anitadonato/tcc/tcc/data/known_faces/BIA/bia_extra_01.jpeg,/home/anitadonato/tcc/tcc/data/known_faces/BIA/bia_extra_06.jpeg,0.4079744492249449,1
/home/anitadonato/tcc/tcc/data/known_faces/BIA/bia_extra_01.jpeg,/home/anitadonato/tcc/tcc/data/known_faces/BIA/bia_extra_07.jpeg,0.3620218688483255,1
/home/anitadonato/tcc/tcc/data/known_faces/BIA/bia_extra_01.jpeg,/home/anitadonato/tcc/tcc/data/known_faces/BIA/bia_extra_08.jpeg,0.29266314562653295,1
/home/anitadonato/tcc/tcc/data/known_faces/BIA/bia_extra_01.jpeg,/home/anitadonato/tcc/tcc/data/known_faces/BIA/bia_moderada_45_1m.jpeg,0.4543438101864778,1
/home/anitadonato/tcc/tcc/data/known_faces/BIA/bia_extra_01.jpeg,/home/anitadonato/tcc/tcc/data/known_faces/BIA/bia_moderada_45_30cm.jpeg,0.4549528749167675,1
/home/anitadonato/tcc/tcc/data/known_faces/BIA/bia_extra_01.jpeg,/home/anitadonato/tcc/tcc/data/known_faces/BIA/bia_moderada_frontal_1m.jpeg,0.3988645500191964,1
/home/anitadonato/tcc/tcc/data/known_faces/BIA/bia_extra_01.jpeg,/home/anitadonato/tcc/tcc/data/known_faces/BIA/bia_moderada_frontal_30cm.jpeg,0.4005321116002682,1
/home/anitadonato/tcc/tcc/data/known_faces/BIA/bia_extra_02.jpeg,/home/anitadonato/tcc/tcc/data/known_faces/BIA/bia_extra_03.jpeg,0.41220802659898126,1
/home/anitadonato/tcc/tcc/data/known_faces/BIA/bia_extra_02.jpeg,/home/anitadonato/tcc/tcc/data/known_faces/BIA/bia_extra_04.jpeg,0.21724570415200334,1
/home/anitadonato/tcc/tcc/data/known_faces/BIA/bia_extra_02.jpeg,/home/anitadonato/tcc/tcc/data/known_faces/BIA/bia_extra_05.jpeg,0.30457855847034854,1
/home/anitadonato/tcc/tcc/data/known_faces/BIA/bia_extra_02.jpeg,/home/anitadonato/tcc/tcc/data/known_faces/BIA/bia_extra_06.jpeg,0.24286317995180132,1
/home/anitadonato/tcc/tcc/data/known_faces/BIA/bia_extra_02.jpeg,/home/anitadonato/tcc/tcc/data/known_faces/BIA/bia_extra_07.jpeg,0.27985842486076873,1
/home/anitadonato/tcc/tcc/data/known_faces/BIA/bia_extra_02.jpeg,/home/anitadonato/tcc/tcc/data/known_faces/BIA/bia_extra_08.jpeg,0.4504541582551381,1
/home/anitadonato/tcc/tcc/data/known_faces/BIA/bia_extra_02.jpeg,/home/anitadonato/tcc/tcc/data/known_faces/BIA/bia_moderada_45_1m.jpeg,0.451132395906649,1
/home/anitadonato/tcc/tcc/data/known_faces/BIA/bia_extra_02.jpeg,/home/anitadonato/tcc/tcc/data/known_faces/BIA/bia_moderada_45_30cm.jpeg,0.4504423531423966,1
/home/anitadonato/tcc/tcc/data/known_faces/BIA/bia_extra_02.jpeg,/home/anitadonato/tcc/tcc/data/known_faces/BIA/bia_moderada_frontal_1m.jpeg,0.357171482151461,1
/home/anitadonato/tcc/tcc/data/known_faces/BIA/bia_extra_02.jpeg,/home/anitadonato/tcc/tcc/data/known_faces/BIA/bia_moderada_frontal_30cm.jpeg,0.3560921380660487,1
/home/anitadonato/tcc/tcc/data/known_faces/BIA/bia_extra_03.jpeg,/home/anitadonato/tcc/tcc/data/known_faces/BIA/bia_extra_04.jpeg,0.3649891415799593,1
/home/anitadonato/tcc/tcc/data/known_faces/BIA/bia_extra_03.jpeg,/home/anitadonato/tcc/tcc/data/known_faces/BIA/bia_extra_05.jpeg,0.3471291257231199,1
/home/anitadonato/tcc/tcc/data/known_faces/BIA/bia_extra_03.jpeg,/home/anitadonato/tcc/tcc/data/known_faces/BIA/bia_extra_06.jpeg,0.42300689399027896,1
/home/anitadonato/tcc/tcc/data/known_faces/BIA/bia_extra_03.jpeg,/home/anitadonato/tcc/tcc/data/known_faces/BIA/bia_extra_07.jpeg,0.41389175836076236,1
/home/anitadonato/tcc/tcc/data/known_faces/BIA/bia_extra_03.jpeg,/home/anitadonato/tcc/tcc/data/known_faces/BIA/bia_extra_08.jpeg,0.360905624400655,1
/home/anitadonato/tcc/tcc/data/known_faces/BIA/bia_extra_03.jpeg,/home/anitadonato/tcc/tcc/data/known_faces/BIA/bia_moderada_45_1m.jpeg,0.41226343112795805,1
/home/anitadonato/tcc/tcc/data/known_faces/BIA/bia_extra_03.jpeg,/home/anitadonato/tcc/tcc/data/known_faces/BIA/bia_moderada_45_30cm.jpeg,0.4371410412673556,1
/home/anitadonato/tcc/tcc/data/known_faces/BIA/bia_extra_03.jpeg,/home/anitadonato/tcc/tcc/data/known_faces/BIA/bia_moderada_frontal_1m.jpeg,0.3517886487320202,1
/home/anitadonato/tcc/tcc/data/known_faces/BIA/bia_extra_03.jpeg,/home/anitadonato/tcc/tcc/data/known_faces/BIA/bia_moderada_frontal_30cm.jpeg,0.3710498427621945,1
/home/anitadonato/tcc/tcc/data/known_faces/BIA/bia_extra_04.jpeg,/home/anitadonato/tcc/tcc/data/known_faces/BIA/bia_extra_05.jpeg,0.25142756083459694,1
/home/anitadonato/tcc/tcc/data/known_faces/BIA/bia_extra_04.jpeg,/home/anitadonato/tcc/tcc/data/known_faces/BIA/bia_extra_06.jpeg,0.19064753557415862,1
/home/anitadonato/tcc/tcc/data/known_faces/BIA/bia_extra_04.jpeg,/home/anitadonato/tcc/tcc/data/known_faces/BIA/bia_extra_07.jpeg,0.24233862702402204,1
/home/anitadonato/tcc/tcc/data/known_faces/BIA/bia_extra_04.jpeg,/home/anitadonato/tcc/tcc/data/known_faces/BIA/bia_extra_08.jpeg,0.3811779512817989,1
/home/anitadonato/tcc/tcc/data/known_faces/BIA/bia_extra_04.jpeg,/home/anitadonato/tcc/tcc/data/known_faces/BIA/bia_moderada_45_1m.jpeg,0.4077880807512453,1
/home/anitadonato/tcc/tcc/data/known_faces/BIA/bia_extra_04.jpeg,/home/anitadonato/tcc/tcc/data/known_faces/BIA/bia_moderada_45_30cm.jpeg,0.4240955828262197,1
/home/anitadonato/tcc/tcc/data/known_faces/BIA/bia_extra_04.jpeg,/home/anitadonato/tcc/tcc/data/known_faces/BIA/bia_moderada_frontal_1m.jpeg,0.30676300738247514,1
/home/anitadonato/tcc/tcc/data/known_faces/BIA/bia_extra_04.jpeg,/home/anitadonato/tcc/tcc/data/known_faces/BIA/bia_moderada_frontal_30cm.jpeg,0.32144617710299905,1
/home/anitadonato/tcc/tcc/data/known_faces/BIA/bia_extra_05.jpeg,/home/anitadonato/tcc/tcc/data/known_faces/BIA/bia_extra_06.jpeg,0.2436334041611421,1
/home/anitadonato/tcc/tcc/data/known_faces/BIA/bia_extra_05.jpeg,/home/anitadonato/tcc/tcc/data/known_faces/BIA/bia_extra_07.jpeg,0.2617683370156399,1
/home/anitadonato/tcc/tcc/data/known_faces/BIA/bia_extra_05.jpeg,/home/anitadonato/tcc/tcc/data/known_faces/BIA/bia_extra_08.jpeg,0.28989186995173977,1
/home/anitadonato/tcc/tcc/data/known_faces/BIA/bia_extra_05.jpeg,/home/anitadonato/tcc/tcc/data/known_faces/BIA/bia_moderada_45_1m.jpeg,0.324924465304648,1
/home/anitadonato/tcc/tcc/data/known_faces/BIA/bia_extra_05.jpeg,/home/anitadonato/tcc/tcc/data/known_faces/BIA/bia_moderada_45_30cm.jpeg,0.3422340391838174,1
/home/anitadonato/tcc/tcc/data/known_faces/BIA/bia_extra_05.jpeg,/home/anitadonato/tcc/tcc/data/known_faces/BIA/bia_moderada_frontal_1m.jpeg,0.23985743165398238,1
/home/anitadonato/tcc/tcc/data/known_faces/BIA/bia_extra_05.jpeg,/home/anitadonato/tcc/tcc/data/known_faces/BIA/bia_moderada_frontal_30cm.jpeg,0.22339616661190886,1
/home/anitadonato/tcc/tcc/data/known_faces/BIA/bia_extra_06.jpeg,/home/anitadonato/tcc/tcc/data/known_faces/BIA/bia_extra_07.jpeg,0.17063049099796,1
/home/anitadonato/tcc/tcc/data/known_faces/BIA/bia_extra_06.jpeg,/home/anitadonato/tcc/tcc/data/known_faces/BIA/bia_extra_08.jpeg,0.3980897806947985,1
/home/anitadonato/tcc/tcc/data/known_faces/BIA/bia_extra_06.jpeg,/home/anitadonato/tcc/tcc/data/known_faces/BIA/bia_moderada_45_1m.jpeg,0.4080783787208931,1
/home/anitadonato/tcc/tcc/data/known_faces/BIA/bia_extra_06.jpeg,/home/anitadonato/tcc/tcc/data/known_faces/BIA/bia_moderada_45_30cm.jpeg,0.41216752366720066,1
/home/anitadonato/tcc/tcc/data/known_faces/BIA/bia_extra_06.jpeg,/home/anitadonato/tcc/tcc/data/known_faces/BIA/bia_moderada_frontal_1m.jpeg,0.32486550874838604,1
/home/anitadonato/tcc/tcc/data/known_faces/BIA/bia_extra_06.jpeg,/home/anitadonato/tcc/tcc/data/known_faces/BIA/bia_moderada_frontal_30cm.jpeg,0.3054926395267524,1
/home/anitadonato/tcc/tcc/data/known_faces/BIA/bia_extra_07.jpeg,/home/anitadonato/tcc/tcc/data/known_faces/BIA/bia_extra_08.jpeg,0.32264916843923247,1
/home/anitadonato/tcc/tcc/data/known_faces/BIA/bia_extra_07.jpeg,/home/anitadonato/tcc/tcc/data/known_faces/BIA/bia_moderada_45_1m.jpeg,0.4169486652305631,1
/home/anitadonato/tcc/tcc/data/known_faces/BIA/bia_extra_07.jpeg,/home/anitadonato/tcc/tcc/data/known_faces/BIA/bia_moderada_45_30cm.jpeg,0.4140414339592354,1
/home/anitadonato/tcc/tcc/data/known_faces/BIA/bia_extra_07.jpeg,/home/anitadonato/tcc/tcc/data/known_faces/BIA/bia_moderada_frontal_1m.jpeg,0.33265364636163025,1
/home/anitadonato/tcc/tcc/data/known_faces/BIA/bia_extra_07.jpeg,/home/anitadonato/tcc/tcc/data/known_faces/BIA/bia_moderada_frontal_30cm.jpeg,0.3075372369324852,1
/home/anitadonato/tcc/tcc/data/known_faces/BIA/bia_extra_08.jpeg,/home/anitadonato/tcc/tcc/data/known_faces/BIA/bia_moderada_45_1m.jpeg,0.3746806373074096,1
/home/anitadonato/tcc/tcc/data/known_faces/BIA/bia_extra_08.jpeg,/home/anitadonato/tcc/tcc/data/known_faces/BIA/bia_moderada_45_30cm.jpeg,0.3970455089932503,1
/home/anitadonato/tcc/tcc/data/known_faces/BIA/bia_extra_08.jpeg,/home/anitadonato/tcc/tcc/data/known_faces/BIA/bia_moderada_frontal_1m.jpeg,0.30464401555175763,1
/home/anitadonato/tcc/tcc/data/known_faces/BIA/bia_extra_08.jpeg,/home/anitadonato/tcc/tcc/data/known_faces/BIA/bia_moderada_frontal_30cm.jpeg,0.3081819580048604,1
/home/anitadonato/tcc/tcc/data/known_faces/BIA/bia_moderada_45_1m.jpeg,/home/anitadonato/tcc/tcc/data/known_faces/BIA/bia_moderada_45_30cm.jpeg,0.14999359422645278,1
/home/anitadonato/tcc/tcc/data/known_faces/BIA/bia_moderada_45_1m.jpeg,/home/anitadonato/tcc/tcc/data/known_faces/BIA/bia_moderada_frontal_1m.jpeg,0.2699733385388906,1
/home/anitadonato/tcc/tcc/data/known_faces/BIA/bia_moderada_45_1m.jpeg,/home/anitadonato/tcc/tcc/data/known_faces/BIA/bia_moderada_frontal_30cm.jpeg,0.3279593047566364,1
/home/anitadonato/tcc/tcc/data/known_faces/BIA/bia_moderada_45_30cm.jpeg,/home/anitadonato/tcc/tcc/data/known_faces/BIA/bia_moderada_frontal_1m.jpeg,0.31319039270720916,1
/home/anitadonato/tcc/tcc/data/known_faces/BIA/bia_moderada_45_30cm.jpeg,/home/anitadonato/tcc/tcc/data/known_faces/BIA/bia_moderada_frontal_30cm.jpeg,0.3480713496349942,1
/home/anitadonato/tcc/tcc/data/known_faces/BIA/bia_moderada_frontal_1m.jpeg,/home/anitadonato/tcc/tcc/data/known_faces/BIA/bia_moderada_frontal_30cm.jpeg,0.2271682410744431,1
/home/anitadonato/tcc/tcc/data/known_faces/Francisca/Francisca_boa_45_dir.jpg,/home/anitadonato/tcc/tcc/data/known_faces/Francisca/francisca_baixa_45_dir.jpg,0.2977670010170319,1
/home/anitadonato/tcc/tcc/data/known_faces/Francisca/Francisca_boa_45_dir.jpg,/home/anitadonato/tcc/tcc/data/known_faces/Francisca/francisca_baixa_45_esq.jpg,0.3178480224022216,1
/home/anitadonato/tcc/tcc/data/known_faces/Francisca/Francisca_boa_45_dir.jpg,/home/anitadonato/tcc/tcc/data/known_faces/Francisca/francisca_baixa_frontal.jpg,0.300676049761743,1
/home/anitadonato/tcc/tcc/data/known_faces/Francisca/Francisca_boa_45_dir.jpg,/home/anitadonato/tcc/tcc/data/known_faces/Francisca/francisca_boa_45_esq.jpg,0.27022217210678473,1
/home/anitadonato/tcc/tcc/data/known_faces/Francisca/Francisca_boa_45_dir.jpg,/home/anitadonato/tcc/tcc/data/known_faces/Francisca/francisca_boa_frontal.jpg,0.26923593743567564,1
/home/anitadonato/tcc/tcc/data/known_faces/Francisca/Francisca_boa_45_dir.jpg,/home/anitadonato/tcc/tcc/data/known_faces/Francisca/francisca_extra_01.jpg,0.3242264745482696,1
/home/anitadonato/tcc/tcc/data/known_faces/Francisca/Francisca_boa_45_dir.jpg,/home/anitadonato/tcc/tcc/data/known_faces/Francisca/francisca_extra_02.jpg,0.3071060562028482,1
/home/anitadonato/tcc/tcc/data/known_faces/Francisca/Francisca_boa_45_dir.jpg,/home/anitadonato/tcc/tcc/data/known_faces/Francisca/francisca_extra_03.jpg,0.2957726383555258,1
/home/anitadonato/tcc/tcc/data/known_faces/Francisca/Francisca_boa_45_dir.jpg,/home/anitadonato/tcc/tcc/data/known_faces/Francisca/francisca_extra_04.jpg,0.3355203331939902,1
/home/anitadonato/tcc/tcc/data/known_faces/Francisca/Francisca_boa_45_dir.jpg,/home/anitadonato/tcc/tcc/data/known_faces/Francisca/francisca_extra_05.jpg,0.3669625097203543,1
/home/anitadonato/tcc/tcc/data/known_faces/Francisca/Francisca_boa_45_dir.jpg,/home/anitadonato/tcc/tcc/data/known_faces/Francisca/francisca_extra_06.jpg,0.299862160441152,1
/home/anitadonato/tcc/tcc/data/known_faces/Francisca/Francisca_boa_45_dir.jpg,/home/anitadonato/tcc/tcc/data/known_faces/Francisca/francisca_extra_07.jpg,0.3003891366606173,1
/home/anitadonato/tcc/tcc/data/known_faces/Francisca/Francisca_boa_45_dir.jpg,/home/anitadonato/tcc/tcc/data/known_faces/Francisca/francisca_extra_08.jpg,0.4384744121850233,1
/home/anitadonato/tcc/tcc/data/known_faces/Francisca/Francisca_boa_45_dir.jpg,/home/anitadonato/tcc/tcc/data/known_faces/Francisca/francisca_extra_09.jpg,0.38202524315575453,1
/home/anitadonato/tcc/tcc/data/known_faces/Francisca/Francisca_boa_45_dir.jpg,/home/anitadonato/tcc/tcc/data/known_faces/Francisca/francisca_extra_10.jpg,0.37899790051665694,1
/home/anitadonato/tcc/tcc/data/known_faces/Francisca/Francisca_boa_45_dir.jpg,/home/anitadonato/tcc/tcc/data/known_faces/Francisca/francisca_extra_11.jpg,0.26814377861401306,1
/home/anitadonato/tcc/tcc/data/known_faces/Francisca/Francisca_boa_45_dir.jpg,/home/anitadonato/tcc/tcc/data/known_faces/Francisca/francisca_extra_13.jpg,0.32961322826493983,1
/home/anitadonato/tcc/tcc/data/known_faces/Francisca/Francisca_boa_45_dir.jpg,/home/anitadonato/tcc/tcc/data/known_faces/Francisca/francisca_extra_14.jpg,0.3415801887755507,1
/home/anitadonato/tcc/tcc/data/known_faces/Francisca/Francisca_boa_45_dir.jpg,/home/anitadonato/tcc/tcc/data/known_faces/Francisca/francisca_extra_15.jpg,0.36993209818854944,1
/home/anitadonato/tcc/tcc/data/known_faces/Francisca/francisca_baixa_45_dir.jpg,/home/anitadonato/tcc/tcc/data/known_faces/Francisca/francisca_baixa_45_esq.jpg,0.2222712813920181,1
/home/anitadonato/tcc/tcc/data/known_faces/Francisca/francisca_baixa_45_dir.jpg,/home/anitadonato/tcc/tcc/data/known_faces/Francisca/francisca_baixa_frontal.jpg,0.23674552307186078,1
/home/anitadonato/tcc/tcc/data/known_faces/Francisca/francisca_baixa_45_dir.jpg,/home/anitadonato/tcc/tcc/data/known_faces/Francisca/francisca_boa_45_esq.jpg,0.3113430797419261,1
/home/anitadonato/tcc/tcc/data/known_faces/Francisca/francisca_baixa_45_dir.jpg,/home/anitadonato/tcc/tcc/data/known_faces/Francisca/francisca_boa_frontal.jpg,0.2909826451329866,1
/home/anitadonato/tcc/tcc/data/known_faces/Francisca/francisca_baixa_45_dir.jpg,/home/anitadonato/tcc/tcc/data/known_faces/Francisca/francisca_extra_01.jpg,0.26347976401236045,1
/home/anitadonato/tcc/tcc/data/known_faces/Francisca/francisca_baixa_45_dir.jpg,/home/anitadonato/tcc/tcc/data/known_faces/Francisca/francisca_extra_02.jpg,0.23058447446681635,1
/home/anitadonato/tcc/tcc/data/known_faces/Francisca/francisca_baixa_45_dir.jpg,/home/anitadonato/tcc/tcc/data/known_faces/Francisca/francisca_extra_03.jpg,0.29349411857252483,1
/home/anitadonato/tcc/tcc/data/known_faces/Francisca/francisca_baixa_45_dir.jpg,/home/anitadonato/tcc/tcc/data/known_faces/Francisca/francisca_extra_04.jpg,0.27318767101405056,1
/home/anitadonato/tcc/tcc/data/known_faces/Francisca/francisca_baixa_45_dir.jpg,/home/anitadonato/tcc/tcc/data/known_faces/Francisca/francisca_extra_05.jpg,0.32267884863027074,1
/home/anitadonato/tcc/tcc/data/known_faces/Francisca/francisca_baixa_45_dir.jpg,/home/anitadonato/tcc/tcc/data/known_faces/Francisca/francisca_extra_06.jpg,0.20415963239697138,1
/home/anitadonato/tcc/tcc/data/known_faces/Francisca/francisca_baixa_45_dir.jpg,/home/anitadonato/tcc/tcc/data/known_faces/Francisca/francisca_extra_07.jpg,0.2400446835719703,1
/home/anitadonato/tcc/tcc/data/known_faces/Francisca/francisca_baixa_45_dir.jpg,/home/anitadonato/tcc/tcc/data/known_faces/Francisca/francisca_extra_08.jpg,0.2968864384450629,1
/home/anitadonato/tcc/tcc/data/known_faces/Francisca/francisca_baixa_45_dir.jpg,/home/anitadonato/tcc/tcc/data/known_faces/Francisca/francisca_extra_09.jpg,0.25884789624566623,1
/home/anitadonato/tcc/tcc/data/known_faces/Francisca/francisca_baixa_45_dir.jpg,/home/anitadonato/tcc/tcc/data/known_faces/Francisca/francisca_extra_10.jpg,0.25456113240924505,1
/home/anitadonato/tcc/tcc/data/known_faces/Francisca/francisca_baixa_45_dir.jpg,/home/anitadonato/tcc/tcc/data/known_faces/Francisca/francisca_extra_11.jpg,0.22711166448129583,1
/home/anitadonato/tcc/tcc/data/known_faces/Francisca/francisca_baixa_45_dir.jpg,/home/anitadonato/tcc/tcc/data/known_faces/Francisca/francisca_extra_13.jpg,0.3257258966004258,1
/home/anitadonato/tcc/tcc/data/known_faces/Francisca/francisca_baixa_45_dir.jpg,/home/anitadonato/tcc/tcc/data/known_faces/Francisca/francisca_extra_14.jpg,0.3508711231394284,1
/home/anitadonato/tcc/tcc/data/known_faces/Francisca/francisca_baixa_45_dir.jpg,/home/anitadonato/tcc/tcc/data/known_faces/Francisca/francisca_extra_15.jpg,0.3782977642110266,1
/home/anitadonato/tcc/tcc/data/known_faces/Francisca/francisca_baixa_45_esq.jpg,/home/anitadonato/tcc/tcc/data/known_faces/Francisca/francisca_baixa_frontal.jpg,0.25342843795871506,1
/home/anitadonato/tcc/tcc/data/known_faces/Francisca/francisca_baixa_45_esq.jpg,/home/anitadonato/tcc/tcc/data/known_faces/Francisca/francisca_boa_45_esq.jpg,0.2935609373861001,1
/home/anitadonato/tcc/tcc/data/known_faces/Francisca/francisca_baixa_45_esq.jpg,/home/anitadonato/tcc/tcc/data/known_faces/Francisca/francisca_boa_frontal.jpg,0.2851757870932308,1
/home/anitadonato/tcc/tcc/data/known_faces/Francisca/francisca_baixa_45_esq.jpg,/home/anitadonato/tcc/tcc/data/known_faces/Francisca/francisca_extra_01.jpg,0.23426727797573346,1
/home/anitadonato/tcc/tcc/data/known_faces/Francisca/francisca_baixa_45_esq.jpg,/home/anitadonato/tcc/tcc/data/known_faces/Francisca/francisca_extra_02.jpg,0.24031775371361436,1
/home/anitadonato/tcc/tcc/data/known_faces/Francisca/francisca_baixa_45_esq.jpg,/home/anitadonato/tcc/tcc/data/known_faces/Francisca/francisca_extra_03.jpg,0.2725586184733548,1
/home/anitadonato/tcc/tcc/data/known_faces/Francisca/francisca_baixa_45_esq.jpg,/home/anitadonato/tcc/tcc/data/known_faces/Francisca/francisca_extra_04.jpg,0.2647928418455478,1
/home/anitadonato/tcc/tcc/data/known_faces/Francisca/francisca_baixa_45_esq.jpg,/home/anitadonato/tcc/tcc/data/known_faces/Francisca/francisca_extra_05.jpg,0.32633106104958287,1
/home/anitadonato/tcc/tcc/data/known_faces/Francisca/francisca_baixa_45_esq.jpg,/home/anitadonato/tcc/tcc/data/known_faces/Francisca/francisca_extra_06.jpg,0.18521823034523408,1
/home/anitadonato/tcc/tcc/data/known_faces/Francisca/francisca_baixa_45_esq.jpg,/home/anitadonato/tcc/tcc/data/known_faces/Francisca/francisca_extra_07.jpg,0.12776693297846972,1
/home/anitadonato/tcc/tcc/data/known_faces/Francisca/francisca_baixa_45_esq.jpg,/home/anitadonato/tcc/tcc/data/known_faces/Francisca/francisca_extra_08.jpg,0.27723219571299357,1
/home/anitadonato/tcc/tcc/data/known_faces/Francisca/francisca_baixa_45_esq.jpg,/home/anitadonato/tcc/tcc/data/known_faces/Francisca/francisca_extra_09.jpg,0.22383474734249048,1
/home/anitadonato/tcc/tcc/data/known_faces/Francisca/francisca_baixa_45_esq.jpg,/home/anitadonato/tcc/tcc/data/known_faces/Francisca/francisca_extra_10.jpg,0.22877646833639187,1
/home/anitadonato/tcc/tcc/data/known_faces/Francisca/francisca_baixa_45_esq.jpg,/home/anitadonato/tcc/tcc/data/known_faces/Francisca/francisca_extra_11.jpg,0.28678442779865637,1
/home/anitadonato/tcc/tcc/data/known_faces/Francisca/francisca_baixa_45_esq.jpg,/home/anitadonato/tcc/tcc/data/known_faces/Francisca/francisca_extra_13.jpg,0.30660845657032937,1
/home/anitadonato/tcc/tcc/data/known_faces/Francisca/francisca_baixa_45_esq.jpg,/home/anitadonato/tcc/tcc/data/known_faces/Francisca/francisca_extra_14.jpg,0.32858364464378814,1
/home/anitadonato/tcc/tcc/data/known_faces/Francisca/francisca_baixa_45_esq.jpg,/home/anitadonato/tcc/tcc/data/known_faces/Francisca/francisca_extra_15.jpg,0.3814170832873438,1
/home/anitadonato/tcc/tcc/data/known_faces/Francisca/francisca_baixa_frontal.jpg,/home/anitadonato/tcc/tcc/data/known_faces/Francisca/francisca_boa_45_esq.jpg,0.31797676100460237,1
/home/anitadonato/tcc/tcc/data/known_faces/Francisca/francisca_baixa_frontal.jpg,/home/anitadonato/tcc/tcc/data/known_faces/Francisca/francisca_boa_frontal.jpg,0.269305557022927,1
/home/anitadonato/tcc/tcc/data/known_faces/Francisca/francisca_baixa_frontal.jpg,/home/anitadonato/tcc/tcc/data/known_faces/Francisca/francisca_extra_01.jpg,0.17574341021972417,1
/home/anitadonato/tcc/tcc/data/known_faces/Francisca/francisca_baixa_frontal.jpg,/home/anitadonato/tcc/tcc/data/known_faces/Francisca/francisca_extra_02.jpg,0.0686698059773226,1
/home/anitadonato/tcc/tcc/data/known_faces/Francisca/francisca_baixa_frontal.jpg,/home/anitadonato/tcc/tcc/data/known_faces/Francisca/francisca_extra_03.jpg,0.22102419321040362,1
/home/anitadonato/tcc/tcc/data/known_faces/Francisca/francisca_baixa_frontal.jpg,/home/anitadonato/tcc/tcc/data/known_faces/Francisca/francisca_extra_04.jpg,0.2001561643524326,1
/home/anitadonato/tcc/tcc/data/known_faces/Francisca/francisca_baixa_frontal.jpg,/home/anitadonato/tcc/tcc/data/known_faces/Francisca/francisca_extra_05.jpg,0.2807572541466868,1
/home/anitadonato/tcc/tcc/data/known_faces/Francisca/francisca_baixa_frontal.jpg,/home/anitadonato/tcc/tcc/data/known_faces/Francisca/francisca_extra_06.jpg,0.18022698409191035,1
/home/anitadonato/tcc/tcc/data/known_faces/Francisca/francisca_baixa_frontal.jpg,/home/anitadonato/tcc/tcc/data/known_faces/Francisca/francisca_extra_07.jpg,0.2577116787063384,1
/home/anitadonato/tcc/tcc/data/known_faces/Francisca/francisca_baixa_frontal.jpg,/home/anitadonato/tcc/tcc/data/known_faces/Francisca/francisca_extra_08.jpg,0.3614754543899211,1
/home/anitadonato/tcc/tcc/data/known_faces/Francisca/francisca_baixa_frontal.jpg,/home/anitadonato/tcc/tcc/data/known_faces/Francisca/francisca_extra_09.jpg,0.3103027143395446,1
/home/anitadonato/tcc/tcc/data/known_faces/Francisca/francisca_baixa_frontal.jpg,/home/anitadonato/tcc/tcc/data/known_faces/Francisca/francisca_extra_10.jpg,0.3213130325979836,1
/home/anitadonato/tcc/tcc/data/known_faces/Francisca/francisca_baixa_frontal.jpg,/home/anitadonato/tcc/tcc/data/known_faces/Francisca/francisca_extra_11.jpg,0.3143042561193382,1
/home/anitadonato/tcc/tcc/data/known_faces/Francisca/francisca_baixa_frontal.jpg,/home/anitadonato/tcc/tcc/data/known_faces/Francisca/francisca_extra_13.jpg,0.2943235108968873,1
/home/anitadonato/tcc/tcc/data/known_faces/Francisca/francisca_baixa_frontal.jpg,/home/anitadonato/tcc/tcc/data/known_faces/Francisca/francisca_extra_14.jpg,0.3243320026821068,1
/home/anitadonato/tcc/tcc/data/known_faces/Francisca/francisca_baixa_frontal.jpg,/home/anitadonato/tcc/tcc/data/known_faces/Francisca/francisca_extra_15.jpg,0.37682923203870117,1
/home/anitadonato/tcc/tcc/data/known_faces/Francisca/francisca_boa_45_esq.jpg,/home/anitadonato/tcc/tcc/data/known_faces/Francisca/francisca_boa_frontal.jpg,0.2573682011288353,1
/home/anitadonato/tcc/tcc/data/known_faces/Francisca/francisca_boa_45_esq.jpg,/home/anitadonato/tcc/tcc/data/known_faces/Francisca/francisca_extra_01.jpg,0.3397064834459751,1
/home/anitadonato/tcc/tcc/data/known_faces/Francisca/francisca_boa_45_esq.jpg,/home/anitadonato/tcc/tcc/data/known_faces/Francisca/francisca_extra_02.jpg,0.3272896809098266,1
/home/anitadonato/tcc/tcc/data/known_faces/Francisca/francisca_boa_45_esq.jpg,/home/anitadonato/tcc/tcc/data/known_faces/Francisca/francisca_extra_03.jpg,0.31981362924484463,1
/home/anitadonato/tcc/tcc/data/known_faces/Francisca/francisca_boa_45_esq.jpg,/home/anitadonato/tcc/tcc/data/known_faces/Francisca/francisca_extra_04.jpg,0.3555199987222195,1
/home/anitadonato/tcc/tcc/data/known_faces/Francisca/francisca_boa_45_esq.jpg,/home/anitadonato/tcc/tcc/data/known_faces/Francisca/francisca_extra_05.jpg,0.3934635380237635,1
/home/anitadonato/tcc/tcc/data/known_faces/Francisca/francisca_boa_45_esq.jpg,/home/anitadonato/tcc/tcc/data/known_faces/Francisca/francisca_extra_06.jpg,0.29891474837127435,1
/home/anitadonato/tcc/tcc/data/known_faces/Francisca/francisca_boa_45_esq.jpg,/home/anitadonato/tcc/tcc/data/known_faces/Francisca/francisca_extra_07.jpg,0.26310857347963573,1
/home/anitadonato/tcc/tcc/data/known_faces/Francisca/francisca_boa_45_esq.jpg,/home/anitadonato/tcc/tcc/data/known_faces/Francisca/francisca_extra_08.jpg,0.3717807763575175,1
/home/anitadonato/tcc/tcc/data/known_faces/Francisca/francisca_boa_45_esq.jpg,/home/anitadonato/tcc/tcc/data/known_faces/Francisca/francisca_extra_09.jpg,0.31522009462847433,1
/home/anitadonato/tcc/tcc/data/known_faces/Francisca/francisca_boa_45_esq.jpg,/home/anitadonato/tcc/tcc/data/known_faces/Francisca/francisca_extra_10.jpg,0.3090250717528782,1
/home/anitadonato/tcc/tcc/data/known_faces/Francisca/francisca_boa_45_esq.jpg,/home/anitadonato/tcc/tcc/data/known_faces/Francisca/francisca_extra_11.jpg,0.30695792560193796,1
/home/anitadonato/tcc/tcc/data/known_faces/Francisca/francisca_boa_45_esq.jpg,/home/anitadonato/tcc/tcc/data/known_faces/Francisca/francisca_extra_13.jpg,0.3058341677493023,1
/home/anitadonato/tcc/tcc/data/known_faces/Francisca/francisca_boa_45_esq.jpg,/home/anitadonato/tcc/tcc/data/known_faces/Francisca/francisca_extra_14.jpg,0.3165887520403413,1
/home/anitadonato/tcc/tcc/data/known_faces/Francisca/francisca_boa_45_esq.jpg,/home/anitadonato/tcc/tcc/data/known_faces/Francisca/francisca_extra_15.jpg,0.3365127093853297,1
/home/anitadonato/tcc/tcc/data/known_faces/Francisca/francisca_boa_frontal.jpg,/home/anitadonato/tcc/tcc/data/known_faces/Francisca/francisca_extra_01.jpg,0.282987077482479,1
/home/anitadonato/tcc/tcc/data/known_faces/Francisca/francisca_boa_frontal.jpg,/home/anitadonato/tcc/tcc/data/known_faces/Francisca/francisca_extra_02.jpg,0.2661740220408806,1
/home/anitadonato/tcc/tcc/data/known_faces/Francisca/francisca_boa_frontal.jpg,/home/anitadonato/tcc/tcc/data/known_faces/Francisca/francisca_extra_03.jpg,0.2954098699913542,1
/home/anitadonato/tcc/tcc/data/known_faces/Francisca/francisca_boa_frontal.jpg,/home/anitadonato/tcc/tcc/data/known_faces/Francisca/francisca_extra_04.jpg,0.29446443046300197,1
/home/anitadonato/tcc/tcc/data/known_faces/Francisca/francisca_boa_frontal.jpg,/home/anitadonato/tcc/tcc/data/known_faces/Francisca/francisca_extra_05.jpg,0.3208419082163477,1
/home/anitadonato/tcc/tcc/data/known_faces/Francisca/francisca_boa_frontal.jpg,/home/anitadonato/tcc/tcc/data/known_faces/Francisca/francisca_extra_06.jpg,0.2526364504994375,1
/home/anitadonato/tcc/tcc/data/known_faces/Francisca/francisca_boa_frontal.jpg,/home/anitadonato/tcc/tcc/data/known_faces/Francisca/francisca_extra_07.jpg,0.2948151429326255,1
/home/anitadonato/tcc/tcc/data/known_faces/Francisca/francisca_boa_frontal.jpg,/home/anitadonato/tcc/tcc/data/known_faces/Francisca/francisca_extra_08.jpg,0.398925158997809,1
/home/anitadonato/tcc/tcc/data/known_faces/Francisca/francisca_boa_frontal.jpg,/home/anitadonato/tcc/tcc/data/known_faces/Francisca/francisca_extra_09.jpg,0.32308621200521936,1
/home/anitadonato/tcc/tcc/data/known_faces/Francisca/francisca_boa_frontal.jpg,/home/anitadonato/tcc/tcc/data/known_faces/Francisca/francisca_extra_10.jpg,0.3259838038470572,1
/home/anitadonato/tcc/tcc/data/known_faces/Francisca/francisca_boa_frontal.jpg,/home/anitadonato/tcc/tcc/data/known_faces/Francisca/francisca_extra_11.jpg,0.32215354580457656,1
/home/anitadonato/tcc/tcc/data/known_faces/Francisca/francisca_boa_frontal.jpg,/home/anitadonato/tcc/tcc/data/known_faces/Francisca/francisca_extra_13.jpg,0.25984753654596154,1
/home/anitadonato/tcc/tcc/data/known_faces/Francisca/francisca_boa_frontal.jpg,/home/anitadonato/tcc/tcc/data/known_faces/Francisca/francisca_extra_14.jpg,0.2928749610397804,1
/home/anitadonato/tcc/tcc/data/known_faces/Francisca/francisca_boa_frontal.jpg,/home/anitadonato/tcc/tcc/data/known_faces/Francisca/francisca_extra_15.jpg,0.2673748547283251,1
/home/anitadonato/tcc/tcc/data/known_faces/Francisca/francisca_extra_01.jpg,/home/anitadonato/tcc/tcc/data/known_faces/Francisca/francisca_extra_02.jpg,0.15384694512014188,1
/home/anitadonato/tcc/tcc/data/known_faces/Francisca/francisca_extra_01.jpg,/home/anitadonato/tcc/tcc/data/known_faces/Francisca/francisca_extra_03.jpg,0.1831319102422107,1
/home/anitadonato/tcc/tcc/data/known_faces/Francisca/francisca_extra_01.jpg,/home/anitadonato/tcc/tcc/data/known_faces/Francisca/francisca_extra_04.jpg,0.22740248156356482,1
/home/anitadonato/tcc/tcc/data/known_faces/Francisca/francisca_extra_01.jpg,/home/anitadonato/tcc/tcc/data/known_faces/Francisca/francisca_extra_05.jpg,0.2893906954180371,1
/home/anitadonato/tcc/tcc/data/known_faces/Francisca/francisca_extra_01.jpg,/home/anitadonato/tcc/tcc/data/known_faces/Francisca/francisca_extra_06.jpg,0.20194565663690528,1
/home/anitadonato/tcc/tcc/data/known_faces/Francisca/francisca_extra_01.jpg,/home/anitadonato/tcc/tcc/data/known_faces/Francisca/francisca_extra_07.jpg,0.26199918766702673,1
/home/anitadonato/tcc/tcc/data/known_faces/Francisca/francisca_extra_01.jpg,/home/anitadonato/tcc/tcc/data/known_faces/Francisca/francisca_extra_08.jpg,0.3663882755785611,1
/home/anitadonato/tcc/tcc/data/known_faces/Francisca/francisca_extra_01.jpg,/home/anitadonato/tcc/tcc/data/known_faces/Francisca/francisca_extra_09.jpg,0.30514332527140564,1
/home/anitadonato/tcc/tcc/data/known_faces/Francisca/francisca_extra_01.jpg,/home/anitadonato/tcc/tcc/data/known_faces/Francisca/francisca_extra_10.jpg,0.32119950950951337,1
/home/anitadonato/tcc/tcc/data/known_faces/Francisca/francisca_extra_01.jpg,/home/anitadonato/tcc/tcc/data/known_faces/Francisca/francisca_extra_11.jpg,0.34186268484453425,1
/home/anitadonato/tcc/tcc/data/known_faces/Francisca/francisca_extra_01.jpg,/home/anitadonato/tcc/tcc/data/known_faces/Francisca/francisca_extra_13.jpg,0.30525761595168527,1
/home/anitadonato/tcc/tcc/data/known_faces/Francisca/francisca_extra_01.jpg,/home/anitadonato/tcc/tcc/data/known_faces/Francisca/francisca_extra_14.jpg,0.3480144006286514,1
/home/anitadonato/tcc/tcc/data/known_faces/Francisca/francisca_extra_01.jpg,/home/anitadonato/tcc/tcc/data/known_faces/Francisca/francisca_extra_15.jpg,0.37922233786143605,1
/home/anitadonato/tcc/tcc/data/known_faces/Francisca/francisca_extra_02.jpg,/home/anitadonato/tcc/tcc/data/known_faces/Francisca/francisca_extra_03.jpg,0.21739596738917524,1
/home/anitadonato/tcc/tcc/data/known_faces/Francisca/francisca_extra_02.jpg,/home/anitadonato/tcc/tcc/data/known_faces/Francisca/francisca_extra_04.jpg,0.19216303164317955,1
/home/anitadonato/tcc/tcc/data/known_faces/Francisca/francisca_extra_02.jpg,/home/anitadonato/tcc/tcc/data/known_faces/Francisca/francisca_extra_05.jpg,0.2681061336325148,1
/home/anitadonato/tcc/tcc/data/known_faces/Francisca/francisca_extra_02.jpg,/home/anitadonato/tcc/tcc/data/known_faces/Francisca/francisca_extra_06.jpg,0.16979943569936815,1
/home/anitadonato/tcc/tcc/data/known_faces/Francisca/francisca_extra_02.jpg,/home/anitadonato/tcc/tcc/data/known_faces/Francisca/francisca_extra_07.jpg,0.25163593576592697,1
/home/anitadonato/tcc/tcc/data/known_faces/Francisca/francisca_extra_02.jpg,/home/anitadonato/tcc/tcc/data/known_faces/Francisca/francisca_extra_08.jpg,0.34899693898928336,1
/home/anitadonato/tcc/tcc/data/known_faces/Francisca/francisca_extra_02.jpg,/home/anitadonato/tcc/tcc/data/known_faces/Francisca/francisca_extra_09.jpg,0.29524369164894493,1
/home/anitadonato/tcc/tcc/data/known_faces/Francisca/francisca_extra_02.jpg,/home/anitadonato/tcc/tcc/data/known_faces/Francisca/francisca_extra_10.jpg,0.31075620819113875,1
/home/anitadonato/tcc/tcc/data/known_faces/Francisca/francisca_extra_02.jpg,/home/anitadonato/tcc/tcc/data/known_faces/Francisca/francisca_extra_11.jpg,0.324554662899958,1
/home/anitadonato/tcc/tcc/data/known_faces/Francisca/francisca_extra_02.jpg,/home/anitadonato/tcc/tcc/data/known_faces/Francisca/francisca_extra_13.jpg,0.2919893199540354,1
/home/anitadonato/tcc/tcc/data/known_faces/Francisca/francisca_extra_02.jpg,/home/anitadonato/tcc/tcc/data/known_faces/Francisca/francisca_extra_14.jpg,0.3319082586469335,1
/home/anitadonato/tcc/tcc/data/known_faces/Francisca/francisca_extra_02.jpg,/home/anitadonato/tcc/tcc/data/known_faces/Francisca/francisca_extra_15.jpg,0.3743251746834418,1
/home/anitadonato/tcc/tcc/data/known_faces/Francisca/francisca_extra_03.jpg,/home/anitadonato/tcc/tcc/data/known_faces/Francisca/francisca_extra_04.jpg,0.2711191623874043,1
/home/anitadonato/tcc/tcc/data/known_faces/Francisca/francisca_extra_03.jpg,/home/anitadonato/tcc/tcc/data/known_faces/Francisca/francisca_extra_05.jpg,0.31687229300881287,1
/home/anitadonato/tcc/tcc/data/known_faces/Francisca/francisca_extra_03.jpg,/home/anitadonato/tcc/tcc/data/known_faces/Francisca/francisca_extra_06.jpg,0.2604068339309715,1
/home/anitadonato/tcc/tcc/data/known_faces/Francisca/francisca_extra_03.jpg,/home/anitadonato/tcc/tcc/data/known_faces/Francisca/francisca_extra_07.jpg,0.2723034158600236,1
/home/anitadonato/tcc/tcc/data/known_faces/Francisca/francisca_extra_03.jpg,/home/anitadonato/tcc/tcc/data/known_faces/Francisca/francisca_extra_08.jpg,0.4086050492677051,1
/home/anitadonato/tcc/tcc/data/known_faces/Francisca/francisca_extra_03.jpg,/home/anitadonato/tcc/tcc/data/known_faces/Francisca/francisca_extra_09.jpg,0.3538740456615561,1
/home/anitadonato/tcc/tcc/data/known_faces/Francisca/francisca_extra_03.jpg,/home/anitadonato/tcc/tcc/data/known_faces/Francisca/francisca_extra_10.jpg,0.36406580198904437,1
/home/anitadonato/tcc/tcc/data/known_faces/Francisca/francisca_extra_03.jpg,/home/anitadonato/tcc/tcc/data/known_faces/Francisca/francisca_extra_11.jpg,0.3425471520517175,1
/home/anitadonato/tcc/tcc/data/known_faces/Francisca/francisca_extra_03.jpg,/home/anitadonato/tcc/tcc/data/known_faces/Francisca/francisca_extra_13.jpg,0.2830490315553716,1
/home/anitadonato/tcc/tcc/data/known_faces/Francisca/francisca_extra_03.jpg,/home/anitadonato/tcc/tcc/data/known_faces/Francisca/francisca_extra_14.jpg,0.31683189948338475,1
/home/anitadonato/tcc/tcc/data/known_faces/Francisca/francisca_extra_03.jpg,/home/anitadonato/tcc/tcc/data/known_faces/Francisca/francisca_extra_15.jpg,0.39265368003932566,1
/home/anitadonato/tcc/tcc/data/known_faces/Francisca/francisca_extra_04.jpg,/home/anitadonato/tcc/tcc/data/known_faces/Francisca/francisca_extra_05.jpg,0.1279072132671026,1
/home/anitadonato/tcc/tcc/data/known_faces/Francisca/francisca_extra_04.jpg,/home/anitadonato/tcc/tcc/data/known_faces/Francisca/francisca_extra_06.jpg,0.15517226083952512,1
/home/anitadonato/tcc/tcc/data/known_faces/Francisca/francisca_extra_04.jpg,/home/anitadonato/tcc/tcc/data/known_faces/Francisca/francisca_extra_07.jpg,0.2864694219688075,1
/home/anitadonato/tcc/tcc/data/known_faces/Francisca/francisca_extra_04.jpg,/home/anitadonato/tcc/tcc/data/known_faces/Francisca/francisca_extra_08.jpg,0.3946085603461757,1
/home/anitadonato/tcc/tcc/data/known_faces/Francisca/francisca_extra_04.jpg,/home/anitadonato/tcc/tcc/data/known_faces/Francisca/francisca_extra_09.jpg,0.33637242455171057,1
/home/anitadonato/tcc/tcc/data/known_faces/Francisca/francisca_extra_04.jpg,/home/anitadonato/tcc/tcc/data/known_faces/Francisca/francisca_extra_10.jpg,0.34846987047197475,1
/home/anitadonato/tcc/tcc/data/known_faces/Francisca/francisca_extra_04.jpg,/home/anitadonato/tcc/tcc/data/known_faces/Francisca/francisca_extra_11.jpg,0.3497760983789163,1
/home/anitadonato/tcc/tcc/data/known_faces/Francisca/francisca_extra_04.jpg,/home/anitadonato/tcc/tcc/data/known_faces/Francisca/francisca_extra_13.jpg,0.332342594596774,1
/home/anitadonato/tcc/tcc/data/known_faces/Francisca/francisca_extra_04.jpg,/home/anitadonato/tcc/tcc/data/known_faces/Francisca/francisca_extra_14.jpg,0.34058772979224755,1
/home/anitadonato/tcc/tcc/data/known_faces/Francisca/francisca_extra_04.jpg,/home/anitadonato/tcc/tcc/data/known_faces/Francisca/francisca_extra_15.jpg,0.4160768023964122,1
/home/anitadonato/tcc/tcc/data/known_faces/Francisca/francisca_extra_05.jpg,/home/anitadonato/tcc/tcc/data/known_faces/Francisca/francisca_extra_06.jpg,0.2160632858699459,1
/home/anitadonato/tcc/tcc/data/known_faces/Francisca/francisca_extra_05.jpg,/home/anitadonato/tcc/tcc/data/known_faces/Francisca/francisca_extra_07.jpg,0.3452033430693118,1
/home/anitadonato/tcc/tcc/data/known_faces/Francisca/francisca_extra_05.jpg,/home/anitadonato/tcc/tcc/data/known_faces/Francisca/francisca_extra_08.jpg,0.4384826819285282,1
/home/anitadonato/tcc/tcc/data/known_faces/Francisca/francisca_extra_05.jpg,/home/anitadonato/tcc/tcc/data/known_faces/Francisca/francisca_extra_09.jpg,0.37721530935282227,1
/home/anitadonato/tcc/tcc/data/known_faces/Francisca/francisca_extra_05.jpg,/home/anitadonato/tcc/tcc/data/known_faces/Francisca/francisca_extra_10.jpg,0.3917274874453397,1
/home/anitadonato/tcc/tcc/data/known_faces/Francisca/francisca_extra_05.jpg,/home/anitadonato/tcc/tcc/data/known_faces/Francisca/francisca_extra_11.jpg,0.38949418583698614,1
/home/anitadonato/tcc/tcc/data/known_faces/Francisca/francisca_extra_05.jpg,/home/anitadonato/tcc/tcc/data/known_faces/Francisca/francisca_extra_13.jpg,0.3568408821555072,1
/home/anitadonato/tcc/tcc/data/known_faces/Francisca/francisca_extra_05.jpg,/home/anitadonato/tcc/tcc/data/known_faces/Francisca/francisca_extra_14.jpg,0.37464788925795606,1
/home/anitadonato/tcc/tcc/data/known_faces/Francisca/francisca_extra_05.jpg,/home/anitadonato/tcc/tcc/data/known_faces/Francisca/francisca_extra_15.jpg,0.4372251678417052,1
/home/anitadonato/tcc/tcc/data/known_faces/Francisca/francisca_extra_06.jpg,/home/anitadonato/tcc/tcc/data/known_faces/Francisca/francisca_extra_07.jpg,0.22200112292068083,1
/home/anitadonato/tcc/tcc/data/known_faces/Francisca/francisca_extra_06.jpg,/home/anitadonato/tcc/tcc/data/known_faces/Francisca/francisca_extra_08.jpg,0.32964130556365756,1
/home/anitadonato/tcc/tcc/data/known_faces/Francisca/francisca_extra_06.jpg,/home/anitadonato/tcc/tcc/data/known_faces/Francisca/francisca_extra_09.jpg,0.2638499445305644,1
/home/anitadonato/tcc/tcc/data/known_faces/Francisca/francisca_extra_06.jpg,/home/anitadonato/tcc/tcc/data/known_faces/Francisca/francisca_extra_10.jpg,0.2745064662161972,1
/home/anitadonato/tcc/tcc/data/known_faces/Francisca/francisca_extra_06.jpg,/home/anitadonato/tcc/tcc/data/known_faces/Francisca/francisca_extra_11.jpg,0.28669790688729657,1
/home/anitadonato/tcc/tcc/data/known_faces/Francisca/francisca_extra_06.jpg,/home/anitadonato/tcc/tcc/data/known_faces/Francisca/francisca_extra_13.jpg,0.303418898649802,1
/home/anitadonato/tcc/tcc/data/known_faces/Francisca/francisca_extra_06.jpg,/home/anitadonato/tcc/tcc/data/known_faces/Francisca/francisca_extra_14.jpg,0.3155106470840368,1
/home/anitadonato/tcc/tcc/data/known_faces/Francisca/francisca_extra_06.jpg,/home/anitadonato/tcc/tcc/data/known_faces/Francisca/francisca_extra_15.jpg,0.3810553908819284,1
/home/anitadonato/tcc/tcc/data/known_faces/Francisca/francisca_extra_07.jpg,/home/anitadonato/tcc/tcc/data/known_faces/Francisca/francisca_extra_08.jpg,0.27081318310437447,1
/home/anitadonato/tcc/tcc/data/known_faces/Francisca/francisca_extra_07.jpg,/home/anitadonato/tcc/tcc/data/known_faces/Francisca/francisca_extra_09.jpg,0.23308051688567757,1
/home/anitadonato/tcc/tcc/data/known_faces/Francisca/francisca_extra_07.jpg,/home/anitadonato/tcc/tcc/data/known_faces/Francisca/francisca_extra_10.jpg,0.2318750107449589,1
/home/anitadonato/tcc/tcc/data/known_faces/Francisca/francisca_extra_07.jpg,/home/anitadonato/tcc/tcc/data/known_faces/Francisca/francisca_extra_11.jpg,0.28676656312800625,1
/home/anitadonato/tcc/tcc/data/known_faces/Francisca/francisca_extra_07.jpg,/home/anitadonato/tcc/tcc/data/known_faces/Francisca/francisca_extra_13.jpg,0.29390840044043515,1
/home/anitadonato/tcc/tcc/data/known_faces/Francisca/francisca_extra_07.jpg,/home/anitadonato/tcc/tcc/data/known_faces/Francisca/francisca_extra_14.jpg,0.3151737183932554,1
/home/anitadonato/tcc/tcc/data/known_faces/Francisca/francisca_extra_07.jpg,/home/anitadonato/tcc/tcc/data/known_faces/Francisca/francisca_extra_15.jpg,0.3661408568286564,1
/home/anitadonato/tcc/tcc/data/known_faces/Francisca/francisca_extra_08.jpg,/home/anitadonato/tcc/tcc/data/known_faces/Francisca/francisca_extra_09.jpg,0.1939845839442461,1
/home/anitadonato/tcc/tcc/data/known_faces/Francisca/francisca_extra_08.jpg,/home/anitadonato/tcc/tcc/data/known_faces/Francisca/francisca_extra_10.jpg,0.20259225738624886,1
/home/anitadonato/tcc/tcc/data/known_faces/Francisca/francisca_extra_08.jpg,/home/anitadonato/tcc/tcc/data/known_faces/Francisca/francisca_extra_11.jpg,0.3510260346334502,1
/home/anitadonato/tcc/tcc/data/known_faces/Francisca/francisca_extra_08.jpg,/home/anitadonato/tcc/tcc/data/known_faces/Francisca/francisca_extra_13.jpg,0.40049436166500474,1
/home/anitadonato/tcc/tcc/data/known_faces/Francisca/francisca_extra_08.jpg,/home/anitadonato/tcc/tcc/data/known_faces/Francisca/francisca_extra_14.jpg,0.41045547583256226,1
/home/anitadonato/tcc/tcc/data/known_faces/Francisca/francisca_extra_08.jpg,/home/anitadonato/tcc/tcc/data/known_faces/Francisca/francisca_extra_15.jpg,0.38841325543263827,1
/home/anitadonato/tcc/tcc/data/known_faces/Francisca/francisca_extra_09.jpg,/home/anitadonato/tcc/tcc/data/known_faces/Francisca/francisca_extra_10.jpg,0.06321078151907003,1
/home/anitadonato/tcc/tcc/data/known_faces/Francisca/francisca_extra_09.jpg,/home/anitadonato/tcc/tcc/data/known_faces/Francisca/francisca_extra_11.jpg,0.3007844956134551,1
/home/anitadonato/tcc/tcc/data/known_faces/Francisca/francisca_extra_09.jpg,/home/anitadonato/tcc/tcc/data/known_faces/Francisca/francisca_extra_13.jpg,0.319767766957557,1
/home/anitadonato/tcc/tcc/data/known_faces/Francisca/francisca_extra_09.jpg,/home/anitadonato/tcc/tcc/data/known_faces/Francisca/francisca_extra_14.jpg,0.3698234984736282,1
/home/anitadonato/tcc/tcc/data/known_faces/Francisca/francisca_extra_09.jpg,/home/anitadonato/tcc/tcc/data/known_faces/Francisca/francisca_extra_15.jpg,0.3465283006535107,1
/home/anitadonato/tcc/tcc/data/known_faces/Francisca/francisca_extra_10.jpg,/home/anitadonato/tcc/tcc/data/known_faces/Francisca/francisca_extra_11.jpg,0.29152896298653397,1
/home/anitadonato/tcc/tcc/data/known_faces/Francisca/francisca_extra_10.jpg,/home/anitadonato/tcc/tcc/data/known_faces/Francisca/francisca_extra_13.jpg,0.3221057357379303,1
/home/anitadonato/tcc/tcc/data/known_faces/Francisca/francisca_extra_10.jpg,/home/anitadonato/tcc/tcc/data/known_faces/Francisca/francisca_extra_14.jpg,0.3633493956180186,1
/home/anitadonato/tcc/tcc/data/known_faces/Francisca/francisca_extra_10.jpg,/home/anitadonato/tcc/tcc/data/known_faces/Francisca/francisca_extra_15.jpg,0.33789676648179523,1
/home/anitadonato/tcc/tcc/data/known_faces/Francisca/francisca_extra_11.jpg,/home/anitadonato/tcc/tcc/data/known_faces/Francisca/francisca_extra_13.jpg,0.35015713054393505,1
/home/anitadonato/tcc/tcc/data/known_faces/Francisca/francisca_extra_11.jpg,/home/anitadonato/tcc/tcc/data/known_faces/Francisca/francisca_extra_14.jpg,0.37239886566423774,1
/home/anitadonato/tcc/tcc/data/known_faces/Francisca/francisca_extra_11.jpg,/home/anitadonato/tcc/tcc/data/known_faces/Francisca/francisca_extra_15.jpg,0.4031425582421167,1
/home/anitadonato/tcc/tcc/data/known_faces/Francisca/francisca_extra_13.jpg,/home/anitadonato/tcc/tcc/data/known_faces/Francisca/francisca_extra_14.jpg,0.2066511452786336,1
/home/anitadonato/tcc/tcc/data/known_faces/Francisca/francisca_extra_13.jpg,/home/anitadonato/tcc/tcc/data/known_faces/Francisca/francisca_extra_15.jpg,0.34724839567903154,1
/home/anitadonato/tcc/tcc/data/known_faces/Francisca/francisca_extra_14.jpg,/home/anitadonato/tcc/tcc/data/known_faces/Francisca/francisca_extra_15.jpg,0.3482723611397227,1
/home/anitadonato/tcc/tcc/data/known_faces/JUNIOR/junior_baixa_45_1m.jpeg,/home/anitadonato/tcc/tcc/data/known_faces/JUNIOR/junior_baixa_45_30cm.jpeg,0.25489854803183726,1
/home/anitadonato/tcc/tcc/data/known_faces/JUNIOR/junior_baixa_45_1m.jpeg,/home/anitadonato/tcc/tcc/data/known_faces/JUNIOR/junior_baixa_frontal_1m.jpeg,0.43283084594597393,1
/home/anitadonato/tcc/tcc/data/known_faces/JUNIOR/junior_baixa_45_1m.jpeg,/home/anitadonato/tcc/tcc/data/known_faces/JUNIOR/junior_baixa_frontal_30cm.jpeg,0.4750555414274342,1
/home/anitadonato/tcc/tcc/data/known_faces/JUNIOR/junior_baixa_45_1m.jpeg,/home/anitadonato/tcc/tcc/data/known_faces/JUNIOR/junior_boa_45_1m.jpeg,0.4212807772302002,1
/home/anitadonato/tcc/tcc/data/known_faces/JUNIOR/junior_baixa_45_1m.jpeg,/home/anitadonato/tcc/tcc/data/known_faces/JUNIOR/junior_boa_45_30cm.jpeg,0.41864811518001616,1
/home/anitadonato/tcc/tcc/data/known_faces/JUNIOR/junior_baixa_45_1m.jpeg,/home/anitadonato/tcc/tcc/data/known_faces/JUNIOR/junior_boa_frontal_1m.jpeg,0.4615261606156135,1
/home/anitadonato/tcc/tcc/data/known_faces/JUNIOR/junior_baixa_45_1m.jpeg,/home/anitadonato/tcc/tcc/data/known_faces/JUNIOR/junior_boa_frontal_30cm.jpeg,0.5126128759639563,1
/home/anitadonato/tcc/tcc/data/known_faces/JUNIOR/junior_baixa_45_1m.jpeg,/home/anitadonato/tcc/tcc/data/known_faces/JUNIOR/junior_extra_01.jpeg,0.6093891080531816,1
/home/anitadonato/tcc/tcc/data/known_faces/JUNIOR/junior_baixa_45_1m.jpeg,/home/anitadonato/tcc/tcc/data/known_faces/JUNIOR/junior_extra_02.jpeg,0.4905993000406167,1
/home/anitadonato/tcc/tcc/data/known_faces/JUNIOR/junior_baixa_45_1m.jpeg,/home/anitadonato/tcc/tcc/data/known_faces/JUNIOR/junior_extra_03.jpeg,0.49765725116871246,1
/home/anitadonato/tcc/tcc/data/known_faces/JUNIOR/junior_baixa_45_1m.jpeg,/home/anitadonato/tcc/tcc/data/known_faces/JUNIOR/junior_extra_04.jpeg,0.5513272061839467,1
/home/anitadonato/tcc/tcc/data/known_faces/JUNIOR/junior_baixa_45_1m.jpeg,/home/anitadonato/tcc/tcc/data/known_faces/JUNIOR/junior_extra_05.jpeg,0.49629396006645554,1
/home/anitadonato/tcc/tcc/data/known_faces/JUNIOR/junior_baixa_45_1m.jpeg,/home/anitadonato/tcc/tcc/data/known_faces/JUNIOR/junior_extra_06.jpeg,0.501722687708807,1
/home/anitadonato/tcc/tcc/data/known_faces/JUNIOR/junior_baixa_45_1m.jpeg,/home/anitadonato/tcc/tcc/data/known_faces/JUNIOR/junior_extra_07.jpeg,0.5171715941625231,1
/home/anitadonato/tcc/tcc/data/known_faces/JUNIOR/junior_baixa_45_1m.jpeg,/home/anitadonato/tcc/tcc/data/known_faces/JUNIOR/junior_extra_08.jpeg,0.5431376593103687,1
/home/anitadonato/tcc/tcc/data/known_faces/JUNIOR/junior_baixa_45_1m.jpeg,/home/anitadonato/tcc/tcc/data/known_faces/JUNIOR/junior_moderada_45_1m.jpeg,0.40462267309678185,1
/home/anitadonato/tcc/tcc/data/known_faces/JUNIOR/junior_baixa_45_1m.jpeg,/home/anitadonato/tcc/tcc/data/known_faces/JUNIOR/junior_moderada_45_30cm.jpeg,0.4243296914022897,1
/home/anitadonato/tcc/tcc/data/known_faces/JUNIOR/junior_baixa_45_1m.jpeg,/home/anitadonato/tcc/tcc/data/known_faces/JUNIOR/junior_moderada_frontal_1m.jpeg,0.44174438923533504,1
/home/anitadonato/tcc/tcc/data/known_faces/JUNIOR/junior_baixa_45_1m.jpeg,/home/anitadonato/tcc/tcc/data/known_faces/JUNIOR/junior_moderada_frontal_30cm.jpeg,0.47643841604559584,1
/home/anitadonato/tcc/tcc/data/known_faces/JUNIOR/junior_baixa_45_30cm.jpeg,/home/anitadonato/tcc/tcc/data/known_faces/JUNIOR/junior_baixa_frontal_1m.jpeg,0.4654013417185798,1
/home/anitadonato/tcc/tcc/data/known_faces/JUNIOR/junior_baixa_45_30cm.jpeg,/home/anitadonato/tcc/tcc/data/known_faces/JUNIOR/junior_baixa_frontal_30cm.jpeg,0.5047885724985596,1
/home/anitadonato/tcc/tcc/data/known_faces/JUNIOR/junior_baixa_45_30cm.jpeg,/home/anitadonato/tcc/tcc/data/known_faces/JUNIOR/junior_boa_45_1m.jpeg,0.4495098789204673,1
/home/anitadonato/tcc/tcc/data/known_faces/JUNIOR/junior_baixa_45_30cm.jpeg,/home/anitadonato/tcc/tcc/data/known_faces/JUNIOR/junior_boa_45_30cm.jpeg,0.4105802225708172,1
/home/anitadonato/tcc/tcc/data/known_faces/JUNIOR/junior_baixa_45_30cm.jpeg,/home/anitadonato/tcc/tcc/data/known_faces/JUNIOR/junior_boa_frontal_1m.jpeg,0.47891435909381325,1
/home/anitadonato/tcc/tcc/data/known_faces/JUNIOR/junior_baixa_45_30cm.jpeg,/home/anitadonato/tcc/tcc/data/known_faces/JUNIOR/junior_boa_frontal_30cm.jpeg,0.506721925067975,1
/home/anitadonato/tcc/tcc/data/known_faces/JUNIOR/junior_baixa_45_30cm.jpeg,/home/anitadonato/tcc/tcc/data/known_faces/JUNIOR/junior_extra_01.jpeg,0.6069275222319009,1
/home/anitadonato/tcc/tcc/data/known_faces/JUNIOR/junior_baixa_45_30cm.jpeg,/home/anitadonato/tcc/tcc/data/known_faces/JUNIOR/junior_extra_02.jpeg,0.5261966940161968,1
/home/anitadonato/tcc/tcc/data/known_faces/JUNIOR/junior_baixa_45_30cm.jpeg,/home/anitadonato/tcc/tcc/data/known_faces/JUNIOR/junior_extra_03.jpeg,0.5108263258054978,1
/home/anitadonato/tcc/tcc/data/known_faces/JUNIOR/junior_baixa_45_30cm.jpeg,/home/anitadonato/tcc/tcc/data/known_faces/JUNIOR/junior_extra_04.jpeg,0.5808323328961136,1
/home/anitadonato/tcc/tcc/data/known_faces/JUNIOR/junior_baixa_45_30cm.jpeg,/home/anitadonato/tcc/tcc/data/known_faces/JUNIOR/junior_extra_05.jpeg,0.5423600682263127,1
/home/anitadonato/tcc/tcc/data/known_faces/JUNIOR/junior_baixa_45_30cm.jpeg,/home/anitadonato/tcc/tcc/data/known_faces/JUNIOR/junior_extra_06.jpeg,0.543614501819017,1
/home/anitadonato/tcc/tcc/data/known_faces/JUNIOR/junior_baixa_45_30cm.jpeg,/home/anitadonato/tcc/tcc/data/known_faces/JUNIOR/junior_extra_07.jpeg,0.5497217996969367,1
/home/anitadonato/tcc/tcc/data/known_faces/JUNIOR/junior_baixa_45_30cm.jpeg,/home/anitadonato/tcc/tcc/data/known_faces/JUNIOR/junior_extra_08.jpeg,0.5755461961906064,1
/home/anitadonato/tcc/tcc/data/known_faces/JUNIOR/junior_baixa_45_30cm.jpeg,/home/anitadonato/tcc/tcc/data/known_faces/JUNIOR/junior_moderada_45_1m.jpeg,0.43305704178207943,1
/home/anitadonato/tcc/tcc/data/known_faces/JUNIOR/junior_baixa_45_30cm.jpeg,/home/anitadonato/tcc/tcc/data/known_faces/JUNIOR/junior_moderada_45_30cm.jpeg,0.4243932217248633,1
/home/anitadonato/tcc/tcc/data/known_faces/JUNIOR/junior_baixa_45_30cm.jpeg,/home/anitadonato/tcc/tcc/data/known_faces/JUNIOR/junior_moderada_frontal_1m.jpeg,0.47568361352800764,1
/home/anitadonato/tcc/tcc/data/known_faces/JUNIOR/junior_baixa_45_30cm.jpeg,/home/anitadonato/tcc/tcc/data/known_faces/JUNIOR/junior_moderada_frontal_30cm.jpeg,0.5043472062984206,1
/home/anitadonato/tcc/tcc/data/known_faces/JUNIOR/junior_baixa_frontal_1m.jpeg,/home/anitadonato/tcc/tcc/data/known_faces/JUNIOR/junior_baixa_frontal_30cm.jpeg,0.21685448416691425,1
/home/anitadonato/tcc/tcc/data/known_faces/JUNIOR/junior_baixa_frontal_1m.jpeg,/home/anitadonato/tcc/tcc/data/known_faces/JUNIOR/junior_boa_45_1m.jpeg,0.43629994466826716,1
/home/anitadonato/tcc/tcc/data/known_faces/JUNIOR/junior_baixa_frontal_1m.jpeg,/home/anitadonato/tcc/tcc/data/known_faces/JUNIOR/junior_boa_45_30cm.jpeg,0.4310248393801071,1
/home/anitadonato/tcc/tcc/data/known_faces/JUNIOR/junior_baixa_frontal_1m.jpeg,/home/anitadonato/tcc/tcc/data/known_faces/JUNIOR/junior_boa_frontal_1m.jpeg,0.3310051722773719,1
/home/anitadonato/tcc/tcc/data/known_faces/JUNIOR/junior_baixa_frontal_1m.jpeg,/home/anitadonato/tcc/tcc/data/known_faces/JUNIOR/junior_boa_frontal_30cm.jpeg,0.3491326609416533,1
/home/anitadonato/tcc/tcc/data/known_faces/JUNIOR/junior_baixa_frontal_1m.jpeg,/home/anitadonato/tcc/tcc/data/known_faces/JUNIOR/junior_extra_01.jpeg,0.4846932964607788,1
/home/anitadonato/tcc/tcc/data/known_faces/JUNIOR/junior_baixa_frontal_1m.jpeg,/home/anitadonato/tcc/tcc/data/known_faces/JUNIOR/junior_extra_02.jpeg,0.45834061089236894,1
/home/anitadonato/tcc/tcc/data/known_faces/JUNIOR/junior_baixa_frontal_1m.jpeg,/home/anitadonato/tcc/tcc/data/known_faces/JUNIOR/junior_extra_03.jpeg,0.410515211864384,1
/home/anitadonato/tcc/tcc/data/known_faces/JUNIOR/junior_baixa_frontal_1m.jpeg,/home/anitadonato/tcc/tcc/data/known_faces/JUNIOR/junior_extra_04.jpeg,0.5108926136309782,1
/home/anitadonato/tcc/tcc/data/known_faces/JUNIOR/junior_baixa_frontal_1m.jpeg,/home/anitadonato/tcc/tcc/data/known_faces/JUNIOR/junior_extra_05.jpeg,0.35435697886875983,1
/home/anitadonato/tcc/tcc/data/known_faces/JUNIOR/junior_baixa_frontal_1m.jpeg,/home/anitadonato/tcc/tcc/data/known_faces/JUNIOR/junior_extra_06.jpeg,0.3877450231874625,1
/home/anitadonato/tcc/tcc/data/known_faces/JUNIOR/junior_baixa_frontal_1m.jpeg,/home/anitadonato/tcc/tcc/data/known_faces/JUNIOR/junior_extra_07.jpeg,0.3766816860785601,1
/home/anitadonato/tcc/tcc/data/known_faces/JUNIOR/junior_baixa_frontal_1m.jpeg,/home/anitadonato/tcc/tcc/data/known_faces/JUNIOR/junior_extra_08.jpeg,0.39179363531467004,1
/home/anitadonato/tcc/tcc/data/known_faces/JUNIOR/junior_baixa_frontal_1m.jpeg,/home/anitadonato/tcc/tcc/data/known_faces/JUNIOR/junior_moderada_45_1m.jpeg,0.3950003260034257,1
/home/anitadonato/tcc/tcc/data/known_faces/JUNIOR/junior_baixa_frontal_1m.jpeg,/home/anitadonato/tcc/tcc/data/known_faces/JUNIOR/junior_moderada_45_30cm.jpeg,0.42381611218676923,1
/home/anitadonato/tcc/tcc/data/known_faces/JUNIOR/junior_baixa_frontal_1m.jpeg,/home/anitadonato/tcc/tcc/data/known_faces/JUNIOR/junior_moderada_frontal_1m.jpeg,0.2804778312896503,1
/home/anitadonato/tcc/tcc/data/known_faces/JUNIOR/junior_baixa_frontal_1m.jpeg,/home/anitadonato/tcc/tcc/data/known_faces/JUNIOR/junior_moderada_frontal_30cm.jpeg,0.34777185350677137,1
/home/anitadonato/tcc/tcc/data/known_faces/JUNIOR/junior_baixa_frontal_30cm.jpeg,/home/anitadonato/tcc/tcc/data/known_faces/JUNIOR/junior_boa_45_1m.jpeg,0.45952842529836563,1
/home/anitadonato/tcc/tcc/data/known_faces/JUNIOR/junior_baixa_frontal_30cm.jpeg,/home/anitadonato/tcc/tcc/data/known_faces/JUNIOR/junior_boa_45_30cm.jpeg,0.4361593304862962,1
/home/anitadonato/tcc/tcc/data/known_faces/JUNIOR/junior_baixa_frontal_30cm.jpeg,/home/anitadonato/tcc/tcc/data/known_faces/JUNIOR/junior_boa_frontal_1m.jpeg,0.32575213131668834,1
/home/anitadonato/tcc/tcc/data/known_faces/JUNIOR/junior_baixa_frontal_30cm.jpeg,/home/anitadonato/tcc/tcc/data/known_faces/JUNIOR/junior_boa_frontal_30cm.jpeg,0.32505765368190476,1
/home/anitadonato/tcc/tcc/data/known_faces/JUNIOR/junior_baixa_frontal_30cm.jpeg,/home/anitadonato/tcc/tcc/data/known_faces/JUNIOR/junior_extra_01.jpeg,0.4594352301953706,1
/home/anitadonato/tcc/tcc/data/known_faces/JUNIOR/junior_baixa_frontal_30cm.jpeg,/home/anitadonato/tcc/tcc/data/known_faces/JUNIOR/junior_extra_02.jpeg,0.4013288273131441,1
/home/anitadonato/tcc/tcc/data/known_faces/JUNIOR/junior_baixa_frontal_30cm.jpeg,/home/anitadonato/tcc/tcc/data/known_faces/JUNIOR/junior_extra_03.jpeg,0.3975605707401967,1
/home/anitadonato/tcc/tcc/data/known_faces/JUNIOR/junior_baixa_frontal_30cm.jpeg,/home/anitadonato/tcc/tcc/data/known_faces/JUNIOR/junior_extra_04.jpeg,0.5209938805730677,1
/home/anitadonato/tcc/tcc/data/known_faces/JUNIOR/junior_baixa_frontal_30cm.jpeg,/home/anitadonato/tcc/tcc/data/known_faces/JUNIOR/junior_extra_05.jpeg,0.3284943294765995,1
/home/anitadonato/tcc/tcc/data/known_faces/JUNIOR/junior_baixa_frontal_30cm.jpeg,/home/anitadonato/tcc/tcc/data/known_faces/JUNIOR/junior_extra_06.jpeg,0.3471562556958926,1
/home/anitadonato/tcc/tcc/data/known_faces/JUNIOR/junior_baixa_frontal_30cm.jpeg,/home/anitadonato/tcc/tcc/data/known_faces/JUNIOR/junior_extra_07.jpeg,0.34159721150303174,1
/home/anitadonato/tcc/tcc/data/known_faces/JUNIOR/junior_baixa_frontal_30cm.jpeg,/home/anitadonato/tcc/tcc/data/known_faces/JUNIOR/junior_extra_08.jpeg,0.3623433011399989,1
/home/anitadonato/tcc/tcc/data/known_faces/JUNIOR/junior_baixa_frontal_30cm.jpeg,/home/anitadonato/tcc/tcc/data/known_faces/JUNIOR/junior_moderada_45_1m.jpeg,0.4388768209503079,1
/home/anitadonato/tcc/tcc/data/known_faces/JUNIOR/junior_baixa_frontal_30cm.jpeg,/home/anitadonato/tcc/tcc/data/known_faces/JUNIOR/junior_moderada_45_30cm.jpeg,0.4240485852550974,1
/home/anitadonato/tcc/tcc/data/known_faces/JUNIOR/junior_baixa_frontal_30cm.jpeg,/home/anitadonato/tcc/tcc/data/known_faces/JUNIOR/junior_moderada_frontal_1m.jpeg,0.27825639502228866,1
/home/anitadonato/tcc/tcc/data/known_faces/JUNIOR/junior_baixa_frontal_30cm.jpeg,/home/anitadonato/tcc/tcc/data/known_faces/JUNIOR/junior_moderada_frontal_30cm.jpeg,0.28930145676379443,1
/home/anitadonato/tcc/tcc/data/known_faces/JUNIOR/junior_boa_45_1m.jpeg,/home/anitadonato/tcc/tcc/data/known_faces/JUNIOR/junior_boa_45_30cm.jpeg,0.18220031672138662,1
/home/anitadonato/tcc/tcc/data/known_faces/JUNIOR/junior_boa_45_1m.jpeg,/home/anitadonato/tcc/tcc/data/known_faces/JUNIOR/junior_boa_frontal_1m.jpeg,0.28993473856583496,1
/home/anitadonato/tcc/tcc/data/known_faces/JUNIOR/junior_boa_45_1m.jpeg,/home/anitadonato/tcc/tcc/data/known_faces/JUNIOR/junior_boa_frontal_30cm.jpeg,0.3408019238956201,1
/home/anitadonato/tcc/tcc/data/known_faces/JUNIOR/junior_boa_45_1m.jpeg,/home/anitadonato/tcc/tcc/data/known_faces/JUNIOR/junior_extra_01.jpeg,0.5588642594325761,1
/home/anitadonato/tcc/tcc/data/known_faces/JUNIOR/junior_boa_45_1m.jpeg,/home/anitadonato/tcc/tcc/data/known_faces/JUNIOR/junior_extra_02.jpeg,0.45826788399861723,1
/home/anitadonato/tcc/tcc/data/known_faces/JUNIOR/junior_boa_45_1m.jpeg,/home/anitadonato/tcc/tcc/data/known_faces/JUNIOR/junior_extra_03.jpeg,0.39269813866009945,1
/home/anitadonato/tcc/tcc/data/known_faces/JUNIOR/junior_boa_45_1m.jpeg,/home/anitadonato/tcc/tcc/data/known_faces/JUNIOR/junior_extra_04.jpeg,0.4217525575880135,1
/home/anitadonato/tcc/tcc/data/known_faces/JUNIOR/junior_boa_45_1m.jpeg,/home/anitadonato/tcc/tcc/data/known_faces/JUNIOR/junior_extra_05.jpeg,0.4463214407741457,1
/home/anitadonato/tcc/tcc/data/known_faces/JUNIOR/junior_boa_45_1m.jpeg,/home/anitadonato/tcc/tcc/data/known_faces/JUNIOR/junior_extra_06.jpeg,0.46184560915556727,1
/home/anitadonato/tcc/tcc/data/known_faces/JUNIOR/junior_boa_45_1m.jpeg,/home/anitadonato/tcc/tcc/data/known_faces/JUNIOR/junior_extra_07.jpeg,0.47302165545503666,1
/home/anitadonato/tcc/tcc/data/known_faces/JUNIOR/junior_boa_45_1m.jpeg,/home/anitadonato/tcc/tcc/data/known_faces/JUNIOR/junior_extra_08.jpeg,0.4892380497373673,1
/home/anitadonato/tcc/tcc/data/known_faces/JUNIOR/junior_boa_45_1m.jpeg,/home/anitadonato/tcc/tcc/data/known_faces/JUNIOR/junior_moderada_45_1m.jpeg,0.2741538663861954,1
/home/anitadonato/tcc/tcc/data/known_faces/JUNIOR/junior_boa_45_1m.jpeg,/home/anitadonato/tcc/tcc/data/known_faces/JUNIOR/junior_moderada_45_30cm.jpeg,0.2864771593090441,1
/home/anitadonato/tcc/tcc/data/known_faces/JUNIOR/junior_boa_45_1m.jpeg,/home/anitadonato/tcc/tcc/data/known_faces/JUNIOR/junior_moderada_frontal_1m.jpeg,0.3463266778202563,1
/home/anitadonato/tcc/tcc/data/known_faces/JUNIOR/junior_boa_45_1m.jpeg,/home/anitadonato/tcc/tcc/data/known_faces/JUNIOR/junior_moderada_frontal_30cm.jpeg,0.3647544777977533,1
/home/anitadonato/tcc/tcc/data/known_faces/JUNIOR/junior_boa_45_30cm.jpeg,/home/anitadonato/tcc/tcc/data/known_faces/JUNIOR/junior_boa_frontal_1m.jpeg,0.30210694750247935,1
/home/anitadonato/tcc/tcc/data/known_faces/JUNIOR/junior_boa_45_30cm.jpeg,/home/anitadonato/tcc/tcc/data/known_faces/JUNIOR/junior_boa_frontal_30cm.jpeg,0.31621097669578613,1
/home/anitadonato/tcc/tcc/data/known_faces/JUNIOR/junior_boa_45_30cm.jpeg,/home/anitadonato/tcc/tcc/data/known_faces/JUNIOR/junior_extra_01.jpeg,0.554987293879978,1
/home/anitadonato/tcc/tcc/data/known_faces/JUNIOR/junior_boa_45_30cm.jpeg,/home/anitadonato/tcc/tcc/data/known_faces/JUNIOR/junior_extra_02.jpeg,0.43529480953333016,1
/home/anitadonato/tcc/tcc/data/known_faces/JUNIOR/junior_boa_45_30cm.jpeg,/home/anitadonato/tcc/tcc/data/known_faces/JUNIOR/junior_extra_03.jpeg,0.3736340943925429,1
/home/anitadonato/tcc/tcc/data/known_faces/JUNIOR/junior_boa_45_30cm.jpeg,/home/anitadonato/tcc/tcc/data/known_faces/JUNIOR/junior_extra_04.jpeg,0.3831312668480203,1
/home/anitadonato/tcc/tcc/data/known_faces/JUNIOR/junior_boa_45_30cm.jpeg,/home/anitadonato/tcc/tcc/data/known_faces/JUNIOR/junior_extra_05.jpeg,0.4227431083005399,1
/home/anitadonato/tcc/tcc/data/known_faces/JUNIOR/junior_boa_45_30cm.jpeg,/home/anitadonato/tcc/tcc/data/known_faces/JUNIOR/junior_extra_06.jpeg,0.4293439991439752,1
/home/anitadonato/tcc/tcc/data/known_faces/JUNIOR/junior_boa_45_30cm.jpeg,/home/anitadonato/tcc/tcc/data/known_faces/JUNIOR/junior_extra_07.jpeg,0.4362436976838325,1
/home/anitadonato/tcc/tcc/data/known_faces/JUNIOR/junior_boa_45_30cm.jpeg,/home/anitadonato/tcc/tcc/data/known_faces/JUNIOR/junior_extra_08.jpeg,0.47172882688258355,1
/home/anitadonato/tcc/tcc/data/known_faces/JUNIOR/junior_boa_45_30cm.jpeg,/home/anitadonato/tcc/tcc/data/known_faces/JUNIOR/junior_moderada_45_1m.jpeg,0.24117868138720155,1
/home/anitadonato/tcc/tcc/data/known_faces/JUNIOR/junior_boa_45_30cm.jpeg,/home/anitadonato/tcc/tcc/data/known_faces/JUNIOR/junior_moderada_45_30cm.jpeg,0.23294230260724266,1
/home/anitadonato/tcc/tcc/data/known_faces/JUNIOR/junior_boa_45_30cm.jpeg,/home/anitadonato/tcc/tcc/data/known_faces/JUNIOR/junior_moderada_frontal_1m.jpeg,0.3376836468432588,1
/home/anitadonato/tcc/tcc/data/known_faces/JUNIOR/junior_boa_45_30cm.jpeg,/home/anitadonato/tcc/tcc/data/known_faces/JUNIOR/junior_moderada_frontal_30cm.jpeg,0.33923155598787985,1
/home/anitadonato/tcc/tcc/data/known_faces/JUNIOR/junior_boa_frontal_1m.jpeg,/home/anitadonato/tcc/tcc/data/known_faces/JUNIOR/junior_boa_frontal_30cm.jpeg,0.20775735860095723,1
/home/anitadonato/tcc/tcc/data/known_faces/JUNIOR/junior_boa_frontal_1m.jpeg,/home/anitadonato/tcc/tcc/data/known_faces/JUNIOR/junior_extra_01.jpeg,0.4962329436291191,1
/home/anitadonato/tcc/tcc/data/known_faces/JUNIOR/junior_boa_frontal_1m.jpeg,/home/anitadonato/tcc/tcc/data/known_faces/JUNIOR/junior_extra_02.jpeg,0.43137407769941866,1
/home/anitadonato/tcc/tcc/data/known_faces/JUNIOR/junior_boa_frontal_1m.jpeg,/home/anitadonato/tcc/tcc/data/known_faces/JUNIOR/junior_extra_03.jpeg,0.36052076631196767,1
/home/anitadonato/tcc/tcc/data/known_faces/JUNIOR/junior_boa_frontal_1m.jpeg,/home/anitadonato/tcc/tcc/data/known_faces/JUNIOR/junior_extra_04.jpeg,0.47450564765218667,1
/home/anitadonato/tcc/tcc/data/known_faces/JUNIOR/junior_boa_frontal_1m.jpeg,/home/anitadonato/tcc/tcc/data/known_faces/JUNIOR/junior_extra_05.jpeg,0.38504608232234266,1
/home/anitadonato/tcc/tcc/data/known_faces/JUNIOR/junior_boa_frontal_1m.jpeg,/home/anitadonato/tcc/tcc/data/known_faces/JUNIOR/junior_extra_06.jpeg,0.40740404490308557,1
/home/anitadonato/tcc/tcc/data/known_faces/JUNIOR/junior_boa_frontal_1m.jpeg,/home/anitadonato/tcc/tcc/data/known_faces/JUNIOR/junior_extra_07.jpeg,0.38344454360522046,1
/home/anitadonato/tcc/tcc/data/known_faces/JUNIOR/junior_boa_frontal_1m.jpeg,/home/anitadonato/tcc/tcc/data/known_faces/JUNIOR/junior_extra_08.jpeg,0.42262101574302613,1
/home/anitadonato/tcc/tcc/data/known_faces/JUNIOR/junior_boa_frontal_1m.jpeg,/home/anitadonato/tcc/tcc/data/known_faces/JUNIOR/junior_moderada_45_1m.jpeg,0.3215067734735557,1
/home/anitadonato/tcc/tcc/data/known_faces/JUNIOR/junior_boa_frontal_1m.jpeg,/home/anitadonato/tcc/tcc/data/known_faces/JUNIOR/junior_moderada_45_30cm.jpeg,0.3176262949491832,1
/home/anitadonato/tcc/tcc/data/known_faces/JUNIOR/junior_boa_frontal_1m.jpeg,/home/anitadonato/tcc/tcc/data/known_faces/JUNIOR/junior_moderada_frontal_1m.jpeg,0.2204726014372841,1
/home/anitadonato/tcc/tcc/data/known_faces/JUNIOR/junior_boa_frontal_1m.jpeg,/home/anitadonato/tcc/tcc/data/known_faces/JUNIOR/junior_moderada_frontal_30cm.jpeg,0.2616786012682391,1
/home/anitadonato/tcc/tcc/data/known_faces/JUNIOR/junior_boa_frontal_30cm.jpeg,/home/anitadonato/tcc/tcc/data/known_faces/JUNIOR/junior_extra_01.jpeg,0.47699298600278545,1
/home/anitadonato/tcc/tcc/data/known_faces/JUNIOR/junior_boa_frontal_30cm.jpeg,/home/anitadonato/tcc/tcc/data/known_faces/JUNIOR/junior_extra_02.jpeg,0.3751676063757342,1
/home/anitadonato/tcc/tcc/data/known_faces/JUNIOR/junior_boa_frontal_30cm.jpeg,/home/anitadonato/tcc/tcc/data/known_faces/JUNIOR/junior_extra_03.jpeg,0.37053214587105593,1
/home/anitadonato/tcc/tcc/data/known_faces/JUNIOR/junior_boa_frontal_30cm.jpeg,/home/anitadonato/tcc/tcc/data/known_faces/JUNIOR/junior_extra_04.jpeg,0.46802863877489564,1
/home/anitadonato/tcc/tcc/data/known_faces/JUNIOR/junior_boa_frontal_30cm.jpeg,/home/anitadonato/tcc/tcc/data/known_faces/JUNIOR/junior_extra_05.jpeg,0.37804278780599365,1
/home/anitadonato/tcc/tcc/data/known_faces/JUNIOR/junior_boa_frontal_30cm.jpeg,/home/anitadonato/tcc/tcc/data/known_faces/JUNIOR/junior_extra_06.jpeg,0.39303351249406343,1
/home/anitadonato/tcc/tcc/data/known_faces/JUNIOR/junior_boa_frontal_30cm.jpeg,/home/anitadonato/tcc/tcc/data/known_faces/JUNIOR/junior_extra_07.jpeg,0.3916009166524368,1
/home/anitadonato/tcc/tcc/data/known_faces/JUNIOR/junior_boa_frontal_30cm.jpeg,/home/anitadonato/tcc/tcc/data/known_faces/JUNIOR/junior_extra_08.jpeg,0.4160487638030001,1
/home/anitadonato/tcc/tcc/data/known_faces/JUNIOR/junior_boa_frontal_30cm.jpeg,/home/anitadonato/tcc/tcc/data/known_faces/JUNIOR/junior_moderada_45_1m.jpeg,0.34910427043857806,1
/home/anitadonato/tcc/tcc/data/known_faces/JUNIOR/junior_boa_frontal_30cm.jpeg,/home/anitadonato/tcc/tcc/data/known_faces/JUNIOR/junior_moderada_45_30cm.jpeg,0.3560016672145013,1
/home/anitadonato/tcc/tcc/data/known_faces/JUNIOR/junior_boa_frontal_30cm.jpeg,/home/anitadonato/tcc/tcc/data/known_faces/JUNIOR/junior_moderada_frontal_1m.jpeg,0.25980203222840564,1
/home/anitadonato/tcc/tcc/data/known_faces/JUNIOR/junior_boa_frontal_30cm.jpeg,/home/anitadonato/tcc/tcc/data/known_faces/JUNIOR/junior_moderada_frontal_30cm.jpeg,0.19751547514686935,1
/home/anitadonato/tcc/tcc/data/known_faces/JUNIOR/junior_extra_01.jpeg,/home/anitadonato/tcc/tcc/data/known_faces/JUNIOR/junior_extra_02.jpeg,0.4021591532604789,1
/home/anitadonato/tcc/tcc/data/known_faces/JUNIOR/junior_extra_01.jpeg,/home/anitadonato/tcc/tcc/data/known_faces/JUNIOR/junior_extra_03.jpeg,0.4150569969923909,1
/home/anitadonato/tcc/tcc/data/known_faces/JUNIOR/junior_extra_01.jpeg,/home/anitadonato/tcc/tcc/data/known_faces/JUNIOR/junior_extra_04.jpeg,0.512226446806296,1
/home/anitadonato/tcc/tcc/data/known_faces/JUNIOR/junior_extra_01.jpeg,/home/anitadonato/tcc/tcc/data/known_faces/JUNIOR/junior_extra_05.jpeg,0.4260353408244582,1
/home/anitadonato/tcc/tcc/data/known_faces/JUNIOR/junior_extra_01.jpeg,/home/anitadonato/tcc/tcc/data/known_faces/JUNIOR/junior_extra_06.jpeg,0.3728878028154994,1
/home/anitadonato/tcc/tcc/data/known_faces/JUNIOR/junior_extra_01.jpeg,/home/anitadonato/tcc/tcc/data/known_faces/JUNIOR/junior_extra_07.jpeg,0.39357574898106384,1
/home/anitadonato/tcc/tcc/data/known_faces/JUNIOR/junior_extra_01.jpeg,/home/anitadonato/tcc/tcc/data/known_faces/JUNIOR/junior_extra_08.jpeg,0.4176250382285803,1
/home/anitadonato/tcc/tcc/data/known_faces/JUNIOR/junior_extra_01.jpeg,/home/anitadonato/tcc/tcc/data/known_faces/JUNIOR/junior_moderada_45_1m.jpeg,0.5469747898599338,1
/home/anitadonato/tcc/tcc/data/known_faces/JUNIOR/junior_extra_01.jpeg,/home/anitadonato/tcc/tcc/data/known_faces/JUNIOR/junior_moderada_45_30cm.jpeg,0.5431160033742922,1
/home/anitadonato/tcc/tcc/data/known_faces/JUNIOR/junior_extra_01.jpeg,/home/anitadonato/tcc/tcc/data/known_faces/JUNIOR/junior_moderada_frontal_1m.jpeg,0.4912754156320303,1
/home/anitadonato/tcc/tcc/data/known_faces/JUNIOR/junior_extra_01.jpeg,/home/anitadonato/tcc/tcc/data/known_faces/JUNIOR/junior_moderada_frontal_30cm.jpeg,0.4832211113509551,1
/home/anitadonato/tcc/tcc/data/known_faces/JUNIOR/junior_extra_02.jpeg,/home/anitadonato/tcc/tcc/data/known_faces/JUNIOR/junior_extra_03.jpeg,0.3508299657908987,1
/home/anitadonato/tcc/tcc/data/known_faces/JUNIOR/junior_extra_02.jpeg,/home/anitadonato/tcc/tcc/data/known_faces/JUNIOR/junior_extra_04.jpeg,0.4732261230619009,1
/home/anitadonato/tcc/tcc/data/known_faces/JUNIOR/junior_extra_02.jpeg,/home/anitadonato/tcc/tcc/data/known_faces/JUNIOR/junior_extra_05.jpeg,0.3275706298419064,1
/home/anitadonato/tcc/tcc/data/known_faces/JUNIOR/junior_extra_02.jpeg,/home/anitadonato/tcc/tcc/data/known_faces/JUNIOR/junior_extra_06.jpeg,0.2868338312905973,1
/home/anitadonato/tcc/tcc/data/known_faces/JUNIOR/junior_extra_02.jpeg,/home/anitadonato/tcc/tcc/data/known_faces/JUNIOR/junior_extra_07.jpeg,0.3487582746879875,1
/home/anitadonato/tcc/tcc/data/known_faces/JUNIOR/junior_extra_02.jpeg,/home/anitadonato/tcc/tcc/data/known_faces/JUNIOR/junior_extra_08.jpeg,0.3627847129522192,1
/home/anitadonato/tcc/tcc/data/known_faces/JUNIOR/junior_extra_02.jpeg,/home/anitadonato/tcc/tcc/data/known_faces/JUNIOR/junior_moderada_45_1m.jpeg,0.45711973147982216,1
/home/anitadonato/tcc/tcc/data/known_faces/JUNIOR/junior_extra_02.jpeg,/home/anitadonato/tcc/tcc/data/known_faces/JUNIOR/junior_moderada_45_30cm.jpeg,0.46218297278076187,1
/home/anitadonato/tcc/tcc/data/known_faces/JUNIOR/junior_extra_02.jpeg,/home/anitadonato/tcc/tcc/data/known_faces/JUNIOR/junior_moderada_frontal_1m.jpeg,0.42994665735481546,1
/home/anitadonato/tcc/tcc/data/known_faces/JUNIOR/junior_extra_02.jpeg,/home/anitadonato/tcc/tcc/data/known_faces/JUNIOR/junior_moderada_frontal_30cm.jpeg,0.34137760960548474,1
/home/anitadonato/tcc/tcc/data/known_faces/JUNIOR/junior_extra_03.jpeg,/home/anitadonato/tcc/tcc/data/known_faces/JUNIOR/junior_extra_04.jpeg,0.3645460330668378,1
/home/anitadonato/tcc/tcc/data/known_faces/JUNIOR/junior_extra_03.jpeg,/home/anitadonato/tcc/tcc/data/known_faces/JUNIOR/junior_extra_05.jpeg,0.29930955360359185,1
/home/anitadonato/tcc/tcc/data/known_faces/JUNIOR/junior_extra_03.jpeg,/home/anitadonato/tcc/tcc/data/known_faces/JUNIOR/junior_extra_06.jpeg,0.34407314594778293,1
/home/anitadonato/tcc/tcc/data/known_faces/JUNIOR/junior_extra_03.jpeg,/home/anitadonato/tcc/tcc/data/known_faces/JUNIOR/junior_extra_07.jpeg,0.3058740831927698,1
/home/anitadonato/tcc/tcc/data/known_faces/JUNIOR/junior_extra_03.jpeg,/home/anitadonato/tcc/tcc/data/known_faces/JUNIOR/junior_extra_08.jpeg,0.34096497712034185,1
/home/anitadonato/tcc/tcc/data/known_faces/JUNIOR/junior_extra_03.jpeg,/home/anitadonato/tcc/tcc/data/known_faces/JUNIOR/junior_moderada_45_1m.jpeg,0.40067521795917793,1
/home/anitadonato/tcc/tcc/data/known_faces/JUNIOR/junior_extra_03.jpeg,/home/anitadonato/tcc/tcc/data/known_faces/JUNIOR/junior_moderada_45_30cm.jpeg,0.3948258053819595,1
/home/anitadonato/tcc/tcc/data/known_faces/JUNIOR/junior_extra_03.jpeg,/home/anitadonato/tcc/tcc/data/known_faces/JUNIOR/junior_moderada_frontal_1m.jpeg,0.37939761351601975,1
/home/anitadonato/tcc/tcc/data/known_faces/JUNIOR/junior_extra_03.jpeg,/home/anitadonato/tcc/tcc/data/known_faces/JUNIOR/junior_moderada_frontal_30cm.jpeg,0.3731109320495612,1
/home/anitadonato/tcc/tcc/data/known_faces/JUNIOR/junior_extra_04.jpeg,/home/anitadonato/tcc/tcc/data/known_faces/JUNIOR/junior_extra_05.jpeg,0.4413978917752314,1
/home/anitadonato/tcc/tcc/data/known_faces/JUNIOR/junior_extra_04.jpeg,/home/anitadonato/tcc/tcc/data/known_faces/JUNIOR/junior_extra_06.jpeg,0.447670480186735,1
/home/anitadonato/tcc/tcc/data/known_faces/JUNIOR/junior_extra_04.jpeg,/home/anitadonato/tcc/tcc/data/known_faces/JUNIOR/junior_extra_07.jpeg,0.4288993994650307,1
/home/anitadonato/tcc/tcc/data/known_faces/JUNIOR/junior_extra_04.jpeg,/home/anitadonato/tcc/tcc/data/known_faces/JUNIOR/junior_extra_08.jpeg,0.44091566208864097,1
/home/anitadonato/tcc/tcc/data/known_faces/JUNIOR/junior_extra_04.jpeg,/home/anitadonato/tcc/tcc/data/known_faces/JUNIOR/junior_moderada_45_1m.jpeg,0.40701357825446827,1
/home/anitadonato/tcc/tcc/data/known_faces/JUNIOR/junior_extra_04.jpeg,/home/anitadonato/tcc/tcc/data/known_faces/JUNIOR/junior_moderada_45_30cm.jpeg,0.4386819939617845,1
/home/anitadonato/tcc/tcc/data/known_faces/JUNIOR/junior_extra_04.jpeg,/home/anitadonato/tcc/tcc/data/known_faces/JUNIOR/junior_moderada_frontal_1m.jpeg,0.4915361254668672,1
/home/anitadonato/tcc/tcc/data/known_faces/JUNIOR/junior_extra_04.jpeg,/home/anitadonato/tcc/tcc/data/known_faces/JUNIOR/junior_moderada_frontal_30cm.jpeg,0.46881902342625237,1
/home/anitadonato/tcc/tcc/data/known_faces/JUNIOR/junior_extra_05.jpeg,/home/anitadonato/tcc/tcc/data/known_faces/JUNIOR/junior_extra_06.jpeg,0.20468553235793627,1
/home/anitadonato/tcc/tcc/data/known_faces/JUNIOR/junior_extra_05.jpeg,/home/anitadonato/tcc/tcc/data/known_faces/JUNIOR/junior_extra_07.jpeg,0.14911821959777874,1
/home/anitadonato/tcc/tcc/data/known_faces/JUNIOR/junior_extra_05.jpeg,/home/anitadonato/tcc/tcc/data/known_faces/JUNIOR/junior_extra_08.jpeg,0.24182399200514787,1
/home/anitadonato/tcc/tcc/data/known_faces/JUNIOR/junior_extra_05.jpeg,/home/anitadonato/tcc/tcc/data/known_faces/JUNIOR/junior_moderada_45_1m.jpeg,0.41936892975275086,1
/home/anitadonato/tcc/tcc/data/known_faces/JUNIOR/junior_extra_05.jpeg,/home/anitadonato/tcc/tcc/data/known_faces/JUNIOR/junior_moderada_45_30cm.jpeg,0.4008801385381947,1
/home/anitadonato/tcc/tcc/data/known_faces/JUNIOR/junior_extra_05.jpeg,/home/anitadonato/tcc/tcc/data/known_faces/JUNIOR/junior_moderada_frontal_1m.jpeg,0.3253332761631542,1
/home/anitadonato/tcc/tcc/data/known_faces/JUNIOR/junior_extra_05.jpeg,/home/anitadonato/tcc/tcc/data/known_faces/JUNIOR/junior_moderada_frontal_30cm.jpeg,0.35788198382335146,1
/home/anitadonato/tcc/tcc/data/known_faces/JUNIOR/junior_extra_06.jpeg,/home/anitadonato/tcc/tcc/data/known_faces/JUNIOR/junior_extra_07.jpeg,0.17580510751983147,1
/home/anitadonato/tcc/tcc/data/known_faces/JUNIOR/junior_extra_06.jpeg,/home/anitadonato/tcc/tcc/data/known_faces/JUNIOR/junior_extra_08.jpeg,0.3159348402661588,1
/home/anitadonato/tcc/tcc/data/known_faces/JUNIOR/junior_extra_06.jpeg,/home/anitadonato/tcc/tcc/data/known_faces/JUNIOR/junior_moderada_45_1m.jpeg,0.432761975261953,1
/home/anitadonato/tcc/tcc/data/known_faces/JUNIOR/junior_extra_06.jpeg,/home/anitadonato/tcc/tcc/data/known_faces/JUNIOR/junior_moderada_45_30cm.jpeg,0.4165914968914506,1
/home/anitadonato/tcc/tcc/data/known_faces/JUNIOR/junior_extra_06.jpeg,/home/anitadonato/tcc/tcc/data/known_faces/JUNIOR/junior_moderada_frontal_1m.jpeg,0.3622855100919875,1
/home/anitadonato/tcc/tcc/data/known_faces/JUNIOR/junior_extra_06.jpeg,/home/anitadonato/tcc/tcc/data/known_faces/JUNIOR/junior_moderada_frontal_30cm.jpeg,0.3573596594781532,1
/home/anitadonato/tcc/tcc/data/known_faces/JUNIOR/junior_extra_07.jpeg,/home/anitadonato/tcc/tcc/data/known_faces/JUNIOR/junior_extra_08.jpeg,0.2660169423217564,1
/home/anitadonato/tcc/tcc/data/known_faces/JUNIOR/junior_extra_07.jpeg,/home/anitadonato/tcc/tcc/data/known_faces/JUNIOR/junior_moderada_45_1m.jpeg,0.4384519595451099,1
/home/anitadonato/tcc/tcc/data/known_faces/JUNIOR/junior_extra_07.jpeg,/home/anitadonato/tcc/tcc/data/known_faces/JUNIOR/junior_moderada_45_30cm.jpeg,0.42164147255568507,1
/home/anitadonato/tcc/tcc/data/known_faces/JUNIOR/junior_extra_07.jpeg,/home/anitadonato/tcc/tcc/data/known_faces/JUNIOR/junior_moderada_frontal_1m.jpeg,0.3442494175084705,1
/home/anitadonato/tcc/tcc/data/known_faces/JUNIOR/junior_extra_07.jpeg,/home/anitadonato/tcc/tcc/data/known_faces/JUNIOR/junior_moderada_frontal_30cm.jpeg,0.3717091747696175,1
/home/anitadonato/tcc/tcc/data/known_faces/JUNIOR/junior_extra_08.jpeg,/home/anitadonato/tcc/tcc/data/known_faces/JUNIOR/junior_moderada_45_1m.jpeg,0.4793109267128593,1
/home/anitadonato/tcc/tcc/data/known_faces/JUNIOR/junior_extra_08.jpeg,/home/anitadonato/tcc/tcc/data/known_faces/JUNIOR/junior_moderada_45_30cm.jpeg,0.4806067992779421,1
/home/anitadonato/tcc/tcc/data/known_faces/JUNIOR/junior_extra_08.jpeg,/home/anitadonato/tcc/tcc/data/known_faces/JUNIOR/junior_moderada_frontal_1m.jpeg,0.37870513886264157,1
/home/anitadonato/tcc/tcc/data/known_faces/JUNIOR/junior_extra_08.jpeg,/home/anitadonato/tcc/tcc/data/known_faces/JUNIOR/junior_moderada_frontal_30cm.jpeg,0.39056833243484607,1
/home/anitadonato/tcc/tcc/data/known_faces/JUNIOR/junior_moderada_45_1m.jpeg,/home/anitadonato/tcc/tcc/data/known_faces/JUNIOR/junior_moderada_45_30cm.jpeg,0.24832581120248406,1
/home/anitadonato/tcc/tcc/data/known_faces/JUNIOR/junior_moderada_45_1m.jpeg,/home/anitadonato/tcc/tcc/data/known_faces/JUNIOR/junior_moderada_frontal_1m.jpeg,0.3352651589725391,1
/home/anitadonato/tcc/tcc/data/known_faces/JUNIOR/junior_moderada_45_1m.jpeg,/home/anitadonato/tcc/tcc/data/known_faces/JUNIOR/junior_moderada_frontal_30cm.jpeg,0.3804624998657254,1
/home/anitadonato/tcc/tcc/data/known_faces/JUNIOR/junior_moderada_45_30cm.jpeg,/home/anitadonato/tcc/tcc/data/known_faces/JUNIOR/junior_moderada_frontal_1m.jpeg,0.34460450112823815,1
/home/anitadonato/tcc/tcc/data/known_faces/JUNIOR/junior_moderada_45_30cm.jpeg,/home/anitadonato/tcc/tcc/data/known_faces/JUNIOR/junior_moderada_frontal_30cm.jpeg,0.3912502471621348,1
/home/anitadonato/tcc/tcc/data/known_faces/JUNIOR/junior_moderada_frontal_1m.jpeg,/home/anitadonato/tcc/tcc/data/known_faces/JUNIOR/junior_moderada_frontal_30cm.jpeg,0.21775528569321895,1
/home/anitadonato/tcc/tcc/data/known_faces/bianca/WhatsApp Image 2026-06-04 at 22.53.13 (1).jpeg,/home/anitadonato/tcc/tcc/data/known_faces/bianca/WhatsApp Image 2026-06-04 at 22.53.13 (2).jpeg,0.375624497033751,1
/home/anitadonato/tcc/tcc/data/known_faces/bianca/WhatsApp Image 2026-06-04 at 22.53.13 (1).jpeg,/home/anitadonato/tcc/tcc/data/known_faces/bianca/WhatsApp Image 2026-06-04 at 22.53.13.jpeg,0.5052410172597998,1
/home/anitadonato/tcc/tcc/data/known_faces/bianca/WhatsApp Image 2026-06-04 at 22.53.13 (1).jpeg,/home/anitadonato/tcc/tcc/data/known_faces/bianca/WhatsApp Image 2026-06-04 at 22.53.14 (1).jpeg,0.573660539636431,1
/home/anitadonato/tcc/tcc/data/known_faces/bianca/WhatsApp Image 2026-06-04 at 22.53.13 (1).jpeg,/home/anitadonato/tcc/tcc/data/known_faces/bianca/WhatsApp Image 2026-06-04 at 22.53.14 (2).jpeg,0.49528058536973507,1
/home/anitadonato/tcc/tcc/data/known_faces/bianca/WhatsApp Image 2026-06-04 at 22.53.13 (1).jpeg,/home/anitadonato/tcc/tcc/data/known_faces/bianca/WhatsApp Image 2026-06-04 at 22.53.14 (3).jpeg,0.4878507770397585,1
/home/anitadonato/tcc/tcc/data/known_faces/bianca/WhatsApp Image 2026-06-04 at 22.53.13 (1).jpeg,/home/anitadonato/tcc/tcc/data/known_faces/bianca/WhatsApp Image 2026-06-04 at 22.53.14 (4).jpeg,0.5189713969883845,1
/home/anitadonato/tcc/tcc/data/known_faces/bianca/WhatsApp Image 2026-06-04 at 22.53.13 (1).jpeg,/home/anitadonato/tcc/tcc/data/known_faces/bianca/WhatsApp Image 2026-06-04 at 22.53.14.jpeg,0.3602380968291222,1
/home/anitadonato/tcc/tcc/data/known_faces/bianca/WhatsApp Image 2026-06-04 at 22.53.13 (1).jpeg,/home/anitadonato/tcc/tcc/data/known_faces/bianca/WhatsApp Image 2026-06-04 at 22.53.15 (1).jpeg,0.46776851663365354,1
/home/anitadonato/tcc/tcc/data/known_faces/bianca/WhatsApp Image 2026-06-04 at 22.53.13 (1).jpeg,/home/anitadonato/tcc/tcc/data/known_faces/bianca/WhatsApp Image 2026-06-04 at 22.53.15 (2).jpeg,0.46368430465274657,1
/home/anitadonato/tcc/tcc/data/known_faces/bianca/WhatsApp Image 2026-06-04 at 22.53.13 (1).jpeg,/home/anitadonato/tcc/tcc/data/known_faces/bianca/WhatsApp Image 2026-06-04 at 22.53.15.jpeg,0.547714556019422,1
/home/anitadonato/tcc/tcc/data/known_faces/bianca/WhatsApp Image 2026-06-04 at 22.53.13 (1).jpeg,/home/anitadonato/tcc/tcc/data/known_faces/bianca/WhatsApp Image 2026-06-04 at 22.53.16 (2).jpeg,0.4934141560060336,1
/home/anitadonato/tcc/tcc/data/known_faces/bianca/WhatsApp Image 2026-06-04 at 22.53.13 (1).jpeg,/home/anitadonato/tcc/tcc/data/known_faces/bianca/WhatsApp Image 2026-06-04 at 22.53.16 (3).jpeg,0.5092945030374635,1
/home/anitadonato/tcc/tcc/data/known_faces/bianca/WhatsApp Image 2026-06-04 at 22.53.13 (1).jpeg,/home/anitadonato/tcc/tcc/data/known_faces/bianca/WhatsApp Image 2026-06-04 at 22.53.16.jpeg,0.5442705459815289,1
/home/anitadonato/tcc/tcc/data/known_faces/bianca/WhatsApp Image 2026-06-04 at 22.53.13 (1).jpeg,/home/anitadonato/tcc/tcc/data/known_faces/bianca/WhatsApp Image 2026-06-04 at 22.53.17 (1).jpeg,0.5496231320825862,1
/home/anitadonato/tcc/tcc/data/known_faces/bianca/WhatsApp Image 2026-06-04 at 22.53.13 (1).jpeg,/home/anitadonato/tcc/tcc/data/known_faces/bianca/WhatsApp Image 2026-06-04 at 22.53.18 (1).jpeg,0.5625693641309822,1
/home/anitadonato/tcc/tcc/data/known_faces/bianca/WhatsApp Image 2026-06-04 at 22.53.13 (1).jpeg,/home/anitadonato/tcc/tcc/data/known_faces/bianca/WhatsApp Image 2026-06-04 at 22.53.18 (2).jpeg,0.5736822566939332,1
/home/anitadonato/tcc/tcc/data/known_faces/bianca/WhatsApp Image 2026-06-04 at 22.53.13 (1).jpeg,/home/anitadonato/tcc/tcc/data/known_faces/bianca/WhatsApp Image 2026-06-04 at 22.53.18 (3).jpeg,0.5177442923984179,1
/home/anitadonato/tcc/tcc/data/known_faces/bianca/WhatsApp Image 2026-06-04 at 22.53.13 (1).jpeg,/home/anitadonato/tcc/tcc/data/known_faces/bianca/WhatsApp Image 2026-06-04 at 22.53.18 (4).jpeg,0.5255398943894453,1
/home/anitadonato/tcc/tcc/data/known_faces/bianca/WhatsApp Image 2026-06-04 at 22.53.13 (1).jpeg,/home/anitadonato/tcc/tcc/data/known_faces/bianca/WhatsApp Image 2026-06-04 at 22.53.18.jpeg,0.514830138708168,1
/home/anitadonato/tcc/tcc/data/known_faces/bianca/WhatsApp Image 2026-06-04 at 22.53.13 (1).jpeg,/home/anitadonato/tcc/tcc/data/known_faces/bianca/WhatsApp Image 2026-06-04 at 22.53.19 (1).jpeg,0.5152424380103044,1
/home/anitadonato/tcc/tcc/data/known_faces/bianca/WhatsApp Image 2026-06-04 at 22.53.13 (1).jpeg,/home/anitadonato/tcc/tcc/data/known_faces/bianca/WhatsApp Image 2026-06-04 at 22.53.19 (2).jpeg,0.5095671453555823,1
/home/anitadonato/tcc/tcc/data/known_faces/bianca/WhatsApp Image 2026-06-04 at 22.53.13 (1).jpeg,/home/anitadonato/tcc/tcc/data/known_faces/bianca/WhatsApp Image 2026-06-04 at 22.53.19 (3).jpeg,0.5578134684480112,1
/home/anitadonato/tcc/tcc/data/known_faces/bianca/WhatsApp Image 2026-06-04 at 22.53.13 (1).jpeg,/home/anitadonato/tcc/tcc/data/known_faces/bianca/WhatsApp Image 2026-06-04 at 22.53.19 (4).jpeg,0.5786969911931746,1
/home/anitadonato/tcc/tcc/data/known_faces/bianca/WhatsApp Image 2026-06-04 at 22.53.13 (1).jpeg,/home/anitadonato/tcc/tcc/data/known_faces/bianca/WhatsApp Image 2026-06-04 at 22.53.19 (5).jpeg,0.5711201351173189,1
/home/anitadonato/tcc/tcc/data/known_faces/bianca/WhatsApp Image 2026-06-04 at 22.53.13 (1).jpeg,/home/anitadonato/tcc/tcc/data/known_faces/bianca/WhatsApp Image 2026-06-04 at 22.53.19 (6).jpeg,0.5559454666480963,1
/home/anitadonato/tcc/tcc/data/known_faces/bianca/WhatsApp Image 2026-06-04 at 22.53.13 (1).jpeg,/home/anitadonato/tcc/tcc/data/known_faces/bianca/WhatsApp Image 2026-06-04 at 22.53.19.jpeg,0.5415365058662658,1
/home/anitadonato/tcc/tcc/data/known_faces/bianca/WhatsApp Image 2026-06-04 at 22.53.13 (2).jpeg,/home/anitadonato/tcc/tcc/data/known_faces/bianca/WhatsApp Image 2026-06-04 at 22.53.13.jpeg,0.5779583542200779,1
/home/anitadonato/tcc/tcc/data/known_faces/bianca/WhatsApp Image 2026-06-04 at 22.53.13 (2).jpeg,/home/anitadonato/tcc/tcc/data/known_faces/bianca/WhatsApp Image 2026-06-04 at 22.53.14 (1).jpeg,0.5101377920102432,1
/home/anitadonato/tcc/tcc/data/known_faces/bianca/WhatsApp Image 2026-06-04 at 22.53.13 (2).jpeg,/home/anitadonato/tcc/tcc/data/known_faces/bianca/WhatsApp Image 2026-06-04 at 22.53.14 (2).jpeg,0.49560624197804837,1
/home/anitadonato/tcc/tcc/data/known_faces/bianca/WhatsApp Image 2026-06-04 at 22.53.13 (2).jpeg,/home/anitadonato/tcc/tcc/data/known_faces/bianca/WhatsApp Image 2026-06-04 at 22.53.14 (3).jpeg,0.49760501187709505,1
/home/anitadonato/tcc/tcc/data/known_faces/bianca/WhatsApp Image 2026-06-04 at 22.53.13 (2).jpeg,/home/anitadonato/tcc/tcc/data/known_faces/bianca/WhatsApp Image 2026-06-04 at 22.53.14 (4).jpeg,0.4873509737764931,1
/home/anitadonato/tcc/tcc/data/known_faces/bianca/WhatsApp Image 2026-06-04 at 22.53.13 (2).jpeg,/home/anitadonato/tcc/tcc/data/known_faces/bianca/WhatsApp Image 2026-06-04 at 22.53.14.jpeg,0.3786195707293893,1
/home/anitadonato/tcc/tcc/data/known_faces/bianca/WhatsApp Image 2026-06-04 at 22.53.13 (2).jpeg,/home/anitadonato/tcc/tcc/data/known_faces/bianca/WhatsApp Image 2026-06-04 at 22.53.15 (1).jpeg,0.49522976777062677,1
/home/anitadonato/tcc/tcc/data/known_faces/bianca/WhatsApp Image 2026-06-04 at 22.53.13 (2).jpeg,/home/anitadonato/tcc/tcc/data/known_faces/bianca/WhatsApp Image 2026-06-04 at 22.53.15 (2).jpeg,0.4877521292929687,1
/home/anitadonato/tcc/tcc/data/known_faces/bianca/WhatsApp Image 2026-06-04 at 22.53.13 (2).jpeg,/home/anitadonato/tcc/tcc/data/known_faces/bianca/WhatsApp Image 2026-06-04 at 22.53.15.jpeg,0.5400477845669935,1
/home/anitadonato/tcc/tcc/data/known_faces/bianca/WhatsApp Image 2026-06-04 at 22.53.13 (2).jpeg,/home/anitadonato/tcc/tcc/data/known_faces/bianca/WhatsApp Image 2026-06-04 at 22.53.16 (2).jpeg,0.48193816638532605,1
/home/anitadonato/tcc/tcc/data/known_faces/bianca/WhatsApp Image 2026-06-04 at 22.53.13 (2).jpeg,/home/anitadonato/tcc/tcc/data/known_faces/bianca/WhatsApp Image 2026-06-04 at 22.53.16 (3).jpeg,0.49519526626812177,1
/home/anitadonato/tcc/tcc/data/known_faces/bianca/WhatsApp Image 2026-06-04 at 22.53.13 (2).jpeg,/home/anitadonato/tcc/tcc/data/known_faces/bianca/WhatsApp Image 2026-06-04 at 22.53.16.jpeg,0.5122646210010043,1
/home/anitadonato/tcc/tcc/data/known_faces/bianca/WhatsApp Image 2026-06-04 at 22.53.13 (2).jpeg,/home/anitadonato/tcc/tcc/data/known_faces/bianca/WhatsApp Image 2026-06-04 at 22.53.17 (1).jpeg,0.48986050502999395,1
/home/anitadonato/tcc/tcc/data/known_faces/bianca/WhatsApp Image 2026-06-04 at 22.53.13 (2).jpeg,/home/anitadonato/tcc/tcc/data/known_faces/bianca/WhatsApp Image 2026-06-04 at 22.53.18 (1).jpeg,0.5520084117965292,1
/home/anitadonato/tcc/tcc/data/known_faces/bianca/WhatsApp Image 2026-06-04 at 22.53.13 (2).jpeg,/home/anitadonato/tcc/tcc/data/known_faces/bianca/WhatsApp Image 2026-06-04 at 22.53.18 (2).jpeg,0.5524770403753292,1
/home/anitadonato/tcc/tcc/data/known_faces/bianca/WhatsApp Image 2026-06-04 at 22.53.13 (2).jpeg,/home/anitadonato/tcc/tcc/data/known_faces/bianca/WhatsApp Image 2026-06-04 at 22.53.18 (3).jpeg,0.4978110930664263,1
/home/anitadonato/tcc/tcc/data/known_faces/bianca/WhatsApp Image 2026-06-04 at 22.53.13 (2).jpeg,/home/anitadonato/tcc/tcc/data/known_faces/bianca/WhatsApp Image 2026-06-04 at 22.53.18 (4).jpeg,0.49833232192742516,1
/home/anitadonato/tcc/tcc/data/known_faces/bianca/WhatsApp Image 2026-06-04 at 22.53.13 (2).jpeg,/home/anitadonato/tcc/tcc/data/known_faces/bianca/WhatsApp Image 2026-06-04 at 22.53.18.jpeg,0.5022239505392486,1
/home/anitadonato/tcc/tcc/data/known_faces/bianca/WhatsApp Image 2026-06-04 at 22.53.13 (2).jpeg,/home/anitadonato/tcc/tcc/data/known_faces/bianca/WhatsApp Image 2026-06-04 at 22.53.19 (1).jpeg,0.5308742685734651,1
/home/anitadonato/tcc/tcc/data/known_faces/bianca/WhatsApp Image 2026-06-04 at 22.53.13 (2).jpeg,/home/anitadonato/tcc/tcc/data/known_faces/bianca/WhatsApp Image 2026-06-04 at 22.53.19 (2).jpeg,0.508829492131694,1
/home/anitadonato/tcc/tcc/data/known_faces/bianca/WhatsApp Image 2026-06-04 at 22.53.13 (2).jpeg,/home/anitadonato/tcc/tcc/data/known_faces/bianca/WhatsApp Image 2026-06-04 at 22.53.19 (3).jpeg,0.570669916998272,1
/home/anitadonato/tcc/tcc/data/known_faces/bianca/WhatsApp Image 2026-06-04 at 22.53.13 (2).jpeg,/home/anitadonato/tcc/tcc/data/known_faces/bianca/WhatsApp Image 2026-06-04 at 22.53.19 (4).jpeg,0.6138431055854305,1
/home/anitadonato/tcc/tcc/data/known_faces/bianca/WhatsApp Image 2026-06-04 at 22.53.13 (2).jpeg,/home/anitadonato/tcc/tcc/data/known_faces/bianca/WhatsApp Image 2026-06-04 at 22.53.19 (5).jpeg,0.5778095559473894,1
/home/anitadonato/tcc/tcc/data/known_faces/bianca/WhatsApp Image 2026-06-04 at 22.53.13 (2).jpeg,/home/anitadonato/tcc/tcc/data/known_faces/bianca/WhatsApp Image 2026-06-04 at 22.53.19 (6).jpeg,0.5697758870478304,1
/home/anitadonato/tcc/tcc/data/known_faces/bianca/WhatsApp Image 2026-06-04 at 22.53.13 (2).jpeg,/home/anitadonato/tcc/tcc/data/known_faces/bianca/WhatsApp Image 2026-06-04 at 22.53.19.jpeg,0.5414559622583772,1
/home/anitadonato/tcc/tcc/data/known_faces/bianca/WhatsApp Image 2026-06-04 at 22.53.13.jpeg,/home/anitadonato/tcc/tcc/data/known_faces/bianca/WhatsApp Image 2026-06-04 at 22.53.14 (1).jpeg,0.4552989157790653,1
/home/anitadonato/tcc/tcc/data/known_faces/bianca/WhatsApp Image 2026-06-04 at 22.53.13.jpeg,/home/anitadonato/tcc/tcc/data/known_faces/bianca/WhatsApp Image 2026-06-04 at 22.53.14 (2).jpeg,0.5023915519234842,1
/home/anitadonato/tcc/tcc/data/known_faces/bianca/WhatsApp Image 2026-06-04 at 22.53.13.jpeg,/home/anitadonato/tcc/tcc/data/known_faces/bianca/WhatsApp Image 2026-06-04 at 22.53.14 (3).jpeg,0.5119089393245473,1
/home/anitadonato/tcc/tcc/data/known_faces/bianca/WhatsApp Image 2026-06-04 at 22.53.13.jpeg,/home/anitadonato/tcc/tcc/data/known_faces/bianca/WhatsApp Image 2026-06-04 at 22.53.14 (4).jpeg,0.3968696212737273,1
/home/anitadonato/tcc/tcc/data/known_faces/bianca/WhatsApp Image 2026-06-04 at 22.53.13.jpeg,/home/anitadonato/tcc/tcc/data/known_faces/bianca/WhatsApp Image 2026-06-04 at 22.53.14.jpeg,0.6365619706505506,1
/home/anitadonato/tcc/tcc/data/known_faces/bianca/WhatsApp Image 2026-06-04 at 22.53.13.jpeg,/home/anitadonato/tcc/tcc/data/known_faces/bianca/WhatsApp Image 2026-06-04 at 22.53.15 (1).jpeg,0.3948746724255206,1
/home/anitadonato/tcc/tcc/data/known_faces/bianca/WhatsApp Image 2026-06-04 at 22.53.13.jpeg,/home/anitadonato/tcc/tcc/data/known_faces/bianca/WhatsApp Image 2026-06-04 at 22.53.15 (2).jpeg,0.4713076392071128,1
/home/anitadonato/tcc/tcc/data/known_faces/bianca/WhatsApp Image 2026-06-04 at 22.53.13.jpeg,/home/anitadonato/tcc/tcc/data/known_faces/bianca/WhatsApp Image 2026-06-04 at 22.53.15.jpeg,0.45801464915795753,1
/home/anitadonato/tcc/tcc/data/known_faces/bianca/WhatsApp Image 2026-06-04 at 22.53.13.jpeg,/home/anitadonato/tcc/tcc/data/known_faces/bianca/WhatsApp Image 2026-06-04 at 22.53.16 (2).jpeg,0.48506581989764336,1
/home/anitadonato/tcc/tcc/data/known_faces/bianca/WhatsApp Image 2026-06-04 at 22.53.13.jpeg,/home/anitadonato/tcc/tcc/data/known_faces/bianca/WhatsApp Image 2026-06-04 at 22.53.16 (3).jpeg,0.49167649201654606,1
/home/anitadonato/tcc/tcc/data/known_faces/bianca/WhatsApp Image 2026-06-04 at 22.53.13.jpeg,/home/anitadonato/tcc/tcc/data/known_faces/bianca/WhatsApp Image 2026-06-04 at 22.53.16.jpeg,0.42639733933602003,1
/home/anitadonato/tcc/tcc/data/known_faces/bianca/WhatsApp Image 2026-06-04 at 22.53.13.jpeg,/home/anitadonato/tcc/tcc/data/known_faces/bianca/WhatsApp Image 2026-06-04 at 22.53.17 (1).jpeg,0.547748368843265,1
/home/anitadonato/tcc/tcc/data/known_faces/bianca/WhatsApp Image 2026-06-04 at 22.53.13.jpeg,/home/anitadonato/tcc/tcc/data/known_faces/bianca/WhatsApp Image 2026-06-04 at 22.53.18 (1).jpeg,0.49666641688390584,1
/home/anitadonato/tcc/tcc/data/known_faces/bianca/WhatsApp Image 2026-06-04 at 22.53.13.jpeg,/home/anitadonato/tcc/tcc/data/known_faces/bianca/WhatsApp Image 2026-06-04 at 22.53.18 (2).jpeg,0.41799275912411316,1
/home/anitadonato/tcc/tcc/data/known_faces/bianca/WhatsApp Image 2026-06-04 at 22.53.13.jpeg,/home/anitadonato/tcc/tcc/data/known_faces/bianca/WhatsApp Image 2026-06-04 at 22.53.18 (3).jpeg,0.41426366854761837,1
/home/anitadonato/tcc/tcc/data/known_faces/bianca/WhatsApp Image 2026-06-04 at 22.53.13.jpeg,/home/anitadonato/tcc/tcc/data/known_faces/bianca/WhatsApp Image 2026-06-04 at 22.53.18 (4).jpeg,0.4149116506286214,1
/home/anitadonato/tcc/tcc/data/known_faces/bianca/WhatsApp Image 2026-06-04 at 22.53.13.jpeg,/home/anitadonato/tcc/tcc/data/known_faces/bianca/WhatsApp Image 2026-06-04 at 22.53.18.jpeg,0.38227727416281504,1
/home/anitadonato/tcc/tcc/data/known_faces/bianca/WhatsApp Image 2026-06-04 at 22.53.13.jpeg,/home/anitadonato/tcc/tcc/data/known_faces/bianca/WhatsApp Image 2026-06-04 at 22.53.19 (1).jpeg,0.4105508679761305,1
/home/anitadonato/tcc/tcc/data/known_faces/bianca/WhatsApp Image 2026-06-04 at 22.53.13.jpeg,/home/anitadonato/tcc/tcc/data/known_faces/bianca/WhatsApp Image 2026-06-04 at 22.53.19 (2).jpeg,0.40098044482827677,1
/home/anitadonato/tcc/tcc/data/known_faces/bianca/WhatsApp Image 2026-06-04 at 22.53.13.jpeg,/home/anitadonato/tcc/tcc/data/known_faces/bianca/WhatsApp Image 2026-06-04 at 22.53.19 (3).jpeg,0.4478580307036645,1
/home/anitadonato/tcc/tcc/data/known_faces/bianca/WhatsApp Image 2026-06-04 at 22.53.13.jpeg,/home/anitadonato/tcc/tcc/data/known_faces/bianca/WhatsApp Image 2026-06-04 at 22.53.19 (4).jpeg,0.48361091587028665,1
/home/anitadonato/tcc/tcc/data/known_faces/bianca/WhatsApp Image 2026-06-04 at 22.53.13.jpeg,/home/anitadonato/tcc/tcc/data/known_faces/bianca/WhatsApp Image 2026-06-04 at 22.53.19 (5).jpeg,0.4714787829700226,1
/home/anitadonato/tcc/tcc/data/known_faces/bianca/WhatsApp Image 2026-06-04 at 22.53.13.jpeg,/home/anitadonato/tcc/tcc/data/known_faces/bianca/WhatsApp Image 2026-06-04 at 22.53.19 (6).jpeg,0.453058955756278,1
/home/anitadonato/tcc/tcc/data/known_faces/bianca/WhatsApp Image 2026-06-04 at 22.53.13.jpeg,/home/anitadonato/tcc/tcc/data/known_faces/bianca/WhatsApp Image 2026-06-04 at 22.53.19.jpeg,0.42033143921241495,1
/home/anitadonato/tcc/tcc/data/known_faces/bianca/WhatsApp Image 2026-06-04 at 22.53.14 (1).jpeg,/home/anitadonato/tcc/tcc/data/known_faces/bianca/WhatsApp Image 2026-06-04 at 22.53.14 (2).jpeg,0.46081177269743173,1
/home/anitadonato/tcc/tcc/data/known_faces/bianca/WhatsApp Image 2026-06-04 at 22.53.14 (1).jpeg,/home/anitadonato/tcc/tcc/data/known_faces/bianca/WhatsApp Image 2026-06-04 at 22.53.14 (3).jpeg,0.4715050714190047,1
/home/anitadonato/tcc/tcc/data/known_faces/bianca/WhatsApp Image 2026-06-04 at 22.53.14 (1).jpeg,/home/anitadonato/tcc/tcc/data/known_faces/bianca/WhatsApp Image 2026-06-04 at 22.53.14 (4).jpeg,0.45773817095957137,1
/home/anitadonato/tcc/tcc/data/known_faces/bianca/WhatsApp Image 2026-06-04 at 22.53.14 (1).jpeg,/home/anitadonato/tcc/tcc/data/known_faces/bianca/WhatsApp Image 2026-06-04 at 22.53.14.jpeg,0.5657591951550107,1
/home/anitadonato/tcc/tcc/data/known_faces/bianca/WhatsApp Image 2026-06-04 at 22.53.14 (1).jpeg,/home/anitadonato/tcc/tcc/data/known_faces/bianca/WhatsApp Image 2026-06-04 at 22.53.15 (1).jpeg,0.4145826979923654,1
/home/anitadonato/tcc/tcc/data/known_faces/bianca/WhatsApp Image 2026-06-04 at 22.53.14 (1).jpeg,/home/anitadonato/tcc/tcc/data/known_faces/bianca/WhatsApp Image 2026-06-04 at 22.53.15 (2).jpeg,0.4901923602318648,1
/home/anitadonato/tcc/tcc/data/known_faces/bianca/WhatsApp Image 2026-06-04 at 22.53.14 (1).jpeg,/home/anitadonato/tcc/tcc/data/known_faces/bianca/WhatsApp Image 2026-06-04 at 22.53.15.jpeg,0.426022496846894,1
/home/anitadonato/tcc/tcc/data/known_faces/bianca/WhatsApp Image 2026-06-04 at 22.53.14 (1).jpeg,/home/anitadonato/tcc/tcc/data/known_faces/bianca/WhatsApp Image 2026-06-04 at 22.53.16 (2).jpeg,0.5011443206935112,1
/home/anitadonato/tcc/tcc/data/known_faces/bianca/WhatsApp Image 2026-06-04 at 22.53.14 (1).jpeg,/home/anitadonato/tcc/tcc/data/known_faces/bianca/WhatsApp Image 2026-06-04 at 22.53.16 (3).jpeg,0.49415547602279364,1
/home/anitadonato/tcc/tcc/data/known_faces/bianca/WhatsApp Image 2026-06-04 at 22.53.14 (1).jpeg,/home/anitadonato/tcc/tcc/data/known_faces/bianca/WhatsApp Image 2026-06-04 at 22.53.16.jpeg,0.46439433533173885,1
/home/anitadonato/tcc/tcc/data/known_faces/bianca/WhatsApp Image 2026-06-04 at 22.53.14 (1).jpeg,/home/anitadonato/tcc/tcc/data/known_faces/bianca/WhatsApp Image 2026-06-04 at 22.53.17 (1).jpeg,0.4422500608897902,1
/home/anitadonato/tcc/tcc/data/known_faces/bianca/WhatsApp Image 2026-06-04 at 22.53.14 (1).jpeg,/home/anitadonato/tcc/tcc/data/known_faces/bianca/WhatsApp Image 2026-06-04 at 22.53.18 (1).jpeg,0.4849208162681011,1
/home/anitadonato/tcc/tcc/data/known_faces/bianca/WhatsApp Image 2026-06-04 at 22.53.14 (1).jpeg,/home/anitadonato/tcc/tcc/data/known_faces/bianca/WhatsApp Image 2026-06-04 at 22.53.18 (2).jpeg,0.4669358182661304,1
/home/anitadonato/tcc/tcc/data/known_faces/bianca/WhatsApp Image 2026-06-04 at 22.53.14 (1).jpeg,/home/anitadonato/tcc/tcc/data/known_faces/bianca/WhatsApp Image 2026-06-04 at 22.53.18 (3).jpeg,0.4112580582728458,1
/home/anitadonato/tcc/tcc/data/known_faces/bianca/WhatsApp Image 2026-06-04 at 22.53.14 (1).jpeg,/home/anitadonato/tcc/tcc/data/known_faces/bianca/WhatsApp Image 2026-06-04 at 22.53.18 (4).jpeg,0.40691768294212605,1
/home/anitadonato/tcc/tcc/data/known_faces/bianca/WhatsApp Image 2026-06-04 at 22.53.14 (1).jpeg,/home/anitadonato/tcc/tcc/data/known_faces/bianca/WhatsApp Image 2026-06-04 at 22.53.18.jpeg,0.35242697715403,1
/home/anitadonato/tcc/tcc/data/known_faces/bianca/WhatsApp Image 2026-06-04 at 22.53.14 (1).jpeg,/home/anitadonato/tcc/tcc/data/known_faces/bianca/WhatsApp Image 2026-06-04 at 22.53.19 (1).jpeg,0.4121064616853607,1
/home/anitadonato/tcc/tcc/data/known_faces/bianca/WhatsApp Image 2026-06-04 at 22.53.14 (1).jpeg,/home/anitadonato/tcc/tcc/data/known_faces/bianca/WhatsApp Image 2026-06-04 at 22.53.19 (2).jpeg,0.4041316826419474,1
/home/anitadonato/tcc/tcc/data/known_faces/bianca/WhatsApp Image 2026-06-04 at 22.53.14 (1).jpeg,/home/anitadonato/tcc/tcc/data/known_faces/bianca/WhatsApp Image 2026-06-04 at 22.53.19 (3).jpeg,0.48746483282657216,1
/home/anitadonato/tcc/tcc/data/known_faces/bianca/WhatsApp Image 2026-06-04 at 22.53.14 (1).jpeg,/home/anitadonato/tcc/tcc/data/known_faces/bianca/WhatsApp Image 2026-06-04 at 22.53.19 (4).jpeg,0.5476666818164749,1
/home/anitadonato/tcc/tcc/data/known_faces/bianca/WhatsApp Image 2026-06-04 at 22.53.14 (1).jpeg,/home/anitadonato/tcc/tcc/data/known_faces/bianca/WhatsApp Image 2026-06-04 at 22.53.19 (5).jpeg,0.49705941210556587,1
/home/anitadonato/tcc/tcc/data/known_faces/bianca/WhatsApp Image 2026-06-04 at 22.53.14 (1).jpeg,/home/anitadonato/tcc/tcc/data/known_faces/bianca/WhatsApp Image 2026-06-04 at 22.53.19 (6).jpeg,0.48068715661484396,1
/home/anitadonato/tcc/tcc/data/known_faces/bianca/WhatsApp Image 2026-06-04 at 22.53.14 (1).jpeg,/home/anitadonato/tcc/tcc/data/known_faces/bianca/WhatsApp Image 2026-06-04 at 22.53.19.jpeg,0.4341653664995935,1
/home/anitadonato/tcc/tcc/data/known_faces/bianca/WhatsApp Image 2026-06-04 at 22.53.14 (2).jpeg,/home/anitadonato/tcc/tcc/data/known_faces/bianca/WhatsApp Image 2026-06-04 at 22.53.14 (3).jpeg,0.13562906440741737,1
/home/anitadonato/tcc/tcc/data/known_faces/bianca/WhatsApp Image 2026-06-04 at 22.53.14 (2).jpeg,/home/anitadonato/tcc/tcc/data/known_faces/bianca/WhatsApp Image 2026-06-04 at 22.53.14 (4).jpeg,0.4433489238170931,1
/home/anitadonato/tcc/tcc/data/known_faces/bianca/WhatsApp Image 2026-06-04 at 22.53.14 (2).jpeg,/home/anitadonato/tcc/tcc/data/known_faces/bianca/WhatsApp Image 2026-06-04 at 22.53.14.jpeg,0.4703120886965976,1
/home/anitadonato/tcc/tcc/data/known_faces/bianca/WhatsApp Image 2026-06-04 at 22.53.14 (2).jpeg,/home/anitadonato/tcc/tcc/data/known_faces/bianca/WhatsApp Image 2026-06-04 at 22.53.15 (1).jpeg,0.44886126894565204,1
/home/anitadonato/tcc/tcc/data/known_faces/bianca/WhatsApp Image 2026-06-04 at 22.53.14 (2).jpeg,/home/anitadonato/tcc/tcc/data/known_faces/bianca/WhatsApp Image 2026-06-04 at 22.53.15 (2).jpeg,0.4486641064820858,1
/home/anitadonato/tcc/tcc/data/known_faces/bianca/WhatsApp Image 2026-06-04 at 22.53.14 (2).jpeg,/home/anitadonato/tcc/tcc/data/known_faces/bianca/WhatsApp Image 2026-06-04 at 22.53.15.jpeg,0.4176010632718097,1
/home/anitadonato/tcc/tcc/data/known_faces/bianca/WhatsApp Image 2026-06-04 at 22.53.14 (2).jpeg,/home/anitadonato/tcc/tcc/data/known_faces/bianca/WhatsApp Image 2026-06-04 at 22.53.16 (2).jpeg,0.47611566898021507,1
/home/anitadonato/tcc/tcc/data/known_faces/bianca/WhatsApp Image 2026-06-04 at 22.53.14 (2).jpeg,/home/anitadonato/tcc/tcc/data/known_faces/bianca/WhatsApp Image 2026-06-04 at 22.53.16 (3).jpeg,0.5041424629376035,1
/home/anitadonato/tcc/tcc/data/known_faces/bianca/WhatsApp Image 2026-06-04 at 22.53.14 (2).jpeg,/home/anitadonato/tcc/tcc/data/known_faces/bianca/WhatsApp Image 2026-06-04 at 22.53.16.jpeg,0.46020678592791664,1
/home/anitadonato/tcc/tcc/data/known_faces/bianca/WhatsApp Image 2026-06-04 at 22.53.14 (2).jpeg,/home/anitadonato/tcc/tcc/data/known_faces/bianca/WhatsApp Image 2026-06-04 at 22.53.17 (1).jpeg,0.42660248256689814,1
/home/anitadonato/tcc/tcc/data/known_faces/bianca/WhatsApp Image 2026-06-04 at 22.53.14 (2).jpeg,/home/anitadonato/tcc/tcc/data/known_faces/bianca/WhatsApp Image 2026-06-04 at 22.53.18 (1).jpeg,0.5463478036440064,1
/home/anitadonato/tcc/tcc/data/known_faces/bianca/WhatsApp Image 2026-06-04 at 22.53.14 (2).jpeg,/home/anitadonato/tcc/tcc/data/known_faces/bianca/WhatsApp Image 2026-06-04 at 22.53.18 (2).jpeg,0.43717549756779583,1
/home/anitadonato/tcc/tcc/data/known_faces/bianca/WhatsApp Image 2026-06-04 at 22.53.14 (2).jpeg,/home/anitadonato/tcc/tcc/data/known_faces/bianca/WhatsApp Image 2026-06-04 at 22.53.18 (3).jpeg,0.396917503454732,1
/home/anitadonato/tcc/tcc/data/known_faces/bianca/WhatsApp Image 2026-06-04 at 22.53.14 (2).jpeg,/home/anitadonato/tcc/tcc/data/known_faces/bianca/WhatsApp Image 2026-06-04 at 22.53.18 (4).jpeg,0.4060037890987096,1
/home/anitadonato/tcc/tcc/data/known_faces/bianca/WhatsApp Image 2026-06-04 at 22.53.14 (2).jpeg,/home/anitadonato/tcc/tcc/data/known_faces/bianca/WhatsApp Image 2026-06-04 at 22.53.18.jpeg,0.37414700117101257,1
/home/anitadonato/tcc/tcc/data/known_faces/bianca/WhatsApp Image 2026-06-04 at 22.53.14 (2).jpeg,/home/anitadonato/tcc/tcc/data/known_faces/bianca/WhatsApp Image 2026-06-04 at 22.53.19 (1).jpeg,0.3463669530451549,1
/home/anitadonato/tcc/tcc/data/known_faces/bianca/WhatsApp Image 2026-06-04 at 22.53.14 (2).jpeg,/home/anitadonato/tcc/tcc/data/known_faces/bianca/WhatsApp Image 2026-06-04 at 22.53.19 (2).jpeg,0.34894763086663355,1
/home/anitadonato/tcc/tcc/data/known_faces/bianca/WhatsApp Image 2026-06-04 at 22.53.14 (2).jpeg,/home/anitadonato/tcc/tcc/data/known_faces/bianca/WhatsApp Image 2026-06-04 at 22.53.19 (3).jpeg,0.3893597884120608,1
/home/anitadonato/tcc/tcc/data/known_faces/bianca/WhatsApp Image 2026-06-04 at 22.53.14 (2).jpeg,/home/anitadonato/tcc/tcc/data/known_faces/bianca/WhatsApp Image 2026-06-04 at 22.53.19 (4).jpeg,0.4579148092165857,1
/home/anitadonato/tcc/tcc/data/known_faces/bianca/WhatsApp Image 2026-06-04 at 22.53.14 (2).jpeg,/home/anitadonato/tcc/tcc/data/known_faces/bianca/WhatsApp Image 2026-06-04 at 22.53.19 (5).jpeg,0.5076425493598168,1
/home/anitadonato/tcc/tcc/data/known_faces/bianca/WhatsApp Image 2026-06-04 at 22.53.14 (2).jpeg,/home/anitadonato/tcc/tcc/data/known_faces/bianca/WhatsApp Image 2026-06-04 at 22.53.19 (6).jpeg,0.4498087099653608,1
/home/anitadonato/tcc/tcc/data/known_faces/bianca/WhatsApp Image 2026-06-04 at 22.53.14 (2).jpeg,/home/anitadonato/tcc/tcc/data/known_faces/bianca/WhatsApp Image 2026-06-04 at 22.53.19.jpeg,0.37628650966630894,1
/home/anitadonato/tcc/tcc/data/known_faces/bianca/WhatsApp Image 2026-06-04 at 22.53.14 (3).jpeg,/home/anitadonato/tcc/tcc/data/known_faces/bianca/WhatsApp Image 2026-06-04 at 22.53.14 (4).jpeg,0.4343473301595555,1
/home/anitadonato/tcc/tcc/data/known_faces/bianca/WhatsApp Image 2026-06-04 at 22.53.14 (3).jpeg,/home/anitadonato/tcc/tcc/data/known_faces/bianca/WhatsApp Image 2026-06-04 at 22.53.14.jpeg,0.4536680799690648,1
/home/anitadonato/tcc/tcc/data/known_faces/bianca/WhatsApp Image 2026-06-04 at 22.53.14 (3).jpeg,/home/anitadonato/tcc/tcc/data/known_faces/bianca/WhatsApp Image 2026-06-04 at 22.53.15 (1).jpeg,0.4488400851681844,1
/home/anitadonato/tcc/tcc/data/known_faces/bianca/WhatsApp Image 2026-06-04 at 22.53.14 (3).jpeg,/home/anitadonato/tcc/tcc/data/known_faces/bianca/WhatsApp Image 2026-06-04 at 22.53.15 (2).jpeg,0.4341877075726734,1
/home/anitadonato/tcc/tcc/data/known_faces/bianca/WhatsApp Image 2026-06-04 at 22.53.14 (3).jpeg,/home/anitadonato/tcc/tcc/data/known_faces/bianca/WhatsApp Image 2026-06-04 at 22.53.15.jpeg,0.43305940742331517,1
/home/anitadonato/tcc/tcc/data/known_faces/bianca/WhatsApp Image 2026-06-04 at 22.53.14 (3).jpeg,/home/anitadonato/tcc/tcc/data/known_faces/bianca/WhatsApp Image 2026-06-04 at 22.53.16 (2).jpeg,0.4628478004631885,1
/home/anitadonato/tcc/tcc/data/known_faces/bianca/WhatsApp Image 2026-06-04 at 22.53.14 (3).jpeg,/home/anitadonato/tcc/tcc/data/known_faces/bianca/WhatsApp Image 2026-06-04 at 22.53.16 (3).jpeg,0.4845729889755323,1
/home/anitadonato/tcc/tcc/data/known_faces/bianca/WhatsApp Image 2026-06-04 at 22.53.14 (3).jpeg,/home/anitadonato/tcc/tcc/data/known_faces/bianca/WhatsApp Image 2026-06-04 at 22.53.16.jpeg,0.44927447471803356,1
/home/anitadonato/tcc/tcc/data/known_faces/bianca/WhatsApp Image 2026-06-04 at 22.53.14 (3).jpeg,/home/anitadonato/tcc/tcc/data/known_faces/bianca/WhatsApp Image 2026-06-04 at 22.53.17 (1).jpeg,0.41361225161541,1
/home/anitadonato/tcc/tcc/data/known_faces/bianca/WhatsApp Image 2026-06-04 at 22.53.14 (3).jpeg,/home/anitadonato/tcc/tcc/data/known_faces/bianca/WhatsApp Image 2026-06-04 at 22.53.18 (1).jpeg,0.5296683863462385,1
/home/anitadonato/tcc/tcc/data/known_faces/bianca/WhatsApp Image 2026-06-04 at 22.53.14 (3).jpeg,/home/anitadonato/tcc/tcc/data/known_faces/bianca/WhatsApp Image 2026-06-04 at 22.53.18 (2).jpeg,0.4295939135779274,1
/home/anitadonato/tcc/tcc/data/known_faces/bianca/WhatsApp Image 2026-06-04 at 22.53.14 (3).jpeg,/home/anitadonato/tcc/tcc/data/known_faces/bianca/WhatsApp Image 2026-06-04 at 22.53.18 (3).jpeg,0.38186359322582036,1
/home/anitadonato/tcc/tcc/data/known_faces/bianca/WhatsApp Image 2026-06-04 at 22.53.14 (3).jpeg,/home/anitadonato/tcc/tcc/data/known_faces/bianca/WhatsApp Image 2026-06-04 at 22.53.18 (4).jpeg,0.3953435221571144,1
/home/anitadonato/tcc/tcc/data/known_faces/bianca/WhatsApp Image 2026-06-04 at 22.53.14 (3).jpeg,/home/anitadonato/tcc/tcc/data/known_faces/bianca/WhatsApp Image 2026-06-04 at 22.53.18.jpeg,0.37617053337042977,1
/home/anitadonato/tcc/tcc/data/known_faces/bianca/WhatsApp Image 2026-06-04 at 22.53.14 (3).jpeg,/home/anitadonato/tcc/tcc/data/known_faces/bianca/WhatsApp Image 2026-06-04 at 22.53.19 (1).jpeg,0.3422672769638246,1
/home/anitadonato/tcc/tcc/data/known_faces/bianca/WhatsApp Image 2026-06-04 at 22.53.14 (3).jpeg,/home/anitadonato/tcc/tcc/data/known_faces/bianca/WhatsApp Image 2026-06-04 at 22.53.19 (2).jpeg,0.3471137786442706,1
/home/anitadonato/tcc/tcc/data/known_faces/bianca/WhatsApp Image 2026-06-04 at 22.53.14 (3).jpeg,/home/anitadonato/tcc/tcc/data/known_faces/bianca/WhatsApp Image 2026-06-04 at 22.53.19 (3).jpeg,0.3969153728171898,1
/home/anitadonato/tcc/tcc/data/known_faces/bianca/WhatsApp Image 2026-06-04 at 22.53.14 (3).jpeg,/home/anitadonato/tcc/tcc/data/known_faces/bianca/WhatsApp Image 2026-06-04 at 22.53.19 (4).jpeg,0.46753143485467175,1
/home/anitadonato/tcc/tcc/data/known_faces/bianca/WhatsApp Image 2026-06-04 at 22.53.14 (3).jpeg,/home/anitadonato/tcc/tcc/data/known_faces/bianca/WhatsApp Image 2026-06-04 at 22.53.19 (5).jpeg,0.49890864004206265,1
/home/anitadonato/tcc/tcc/data/known_faces/bianca/WhatsApp Image 2026-06-04 at 22.53.14 (3).jpeg,/home/anitadonato/tcc/tcc/data/known_faces/bianca/WhatsApp Image 2026-06-04 at 22.53.19 (6).jpeg,0.45637813427419655,1
/home/anitadonato/tcc/tcc/data/known_faces/bianca/WhatsApp Image 2026-06-04 at 22.53.14 (3).jpeg,/home/anitadonato/tcc/tcc/data/known_faces/bianca/WhatsApp Image 2026-06-04 at 22.53.19.jpeg,0.38061838378271595,1
/home/anitadonato/tcc/tcc/data/known_faces/bianca/WhatsApp Image 2026-06-04 at 22.53.14 (4).jpeg,/home/anitadonato/tcc/tcc/data/known_faces/bianca/WhatsApp Image 2026-06-04 at 22.53.14.jpeg,0.5357354294588048,1
/home/anitadonato/tcc/tcc/data/known_faces/bianca/WhatsApp Image 2026-06-04 at 22.53.14 (4).jpeg,/home/anitadonato/tcc/tcc/data/known_faces/bianca/WhatsApp Image 2026-06-04 at 22.53.15 (1).jpeg,0.36578287633226025,1
/home/anitadonato/tcc/tcc/data/known_faces/bianca/WhatsApp Image 2026-06-04 at 22.53.14 (4).jpeg,/home/anitadonato/tcc/tcc/data/known_faces/bianca/WhatsApp Image 2026-06-04 at 22.53.15 (2).jpeg,0.33328079925058557,1
/home/anitadonato/tcc/tcc/data/known_faces/bianca/WhatsApp Image 2026-06-04 at 22.53.14 (4).jpeg,/home/anitadonato/tcc/tcc/data/known_faces/bianca/WhatsApp Image 2026-06-04 at 22.53.15.jpeg,0.4116780950716734,1
/home/anitadonato/tcc/tcc/data/known_faces/bianca/WhatsApp Image 2026-06-04 at 22.53.14 (4).jpeg,/home/anitadonato/tcc/tcc/data/known_faces/bianca/WhatsApp Image 2026-06-04 at 22.53.16 (2).jpeg,0.30348677261383133,1
/home/anitadonato/tcc/tcc/data/known_faces/bianca/WhatsApp Image 2026-06-04 at 22.53.14 (4).jpeg,/home/anitadonato/tcc/tcc/data/known_faces/bianca/WhatsApp Image 2026-06-04 at 22.53.16 (3).jpeg,0.33570190981626613,1
/home/anitadonato/tcc/tcc/data/known_faces/bianca/WhatsApp Image 2026-06-04 at 22.53.14 (4).jpeg,/home/anitadonato/tcc/tcc/data/known_faces/bianca/WhatsApp Image 2026-06-04 at 22.53.16.jpeg,0.16814948058427687,1
/home/anitadonato/tcc/tcc/data/known_faces/bianca/WhatsApp Image 2026-06-04 at 22.53.14 (4).jpeg,/home/anitadonato/tcc/tcc/data/known_faces/bianca/WhatsApp Image 2026-06-04 at 22.53.17 (1).jpeg,0.402065476194302,1
/home/anitadonato/tcc/tcc/data/known_faces/bianca/WhatsApp Image 2026-06-04 at 22.53.14 (4).jpeg,/home/anitadonato/tcc/tcc/data/known_faces/bianca/WhatsApp Image 2026-06-04 at 22.53.18 (1).jpeg,0.47088690631545743,1
/home/anitadonato/tcc/tcc/data/known_faces/bianca/WhatsApp Image 2026-06-04 at 22.53.14 (4).jpeg,/home/anitadonato/tcc/tcc/data/known_faces/bianca/WhatsApp Image 2026-06-04 at 22.53.18 (2).jpeg,0.3844930332382886,1
/home/anitadonato/tcc/tcc/data/known_faces/bianca/WhatsApp Image 2026-06-04 at 22.53.14 (4).jpeg,/home/anitadonato/tcc/tcc/data/known_faces/bianca/WhatsApp Image 2026-06-04 at 22.53.18 (3).jpeg,0.29205771224498495,1
/home/anitadonato/tcc/tcc/data/known_faces/bianca/WhatsApp Image 2026-06-04 at 22.53.14 (4).jpeg,/home/anitadonato/tcc/tcc/data/known_faces/bianca/WhatsApp Image 2026-06-04 at 22.53.18 (4).jpeg,0.30648884738814214,1
/home/anitadonato/tcc/tcc/data/known_faces/bianca/WhatsApp Image 2026-06-04 at 22.53.14 (4).jpeg,/home/anitadonato/tcc/tcc/data/known_faces/bianca/WhatsApp Image 2026-06-04 at 22.53.18.jpeg,0.32926468568216877,1
/home/anitadonato/tcc/tcc/data/known_faces/bianca/WhatsApp Image 2026-06-04 at 22.53.14 (4).jpeg,/home/anitadonato/tcc/tcc/data/known_faces/bianca/WhatsApp Image 2026-06-04 at 22.53.19 (1).jpeg,0.31191992478587893,1
/home/anitadonato/tcc/tcc/data/known_faces/bianca/WhatsApp Image 2026-06-04 at 22.53.14 (4).jpeg,/home/anitadonato/tcc/tcc/data/known_faces/bianca/WhatsApp Image 2026-06-04 at 22.53.19 (2).jpeg,0.295447562934975,1
/home/anitadonato/tcc/tcc/data/known_faces/bianca/WhatsApp Image 2026-06-04 at 22.53.14 (4).jpeg,/home/anitadonato/tcc/tcc/data/known_faces/bianca/WhatsApp Image 2026-06-04 at 22.53.19 (3).jpeg,0.4003478943198371,1
/home/anitadonato/tcc/tcc/data/known_faces/bianca/WhatsApp Image 2026-06-04 at 22.53.14 (4).jpeg,/home/anitadonato/tcc/tcc/data/known_faces/bianca/WhatsApp Image 2026-06-04 at 22.53.19 (4).jpeg,0.47191715247128085,1
/home/anitadonato/tcc/tcc/data/known_faces/bianca/WhatsApp Image 2026-06-04 at 22.53.14 (4).jpeg,/home/anitadonato/tcc/tcc/data/known_faces/bianca/WhatsApp Image 2026-06-04 at 22.53.19 (5).jpeg,0.4595665402245112,1
/home/anitadonato/tcc/tcc/data/known_faces/bianca/WhatsApp Image 2026-06-04 at 22.53.14 (4).jpeg,/home/anitadonato/tcc/tcc/data/known_faces/bianca/WhatsApp Image 2026-06-04 at 22.53.19 (6).jpeg,0.44871428177794165,1
/home/anitadonato/tcc/tcc/data/known_faces/bianca/WhatsApp Image 2026-06-04 at 22.53.14 (4).jpeg,/home/anitadonato/tcc/tcc/data/known_faces/bianca/WhatsApp Image 2026-06-04 at 22.53.19.jpeg,0.32473157605027464,1
/home/anitadonato/tcc/tcc/data/known_faces/bianca/WhatsApp Image 2026-06-04 at 22.53.14.jpeg,/home/anitadonato/tcc/tcc/data/known_faces/bianca/WhatsApp Image 2026-06-04 at 22.53.15 (1).jpeg,0.5260084150388198,1
/home/anitadonato/tcc/tcc/data/known_faces/bianca/WhatsApp Image 2026-06-04 at 22.53.14.jpeg,/home/anitadonato/tcc/tcc/data/known_faces/bianca/WhatsApp Image 2026-06-04 at 22.53.15 (2).jpeg,0.5013231814815229,1
/home/anitadonato/tcc/tcc/data/known_faces/bianca/WhatsApp Image 2026-06-04 at 22.53.14.jpeg,/home/anitadonato/tcc/tcc/data/known_faces/bianca/WhatsApp Image 2026-06-04 at 22.53.15.jpeg,0.5365952837574791,1
/home/anitadonato/tcc/tcc/data/known_faces/bianca/WhatsApp Image 2026-06-04 at 22.53.14.jpeg,/home/anitadonato/tcc/tcc/data/known_faces/bianca/WhatsApp Image 2026-06-04 at 22.53.16 (2).jpeg,0.5123493347981808,1
/home/anitadonato/tcc/tcc/data/known_faces/bianca/WhatsApp Image 2026-06-04 at 22.53.14.jpeg,/home/anitadonato/tcc/tcc/data/known_faces/bianca/WhatsApp Image 2026-06-04 at 22.53.16 (3).jpeg,0.5242050221852188,1
/home/anitadonato/tcc/tcc/data/known_faces/bianca/WhatsApp Image 2026-06-04 at 22.53.14.jpeg,/home/anitadonato/tcc/tcc/data/known_faces/bianca/WhatsApp Image 2026-06-04 at 22.53.16.jpeg,0.5673440609553722,1
/home/anitadonato/tcc/tcc/data/known_faces/bianca/WhatsApp Image 2026-06-04 at 22.53.14.jpeg,/home/anitadonato/tcc/tcc/data/known_faces/bianca/WhatsApp Image 2026-06-04 at 22.53.17 (1).jpeg,0.4839942789736041,1
/home/anitadonato/tcc/tcc/data/known_faces/bianca/WhatsApp Image 2026-06-04 at 22.53.14.jpeg,/home/anitadonato/tcc/tcc/data/known_faces/bianca/WhatsApp Image 2026-06-04 at 22.53.18 (1).jpeg,0.5283296537468084,1
/home/anitadonato/tcc/tcc/data/known_faces/bianca/WhatsApp Image 2026-06-04 at 22.53.14.jpeg,/home/anitadonato/tcc/tcc/data/known_faces/bianca/WhatsApp Image 2026-06-04 at 22.53.18 (2).jpeg,0.5646762485676472,1
/home/anitadonato/tcc/tcc/data/known_faces/bianca/WhatsApp Image 2026-06-04 at 22.53.14.jpeg,/home/anitadonato/tcc/tcc/data/known_faces/bianca/WhatsApp Image 2026-06-04 at 22.53.18 (3).jpeg,0.48711061010308293,1
/home/anitadonato/tcc/tcc/data/known_faces/bianca/WhatsApp Image 2026-06-04 at 22.53.14.jpeg,/home/anitadonato/tcc/tcc/data/known_faces/bianca/WhatsApp Image 2026-06-04 at 22.53.18 (4).jpeg,0.5002150477828032,1
/home/anitadonato/tcc/tcc/data/known_faces/bianca/WhatsApp Image 2026-06-04 at 22.53.14.jpeg,/home/anitadonato/tcc/tcc/data/known_faces/bianca/WhatsApp Image 2026-06-04 at 22.53.18.jpeg,0.4983036696212744,1
/home/anitadonato/tcc/tcc/data/known_faces/bianca/WhatsApp Image 2026-06-04 at 22.53.14.jpeg,/home/anitadonato/tcc/tcc/data/known_faces/bianca/WhatsApp Image 2026-06-04 at 22.53.19 (1).jpeg,0.5027401655669738,1
/home/anitadonato/tcc/tcc/data/known_faces/bianca/WhatsApp Image 2026-06-04 at 22.53.14.jpeg,/home/anitadonato/tcc/tcc/data/known_faces/bianca/WhatsApp Image 2026-06-04 at 22.53.19 (2).jpeg,0.5006810834816756,1
/home/anitadonato/tcc/tcc/data/known_faces/bianca/WhatsApp Image 2026-06-04 at 22.53.14.jpeg,/home/anitadonato/tcc/tcc/data/known_faces/bianca/WhatsApp Image 2026-06-04 at 22.53.19 (3).jpeg,0.5527855287022275,1
/home/anitadonato/tcc/tcc/data/known_faces/bianca/WhatsApp Image 2026-06-04 at 22.53.14.jpeg,/home/anitadonato/tcc/tcc/data/known_faces/bianca/WhatsApp Image 2026-06-04 at 22.53.19 (4).jpeg,0.5916185740601104,1
/home/anitadonato/tcc/tcc/data/known_faces/bianca/WhatsApp Image 2026-06-04 at 22.53.14.jpeg,/home/anitadonato/tcc/tcc/data/known_faces/bianca/WhatsApp Image 2026-06-04 at 22.53.19 (5).jpeg,0.5626800041063597,1
/home/anitadonato/tcc/tcc/data/known_faces/bianca/WhatsApp Image 2026-06-04 at 22.53.14.jpeg,/home/anitadonato/tcc/tcc/data/known_faces/bianca/WhatsApp Image 2026-06-04 at 22.53.19 (6).jpeg,0.5591364339961801,1
/home/anitadonato/tcc/tcc/data/known_faces/bianca/WhatsApp Image 2026-06-04 at 22.53.14.jpeg,/home/anitadonato/tcc/tcc/data/known_faces/bianca/WhatsApp Image 2026-06-04 at 22.53.19.jpeg,0.5331008790882258,1
/home/anitadonato/tcc/tcc/data/known_faces/bianca/WhatsApp Image 2026-06-04 at 22.53.15 (1).jpeg,/home/anitadonato/tcc/tcc/data/known_faces/bianca/WhatsApp Image 2026-06-04 at 22.53.15 (2).jpeg,0.4197227485811574,1
/home/anitadonato/tcc/tcc/data/known_faces/bianca/WhatsApp Image 2026-06-04 at 22.53.15 (1).jpeg,/home/anitadonato/tcc/tcc/data/known_faces/bianca/WhatsApp Image 2026-06-04 at 22.53.15.jpeg,0.37138130183257845,1
/home/anitadonato/tcc/tcc/data/known_faces/bianca/WhatsApp Image 2026-06-04 at 22.53.15 (1).jpeg,/home/anitadonato/tcc/tcc/data/known_faces/bianca/WhatsApp Image 2026-06-04 at 22.53.16 (2).jpeg,0.4433849348784116,1
/home/anitadonato/tcc/tcc/data/known_faces/bianca/WhatsApp Image 2026-06-04 at 22.53.15 (1).jpeg,/home/anitadonato/tcc/tcc/data/known_faces/bianca/WhatsApp Image 2026-06-04 at 22.53.16 (3).jpeg,0.45958100306894145,1
/home/anitadonato/tcc/tcc/data/known_faces/bianca/WhatsApp Image 2026-06-04 at 22.53.15 (1).jpeg,/home/anitadonato/tcc/tcc/data/known_faces/bianca/WhatsApp Image 2026-06-04 at 22.53.16.jpeg,0.3793744027649821,1
/home/anitadonato/tcc/tcc/data/known_faces/bianca/WhatsApp Image 2026-06-04 at 22.53.15 (1).jpeg,/home/anitadonato/tcc/tcc/data/known_faces/bianca/WhatsApp Image 2026-06-04 at 22.53.17 (1).jpeg,0.49672739246277664,1
/home/anitadonato/tcc/tcc/data/known_faces/bianca/WhatsApp Image 2026-06-04 at 22.53.15 (1).jpeg,/home/anitadonato/tcc/tcc/data/known_faces/bianca/WhatsApp Image 2026-06-04 at 22.53.18 (1).jpeg,0.5033521062779246,1
/home/anitadonato/tcc/tcc/data/known_faces/bianca/WhatsApp Image 2026-06-04 at 22.53.15 (1).jpeg,/home/anitadonato/tcc/tcc/data/known_faces/bianca/WhatsApp Image 2026-06-04 at 22.53.18 (2).jpeg,0.44517729487229757,1
/home/anitadonato/tcc/tcc/data/known_faces/bianca/WhatsApp Image 2026-06-04 at 22.53.15 (1).jpeg,/home/anitadonato/tcc/tcc/data/known_faces/bianca/WhatsApp Image 2026-06-04 at 22.53.18 (3).jpeg,0.39441146826405826,1
/home/anitadonato/tcc/tcc/data/known_faces/bianca/WhatsApp Image 2026-06-04 at 22.53.15 (1).jpeg,/home/anitadonato/tcc/tcc/data/known_faces/bianca/WhatsApp Image 2026-06-04 at 22.53.18 (4).jpeg,0.3948371088527992,1
/home/anitadonato/tcc/tcc/data/known_faces/bianca/WhatsApp Image 2026-06-04 at 22.53.15 (1).jpeg,/home/anitadonato/tcc/tcc/data/known_faces/bianca/WhatsApp Image 2026-06-04 at 22.53.18.jpeg,0.37404954211369595,1
/home/anitadonato/tcc/tcc/data/known_faces/bianca/WhatsApp Image 2026-06-04 at 22.53.15 (1).jpeg,/home/anitadonato/tcc/tcc/data/known_faces/bianca/WhatsApp Image 2026-06-04 at 22.53.19 (1).jpeg,0.3820485421690621,1
/home/anitadonato/tcc/tcc/data/known_faces/bianca/WhatsApp Image 2026-06-04 at 22.53.15 (1).jpeg,/home/anitadonato/tcc/tcc/data/known_faces/bianca/WhatsApp Image 2026-06-04 at 22.53.19 (2).jpeg,0.3761541291946643,1
/home/anitadonato/tcc/tcc/data/known_faces/bianca/WhatsApp Image 2026-06-04 at 22.53.15 (1).jpeg,/home/anitadonato/tcc/tcc/data/known_faces/bianca/WhatsApp Image 2026-06-04 at 22.53.19 (3).jpeg,0.4613735155649997,1
/home/anitadonato/tcc/tcc/data/known_faces/bianca/WhatsApp Image 2026-06-04 at 22.53.15 (1).jpeg,/home/anitadonato/tcc/tcc/data/known_faces/bianca/WhatsApp Image 2026-06-04 at 22.53.19 (4).jpeg,0.5076995408281787,1
/home/anitadonato/tcc/tcc/data/known_faces/bianca/WhatsApp Image 2026-06-04 at 22.53.15 (1).jpeg,/home/anitadonato/tcc/tcc/data/known_faces/bianca/WhatsApp Image 2026-06-04 at 22.53.19 (5).jpeg,0.47547019532359713,1
/home/anitadonato/tcc/tcc/data/known_faces/bianca/WhatsApp Image 2026-06-04 at 22.53.15 (1).jpeg,/home/anitadonato/tcc/tcc/data/known_faces/bianca/WhatsApp Image 2026-06-04 at 22.53.19 (6).jpeg,0.46969756626416453,1
/home/anitadonato/tcc/tcc/data/known_faces/bianca/WhatsApp Image 2026-06-04 at 22.53.15 (1).jpeg,/home/anitadonato/tcc/tcc/data/known_faces/bianca/WhatsApp Image 2026-06-04 at 22.53.19.jpeg,0.3897052330250022,1
/home/anitadonato/tcc/tcc/data/known_faces/bianca/WhatsApp Image 2026-06-04 at 22.53.15 (2).jpeg,/home/anitadonato/tcc/tcc/data/known_faces/bianca/WhatsApp Image 2026-06-04 at 22.53.15.jpeg,0.41851040142368173,1
/home/anitadonato/tcc/tcc/data/known_faces/bianca/WhatsApp Image 2026-06-04 at 22.53.15 (2).jpeg,/home/anitadonato/tcc/tcc/data/known_faces/bianca/WhatsApp Image 2026-06-04 at 22.53.16 (2).jpeg,0.30750921590612845,1
/home/anitadonato/tcc/tcc/data/known_faces/bianca/WhatsApp Image 2026-06-04 at 22.53.15 (2).jpeg,/home/anitadonato/tcc/tcc/data/known_faces/bianca/WhatsApp Image 2026-06-04 at 22.53.16 (3).jpeg,0.3475288324320747,1
/home/anitadonato/tcc/tcc/data/known_faces/bianca/WhatsApp Image 2026-06-04 at 22.53.15 (2).jpeg,/home/anitadonato/tcc/tcc/data/known_faces/bianca/WhatsApp Image 2026-06-04 at 22.53.16.jpeg,0.31191948757210936,1
/home/anitadonato/tcc/tcc/data/known_faces/bianca/WhatsApp Image 2026-06-04 at 22.53.15 (2).jpeg,/home/anitadonato/tcc/tcc/data/known_faces/bianca/WhatsApp Image 2026-06-04 at 22.53.17 (1).jpeg,0.3464943448494587,1
/home/anitadonato/tcc/tcc/data/known_faces/bianca/WhatsApp Image 2026-06-04 at 22.53.15 (2).jpeg,/home/anitadonato/tcc/tcc/data/known_faces/bianca/WhatsApp Image 2026-06-04 at 22.53.18 (1).jpeg,0.4685831147230709,1
/home/anitadonato/tcc/tcc/data/known_faces/bianca/WhatsApp Image 2026-06-04 at 22.53.15 (2).jpeg,/home/anitadonato/tcc/tcc/data/known_faces/bianca/WhatsApp Image 2026-06-04 at 22.53.18 (2).jpeg,0.46700020154671856,1
/home/anitadonato/tcc/tcc/data/known_faces/bianca/WhatsApp Image 2026-06-04 at 22.53.15 (2).jpeg,/home/anitadonato/tcc/tcc/data/known_faces/bianca/WhatsApp Image 2026-06-04 at 22.53.18 (3).jpeg,0.3749523363615986,1
/home/anitadonato/tcc/tcc/data/known_faces/bianca/WhatsApp Image 2026-06-04 at 22.53.15 (2).jpeg,/home/anitadonato/tcc/tcc/data/known_faces/bianca/WhatsApp Image 2026-06-04 at 22.53.18 (4).jpeg,0.38769803300510053,1
/home/anitadonato/tcc/tcc/data/known_faces/bianca/WhatsApp Image 2026-06-04 at 22.53.15 (2).jpeg,/home/anitadonato/tcc/tcc/data/known_faces/bianca/WhatsApp Image 2026-06-04 at 22.53.18.jpeg,0.42218975607652237,1
/home/anitadonato/tcc/tcc/data/known_faces/bianca/WhatsApp Image 2026-06-04 at 22.53.15 (2).jpeg,/home/anitadonato/tcc/tcc/data/known_faces/bianca/WhatsApp Image 2026-06-04 at 22.53.19 (1).jpeg,0.37114194434478864,1
/home/anitadonato/tcc/tcc/data/known_faces/bianca/WhatsApp Image 2026-06-04 at 22.53.15 (2).jpeg,/home/anitadonato/tcc/tcc/data/known_faces/bianca/WhatsApp Image 2026-06-04 at 22.53.19 (2).jpeg,0.34526375651261754,1
/home/anitadonato/tcc/tcc/data/known_faces/bianca/WhatsApp Image 2026-06-04 at 22.53.15 (2).jpeg,/home/anitadonato/tcc/tcc/data/known_faces/bianca/WhatsApp Image 2026-06-04 at 22.53.19 (3).jpeg,0.41295137348403105,1
/home/anitadonato/tcc/tcc/data/known_faces/bianca/WhatsApp Image 2026-06-04 at 22.53.15 (2).jpeg,/home/anitadonato/tcc/tcc/data/known_faces/bianca/WhatsApp Image 2026-06-04 at 22.53.19 (4).jpeg,0.4876167739271548,1
/home/anitadonato/tcc/tcc/data/known_faces/bianca/WhatsApp Image 2026-06-04 at 22.53.15 (2).jpeg,/home/anitadonato/tcc/tcc/data/known_faces/bianca/WhatsApp Image 2026-06-04 at 22.53.19 (5).jpeg,0.5211302128872821,1
/home/anitadonato/tcc/tcc/data/known_faces/bianca/WhatsApp Image 2026-06-04 at 22.53.15 (2).jpeg,/home/anitadonato/tcc/tcc/data/known_faces/bianca/WhatsApp Image 2026-06-04 at 22.53.19 (6).jpeg,0.49365607474532136,1
/home/anitadonato/tcc/tcc/data/known_faces/bianca/WhatsApp Image 2026-06-04 at 22.53.15 (2).jpeg,/home/anitadonato/tcc/tcc/data/known_faces/bianca/WhatsApp Image 2026-06-04 at 22.53.19.jpeg,0.3872076255224719,1
/home/anitadonato/tcc/tcc/data/known_faces/bianca/WhatsApp Image 2026-06-04 at 22.53.15.jpeg,/home/anitadonato/tcc/tcc/data/known_faces/bianca/WhatsApp Image 2026-06-04 at 22.53.16 (2).jpeg,0.4341722672971343,1
/home/anitadonato/tcc/tcc/data/known_faces/bianca/WhatsApp Image 2026-06-04 at 22.53.15.jpeg,/home/anitadonato/tcc/tcc/data/known_faces/bianca/WhatsApp Image 2026-06-04 at 22.53.16 (3).jpeg,0.4541047666796215,1
/home/anitadonato/tcc/tcc/data/known_faces/bianca/WhatsApp Image 2026-06-04 at 22.53.15.jpeg,/home/anitadonato/tcc/tcc/data/known_faces/bianca/WhatsApp Image 2026-06-04 at 22.53.16.jpeg,0.39779041593925185,1
/home/anitadonato/tcc/tcc/data/known_faces/bianca/WhatsApp Image 2026-06-04 at 22.53.15.jpeg,/home/anitadonato/tcc/tcc/data/known_faces/bianca/WhatsApp Image 2026-06-04 at 22.53.17 (1).jpeg,0.4366471426829246,1
/home/anitadonato/tcc/tcc/data/known_faces/bianca/WhatsApp Image 2026-06-04 at 22.53.15.jpeg,/home/anitadonato/tcc/tcc/data/known_faces/bianca/WhatsApp Image 2026-06-04 at 22.53.18 (1).jpeg,0.4653305651185347,1
/home/anitadonato/tcc/tcc/data/known_faces/bianca/WhatsApp Image 2026-06-04 at 22.53.15.jpeg,/home/anitadonato/tcc/tcc/data/known_faces/bianca/WhatsApp Image 2026-06-04 at 22.53.18 (2).jpeg,0.3886942731996452,1
/home/anitadonato/tcc/tcc/data/known_faces/bianca/WhatsApp Image 2026-06-04 at 22.53.15.jpeg,/home/anitadonato/tcc/tcc/data/known_faces/bianca/WhatsApp Image 2026-06-04 at 22.53.18 (3).jpeg,0.3344818995549659,1
/home/anitadonato/tcc/tcc/data/known_faces/bianca/WhatsApp Image 2026-06-04 at 22.53.15.jpeg,/home/anitadonato/tcc/tcc/data/known_faces/bianca/WhatsApp Image 2026-06-04 at 22.53.18 (4).jpeg,0.33478669611173023,1
/home/anitadonato/tcc/tcc/data/known_faces/bianca/WhatsApp Image 2026-06-04 at 22.53.15.jpeg,/home/anitadonato/tcc/tcc/data/known_faces/bianca/WhatsApp Image 2026-06-04 at 22.53.18.jpeg,0.36277943741563906,1
/home/anitadonato/tcc/tcc/data/known_faces/bianca/WhatsApp Image 2026-06-04 at 22.53.15.jpeg,/home/anitadonato/tcc/tcc/data/known_faces/bianca/WhatsApp Image 2026-06-04 at 22.53.19 (1).jpeg,0.29996063515082166,1
/home/anitadonato/tcc/tcc/data/known_faces/bianca/WhatsApp Image 2026-06-04 at 22.53.15.jpeg,/home/anitadonato/tcc/tcc/data/known_faces/bianca/WhatsApp Image 2026-06-04 at 22.53.19 (2).jpeg,0.28873180205224036,1
/home/anitadonato/tcc/tcc/data/known_faces/bianca/WhatsApp Image 2026-06-04 at 22.53.15.jpeg,/home/anitadonato/tcc/tcc/data/known_faces/bianca/WhatsApp Image 2026-06-04 at 22.53.19 (3).jpeg,0.36385471295045946,1
/home/anitadonato/tcc/tcc/data/known_faces/bianca/WhatsApp Image 2026-06-04 at 22.53.15.jpeg,/home/anitadonato/tcc/tcc/data/known_faces/bianca/WhatsApp Image 2026-06-04 at 22.53.19 (4).jpeg,0.4324508278363255,1
/home/anitadonato/tcc/tcc/data/known_faces/bianca/WhatsApp Image 2026-06-04 at 22.53.15.jpeg,/home/anitadonato/tcc/tcc/data/known_faces/bianca/WhatsApp Image 2026-06-04 at 22.53.19 (5).jpeg,0.40948929001308604,1
/home/anitadonato/tcc/tcc/data/known_faces/bianca/WhatsApp Image 2026-06-04 at 22.53.15.jpeg,/home/anitadonato/tcc/tcc/data/known_faces/bianca/WhatsApp Image 2026-06-04 at 22.53.19 (6).jpeg,0.3803217939569566,1
/home/anitadonato/tcc/tcc/data/known_faces/bianca/WhatsApp Image 2026-06-04 at 22.53.15.jpeg,/home/anitadonato/tcc/tcc/data/known_faces/bianca/WhatsApp Image 2026-06-04 at 22.53.19.jpeg,0.2879788216364891,1
/home/anitadonato/tcc/tcc/data/known_faces/bianca/WhatsApp Image 2026-06-04 at 22.53.16 (2).jpeg,/home/anitadonato/tcc/tcc/data/known_faces/bianca/WhatsApp Image 2026-06-04 at 22.53.16 (3).jpeg,0.1207400965053817,1
/home/anitadonato/tcc/tcc/data/known_faces/bianca/WhatsApp Image 2026-06-04 at 22.53.16 (2).jpeg,/home/anitadonato/tcc/tcc/data/known_faces/bianca/WhatsApp Image 2026-06-04 at 22.53.16.jpeg,0.2623081671585329,1
/home/anitadonato/tcc/tcc/data/known_faces/bianca/WhatsApp Image 2026-06-04 at 22.53.16 (2).jpeg,/home/anitadonato/tcc/tcc/data/known_faces/bianca/WhatsApp Image 2026-06-04 at 22.53.17 (1).jpeg,0.34808473939397583,1
/home/anitadonato/tcc/tcc/data/known_faces/bianca/WhatsApp Image 2026-06-04 at 22.53.16 (2).jpeg,/home/anitadonato/tcc/tcc/data/known_faces/bianca/WhatsApp Image 2026-06-04 at 22.53.18 (1).jpeg,0.4692124985631168,1
/home/anitadonato/tcc/tcc/data/known_faces/bianca/WhatsApp Image 2026-06-04 at 22.53.16 (2).jpeg,/home/anitadonato/tcc/tcc/data/known_faces/bianca/WhatsApp Image 2026-06-04 at 22.53.18 (2).jpeg,0.4399535210386533,1
/home/anitadonato/tcc/tcc/data/known_faces/bianca/WhatsApp Image 2026-06-04 at 22.53.16 (2).jpeg,/home/anitadonato/tcc/tcc/data/known_faces/bianca/WhatsApp Image 2026-06-04 at 22.53.18 (3).jpeg,0.40649079041710456,1
/home/anitadonato/tcc/tcc/data/known_faces/bianca/WhatsApp Image 2026-06-04 at 22.53.16 (2).jpeg,/home/anitadonato/tcc/tcc/data/known_faces/bianca/WhatsApp Image 2026-06-04 at 22.53.18 (4).jpeg,0.40777375095776475,1
/home/anitadonato/tcc/tcc/data/known_faces/bianca/WhatsApp Image 2026-06-04 at 22.53.16 (2).jpeg,/home/anitadonato/tcc/tcc/data/known_faces/bianca/WhatsApp Image 2026-06-04 at 22.53.18.jpeg,0.43290592759483476,1
/home/anitadonato/tcc/tcc/data/known_faces/bianca/WhatsApp Image 2026-06-04 at 22.53.16 (2).jpeg,/home/anitadonato/tcc/tcc/data/known_faces/bianca/WhatsApp Image 2026-06-04 at 22.53.19 (1).jpeg,0.39866581381231603,1
/home/anitadonato/tcc/tcc/data/known_faces/bianca/WhatsApp Image 2026-06-04 at 22.53.16 (2).jpeg,/home/anitadonato/tcc/tcc/data/known_faces/bianca/WhatsApp Image 2026-06-04 at 22.53.19 (2).jpeg,0.37316828174670924,1
/home/anitadonato/tcc/tcc/data/known_faces/bianca/WhatsApp Image 2026-06-04 at 22.53.16 (2).jpeg,/home/anitadonato/tcc/tcc/data/known_faces/bianca/WhatsApp Image 2026-06-04 at 22.53.19 (3).jpeg,0.45665725998199147,1
/home/anitadonato/tcc/tcc/data/known_faces/bianca/WhatsApp Image 2026-06-04 at 22.53.16 (2).jpeg,/home/anitadonato/tcc/tcc/data/known_faces/bianca/WhatsApp Image 2026-06-04 at 22.53.19 (4).jpeg,0.489865240960863,1
/home/anitadonato/tcc/tcc/data/known_faces/bianca/WhatsApp Image 2026-06-04 at 22.53.16 (2).jpeg,/home/anitadonato/tcc/tcc/data/known_faces/bianca/WhatsApp Image 2026-06-04 at 22.53.19 (5).jpeg,0.504287683227363,1
/home/anitadonato/tcc/tcc/data/known_faces/bianca/WhatsApp Image 2026-06-04 at 22.53.16 (2).jpeg,/home/anitadonato/tcc/tcc/data/known_faces/bianca/WhatsApp Image 2026-06-04 at 22.53.19 (6).jpeg,0.48675905481939796,1
/home/anitadonato/tcc/tcc/data/known_faces/bianca/WhatsApp Image 2026-06-04 at 22.53.16 (2).jpeg,/home/anitadonato/tcc/tcc/data/known_faces/bianca/WhatsApp Image 2026-06-04 at 22.53.19.jpeg,0.39273727840543143,1
/home/anitadonato/tcc/tcc/data/known_faces/bianca/WhatsApp Image 2026-06-04 at 22.53.16 (3).jpeg,/home/anitadonato/tcc/tcc/data/known_faces/bianca/WhatsApp Image 2026-06-04 at 22.53.16.jpeg,0.28850268842387083,1
/home/anitadonato/tcc/tcc/data/known_faces/bianca/WhatsApp Image 2026-06-04 at 22.53.16 (3).jpeg,/home/anitadonato/tcc/tcc/data/known_faces/bianca/WhatsApp Image 2026-06-04 at 22.53.17 (1).jpeg,0.36102383563295515,1
/home/anitadonato/tcc/tcc/data/known_faces/bianca/WhatsApp Image 2026-06-04 at 22.53.16 (3).jpeg,/home/anitadonato/tcc/tcc/data/known_faces/bianca/WhatsApp Image 2026-06-04 at 22.53.18 (1).jpeg,0.46276078289476763,1
/home/anitadonato/tcc/tcc/data/known_faces/bianca/WhatsApp Image 2026-06-04 at 22.53.16 (3).jpeg,/home/anitadonato/tcc/tcc/data/known_faces/bianca/WhatsApp Image 2026-06-04 at 22.53.18 (2).jpeg,0.45267537356710025,1
/home/anitadonato/tcc/tcc/data/known_faces/bianca/WhatsApp Image 2026-06-04 at 22.53.16 (3).jpeg,/home/anitadonato/tcc/tcc/data/known_faces/bianca/WhatsApp Image 2026-06-04 at 22.53.18 (3).jpeg,0.43600110182311785,1
/home/anitadonato/tcc/tcc/data/known_faces/bianca/WhatsApp Image 2026-06-04 at 22.53.16 (3).jpeg,/home/anitadonato/tcc/tcc/data/known_faces/bianca/WhatsApp Image 2026-06-04 at 22.53.18 (4).jpeg,0.437255949915314,1
/home/anitadonato/tcc/tcc/data/known_faces/bianca/WhatsApp Image 2026-06-04 at 22.53.16 (3).jpeg,/home/anitadonato/tcc/tcc/data/known_faces/bianca/WhatsApp Image 2026-06-04 at 22.53.18.jpeg,0.45593259542147935,1
/home/anitadonato/tcc/tcc/data/known_faces/bianca/WhatsApp Image 2026-06-04 at 22.53.16 (3).jpeg,/home/anitadonato/tcc/tcc/data/known_faces/bianca/WhatsApp Image 2026-06-04 at 22.53.19 (1).jpeg,0.42892079499095326,1
/home/anitadonato/tcc/tcc/data/known_faces/bianca/WhatsApp Image 2026-06-04 at 22.53.16 (3).jpeg,/home/anitadonato/tcc/tcc/data/known_faces/bianca/WhatsApp Image 2026-06-04 at 22.53.19 (2).jpeg,0.40103288702287193,1
/home/anitadonato/tcc/tcc/data/known_faces/bianca/WhatsApp Image 2026-06-04 at 22.53.16 (3).jpeg,/home/anitadonato/tcc/tcc/data/known_faces/bianca/WhatsApp Image 2026-06-04 at 22.53.19 (3).jpeg,0.48204118398696316,1
/home/anitadonato/tcc/tcc/data/known_faces/bianca/WhatsApp Image 2026-06-04 at 22.53.16 (3).jpeg,/home/anitadonato/tcc/tcc/data/known_faces/bianca/WhatsApp Image 2026-06-04 at 22.53.19 (4).jpeg,0.4996688133512189,1
/home/anitadonato/tcc/tcc/data/known_faces/bianca/WhatsApp Image 2026-06-04 at 22.53.16 (3).jpeg,/home/anitadonato/tcc/tcc/data/known_faces/bianca/WhatsApp Image 2026-06-04 at 22.53.19 (5).jpeg,0.5059246307517338,1
/home/anitadonato/tcc/tcc/data/known_faces/bianca/WhatsApp Image 2026-06-04 at 22.53.16 (3).jpeg,/home/anitadonato/tcc/tcc/data/known_faces/bianca/WhatsApp Image 2026-06-04 at 22.53.19 (6).jpeg,0.4974822787913211,1
/home/anitadonato/tcc/tcc/data/known_faces/bianca/WhatsApp Image 2026-06-04 at 22.53.16 (3).jpeg,/home/anitadonato/tcc/tcc/data/known_faces/bianca/WhatsApp Image 2026-06-04 at 22.53.19.jpeg,0.42761437459118745,1
/home/anitadonato/tcc/tcc/data/known_faces/bianca/WhatsApp Image 2026-06-04 at 22.53.16.jpeg,/home/anitadonato/tcc/tcc/data/known_faces/bianca/WhatsApp Image 2026-06-04 at 22.53.17 (1).jpeg,0.3739237339626109,1
/home/anitadonato/tcc/tcc/data/known_faces/bianca/WhatsApp Image 2026-06-04 at 22.53.16.jpeg,/home/anitadonato/tcc/tcc/data/known_faces/bianca/WhatsApp Image 2026-06-04 at 22.53.18 (1).jpeg,0.47943434223044956,1
/home/anitadonato/tcc/tcc/data/known_faces/bianca/WhatsApp Image 2026-06-04 at 22.53.16.jpeg,/home/anitadonato/tcc/tcc/data/known_faces/bianca/WhatsApp Image 2026-06-04 at 22.53.18 (2).jpeg,0.3799709243500932,1
/home/anitadonato/tcc/tcc/data/known_faces/bianca/WhatsApp Image 2026-06-04 at 22.53.16.jpeg,/home/anitadonato/tcc/tcc/data/known_faces/bianca/WhatsApp Image 2026-06-04 at 22.53.18 (3).jpeg,0.3479443467138169,1
/home/anitadonato/tcc/tcc/data/known_faces/bianca/WhatsApp Image 2026-06-04 at 22.53.16.jpeg,/home/anitadonato/tcc/tcc/data/known_faces/bianca/WhatsApp Image 2026-06-04 at 22.53.18 (4).jpeg,0.3585633705202484,1
/home/anitadonato/tcc/tcc/data/known_faces/bianca/WhatsApp Image 2026-06-04 at 22.53.16.jpeg,/home/anitadonato/tcc/tcc/data/known_faces/bianca/WhatsApp Image 2026-06-04 at 22.53.18.jpeg,0.3559037147813143,1
/home/anitadonato/tcc/tcc/data/known_faces/bianca/WhatsApp Image 2026-06-04 at 22.53.16.jpeg,/home/anitadonato/tcc/tcc/data/known_faces/bianca/WhatsApp Image 2026-06-04 at 22.53.19 (1).jpeg,0.3373000887504248,1
/home/anitadonato/tcc/tcc/data/known_faces/bianca/WhatsApp Image 2026-06-04 at 22.53.16.jpeg,/home/anitadonato/tcc/tcc/data/known_faces/bianca/WhatsApp Image 2026-06-04 at 22.53.19 (2).jpeg,0.305713080466755,1
/home/anitadonato/tcc/tcc/data/known_faces/bianca/WhatsApp Image 2026-06-04 at 22.53.16.jpeg,/home/anitadonato/tcc/tcc/data/known_faces/bianca/WhatsApp Image 2026-06-04 at 22.53.19 (3).jpeg,0.4079045481529667,1
/home/anitadonato/tcc/tcc/data/known_faces/bianca/WhatsApp Image 2026-06-04 at 22.53.16.jpeg,/home/anitadonato/tcc/tcc/data/known_faces/bianca/WhatsApp Image 2026-06-04 at 22.53.19 (4).jpeg,0.4676688612705955,1
/home/anitadonato/tcc/tcc/data/known_faces/bianca/WhatsApp Image 2026-06-04 at 22.53.16.jpeg,/home/anitadonato/tcc/tcc/data/known_faces/bianca/WhatsApp Image 2026-06-04 at 22.53.19 (5).jpeg,0.462745857055074,1
/home/anitadonato/tcc/tcc/data/known_faces/bianca/WhatsApp Image 2026-06-04 at 22.53.16.jpeg,/home/anitadonato/tcc/tcc/data/known_faces/bianca/WhatsApp Image 2026-06-04 at 22.53.19 (6).jpeg,0.46231431158686315,1
/home/anitadonato/tcc/tcc/data/known_faces/bianca/WhatsApp Image 2026-06-04 at 22.53.16.jpeg,/home/anitadonato/tcc/tcc/data/known_faces/bianca/WhatsApp Image 2026-06-04 at 22.53.19.jpeg,0.3483444667233147,1
/home/anitadonato/tcc/tcc/data/known_faces/bianca/WhatsApp Image 2026-06-04 at 22.53.17 (1).jpeg,/home/anitadonato/tcc/tcc/data/known_faces/bianca/WhatsApp Image 2026-06-04 at 22.53.18 (1).jpeg,0.43220671773556,1
/home/anitadonato/tcc/tcc/data/known_faces/bianca/WhatsApp Image 2026-06-04 at 22.53.17 (1).jpeg,/home/anitadonato/tcc/tcc/data/known_faces/bianca/WhatsApp Image 2026-06-04 at 22.53.18 (2).jpeg,0.42172438116105154,1
/home/anitadonato/tcc/tcc/data/known_faces/bianca/WhatsApp Image 2026-06-04 at 22.53.17 (1).jpeg,/home/anitadonato/tcc/tcc/data/known_faces/bianca/WhatsApp Image 2026-06-04 at 22.53.18 (3).jpeg,0.3873903071211975,1
/home/anitadonato/tcc/tcc/data/known_faces/bianca/WhatsApp Image 2026-06-04 at 22.53.17 (1).jpeg,/home/anitadonato/tcc/tcc/data/known_faces/bianca/WhatsApp Image 2026-06-04 at 22.53.18 (4).jpeg,0.3979075851692444,1
/home/anitadonato/tcc/tcc/data/known_faces/bianca/WhatsApp Image 2026-06-04 at 22.53.17 (1).jpeg,/home/anitadonato/tcc/tcc/data/known_faces/bianca/WhatsApp Image 2026-06-04 at 22.53.18.jpeg,0.38189518194211813,1
/home/anitadonato/tcc/tcc/data/known_faces/bianca/WhatsApp Image 2026-06-04 at 22.53.17 (1).jpeg,/home/anitadonato/tcc/tcc/data/known_faces/bianca/WhatsApp Image 2026-06-04 at 22.53.19 (1).jpeg,0.38114738945585647,1
/home/anitadonato/tcc/tcc/data/known_faces/bianca/WhatsApp Image 2026-06-04 at 22.53.17 (1).jpeg,/home/anitadonato/tcc/tcc/data/known_faces/bianca/WhatsApp Image 2026-06-04 at 22.53.19 (2).jpeg,0.3609481416828105,1
/home/anitadonato/tcc/tcc/data/known_faces/bianca/WhatsApp Image 2026-06-04 at 22.53.17 (1).jpeg,/home/anitadonato/tcc/tcc/data/known_faces/bianca/WhatsApp Image 2026-06-04 at 22.53.19 (3).jpeg,0.42264223229310877,1
/home/anitadonato/tcc/tcc/data/known_faces/bianca/WhatsApp Image 2026-06-04 at 22.53.17 (1).jpeg,/home/anitadonato/tcc/tcc/data/known_faces/bianca/WhatsApp Image 2026-06-04 at 22.53.19 (4).jpeg,0.4671001501641714,1
/home/anitadonato/tcc/tcc/data/known_faces/bianca/WhatsApp Image 2026-06-04 at 22.53.17 (1).jpeg,/home/anitadonato/tcc/tcc/data/known_faces/bianca/WhatsApp Image 2026-06-04 at 22.53.19 (5).jpeg,0.4701459037493398,1
/home/anitadonato/tcc/tcc/data/known_faces/bianca/WhatsApp Image 2026-06-04 at 22.53.17 (1).jpeg,/home/anitadonato/tcc/tcc/data/known_faces/bianca/WhatsApp Image 2026-06-04 at 22.53.19 (6).jpeg,0.446768292509092,1
/home/anitadonato/tcc/tcc/data/known_faces/bianca/WhatsApp Image 2026-06-04 at 22.53.17 (1).jpeg,/home/anitadonato/tcc/tcc/data/known_faces/bianca/WhatsApp Image 2026-06-04 at 22.53.19.jpeg,0.40281651262454204,1
/home/anitadonato/tcc/tcc/data/known_faces/bianca/WhatsApp Image 2026-06-04 at 22.53.18 (1).jpeg,/home/anitadonato/tcc/tcc/data/known_faces/bianca/WhatsApp Image 2026-06-04 at 22.53.18 (2).jpeg,0.3256213704354867,1
/home/anitadonato/tcc/tcc/data/known_faces/bianca/WhatsApp Image 2026-06-04 at 22.53.18 (1).jpeg,/home/anitadonato/tcc/tcc/data/known_faces/bianca/WhatsApp Image 2026-06-04 at 22.53.18 (3).jpeg,0.4256016316787095,1
/home/anitadonato/tcc/tcc/data/known_faces/bianca/WhatsApp Image 2026-06-04 at 22.53.18 (1).jpeg,/home/anitadonato/tcc/tcc/data/known_faces/bianca/WhatsApp Image 2026-06-04 at 22.53.18 (4).jpeg,0.4414431792425481,1
/home/anitadonato/tcc/tcc/data/known_faces/bianca/WhatsApp Image 2026-06-04 at 22.53.18 (1).jpeg,/home/anitadonato/tcc/tcc/data/known_faces/bianca/WhatsApp Image 2026-06-04 at 22.53.18.jpeg,0.42638389632805723,1
/home/anitadonato/tcc/tcc/data/known_faces/bianca/WhatsApp Image 2026-06-04 at 22.53.18 (1).jpeg,/home/anitadonato/tcc/tcc/data/known_faces/bianca/WhatsApp Image 2026-06-04 at 22.53.19 (1).jpeg,0.41393160681796926,1
/home/anitadonato/tcc/tcc/data/known_faces/bianca/WhatsApp Image 2026-06-04 at 22.53.18 (1).jpeg,/home/anitadonato/tcc/tcc/data/known_faces/bianca/WhatsApp Image 2026-06-04 at 22.53.19 (2).jpeg,0.4067966685192251,1
/home/anitadonato/tcc/tcc/data/known_faces/bianca/WhatsApp Image 2026-06-04 at 22.53.18 (1).jpeg,/home/anitadonato/tcc/tcc/data/known_faces/bianca/WhatsApp Image 2026-06-04 at 22.53.19 (3).jpeg,0.3781704789312998,1
/home/anitadonato/tcc/tcc/data/known_faces/bianca/WhatsApp Image 2026-06-04 at 22.53.18 (1).jpeg,/home/anitadonato/tcc/tcc/data/known_faces/bianca/WhatsApp Image 2026-06-04 at 22.53.19 (4).jpeg,0.3574370281467914,1
/home/anitadonato/tcc/tcc/data/known_faces/bianca/WhatsApp Image 2026-06-04 at 22.53.18 (1).jpeg,/home/anitadonato/tcc/tcc/data/known_faces/bianca/WhatsApp Image 2026-06-04 at 22.53.19 (5).jpeg,0.3871837736212182,1
/home/anitadonato/tcc/tcc/data/known_faces/bianca/WhatsApp Image 2026-06-04 at 22.53.18 (1).jpeg,/home/anitadonato/tcc/tcc/data/known_faces/bianca/WhatsApp Image 2026-06-04 at 22.53.19 (6).jpeg,0.3537995625752196,1
/home/anitadonato/tcc/tcc/data/known_faces/bianca/WhatsApp Image 2026-06-04 at 22.53.18 (1).jpeg,/home/anitadonato/tcc/tcc/data/known_faces/bianca/WhatsApp Image 2026-06-04 at 22.53.19.jpeg,0.4235234695937123,1
/home/anitadonato/tcc/tcc/data/known_faces/bianca/WhatsApp Image 2026-06-04 at 22.53.18 (2).jpeg,/home/anitadonato/tcc/tcc/data/known_faces/bianca/WhatsApp Image 2026-06-04 at 22.53.18 (3).jpeg,0.3388494605833467,1
/home/anitadonato/tcc/tcc/data/known_faces/bianca/WhatsApp Image 2026-06-04 at 22.53.18 (2).jpeg,/home/anitadonato/tcc/tcc/data/known_faces/bianca/WhatsApp Image 2026-06-04 at 22.53.18 (4).jpeg,0.34666637901439723,1
/home/anitadonato/tcc/tcc/data/known_faces/bianca/WhatsApp Image 2026-06-04 at 22.53.18 (2).jpeg,/home/anitadonato/tcc/tcc/data/known_faces/bianca/WhatsApp Image 2026-06-04 at 22.53.18.jpeg,0.28398264115175686,1
/home/anitadonato/tcc/tcc/data/known_faces/bianca/WhatsApp Image 2026-06-04 at 22.53.18 (2).jpeg,/home/anitadonato/tcc/tcc/data/known_faces/bianca/WhatsApp Image 2026-06-04 at 22.53.19 (1).jpeg,0.28633862970780893,1
/home/anitadonato/tcc/tcc/data/known_faces/bianca/WhatsApp Image 2026-06-04 at 22.53.18 (2).jpeg,/home/anitadonato/tcc/tcc/data/known_faces/bianca/WhatsApp Image 2026-06-04 at 22.53.19 (2).jpeg,0.28281257015026295,1
/home/anitadonato/tcc/tcc/data/known_faces/bianca/WhatsApp Image 2026-06-04 at 22.53.18 (2).jpeg,/home/anitadonato/tcc/tcc/data/known_faces/bianca/WhatsApp Image 2026-06-04 at 22.53.19 (3).jpeg,0.24554699689064569,1
/home/anitadonato/tcc/tcc/data/known_faces/bianca/WhatsApp Image 2026-06-04 at 22.53.18 (2).jpeg,/home/anitadonato/tcc/tcc/data/known_faces/bianca/WhatsApp Image 2026-06-04 at 22.53.19 (4).jpeg,0.25810824016674544,1
/home/anitadonato/tcc/tcc/data/known_faces/bianca/WhatsApp Image 2026-06-04 at 22.53.18 (2).jpeg,/home/anitadonato/tcc/tcc/data/known_faces/bianca/WhatsApp Image 2026-06-04 at 22.53.19 (5).jpeg,0.2955790436858286,1
/home/anitadonato/tcc/tcc/data/known_faces/bianca/WhatsApp Image 2026-06-04 at 22.53.18 (2).jpeg,/home/anitadonato/tcc/tcc/data/known_faces/bianca/WhatsApp Image 2026-06-04 at 22.53.19 (6).jpeg,0.2783537804810081,1
/home/anitadonato/tcc/tcc/data/known_faces/bianca/WhatsApp Image 2026-06-04 at 22.53.18 (2).jpeg,/home/anitadonato/tcc/tcc/data/known_faces/bianca/WhatsApp Image 2026-06-04 at 22.53.19.jpeg,0.3137947535052322,1
/home/anitadonato/tcc/tcc/data/known_faces/bianca/WhatsApp Image 2026-06-04 at 22.53.18 (3).jpeg,/home/anitadonato/tcc/tcc/data/known_faces/bianca/WhatsApp Image 2026-06-04 at 22.53.18 (4).jpeg,0.07655187349730716,1
/home/anitadonato/tcc/tcc/data/known_faces/bianca/WhatsApp Image 2026-06-04 at 22.53.18 (3).jpeg,/home/anitadonato/tcc/tcc/data/known_faces/bianca/WhatsApp Image 2026-06-04 at 22.53.18.jpeg,0.25141659057505006,1
/home/anitadonato/tcc/tcc/data/known_faces/bianca/WhatsApp Image 2026-06-04 at 22.53.18 (3).jpeg,/home/anitadonato/tcc/tcc/data/known_faces/bianca/WhatsApp Image 2026-06-04 at 22.53.19 (1).jpeg,0.1902376975498384,1
/home/anitadonato/tcc/tcc/data/known_faces/bianca/WhatsApp Image 2026-06-04 at 22.53.18 (3).jpeg,/home/anitadonato/tcc/tcc/data/known_faces/bianca/WhatsApp Image 2026-06-04 at 22.53.19 (2).jpeg,0.20014703371994136,1
/home/anitadonato/tcc/tcc/data/known_faces/bianca/WhatsApp Image 2026-06-04 at 22.53.18 (3).jpeg,/home/anitadonato/tcc/tcc/data/known_faces/bianca/WhatsApp Image 2026-06-04 at 22.53.19 (3).jpeg,0.3102962837404061,1
/home/anitadonato/tcc/tcc/data/known_faces/bianca/WhatsApp Image 2026-06-04 at 22.53.18 (3).jpeg,/home/anitadonato/tcc/tcc/data/known_faces/bianca/WhatsApp Image 2026-06-04 at 22.53.19 (4).jpeg,0.4189793891442289,1
/home/anitadonato/tcc/tcc/data/known_faces/bianca/WhatsApp Image 2026-06-04 at 22.53.18 (3).jpeg,/home/anitadonato/tcc/tcc/data/known_faces/bianca/WhatsApp Image 2026-06-04 at 22.53.19 (5).jpeg,0.36648658440786547,1
/home/anitadonato/tcc/tcc/data/known_faces/bianca/WhatsApp Image 2026-06-04 at 22.53.18 (3).jpeg,/home/anitadonato/tcc/tcc/data/known_faces/bianca/WhatsApp Image 2026-06-04 at 22.53.19 (6).jpeg,0.36934298953842754,1
/home/anitadonato/tcc/tcc/data/known_faces/bianca/WhatsApp Image 2026-06-04 at 22.53.18 (3).jpeg,/home/anitadonato/tcc/tcc/data/known_faces/bianca/WhatsApp Image 2026-06-04 at 22.53.19.jpeg,0.20391943571708282,1
/home/anitadonato/tcc/tcc/data/known_faces/bianca/WhatsApp Image 2026-06-04 at 22.53.18 (4).jpeg,/home/anitadonato/tcc/tcc/data/known_faces/bianca/WhatsApp Image 2026-06-04 at 22.53.18.jpeg,0.2537703108611694,1
/home/anitadonato/tcc/tcc/data/known_faces/bianca/WhatsApp Image 2026-06-04 at 22.53.18 (4).jpeg,/home/anitadonato/tcc/tcc/data/known_faces/bianca/WhatsApp Image 2026-06-04 at 22.53.19 (1).jpeg,0.21011158758280815,1
/home/anitadonato/tcc/tcc/data/known_faces/bianca/WhatsApp Image 2026-06-04 at 22.53.18 (4).jpeg,/home/anitadonato/tcc/tcc/data/known_faces/bianca/WhatsApp Image 2026-06-04 at 22.53.19 (2).jpeg,0.21398044526444154,1
/home/anitadonato/tcc/tcc/data/known_faces/bianca/WhatsApp Image 2026-06-04 at 22.53.18 (4).jpeg,/home/anitadonato/tcc/tcc/data/known_faces/bianca/WhatsApp Image 2026-06-04 at 22.53.19 (3).jpeg,0.3289209403639013,1
/home/anitadonato/tcc/tcc/data/known_faces/bianca/WhatsApp Image 2026-06-04 at 22.53.18 (4).jpeg,/home/anitadonato/tcc/tcc/data/known_faces/bianca/WhatsApp Image 2026-06-04 at 22.53.19 (4).jpeg,0.42954571860753005,1
/home/anitadonato/tcc/tcc/data/known_faces/bianca/WhatsApp Image 2026-06-04 at 22.53.18 (4).jpeg,/home/anitadonato/tcc/tcc/data/known_faces/bianca/WhatsApp Image 2026-06-04 at 22.53.19 (5).jpeg,0.3665392584717753,1
/home/anitadonato/tcc/tcc/data/known_faces/bianca/WhatsApp Image 2026-06-04 at 22.53.18 (4).jpeg,/home/anitadonato/tcc/tcc/data/known_faces/bianca/WhatsApp Image 2026-06-04 at 22.53.19 (6).jpeg,0.37260704030982855,1
/home/anitadonato/tcc/tcc/data/known_faces/bianca/WhatsApp Image 2026-06-04 at 22.53.18 (4).jpeg,/home/anitadonato/tcc/tcc/data/known_faces/bianca/WhatsApp Image 2026-06-04 at 22.53.19.jpeg,0.2029295986625678,1
/home/anitadonato/tcc/tcc/data/known_faces/bianca/WhatsApp Image 2026-06-04 at 22.53.18.jpeg,/home/anitadonato/tcc/tcc/data/known_faces/bianca/WhatsApp Image 2026-06-04 at 22.53.19 (1).jpeg,0.23918213698087404,1
/home/anitadonato/tcc/tcc/data/known_faces/bianca/WhatsApp Image 2026-06-04 at 22.53.18.jpeg,/home/anitadonato/tcc/tcc/data/known_faces/bianca/WhatsApp Image 2026-06-04 at 22.53.19 (2).jpeg,0.24956678935864748,1
/home/anitadonato/tcc/tcc/data/known_faces/bianca/WhatsApp Image 2026-06-04 at 22.53.18.jpeg,/home/anitadonato/tcc/tcc/data/known_faces/bianca/WhatsApp Image 2026-06-04 at 22.53.19 (3).jpeg,0.3377777552029474,1
/home/anitadonato/tcc/tcc/data/known_faces/bianca/WhatsApp Image 2026-06-04 at 22.53.18.jpeg,/home/anitadonato/tcc/tcc/data/known_faces/bianca/WhatsApp Image 2026-06-04 at 22.53.19 (4).jpeg,0.39610617432292683,1
/home/anitadonato/tcc/tcc/data/known_faces/bianca/WhatsApp Image 2026-06-04 at 22.53.18.jpeg,/home/anitadonato/tcc/tcc/data/known_faces/bianca/WhatsApp Image 2026-06-04 at 22.53.19 (5).jpeg,0.35908761114462795,1
/home/anitadonato/tcc/tcc/data/known_faces/bianca/WhatsApp Image 2026-06-04 at 22.53.18.jpeg,/home/anitadonato/tcc/tcc/data/known_faces/bianca/WhatsApp Image 2026-06-04 at 22.53.19 (6).jpeg,0.34408215839419015,1
/home/anitadonato/tcc/tcc/data/known_faces/bianca/WhatsApp Image 2026-06-04 at 22.53.18.jpeg,/home/anitadonato/tcc/tcc/data/known_faces/bianca/WhatsApp Image 2026-06-04 at 22.53.19.jpeg,0.2656008559127594,1
/home/anitadonato/tcc/tcc/data/known_faces/bianca/WhatsApp Image 2026-06-04 at 22.53.19 (1).jpeg,/home/anitadonato/tcc/tcc/data/known_faces/bianca/WhatsApp Image 2026-06-04 at 22.53.19 (2).jpeg,0.0943678979912298,1
/home/anitadonato/tcc/tcc/data/known_faces/bianca/WhatsApp Image 2026-06-04 at 22.53.19 (1).jpeg,/home/anitadonato/tcc/tcc/data/known_faces/bianca/WhatsApp Image 2026-06-04 at 22.53.19 (3).jpeg,0.24298358644766185,1
/home/anitadonato/tcc/tcc/data/known_faces/bianca/WhatsApp Image 2026-06-04 at 22.53.19 (1).jpeg,/home/anitadonato/tcc/tcc/data/known_faces/bianca/WhatsApp Image 2026-06-04 at 22.53.19 (4).jpeg,0.3321847363937948,1
/home/anitadonato/tcc/tcc/data/known_faces/bianca/WhatsApp Image 2026-06-04 at 22.53.19 (1).jpeg,/home/anitadonato/tcc/tcc/data/known_faces/bianca/WhatsApp Image 2026-06-04 at 22.53.19 (5).jpeg,0.3227503920743777,1
/home/anitadonato/tcc/tcc/data/known_faces/bianca/WhatsApp Image 2026-06-04 at 22.53.19 (1).jpeg,/home/anitadonato/tcc/tcc/data/known_faces/bianca/WhatsApp Image 2026-06-04 at 22.53.19 (6).jpeg,0.29739924138389473,1
/home/anitadonato/tcc/tcc/data/known_faces/bianca/WhatsApp Image 2026-06-04 at 22.53.19 (1).jpeg,/home/anitadonato/tcc/tcc/data/known_faces/bianca/WhatsApp Image 2026-06-04 at 22.53.19.jpeg,0.17372228437392256,1
/home/anitadonato/tcc/tcc/data/known_faces/bianca/WhatsApp Image 2026-06-04 at 22.53.19 (2).jpeg,/home/anitadonato/tcc/tcc/data/known_faces/bianca/WhatsApp Image 2026-06-04 at 22.53.19 (3).jpeg,0.25424543986129555,1
/home/anitadonato/tcc/tcc/data/known_faces/bianca/WhatsApp Image 2026-06-04 at 22.53.19 (2).jpeg,/home/anitadonato/tcc/tcc/data/known_faces/bianca/WhatsApp Image 2026-06-04 at 22.53.19 (4).jpeg,0.33906345106681973,1
/home/anitadonato/tcc/tcc/data/known_faces/bianca/WhatsApp Image 2026-06-04 at 22.53.19 (2).jpeg,/home/anitadonato/tcc/tcc/data/known_faces/bianca/WhatsApp Image 2026-06-04 at 22.53.19 (5).jpeg,0.3338698710098918,1
/home/anitadonato/tcc/tcc/data/known_faces/bianca/WhatsApp Image 2026-06-04 at 22.53.19 (2).jpeg,/home/anitadonato/tcc/tcc/data/known_faces/bianca/WhatsApp Image 2026-06-04 at 22.53.19 (6).jpeg,0.3172347048141379,1
/home/anitadonato/tcc/tcc/data/known_faces/bianca/WhatsApp Image 2026-06-04 at 22.53.19 (2).jpeg,/home/anitadonato/tcc/tcc/data/known_faces/bianca/WhatsApp Image 2026-06-04 at 22.53.19.jpeg,0.16789559907650872,1
/home/anitadonato/tcc/tcc/data/known_faces/bianca/WhatsApp Image 2026-06-04 at 22.53.19 (3).jpeg,/home/anitadonato/tcc/tcc/data/known_faces/bianca/WhatsApp Image 2026-06-04 at 22.53.19 (4).jpeg,0.20906599041247315,1
/home/anitadonato/tcc/tcc/data/known_faces/bianca/WhatsApp Image 2026-06-04 at 22.53.19 (3).jpeg,/home/anitadonato/tcc/tcc/data/known_faces/bianca/WhatsApp Image 2026-06-04 at 22.53.19 (5).jpeg,0.31023428856375596,1
/home/anitadonato/tcc/tcc/data/known_faces/bianca/WhatsApp Image 2026-06-04 at 22.53.19 (3).jpeg,/home/anitadonato/tcc/tcc/data/known_faces/bianca/WhatsApp Image 2026-06-04 at 22.53.19 (6).jpeg,0.26611090942337184,1
/home/anitadonato/tcc/tcc/data/known_faces/bianca/WhatsApp Image 2026-06-04 at 22.53.19 (3).jpeg,/home/anitadonato/tcc/tcc/data/known_faces/bianca/WhatsApp Image 2026-06-04 at 22.53.19.jpeg,0.2848396703606059,1
/home/anitadonato/tcc/tcc/data/known_faces/bianca/WhatsApp Image 2026-06-04 at 22.53.19 (4).jpeg,/home/anitadonato/tcc/tcc/data/known_faces/bianca/WhatsApp Image 2026-06-04 at 22.53.19 (5).jpeg,0.28473081406597855,1
/home/anitadonato/tcc/tcc/data/known_faces/bianca/WhatsApp Image 2026-06-04 at 22.53.19 (4).jpeg,/home/anitadonato/tcc/tcc/data/known_faces/bianca/WhatsApp Image 2026-06-04 at 22.53.19 (6).jpeg,0.23652425815997177,1
/home/anitadonato/tcc/tcc/data/known_faces/bianca/WhatsApp Image 2026-06-04 at 22.53.19 (4).jpeg,/home/anitadonato/tcc/tcc/data/known_faces/bianca/WhatsApp Image 2026-06-04 at 22.53.19.jpeg,0.35795485697665835,1
/home/anitadonato/tcc/tcc/data/known_faces/bianca/WhatsApp Image 2026-06-04 at 22.53.19 (5).jpeg,/home/anitadonato/tcc/tcc/data/known_faces/bianca/WhatsApp Image 2026-06-04 at 22.53.19 (6).jpeg,0.21499117959602576,1
/home/anitadonato/tcc/tcc/data/known_faces/bianca/WhatsApp Image 2026-06-04 at 22.53.19 (5).jpeg,/home/anitadonato/tcc/tcc/data/known_faces/bianca/WhatsApp Image 2026-06-04 at 22.53.19.jpeg,0.3416322921017755,1
/home/anitadonato/tcc/tcc/data/known_faces/bianca/WhatsApp Image 2026-06-04 at 22.53.19 (6).jpeg,/home/anitadonato/tcc/tcc/data/known_faces/bianca/WhatsApp Image 2026-06-04 at 22.53.19.jpeg,0.31435906014005455,1
/home/anitadonato/tcc/tcc/data/known_faces/julia/20260602_212618.jpg,/home/anitadonato/tcc/tcc/data/known_faces/julia/20260602_212621.jpg,0.41796625239271834,1
/home/anitadonato/tcc/tcc/data/known_faces/julia/20260602_212618.jpg,/home/anitadonato/tcc/tcc/data/known_faces/julia/20260602_212625.jpg,0.3297606440821188,1
/home/anitadonato/tcc/tcc/data/known_faces/julia/20260602_212618.jpg,/home/anitadonato/tcc/tcc/data/known_faces/julia/20260602_212628.jpg,0.4092812842475621,1
/home/anitadonato/tcc/tcc/data/known_faces/julia/20260602_212618.jpg,/home/anitadonato/tcc/tcc/data/known_faces/julia/20260602_212629.jpg,0.3861898779039954,1
/home/anitadonato/tcc/tcc/data/known_faces/julia/20260602_212618.jpg,/home/anitadonato/tcc/tcc/data/known_faces/julia/20260602_212631.jpg,0.3354653366185554,1
/home/anitadonato/tcc/tcc/data/known_faces/julia/20260602_212618.jpg,/home/anitadonato/tcc/tcc/data/known_faces/julia/20260602_212633.jpg,0.3632291664745217,1
/home/anitadonato/tcc/tcc/data/known_faces/julia/20260602_212618.jpg,/home/anitadonato/tcc/tcc/data/known_faces/julia/20260602_212635.jpg,0.38313078665349376,1
/home/anitadonato/tcc/tcc/data/known_faces/julia/20260602_212618.jpg,/home/anitadonato/tcc/tcc/data/known_faces/julia/20260602_212654.jpg,0.3351303015576211,1
/home/anitadonato/tcc/tcc/data/known_faces/julia/20260602_212618.jpg,/home/anitadonato/tcc/tcc/data/known_faces/julia/20260602_212704.jpg,0.420251458972982,1
/home/anitadonato/tcc/tcc/data/known_faces/julia/20260602_212618.jpg,/home/anitadonato/tcc/tcc/data/known_faces/julia/20260602_212709.jpg,0.3615018516204539,1
/home/anitadonato/tcc/tcc/data/known_faces/julia/20260602_212618.jpg,/home/anitadonato/tcc/tcc/data/known_faces/julia/20260602_212712.jpg,0.356229142142933,1
/home/anitadonato/tcc/tcc/data/known_faces/julia/20260602_212618.jpg,/home/anitadonato/tcc/tcc/data/known_faces/julia/20260602_212724.jpg,0.4574698813099704,1
/home/anitadonato/tcc/tcc/data/known_faces/julia/20260602_212618.jpg,/home/anitadonato/tcc/tcc/data/known_faces/julia/20260602_212726.jpg,0.36086182072749434,1
/home/anitadonato/tcc/tcc/data/known_faces/julia/20260602_212618.jpg,/home/anitadonato/tcc/tcc/data/known_faces/julia/20260602_212732.jpg,0.28607624888392313,1
/home/anitadonato/tcc/tcc/data/known_faces/julia/20260602_212618.jpg,/home/anitadonato/tcc/tcc/data/known_faces/julia/20260602_212740.jpg,0.34205006120411663,1
/home/anitadonato/tcc/tcc/data/known_faces/julia/20260602_212618.jpg,/home/anitadonato/tcc/tcc/data/known_faces/julia/julia_boa_45_esq(1).jpg,0.3730653197085493,1
/home/anitadonato/tcc/tcc/data/known_faces/julia/20260602_212618.jpg,/home/anitadonato/tcc/tcc/data/known_faces/julia/julia_boa_45_esq.jpg,0.366071224366831,1
/home/anitadonato/tcc/tcc/data/known_faces/julia/20260602_212618.jpg,/home/anitadonato/tcc/tcc/data/known_faces/julia/julia_boa_frontal.jpg,0.3255124508557417,1
/home/anitadonato/tcc/tcc/data/known_faces/julia/20260602_212621.jpg,/home/anitadonato/tcc/tcc/data/known_faces/julia/20260602_212625.jpg,0.3599011534898333,1
/home/anitadonato/tcc/tcc/data/known_faces/julia/20260602_212621.jpg,/home/anitadonato/tcc/tcc/data/known_faces/julia/20260602_212628.jpg,0.34686318922358145,1
/home/anitadonato/tcc/tcc/data/known_faces/julia/20260602_212621.jpg,/home/anitadonato/tcc/tcc/data/known_faces/julia/20260602_212629.jpg,0.39270252332027317,1
/home/anitadonato/tcc/tcc/data/known_faces/julia/20260602_212621.jpg,/home/anitadonato/tcc/tcc/data/known_faces/julia/20260602_212631.jpg,0.3384627736290199,1
/home/anitadonato/tcc/tcc/data/known_faces/julia/20260602_212621.jpg,/home/anitadonato/tcc/tcc/data/known_faces/julia/20260602_212633.jpg,0.4059858328493939,1
/home/anitadonato/tcc/tcc/data/known_faces/julia/20260602_212621.jpg,/home/anitadonato/tcc/tcc/data/known_faces/julia/20260602_212635.jpg,0.40361874348937193,1
/home/anitadonato/tcc/tcc/data/known_faces/julia/20260602_212621.jpg,/home/anitadonato/tcc/tcc/data/known_faces/julia/20260602_212654.jpg,0.3407159219368945,1
/home/anitadonato/tcc/tcc/data/known_faces/julia/20260602_212621.jpg,/home/anitadonato/tcc/tcc/data/known_faces/julia/20260602_212704.jpg,0.40221627642969915,1
/home/anitadonato/tcc/tcc/data/known_faces/julia/20260602_212621.jpg,/home/anitadonato/tcc/tcc/data/known_faces/julia/20260602_212709.jpg,0.3780955512890428,1
/home/anitadonato/tcc/tcc/data/known_faces/julia/20260602_212621.jpg,/home/anitadonato/tcc/tcc/data/known_faces/julia/20260602_212712.jpg,0.41640782132034776,1
/home/anitadonato/tcc/tcc/data/known_faces/julia/20260602_212621.jpg,/home/anitadonato/tcc/tcc/data/known_faces/julia/20260602_212724.jpg,0.4611845739307278,1
/home/anitadonato/tcc/tcc/data/known_faces/julia/20260602_212621.jpg,/home/anitadonato/tcc/tcc/data/known_faces/julia/20260602_212726.jpg,0.3785880242085762,1
/home/anitadonato/tcc/tcc/data/known_faces/julia/20260602_212621.jpg,/home/anitadonato/tcc/tcc/data/known_faces/julia/20260602_212732.jpg,0.3836068616446934,1
/home/anitadonato/tcc/tcc/data/known_faces/julia/20260602_212621.jpg,/home/anitadonato/tcc/tcc/data/known_faces/julia/20260602_212740.jpg,0.3860074068641179,1
/home/anitadonato/tcc/tcc/data/known_faces/julia/20260602_212621.jpg,/home/anitadonato/tcc/tcc/data/known_faces/julia/julia_boa_45_esq(1).jpg,0.43161796422013987,1
/home/anitadonato/tcc/tcc/data/known_faces/julia/20260602_212621.jpg,/home/anitadonato/tcc/tcc/data/known_faces/julia/julia_boa_45_esq.jpg,0.37817364518087904,1
/home/anitadonato/tcc/tcc/data/known_faces/julia/20260602_212621.jpg,/home/anitadonato/tcc/tcc/data/known_faces/julia/julia_boa_frontal.jpg,0.32170031583223985,1
/home/anitadonato/tcc/tcc/data/known_faces/julia/20260602_212625.jpg,/home/anitadonato/tcc/tcc/data/known_faces/julia/20260602_212628.jpg,0.4184096671770505,1
/home/anitadonato/tcc/tcc/data/known_faces/julia/20260602_212625.jpg,/home/anitadonato/tcc/tcc/data/known_faces/julia/20260602_212629.jpg,0.17643271760994947,1
/home/anitadonato/tcc/tcc/data/known_faces/julia/20260602_212625.jpg,/home/anitadonato/tcc/tcc/data/known_faces/julia/20260602_212631.jpg,0.18515471736266625,1
/home/anitadonato/tcc/tcc/data/known_faces/julia/20260602_212625.jpg,/home/anitadonato/tcc/tcc/data/known_faces/julia/20260602_212633.jpg,0.3524951832621425,1
/home/anitadonato/tcc/tcc/data/known_faces/julia/20260602_212625.jpg,/home/anitadonato/tcc/tcc/data/known_faces/julia/20260602_212635.jpg,0.29319917135321183,1
/home/anitadonato/tcc/tcc/data/known_faces/julia/20260602_212625.jpg,/home/anitadonato/tcc/tcc/data/known_faces/julia/20260602_212654.jpg,0.308091999224948,1
/home/anitadonato/tcc/tcc/data/known_faces/julia/20260602_212625.jpg,/home/anitadonato/tcc/tcc/data/known_faces/julia/20260602_212704.jpg,0.3961948071480187,1
/home/anitadonato/tcc/tcc/data/known_faces/julia/20260602_212625.jpg,/home/anitadonato/tcc/tcc/data/known_faces/julia/20260602_212709.jpg,0.36865822447306207,1
/home/anitadonato/tcc/tcc/data/known_faces/julia/20260602_212625.jpg,/home/anitadonato/tcc/tcc/data/known_faces/julia/20260602_212712.jpg,0.4223278684380412,1
/home/anitadonato/tcc/tcc/data/known_faces/julia/20260602_212625.jpg,/home/anitadonato/tcc/tcc/data/known_faces/julia/20260602_212724.jpg,0.480648368051913,1
/home/anitadonato/tcc/tcc/data/known_faces/julia/20260602_212625.jpg,/home/anitadonato/tcc/tcc/data/known_faces/julia/20260602_212726.jpg,0.35310108995842737,1
/home/anitadonato/tcc/tcc/data/known_faces/julia/20260602_212625.jpg,/home/anitadonato/tcc/tcc/data/known_faces/julia/20260602_212732.jpg,0.3047000000509752,1
/home/anitadonato/tcc/tcc/data/known_faces/julia/20260602_212625.jpg,/home/anitadonato/tcc/tcc/data/known_faces/julia/20260602_212740.jpg,0.3201449903656664,1
/home/anitadonato/tcc/tcc/data/known_faces/julia/20260602_212625.jpg,/home/anitadonato/tcc/tcc/data/known_faces/julia/julia_boa_45_esq(1).jpg,0.32779339615563596,1
/home/anitadonato/tcc/tcc/data/known_faces/julia/20260602_212625.jpg,/home/anitadonato/tcc/tcc/data/known_faces/julia/julia_boa_45_esq.jpg,0.2609558790318893,1
/home/anitadonato/tcc/tcc/data/known_faces/julia/20260602_212625.jpg,/home/anitadonato/tcc/tcc/data/known_faces/julia/julia_boa_frontal.jpg,0.2235394199983472,1
/home/anitadonato/tcc/tcc/data/known_faces/julia/20260602_212628.jpg,/home/anitadonato/tcc/tcc/data/known_faces/julia/20260602_212629.jpg,0.4099997931116843,1
/home/anitadonato/tcc/tcc/data/known_faces/julia/20260602_212628.jpg,/home/anitadonato/tcc/tcc/data/known_faces/julia/20260602_212631.jpg,0.37784099531217685,1
/home/anitadonato/tcc/tcc/data/known_faces/julia/20260602_212628.jpg,/home/anitadonato/tcc/tcc/data/known_faces/julia/20260602_212633.jpg,0.3699424353337922,1
/home/anitadonato/tcc/tcc/data/known_faces/julia/20260602_212628.jpg,/home/anitadonato/tcc/tcc/data/known_faces/julia/20260602_212635.jpg,0.305946599407849,1
/home/anitadonato/tcc/tcc/data/known_faces/julia/20260602_212628.jpg,/home/anitadonato/tcc/tcc/data/known_faces/julia/20260602_212654.jpg,0.38966791461605355,1
/home/anitadonato/tcc/tcc/data/known_faces/julia/20260602_212628.jpg,/home/anitadonato/tcc/tcc/data/known_faces/julia/20260602_212704.jpg,0.45145248728004267,1
/home/anitadonato/tcc/tcc/data/known_faces/julia/20260602_212628.jpg,/home/anitadonato/tcc/tcc/data/known_faces/julia/20260602_212709.jpg,0.4070159370152058,1
/home/anitadonato/tcc/tcc/data/known_faces/julia/20260602_212628.jpg,/home/anitadonato/tcc/tcc/data/known_faces/julia/20260602_212712.jpg,0.4406580075238056,1
/home/anitadonato/tcc/tcc/data/known_faces/julia/20260602_212628.jpg,/home/anitadonato/tcc/tcc/data/known_faces/julia/20260602_212724.jpg,0.44318758931234176,1
/home/anitadonato/tcc/tcc/data/known_faces/julia/20260602_212628.jpg,/home/anitadonato/tcc/tcc/data/known_faces/julia/20260602_212726.jpg,0.39850810511573215,1
/home/anitadonato/tcc/tcc/data/known_faces/julia/20260602_212628.jpg,/home/anitadonato/tcc/tcc/data/known_faces/julia/20260602_212732.jpg,0.4172859576335875,1
/home/anitadonato/tcc/tcc/data/known_faces/julia/20260602_212628.jpg,/home/anitadonato/tcc/tcc/data/known_faces/julia/20260602_212740.jpg,0.38273975884652744,1
/home/anitadonato/tcc/tcc/data/known_faces/julia/20260602_212628.jpg,/home/anitadonato/tcc/tcc/data/known_faces/julia/julia_boa_45_esq(1).jpg,0.5030609188035364,1
/home/anitadonato/tcc/tcc/data/known_faces/julia/20260602_212628.jpg,/home/anitadonato/tcc/tcc/data/known_faces/julia/julia_boa_45_esq.jpg,0.36579778977668514,1
/home/anitadonato/tcc/tcc/data/known_faces/julia/20260602_212628.jpg,/home/anitadonato/tcc/tcc/data/known_faces/julia/julia_boa_frontal.jpg,0.4157364404228542,1
/home/anitadonato/tcc/tcc/data/known_faces/julia/20260602_212629.jpg,/home/anitadonato/tcc/tcc/data/known_faces/julia/20260602_212631.jpg,0.17246198772726362,1
/home/anitadonato/tcc/tcc/data/known_faces/julia/20260602_212629.jpg,/home/anitadonato/tcc/tcc/data/known_faces/julia/20260602_212633.jpg,0.40149143755122835,1
/home/anitadonato/tcc/tcc/data/known_faces/julia/20260602_212629.jpg,/home/anitadonato/tcc/tcc/data/known_faces/julia/20260602_212635.jpg,0.31046987371431206,1
/home/anitadonato/tcc/tcc/data/known_faces/julia/20260602_212629.jpg,/home/anitadonato/tcc/tcc/data/known_faces/julia/20260602_212654.jpg,0.3473127971248524,1
/home/anitadonato/tcc/tcc/data/known_faces/julia/20260602_212629.jpg,/home/anitadonato/tcc/tcc/data/known_faces/julia/20260602_212704.jpg,0.45700224751483404,1
/home/anitadonato/tcc/tcc/data/known_faces/julia/20260602_212629.jpg,/home/anitadonato/tcc/tcc/data/known_faces/julia/20260602_212709.jpg,0.39317491891183176,1
/home/anitadonato/tcc/tcc/data/known_faces/julia/20260602_212629.jpg,/home/anitadonato/tcc/tcc/data/known_faces/julia/20260602_212712.jpg,0.475134632163481,1
/home/anitadonato/tcc/tcc/data/known_faces/julia/20260602_212629.jpg,/home/anitadonato/tcc/tcc/data/known_faces/julia/20260602_212724.jpg,0.5023605868341593,1
/home/anitadonato/tcc/tcc/data/known_faces/julia/20260602_212629.jpg,/home/anitadonato/tcc/tcc/data/known_faces/julia/20260602_212726.jpg,0.38054720906378414,1
/home/anitadonato/tcc/tcc/data/known_faces/julia/20260602_212629.jpg,/home/anitadonato/tcc/tcc/data/known_faces/julia/20260602_212732.jpg,0.36934007571623456,1
/home/anitadonato/tcc/tcc/data/known_faces/julia/20260602_212629.jpg,/home/anitadonato/tcc/tcc/data/known_faces/julia/20260602_212740.jpg,0.3692778475574349,1
/home/anitadonato/tcc/tcc/data/known_faces/julia/20260602_212629.jpg,/home/anitadonato/tcc/tcc/data/known_faces/julia/julia_boa_45_esq(1).jpg,0.3857397613367921,1
/home/anitadonato/tcc/tcc/data/known_faces/julia/20260602_212629.jpg,/home/anitadonato/tcc/tcc/data/known_faces/julia/julia_boa_45_esq.jpg,0.2736570214511559,1
/home/anitadonato/tcc/tcc/data/known_faces/julia/20260602_212629.jpg,/home/anitadonato/tcc/tcc/data/known_faces/julia/julia_boa_frontal.jpg,0.26188268828617167,1
/home/anitadonato/tcc/tcc/data/known_faces/julia/20260602_212631.jpg,/home/anitadonato/tcc/tcc/data/known_faces/julia/20260602_212633.jpg,0.332899153725756,1
/home/anitadonato/tcc/tcc/data/known_faces/julia/20260602_212631.jpg,/home/anitadonato/tcc/tcc/data/known_faces/julia/20260602_212635.jpg,0.2723061100616512,1
/home/anitadonato/tcc/tcc/data/known_faces/julia/20260602_212631.jpg,/home/anitadonato/tcc/tcc/data/known_faces/julia/20260602_212654.jpg,0.29678621005169276,1
/home/anitadonato/tcc/tcc/data/known_faces/julia/20260602_212631.jpg,/home/anitadonato/tcc/tcc/data/known_faces/julia/20260602_212704.jpg,0.3881680518363659,1
/home/anitadonato/tcc/tcc/data/known_faces/julia/20260602_212631.jpg,/home/anitadonato/tcc/tcc/data/known_faces/julia/20260602_212709.jpg,0.35756275006041927,1
/home/anitadonato/tcc/tcc/data/known_faces/julia/20260602_212631.jpg,/home/anitadonato/tcc/tcc/data/known_faces/julia/20260602_212712.jpg,0.4043891908431236,1
/home/anitadonato/tcc/tcc/data/known_faces/julia/20260602_212631.jpg,/home/anitadonato/tcc/tcc/data/known_faces/julia/20260602_212724.jpg,0.4816953078984735,1
/home/anitadonato/tcc/tcc/data/known_faces/julia/20260602_212631.jpg,/home/anitadonato/tcc/tcc/data/known_faces/julia/20260602_212726.jpg,0.356869693994073,1
/home/anitadonato/tcc/tcc/data/known_faces/julia/20260602_212631.jpg,/home/anitadonato/tcc/tcc/data/known_faces/julia/20260602_212732.jpg,0.3304274118852941,1
/home/anitadonato/tcc/tcc/data/known_faces/julia/20260602_212631.jpg,/home/anitadonato/tcc/tcc/data/known_faces/julia/20260602_212740.jpg,0.32692926054402854,1
/home/anitadonato/tcc/tcc/data/known_faces/julia/20260602_212631.jpg,/home/anitadonato/tcc/tcc/data/known_faces/julia/julia_boa_45_esq(1).jpg,0.3261460217377079,1
/home/anitadonato/tcc/tcc/data/known_faces/julia/20260602_212631.jpg,/home/anitadonato/tcc/tcc/data/known_faces/julia/julia_boa_45_esq.jpg,0.2507381158738245,1
/home/anitadonato/tcc/tcc/data/known_faces/julia/20260602_212631.jpg,/home/anitadonato/tcc/tcc/data/known_faces/julia/julia_boa_frontal.jpg,0.2217038813278789,1
/home/anitadonato/tcc/tcc/data/known_faces/julia/20260602_212633.jpg,/home/anitadonato/tcc/tcc/data/known_faces/julia/20260602_212635.jpg,0.2559385708434475,1
/home/anitadonato/tcc/tcc/data/known_faces/julia/20260602_212633.jpg,/home/anitadonato/tcc/tcc/data/known_faces/julia/20260602_212654.jpg,0.38639177015153553,1
/home/anitadonato/tcc/tcc/data/known_faces/julia/20260602_212633.jpg,/home/anitadonato/tcc/tcc/data/known_faces/julia/20260602_212704.jpg,0.4271283538852465,1
/home/anitadonato/tcc/tcc/data/known_faces/julia/20260602_212633.jpg,/home/anitadonato/tcc/tcc/data/known_faces/julia/20260602_212709.jpg,0.42236289633433155,1
/home/anitadonato/tcc/tcc/data/known_faces/julia/20260602_212633.jpg,/home/anitadonato/tcc/tcc/data/known_faces/julia/20260602_212712.jpg,0.43720346841240565,1
/home/anitadonato/tcc/tcc/data/known_faces/julia/20260602_212633.jpg,/home/anitadonato/tcc/tcc/data/known_faces/julia/20260602_212724.jpg,0.46059636430503526,1
/home/anitadonato/tcc/tcc/data/known_faces/julia/20260602_212633.jpg,/home/anitadonato/tcc/tcc/data/known_faces/julia/20260602_212726.jpg,0.43234367455276146,1
/home/anitadonato/tcc/tcc/data/known_faces/julia/20260602_212633.jpg,/home/anitadonato/tcc/tcc/data/known_faces/julia/20260602_212732.jpg,0.40882429465337766,1
/home/anitadonato/tcc/tcc/data/known_faces/julia/20260602_212633.jpg,/home/anitadonato/tcc/tcc/data/known_faces/julia/20260602_212740.jpg,0.38599111329026525,1
/home/anitadonato/tcc/tcc/data/known_faces/julia/20260602_212633.jpg,/home/anitadonato/tcc/tcc/data/known_faces/julia/julia_boa_45_esq(1).jpg,0.3771919210150837,1
/home/anitadonato/tcc/tcc/data/known_faces/julia/20260602_212633.jpg,/home/anitadonato/tcc/tcc/data/known_faces/julia/julia_boa_45_esq.jpg,0.3375508486089671,1
/home/anitadonato/tcc/tcc/data/known_faces/julia/20260602_212633.jpg,/home/anitadonato/tcc/tcc/data/known_faces/julia/julia_boa_frontal.jpg,0.3591570705217336,1
/home/anitadonato/tcc/tcc/data/known_faces/julia/20260602_212635.jpg,/home/anitadonato/tcc/tcc/data/known_faces/julia/20260602_212654.jpg,0.3716106074887919,1
/home/anitadonato/tcc/tcc/data/known_faces/julia/20260602_212635.jpg,/home/anitadonato/tcc/tcc/data/known_faces/julia/20260602_212704.jpg,0.4440610634789479,1
/home/anitadonato/tcc/tcc/data/known_faces/julia/20260602_212635.jpg,/home/anitadonato/tcc/tcc/data/known_faces/julia/20260602_212709.jpg,0.42738903786736926,1
/home/anitadonato/tcc/tcc/data/known_faces/julia/20260602_212635.jpg,/home/anitadonato/tcc/tcc/data/known_faces/julia/20260602_212712.jpg,0.4443608093419688,1
/home/anitadonato/tcc/tcc/data/known_faces/julia/20260602_212635.jpg,/home/anitadonato/tcc/tcc/data/known_faces/julia/20260602_212724.jpg,0.4993610408052962,1
/home/anitadonato/tcc/tcc/data/known_faces/julia/20260602_212635.jpg,/home/anitadonato/tcc/tcc/data/known_faces/julia/20260602_212726.jpg,0.4186851131929019,1
/home/anitadonato/tcc/tcc/data/known_faces/julia/20260602_212635.jpg,/home/anitadonato/tcc/tcc/data/known_faces/julia/20260602_212732.jpg,0.4152181700699091,1
/home/anitadonato/tcc/tcc/data/known_faces/julia/20260602_212635.jpg,/home/anitadonato/tcc/tcc/data/known_faces/julia/20260602_212740.jpg,0.3824875557072975,1
/home/anitadonato/tcc/tcc/data/known_faces/julia/20260602_212635.jpg,/home/anitadonato/tcc/tcc/data/known_faces/julia/julia_boa_45_esq(1).jpg,0.40810776678593497,1
/home/anitadonato/tcc/tcc/data/known_faces/julia/20260602_212635.jpg,/home/anitadonato/tcc/tcc/data/known_faces/julia/julia_boa_45_esq.jpg,0.2716483808536446,1
/home/anitadonato/tcc/tcc/data/known_faces/julia/20260602_212635.jpg,/home/anitadonato/tcc/tcc/data/known_faces/julia/julia_boa_frontal.jpg,0.3400929563687239,1
/home/anitadonato/tcc/tcc/data/known_faces/julia/20260602_212654.jpg,/home/anitadonato/tcc/tcc/data/known_faces/julia/20260602_212704.jpg,0.32671766198746044,1
/home/anitadonato/tcc/tcc/data/known_faces/julia/20260602_212654.jpg,/home/anitadonato/tcc/tcc/data/known_faces/julia/20260602_212709.jpg,0.24923856212209958,1
/home/anitadonato/tcc/tcc/data/known_faces/julia/20260602_212654.jpg,/home/anitadonato/tcc/tcc/data/known_faces/julia/20260602_212712.jpg,0.3295781875900426,1
/home/anitadonato/tcc/tcc/data/known_faces/julia/20260602_212654.jpg,/home/anitadonato/tcc/tcc/data/known_faces/julia/20260602_212724.jpg,0.4845235920714536,1
/home/anitadonato/tcc/tcc/data/known_faces/julia/20260602_212654.jpg,/home/anitadonato/tcc/tcc/data/known_faces/julia/20260602_212726.jpg,0.3041540233490481,1
/home/anitadonato/tcc/tcc/data/known_faces/julia/20260602_212654.jpg,/home/anitadonato/tcc/tcc/data/known_faces/julia/20260602_212732.jpg,0.2875850591314325,1
/home/anitadonato/tcc/tcc/data/known_faces/julia/20260602_212654.jpg,/home/anitadonato/tcc/tcc/data/known_faces/julia/20260602_212740.jpg,0.3329095234637969,1
/home/anitadonato/tcc/tcc/data/known_faces/julia/20260602_212654.jpg,/home/anitadonato/tcc/tcc/data/known_faces/julia/julia_boa_45_esq(1).jpg,0.37342187191255694,1
/home/anitadonato/tcc/tcc/data/known_faces/julia/20260602_212654.jpg,/home/anitadonato/tcc/tcc/data/known_faces/julia/julia_boa_45_esq.jpg,0.3442105132307034,1
/home/anitadonato/tcc/tcc/data/known_faces/julia/20260602_212654.jpg,/home/anitadonato/tcc/tcc/data/known_faces/julia/julia_boa_frontal.jpg,0.2865851281526082,1
/home/anitadonato/tcc/tcc/data/known_faces/julia/20260602_212704.jpg,/home/anitadonato/tcc/tcc/data/known_faces/julia/20260602_212709.jpg,0.322389372989702,1
/home/anitadonato/tcc/tcc/data/known_faces/julia/20260602_212704.jpg,/home/anitadonato/tcc/tcc/data/known_faces/julia/20260602_212712.jpg,0.37467567699373033,1
/home/anitadonato/tcc/tcc/data/known_faces/julia/20260602_212704.jpg,/home/anitadonato/tcc/tcc/data/known_faces/julia/20260602_212724.jpg,0.4462207855096775,1
/home/anitadonato/tcc/tcc/data/known_faces/julia/20260602_212704.jpg,/home/anitadonato/tcc/tcc/data/known_faces/julia/20260602_212726.jpg,0.38321192835092643,1
/home/anitadonato/tcc/tcc/data/known_faces/julia/20260602_212704.jpg,/home/anitadonato/tcc/tcc/data/known_faces/julia/20260602_212732.jpg,0.3784065306184095,1
/home/anitadonato/tcc/tcc/data/known_faces/julia/20260602_212704.jpg,/home/anitadonato/tcc/tcc/data/known_faces/julia/20260602_212740.jpg,0.34803799313527156,1
/home/anitadonato/tcc/tcc/data/known_faces/julia/20260602_212704.jpg,/home/anitadonato/tcc/tcc/data/known_faces/julia/julia_boa_45_esq(1).jpg,0.38329389027030725,1
/home/anitadonato/tcc/tcc/data/known_faces/julia/20260602_212704.jpg,/home/anitadonato/tcc/tcc/data/known_faces/julia/julia_boa_45_esq.jpg,0.3951500265514298,1
/home/anitadonato/tcc/tcc/data/known_faces/julia/20260602_212704.jpg,/home/anitadonato/tcc/tcc/data/known_faces/julia/julia_boa_frontal.jpg,0.3686789006741801,1
/home/anitadonato/tcc/tcc/data/known_faces/julia/20260602_212709.jpg,/home/anitadonato/tcc/tcc/data/known_faces/julia/20260602_212712.jpg,0.3006933290736594,1
/home/anitadonato/tcc/tcc/data/known_faces/julia/20260602_212709.jpg,/home/anitadonato/tcc/tcc/data/known_faces/julia/20260602_212724.jpg,0.463294391635863,1
/home/anitadonato/tcc/tcc/data/known_faces/julia/20260602_212709.jpg,/home/anitadonato/tcc/tcc/data/known_faces/julia/20260602_212726.jpg,0.3482866172248081,1
/home/anitadonato/tcc/tcc/data/known_faces/julia/20260602_212709.jpg,/home/anitadonato/tcc/tcc/data/known_faces/julia/20260602_212732.jpg,0.30438620609453815,1
/home/anitadonato/tcc/tcc/data/known_faces/julia/20260602_212709.jpg,/home/anitadonato/tcc/tcc/data/known_faces/julia/20260602_212740.jpg,0.31544824558363416,1
/home/anitadonato/tcc/tcc/data/known_faces/julia/20260602_212709.jpg,/home/anitadonato/tcc/tcc/data/known_faces/julia/julia_boa_45_esq(1).jpg,0.392520073443047,1
/home/anitadonato/tcc/tcc/data/known_faces/julia/20260602_212709.jpg,/home/anitadonato/tcc/tcc/data/known_faces/julia/julia_boa_45_esq.jpg,0.37068433800127765,1
/home/anitadonato/tcc/tcc/data/known_faces/julia/20260602_212709.jpg,/home/anitadonato/tcc/tcc/data/known_faces/julia/julia_boa_frontal.jpg,0.3704843212847927,1
/home/anitadonato/tcc/tcc/data/known_faces/julia/20260602_212712.jpg,/home/anitadonato/tcc/tcc/data/known_faces/julia/20260602_212724.jpg,0.47327989313577506,1
/home/anitadonato/tcc/tcc/data/known_faces/julia/20260602_212712.jpg,/home/anitadonato/tcc/tcc/data/known_faces/julia/20260602_212726.jpg,0.40382900635735325,1
/home/anitadonato/tcc/tcc/data/known_faces/julia/20260602_212712.jpg,/home/anitadonato/tcc/tcc/data/known_faces/julia/20260602_212732.jpg,0.3489221041918727,1
/home/anitadonato/tcc/tcc/data/known_faces/julia/20260602_212712.jpg,/home/anitadonato/tcc/tcc/data/known_faces/julia/20260602_212740.jpg,0.37341496065131274,1
/home/anitadonato/tcc/tcc/data/known_faces/julia/20260602_212712.jpg,/home/anitadonato/tcc/tcc/data/known_faces/julia/julia_boa_45_esq(1).jpg,0.4470503437856035,1
/home/anitadonato/tcc/tcc/data/known_faces/julia/20260602_212712.jpg,/home/anitadonato/tcc/tcc/data/known_faces/julia/julia_boa_45_esq.jpg,0.42733111287029335,1
/home/anitadonato/tcc/tcc/data/known_faces/julia/20260602_212712.jpg,/home/anitadonato/tcc/tcc/data/known_faces/julia/julia_boa_frontal.jpg,0.40786400216089463,1
/home/anitadonato/tcc/tcc/data/known_faces/julia/20260602_212724.jpg,/home/anitadonato/tcc/tcc/data/known_faces/julia/20260602_212726.jpg,0.3821752600793653,1
/home/anitadonato/tcc/tcc/data/known_faces/julia/20260602_212724.jpg,/home/anitadonato/tcc/tcc/data/known_faces/julia/20260602_212732.jpg,0.4048535168142628,1
/home/anitadonato/tcc/tcc/data/known_faces/julia/20260602_212724.jpg,/home/anitadonato/tcc/tcc/data/known_faces/julia/20260602_212740.jpg,0.37244265130487336,1
/home/anitadonato/tcc/tcc/data/known_faces/julia/20260602_212724.jpg,/home/anitadonato/tcc/tcc/data/known_faces/julia/julia_boa_45_esq(1).jpg,0.49853215564501524,1
/home/anitadonato/tcc/tcc/data/known_faces/julia/20260602_212724.jpg,/home/anitadonato/tcc/tcc/data/known_faces/julia/julia_boa_45_esq.jpg,0.41925704235553257,1
/home/anitadonato/tcc/tcc/data/known_faces/julia/20260602_212724.jpg,/home/anitadonato/tcc/tcc/data/known_faces/julia/julia_boa_frontal.jpg,0.4524291867665592,1
/home/anitadonato/tcc/tcc/data/known_faces/julia/20260602_212726.jpg,/home/anitadonato/tcc/tcc/data/known_faces/julia/20260602_212732.jpg,0.3222408124197473,1
/home/anitadonato/tcc/tcc/data/known_faces/julia/20260602_212726.jpg,/home/anitadonato/tcc/tcc/data/known_faces/julia/20260602_212740.jpg,0.32566188327368734,1
/home/anitadonato/tcc/tcc/data/known_faces/julia/20260602_212726.jpg,/home/anitadonato/tcc/tcc/data/known_faces/julia/julia_boa_45_esq(1).jpg,0.39768328601659764,1
/home/anitadonato/tcc/tcc/data/known_faces/julia/20260602_212726.jpg,/home/anitadonato/tcc/tcc/data/known_faces/julia/julia_boa_45_esq.jpg,0.3364290797377289,1
/home/anitadonato/tcc/tcc/data/known_faces/julia/20260602_212726.jpg,/home/anitadonato/tcc/tcc/data/known_faces/julia/julia_boa_frontal.jpg,0.2915312758397721,1
/home/anitadonato/tcc/tcc/data/known_faces/julia/20260602_212732.jpg,/home/anitadonato/tcc/tcc/data/known_faces/julia/20260602_212740.jpg,0.24196302066657344,1
/home/anitadonato/tcc/tcc/data/known_faces/julia/20260602_212732.jpg,/home/anitadonato/tcc/tcc/data/known_faces/julia/julia_boa_45_esq(1).jpg,0.42221462891264305,1
/home/anitadonato/tcc/tcc/data/known_faces/julia/20260602_212732.jpg,/home/anitadonato/tcc/tcc/data/known_faces/julia/julia_boa_45_esq.jpg,0.36434767735744816,1
/home/anitadonato/tcc/tcc/data/known_faces/julia/20260602_212732.jpg,/home/anitadonato/tcc/tcc/data/known_faces/julia/julia_boa_frontal.jpg,0.3155245821136714,1
/home/anitadonato/tcc/tcc/data/known_faces/julia/20260602_212740.jpg,/home/anitadonato/tcc/tcc/data/known_faces/julia/julia_boa_45_esq(1).jpg,0.39133062419516584,1
/home/anitadonato/tcc/tcc/data/known_faces/julia/20260602_212740.jpg,/home/anitadonato/tcc/tcc/data/known_faces/julia/julia_boa_45_esq.jpg,0.3365194837290992,1
/home/anitadonato/tcc/tcc/data/known_faces/julia/20260602_212740.jpg,/home/anitadonato/tcc/tcc/data/known_faces/julia/julia_boa_frontal.jpg,0.33773089801000333,1
/home/anitadonato/tcc/tcc/data/known_faces/julia/julia_boa_45_esq(1).jpg,/home/anitadonato/tcc/tcc/data/known_faces/julia/julia_boa_45_esq.jpg,0.2848372277828015,1
/home/anitadonato/tcc/tcc/data/known_faces/julia/julia_boa_45_esq(1).jpg,/home/anitadonato/tcc/tcc/data/known_faces/julia/julia_boa_frontal.jpg,0.27659942324543707,1
/home/anitadonato/tcc/tcc/data/known_faces/julia/julia_boa_45_esq.jpg,/home/anitadonato/tcc/tcc/data/known_faces/julia/julia_boa_frontal.jpg,0.2650961674004175,1
/home/anitadonato/tcc/tcc/data/known_faces/luan/20260602_211809.jpg,/home/anitadonato/tcc/tcc/data/known_faces/luan/20260602_211812.jpg,0.4999598598343661,1
/home/anitadonato/tcc/tcc/data/known_faces/luan/20260602_211809.jpg,/home/anitadonato/tcc/tcc/data/known_faces/luan/20260602_211823.jpg,0.42374453376852644,1
/home/anitadonato/tcc/tcc/data/known_faces/luan/20260602_211809.jpg,/home/anitadonato/tcc/tcc/data/known_faces/luan/20260602_211836.jpg,0.5701789971534307,1
/home/anitadonato/tcc/tcc/data/known_faces/luan/20260602_211809.jpg,/home/anitadonato/tcc/tcc/data/known_faces/luan/20260602_211837.jpg,0.5696574087155283,1
/home/anitadonato/tcc/tcc/data/known_faces/luan/20260602_211809.jpg,/home/anitadonato/tcc/tcc/data/known_faces/luan/20260602_211845.jpg,0.4242731875853541,1
/home/anitadonato/tcc/tcc/data/known_faces/luan/20260602_211809.jpg,/home/anitadonato/tcc/tcc/data/known_faces/luan/20260602_211913.jpg,0.4733458815576568,1
/home/anitadonato/tcc/tcc/data/known_faces/luan/20260602_211809.jpg,/home/anitadonato/tcc/tcc/data/known_faces/luan/20260602_211920.jpg,0.4837954985947304,1
/home/anitadonato/tcc/tcc/data/known_faces/luan/20260602_211809.jpg,/home/anitadonato/tcc/tcc/data/known_faces/luan/20260602_211923.jpg,0.47023206140465956,1
/home/anitadonato/tcc/tcc/data/known_faces/luan/20260602_211809.jpg,/home/anitadonato/tcc/tcc/data/known_faces/luan/20260602_212013.jpg,0.5142382670446513,1
/home/anitadonato/tcc/tcc/data/known_faces/luan/20260602_211809.jpg,/home/anitadonato/tcc/tcc/data/known_faces/luan/20260602_212016.jpg,0.5304194037096652,1
/home/anitadonato/tcc/tcc/data/known_faces/luan/20260602_211809.jpg,/home/anitadonato/tcc/tcc/data/known_faces/luan/20260602_212022.jpg,0.5095911705708297,1
/home/anitadonato/tcc/tcc/data/known_faces/luan/20260602_211809.jpg,/home/anitadonato/tcc/tcc/data/known_faces/luan/20260602_212025.jpg,0.4684329600532507,1
/home/anitadonato/tcc/tcc/data/known_faces/luan/20260602_211809.jpg,/home/anitadonato/tcc/tcc/data/known_faces/luan/20260602_212035.jpg,0.4711069180341561,1
/home/anitadonato/tcc/tcc/data/known_faces/luan/20260602_211812.jpg,/home/anitadonato/tcc/tcc/data/known_faces/luan/20260602_211823.jpg,0.23669381578958082,1
/home/anitadonato/tcc/tcc/data/known_faces/luan/20260602_211812.jpg,/home/anitadonato/tcc/tcc/data/known_faces/luan/20260602_211836.jpg,0.44824049820963663,1
/home/anitadonato/tcc/tcc/data/known_faces/luan/20260602_211812.jpg,/home/anitadonato/tcc/tcc/data/known_faces/luan/20260602_211837.jpg,0.4529187190701227,1
/home/anitadonato/tcc/tcc/data/known_faces/luan/20260602_211812.jpg,/home/anitadonato/tcc/tcc/data/known_faces/luan/20260602_211845.jpg,0.3692501633143296,1
/home/anitadonato/tcc/tcc/data/known_faces/luan/20260602_211812.jpg,/home/anitadonato/tcc/tcc/data/known_faces/luan/20260602_211913.jpg,0.3385848866630184,1
/home/anitadonato/tcc/tcc/data/known_faces/luan/20260602_211812.jpg,/home/anitadonato/tcc/tcc/data/known_faces/luan/20260602_211920.jpg,0.335331656328434,1
/home/anitadonato/tcc/tcc/data/known_faces/luan/20260602_211812.jpg,/home/anitadonato/tcc/tcc/data/known_faces/luan/20260602_211923.jpg,0.41717336582472514,1
/home/anitadonato/tcc/tcc/data/known_faces/luan/20260602_211812.jpg,/home/anitadonato/tcc/tcc/data/known_faces/luan/20260602_212013.jpg,0.34338769645481776,1
/home/anitadonato/tcc/tcc/data/known_faces/luan/20260602_211812.jpg,/home/anitadonato/tcc/tcc/data/known_faces/luan/20260602_212016.jpg,0.39272357645039474,1
/home/anitadonato/tcc/tcc/data/known_faces/luan/20260602_211812.jpg,/home/anitadonato/tcc/tcc/data/known_faces/luan/20260602_212022.jpg,0.3621966830937389,1
/home/anitadonato/tcc/tcc/data/known_faces/luan/20260602_211812.jpg,/home/anitadonato/tcc/tcc/data/known_faces/luan/20260602_212025.jpg,0.42620374468728744,1
/home/anitadonato/tcc/tcc/data/known_faces/luan/20260602_211812.jpg,/home/anitadonato/tcc/tcc/data/known_faces/luan/20260602_212035.jpg,0.2961410958241918,1
/home/anitadonato/tcc/tcc/data/known_faces/luan/20260602_211823.jpg,/home/anitadonato/tcc/tcc/data/known_faces/luan/20260602_211836.jpg,0.4540061717525693,1
/home/anitadonato/tcc/tcc/data/known_faces/luan/20260602_211823.jpg,/home/anitadonato/tcc/tcc/data/known_faces/luan/20260602_211837.jpg,0.4747736797864461,1
/home/anitadonato/tcc/tcc/data/known_faces/luan/20260602_211823.jpg,/home/anitadonato/tcc/tcc/data/known_faces/luan/20260602_211845.jpg,0.3438916407196692,1
/home/anitadonato/tcc/tcc/data/known_faces/luan/20260602_211823.jpg,/home/anitadonato/tcc/tcc/data/known_faces/luan/20260602_211913.jpg,0.33360616649817887,1
/home/anitadonato/tcc/tcc/data/known_faces/luan/20260602_211823.jpg,/home/anitadonato/tcc/tcc/data/known_faces/luan/20260602_211920.jpg,0.36439475635231167,1
/home/anitadonato/tcc/tcc/data/known_faces/luan/20260602_211823.jpg,/home/anitadonato/tcc/tcc/data/known_faces/luan/20260602_211923.jpg,0.3949690331413715,1
/home/anitadonato/tcc/tcc/data/known_faces/luan/20260602_211823.jpg,/home/anitadonato/tcc/tcc/data/known_faces/luan/20260602_212013.jpg,0.36685169543575447,1
/home/anitadonato/tcc/tcc/data/known_faces/luan/20260602_211823.jpg,/home/anitadonato/tcc/tcc/data/known_faces/luan/20260602_212016.jpg,0.3875492084001641,1
/home/anitadonato/tcc/tcc/data/known_faces/luan/20260602_211823.jpg,/home/anitadonato/tcc/tcc/data/known_faces/luan/20260602_212022.jpg,0.38686867726566004,1
/home/anitadonato/tcc/tcc/data/known_faces/luan/20260602_211823.jpg,/home/anitadonato/tcc/tcc/data/known_faces/luan/20260602_212025.jpg,0.4262996002867869,1
/home/anitadonato/tcc/tcc/data/known_faces/luan/20260602_211823.jpg,/home/anitadonato/tcc/tcc/data/known_faces/luan/20260602_212035.jpg,0.33062129156160774,1
/home/anitadonato/tcc/tcc/data/known_faces/luan/20260602_211836.jpg,/home/anitadonato/tcc/tcc/data/known_faces/luan/20260602_211837.jpg,0.19480113280669256,1
/home/anitadonato/tcc/tcc/data/known_faces/luan/20260602_211836.jpg,/home/anitadonato/tcc/tcc/data/known_faces/luan/20260602_211845.jpg,0.5224650517874148,1
/home/anitadonato/tcc/tcc/data/known_faces/luan/20260602_211836.jpg,/home/anitadonato/tcc/tcc/data/known_faces/luan/20260602_211913.jpg,0.49346551334838823,1
/home/anitadonato/tcc/tcc/data/known_faces/luan/20260602_211836.jpg,/home/anitadonato/tcc/tcc/data/known_faces/luan/20260602_211920.jpg,0.5175381619414205,1
/home/anitadonato/tcc/tcc/data/known_faces/luan/20260602_211836.jpg,/home/anitadonato/tcc/tcc/data/known_faces/luan/20260602_211923.jpg,0.547266162751454,1
/home/anitadonato/tcc/tcc/data/known_faces/luan/20260602_211836.jpg,/home/anitadonato/tcc/tcc/data/known_faces/luan/20260602_212013.jpg,0.5109802003036416,1
/home/anitadonato/tcc/tcc/data/known_faces/luan/20260602_211836.jpg,/home/anitadonato/tcc/tcc/data/known_faces/luan/20260602_212016.jpg,0.5096216136615991,1
/home/anitadonato/tcc/tcc/data/known_faces/luan/20260602_211836.jpg,/home/anitadonato/tcc/tcc/data/known_faces/luan/20260602_212022.jpg,0.4992454631614601,1
/home/anitadonato/tcc/tcc/data/known_faces/luan/20260602_211836.jpg,/home/anitadonato/tcc/tcc/data/known_faces/luan/20260602_212025.jpg,0.5609893897412495,1
/home/anitadonato/tcc/tcc/data/known_faces/luan/20260602_211836.jpg,/home/anitadonato/tcc/tcc/data/known_faces/luan/20260602_212035.jpg,0.4788831182025916,1
/home/anitadonato/tcc/tcc/data/known_faces/luan/20260602_211837.jpg,/home/anitadonato/tcc/tcc/data/known_faces/luan/20260602_211845.jpg,0.5117339990073038,1
/home/anitadonato/tcc/tcc/data/known_faces/luan/20260602_211837.jpg,/home/anitadonato/tcc/tcc/data/known_faces/luan/20260602_211913.jpg,0.5036354940537178,1
/home/anitadonato/tcc/tcc/data/known_faces/luan/20260602_211837.jpg,/home/anitadonato/tcc/tcc/data/known_faces/luan/20260602_211920.jpg,0.5097299023577542,1
/home/anitadonato/tcc/tcc/data/known_faces/luan/20260602_211837.jpg,/home/anitadonato/tcc/tcc/data/known_faces/luan/20260602_211923.jpg,0.5548847229409218,1
/home/anitadonato/tcc/tcc/data/known_faces/luan/20260602_211837.jpg,/home/anitadonato/tcc/tcc/data/known_faces/luan/20260602_212013.jpg,0.5205836580013781,1
/home/anitadonato/tcc/tcc/data/known_faces/luan/20260602_211837.jpg,/home/anitadonato/tcc/tcc/data/known_faces/luan/20260602_212016.jpg,0.5179600991531225,1
/home/anitadonato/tcc/tcc/data/known_faces/luan/20260602_211837.jpg,/home/anitadonato/tcc/tcc/data/known_faces/luan/20260602_212022.jpg,0.4982535570383738,1
/home/anitadonato/tcc/tcc/data/known_faces/luan/20260602_211837.jpg,/home/anitadonato/tcc/tcc/data/known_faces/luan/20260602_212025.jpg,0.5562787840332278,1
/home/anitadonato/tcc/tcc/data/known_faces/luan/20260602_211837.jpg,/home/anitadonato/tcc/tcc/data/known_faces/luan/20260602_212035.jpg,0.4968470521766088,1
/home/anitadonato/tcc/tcc/data/known_faces/luan/20260602_211845.jpg,/home/anitadonato/tcc/tcc/data/known_faces/luan/20260602_211913.jpg,0.2959728213237908,1
/home/anitadonato/tcc/tcc/data/known_faces/luan/20260602_211845.jpg,/home/anitadonato/tcc/tcc/data/known_faces/luan/20260602_211920.jpg,0.35067817173496274,1
/home/anitadonato/tcc/tcc/data/known_faces/luan/20260602_211845.jpg,/home/anitadonato/tcc/tcc/data/known_faces/luan/20260602_211923.jpg,0.3343495936056561,1
/home/anitadonato/tcc/tcc/data/known_faces/luan/20260602_211845.jpg,/home/anitadonato/tcc/tcc/data/known_faces/luan/20260602_212013.jpg,0.32667178131224456,1
/home/anitadonato/tcc/tcc/data/known_faces/luan/20260602_211845.jpg,/home/anitadonato/tcc/tcc/data/known_faces/luan/20260602_212016.jpg,0.37198419683719447,1
/home/anitadonato/tcc/tcc/data/known_faces/luan/20260602_211845.jpg,/home/anitadonato/tcc/tcc/data/known_faces/luan/20260602_212022.jpg,0.31990153795359344,1
/home/anitadonato/tcc/tcc/data/known_faces/luan/20260602_211845.jpg,/home/anitadonato/tcc/tcc/data/known_faces/luan/20260602_212025.jpg,0.34545310313689587,1
/home/anitadonato/tcc/tcc/data/known_faces/luan/20260602_211845.jpg,/home/anitadonato/tcc/tcc/data/known_faces/luan/20260602_212035.jpg,0.31614533618874346,1
/home/anitadonato/tcc/tcc/data/known_faces/luan/20260602_211913.jpg,/home/anitadonato/tcc/tcc/data/known_faces/luan/20260602_211920.jpg,0.3457117491149578,1
/home/anitadonato/tcc/tcc/data/known_faces/luan/20260602_211913.jpg,/home/anitadonato/tcc/tcc/data/known_faces/luan/20260602_211923.jpg,0.23313571060855698,1
/home/anitadonato/tcc/tcc/data/known_faces/luan/20260602_211913.jpg,/home/anitadonato/tcc/tcc/data/known_faces/luan/20260602_212013.jpg,0.27603952245877766,1
/home/anitadonato/tcc/tcc/data/known_faces/luan/20260602_211913.jpg,/home/anitadonato/tcc/tcc/data/known_faces/luan/20260602_212016.jpg,0.32652427187463057,1
/home/anitadonato/tcc/tcc/data/known_faces/luan/20260602_211913.jpg,/home/anitadonato/tcc/tcc/data/known_faces/luan/20260602_212022.jpg,0.31737463465417026,1
/home/anitadonato/tcc/tcc/data/known_faces/luan/20260602_211913.jpg,/home/anitadonato/tcc/tcc/data/known_faces/luan/20260602_212025.jpg,0.30391491912677554,1
/home/anitadonato/tcc/tcc/data/known_faces/luan/20260602_211913.jpg,/home/anitadonato/tcc/tcc/data/known_faces/luan/20260602_212035.jpg,0.2999490323291324,1
/home/anitadonato/tcc/tcc/data/known_faces/luan/20260602_211920.jpg,/home/anitadonato/tcc/tcc/data/known_faces/luan/20260602_211923.jpg,0.372207525896125,1
/home/anitadonato/tcc/tcc/data/known_faces/luan/20260602_211920.jpg,/home/anitadonato/tcc/tcc/data/known_faces/luan/20260602_212013.jpg,0.38004944950649705,1
/home/anitadonato/tcc/tcc/data/known_faces/luan/20260602_211920.jpg,/home/anitadonato/tcc/tcc/data/known_faces/luan/20260602_212016.jpg,0.3841520779139482,1
/home/anitadonato/tcc/tcc/data/known_faces/luan/20260602_211920.jpg,/home/anitadonato/tcc/tcc/data/known_faces/luan/20260602_212022.jpg,0.3424656046761999,1
/home/anitadonato/tcc/tcc/data/known_faces/luan/20260602_211920.jpg,/home/anitadonato/tcc/tcc/data/known_faces/luan/20260602_212025.jpg,0.3876747168272815,1
/home/anitadonato/tcc/tcc/data/known_faces/luan/20260602_211920.jpg,/home/anitadonato/tcc/tcc/data/known_faces/luan/20260602_212035.jpg,0.298978339546432,1
/home/anitadonato/tcc/tcc/data/known_faces/luan/20260602_211923.jpg,/home/anitadonato/tcc/tcc/data/known_faces/luan/20260602_212013.jpg,0.3293687718083283,1
/home/anitadonato/tcc/tcc/data/known_faces/luan/20260602_211923.jpg,/home/anitadonato/tcc/tcc/data/known_faces/luan/20260602_212016.jpg,0.38432903452843165,1
/home/anitadonato/tcc/tcc/data/known_faces/luan/20260602_211923.jpg,/home/anitadonato/tcc/tcc/data/known_faces/luan/20260602_212022.jpg,0.3682798326662294,1
/home/anitadonato/tcc/tcc/data/known_faces/luan/20260602_211923.jpg,/home/anitadonato/tcc/tcc/data/known_faces/luan/20260602_212025.jpg,0.2949531857465636,1
/home/anitadonato/tcc/tcc/data/known_faces/luan/20260602_211923.jpg,/home/anitadonato/tcc/tcc/data/known_faces/luan/20260602_212035.jpg,0.3440276542488571,1
/home/anitadonato/tcc/tcc/data/known_faces/luan/20260602_212013.jpg,/home/anitadonato/tcc/tcc/data/known_faces/luan/20260602_212016.jpg,0.34041473996319466,1
/home/anitadonato/tcc/tcc/data/known_faces/luan/20260602_212013.jpg,/home/anitadonato/tcc/tcc/data/known_faces/luan/20260602_212022.jpg,0.2641436448760938,1
/home/anitadonato/tcc/tcc/data/known_faces/luan/20260602_212013.jpg,/home/anitadonato/tcc/tcc/data/known_faces/luan/20260602_212025.jpg,0.25550283066957974,1
/home/anitadonato/tcc/tcc/data/known_faces/luan/20260602_212013.jpg,/home/anitadonato/tcc/tcc/data/known_faces/luan/20260602_212035.jpg,0.2897545270565798,1
/home/anitadonato/tcc/tcc/data/known_faces/luan/20260602_212016.jpg,/home/anitadonato/tcc/tcc/data/known_faces/luan/20260602_212022.jpg,0.2591639123179548,1
/home/anitadonato/tcc/tcc/data/known_faces/luan/20260602_212016.jpg,/home/anitadonato/tcc/tcc/data/known_faces/luan/20260602_212025.jpg,0.3929721668681407,1
/home/anitadonato/tcc/tcc/data/known_faces/luan/20260602_212016.jpg,/home/anitadonato/tcc/tcc/data/known_faces/luan/20260602_212035.jpg,0.2755147277362683,1
/home/anitadonato/tcc/tcc/data/known_faces/luan/20260602_212022.jpg,/home/anitadonato/tcc/tcc/data/known_faces/luan/20260602_212025.jpg,0.33140928964537303,1
/home/anitadonato/tcc/tcc/data/known_faces/luan/20260602_212022.jpg,/home/anitadonato/tcc/tcc/data/known_faces/luan/20260602_212035.jpg,0.2506791728257169,1
/home/anitadonato/tcc/tcc/data/known_faces/luan/20260602_212025.jpg,/home/anitadonato/tcc/tcc/data/known_faces/luan/20260602_212035.jpg,0.3312299547692791,1
/home/anitadonato/tcc/tcc/data/known_faces/willa/20260602_212418.jpg,/home/anitadonato/tcc/tcc/data/known_faces/willa/20260602_212431.jpg,0.4449208625766082,1
/home/anitadonato/tcc/tcc/data/known_faces/willa/20260602_212418.jpg,/home/anitadonato/tcc/tcc/data/known_faces/willa/20260602_212507.jpg,0.3961876443005917,1
/home/anitadonato/tcc/tcc/data/known_faces/willa/20260602_212418.jpg,/home/anitadonato/tcc/tcc/data/known_faces/willa/20260602_212511.jpg,0.4380534886204211,1
/home/anitadonato/tcc/tcc/data/known_faces/willa/20260602_212418.jpg,/home/anitadonato/tcc/tcc/data/known_faces/willa/20260602_212513.jpg,0.4266858336254148,1
/home/anitadonato/tcc/tcc/data/known_faces/willa/20260602_212418.jpg,/home/anitadonato/tcc/tcc/data/known_faces/willa/20260602_212521.jpg,0.3915270170205064,1
/home/anitadonato/tcc/tcc/data/known_faces/willa/20260602_212418.jpg,/home/anitadonato/tcc/tcc/data/known_faces/willa/willa_baixa_45_30cm.jpg,0.4190135384335236,1
/home/anitadonato/tcc/tcc/data/known_faces/willa/20260602_212418.jpg,/home/anitadonato/tcc/tcc/data/known_faces/willa/willa_baixa_frontal_30cm.jpg,0.44049963922147584,1
/home/anitadonato/tcc/tcc/data/known_faces/willa/20260602_212418.jpg,/home/anitadonato/tcc/tcc/data/known_faces/willa/willa_boa_45_30cm.jpg,0.3867294842546315,1
/home/anitadonato/tcc/tcc/data/known_faces/willa/20260602_212418.jpg,/home/anitadonato/tcc/tcc/data/known_faces/willa/willa_extra_02.jpg,0.4133360475457567,1
/home/anitadonato/tcc/tcc/data/known_faces/willa/20260602_212418.jpg,/home/anitadonato/tcc/tcc/data/known_faces/willa/willa_extra_03.jpg,0.4039154941351383,1
/home/anitadonato/tcc/tcc/data/known_faces/willa/20260602_212418.jpg,/home/anitadonato/tcc/tcc/data/known_faces/willa/willa_extra_04.jpg,0.41826794000887707,1
/home/anitadonato/tcc/tcc/data/known_faces/willa/20260602_212418.jpg,/home/anitadonato/tcc/tcc/data/known_faces/willa/willa_extra_05.jpg,0.417825575608581,1
/home/anitadonato/tcc/tcc/data/known_faces/willa/20260602_212418.jpg,/home/anitadonato/tcc/tcc/data/known_faces/willa/willa_extra_06.jpg,0.43556954366792344,1
/home/anitadonato/tcc/tcc/data/known_faces/willa/20260602_212418.jpg,/home/anitadonato/tcc/tcc/data/known_faces/willa/willa_extra_07.jpg,0.4403194532683541,1
/home/anitadonato/tcc/tcc/data/known_faces/willa/20260602_212418.jpg,/home/anitadonato/tcc/tcc/data/known_faces/willa/willa_extra_08.jpg,0.45203556015468416,1
/home/anitadonato/tcc/tcc/data/known_faces/willa/20260602_212418.jpg,/home/anitadonato/tcc/tcc/data/known_faces/willa/willa_extra_09.jpg,0.36304051665788306,1
/home/anitadonato/tcc/tcc/data/known_faces/willa/20260602_212418.jpg,/home/anitadonato/tcc/tcc/data/known_faces/willa/willa_moderada_45_30cm.jpg,0.39848126961317176,1
/home/anitadonato/tcc/tcc/data/known_faces/willa/20260602_212418.jpg,/home/anitadonato/tcc/tcc/data/known_faces/willa/willa_moderada_frontal_30cm.jpg,0.4310622585077477,1
/home/anitadonato/tcc/tcc/data/known_faces/willa/20260602_212431.jpg,/home/anitadonato/tcc/tcc/data/known_faces/willa/20260602_212507.jpg,0.4354268268130113,1
/home/anitadonato/tcc/tcc/data/known_faces/willa/20260602_212431.jpg,/home/anitadonato/tcc/tcc/data/known_faces/willa/20260602_212511.jpg,0.4422729882742318,1
/home/anitadonato/tcc/tcc/data/known_faces/willa/20260602_212431.jpg,/home/anitadonato/tcc/tcc/data/known_faces/willa/20260602_212513.jpg,0.4064011358280069,1
/home/anitadonato/tcc/tcc/data/known_faces/willa/20260602_212431.jpg,/home/anitadonato/tcc/tcc/data/known_faces/willa/20260602_212521.jpg,0.4498511209456565,1
/home/anitadonato/tcc/tcc/data/known_faces/willa/20260602_212431.jpg,/home/anitadonato/tcc/tcc/data/known_faces/willa/willa_baixa_45_30cm.jpg,0.4524867827567476,1
/home/anitadonato/tcc/tcc/data/known_faces/willa/20260602_212431.jpg,/home/anitadonato/tcc/tcc/data/known_faces/willa/willa_baixa_frontal_30cm.jpg,0.43550151481922905,1
/home/anitadonato/tcc/tcc/data/known_faces/willa/20260602_212431.jpg,/home/anitadonato/tcc/tcc/data/known_faces/willa/willa_boa_45_30cm.jpg,0.3829494417203316,1
/home/anitadonato/tcc/tcc/data/known_faces/willa/20260602_212431.jpg,/home/anitadonato/tcc/tcc/data/known_faces/willa/willa_extra_02.jpg,0.37332519702904476,1
/home/anitadonato/tcc/tcc/data/known_faces/willa/20260602_212431.jpg,/home/anitadonato/tcc/tcc/data/known_faces/willa/willa_extra_03.jpg,0.3567308043260948,1
/home/anitadonato/tcc/tcc/data/known_faces/willa/20260602_212431.jpg,/home/anitadonato/tcc/tcc/data/known_faces/willa/willa_extra_04.jpg,0.2209312342416794,1
/home/anitadonato/tcc/tcc/data/known_faces/willa/20260602_212431.jpg,/home/anitadonato/tcc/tcc/data/known_faces/willa/willa_extra_05.jpg,0.36234028809250146,1
/home/anitadonato/tcc/tcc/data/known_faces/willa/20260602_212431.jpg,/home/anitadonato/tcc/tcc/data/known_faces/willa/willa_extra_06.jpg,0.3611796217192522,1
/home/anitadonato/tcc/tcc/data/known_faces/willa/20260602_212431.jpg,/home/anitadonato/tcc/tcc/data/known_faces/willa/willa_extra_07.jpg,0.28771343893196394,1
/home/anitadonato/tcc/tcc/data/known_faces/willa/20260602_212431.jpg,/home/anitadonato/tcc/tcc/data/known_faces/willa/willa_extra_08.jpg,0.2863785657390603,1
/home/anitadonato/tcc/tcc/data/known_faces/willa/20260602_212431.jpg,/home/anitadonato/tcc/tcc/data/known_faces/willa/willa_extra_09.jpg,0.34376107997883454,1
/home/anitadonato/tcc/tcc/data/known_faces/willa/20260602_212431.jpg,/home/anitadonato/tcc/tcc/data/known_faces/willa/willa_moderada_45_30cm.jpg,0.42945258834013994,1
/home/anitadonato/tcc/tcc/data/known_faces/willa/20260602_212431.jpg,/home/anitadonato/tcc/tcc/data/known_faces/willa/willa_moderada_frontal_30cm.jpg,0.4405079162864685,1
/home/anitadonato/tcc/tcc/data/known_faces/willa/20260602_212507.jpg,/home/anitadonato/tcc/tcc/data/known_faces/willa/20260602_212511.jpg,0.3104807494683694,1
/home/anitadonato/tcc/tcc/data/known_faces/willa/20260602_212507.jpg,/home/anitadonato/tcc/tcc/data/known_faces/willa/20260602_212513.jpg,0.3053361540277523,1
/home/anitadonato/tcc/tcc/data/known_faces/willa/20260602_212507.jpg,/home/anitadonato/tcc/tcc/data/known_faces/willa/20260602_212521.jpg,0.38125075657038604,1
/home/anitadonato/tcc/tcc/data/known_faces/willa/20260602_212507.jpg,/home/anitadonato/tcc/tcc/data/known_faces/willa/willa_baixa_45_30cm.jpg,0.3084560678298795,1
/home/anitadonato/tcc/tcc/data/known_faces/willa/20260602_212507.jpg,/home/anitadonato/tcc/tcc/data/known_faces/willa/willa_baixa_frontal_30cm.jpg,0.33778318999138207,1
/home/anitadonato/tcc/tcc/data/known_faces/willa/20260602_212507.jpg,/home/anitadonato/tcc/tcc/data/known_faces/willa/willa_boa_45_30cm.jpg,0.35855581743539033,1
/home/anitadonato/tcc/tcc/data/known_faces/willa/20260602_212507.jpg,/home/anitadonato/tcc/tcc/data/known_faces/willa/willa_extra_02.jpg,0.4247048304790734,1
/home/anitadonato/tcc/tcc/data/known_faces/willa/20260602_212507.jpg,/home/anitadonato/tcc/tcc/data/known_faces/willa/willa_extra_03.jpg,0.4179757281940774,1
/home/anitadonato/tcc/tcc/data/known_faces/willa/20260602_212507.jpg,/home/anitadonato/tcc/tcc/data/known_faces/willa/willa_extra_04.jpg,0.40873322382418237,1
/home/anitadonato/tcc/tcc/data/known_faces/willa/20260602_212507.jpg,/home/anitadonato/tcc/tcc/data/known_faces/willa/willa_extra_05.jpg,0.38712248294709695,1
/home/anitadonato/tcc/tcc/data/known_faces/willa/20260602_212507.jpg,/home/anitadonato/tcc/tcc/data/known_faces/willa/willa_extra_06.jpg,0.43902363919008525,1
/home/anitadonato/tcc/tcc/data/known_faces/willa/20260602_212507.jpg,/home/anitadonato/tcc/tcc/data/known_faces/willa/willa_extra_07.jpg,0.43354798930912386,1
/home/anitadonato/tcc/tcc/data/known_faces/willa/20260602_212507.jpg,/home/anitadonato/tcc/tcc/data/known_faces/willa/willa_extra_08.jpg,0.43196080490141986,1
/home/anitadonato/tcc/tcc/data/known_faces/willa/20260602_212507.jpg,/home/anitadonato/tcc/tcc/data/known_faces/willa/willa_extra_09.jpg,0.3846062105217865,1
/home/anitadonato/tcc/tcc/data/known_faces/willa/20260602_212507.jpg,/home/anitadonato/tcc/tcc/data/known_faces/willa/willa_moderada_45_30cm.jpg,0.38358724738046285,1
/home/anitadonato/tcc/tcc/data/known_faces/willa/20260602_212507.jpg,/home/anitadonato/tcc/tcc/data/known_faces/willa/willa_moderada_frontal_30cm.jpg,0.26790088366507875,1
/home/anitadonato/tcc/tcc/data/known_faces/willa/20260602_212511.jpg,/home/anitadonato/tcc/tcc/data/known_faces/willa/20260602_212513.jpg,0.21558707188913198,1
/home/anitadonato/tcc/tcc/data/known_faces/willa/20260602_212511.jpg,/home/anitadonato/tcc/tcc/data/known_faces/willa/20260602_212521.jpg,0.34508771834222035,1
/home/anitadonato/tcc/tcc/data/known_faces/willa/20260602_212511.jpg,/home/anitadonato/tcc/tcc/data/known_faces/willa/willa_baixa_45_30cm.jpg,0.35106040815818107,1
/home/anitadonato/tcc/tcc/data/known_faces/willa/20260602_212511.jpg,/home/anitadonato/tcc/tcc/data/known_faces/willa/willa_baixa_frontal_30cm.jpg,0.2722328147111239,1
/home/anitadonato/tcc/tcc/data/known_faces/willa/20260602_212511.jpg,/home/anitadonato/tcc/tcc/data/known_faces/willa/willa_boa_45_30cm.jpg,0.3791564178802837,1
/home/anitadonato/tcc/tcc/data/known_faces/willa/20260602_212511.jpg,/home/anitadonato/tcc/tcc/data/known_faces/willa/willa_extra_02.jpg,0.36642892321174003,1
/home/anitadonato/tcc/tcc/data/known_faces/willa/20260602_212511.jpg,/home/anitadonato/tcc/tcc/data/known_faces/willa/willa_extra_03.jpg,0.4083718370167493,1
/home/anitadonato/tcc/tcc/data/known_faces/willa/20260602_212511.jpg,/home/anitadonato/tcc/tcc/data/known_faces/willa/willa_extra_04.jpg,0.40141916167368685,1
/home/anitadonato/tcc/tcc/data/known_faces/willa/20260602_212511.jpg,/home/anitadonato/tcc/tcc/data/known_faces/willa/willa_extra_05.jpg,0.3857458918230228,1
/home/anitadonato/tcc/tcc/data/known_faces/willa/20260602_212511.jpg,/home/anitadonato/tcc/tcc/data/known_faces/willa/willa_extra_06.jpg,0.43887382968125244,1
/home/anitadonato/tcc/tcc/data/known_faces/willa/20260602_212511.jpg,/home/anitadonato/tcc/tcc/data/known_faces/willa/willa_extra_07.jpg,0.37597691103927144,1
/home/anitadonato/tcc/tcc/data/known_faces/willa/20260602_212511.jpg,/home/anitadonato/tcc/tcc/data/known_faces/willa/willa_extra_08.jpg,0.4006870172473999,1
/home/anitadonato/tcc/tcc/data/known_faces/willa/20260602_212511.jpg,/home/anitadonato/tcc/tcc/data/known_faces/willa/willa_extra_09.jpg,0.34547478165187556,1
/home/anitadonato/tcc/tcc/data/known_faces/willa/20260602_212511.jpg,/home/anitadonato/tcc/tcc/data/known_faces/willa/willa_moderada_45_30cm.jpg,0.31092168010972476,1
/home/anitadonato/tcc/tcc/data/known_faces/willa/20260602_212511.jpg,/home/anitadonato/tcc/tcc/data/known_faces/willa/willa_moderada_frontal_30cm.jpg,0.20904447086973668,1
/home/anitadonato/tcc/tcc/data/known_faces/willa/20260602_212513.jpg,/home/anitadonato/tcc/tcc/data/known_faces/willa/20260602_212521.jpg,0.30333431705179437,1
/home/anitadonato/tcc/tcc/data/known_faces/willa/20260602_212513.jpg,/home/anitadonato/tcc/tcc/data/known_faces/willa/willa_baixa_45_30cm.jpg,0.33578034895857845,1
/home/anitadonato/tcc/tcc/data/known_faces/willa/20260602_212513.jpg,/home/anitadonato/tcc/tcc/data/known_faces/willa/willa_baixa_frontal_30cm.jpg,0.2612025696775613,1
/home/anitadonato/tcc/tcc/data/known_faces/willa/20260602_212513.jpg,/home/anitadonato/tcc/tcc/data/known_faces/willa/willa_boa_45_30cm.jpg,0.37822697791139637,1
/home/anitadonato/tcc/tcc/data/known_faces/willa/20260602_212513.jpg,/home/anitadonato/tcc/tcc/data/known_faces/willa/willa_extra_02.jpg,0.3544282878150165,1
/home/anitadonato/tcc/tcc/data/known_faces/willa/20260602_212513.jpg,/home/anitadonato/tcc/tcc/data/known_faces/willa/willa_extra_03.jpg,0.34925967642883415,1
/home/anitadonato/tcc/tcc/data/known_faces/willa/20260602_212513.jpg,/home/anitadonato/tcc/tcc/data/known_faces/willa/willa_extra_04.jpg,0.38289323330808145,1
/home/anitadonato/tcc/tcc/data/known_faces/willa/20260602_212513.jpg,/home/anitadonato/tcc/tcc/data/known_faces/willa/willa_extra_05.jpg,0.39899113476796894,1
/home/anitadonato/tcc/tcc/data/known_faces/willa/20260602_212513.jpg,/home/anitadonato/tcc/tcc/data/known_faces/willa/willa_extra_06.jpg,0.42784586402394,1
/home/anitadonato/tcc/tcc/data/known_faces/willa/20260602_212513.jpg,/home/anitadonato/tcc/tcc/data/known_faces/willa/willa_extra_07.jpg,0.37072868058562103,1
/home/anitadonato/tcc/tcc/data/known_faces/willa/20260602_212513.jpg,/home/anitadonato/tcc/tcc/data/known_faces/willa/willa_extra_08.jpg,0.3710864812856808,1
/home/anitadonato/tcc/tcc/data/known_faces/willa/20260602_212513.jpg,/home/anitadonato/tcc/tcc/data/known_faces/willa/willa_extra_09.jpg,0.33231431700902836,1
/home/anitadonato/tcc/tcc/data/known_faces/willa/20260602_212513.jpg,/home/anitadonato/tcc/tcc/data/known_faces/willa/willa_moderada_45_30cm.jpg,0.2884803421345678,1
/home/anitadonato/tcc/tcc/data/known_faces/willa/20260602_212513.jpg,/home/anitadonato/tcc/tcc/data/known_faces/willa/willa_moderada_frontal_30cm.jpg,0.15517378232534743,1
/home/anitadonato/tcc/tcc/data/known_faces/willa/20260602_212521.jpg,/home/anitadonato/tcc/tcc/data/known_faces/willa/willa_baixa_45_30cm.jpg,0.32722503925148155,1
/home/anitadonato/tcc/tcc/data/known_faces/willa/20260602_212521.jpg,/home/anitadonato/tcc/tcc/data/known_faces/willa/willa_baixa_frontal_30cm.jpg,0.26408445337505426,1
/home/anitadonato/tcc/tcc/data/known_faces/willa/20260602_212521.jpg,/home/anitadonato/tcc/tcc/data/known_faces/willa/willa_boa_45_30cm.jpg,0.384558199772691,1
/home/anitadonato/tcc/tcc/data/known_faces/willa/20260602_212521.jpg,/home/anitadonato/tcc/tcc/data/known_faces/willa/willa_extra_02.jpg,0.40203236291657396,1
/home/anitadonato/tcc/tcc/data/known_faces/willa/20260602_212521.jpg,/home/anitadonato/tcc/tcc/data/known_faces/willa/willa_extra_03.jpg,0.4124850033566618,1
/home/anitadonato/tcc/tcc/data/known_faces/willa/20260602_212521.jpg,/home/anitadonato/tcc/tcc/data/known_faces/willa/willa_extra_04.jpg,0.39705814664193484,1
/home/anitadonato/tcc/tcc/data/known_faces/willa/20260602_212521.jpg,/home/anitadonato/tcc/tcc/data/known_faces/willa/willa_extra_05.jpg,0.43736702932479093,1
/home/anitadonato/tcc/tcc/data/known_faces/willa/20260602_212521.jpg,/home/anitadonato/tcc/tcc/data/known_faces/willa/willa_extra_06.jpg,0.35696030427522013,1
/home/anitadonato/tcc/tcc/data/known_faces/willa/20260602_212521.jpg,/home/anitadonato/tcc/tcc/data/known_faces/willa/willa_extra_07.jpg,0.42416972500270766,1
/home/anitadonato/tcc/tcc/data/known_faces/willa/20260602_212521.jpg,/home/anitadonato/tcc/tcc/data/known_faces/willa/willa_extra_08.jpg,0.4359023492100249,1
/home/anitadonato/tcc/tcc/data/known_faces/willa/20260602_212521.jpg,/home/anitadonato/tcc/tcc/data/known_faces/willa/willa_extra_09.jpg,0.3718606719973698,1
/home/anitadonato/tcc/tcc/data/known_faces/willa/20260602_212521.jpg,/home/anitadonato/tcc/tcc/data/known_faces/willa/willa_moderada_45_30cm.jpg,0.23712375522664722,1
/home/anitadonato/tcc/tcc/data/known_faces/willa/20260602_212521.jpg,/home/anitadonato/tcc/tcc/data/known_faces/willa/willa_moderada_frontal_30cm.jpg,0.3162002291615932,1
/home/anitadonato/tcc/tcc/data/known_faces/willa/willa_baixa_45_30cm.jpg,/home/anitadonato/tcc/tcc/data/known_faces/willa/willa_baixa_frontal_30cm.jpg,0.28121788511950546,1
/home/anitadonato/tcc/tcc/data/known_faces/willa/willa_baixa_45_30cm.jpg,/home/anitadonato/tcc/tcc/data/known_faces/willa/willa_boa_45_30cm.jpg,0.33221440642596817,1
/home/anitadonato/tcc/tcc/data/known_faces/willa/willa_baixa_45_30cm.jpg,/home/anitadonato/tcc/tcc/data/known_faces/willa/willa_extra_02.jpg,0.3761510749546298,1
/home/anitadonato/tcc/tcc/data/known_faces/willa/willa_baixa_45_30cm.jpg,/home/anitadonato/tcc/tcc/data/known_faces/willa/willa_extra_03.jpg,0.40306206498896413,1
/home/anitadonato/tcc/tcc/data/known_faces/willa/willa_baixa_45_30cm.jpg,/home/anitadonato/tcc/tcc/data/known_faces/willa/willa_extra_04.jpg,0.43460849479914465,1
/home/anitadonato/tcc/tcc/data/known_faces/willa/willa_baixa_45_30cm.jpg,/home/anitadonato/tcc/tcc/data/known_faces/willa/willa_extra_05.jpg,0.4040782503467731,1
/home/anitadonato/tcc/tcc/data/known_faces/willa/willa_baixa_45_30cm.jpg,/home/anitadonato/tcc/tcc/data/known_faces/willa/willa_extra_06.jpg,0.466111833764399,1
/home/anitadonato/tcc/tcc/data/known_faces/willa/willa_baixa_45_30cm.jpg,/home/anitadonato/tcc/tcc/data/known_faces/willa/willa_extra_07.jpg,0.4633743922471583,1
/home/anitadonato/tcc/tcc/data/known_faces/willa/willa_baixa_45_30cm.jpg,/home/anitadonato/tcc/tcc/data/known_faces/willa/willa_extra_08.jpg,0.4579863421509085,1
/home/anitadonato/tcc/tcc/data/known_faces/willa/willa_baixa_45_30cm.jpg,/home/anitadonato/tcc/tcc/data/known_faces/willa/willa_extra_09.jpg,0.3511573504554808,1
/home/anitadonato/tcc/tcc/data/known_faces/willa/willa_baixa_45_30cm.jpg,/home/anitadonato/tcc/tcc/data/known_faces/willa/willa_moderada_45_30cm.jpg,0.39156956304415397,1
/home/anitadonato/tcc/tcc/data/known_faces/willa/willa_baixa_45_30cm.jpg,/home/anitadonato/tcc/tcc/data/known_faces/willa/willa_moderada_frontal_30cm.jpg,0.3224226556452381,1
/home/anitadonato/tcc/tcc/data/known_faces/willa/willa_baixa_frontal_30cm.jpg,/home/anitadonato/tcc/tcc/data/known_faces/willa/willa_boa_45_30cm.jpg,0.3522692331705456,1
/home/anitadonato/tcc/tcc/data/known_faces/willa/willa_baixa_frontal_30cm.jpg,/home/anitadonato/tcc/tcc/data/known_faces/willa/willa_extra_02.jpg,0.3466536989974762,1
/home/anitadonato/tcc/tcc/data/known_faces/willa/willa_baixa_frontal_30cm.jpg,/home/anitadonato/tcc/tcc/data/known_faces/willa/willa_extra_03.jpg,0.39371169929815525,1
/home/anitadonato/tcc/tcc/data/known_faces/willa/willa_baixa_frontal_30cm.jpg,/home/anitadonato/tcc/tcc/data/known_faces/willa/willa_extra_04.jpg,0.4085777248904631,1
/home/anitadonato/tcc/tcc/data/known_faces/willa/willa_baixa_frontal_30cm.jpg,/home/anitadonato/tcc/tcc/data/known_faces/willa/willa_extra_05.jpg,0.3850180834690607,1
/home/anitadonato/tcc/tcc/data/known_faces/willa/willa_baixa_frontal_30cm.jpg,/home/anitadonato/tcc/tcc/data/known_faces/willa/willa_extra_06.jpg,0.4233556557233915,1
/home/anitadonato/tcc/tcc/data/known_faces/willa/willa_baixa_frontal_30cm.jpg,/home/anitadonato/tcc/tcc/data/known_faces/willa/willa_extra_07.jpg,0.38801164172270114,1
/home/anitadonato/tcc/tcc/data/known_faces/willa/willa_baixa_frontal_30cm.jpg,/home/anitadonato/tcc/tcc/data/known_faces/willa/willa_extra_08.jpg,0.39616765071594906,1
/home/anitadonato/tcc/tcc/data/known_faces/willa/willa_baixa_frontal_30cm.jpg,/home/anitadonato/tcc/tcc/data/known_faces/willa/willa_extra_09.jpg,0.32012158286845316,1
/home/anitadonato/tcc/tcc/data/known_faces/willa/willa_baixa_frontal_30cm.jpg,/home/anitadonato/tcc/tcc/data/known_faces/willa/willa_moderada_45_30cm.jpg,0.3483385521043141,1
/home/anitadonato/tcc/tcc/data/known_faces/willa/willa_baixa_frontal_30cm.jpg,/home/anitadonato/tcc/tcc/data/known_faces/willa/willa_moderada_frontal_30cm.jpg,0.2454887685174913,1
/home/anitadonato/tcc/tcc/data/known_faces/willa/willa_boa_45_30cm.jpg,/home/anitadonato/tcc/tcc/data/known_faces/willa/willa_extra_02.jpg,0.36213979907812505,1
/home/anitadonato/tcc/tcc/data/known_faces/willa/willa_boa_45_30cm.jpg,/home/anitadonato/tcc/tcc/data/known_faces/willa/willa_extra_03.jpg,0.35587946377730195,1
/home/anitadonato/tcc/tcc/data/known_faces/willa/willa_boa_45_30cm.jpg,/home/anitadonato/tcc/tcc/data/known_faces/willa/willa_extra_04.jpg,0.3791525417471181,1
/home/anitadonato/tcc/tcc/data/known_faces/willa/willa_boa_45_30cm.jpg,/home/anitadonato/tcc/tcc/data/known_faces/willa/willa_extra_05.jpg,0.3908017318719077,1
/home/anitadonato/tcc/tcc/data/known_faces/willa/willa_boa_45_30cm.jpg,/home/anitadonato/tcc/tcc/data/known_faces/willa/willa_extra_06.jpg,0.42796521674556853,1
/home/anitadonato/tcc/tcc/data/known_faces/willa/willa_boa_45_30cm.jpg,/home/anitadonato/tcc/tcc/data/known_faces/willa/willa_extra_07.jpg,0.3936546746369758,1
/home/anitadonato/tcc/tcc/data/known_faces/willa/willa_boa_45_30cm.jpg,/home/anitadonato/tcc/tcc/data/known_faces/willa/willa_extra_08.jpg,0.40149016170285123,1
/home/anitadonato/tcc/tcc/data/known_faces/willa/willa_boa_45_30cm.jpg,/home/anitadonato/tcc/tcc/data/known_faces/willa/willa_extra_09.jpg,0.2974519667048269,1
/home/anitadonato/tcc/tcc/data/known_faces/willa/willa_boa_45_30cm.jpg,/home/anitadonato/tcc/tcc/data/known_faces/willa/willa_moderada_45_30cm.jpg,0.4176295674501228,1
/home/anitadonato/tcc/tcc/data/known_faces/willa/willa_boa_45_30cm.jpg,/home/anitadonato/tcc/tcc/data/known_faces/willa/willa_moderada_frontal_30cm.jpg,0.38157305378036593,1
/home/anitadonato/tcc/tcc/data/known_faces/willa/willa_extra_02.jpg,/home/anitadonato/tcc/tcc/data/known_faces/willa/willa_extra_03.jpg,0.3436410701416479,1
/home/anitadonato/tcc/tcc/data/known_faces/willa/willa_extra_02.jpg,/home/anitadonato/tcc/tcc/data/known_faces/willa/willa_extra_04.jpg,0.35189098799694785,1
/home/anitadonato/tcc/tcc/data/known_faces/willa/willa_extra_02.jpg,/home/anitadonato/tcc/tcc/data/known_faces/willa/willa_extra_05.jpg,0.3907926329297986,1
/home/anitadonato/tcc/tcc/data/known_faces/willa/willa_extra_02.jpg,/home/anitadonato/tcc/tcc/data/known_faces/willa/willa_extra_06.jpg,0.390754353747775,1
/home/anitadonato/tcc/tcc/data/known_faces/willa/willa_extra_02.jpg,/home/anitadonato/tcc/tcc/data/known_faces/willa/willa_extra_07.jpg,0.32888430695237014,1
/home/anitadonato/tcc/tcc/data/known_faces/willa/willa_extra_02.jpg,/home/anitadonato/tcc/tcc/data/known_faces/willa/willa_extra_08.jpg,0.3604734725418631,1
/home/anitadonato/tcc/tcc/data/known_faces/willa/willa_extra_02.jpg,/home/anitadonato/tcc/tcc/data/known_faces/willa/willa_extra_09.jpg,0.2468239290274588,1
/home/anitadonato/tcc/tcc/data/known_faces/willa/willa_extra_02.jpg,/home/anitadonato/tcc/tcc/data/known_faces/willa/willa_moderada_45_30cm.jpg,0.41865979626221744,1
/home/anitadonato/tcc/tcc/data/known_faces/willa/willa_extra_02.jpg,/home/anitadonato/tcc/tcc/data/known_faces/willa/willa_moderada_frontal_30cm.jpg,0.36275750111678917,1
/home/anitadonato/tcc/tcc/data/known_faces/willa/willa_extra_03.jpg,/home/anitadonato/tcc/tcc/data/known_faces/willa/willa_extra_04.jpg,0.3660100881656225,1
/home/anitadonato/tcc/tcc/data/known_faces/willa/willa_extra_03.jpg,/home/anitadonato/tcc/tcc/data/known_faces/willa/willa_extra_05.jpg,0.4254546056770729,1
/home/anitadonato/tcc/tcc/data/known_faces/willa/willa_extra_03.jpg,/home/anitadonato/tcc/tcc/data/known_faces/willa/willa_extra_06.jpg,0.4668719357307773,1
/home/anitadonato/tcc/tcc/data/known_faces/willa/willa_extra_03.jpg,/home/anitadonato/tcc/tcc/data/known_faces/willa/willa_extra_07.jpg,0.4039867390920904,1
/home/anitadonato/tcc/tcc/data/known_faces/willa/willa_extra_03.jpg,/home/anitadonato/tcc/tcc/data/known_faces/willa/willa_extra_08.jpg,0.3808622904357761,1
/home/anitadonato/tcc/tcc/data/known_faces/willa/willa_extra_03.jpg,/home/anitadonato/tcc/tcc/data/known_faces/willa/willa_extra_09.jpg,0.2730354532228511,1
/home/anitadonato/tcc/tcc/data/known_faces/willa/willa_extra_03.jpg,/home/anitadonato/tcc/tcc/data/known_faces/willa/willa_moderada_45_30cm.jpg,0.4420612461727772,1
/home/anitadonato/tcc/tcc/data/known_faces/willa/willa_extra_03.jpg,/home/anitadonato/tcc/tcc/data/known_faces/willa/willa_moderada_frontal_30cm.jpg,0.3846522143040017,1
/home/anitadonato/tcc/tcc/data/known_faces/willa/willa_extra_04.jpg,/home/anitadonato/tcc/tcc/data/known_faces/willa/willa_extra_05.jpg,0.3657551715913025,1
/home/anitadonato/tcc/tcc/data/known_faces/willa/willa_extra_04.jpg,/home/anitadonato/tcc/tcc/data/known_faces/willa/willa_extra_06.jpg,0.3094140104069463,1
/home/anitadonato/tcc/tcc/data/known_faces/willa/willa_extra_04.jpg,/home/anitadonato/tcc/tcc/data/known_faces/willa/willa_extra_07.jpg,0.26548001486324346,1
/home/anitadonato/tcc/tcc/data/known_faces/willa/willa_extra_04.jpg,/home/anitadonato/tcc/tcc/data/known_faces/willa/willa_extra_08.jpg,0.3042137307729647,1
/home/anitadonato/tcc/tcc/data/known_faces/willa/willa_extra_04.jpg,/home/anitadonato/tcc/tcc/data/known_faces/willa/willa_extra_09.jpg,0.3089265570115013,1
/home/anitadonato/tcc/tcc/data/known_faces/willa/willa_extra_04.jpg,/home/anitadonato/tcc/tcc/data/known_faces/willa/willa_moderada_45_30cm.jpg,0.37613548052963286,1
/home/anitadonato/tcc/tcc/data/known_faces/willa/willa_extra_04.jpg,/home/anitadonato/tcc/tcc/data/known_faces/willa/willa_moderada_frontal_30cm.jpg,0.40440699333032865,1
/home/anitadonato/tcc/tcc/data/known_faces/willa/willa_extra_05.jpg,/home/anitadonato/tcc/tcc/data/known_faces/willa/willa_extra_06.jpg,0.4096952067229767,1
/home/anitadonato/tcc/tcc/data/known_faces/willa/willa_extra_05.jpg,/home/anitadonato/tcc/tcc/data/known_faces/willa/willa_extra_07.jpg,0.39046977363921964,1
/home/anitadonato/tcc/tcc/data/known_faces/willa/willa_extra_05.jpg,/home/anitadonato/tcc/tcc/data/known_faces/willa/willa_extra_08.jpg,0.40066994362329655,1
/home/anitadonato/tcc/tcc/data/known_faces/willa/willa_extra_05.jpg,/home/anitadonato/tcc/tcc/data/known_faces/willa/willa_extra_09.jpg,0.32475888687634247,1
/home/anitadonato/tcc/tcc/data/known_faces/willa/willa_extra_05.jpg,/home/anitadonato/tcc/tcc/data/known_faces/willa/willa_moderada_45_30cm.jpg,0.41985194464450054,1
/home/anitadonato/tcc/tcc/data/known_faces/willa/willa_extra_05.jpg,/home/anitadonato/tcc/tcc/data/known_faces/willa/willa_moderada_frontal_30cm.jpg,0.3861389058104952,1
/home/anitadonato/tcc/tcc/data/known_faces/willa/willa_extra_06.jpg,/home/anitadonato/tcc/tcc/data/known_faces/willa/willa_extra_07.jpg,0.36622671215720964,1
/home/anitadonato/tcc/tcc/data/known_faces/willa/willa_extra_06.jpg,/home/anitadonato/tcc/tcc/data/known_faces/willa/willa_extra_08.jpg,0.3974273367508154,1
/home/anitadonato/tcc/tcc/data/known_faces/willa/willa_extra_06.jpg,/home/anitadonato/tcc/tcc/data/known_faces/willa/willa_extra_09.jpg,0.4067250733586338,1
/home/anitadonato/tcc/tcc/data/known_faces/willa/willa_extra_06.jpg,/home/anitadonato/tcc/tcc/data/known_faces/willa/willa_moderada_45_30cm.jpg,0.37727969314281706,1
/home/anitadonato/tcc/tcc/data/known_faces/willa/willa_extra_06.jpg,/home/anitadonato/tcc/tcc/data/known_faces/willa/willa_moderada_frontal_30cm.jpg,0.4468119898979794,1
/home/anitadonato/tcc/tcc/data/known_faces/willa/willa_extra_07.jpg,/home/anitadonato/tcc/tcc/data/known_faces/willa/willa_extra_08.jpg,0.177324074773634,1
/home/anitadonato/tcc/tcc/data/known_faces/willa/willa_extra_07.jpg,/home/anitadonato/tcc/tcc/data/known_faces/willa/willa_extra_09.jpg,0.3568283690963741,1
/home/anitadonato/tcc/tcc/data/known_faces/willa/willa_extra_07.jpg,/home/anitadonato/tcc/tcc/data/known_faces/willa/willa_moderada_45_30cm.jpg,0.40624416722149587,1
/home/anitadonato/tcc/tcc/data/known_faces/willa/willa_extra_07.jpg,/home/anitadonato/tcc/tcc/data/known_faces/willa/willa_moderada_frontal_30cm.jpg,0.399461015942266,1
/home/anitadonato/tcc/tcc/data/known_faces/willa/willa_extra_08.jpg,/home/anitadonato/tcc/tcc/data/known_faces/willa/willa_extra_09.jpg,0.3779659507005163,1
/home/anitadonato/tcc/tcc/data/known_faces/willa/willa_extra_08.jpg,/home/anitadonato/tcc/tcc/data/known_faces/willa/willa_moderada_45_30cm.jpg,0.43811204284010413,1
/home/anitadonato/tcc/tcc/data/known_faces/willa/willa_extra_08.jpg,/home/anitadonato/tcc/tcc/data/known_faces/willa/willa_moderada_frontal_30cm.jpg,0.39768701876560936,1
/home/anitadonato/tcc/tcc/data/known_faces/willa/willa_extra_09.jpg,/home/anitadonato/tcc/tcc/data/known_faces/willa/willa_moderada_45_30cm.jpg,0.373612329401069,1
/home/anitadonato/tcc/tcc/data/known_faces/willa/willa_extra_09.jpg,/home/anitadonato/tcc/tcc/data/known_faces/willa/willa_moderada_frontal_30cm.jpg,0.32139645200856043,1
/home/anitadonato/tcc/tcc/data/known_faces/willa/willa_moderada_45_30cm.jpg,/home/anitadonato/tcc/tcc/data/known_faces/willa/willa_moderada_frontal_30cm.jpg,0.28930506375118,1
/home/anitadonato/tcc/tcc/data/known_faces/Abraão/abraao_extra_02.jpg,/home/anitadonato/tcc/tcc/data/known_faces/ALESSANDRA/alessandra_boa_frontal_30cm..jpeg,0.6615355488408323,0
/home/anitadonato/tcc/tcc/data/known_faces/BIA/bia_baixa_frontal_30cm.jpeg,/home/anitadonato/tcc/tcc/data/known_faces/Angela/angela_extra_12.jpg,0.7148671224965009,0
/home/anitadonato/tcc/tcc/data/known_faces/Abraão/abraao_baixa_45_esq.jpg,/home/anitadonato/tcc/tcc/data/known_faces/bianca/WhatsApp Image 2026-06-04 at 22.53.13 (1).jpeg,0.7106410239371392,0
/home/anitadonato/tcc/tcc/data/known_faces/Abraão/abraao_extra_01.jpg,/home/anitadonato/tcc/tcc/data/known_faces/BIA/bia_moderada_45_1m.jpeg,0.7197988082987714,0
/home/anitadonato/tcc/tcc/data/known_faces/willa/willa_moderada_45_30cm.jpg,/home/anitadonato/tcc/tcc/data/known_faces/ALESSANDRA/alessandra_boa_frontal_1m..jpeg,0.7596235368657289,0
/home/anitadonato/tcc/tcc/data/known_faces/luan/20260602_211836.jpg,/home/anitadonato/tcc/tcc/data/known_faces/bianca/WhatsApp Image 2026-06-04 at 22.53.16.jpeg,0.6923253186209358,0
/home/anitadonato/tcc/tcc/data/known_faces/willa/20260602_212418.jpg,/home/anitadonato/tcc/tcc/data/known_faces/Francisca/francisca_boa_frontal.jpg,0.7911105585911242,0
/home/anitadonato/tcc/tcc/data/known_faces/bianca/WhatsApp Image 2026-06-04 at 22.53.15 (1).jpeg,/home/anitadonato/tcc/tcc/data/known_faces/JUNIOR/junior_boa_45_1m.jpeg,0.8144944731532254,0
/home/anitadonato/tcc/tcc/data/known_faces/BIA/bia_baixa_frontal_30cm.jpeg,/home/anitadonato/tcc/tcc/data/known_faces/JUNIOR/junior_baixa_frontal_1m.jpeg,0.7245697748634126,0
/home/anitadonato/tcc/tcc/data/known_faces/willa/20260602_212431.jpg,/home/anitadonato/tcc/tcc/data/known_faces/Francisca/francisca_extra_09.jpg,0.6248568519787473,0
/home/anitadonato/tcc/tcc/data/known_faces/luan/20260602_211920.jpg,/home/anitadonato/tcc/tcc/data/known_faces/Abraão/abraao_baixa_frontal.jpg,0.743119603673573,0
/home/anitadonato/tcc/tcc/data/known_faces/BIA/bia_baixa_frontal_1m.jpeg,/home/anitadonato/tcc/tcc/data/known_faces/Francisca/francisca_extra_02.jpg,0.767483157245532,0
/home/anitadonato/tcc/tcc/data/known_faces/Abraão/abraao_extra_02.jpg,/home/anitadonato/tcc/tcc/data/known_faces/bianca/WhatsApp Image 2026-06-04 at 22.53.16.jpeg,0.795974252342701,0
/home/anitadonato/tcc/tcc/data/known_faces/JUNIOR/junior_extra_04.jpeg,/home/anitadonato/tcc/tcc/data/known_faces/Angela/angela_extra_06.jpg,0.8103038386374952,0
/home/anitadonato/tcc/tcc/data/known_faces/BIA/bia_baixa_frontal_1m.jpeg,/home/anitadonato/tcc/tcc/data/known_faces/Francisca/francisca_extra_15.jpg,0.7921013089570613,0
/home/anitadonato/tcc/tcc/data/known_faces/Angela/angela_extra_02.jpg,/home/anitadonato/tcc/tcc/data/known_faces/luan/20260602_211823.jpg,0.7684766671419349,0
/home/anitadonato/tcc/tcc/data/known_faces/julia/20260602_212654.jpg,/home/anitadonato/tcc/tcc/data/known_faces/bianca/WhatsApp Image 2026-06-04 at 22.53.18 (4).jpeg,0.763288992064411,0
/home/anitadonato/tcc/tcc/data/known_faces/luan/20260602_212035.jpg,/home/anitadonato/tcc/tcc/data/known_faces/BIA/bia_extra_03.jpeg,0.6895604824076156,0
/home/anitadonato/tcc/tcc/data/known_faces/bianca/WhatsApp Image 2026-06-04 at 22.53.13.jpeg,/home/anitadonato/tcc/tcc/data/known_faces/Francisca/francisca_extra_01.jpg,0.8486287594879777,0
/home/anitadonato/tcc/tcc/data/known_faces/willa/willa_baixa_45_30cm.jpg,/home/anitadonato/tcc/tcc/data/known_faces/JUNIOR/junior_extra_08.jpeg,0.8633846472626678,0
/home/anitadonato/tcc/tcc/data/known_faces/bianca/WhatsApp Image 2026-06-04 at 22.53.14 (2).jpeg,/home/anitadonato/tcc/tcc/data/known_faces/julia/20260602_212654.jpg,0.7290863876584652,0
/home/anitadonato/tcc/tcc/data/known_faces/Angela/angela_extra_12.jpg,/home/anitadonato/tcc/tcc/data/known_faces/BIA/bia_moderada_45_30cm.jpeg,0.7251840308480054,0
/home/anitadonato/tcc/tcc/data/known_faces/Francisca/francisca_extra_14.jpg,/home/anitadonato/tcc/tcc/data/known_faces/bianca/WhatsApp Image 2026-06-04 at 22.53.16 (2).jpeg,0.8712157267611819,0
/home/anitadonato/tcc/tcc/data/known_faces/JUNIOR/junior_boa_45_1m.jpeg,/home/anitadonato/tcc/tcc/data/known_faces/BIA/bia_moderada_45_1m.jpeg,0.71296482808668,0
/home/anitadonato/tcc/tcc/data/known_faces/julia/20260602_212621.jpg,/home/anitadonato/tcc/tcc/data/known_faces/Abraão/abraao_baixo_45_esq.jpg,0.5804338827950162,0
/home/anitadonato/tcc/tcc/data/known_faces/Angela/angela_extra_08.jpg,/home/anitadonato/tcc/tcc/data/known_faces/willa/20260602_212507.jpg,0.643382194926349,0
/home/anitadonato/tcc/tcc/data/known_faces/bianca/WhatsApp Image 2026-06-04 at 22.53.18 (3).jpeg,/home/anitadonato/tcc/tcc/data/known_faces/willa/willa_extra_07.jpg,0.7241013351746453,0
/home/anitadonato/tcc/tcc/data/known_faces/luan/20260602_212022.jpg,/home/anitadonato/tcc/tcc/data/known_faces/Francisca/Francisca_boa_45_dir.jpg,0.8401829839896313,0
/home/anitadonato/tcc/tcc/data/known_faces/JUNIOR/junior_extra_02.jpeg,/home/anitadonato/tcc/tcc/data/known_faces/Abraão/abraao_extra_07.jpg,0.823742613558547,0
/home/anitadonato/tcc/tcc/data/known_faces/Angela/20260602_192040.jpg,/home/anitadonato/tcc/tcc/data/known_faces/julia/20260602_212654.jpg,0.7306584099949344,0
/home/anitadonato/tcc/tcc/data/known_faces/Angela/angela_boa_frontal.jpg,/home/anitadonato/tcc/tcc/data/known_faces/JUNIOR/junior_moderada_45_30cm.jpeg,0.8735458210887115,0
/home/anitadonato/tcc/tcc/data/known_faces/julia/20260602_212628.jpg,/home/anitadonato/tcc/tcc/data/known_faces/ALESSANDRA/alessandra_extra_04.jpeg,0.7238503689513978,0
/home/anitadonato/tcc/tcc/data/known_faces/Francisca/francisca_baixa_45_dir.jpg,/home/anitadonato/tcc/tcc/data/known_faces/BIA/bia_boa_frontal_30cm..jpeg,0.8053144187438398,0
/home/anitadonato/tcc/tcc/data/known_faces/willa/20260602_212507.jpg,/home/anitadonato/tcc/tcc/data/known_faces/Abraão/abraao_extra_09.jpg,0.6976255591598477,0
/home/anitadonato/tcc/tcc/data/known_faces/julia/20260602_212631.jpg,/home/anitadonato/tcc/tcc/data/known_faces/luan/20260602_211837.jpg,0.7675028988604048,0
/home/anitadonato/tcc/tcc/data/known_faces/BIA/bia_extra_05.jpeg,/home/anitadonato/tcc/tcc/data/known_faces/Francisca/francisca_extra_06.jpg,0.7652586196861955,0
/home/anitadonato/tcc/tcc/data/known_faces/BIA/bia_baixa_frontal_1m.jpeg,/home/anitadonato/tcc/tcc/data/known_faces/willa/willa_extra_03.jpg,0.7871361374413176,0
/home/anitadonato/tcc/tcc/data/known_faces/ALESSANDRA/alessandra_boa_frontal_30cm..jpeg,/home/anitadonato/tcc/tcc/data/known_faces/luan/20260602_212025.jpg,0.7044675006226772,0
/home/anitadonato/tcc/tcc/data/known_faces/Abraão/abraao_extra_01.jpg,/home/anitadonato/tcc/tcc/data/known_faces/luan/20260602_211837.jpg,0.7086308704348054,0
/home/anitadonato/tcc/tcc/data/known_faces/julia/julia_boa_45_esq.jpg,/home/anitadonato/tcc/tcc/data/known_faces/BIA/bia_boa_45_1m..jpeg,0.6971542085776149,0
/home/anitadonato/tcc/tcc/data/known_faces/willa/willa_baixa_frontal_30cm.jpg,/home/anitadonato/tcc/tcc/data/known_faces/julia/20260602_212740.jpg,0.7031939814705558,0
/home/anitadonato/tcc/tcc/data/known_faces/bianca/WhatsApp Image 2026-06-04 at 22.53.14 (1).jpeg,/home/anitadonato/tcc/tcc/data/known_faces/BIA/bia_baixa_frontal_30cm.jpeg,0.6379098326206076,0
/home/anitadonato/tcc/tcc/data/known_faces/bianca/WhatsApp Image 2026-06-04 at 22.53.16 (3).jpeg,/home/anitadonato/tcc/tcc/data/known_faces/JUNIOR/junior_extra_06.jpeg,0.8209541759351818,0
/home/anitadonato/tcc/tcc/data/known_faces/bianca/WhatsApp Image 2026-06-04 at 22.53.19 (4).jpeg,/home/anitadonato/tcc/tcc/data/known_faces/JUNIOR/junior_baixa_frontal_30cm.jpeg,0.8551353136574082,0
/home/anitadonato/tcc/tcc/data/known_faces/BIA/bia_boa_frontal_1m..jpeg,/home/anitadonato/tcc/tcc/data/known_faces/willa/willa_moderada_45_30cm.jpg,0.7256031110978266,0
/home/anitadonato/tcc/tcc/data/known_faces/julia/20260602_212726.jpg,/home/anitadonato/tcc/tcc/data/known_faces/Angela/angela_boa_frontal.jpg,0.7043543439221096,0
/home/anitadonato/tcc/tcc/data/known_faces/Francisca/francisca_extra_02.jpg,/home/anitadonato/tcc/tcc/data/known_faces/julia/20260602_212625.jpg,0.7858704838574265,0
/home/anitadonato/tcc/tcc/data/known_faces/julia/20260602_212628.jpg,/home/anitadonato/tcc/tcc/data/known_faces/luan/20260602_211809.jpg,0.6328639689280087,0
/home/anitadonato/tcc/tcc/data/known_faces/luan/20260602_211812.jpg,/home/anitadonato/tcc/tcc/data/known_faces/ALESSANDRA/alessandra_boa_frontal_30cm..jpeg,0.7269398370468314,0
/home/anitadonato/tcc/tcc/data/known_faces/Angela/angela_extra_10.jpg,/home/anitadonato/tcc/tcc/data/known_faces/bianca/WhatsApp Image 2026-06-04 at 22.53.17 (1).jpeg,0.7453336051120057,0
/home/anitadonato/tcc/tcc/data/known_faces/bianca/WhatsApp Image 2026-06-04 at 22.53.16 (2).jpeg,/home/anitadonato/tcc/tcc/data/known_faces/ALESSANDRA/alessandra_extra_01.jpeg,0.7484428762985378,0
/home/anitadonato/tcc/tcc/data/known_faces/julia/20260602_212726.jpg,/home/anitadonato/tcc/tcc/data/known_faces/Francisca/francisca_extra_13.jpg,0.6848893136463899,0
/home/anitadonato/tcc/tcc/data/known_faces/julia/20260602_212633.jpg,/home/anitadonato/tcc/tcc/data/known_faces/Angela/angela_extra_04.jpg,0.6549141446853106,0
/home/anitadonato/tcc/tcc/data/known_faces/BIA/bia_moderada_frontal_1m.jpeg,/home/anitadonato/tcc/tcc/data/known_faces/ALESSANDRA/alessandra_moderada_45_30cm.jpeg,0.7522002421411281,0
/home/anitadonato/tcc/tcc/data/known_faces/willa/willa_extra_09.jpg,/home/anitadonato/tcc/tcc/data/known_faces/julia/julia_boa_45_esq(1).jpg,0.7501838822977567,0
/home/anitadonato/tcc/tcc/data/known_faces/Angela/angela_extra_11.jpg,/home/anitadonato/tcc/tcc/data/known_faces/ALESSANDRA/alessandra_baixa_frontal_1m.jpeg,0.6849283467150892,0
/home/anitadonato/tcc/tcc/data/known_faces/Angela/angela_baixa_frontal.jpg,/home/anitadonato/tcc/tcc/data/known_faces/Abraão/abraao_extra_01.jpg,0.6556477855615543,0
/home/anitadonato/tcc/tcc/data/known_faces/bianca/WhatsApp Image 2026-06-04 at 22.53.19.jpeg,/home/anitadonato/tcc/tcc/data/known_faces/Abraão/abraao_extra_01.jpg,0.6761010118507034,0
/home/anitadonato/tcc/tcc/data/known_faces/willa/20260602_212507.jpg,/home/anitadonato/tcc/tcc/data/known_faces/ALESSANDRA/alessandra_extra_06.jpeg,0.771319557760453,0
/home/anitadonato/tcc/tcc/data/known_faces/willa/willa_extra_03.jpg,/home/anitadonato/tcc/tcc/data/known_faces/luan/20260602_211837.jpg,0.8569309340833351,0
/home/anitadonato/tcc/tcc/data/known_faces/BIA/bia_boa_frontal_30cm..jpeg,/home/anitadonato/tcc/tcc/data/known_faces/JUNIOR/junior_extra_01.jpeg,0.7339294399276525,0
/home/anitadonato/tcc/tcc/data/known_faces/bianca/WhatsApp Image 2026-06-04 at 22.53.18.jpeg,/home/anitadonato/tcc/tcc/data/known_faces/Angela/angela_extra_04.jpg,0.8243302930064355,0
/home/anitadonato/tcc/tcc/data/known_faces/julia/20260602_212625.jpg,/home/anitadonato/tcc/tcc/data/known_faces/JUNIOR/junior_baixa_45_1m.jpeg,0.9629197880386544,0
/home/anitadonato/tcc/tcc/data/known_faces/julia/20260602_212625.jpg,/home/anitadonato/tcc/tcc/data/known_faces/Abraão/abraao_boa_frontal.jpg,0.576289418198392,0
/home/anitadonato/tcc/tcc/data/known_faces/Abraão/abraao_extra_05.jpg,/home/anitadonato/tcc/tcc/data/known_faces/BIA/bia_extra_02.jpeg,0.7460349400905028,0
/home/anitadonato/tcc/tcc/data/known_faces/Angela/angela_extra_12.jpg,/home/anitadonato/tcc/tcc/data/known_faces/julia/20260602_212704.jpg,0.6928851982169312,0
/home/anitadonato/tcc/tcc/data/known_faces/willa/20260602_212418.jpg,/home/anitadonato/tcc/tcc/data/known_faces/luan/20260602_212035.jpg,0.6957200327083888,0
/home/anitadonato/tcc/tcc/data/known_faces/luan/20260602_212035.jpg,/home/anitadonato/tcc/tcc/data/known_faces/Francisca/francisca_baixa_frontal.jpg,0.846169573780625,0
/home/anitadonato/tcc/tcc/data/known_faces/Angela/angela_boa_45_dir.jpg,/home/anitadonato/tcc/tcc/data/known_faces/Francisca/francisca_baixa_frontal.jpg,0.7838544674252826,0
/home/anitadonato/tcc/tcc/data/known_faces/luan/20260602_211837.jpg,/home/anitadonato/tcc/tcc/data/known_faces/Angela/angela_extra_04.jpg,0.794891016683494,0
/home/anitadonato/tcc/tcc/data/known_faces/willa/willa_extra_03.jpg,/home/anitadonato/tcc/tcc/data/known_faces/BIA/bia_boa_frontal_1m..jpeg,0.7730862116707455,0
/home/anitadonato/tcc/tcc/data/known_faces/Francisca/francisca_extra_10.jpg,/home/anitadonato/tcc/tcc/data/known_faces/luan/20260602_211837.jpg,0.8055613770766729,0
/home/anitadonato/tcc/tcc/data/known_faces/ALESSANDRA/alessandra_extra_06.jpeg,/home/anitadonato/tcc/tcc/data/known_faces/Abraão/abraao_extra_02.jpg,0.6582462224292499,0
/home/anitadonato/tcc/tcc/data/known_faces/ALESSANDRA/alessandra_extra_03.jpeg,/home/anitadonato/tcc/tcc/data/known_faces/willa/20260602_212513.jpg,0.7337673415863374,0
/home/anitadonato/tcc/tcc/data/known_faces/Francisca/francisca_extra_09.jpg,/home/anitadonato/tcc/tcc/data/known_faces/Angela/angela_extra_12.jpg,0.7000221005032918,0
/home/anitadonato/tcc/tcc/data/known_faces/Abraão/abraao_baixa_45_esq.jpg,/home/anitadonato/tcc/tcc/data/known_faces/Angela/angela_extra_06.jpg,0.7107030588879191,0
/home/anitadonato/tcc/tcc/data/known_faces/willa/20260602_212513.jpg,/home/anitadonato/tcc/tcc/data/known_faces/luan/20260602_211923.jpg,0.6439463816720691,0
/home/anitadonato/tcc/tcc/data/known_faces/Angela/angela_extra_04.jpg,/home/anitadonato/tcc/tcc/data/known_faces/ALESSANDRA/alessandra_extra_04.jpeg,0.6693378793311696,0
/home/anitadonato/tcc/tcc/data/known_faces/ALESSANDRA/alessandra_boa_frontal_1m..jpeg,/home/anitadonato/tcc/tcc/data/known_faces/JUNIOR/junior_boa_frontal_30cm.jpeg,0.8097429701893593,0
/home/anitadonato/tcc/tcc/data/known_faces/Abraão/abraao_extra_07.jpg,/home/anitadonato/tcc/tcc/data/known_faces/JUNIOR/junior_moderada_frontal_30cm.jpeg,0.8274440713128212,0
/home/anitadonato/tcc/tcc/data/known_faces/Angela/angela_boa_frontal.jpg,/home/anitadonato/tcc/tcc/data/known_faces/BIA/bia_boa_45_30cm.jpeg,0.748071675263251,0
/home/anitadonato/tcc/tcc/data/known_faces/bianca/WhatsApp Image 2026-06-04 at 22.53.14 (3).jpeg,/home/anitadonato/tcc/tcc/data/known_faces/ALESSANDRA/alessandra_extra_03.jpeg,0.7094683803133113,0
/home/anitadonato/tcc/tcc/data/known_faces/bianca/WhatsApp Image 2026-06-04 at 22.53.15 (1).jpeg,/home/anitadonato/tcc/tcc/data/known_faces/BIA/bia_boa_45_30cm.jpeg,0.6310028295422991,0
/home/anitadonato/tcc/tcc/data/known_faces/Abraão/abraao_baixa_45_esq.jpg,/home/anitadonato/tcc/tcc/data/known_faces/bianca/WhatsApp Image 2026-06-04 at 22.53.19 (6).jpeg,0.6016754052882781,0
/home/anitadonato/tcc/tcc/data/known_faces/julia/20260602_212633.jpg,/home/anitadonato/tcc/tcc/data/known_faces/BIA/bia_extra_07.jpeg,0.761715486472953,0
/home/anitadonato/tcc/tcc/data/known_faces/JUNIOR/junior_boa_frontal_30cm.jpeg,/home/anitadonato/tcc/tcc/data/known_faces/Francisca/francisca_extra_02.jpg,0.8724655066976493,0
/home/anitadonato/tcc/tcc/data/known_faces/ALESSANDRA/alessandra_extra_05.jpeg,/home/anitadonato/tcc/tcc/data/known_faces/BIA/bia_extra_03.jpeg,0.7583334824675143,0
/home/anitadonato/tcc/tcc/data/known_faces/Francisca/francisca_extra_03.jpg,/home/anitadonato/tcc/tcc/data/known_faces/Abraão/abraao_extra_05.jpg,0.7932018918660217,0
/home/anitadonato/tcc/tcc/data/known_faces/luan/20260602_212035.jpg,/home/anitadonato/tcc/tcc/data/known_faces/bianca/WhatsApp Image 2026-06-04 at 22.53.19 (5).jpeg,0.7371463151253024,0
/home/anitadonato/tcc/tcc/data/known_faces/Francisca/francisca_extra_14.jpg,/home/anitadonato/tcc/tcc/data/known_faces/Angela/angela_extra_03.jpg,0.7414412587968572,0
/home/anitadonato/tcc/tcc/data/known_faces/ALESSANDRA/alessandra_moderada_frontal_30cm.jpeg,/home/anitadonato/tcc/tcc/data/known_faces/Abraão/abraao_extra_07.jpg,0.7448466632237633,0
/home/anitadonato/tcc/tcc/data/known_faces/JUNIOR/junior_extra_06.jpeg,/home/anitadonato/tcc/tcc/data/known_faces/willa/willa_extra_09.jpg,0.7373809833555458,0
/home/anitadonato/tcc/tcc/data/known_faces/Abraão/abraao_boa_frontal.jpg,/home/anitadonato/tcc/tcc/data/known_faces/bianca/WhatsApp Image 2026-06-04 at 22.53.15 (1).jpeg,0.7265397116561619,0
/home/anitadonato/tcc/tcc/data/known_faces/Abraão/abraao_extra_04.jpg,/home/anitadonato/tcc/tcc/data/known_faces/JUNIOR/junior_baixa_frontal_30cm.jpeg,0.8537071453884688,0
/home/anitadonato/tcc/tcc/data/known_faces/Francisca/francisca_extra_04.jpg,/home/anitadonato/tcc/tcc/data/known_faces/luan/20260602_212035.jpg,0.8026203453097847,0
/home/anitadonato/tcc/tcc/data/known_faces/bianca/WhatsApp Image 2026-06-04 at 22.53.16 (2).jpeg,/home/anitadonato/tcc/tcc/data/known_faces/JUNIOR/junior_extra_02.jpeg,0.8744377645691589,0
/home/anitadonato/tcc/tcc/data/known_faces/bianca/WhatsApp Image 2026-06-04 at 22.53.18 (3).jpeg,/home/anitadonato/tcc/tcc/data/known_faces/Angela/angela_extra_13.jpg,0.8283345634756072,0
/home/anitadonato/tcc/tcc/data/known_faces/Francisca/francisca_extra_13.jpg,/home/anitadonato/tcc/tcc/data/known_faces/bianca/WhatsApp Image 2026-06-04 at 22.53.19 (5).jpeg,0.8339350277567824,0
/home/anitadonato/tcc/tcc/data/known_faces/ALESSANDRA/alessandra_extra_02.jpeg,/home/anitadonato/tcc/tcc/data/known_faces/Francisca/francisca_extra_01.jpg,0.7083447234233172,0
/home/anitadonato/tcc/tcc/data/known_faces/bianca/WhatsApp Image 2026-06-04 at 22.53.16.jpeg,/home/anitadonato/tcc/tcc/data/known_faces/JUNIOR/junior_extra_07.jpeg,0.7975002576878142,0
/home/anitadonato/tcc/tcc/data/known_faces/julia/julia_boa_45_esq(1).jpg,/home/anitadonato/tcc/tcc/data/known_faces/BIA/bia_extra_08.jpeg,0.6793507055387962,0
/home/anitadonato/tcc/tcc/data/known_faces/Angela/angela_extra_04.jpg,/home/anitadonato/tcc/tcc/data/known_faces/Abraão/abraao_extra_10.jpg,0.6920146426927577,0
/home/anitadonato/tcc/tcc/data/known_faces/willa/20260602_212507.jpg,/home/anitadonato/tcc/tcc/data/known_faces/JUNIOR/junior_boa_frontal_30cm.jpeg,0.7995222796261137,0
/home/anitadonato/tcc/tcc/data/known_faces/Francisca/francisca_extra_01.jpg,/home/anitadonato/tcc/tcc/data/known_faces/BIA/bia_boa_45_1m..jpeg,0.8190630869339957,0
/home/anitadonato/tcc/tcc/data/known_faces/ALESSANDRA/alessandra_boa_frontal_30cm..jpeg,/home/anitadonato/tcc/tcc/data/known_faces/willa/willa_extra_08.jpg,0.6735207328652345,0
/home/anitadonato/tcc/tcc/data/known_faces/willa/willa_extra_07.jpg,/home/anitadonato/tcc/tcc/data/known_faces/Abraão/abraao_extra_07.jpg,0.6056343441061582,0
/home/anitadonato/tcc/tcc/data/known_faces/willa/willa_extra_05.jpg,/home/anitadonato/tcc/tcc/data/known_faces/BIA/bia_extra_08.jpeg,0.6955508850721256,0
/home/anitadonato/tcc/tcc/data/known_faces/Abraão/abraao_extra_01.jpg,/home/anitadonato/tcc/tcc/data/known_faces/bianca/WhatsApp Image 2026-06-04 at 22.53.14 (3).jpeg,0.7000818458565436,0
/home/anitadonato/tcc/tcc/data/known_faces/luan/20260602_211809.jpg,/home/anitadonato/tcc/tcc/data/known_faces/julia/julia_boa_45_esq.jpg,0.5564958967053361,0
/home/anitadonato/tcc/tcc/data/known_faces/BIA/bia_extra_07.jpeg,/home/anitadonato/tcc/tcc/data/known_faces/Abraão/abraao_boa_45_.jpg,0.7525286746762098,0
/home/anitadonato/tcc/tcc/data/known_faces/JUNIOR/junior_moderada_frontal_30cm.jpeg,/home/anitadonato/tcc/tcc/data/known_faces/julia/julia_boa_45_esq(1).jpg,0.8592694767161874,0
/home/anitadonato/tcc/tcc/data/known_faces/bianca/WhatsApp Image 2026-06-04 at 22.53.16.jpeg,/home/anitadonato/tcc/tcc/data/known_faces/luan/20260602_211823.jpg,0.7738454107164181,0
/home/anitadonato/tcc/tcc/data/known_faces/julia/20260602_212654.jpg,/home/anitadonato/tcc/tcc/data/known_faces/willa/willa_baixa_frontal_30cm.jpg,0.7561240972187705,0
/home/anitadonato/tcc/tcc/data/known_faces/BIA/bia_extra_07.jpeg,/home/anitadonato/tcc/tcc/data/known_faces/Francisca/francisca_baixa_45_esq.jpg,0.7728538023784993,0
/home/anitadonato/tcc/tcc/data/known_faces/Francisca/francisca_extra_03.jpg,/home/anitadonato/tcc/tcc/data/known_faces/BIA/bia_extra_03.jpeg,0.8158961867600822,0
/home/anitadonato/tcc/tcc/data/known_faces/Angela/angela_extra_07.jpg,/home/anitadonato/tcc/tcc/data/known_faces/BIA/bia_boa_45_1m..jpeg,0.7670661146164294,0
/home/anitadonato/tcc/tcc/data/known_faces/BIA/bia_extra_06.jpeg,/home/anitadonato/tcc/tcc/data/known_faces/Abraão/abraao_extra_07.jpg,0.7627932897840526,0
/home/anitadonato/tcc/tcc/data/known_faces/JUNIOR/junior_extra_07.jpeg,/home/anitadonato/tcc/tcc/data/known_faces/luan/20260602_211923.jpg,0.7541594749730024,0
/home/anitadonato/tcc/tcc/data/known_faces/ALESSANDRA/alessandra_extra_06.jpeg,/home/anitadonato/tcc/tcc/data/known_faces/BIA/bia_extra_05.jpeg,0.6928079253949847,0
/home/anitadonato/tcc/tcc/data/known_faces/willa/willa_moderada_frontal_30cm.jpg,/home/anitadonato/tcc/tcc/data/known_faces/ALESSANDRA/alessandra_extra_05.jpeg,0.7329919604964893,0
/home/anitadonato/tcc/tcc/data/known_faces/julia/20260602_212712.jpg,/home/anitadonato/tcc/tcc/data/known_faces/ALESSANDRA/alessandra_extra_02.jpeg,0.6568055098041798,0
/home/anitadonato/tcc/tcc/data/known_faces/bianca/WhatsApp Image 2026-06-04 at 22.53.18 (1).jpeg,/home/anitadonato/tcc/tcc/data/known_faces/willa/willa_moderada_45_30cm.jpg,0.8899793693636502,0
/home/anitadonato/tcc/tcc/data/known_faces/willa/willa_extra_08.jpg,/home/anitadonato/tcc/tcc/data/known_faces/BIA/bia_boa_frontal_30cm..jpeg,0.6491705127338797,0
/home/anitadonato/tcc/tcc/data/known_faces/Francisca/francisca_extra_10.jpg,/home/anitadonato/tcc/tcc/data/known_faces/bianca/WhatsApp Image 2026-06-04 at 22.53.13 (1).jpeg,0.7832756325402329,0
/home/anitadonato/tcc/tcc/data/known_faces/bianca/WhatsApp Image 2026-06-04 at 22.53.18.jpeg,/home/anitadonato/tcc/tcc/data/known_faces/JUNIOR/junior_extra_05.jpeg,0.7965792718632884,0
/home/anitadonato/tcc/tcc/data/known_faces/Angela/angela_boa_45_esq.jpg,/home/anitadonato/tcc/tcc/data/known_faces/julia/julia_boa_45_esq.jpg,0.7039692085118896,0
/home/anitadonato/tcc/tcc/data/known_faces/ALESSANDRA/alessandra_moderada_frontal_1m.jpeg,/home/anitadonato/tcc/tcc/data/known_faces/bianca/WhatsApp Image 2026-06-04 at 22.53.18 (2).jpeg,0.7851582230864147,0
/home/anitadonato/tcc/tcc/data/known_faces/ALESSANDRA/alessandra_extra_06.jpeg,/home/anitadonato/tcc/tcc/data/known_faces/Abraão/abraao_boa_45_.jpg,0.711637941787563,0
/home/anitadonato/tcc/tcc/data/known_faces/julia/20260602_212621.jpg,/home/anitadonato/tcc/tcc/data/known_faces/Angela/angela_extra_03.jpg,0.6702359040919023,0
/home/anitadonato/tcc/tcc/data/known_faces/bianca/WhatsApp Image 2026-06-04 at 22.53.14 (4).jpeg,/home/anitadonato/tcc/tcc/data/known_faces/JUNIOR/junior_extra_07.jpeg,0.8055828701375,0
/home/anitadonato/tcc/tcc/data/known_faces/JUNIOR/junior_extra_05.jpeg,/home/anitadonato/tcc/tcc/data/known_faces/willa/willa_boa_45_30cm.jpg,0.7642566443396922,0
/home/anitadonato/tcc/tcc/data/known_faces/bianca/WhatsApp Image 2026-06-04 at 22.53.19 (5).jpeg,/home/anitadonato/tcc/tcc/data/known_faces/Francisca/francisca_baixa_45_esq.jpg,0.7719200827156272,0
/home/anitadonato/tcc/tcc/data/known_faces/willa/willa_baixa_frontal_30cm.jpg,/home/anitadonato/tcc/tcc/data/known_faces/Angela/angela_boa_45_esq.jpg,0.6516887311321632,0
/home/anitadonato/tcc/tcc/data/known_faces/julia/julia_boa_frontal.jpg,/home/anitadonato/tcc/tcc/data/known_faces/Abraão/abraao_boa_frontal.jpg,0.6161437092243159,0
/home/anitadonato/tcc/tcc/data/known_faces/julia/20260602_212712.jpg,/home/anitadonato/tcc/tcc/data/known_faces/Francisca/francisca_boa_frontal.jpg,0.7203369376035358,0
/home/anitadonato/tcc/tcc/data/known_faces/willa/20260602_212521.jpg,/home/anitadonato/tcc/tcc/data/known_faces/Abraão/abraao_extra_03.jpg,0.6371819405258415,0
/home/anitadonato/tcc/tcc/data/known_faces/Abraão/abraao_extra_03.jpg,/home/anitadonato/tcc/tcc/data/known_faces/ALESSANDRA/alessandra_moderada_frontal_1m.jpeg,0.6608081605152563,0
/home/anitadonato/tcc/tcc/data/known_faces/bianca/WhatsApp Image 2026-06-04 at 22.53.19 (1).jpeg,/home/anitadonato/tcc/tcc/data/known_faces/willa/willa_baixa_45_30cm.jpg,0.8034415711312274,0
/home/anitadonato/tcc/tcc/data/known_faces/Abraão/abraao_baixo_45_esq.jpg,/home/anitadonato/tcc/tcc/data/known_faces/BIA/bia_extra_02.jpeg,0.7487894297540538,0
/home/anitadonato/tcc/tcc/data/known_faces/willa/willa_moderada_frontal_30cm.jpg,/home/anitadonato/tcc/tcc/data/known_faces/Abraão/abraao_baixa_45_esq.jpg,0.6226130470250438,0
/home/anitadonato/tcc/tcc/data/known_faces/JUNIOR/junior_extra_06.jpeg,/home/anitadonato/tcc/tcc/data/known_faces/luan/20260602_212035.jpg,0.7741243077926093,0
/home/anitadonato/tcc/tcc/data/known_faces/JUNIOR/junior_moderada_45_1m.jpeg,/home/anitadonato/tcc/tcc/data/known_faces/Abraão/abraao_extra_04.jpg,0.8388815493074004,0
/home/anitadonato/tcc/tcc/data/known_faces/ALESSANDRA/alessandra_extra_08.jpeg,/home/anitadonato/tcc/tcc/data/known_faces/bianca/WhatsApp Image 2026-06-04 at 22.53.14 (1).jpeg,0.7526869573816543,0
/home/anitadonato/tcc/tcc/data/known_faces/bianca/WhatsApp Image 2026-06-04 at 22.53.18 (4).jpeg,/home/anitadonato/tcc/tcc/data/known_faces/JUNIOR/junior_extra_07.jpeg,0.8066953959774915,0
/home/anitadonato/tcc/tcc/data/known_faces/Angela/angela_boa_frontal.jpg,/home/anitadonato/tcc/tcc/data/known_faces/bianca/WhatsApp Image 2026-06-04 at 22.53.19 (2).jpeg,0.8960742942377079,0
/home/anitadonato/tcc/tcc/data/known_faces/julia/20260602_212726.jpg,/home/anitadonato/tcc/tcc/data/known_faces/willa/willa_moderada_frontal_30cm.jpg,0.6694191899416017,0
/home/anitadonato/tcc/tcc/data/known_faces/Francisca/francisca_extra_02.jpg,/home/anitadonato/tcc/tcc/data/known_faces/JUNIOR/junior_baixa_frontal_1m.jpeg,0.8503674725273702,0
/home/anitadonato/tcc/tcc/data/known_faces/Francisca/francisca_extra_02.jpg,/home/anitadonato/tcc/tcc/data/known_faces/julia/20260602_212732.jpg,0.763323735885639,0
/home/anitadonato/tcc/tcc/data/known_faces/willa/willa_extra_03.jpg,/home/anitadonato/tcc/tcc/data/known_faces/bianca/WhatsApp Image 2026-06-04 at 22.53.13 (1).jpeg,0.7967230537171266,0
/home/anitadonato/tcc/tcc/data/known_faces/julia/20260602_212631.jpg,/home/anitadonato/tcc/tcc/data/known_faces/JUNIOR/junior_extra_08.jpeg,0.8822835584969128,0
/home/anitadonato/tcc/tcc/data/known_faces/BIA/bia_extra_01.jpeg,/home/anitadonato/tcc/tcc/data/known_faces/JUNIOR/junior_extra_03.jpeg,0.7851534172515452,0
/home/anitadonato/tcc/tcc/data/known_faces/Francisca/francisca_extra_13.jpg,/home/anitadonato/tcc/tcc/data/known_faces/willa/20260602_212418.jpg,0.8001525502419832,0
/home/anitadonato/tcc/tcc/data/known_faces/luan/20260602_211812.jpg,/home/anitadonato/tcc/tcc/data/known_faces/BIA/bia_boa_frontal_30cm..jpeg,0.6749777650619838,0
/home/anitadonato/tcc/tcc/data/known_faces/bianca/WhatsApp Image 2026-06-04 at 22.53.18 (1).jpeg,/home/anitadonato/tcc/tcc/data/known_faces/julia/20260602_212635.jpg,0.8167069576619548,0
/home/anitadonato/tcc/tcc/data/known_faces/julia/20260602_212732.jpg,/home/anitadonato/tcc/tcc/data/known_faces/willa/20260602_212418.jpg,0.6908565539078779,0
/home/anitadonato/tcc/tcc/data/known_faces/Abraão/abraao_extra_01.jpg,/home/anitadonato/tcc/tcc/data/known_faces/Francisca/francisca_extra_07.jpg,0.6410372357574498,0
/home/anitadonato/tcc/tcc/data/known_faces/BIA/bia_moderada_frontal_1m.jpeg,/home/anitadonato/tcc/tcc/data/known_faces/Francisca/francisca_extra_06.jpg,0.7472427383690471,0
/home/anitadonato/tcc/tcc/data/known_faces/julia/20260602_212704.jpg,/home/anitadonato/tcc/tcc/data/known_faces/Francisca/francisca_extra_03.jpg,0.7283846573644248,0
/home/anitadonato/tcc/tcc/data/known_faces/BIA/bia_boa_frontal_1m..jpeg,/home/anitadonato/tcc/tcc/data/known_faces/Abraão/abraao_extra_04.jpg,0.726060375401023,0
/home/anitadonato/tcc/tcc/data/known_faces/BIA/bia_extra_01.jpeg,/home/anitadonato/tcc/tcc/data/known_faces/julia/julia_boa_frontal.jpg,0.6856703579628513,0
/home/anitadonato/tcc/tcc/data/known_faces/Francisca/francisca_extra_06.jpg,/home/anitadonato/tcc/tcc/data/known_faces/BIA/bia_boa_45_30cm.jpeg,0.8074409133944928,0
/home/anitadonato/tcc/tcc/data/known_faces/Francisca/francisca_extra_13.jpg,/home/anitadonato/tcc/tcc/data/known_faces/ALESSANDRA/alessandra_boa_45_1m..jpeg,0.7536282868928487,0
/home/anitadonato/tcc/tcc/data/known_faces/Francisca/francisca_baixa_45_dir.jpg,/home/anitadonato/tcc/tcc/data/known_faces/ALESSANDRA/alessandra_moderada_45_30cm.jpeg,0.721483208576047,0
/home/anitadonato/tcc/tcc/data/known_faces/Francisca/francisca_extra_10.jpg,/home/anitadonato/tcc/tcc/data/known_faces/Angela/angela_boa_45_dir.jpg,0.6749396901409244,0
/home/anitadonato/tcc/tcc/data/known_faces/ALESSANDRA/alessandra_extra_08.jpeg,/home/anitadonato/tcc/tcc/data/known_faces/Francisca/francisca_extra_10.jpg,0.7675115531194296,0
/home/anitadonato/tcc/tcc/data/known_faces/julia/20260602_212631.jpg,/home/anitadonato/tcc/tcc/data/known_faces/JUNIOR/junior_baixa_45_30cm.jpeg,0.9503768493334934,0
/home/anitadonato/tcc/tcc/data/known_faces/Francisca/francisca_baixa_frontal.jpg,/home/anitadonato/tcc/tcc/data/known_faces/julia/20260602_212625.jpg,0.7927510213350423,0
/home/anitadonato/tcc/tcc/data/known_faces/bianca/WhatsApp Image 2026-06-04 at 22.53.13.jpeg,/home/anitadonato/tcc/tcc/data/known_faces/julia/julia_boa_frontal.jpg,0.742837569904353,0
/home/anitadonato/tcc/tcc/data/known_faces/ALESSANDRA/alessandra_boa_45_1m..jpeg,/home/anitadonato/tcc/tcc/data/known_faces/Angela/angela_extra_13.jpg,0.6437914781647642,0
/home/anitadonato/tcc/tcc/data/known_faces/Francisca/francisca_extra_02.jpg,/home/anitadonato/tcc/tcc/data/known_faces/Abraão/abraao_baixo_45_esq.jpg,0.7722904842566398,0
/home/anitadonato/tcc/tcc/data/known_faces/willa/willa_extra_09.jpg,/home/anitadonato/tcc/tcc/data/known_faces/BIA/bia_extra_05.jpeg,0.729266224204919,0
/home/anitadonato/tcc/tcc/data/known_faces/julia/20260602_212704.jpg,/home/anitadonato/tcc/tcc/data/known_faces/willa/willa_moderada_frontal_30cm.jpg,0.7408518172441326,0
/home/anitadonato/tcc/tcc/data/known_faces/bianca/WhatsApp Image 2026-06-04 at 22.53.18 (2).jpeg,/home/anitadonato/tcc/tcc/data/known_faces/Francisca/francisca_extra_15.jpg,0.8527476664381142,0
/home/anitadonato/tcc/tcc/data/known_faces/ALESSANDRA/alessandra_boa_frontal_1m..jpeg,/home/anitadonato/tcc/tcc/data/known_faces/Abraão/abraao_boa_frontal.jpg,0.6767439961455053,0
/home/anitadonato/tcc/tcc/data/known_faces/Francisca/francisca_boa_frontal.jpg,/home/anitadonato/tcc/tcc/data/known_faces/Abraão/abraao_extra_01.jpg,0.7325947886872586,0
/home/anitadonato/tcc/tcc/data/known_faces/Angela/angela_baixa_frontal.jpg,/home/anitadonato/tcc/tcc/data/known_faces/luan/20260602_211823.jpg,0.7749920249833877,0
/home/anitadonato/tcc/tcc/data/known_faces/ALESSANDRA/alessandra_extra_07.jpeg,/home/anitadonato/tcc/tcc/data/known_faces/bianca/WhatsApp Image 2026-06-04 at 22.53.19 (1).jpeg,0.7045379030886945,0
/home/anitadonato/tcc/tcc/data/known_faces/willa/willa_extra_02.jpg,/home/anitadonato/tcc/tcc/data/known_faces/julia/20260602_212621.jpg,0.710580663293518,0
/home/anitadonato/tcc/tcc/data/known_faces/BIA/bia_extra_02.jpeg,/home/anitadonato/tcc/tcc/data/known_faces/Francisca/francisca_extra_09.jpg,0.7439505424323007,0
/home/anitadonato/tcc/tcc/data/known_faces/Abraão/abraao_extra_02.jpg,/home/anitadonato/tcc/tcc/data/known_faces/BIA/bia_moderada_frontal_1m.jpeg,0.7377877468027196,0
/home/anitadonato/tcc/tcc/data/known_faces/BIA/bia_baixa_frontal_30cm.jpeg,/home/anitadonato/tcc/tcc/data/known_faces/bianca/WhatsApp Image 2026-06-04 at 22.53.18 (1).jpeg,0.6579022590610591,0
/home/anitadonato/tcc/tcc/data/known_faces/BIA/bia_extra_01.jpeg,/home/anitadonato/tcc/tcc/data/known_faces/Angela/angela_boa_45_esq.jpg,0.7608951307340338,0
/home/anitadonato/tcc/tcc/data/known_faces/Abraão/abraao_boa_45_dir.jpg,/home/anitadonato/tcc/tcc/data/known_faces/ALESSANDRA/alessandra_extra_02.jpeg,0.6732981282219411,0
/home/anitadonato/tcc/tcc/data/known_faces/willa/willa_extra_07.jpg,/home/anitadonato/tcc/tcc/data/known_faces/Francisca/francisca_baixa_frontal.jpg,0.6996048938273839,0
/home/anitadonato/tcc/tcc/data/known_faces/julia/20260602_212724.jpg,/home/anitadonato/tcc/tcc/data/known_faces/Francisca/francisca_extra_03.jpg,0.8374398686769575,0
/home/anitadonato/tcc/tcc/data/known_faces/luan/20260602_212016.jpg,/home/anitadonato/tcc/tcc/data/known_faces/willa/willa_extra_07.jpg,0.6540029639382332,0
/home/anitadonato/tcc/tcc/data/known_faces/Abraão/abraao_extra_07.jpg,/home/anitadonato/tcc/tcc/data/known_faces/ALESSANDRA/alessandra_extra_03.jpeg,0.725920468218111,0
/home/anitadonato/tcc/tcc/data/known_faces/willa/20260602_212418.jpg,/home/anitadonato/tcc/tcc/data/known_faces/Francisca/francisca_baixa_45_esq.jpg,0.7173214635841725,0
/home/anitadonato/tcc/tcc/data/known_faces/BIA/bia_extra_01.jpeg,/home/anitadonato/tcc/tcc/data/known_faces/ALESSANDRA/alessandra_moderada_frontal_1m.jpeg,0.7459989364173263,0
/home/anitadonato/tcc/tcc/data/known_faces/ALESSANDRA/alessandra_extra_08.jpeg,/home/anitadonato/tcc/tcc/data/known_faces/Angela/angela_extra_11.jpg,0.6613284976226396,0
/home/anitadonato/tcc/tcc/data/known_faces/julia/20260602_212631.jpg,/home/anitadonato/tcc/tcc/data/known_faces/Francisca/francisca_extra_14.jpg,0.7543407134436002,0
/home/anitadonato/tcc/tcc/data/known_faces/bianca/WhatsApp Image 2026-06-04 at 22.53.13.jpeg,/home/anitadonato/tcc/tcc/data/known_faces/julia/20260602_212740.jpg,0.6818262153813003,0
/home/anitadonato/tcc/tcc/data/known_faces/JUNIOR/junior_extra_03.jpeg,/home/anitadonato/tcc/tcc/data/known_faces/bianca/WhatsApp Image 2026-06-04 at 22.53.15.jpeg,0.8311879286282732,0
/home/anitadonato/tcc/tcc/data/known_faces/Abraão/abraao_extra_04.jpg,/home/anitadonato/tcc/tcc/data/known_faces/Angela/angela_extra_08.jpg,0.6541041532683642,0
/home/anitadonato/tcc/tcc/data/known_faces/julia/20260602_212724.jpg,/home/anitadonato/tcc/tcc/data/known_faces/Francisca/francisca_extra_13.jpg,0.8136711497779657,0
/home/anitadonato/tcc/tcc/data/known_faces/ALESSANDRA/alessandra_baixa_frontal_1m.jpeg,/home/anitadonato/tcc/tcc/data/known_faces/julia/20260602_212709.jpg,0.7033472389697758,0
/home/anitadonato/tcc/tcc/data/known_faces/Francisca/francisca_baixa_frontal.jpg,/home/anitadonato/tcc/tcc/data/known_faces/JUNIOR/junior_extra_05.jpeg,0.8395413664715824,0
/home/anitadonato/tcc/tcc/data/known_faces/luan/20260602_212035.jpg,/home/anitadonato/tcc/tcc/data/known_faces/ALESSANDRA/alessandra_moderada_45_30cm.jpeg,0.7795831086617805,0
/home/anitadonato/tcc/tcc/data/known_faces/julia/20260602_212621.jpg,/home/anitadonato/tcc/tcc/data/known_faces/bianca/WhatsApp Image 2026-06-04 at 22.53.14 (4).jpeg,0.8531895323138002,0
/home/anitadonato/tcc/tcc/data/known_faces/julia/20260602_212633.jpg,/home/anitadonato/tcc/tcc/data/known_faces/ALESSANDRA/alessandra_extra_01.jpeg,0.7807870658474643,0
/home/anitadonato/tcc/tcc/data/known_faces/luan/20260602_211845.jpg,/home/anitadonato/tcc/tcc/data/known_faces/Angela/angela_extra_09.jpg,0.7539560790319868,0
/home/anitadonato/tcc/tcc/data/known_faces/julia/20260602_212618.jpg,/home/anitadonato/tcc/tcc/data/known_faces/Abraão/abraao_extra_01.jpg,0.6011106834036317,0
/home/anitadonato/tcc/tcc/data/known_faces/Angela/angela_extra_12.jpg,/home/anitadonato/tcc/tcc/data/known_faces/Francisca/Francisca_boa_45_dir.jpg,0.7795121653533523,0
/home/anitadonato/tcc/tcc/data/known_faces/luan/20260602_211812.jpg,/home/anitadonato/tcc/tcc/data/known_faces/bianca/WhatsApp Image 2026-06-04 at 22.53.14.jpeg,0.7384674918646037,0
/home/anitadonato/tcc/tcc/data/known_faces/Abraão/abraao_baixo_45_esq.jpg,/home/anitadonato/tcc/tcc/data/known_faces/julia/20260602_212629.jpg,0.592888552882622,0
/home/anitadonato/tcc/tcc/data/known_faces/julia/julia_boa_45_esq(1).jpg,/home/anitadonato/tcc/tcc/data/known_faces/Francisca/francisca_extra_03.jpg,0.8163763048229083,0
/home/anitadonato/tcc/tcc/data/known_faces/bianca/WhatsApp Image 2026-06-04 at 22.53.17 (1).jpeg,/home/anitadonato/tcc/tcc/data/known_faces/julia/20260602_212635.jpg,0.8166538585376351,0
/home/anitadonato/tcc/tcc/data/known_faces/julia/20260602_212629.jpg,/home/anitadonato/tcc/tcc/data/known_faces/luan/20260602_211920.jpg,0.7191457170930142,0
/home/anitadonato/tcc/tcc/data/known_faces/BIA/bia_boa_45_1m..jpeg,/home/anitadonato/tcc/tcc/data/known_faces/luan/20260602_211812.jpg,0.766201828459886,0
/home/anitadonato/tcc/tcc/data/known_faces/Francisca/francisca_extra_05.jpg,/home/anitadonato/tcc/tcc/data/known_faces/bianca/WhatsApp Image 2026-06-04 at 22.53.19 (4).jpeg,0.7008563847655861,0
/home/anitadonato/tcc/tcc/data/known_faces/Francisca/francisca_boa_45_esq.jpg,/home/anitadonato/tcc/tcc/data/known_faces/julia/20260602_212732.jpg,0.7458232931632908,0
/home/anitadonato/tcc/tcc/data/known_faces/luan/20260602_211920.jpg,/home/anitadonato/tcc/tcc/data/known_faces/willa/willa_extra_07.jpg,0.685677038025789,0
/home/anitadonato/tcc/tcc/data/known_faces/JUNIOR/junior_boa_frontal_30cm.jpeg,/home/anitadonato/tcc/tcc/data/known_faces/BIA/bia_moderada_frontal_1m.jpeg,0.6727880065527831,0
/home/anitadonato/tcc/tcc/data/known_faces/bianca/WhatsApp Image 2026-06-04 at 22.53.19 (6).jpeg,/home/anitadonato/tcc/tcc/data/known_faces/BIA/bia_extra_06.jpeg,0.5974001438981126,0
/home/anitadonato/tcc/tcc/data/known_faces/ALESSANDRA/alessandra_extra_08.jpeg,/home/anitadonato/tcc/tcc/data/known_faces/JUNIOR/junior_extra_05.jpeg,0.8592848227605315,0
/home/anitadonato/tcc/tcc/data/known_faces/bianca/WhatsApp Image 2026-06-04 at 22.53.17 (1).jpeg,/home/anitadonato/tcc/tcc/data/known_faces/Angela/angela_baixa_45_esq.jpg,0.7678538944398243,0
/home/anitadonato/tcc/tcc/data/known_faces/Angela/angela_extra_13.jpg,/home/anitadonato/tcc/tcc/data/known_faces/luan/20260602_211913.jpg,0.7538257855889783,0
/home/anitadonato/tcc/tcc/data/known_faces/Abraão/abraao_baixo_45_esq.jpg,/home/anitadonato/tcc/tcc/data/known_faces/julia/julia_boa_45_esq(1).jpg,0.6095083480655124,0
/home/anitadonato/tcc/tcc/data/known_faces/julia/20260602_212629.jpg,/home/anitadonato/tcc/tcc/data/known_faces/ALESSANDRA/alessandra_extra_06.jpeg,0.8168868301856657,0
/home/anitadonato/tcc/tcc/data/known_faces/Angela/angela_extra_10.jpg,/home/anitadonato/tcc/tcc/data/known_faces/Abraão/abraao_extra_02.jpg,0.6422754550555947,0
/home/anitadonato/tcc/tcc/data/known_faces/JUNIOR/junior_baixa_frontal_1m.jpeg,/home/anitadonato/tcc/tcc/data/known_faces/bianca/WhatsApp Image 2026-06-04 at 22.53.19 (6).jpeg,0.7886484196019158,0
/home/anitadonato/tcc/tcc/data/known_faces/JUNIOR/junior_extra_05.jpeg,/home/anitadonato/tcc/tcc/data/known_faces/luan/20260602_211913.jpg,0.7764525062981615,0
/home/anitadonato/tcc/tcc/data/known_faces/Abraão/abraao_extra_03.jpg,/home/anitadonato/tcc/tcc/data/known_faces/BIA/bia_boa_frontal_30cm..jpeg,0.7356394943395368,0
/home/anitadonato/tcc/tcc/data/known_faces/Abraão/abraao_baixo_45_esq.jpg,/home/anitadonato/tcc/tcc/data/known_faces/bianca/WhatsApp Image 2026-06-04 at 22.53.19 (3).jpeg,0.7206870544678048,0
/home/anitadonato/tcc/tcc/data/known_faces/Abraão/abraao_boa_45_dir.jpg,/home/anitadonato/tcc/tcc/data/known_faces/julia/20260602_212704.jpg,0.6558080581549817,0
/home/anitadonato/tcc/tcc/data/known_faces/ALESSANDRA/alessandra_extra_03.jpeg,/home/anitadonato/tcc/tcc/data/known_faces/willa/20260602_212431.jpg,0.6557639252695981,0
/home/anitadonato/tcc/tcc/data/known_faces/Francisca/francisca_extra_06.jpg,/home/anitadonato/tcc/tcc/data/known_faces/JUNIOR/junior_extra_06.jpeg,0.8195617558605695,0
/home/anitadonato/tcc/tcc/data/known_faces/Angela/angela_extra_11.jpg,/home/anitadonato/tcc/tcc/data/known_faces/BIA/bia_extra_06.jpeg,0.7648793460528382,0
/home/anitadonato/tcc/tcc/data/known_faces/willa/20260602_212521.jpg,/home/anitadonato/tcc/tcc/data/known_faces/Angela/angela_boa_frontal.jpg,0.6750595319918328,0
/home/anitadonato/tcc/tcc/data/known_faces/Abraão/abraao_extra_01.jpg,/home/anitadonato/tcc/tcc/data/known_faces/bianca/WhatsApp Image 2026-06-04 at 22.53.17 (1).jpeg,0.7129138814905652,0
/home/anitadonato/tcc/tcc/data/known_faces/willa/willa_baixa_frontal_30cm.jpg,/home/anitadonato/tcc/tcc/data/known_faces/Angela/angela_extra_09.jpg,0.6606259283854726,0
/home/anitadonato/tcc/tcc/data/known_faces/Francisca/francisca_extra_03.jpg,/home/anitadonato/tcc/tcc/data/known_faces/julia/20260602_212618.jpg,0.7745577282941268,0
/home/anitadonato/tcc/tcc/data/known_faces/julia/julia_boa_45_esq.jpg,/home/anitadonato/tcc/tcc/data/known_faces/Francisca/francisca_boa_frontal.jpg,0.7715728821493559,0
/home/anitadonato/tcc/tcc/data/known_faces/Abraão/abraao_extra_05.jpg,/home/anitadonato/tcc/tcc/data/known_faces/julia/julia_boa_frontal.jpg,0.6512248175020571,0
/home/anitadonato/tcc/tcc/data/known_faces/Francisca/francisca_extra_03.jpg,/home/anitadonato/tcc/tcc/data/known_faces/bianca/WhatsApp Image 2026-06-04 at 22.53.16.jpeg,0.8093282743605905,0
/home/anitadonato/tcc/tcc/data/known_faces/Francisca/francisca_extra_07.jpg,/home/anitadonato/tcc/tcc/data/known_faces/BIA/bia_extra_08.jpeg,0.7662917420752294,0
/home/anitadonato/tcc/tcc/data/known_faces/Abraão/abraao_extra_06.jpg,/home/anitadonato/tcc/tcc/data/known_faces/BIA/bia_moderada_frontal_1m.jpeg,0.7083804994963133,0
/home/anitadonato/tcc/tcc/data/known_faces/JUNIOR/junior_extra_02.jpeg,/home/anitadonato/tcc/tcc/data/known_faces/Francisca/Francisca_boa_45_dir.jpg,0.8497292905253263,0
/home/anitadonato/tcc/tcc/data/known_faces/bianca/WhatsApp Image 2026-06-04 at 22.53.13 (1).jpeg,/home/anitadonato/tcc/tcc/data/known_faces/Francisca/francisca_extra_14.jpg,0.8413428867664228,0
/home/anitadonato/tcc/tcc/data/known_faces/ALESSANDRA/alessandra_extra_02.jpeg,/home/anitadonato/tcc/tcc/data/known_faces/julia/20260602_212635.jpg,0.7764091144490783,0
/home/anitadonato/tcc/tcc/data/known_faces/willa/willa_baixa_frontal_30cm.jpg,/home/anitadonato/tcc/tcc/data/known_faces/JUNIOR/junior_boa_frontal_1m.jpeg,0.8921830224301222,0
/home/anitadonato/tcc/tcc/data/known_faces/willa/20260602_212513.jpg,/home/anitadonato/tcc/tcc/data/known_faces/Francisca/francisca_baixa_frontal.jpg,0.7984201943124103,0
/home/anitadonato/tcc/tcc/data/known_faces/ALESSANDRA/alessandra_extra_07.jpeg,/home/anitadonato/tcc/tcc/data/known_faces/Francisca/francisca_baixa_45_dir.jpg,0.7465561166686508,0
/home/anitadonato/tcc/tcc/data/known_faces/willa/20260602_212513.jpg,/home/anitadonato/tcc/tcc/data/known_faces/JUNIOR/junior_baixa_frontal_1m.jpeg,0.8380964048796431,0
/home/anitadonato/tcc/tcc/data/known_faces/Francisca/francisca_extra_08.jpg,/home/anitadonato/tcc/tcc/data/known_faces/JUNIOR/junior_boa_45_30cm.jpeg,0.8149170474848034,0
/home/anitadonato/tcc/tcc/data/known_faces/BIA/bia_moderada_45_30cm.jpeg,/home/anitadonato/tcc/tcc/data/known_faces/Angela/angela_extra_06.jpg,0.7664168111663756,0
/home/anitadonato/tcc/tcc/data/known_faces/luan/20260602_211837.jpg,/home/anitadonato/tcc/tcc/data/known_faces/willa/20260602_212521.jpg,0.8846696903016943,0
/home/anitadonato/tcc/tcc/data/known_faces/Francisca/francisca_extra_04.jpg,/home/anitadonato/tcc/tcc/data/known_faces/julia/20260602_212709.jpg,0.7008614637698916,0
/home/anitadonato/tcc/tcc/data/known_faces/Abraão/abraao_baixa_frontal.jpg,/home/anitadonato/tcc/tcc/data/known_faces/julia/20260602_212629.jpg,0.6557697758662658,0
/home/anitadonato/tcc/tcc/data/known_faces/Abraão/abraao_baixa_45_dir.jpg,/home/anitadonato/tcc/tcc/data/known_faces/bianca/WhatsApp Image 2026-06-04 at 22.53.15 (1).jpeg,0.7471460488387672,0
/home/anitadonato/tcc/tcc/data/known_faces/luan/20260602_212013.jpg,/home/anitadonato/tcc/tcc/data/known_faces/Abraão/abraao_extra_05.jpg,0.7635173106043004,0
/home/anitadonato/tcc/tcc/data/known_faces/Francisca/francisca_extra_06.jpg,/home/anitadonato/tcc/tcc/data/known_faces/bianca/WhatsApp Image 2026-06-04 at 22.53.14 (1).jpeg,0.7064417768650062,0
/home/anitadonato/tcc/tcc/data/known_faces/JUNIOR/junior_baixa_frontal_1m.jpeg,/home/anitadonato/tcc/tcc/data/known_faces/BIA/bia_extra_07.jpeg,0.7033964828049089,0
/home/anitadonato/tcc/tcc/data/known_faces/Francisca/francisca_baixa_frontal.jpg,/home/anitadonato/tcc/tcc/data/known_faces/bianca/WhatsApp Image 2026-06-04 at 22.53.14 (2).jpeg,0.7056689173390377,0
/home/anitadonato/tcc/tcc/data/known_faces/ALESSANDRA/alessandra_extra_02.jpeg,/home/anitadonato/tcc/tcc/data/known_faces/willa/willa_extra_08.jpg,0.6291580745576013,0
/home/anitadonato/tcc/tcc/data/known_faces/Abraão/abraao_extra_01.jpg,/home/anitadonato/tcc/tcc/data/known_faces/willa/willa_moderada_45_30cm.jpg,0.6301675332125736,0
/home/anitadonato/tcc/tcc/data/known_faces/luan/20260602_212025.jpg,/home/anitadonato/tcc/tcc/data/known_faces/bianca/WhatsApp Image 2026-06-04 at 22.53.19 (2).jpeg,0.6913261498706401,0
/home/anitadonato/tcc/tcc/data/known_faces/Angela/angela_boa_45_dir.jpg,/home/anitadonato/tcc/tcc/data/known_faces/bianca/WhatsApp Image 2026-06-04 at 22.53.19 (5).jpeg,0.8265574588268114,0
/home/anitadonato/tcc/tcc/data/known_faces/julia/20260602_212654.jpg,/home/anitadonato/tcc/tcc/data/known_faces/bianca/WhatsApp Image 2026-06-04 at 22.53.13 (2).jpeg,0.7974580500933278,0
/home/anitadonato/tcc/tcc/data/known_faces/JUNIOR/junior_extra_07.jpeg,/home/anitadonato/tcc/tcc/data/known_faces/BIA/bia_extra_07.jpeg,0.7381839370141702,0
/home/anitadonato/tcc/tcc/data/known_faces/BIA/bia_baixa_frontal_30cm.jpeg,/home/anitadonato/tcc/tcc/data/known_faces/JUNIOR/junior_extra_04.jpeg,0.7154981124405918,0
/home/anitadonato/tcc/tcc/data/known_faces/luan/20260602_211809.jpg,/home/anitadonato/tcc/tcc/data/known_faces/JUNIOR/junior_extra_05.jpeg,0.7777188094519966,0
/home/anitadonato/tcc/tcc/data/known_faces/Francisca/francisca_baixa_frontal.jpg,/home/anitadonato/tcc/tcc/data/known_faces/BIA/bia_extra_07.jpeg,0.798105655171684,0
/home/anitadonato/tcc/tcc/data/known_faces/JUNIOR/junior_boa_45_1m.jpeg,/home/anitadonato/tcc/tcc/data/known_faces/BIA/bia_moderada_frontal_1m.jpeg,0.7154045654838924,0
/home/anitadonato/tcc/tcc/data/known_faces/BIA/bia_moderada_45_30cm.jpeg,/home/anitadonato/tcc/tcc/data/known_faces/Abraão/abraao_boa_frontal.jpg,0.7534616644256635,0
/home/anitadonato/tcc/tcc/data/known_faces/willa/willa_baixa_frontal_30cm.jpg,/home/anitadonato/tcc/tcc/data/known_faces/BIA/bia_extra_03.jpeg,0.7244660980333854,0
/home/anitadonato/tcc/tcc/data/known_faces/Angela/angela_extra_03.jpg,/home/anitadonato/tcc/tcc/data/known_faces/ALESSANDRA/alessandra_boa_45_1m..jpeg,0.6749233788965031,0
/home/anitadonato/tcc/tcc/data/known_faces/Angela/angela_extra_03.jpg,/home/anitadonato/tcc/tcc/data/known_faces/luan/20260602_211823.jpg,0.7595273839962484,0
/home/anitadonato/tcc/tcc/data/known_faces/Abraão/abraao_boa_45_.jpg,/home/anitadonato/tcc/tcc/data/known_faces/ALESSANDRA/alessandra_baixa_45_1m.jpeg,0.6954828873721333,0
/home/anitadonato/tcc/tcc/data/known_faces/JUNIOR/junior_moderada_frontal_1m.jpeg,/home/anitadonato/tcc/tcc/data/known_faces/BIA/bia_extra_03.jpeg,0.7336296546630552,0
/home/anitadonato/tcc/tcc/data/known_faces/ALESSANDRA/alessandra_extra_01.jpeg,/home/anitadonato/tcc/tcc/data/known_faces/Angela/angela_baixa_45_esq.jpg,0.6669417128225626,0
/home/anitadonato/tcc/tcc/data/known_faces/Angela/angela_extra_11.jpg,/home/anitadonato/tcc/tcc/data/known_faces/bianca/WhatsApp Image 2026-06-04 at 22.53.14 (1).jpeg,0.7093997952465482,0
/home/anitadonato/tcc/tcc/data/known_faces/Abraão/abraao_extra_08.jpg,/home/anitadonato/tcc/tcc/data/known_faces/julia/20260602_212712.jpg,0.6213223214853226,0
/home/anitadonato/tcc/tcc/data/known_faces/luan/20260602_212013.jpg,/home/anitadonato/tcc/tcc/data/known_faces/Abraão/abraao_extra_10.jpg,0.7707413585091853,0
/home/anitadonato/tcc/tcc/data/known_faces/BIA/bia_moderada_45_1m.jpeg,/home/anitadonato/tcc/tcc/data/known_faces/ALESSANDRA/alessandra_extra_02.jpeg,0.7444964318421518,0
/home/anitadonato/tcc/tcc/data/known_faces/julia/20260602_212621.jpg,/home/anitadonato/tcc/tcc/data/known_faces/ALESSANDRA/alessandra_extra_08.jpeg,0.687621437102088,0
/home/anitadonato/tcc/tcc/data/known_faces/bianca/WhatsApp Image 2026-06-04 at 22.53.18.jpeg,/home/anitadonato/tcc/tcc/data/known_faces/willa/20260602_212511.jpg,0.7759112675447533,0
/home/anitadonato/tcc/tcc/data/known_faces/julia/20260602_212625.jpg,/home/anitadonato/tcc/tcc/data/known_faces/willa/20260602_212507.jpg,0.7196386071629763,0
/home/anitadonato/tcc/tcc/data/known_faces/JUNIOR/junior_baixa_frontal_1m.jpeg,/home/anitadonato/tcc/tcc/data/known_faces/Angela/angela_boa_45_esq.jpg,0.8084185473757806,0
/home/anitadonato/tcc/tcc/data/known_faces/Francisca/francisca_extra_05.jpg,/home/anitadonato/tcc/tcc/data/known_faces/luan/20260602_211920.jpg,0.7873765342443232,0
/home/anitadonato/tcc/tcc/data/known_faces/willa/willa_extra_02.jpg,/home/anitadonato/tcc/tcc/data/known_faces/luan/20260602_212013.jpg,0.69495617761665,0
/home/anitadonato/tcc/tcc/data/known_faces/Abraão/abraao_boa_frontal.jpg,/home/anitadonato/tcc/tcc/data/known_faces/luan/20260602_211923.jpg,0.7130579126694632,0
/home/anitadonato/tcc/tcc/data/known_faces/julia/20260602_212726.jpg,/home/anitadonato/tcc/tcc/data/known_faces/BIA/bia_extra_03.jpeg,0.723906111105768,0
/home/anitadonato/tcc/tcc/data/known_faces/julia/20260602_212726.jpg,/home/anitadonato/tcc/tcc/data/known_faces/bianca/WhatsApp Image 2026-06-04 at 22.53.19 (2).jpeg,0.7540824018616424,0
/home/anitadonato/tcc/tcc/data/known_faces/Abraão/abraao_extra_07.jpg,/home/anitadonato/tcc/tcc/data/known_faces/JUNIOR/junior_extra_03.jpeg,0.817536631060339,0
/home/anitadonato/tcc/tcc/data/known_faces/Francisca/francisca_boa_45_esq.jpg,/home/anitadonato/tcc/tcc/data/known_faces/JUNIOR/junior_extra_08.jpeg,0.8210208140312255,0
/home/anitadonato/tcc/tcc/data/known_faces/Abraão/abraao_baixa_frontal.jpg,/home/anitadonato/tcc/tcc/data/known_faces/willa/20260602_212507.jpg,0.6346446358443713,0
/home/anitadonato/tcc/tcc/data/known_faces/bianca/WhatsApp Image 2026-06-04 at 22.53.19 (2).jpeg,/home/anitadonato/tcc/tcc/data/known_faces/Abraão/abraao_extra_05.jpg,0.7277248686108904,0
/home/anitadonato/tcc/tcc/data/known_faces/Angela/angela_baixa_45_esq.jpg,/home/anitadonato/tcc/tcc/data/known_faces/luan/20260602_212025.jpg,0.7097823524650436,0
/home/anitadonato/tcc/tcc/data/known_faces/luan/20260602_211913.jpg,/home/anitadonato/tcc/tcc/data/known_faces/willa/20260602_212511.jpg,0.7076087852581558,0
/home/anitadonato/tcc/tcc/data/known_faces/bianca/WhatsApp Image 2026-06-04 at 22.53.19 (6).jpeg,/home/anitadonato/tcc/tcc/data/known_faces/JUNIOR/junior_extra_06.jpeg,0.8419434130890319,0
/home/anitadonato/tcc/tcc/data/known_faces/ALESSANDRA/alessandra_moderada_frontal_30cm.jpeg,/home/anitadonato/tcc/tcc/data/known_faces/Francisca/francisca_extra_04.jpg,0.754473059091278,0
/home/anitadonato/tcc/tcc/data/known_faces/JUNIOR/junior_moderada_frontal_1m.jpeg,/home/anitadonato/tcc/tcc/data/known_faces/Abraão/abraao_extra_10.jpg,0.8943050682754037,0
/home/anitadonato/tcc/tcc/data/known_faces/BIA/bia_extra_08.jpeg,/home/anitadonato/tcc/tcc/data/known_faces/Angela/angela_extra_02.jpg,0.7240145573599124,0
/home/anitadonato/tcc/tcc/data/known_faces/Abraão/abraao_extra_05.jpg,/home/anitadonato/tcc/tcc/data/known_faces/JUNIOR/junior_baixa_frontal_30cm.jpeg,0.9001120779105638,0
/home/anitadonato/tcc/tcc/data/known_faces/Francisca/francisca_extra_08.jpg,/home/anitadonato/tcc/tcc/data/known_faces/BIA/bia_moderada_45_30cm.jpeg,0.7823468000881,0
/home/anitadonato/tcc/tcc/data/known_faces/Francisca/francisca_boa_frontal.jpg,/home/anitadonato/tcc/tcc/data/known_faces/ALESSANDRA/alessandra_extra_01.jpeg,0.790199054219526,0
/home/anitadonato/tcc/tcc/data/known_faces/Francisca/francisca_extra_06.jpg,/home/anitadonato/tcc/tcc/data/known_faces/JUNIOR/junior_baixa_45_1m.jpeg,0.8255285603936351,0
/home/anitadonato/tcc/tcc/data/known_faces/Angela/angela_extra_13.jpg,/home/anitadonato/tcc/tcc/data/known_faces/willa/willa_extra_05.jpg,0.6553130578499383,0
/home/anitadonato/tcc/tcc/data/known_faces/Abraão/abraao_baixa_45_dir.jpg,/home/anitadonato/tcc/tcc/data/known_faces/Angela/angela_baixa_frontal.jpg,0.7215755203041776,0
/home/anitadonato/tcc/tcc/data/known_faces/luan/20260602_211920.jpg,/home/anitadonato/tcc/tcc/data/known_faces/BIA/bia_extra_06.jpeg,0.7852390910969355,0
/home/anitadonato/tcc/tcc/data/known_faces/julia/20260602_212631.jpg,/home/anitadonato/tcc/tcc/data/known_faces/JUNIOR/junior_extra_04.jpeg,0.851991627749814,0
/home/anitadonato/tcc/tcc/data/known_faces/Francisca/francisca_extra_14.jpg,/home/anitadonato/tcc/tcc/data/known_faces/JUNIOR/junior_moderada_frontal_30cm.jpeg,0.889462251143331,0
/home/anitadonato/tcc/tcc/data/known_faces/Abraão/abraao_boa_45_.jpg,/home/anitadonato/tcc/tcc/data/known_faces/ALESSANDRA/alessandra_boa_45_30cm.jpeg,0.6930066382728044,0
/home/anitadonato/tcc/tcc/data/known_faces/willa/20260602_212507.jpg,/home/anitadonato/tcc/tcc/data/known_faces/ALESSANDRA/alessandra_extra_01.jpeg,0.7746456124394712,0
/home/anitadonato/tcc/tcc/data/known_faces/julia/20260602_212740.jpg,/home/anitadonato/tcc/tcc/data/known_faces/bianca/WhatsApp Image 2026-06-04 at 22.53.18 (3).jpeg,0.6980681874362362,0
/home/anitadonato/tcc/tcc/data/known_faces/julia/20260602_212654.jpg,/home/anitadonato/tcc/tcc/data/known_faces/bianca/WhatsApp Image 2026-06-04 at 22.53.14 (4).jpeg,0.8305766844708871,0
/home/anitadonato/tcc/tcc/data/known_faces/Abraão/abraao_extra_09.jpg,/home/anitadonato/tcc/tcc/data/known_faces/Francisca/francisca_extra_11.jpg,0.7286255179355681,0
/home/anitadonato/tcc/tcc/data/known_faces/Francisca/francisca_extra_02.jpg,/home/anitadonato/tcc/tcc/data/known_faces/ALESSANDRA/alessandra_extra_05.jpeg,0.7040720485116229,0
/home/anitadonato/tcc/tcc/data/known_faces/willa/20260602_212418.jpg,/home/anitadonato/tcc/tcc/data/known_faces/ALESSANDRA/alessandra_boa_frontal_1m..jpeg,0.7867607795041355,0
/home/anitadonato/tcc/tcc/data/known_faces/Francisca/francisca_boa_45_esq.jpg,/home/anitadonato/tcc/tcc/data/known_faces/BIA/bia_extra_01.jpeg,0.7949745055295074,0
/home/anitadonato/tcc/tcc/data/known_faces/Francisca/francisca_baixa_frontal.jpg,/home/anitadonato/tcc/tcc/data/known_faces/JUNIOR/junior_baixa_45_1m.jpeg,0.8632038427013135,0
/home/anitadonato/tcc/tcc/data/known_faces/julia/20260602_212631.jpg,/home/anitadonato/tcc/tcc/data/known_faces/bianca/WhatsApp Image 2026-06-04 at 22.53.14 (2).jpeg,0.7440889046392427,0
/home/anitadonato/tcc/tcc/data/known_faces/bianca/WhatsApp Image 2026-06-04 at 22.53.19 (1).jpeg,/home/anitadonato/tcc/tcc/data/known_faces/luan/20260602_211836.jpg,0.6446998484574559,0
/home/anitadonato/tcc/tcc/data/known_faces/luan/20260602_212035.jpg,/home/anitadonato/tcc/tcc/data/known_faces/willa/willa_extra_04.jpg,0.6785927012283521,0
/home/anitadonato/tcc/tcc/data/known_faces/Abraão/abraao_baixa_45_esq.jpg,/home/anitadonato/tcc/tcc/data/known_faces/bianca/WhatsApp Image 2026-06-04 at 22.53.16 (3).jpeg,0.7690417736853213,0
/home/anitadonato/tcc/tcc/data/known_faces/willa/willa_moderada_frontal_30cm.jpg,/home/anitadonato/tcc/tcc/data/known_faces/bianca/WhatsApp Image 2026-06-04 at 22.53.16 (2).jpeg,0.7872072756300332,0
/home/anitadonato/tcc/tcc/data/known_faces/bianca/WhatsApp Image 2026-06-04 at 22.53.14 (1).jpeg,/home/anitadonato/tcc/tcc/data/known_faces/Francisca/francisca_extra_07.jpg,0.7136475210156146,0
/home/anitadonato/tcc/tcc/data/known_faces/ALESSANDRA/alessandra_boa_45_30cm.jpeg,/home/anitadonato/tcc/tcc/data/known_faces/JUNIOR/junior_moderada_frontal_30cm.jpeg,0.7921286589261668,0
/home/anitadonato/tcc/tcc/data/known_faces/julia/20260602_212625.jpg,/home/anitadonato/tcc/tcc/data/known_faces/JUNIOR/junior_extra_06.jpeg,0.9071331725202789,0
/home/anitadonato/tcc/tcc/data/known_faces/Abraão/abraao_extra_07.jpg,/home/anitadonato/tcc/tcc/data/known_faces/BIA/bia_moderada_frontal_1m.jpeg,0.7441824353990408,0
/home/anitadonato/tcc/tcc/data/known_faces/bianca/WhatsApp Image 2026-06-04 at 22.53.13.jpeg,/home/anitadonato/tcc/tcc/data/known_faces/luan/20260602_211920.jpg,0.749673446866621,0
/home/anitadonato/tcc/tcc/data/known_faces/Francisca/francisca_extra_02.jpg,/home/anitadonato/tcc/tcc/data/known_faces/JUNIOR/junior_extra_03.jpeg,0.8361550747016159,0
/home/anitadonato/tcc/tcc/data/known_faces/Angela/angela_extra_11.jpg,/home/anitadonato/tcc/tcc/data/known_faces/Abraão/abraao_baixo_45_esq.jpg,0.64773722659174,0
/home/anitadonato/tcc/tcc/data/known_faces/JUNIOR/junior_boa_frontal_30cm.jpeg,/home/anitadonato/tcc/tcc/data/known_faces/Angela/angela_boa_45_dir.jpg,0.8181086656602673,0
/home/anitadonato/tcc/tcc/data/known_faces/Angela/angela_extra_01.jpg,/home/anitadonato/tcc/tcc/data/known_faces/Francisca/francisca_boa_frontal.jpg,0.7909310386827192,0
/home/anitadonato/tcc/tcc/data/known_faces/willa/20260602_212507.jpg,/home/anitadonato/tcc/tcc/data/known_faces/Angela/angela_boa_frontal.jpg,0.7091192327459329,0
/home/anitadonato/tcc/tcc/data/known_faces/julia/julia_boa_frontal.jpg,/home/anitadonato/tcc/tcc/data/known_faces/willa/willa_moderada_frontal_30cm.jpg,0.7541490859632289,0
/home/anitadonato/tcc/tcc/data/known_faces/julia/20260602_212709.jpg,/home/anitadonato/tcc/tcc/data/known_faces/JUNIOR/junior_boa_45_1m.jpeg,0.8656713567004618,0
/home/anitadonato/tcc/tcc/data/known_faces/julia/20260602_212740.jpg,/home/anitadonato/tcc/tcc/data/known_faces/Abraão/abraao_extra_08.jpg,0.5899034304528291,0
/home/anitadonato/tcc/tcc/data/known_faces/Francisca/francisca_extra_14.jpg,/home/anitadonato/tcc/tcc/data/known_faces/willa/20260602_212431.jpg,0.7109722313448701,0
/home/anitadonato/tcc/tcc/data/known_faces/JUNIOR/junior_baixa_frontal_1m.jpeg,/home/anitadonato/tcc/tcc/data/known_faces/luan/20260602_211845.jpg,0.799128454869953,0
/home/anitadonato/tcc/tcc/data/known_faces/julia/20260602_212621.jpg,/home/anitadonato/tcc/tcc/data/known_faces/willa/20260602_212431.jpg,0.5950654662050752,0
/home/anitadonato/tcc/tcc/data/known_faces/JUNIOR/junior_baixa_frontal_1m.jpeg,/home/anitadonato/tcc/tcc/data/known_faces/Francisca/francisca_baixa_45_esq.jpg,0.8206586926894277,0
/home/anitadonato/tcc/tcc/data/known_faces/willa/willa_extra_05.jpg,/home/anitadonato/tcc/tcc/data/known_faces/luan/20260602_212013.jpg,0.6851864644888056,0
/home/anitadonato/tcc/tcc/data/known_faces/willa/20260602_212431.jpg,/home/anitadonato/tcc/tcc/data/known_faces/luan/20260602_212013.jpg,0.7357614684554593,0
/home/anitadonato/tcc/tcc/data/known_faces/willa/willa_extra_03.jpg,/home/anitadonato/tcc/tcc/data/known_faces/BIA/bia_moderada_frontal_30cm.jpeg,0.7754124110661472,0
/home/anitadonato/tcc/tcc/data/known_faces/julia/20260602_212629.jpg,/home/anitadonato/tcc/tcc/data/known_faces/luan/20260602_211809.jpg,0.5980851690602446,0
/home/anitadonato/tcc/tcc/data/known_faces/julia/20260602_212709.jpg,/home/anitadonato/tcc/tcc/data/known_faces/Abraão/abraao_baixa_frontal.jpg,0.5702463023359731,0
/home/anitadonato/tcc/tcc/data/known_faces/luan/20260602_211809.jpg,/home/anitadonato/tcc/tcc/data/known_faces/Angela/angela_extra_02.jpg,0.6839461158852386,0
/home/anitadonato/tcc/tcc/data/known_faces/julia/julia_boa_45_esq(1).jpg,/home/anitadonato/tcc/tcc/data/known_faces/willa/willa_extra_09.jpg,0.7501838822977567,0
/home/anitadonato/tcc/tcc/data/known_faces/willa/willa_extra_04.jpg,/home/anitadonato/tcc/tcc/data/known_faces/Angela/angela_extra_06.jpg,0.6791352091245194,0
/home/anitadonato/tcc/tcc/data/known_faces/Francisca/francisca_extra_08.jpg,/home/anitadonato/tcc/tcc/data/known_faces/bianca/WhatsApp Image 2026-06-04 at 22.53.19 (3).jpeg,0.7296982052068709,0
/home/anitadonato/tcc/tcc/data/known_faces/JUNIOR/junior_extra_03.jpeg,/home/anitadonato/tcc/tcc/data/known_faces/ALESSANDRA/alessandra_baixa_frontal_1m.jpeg,0.8262196819971527,0
/home/anitadonato/tcc/tcc/data/known_faces/JUNIOR/junior_moderada_45_30cm.jpeg,/home/anitadonato/tcc/tcc/data/known_faces/Abraão/abraao_extra_06.jpg,0.9005390581015569,0
/home/anitadonato/tcc/tcc/data/known_faces/Francisca/francisca_extra_15.jpg,/home/anitadonato/tcc/tcc/data/known_faces/willa/20260602_212513.jpg,0.7726406498707581,0
/home/anitadonato/tcc/tcc/data/known_faces/JUNIOR/junior_moderada_frontal_1m.jpeg,/home/anitadonato/tcc/tcc/data/known_faces/Abraão/abraao_boa_45_.jpg,0.9049310101799892,0
/home/anitadonato/tcc/tcc/data/known_faces/JUNIOR/junior_extra_05.jpeg,/home/anitadonato/tcc/tcc/data/known_faces/Francisca/francisca_boa_45_esq.jpg,0.7883890651349608,0
/home/anitadonato/tcc/tcc/data/known_faces/willa/willa_extra_02.jpg,/home/anitadonato/tcc/tcc/data/known_faces/Abraão/abraao_extra_06.jpg,0.6284507935296935,0
/home/anitadonato/tcc/tcc/data/known_faces/JUNIOR/junior_moderada_45_1m.jpeg,/home/anitadonato/tcc/tcc/data/known_faces/Angela/angela_baixa_frontal.jpg,0.8575780448803989,0
/home/anitadonato/tcc/tcc/data/known_faces/JUNIOR/junior_boa_45_30cm.jpeg,/home/anitadonato/tcc/tcc/data/known_faces/Francisca/francisca_extra_01.jpg,0.8327381929958372,0
/home/anitadonato/tcc/tcc/data/known_faces/JUNIOR/junior_boa_frontal_1m.jpeg,/home/anitadonato/tcc/tcc/data/known_faces/julia/20260602_212635.jpg,0.9253112435320663,0
/home/anitadonato/tcc/tcc/data/known_faces/Angela/angela_baixa_frontal.jpg,/home/anitadonato/tcc/tcc/data/known_faces/willa/willa_extra_02.jpg,0.6481314420755975,0
/home/anitadonato/tcc/tcc/data/known_faces/Abraão/abraao_extra_10.jpg,/home/anitadonato/tcc/tcc/data/known_faces/luan/20260602_211809.jpg,0.652617343873597,0
/home/anitadonato/tcc/tcc/data/known_faces/JUNIOR/junior_moderada_frontal_30cm.jpeg,/home/anitadonato/tcc/tcc/data/known_faces/Angela/angela_extra_07.jpg,0.8250233733596842,0
/home/anitadonato/tcc/tcc/data/known_faces/Angela/angela_boa_frontal.jpg,/home/anitadonato/tcc/tcc/data/known_faces/willa/20260602_212521.jpg,0.6750595319918328,0
/home/anitadonato/tcc/tcc/data/known_faces/julia/20260602_212726.jpg,/home/anitadonato/tcc/tcc/data/known_faces/ALESSANDRA/alessandra_extra_04.jpeg,0.7279960760401117,0
/home/anitadonato/tcc/tcc/data/known_faces/BIA/bia_moderada_frontal_30cm.jpeg,/home/anitadonato/tcc/tcc/data/known_faces/julia/20260602_212704.jpg,0.6657416361761749,0
/home/anitadonato/tcc/tcc/data/known_faces/julia/julia_boa_45_esq.jpg,/home/anitadonato/tcc/tcc/data/known_faces/BIA/bia_boa_frontal_30cm..jpeg,0.6728826288239765,0
/home/anitadonato/tcc/tcc/data/known_faces/Francisca/francisca_extra_01.jpg,/home/anitadonato/tcc/tcc/data/known_faces/julia/20260602_212712.jpg,0.7049512637201946,0
/home/anitadonato/tcc/tcc/data/known_faces/willa/willa_extra_07.jpg,/home/anitadonato/tcc/tcc/data/known_faces/julia/20260602_212704.jpg,0.628192073874256,0
/home/anitadonato/tcc/tcc/data/known_faces/Angela/angela_boa_45_esq.jpg,/home/anitadonato/tcc/tcc/data/known_faces/BIA/bia_extra_01.jpeg,0.7608951307340338,0
/home/anitadonato/tcc/tcc/data/known_faces/ALESSANDRA/alessandra_extra_04.jpeg,/home/anitadonato/tcc/tcc/data/known_faces/julia/julia_boa_45_esq.jpg,0.734056152383357,0
/home/anitadonato/tcc/tcc/data/known_faces/Abraão/abraao_baixo_45_esq.jpg,/home/anitadonato/tcc/tcc/data/known_faces/luan/20260602_211845.jpg,0.736844734969146,0
/home/anitadonato/tcc/tcc/data/known_faces/Abraão/abraao_extra_02.jpg,/home/anitadonato/tcc/tcc/data/known_faces/Angela/angela_extra_09.jpg,0.6400263000329637,0
/home/anitadonato/tcc/tcc/data/known_faces/luan/20260602_211923.jpg,/home/anitadonato/tcc/tcc/data/known_faces/Angela/angela_baixa_frontal.jpg,0.7432709609244759,0
/home/anitadonato/tcc/tcc/data/known_faces/BIA/bia_extra_04.jpeg,/home/anitadonato/tcc/tcc/data/known_faces/julia/20260602_212618.jpg,0.7150851370705196,0
/home/anitadonato/tcc/tcc/data/known_faces/bianca/WhatsApp Image 2026-06-04 at 22.53.16 (2).jpeg,/home/anitadonato/tcc/tcc/data/known_faces/ALESSANDRA/alessandra_moderada_45_1m.jpeg,0.6874479712786304,0
/home/anitadonato/tcc/tcc/data/known_faces/JUNIOR/junior_extra_05.jpeg,/home/anitadonato/tcc/tcc/data/known_faces/BIA/bia_baixa_frontal_1m.jpeg,0.7213189360917875,0
/home/anitadonato/tcc/tcc/data/known_faces/JUNIOR/junior_baixa_45_1m.jpeg,/home/anitadonato/tcc/tcc/data/known_faces/BIA/bia_extra_03.jpeg,0.7458119747149807,0
/home/anitadonato/tcc/tcc/data/known_faces/Abraão/abraao_boa_45_.jpg,/home/anitadonato/tcc/tcc/data/known_faces/JUNIOR/junior_boa_45_1m.jpeg,0.8682677108315295,0
/home/anitadonato/tcc/tcc/data/known_faces/ALESSANDRA/alessandra_extra_08.jpeg,/home/anitadonato/tcc/tcc/data/known_faces/Francisca/francisca_boa_45_esq.jpg,0.7849434617467923,0
/home/anitadonato/tcc/tcc/data/known_faces/julia/20260602_212618.jpg,/home/anitadonato/tcc/tcc/data/known_faces/willa/20260602_212507.jpg,0.7153614293001936,0
/home/anitadonato/tcc/tcc/data/known_faces/ALESSANDRA/alessandra_boa_frontal_1m..jpeg,/home/anitadonato/tcc/tcc/data/known_faces/Francisca/francisca_boa_45_esq.jpg,0.7731041906425922,0
/home/anitadonato/tcc/tcc/data/known_faces/luan/20260602_211923.jpg,/home/anitadonato/tcc/tcc/data/known_faces/willa/20260602_212511.jpg,0.6366687181389364,0
/home/anitadonato/tcc/tcc/data/known_faces/Francisca/francisca_extra_04.jpg,/home/anitadonato/tcc/tcc/data/known_faces/BIA/bia_baixa_frontal_30cm.jpeg,0.7926089840751257,0
/home/anitadonato/tcc/tcc/data/known_faces/ALESSANDRA/alessandra_extra_06.jpeg,/home/anitadonato/tcc/tcc/data/known_faces/BIA/bia_moderada_frontal_30cm.jpeg,0.7154635993097646,0
/home/anitadonato/tcc/tcc/data/known_faces/julia/20260602_212628.jpg,/home/anitadonato/tcc/tcc/data/known_faces/Abraão/abraao_extra_09.jpg,0.62008143912011,0
/home/anitadonato/tcc/tcc/data/known_faces/bianca/WhatsApp Image 2026-06-04 at 22.53.18 (3).jpeg,/home/anitadonato/tcc/tcc/data/known_faces/ALESSANDRA/alessandra_extra_04.jpeg,0.7320338757821029,0
/home/anitadonato/tcc/tcc/data/known_faces/BIA/bia_boa_45_30cm.jpeg,/home/anitadonato/tcc/tcc/data/known_faces/bianca/WhatsApp Image 2026-06-04 at 22.53.18.jpeg,0.687594591241589,0
/home/anitadonato/tcc/tcc/data/known_faces/Abraão/abraao_extra_05.jpg,/home/anitadonato/tcc/tcc/data/known_faces/luan/20260602_211812.jpg,0.7890383648160721,0
/home/anitadonato/tcc/tcc/data/known_faces/luan/20260602_211920.jpg,/home/anitadonato/tcc/tcc/data/known_faces/ALESSANDRA/alessandra_extra_08.jpeg,0.7797328235446473,0
/home/anitadonato/tcc/tcc/data/known_faces/ALESSANDRA/alessandra_extra_04.jpeg,/home/anitadonato/tcc/tcc/data/known_faces/bianca/WhatsApp Image 2026-06-04 at 22.53.15 (1).jpeg,0.6935101808598382,0
/home/anitadonato/tcc/tcc/data/known_faces/ALESSANDRA/alessandra_baixa_frontal_1m.jpeg,/home/anitadonato/tcc/tcc/data/known_faces/JUNIOR/junior_extra_04.jpeg,0.8476368956171225,0
/home/anitadonato/tcc/tcc/data/known_faces/BIA/bia_moderada_frontal_1m.jpeg,/home/anitadonato/tcc/tcc/data/known_faces/Abraão/abraao_extra_04.jpg,0.7104947478972266,0
/home/anitadonato/tcc/tcc/data/known_faces/Angela/angela_extra_06.jpg,/home/anitadonato/tcc/tcc/data/known_faces/ALESSANDRA/alessandra_moderada_45_30cm.jpeg,0.6472988617037688,0
/home/anitadonato/tcc/tcc/data/known_faces/JUNIOR/junior_extra_07.jpeg,/home/anitadonato/tcc/tcc/data/known_faces/Angela/angela_extra_10.jpg,0.7771647549541734,0
/home/anitadonato/tcc/tcc/data/known_faces/Angela/angela_baixa_frontal.jpg,/home/anitadonato/tcc/tcc/data/known_faces/willa/willa_extra_07.jpg,0.6499650531607442,0
/home/anitadonato/tcc/tcc/data/known_faces/ALESSANDRA/alessandra_boa_frontal_1m..jpeg,/home/anitadonato/tcc/tcc/data/known_faces/Francisca/francisca_baixa_45_dir.jpg,0.750483301089353,0
/home/anitadonato/tcc/tcc/data/known_faces/BIA/bia_extra_03.jpeg,/home/anitadonato/tcc/tcc/data/known_faces/ALESSANDRA/alessandra_extra_02.jpeg,0.7547156101807796,0
/home/anitadonato/tcc/tcc/data/known_faces/luan/20260602_212022.jpg,/home/anitadonato/tcc/tcc/data/known_faces/bianca/WhatsApp Image 2026-06-04 at 22.53.17 (1).jpeg,0.7411139784837089,0
/home/anitadonato/tcc/tcc/data/known_faces/Francisca/francisca_extra_01.jpg,/home/anitadonato/tcc/tcc/data/known_faces/ALESSANDRA/alessandra_extra_02.jpeg,0.7083447234233172,0
/home/anitadonato/tcc/tcc/data/known_faces/JUNIOR/junior_extra_03.jpeg,/home/anitadonato/tcc/tcc/data/known_faces/ALESSANDRA/alessandra_extra_01.jpeg,0.8018123039428277,0
/home/anitadonato/tcc/tcc/data/known_faces/Abraão/abraao_extra_07.jpg,/home/anitadonato/tcc/tcc/data/known_faces/JUNIOR/junior_extra_05.jpeg,0.8358136669706567,0
/home/anitadonato/tcc/tcc/data/known_faces/julia/20260602_212709.jpg,/home/anitadonato/tcc/tcc/data/known_faces/bianca/WhatsApp Image 2026-06-04 at 22.53.14 (3).jpeg,0.7416426072659178,0
/home/anitadonato/tcc/tcc/data/known_faces/julia/20260602_212712.jpg,/home/anitadonato/tcc/tcc/data/known_faces/willa/willa_extra_09.jpg,0.6818385847700449,0
/home/anitadonato/tcc/tcc/data/known_faces/Francisca/francisca_extra_08.jpg,/home/anitadonato/tcc/tcc/data/known_faces/Abraão/abraao_baixa_frontal.jpg,0.7136508316658465,0
/home/anitadonato/tcc/tcc/data/known_faces/bianca/WhatsApp Image 2026-06-04 at 22.53.18 (1).jpeg,/home/anitadonato/tcc/tcc/data/known_faces/Angela/angela_extra_04.jpg,0.865282808413911,0
/home/anitadonato/tcc/tcc/data/known_faces/JUNIOR/junior_baixa_frontal_1m.jpeg,/home/anitadonato/tcc/tcc/data/known_faces/Abraão/abraao_extra_04.jpg,0.8129023976385895,0
/home/anitadonato/tcc/tcc/data/known_faces/Francisca/francisca_extra_09.jpg,/home/anitadonato/tcc/tcc/data/known_faces/willa/willa_extra_06.jpg,0.5838843371908323,0
/home/anitadonato/tcc/tcc/data/known_faces/Angela/angela_extra_06.jpg,/home/anitadonato/tcc/tcc/data/known_faces/julia/20260602_212732.jpg,0.6889355426739595,0
/home/anitadonato/tcc/tcc/data/known_faces/ALESSANDRA/alessandra_moderada_frontal_30cm.jpeg,/home/anitadonato/tcc/tcc/data/known_faces/JUNIOR/junior_extra_06.jpeg,0.8898444399957881,0
/home/anitadonato/tcc/tcc/data/known_faces/Francisca/francisca_baixa_45_esq.jpg,/home/anitadonato/tcc/tcc/data/known_faces/ALESSANDRA/alessandra_extra_05.jpeg,0.7086285232613927,0
/home/anitadonato/tcc/tcc/data/known_faces/Angela/angela_baixa_45_esq.jpg,/home/anitadonato/tcc/tcc/data/known_faces/julia/20260602_212629.jpg,0.7298398731471158,0
/home/anitadonato/tcc/tcc/data/known_faces/Abraão/abraao_extra_05.jpg,/home/anitadonato/tcc/tcc/data/known_faces/BIA/bia_extra_04.jpeg,0.7299694569141639,0
/home/anitadonato/tcc/tcc/data/known_faces/bianca/WhatsApp Image 2026-06-04 at 22.53.18 (3).jpeg,/home/anitadonato/tcc/tcc/data/known_faces/ALESSANDRA/alessandra_boa_45_1m..jpeg,0.7236493510146146,0
/home/anitadonato/tcc/tcc/data/known_faces/julia/20260602_212712.jpg,/home/anitadonato/tcc/tcc/data/known_faces/JUNIOR/junior_extra_07.jpeg,0.8109916497966825,0
/home/anitadonato/tcc/tcc/data/known_faces/Abraão/abraao_extra_10.jpg,/home/anitadonato/tcc/tcc/data/known_faces/Angela/angela_extra_06.jpg,0.7411708907021309,0
/home/anitadonato/tcc/tcc/data/known_faces/bianca/WhatsApp Image 2026-06-04 at 22.53.18 (4).jpeg,/home/anitadonato/tcc/tcc/data/known_faces/JUNIOR/junior_extra_01.jpeg,0.8065995012613828,0
/home/anitadonato/tcc/tcc/data/known_faces/julia/20260602_212724.jpg,/home/anitadonato/tcc/tcc/data/known_faces/luan/20260602_212022.jpg,0.5875244190378177,0
/home/anitadonato/tcc/tcc/data/known_faces/Abraão/abraao_extra_02.jpg,/home/anitadonato/tcc/tcc/data/known_faces/Francisca/francisca_extra_09.jpg,0.6987702380481712,0
/home/anitadonato/tcc/tcc/data/known_faces/BIA/bia_extra_08.jpeg,/home/anitadonato/tcc/tcc/data/known_faces/Francisca/francisca_extra_01.jpg,0.8367348658435163,0
/home/anitadonato/tcc/tcc/data/known_faces/Abraão/abraao_baixa_frontal.jpg,/home/anitadonato/tcc/tcc/data/known_faces/Angela/angela_extra_09.jpg,0.6470753361433074,0
/home/anitadonato/tcc/tcc/data/known_faces/Angela/angela_baixa_frontal.jpg,/home/anitadonato/tcc/tcc/data/known_faces/julia/20260602_212709.jpg,0.6657894482377928,0
/home/anitadonato/tcc/tcc/data/known_faces/JUNIOR/junior_moderada_45_30cm.jpeg,/home/anitadonato/tcc/tcc/data/known_faces/Abraão/abraao_extra_03.jpg,0.8818247788925687,0
/home/anitadonato/tcc/tcc/data/known_faces/Francisca/francisca_boa_frontal.jpg,/home/anitadonato/tcc/tcc/data/known_faces/Angela/angela_extra_06.jpg,0.799080738881926,0
/home/anitadonato/tcc/tcc/data/known_faces/Abraão/abraao_extra_03.jpg,/home/anitadonato/tcc/tcc/data/known_faces/willa/willa_extra_05.jpg,0.6037927298831751,0
/home/anitadonato/tcc/tcc/data/known_faces/julia/20260602_212726.jpg,/home/anitadonato/tcc/tcc/data/known_faces/luan/20260602_211923.jpg,0.6733396938600257,0
/home/anitadonato/tcc/tcc/data/known_faces/willa/20260602_212513.jpg,/home/anitadonato/tcc/tcc/data/known_faces/Abraão/abraao_extra_04.jpg,0.613789307105129,0
/home/anitadonato/tcc/tcc/data/known_faces/Abraão/abraao_extra_08.jpg,/home/anitadonato/tcc/tcc/data/known_faces/julia/julia_boa_45_esq(1).jpg,0.6479240834784853,0
/home/anitadonato/tcc/tcc/data/known_faces/JUNIOR/junior_moderada_45_30cm.jpeg,/home/anitadonato/tcc/tcc/data/known_faces/Angela/angela_extra_13.jpg,0.8702195921340813,0
/home/anitadonato/tcc/tcc/data/known_faces/Angela/angela_extra_08.jpg,/home/anitadonato/tcc/tcc/data/known_faces/willa/willa_extra_09.jpg,0.6365905667625563,0
/home/anitadonato/tcc/tcc/data/known_faces/ALESSANDRA/alessandra_moderada_45_1m.jpeg,/home/anitadonato/tcc/tcc/data/known_faces/Abraão/abraao_boa_45_.jpg,0.7011503022912253,0
/home/anitadonato/tcc/tcc/data/known_faces/Francisca/francisca_boa_frontal.jpg,/home/anitadonato/tcc/tcc/data/known_faces/Angela/angela_extra_05.jpg,0.7471532176139183,0
/home/anitadonato/tcc/tcc/data/known_faces/BIA/bia_moderada_45_1m.jpeg,/home/anitadonato/tcc/tcc/data/known_faces/JUNIOR/junior_extra_02.jpeg,0.7398246609294223,0
/home/anitadonato/tcc/tcc/data/known_faces/Abraão/abraao_boa_frontal.jpg,/home/anitadonato/tcc/tcc/data/known_faces/Francisca/francisca_extra_13.jpg,0.7274637766030011,0
/home/anitadonato/tcc/tcc/data/known_faces/Francisca/francisca_extra_04.jpg,/home/anitadonato/tcc/tcc/data/known_faces/Angela/angela_extra_12.jpg,0.8070218456174522,0
/home/anitadonato/tcc/tcc/data/known_faces/Abraão/abraao_boa_45_dir.jpg,/home/anitadonato/tcc/tcc/data/known_faces/luan/20260602_212025.jpg,0.7848144147738422,0
/home/anitadonato/tcc/tcc/data/known_faces/willa/20260602_212521.jpg,/home/anitadonato/tcc/tcc/data/known_faces/Angela/angela_extra_05.jpg,0.6498184906717853,0
/home/anitadonato/tcc/tcc/data/known_faces/willa/20260602_212418.jpg,/home/anitadonato/tcc/tcc/data/known_faces/ALESSANDRA/alessandra_baixa_frontal_1m.jpeg,0.7503081591570713,0
/home/anitadonato/tcc/tcc/data/known_faces/ALESSANDRA/alessandra_boa_frontal_1m..jpeg,/home/anitadonato/tcc/tcc/data/known_faces/Francisca/francisca_extra_14.jpg,0.797526147595243,0
/home/anitadonato/tcc/tcc/data/known_faces/bianca/WhatsApp Image 2026-06-04 at 22.53.17 (1).jpeg,/home/anitadonato/tcc/tcc/data/known_faces/ALESSANDRA/alessandra_moderada_45_30cm.jpeg,0.6201463759697062,0
/home/anitadonato/tcc/tcc/data/known_faces/Francisca/francisca_extra_10.jpg,/home/anitadonato/tcc/tcc/data/known_faces/willa/willa_baixa_frontal_30cm.jpg,0.7095761334369091,0
/home/anitadonato/tcc/tcc/data/known_faces/bianca/WhatsApp Image 2026-06-04 at 22.53.16.jpeg,/home/anitadonato/tcc/tcc/data/known_faces/Francisca/francisca_baixa_45_esq.jpg,0.7711548471848721,0
/home/anitadonato/tcc/tcc/data/known_faces/ALESSANDRA/alessandra_extra_07.jpeg,/home/anitadonato/tcc/tcc/data/known_faces/Angela/angela_extra_08.jpg,0.6145895382910265,0
/home/anitadonato/tcc/tcc/data/known_faces/julia/20260602_212633.jpg,/home/anitadonato/tcc/tcc/data/known_faces/willa/willa_extra_03.jpg,0.7828823336768682,0
/home/anitadonato/tcc/tcc/data/known_faces/willa/willa_extra_03.jpg,/home/anitadonato/tcc/tcc/data/known_faces/Angela/angela_extra_05.jpg,0.6480074610819476,0
/home/anitadonato/tcc/tcc/data/known_faces/JUNIOR/junior_boa_45_1m.jpeg,/home/anitadonato/tcc/tcc/data/known_faces/bianca/WhatsApp Image 2026-06-04 at 22.53.19 (3).jpeg,0.8713903116680107,0
/home/anitadonato/tcc/tcc/data/known_faces/JUNIOR/junior_extra_07.jpeg,/home/anitadonato/tcc/tcc/data/known_faces/BIA/bia_baixa_frontal_30cm.jpeg,0.7397629630275268,0
/home/anitadonato/tcc/tcc/data/known_faces/Francisca/francisca_extra_02.jpg,/home/anitadonato/tcc/tcc/data/known_faces/julia/20260602_212629.jpg,0.8042184321416844,0
/home/anitadonato/tcc/tcc/data/known_faces/Abraão/abraao_extra_03.jpg,/home/anitadonato/tcc/tcc/data/known_faces/ALESSANDRA/alessandra_extra_05.jpeg,0.6560667424982524,0
/home/anitadonato/tcc/tcc/data/known_faces/willa/willa_baixa_frontal_30cm.jpg,/home/anitadonato/tcc/tcc/data/known_faces/bianca/WhatsApp Image 2026-06-04 at 22.53.19 (6).jpeg,0.7971155828929234,0
/home/anitadonato/tcc/tcc/data/known_faces/Angela/angela_extra_13.jpg,/home/anitadonato/tcc/tcc/data/known_faces/JUNIOR/junior_extra_03.jpeg,0.7990902788677633,0
/home/anitadonato/tcc/tcc/data/known_faces/BIA/bia_extra_08.jpeg,/home/anitadonato/tcc/tcc/data/known_faces/Angela/angela_extra_11.jpg,0.7543193313198766,0
/home/anitadonato/tcc/tcc/data/known_faces/julia/20260602_212704.jpg,/home/anitadonato/tcc/tcc/data/known_faces/willa/willa_extra_08.jpg,0.6585813691307312,0
/home/anitadonato/tcc/tcc/data/known_faces/ALESSANDRA/alessandra_extra_05.jpeg,/home/anitadonato/tcc/tcc/data/known_faces/Abraão/abraao_extra_10.jpg,0.682227516017412,0
/home/anitadonato/tcc/tcc/data/known_faces/julia/20260602_212633.jpg,/home/anitadonato/tcc/tcc/data/known_faces/BIA/bia_moderada_frontal_1m.jpeg,0.6975611234136551,0
/home/anitadonato/tcc/tcc/data/known_faces/JUNIOR/junior_baixa_45_30cm.jpeg,/home/anitadonato/tcc/tcc/data/known_faces/ALESSANDRA/alessandra_extra_02.jpeg,0.9120894429767007,0
/home/anitadonato/tcc/tcc/data/known_faces/julia/20260602_212704.jpg,/home/anitadonato/tcc/tcc/data/known_faces/willa/willa_moderada_45_30cm.jpg,0.7237378662001117,0
/home/anitadonato/tcc/tcc/data/known_faces/Francisca/francisca_extra_07.jpg,/home/anitadonato/tcc/tcc/data/known_faces/JUNIOR/junior_extra_04.jpeg,0.7476636554558252,0
/home/anitadonato/tcc/tcc/data/known_faces/Francisca/francisca_extra_07.jpg,/home/anitadonato/tcc/tcc/data/known_faces/Abraão/abraao_extra_10.jpg,0.6953502117399449,0
/home/anitadonato/tcc/tcc/data/known_faces/willa/20260602_212513.jpg,/home/anitadonato/tcc/tcc/data/known_faces/Abraão/abraao_baixo_45_esq.jpg,0.6127152141758816,0
/home/anitadonato/tcc/tcc/data/known_faces/bianca/WhatsApp Image 2026-06-04 at 22.53.19 (4).jpeg,/home/anitadonato/tcc/tcc/data/known_faces/JUNIOR/junior_extra_03.jpeg,0.8836572840058114,0
/home/anitadonato/tcc/tcc/data/known_faces/JUNIOR/junior_moderada_45_1m.jpeg,/home/anitadonato/tcc/tcc/data/known_faces/julia/20260602_212732.jpg,0.9062060806514772,0
/home/anitadonato/tcc/tcc/data/known_faces/Angela/angela_boa_45_esq.jpg,/home/anitadonato/tcc/tcc/data/known_faces/luan/20260602_211913.jpg,0.766779884105875,0
/home/anitadonato/tcc/tcc/data/known_faces/willa/20260602_212521.jpg,/home/anitadonato/tcc/tcc/data/known_faces/JUNIOR/junior_extra_05.jpeg,0.8438270898614392,0
/home/anitadonato/tcc/tcc/data/known_faces/willa/willa_moderada_frontal_30cm.jpg,/home/anitadonato/tcc/tcc/data/known_faces/Francisca/francisca_extra_05.jpg,0.7889804402255515,0
/home/anitadonato/tcc/tcc/data/known_faces/luan/20260602_212022.jpg,/home/anitadonato/tcc/tcc/data/known_faces/willa/willa_extra_08.jpg,0.6975756367378864,0
/home/anitadonato/tcc/tcc/data/known_faces/willa/willa_extra_08.jpg,/home/anitadonato/tcc/tcc/data/known_faces/Francisca/Francisca_boa_45_dir.jpg,0.6838737180056478,0
/home/anitadonato/tcc/tcc/data/known_faces/JUNIOR/junior_baixa_frontal_30cm.jpeg,/home/anitadonato/tcc/tcc/data/known_faces/willa/willa_extra_06.jpg,0.8199791056439169,0
/home/anitadonato/tcc/tcc/data/known_faces/willa/20260602_212418.jpg,/home/anitadonato/tcc/tcc/data/known_faces/Francisca/francisca_extra_15.jpg,0.7828723315336764,0
/home/anitadonato/tcc/tcc/data/known_faces/julia/julia_boa_frontal.jpg,/home/anitadonato/tcc/tcc/data/known_faces/Francisca/francisca_extra_14.jpg,0.7353652227093269,0
/home/anitadonato/tcc/tcc/data/known_faces/BIA/bia_moderada_frontal_1m.jpeg,/home/anitadonato/tcc/tcc/data/known_faces/ALESSANDRA/alessandra_extra_08.jpeg,0.7328579586526918,0
/home/anitadonato/tcc/tcc/data/known_faces/BIA/bia_moderada_frontal_1m.jpeg,/home/anitadonato/tcc/tcc/data/known_faces/ALESSANDRA/alessandra_baixa_frontal_30cm.jpeg,0.7266850531572517,0
/home/anitadonato/tcc/tcc/data/known_faces/BIA/bia_extra_07.jpeg,/home/anitadonato/tcc/tcc/data/known_faces/ALESSANDRA/alessandra_extra_03.jpeg,0.6717707797934155,0
/home/anitadonato/tcc/tcc/data/known_faces/bianca/WhatsApp Image 2026-06-04 at 22.53.16 (3).jpeg,/home/anitadonato/tcc/tcc/data/known_faces/Angela/angela_extra_01.jpg,0.8141415467285051,0
/home/anitadonato/tcc/tcc/data/known_faces/julia/20260602_212629.jpg,/home/anitadonato/tcc/tcc/data/known_faces/ALESSANDRA/alessandra_moderada_45_1m.jpeg,0.8176125115629276,0
/home/anitadonato/tcc/tcc/data/known_faces/BIA/bia_extra_03.jpeg,/home/anitadonato/tcc/tcc/data/known_faces/luan/20260602_212035.jpg,0.6895604824076156,0
/home/anitadonato/tcc/tcc/data/known_faces/julia/20260602_212724.jpg,/home/anitadonato/tcc/tcc/data/known_faces/luan/20260602_211913.jpg,0.6249682503830509,0
/home/anitadonato/tcc/tcc/data/known_faces/Angela/angela_extra_12.jpg,/home/anitadonato/tcc/tcc/data/known_faces/julia/20260602_212709.jpg,0.6754523617553844,0
/home/anitadonato/tcc/tcc/data/known_faces/luan/20260602_212035.jpg,/home/anitadonato/tcc/tcc/data/known_faces/JUNIOR/junior_extra_01.jpeg,0.7865154094209875,0
/home/anitadonato/tcc/tcc/data/known_faces/willa/willa_baixa_45_30cm.jpg,/home/anitadonato/tcc/tcc/data/known_faces/julia/20260602_212635.jpg,0.7684496416926241,0
/home/anitadonato/tcc/tcc/data/known_faces/Francisca/francisca_extra_04.jpg,/home/anitadonato/tcc/tcc/data/known_faces/luan/20260602_211836.jpg,0.7885382157767461,0
/home/anitadonato/tcc/tcc/data/known_faces/Francisca/francisca_extra_01.jpg,/home/anitadonato/tcc/tcc/data/known_faces/willa/willa_extra_08.jpg,0.7168148189379531,0
/home/anitadonato/tcc/tcc/data/known_faces/JUNIOR/junior_extra_04.jpeg,/home/anitadonato/tcc/tcc/data/known_faces/julia/julia_boa_45_esq.jpg,0.7892211991924475,0
/home/anitadonato/tcc/tcc/data/known_faces/Francisca/francisca_baixa_frontal.jpg,/home/anitadonato/tcc/tcc/data/known_faces/willa/willa_moderada_frontal_30cm.jpg,0.8111046413174714,0
/home/anitadonato/tcc/tcc/data/known_faces/luan/20260602_211920.jpg,/home/anitadonato/tcc/tcc/data/known_faces/bianca/WhatsApp Image 2026-06-04 at 22.53.19 (5).jpeg,0.7590274782864291,0
/home/anitadonato/tcc/tcc/data/known_faces/JUNIOR/junior_extra_02.jpeg,/home/anitadonato/tcc/tcc/data/known_faces/Angela/angela_baixa_45_esq.jpg,0.82845364722719,0
/home/anitadonato/tcc/tcc/data/known_faces/Francisca/francisca_extra_06.jpg,/home/anitadonato/tcc/tcc/data/known_faces/Abraão/abraao_extra_08.jpg,0.7600937855908599,0
/home/anitadonato/tcc/tcc/data/known_faces/Francisca/francisca_extra_01.jpg,/home/anitadonato/tcc/tcc/data/known_faces/julia/20260602_212633.jpg,0.8188049203139742,0
/home/anitadonato/tcc/tcc/data/known_faces/luan/20260602_212022.jpg,/home/anitadonato/tcc/tcc/data/known_faces/Francisca/francisca_extra_03.jpg,0.8565376855339892,0
/home/anitadonato/tcc/tcc/data/known_faces/Angela/angela_extra_13.jpg,/home/anitadonato/tcc/tcc/data/known_faces/Abraão/abraao_extra_01.jpg,0.6441678136950022,0
/home/anitadonato/tcc/tcc/data/known_faces/BIA/bia_moderada_45_1m.jpeg,/home/anitadonato/tcc/tcc/data/known_faces/ALESSANDRA/alessandra_boa_frontal_30cm..jpeg,0.7549469771217143,0
/home/anitadonato/tcc/tcc/data/known_faces/BIA/bia_baixa_frontal_30cm.jpeg,/home/anitadonato/tcc/tcc/data/known_faces/ALESSANDRA/alessandra_extra_06.jpeg,0.7293031311738534,0
/home/anitadonato/tcc/tcc/data/known_faces/JUNIOR/junior_baixa_frontal_30cm.jpeg,/home/anitadonato/tcc/tcc/data/known_faces/julia/20260602_212629.jpg,0.9562225667079135,0
/home/anitadonato/tcc/tcc/data/known_faces/ALESSANDRA/alessandra_boa_45_30cm.jpeg,/home/anitadonato/tcc/tcc/data/known_faces/luan/20260602_211923.jpg,0.7669835434487831,0
/home/anitadonato/tcc/tcc/data/known_faces/julia/20260602_212633.jpg,/home/anitadonato/tcc/tcc/data/known_faces/willa/willa_extra_02.jpg,0.7255678733791876,0
/home/anitadonato/tcc/tcc/data/known_faces/JUNIOR/junior_baixa_45_30cm.jpeg,/home/anitadonato/tcc/tcc/data/known_faces/Francisca/francisca_baixa_45_esq.jpg,0.8606641996587422,0
/home/anitadonato/tcc/tcc/data/known_faces/Angela/angela_boa_frontal.jpg,/home/anitadonato/tcc/tcc/data/known_faces/bianca/WhatsApp Image 2026-06-04 at 22.53.13 (2).jpeg,0.6743841875473182,0
/home/anitadonato/tcc/tcc/data/known_faces/bianca/WhatsApp Image 2026-06-04 at 22.53.14 (3).jpeg,/home/anitadonato/tcc/tcc/data/known_faces/julia/20260602_212704.jpg,0.7224606024460215,0
/home/anitadonato/tcc/tcc/data/known_faces/ALESSANDRA/alessandra_extra_02.jpeg,/home/anitadonato/tcc/tcc/data/known_faces/willa/willa_moderada_frontal_30cm.jpg,0.7276347098729287,0
/home/anitadonato/tcc/tcc/data/known_faces/willa/willa_extra_03.jpg,/home/anitadonato/tcc/tcc/data/known_faces/Abraão/abraao_extra_03.jpg,0.6642678318526237,0
/home/anitadonato/tcc/tcc/data/known_faces/julia/julia_boa_45_esq(1).jpg,/home/anitadonato/tcc/tcc/data/known_faces/luan/20260602_212016.jpg,0.7148163592524666,0
/home/anitadonato/tcc/tcc/data/known_faces/Angela/angela_extra_09.jpg,/home/anitadonato/tcc/tcc/data/known_faces/luan/20260602_211837.jpg,0.8032606267019627,0
/home/anitadonato/tcc/tcc/data/known_faces/BIA/bia_extra_03.jpeg,/home/anitadonato/tcc/tcc/data/known_faces/Abraão/abraao_boa_45_dir.jpg,0.715427098103749,0
/home/anitadonato/tcc/tcc/data/known_faces/julia/20260602_212631.jpg,/home/anitadonato/tcc/tcc/data/known_faces/Francisca/Francisca_boa_45_dir.jpg,0.7782541414699645,0
/home/anitadonato/tcc/tcc/data/known_faces/JUNIOR/junior_moderada_frontal_1m.jpeg,/home/anitadonato/tcc/tcc/data/known_faces/Francisca/francisca_extra_01.jpg,0.8485633509889765,0
/home/anitadonato/tcc/tcc/data/known_faces/JUNIOR/junior_extra_05.jpeg,/home/anitadonato/tcc/tcc/data/known_faces/Abraão/abraao_baixo_45_esq.jpg,0.9004069077626778,0
/home/anitadonato/tcc/tcc/data/known_faces/Angela/angela_extra_10.jpg,/home/anitadonato/tcc/tcc/data/known_faces/willa/willa_extra_03.jpg,0.6402021485434056,0
/home/anitadonato/tcc/tcc/data/known_faces/BIA/bia_extra_01.jpeg,/home/anitadonato/tcc/tcc/data/known_faces/ALESSANDRA/alessandra_extra_05.jpeg,0.7475631582942753,0
/home/anitadonato/tcc/tcc/data/known_faces/BIA/bia_extra_01.jpeg,/home/anitadonato/tcc/tcc/data/known_faces/julia/20260602_212709.jpg,0.7450956015573553,0
/home/anitadonato/tcc/tcc/data/known_faces/Francisca/francisca_extra_03.jpg,/home/anitadonato/tcc/tcc/data/known_faces/ALESSANDRA/alessandra_extra_04.jpeg,0.7326808013522951,0
/home/anitadonato/tcc/tcc/data/known_faces/BIA/bia_baixa_frontal_30cm.jpeg,/home/anitadonato/tcc/tcc/data/known_faces/ALESSANDRA/alessandra_extra_07.jpeg,0.7041489545459895,0
/home/anitadonato/tcc/tcc/data/known_faces/Francisca/francisca_extra_07.jpg,/home/anitadonato/tcc/tcc/data/known_faces/Angela/angela_extra_11.jpg,0.7361826263856793,0
/home/anitadonato/tcc/tcc/data/known_faces/Francisca/francisca_extra_04.jpg,/home/anitadonato/tcc/tcc/data/known_faces/Abraão/abraao_extra_05.jpg,0.7900961178297392,0
/home/anitadonato/tcc/tcc/data/known_faces/willa/willa_baixa_frontal_30cm.jpg,/home/anitadonato/tcc/tcc/data/known_faces/BIA/bia_boa_45_1m..jpeg,0.7347741105638929,0
/home/anitadonato/tcc/tcc/data/known_faces/julia/20260602_212732.jpg,/home/anitadonato/tcc/tcc/data/known_faces/Angela/angela_extra_06.jpg,0.6889355426739595,0
/home/anitadonato/tcc/tcc/data/known_faces/bianca/WhatsApp Image 2026-06-04 at 22.53.17 (1).jpeg,/home/anitadonato/tcc/tcc/data/known_faces/luan/20260602_212022.jpg,0.7411139784837089,0
/home/anitadonato/tcc/tcc/data/known_faces/BIA/bia_moderada_frontal_30cm.jpeg,/home/anitadonato/tcc/tcc/data/known_faces/willa/20260602_212507.jpg,0.7249933111114758,0
/home/anitadonato/tcc/tcc/data/known_faces/Abraão/abraao_baixa_45_esq.jpg,/home/anitadonato/tcc/tcc/data/known_faces/willa/willa_moderada_45_30cm.jpg,0.5951488770798756,0
/home/anitadonato/tcc/tcc/data/known_faces/luan/20260602_212025.jpg,/home/anitadonato/tcc/tcc/data/known_faces/BIA/bia_moderada_45_30cm.jpeg,0.7156802289914498,0
/home/anitadonato/tcc/tcc/data/known_faces/Angela/angela_extra_05.jpg,/home/anitadonato/tcc/tcc/data/known_faces/willa/willa_extra_09.jpg,0.6586992327848785,0
/home/anitadonato/tcc/tcc/data/known_faces/julia/20260602_212633.jpg,/home/anitadonato/tcc/tcc/data/known_faces/Abraão/abraao_extra_09.jpg,0.6518819127840458,0
/home/anitadonato/tcc/tcc/data/known_faces/Abraão/abraao_extra_08.jpg,/home/anitadonato/tcc/tcc/data/known_faces/luan/20260602_211809.jpg,0.6411415232748605,0
/home/anitadonato/tcc/tcc/data/known_faces/julia/julia_boa_45_esq(1).jpg,/home/anitadonato/tcc/tcc/data/known_faces/Angela/angela_extra_08.jpg,0.7531754976793841,0
/home/anitadonato/tcc/tcc/data/known_faces/julia/julia_boa_45_esq.jpg,/home/anitadonato/tcc/tcc/data/known_faces/ALESSANDRA/alessandra_extra_07.jpeg,0.7413140113982758,0
/home/anitadonato/tcc/tcc/data/known_faces/Francisca/francisca_extra_07.jpg,/home/anitadonato/tcc/tcc/data/known_faces/ALESSANDRA/alessandra_extra_01.jpeg,0.7511037417131406,0
/home/anitadonato/tcc/tcc/data/known_faces/ALESSANDRA/alessandra_moderada_frontal_1m.jpeg,/home/anitadonato/tcc/tcc/data/known_faces/BIA/bia_baixa_frontal_1m.jpeg,0.7052906566222347,0
/home/anitadonato/tcc/tcc/data/known_faces/ALESSANDRA/alessandra_extra_04.jpeg,/home/anitadonato/tcc/tcc/data/known_faces/bianca/WhatsApp Image 2026-06-04 at 22.53.19 (1).jpeg,0.7425058072595335,0
/home/anitadonato/tcc/tcc/data/known_faces/Abraão/abraao_baixa_45_esq.jpg,/home/anitadonato/tcc/tcc/data/known_faces/luan/20260602_211812.jpg,0.6959051425481249,0
/home/anitadonato/tcc/tcc/data/known_faces/julia/20260602_212704.jpg,/home/anitadonato/tcc/tcc/data/known_faces/ALESSANDRA/alessandra_extra_06.jpeg,0.717339341396413,0
/home/anitadonato/tcc/tcc/data/known_faces/Angela/angela_extra_08.jpg,/home/anitadonato/tcc/tcc/data/known_faces/willa/willa_extra_04.jpg,0.6068804665089708,0
/home/anitadonato/tcc/tcc/data/known_faces/bianca/WhatsApp Image 2026-06-04 at 22.53.19 (6).jpeg,/home/anitadonato/tcc/tcc/data/known_faces/julia/20260602_212724.jpg,0.6813045211963985,0
/home/anitadonato/tcc/tcc/data/known_faces/bianca/WhatsApp Image 2026-06-04 at 22.53.18.jpeg,/home/anitadonato/tcc/tcc/data/known_faces/Abraão/abraao_boa_45_.jpg,0.6163306568517481,0
/home/anitadonato/tcc/tcc/data/known_faces/JUNIOR/junior_boa_45_30cm.jpeg,/home/anitadonato/tcc/tcc/data/known_faces/Abraão/abraao_extra_06.jpg,0.8746146794855612,0
/home/anitadonato/tcc/tcc/data/known_faces/luan/20260602_211836.jpg,/home/anitadonato/tcc/tcc/data/known_faces/Angela/20260602_192040.jpg,0.8163289464516121,0
/home/anitadonato/tcc/tcc/data/known_faces/ALESSANDRA/alessandra_extra_07.jpeg,/home/anitadonato/tcc/tcc/data/known_faces/Francisca/francisca_extra_13.jpg,0.7821576740368764,0
/home/anitadonato/tcc/tcc/data/known_faces/bianca/WhatsApp Image 2026-06-04 at 22.53.16 (2).jpeg,/home/anitadonato/tcc/tcc/data/known_faces/luan/20260602_211836.jpg,0.6147054715812356,0
/home/anitadonato/tcc/tcc/data/known_faces/BIA/bia_extra_04.jpeg,/home/anitadonato/tcc/tcc/data/known_faces/julia/20260602_212629.jpg,0.743063099001725,0
/home/anitadonato/tcc/tcc/data/known_faces/bianca/WhatsApp Image 2026-06-04 at 22.53.14.jpeg,/home/anitadonato/tcc/tcc/data/known_faces/ALESSANDRA/alessandra_boa_frontal_1m..jpeg,0.6461295313808545,0
/home/anitadonato/tcc/tcc/data/known_faces/Abraão/abraao_baixa_45_esq.jpg,/home/anitadonato/tcc/tcc/data/known_faces/willa/willa_extra_07.jpg,0.6007714952872768,0
/home/anitadonato/tcc/tcc/data/known_faces/bianca/WhatsApp Image 2026-06-04 at 22.53.14.jpeg,/home/anitadonato/tcc/tcc/data/known_faces/julia/julia_boa_45_esq.jpg,0.7377627007276797,0
/home/anitadonato/tcc/tcc/data/known_faces/BIA/bia_boa_45_1m..jpeg,/home/anitadonato/tcc/tcc/data/known_faces/ALESSANDRA/alessandra_moderada_45_1m.jpeg,0.7518416208958718,0
/home/anitadonato/tcc/tcc/data/known_faces/Francisca/francisca_extra_14.jpg,/home/anitadonato/tcc/tcc/data/known_faces/BIA/bia_extra_03.jpeg,0.8295424197950658,0
/home/anitadonato/tcc/tcc/data/known_faces/willa/willa_baixa_frontal_30cm.jpg,/home/anitadonato/tcc/tcc/data/known_faces/JUNIOR/junior_extra_02.jpeg,0.8229652862012845,0
/home/anitadonato/tcc/tcc/data/known_faces/Angela/angela_extra_02.jpg,/home/anitadonato/tcc/tcc/data/known_faces/luan/20260602_211923.jpg,0.7345747720851377,0
/home/anitadonato/tcc/tcc/data/known_faces/Francisca/francisca_baixa_45_dir.jpg,/home/anitadonato/tcc/tcc/data/known_faces/willa/willa_moderada_45_30cm.jpg,0.7570559209449298,0
/home/anitadonato/tcc/tcc/data/known_faces/willa/willa_extra_06.jpg,/home/anitadonato/tcc/tcc/data/known_faces/Angela/angela_extra_12.jpg,0.6111801473231606,0
/home/anitadonato/tcc/tcc/data/known_faces/julia/20260602_212712.jpg,/home/anitadonato/tcc/tcc/data/known_faces/ALESSANDRA/alessandra_extra_05.jpeg,0.7036623955628157,0
/home/anitadonato/tcc/tcc/data/known_faces/luan/20260602_211923.jpg,/home/anitadonato/tcc/tcc/data/known_faces/JUNIOR/junior_extra_06.jpeg,0.748624962297088,0
/home/anitadonato/tcc/tcc/data/known_faces/Angela/angela_extra_07.jpg,/home/anitadonato/tcc/tcc/data/known_faces/Francisca/francisca_boa_frontal.jpg,0.8152145059243726,0
/home/anitadonato/tcc/tcc/data/known_faces/luan/20260602_211836.jpg,/home/anitadonato/tcc/tcc/data/known_faces/julia/20260602_212635.jpg,0.7678198695580574,0
/home/anitadonato/tcc/tcc/data/known_faces/Francisca/francisca_extra_09.jpg,/home/anitadonato/tcc/tcc/data/known_faces/Angela/angela_baixa_45_esq.jpg,0.7027853440192015,0
/home/anitadonato/tcc/tcc/data/known_faces/luan/20260602_211923.jpg,/home/anitadonato/tcc/tcc/data/known_faces/bianca/WhatsApp Image 2026-06-04 at 22.53.18 (1).jpeg,0.7520630825589847,0
/home/anitadonato/tcc/tcc/data/known_faces/luan/20260602_211920.jpg,/home/anitadonato/tcc/tcc/data/known_faces/Angela/angela_extra_02.jpg,0.7942904663976037,0
/home/anitadonato/tcc/tcc/data/known_faces/Francisca/francisca_extra_05.jpg,/home/anitadonato/tcc/tcc/data/known_faces/BIA/bia_baixa_frontal_1m.jpeg,0.7453486738607586,0
/home/anitadonato/tcc/tcc/data/known_faces/julia/20260602_212625.jpg,/home/anitadonato/tcc/tcc/data/known_faces/JUNIOR/junior_moderada_45_30cm.jpeg,0.9199140783495505,0
/home/anitadonato/tcc/tcc/data/known_faces/willa/20260602_212507.jpg,/home/anitadonato/tcc/tcc/data/known_faces/ALESSANDRA/alessandra_boa_frontal_1m..jpeg,0.7742774450522095,0
/home/anitadonato/tcc/tcc/data/known_faces/willa/willa_baixa_45_30cm.jpg,/home/anitadonato/tcc/tcc/data/known_faces/luan/20260602_212016.jpg,0.6988964063965463,0
/home/anitadonato/tcc/tcc/data/known_faces/BIA/bia_extra_02.jpeg,/home/anitadonato/tcc/tcc/data/known_faces/JUNIOR/junior_baixa_45_1m.jpeg,0.8210292946462471,0
/home/anitadonato/tcc/tcc/data/known_faces/BIA/bia_baixa_frontal_30cm.jpeg,/home/anitadonato/tcc/tcc/data/known_faces/willa/willa_extra_08.jpg,0.6494352677288466,0
/home/anitadonato/tcc/tcc/data/known_faces/BIA/bia_extra_05.jpeg,/home/anitadonato/tcc/tcc/data/known_faces/willa/willa_baixa_frontal_30cm.jpg,0.7297983589666279,0
/home/anitadonato/tcc/tcc/data/known_faces/luan/20260602_211845.jpg,/home/anitadonato/tcc/tcc/data/known_faces/JUNIOR/junior_extra_05.jpeg,0.7962786322090714,0
/home/anitadonato/tcc/tcc/data/known_faces/julia/20260602_212712.jpg,/home/anitadonato/tcc/tcc/data/known_faces/luan/20260602_211845.jpg,0.6907023484041916,0
/home/anitadonato/tcc/tcc/data/known_faces/Francisca/francisca_extra_11.jpg,/home/anitadonato/tcc/tcc/data/known_faces/JUNIOR/junior_extra_08.jpeg,0.8079621667419787,0
/home/anitadonato/tcc/tcc/data/known_faces/julia/20260602_212740.jpg,/home/anitadonato/tcc/tcc/data/known_faces/Abraão/abraao_extra_04.jpg,0.5674842265539666,0
/home/anitadonato/tcc/tcc/data/known_faces/BIA/bia_extra_03.jpeg,/home/anitadonato/tcc/tcc/data/known_faces/JUNIOR/junior_extra_06.jpeg,0.7309168860461862,0
/home/anitadonato/tcc/tcc/data/known_faces/Francisca/francisca_extra_14.jpg,/home/anitadonato/tcc/tcc/data/known_faces/luan/20260602_212025.jpg,0.8573756866210246,0
/home/anitadonato/tcc/tcc/data/known_faces/bianca/WhatsApp Image 2026-06-04 at 22.53.14 (2).jpeg,/home/anitadonato/tcc/tcc/data/known_faces/Francisca/francisca_extra_01.jpg,0.6869230876836001,0
/home/anitadonato/tcc/tcc/data/known_faces/JUNIOR/junior_extra_05.jpeg,/home/anitadonato/tcc/tcc/data/known_faces/BIA/bia_moderada_frontal_1m.jpeg,0.7352132083570505,0
/home/anitadonato/tcc/tcc/data/known_faces/BIA/bia_moderada_45_30cm.jpeg,/home/anitadonato/tcc/tcc/data/known_faces/julia/20260602_212709.jpg,0.7725241964130029,0
/home/anitadonato/tcc/tcc/data/known_faces/Francisca/francisca_extra_10.jpg,/home/anitadonato/tcc/tcc/data/known_faces/julia/20260602_212732.jpg,0.6799974978523262,0
/home/anitadonato/tcc/tcc/data/known_faces/Angela/angela_boa_frontal.jpg,/home/anitadonato/tcc/tcc/data/known_faces/JUNIOR/junior_boa_45_1m.jpeg,0.8345200378111117,0
/home/anitadonato/tcc/tcc/data/known_faces/luan/20260602_211823.jpg,/home/anitadonato/tcc/tcc/data/known_faces/julia/julia_boa_45_esq.jpg,0.6838615136432162,0
/home/anitadonato/tcc/tcc/data/known_faces/ALESSANDRA/alessandra_extra_06.jpeg,/home/anitadonato/tcc/tcc/data/known_faces/willa/20260602_212513.jpg,0.7417569299854706,0
/home/anitadonato/tcc/tcc/data/known_faces/BIA/bia_boa_45_1m..jpeg,/home/anitadonato/tcc/tcc/data/known_faces/Abraão/abraao_baixa_45_dir.jpg,0.7290961019888093,0
/home/anitadonato/tcc/tcc/data/known_faces/ALESSANDRA/alessandra_extra_08.jpeg,/home/anitadonato/tcc/tcc/data/known_faces/julia/20260602_212618.jpg,0.8058486292766895,0
/home/anitadonato/tcc/tcc/data/known_faces/ALESSANDRA/alessandra_moderada_45_30cm.jpeg,/home/anitadonato/tcc/tcc/data/known_faces/luan/20260602_211923.jpg,0.7900031626645485,0
/home/anitadonato/tcc/tcc/data/known_faces/ALESSANDRA/alessandra_moderada_45_1m.jpeg,/home/anitadonato/tcc/tcc/data/known_faces/willa/willa_boa_45_30cm.jpg,0.7314673284299946,0
/home/anitadonato/tcc/tcc/data/known_faces/bianca/WhatsApp Image 2026-06-04 at 22.53.14 (1).jpeg,/home/anitadonato/tcc/tcc/data/known_faces/Angela/angela_boa_45_dir.jpg,0.7240436120170053,0
/home/anitadonato/tcc/tcc/data/known_faces/luan/20260602_211836.jpg,/home/anitadonato/tcc/tcc/data/known_faces/Angela/angela_extra_01.jpg,0.8049090147809229,0
/home/anitadonato/tcc/tcc/data/known_faces/bianca/WhatsApp Image 2026-06-04 at 22.53.18 (2).jpeg,/home/anitadonato/tcc/tcc/data/known_faces/julia/20260602_212635.jpg,0.7806438019652313,0
/home/anitadonato/tcc/tcc/data/known_faces/BIA/bia_baixa_frontal_1m.jpeg,/home/anitadonato/tcc/tcc/data/known_faces/Francisca/francisca_baixa_45_dir.jpg,0.7256385589608582,0
/home/anitadonato/tcc/tcc/data/known_faces/Abraão/abraao_extra_06.jpg,/home/anitadonato/tcc/tcc/data/known_faces/bianca/WhatsApp Image 2026-06-04 at 22.53.16 (2).jpeg,0.7769574298193622,0
/home/anitadonato/tcc/tcc/data/known_faces/luan/20260602_211809.jpg,/home/anitadonato/tcc/tcc/data/known_faces/julia/20260602_212618.jpg,0.5612394751400673,0
/home/anitadonato/tcc/tcc/data/known_faces/Angela/angela_extra_10.jpg,/home/anitadonato/tcc/tcc/data/known_faces/Abraão/abraao_extra_07.jpg,0.657983999225725,0
/home/anitadonato/tcc/tcc/data/known_faces/JUNIOR/junior_moderada_45_1m.jpeg,/home/anitadonato/tcc/tcc/data/known_faces/Abraão/abraao_baixa_45_esq.jpg,0.8988701948473273,0
/home/anitadonato/tcc/tcc/data/known_faces/BIA/bia_moderada_frontal_1m.jpeg,/home/anitadonato/tcc/tcc/data/known_faces/willa/willa_extra_08.jpg,0.654685121037756,0
/home/anitadonato/tcc/tcc/data/known_faces/Francisca/francisca_baixa_45_esq.jpg,/home/anitadonato/tcc/tcc/data/known_faces/ALESSANDRA/alessandra_extra_01.jpeg,0.760004692130285,0
/home/anitadonato/tcc/tcc/data/known_faces/luan/20260602_211823.jpg,/home/anitadonato/tcc/tcc/data/known_faces/ALESSANDRA/alessandra_extra_03.jpeg,0.7811610481689094,0
/home/anitadonato/tcc/tcc/data/known_faces/ALESSANDRA/alessandra_moderada_frontal_1m.jpeg,/home/anitadonato/tcc/tcc/data/known_faces/BIA/bia_boa_45_1m..jpeg,0.7436247294645109,0
/home/anitadonato/tcc/tcc/data/known_faces/bianca/WhatsApp Image 2026-06-04 at 22.53.15 (2).jpeg,/home/anitadonato/tcc/tcc/data/known_faces/Abraão/abraao_boa_45_dir.jpg,0.8103336532793995,0
/home/anitadonato/tcc/tcc/data/known_faces/willa/willa_moderada_frontal_30cm.jpg,/home/anitadonato/tcc/tcc/data/known_faces/BIA/bia_extra_05.jpeg,0.7747639327801561,0
/home/anitadonato/tcc/tcc/data/known_faces/luan/20260602_211920.jpg,/home/anitadonato/tcc/tcc/data/known_faces/JUNIOR/junior_boa_45_1m.jpeg,0.8660669075668904,0
/home/anitadonato/tcc/tcc/data/known_faces/Abraão/abraao_extra_05.jpg,/home/anitadonato/tcc/tcc/data/known_faces/luan/20260602_211809.jpg,0.6870906377763455,0
/home/anitadonato/tcc/tcc/data/known_faces/Abraão/abraao_extra_01.jpg,/home/anitadonato/tcc/tcc/data/known_faces/bianca/WhatsApp Image 2026-06-04 at 22.53.19 (5).jpeg,0.6481669793984034,0
/home/anitadonato/tcc/tcc/data/known_faces/Abraão/abraao_extra_06.jpg,/home/anitadonato/tcc/tcc/data/known_faces/JUNIOR/junior_extra_03.jpeg,0.8646569167680571,0
/home/anitadonato/tcc/tcc/data/known_faces/ALESSANDRA/alessandra_extra_07.jpeg,/home/anitadonato/tcc/tcc/data/known_faces/Francisca/francisca_extra_10.jpg,0.7434235120017078,0
/home/anitadonato/tcc/tcc/data/known_faces/BIA/bia_moderada_45_30cm.jpeg,/home/anitadonato/tcc/tcc/data/known_faces/JUNIOR/junior_extra_05.jpeg,0.7874755995036935,0
/home/anitadonato/tcc/tcc/data/known_faces/bianca/WhatsApp Image 2026-06-04 at 22.53.18.jpeg,/home/anitadonato/tcc/tcc/data/known_faces/Angela/angela_extra_13.jpg,0.8047301548031447,0
/home/anitadonato/tcc/tcc/data/known_faces/bianca/WhatsApp Image 2026-06-04 at 22.53.19 (3).jpeg,/home/anitadonato/tcc/tcc/data/known_faces/Abraão/abraao_extra_03.jpg,0.6778429918181346,0
/home/anitadonato/tcc/tcc/data/known_faces/BIA/bia_baixa_frontal_1m.jpeg,/home/anitadonato/tcc/tcc/data/known_faces/Abraão/abraao_extra_02.jpg,0.7298533285227542,0
/home/anitadonato/tcc/tcc/data/known_faces/Angela/angela_boa_45_esq.jpg,/home/anitadonato/tcc/tcc/data/known_faces/bianca/WhatsApp Image 2026-06-04 at 22.53.19 (2).jpeg,0.8430456273627104,0
/home/anitadonato/tcc/tcc/data/known_faces/Abraão/abraao_extra_03.jpg,/home/anitadonato/tcc/tcc/data/known_faces/ALESSANDRA/alessandra_extra_07.jpeg,0.6423162542802927,0
/home/anitadonato/tcc/tcc/data/known_faces/JUNIOR/junior_baixa_frontal_30cm.jpeg,/home/anitadonato/tcc/tcc/data/known_faces/Francisca/francisca_boa_45_esq.jpg,0.8051704373480025,0
/home/anitadonato/tcc/tcc/data/known_faces/Abraão/abraao_extra_07.jpg,/home/anitadonato/tcc/tcc/data/known_faces/Angela/angela_extra_09.jpg,0.6850366704378301,0
/home/anitadonato/tcc/tcc/data/known_faces/Abraão/abraao_baixa_frontal.jpg,/home/anitadonato/tcc/tcc/data/known_faces/ALESSANDRA/alessandra_extra_04.jpeg,0.7133795723042616,0
/home/anitadonato/tcc/tcc/data/known_faces/bianca/WhatsApp Image 2026-06-04 at 22.53.15 (2).jpeg,/home/anitadonato/tcc/tcc/data/known_faces/ALESSANDRA/alessandra_extra_06.jpeg,0.713263529707024,0
/home/anitadonato/tcc/tcc/data/known_faces/bianca/WhatsApp Image 2026-06-04 at 22.53.19 (2).jpeg,/home/anitadonato/tcc/tcc/data/known_faces/Abraão/abraao_extra_01.jpg,0.6633620316442738,0
/home/anitadonato/tcc/tcc/data/known_faces/willa/20260602_212521.jpg,/home/anitadonato/tcc/tcc/data/known_faces/luan/20260602_212035.jpg,0.7026083472853273,0
/home/anitadonato/tcc/tcc/data/known_faces/bianca/WhatsApp Image 2026-06-04 at 22.53.14 (2).jpeg,/home/anitadonato/tcc/tcc/data/known_faces/Angela/angela_extra_03.jpg,0.7940968727146143,0
/home/anitadonato/tcc/tcc/data/known_faces/Francisca/francisca_extra_10.jpg,/home/anitadonato/tcc/tcc/data/known_faces/willa/20260602_212513.jpg,0.725720780056779,0
/home/anitadonato/tcc/tcc/data/known_faces/Abraão/abraao_extra_07.jpg,/home/anitadonato/tcc/tcc/data/known_faces/Angela/angela_extra_03.jpg,0.6925517236138623,0
/home/anitadonato/tcc/tcc/data/known_faces/bianca/WhatsApp Image 2026-06-04 at 22.53.17 (1).jpeg,/home/anitadonato/tcc/tcc/data/known_faces/Francisca/francisca_baixa_45_esq.jpg,0.730118916903463,0
/home/anitadonato/tcc/tcc/data/known_faces/JUNIOR/junior_boa_frontal_30cm.jpeg,/home/anitadonato/tcc/tcc/data/known_faces/Francisca/francisca_extra_10.jpg,0.8380583271315928,0
/home/anitadonato/tcc/tcc/data/known_faces/willa/willa_extra_07.jpg,/home/anitadonato/tcc/tcc/data/known_faces/BIA/bia_baixa_frontal_30cm.jpeg,0.6169384489237184,0
/home/anitadonato/tcc/tcc/data/known_faces/Angela/20260602_192040.jpg,/home/anitadonato/tcc/tcc/data/known_faces/Francisca/francisca_extra_07.jpg,0.7043840310980933,0
/home/anitadonato/tcc/tcc/data/known_faces/JUNIOR/junior_extra_03.jpeg,/home/anitadonato/tcc/tcc/data/known_faces/bianca/WhatsApp Image 2026-06-04 at 22.53.16.jpeg,0.8234066714943632,0
/home/anitadonato/tcc/tcc/data/known_faces/JUNIOR/junior_moderada_frontal_30cm.jpeg,/home/anitadonato/tcc/tcc/data/known_faces/bianca/WhatsApp Image 2026-06-04 at 22.53.14 (2).jpeg,0.7881575128272345,0
/home/anitadonato/tcc/tcc/data/known_faces/Francisca/francisca_extra_15.jpg,/home/anitadonato/tcc/tcc/data/known_faces/JUNIOR/junior_boa_frontal_1m.jpeg,0.8662846792409751,0
/home/anitadonato/tcc/tcc/data/known_faces/julia/20260602_212631.jpg,/home/anitadonato/tcc/tcc/data/known_faces/JUNIOR/junior_extra_05.jpeg,0.9006934916418107,0
/home/anitadonato/tcc/tcc/data/known_faces/JUNIOR/junior_extra_08.jpeg,/home/anitadonato/tcc/tcc/data/known_faces/Francisca/francisca_extra_14.jpg,0.9050971648197508,0
/home/anitadonato/tcc/tcc/data/known_faces/BIA/bia_extra_05.jpeg,/home/anitadonato/tcc/tcc/data/known_faces/JUNIOR/junior_extra_01.jpeg,0.7466107770735005,0
/home/anitadonato/tcc/tcc/data/known_faces/bianca/WhatsApp Image 2026-06-04 at 22.53.14 (1).jpeg,/home/anitadonato/tcc/tcc/data/known_faces/JUNIOR/junior_moderada_frontal_1m.jpeg,0.7966090028455787,0
/home/anitadonato/tcc/tcc/data/known_faces/BIA/bia_boa_45_30cm.jpeg,/home/anitadonato/tcc/tcc/data/known_faces/luan/20260602_212035.jpg,0.7423368514139091,0
/home/anitadonato/tcc/tcc/data/known_faces/luan/20260602_212013.jpg,/home/anitadonato/tcc/tcc/data/known_faces/ALESSANDRA/alessandra_boa_frontal_1m..jpeg,0.7660511208700498,0
/home/anitadonato/tcc/tcc/data/known_faces/julia/20260602_212625.jpg,/home/anitadonato/tcc/tcc/data/known_faces/Francisca/francisca_extra_08.jpg,0.7109877874788907,0
/home/anitadonato/tcc/tcc/data/known_faces/julia/20260602_212704.jpg,/home/anitadonato/tcc/tcc/data/known_faces/Angela/angela_extra_02.jpg,0.7458666147324793,0
/home/anitadonato/tcc/tcc/data/known_faces/Francisca/francisca_extra_08.jpg,/home/anitadonato/tcc/tcc/data/known_faces/Angela/angela_extra_07.jpg,0.7655020537127891,0
/home/anitadonato/tcc/tcc/data/known_faces/Abraão/abraao_extra_09.jpg,/home/anitadonato/tcc/tcc/data/known_faces/julia/julia_boa_frontal.jpg,0.5792934195169116,0
/home/anitadonato/tcc/tcc/data/known_faces/willa/20260602_212511.jpg,/home/anitadonato/tcc/tcc/data/known_faces/Abraão/abraao_extra_01.jpg,0.6805428735465214,0
/home/anitadonato/tcc/tcc/data/known_faces/JUNIOR/junior_moderada_frontal_30cm.jpeg,/home/anitadonato/tcc/tcc/data/known_faces/Angela/angela_baixa_45_esq.jpg,0.8650378981437319,0
/home/anitadonato/tcc/tcc/data/known_faces/willa/willa_extra_03.jpg,/home/anitadonato/tcc/tcc/data/known_faces/bianca/WhatsApp Image 2026-06-04 at 22.53.19 (4).jpeg,0.8540081397568351,0
/home/anitadonato/tcc/tcc/data/known_faces/bianca/WhatsApp Image 2026-06-04 at 22.53.13 (1).jpeg,/home/anitadonato/tcc/tcc/data/known_faces/Abraão/abraao_baixo_45_esq.jpg,0.7055981932856731,0
/home/anitadonato/tcc/tcc/data/known_faces/Francisca/francisca_extra_11.jpg,/home/anitadonato/tcc/tcc/data/known_faces/BIA/bia_moderada_45_1m.jpeg,0.7655714644626596,0
/home/anitadonato/tcc/tcc/data/known_faces/luan/20260602_212013.jpg,/home/anitadonato/tcc/tcc/data/known_faces/BIA/bia_extra_04.jpeg,0.6979217195339857,0
/home/anitadonato/tcc/tcc/data/known_faces/bianca/WhatsApp Image 2026-06-04 at 22.53.19 (3).jpeg,/home/anitadonato/tcc/tcc/data/known_faces/julia/julia_boa_frontal.jpg,0.7519716465443632,0
/home/anitadonato/tcc/tcc/data/known_faces/julia/20260602_212704.jpg,/home/anitadonato/tcc/tcc/data/known_faces/Abraão/abraao_extra_07.jpg,0.6731822555414189,0
/home/anitadonato/tcc/tcc/data/known_faces/Abraão/abraao_boa_45_.jpg,/home/anitadonato/tcc/tcc/data/known_faces/willa/willa_extra_04.jpg,0.5513905005280062,0
/home/anitadonato/tcc/tcc/data/known_faces/Francisca/francisca_extra_09.jpg,/home/anitadonato/tcc/tcc/data/known_faces/JUNIOR/junior_boa_frontal_1m.jpeg,0.8385378775717792,0
/home/anitadonato/tcc/tcc/data/known_faces/Abraão/abraao_extra_08.jpg,/home/anitadonato/tcc/tcc/data/known_faces/julia/20260602_212709.jpg,0.594436596269723,0
/home/anitadonato/tcc/tcc/data/known_faces/Abraão/abraao_baixa_45_esq.jpg,/home/anitadonato/tcc/tcc/data/known_faces/Francisca/francisca_baixa_frontal.jpg,0.7866779476428648,0
/home/anitadonato/tcc/tcc/data/known_faces/ALESSANDRA/alessandra_baixa_frontal_30cm.jpeg,/home/anitadonato/tcc/tcc/data/known_faces/JUNIOR/junior_boa_45_30cm.jpeg,0.8579160729314647,0
/home/anitadonato/tcc/tcc/data/known_faces/BIA/bia_boa_45_30cm.jpeg,/home/anitadonato/tcc/tcc/data/known_faces/luan/20260602_212022.jpg,0.7583550347885715,0
/home/anitadonato/tcc/tcc/data/known_faces/Angela/angela_extra_12.jpg,/home/anitadonato/tcc/tcc/data/known_faces/JUNIOR/junior_extra_06.jpeg,0.8193515708074167,0
/home/anitadonato/tcc/tcc/data/known_faces/julia/20260602_212724.jpg,/home/anitadonato/tcc/tcc/data/known_faces/BIA/bia_boa_45_30cm.jpeg,0.7541796586953471,0
/home/anitadonato/tcc/tcc/data/known_faces/Angela/angela_extra_07.jpg,/home/anitadonato/tcc/tcc/data/known_faces/bianca/WhatsApp Image 2026-06-04 at 22.53.13 (1).jpeg,0.7153331298004033,0
/home/anitadonato/tcc/tcc/data/known_faces/willa/willa_extra_07.jpg,/home/anitadonato/tcc/tcc/data/known_faces/BIA/bia_moderada_frontal_1m.jpeg,0.6187252592606965,0
/home/anitadonato/tcc/tcc/data/known_faces/bianca/WhatsApp Image 2026-06-04 at 22.53.13 (1).jpeg,/home/anitadonato/tcc/tcc/data/known_faces/willa/willa_baixa_45_30cm.jpg,0.8181855731509826,0
/home/anitadonato/tcc/tcc/data/known_faces/BIA/bia_baixa_frontal_1m.jpeg,/home/anitadonato/tcc/tcc/data/known_faces/Francisca/francisca_extra_14.jpg,0.7735805957187291,0
/home/anitadonato/tcc/tcc/data/known_faces/Francisca/francisca_extra_11.jpg,/home/anitadonato/tcc/tcc/data/known_faces/julia/20260602_212709.jpg,0.6914049011585099,0
/home/anitadonato/tcc/tcc/data/known_faces/willa/willa_extra_05.jpg,/home/anitadonato/tcc/tcc/data/known_faces/bianca/WhatsApp Image 2026-06-04 at 22.53.18 (2).jpeg,0.8245715412846807,0
/home/anitadonato/tcc/tcc/data/known_faces/Abraão/abraao_extra_05.jpg,/home/anitadonato/tcc/tcc/data/known_faces/JUNIOR/junior_extra_07.jpeg,0.8491961765673606,0
/home/anitadonato/tcc/tcc/data/known_faces/willa/willa_extra_02.jpg,/home/anitadonato/tcc/tcc/data/known_faces/Angela/angela_extra_13.jpg,0.6576340736358943,0
/home/anitadonato/tcc/tcc/data/known_faces/Abraão/abraao_extra_04.jpg,/home/anitadonato/tcc/tcc/data/known_faces/Angela/angela_boa_45_dir.jpg,0.6950341091769996,0
/home/anitadonato/tcc/tcc/data/known_faces/BIA/bia_baixa_frontal_30cm.jpeg,/home/anitadonato/tcc/tcc/data/known_faces/Francisca/francisca_boa_frontal.jpg,0.8254072823955313,0
/home/anitadonato/tcc/tcc/data/known_faces/JUNIOR/junior_moderada_45_1m.jpeg,/home/anitadonato/tcc/tcc/data/known_faces/Angela/angela_extra_07.jpg,0.8366481024457081,0
/home/anitadonato/tcc/tcc/data/known_faces/bianca/WhatsApp Image 2026-06-04 at 22.53.18 (2).jpeg,/home/anitadonato/tcc/tcc/data/known_faces/Angela/angela_extra_07.jpg,0.8326041376417316,0
/home/anitadonato/tcc/tcc/data/known_faces/bianca/WhatsApp Image 2026-06-04 at 22.53.17 (1).jpeg,/home/anitadonato/tcc/tcc/data/known_faces/Angela/angela_extra_12.jpg,0.7645203810506627,0
/home/anitadonato/tcc/tcc/data/known_faces/Angela/angela_boa_frontal.jpg,/home/anitadonato/tcc/tcc/data/known_faces/luan/20260602_212016.jpg,0.8094998976979237,0
/home/anitadonato/tcc/tcc/data/known_faces/julia/20260602_212712.jpg,/home/anitadonato/tcc/tcc/data/known_faces/ALESSANDRA/alessandra_baixa_45_1m.jpeg,0.6858627584907839,0
/home/anitadonato/tcc/tcc/data/known_faces/julia/20260602_212633.jpg,/home/anitadonato/tcc/tcc/data/known_faces/Angela/angela_extra_07.jpg,0.6692807988828796,0
/home/anitadonato/tcc/tcc/data/known_faces/bianca/WhatsApp Image 2026-06-04 at 22.53.16 (3).jpeg,/home/anitadonato/tcc/tcc/data/known_faces/julia/20260602_212732.jpg,0.8124370902427765,0
/home/anitadonato/tcc/tcc/data/known_faces/julia/20260602_212625.jpg,/home/anitadonato/tcc/tcc/data/known_faces/Angela/angela_extra_13.jpg,0.7224417195938978,0
/home/anitadonato/tcc/tcc/data/known_faces/Francisca/francisca_extra_13.jpg,/home/anitadonato/tcc/tcc/data/known_faces/BIA/bia_extra_02.jpeg,0.7814683281713909,0
/home/anitadonato/tcc/tcc/data/known_faces/Angela/angela_extra_13.jpg,/home/anitadonato/tcc/tcc/data/known_faces/julia/20260602_212740.jpg,0.6664682383466113,0
/home/anitadonato/tcc/tcc/data/known_faces/Abraão/abraao_extra_05.jpg,/home/anitadonato/tcc/tcc/data/known_faces/Francisca/francisca_extra_13.jpg,0.7773609639540281,0
/home/anitadonato/tcc/tcc/data/known_faces/ALESSANDRA/alessandra_moderada_45_30cm.jpeg,/home/anitadonato/tcc/tcc/data/known_faces/julia/20260602_212633.jpg,0.7946094241273923,0
/home/anitadonato/tcc/tcc/data/known_faces/Francisca/francisca_extra_09.jpg,/home/anitadonato/tcc/tcc/data/known_faces/ALESSANDRA/alessandra_extra_01.jpeg,0.7595685794469756,0
/home/anitadonato/tcc/tcc/data/known_faces/JUNIOR/junior_extra_07.jpeg,/home/anitadonato/tcc/tcc/data/known_faces/Abraão/abraao_baixo_45_esq.jpg,0.8963943462545568,0
/home/anitadonato/tcc/tcc/data/known_faces/BIA/bia_moderada_frontal_1m.jpeg,/home/anitadonato/tcc/tcc/data/known_faces/willa/willa_extra_04.jpg,0.6579190539284735,0
/home/anitadonato/tcc/tcc/data/known_faces/willa/20260602_212521.jpg,/home/anitadonato/tcc/tcc/data/known_faces/bianca/WhatsApp Image 2026-06-04 at 22.53.18 (3).jpeg,0.8645532962777531,0
/home/anitadonato/tcc/tcc/data/known_faces/willa/willa_moderada_45_30cm.jpg,/home/anitadonato/tcc/tcc/data/known_faces/JUNIOR/junior_extra_01.jpeg,0.771874555558485,0
/home/anitadonato/tcc/tcc/data/known_faces/willa/20260602_212521.jpg,/home/anitadonato/tcc/tcc/data/known_faces/luan/20260602_211913.jpg,0.7067927003562872,0
/home/anitadonato/tcc/tcc/data/known_faces/Francisca/francisca_extra_14.jpg,/home/anitadonato/tcc/tcc/data/known_faces/willa/willa_boa_45_30cm.jpg,0.773928067547036,0
/home/anitadonato/tcc/tcc/data/known_faces/ALESSANDRA/alessandra_boa_45_1m..jpeg,/home/anitadonato/tcc/tcc/data/known_faces/Francisca/francisca_boa_45_esq.jpg,0.7421199604539775,0
/home/anitadonato/tcc/tcc/data/known_faces/BIA/bia_extra_03.jpeg,/home/anitadonato/tcc/tcc/data/known_faces/Angela/angela_extra_02.jpg,0.7696578354446226,0
/home/anitadonato/tcc/tcc/data/known_faces/bianca/WhatsApp Image 2026-06-04 at 22.53.14 (2).jpeg,/home/anitadonato/tcc/tcc/data/known_faces/julia/julia_boa_frontal.jpg,0.760311899153163,0
/home/anitadonato/tcc/tcc/data/known_faces/Francisca/francisca_extra_07.jpg,/home/anitadonato/tcc/tcc/data/known_faces/bianca/WhatsApp Image 2026-06-04 at 22.53.16.jpeg,0.771757885693871,0
/home/anitadonato/tcc/tcc/data/known_faces/Abraão/abraao_extra_06.jpg,/home/anitadonato/tcc/tcc/data/known_faces/willa/willa_extra_09.jpg,0.6143773580082567,0
/home/anitadonato/tcc/tcc/data/known_faces/Francisca/francisca_extra_09.jpg,/home/anitadonato/tcc/tcc/data/known_faces/JUNIOR/junior_extra_08.jpeg,0.8008242254432515,0
/home/anitadonato/tcc/tcc/data/known_faces/JUNIOR/junior_baixa_frontal_1m.jpeg,/home/anitadonato/tcc/tcc/data/known_faces/ALESSANDRA/alessandra_extra_07.jpeg,0.8417111686635451,0
/home/anitadonato/tcc/tcc/data/known_faces/BIA/bia_boa_frontal_1m..jpeg,/home/anitadonato/tcc/tcc/data/known_faces/bianca/WhatsApp Image 2026-06-04 at 22.53.17 (1).jpeg,0.6501962200298229,0
/home/anitadonato/tcc/tcc/data/known_faces/Francisca/francisca_extra_04.jpg,/home/anitadonato/tcc/tcc/data/known_faces/JUNIOR/junior_extra_03.jpeg,0.8534814207706047,0
/home/anitadonato/tcc/tcc/data/known_faces/luan/20260602_212025.jpg,/home/anitadonato/tcc/tcc/data/known_faces/Angela/angela_extra_10.jpg,0.7354424539898136,0
/home/anitadonato/tcc/tcc/data/known_faces/JUNIOR/junior_baixa_45_30cm.jpeg,/home/anitadonato/tcc/tcc/data/known_faces/ALESSANDRA/alessandra_baixa_frontal_30cm.jpeg,0.9268182596846662,0
/home/anitadonato/tcc/tcc/data/known_faces/julia/20260602_212628.jpg,/home/anitadonato/tcc/tcc/data/known_faces/ALESSANDRA/alessandra_boa_45_30cm.jpeg,0.7276410050712332,0
/home/anitadonato/tcc/tcc/data/known_faces/julia/20260602_212618.jpg,/home/anitadonato/tcc/tcc/data/known_faces/willa/willa_extra_06.jpg,0.6889761121520285,0
/home/anitadonato/tcc/tcc/data/known_faces/BIA/bia_extra_02.jpeg,/home/anitadonato/tcc/tcc/data/known_faces/Angela/angela_boa_frontal.jpg,0.7373535644134138,0
/home/anitadonato/tcc/tcc/data/known_faces/Francisca/francisca_extra_06.jpg,/home/anitadonato/tcc/tcc/data/known_faces/Abraão/abraao_extra_02.jpg,0.7246951015530813,0
/home/anitadonato/tcc/tcc/data/known_faces/Abraão/abraao_boa_45_dir.jpg,/home/anitadonato/tcc/tcc/data/known_faces/JUNIOR/junior_baixa_45_30cm.jpeg,0.9685798406655495,0
/home/anitadonato/tcc/tcc/data/known_faces/bianca/WhatsApp Image 2026-06-04 at 22.53.19 (2).jpeg,/home/anitadonato/tcc/tcc/data/known_faces/Francisca/francisca_extra_02.jpg,0.749812605836997,0
/home/anitadonato/tcc/tcc/data/known_faces/bianca/WhatsApp Image 2026-06-04 at 22.53.19 (1).jpeg,/home/anitadonato/tcc/tcc/data/known_faces/Abraão/abraao_baixo_45_esq.jpg,0.7227948545922728,0
/home/anitadonato/tcc/tcc/data/known_faces/ALESSANDRA/alessandra_extra_08.jpeg,/home/anitadonato/tcc/tcc/data/known_faces/BIA/bia_baixa_frontal_1m.jpeg,0.7247634875805915,0
/home/anitadonato/tcc/tcc/data/known_faces/Angela/angela_extra_11.jpg,/home/anitadonato/tcc/tcc/data/known_faces/BIA/bia_extra_07.jpeg,0.7542045513312445,0
/home/anitadonato/tcc/tcc/data/known_faces/ALESSANDRA/alessandra_extra_03.jpeg,/home/anitadonato/tcc/tcc/data/known_faces/willa/20260602_212511.jpg,0.7485028126444666,0
/home/anitadonato/tcc/tcc/data/known_faces/bianca/WhatsApp Image 2026-06-04 at 22.53.17 (1).jpeg,/home/anitadonato/tcc/tcc/data/known_faces/Angela/angela_baixa_frontal.jpg,0.7904524094512482,0
/home/anitadonato/tcc/tcc/data/known_faces/BIA/bia_baixa_frontal_1m.jpeg,/home/anitadonato/tcc/tcc/data/known_faces/bianca/WhatsApp Image 2026-06-04 at 22.53.19 (2).jpeg,0.613268094489363,0
/home/anitadonato/tcc/tcc/data/known_faces/Abraão/abraao_extra_04.jpg,/home/anitadonato/tcc/tcc/data/known_faces/willa/willa_extra_04.jpg,0.5725861988728941,0
/home/anitadonato/tcc/tcc/data/known_faces/Francisca/francisca_extra_07.jpg,/home/anitadonato/tcc/tcc/data/known_faces/Angela/angela_boa_45_esq.jpg,0.7500289843672974,0
/home/anitadonato/tcc/tcc/data/known_faces/Angela/angela_extra_11.jpg,/home/anitadonato/tcc/tcc/data/known_faces/Abraão/abraao_baixa_45_dir.jpg,0.6961044826121835,0
/home/anitadonato/tcc/tcc/data/known_faces/willa/willa_extra_07.jpg,/home/anitadonato/tcc/tcc/data/known_faces/Angela/angela_extra_06.jpg,0.6619867925083053,0
/home/anitadonato/tcc/tcc/data/known_faces/BIA/bia_extra_06.jpeg,/home/anitadonato/tcc/tcc/data/known_faces/Angela/angela_extra_09.jpg,0.711717240106055,0
/home/anitadonato/tcc/tcc/data/known_faces/BIA/bia_baixa_frontal_30cm.jpeg,/home/anitadonato/tcc/tcc/data/known_faces/Abraão/abraao_boa_45_.jpg,0.7511231075874222,0
/home/anitadonato/tcc/tcc/data/known_faces/Abraão/abraao_extra_05.jpg,/home/anitadonato/tcc/tcc/data/known_faces/bianca/WhatsApp Image 2026-06-04 at 22.53.16 (3).jpeg,0.7700767551099572,0
/home/anitadonato/tcc/tcc/data/known_faces/JUNIOR/junior_boa_frontal_30cm.jpeg,/home/anitadonato/tcc/tcc/data/known_faces/Angela/angela_extra_03.jpg,0.7917569828844242,0
/home/anitadonato/tcc/tcc/data/known_faces/Francisca/francisca_extra_11.jpg,/home/anitadonato/tcc/tcc/data/known_faces/BIA/bia_moderada_frontal_30cm.jpeg,0.7755012434175558,0
/home/anitadonato/tcc/tcc/data/known_faces/luan/20260602_211920.jpg,/home/anitadonato/tcc/tcc/data/known_faces/BIA/bia_extra_02.jpeg,0.7461217415049349,0
/home/anitadonato/tcc/tcc/data/known_faces/ALESSANDRA/alessandra_extra_08.jpeg,/home/anitadonato/tcc/tcc/data/known_faces/BIA/bia_extra_05.jpeg,0.7047381538055073,0
/home/anitadonato/tcc/tcc/data/known_faces/Abraão/abraao_extra_09.jpg,/home/anitadonato/tcc/tcc/data/known_faces/BIA/bia_moderada_frontal_30cm.jpeg,0.7207569566028016,0
/home/anitadonato/tcc/tcc/data/known_faces/JUNIOR/junior_extra_05.jpeg,/home/anitadonato/tcc/tcc/data/known_faces/Angela/angela_extra_13.jpg,0.8208857828560575,0
/home/anitadonato/tcc/tcc/data/known_faces/bianca/WhatsApp Image 2026-06-04 at 22.53.18 (1).jpeg,/home/anitadonato/tcc/tcc/data/known_faces/JUNIOR/junior_boa_45_30cm.jpeg,0.8674162867978272,0
/home/anitadonato/tcc/tcc/data/known_faces/julia/20260602_212618.jpg,/home/anitadonato/tcc/tcc/data/known_faces/Abraão/abraao_baixa_frontal.jpg,0.6034176638280021,0
/home/anitadonato/tcc/tcc/data/known_faces/ALESSANDRA/alessandra_moderada_45_1m.jpeg,/home/anitadonato/tcc/tcc/data/known_faces/bianca/WhatsApp Image 2026-06-04 at 22.53.15 (2).jpeg,0.6595370475631877,0
/home/anitadonato/tcc/tcc/data/known_faces/luan/20260602_211923.jpg,/home/anitadonato/tcc/tcc/data/known_faces/bianca/WhatsApp Image 2026-06-04 at 22.53.19 (1).jpeg,0.6820402955404048,0
/home/anitadonato/tcc/tcc/data/known_faces/bianca/WhatsApp Image 2026-06-04 at 22.53.18 (4).jpeg,/home/anitadonato/tcc/tcc/data/known_faces/Abraão/abraao_boa_45_.jpg,0.6565142805530232,0
/home/anitadonato/tcc/tcc/data/known_faces/Francisca/francisca_extra_04.jpg,/home/anitadonato/tcc/tcc/data/known_faces/Abraão/abraao_baixa_frontal.jpg,0.783605997996474,0
/home/anitadonato/tcc/tcc/data/known_faces/JUNIOR/junior_moderada_frontal_1m.jpeg,/home/anitadonato/tcc/tcc/data/known_faces/bianca/WhatsApp Image 2026-06-04 at 22.53.18 (4).jpeg,0.8304717015075872,0
/home/anitadonato/tcc/tcc/data/known_faces/Abraão/abraao_extra_07.jpg,/home/anitadonato/tcc/tcc/data/known_faces/Francisca/francisca_extra_02.jpg,0.7905678097118242,0
/home/anitadonato/tcc/tcc/data/known_faces/ALESSANDRA/alessandra_baixa_frontal_1m.jpeg,/home/anitadonato/tcc/tcc/data/known_faces/BIA/bia_extra_06.jpeg,0.6781695126209353,0
/home/anitadonato/tcc/tcc/data/known_faces/Abraão/abraao_baixa_45_esq.jpg,/home/anitadonato/tcc/tcc/data/known_faces/julia/20260602_212704.jpg,0.5840879804660861,0
/home/anitadonato/tcc/tcc/data/known_faces/Angela/20260602_192040.jpg,/home/anitadonato/tcc/tcc/data/known_faces/Abraão/abraao_boa_45_.jpg,0.7589075305087369,0
/home/anitadonato/tcc/tcc/data/known_faces/ALESSANDRA/alessandra_extra_08.jpeg,/home/anitadonato/tcc/tcc/data/known_faces/Angela/angela_extra_06.jpg,0.6229144555605727,0
/home/anitadonato/tcc/tcc/data/known_faces/JUNIOR/junior_extra_01.jpeg,/home/anitadonato/tcc/tcc/data/known_faces/Angela/angela_boa_45_dir.jpg,0.8741369902797393,0
/home/anitadonato/tcc/tcc/data/known_faces/ALESSANDRA/alessandra_extra_06.jpeg,/home/anitadonato/tcc/tcc/data/known_faces/JUNIOR/junior_extra_01.jpeg,0.8894160117683862,0
/home/anitadonato/tcc/tcc/data/known_faces/luan/20260602_211837.jpg,/home/anitadonato/tcc/tcc/data/known_faces/Abraão/abraao_baixa_frontal.jpg,0.7264957679296353,0
/home/anitadonato/tcc/tcc/data/known_faces/julia/julia_boa_45_esq(1).jpg,/home/anitadonato/tcc/tcc/data/known_faces/willa/willa_extra_04.jpg,0.6974937877008904,0
/home/anitadonato/tcc/tcc/data/known_faces/ALESSANDRA/alessandra_moderada_frontal_1m.jpeg,/home/anitadonato/tcc/tcc/data/known_faces/julia/20260602_212631.jpg,0.8117331116596211,0
/home/anitadonato/tcc/tcc/data/known_faces/willa/willa_baixa_frontal_30cm.jpg,/home/anitadonato/tcc/tcc/data/known_faces/Abraão/abraao_extra_10.jpg,0.6530866752607731,0
/home/anitadonato/tcc/tcc/data/known_faces/ALESSANDRA/alessandra_baixa_45_1m.jpeg,/home/anitadonato/tcc/tcc/data/known_faces/willa/willa_baixa_frontal_30cm.jpg,0.7787914815876487,0
/home/anitadonato/tcc/tcc/data/known_faces/ALESSANDRA/alessandra_extra_04.jpeg,/home/anitadonato/tcc/tcc/data/known_faces/julia/20260602_212724.jpg,0.6786852834960522,0
/home/anitadonato/tcc/tcc/data/known_faces/Angela/angela_baixa_45_esq.jpg,/home/anitadonato/tcc/tcc/data/known_faces/willa/willa_moderada_45_30cm.jpg,0.6808701816387546,0
/home/anitadonato/tcc/tcc/data/known_faces/bianca/WhatsApp Image 2026-06-04 at 22.53.15.jpeg,/home/anitadonato/tcc/tcc/data/known_faces/BIA/bia_boa_frontal_30cm..jpeg,0.6695061849449782,0
/home/anitadonato/tcc/tcc/data/known_faces/bianca/WhatsApp Image 2026-06-04 at 22.53.15 (1).jpeg,/home/anitadonato/tcc/tcc/data/known_faces/JUNIOR/junior_baixa_frontal_1m.jpeg,0.7094793370507927,0
/home/anitadonato/tcc/tcc/data/known_faces/willa/20260602_212511.jpg,/home/anitadonato/tcc/tcc/data/known_faces/JUNIOR/junior_moderada_45_1m.jpeg,0.8205055309083348,0
/home/anitadonato/tcc/tcc/data/known_faces/ALESSANDRA/alessandra_boa_frontal_30cm..jpeg,/home/anitadonato/tcc/tcc/data/known_faces/Angela/angela_extra_11.jpg,0.6354083658784407,0
/home/anitadonato/tcc/tcc/data/known_faces/ALESSANDRA/alessandra_baixa_frontal_1m.jpeg,/home/anitadonato/tcc/tcc/data/known_faces/bianca/WhatsApp Image 2026-06-04 at 22.53.19.jpeg,0.7495018011441344,0
/home/anitadonato/tcc/tcc/data/known_faces/julia/20260602_212704.jpg,/home/anitadonato/tcc/tcc/data/known_faces/Francisca/francisca_extra_05.jpg,0.705844777902486,0
/home/anitadonato/tcc/tcc/data/known_faces/JUNIOR/junior_extra_02.jpeg,/home/anitadonato/tcc/tcc/data/known_faces/BIA/bia_moderada_frontal_1m.jpeg,0.7126744041373327,0
/home/anitadonato/tcc/tcc/data/known_faces/Francisca/francisca_extra_09.jpg,/home/anitadonato/tcc/tcc/data/known_faces/BIA/bia_extra_04.jpeg,0.7494579605233175,0
/home/anitadonato/tcc/tcc/data/known_faces/willa/willa_baixa_45_30cm.jpg,/home/anitadonato/tcc/tcc/data/known_faces/julia/julia_boa_45_esq.jpg,0.7406867438494447,0
/home/anitadonato/tcc/tcc/data/known_faces/ALESSANDRA/alessandra_moderada_45_30cm.jpeg,/home/anitadonato/tcc/tcc/data/known_faces/BIA/bia_extra_04.jpeg,0.6902614785820178,0
/home/anitadonato/tcc/tcc/data/known_faces/ALESSANDRA/alessandra_baixa_45_1m.jpeg,/home/anitadonato/tcc/tcc/data/known_faces/JUNIOR/junior_extra_05.jpeg,0.8517222104897549,0
/home/anitadonato/tcc/tcc/data/known_faces/Francisca/francisca_extra_01.jpg,/home/anitadonato/tcc/tcc/data/known_faces/Abraão/abraao_extra_10.jpg,0.7464664122101128,0
/home/anitadonato/tcc/tcc/data/known_faces/BIA/bia_extra_08.jpeg,/home/anitadonato/tcc/tcc/data/known_faces/bianca/WhatsApp Image 2026-06-04 at 22.53.13 (2).jpeg,0.6971537497172725,0
/home/anitadonato/tcc/tcc/data/known_faces/Angela/angela_baixa_frontal.jpg,/home/anitadonato/tcc/tcc/data/known_faces/Francisca/francisca_baixa_45_dir.jpg,0.7149313617060671,0
/home/anitadonato/tcc/tcc/data/known_faces/julia/julia_boa_frontal.jpg,/home/anitadonato/tcc/tcc/data/known_faces/Abraão/abraao_baixo_45_esq.jpg,0.5929383005272032,0
/home/anitadonato/tcc/tcc/data/known_faces/Abraão/abraao_extra_07.jpg,/home/anitadonato/tcc/tcc/data/known_faces/ALESSANDRA/alessandra_boa_45_1m..jpeg,0.7350707325684951,0
/home/anitadonato/tcc/tcc/data/known_faces/BIA/bia_extra_01.jpeg,/home/anitadonato/tcc/tcc/data/known_faces/Francisca/francisca_extra_05.jpg,0.7848136625946566,0
/home/anitadonato/tcc/tcc/data/known_faces/bianca/WhatsApp Image 2026-06-04 at 22.53.15.jpeg,/home/anitadonato/tcc/tcc/data/known_faces/JUNIOR/junior_extra_07.jpeg,0.836689838829679,0
/home/anitadonato/tcc/tcc/data/known_faces/Francisca/francisca_baixa_45_esq.jpg,/home/anitadonato/tcc/tcc/data/known_faces/BIA/bia_boa_frontal_1m..jpeg,0.759663948373613,0
/home/anitadonato/tcc/tcc/data/known_faces/Angela/angela_boa_45_esq.jpg,/home/anitadonato/tcc/tcc/data/known_faces/Abraão/abraao_baixo_45_esq.jpg,0.7067668650274639,0
/home/anitadonato/tcc/tcc/data/known_faces/Angela/angela_extra_09.jpg,/home/anitadonato/tcc/tcc/data/known_faces/julia/20260602_212709.jpg,0.6836142105423991,0
/home/anitadonato/tcc/tcc/data/known_faces/bianca/WhatsApp Image 2026-06-04 at 22.53.18 (1).jpeg,/home/anitadonato/tcc/tcc/data/known_faces/Abraão/abraao_extra_05.jpg,0.7471312009232326,0
/home/anitadonato/tcc/tcc/data/known_faces/BIA/bia_extra_02.jpeg,/home/anitadonato/tcc/tcc/data/known_faces/julia/20260602_212732.jpg,0.7247773839444844,0
/home/anitadonato/tcc/tcc/data/known_faces/Francisca/francisca_baixa_45_esq.jpg,/home/anitadonato/tcc/tcc/data/known_faces/Abraão/abraao_boa_45_dir.jpg,0.6931443714617759,0
/home/anitadonato/tcc/tcc/data/known_faces/Francisca/francisca_extra_01.jpg,/home/anitadonato/tcc/tcc/data/known_faces/ALESSANDRA/alessandra_extra_03.jpeg,0.7398484443726734,0
/home/anitadonato/tcc/tcc/data/known_faces/Angela/angela_extra_02.jpg,/home/anitadonato/tcc/tcc/data/known_faces/Abraão/abraao_extra_05.jpg,0.705514329406848,0
/home/anitadonato/tcc/tcc/data/known_faces/bianca/WhatsApp Image 2026-06-04 at 22.53.13 (2).jpeg,/home/anitadonato/tcc/tcc/data/known_faces/luan/20260602_212035.jpg,0.7085917786118281,0
/home/anitadonato/tcc/tcc/data/known_faces/Francisca/francisca_boa_frontal.jpg,/home/anitadonato/tcc/tcc/data/known_faces/willa/20260602_212418.jpg,0.7911105585911242,0
/home/anitadonato/tcc/tcc/data/known_faces/bianca/WhatsApp Image 2026-06-04 at 22.53.18 (1).jpeg,/home/anitadonato/tcc/tcc/data/known_faces/julia/julia_boa_45_esq.jpg,0.7990944308422138,0
/home/anitadonato/tcc/tcc/data/known_faces/BIA/bia_extra_07.jpeg,/home/anitadonato/tcc/tcc/data/known_faces/Abraão/abraao_baixo_45_esq.jpg,0.7665491308883283,0
/home/anitadonato/tcc/tcc/data/known_faces/Angela/20260602_192040.jpg,/home/anitadonato/tcc/tcc/data/known_faces/Abraão/abraao_baixa_45_esq.jpg,0.6698934386204675,0
/home/anitadonato/tcc/tcc/data/known_faces/BIA/bia_boa_frontal_1m..jpeg,/home/anitadonato/tcc/tcc/data/known_faces/Angela/angela_extra_07.jpg,0.7864505613623779,0
/home/anitadonato/tcc/tcc/data/known_faces/JUNIOR/junior_moderada_frontal_1m.jpeg,/home/anitadonato/tcc/tcc/data/known_faces/Abraão/abraao_extra_02.jpg,0.9112461328975793,0
/home/anitadonato/tcc/tcc/data/known_faces/Abraão/abraao_baixa_frontal.jpg,/home/anitadonato/tcc/tcc/data/known_faces/ALESSANDRA/alessandra_boa_frontal_1m..jpeg,0.6542504000628782,0
/home/anitadonato/tcc/tcc/data/known_faces/julia/20260602_212625.jpg,/home/anitadonato/tcc/tcc/data/known_faces/Angela/angela_extra_05.jpg,0.7174408269491349,0
/home/anitadonato/tcc/tcc/data/known_faces/Angela/angela_extra_07.jpg,/home/anitadonato/tcc/tcc/data/known_faces/bianca/WhatsApp Image 2026-06-04 at 22.53.17 (1).jpeg,0.7700850654712067,0
/home/anitadonato/tcc/tcc/data/known_faces/ALESSANDRA/alessandra_extra_06.jpeg,/home/anitadonato/tcc/tcc/data/known_faces/bianca/WhatsApp Image 2026-06-04 at 22.53.14 (3).jpeg,0.7010607779863364,0
/home/anitadonato/tcc/tcc/data/known_faces/JUNIOR/junior_boa_45_30cm.jpeg,/home/anitadonato/tcc/tcc/data/known_faces/BIA/bia_extra_01.jpeg,0.7969887863872575,0
/home/anitadonato/tcc/tcc/data/known_faces/Francisca/francisca_boa_45_esq.jpg,/home/anitadonato/tcc/tcc/data/known_faces/julia/20260602_212621.jpg,0.7306281497926796,0
/home/anitadonato/tcc/tcc/data/known_faces/willa/willa_extra_02.jpg,/home/anitadonato/tcc/tcc/data/known_faces/BIA/bia_extra_08.jpeg,0.7668394475150839,0
/home/anitadonato/tcc/tcc/data/known_faces/bianca/WhatsApp Image 2026-06-04 at 22.53.17 (1).jpeg,/home/anitadonato/tcc/tcc/data/known_faces/luan/20260602_211809.jpg,0.7214714249850928,0
/home/anitadonato/tcc/tcc/data/known_faces/Abraão/abraao_extra_06.jpg,/home/anitadonato/tcc/tcc/data/known_faces/Francisca/francisca_boa_45_esq.jpg,0.7501543232076278,0
/home/anitadonato/tcc/tcc/data/known_faces/bianca/WhatsApp Image 2026-06-04 at 22.53.18 (4).jpeg,/home/anitadonato/tcc/tcc/data/known_faces/BIA/bia_moderada_45_1m.jpeg,0.7195885082230017,0
/home/anitadonato/tcc/tcc/data/known_faces/JUNIOR/junior_moderada_45_30cm.jpeg,/home/anitadonato/tcc/tcc/data/known_faces/julia/20260602_212740.jpg,0.8819917808887554,0
/home/anitadonato/tcc/tcc/data/known_faces/JUNIOR/junior_extra_03.jpeg,/home/anitadonato/tcc/tcc/data/known_faces/luan/20260602_211920.jpg,0.8346464883127332,0
/home/anitadonato/tcc/tcc/data/known_faces/Francisca/Francisca_boa_45_dir.jpg,/home/anitadonato/tcc/tcc/data/known_faces/Angela/angela_extra_05.jpg,0.7556301553118165,0
/home/anitadonato/tcc/tcc/data/known_faces/willa/20260602_212418.jpg,/home/anitadonato/tcc/tcc/data/known_faces/BIA/bia_extra_01.jpeg,0.800056864166079,0
/home/anitadonato/tcc/tcc/data/known_faces/ALESSANDRA/alessandra_moderada_45_1m.jpeg,/home/anitadonato/tcc/tcc/data/known_faces/julia/20260602_212712.jpg,0.6710677350445474,0
/home/anitadonato/tcc/tcc/data/known_faces/willa/20260602_212521.jpg,/home/anitadonato/tcc/tcc/data/known_faces/BIA/bia_baixa_frontal_30cm.jpeg,0.7380081121393866,0
/home/anitadonato/tcc/tcc/data/known_faces/BIA/bia_extra_01.jpeg,/home/anitadonato/tcc/tcc/data/known_faces/willa/willa_moderada_45_30cm.jpg,0.8054289211828145,0
/home/anitadonato/tcc/tcc/data/known_faces/ALESSANDRA/alessandra_moderada_frontal_1m.jpeg,/home/anitadonato/tcc/tcc/data/known_faces/BIA/bia_extra_05.jpeg,0.6902717240089935,0
/home/anitadonato/tcc/tcc/data/known_faces/JUNIOR/junior_boa_45_30cm.jpeg,/home/anitadonato/tcc/tcc/data/known_faces/Angela/angela_extra_02.jpg,0.815498831469753,0
/home/anitadonato/tcc/tcc/data/known_faces/willa/willa_extra_04.jpg,/home/anitadonato/tcc/tcc/data/known_faces/JUNIOR/junior_moderada_frontal_1m.jpeg,0.8184690362640547,0
/home/anitadonato/tcc/tcc/data/known_faces/ALESSANDRA/alessandra_moderada_frontal_1m.jpeg,/home/anitadonato/tcc/tcc/data/known_faces/JUNIOR/junior_moderada_frontal_1m.jpeg,0.8749209635022749,0
/home/anitadonato/tcc/tcc/data/known_faces/Angela/angela_extra_10.jpg,/home/anitadonato/tcc/tcc/data/known_faces/BIA/bia_moderada_45_30cm.jpeg,0.7211447699478214,0
/home/anitadonato/tcc/tcc/data/known_faces/Francisca/francisca_extra_10.jpg,/home/anitadonato/tcc/tcc/data/known_faces/Angela/angela_baixa_45_esq.jpg,0.6919906557452065,0
/home/anitadonato/tcc/tcc/data/known_faces/Abraão/abraao_extra_01.jpg,/home/anitadonato/tcc/tcc/data/known_faces/ALESSANDRA/alessandra_moderada_frontal_30cm.jpeg,0.6612558787369368,0
/home/anitadonato/tcc/tcc/data/known_faces/BIA/bia_moderada_45_1m.jpeg,/home/anitadonato/tcc/tcc/data/known_faces/ALESSANDRA/alessandra_extra_08.jpeg,0.7676595409606293,0
/home/anitadonato/tcc/tcc/data/known_faces/ALESSANDRA/alessandra_moderada_frontal_30cm.jpeg,/home/anitadonato/tcc/tcc/data/known_faces/JUNIOR/junior_boa_frontal_1m.jpeg,0.8261794578984313,0
/home/anitadonato/tcc/tcc/data/known_faces/Angela/angela_boa_frontal.jpg,/home/anitadonato/tcc/tcc/data/known_faces/JUNIOR/junior_extra_03.jpeg,0.8040743334584359,0
/home/anitadonato/tcc/tcc/data/known_faces/ALESSANDRA/alessandra_boa_45_1m..jpeg,/home/anitadonato/tcc/tcc/data/known_faces/willa/willa_moderada_frontal_30cm.jpg,0.8063647462907546,0
/home/anitadonato/tcc/tcc/data/known_faces/Angela/angela_extra_11.jpg,/home/anitadonato/tcc/tcc/data/known_faces/Abraão/abraao_extra_05.jpg,0.6732121556546147,0
/home/anitadonato/tcc/tcc/data/known_faces/Abraão/abraao_extra_06.jpg,/home/anitadonato/tcc/tcc/data/known_faces/JUNIOR/junior_moderada_frontal_1m.jpeg,0.9034971117880116,0
/home/anitadonato/tcc/tcc/data/known_faces/Abraão/abraao_extra_03.jpg,/home/anitadonato/tcc/tcc/data/known_faces/JUNIOR/junior_extra_03.jpeg,0.8448652116336411,0
/home/anitadonato/tcc/tcc/data/known_faces/Angela/angela_extra_08.jpg,/home/anitadonato/tcc/tcc/data/known_faces/willa/willa_extra_08.jpg,0.5401774851572043,0
/home/anitadonato/tcc/tcc/data/known_faces/JUNIOR/junior_moderada_45_30cm.jpeg,/home/anitadonato/tcc/tcc/data/known_faces/Angela/angela_extra_06.jpg,0.8434704159034634,0
/home/anitadonato/tcc/tcc/data/known_faces/BIA/bia_extra_05.jpeg,/home/anitadonato/tcc/tcc/data/known_faces/Angela/angela_extra_04.jpg,0.7540358835987298,0
/home/anitadonato/tcc/tcc/data/known_faces/Francisca/francisca_boa_frontal.jpg,/home/anitadonato/tcc/tcc/data/known_faces/Angela/20260602_192040.jpg,0.7302787227048086,0
/home/anitadonato/tcc/tcc/data/known_faces/willa/willa_moderada_frontal_30cm.jpg,/home/anitadonato/tcc/tcc/data/known_faces/bianca/WhatsApp Image 2026-06-04 at 22.53.13 (2).jpeg,0.7625641115065079,0
/home/anitadonato/tcc/tcc/data/known_faces/Angela/angela_extra_02.jpg,/home/anitadonato/tcc/tcc/data/known_faces/JUNIOR/junior_moderada_frontal_1m.jpeg,0.8392193943409271,0
/home/anitadonato/tcc/tcc/data/known_faces/Abraão/abraao_boa_45_.jpg,/home/anitadonato/tcc/tcc/data/known_faces/julia/20260602_212709.jpg,0.5589424292301325,0
/home/anitadonato/tcc/tcc/data/known_faces/Abraão/abraao_extra_05.jpg,/home/anitadonato/tcc/tcc/data/known_faces/BIA/bia_extra_03.jpeg,0.7347779920936672,0
/home/anitadonato/tcc/tcc/data/known_faces/Angela/angela_extra_05.jpg,/home/anitadonato/tcc/tcc/data/known_faces/Abraão/abraao_extra_08.jpg,0.6464119815753311,0
/home/anitadonato/tcc/tcc/data/known_faces/ALESSANDRA/alessandra_boa_frontal_1m..jpeg,/home/anitadonato/tcc/tcc/data/known_faces/Francisca/francisca_extra_02.jpg,0.7336008389781701,0
/home/anitadonato/tcc/tcc/data/known_faces/Abraão/abraao_extra_02.jpg,/home/anitadonato/tcc/tcc/data/known_faces/JUNIOR/junior_baixa_frontal_30cm.jpeg,0.9216773201090507,0
/home/anitadonato/tcc/tcc/data/known_faces/ALESSANDRA/alessandra_extra_05.jpeg,/home/anitadonato/tcc/tcc/data/known_faces/willa/willa_extra_07.jpg,0.627086661980734,0
/home/anitadonato/tcc/tcc/data/known_faces/bianca/WhatsApp Image 2026-06-04 at 22.53.19.jpeg,/home/anitadonato/tcc/tcc/data/known_faces/Angela/angela_extra_08.jpg,0.8158024221977572,0
/home/anitadonato/tcc/tcc/data/known_faces/julia/20260602_212712.jpg,/home/anitadonato/tcc/tcc/data/known_faces/bianca/WhatsApp Image 2026-06-04 at 22.53.18 (1).jpeg,0.7932130440690314,0
/home/anitadonato/tcc/tcc/data/known_faces/bianca/WhatsApp Image 2026-06-04 at 22.53.19 (5).jpeg,/home/anitadonato/tcc/tcc/data/known_faces/Abraão/abraao_extra_09.jpg,0.6409389112840169,0
/home/anitadonato/tcc/tcc/data/known_faces/willa/20260602_212521.jpg,/home/anitadonato/tcc/tcc/data/known_faces/BIA/bia_extra_07.jpeg,0.8103990679733477,0
/home/anitadonato/tcc/tcc/data/known_faces/Abraão/abraao_extra_03.jpg,/home/anitadonato/tcc/tcc/data/known_faces/ALESSANDRA/alessandra_baixa_45_1m.jpeg,0.6533609546981752,0
/home/anitadonato/tcc/tcc/data/known_faces/JUNIOR/junior_baixa_frontal_30cm.jpeg,/home/anitadonato/tcc/tcc/data/known_faces/Francisca/francisca_baixa_45_esq.jpg,0.8169638879252593,0
/home/anitadonato/tcc/tcc/data/known_faces/JUNIOR/junior_extra_05.jpeg,/home/anitadonato/tcc/tcc/data/known_faces/Angela/angela_boa_frontal.jpg,0.8226819312116089,0
/home/anitadonato/tcc/tcc/data/known_faces/Abraão/abraao_baixa_frontal.jpg,/home/anitadonato/tcc/tcc/data/known_faces/luan/20260602_211913.jpg,0.6929647184779879,0
/home/anitadonato/tcc/tcc/data/known_faces/willa/20260602_212418.jpg,/home/anitadonato/tcc/tcc/data/known_faces/julia/20260602_212726.jpg,0.6998120289474911,0
/home/anitadonato/tcc/tcc/data/known_faces/Abraão/abraao_boa_frontal.jpg,/home/anitadonato/tcc/tcc/data/known_faces/JUNIOR/junior_boa_frontal_1m.jpeg,0.8918553422316737,0
/home/anitadonato/tcc/tcc/data/known_faces/bianca/WhatsApp Image 2026-06-04 at 22.53.19 (2).jpeg,/home/anitadonato/tcc/tcc/data/known_faces/luan/20260602_212022.jpg,0.7236721362351652,0
/home/anitadonato/tcc/tcc/data/known_faces/Francisca/francisca_extra_04.jpg,/home/anitadonato/tcc/tcc/data/known_faces/willa/willa_baixa_frontal_30cm.jpg,0.7900302981042241,0
/home/anitadonato/tcc/tcc/data/known_faces/Abraão/abraao_extra_06.jpg,/home/anitadonato/tcc/tcc/data/known_faces/ALESSANDRA/alessandra_moderada_frontal_1m.jpeg,0.6863953050949664,0
/home/anitadonato/tcc/tcc/data/known_faces/JUNIOR/junior_extra_06.jpeg,/home/anitadonato/tcc/tcc/data/known_faces/ALESSANDRA/alessandra_baixa_frontal_1m.jpeg,0.8757971288656814,0
/home/anitadonato/tcc/tcc/data/known_faces/Francisca/francisca_extra_01.jpg,/home/anitadonato/tcc/tcc/data/known_faces/julia/20260602_212628.jpg,0.7543990635600759,0
/home/anitadonato/tcc/tcc/data/known_faces/ALESSANDRA/alessandra_boa_45_30cm.jpeg,/home/anitadonato/tcc/tcc/data/known_faces/BIA/bia_extra_02.jpeg,0.6553166390484978,0
/home/anitadonato/tcc/tcc/data/known_faces/Abraão/abraao_baixo_45_esq.jpg,/home/anitadonato/tcc/tcc/data/known_faces/julia/20260602_212704.jpg,0.5937852139838046,0
/home/anitadonato/tcc/tcc/data/known_faces/bianca/WhatsApp Image 2026-06-04 at 22.53.17 (1).jpeg,/home/anitadonato/tcc/tcc/data/known_faces/julia/20260602_212654.jpg,0.7948626943702674,0
/home/anitadonato/tcc/tcc/data/known_faces/Abraão/abraao_extra_06.jpg,/home/anitadonato/tcc/tcc/data/known_faces/luan/20260602_211823.jpg,0.7552188550470459,0
/home/anitadonato/tcc/tcc/data/known_faces/JUNIOR/junior_extra_04.jpeg,/home/anitadonato/tcc/tcc/data/known_faces/bianca/WhatsApp Image 2026-06-04 at 22.53.14 (3).jpeg,0.6977741276170588,0
/home/anitadonato/tcc/tcc/data/known_faces/julia/20260602_212654.jpg,/home/anitadonato/tcc/tcc/data/known_faces/ALESSANDRA/alessandra_extra_07.jpeg,0.7509057411956477,0
/home/anitadonato/tcc/tcc/data/known_faces/julia/20260602_212635.jpg,/home/anitadonato/tcc/tcc/data/known_faces/Francisca/francisca_extra_03.jpg,0.8108257898875916,0
/home/anitadonato/tcc/tcc/data/known_faces/willa/20260602_212513.jpg,/home/anitadonato/tcc/tcc/data/known_faces/ALESSANDRA/alessandra_baixa_frontal_30cm.jpeg,0.7391592154785797,0
/home/anitadonato/tcc/tcc/data/known_faces/Abraão/abraao_extra_07.jpg,/home/anitadonato/tcc/tcc/data/known_faces/JUNIOR/junior_moderada_frontal_1m.jpeg,0.8708985971710067,0
/home/anitadonato/tcc/tcc/data/known_faces/luan/20260602_212022.jpg,/home/anitadonato/tcc/tcc/data/known_faces/bianca/WhatsApp Image 2026-06-04 at 22.53.18.jpeg,0.7631831568471242,0
/home/anitadonato/tcc/tcc/data/known_faces/julia/20260602_212740.jpg,/home/anitadonato/tcc/tcc/data/known_faces/BIA/bia_extra_02.jpeg,0.693824271163023,0
/home/anitadonato/tcc/tcc/data/known_faces/willa/willa_moderada_frontal_30cm.jpg,/home/anitadonato/tcc/tcc/data/known_faces/luan/20260602_212035.jpg,0.6901385075042539,0
/home/anitadonato/tcc/tcc/data/known_faces/willa/20260602_212511.jpg,/home/anitadonato/tcc/tcc/data/known_faces/Angela/angela_extra_09.jpg,0.6944450818467091,0
/home/anitadonato/tcc/tcc/data/known_faces/Angela/angela_extra_01.jpg,/home/anitadonato/tcc/tcc/data/known_faces/willa/willa_baixa_45_30cm.jpg,0.698938667420656,0
/home/anitadonato/tcc/tcc/data/known_faces/Angela/angela_extra_08.jpg,/home/anitadonato/tcc/tcc/data/known_faces/ALESSANDRA/alessandra_baixa_frontal_1m.jpeg,0.6488596443663625,0
/home/anitadonato/tcc/tcc/data/known_faces/bianca/WhatsApp Image 2026-06-04 at 22.53.19 (5).jpeg,/home/anitadonato/tcc/tcc/data/known_faces/BIA/bia_boa_45_1m..jpeg,0.6646736062621845,0
/home/anitadonato/tcc/tcc/data/known_faces/willa/willa_extra_03.jpg,/home/anitadonato/tcc/tcc/data/known_faces/Francisca/francisca_baixa_45_esq.jpg,0.7738246636770707,0
/home/anitadonato/tcc/tcc/data/known_faces/Abraão/abraao_extra_06.jpg,/home/anitadonato/tcc/tcc/data/known_faces/bianca/WhatsApp Image 2026-06-04 at 22.53.18 (1).jpeg,0.7398978201203437,0
/home/anitadonato/tcc/tcc/data/known_faces/JUNIOR/junior_moderada_45_1m.jpeg,/home/anitadonato/tcc/tcc/data/known_faces/Francisca/francisca_extra_09.jpg,0.8134288864635215,0
/home/anitadonato/tcc/tcc/data/known_faces/bianca/WhatsApp Image 2026-06-04 at 22.53.14 (2).jpeg,/home/anitadonato/tcc/tcc/data/known_faces/Angela/angela_extra_13.jpg,0.7882984167751509,0
/home/anitadonato/tcc/tcc/data/known_faces/willa/20260602_212511.jpg,/home/anitadonato/tcc/tcc/data/known_faces/Abraão/abraao_baixo_45_esq.jpg,0.6731744447613277,0
/home/anitadonato/tcc/tcc/data/known_faces/Francisca/francisca_extra_06.jpg,/home/anitadonato/tcc/tcc/data/known_faces/luan/20260602_211923.jpg,0.8007113532436768,0
/home/anitadonato/tcc/tcc/data/known_faces/Francisca/francisca_extra_10.jpg,/home/anitadonato/tcc/tcc/data/known_faces/bianca/WhatsApp Image 2026-06-04 at 22.53.18 (2).jpeg,0.7962867307966284,0
/home/anitadonato/tcc/tcc/data/known_faces/willa/20260602_212431.jpg,/home/anitadonato/tcc/tcc/data/known_faces/julia/20260602_212631.jpg,0.6650842036632288,0
/home/anitadonato/tcc/tcc/data/known_faces/Francisca/francisca_boa_45_esq.jpg,/home/anitadonato/tcc/tcc/data/known_faces/bianca/WhatsApp Image 2026-06-04 at 22.53.18 (3).jpeg,0.8032166838209345,0
/home/anitadonato/tcc/tcc/data/known_faces/willa/20260602_212431.jpg,/home/anitadonato/tcc/tcc/data/known_faces/bianca/WhatsApp Image 2026-06-04 at 22.53.16 (2).jpeg,0.7699216599011495,0
/home/anitadonato/tcc/tcc/data/known_faces/JUNIOR/junior_baixa_45_30cm.jpeg,/home/anitadonato/tcc/tcc/data/known_faces/BIA/bia_extra_08.jpeg,0.8225713151370925,0
/home/anitadonato/tcc/tcc/data/known_faces/Francisca/Francisca_boa_45_dir.jpg,/home/anitadonato/tcc/tcc/data/known_faces/JUNIOR/junior_extra_03.jpeg,0.7947758795034959,0
/home/anitadonato/tcc/tcc/data/known_faces/Francisca/francisca_extra_03.jpg,/home/anitadonato/tcc/tcc/data/known_faces/willa/willa_extra_08.jpg,0.7092308354094439,0
/home/anitadonato/tcc/tcc/data/known_faces/Abraão/abraao_boa_45_.jpg,/home/anitadonato/tcc/tcc/data/known_faces/BIA/bia_extra_02.jpeg,0.7436217304771792,0
/home/anitadonato/tcc/tcc/data/known_faces/julia/20260602_212654.jpg,/home/anitadonato/tcc/tcc/data/known_faces/JUNIOR/junior_extra_06.jpeg,0.886227802886553,0
/home/anitadonato/tcc/tcc/data/known_faces/willa/willa_baixa_45_30cm.jpg,/home/anitadonato/tcc/tcc/data/known_faces/Abraão/abraao_extra_08.jpg,0.6231803504490555,0
/home/anitadonato/tcc/tcc/data/known_faces/BIA/bia_extra_08.jpeg,/home/anitadonato/tcc/tcc/data/known_faces/bianca/WhatsApp Image 2026-06-04 at 22.53.19 (3).jpeg,0.6675244266444955,0
/home/anitadonato/tcc/tcc/data/known_faces/luan/20260602_211809.jpg,/home/anitadonato/tcc/tcc/data/known_faces/JUNIOR/junior_moderada_45_1m.jpeg,0.8150230930413004,0
/home/anitadonato/tcc/tcc/data/known_faces/bianca/WhatsApp Image 2026-06-04 at 22.53.19 (3).jpeg,/home/anitadonato/tcc/tcc/data/known_faces/Angela/angela_extra_11.jpg,0.8812947919646735,0
/home/anitadonato/tcc/tcc/data/known_faces/willa/20260602_212521.jpg,/home/anitadonato/tcc/tcc/data/known_faces/ALESSANDRA/alessandra_boa_frontal_1m..jpeg,0.7724700506631437,0
/home/anitadonato/tcc/tcc/data/known_faces/julia/20260602_212712.jpg,/home/anitadonato/tcc/tcc/data/known_faces/ALESSANDRA/alessandra_boa_frontal_1m..jpeg,0.6983716226145825,0
/home/anitadonato/tcc/tcc/data/known_faces/Francisca/francisca_extra_09.jpg,/home/anitadonato/tcc/tcc/data/known_faces/JUNIOR/junior_moderada_45_1m.jpeg,0.8134288864635215,0
/home/anitadonato/tcc/tcc/data/known_faces/bianca/WhatsApp Image 2026-06-04 at 22.53.18.jpeg,/home/anitadonato/tcc/tcc/data/known_faces/Abraão/abraao_baixa_45_dir.jpg,0.7254257888495633,0
/home/anitadonato/tcc/tcc/data/known_faces/BIA/bia_extra_08.jpeg,/home/anitadonato/tcc/tcc/data/known_faces/JUNIOR/junior_moderada_frontal_30cm.jpeg,0.7126506705412688,0
/home/anitadonato/tcc/tcc/data/known_faces/julia/20260602_212740.jpg,/home/anitadonato/tcc/tcc/data/known_faces/Angela/angela_extra_13.jpg,0.6664682383466113,0
/home/anitadonato/tcc/tcc/data/known_faces/Francisca/francisca_extra_04.jpg,/home/anitadonato/tcc/tcc/data/known_faces/Abraão/abraao_baixa_45_dir.jpg,0.73687784677772,0
/home/anitadonato/tcc/tcc/data/known_faces/bianca/WhatsApp Image 2026-06-04 at 22.53.14 (3).jpeg,/home/anitadonato/tcc/tcc/data/known_faces/ALESSANDRA/alessandra_moderada_frontal_1m.jpeg,0.6714887126324157,0
/home/anitadonato/tcc/tcc/data/known_faces/BIA/bia_boa_frontal_30cm..jpeg,/home/anitadonato/tcc/tcc/data/known_faces/willa/willa_baixa_45_30cm.jpg,0.7272121137699146,0
/home/anitadonato/tcc/tcc/data/known_faces/Francisca/francisca_extra_11.jpg,/home/anitadonato/tcc/tcc/data/known_faces/bianca/WhatsApp Image 2026-06-04 at 22.53.13 (1).jpeg,0.7859918059446533,0
/home/anitadonato/tcc/tcc/data/known_faces/ALESSANDRA/alessandra_boa_45_1m..jpeg,/home/anitadonato/tcc/tcc/data/known_faces/julia/20260602_212631.jpg,0.7778328595970333,0
/home/anitadonato/tcc/tcc/data/known_faces/willa/willa_baixa_frontal_30cm.jpg,/home/anitadonato/tcc/tcc/data/known_faces/ALESSANDRA/alessandra_extra_01.jpeg,0.7448926014042553,0
/home/anitadonato/tcc/tcc/data/known_faces/willa/willa_boa_45_30cm.jpg,/home/anitadonato/tcc/tcc/data/known_faces/Francisca/francisca_extra_08.jpg,0.6858528985751549,0
/home/anitadonato/tcc/tcc/data/known_faces/bianca/WhatsApp Image 2026-06-04 at 22.53.16.jpeg,/home/anitadonato/tcc/tcc/data/known_faces/JUNIOR/junior_extra_01.jpeg,0.7802824569359106,0
/home/anitadonato/tcc/tcc/data/known_faces/BIA/bia_extra_02.jpeg,/home/anitadonato/tcc/tcc/data/known_faces/julia/julia_boa_45_esq(1).jpg,0.7488903147961183,0
/home/anitadonato/tcc/tcc/data/known_faces/willa/willa_moderada_frontal_30cm.jpg,/home/anitadonato/tcc/tcc/data/known_faces/bianca/WhatsApp Image 2026-06-04 at 22.53.14 (1).jpeg,0.7841330862135261,0
/home/anitadonato/tcc/tcc/data/known_faces/ALESSANDRA/alessandra_extra_04.jpeg,/home/anitadonato/tcc/tcc/data/known_faces/luan/20260602_212022.jpg,0.7442952413434144,0
/home/anitadonato/tcc/tcc/data/known_faces/willa/willa_extra_02.jpg,/home/anitadonato/tcc/tcc/data/known_faces/Francisca/francisca_baixa_frontal.jpg,0.7119960830578616,0
/home/anitadonato/tcc/tcc/data/known_faces/julia/20260602_212709.jpg,/home/anitadonato/tcc/tcc/data/known_faces/Abraão/abraao_extra_02.jpg,0.5679663059617835,0
/home/anitadonato/tcc/tcc/data/known_faces/JUNIOR/junior_extra_01.jpeg,/home/anitadonato/tcc/tcc/data/known_faces/Francisca/francisca_extra_04.jpg,0.8939107701215071,0
/home/anitadonato/tcc/tcc/data/known_faces/BIA/bia_moderada_45_1m.jpeg,/home/anitadonato/tcc/tcc/data/known_faces/Angela/angela_extra_02.jpg,0.7358657158943696,0
/home/anitadonato/tcc/tcc/data/known_faces/ALESSANDRA/alessandra_extra_03.jpeg,/home/anitadonato/tcc/tcc/data/known_faces/bianca/WhatsApp Image 2026-06-04 at 22.53.18.jpeg,0.7419605101021319,0
/home/anitadonato/tcc/tcc/data/known_faces/Angela/angela_extra_10.jpg,/home/anitadonato/tcc/tcc/data/known_faces/ALESSANDRA/alessandra_extra_02.jpeg,0.6305366810426022,0
/home/anitadonato/tcc/tcc/data/known_faces/Francisca/francisca_extra_07.jpg,/home/anitadonato/tcc/tcc/data/known_faces/bianca/WhatsApp Image 2026-06-04 at 22.53.16 (2).jpeg,0.79541350433432,0
/home/anitadonato/tcc/tcc/data/known_faces/ALESSANDRA/alessandra_extra_03.jpeg,/home/anitadonato/tcc/tcc/data/known_faces/BIA/bia_boa_frontal_30cm..jpeg,0.701945391052017,0
/home/anitadonato/tcc/tcc/data/known_faces/luan/20260602_212035.jpg,/home/anitadonato/tcc/tcc/data/known_faces/julia/20260602_212712.jpg,0.6598650946505378,0
/home/anitadonato/tcc/tcc/data/known_faces/luan/20260602_211823.jpg,/home/anitadonato/tcc/tcc/data/known_faces/Francisca/francisca_extra_13.jpg,0.8494440622250262,0
/home/anitadonato/tcc/tcc/data/known_faces/Angela/angela_boa_45_dir.jpg,/home/anitadonato/tcc/tcc/data/known_faces/Francisca/francisca_extra_10.jpg,0.6749396901409244,0
/home/anitadonato/tcc/tcc/data/known_faces/Angela/angela_extra_12.jpg,/home/anitadonato/tcc/tcc/data/known_faces/Francisca/francisca_boa_frontal.jpg,0.792370337710102,0
/home/anitadonato/tcc/tcc/data/known_faces/JUNIOR/junior_boa_frontal_30cm.jpeg,/home/anitadonato/tcc/tcc/data/known_faces/Abraão/abraao_extra_05.jpg,0.8221506373187698,0
/home/anitadonato/tcc/tcc/data/known_faces/BIA/bia_extra_06.jpeg,/home/anitadonato/tcc/tcc/data/known_faces/Francisca/francisca_extra_05.jpg,0.7446982657427436,0
/home/anitadonato/tcc/tcc/data/known_faces/JUNIOR/junior_moderada_frontal_1m.jpeg,/home/anitadonato/tcc/tcc/data/known_faces/Francisca/francisca_extra_04.jpg,0.8667220420855961,0
/home/anitadonato/tcc/tcc/data/known_faces/julia/20260602_212740.jpg,/home/anitadonato/tcc/tcc/data/known_faces/Abraão/abraao_baixa_45_esq.jpg,0.5451275681684856,0
/home/anitadonato/tcc/tcc/data/known_faces/willa/willa_extra_08.jpg,/home/anitadonato/tcc/tcc/data/known_faces/Abraão/abraao_boa_frontal.jpg,0.624927967039572,0
/home/anitadonato/tcc/tcc/data/known_faces/luan/20260602_212035.jpg,/home/anitadonato/tcc/tcc/data/known_faces/Abraão/abraao_extra_06.jpg,0.757734811148616,0
/home/anitadonato/tcc/tcc/data/known_faces/luan/20260602_211923.jpg,/home/anitadonato/tcc/tcc/data/known_faces/Francisca/francisca_baixa_45_dir.jpg,0.80799416720565,0
/home/anitadonato/tcc/tcc/data/known_faces/Angela/angela_extra_01.jpg,/home/anitadonato/tcc/tcc/data/known_faces/willa/willa_extra_03.jpg,0.6644888950795146,0
/home/anitadonato/tcc/tcc/data/known_faces/bianca/WhatsApp Image 2026-06-04 at 22.53.14 (2).jpeg,/home/anitadonato/tcc/tcc/data/known_faces/julia/20260602_212709.jpg,0.7092130506075237,0
/home/anitadonato/tcc/tcc/data/known_faces/Angela/angela_extra_10.jpg,/home/anitadonato/tcc/tcc/data/known_faces/Abraão/abraao_extra_04.jpg,0.6491802897162545,0
/home/anitadonato/tcc/tcc/data/known_faces/Angela/angela_baixa_45_esq.jpg,/home/anitadonato/tcc/tcc/data/known_faces/JUNIOR/junior_baixa_45_1m.jpeg,0.8746472113905246,0
/home/anitadonato/tcc/tcc/data/known_faces/julia/20260602_212633.jpg,/home/anitadonato/tcc/tcc/data/known_faces/Francisca/francisca_boa_frontal.jpg,0.8241076887221152,0
/home/anitadonato/tcc/tcc/data/known_faces/willa/willa_extra_08.jpg,/home/anitadonato/tcc/tcc/data/known_faces/Angela/angela_baixa_frontal.jpg,0.6077644672675689,0
/home/anitadonato/tcc/tcc/data/known_faces/Angela/angela_extra_08.jpg,/home/anitadonato/tcc/tcc/data/known_faces/bianca/WhatsApp Image 2026-06-04 at 22.53.16 (2).jpeg,0.7943293916405635,0
/home/anitadonato/tcc/tcc/data/known_faces/bianca/WhatsApp Image 2026-06-04 at 22.53.16 (2).jpeg,/home/anitadonato/tcc/tcc/data/known_faces/julia/20260602_212618.jpg,0.8065383808103286,0
/home/anitadonato/tcc/tcc/data/known_faces/ALESSANDRA/alessandra_moderada_45_1m.jpeg,/home/anitadonato/tcc/tcc/data/known_faces/JUNIOR/junior_boa_frontal_1m.jpeg,0.7810909529096816,0
/home/anitadonato/tcc/tcc/data/known_faces/ALESSANDRA/alessandra_boa_frontal_30cm..jpeg,/home/anitadonato/tcc/tcc/data/known_faces/willa/willa_baixa_frontal_30cm.jpg,0.7482593239641752,0
/home/anitadonato/tcc/tcc/data/known_faces/JUNIOR/junior_boa_45_1m.jpeg,/home/anitadonato/tcc/tcc/data/known_faces/Francisca/francisca_baixa_frontal.jpg,0.8113521324524462,0
/home/anitadonato/tcc/tcc/data/known_faces/bianca/WhatsApp Image 2026-06-04 at 22.53.18 (2).jpeg,/home/anitadonato/tcc/tcc/data/known_faces/luan/20260602_211845.jpg,0.7370770276256609,0
/home/anitadonato/tcc/tcc/data/known_faces/Angela/angela_baixa_45_esq.jpg,/home/anitadonato/tcc/tcc/data/known_faces/Abraão/abraao_extra_03.jpg,0.6875828917445409,0
/home/anitadonato/tcc/tcc/data/known_faces/Francisca/francisca_extra_11.jpg,/home/anitadonato/tcc/tcc/data/known_faces/julia/julia_boa_45_esq(1).jpg,0.7585318180644778,0
/home/anitadonato/tcc/tcc/data/known_faces/JUNIOR/junior_boa_45_1m.jpeg,/home/anitadonato/tcc/tcc/data/known_faces/bianca/WhatsApp Image 2026-06-04 at 22.53.15.jpeg,0.8294130114938567,0
/home/anitadonato/tcc/tcc/data/known_faces/julia/20260602_212633.jpg,/home/anitadonato/tcc/tcc/data/known_faces/JUNIOR/junior_boa_45_30cm.jpeg,0.9017372175615845,0
/home/anitadonato/tcc/tcc/data/known_faces/bianca/WhatsApp Image 2026-06-04 at 22.53.14.jpeg,/home/anitadonato/tcc/tcc/data/known_faces/ALESSANDRA/alessandra_boa_frontal_30cm..jpeg,0.6437587584211897,0
/home/anitadonato/tcc/tcc/data/known_faces/Angela/20260602_192040.jpg,/home/anitadonato/tcc/tcc/data/known_faces/BIA/bia_moderada_frontal_1m.jpeg,0.7392458968910015,0
/home/anitadonato/tcc/tcc/data/known_faces/ALESSANDRA/alessandra_extra_01.jpeg,/home/anitadonato/tcc/tcc/data/known_faces/bianca/WhatsApp Image 2026-06-04 at 22.53.19 (3).jpeg,0.7751645121537298,0
/home/anitadonato/tcc/tcc/data/known_faces/Abraão/abraao_baixa_45_esq.jpg,/home/anitadonato/tcc/tcc/data/known_faces/ALESSANDRA/alessandra_baixa_frontal_30cm.jpeg,0.6741909658109975,0
/home/anitadonato/tcc/tcc/data/known_faces/bianca/WhatsApp Image 2026-06-04 at 22.53.16 (2).jpeg,/home/anitadonato/tcc/tcc/data/known_faces/julia/20260602_212628.jpg,0.8521389812049043,0
/home/anitadonato/tcc/tcc/data/known_faces/luan/20260602_212016.jpg,/home/anitadonato/tcc/tcc/data/known_faces/Francisca/francisca_boa_45_esq.jpg,0.8340334158743126,0
/home/anitadonato/tcc/tcc/data/known_faces/BIA/bia_extra_02.jpeg,/home/anitadonato/tcc/tcc/data/known_faces/ALESSANDRA/alessandra_extra_06.jpeg,0.639938977830052,0
/home/anitadonato/tcc/tcc/data/known_faces/willa/willa_extra_06.jpg,/home/anitadonato/tcc/tcc/data/known_faces/Angela/angela_boa_45_dir.jpg,0.6622802428948837,0
/home/anitadonato/tcc/tcc/data/known_faces/luan/20260602_211845.jpg,/home/anitadonato/tcc/tcc/data/known_faces/Abraão/abraao_baixo_45_esq.jpg,0.736844734969146,0
/home/anitadonato/tcc/tcc/data/known_faces/Abraão/abraao_boa_frontal.jpg,/home/anitadonato/tcc/tcc/data/known_faces/julia/20260602_212633.jpg,0.6668103572817571,0
/home/anitadonato/tcc/tcc/data/known_faces/bianca/WhatsApp Image 2026-06-04 at 22.53.14 (3).jpeg,/home/anitadonato/tcc/tcc/data/known_faces/Francisca/francisca_baixa_45_dir.jpg,0.693706788460999,0
/home/anitadonato/tcc/tcc/data/known_faces/Abraão/abraao_extra_09.jpg,/home/anitadonato/tcc/tcc/data/known_faces/willa/20260602_212513.jpg,0.6970441764964225,0
/home/anitadonato/tcc/tcc/data/known_faces/Francisca/francisca_extra_09.jpg,/home/anitadonato/tcc/tcc/data/known_faces/BIA/bia_extra_02.jpeg,0.7439505424323007,0
/home/anitadonato/tcc/tcc/data/known_faces/Francisca/francisca_baixa_45_dir.jpg,/home/anitadonato/tcc/tcc/data/known_faces/julia/20260602_212628.jpg,0.7371455173870407,0
/home/anitadonato/tcc/tcc/data/known_faces/JUNIOR/junior_baixa_frontal_30cm.jpeg,/home/anitadonato/tcc/tcc/data/known_faces/bianca/WhatsApp Image 2026-06-04 at 22.53.14 (1).jpeg,0.7631858876423405,0
/home/anitadonato/tcc/tcc/data/known_faces/ALESSANDRA/alessandra_boa_45_1m..jpeg,/home/anitadonato/tcc/tcc/data/known_faces/willa/20260602_212521.jpg,0.8113093017253074,0
/home/anitadonato/tcc/tcc/data/known_faces/JUNIOR/junior_extra_07.jpeg,/home/anitadonato/tcc/tcc/data/known_faces/willa/willa_boa_45_30cm.jpg,0.7541203546466777,0
/home/anitadonato/tcc/tcc/data/known_faces/Abraão/abraao_extra_04.jpg,/home/anitadonato/tcc/tcc/data/known_faces/JUNIOR/junior_boa_45_30cm.jpeg,0.8295166658835309,0
/home/anitadonato/tcc/tcc/data/known_faces/Abraão/abraao_extra_06.jpg,/home/anitadonato/tcc/tcc/data/known_faces/bianca/WhatsApp Image 2026-06-04 at 22.53.16.jpeg,0.7868404248723383,0
/home/anitadonato/tcc/tcc/data/known_faces/Francisca/francisca_extra_10.jpg,/home/anitadonato/tcc/tcc/data/known_faces/bianca/WhatsApp Image 2026-06-04 at 22.53.19 (4).jpeg,0.7765711095383924,0
/home/anitadonato/tcc/tcc/data/known_faces/bianca/WhatsApp Image 2026-06-04 at 22.53.14 (1).jpeg,/home/anitadonato/tcc/tcc/data/known_faces/Angela/angela_boa_45_esq.jpg,0.7272405772016872,0
/home/anitadonato/tcc/tcc/data/known_faces/ALESSANDRA/alessandra_baixa_frontal_30cm.jpeg,/home/anitadonato/tcc/tcc/data/known_faces/Angela/angela_extra_08.jpg,0.6485187390916304,0
/home/anitadonato/tcc/tcc/data/known_faces/willa/willa_moderada_frontal_30cm.jpg,/home/anitadonato/tcc/tcc/data/known_faces/julia/20260602_212732.jpg,0.7417915808777302,0
/home/anitadonato/tcc/tcc/data/known_faces/Angela/angela_extra_06.jpg,/home/anitadonato/tcc/tcc/data/known_faces/bianca/WhatsApp Image 2026-06-04 at 22.53.18 (3).jpeg,0.7904160202660305,0
/home/anitadonato/tcc/tcc/data/known_faces/ALESSANDRA/alessandra_extra_08.jpeg,/home/anitadonato/tcc/tcc/data/known_faces/Angela/angela_extra_10.jpg,0.6585352898520597,0
/home/anitadonato/tcc/tcc/data/known_faces/Abraão/abraao_extra_08.jpg,/home/anitadonato/tcc/tcc/data/known_faces/bianca/WhatsApp Image 2026-06-04 at 22.53.13 (2).jpeg,0.7019366076856226,0
/home/anitadonato/tcc/tcc/data/known_faces/Abraão/abraao_extra_04.jpg,/home/anitadonato/tcc/tcc/data/known_faces/Francisca/Francisca_boa_45_dir.jpg,0.7327919861376662,0
/home/anitadonato/tcc/tcc/data/known_faces/bianca/WhatsApp Image 2026-06-04 at 22.53.17 (1).jpeg,/home/anitadonato/tcc/tcc/data/known_faces/BIA/bia_extra_04.jpeg,0.5690899057135252,0
/home/anitadonato/tcc/tcc/data/known_faces/bianca/WhatsApp Image 2026-06-04 at 22.53.19 (5).jpeg,/home/anitadonato/tcc/tcc/data/known_faces/Angela/angela_extra_12.jpg,0.7989378990576905,0
/home/anitadonato/tcc/tcc/data/known_faces/willa/20260602_212418.jpg,/home/anitadonato/tcc/tcc/data/known_faces/ALESSANDRA/alessandra_boa_45_30cm.jpeg,0.7766239428685986,0
/home/anitadonato/tcc/tcc/data/known_faces/luan/20260602_212016.jpg,/home/anitadonato/tcc/tcc/data/known_faces/julia/20260602_212631.jpg,0.7295425563732196,0
/home/anitadonato/tcc/tcc/data/known_faces/Abraão/abraao_extra_04.jpg,/home/anitadonato/tcc/tcc/data/known_faces/julia/20260602_212635.jpg,0.6241878761647356,0
/home/anitadonato/tcc/tcc/data/known_faces/JUNIOR/junior_baixa_45_30cm.jpeg,/home/anitadonato/tcc/tcc/data/known_faces/Francisca/francisca_extra_11.jpg,0.8436128602573973,0
/home/anitadonato/tcc/tcc/data/known_faces/BIA/bia_extra_05.jpeg,/home/anitadonato/tcc/tcc/data/known_faces/luan/20260602_211920.jpg,0.7626368350374723,0
/home/anitadonato/tcc/tcc/data/known_faces/BIA/bia_extra_07.jpeg,/home/anitadonato/tcc/tcc/data/known_faces/Abraão/abraao_extra_08.jpg,0.7623264705935543,0
/home/anitadonato/tcc/tcc/data/known_faces/willa/20260602_212507.jpg,/home/anitadonato/tcc/tcc/data/known_faces/julia/20260602_212740.jpg,0.7060693566722438,0
/home/anitadonato/tcc/tcc/data/known_faces/julia/20260602_212628.jpg,/home/anitadonato/tcc/tcc/data/known_faces/JUNIOR/junior_extra_08.jpeg,0.8259432552097783,0
/home/anitadonato/tcc/tcc/data/known_faces/ALESSANDRA/alessandra_extra_05.jpeg,/home/anitadonato/tcc/tcc/data/known_faces/Abraão/abraao_extra_07.jpg,0.7013955739415806,0
/home/anitadonato/tcc/tcc/data/known_faces/Abraão/abraao_extra_10.jpg,/home/anitadonato/tcc/tcc/data/known_faces/Francisca/francisca_extra_13.jpg,0.7680725151864191,0
/home/anitadonato/tcc/tcc/data/known_faces/BIA/bia_extra_03.jpeg,/home/anitadonato/tcc/tcc/data/known_faces/julia/20260602_212712.jpg,0.7128868060435658,0
/home/anitadonato/tcc/tcc/data/known_faces/ALESSANDRA/alessandra_extra_07.jpeg,/home/anitadonato/tcc/tcc/data/known_faces/BIA/bia_extra_03.jpeg,0.7646999784441523,0
/home/anitadonato/tcc/tcc/data/known_faces/julia/20260602_212628.jpg,/home/anitadonato/tcc/tcc/data/known_faces/Abraão/abraao_extra_01.jpg,0.625114249677301,0
/home/anitadonato/tcc/tcc/data/known_faces/ALESSANDRA/alessandra_extra_04.jpeg,/home/anitadonato/tcc/tcc/data/known_faces/JUNIOR/junior_extra_02.jpeg,0.8190650510363348,0
/home/anitadonato/tcc/tcc/data/known_faces/ALESSANDRA/alessandra_extra_08.jpeg,/home/anitadonato/tcc/tcc/data/known_faces/Angela/angela_boa_45_esq.jpg,0.6494967028509235,0
/home/anitadonato/tcc/tcc/data/known_faces/bianca/WhatsApp Image 2026-06-04 at 22.53.15 (1).jpeg,/home/anitadonato/tcc/tcc/data/known_faces/Abraão/abraao_boa_frontal.jpg,0.7265397116561619,0
/home/anitadonato/tcc/tcc/data/known_faces/BIA/bia_extra_05.jpeg,/home/anitadonato/tcc/tcc/data/known_faces/Abraão/abraao_boa_frontal.jpg,0.7172098499649125,0
/home/anitadonato/tcc/tcc/data/known_faces/julia/20260602_212709.jpg,/home/anitadonato/tcc/tcc/data/known_faces/BIA/bia_baixa_frontal_30cm.jpeg,0.7323294267232784,0
/home/anitadonato/tcc/tcc/data/known_faces/bianca/WhatsApp Image 2026-06-04 at 22.53.18 (4).jpeg,/home/anitadonato/tcc/tcc/data/known_faces/ALESSANDRA/alessandra_moderada_frontal_1m.jpeg,0.7407446843228283,0
/home/anitadonato/tcc/tcc/data/known_faces/Abraão/abraao_extra_08.jpg,/home/anitadonato/tcc/tcc/data/known_faces/julia/julia_boa_frontal.jpg,0.6298431703113668,0
/home/anitadonato/tcc/tcc/data/known_faces/luan/20260602_212016.jpg,/home/anitadonato/tcc/tcc/data/known_faces/Angela/20260602_192040.jpg,0.7879002826506931,0
/home/anitadonato/tcc/tcc/data/known_faces/luan/20260602_212022.jpg,/home/anitadonato/tcc/tcc/data/known_faces/ALESSANDRA/alessandra_extra_06.jpeg,0.7283986589368828,0
/home/anitadonato/tcc/tcc/data/known_faces/willa/willa_extra_09.jpg,/home/anitadonato/tcc/tcc/data/known_faces/julia/20260602_212631.jpg,0.7219072907807345,0
/home/anitadonato/tcc/tcc/data/known_faces/willa/20260602_212513.jpg,/home/anitadonato/tcc/tcc/data/known_faces/Angela/angela_boa_45_dir.jpg,0.6588197350568387,0
/home/anitadonato/tcc/tcc/data/known_faces/bianca/WhatsApp Image 2026-06-04 at 22.53.15 (1).jpeg,/home/anitadonato/tcc/tcc/data/known_faces/BIA/bia_extra_05.jpeg,0.5980061798001229,0
/home/anitadonato/tcc/tcc/data/known_faces/JUNIOR/junior_extra_07.jpeg,/home/anitadonato/tcc/tcc/data/known_faces/Francisca/francisca_boa_45_esq.jpg,0.80298535947399,0
/home/anitadonato/tcc/tcc/data/known_faces/Angela/angela_extra_11.jpg,/home/anitadonato/tcc/tcc/data/known_faces/bianca/WhatsApp Image 2026-06-04 at 22.53.15 (2).jpeg,0.8751020078729156,0
/home/anitadonato/tcc/tcc/data/known_faces/luan/20260602_212022.jpg,/home/anitadonato/tcc/tcc/data/known_faces/JUNIOR/junior_boa_frontal_1m.jpeg,0.8513929317537503,0
/home/anitadonato/tcc/tcc/data/known_faces/BIA/bia_moderada_frontal_30cm.jpeg,/home/anitadonato/tcc/tcc/data/known_faces/willa/willa_extra_02.jpg,0.770291076410606,0
/home/anitadonato/tcc/tcc/data/known_faces/JUNIOR/junior_boa_45_30cm.jpeg,/home/anitadonato/tcc/tcc/data/known_faces/Angela/angela_extra_11.jpg,0.8465683453432787,0
/home/anitadonato/tcc/tcc/data/known_faces/luan/20260602_212025.jpg,/home/anitadonato/tcc/tcc/data/known_faces/julia/julia_boa_frontal.jpg,0.6599778387551254,0
/home/anitadonato/tcc/tcc/data/known_faces/bianca/WhatsApp Image 2026-06-04 at 22.53.15 (2).jpeg,/home/anitadonato/tcc/tcc/data/known_faces/luan/20260602_211923.jpg,0.7264842650866049,0
/home/anitadonato/tcc/tcc/data/known_faces/bianca/WhatsApp Image 2026-06-04 at 22.53.13 (2).jpeg,/home/anitadonato/tcc/tcc/data/known_faces/Angela/angela_baixa_45_esq.jpg,0.6412382975678816,0
/home/anitadonato/tcc/tcc/data/known_faces/BIA/bia_boa_45_30cm.jpeg,/home/anitadonato/tcc/tcc/data/known_faces/Francisca/francisca_extra_04.jpg,0.8219301006419596,0
/home/anitadonato/tcc/tcc/data/known_faces/Francisca/francisca_baixa_45_dir.jpg,/home/anitadonato/tcc/tcc/data/known_faces/Angela/angela_extra_04.jpg,0.7324538491172404,0
/home/anitadonato/tcc/tcc/data/known_faces/julia/julia_boa_45_esq.jpg,/home/anitadonato/tcc/tcc/data/known_faces/Abraão/abraao_extra_01.jpg,0.5892503589990277,0
/home/anitadonato/tcc/tcc/data/known_faces/Francisca/francisca_extra_07.jpg,/home/anitadonato/tcc/tcc/data/known_faces/ALESSANDRA/alessandra_extra_05.jpeg,0.7091322237253833,0
/home/anitadonato/tcc/tcc/data/known_faces/bianca/WhatsApp Image 2026-06-04 at 22.53.18 (1).jpeg,/home/anitadonato/tcc/tcc/data/known_faces/JUNIOR/junior_baixa_45_30cm.jpeg,0.9035936692185473,0
/home/anitadonato/tcc/tcc/data/known_faces/ALESSANDRA/alessandra_boa_frontal_1m..jpeg,/home/anitadonato/tcc/tcc/data/known_faces/Francisca/francisca_extra_15.jpg,0.7632405125460564,0
/home/anitadonato/tcc/tcc/data/known_faces/julia/20260602_212712.jpg,/home/anitadonato/tcc/tcc/data/known_faces/BIA/bia_moderada_frontal_1m.jpeg,0.6952142787172778,0
/home/anitadonato/tcc/tcc/data/known_faces/julia/20260602_212625.jpg,/home/anitadonato/tcc/tcc/data/known_faces/Angela/angela_boa_frontal.jpg,0.7443922785665447,0
/home/anitadonato/tcc/tcc/data/known_faces/Angela/angela_boa_45_dir.jpg,/home/anitadonato/tcc/tcc/data/known_faces/luan/20260602_211920.jpg,0.824845749444015,0
/home/anitadonato/tcc/tcc/data/known_faces/ALESSANDRA/alessandra_extra_01.jpeg,/home/anitadonato/tcc/tcc/data/known_faces/bianca/WhatsApp Image 2026-06-04 at 22.53.18 (1).jpeg,0.7750217593796944,0
/home/anitadonato/tcc/tcc/data/known_faces/Francisca/francisca_boa_frontal.jpg,/home/anitadonato/tcc/tcc/data/known_faces/Angela/angela_extra_13.jpg,0.7167797281102881,0
/home/anitadonato/tcc/tcc/data/known_faces/Francisca/francisca_extra_05.jpg,/home/anitadonato/tcc/tcc/data/known_faces/ALESSANDRA/alessandra_extra_07.jpeg,0.7035354543140936,0
/home/anitadonato/tcc/tcc/data/known_faces/Angela/angela_boa_45_esq.jpg,/home/anitadonato/tcc/tcc/data/known_faces/ALESSANDRA/alessandra_extra_03.jpeg,0.6503600156209336,0
/home/anitadonato/tcc/tcc/data/known_faces/willa/willa_extra_02.jpg,/home/anitadonato/tcc/tcc/data/known_faces/ALESSANDRA/alessandra_extra_08.jpeg,0.7269030478005419,0
/home/anitadonato/tcc/tcc/data/known_faces/willa/willa_extra_04.jpg,/home/anitadonato/tcc/tcc/data/known_faces/luan/20260602_211812.jpg,0.7213494239325793,0
/home/anitadonato/tcc/tcc/data/known_faces/JUNIOR/junior_boa_frontal_30cm.jpeg,/home/anitadonato/tcc/tcc/data/known_faces/luan/20260602_211823.jpg,0.7901467323188011,0
/home/anitadonato/tcc/tcc/data/known_faces/bianca/WhatsApp Image 2026-06-04 at 22.53.18 (1).jpeg,/home/anitadonato/tcc/tcc/data/known_faces/luan/20260602_211920.jpg,0.8248419119337403,0
/home/anitadonato/tcc/tcc/data/known_faces/Abraão/abraao_extra_01.jpg,/home/anitadonato/tcc/tcc/data/known_faces/JUNIOR/junior_boa_frontal_1m.jpeg,0.8600649722593444,0
/home/anitadonato/tcc/tcc/data/known_faces/JUNIOR/junior_extra_04.jpeg,/home/anitadonato/tcc/tcc/data/known_faces/willa/willa_extra_02.jpg,0.7446849596489484,0
/home/anitadonato/tcc/tcc/data/known_faces/BIA/bia_extra_08.jpeg,/home/anitadonato/tcc/tcc/data/known_faces/luan/20260602_212022.jpg,0.7534214364015156,0
/home/anitadonato/tcc/tcc/data/known_faces/ALESSANDRA/alessandra_extra_04.jpeg,/home/anitadonato/tcc/tcc/data/known_faces/Abraão/abraao_extra_08.jpg,0.7428417753904603,0
/home/anitadonato/tcc/tcc/data/known_faces/bianca/WhatsApp Image 2026-06-04 at 22.53.16 (2).jpeg,/home/anitadonato/tcc/tcc/data/known_faces/Abraão/abraao_extra_02.jpg,0.7881006056958636,0
/home/anitadonato/tcc/tcc/data/known_faces/JUNIOR/junior_moderada_45_1m.jpeg,/home/anitadonato/tcc/tcc/data/known_faces/luan/20260602_212013.jpg,0.786336171911536,0
/home/anitadonato/tcc/tcc/data/known_faces/julia/20260602_212704.jpg,/home/anitadonato/tcc/tcc/data/known_faces/ALESSANDRA/alessandra_boa_frontal_1m..jpeg,0.7171695044236259,0
/home/anitadonato/tcc/tcc/data/known_faces/Abraão/abraao_boa_frontal.jpg,/home/anitadonato/tcc/tcc/data/known_faces/BIA/bia_extra_06.jpeg,0.7142487487685382,0
/home/anitadonato/tcc/tcc/data/known_faces/Abraão/abraao_extra_07.jpg,/home/anitadonato/tcc/tcc/data/known_faces/BIA/bia_baixa_frontal_1m.jpeg,0.7652758207104714,0
/home/anitadonato/tcc/tcc/data/known_faces/Angela/angela_extra_09.jpg,/home/anitadonato/tcc/tcc/data/known_faces/ALESSANDRA/alessandra_extra_03.jpeg,0.6769110238387526,0
/home/anitadonato/tcc/tcc/data/known_faces/ALESSANDRA/alessandra_baixa_frontal_1m.jpeg,/home/anitadonato/tcc/tcc/data/known_faces/Abraão/abraao_baixa_45_esq.jpg,0.6043901617440751,0
/home/anitadonato/tcc/tcc/data/known_faces/Angela/angela_extra_12.jpg,/home/anitadonato/tcc/tcc/data/known_faces/Francisca/francisca_baixa_45_esq.jpg,0.757334068588828,0
/home/anitadonato/tcc/tcc/data/known_faces/willa/willa_boa_45_30cm.jpg,/home/anitadonato/tcc/tcc/data/known_faces/BIA/bia_extra_06.jpeg,0.7168272072626677,0
/home/anitadonato/tcc/tcc/data/known_faces/bianca/WhatsApp Image 2026-06-04 at 22.53.18 (4).jpeg,/home/anitadonato/tcc/tcc/data/known_faces/julia/20260602_212724.jpg,0.7681866330172288,0
/home/anitadonato/tcc/tcc/data/known_faces/bianca/WhatsApp Image 2026-06-04 at 22.53.13 (1).jpeg,/home/anitadonato/tcc/tcc/data/known_faces/JUNIOR/junior_extra_05.jpeg,0.7841981107294157,0
/home/anitadonato/tcc/tcc/data/known_faces/Abraão/abraao_extra_10.jpg,/home/anitadonato/tcc/tcc/data/known_faces/JUNIOR/junior_baixa_frontal_30cm.jpeg,0.8922573889847949,0
/home/anitadonato/tcc/tcc/data/known_faces/Francisca/francisca_extra_15.jpg,/home/anitadonato/tcc/tcc/data/known_faces/willa/20260602_212507.jpg,0.7884483764752906,0
/home/anitadonato/tcc/tcc/data/known_faces/Francisca/francisca_extra_07.jpg,/home/anitadonato/tcc/tcc/data/known_faces/julia/20260602_212724.jpg,0.776783125266617,0
/home/anitadonato/tcc/tcc/data/known_faces/ALESSANDRA/alessandra_boa_45_30cm.jpeg,/home/anitadonato/tcc/tcc/data/known_faces/julia/julia_boa_45_esq.jpg,0.7488526202607346,0
/home/anitadonato/tcc/tcc/data/known_faces/BIA/bia_extra_05.jpeg,/home/anitadonato/tcc/tcc/data/known_faces/Angela/angela_extra_12.jpg,0.7266265011010165,0
/home/anitadonato/tcc/tcc/data/known_faces/Francisca/francisca_extra_04.jpg,/home/anitadonato/tcc/tcc/data/known_faces/Angela/angela_extra_06.jpg,0.8032088982355262,0
/home/anitadonato/tcc/tcc/data/known_faces/Abraão/abraao_baixa_45_dir.jpg,/home/anitadonato/tcc/tcc/data/known_faces/ALESSANDRA/alessandra_moderada_frontal_1m.jpeg,0.7692792039966718,0
/home/anitadonato/tcc/tcc/data/known_faces/willa/willa_moderada_45_30cm.jpg,/home/anitadonato/tcc/tcc/data/known_faces/bianca/WhatsApp Image 2026-06-04 at 22.53.18 (1).jpeg,0.8899793693636502,0
/home/anitadonato/tcc/tcc/data/known_faces/Abraão/abraao_boa_frontal.jpg,/home/anitadonato/tcc/tcc/data/known_faces/Francisca/francisca_extra_06.jpg,0.6909554440257367,0
/home/anitadonato/tcc/tcc/data/known_faces/BIA/bia_moderada_45_1m.jpeg,/home/anitadonato/tcc/tcc/data/known_faces/bianca/WhatsApp Image 2026-06-04 at 22.53.14 (2).jpeg,0.6629840420109033,0
/home/anitadonato/tcc/tcc/data/known_faces/Angela/angela_extra_02.jpg,/home/anitadonato/tcc/tcc/data/known_faces/willa/willa_boa_45_30cm.jpg,0.6517214013378434,0
/home/anitadonato/tcc/tcc/data/known_faces/BIA/bia_boa_45_30cm.jpeg,/home/anitadonato/tcc/tcc/data/known_faces/Abraão/abraao_baixa_45_esq.jpg,0.7440831949767353,0
/home/anitadonato/tcc/tcc/data/known_faces/Abraão/abraao_baixa_frontal.jpg,/home/anitadonato/tcc/tcc/data/known_faces/Francisca/francisca_extra_03.jpg,0.7908079149313606,0
/home/anitadonato/tcc/tcc/data/known_faces/Abraão/abraao_extra_09.jpg,/home/anitadonato/tcc/tcc/data/known_faces/BIA/bia_extra_03.jpeg,0.6858721431454773,0
/home/anitadonato/tcc/tcc/data/known_faces/Francisca/francisca_extra_01.jpg,/home/anitadonato/tcc/tcc/data/known_faces/Abraão/abraao_extra_04.jpg,0.7346053415179681,0
/home/anitadonato/tcc/tcc/data/known_faces/julia/20260602_212709.jpg,/home/anitadonato/tcc/tcc/data/known_faces/willa/willa_extra_02.jpg,0.6871649559857507,0
/home/anitadonato/tcc/tcc/data/known_faces/willa/willa_moderada_frontal_30cm.jpg,/home/anitadonato/tcc/tcc/data/known_faces/Angela/angela_extra_13.jpg,0.7014222222919035,0
/home/anitadonato/tcc/tcc/data/known_faces/JUNIOR/junior_extra_06.jpeg,/home/anitadonato/tcc/tcc/data/known_faces/willa/20260602_212521.jpg,0.8268758642943197,0
/home/anitadonato/tcc/tcc/data/known_faces/ALESSANDRA/alessandra_boa_frontal_30cm..jpeg,/home/anitadonato/tcc/tcc/data/known_faces/JUNIOR/junior_boa_frontal_30cm.jpeg,0.7828432975452486,0
/home/anitadonato/tcc/tcc/data/known_faces/bianca/WhatsApp Image 2026-06-04 at 22.53.19 (5).jpeg,/home/anitadonato/tcc/tcc/data/known_faces/Francisca/francisca_extra_06.jpg,0.757029274080047,0
/home/anitadonato/tcc/tcc/data/known_faces/Angela/angela_extra_10.jpg,/home/anitadonato/tcc/tcc/data/known_faces/JUNIOR/junior_extra_07.jpeg,0.7771647549541734,0
/home/anitadonato/tcc/tcc/data/known_faces/julia/20260602_212704.jpg,/home/anitadonato/tcc/tcc/data/known_faces/JUNIOR/junior_extra_08.jpeg,0.8170582507511357,0
/home/anitadonato/tcc/tcc/data/known_faces/luan/20260602_211823.jpg,/home/anitadonato/tcc/tcc/data/known_faces/Abraão/abraao_baixa_frontal.jpg,0.722747883015094,0
/home/anitadonato/tcc/tcc/data/known_faces/Francisca/francisca_extra_13.jpg,/home/anitadonato/tcc/tcc/data/known_faces/Angela/angela_extra_01.jpg,0.7841784954960083,0
/home/anitadonato/tcc/tcc/data/known_faces/Francisca/francisca_baixa_45_esq.jpg,/home/anitadonato/tcc/tcc/data/known_faces/Abraão/abraao_baixa_45_dir.jpg,0.6616594138732834,0
/home/anitadonato/tcc/tcc/data/known_faces/luan/20260602_212025.jpg,/home/anitadonato/tcc/tcc/data/known_faces/ALESSANDRA/alessandra_moderada_frontal_1m.jpeg,0.7100143680004263,0
/home/anitadonato/tcc/tcc/data/known_faces/bianca/WhatsApp Image 2026-06-04 at 22.53.13 (2).jpeg,/home/anitadonato/tcc/tcc/data/known_faces/BIA/bia_moderada_45_30cm.jpeg,0.7070463114841635,0
/home/anitadonato/tcc/tcc/data/known_faces/Francisca/francisca_extra_13.jpg,/home/anitadonato/tcc/tcc/data/known_faces/luan/20260602_212016.jpg,0.8733382368109868,0
/home/anitadonato/tcc/tcc/data/known_faces/Angela/angela_extra_07.jpg,/home/anitadonato/tcc/tcc/data/known_faces/JUNIOR/junior_boa_frontal_30cm.jpeg,0.8132963236680383,0
/home/anitadonato/tcc/tcc/data/known_faces/willa/20260602_212513.jpg,/home/anitadonato/tcc/tcc/data/known_faces/Francisca/francisca_extra_09.jpg,0.7364678346307982,0
/home/anitadonato/tcc/tcc/data/known_faces/luan/20260602_211812.jpg,/home/anitadonato/tcc/tcc/data/known_faces/willa/willa_extra_05.jpg,0.6806996935889815,0
/home/anitadonato/tcc/tcc/data/known_faces/JUNIOR/junior_baixa_45_1m.jpeg,/home/anitadonato/tcc/tcc/data/known_faces/luan/20260602_212035.jpg,0.8423964744872071,0
/home/anitadonato/tcc/tcc/data/known_faces/BIA/bia_moderada_45_1m.jpeg,/home/anitadonato/tcc/tcc/data/known_faces/Angela/angela_boa_45_esq.jpg,0.7410010942291834,0
/home/anitadonato/tcc/tcc/data/known_faces/julia/20260602_212631.jpg,/home/anitadonato/tcc/tcc/data/known_faces/Angela/angela_extra_13.jpg,0.7202539245277522,0
/home/anitadonato/tcc/tcc/data/known_faces/willa/willa_extra_08.jpg,/home/anitadonato/tcc/tcc/data/known_faces/Angela/angela_extra_06.jpg,0.6100874054106179,0
/home/anitadonato/tcc/tcc/data/known_faces/ALESSANDRA/alessandra_extra_08.jpeg,/home/anitadonato/tcc/tcc/data/known_faces/BIA/bia_boa_frontal_30cm..jpeg,0.7240677516951721,0
/home/anitadonato/tcc/tcc/data/known_faces/Abraão/abraao_extra_05.jpg,/home/anitadonato/tcc/tcc/data/known_faces/Francisca/francisca_extra_02.jpg,0.7785850978266231,0
/home/anitadonato/tcc/tcc/data/known_faces/ALESSANDRA/alessandra_moderada_45_1m.jpeg,/home/anitadonato/tcc/tcc/data/known_faces/BIA/bia_extra_04.jpeg,0.6928559364241734,0
/home/anitadonato/tcc/tcc/data/known_faces/bianca/WhatsApp Image 2026-06-04 at 22.53.16.jpeg,/home/anitadonato/tcc/tcc/data/known_faces/julia/20260602_212621.jpg,0.8245127379590251,0
/home/anitadonato/tcc/tcc/data/known_faces/ALESSANDRA/alessandra_baixa_frontal_30cm.jpeg,/home/anitadonato/tcc/tcc/data/known_faces/JUNIOR/junior_moderada_45_1m.jpeg,0.8978971171694407,0
/home/anitadonato/tcc/tcc/data/known_faces/Francisca/francisca_extra_14.jpg,/home/anitadonato/tcc/tcc/data/known_faces/willa/willa_moderada_45_30cm.jpg,0.7966449578757859,0
/home/anitadonato/tcc/tcc/data/known_faces/willa/willa_extra_05.jpg,/home/anitadonato/tcc/tcc/data/known_faces/Angela/angela_extra_07.jpg,0.695201588698187,0
/home/anitadonato/tcc/tcc/data/known_faces/JUNIOR/junior_moderada_45_1m.jpeg,/home/anitadonato/tcc/tcc/data/known_faces/Abraão/abraao_extra_02.jpg,0.8892092774012839,0
/home/anitadonato/tcc/tcc/data/known_faces/JUNIOR/junior_extra_08.jpeg,/home/anitadonato/tcc/tcc/data/known_faces/willa/willa_extra_08.jpg,0.7985760954860344,0
/home/anitadonato/tcc/tcc/data/known_faces/willa/willa_extra_09.jpg,/home/anitadonato/tcc/tcc/data/known_faces/ALESSANDRA/alessandra_boa_45_1m..jpeg,0.7497418844690046,0
/home/anitadonato/tcc/tcc/data/known_faces/julia/20260602_212635.jpg,/home/anitadonato/tcc/tcc/data/known_faces/Angela/angela_baixa_frontal.jpg,0.7046208487069777,0
/home/anitadonato/tcc/tcc/data/known_faces/Angela/angela_extra_06.jpg,/home/anitadonato/tcc/tcc/data/known_faces/willa/20260602_212511.jpg,0.7597641972138003,0
/home/anitadonato/tcc/tcc/data/known_faces/BIA/bia_extra_03.jpeg,/home/anitadonato/tcc/tcc/data/known_faces/bianca/WhatsApp Image 2026-06-04 at 22.53.19 (2).jpeg,0.623752089202788,0
/home/anitadonato/tcc/tcc/data/known_faces/Abraão/abraao_extra_09.jpg,/home/anitadonato/tcc/tcc/data/known_faces/julia/20260602_212740.jpg,0.5593604531689264,0
/home/anitadonato/tcc/tcc/data/known_faces/BIA/bia_extra_06.jpeg,/home/anitadonato/tcc/tcc/data/known_faces/Angela/20260602_192040.jpg,0.7450532704481795,0
/home/anitadonato/tcc/tcc/data/known_faces/BIA/bia_boa_45_1m..jpeg,/home/anitadonato/tcc/tcc/data/known_faces/ALESSANDRA/alessandra_moderada_frontal_1m.jpeg,0.7436247294645109,0
/home/anitadonato/tcc/tcc/data/known_faces/willa/20260602_212513.jpg,/home/anitadonato/tcc/tcc/data/known_faces/Angela/angela_extra_11.jpg,0.673600203780561,0
/home/anitadonato/tcc/tcc/data/known_faces/Francisca/francisca_extra_11.jpg,/home/anitadonato/tcc/tcc/data/known_faces/Angela/angela_extra_07.jpg,0.7218164826091134,0
/home/anitadonato/tcc/tcc/data/known_faces/willa/willa_extra_02.jpg,/home/anitadonato/tcc/tcc/data/known_faces/ALESSANDRA/alessandra_baixa_frontal_1m.jpeg,0.7032507387950283,0
/home/anitadonato/tcc/tcc/data/known_faces/BIA/bia_moderada_frontal_30cm.jpeg,/home/anitadonato/tcc/tcc/data/known_faces/julia/20260602_212740.jpg,0.665670074105772,0
/home/anitadonato/tcc/tcc/data/known_faces/julia/20260602_212635.jpg,/home/anitadonato/tcc/tcc/data/known_faces/Angela/angela_extra_08.jpg,0.7384171591202771,0
/home/anitadonato/tcc/tcc/data/known_faces/willa/willa_moderada_frontal_30cm.jpg,/home/anitadonato/tcc/tcc/data/known_faces/Angela/angela_boa_frontal.jpg,0.6969554327234039,0
/home/anitadonato/tcc/tcc/data/known_faces/willa/willa_boa_45_30cm.jpg,/home/anitadonato/tcc/tcc/data/known_faces/luan/20260602_211823.jpg,0.7051275302949415,0
/home/anitadonato/tcc/tcc/data/known_faces/JUNIOR/junior_moderada_frontal_30cm.jpeg,/home/anitadonato/tcc/tcc/data/known_faces/julia/julia_boa_frontal.jpg,0.8820537704718248,0
/home/anitadonato/tcc/tcc/data/known_faces/Abraão/abraao_extra_06.jpg,/home/anitadonato/tcc/tcc/data/known_faces/BIA/bia_extra_05.jpeg,0.7164601097940622,0
/home/anitadonato/tcc/tcc/data/known_faces/Angela/20260602_192040.jpg,/home/anitadonato/tcc/tcc/data/known_faces/Abraão/abraao_boa_frontal.jpg,0.7077476622612622,0
/home/anitadonato/tcc/tcc/data/known_faces/luan/20260602_212035.jpg,/home/anitadonato/tcc/tcc/data/known_faces/willa/willa_extra_06.jpg,0.6789551541162487,0
/home/anitadonato/tcc/tcc/data/known_faces/Angela/angela_boa_frontal.jpg,/home/anitadonato/tcc/tcc/data/known_faces/Abraão/abraao_extra_09.jpg,0.7889461855763708,0
/home/anitadonato/tcc/tcc/data/known_faces/willa/willa_moderada_45_30cm.jpg,/home/anitadonato/tcc/tcc/data/known_faces/ALESSANDRA/alessandra_moderada_45_1m.jpeg,0.7901389294656715,0
/home/anitadonato/tcc/tcc/data/known_faces/ALESSANDRA/alessandra_extra_06.jpeg,/home/anitadonato/tcc/tcc/data/known_faces/luan/20260602_211836.jpg,0.720008054760617,0
/home/anitadonato/tcc/tcc/data/known_faces/julia/20260602_212712.jpg,/home/anitadonato/tcc/tcc/data/known_faces/bianca/WhatsApp Image 2026-06-04 at 22.53.18 (2).jpeg,0.7342070958118005,0
/home/anitadonato/tcc/tcc/data/known_faces/willa/willa_extra_06.jpg,/home/anitadonato/tcc/tcc/data/known_faces/Abraão/abraao_boa_45_.jpg,0.6126295294899218,0
/home/anitadonato/tcc/tcc/data/known_faces/Francisca/francisca_extra_08.jpg,/home/anitadonato/tcc/tcc/data/known_faces/luan/20260602_211837.jpg,0.8073020668007588,0
/home/anitadonato/tcc/tcc/data/known_faces/bianca/WhatsApp Image 2026-06-04 at 22.53.19 (1).jpeg,/home/anitadonato/tcc/tcc/data/known_faces/BIA/bia_extra_03.jpeg,0.6293264782542143,0
/home/anitadonato/tcc/tcc/data/known_faces/bianca/WhatsApp Image 2026-06-04 at 22.53.14 (1).jpeg,/home/anitadonato/tcc/tcc/data/known_faces/JUNIOR/junior_boa_45_1m.jpeg,0.8107088846370729,0
/home/anitadonato/tcc/tcc/data/known_faces/bianca/WhatsApp Image 2026-06-04 at 22.53.15 (1).jpeg,/home/anitadonato/tcc/tcc/data/known_faces/Francisca/francisca_extra_13.jpg,0.8068030002625125,0
/home/anitadonato/tcc/tcc/data/known_faces/bianca/WhatsApp Image 2026-06-04 at 22.53.18 (3).jpeg,/home/anitadonato/tcc/tcc/data/known_faces/JUNIOR/junior_extra_01.jpeg,0.8063638495880329,0
/home/anitadonato/tcc/tcc/data/known_faces/bianca/WhatsApp Image 2026-06-04 at 22.53.16 (3).jpeg,/home/anitadonato/tcc/tcc/data/known_faces/BIA/bia_moderada_45_30cm.jpeg,0.6822352312258316,0
/home/anitadonato/tcc/tcc/data/known_faces/luan/20260602_211823.jpg,/home/anitadonato/tcc/tcc/data/known_faces/julia/20260602_212712.jpg,0.6998760894109534,0
/home/anitadonato/tcc/tcc/data/known_faces/luan/20260602_212016.jpg,/home/anitadonato/tcc/tcc/data/known_faces/willa/willa_boa_45_30cm.jpg,0.6890285012701334,0
/home/anitadonato/tcc/tcc/data/known_faces/Francisca/francisca_extra_07.jpg,/home/anitadonato/tcc/tcc/data/known_faces/JUNIOR/junior_boa_45_1m.jpeg,0.7703824599905098,0
/home/anitadonato/tcc/tcc/data/known_faces/Abraão/abraao_extra_08.jpg,/home/anitadonato/tcc/tcc/data/known_faces/BIA/bia_boa_45_30cm.jpeg,0.7523639958965259,0
/home/anitadonato/tcc/tcc/data/known_faces/Abraão/abraao_extra_10.jpg,/home/anitadonato/tcc/tcc/data/known_faces/BIA/bia_extra_05.jpeg,0.7070514219457512,0
/home/anitadonato/tcc/tcc/data/known_faces/JUNIOR/junior_moderada_frontal_30cm.jpeg,/home/anitadonato/tcc/tcc/data/known_faces/luan/20260602_212035.jpg,0.7748834584771884,0
/home/anitadonato/tcc/tcc/data/known_faces/ALESSANDRA/alessandra_extra_05.jpeg,/home/anitadonato/tcc/tcc/data/known_faces/Angela/20260602_192040.jpg,0.6187449461461763,0
/home/anitadonato/tcc/tcc/data/known_faces/Abraão/abraao_extra_09.jpg,/home/anitadonato/tcc/tcc/data/known_faces/Angela/angela_extra_08.jpg,0.738881951357708,0
/home/anitadonato/tcc/tcc/data/known_faces/Abraão/abraao_extra_02.jpg,/home/anitadonato/tcc/tcc/data/known_faces/willa/willa_baixa_frontal_30cm.jpg,0.6442977875369312,0
/home/anitadonato/tcc/tcc/data/known_faces/JUNIOR/junior_moderada_frontal_30cm.jpeg,/home/anitadonato/tcc/tcc/data/known_faces/Abraão/abraao_baixa_45_esq.jpg,0.8625719531252053,0
/home/anitadonato/tcc/tcc/data/known_faces/bianca/WhatsApp Image 2026-06-04 at 22.53.18 (3).jpeg,/home/anitadonato/tcc/tcc/data/known_faces/willa/willa_extra_09.jpg,0.7830673658203773,0
/home/anitadonato/tcc/tcc/data/known_faces/Francisca/francisca_boa_frontal.jpg,/home/anitadonato/tcc/tcc/data/known_faces/ALESSANDRA/alessandra_extra_08.jpeg,0.782680638533252,0
/home/anitadonato/tcc/tcc/data/known_faces/julia/20260602_212633.jpg,/home/anitadonato/tcc/tcc/data/known_faces/ALESSANDRA/alessandra_moderada_45_1m.jpeg,0.7958909476798396,0
/home/anitadonato/tcc/tcc/data/known_faces/Francisca/francisca_baixa_45_dir.jpg,/home/anitadonato/tcc/tcc/data/known_faces/BIA/bia_moderada_frontal_30cm.jpeg,0.7735788264683409,0
/home/anitadonato/tcc/tcc/data/known_faces/luan/20260602_211836.jpg,/home/anitadonato/tcc/tcc/data/known_faces/willa/20260602_212521.jpg,0.8584344766151227,0
/home/anitadonato/tcc/tcc/data/known_faces/ALESSANDRA/alessandra_boa_frontal_30cm..jpeg,/home/anitadonato/tcc/tcc/data/known_faces/JUNIOR/junior_baixa_45_1m.jpeg,0.9145561555330647,0
/home/anitadonato/tcc/tcc/data/known_faces/Angela/angela_extra_03.jpg,/home/anitadonato/tcc/tcc/data/known_faces/Abraão/abraao_extra_06.jpg,0.7188193649879048,0
/home/anitadonato/tcc/tcc/data/known_faces/JUNIOR/junior_extra_05.jpeg,/home/anitadonato/tcc/tcc/data/known_faces/bianca/WhatsApp Image 2026-06-04 at 22.53.18 (2).jpeg,0.8374861092997228,0
/home/anitadonato/tcc/tcc/data/known_faces/Abraão/abraao_extra_03.jpg,/home/anitadonato/tcc/tcc/data/known_faces/luan/20260602_212022.jpg,0.681604888023556,0
/home/anitadonato/tcc/tcc/data/known_faces/willa/willa_extra_04.jpg,/home/anitadonato/tcc/tcc/data/known_faces/JUNIOR/junior_extra_01.jpeg,0.7281175663639322,0
/home/anitadonato/tcc/tcc/data/known_faces/BIA/bia_extra_07.jpeg,/home/anitadonato/tcc/tcc/data/known_faces/willa/willa_extra_05.jpg,0.7335929186948289,0
/home/anitadonato/tcc/tcc/data/known_faces/willa/willa_boa_45_30cm.jpg,/home/anitadonato/tcc/tcc/data/known_faces/ALESSANDRA/alessandra_boa_45_30cm.jpeg,0.7250932982976129,0
/home/anitadonato/tcc/tcc/data/known_faces/bianca/WhatsApp Image 2026-06-04 at 22.53.14 (1).jpeg,/home/anitadonato/tcc/tcc/data/known_faces/luan/20260602_212022.jpg,0.7594976323220157,0
/home/anitadonato/tcc/tcc/data/known_faces/Abraão/abraao_extra_03.jpg,/home/anitadonato/tcc/tcc/data/known_faces/luan/20260602_211913.jpg,0.6995569538291413,0
/home/anitadonato/tcc/tcc/data/known_faces/Abraão/abraao_extra_02.jpg,/home/anitadonato/tcc/tcc/data/known_faces/luan/20260602_212022.jpg,0.7365427017889307,0
/home/anitadonato/tcc/tcc/data/known_faces/willa/willa_extra_07.jpg,/home/anitadonato/tcc/tcc/data/known_faces/Francisca/francisca_extra_07.jpg,0.647133843722063,0
/home/anitadonato/tcc/tcc/data/known_faces/willa/willa_baixa_frontal_30cm.jpg,/home/anitadonato/tcc/tcc/data/known_faces/julia/20260602_212709.jpg,0.7436056380049157,0
/home/anitadonato/tcc/tcc/data/known_faces/julia/julia_boa_frontal.jpg,/home/anitadonato/tcc/tcc/data/known_faces/willa/20260602_212418.jpg,0.7539435062954615,0
/home/anitadonato/tcc/tcc/data/known_faces/julia/20260602_212654.jpg,/home/anitadonato/tcc/tcc/data/known_faces/Abraão/abraao_baixa_frontal.jpg,0.600514472215211,0
/home/anitadonato/tcc/tcc/data/known_faces/bianca/WhatsApp Image 2026-06-04 at 22.53.18.jpeg,/home/anitadonato/tcc/tcc/data/known_faces/BIA/bia_boa_frontal_30cm..jpeg,0.6740279192324675,0
/home/anitadonato/tcc/tcc/data/known_faces/luan/20260602_211837.jpg,/home/anitadonato/tcc/tcc/data/known_faces/ALESSANDRA/alessandra_boa_frontal_30cm..jpeg,0.7164959771554695,0
/home/anitadonato/tcc/tcc/data/known_faces/Francisca/francisca_extra_07.jpg,/home/anitadonato/tcc/tcc/data/known_faces/Abraão/abraao_extra_04.jpg,0.688388624155951,0
/home/anitadonato/tcc/tcc/data/known_faces/Abraão/abraao_boa_45_dir.jpg,/home/anitadonato/tcc/tcc/data/known_faces/luan/20260602_212016.jpg,0.7864481196319457,0
/home/anitadonato/tcc/tcc/data/known_faces/JUNIOR/junior_boa_frontal_1m.jpeg,/home/anitadonato/tcc/tcc/data/known_faces/willa/willa_moderada_frontal_30cm.jpg,0.8838663891117017,0
/home/anitadonato/tcc/tcc/data/known_faces/Francisca/francisca_extra_01.jpg,/home/anitadonato/tcc/tcc/data/known_faces/Angela/angela_extra_10.jpg,0.7545782556496047,0
/home/anitadonato/tcc/tcc/data/known_faces/BIA/bia_boa_frontal_30cm..jpeg,/home/anitadonato/tcc/tcc/data/known_faces/willa/willa_boa_45_30cm.jpg,0.6948963713990424,0
/home/anitadonato/tcc/tcc/data/known_faces/BIA/bia_boa_frontal_1m..jpeg,/home/anitadonato/tcc/tcc/data/known_faces/willa/willa_baixa_frontal_30cm.jpg,0.7214009790235325,0
/home/anitadonato/tcc/tcc/data/known_faces/willa/20260602_212513.jpg,/home/anitadonato/tcc/tcc/data/known_faces/JUNIOR/junior_baixa_frontal_30cm.jpeg,0.8772506024489866,0
/home/anitadonato/tcc/tcc/data/known_faces/Abraão/abraao_extra_09.jpg,/home/anitadonato/tcc/tcc/data/known_faces/willa/20260602_212418.jpg,0.6594281460088385,0
/home/anitadonato/tcc/tcc/data/known_faces/luan/20260602_212016.jpg,/home/anitadonato/tcc/tcc/data/known_faces/ALESSANDRA/alessandra_extra_04.jpeg,0.7328975305186234,0
/home/anitadonato/tcc/tcc/data/known_faces/willa/willa_extra_08.jpg,/home/anitadonato/tcc/tcc/data/known_faces/JUNIOR/junior_moderada_frontal_1m.jpeg,0.8278366981472216,0
/home/anitadonato/tcc/tcc/data/known_faces/Francisca/francisca_boa_frontal.jpg,/home/anitadonato/tcc/tcc/data/known_faces/julia/julia_boa_45_esq(1).jpg,0.7985935338069188,0
/home/anitadonato/tcc/tcc/data/known_faces/Francisca/francisca_extra_02.jpg,/home/anitadonato/tcc/tcc/data/known_faces/bianca/WhatsApp Image 2026-06-04 at 22.53.19 (3).jpeg,0.7144322680527346,0
/home/anitadonato/tcc/tcc/data/known_faces/willa/20260602_212431.jpg,/home/anitadonato/tcc/tcc/data/known_faces/Angela/angela_extra_11.jpg,0.6346684788246553,0
/home/anitadonato/tcc/tcc/data/known_faces/bianca/WhatsApp Image 2026-06-04 at 22.53.18 (1).jpeg,/home/anitadonato/tcc/tcc/data/known_faces/julia/20260602_212621.jpg,0.7923945623401077,0
/home/anitadonato/tcc/tcc/data/known_faces/luan/20260602_211920.jpg,/home/anitadonato/tcc/tcc/data/known_faces/JUNIOR/junior_boa_45_30cm.jpeg,0.8803557946322941,0
/home/anitadonato/tcc/tcc/data/known_faces/julia/julia_boa_45_esq(1).jpg,/home/anitadonato/tcc/tcc/data/known_faces/Abraão/abraao_extra_08.jpg,0.6479240834784853,0
/home/anitadonato/tcc/tcc/data/known_faces/JUNIOR/junior_baixa_45_1m.jpeg,/home/anitadonato/tcc/tcc/data/known_faces/ALESSANDRA/alessandra_boa_frontal_1m..jpeg,0.9284179731811292,0
/home/anitadonato/tcc/tcc/data/known_faces/bianca/WhatsApp Image 2026-06-04 at 22.53.15.jpeg,/home/anitadonato/tcc/tcc/data/known_faces/Abraão/abraao_extra_05.jpg,0.6838185775573196,0
/home/anitadonato/tcc/tcc/data/known_faces/willa/20260602_212521.jpg,/home/anitadonato/tcc/tcc/data/known_faces/Francisca/francisca_extra_13.jpg,0.8031092653658783,0
/home/anitadonato/tcc/tcc/data/known_faces/Francisca/francisca_extra_03.jpg,/home/anitadonato/tcc/tcc/data/known_faces/BIA/bia_extra_08.jpeg,0.8384594409472115,0
/home/anitadonato/tcc/tcc/data/known_faces/willa/willa_extra_04.jpg,/home/anitadonato/tcc/tcc/data/known_faces/JUNIOR/junior_boa_45_30cm.jpeg,0.8037135850332655,0
/home/anitadonato/tcc/tcc/data/known_faces/julia/20260602_212633.jpg,/home/anitadonato/tcc/tcc/data/known_faces/bianca/WhatsApp Image 2026-06-04 at 22.53.16 (3).jpeg,0.834472761400864,0
/home/anitadonato/tcc/tcc/data/known_faces/julia/julia_boa_frontal.jpg,/home/anitadonato/tcc/tcc/data/known_faces/Angela/angela_boa_45_esq.jpg,0.7230923800393825,0
/home/anitadonato/tcc/tcc/data/known_faces/willa/20260602_212511.jpg,/home/anitadonato/tcc/tcc/data/known_faces/BIA/bia_extra_01.jpeg,0.8180430317098143,0
/home/anitadonato/tcc/tcc/data/known_faces/BIA/bia_extra_06.jpeg,/home/anitadonato/tcc/tcc/data/known_faces/luan/20260602_211920.jpg,0.7852390910969355,0
/home/anitadonato/tcc/tcc/data/known_faces/BIA/bia_boa_45_1m..jpeg,/home/anitadonato/tcc/tcc/data/known_faces/Angela/angela_extra_10.jpg,0.7279993695980252,0
/home/anitadonato/tcc/tcc/data/known_faces/ALESSANDRA/alessandra_extra_06.jpeg,/home/anitadonato/tcc/tcc/data/known_faces/Angela/angela_extra_10.jpg,0.6500158147520194,0
/home/anitadonato/tcc/tcc/data/known_faces/Angela/angela_extra_12.jpg,/home/anitadonato/tcc/tcc/data/known_faces/luan/20260602_211913.jpg,0.7193364140990252,0
/home/anitadonato/tcc/tcc/data/known_faces/julia/20260602_212654.jpg,/home/anitadonato/tcc/tcc/data/known_faces/Francisca/francisca_extra_13.jpg,0.6686421842618048,0
/home/anitadonato/tcc/tcc/data/known_faces/willa/willa_extra_05.jpg,/home/anitadonato/tcc/tcc/data/known_faces/ALESSANDRA/alessandra_baixa_frontal_30cm.jpeg,0.6730559246706468,0
/home/anitadonato/tcc/tcc/data/known_faces/Angela/angela_extra_01.jpg,/home/anitadonato/tcc/tcc/data/known_faces/ALESSANDRA/alessandra_extra_01.jpeg,0.6698063203859882,0
/home/anitadonato/tcc/tcc/data/known_faces/julia/20260602_212732.jpg,/home/anitadonato/tcc/tcc/data/known_faces/Abraão/abraao_extra_04.jpg,0.5672769930898173,0
/home/anitadonato/tcc/tcc/data/known_faces/Francisca/francisca_extra_06.jpg,/home/anitadonato/tcc/tcc/data/known_faces/JUNIOR/junior_moderada_45_30cm.jpeg,0.8202672541602403,0
/home/anitadonato/tcc/tcc/data/known_faces/willa/20260602_212521.jpg,/home/anitadonato/tcc/tcc/data/known_faces/luan/20260602_211845.jpg,0.6787740367499485,0
/home/anitadonato/tcc/tcc/data/known_faces/JUNIOR/junior_moderada_45_1m.jpeg,/home/anitadonato/tcc/tcc/data/known_faces/willa/willa_extra_08.jpg,0.7841891897743076,0
/home/anitadonato/tcc/tcc/data/known_faces/julia/20260602_212724.jpg,/home/anitadonato/tcc/tcc/data/known_faces/Abraão/abraao_extra_03.jpg,0.5356686575285909,0
/home/anitadonato/tcc/tcc/data/known_faces/julia/20260602_212631.jpg,/home/anitadonato/tcc/tcc/data/known_faces/Angela/angela_extra_05.jpg,0.7037011327446661,0
/home/anitadonato/tcc/tcc/data/known_faces/bianca/WhatsApp Image 2026-06-04 at 22.53.19 (6).jpeg,/home/anitadonato/tcc/tcc/data/known_faces/willa/20260602_212507.jpg,0.7975533208907596,0
/home/anitadonato/tcc/tcc/data/known_faces/Abraão/abraao_extra_04.jpg,/home/anitadonato/tcc/tcc/data/known_faces/Angela/angela_extra_02.jpg,0.681345082426018,0
/home/anitadonato/tcc/tcc/data/known_faces/JUNIOR/junior_extra_02.jpeg,/home/anitadonato/tcc/tcc/data/known_faces/willa/willa_boa_45_30cm.jpg,0.7356974973970093,0
/home/anitadonato/tcc/tcc/data/known_faces/willa/willa_boa_45_30cm.jpg,/home/anitadonato/tcc/tcc/data/known_faces/bianca/WhatsApp Image 2026-06-04 at 22.53.19.jpeg,0.781067198543489,0
/home/anitadonato/tcc/tcc/data/known_faces/julia/julia_boa_frontal.jpg,/home/anitadonato/tcc/tcc/data/known_faces/JUNIOR/junior_moderada_45_1m.jpeg,0.9151215092591184,0
/home/anitadonato/tcc/tcc/data/known_faces/julia/20260602_212631.jpg,/home/anitadonato/tcc/tcc/data/known_faces/bianca/WhatsApp Image 2026-06-04 at 22.53.14 (3).jpeg,0.7841910400138793,0
/home/anitadonato/tcc/tcc/data/known_faces/ALESSANDRA/alessandra_boa_frontal_30cm..jpeg,/home/anitadonato/tcc/tcc/data/known_faces/Angela/angela_extra_03.jpg,0.6495845675807688,0
/home/anitadonato/tcc/tcc/data/known_faces/Abraão/abraao_boa_45_dir.jpg,/home/anitadonato/tcc/tcc/data/known_faces/BIA/bia_extra_05.jpeg,0.7258688727114343,0
/home/anitadonato/tcc/tcc/data/known_faces/Abraão/abraao_baixa_frontal.jpg,/home/anitadonato/tcc/tcc/data/known_faces/willa/willa_extra_08.jpg,0.6013162079753503,0
/home/anitadonato/tcc/tcc/data/known_faces/willa/20260602_212507.jpg,/home/anitadonato/tcc/tcc/data/known_faces/Angela/angela_extra_07.jpg,0.7268402908769239,0
/home/anitadonato/tcc/tcc/data/known_faces/Francisca/francisca_extra_02.jpg,/home/anitadonato/tcc/tcc/data/known_faces/BIA/bia_extra_02.jpeg,0.7576513691895211,0
/home/anitadonato/tcc/tcc/data/known_faces/julia/20260602_212629.jpg,/home/anitadonato/tcc/tcc/data/known_faces/Angela/angela_extra_11.jpg,0.6756089027570114,0
/home/anitadonato/tcc/tcc/data/known_faces/Angela/angela_baixa_45_esq.jpg,/home/anitadonato/tcc/tcc/data/known_faces/ALESSANDRA/alessandra_extra_04.jpeg,0.6850972237856623,0
/home/anitadonato/tcc/tcc/data/known_faces/JUNIOR/junior_extra_07.jpeg,/home/anitadonato/tcc/tcc/data/known_faces/julia/julia_boa_45_esq.jpg,0.8632070568322692,0
/home/anitadonato/tcc/tcc/data/known_faces/luan/20260602_212025.jpg,/home/anitadonato/tcc/tcc/data/known_faces/Angela/angela_extra_09.jpg,0.7374326763192895,0
/home/anitadonato/tcc/tcc/data/known_faces/willa/willa_extra_09.jpg,/home/anitadonato/tcc/tcc/data/known_faces/bianca/WhatsApp Image 2026-06-04 at 22.53.18 (4).jpeg,0.7827888327055543,0
/home/anitadonato/tcc/tcc/data/known_faces/luan/20260602_211812.jpg,/home/anitadonato/tcc/tcc/data/known_faces/BIA/bia_extra_07.jpeg,0.75542142435837,0
/home/anitadonato/tcc/tcc/data/known_faces/Francisca/francisca_extra_08.jpg,/home/anitadonato/tcc/tcc/data/known_faces/JUNIOR/junior_extra_01.jpeg,0.8521488507174518,0
/home/anitadonato/tcc/tcc/data/known_faces/Angela/20260602_192040.jpg,/home/anitadonato/tcc/tcc/data/known_faces/Francisca/Francisca_boa_45_dir.jpg,0.7145451445644535,0
/home/anitadonato/tcc/tcc/data/known_faces/julia/20260602_212618.jpg,/home/anitadonato/tcc/tcc/data/known_faces/luan/20260602_212016.jpg,0.7024869595655231,0
/home/anitadonato/tcc/tcc/data/known_faces/julia/20260602_212618.jpg,/home/anitadonato/tcc/tcc/data/known_faces/Francisca/francisca_extra_08.jpg,0.6886056926081734,0
/home/anitadonato/tcc/tcc/data/known_faces/Francisca/Francisca_boa_45_dir.jpg,/home/anitadonato/tcc/tcc/data/known_faces/BIA/bia_moderada_45_30cm.jpeg,0.8119285567346569,0
/home/anitadonato/tcc/tcc/data/known_faces/JUNIOR/junior_extra_06.jpeg,/home/anitadonato/tcc/tcc/data/known_faces/BIA/bia_moderada_45_30cm.jpeg,0.7757218431810297,0
/home/anitadonato/tcc/tcc/data/known_faces/bianca/WhatsApp Image 2026-06-04 at 22.53.14.jpeg,/home/anitadonato/tcc/tcc/data/known_faces/willa/20260602_212521.jpg,0.8534462220315083,0
/home/anitadonato/tcc/tcc/data/known_faces/bianca/WhatsApp Image 2026-06-04 at 22.53.14.jpeg,/home/anitadonato/tcc/tcc/data/known_faces/willa/willa_boa_45_30cm.jpg,0.8157795659439082,0
/home/anitadonato/tcc/tcc/data/known_faces/willa/willa_extra_02.jpg,/home/anitadonato/tcc/tcc/data/known_faces/Francisca/francisca_extra_13.jpg,0.7217266046488222,0
/home/anitadonato/tcc/tcc/data/known_faces/Francisca/francisca_extra_01.jpg,/home/anitadonato/tcc/tcc/data/known_faces/bianca/WhatsApp Image 2026-06-04 at 22.53.19 (6).jpeg,0.7761840224629449,0
/home/anitadonato/tcc/tcc/data/known_faces/Abraão/abraao_boa_45_.jpg,/home/anitadonato/tcc/tcc/data/known_faces/Angela/angela_extra_04.jpg,0.7423976230107455,0
/home/anitadonato/tcc/tcc/data/known_faces/Abraão/abraao_extra_08.jpg,/home/anitadonato/tcc/tcc/data/known_faces/julia/20260602_212654.jpg,0.6255740903438005,0
/home/anitadonato/tcc/tcc/data/known_faces/willa/willa_baixa_45_30cm.jpg,/home/anitadonato/tcc/tcc/data/known_faces/julia/20260602_212709.jpg,0.7284040462800132,0
/home/anitadonato/tcc/tcc/data/known_faces/ALESSANDRA/alessandra_baixa_frontal_30cm.jpeg,/home/anitadonato/tcc/tcc/data/known_faces/Angela/angela_extra_04.jpg,0.6919563433681735,0
/home/anitadonato/tcc/tcc/data/known_faces/Francisca/francisca_extra_09.jpg,/home/anitadonato/tcc/tcc/data/known_faces/Angela/20260602_192040.jpg,0.6640612686529704,0
/home/anitadonato/tcc/tcc/data/known_faces/julia/20260602_212709.jpg,/home/anitadonato/tcc/tcc/data/known_faces/BIA/bia_extra_06.jpeg,0.7566298129300618,0
/home/anitadonato/tcc/tcc/data/known_faces/Francisca/francisca_extra_06.jpg,/home/anitadonato/tcc/tcc/data/known_faces/julia/20260602_212732.jpg,0.7295593889243184,0
/home/anitadonato/tcc/tcc/data/known_faces/ALESSANDRA/alessandra_baixa_frontal_1m.jpeg,/home/anitadonato/tcc/tcc/data/known_faces/JUNIOR/junior_boa_45_1m.jpeg,0.8411267591361757,0
/home/anitadonato/tcc/tcc/data/known_faces/ALESSANDRA/alessandra_extra_05.jpeg,/home/anitadonato/tcc/tcc/data/known_faces/Francisca/francisca_baixa_45_esq.jpg,0.7086285232613927,0
/home/anitadonato/tcc/tcc/data/known_faces/luan/20260602_211823.jpg,/home/anitadonato/tcc/tcc/data/known_faces/julia/20260602_212633.jpg,0.6892454954457929,0
/home/anitadonato/tcc/tcc/data/known_faces/Francisca/Francisca_boa_45_dir.jpg,/home/anitadonato/tcc/tcc/data/known_faces/bianca/WhatsApp Image 2026-06-04 at 22.53.14 (1).jpeg,0.7880315750915816,0
/home/anitadonato/tcc/tcc/data/known_faces/BIA/bia_extra_07.jpeg,/home/anitadonato/tcc/tcc/data/known_faces/bianca/WhatsApp Image 2026-06-04 at 22.53.14.jpeg,0.6530827710075734,0
/home/anitadonato/tcc/tcc/data/known_faces/ALESSANDRA/alessandra_extra_07.jpeg,/home/anitadonato/tcc/tcc/data/known_faces/BIA/bia_baixa_frontal_30cm.jpeg,0.7041489545459895,0
/home/anitadonato/tcc/tcc/data/known_faces/luan/20260602_212016.jpg,/home/anitadonato/tcc/tcc/data/known_faces/BIA/bia_extra_05.jpeg,0.7253143922937189,0
/home/anitadonato/tcc/tcc/data/known_faces/Francisca/francisca_boa_frontal.jpg,/home/anitadonato/tcc/tcc/data/known_faces/JUNIOR/junior_baixa_45_30cm.jpeg,0.877787102931613,0
/home/anitadonato/tcc/tcc/data/known_faces/julia/20260602_212633.jpg,/home/anitadonato/tcc/tcc/data/known_faces/Francisca/francisca_extra_06.jpg,0.7996430260760977,0
/home/anitadonato/tcc/tcc/data/known_faces/ALESSANDRA/alessandra_baixa_frontal_30cm.jpeg,/home/anitadonato/tcc/tcc/data/known_faces/BIA/bia_boa_frontal_30cm..jpeg,0.7242618435313738,0
/home/anitadonato/tcc/tcc/data/known_faces/bianca/WhatsApp Image 2026-06-04 at 22.53.13 (1).jpeg,/home/anitadonato/tcc/tcc/data/known_faces/JUNIOR/junior_boa_45_30cm.jpeg,0.8460609878437376,0
/home/anitadonato/tcc/tcc/data/known_faces/Francisca/francisca_extra_07.jpg,/home/anitadonato/tcc/tcc/data/known_faces/Abraão/abraao_extra_01.jpg,0.6410372357574498,0
/home/anitadonato/tcc/tcc/data/known_faces/ALESSANDRA/alessandra_moderada_frontal_1m.jpeg,/home/anitadonato/tcc/tcc/data/known_faces/willa/willa_extra_08.jpg,0.700845057198091,0
/home/anitadonato/tcc/tcc/data/known_faces/willa/willa_extra_04.jpg,/home/anitadonato/tcc/tcc/data/known_faces/Angela/angela_baixa_frontal.jpg,0.6413390953462919,0
/home/anitadonato/tcc/tcc/data/known_faces/BIA/bia_extra_08.jpeg,/home/anitadonato/tcc/tcc/data/known_faces/Angela/angela_baixa_frontal.jpg,0.7391791047071928,0
/home/anitadonato/tcc/tcc/data/known_faces/willa/20260602_212431.jpg,/home/anitadonato/tcc/tcc/data/known_faces/JUNIOR/junior_baixa_45_30cm.jpeg,0.8013322753478069,0
/home/anitadonato/tcc/tcc/data/known_faces/JUNIOR/junior_moderada_45_30cm.jpeg,/home/anitadonato/tcc/tcc/data/known_faces/Angela/angela_boa_45_dir.jpg,0.8082296608529558,0
/home/anitadonato/tcc/tcc/data/known_faces/Angela/angela_extra_02.jpg,/home/anitadonato/tcc/tcc/data/known_faces/julia/20260602_212709.jpg,0.6867096005993433,0
/home/anitadonato/tcc/tcc/data/known_faces/luan/20260602_212013.jpg,/home/anitadonato/tcc/tcc/data/known_faces/JUNIOR/junior_boa_frontal_1m.jpeg,0.8116165679387475,0
/home/anitadonato/tcc/tcc/data/known_faces/ALESSANDRA/alessandra_extra_04.jpeg,/home/anitadonato/tcc/tcc/data/known_faces/bianca/WhatsApp Image 2026-06-04 at 22.53.19 (2).jpeg,0.719763768305878,0
/home/anitadonato/tcc/tcc/data/known_faces/Angela/angela_baixa_45_esq.jpg,/home/anitadonato/tcc/tcc/data/known_faces/Francisca/francisca_extra_10.jpg,0.6919906557452065,0
/home/anitadonato/tcc/tcc/data/known_faces/julia/20260602_212704.jpg,/home/anitadonato/tcc/tcc/data/known_faces/luan/20260602_212022.jpg,0.6066157228767085,0
/home/anitadonato/tcc/tcc/data/known_faces/julia/julia_boa_frontal.jpg,/home/anitadonato/tcc/tcc/data/known_faces/BIA/bia_boa_45_30cm.jpeg,0.7153036956803374,0
/home/anitadonato/tcc/tcc/data/known_faces/luan/20260602_211913.jpg,/home/anitadonato/tcc/tcc/data/known_faces/JUNIOR/junior_extra_07.jpeg,0.7725589683497355,0
/home/anitadonato/tcc/tcc/data/known_faces/Francisca/francisca_boa_frontal.jpg,/home/anitadonato/tcc/tcc/data/known_faces/luan/20260602_211812.jpg,0.8648899563271131,0
/home/anitadonato/tcc/tcc/data/known_faces/luan/20260602_212013.jpg,/home/anitadonato/tcc/tcc/data/known_faces/Angela/angela_extra_04.jpg,0.8097370848285891,0
/home/anitadonato/tcc/tcc/data/known_faces/Francisca/francisca_extra_06.jpg,/home/anitadonato/tcc/tcc/data/known_faces/luan/20260602_212013.jpg,0.838273224048429,0
/home/anitadonato/tcc/tcc/data/known_faces/ALESSANDRA/alessandra_extra_05.jpeg,/home/anitadonato/tcc/tcc/data/known_faces/luan/20260602_211823.jpg,0.7096321292743344,0
/home/anitadonato/tcc/tcc/data/known_faces/ALESSANDRA/alessandra_moderada_frontal_30cm.jpeg,/home/anitadonato/tcc/tcc/data/known_faces/JUNIOR/junior_boa_frontal_30cm.jpeg,0.8041831653576975,0
/home/anitadonato/tcc/tcc/data/known_faces/Angela/angela_extra_05.jpg,/home/anitadonato/tcc/tcc/data/known_faces/Francisca/francisca_extra_08.jpg,0.6781528528299134,0
/home/anitadonato/tcc/tcc/data/known_faces/JUNIOR/junior_baixa_frontal_30cm.jpeg,/home/anitadonato/tcc/tcc/data/known_faces/Abraão/abraao_extra_10.jpg,0.8922573889847949,0
/home/anitadonato/tcc/tcc/data/known_faces/ALESSANDRA/alessandra_baixa_frontal_30cm.jpeg,/home/anitadonato/tcc/tcc/data/known_faces/BIA/bia_extra_08.jpeg,0.7644757589897768,0
/home/anitadonato/tcc/tcc/data/known_faces/julia/julia_boa_frontal.jpg,/home/anitadonato/tcc/tcc/data/known_faces/luan/20260602_211837.jpg,0.7590404881311283,0
/home/anitadonato/tcc/tcc/data/known_faces/ALESSANDRA/alessandra_boa_frontal_30cm..jpeg,/home/anitadonato/tcc/tcc/data/known_faces/JUNIOR/junior_moderada_frontal_30cm.jpeg,0.7840728422762705,0
/home/anitadonato/tcc/tcc/data/known_faces/Abraão/abraao_boa_frontal.jpg,/home/anitadonato/tcc/tcc/data/known_faces/ALESSANDRA/alessandra_extra_08.jpeg,0.6860556009302188,0
/home/anitadonato/tcc/tcc/data/known_faces/Abraão/abraao_baixa_45_esq.jpg,/home/anitadonato/tcc/tcc/data/known_faces/julia/20260602_212712.jpg,0.5716732064475253,0
/home/anitadonato/tcc/tcc/data/known_faces/ALESSANDRA/alessandra_moderada_45_1m.jpeg,/home/anitadonato/tcc/tcc/data/known_faces/Francisca/francisca_baixa_45_dir.jpg,0.7267259940221258,0
/home/anitadonato/tcc/tcc/data/known_faces/Abraão/abraao_baixa_frontal.jpg,/home/anitadonato/tcc/tcc/data/known_faces/Francisca/francisca_extra_01.jpg,0.7671171008255147,0
/home/anitadonato/tcc/tcc/data/known_faces/luan/20260602_212025.jpg,/home/anitadonato/tcc/tcc/data/known_faces/BIA/bia_boa_45_30cm.jpeg,0.678917924112835,0
/home/anitadonato/tcc/tcc/data/known_faces/willa/willa_extra_07.jpg,/home/anitadonato/tcc/tcc/data/known_faces/JUNIOR/junior_extra_06.jpeg,0.7194991130546262,0
/home/anitadonato/tcc/tcc/data/known_faces/Abraão/abraao_boa_45_dir.jpg,/home/anitadonato/tcc/tcc/data/known_faces/Angela/angela_extra_12.jpg,0.6957609320289996,0
/home/anitadonato/tcc/tcc/data/known_faces/bianca/WhatsApp Image 2026-06-04 at 22.53.15.jpeg,/home/anitadonato/tcc/tcc/data/known_faces/luan/20260602_212035.jpg,0.6920182678846051,0
/home/anitadonato/tcc/tcc/data/known_faces/bianca/WhatsApp Image 2026-06-04 at 22.53.19 (5).jpeg,/home/anitadonato/tcc/tcc/data/known_faces/willa/willa_extra_03.jpg,0.8137862629558591,0
/home/anitadonato/tcc/tcc/data/known_faces/willa/willa_moderada_frontal_30cm.jpg,/home/anitadonato/tcc/tcc/data/known_faces/BIA/bia_moderada_45_30cm.jpeg,0.7531504473594601,0
/home/anitadonato/tcc/tcc/data/known_faces/BIA/bia_moderada_45_30cm.jpeg,/home/anitadonato/tcc/tcc/data/known_faces/bianca/WhatsApp Image 2026-06-04 at 22.53.19 (2).jpeg,0.6871461858145337,0
/home/anitadonato/tcc/tcc/data/known_faces/Francisca/francisca_extra_09.jpg,/home/anitadonato/tcc/tcc/data/known_faces/JUNIOR/junior_extra_07.jpeg,0.795126198500922,0
/home/anitadonato/tcc/tcc/data/known_faces/Francisca/francisca_extra_11.jpg,/home/anitadonato/tcc/tcc/data/known_faces/ALESSANDRA/alessandra_boa_45_1m..jpeg,0.6866571127901276,0
/home/anitadonato/tcc/tcc/data/known_faces/Francisca/francisca_extra_04.jpg,/home/anitadonato/tcc/tcc/data/known_faces/ALESSANDRA/alessandra_boa_frontal_30cm..jpeg,0.7340180706353049,0
/home/anitadonato/tcc/tcc/data/known_faces/luan/20260602_212022.jpg,/home/anitadonato/tcc/tcc/data/known_faces/willa/willa_moderada_frontal_30cm.jpg,0.7143999967206488,0
/home/anitadonato/tcc/tcc/data/known_faces/willa/20260602_212511.jpg,/home/anitadonato/tcc/tcc/data/known_faces/Angela/angela_baixa_45_esq.jpg,0.7060001231048534,0
/home/anitadonato/tcc/tcc/data/known_faces/julia/20260602_212629.jpg,/home/anitadonato/tcc/tcc/data/known_faces/JUNIOR/junior_boa_45_1m.jpeg,0.9578835499113969,0
/home/anitadonato/tcc/tcc/data/known_faces/Francisca/francisca_extra_14.jpg,/home/anitadonato/tcc/tcc/data/known_faces/JUNIOR/junior_boa_frontal_30cm.jpeg,0.9111511344142282,0
/home/anitadonato/tcc/tcc/data/known_faces/BIA/bia_extra_02.jpeg,/home/anitadonato/tcc/tcc/data/known_faces/Francisca/francisca_baixa_45_esq.jpg,0.7363560703394331,0
/home/anitadonato/tcc/tcc/data/known_faces/willa/willa_moderada_frontal_30cm.jpg,/home/anitadonato/tcc/tcc/data/known_faces/bianca/WhatsApp Image 2026-06-04 at 22.53.14 (4).jpeg,0.8085536992746839,0
/home/anitadonato/tcc/tcc/data/known_faces/Abraão/abraao_extra_09.jpg,/home/anitadonato/tcc/tcc/data/known_faces/JUNIOR/junior_boa_45_30cm.jpeg,0.8486962761897361,0
/home/anitadonato/tcc/tcc/data/known_faces/julia/20260602_212704.jpg,/home/anitadonato/tcc/tcc/data/known_faces/Abraão/abraao_baixa_45_esq.jpg,0.5840879804660861,0
/home/anitadonato/tcc/tcc/data/known_faces/willa/20260602_212507.jpg,/home/anitadonato/tcc/tcc/data/known_faces/bianca/WhatsApp Image 2026-06-04 at 22.53.19 (3).jpeg,0.8365384083858506,0
/home/anitadonato/tcc/tcc/data/known_faces/ALESSANDRA/alessandra_extra_04.jpeg,/home/anitadonato/tcc/tcc/data/known_faces/JUNIOR/junior_extra_06.jpeg,0.8676918232896306,0
/home/anitadonato/tcc/tcc/data/known_faces/bianca/WhatsApp Image 2026-06-04 at 22.53.19 (6).jpeg,/home/anitadonato/tcc/tcc/data/known_faces/Abraão/abraao_extra_01.jpg,0.5934168703230989,0
/home/anitadonato/tcc/tcc/data/known_faces/Francisca/francisca_baixa_45_dir.jpg,/home/anitadonato/tcc/tcc/data/known_faces/luan/20260602_211913.jpg,0.822563661264359,0
/home/anitadonato/tcc/tcc/data/known_faces/luan/20260602_211913.jpg,/home/anitadonato/tcc/tcc/data/known_faces/Angela/angela_extra_11.jpg,0.7548781545562069,0
/home/anitadonato/tcc/tcc/data/known_faces/julia/20260602_212625.jpg,/home/anitadonato/tcc/tcc/data/known_faces/luan/20260602_211836.jpg,0.7914667476788534,0
/home/anitadonato/tcc/tcc/data/known_faces/bianca/WhatsApp Image 2026-06-04 at 22.53.19 (4).jpeg,/home/anitadonato/tcc/tcc/data/known_faces/Francisca/francisca_extra_07.jpg,0.7500840277422165,0
/home/anitadonato/tcc/tcc/data/known_faces/Angela/angela_extra_05.jpg,/home/anitadonato/tcc/tcc/data/known_faces/willa/20260602_212507.jpg,0.6829362313345175,0
/home/anitadonato/tcc/tcc/data/known_faces/julia/julia_boa_45_esq.jpg,/home/anitadonato/tcc/tcc/data/known_faces/ALESSANDRA/alessandra_extra_05.jpeg,0.7333082379196517,0
/home/anitadonato/tcc/tcc/data/known_faces/bianca/WhatsApp Image 2026-06-04 at 22.53.19 (3).jpeg,/home/anitadonato/tcc/tcc/data/known_faces/Angela/angela_boa_45_esq.jpg,0.8630750301811683,0
/home/anitadonato/tcc/tcc/data/known_faces/julia/20260602_212633.jpg,/home/anitadonato/tcc/tcc/data/known_faces/luan/20260602_212016.jpg,0.6980903046788879,0
/home/anitadonato/tcc/tcc/data/known_faces/bianca/WhatsApp Image 2026-06-04 at 22.53.18 (1).jpeg,/home/anitadonato/tcc/tcc/data/known_faces/BIA/bia_moderada_frontal_30cm.jpeg,0.6368873763231311,0
/home/anitadonato/tcc/tcc/data/known_faces/luan/20260602_211836.jpg,/home/anitadonato/tcc/tcc/data/known_faces/BIA/bia_baixa_frontal_1m.jpeg,0.674961231438751,0
/home/anitadonato/tcc/tcc/data/known_faces/Francisca/francisca_extra_05.jpg,/home/anitadonato/tcc/tcc/data/known_faces/bianca/WhatsApp Image 2026-06-04 at 22.53.18.jpeg,0.7305591432174982,0
/home/anitadonato/tcc/tcc/data/known_faces/willa/20260602_212511.jpg,/home/anitadonato/tcc/tcc/data/known_faces/Abraão/abraao_extra_07.jpg,0.6927676523299273,0
/home/anitadonato/tcc/tcc/data/known_faces/JUNIOR/junior_moderada_frontal_30cm.jpeg,/home/anitadonato/tcc/tcc/data/known_faces/willa/20260602_212418.jpg,0.7483382884724499,0
/home/anitadonato/tcc/tcc/data/known_faces/Francisca/francisca_extra_06.jpg,/home/anitadonato/tcc/tcc/data/known_faces/Angela/angela_extra_09.jpg,0.7067799443317099,0
/home/anitadonato/tcc/tcc/data/known_faces/willa/willa_extra_07.jpg,/home/anitadonato/tcc/tcc/data/known_faces/Angela/angela_baixa_45_esq.jpg,0.6434551831741042,0
/home/anitadonato/tcc/tcc/data/known_faces/BIA/bia_extra_04.jpeg,/home/anitadonato/tcc/tcc/data/known_faces/willa/20260602_212513.jpg,0.7862644823221514,0
/home/anitadonato/tcc/tcc/data/known_faces/Abraão/abraao_baixa_45_esq.jpg,/home/anitadonato/tcc/tcc/data/known_faces/willa/willa_baixa_frontal_30cm.jpg,0.6017745653865277,0
/home/anitadonato/tcc/tcc/data/known_faces/willa/willa_extra_02.jpg,/home/anitadonato/tcc/tcc/data/known_faces/Angela/20260602_192040.jpg,0.6507276584147349,0
/home/anitadonato/tcc/tcc/data/known_faces/JUNIOR/junior_extra_02.jpeg,/home/anitadonato/tcc/tcc/data/known_faces/Abraão/abraao_extra_08.jpg,0.8419591050054327,0
/home/anitadonato/tcc/tcc/data/known_faces/julia/20260602_212709.jpg,/home/anitadonato/tcc/tcc/data/known_faces/ALESSANDRA/alessandra_boa_frontal_1m..jpeg,0.7180591837027648,0
/home/anitadonato/tcc/tcc/data/known_faces/luan/20260602_212022.jpg,/home/anitadonato/tcc/tcc/data/known_faces/Francisca/francisca_extra_10.jpg,0.8129367902208343,0
/home/anitadonato/tcc/tcc/data/known_faces/willa/20260602_212418.jpg,/home/anitadonato/tcc/tcc/data/known_faces/Angela/angela_extra_07.jpg,0.7120557450036663,0
/home/anitadonato/tcc/tcc/data/known_faces/willa/20260602_212431.jpg,/home/anitadonato/tcc/tcc/data/known_faces/luan/20260602_211837.jpg,0.7505499390174226,0
/home/anitadonato/tcc/tcc/data/known_faces/Angela/angela_extra_04.jpg,/home/anitadonato/tcc/tcc/data/known_faces/ALESSANDRA/alessandra_boa_frontal_1m..jpeg,0.6911143294879004,0
/home/anitadonato/tcc/tcc/data/known_faces/ALESSANDRA/alessandra_extra_05.jpeg,/home/anitadonato/tcc/tcc/data/known_faces/Abraão/abraao_extra_02.jpg,0.6478075025194938,0
/home/anitadonato/tcc/tcc/data/known_faces/JUNIOR/junior_baixa_45_1m.jpeg,/home/anitadonato/tcc/tcc/data/known_faces/Abraão/abraao_extra_03.jpg,0.9499504784045664,0
/home/anitadonato/tcc/tcc/data/known_faces/bianca/WhatsApp Image 2026-06-04 at 22.53.16 (2).jpeg,/home/anitadonato/tcc/tcc/data/known_faces/BIA/bia_moderada_45_1m.jpeg,0.6852834374825256,0
/home/anitadonato/tcc/tcc/data/known_faces/Abraão/abraao_extra_09.jpg,/home/anitadonato/tcc/tcc/data/known_faces/JUNIOR/junior_moderada_frontal_30cm.jpeg,0.8320328048990886,0
/home/anitadonato/tcc/tcc/data/known_faces/luan/20260602_211823.jpg,/home/anitadonato/tcc/tcc/data/known_faces/Abraão/abraao_boa_frontal.jpg,0.7554306435243984,0
/home/anitadonato/tcc/tcc/data/known_faces/luan/20260602_212022.jpg,/home/anitadonato/tcc/tcc/data/known_faces/julia/20260602_212618.jpg,0.6841182950220567,0
/home/anitadonato/tcc/tcc/data/known_faces/ALESSANDRA/alessandra_moderada_45_1m.jpeg,/home/anitadonato/tcc/tcc/data/known_faces/BIA/bia_extra_02.jpeg,0.6724589112097538,0
/home/anitadonato/tcc/tcc/data/known_faces/JUNIOR/junior_extra_05.jpeg,/home/anitadonato/tcc/tcc/data/known_faces/julia/20260602_212631.jpg,0.9006934916418107,0
/home/anitadonato/tcc/tcc/data/known_faces/ALESSANDRA/alessandra_extra_04.jpeg,/home/anitadonato/tcc/tcc/data/known_faces/JUNIOR/junior_extra_04.jpeg,0.8155290134710682,0
/home/anitadonato/tcc/tcc/data/known_faces/Francisca/francisca_extra_11.jpg,/home/anitadonato/tcc/tcc/data/known_faces/BIA/bia_extra_01.jpeg,0.7790358222024861,0
/home/anitadonato/tcc/tcc/data/known_faces/ALESSANDRA/alessandra_extra_05.jpeg,/home/anitadonato/tcc/tcc/data/known_faces/Francisca/Francisca_boa_45_dir.jpg,0.7065272208095141,0
/home/anitadonato/tcc/tcc/data/known_faces/luan/20260602_211836.jpg,/home/anitadonato/tcc/tcc/data/known_faces/Francisca/francisca_boa_45_esq.jpg,0.7880146823447087,0
/home/anitadonato/tcc/tcc/data/known_faces/JUNIOR/junior_boa_45_1m.jpeg,/home/anitadonato/tcc/tcc/data/known_faces/bianca/WhatsApp Image 2026-06-04 at 22.53.13.jpeg,0.8583830098463727,0
/home/anitadonato/tcc/tcc/data/known_faces/BIA/bia_boa_frontal_30cm..jpeg,/home/anitadonato/tcc/tcc/data/known_faces/bianca/WhatsApp Image 2026-06-04 at 22.53.18 (2).jpeg,0.6625320644452346,0
/home/anitadonato/tcc/tcc/data/known_faces/Angela/angela_extra_04.jpg,/home/anitadonato/tcc/tcc/data/known_faces/bianca/WhatsApp Image 2026-06-04 at 22.53.18 (3).jpeg,0.8374291092459849,0
/home/anitadonato/tcc/tcc/data/known_faces/JUNIOR/junior_moderada_45_30cm.jpeg,/home/anitadonato/tcc/tcc/data/known_faces/julia/20260602_212629.jpg,0.957329572326028,0
/home/anitadonato/tcc/tcc/data/known_faces/BIA/bia_moderada_frontal_1m.jpeg,/home/anitadonato/tcc/tcc/data/known_faces/Angela/angela_extra_12.jpg,0.7149599668746534,0
/home/anitadonato/tcc/tcc/data/known_faces/BIA/bia_extra_02.jpeg,/home/anitadonato/tcc/tcc/data/known_faces/Angela/angela_extra_11.jpg,0.7384384266729682,0
/home/anitadonato/tcc/tcc/data/known_faces/Angela/angela_boa_45_esq.jpg,/home/anitadonato/tcc/tcc/data/known_faces/bianca/WhatsApp Image 2026-06-04 at 22.53.18 (4).jpeg,0.8187207226198392,0
/home/anitadonato/tcc/tcc/data/known_faces/willa/willa_extra_03.jpg,/home/anitadonato/tcc/tcc/data/known_faces/Angela/angela_baixa_frontal.jpg,0.6483850728995223,0
/home/anitadonato/tcc/tcc/data/known_faces/JUNIOR/junior_baixa_45_1m.jpeg,/home/anitadonato/tcc/tcc/data/known_faces/Angela/angela_extra_05.jpg,0.8130847280400396,0
/home/anitadonato/tcc/tcc/data/known_faces/bianca/WhatsApp Image 2026-06-04 at 22.53.15 (2).jpeg,/home/anitadonato/tcc/tcc/data/known_faces/willa/willa_extra_07.jpg,0.7503058818478306,0
/home/anitadonato/tcc/tcc/data/known_faces/Francisca/francisca_extra_01.jpg,/home/anitadonato/tcc/tcc/data/known_faces/Angela/angela_boa_45_dir.jpg,0.7638172591817578,0
/home/anitadonato/tcc/tcc/data/known_faces/Angela/20260602_192040.jpg,/home/anitadonato/tcc/tcc/data/known_faces/willa/willa_boa_45_30cm.jpg,0.6506203456914419,0
/home/anitadonato/tcc/tcc/data/known_faces/willa/willa_baixa_frontal_30cm.jpg,/home/anitadonato/tcc/tcc/data/known_faces/BIA/bia_boa_frontal_30cm..jpeg,0.7128685847333432,0
/home/anitadonato/tcc/tcc/data/known_faces/ALESSANDRA/alessandra_baixa_frontal_1m.jpeg,/home/anitadonato/tcc/tcc/data/known_faces/JUNIOR/junior_extra_08.jpeg,0.8609250351039821,0
/home/anitadonato/tcc/tcc/data/known_faces/JUNIOR/junior_extra_05.jpeg,/home/anitadonato/tcc/tcc/data/known_faces/Angela/angela_extra_10.jpg,0.7548885014856025,0
/home/anitadonato/tcc/tcc/data/known_faces/julia/20260602_212631.jpg,/home/anitadonato/tcc/tcc/data/known_faces/Angela/angela_extra_01.jpg,0.687825866359182,0
/home/anitadonato/tcc/tcc/data/known_faces/BIA/bia_extra_06.jpeg,/home/anitadonato/tcc/tcc/data/known_faces/ALESSANDRA/alessandra_baixa_45_1m.jpeg,0.6696293242452466,0
/home/anitadonato/tcc/tcc/data/known_faces/Francisca/francisca_extra_02.jpg,/home/anitadonato/tcc/tcc/data/known_faces/bianca/WhatsApp Image 2026-06-04 at 22.53.19 (2).jpeg,0.749812605836997,0
/home/anitadonato/tcc/tcc/data/known_faces/BIA/bia_baixa_frontal_1m.jpeg,/home/anitadonato/tcc/tcc/data/known_faces/willa/20260602_212521.jpg,0.7495559525484291,0
/home/anitadonato/tcc/tcc/data/known_faces/julia/20260602_212709.jpg,/home/anitadonato/tcc/tcc/data/known_faces/willa/willa_extra_07.jpg,0.6640640678825556,0
/home/anitadonato/tcc/tcc/data/known_faces/BIA/bia_extra_05.jpeg,/home/anitadonato/tcc/tcc/data/known_faces/bianca/WhatsApp Image 2026-06-04 at 22.53.19 (3).jpeg,0.6445103007534733,0
/home/anitadonato/tcc/tcc/data/known_faces/ALESSANDRA/alessandra_extra_03.jpeg,/home/anitadonato/tcc/tcc/data/known_faces/bianca/WhatsApp Image 2026-06-04 at 22.53.16 (2).jpeg,0.7382580509290348,0
/home/anitadonato/tcc/tcc/data/known_faces/ALESSANDRA/alessandra_baixa_frontal_30cm.jpeg,/home/anitadonato/tcc/tcc/data/known_faces/luan/20260602_212013.jpg,0.7297672668409411,0
/home/anitadonato/tcc/tcc/data/known_faces/julia/20260602_212635.jpg,/home/anitadonato/tcc/tcc/data/known_faces/ALESSANDRA/alessandra_moderada_45_1m.jpeg,0.7913173189116498,0
/home/anitadonato/tcc/tcc/data/known_faces/luan/20260602_211809.jpg,/home/anitadonato/tcc/tcc/data/known_faces/bianca/WhatsApp Image 2026-06-04 at 22.53.18 (1).jpeg,0.7205237617584433,0
/home/anitadonato/tcc/tcc/data/known_faces/ALESSANDRA/alessandra_extra_02.jpeg,/home/anitadonato/tcc/tcc/data/known_faces/BIA/bia_extra_07.jpeg,0.7171469031106124,0
/home/anitadonato/tcc/tcc/data/known_faces/bianca/WhatsApp Image 2026-06-04 at 22.53.19 (3).jpeg,/home/anitadonato/tcc/tcc/data/known_faces/Francisca/francisca_extra_04.jpg,0.6720398924028185,0
/home/anitadonato/tcc/tcc/data/known_faces/julia/20260602_212726.jpg,/home/anitadonato/tcc/tcc/data/known_faces/Angela/angela_extra_04.jpg,0.6870470115845584,0
/home/anitadonato/tcc/tcc/data/known_faces/julia/20260602_212625.jpg,/home/anitadonato/tcc/tcc/data/known_faces/willa/willa_extra_09.jpg,0.6792303844684365,0
/home/anitadonato/tcc/tcc/data/known_faces/Abraão/abraao_boa_45_.jpg,/home/anitadonato/tcc/tcc/data/known_faces/Angela/angela_extra_07.jpg,0.7558775768241839,0
/home/anitadonato/tcc/tcc/data/known_faces/bianca/WhatsApp Image 2026-06-04 at 22.53.16.jpeg,/home/anitadonato/tcc/tcc/data/known_faces/JUNIOR/junior_baixa_45_1m.jpeg,0.8659772066884095,0
/home/anitadonato/tcc/tcc/data/known_faces/Angela/angela_extra_13.jpg,/home/anitadonato/tcc/tcc/data/known_faces/julia/20260602_212633.jpg,0.6958608879158328,0
/home/anitadonato/tcc/tcc/data/known_faces/julia/20260602_212654.jpg,/home/anitadonato/tcc/tcc/data/known_faces/Abraão/abraao_extra_04.jpg,0.6232115744580943,0
/home/anitadonato/tcc/tcc/data/known_faces/Angela/angela_baixa_frontal.jpg,/home/anitadonato/tcc/tcc/data/known_faces/Abraão/abraao_baixo_45_esq.jpg,0.6697694860871656,0
/home/anitadonato/tcc/tcc/data/known_faces/julia/20260602_212625.jpg,/home/anitadonato/tcc/tcc/data/known_faces/JUNIOR/junior_moderada_45_1m.jpeg,0.9400726449395945,0
/home/anitadonato/tcc/tcc/data/known_faces/bianca/WhatsApp Image 2026-06-04 at 22.53.18 (3).jpeg,/home/anitadonato/tcc/tcc/data/known_faces/luan/20260602_211823.jpg,0.7518041761988301,0
/home/anitadonato/tcc/tcc/data/known_faces/bianca/WhatsApp Image 2026-06-04 at 22.53.16 (2).jpeg,/home/anitadonato/tcc/tcc/data/known_faces/luan/20260602_211809.jpg,0.6895531839865464,0
/home/anitadonato/tcc/tcc/data/known_faces/Angela/angela_extra_13.jpg,/home/anitadonato/tcc/tcc/data/known_faces/JUNIOR/junior_boa_45_1m.jpeg,0.827096662573878,0
/home/anitadonato/tcc/tcc/data/known_faces/Angela/angela_boa_frontal.jpg,/home/anitadonato/tcc/tcc/data/known_faces/willa/20260602_212431.jpg,0.6606481770753,0
/home/anitadonato/tcc/tcc/data/known_faces/bianca/WhatsApp Image 2026-06-04 at 22.53.15 (2).jpeg,/home/anitadonato/tcc/tcc/data/known_faces/Francisca/francisca_extra_09.jpg,0.8116372418089773,0
/home/anitadonato/tcc/tcc/data/known_faces/Francisca/francisca_baixa_frontal.jpg,/home/anitadonato/tcc/tcc/data/known_faces/Angela/angela_boa_45_esq.jpg,0.8076632433888554,0
/home/anitadonato/tcc/tcc/data/known_faces/BIA/bia_moderada_frontal_30cm.jpeg,/home/anitadonato/tcc/tcc/data/known_faces/ALESSANDRA/alessandra_extra_01.jpeg,0.7021011499829284,0
/home/anitadonato/tcc/tcc/data/known_faces/ALESSANDRA/alessandra_extra_08.jpeg,/home/anitadonato/tcc/tcc/data/known_faces/julia/20260602_212740.jpg,0.7414091981340671,0
/home/anitadonato/tcc/tcc/data/known_faces/julia/20260602_212732.jpg,/home/anitadonato/tcc/tcc/data/known_faces/bianca/WhatsApp Image 2026-06-04 at 22.53.13.jpeg,0.7129324809967043,0
/home/anitadonato/tcc/tcc/data/known_faces/willa/willa_baixa_frontal_30cm.jpg,/home/anitadonato/tcc/tcc/data/known_faces/ALESSANDRA/alessandra_moderada_45_30cm.jpeg,0.7961590660305919,0
/home/anitadonato/tcc/tcc/data/known_faces/Francisca/francisca_extra_01.jpg,/home/anitadonato/tcc/tcc/data/known_faces/luan/20260602_211809.jpg,0.8382906264191478,0
/home/anitadonato/tcc/tcc/data/known_faces/Angela/angela_baixa_45_esq.jpg,/home/anitadonato/tcc/tcc/data/known_faces/willa/willa_extra_04.jpg,0.6523920490384301,0
/home/anitadonato/tcc/tcc/data/known_faces/ALESSANDRA/alessandra_extra_06.jpeg,/home/anitadonato/tcc/tcc/data/known_faces/Abraão/abraao_boa_45_dir.jpg,0.7324491114336624,0
/home/anitadonato/tcc/tcc/data/known_faces/Angela/angela_extra_13.jpg,/home/anitadonato/tcc/tcc/data/known_faces/Francisca/francisca_extra_13.jpg,0.7135373416174138,0
/home/anitadonato/tcc/tcc/data/known_faces/Angela/angela_extra_13.jpg,/home/anitadonato/tcc/tcc/data/known_faces/julia/20260602_212712.jpg,0.6861636335055481,0
/home/anitadonato/tcc/tcc/data/known_faces/ALESSANDRA/alessandra_extra_02.jpeg,/home/anitadonato/tcc/tcc/data/known_faces/Abraão/abraao_extra_04.jpg,0.5782119567557841,0
/home/anitadonato/tcc/tcc/data/known_faces/JUNIOR/junior_baixa_frontal_1m.jpeg,/home/anitadonato/tcc/tcc/data/known_faces/bianca/WhatsApp Image 2026-06-04 at 22.53.19 (3).jpeg,0.797808113308242,0
/home/anitadonato/tcc/tcc/data/known_faces/bianca/WhatsApp Image 2026-06-04 at 22.53.13.jpeg,/home/anitadonato/tcc/tcc/data/known_faces/luan/20260602_211845.jpg,0.7274155988595801,0
/home/anitadonato/tcc/tcc/data/known_faces/julia/20260602_212628.jpg,/home/anitadonato/tcc/tcc/data/known_faces/Angela/angela_extra_03.jpg,0.6782851069591193,0
/home/anitadonato/tcc/tcc/data/known_faces/BIA/bia_moderada_frontal_30cm.jpeg,/home/anitadonato/tcc/tcc/data/known_faces/willa/20260602_212431.jpg,0.6869762577223961,0
/home/anitadonato/tcc/tcc/data/known_faces/Abraão/abraao_baixa_frontal.jpg,/home/anitadonato/tcc/tcc/data/known_faces/luan/20260602_212016.jpg,0.6527773745668455,0
/home/anitadonato/tcc/tcc/data/known_faces/willa/willa_extra_06.jpg,/home/anitadonato/tcc/tcc/data/known_faces/Francisca/francisca_extra_15.jpg,0.6565060884135171,0
/home/anitadonato/tcc/tcc/data/known_faces/JUNIOR/junior_moderada_45_1m.jpeg,/home/anitadonato/tcc/tcc/data/known_faces/Francisca/francisca_extra_14.jpg,0.8986135899282223,0
/home/anitadonato/tcc/tcc/data/known_faces/willa/20260602_212513.jpg,/home/anitadonato/tcc/tcc/data/known_faces/JUNIOR/junior_moderada_frontal_30cm.jpeg,0.8232914665903817,0
/home/anitadonato/tcc/tcc/data/known_faces/willa/willa_extra_09.jpg,/home/anitadonato/tcc/tcc/data/known_faces/julia/20260602_212740.jpg,0.6359149572743368,0
/home/anitadonato/tcc/tcc/data/known_faces/julia/20260602_212635.jpg,/home/anitadonato/tcc/tcc/data/known_faces/Angela/angela_extra_04.jpg,0.7028141474781806,0
/home/anitadonato/tcc/tcc/data/known_faces/BIA/bia_baixa_frontal_30cm.jpeg,/home/anitadonato/tcc/tcc/data/known_faces/ALESSANDRA/alessandra_baixa_45_1m.jpeg,0.7471625018406853,0
/home/anitadonato/tcc/tcc/data/known_faces/julia/20260602_212633.jpg,/home/anitadonato/tcc/tcc/data/known_faces/Abraão/abraao_extra_07.jpg,0.6633733715697034,0
/home/anitadonato/tcc/tcc/data/known_faces/bianca/WhatsApp Image 2026-06-04 at 22.53.15.jpeg,/home/anitadonato/tcc/tcc/data/known_faces/ALESSANDRA/alessandra_extra_04.jpeg,0.7165295574742211,0
/home/anitadonato/tcc/tcc/data/known_faces/Francisca/francisca_baixa_45_esq.jpg,/home/anitadonato/tcc/tcc/data/known_faces/willa/willa_extra_02.jpg,0.6745586088719502,0
/home/anitadonato/tcc/tcc/data/known_faces/Francisca/francisca_extra_13.jpg,/home/anitadonato/tcc/tcc/data/known_faces/luan/20260602_211913.jpg,0.8447459541685923,0
/home/anitadonato/tcc/tcc/data/known_faces/ALESSANDRA/alessandra_extra_03.jpeg,/home/anitadonato/tcc/tcc/data/known_faces/Abraão/abraao_extra_04.jpg,0.6657299043294277,0
/home/anitadonato/tcc/tcc/data/known_faces/bianca/WhatsApp Image 2026-06-04 at 22.53.19 (5).jpeg,/home/anitadonato/tcc/tcc/data/known_faces/ALESSANDRA/alessandra_boa_45_30cm.jpeg,0.7189714037858934,0
/home/anitadonato/tcc/tcc/data/known_faces/BIA/bia_extra_03.jpeg,/home/anitadonato/tcc/tcc/data/known_faces/JUNIOR/junior_extra_08.jpeg,0.7231318555203179,0
/home/anitadonato/tcc/tcc/data/known_faces/julia/20260602_212629.jpg,/home/anitadonato/tcc/tcc/data/known_faces/ALESSANDRA/alessandra_extra_08.jpeg,0.8553744848601575,0
/home/anitadonato/tcc/tcc/data/known_faces/julia/20260602_212621.jpg,/home/anitadonato/tcc/tcc/data/known_faces/bianca/WhatsApp Image 2026-06-04 at 22.53.19 (5).jpeg,0.6913320093831311,0
/home/anitadonato/tcc/tcc/data/known_faces/luan/20260602_212025.jpg,/home/anitadonato/tcc/tcc/data/known_faces/Francisca/francisca_extra_05.jpg,0.8037582258683813,0
/home/anitadonato/tcc/tcc/data/known_faces/willa/willa_extra_04.jpg,/home/anitadonato/tcc/tcc/data/known_faces/JUNIOR/junior_baixa_frontal_1m.jpeg,0.8055643959134471,0
/home/anitadonato/tcc/tcc/data/known_faces/Angela/20260602_192040.jpg,/home/anitadonato/tcc/tcc/data/known_faces/Francisca/francisca_extra_05.jpg,0.7245089461166343,0
/home/anitadonato/tcc/tcc/data/known_faces/bianca/WhatsApp Image 2026-06-04 at 22.53.19 (5).jpeg,/home/anitadonato/tcc/tcc/data/known_faces/luan/20260602_211823.jpg,0.7419857067671782,0
/home/anitadonato/tcc/tcc/data/known_faces/Abraão/abraao_extra_04.jpg,/home/anitadonato/tcc/tcc/data/known_faces/Francisca/francisca_baixa_45_dir.jpg,0.6950444650475168,0
/home/anitadonato/tcc/tcc/data/known_faces/Francisca/francisca_baixa_45_esq.jpg,/home/anitadonato/tcc/tcc/data/known_faces/bianca/WhatsApp Image 2026-06-04 at 22.53.17 (1).jpeg,0.730118916903463,0
/home/anitadonato/tcc/tcc/data/known_faces/BIA/bia_extra_07.jpeg,/home/anitadonato/tcc/tcc/data/known_faces/JUNIOR/junior_extra_02.jpeg,0.7660046452262597,0
/home/anitadonato/tcc/tcc/data/known_faces/BIA/bia_extra_02.jpeg,/home/anitadonato/tcc/tcc/data/known_faces/luan/20260602_211823.jpg,0.667565512820357,0
/home/anitadonato/tcc/tcc/data/known_faces/Abraão/abraao_baixa_45_esq.jpg,/home/anitadonato/tcc/tcc/data/known_faces/JUNIOR/junior_boa_frontal_1m.jpeg,0.8785665749845056,0
/home/anitadonato/tcc/tcc/data/known_faces/Abraão/abraao_extra_10.jpg,/home/anitadonato/tcc/tcc/data/known_faces/julia/20260602_212618.jpg,0.6702079623668313,0
/home/anitadonato/tcc/tcc/data/known_faces/JUNIOR/junior_moderada_45_1m.jpeg,/home/anitadonato/tcc/tcc/data/known_faces/julia/20260602_212704.jpg,0.8720054203261709,0
/home/anitadonato/tcc/tcc/data/known_faces/JUNIOR/junior_baixa_frontal_30cm.jpeg,/home/anitadonato/tcc/tcc/data/known_faces/Angela/angela_extra_11.jpg,0.8692250802295833,0
/home/anitadonato/tcc/tcc/data/known_faces/Angela/angela_baixa_45_esq.jpg,/home/anitadonato/tcc/tcc/data/known_faces/BIA/bia_extra_07.jpeg,0.7054567517775588,0
/home/anitadonato/tcc/tcc/data/known_faces/Francisca/francisca_extra_15.jpg,/home/anitadonato/tcc/tcc/data/known_faces/ALESSANDRA/alessandra_baixa_frontal_1m.jpeg,0.7306501566230366,0
/home/anitadonato/tcc/tcc/data/known_faces/JUNIOR/junior_baixa_45_30cm.jpeg,/home/anitadonato/tcc/tcc/data/known_faces/julia/20260602_212628.jpg,0.872004231391644,0
/home/anitadonato/tcc/tcc/data/known_faces/Francisca/francisca_extra_05.jpg,/home/anitadonato/tcc/tcc/data/known_faces/BIA/bia_boa_frontal_1m..jpeg,0.7555575891956999,0
/home/anitadonato/tcc/tcc/data/known_faces/BIA/bia_extra_01.jpeg,/home/anitadonato/tcc/tcc/data/known_faces/Francisca/francisca_extra_13.jpg,0.8110797608373178,0
/home/anitadonato/tcc/tcc/data/known_faces/JUNIOR/junior_baixa_frontal_30cm.jpeg,/home/anitadonato/tcc/tcc/data/known_faces/julia/20260602_212654.jpg,0.8773948007110302,0
/home/anitadonato/tcc/tcc/data/known_faces/Angela/angela_extra_03.jpg,/home/anitadonato/tcc/tcc/data/known_faces/willa/20260602_212511.jpg,0.711014290492904,0
/home/anitadonato/tcc/tcc/data/known_faces/BIA/bia_extra_04.jpeg,/home/anitadonato/tcc/tcc/data/known_faces/luan/20260602_212022.jpg,0.7316839692253783,0
/home/anitadonato/tcc/tcc/data/known_faces/JUNIOR/junior_boa_45_1m.jpeg,/home/anitadonato/tcc/tcc/data/known_faces/Francisca/francisca_extra_04.jpg,0.8143265263661589,0
/home/anitadonato/tcc/tcc/data/known_faces/willa/20260602_212521.jpg,/home/anitadonato/tcc/tcc/data/known_faces/BIA/bia_baixa_frontal_1m.jpeg,0.7495559525484291,0
/home/anitadonato/tcc/tcc/data/known_faces/Francisca/francisca_extra_13.jpg,/home/anitadonato/tcc/tcc/data/known_faces/JUNIOR/junior_extra_07.jpeg,0.8562596404093032,0
/home/anitadonato/tcc/tcc/data/known_faces/ALESSANDRA/alessandra_baixa_45_1m.jpeg,/home/anitadonato/tcc/tcc/data/known_faces/Angela/angela_extra_10.jpg,0.7432314236901905,0
/home/anitadonato/tcc/tcc/data/known_faces/ALESSANDRA/alessandra_extra_05.jpeg,/home/anitadonato/tcc/tcc/data/known_faces/Abraão/abraao_baixa_45_esq.jpg,0.6416505398453478,0
/home/anitadonato/tcc/tcc/data/known_faces/Abraão/abraao_extra_06.jpg,/home/anitadonato/tcc/tcc/data/known_faces/bianca/WhatsApp Image 2026-06-04 at 22.53.14 (3).jpeg,0.7317527122754718,0
/home/anitadonato/tcc/tcc/data/known_faces/willa/willa_extra_04.jpg,/home/anitadonato/tcc/tcc/data/known_faces/julia/20260602_212704.jpg,0.613728587673285,0
/home/anitadonato/tcc/tcc/data/known_faces/JUNIOR/junior_moderada_45_30cm.jpeg,/home/anitadonato/tcc/tcc/data/known_faces/BIA/bia_baixa_frontal_1m.jpeg,0.7159402953569689,0
/home/anitadonato/tcc/tcc/data/known_faces/julia/20260602_212625.jpg,/home/anitadonato/tcc/tcc/data/known_faces/Angela/angela_extra_09.jpg,0.7033084645193174,0
/home/anitadonato/tcc/tcc/data/known_faces/Abraão/abraao_extra_03.jpg,/home/anitadonato/tcc/tcc/data/known_faces/julia/20260602_212732.jpg,0.5380990652255682,0
/home/anitadonato/tcc/tcc/data/known_faces/julia/20260602_212635.jpg,/home/anitadonato/tcc/tcc/data/known_faces/BIA/bia_boa_45_1m..jpeg,0.7207858544291084,0
/home/anitadonato/tcc/tcc/data/known_faces/willa/willa_extra_04.jpg,/home/anitadonato/tcc/tcc/data/known_faces/Francisca/francisca_extra_07.jpg,0.6181274678089606,0
/home/anitadonato/tcc/tcc/data/known_faces/Angela/angela_extra_05.jpg,/home/anitadonato/tcc/tcc/data/known_faces/JUNIOR/junior_extra_07.jpeg,0.7723652188779144,0
/home/anitadonato/tcc/tcc/data/known_faces/julia/20260602_212625.jpg,/home/anitadonato/tcc/tcc/data/known_faces/ALESSANDRA/alessandra_extra_08.jpeg,0.8329990687450045,0
/home/anitadonato/tcc/tcc/data/known_faces/Abraão/abraao_extra_09.jpg,/home/anitadonato/tcc/tcc/data/known_faces/JUNIOR/junior_extra_07.jpeg,0.8379341823125256,0
/home/anitadonato/tcc/tcc/data/known_faces/Angela/angela_extra_06.jpg,/home/anitadonato/tcc/tcc/data/known_faces/Francisca/francisca_extra_15.jpg,0.7745361197488744,0
/home/anitadonato/tcc/tcc/data/known_faces/willa/willa_extra_09.jpg,/home/anitadonato/tcc/tcc/data/known_faces/Angela/angela_boa_45_dir.jpg,0.6741746549726993,0
/home/anitadonato/tcc/tcc/data/known_faces/bianca/WhatsApp Image 2026-06-04 at 22.53.15.jpeg,/home/anitadonato/tcc/tcc/data/known_faces/Abraão/abraao_baixa_frontal.jpg,0.6553219986973762,0
/home/anitadonato/tcc/tcc/data/known_faces/Francisca/francisca_extra_09.jpg,/home/anitadonato/tcc/tcc/data/known_faces/luan/20260602_211920.jpg,0.8042193826608365,0
/home/anitadonato/tcc/tcc/data/known_faces/willa/willa_baixa_frontal_30cm.jpg,/home/anitadonato/tcc/tcc/data/known_faces/bianca/WhatsApp Image 2026-06-04 at 22.53.18 (3).jpeg,0.8257854476090973,0
/home/anitadonato/tcc/tcc/data/known_faces/BIA/bia_boa_45_30cm.jpeg,/home/anitadonato/tcc/tcc/data/known_faces/luan/20260602_212016.jpg,0.7619453285370308,0
/home/anitadonato/tcc/tcc/data/known_faces/bianca/WhatsApp Image 2026-06-04 at 22.53.15.jpeg,/home/anitadonato/tcc/tcc/data/known_faces/Abraão/abraao_boa_frontal.jpg,0.6575896559557265,0
/home/anitadonato/tcc/tcc/data/known_faces/willa/willa_extra_06.jpg,/home/anitadonato/tcc/tcc/data/known_faces/bianca/WhatsApp Image 2026-06-04 at 22.53.18 (2).jpeg,0.8138370071589933,0
/home/anitadonato/tcc/tcc/data/known_faces/Abraão/abraao_baixo_45_esq.jpg,/home/anitadonato/tcc/tcc/data/known_faces/julia/julia_boa_frontal.jpg,0.5929383005272032,0
/home/anitadonato/tcc/tcc/data/known_faces/willa/willa_extra_03.jpg,/home/anitadonato/tcc/tcc/data/known_faces/julia/julia_boa_45_esq.jpg,0.736673607879049,0
/home/anitadonato/tcc/tcc/data/known_faces/bianca/WhatsApp Image 2026-06-04 at 22.53.18 (3).jpeg,/home/anitadonato/tcc/tcc/data/known_faces/Abraão/abraao_baixo_45_esq.jpg,0.7591245720710778,0
/home/anitadonato/tcc/tcc/data/known_faces/willa/willa_extra_03.jpg,/home/anitadonato/tcc/tcc/data/known_faces/bianca/WhatsApp Image 2026-06-04 at 22.53.17 (1).jpeg,0.7990810205177007,0
/home/anitadonato/tcc/tcc/data/known_faces/ALESSANDRA/alessandra_boa_frontal_1m..jpeg,/home/anitadonato/tcc/tcc/data/known_faces/Abraão/abraao_boa_45_.jpg,0.7239601571088093,0
/home/anitadonato/tcc/tcc/data/known_faces/willa/20260602_212513.jpg,/home/anitadonato/tcc/tcc/data/known_faces/ALESSANDRA/alessandra_boa_45_1m..jpeg,0.7855244148516044,0
/home/anitadonato/tcc/tcc/data/known_faces/julia/20260602_212704.jpg,/home/anitadonato/tcc/tcc/data/known_faces/luan/20260602_211920.jpg,0.6062389312168823,0
/home/anitadonato/tcc/tcc/data/known_faces/willa/willa_baixa_45_30cm.jpg,/home/anitadonato/tcc/tcc/data/known_faces/julia/20260602_212633.jpg,0.7832598836659896,0
/home/anitadonato/tcc/tcc/data/known_faces/bianca/WhatsApp Image 2026-06-04 at 22.53.13.jpeg,/home/anitadonato/tcc/tcc/data/known_faces/JUNIOR/junior_moderada_frontal_1m.jpeg,0.8374306434537814,0
/home/anitadonato/tcc/tcc/data/known_faces/Francisca/francisca_extra_06.jpg,/home/anitadonato/tcc/tcc/data/known_faces/ALESSANDRA/alessandra_moderada_45_30cm.jpeg,0.7226216607610386,0
/home/anitadonato/tcc/tcc/data/known_faces/ALESSANDRA/alessandra_moderada_45_30cm.jpeg,/home/anitadonato/tcc/tcc/data/known_faces/willa/willa_extra_04.jpg,0.7130377640829335,0
/home/anitadonato/tcc/tcc/data/known_faces/Abraão/abraao_baixa_45_dir.jpg,/home/anitadonato/tcc/tcc/data/known_faces/Francisca/francisca_extra_02.jpg,0.7167945046230357,0
/home/anitadonato/tcc/tcc/data/known_faces/bianca/WhatsApp Image 2026-06-04 at 22.53.18 (4).jpeg,/home/anitadonato/tcc/tcc/data/known_faces/willa/willa_extra_03.jpg,0.8360463257241268,0
/home/anitadonato/tcc/tcc/data/known_faces/bianca/WhatsApp Image 2026-06-04 at 22.53.16 (2).jpeg,/home/anitadonato/tcc/tcc/data/known_faces/willa/willa_extra_06.jpg,0.7894301412635304,0
/home/anitadonato/tcc/tcc/data/known_faces/luan/20260602_212035.jpg,/home/anitadonato/tcc/tcc/data/known_faces/BIA/bia_boa_45_30cm.jpeg,0.7423368514139091,0
/home/anitadonato/tcc/tcc/data/known_faces/julia/20260602_212633.jpg,/home/anitadonato/tcc/tcc/data/known_faces/Angela/angela_extra_12.jpg,0.6905093337522519,0
/home/anitadonato/tcc/tcc/data/known_faces/bianca/WhatsApp Image 2026-06-04 at 22.53.19 (5).jpeg,/home/anitadonato/tcc/tcc/data/known_faces/JUNIOR/junior_extra_06.jpeg,0.8328773914385612,0
/home/anitadonato/tcc/tcc/data/known_faces/Angela/angela_boa_45_esq.jpg,/home/anitadonato/tcc/tcc/data/known_faces/Francisca/francisca_boa_45_esq.jpg,0.748925348327457,0
/home/anitadonato/tcc/tcc/data/known_faces/ALESSANDRA/alessandra_baixa_45_1m.jpeg,/home/anitadonato/tcc/tcc/data/known_faces/Abraão/abraao_boa_45_.jpg,0.6954828873721333,0
/home/anitadonato/tcc/tcc/data/known_faces/julia/20260602_212629.jpg,/home/anitadonato/tcc/tcc/data/known_faces/bianca/WhatsApp Image 2026-06-04 at 22.53.13.jpeg,0.776869237147409,0
/home/anitadonato/tcc/tcc/data/known_faces/Angela/angela_extra_09.jpg,/home/anitadonato/tcc/tcc/data/known_faces/bianca/WhatsApp Image 2026-06-04 at 22.53.19.jpeg,0.7845289971755092,0
/home/anitadonato/tcc/tcc/data/known_faces/willa/20260602_212521.jpg,/home/anitadonato/tcc/tcc/data/known_faces/bianca/WhatsApp Image 2026-06-04 at 22.53.16.jpeg,0.8405929316147646,0
/home/anitadonato/tcc/tcc/data/known_faces/luan/20260602_212022.jpg,/home/anitadonato/tcc/tcc/data/known_faces/bianca/WhatsApp Image 2026-06-04 at 22.53.19 (5).jpeg,0.7383757950118979,0
/home/anitadonato/tcc/tcc/data/known_faces/julia/20260602_212712.jpg,/home/anitadonato/tcc/tcc/data/known_faces/bianca/WhatsApp Image 2026-06-04 at 22.53.14.jpeg,0.6946133237411125,0
/home/anitadonato/tcc/tcc/data/known_faces/Angela/20260602_192040.jpg,/home/anitadonato/tcc/tcc/data/known_faces/bianca/WhatsApp Image 2026-06-04 at 22.53.18 (2).jpeg,0.820286490171473,0
/home/anitadonato/tcc/tcc/data/known_faces/julia/julia_boa_45_esq(1).jpg,/home/anitadonato/tcc/tcc/data/known_faces/BIA/bia_extra_01.jpeg,0.6782328063325085,0
/home/anitadonato/tcc/tcc/data/known_faces/JUNIOR/junior_moderada_frontal_1m.jpeg,/home/anitadonato/tcc/tcc/data/known_faces/Abraão/abraao_extra_09.jpg,0.8731184969014147,0
/home/anitadonato/tcc/tcc/data/known_faces/Abraão/abraao_extra_10.jpg,/home/anitadonato/tcc/tcc/data/known_faces/Angela/angela_extra_03.jpg,0.7024114824096269,0
/home/anitadonato/tcc/tcc/data/known_faces/willa/willa_baixa_frontal_30cm.jpg,/home/anitadonato/tcc/tcc/data/known_faces/Abraão/abraao_extra_09.jpg,0.6986336067159313,0
/home/anitadonato/tcc/tcc/data/known_faces/ALESSANDRA/alessandra_moderada_45_30cm.jpeg,/home/anitadonato/tcc/tcc/data/known_faces/JUNIOR/junior_baixa_45_1m.jpeg,0.899105950712735,0
/home/anitadonato/tcc/tcc/data/known_faces/julia/julia_boa_45_esq(1).jpg,/home/anitadonato/tcc/tcc/data/known_faces/willa/willa_extra_08.jpg,0.7444251005189979,0
/home/anitadonato/tcc/tcc/data/known_faces/willa/willa_extra_06.jpg,/home/anitadonato/tcc/tcc/data/known_faces/JUNIOR/junior_extra_04.jpeg,0.7225450112067159,0
/home/anitadonato/tcc/tcc/data/known_faces/Francisca/francisca_boa_frontal.jpg,/home/anitadonato/tcc/tcc/data/known_faces/willa/20260602_212431.jpg,0.7048429817687235,0
/home/anitadonato/tcc/tcc/data/known_faces/willa/willa_moderada_frontal_30cm.jpg,/home/anitadonato/tcc/tcc/data/known_faces/Francisca/francisca_extra_03.jpg,0.8084439690717748,0
/home/anitadonato/tcc/tcc/data/known_faces/willa/willa_extra_02.jpg,/home/anitadonato/tcc/tcc/data/known_faces/ALESSANDRA/alessandra_moderada_frontal_30cm.jpeg,0.7772004477288343,0
/home/anitadonato/tcc/tcc/data/known_faces/ALESSANDRA/alessandra_extra_08.jpeg,/home/anitadonato/tcc/tcc/data/known_faces/Francisca/francisca_baixa_45_esq.jpg,0.7671963787618427,0
/home/anitadonato/tcc/tcc/data/known_faces/Angela/angela_baixa_frontal.jpg,/home/anitadonato/tcc/tcc/data/known_faces/luan/20260602_211837.jpg,0.8329604938031577,0
/home/anitadonato/tcc/tcc/data/known_faces/Francisca/francisca_extra_15.jpg,/home/anitadonato/tcc/tcc/data/known_faces/Angela/angela_extra_03.jpg,0.7340300201024378,0
/home/anitadonato/tcc/tcc/data/known_faces/Francisca/Francisca_boa_45_dir.jpg,/home/anitadonato/tcc/tcc/data/known_faces/willa/20260602_212511.jpg,0.7476343280545866,0
/home/anitadonato/tcc/tcc/data/known_faces/willa/willa_moderada_frontal_30cm.jpg,/home/anitadonato/tcc/tcc/data/known_faces/Angela/angela_boa_45_esq.jpg,0.6730917791357891,0
/home/anitadonato/tcc/tcc/data/known_faces/julia/20260602_212631.jpg,/home/anitadonato/tcc/tcc/data/known_faces/JUNIOR/junior_extra_01.jpeg,0.9135079262383395,0
/home/anitadonato/tcc/tcc/data/known_faces/BIA/bia_boa_45_30cm.jpeg,/home/anitadonato/tcc/tcc/data/known_faces/julia/julia_boa_45_esq(1).jpg,0.7289281978050037,0
/home/anitadonato/tcc/tcc/data/known_faces/willa/willa_extra_08.jpg,/home/anitadonato/tcc/tcc/data/known_faces/Angela/angela_extra_08.jpg,0.5401774851572043,0
/home/anitadonato/tcc/tcc/data/known_faces/bianca/WhatsApp Image 2026-06-04 at 22.53.18.jpeg,/home/anitadonato/tcc/tcc/data/known_faces/BIA/bia_extra_07.jpeg,0.5900334421030651,0
/home/anitadonato/tcc/tcc/data/known_faces/Angela/angela_extra_13.jpg,/home/anitadonato/tcc/tcc/data/known_faces/BIA/bia_extra_04.jpeg,0.750674706922641,0
/home/anitadonato/tcc/tcc/data/known_faces/ALESSANDRA/alessandra_baixa_frontal_30cm.jpeg,/home/anitadonato/tcc/tcc/data/known_faces/Francisca/francisca_baixa_45_dir.jpg,0.7445051606189058,0
/home/anitadonato/tcc/tcc/data/known_faces/Angela/angela_extra_07.jpg,/home/anitadonato/tcc/tcc/data/known_faces/julia/20260602_212740.jpg,0.6865613017546409,0
/home/anitadonato/tcc/tcc/data/known_faces/Francisca/francisca_extra_13.jpg,/home/anitadonato/tcc/tcc/data/known_faces/julia/20260602_212635.jpg,0.775220038444855,0
/home/anitadonato/tcc/tcc/data/known_faces/bianca/WhatsApp Image 2026-06-04 at 22.53.17 (1).jpeg,/home/anitadonato/tcc/tcc/data/known_faces/willa/willa_boa_45_30cm.jpg,0.7447744392879712,0
/home/anitadonato/tcc/tcc/data/known_faces/Francisca/francisca_extra_07.jpg,/home/anitadonato/tcc/tcc/data/known_faces/julia/20260602_212709.jpg,0.653475218915553,0
/home/anitadonato/tcc/tcc/data/known_faces/JUNIOR/junior_moderada_frontal_30cm.jpeg,/home/anitadonato/tcc/tcc/data/known_faces/bianca/WhatsApp Image 2026-06-04 at 22.53.18 (4).jpeg,0.8125519450759707,0
/home/anitadonato/tcc/tcc/data/known_faces/Francisca/francisca_extra_03.jpg,/home/anitadonato/tcc/tcc/data/known_faces/JUNIOR/junior_extra_01.jpeg,0.8810707272914924,0
/home/anitadonato/tcc/tcc/data/known_faces/Abraão/abraao_extra_06.jpg,/home/anitadonato/tcc/tcc/data/known_faces/Francisca/francisca_extra_09.jpg,0.667380090587136,0
/home/anitadonato/tcc/tcc/data/known_faces/BIA/bia_moderada_45_1m.jpeg,/home/anitadonato/tcc/tcc/data/known_faces/willa/willa_extra_03.jpg,0.7641242928867709,0
/home/anitadonato/tcc/tcc/data/known_faces/Angela/angela_extra_12.jpg,/home/anitadonato/tcc/tcc/data/known_faces/JUNIOR/junior_baixa_45_1m.jpeg,0.8643765193588636,0
/home/anitadonato/tcc/tcc/data/known_faces/ALESSANDRA/alessandra_baixa_45_1m.jpeg,/home/anitadonato/tcc/tcc/data/known_faces/Abraão/abraao_extra_07.jpg,0.7316127513596743,0
/home/anitadonato/tcc/tcc/data/known_faces/Abraão/abraao_baixo_45_esq.jpg,/home/anitadonato/tcc/tcc/data/known_faces/luan/20260602_212035.jpg,0.7472439094996954,0
/home/anitadonato/tcc/tcc/data/known_faces/julia/20260602_212635.jpg,/home/anitadonato/tcc/tcc/data/known_faces/JUNIOR/junior_extra_02.jpeg,0.8757370090128996,0
/home/anitadonato/tcc/tcc/data/known_faces/willa/20260602_212431.jpg,/home/anitadonato/tcc/tcc/data/known_faces/Abraão/abraao_boa_frontal.jpg,0.5561232529852461,0
/home/anitadonato/tcc/tcc/data/known_faces/willa/20260602_212511.jpg,/home/anitadonato/tcc/tcc/data/known_faces/Abraão/abraao_baixa_frontal.jpg,0.6621348743399941,0
/home/anitadonato/tcc/tcc/data/known_faces/willa/willa_extra_05.jpg,/home/anitadonato/tcc/tcc/data/known_faces/Angela/angela_extra_13.jpg,0.6553130578499383,0
/home/anitadonato/tcc/tcc/data/known_faces/Angela/angela_boa_frontal.jpg,/home/anitadonato/tcc/tcc/data/known_faces/Abraão/abraao_extra_02.jpg,0.7074540276640953,0
/home/anitadonato/tcc/tcc/data/known_faces/Francisca/francisca_baixa_45_esq.jpg,/home/anitadonato/tcc/tcc/data/known_faces/julia/20260602_212732.jpg,0.7124312846821865,0
/home/anitadonato/tcc/tcc/data/known_faces/Francisca/francisca_extra_05.jpg,/home/anitadonato/tcc/tcc/data/known_faces/bianca/WhatsApp Image 2026-06-04 at 22.53.15 (1).jpeg,0.7295955658155394,0
/home/anitadonato/tcc/tcc/data/known_faces/Angela/angela_extra_03.jpg,/home/anitadonato/tcc/tcc/data/known_faces/Abraão/abraao_baixa_45_esq.jpg,0.6991379053852441,0
/home/anitadonato/tcc/tcc/data/known_faces/bianca/WhatsApp Image 2026-06-04 at 22.53.15.jpeg,/home/anitadonato/tcc/tcc/data/known_faces/willa/20260602_212431.jpg,0.734606643850202,0
/home/anitadonato/tcc/tcc/data/known_faces/Francisca/francisca_boa_frontal.jpg,/home/anitadonato/tcc/tcc/data/known_faces/willa/willa_extra_07.jpg,0.71756555079156,0
/home/anitadonato/tcc/tcc/data/known_faces/Abraão/abraao_boa_frontal.jpg,/home/anitadonato/tcc/tcc/data/known_faces/julia/20260602_212724.jpg,0.6164655038717787,0
/home/anitadonato/tcc/tcc/data/known_faces/Angela/angela_boa_45_dir.jpg,/home/anitadonato/tcc/tcc/data/known_faces/julia/20260602_212629.jpg,0.7639668060081863,0
/home/anitadonato/tcc/tcc/data/known_faces/Abraão/abraao_extra_02.jpg,/home/anitadonato/tcc/tcc/data/known_faces/julia/20260602_212628.jpg,0.618669939907728,0
/home/anitadonato/tcc/tcc/data/known_faces/ALESSANDRA/alessandra_baixa_frontal_1m.jpeg,/home/anitadonato/tcc/tcc/data/known_faces/Abraão/abraao_extra_02.jpg,0.5972153737319819,0
/home/anitadonato/tcc/tcc/data/known_faces/julia/20260602_212740.jpg,/home/anitadonato/tcc/tcc/data/known_faces/ALESSANDRA/alessandra_boa_45_1m..jpeg,0.6645929324338479,0
/home/anitadonato/tcc/tcc/data/known_faces/ALESSANDRA/alessandra_extra_05.jpeg,/home/anitadonato/tcc/tcc/data/known_faces/willa/willa_boa_45_30cm.jpg,0.729878218427782,0
/home/anitadonato/tcc/tcc/data/known_faces/Angela/angela_extra_07.jpg,/home/anitadonato/tcc/tcc/data/known_faces/JUNIOR/junior_moderada_frontal_1m.jpeg,0.8452822987172258,0
/home/anitadonato/tcc/tcc/data/known_faces/ALESSANDRA/alessandra_extra_08.jpeg,/home/anitadonato/tcc/tcc/data/known_faces/luan/20260602_212016.jpg,0.7055252656181501,0
/home/anitadonato/tcc/tcc/data/known_faces/julia/julia_boa_frontal.jpg,/home/anitadonato/tcc/tcc/data/known_faces/Abraão/abraao_extra_05.jpg,0.6512248175020571,0
/home/anitadonato/tcc/tcc/data/known_faces/JUNIOR/junior_extra_05.jpeg,/home/anitadonato/tcc/tcc/data/known_faces/Francisca/francisca_baixa_45_dir.jpg,0.8051085127031898,0
/home/anitadonato/tcc/tcc/data/known_faces/Abraão/abraao_extra_04.jpg,/home/anitadonato/tcc/tcc/data/known_faces/JUNIOR/junior_baixa_frontal_1m.jpeg,0.8129023976385895,0
/home/anitadonato/tcc/tcc/data/known_faces/luan/20260602_211920.jpg,/home/anitadonato/tcc/tcc/data/known_faces/ALESSANDRA/alessandra_boa_frontal_1m..jpeg,0.7661953861785146,0
/home/anitadonato/tcc/tcc/data/known_faces/Francisca/francisca_baixa_frontal.jpg,/home/anitadonato/tcc/tcc/data/known_faces/bianca/WhatsApp Image 2026-06-04 at 22.53.18 (4).jpeg,0.7880387347997141,0
/home/anitadonato/tcc/tcc/data/known_faces/JUNIOR/junior_baixa_frontal_1m.jpeg,/home/anitadonato/tcc/tcc/data/known_faces/julia/20260602_212732.jpg,0.8648785520168931,0
/home/anitadonato/tcc/tcc/data/known_faces/Abraão/abraao_extra_03.jpg,/home/anitadonato/tcc/tcc/data/known_faces/luan/20260602_212016.jpg,0.6578108106559403,0
/home/anitadonato/tcc/tcc/data/known_faces/bianca/WhatsApp Image 2026-06-04 at 22.53.14 (4).jpeg,/home/anitadonato/tcc/tcc/data/known_faces/Abraão/abraao_extra_10.jpg,0.796235051285961,0
/home/anitadonato/tcc/tcc/data/known_faces/julia/20260602_212629.jpg,/home/anitadonato/tcc/tcc/data/known_faces/luan/20260602_212025.jpg,0.7113894205617654,0
/home/anitadonato/tcc/tcc/data/known_faces/julia/20260602_212740.jpg,/home/anitadonato/tcc/tcc/data/known_faces/ALESSANDRA/alessandra_moderada_frontal_30cm.jpeg,0.7438846237852598,0
/home/anitadonato/tcc/tcc/data/known_faces/Angela/angela_extra_04.jpg,/home/anitadonato/tcc/tcc/data/known_faces/ALESSANDRA/alessandra_baixa_frontal_30cm.jpeg,0.6919563433681735,0
/home/anitadonato/tcc/tcc/data/known_faces/julia/julia_boa_frontal.jpg,/home/anitadonato/tcc/tcc/data/known_faces/Angela/angela_baixa_frontal.jpg,0.6739081572085568,0
/home/anitadonato/tcc/tcc/data/known_faces/Abraão/abraao_extra_09.jpg,/home/anitadonato/tcc/tcc/data/known_faces/willa/willa_baixa_frontal_30cm.jpg,0.6986336067159313,0
/home/anitadonato/tcc/tcc/data/known_faces/Abraão/abraao_extra_07.jpg,/home/anitadonato/tcc/tcc/data/known_faces/BIA/bia_extra_03.jpeg,0.7492530027097732,0
/home/anitadonato/tcc/tcc/data/known_faces/luan/20260602_211913.jpg,/home/anitadonato/tcc/tcc/data/known_faces/Angela/angela_extra_01.jpg,0.7397370611732863,0
/home/anitadonato/tcc/tcc/data/known_faces/ALESSANDRA/alessandra_extra_03.jpeg,/home/anitadonato/tcc/tcc/data/known_faces/Angela/angela_baixa_frontal.jpg,0.6787642483475788,0
/home/anitadonato/tcc/tcc/data/known_faces/Abraão/abraao_boa_45_.jpg,/home/anitadonato/tcc/tcc/data/known_faces/Francisca/francisca_extra_08.jpg,0.6938127812280446,0
/home/anitadonato/tcc/tcc/data/known_faces/Angela/angela_extra_12.jpg,/home/anitadonato/tcc/tcc/data/known_faces/JUNIOR/junior_boa_45_30cm.jpeg,0.8342001115412743,0
/home/anitadonato/tcc/tcc/data/known_faces/Angela/angela_extra_07.jpg,/home/anitadonato/tcc/tcc/data/known_faces/Abraão/abraao_boa_45_dir.jpg,0.7530569860382846,0
/home/anitadonato/tcc/tcc/data/known_faces/ALESSANDRA/alessandra_baixa_frontal_1m.jpeg,/home/anitadonato/tcc/tcc/data/known_faces/julia/20260602_212618.jpg,0.7643448057283243,0
/home/anitadonato/tcc/tcc/data/known_faces/ALESSANDRA/alessandra_baixa_frontal_1m.jpeg,/home/anitadonato/tcc/tcc/data/known_faces/Angela/angela_extra_13.jpg,0.6561175286278718,0
/home/anitadonato/tcc/tcc/data/known_faces/Francisca/francisca_extra_10.jpg,/home/anitadonato/tcc/tcc/data/known_faces/bianca/WhatsApp Image 2026-06-04 at 22.53.19 (1).jpeg,0.7755533256249589,0
/home/anitadonato/tcc/tcc/data/known_faces/luan/20260602_211923.jpg,/home/anitadonato/tcc/tcc/data/known_faces/julia/20260602_212635.jpg,0.7071426676209254,0
/home/anitadonato/tcc/tcc/data/known_faces/Angela/angela_boa_frontal.jpg,/home/anitadonato/tcc/tcc/data/known_faces/ALESSANDRA/alessandra_extra_08.jpeg,0.6785047528914849,0
/home/anitadonato/tcc/tcc/data/known_faces/willa/willa_extra_02.jpg,/home/anitadonato/tcc/tcc/data/known_faces/Abraão/abraao_extra_05.jpg,0.6129163253548043,0
/home/anitadonato/tcc/tcc/data/known_faces/bianca/WhatsApp Image 2026-06-04 at 22.53.18 (1).jpeg,/home/anitadonato/tcc/tcc/data/known_faces/ALESSANDRA/alessandra_boa_frontal_30cm..jpeg,0.7603776345166005,0
/home/anitadonato/tcc/tcc/data/known_faces/BIA/bia_moderada_45_1m.jpeg,/home/anitadonato/tcc/tcc/data/known_faces/Abraão/abraao_baixo_45_esq.jpg,0.741635843766685,0
/home/anitadonato/tcc/tcc/data/known_faces/willa/willa_moderada_45_30cm.jpg,/home/anitadonato/tcc/tcc/data/known_faces/JUNIOR/junior_moderada_45_1m.jpeg,0.795680468109596,0
/home/anitadonato/tcc/tcc/data/known_faces/BIA/bia_boa_frontal_1m..jpeg,/home/anitadonato/tcc/tcc/data/known_faces/julia/20260602_212654.jpg,0.721438086493141,0
/home/anitadonato/tcc/tcc/data/known_faces/ALESSANDRA/alessandra_baixa_frontal_30cm.jpeg,/home/anitadonato/tcc/tcc/data/known_faces/BIA/bia_boa_45_1m..jpeg,0.7509628004673673,0
/home/anitadonato/tcc/tcc/data/known_faces/julia/20260602_212631.jpg,/home/anitadonato/tcc/tcc/data/known_faces/willa/20260602_212521.jpg,0.7428319496760418,0
/home/anitadonato/tcc/tcc/data/known_faces/ALESSANDRA/alessandra_extra_04.jpeg,/home/anitadonato/tcc/tcc/data/known_faces/willa/willa_extra_02.jpg,0.7291646187660277,0
/home/anitadonato/tcc/tcc/data/known_faces/BIA/bia_extra_01.jpeg,/home/anitadonato/tcc/tcc/data/known_faces/bianca/WhatsApp Image 2026-06-04 at 22.53.15.jpeg,0.6360056134495236,0
/home/anitadonato/tcc/tcc/data/known_faces/willa/20260602_212431.jpg,/home/anitadonato/tcc/tcc/data/known_faces/julia/20260602_212628.jpg,0.6144383962948603,0
/home/anitadonato/tcc/tcc/data/known_faces/ALESSANDRA/alessandra_boa_45_30cm.jpeg,/home/anitadonato/tcc/tcc/data/known_faces/luan/20260602_211823.jpg,0.7740129037362377,0
/home/anitadonato/tcc/tcc/data/known_faces/ALESSANDRA/alessandra_moderada_45_1m.jpeg,/home/anitadonato/tcc/tcc/data/known_faces/julia/20260602_212628.jpg,0.7226666563860389,0
/home/anitadonato/tcc/tcc/data/known_faces/Abraão/abraao_extra_08.jpg,/home/anitadonato/tcc/tcc/data/known_faces/BIA/bia_moderada_frontal_1m.jpeg,0.7271228800561379,0
/home/anitadonato/tcc/tcc/data/known_faces/willa/willa_extra_06.jpg,/home/anitadonato/tcc/tcc/data/known_faces/JUNIOR/junior_boa_frontal_1m.jpeg,0.7872203364013725,0
/home/anitadonato/tcc/tcc/data/known_faces/JUNIOR/junior_baixa_frontal_30cm.jpeg,/home/anitadonato/tcc/tcc/data/known_faces/BIA/bia_extra_03.jpeg,0.6706405344273056,0
/home/anitadonato/tcc/tcc/data/known_faces/BIA/bia_boa_frontal_30cm..jpeg,/home/anitadonato/tcc/tcc/data/known_faces/Abraão/abraao_extra_07.jpg,0.7466782195675702,0
/home/anitadonato/tcc/tcc/data/known_faces/BIA/bia_boa_frontal_30cm..jpeg,/home/anitadonato/tcc/tcc/data/known_faces/bianca/WhatsApp Image 2026-06-04 at 22.53.13.jpeg,0.656015770192866,0
/home/anitadonato/tcc/tcc/data/known_faces/julia/20260602_212621.jpg,/home/anitadonato/tcc/tcc/data/known_faces/willa/willa_extra_06.jpg,0.6344138899724359,0
/home/anitadonato/tcc/tcc/data/known_faces/Angela/angela_extra_09.jpg,/home/anitadonato/tcc/tcc/data/known_faces/BIA/bia_boa_45_30cm.jpeg,0.7277716475401526,0
/home/anitadonato/tcc/tcc/data/known_faces/bianca/WhatsApp Image 2026-06-04 at 22.53.14 (2).jpeg,/home/anitadonato/tcc/tcc/data/known_faces/JUNIOR/junior_extra_07.jpeg,0.7764879998471637,0
/home/anitadonato/tcc/tcc/data/known_faces/BIA/bia_extra_01.jpeg,/home/anitadonato/tcc/tcc/data/known_faces/JUNIOR/junior_boa_frontal_1m.jpeg,0.7488403428525755,0
/home/anitadonato/tcc/tcc/data/known_faces/JUNIOR/junior_baixa_45_30cm.jpeg,/home/anitadonato/tcc/tcc/data/known_faces/Angela/angela_extra_13.jpg,0.9127490347044644,0
/home/anitadonato/tcc/tcc/data/known_faces/ALESSANDRA/alessandra_boa_45_1m..jpeg,/home/anitadonato/tcc/tcc/data/known_faces/Francisca/francisca_baixa_frontal.jpg,0.720731716238789,0
/home/anitadonato/tcc/tcc/data/known_faces/julia/20260602_212726.jpg,/home/anitadonato/tcc/tcc/data/known_faces/willa/20260602_212521.jpg,0.6474144541456307,0
/home/anitadonato/tcc/tcc/data/known_faces/JUNIOR/junior_extra_02.jpeg,/home/anitadonato/tcc/tcc/data/known_faces/BIA/bia_moderada_frontal_30cm.jpeg,0.7038549587786952,0
/home/anitadonato/tcc/tcc/data/known_faces/Angela/angela_extra_13.jpg,/home/anitadonato/tcc/tcc/data/known_faces/willa/willa_moderada_45_30cm.jpg,0.7033575012606165,0
/home/anitadonato/tcc/tcc/data/known_faces/BIA/bia_extra_06.jpeg,/home/anitadonato/tcc/tcc/data/known_faces/Abraão/abraao_extra_10.jpg,0.7033633242364139,0
/home/anitadonato/tcc/tcc/data/known_faces/julia/julia_boa_frontal.jpg,/home/anitadonato/tcc/tcc/data/known_faces/BIA/bia_extra_08.jpeg,0.6660823586677432,0
/home/anitadonato/tcc/tcc/data/known_faces/BIA/bia_extra_03.jpeg,/home/anitadonato/tcc/tcc/data/known_faces/willa/willa_extra_06.jpg,0.7179103851731045,0
/home/anitadonato/tcc/tcc/data/known_faces/willa/willa_moderada_frontal_30cm.jpg,/home/anitadonato/tcc/tcc/data/known_faces/BIA/bia_boa_45_1m..jpeg,0.7601832062371218,0
/home/anitadonato/tcc/tcc/data/known_faces/ALESSANDRA/alessandra_moderada_45_1m.jpeg,/home/anitadonato/tcc/tcc/data/known_faces/julia/20260602_212621.jpg,0.7000253408633459,0
/home/anitadonato/tcc/tcc/data/known_faces/bianca/WhatsApp Image 2026-06-04 at 22.53.16 (2).jpeg,/home/anitadonato/tcc/tcc/data/known_faces/luan/20260602_212016.jpg,0.7605078086165802,0
/home/anitadonato/tcc/tcc/data/known_faces/Abraão/abraao_extra_09.jpg,/home/anitadonato/tcc/tcc/data/known_faces/julia/20260602_212635.jpg,0.5743888344527543,0
/home/anitadonato/tcc/tcc/data/known_faces/Abraão/abraao_baixa_45_dir.jpg,/home/anitadonato/tcc/tcc/data/known_faces/luan/20260602_211923.jpg,0.7926199350323527,0
/home/anitadonato/tcc/tcc/data/known_faces/BIA/bia_extra_04.jpeg,/home/anitadonato/tcc/tcc/data/known_faces/Angela/angela_extra_04.jpg,0.7705875115858857,0
/home/anitadonato/tcc/tcc/data/known_faces/Francisca/francisca_extra_09.jpg,/home/anitadonato/tcc/tcc/data/known_faces/Angela/angela_extra_13.jpg,0.6297374522653051,0
/home/anitadonato/tcc/tcc/data/known_faces/willa/willa_extra_07.jpg,/home/anitadonato/tcc/tcc/data/known_faces/ALESSANDRA/alessandra_extra_07.jpeg,0.6642349456764532,0
/home/anitadonato/tcc/tcc/data/known_faces/Angela/angela_boa_frontal.jpg,/home/anitadonato/tcc/tcc/data/known_faces/bianca/WhatsApp Image 2026-06-04 at 22.53.19 (4).jpeg,0.919909822839279,0
/home/anitadonato/tcc/tcc/data/known_faces/JUNIOR/junior_baixa_45_1m.jpeg,/home/anitadonato/tcc/tcc/data/known_faces/julia/20260602_212625.jpg,0.9629197880386544,0
/home/anitadonato/tcc/tcc/data/known_faces/Francisca/francisca_extra_03.jpg,/home/anitadonato/tcc/tcc/data/known_faces/bianca/WhatsApp Image 2026-06-04 at 22.53.19 (1).jpeg,0.7709452858638612,0
/home/anitadonato/tcc/tcc/data/known_faces/Abraão/abraao_baixa_45_esq.jpg,/home/anitadonato/tcc/tcc/data/known_faces/JUNIOR/junior_moderada_45_1m.jpeg,0.8988701948473273,0
/home/anitadonato/tcc/tcc/data/known_faces/JUNIOR/junior_baixa_frontal_30cm.jpeg,/home/anitadonato/tcc/tcc/data/known_faces/ALESSANDRA/alessandra_extra_05.jpeg,0.8557437691589596,0
/home/anitadonato/tcc/tcc/data/known_faces/JUNIOR/junior_moderada_frontal_30cm.jpeg,/home/anitadonato/tcc/tcc/data/known_faces/julia/20260602_212621.jpg,0.8140271024260601,0
/home/anitadonato/tcc/tcc/data/known_faces/JUNIOR/junior_boa_45_30cm.jpeg,/home/anitadonato/tcc/tcc/data/known_faces/willa/willa_moderada_45_30cm.jpg,0.7891979345696822,0
/home/anitadonato/tcc/tcc/data/known_faces/JUNIOR/junior_moderada_45_30cm.jpeg,/home/anitadonato/tcc/tcc/data/known_faces/BIA/bia_baixa_frontal_30cm.jpeg,0.7273469965733572,0
/home/anitadonato/tcc/tcc/data/known_faces/julia/20260602_212635.jpg,/home/anitadonato/tcc/tcc/data/known_faces/BIA/bia_extra_03.jpeg,0.7113812484189731,0
/home/anitadonato/tcc/tcc/data/known_faces/JUNIOR/junior_moderada_45_1m.jpeg,/home/anitadonato/tcc/tcc/data/known_faces/Francisca/francisca_extra_08.jpg,0.8387042538281967,0
/home/anitadonato/tcc/tcc/data/known_faces/Francisca/francisca_baixa_45_esq.jpg,/home/anitadonato/tcc/tcc/data/known_faces/ALESSANDRA/alessandra_extra_04.jpeg,0.7482054207768029,0
/home/anitadonato/tcc/tcc/data/known_faces/JUNIOR/junior_extra_08.jpeg,/home/anitadonato/tcc/tcc/data/known_faces/julia/julia_boa_45_esq(1).jpg,0.839418108716573,0
/home/anitadonato/tcc/tcc/data/known_faces/luan/20260602_212016.jpg,/home/anitadonato/tcc/tcc/data/known_faces/Abraão/abraao_extra_03.jpg,0.6578108106559403,0
/home/anitadonato/tcc/tcc/data/known_faces/julia/20260602_212625.jpg,/home/anitadonato/tcc/tcc/data/known_faces/JUNIOR/junior_boa_frontal_1m.jpeg,0.9440287019140272,0
/home/anitadonato/tcc/tcc/data/known_faces/julia/20260602_212625.jpg,/home/anitadonato/tcc/tcc/data/known_faces/Abraão/abraao_extra_06.jpg,0.5550152793022887,0
/home/anitadonato/tcc/tcc/data/known_faces/Angela/angela_baixa_frontal.jpg,/home/anitadonato/tcc/tcc/data/known_faces/Francisca/francisca_baixa_frontal.jpg,0.7969234843192912,0
/home/anitadonato/tcc/tcc/data/known_faces/Angela/angela_boa_45_dir.jpg,/home/anitadonato/tcc/tcc/data/known_faces/Francisca/francisca_boa_45_esq.jpg,0.7083808970371578,0
/home/anitadonato/tcc/tcc/data/known_faces/julia/20260602_212633.jpg,/home/anitadonato/tcc/tcc/data/known_faces/Angela/angela_extra_11.jpg,0.6902147457229416,0
/home/anitadonato/tcc/tcc/data/known_faces/ALESSANDRA/alessandra_extra_06.jpeg,/home/anitadonato/tcc/tcc/data/known_faces/Francisca/francisca_extra_13.jpg,0.7566819927256969,0
/home/anitadonato/tcc/tcc/data/known_faces/Angela/angela_extra_06.jpg,/home/anitadonato/tcc/tcc/data/known_faces/julia/20260602_212726.jpg,0.6970695711202918,0
/home/anitadonato/tcc/tcc/data/known_faces/Abraão/abraao_extra_01.jpg,/home/anitadonato/tcc/tcc/data/known_faces/ALESSANDRA/alessandra_moderada_45_1m.jpeg,0.6574312214612344,0
/home/anitadonato/tcc/tcc/data/known_faces/JUNIOR/junior_moderada_frontal_1m.jpeg,/home/anitadonato/tcc/tcc/data/known_faces/bianca/WhatsApp Image 2026-06-04 at 22.53.15.jpeg,0.8385083822117082,0
/home/anitadonato/tcc/tcc/data/known_faces/JUNIOR/junior_moderada_frontal_1m.jpeg,/home/anitadonato/tcc/tcc/data/known_faces/julia/julia_boa_45_esq(1).jpg,0.8998982168525567,0
/home/anitadonato/tcc/tcc/data/known_faces/luan/20260602_212013.jpg,/home/anitadonato/tcc/tcc/data/known_faces/julia/20260602_212704.jpg,0.6121729604156116,0
/home/anitadonato/tcc/tcc/data/known_faces/willa/willa_extra_02.jpg,/home/anitadonato/tcc/tcc/data/known_faces/Angela/angela_boa_frontal.jpg,0.687765594313642,0
/home/anitadonato/tcc/tcc/data/known_faces/Francisca/francisca_extra_10.jpg,/home/anitadonato/tcc/tcc/data/known_faces/BIA/bia_extra_04.jpeg,0.7438369399809608,0
/home/anitadonato/tcc/tcc/data/known_faces/Francisca/francisca_boa_45_esq.jpg,/home/anitadonato/tcc/tcc/data/known_faces/ALESSANDRA/alessandra_extra_04.jpeg,0.7875013464289569,0
/home/anitadonato/tcc/tcc/data/known_faces/Francisca/francisca_boa_frontal.jpg,/home/anitadonato/tcc/tcc/data/known_faces/julia/20260602_212631.jpg,0.7811936739601281,0
/home/anitadonato/tcc/tcc/data/known_faces/luan/20260602_211823.jpg,/home/anitadonato/tcc/tcc/data/known_faces/Francisca/francisca_boa_frontal.jpg,0.8418498579694162,0
/home/anitadonato/tcc/tcc/data/known_faces/Angela/angela_extra_02.jpg,/home/anitadonato/tcc/tcc/data/known_faces/willa/20260602_212511.jpg,0.7096068759516359,0
/home/anitadonato/tcc/tcc/data/known_faces/ALESSANDRA/alessandra_moderada_frontal_1m.jpeg,/home/anitadonato/tcc/tcc/data/known_faces/JUNIOR/junior_boa_45_1m.jpeg,0.8351610071339542,0
/home/anitadonato/tcc/tcc/data/known_faces/JUNIOR/junior_boa_45_1m.jpeg,/home/anitadonato/tcc/tcc/data/known_faces/willa/willa_extra_04.jpg,0.7777479319843505,0
/home/anitadonato/tcc/tcc/data/known_faces/julia/20260602_212631.jpg,/home/anitadonato/tcc/tcc/data/known_faces/luan/20260602_212022.jpg,0.724660496183409,0
/home/anitadonato/tcc/tcc/data/known_faces/Francisca/Francisca_boa_45_dir.jpg,/home/anitadonato/tcc/tcc/data/known_faces/Abraão/abraao_extra_06.jpg,0.7304853700654804,0
/home/anitadonato/tcc/tcc/data/known_faces/julia/20260602_212732.jpg,/home/anitadonato/tcc/tcc/data/known_faces/Angela/angela_extra_05.jpg,0.7066511335298163,0
/home/anitadonato/tcc/tcc/data/known_faces/Angela/angela_extra_12.jpg,/home/anitadonato/tcc/tcc/data/known_faces/ALESSANDRA/alessandra_moderada_45_1m.jpeg,0.6330542330184066,0
/home/anitadonato/tcc/tcc/data/known_faces/JUNIOR/junior_extra_08.jpeg,/home/anitadonato/tcc/tcc/data/known_faces/Francisca/francisca_extra_04.jpg,0.8888535482087385,0
/home/anitadonato/tcc/tcc/data/known_faces/willa/willa_moderada_frontal_30cm.jpg,/home/anitadonato/tcc/tcc/data/known_faces/Angela/angela_extra_09.jpg,0.666099956096311,0
/home/anitadonato/tcc/tcc/data/known_faces/JUNIOR/junior_extra_08.jpeg,/home/anitadonato/tcc/tcc/data/known_faces/Abraão/abraao_baixa_45_esq.jpg,0.8361077553609986,0
/home/anitadonato/tcc/tcc/data/known_faces/Angela/angela_boa_45_dir.jpg,/home/anitadonato/tcc/tcc/data/known_faces/luan/20260602_211845.jpg,0.7849559974420327,0
/home/anitadonato/tcc/tcc/data/known_faces/ALESSANDRA/alessandra_moderada_frontal_30cm.jpeg,/home/anitadonato/tcc/tcc/data/known_faces/bianca/WhatsApp Image 2026-06-04 at 22.53.19 (5).jpeg,0.7930426278342064,0
/home/anitadonato/tcc/tcc/data/known_faces/BIA/bia_extra_04.jpeg,/home/anitadonato/tcc/tcc/data/known_faces/julia/20260602_212625.jpg,0.7088142404397311,0
/home/anitadonato/tcc/tcc/data/known_faces/JUNIOR/junior_moderada_frontal_30cm.jpeg,/home/anitadonato/tcc/tcc/data/known_faces/ALESSANDRA/alessandra_boa_frontal_1m..jpeg,0.8216743588895022,0
/home/anitadonato/tcc/tcc/data/known_faces/willa/willa_baixa_frontal_30cm.jpg,/home/anitadonato/tcc/tcc/data/known_faces/luan/20260602_211837.jpg,0.843472482105248,0
/home/anitadonato/tcc/tcc/data/known_faces/BIA/bia_baixa_frontal_1m.jpeg,/home/anitadonato/tcc/tcc/data/known_faces/ALESSANDRA/alessandra_moderada_45_30cm.jpeg,0.7347204498337436,0
/home/anitadonato/tcc/tcc/data/known_faces/julia/julia_boa_45_esq(1).jpg,/home/anitadonato/tcc/tcc/data/known_faces/Abraão/abraao_extra_06.jpg,0.6219816821398755,0
/home/anitadonato/tcc/tcc/data/known_faces/BIA/bia_extra_03.jpeg,/home/anitadonato/tcc/tcc/data/known_faces/julia/julia_boa_45_esq(1).jpg,0.6528651304645857,0
/home/anitadonato/tcc/tcc/data/known_faces/ALESSANDRA/alessandra_extra_05.jpeg,/home/anitadonato/tcc/tcc/data/known_faces/JUNIOR/junior_boa_45_1m.jpeg,0.8237521674559269,0
/home/anitadonato/tcc/tcc/data/known_faces/bianca/WhatsApp Image 2026-06-04 at 22.53.16 (2).jpeg,/home/anitadonato/tcc/tcc/data/known_faces/JUNIOR/junior_extra_04.jpeg,0.7560844590383555,0
/home/anitadonato/tcc/tcc/data/known_faces/ALESSANDRA/alessandra_extra_04.jpeg,/home/anitadonato/tcc/tcc/data/known_faces/Francisca/francisca_extra_06.jpg,0.7458308982682661,0
/home/anitadonato/tcc/tcc/data/known_faces/Francisca/francisca_extra_13.jpg,/home/anitadonato/tcc/tcc/data/known_faces/julia/20260602_212625.jpg,0.7479842509655067,0
/home/anitadonato/tcc/tcc/data/known_faces/BIA/bia_extra_06.jpeg,/home/anitadonato/tcc/tcc/data/known_faces/julia/20260602_212732.jpg,0.70104103203917,0
/home/anitadonato/tcc/tcc/data/known_faces/Francisca/francisca_extra_08.jpg,/home/anitadonato/tcc/tcc/data/known_faces/Angela/angela_extra_08.jpg,0.6999048056195522,0
/home/anitadonato/tcc/tcc/data/known_faces/Angela/angela_boa_45_esq.jpg,/home/anitadonato/tcc/tcc/data/known_faces/Abraão/abraao_boa_frontal.jpg,0.7195760749159203,0
/home/anitadonato/tcc/tcc/data/known_faces/Abraão/abraao_baixa_frontal.jpg,/home/anitadonato/tcc/tcc/data/known_faces/bianca/WhatsApp Image 2026-06-04 at 22.53.13 (1).jpeg,0.6906412371914344,0
/home/anitadonato/tcc/tcc/data/known_faces/bianca/WhatsApp Image 2026-06-04 at 22.53.16 (3).jpeg,/home/anitadonato/tcc/tcc/data/known_faces/Francisca/francisca_boa_frontal.jpg,0.8272430821899005,0
/home/anitadonato/tcc/tcc/data/known_faces/luan/20260602_212025.jpg,/home/anitadonato/tcc/tcc/data/known_faces/julia/20260602_212629.jpg,0.7113894205617654,0
/home/anitadonato/tcc/tcc/data/known_faces/luan/20260602_211809.jpg,/home/anitadonato/tcc/tcc/data/known_faces/julia/20260602_212704.jpg,0.5841758787723155,0
/home/anitadonato/tcc/tcc/data/known_faces/willa/willa_extra_08.jpg,/home/anitadonato/tcc/tcc/data/known_faces/Francisca/francisca_extra_13.jpg,0.7208434620848233,0
/home/anitadonato/tcc/tcc/data/known_faces/Angela/angela_extra_04.jpg,/home/anitadonato/tcc/tcc/data/known_faces/Francisca/francisca_extra_10.jpg,0.7044997163363415,0
/home/anitadonato/tcc/tcc/data/known_faces/Abraão/abraao_extra_07.jpg,/home/anitadonato/tcc/tcc/data/known_faces/Francisca/francisca_boa_frontal.jpg,0.830727524486596,0
/home/anitadonato/tcc/tcc/data/known_faces/julia/20260602_212618.jpg,/home/anitadonato/tcc/tcc/data/known_faces/BIA/bia_baixa_frontal_30cm.jpeg,0.6709565590822042,0
/home/anitadonato/tcc/tcc/data/known_faces/Francisca/francisca_baixa_45_esq.jpg,/home/anitadonato/tcc/tcc/data/known_faces/julia/20260602_212712.jpg,0.6527403531151226,0
/home/anitadonato/tcc/tcc/data/known_faces/willa/willa_moderada_frontal_30cm.jpg,/home/anitadonato/tcc/tcc/data/known_faces/julia/20260602_212726.jpg,0.6694191899416017,0
/home/anitadonato/tcc/tcc/data/known_faces/Francisca/francisca_baixa_frontal.jpg,/home/anitadonato/tcc/tcc/data/known_faces/julia/20260602_212712.jpg,0.7164803303748231,0
/home/anitadonato/tcc/tcc/data/known_faces/luan/20260602_211837.jpg,/home/anitadonato/tcc/tcc/data/known_faces/ALESSANDRA/alessandra_boa_45_30cm.jpeg,0.7226466182926197,0
/home/anitadonato/tcc/tcc/data/known_faces/willa/20260602_212513.jpg,/home/anitadonato/tcc/tcc/data/known_faces/ALESSANDRA/alessandra_extra_03.jpeg,0.7337673415863374,0
/home/anitadonato/tcc/tcc/data/known_faces/julia/20260602_212712.jpg,/home/anitadonato/tcc/tcc/data/known_faces/Angela/angela_boa_frontal.jpg,0.7087617843106405,0
/home/anitadonato/tcc/tcc/data/known_faces/ALESSANDRA/alessandra_extra_04.jpeg,/home/anitadonato/tcc/tcc/data/known_faces/Francisca/francisca_extra_08.jpg,0.7728896538696926,0
/home/anitadonato/tcc/tcc/data/known_faces/JUNIOR/junior_extra_02.jpeg,/home/anitadonato/tcc/tcc/data/known_faces/ALESSANDRA/alessandra_extra_02.jpeg,0.8282612495573299,0
/home/anitadonato/tcc/tcc/data/known_faces/Angela/angela_boa_frontal.jpg,/home/anitadonato/tcc/tcc/data/known_faces/Abraão/abraao_extra_04.jpg,0.710024806950617,0
/home/anitadonato/tcc/tcc/data/known_faces/JUNIOR/junior_extra_01.jpeg,/home/anitadonato/tcc/tcc/data/known_faces/Francisca/francisca_extra_06.jpg,0.8604741024245902,0
/home/anitadonato/tcc/tcc/data/known_faces/ALESSANDRA/alessandra_moderada_45_1m.jpeg,/home/anitadonato/tcc/tcc/data/known_faces/Angela/angela_extra_04.jpg,0.7092575948330169,0
/home/anitadonato/tcc/tcc/data/known_faces/JUNIOR/junior_extra_06.jpeg,/home/anitadonato/tcc/tcc/data/known_faces/julia/20260602_212709.jpg,0.8608165627484107,0
/home/anitadonato/tcc/tcc/data/known_faces/Angela/angela_extra_01.jpg,/home/anitadonato/tcc/tcc/data/known_faces/Abraão/abraao_boa_45_.jpg,0.7289687611010276,0
/home/anitadonato/tcc/tcc/data/known_faces/willa/willa_moderada_45_30cm.jpg,/home/anitadonato/tcc/tcc/data/known_faces/luan/20260602_212022.jpg,0.7210739170867444,0
/home/anitadonato/tcc/tcc/data/known_faces/Abraão/abraao_extra_08.jpg,/home/anitadonato/tcc/tcc/data/known_faces/bianca/WhatsApp Image 2026-06-04 at 22.53.13.jpeg,0.7310837926223896,0
/home/anitadonato/tcc/tcc/data/known_faces/Abraão/abraao_baixa_45_dir.jpg,/home/anitadonato/tcc/tcc/data/known_faces/Angela/angela_extra_10.jpg,0.6976066037915226,0
/home/anitadonato/tcc/tcc/data/known_faces/JUNIOR/junior_extra_04.jpeg,/home/anitadonato/tcc/tcc/data/known_faces/Francisca/francisca_boa_45_esq.jpg,0.7115095536186297,0
/home/anitadonato/tcc/tcc/data/known_faces/julia/20260602_212709.jpg,/home/anitadonato/tcc/tcc/data/known_faces/luan/20260602_211823.jpg,0.6949030843978773,0
/home/anitadonato/tcc/tcc/data/known_faces/Francisca/francisca_baixa_frontal.jpg,/home/anitadonato/tcc/tcc/data/known_faces/ALESSANDRA/alessandra_boa_frontal_30cm..jpeg,0.7432855056353899,0
/home/anitadonato/tcc/tcc/data/known_faces/Angela/angela_extra_02.jpg,/home/anitadonato/tcc/tcc/data/known_faces/willa/willa_extra_02.jpg,0.6599242524904655,0
/home/anitadonato/tcc/tcc/data/known_faces/Angela/angela_boa_45_esq.jpg,/home/anitadonato/tcc/tcc/data/known_faces/BIA/bia_baixa_frontal_1m.jpeg,0.7115703640896344,0
/home/anitadonato/tcc/tcc/data/known_faces/bianca/WhatsApp Image 2026-06-04 at 22.53.13.jpeg,/home/anitadonato/tcc/tcc/data/known_faces/Abraão/abraao_baixa_45_dir.jpg,0.7418187310232258,0
/home/anitadonato/tcc/tcc/data/known_faces/Abraão/abraao_extra_10.jpg,/home/anitadonato/tcc/tcc/data/known_faces/ALESSANDRA/alessandra_moderada_frontal_1m.jpeg,0.7240511288694217,0
/home/anitadonato/tcc/tcc/data/known_faces/ALESSANDRA/alessandra_baixa_frontal_30cm.jpeg,/home/anitadonato/tcc/tcc/data/known_faces/julia/20260602_212654.jpg,0.7541282296030387,0
/home/anitadonato/tcc/tcc/data/known_faces/ALESSANDRA/alessandra_extra_02.jpeg,/home/anitadonato/tcc/tcc/data/known_faces/Abraão/abraao_baixa_45_dir.jpg,0.7137970316333397,0
/home/anitadonato/tcc/tcc/data/known_faces/Abraão/abraao_boa_frontal.jpg,/home/anitadonato/tcc/tcc/data/known_faces/willa/willa_moderada_frontal_30cm.jpg,0.6646625665221985,0
/home/anitadonato/tcc/tcc/data/known_faces/BIA/bia_extra_04.jpeg,/home/anitadonato/tcc/tcc/data/known_faces/Angela/20260602_192040.jpg,0.7541248026034745,0
/home/anitadonato/tcc/tcc/data/known_faces/Abraão/abraao_extra_02.jpg,/home/anitadonato/tcc/tcc/data/known_faces/Angela/angela_extra_13.jpg,0.6766440776809555,0
/home/anitadonato/tcc/tcc/data/known_faces/JUNIOR/junior_boa_45_30cm.jpeg,/home/anitadonato/tcc/tcc/data/known_faces/willa/willa_extra_09.jpg,0.7945013463849678,0
/home/anitadonato/tcc/tcc/data/known_faces/willa/willa_extra_09.jpg,/home/anitadonato/tcc/tcc/data/known_faces/BIA/bia_moderada_frontal_1m.jpeg,0.7031758514570945,0
/home/anitadonato/tcc/tcc/data/known_faces/Abraão/abraao_baixa_45_dir.jpg,/home/anitadonato/tcc/tcc/data/known_faces/willa/willa_extra_09.jpg,0.6575985777243213,0
/home/anitadonato/tcc/tcc/data/known_faces/BIA/bia_extra_02.jpeg,/home/anitadonato/tcc/tcc/data/known_faces/willa/20260602_212521.jpg,0.7870478642985628,0
/home/anitadonato/tcc/tcc/data/known_faces/Angela/angela_boa_45_dir.jpg,/home/anitadonato/tcc/tcc/data/known_faces/julia/20260602_212631.jpg,0.7450629578061837,0
/home/anitadonato/tcc/tcc/data/known_faces/JUNIOR/junior_extra_06.jpeg,/home/anitadonato/tcc/tcc/data/known_faces/bianca/WhatsApp Image 2026-06-04 at 22.53.14 (4).jpeg,0.8235894943071616,0
/home/anitadonato/tcc/tcc/data/known_faces/luan/20260602_211923.jpg,/home/anitadonato/tcc/tcc/data/known_faces/BIA/bia_baixa_frontal_30cm.jpeg,0.6487948276790613,0
/home/anitadonato/tcc/tcc/data/known_faces/luan/20260602_212016.jpg,/home/anitadonato/tcc/tcc/data/known_faces/Angela/angela_extra_06.jpg,0.7940555835034686,0
/home/anitadonato/tcc/tcc/data/known_faces/Francisca/francisca_baixa_45_dir.jpg,/home/anitadonato/tcc/tcc/data/known_faces/luan/20260602_211812.jpg,0.8481734640385262,0
/home/anitadonato/tcc/tcc/data/known_faces/JUNIOR/junior_baixa_frontal_30cm.jpeg,/home/anitadonato/tcc/tcc/data/known_faces/julia/20260602_212724.jpg,0.882328046078736,0
/home/anitadonato/tcc/tcc/data/known_faces/Francisca/francisca_extra_15.jpg,/home/anitadonato/tcc/tcc/data/known_faces/julia/20260602_212704.jpg,0.6797195668756524,0
/home/anitadonato/tcc/tcc/data/known_faces/julia/julia_boa_45_esq.jpg,/home/anitadonato/tcc/tcc/data/known_faces/BIA/bia_extra_06.jpeg,0.7272677310648015,0
/home/anitadonato/tcc/tcc/data/known_faces/Abraão/abraao_extra_05.jpg,/home/anitadonato/tcc/tcc/data/known_faces/julia/20260602_212631.jpg,0.6329739959893744,0
/home/anitadonato/tcc/tcc/data/known_faces/ALESSANDRA/alessandra_baixa_frontal_30cm.jpeg,/home/anitadonato/tcc/tcc/data/known_faces/julia/20260602_212724.jpg,0.6698149171537231,0
/home/anitadonato/tcc/tcc/data/known_faces/Angela/angela_extra_07.jpg,/home/anitadonato/tcc/tcc/data/known_faces/bianca/WhatsApp Image 2026-06-04 at 22.53.19 (1).jpeg,0.8373076548938858,0
/home/anitadonato/tcc/tcc/data/known_faces/willa/20260602_212521.jpg,/home/anitadonato/tcc/tcc/data/known_faces/Abraão/abraao_baixa_frontal.jpg,0.6056506790224198,0
/home/anitadonato/tcc/tcc/data/known_faces/JUNIOR/junior_extra_03.jpeg,/home/anitadonato/tcc/tcc/data/known_faces/BIA/bia_boa_frontal_1m..jpeg,0.760329030130126,0
/home/anitadonato/tcc/tcc/data/known_faces/willa/20260602_212511.jpg,/home/anitadonato/tcc/tcc/data/known_faces/bianca/WhatsApp Image 2026-06-04 at 22.53.14.jpeg,0.8342943789951544,0
/home/anitadonato/tcc/tcc/data/known_faces/bianca/WhatsApp Image 2026-06-04 at 22.53.15 (1).jpeg,/home/anitadonato/tcc/tcc/data/known_faces/julia/julia_boa_frontal.jpg,0.7093741064644961,0
/home/anitadonato/tcc/tcc/data/known_faces/willa/willa_extra_05.jpg,/home/anitadonato/tcc/tcc/data/known_faces/Francisca/francisca_extra_06.jpg,0.719611293485127,0
/home/anitadonato/tcc/tcc/data/known_faces/Francisca/francisca_extra_09.jpg,/home/anitadonato/tcc/tcc/data/known_faces/Angela/angela_boa_45_dir.jpg,0.6813689752589175,0
/home/anitadonato/tcc/tcc/data/known_faces/Abraão/abraao_extra_09.jpg,/home/anitadonato/tcc/tcc/data/known_faces/Francisca/francisca_extra_10.jpg,0.6847759459184509,0
/home/anitadonato/tcc/tcc/data/known_faces/ALESSANDRA/alessandra_extra_08.jpeg,/home/anitadonato/tcc/tcc/data/known_faces/Abraão/abraao_baixa_45_dir.jpg,0.7814491564254281,0
/home/anitadonato/tcc/tcc/data/known_faces/Angela/angela_extra_05.jpg,/home/anitadonato/tcc/tcc/data/known_faces/bianca/WhatsApp Image 2026-06-04 at 22.53.14 (2).jpeg,0.7335706907846898,0
/home/anitadonato/tcc/tcc/data/known_faces/Francisca/francisca_baixa_45_esq.jpg,/home/anitadonato/tcc/tcc/data/known_faces/Abraão/abraao_extra_10.jpg,0.7040027109049087,0
/home/anitadonato/tcc/tcc/data/known_faces/julia/julia_boa_45_esq(1).jpg,/home/anitadonato/tcc/tcc/data/known_faces/willa/willa_boa_45_30cm.jpg,0.8040460481715234,0
/home/anitadonato/tcc/tcc/data/known_faces/luan/20260602_212022.jpg,/home/anitadonato/tcc/tcc/data/known_faces/JUNIOR/junior_moderada_45_30cm.jpeg,0.8395054565326142,0
/home/anitadonato/tcc/tcc/data/known_faces/ALESSANDRA/alessandra_extra_06.jpeg,/home/anitadonato/tcc/tcc/data/known_faces/willa/20260602_212511.jpg,0.7730719731452097,0
/home/anitadonato/tcc/tcc/data/known_faces/bianca/WhatsApp Image 2026-06-04 at 22.53.15.jpeg,/home/anitadonato/tcc/tcc/data/known_faces/julia/20260602_212724.jpg,0.742293980840225,0
/home/anitadonato/tcc/tcc/data/known_faces/Angela/angela_extra_04.jpg,/home/anitadonato/tcc/tcc/data/known_faces/luan/20260602_211823.jpg,0.7575810258253436,0
/home/anitadonato/tcc/tcc/data/known_faces/julia/20260602_212629.jpg,/home/anitadonato/tcc/tcc/data/known_faces/bianca/WhatsApp Image 2026-06-04 at 22.53.15 (2).jpeg,0.8818455486281267,0
/home/anitadonato/tcc/tcc/data/known_faces/bianca/WhatsApp Image 2026-06-04 at 22.53.19 (3).jpeg,/home/anitadonato/tcc/tcc/data/known_faces/julia/20260602_212628.jpg,0.7932856958058275,0
/home/anitadonato/tcc/tcc/data/known_faces/willa/willa_moderada_45_30cm.jpg,/home/anitadonato/tcc/tcc/data/known_faces/julia/julia_boa_45_esq.jpg,0.701572430674551,0
/home/anitadonato/tcc/tcc/data/known_faces/willa/willa_extra_08.jpg,/home/anitadonato/tcc/tcc/data/known_faces/julia/julia_boa_45_esq.jpg,0.679468816139979,0
/home/anitadonato/tcc/tcc/data/known_faces/Angela/angela_baixa_45_esq.jpg,/home/anitadonato/tcc/tcc/data/known_faces/luan/20260602_211920.jpg,0.8193610380092148,0
/home/anitadonato/tcc/tcc/data/known_faces/Francisca/francisca_extra_14.jpg,/home/anitadonato/tcc/tcc/data/known_faces/julia/20260602_212724.jpg,0.8257182285911916,0
/home/anitadonato/tcc/tcc/data/known_faces/willa/willa_extra_02.jpg,/home/anitadonato/tcc/tcc/data/known_faces/JUNIOR/junior_extra_03.jpeg,0.7957212674130666,0
/home/anitadonato/tcc/tcc/data/known_faces/ALESSANDRA/alessandra_moderada_frontal_1m.jpeg,/home/anitadonato/tcc/tcc/data/known_faces/willa/20260602_212431.jpg,0.6917908432091603,0
/home/anitadonato/tcc/tcc/data/known_faces/Angela/angela_extra_06.jpg,/home/anitadonato/tcc/tcc/data/known_faces/JUNIOR/junior_moderada_frontal_1m.jpeg,0.8415974609082599,0
/home/anitadonato/tcc/tcc/data/known_faces/ALESSANDRA/alessandra_extra_05.jpeg,/home/anitadonato/tcc/tcc/data/known_faces/JUNIOR/junior_baixa_frontal_30cm.jpeg,0.8557437691589596,0
/home/anitadonato/tcc/tcc/data/known_faces/JUNIOR/junior_boa_frontal_30cm.jpeg,/home/anitadonato/tcc/tcc/data/known_faces/ALESSANDRA/alessandra_boa_frontal_30cm..jpeg,0.7828432975452486,0
/home/anitadonato/tcc/tcc/data/known_faces/BIA/bia_moderada_frontal_1m.jpeg,/home/anitadonato/tcc/tcc/data/known_faces/Francisca/francisca_baixa_45_esq.jpg,0.7260220921034519,0
/home/anitadonato/tcc/tcc/data/known_faces/Abraão/abraao_baixo_45_esq.jpg,/home/anitadonato/tcc/tcc/data/known_faces/Francisca/francisca_extra_05.jpg,0.7683044195303955,0
/home/anitadonato/tcc/tcc/data/known_faces/Angela/angela_extra_12.jpg,/home/anitadonato/tcc/tcc/data/known_faces/ALESSANDRA/alessandra_extra_03.jpeg,0.6532062485344422,0
/home/anitadonato/tcc/tcc/data/known_faces/ALESSANDRA/alessandra_extra_06.jpeg,/home/anitadonato/tcc/tcc/data/known_faces/julia/julia_boa_frontal.jpg,0.7491533005879489,0
/home/anitadonato/tcc/tcc/data/known_faces/luan/20260602_211837.jpg,/home/anitadonato/tcc/tcc/data/known_faces/bianca/WhatsApp Image 2026-06-04 at 22.53.13 (1).jpeg,0.6542470643762468,0
/home/anitadonato/tcc/tcc/data/known_faces/julia/20260602_212709.jpg,/home/anitadonato/tcc/tcc/data/known_faces/ALESSANDRA/alessandra_extra_05.jpeg,0.7172094529580348,0
/home/anitadonato/tcc/tcc/data/known_faces/willa/willa_extra_03.jpg,/home/anitadonato/tcc/tcc/data/known_faces/bianca/WhatsApp Image 2026-06-04 at 22.53.18 (2).jpeg,0.8358205180417093,0
/home/anitadonato/tcc/tcc/data/known_faces/Abraão/abraao_baixo_45_esq.jpg,/home/anitadonato/tcc/tcc/data/known_faces/julia/20260602_212633.jpg,0.6460851005515491,0
/home/anitadonato/tcc/tcc/data/known_faces/JUNIOR/junior_moderada_45_1m.jpeg,/home/anitadonato/tcc/tcc/data/known_faces/julia/20260602_212709.jpg,0.887609912433481,0
/home/anitadonato/tcc/tcc/data/known_faces/Angela/angela_extra_06.jpg,/home/anitadonato/tcc/tcc/data/known_faces/Francisca/francisca_extra_08.jpg,0.737908321166419,0
/home/anitadonato/tcc/tcc/data/known_faces/BIA/bia_baixa_frontal_1m.jpeg,/home/anitadonato/tcc/tcc/data/known_faces/julia/julia_boa_45_esq.jpg,0.7048766511510441,0
/home/anitadonato/tcc/tcc/data/known_faces/BIA/bia_extra_01.jpeg,/home/anitadonato/tcc/tcc/data/known_faces/Francisca/francisca_baixa_45_dir.jpg,0.7736173810969592,0
/home/anitadonato/tcc/tcc/data/known_faces/Francisca/francisca_extra_02.jpg,/home/anitadonato/tcc/tcc/data/known_faces/bianca/WhatsApp Image 2026-06-04 at 22.53.18 (3).jpeg,0.7760433479352669,0
/home/anitadonato/tcc/tcc/data/known_faces/Abraão/abraao_extra_04.jpg,/home/anitadonato/tcc/tcc/data/known_faces/willa/willa_boa_45_30cm.jpg,0.6276149722935644,0
/home/anitadonato/tcc/tcc/data/known_faces/Abraão/abraao_extra_09.jpg,/home/anitadonato/tcc/tcc/data/known_faces/luan/20260602_211923.jpg,0.6997764890854334,0
/home/anitadonato/tcc/tcc/data/known_faces/BIA/bia_baixa_frontal_1m.jpeg,/home/anitadonato/tcc/tcc/data/known_faces/JUNIOR/junior_extra_02.jpeg,0.721087697028085,0
/home/anitadonato/tcc/tcc/data/known_faces/luan/20260602_211923.jpg,/home/anitadonato/tcc/tcc/data/known_faces/Francisca/francisca_extra_13.jpg,0.8291134531710024,0
/home/anitadonato/tcc/tcc/data/known_faces/JUNIOR/junior_extra_06.jpeg,/home/anitadonato/tcc/tcc/data/known_faces/BIA/bia_extra_05.jpeg,0.7468678943019432,0
/home/anitadonato/tcc/tcc/data/known_faces/Francisca/francisca_extra_09.jpg,/home/anitadonato/tcc/tcc/data/known_faces/luan/20260602_212035.jpg,0.8014798221467409,0
/home/anitadonato/tcc/tcc/data/known_faces/Angela/angela_extra_01.jpg,/home/anitadonato/tcc/tcc/data/known_faces/julia/20260602_212732.jpg,0.705631787999094,0
/home/anitadonato/tcc/tcc/data/known_faces/Francisca/francisca_extra_15.jpg,/home/anitadonato/tcc/tcc/data/known_faces/luan/20260602_211923.jpg,0.7999994100313056,0
/home/anitadonato/tcc/tcc/data/known_faces/willa/willa_extra_09.jpg,/home/anitadonato/tcc/tcc/data/known_faces/ALESSANDRA/alessandra_boa_frontal_1m..jpeg,0.7350026781541038,0
/home/anitadonato/tcc/tcc/data/known_faces/JUNIOR/junior_boa_45_1m.jpeg,/home/anitadonato/tcc/tcc/data/known_faces/julia/20260602_212635.jpg,0.9004512772146865,0
/home/anitadonato/tcc/tcc/data/known_faces/Angela/angela_extra_08.jpg,/home/anitadonato/tcc/tcc/data/known_faces/Francisca/francisca_extra_08.jpg,0.6999048056195522,0
/home/anitadonato/tcc/tcc/data/known_faces/JUNIOR/junior_boa_frontal_1m.jpeg,/home/anitadonato/tcc/tcc/data/known_faces/Abraão/abraao_extra_07.jpg,0.8443683778475292,0
/home/anitadonato/tcc/tcc/data/known_faces/Francisca/francisca_boa_frontal.jpg,/home/anitadonato/tcc/tcc/data/known_faces/willa/willa_boa_45_30cm.jpg,0.742505645519384,0
/home/anitadonato/tcc/tcc/data/known_faces/willa/willa_extra_05.jpg,/home/anitadonato/tcc/tcc/data/known_faces/BIA/bia_boa_frontal_30cm..jpeg,0.6749249273219665,0
/home/anitadonato/tcc/tcc/data/known_faces/Abraão/abraao_boa_frontal.jpg,/home/anitadonato/tcc/tcc/data/known_faces/Angela/20260602_192040.jpg,0.7077476622612622,0
/home/anitadonato/tcc/tcc/data/known_faces/BIA/bia_extra_07.jpeg,/home/anitadonato/tcc/tcc/data/known_faces/Francisca/francisca_extra_10.jpg,0.7754909399500978,0
/home/anitadonato/tcc/tcc/data/known_faces/luan/20260602_211923.jpg,/home/anitadonato/tcc/tcc/data/known_faces/bianca/WhatsApp Image 2026-06-04 at 22.53.18 (4).jpeg,0.7195174339689867,0
/home/anitadonato/tcc/tcc/data/known_faces/ALESSANDRA/alessandra_boa_45_30cm.jpeg,/home/anitadonato/tcc/tcc/data/known_faces/BIA/bia_extra_01.jpeg,0.7566023694557893,0
/home/anitadonato/tcc/tcc/data/known_faces/Angela/angela_extra_03.jpg,/home/anitadonato/tcc/tcc/data/known_faces/ALESSANDRA/alessandra_extra_01.jpeg,0.6583749523789418,0
/home/anitadonato/tcc/tcc/data/known_faces/julia/20260602_212621.jpg,/home/anitadonato/tcc/tcc/data/known_faces/ALESSANDRA/alessandra_baixa_frontal_1m.jpeg,0.6821361398919364,0
/home/anitadonato/tcc/tcc/data/known_faces/JUNIOR/junior_baixa_frontal_1m.jpeg,/home/anitadonato/tcc/tcc/data/known_faces/Francisca/francisca_extra_08.jpg,0.8425586778028592,0
/home/anitadonato/tcc/tcc/data/known_faces/JUNIOR/junior_extra_05.jpeg,/home/anitadonato/tcc/tcc/data/known_faces/Abraão/abraao_boa_45_.jpg,0.8719878325555536,0
/home/anitadonato/tcc/tcc/data/known_faces/BIA/bia_moderada_frontal_1m.jpeg,/home/anitadonato/tcc/tcc/data/known_faces/Abraão/abraao_extra_10.jpg,0.7021498319101935,0
/home/anitadonato/tcc/tcc/data/known_faces/Abraão/abraao_extra_10.jpg,/home/anitadonato/tcc/tcc/data/known_faces/luan/20260602_211837.jpg,0.7954041402374863,0
/home/anitadonato/tcc/tcc/data/known_faces/julia/20260602_212635.jpg,/home/anitadonato/tcc/tcc/data/known_faces/Abraão/abraao_baixo_45_esq.jpg,0.5905270461122321,0
/home/anitadonato/tcc/tcc/data/known_faces/JUNIOR/junior_moderada_frontal_1m.jpeg,/home/anitadonato/tcc/tcc/data/known_faces/willa/willa_extra_05.jpg,0.8066461227555806,0
/home/anitadonato/tcc/tcc/data/known_faces/BIA/bia_boa_frontal_1m..jpeg,/home/anitadonato/tcc/tcc/data/known_faces/bianca/WhatsApp Image 2026-06-04 at 22.53.14 (2).jpeg,0.6474875943134744,0
/home/anitadonato/tcc/tcc/data/known_faces/Abraão/abraao_boa_frontal.jpg,/home/anitadonato/tcc/tcc/data/known_faces/Angela/angela_extra_03.jpg,0.7203420497589716,0
/home/anitadonato/tcc/tcc/data/known_faces/julia/20260602_212654.jpg,/home/anitadonato/tcc/tcc/data/known_faces/bianca/WhatsApp Image 2026-06-04 at 22.53.19 (6).jpeg,0.6956702649974469,0
/home/anitadonato/tcc/tcc/data/known_faces/willa/willa_extra_08.jpg,/home/anitadonato/tcc/tcc/data/known_faces/ALESSANDRA/alessandra_moderada_45_30cm.jpeg,0.6839789738968447,0
/home/anitadonato/tcc/tcc/data/known_faces/JUNIOR/junior_extra_03.jpeg,/home/anitadonato/tcc/tcc/data/known_faces/Abraão/abraao_extra_07.jpg,0.817536631060339,0
/home/anitadonato/tcc/tcc/data/known_faces/julia/20260602_212654.jpg,/home/anitadonato/tcc/tcc/data/known_faces/BIA/bia_boa_45_1m..jpeg,0.70967892224007,0
/home/anitadonato/tcc/tcc/data/known_faces/JUNIOR/junior_extra_04.jpeg,/home/anitadonato/tcc/tcc/data/known_faces/julia/20260602_212704.jpg,0.7759531355519365,0
/home/anitadonato/tcc/tcc/data/known_faces/Francisca/francisca_extra_07.jpg,/home/anitadonato/tcc/tcc/data/known_faces/luan/20260602_211845.jpg,0.82972346659322,0
/home/anitadonato/tcc/tcc/data/known_faces/JUNIOR/junior_moderada_45_30cm.jpeg,/home/anitadonato/tcc/tcc/data/known_faces/Abraão/abraao_extra_01.jpg,0.8717250314253209,0
/home/anitadonato/tcc/tcc/data/known_faces/julia/20260602_212618.jpg,/home/anitadonato/tcc/tcc/data/known_faces/bianca/WhatsApp Image 2026-06-04 at 22.53.16 (2).jpeg,0.8065383808103286,0
/home/anitadonato/tcc/tcc/data/known_faces/Francisca/francisca_baixa_45_esq.jpg,/home/anitadonato/tcc/tcc/data/known_faces/willa/willa_baixa_frontal_30cm.jpg,0.7568554859128995,0
/home/anitadonato/tcc/tcc/data/known_faces/Francisca/francisca_boa_frontal.jpg,/home/anitadonato/tcc/tcc/data/known_faces/BIA/bia_extra_07.jpeg,0.8386541284162069,0
/home/anitadonato/tcc/tcc/data/known_faces/JUNIOR/junior_baixa_45_30cm.jpeg,/home/anitadonato/tcc/tcc/data/known_faces/bianca/WhatsApp Image 2026-06-04 at 22.53.15 (1).jpeg,0.8553142877729877,0
/home/anitadonato/tcc/tcc/data/known_faces/Abraão/abraao_extra_09.jpg,/home/anitadonato/tcc/tcc/data/known_faces/julia/20260602_212726.jpg,0.5824665273003423,0
/home/anitadonato/tcc/tcc/data/known_faces/JUNIOR/junior_baixa_frontal_30cm.jpeg,/home/anitadonato/tcc/tcc/data/known_faces/bianca/WhatsApp Image 2026-06-04 at 22.53.19 (5).jpeg,0.8279783478322076,0
/home/anitadonato/tcc/tcc/data/known_faces/Angela/angela_extra_11.jpg,/home/anitadonato/tcc/tcc/data/known_faces/Francisca/francisca_baixa_45_esq.jpg,0.7487860907526523,0
/home/anitadonato/tcc/tcc/data/known_faces/JUNIOR/junior_moderada_frontal_30cm.jpeg,/home/anitadonato/tcc/tcc/data/known_faces/bianca/WhatsApp Image 2026-06-04 at 22.53.19 (2).jpeg,0.7996414626826739,0
/home/anitadonato/tcc/tcc/data/known_faces/luan/20260602_212013.jpg,/home/anitadonato/tcc/tcc/data/known_faces/JUNIOR/junior_baixa_45_1m.jpeg,0.8255300930876486,0
/home/anitadonato/tcc/tcc/data/known_faces/ALESSANDRA/alessandra_extra_07.jpeg,/home/anitadonato/tcc/tcc/data/known_faces/Angela/angela_boa_45_esq.jpg,0.659831756859766,0
/home/anitadonato/tcc/tcc/data/known_faces/ALESSANDRA/alessandra_boa_frontal_1m..jpeg,/home/anitadonato/tcc/tcc/data/known_faces/bianca/WhatsApp Image 2026-06-04 at 22.53.18 (4).jpeg,0.7368924849407343,0
/home/anitadonato/tcc/tcc/data/known_faces/Francisca/francisca_extra_14.jpg,/home/anitadonato/tcc/tcc/data/known_faces/JUNIOR/junior_baixa_frontal_1m.jpeg,0.8841944298263716,0
/home/anitadonato/tcc/tcc/data/known_faces/Abraão/abraao_extra_01.jpg,/home/anitadonato/tcc/tcc/data/known_faces/Angela/angela_extra_11.jpg,0.6410791573500485,0
/home/anitadonato/tcc/tcc/data/known_faces/Angela/angela_extra_05.jpg,/home/anitadonato/tcc/tcc/data/known_faces/bianca/WhatsApp Image 2026-06-04 at 22.53.16.jpeg,0.8145317877853622,0
/home/anitadonato/tcc/tcc/data/known_faces/julia/20260602_212654.jpg,/home/anitadonato/tcc/tcc/data/known_faces/Angela/angela_boa_frontal.jpg,0.7264725028453914,0
/home/anitadonato/tcc/tcc/data/known_faces/willa/willa_extra_02.jpg,/home/anitadonato/tcc/tcc/data/known_faces/JUNIOR/junior_boa_frontal_1m.jpeg,0.8483639323674325,0
/home/anitadonato/tcc/tcc/data/known_faces/Abraão/abraao_extra_05.jpg,/home/anitadonato/tcc/tcc/data/known_faces/bianca/WhatsApp Image 2026-06-04 at 22.53.14 (3).jpeg,0.7507464660835019,0
/home/anitadonato/tcc/tcc/data/known_faces/bianca/WhatsApp Image 2026-06-04 at 22.53.19 (5).jpeg,/home/anitadonato/tcc/tcc/data/known_faces/willa/willa_moderada_frontal_30cm.jpg,0.8279196405131124,0
/home/anitadonato/tcc/tcc/data/known_faces/willa/20260602_212507.jpg,/home/anitadonato/tcc/tcc/data/known_faces/BIA/bia_extra_07.jpeg,0.7604624576303883,0
/home/anitadonato/tcc/tcc/data/known_faces/BIA/bia_boa_45_30cm.jpeg,/home/anitadonato/tcc/tcc/data/known_faces/Francisca/francisca_baixa_45_dir.jpg,0.7849354431908767,0
/home/anitadonato/tcc/tcc/data/known_faces/bianca/WhatsApp Image 2026-06-04 at 22.53.18 (3).jpeg,/home/anitadonato/tcc/tcc/data/known_faces/willa/willa_boa_45_30cm.jpg,0.7981089928063393,0
/home/anitadonato/tcc/tcc/data/known_faces/Angela/angela_extra_06.jpg,/home/anitadonato/tcc/tcc/data/known_faces/Abraão/abraao_boa_45_dir.jpg,0.7462456396697925,0
/home/anitadonato/tcc/tcc/data/known_faces/willa/20260602_212418.jpg,/home/anitadonato/tcc/tcc/data/known_faces/Abraão/abraao_extra_10.jpg,0.6157903439595879,0
/home/anitadonato/tcc/tcc/data/known_faces/bianca/WhatsApp Image 2026-06-04 at 22.53.19 (5).jpeg,/home/anitadonato/tcc/tcc/data/known_faces/julia/20260602_212740.jpg,0.5967384473519249,0
/home/anitadonato/tcc/tcc/data/known_faces/Abraão/abraao_boa_frontal.jpg,/home/anitadonato/tcc/tcc/data/known_faces/BIA/bia_boa_frontal_1m..jpeg,0.7281928170946416,0
/home/anitadonato/tcc/tcc/data/known_faces/Francisca/francisca_extra_10.jpg,/home/anitadonato/tcc/tcc/data/known_faces/willa/willa_extra_05.jpg,0.6533737769126313,0
/home/anitadonato/tcc/tcc/data/known_faces/Angela/angela_extra_01.jpg,/home/anitadonato/tcc/tcc/data/known_faces/bianca/WhatsApp Image 2026-06-04 at 22.53.18 (3).jpeg,0.8128997845460203,0
/home/anitadonato/tcc/tcc/data/known_faces/BIA/bia_boa_frontal_1m..jpeg,/home/anitadonato/tcc/tcc/data/known_faces/Francisca/francisca_extra_08.jpg,0.7559847478049975,0
/home/anitadonato/tcc/tcc/data/known_faces/Angela/angela_boa_45_esq.jpg,/home/anitadonato/tcc/tcc/data/known_faces/bianca/WhatsApp Image 2026-06-04 at 22.53.13 (1).jpeg,0.7550047150837258,0
/home/anitadonato/tcc/tcc/data/known_faces/Francisca/francisca_extra_02.jpg,/home/anitadonato/tcc/tcc/data/known_faces/willa/willa_extra_07.jpg,0.6978145803699846,0
/home/anitadonato/tcc/tcc/data/known_faces/BIA/bia_moderada_frontal_1m.jpeg,/home/anitadonato/tcc/tcc/data/known_faces/JUNIOR/junior_extra_07.jpeg,0.7151425459384746,0
/home/anitadonato/tcc/tcc/data/known_faces/Abraão/abraao_extra_09.jpg,/home/anitadonato/tcc/tcc/data/known_faces/ALESSANDRA/alessandra_boa_45_1m..jpeg,0.7326382298034466,0
/home/anitadonato/tcc/tcc/data/known_faces/JUNIOR/junior_boa_frontal_1m.jpeg,/home/anitadonato/tcc/tcc/data/known_faces/bianca/WhatsApp Image 2026-06-04 at 22.53.19 (1).jpeg,0.8160968039684154,0
/home/anitadonato/tcc/tcc/data/known_faces/bianca/WhatsApp Image 2026-06-04 at 22.53.19 (2).jpeg,/home/anitadonato/tcc/tcc/data/known_faces/willa/willa_boa_45_30cm.jpg,0.7676410070676912,0
/home/anitadonato/tcc/tcc/data/known_faces/Abraão/abraao_baixa_45_esq.jpg,/home/anitadonato/tcc/tcc/data/known_faces/willa/20260602_212431.jpg,0.562476870765042,0
/home/anitadonato/tcc/tcc/data/known_faces/JUNIOR/junior_extra_08.jpeg,/home/anitadonato/tcc/tcc/data/known_faces/BIA/bia_extra_04.jpeg,0.7816536130842533,0
/home/anitadonato/tcc/tcc/data/known_faces/willa/20260602_212418.jpg,/home/anitadonato/tcc/tcc/data/known_faces/ALESSANDRA/alessandra_extra_01.jpeg,0.7696419919204499,0
/home/anitadonato/tcc/tcc/data/known_faces/luan/20260602_211845.jpg,/home/anitadonato/tcc/tcc/data/known_faces/bianca/WhatsApp Image 2026-06-04 at 22.53.16 (2).jpeg,0.6925861541395973,0
/home/anitadonato/tcc/tcc/data/known_faces/JUNIOR/junior_moderada_45_30cm.jpeg,/home/anitadonato/tcc/tcc/data/known_faces/Angela/angela_baixa_45_esq.jpg,0.8705687622666577,0
/home/anitadonato/tcc/tcc/data/known_faces/willa/willa_boa_45_30cm.jpg,/home/anitadonato/tcc/tcc/data/known_faces/Angela/angela_boa_frontal.jpg,0.6982463543538941,0
/home/anitadonato/tcc/tcc/data/known_faces/luan/20260602_211913.jpg,/home/anitadonato/tcc/tcc/data/known_faces/julia/20260602_212732.jpg,0.6948204453140937,0
/home/anitadonato/tcc/tcc/data/known_faces/Angela/angela_extra_05.jpg,/home/anitadonato/tcc/tcc/data/known_faces/Abraão/abraao_extra_10.jpg,0.6423996646452725,0
/home/anitadonato/tcc/tcc/data/known_faces/bianca/WhatsApp Image 2026-06-04 at 22.53.15 (1).jpeg,/home/anitadonato/tcc/tcc/data/known_faces/Angela/angela_boa_45_dir.jpg,0.7713756250870366,0
/home/anitadonato/tcc/tcc/data/known_faces/JUNIOR/junior_boa_45_1m.jpeg,/home/anitadonato/tcc/tcc/data/known_faces/ALESSANDRA/alessandra_extra_08.jpeg,0.8170384723485729,0
/home/anitadonato/tcc/tcc/data/known_faces/Francisca/francisca_extra_08.jpg,/home/anitadonato/tcc/tcc/data/known_faces/JUNIOR/junior_extra_02.jpeg,0.8321687664035134,0
/home/anitadonato/tcc/tcc/data/known_faces/Francisca/francisca_extra_11.jpg,/home/anitadonato/tcc/tcc/data/known_faces/willa/willa_extra_03.jpg,0.7140000484951705,0
/home/anitadonato/tcc/tcc/data/known_faces/bianca/WhatsApp Image 2026-06-04 at 22.53.15.jpeg,/home/anitadonato/tcc/tcc/data/known_faces/Angela/angela_extra_10.jpg,0.7248423779161235,0
/home/anitadonato/tcc/tcc/data/known_faces/Angela/angela_extra_09.jpg,/home/anitadonato/tcc/tcc/data/known_faces/luan/20260602_211809.jpg,0.6679742154953967,0
/home/anitadonato/tcc/tcc/data/known_faces/Angela/angela_extra_10.jpg,/home/anitadonato/tcc/tcc/data/known_faces/ALESSANDRA/alessandra_extra_01.jpeg,0.6311144329708103,0
/home/anitadonato/tcc/tcc/data/known_faces/Angela/angela_extra_08.jpg,/home/anitadonato/tcc/tcc/data/known_faces/julia/20260602_212628.jpg,0.6865126635487407,0
/home/anitadonato/tcc/tcc/data/known_faces/julia/20260602_212732.jpg,/home/anitadonato/tcc/tcc/data/known_faces/ALESSANDRA/alessandra_extra_04.jpeg,0.7207254523513452,0
/home/anitadonato/tcc/tcc/data/known_faces/luan/20260602_212013.jpg,/home/anitadonato/tcc/tcc/data/known_faces/julia/20260602_212740.jpg,0.6564205632530523,0
/home/anitadonato/tcc/tcc/data/known_faces/Abraão/abraao_baixo_45_esq.jpg,/home/anitadonato/tcc/tcc/data/known_faces/Angela/angela_extra_06.jpg,0.7192635717352653,0
/home/anitadonato/tcc/tcc/data/known_faces/Abraão/abraao_extra_03.jpg,/home/anitadonato/tcc/tcc/data/known_faces/BIA/bia_boa_45_30cm.jpeg,0.7656879504386389,0
/home/anitadonato/tcc/tcc/data/known_faces/Angela/angela_extra_03.jpg,/home/anitadonato/tcc/tcc/data/known_faces/luan/20260602_212025.jpg,0.730128797711273,0
/home/anitadonato/tcc/tcc/data/known_faces/BIA/bia_baixa_frontal_30cm.jpeg,/home/anitadonato/tcc/tcc/data/known_faces/julia/20260602_212709.jpg,0.7323294267232784,0
/home/anitadonato/tcc/tcc/data/known_faces/ALESSANDRA/alessandra_baixa_frontal_30cm.jpeg,/home/anitadonato/tcc/tcc/data/known_faces/Francisca/francisca_extra_07.jpg,0.7022987812487269,0
/home/anitadonato/tcc/tcc/data/known_faces/JUNIOR/junior_extra_03.jpeg,/home/anitadonato/tcc/tcc/data/known_faces/Abraão/abraao_boa_45_.jpg,0.8630789832333114,0
/home/anitadonato/tcc/tcc/data/known_faces/ALESSANDRA/alessandra_extra_07.jpeg,/home/anitadonato/tcc/tcc/data/known_faces/Abraão/abraao_extra_09.jpg,0.7051357133901318,0
/home/anitadonato/tcc/tcc/data/known_faces/julia/20260602_212618.jpg,/home/anitadonato/tcc/tcc/data/known_faces/Francisca/francisca_extra_05.jpg,0.7414581360616082,0
/home/anitadonato/tcc/tcc/data/known_faces/ALESSANDRA/alessandra_extra_03.jpeg,/home/anitadonato/tcc/tcc/data/known_faces/julia/julia_boa_frontal.jpg,0.7663849099989943,0
/home/anitadonato/tcc/tcc/data/known_faces/Angela/angela_baixa_45_esq.jpg,/home/anitadonato/tcc/tcc/data/known_faces/BIA/bia_extra_02.jpeg,0.7073800839244052,0
/home/anitadonato/tcc/tcc/data/known_faces/JUNIOR/junior_baixa_frontal_1m.jpeg,/home/anitadonato/tcc/tcc/data/known_faces/ALESSANDRA/alessandra_moderada_45_30cm.jpeg,0.7992469898270285,0
/home/anitadonato/tcc/tcc/data/known_faces/willa/20260602_212507.jpg,/home/anitadonato/tcc/tcc/data/known_faces/bianca/WhatsApp Image 2026-06-04 at 22.53.16 (2).jpeg,0.7727510171343311,0
/home/anitadonato/tcc/tcc/data/known_faces/Francisca/francisca_extra_02.jpg,/home/anitadonato/tcc/tcc/data/known_faces/Angela/angela_extra_07.jpg,0.8253814306176249,0
/home/anitadonato/tcc/tcc/data/known_faces/Abraão/abraao_boa_frontal.jpg,/home/anitadonato/tcc/tcc/data/known_faces/ALESSANDRA/alessandra_boa_45_30cm.jpeg,0.697111107388534,0
/home/anitadonato/tcc/tcc/data/known_faces/bianca/WhatsApp Image 2026-06-04 at 22.53.15 (2).jpeg,/home/anitadonato/tcc/tcc/data/known_faces/willa/20260602_212513.jpg,0.8421498899761053,0
/home/anitadonato/tcc/tcc/data/known_faces/Abraão/abraao_extra_09.jpg,/home/anitadonato/tcc/tcc/data/known_faces/Francisca/francisca_extra_08.jpg,0.6955434455400055,0
/home/anitadonato/tcc/tcc/data/known_faces/Francisca/francisca_extra_06.jpg,/home/anitadonato/tcc/tcc/data/known_faces/Angela/angela_boa_45_dir.jpg,0.7442385749712861,0
/home/anitadonato/tcc/tcc/data/known_faces/JUNIOR/junior_boa_frontal_1m.jpeg,/home/anitadonato/tcc/tcc/data/known_faces/luan/20260602_212016.jpg,0.8172570378509665,0
/home/anitadonato/tcc/tcc/data/known_faces/julia/20260602_212740.jpg,/home/anitadonato/tcc/tcc/data/known_faces/bianca/WhatsApp Image 2026-06-04 at 22.53.15 (1).jpeg,0.6295855446003467,0
/home/anitadonato/tcc/tcc/data/known_faces/bianca/WhatsApp Image 2026-06-04 at 22.53.18 (3).jpeg,/home/anitadonato/tcc/tcc/data/known_faces/JUNIOR/junior_boa_45_30cm.jpeg,0.8504812030428346,0
/home/anitadonato/tcc/tcc/data/known_faces/bianca/WhatsApp Image 2026-06-04 at 22.53.13.jpeg,/home/anitadonato/tcc/tcc/data/known_faces/willa/20260602_212431.jpg,0.7557027750137927,0
/home/anitadonato/tcc/tcc/data/known_faces/luan/20260602_212013.jpg,/home/anitadonato/tcc/tcc/data/known_faces/JUNIOR/junior_boa_frontal_30cm.jpeg,0.7639407378439304,0
/home/anitadonato/tcc/tcc/data/known_faces/Angela/angela_extra_11.jpg,/home/anitadonato/tcc/tcc/data/known_faces/julia/julia_boa_45_esq(1).jpg,0.6831160337086722,0
/home/anitadonato/tcc/tcc/data/known_faces/Abraão/abraao_extra_08.jpg,/home/anitadonato/tcc/tcc/data/known_faces/Francisca/francisca_extra_08.jpg,0.7139650772554789,0
/home/anitadonato/tcc/tcc/data/known_faces/Abraão/abraao_extra_03.jpg,/home/anitadonato/tcc/tcc/data/known_faces/julia/20260602_212629.jpg,0.6527007728946155,0
/home/anitadonato/tcc/tcc/data/known_faces/Angela/angela_extra_02.jpg,/home/anitadonato/tcc/tcc/data/known_faces/Francisca/francisca_extra_11.jpg,0.6432406903969987,0
/home/anitadonato/tcc/tcc/data/known_faces/bianca/WhatsApp Image 2026-06-04 at 22.53.18 (2).jpeg,/home/anitadonato/tcc/tcc/data/known_faces/Francisca/francisca_baixa_45_dir.jpg,0.7574439002164204,0
/home/anitadonato/tcc/tcc/data/known_faces/luan/20260602_211809.jpg,/home/anitadonato/tcc/tcc/data/known_faces/Abraão/abraao_extra_10.jpg,0.652617343873597,0
/home/anitadonato/tcc/tcc/data/known_faces/Abraão/abraao_extra_07.jpg,/home/anitadonato/tcc/tcc/data/known_faces/luan/20260602_211923.jpg,0.7238459064528119,0
/home/anitadonato/tcc/tcc/data/known_faces/Abraão/abraao_extra_02.jpg,/home/anitadonato/tcc/tcc/data/known_faces/julia/20260602_212712.jpg,0.5744682516819305,0
/home/anitadonato/tcc/tcc/data/known_faces/Francisca/francisca_extra_11.jpg,/home/anitadonato/tcc/tcc/data/known_faces/Abraão/abraao_baixa_45_dir.jpg,0.7105457275210285,0
/home/anitadonato/tcc/tcc/data/known_faces/Abraão/abraao_boa_45_dir.jpg,/home/anitadonato/tcc/tcc/data/known_faces/julia/20260602_212631.jpg,0.5921197321842516,0
/home/anitadonato/tcc/tcc/data/known_faces/bianca/WhatsApp Image 2026-06-04 at 22.53.13.jpeg,/home/anitadonato/tcc/tcc/data/known_faces/ALESSANDRA/alessandra_extra_06.jpeg,0.8086872991122559,0
/home/anitadonato/tcc/tcc/data/known_faces/Francisca/francisca_extra_14.jpg,/home/anitadonato/tcc/tcc/data/known_faces/JUNIOR/junior_extra_07.jpeg,0.892597109670893,0
/home/anitadonato/tcc/tcc/data/known_faces/julia/20260602_212709.jpg,/home/anitadonato/tcc/tcc/data/known_faces/Francisca/francisca_boa_frontal.jpg,0.7073004032453072,0
/home/anitadonato/tcc/tcc/data/known_faces/BIA/bia_baixa_frontal_1m.jpeg,/home/anitadonato/tcc/tcc/data/known_faces/Angela/angela_extra_03.jpg,0.7192085729799221,0
/home/anitadonato/tcc/tcc/data/known_faces/Abraão/abraao_baixa_45_dir.jpg,/home/anitadonato/tcc/tcc/data/known_faces/bianca/WhatsApp Image 2026-06-04 at 22.53.13 (1).jpeg,0.7195221442757214,0
/home/anitadonato/tcc/tcc/data/known_faces/bianca/WhatsApp Image 2026-06-04 at 22.53.13 (1).jpeg,/home/anitadonato/tcc/tcc/data/known_faces/Abraão/abraao_boa_45_dir.jpg,0.7027132732813115,0
/home/anitadonato/tcc/tcc/data/known_faces/julia/20260602_212724.jpg,/home/anitadonato/tcc/tcc/data/known_faces/willa/willa_extra_08.jpg,0.6610803864765961,0
/home/anitadonato/tcc/tcc/data/known_faces/Francisca/francisca_extra_07.jpg,/home/anitadonato/tcc/tcc/data/known_faces/JUNIOR/junior_extra_02.jpeg,0.8352756349422102,0
/home/anitadonato/tcc/tcc/data/known_faces/Abraão/abraao_boa_45_.jpg,/home/anitadonato/tcc/tcc/data/known_faces/Angela/20260602_192040.jpg,0.7589075305087369,0
/home/anitadonato/tcc/tcc/data/known_faces/ALESSANDRA/alessandra_extra_08.jpeg,/home/anitadonato/tcc/tcc/data/known_faces/BIA/bia_boa_45_1m..jpeg,0.7473169712746446,0
/home/anitadonato/tcc/tcc/data/known_faces/BIA/bia_moderada_45_30cm.jpeg,/home/anitadonato/tcc/tcc/data/known_faces/bianca/WhatsApp Image 2026-06-04 at 22.53.14 (4).jpeg,0.6967613409899985,0
/home/anitadonato/tcc/tcc/data/known_faces/Abraão/abraao_extra_08.jpg,/home/anitadonato/tcc/tcc/data/known_faces/Francisca/francisca_boa_45_esq.jpg,0.7934927198777512,0
/home/anitadonato/tcc/tcc/data/known_faces/julia/20260602_212618.jpg,/home/anitadonato/tcc/tcc/data/known_faces/bianca/WhatsApp Image 2026-06-04 at 22.53.14 (1).jpeg,0.7676210995901265,0
/home/anitadonato/tcc/tcc/data/known_faces/Angela/angela_extra_09.jpg,/home/anitadonato/tcc/tcc/data/known_faces/willa/willa_extra_08.jpg,0.5711437549735786,0
/home/anitadonato/tcc/tcc/data/known_faces/julia/20260602_212732.jpg,/home/anitadonato/tcc/tcc/data/known_faces/ALESSANDRA/alessandra_moderada_frontal_1m.jpeg,0.7473555828694288,0
/home/anitadonato/tcc/tcc/data/known_faces/BIA/bia_extra_02.jpeg,/home/anitadonato/tcc/tcc/data/known_faces/willa/willa_moderada_frontal_30cm.jpg,0.7992815742794023,0
/home/anitadonato/tcc/tcc/data/known_faces/bianca/WhatsApp Image 2026-06-04 at 22.53.15.jpeg,/home/anitadonato/tcc/tcc/data/known_faces/ALESSANDRA/alessandra_baixa_45_1m.jpeg,0.6574412513517173,0
/home/anitadonato/tcc/tcc/data/known_faces/Abraão/abraao_extra_07.jpg,/home/anitadonato/tcc/tcc/data/known_faces/bianca/WhatsApp Image 2026-06-04 at 22.53.19 (6).jpeg,0.646389910079119,0
/home/anitadonato/tcc/tcc/data/known_faces/julia/20260602_212704.jpg,/home/anitadonato/tcc/tcc/data/known_faces/luan/20260602_211809.jpg,0.5841758787723155,0
/home/anitadonato/tcc/tcc/data/known_faces/willa/willa_baixa_frontal_30cm.jpg,/home/anitadonato/tcc/tcc/data/known_faces/julia/20260602_212621.jpg,0.7288750909136021,0
/home/anitadonato/tcc/tcc/data/known_faces/luan/20260602_211923.jpg,/home/anitadonato/tcc/tcc/data/known_faces/ALESSANDRA/alessandra_moderada_frontal_1m.jpeg,0.7627125073220448,0
/home/anitadonato/tcc/tcc/data/known_faces/JUNIOR/junior_baixa_frontal_1m.jpeg,/home/anitadonato/tcc/tcc/data/known_faces/luan/20260602_211837.jpg,0.7424598869421585,0
/home/anitadonato/tcc/tcc/data/known_faces/bianca/WhatsApp Image 2026-06-04 at 22.53.14 (1).jpeg,/home/anitadonato/tcc/tcc/data/known_faces/julia/20260602_212740.jpg,0.6863508648255325,0
/home/anitadonato/tcc/tcc/data/known_faces/ALESSANDRA/alessandra_extra_02.jpeg,/home/anitadonato/tcc/tcc/data/known_faces/Angela/angela_extra_01.jpg,0.6872861525816926,0
/home/anitadonato/tcc/tcc/data/known_faces/julia/20260602_212732.jpg,/home/anitadonato/tcc/tcc/data/known_faces/JUNIOR/junior_boa_frontal_30cm.jpeg,0.8606563519155447,0
/home/anitadonato/tcc/tcc/data/known_faces/luan/20260602_212025.jpg,/home/anitadonato/tcc/tcc/data/known_faces/BIA/bia_extra_03.jpeg,0.6230430368848592,0
/home/anitadonato/tcc/tcc/data/known_faces/willa/20260602_212513.jpg,/home/anitadonato/tcc/tcc/data/known_faces/julia/20260602_212704.jpg,0.7427677382635383,0
/home/anitadonato/tcc/tcc/data/known_faces/bianca/WhatsApp Image 2026-06-04 at 22.53.19 (5).jpeg,/home/anitadonato/tcc/tcc/data/known_faces/willa/willa_extra_04.jpg,0.7257441424094957,0
/home/anitadonato/tcc/tcc/data/known_faces/Abraão/abraao_boa_45_.jpg,/home/anitadonato/tcc/tcc/data/known_faces/julia/20260602_212631.jpg,0.581424191060843,0
/home/anitadonato/tcc/tcc/data/known_faces/BIA/bia_moderada_frontal_30cm.jpeg,/home/anitadonato/tcc/tcc/data/known_faces/Angela/angela_extra_10.jpg,0.7093490907479251,0
/home/anitadonato/tcc/tcc/data/known_faces/Abraão/abraao_extra_09.jpg,/home/anitadonato/tcc/tcc/data/known_faces/bianca/WhatsApp Image 2026-06-04 at 22.53.15 (2).jpeg,0.7821070715311741,0
/home/anitadonato/tcc/tcc/data/known_faces/BIA/bia_moderada_45_30cm.jpeg,/home/anitadonato/tcc/tcc/data/known_faces/willa/20260602_212431.jpg,0.6760612055705731,0
/home/anitadonato/tcc/tcc/data/known_faces/ALESSANDRA/alessandra_extra_01.jpeg,/home/anitadonato/tcc/tcc/data/known_faces/JUNIOR/junior_extra_04.jpeg,0.8092334957872517,0
/home/anitadonato/tcc/tcc/data/known_faces/Angela/angela_extra_11.jpg,/home/anitadonato/tcc/tcc/data/known_faces/willa/20260602_212431.jpg,0.6346684788246553,0
/home/anitadonato/tcc/tcc/data/known_faces/Abraão/abraao_extra_07.jpg,/home/anitadonato/tcc/tcc/data/known_faces/JUNIOR/junior_baixa_frontal_30cm.jpeg,0.8738767589553048,0
/home/anitadonato/tcc/tcc/data/known_faces/willa/20260602_212511.jpg,/home/anitadonato/tcc/tcc/data/known_faces/BIA/bia_moderada_45_30cm.jpeg,0.7384916434367178,0
/home/anitadonato/tcc/tcc/data/known_faces/JUNIOR/junior_moderada_45_30cm.jpeg,/home/anitadonato/tcc/tcc/data/known_faces/ALESSANDRA/alessandra_extra_01.jpeg,0.9018486531170633,0
/home/anitadonato/tcc/tcc/data/known_faces/Angela/angela_boa_45_dir.jpg,/home/anitadonato/tcc/tcc/data/known_faces/luan/20260602_211809.jpg,0.7177549675602615,0
/home/anitadonato/tcc/tcc/data/known_faces/julia/20260602_212628.jpg,/home/anitadonato/tcc/tcc/data/known_faces/willa/20260602_212511.jpg,0.7786829623503199,0
/home/anitadonato/tcc/tcc/data/known_faces/willa/willa_moderada_45_30cm.jpg,/home/anitadonato/tcc/tcc/data/known_faces/Abraão/abraao_baixa_45_esq.jpg,0.5951488770798756,0
/home/anitadonato/tcc/tcc/data/known_faces/luan/20260602_211823.jpg,/home/anitadonato/tcc/tcc/data/known_faces/Abraão/abraao_baixo_45_esq.jpg,0.7671041576230307,0
/home/anitadonato/tcc/tcc/data/known_faces/BIA/bia_boa_45_30cm.jpeg,/home/anitadonato/tcc/tcc/data/known_faces/JUNIOR/junior_extra_02.jpeg,0.7423460293313284,0
/home/anitadonato/tcc/tcc/data/known_faces/Angela/angela_extra_05.jpg,/home/anitadonato/tcc/tcc/data/known_faces/JUNIOR/junior_boa_45_1m.jpeg,0.7745412238425086,0
/home/anitadonato/tcc/tcc/data/known_faces/Abraão/abraao_extra_08.jpg,/home/anitadonato/tcc/tcc/data/known_faces/BIA/bia_extra_06.jpeg,0.7497266437392468,0
/home/anitadonato/tcc/tcc/data/known_faces/ALESSANDRA/alessandra_extra_08.jpeg,/home/anitadonato/tcc/tcc/data/known_faces/BIA/bia_extra_03.jpeg,0.7846240777876003,0
/home/anitadonato/tcc/tcc/data/known_faces/Francisca/francisca_extra_08.jpg,/home/anitadonato/tcc/tcc/data/known_faces/JUNIOR/junior_extra_04.jpeg,0.7581727297343231,0
/home/anitadonato/tcc/tcc/data/known_faces/BIA/bia_moderada_45_1m.jpeg,/home/anitadonato/tcc/tcc/data/known_faces/Angela/angela_extra_08.jpg,0.7624676814726233,0
/home/anitadonato/tcc/tcc/data/known_faces/BIA/bia_extra_06.jpeg,/home/anitadonato/tcc/tcc/data/known_faces/Angela/angela_extra_08.jpg,0.7301034677231114,0
/home/anitadonato/tcc/tcc/data/known_faces/bianca/WhatsApp Image 2026-06-04 at 22.53.19 (6).jpeg,/home/anitadonato/tcc/tcc/data/known_faces/julia/julia_boa_45_esq(1).jpg,0.6851937077770665,0
/home/anitadonato/tcc/tcc/data/known_faces/JUNIOR/junior_extra_07.jpeg,/home/anitadonato/tcc/tcc/data/known_faces/ALESSANDRA/alessandra_boa_45_1m..jpeg,0.8194633460714827,0
/home/anitadonato/tcc/tcc/data/known_faces/ALESSANDRA/alessandra_baixa_frontal_1m.jpeg,/home/anitadonato/tcc/tcc/data/known_faces/luan/20260602_211812.jpg,0.7381327637960464,0
/home/anitadonato/tcc/tcc/data/known_faces/JUNIOR/junior_extra_05.jpeg,/home/anitadonato/tcc/tcc/data/known_faces/willa/20260602_212521.jpg,0.8438270898614392,0
/home/anitadonato/tcc/tcc/data/known_faces/Angela/angela_extra_11.jpg,/home/anitadonato/tcc/tcc/data/known_faces/ALESSANDRA/alessandra_extra_02.jpeg,0.6767507365552481,0
/home/anitadonato/tcc/tcc/data/known_faces/bianca/WhatsApp Image 2026-06-04 at 22.53.19.jpeg,/home/anitadonato/tcc/tcc/data/known_faces/willa/willa_moderada_45_30cm.jpg,0.8206373596058186,0
/home/anitadonato/tcc/tcc/data/known_faces/bianca/WhatsApp Image 2026-06-04 at 22.53.18 (4).jpeg,/home/anitadonato/tcc/tcc/data/known_faces/julia/20260602_212633.jpg,0.782626292001827,0
/home/anitadonato/tcc/tcc/data/known_faces/luan/20260602_211845.jpg,/home/anitadonato/tcc/tcc/data/known_faces/willa/willa_baixa_45_30cm.jpg,0.6844242945914131,0
