fpr,tpr,threshold
0.0,0.0,-inf
0.0,0.0,0.019691526889801025
0.0,0.0005096839959225281,0.019771218299865723
0.0,0.0010193679918450561,0.020731747150421143
0.0,0.0015290519877675841,0.02237015962600708
0.0,0.0020387359836901123,0.024968326091766357
0.0,0.0025484199796126403,0.026161015033721924
0.0,0.0030581039755351682,0.02664005756378174
0.0,0.003567787971457696,0.028591156005859375
0.0,0.004077471967380225,0.029386937618255615
0.0,0.0045871559633027525,0.02992802858352661
0.0,0.0050968399592252805,0.033090174198150635
0.0,0.0056065239551478085,0.03333359956741333
0.0,0.0061162079510703364,0.03401833772659302
0.0,0.006625891946992864,0.034159302711486816
0.0,0.007135575942915392,0.03454631567001343
0.0,0.00764525993883792,0.035874128341674805
0.0,0.00815494393476045,0.03784912824630737
0.0,0.008664627930682976,0.038424015045166016
0.0,0.009174311926605505,0.03843569755554199
0.0,0.009683995922528032,0.03858917951583862
0.0,0.010193679918450561,0.039041996002197266
0.0,0.010703363914373088,0.03932809829711914
0.0,0.011213047910295617,0.03941136598587036
0.0,0.011722731906218144,0.03947746753692627
0.0,0.012232415902140673,0.040109992027282715
0.0,0.0127420998980632,0.04015624523162842
0.0,0.013251783893985729,0.040220022201538086
0.0,0.013761467889908258,0.04033970832824707
0.0,0.014271151885830785,0.04049116373062134
0.0,0.014780835881753314,0.04084497690200806
0.0,0.01529051987767584,0.0411410927772522
0.0,0.01580020387359837,0.04195278882980347
0.0,0.0163098878695209,0.04213595390319824
0.0,0.016819571865443424,0.042253732681274414
0.0,0.017329255861365953,0.04252094030380249
0.0,0.01783893985728848,0.04285162687301636
0.0,0.01834862385321101,0.043130576610565186
0.0,0.018858307849133536,0.04344809055328369
0.0,0.019367991845056064,0.04394251108169556
0.0,0.019877675840978593,0.0439947247505188
0.0,0.020387359836901122,0.04445624351501465
0.0,0.02089704383282365,0.04466676712036133
0.0,0.021406727828746176,0.044981420040130615
0.0,0.021916411824668705,0.045153796672821045
0.0,0.022426095820591234,0.045785486698150635
0.0,0.022935779816513763,0.04614222049713135
0.0,0.023445463812436288,0.04622220993041992
0.0,0.023955147808358817,0.046503663063049316
0.0,0.024464831804281346,0.04656928777694702
0.0,0.024974515800203875,0.04696154594421387
0.0,0.0254841997961264,0.04721188545227051
0.0,0.02599388379204893,0.04740780591964722
0.0,0.026503567787971458,0.04757034778594971
0.0,0.027013251783893986,0.04770916700363159
0.0,0.027522935779816515,0.04777759313583374
0.0,0.02803261977573904,0.04826176166534424
0.0,0.02854230377166157,0.04829317331314087
0.0,0.0290519877675841,0.04844868183135986
0.0,0.029561671763506627,0.04849851131439209
0.0,0.030071355759429153,0.04866284132003784
0.0,0.03058103975535168,0.049087584018707275
0.0,0.03109072375127421,0.049251437187194824
0.0,0.03160040774719674,0.04997628927230835
0.0,0.03211009174311927,0.05008041858673096
0.0,0.0326197757390418,0.050268709659576416
0.0,0.033129459734964326,0.050341129302978516
0.0,0.03363914373088685,0.050431013107299805
0.0,0.034148827726809376,0.050888776779174805
0.0,0.034658511722731905,0.0513765811920166
0.0,0.035168195718654434,0.05170196294784546
0.0,0.03567787971457696,0.052033960819244385
0.0,0.03618756371049949,0.05207008123397827
0.0,0.03669724770642202,0.052206337451934814
0.0,0.03720693170234455,0.05232661962509155
0.0,0.03771661569826707,0.0523296594619751
0.0,0.0382262996941896,0.05257260799407959
0.0,0.03873598369011213,0.05300837755203247
0.0,0.03924566768603466,0.05321502685546875
0.0,0.039755351681957186,0.05357682704925537
0.0,0.040265035677879715,0.0536501407623291
0.0,0.040774719673802244,0.05366349220275879
0.0,0.04128440366972477,0.05388748645782471
0.0,0.0417940876656473,0.054440975189208984
0.0,0.042303771661569824,0.05462402105331421
0.0,0.04281345565749235,0.05487269163131714
0.0,0.04332313965341488,0.054919660091400146
0.0,0.04383282364933741,0.055339038372039795
0.0,0.04434250764525994,0.056048035621643066
0.0,0.04485219164118247,0.056069135665893555
0.0,0.045361875637105,0.05618166923522949
0.0,0.045871559633027525,0.056381940841674805
0.0,0.046381243628950054,0.05648982524871826
0.0,0.046890927624872576,0.05676454305648804
0.0,0.047400611620795105,0.056979238986968994
0.0,0.047910295616717634,0.05714404582977295
0.0,0.04841997961264016,0.05728912353515625
0.0,0.04892966360856269,0.05766826868057251
0.0,0.04943934760448522,0.057948291301727295
0.0,0.04994903160040775,0.05798381567001343
0.0,0.05045871559633028,0.05811047554016113
0.0,0.0509683995922528,0.058945417404174805
0.0,0.05147808358817533,0.05926591157913208
0.0,0.05198776758409786,0.05988514423370361
0.0,0.052497451580020386,0.059918999671936035
0.0,0.053007135575942915,0.06024336814880371
0.0,0.053516819571865444,0.060309767723083496
0.0,0.05402650356778797,0.060404062271118164
0.0,0.0545361875637105,0.0607566237449646
0.0,0.05504587155963303,0.06086456775665283
0.0,0.05555555555555555,0.06108278036117554
0.0,0.05606523955147808,0.061129748821258545
0.0,0.05657492354740061,0.061328768730163574
0.0,0.05708460754332314,0.06159818172454834
0.0,0.05759429153924567,0.06176882982254028
0.0,0.0581039755351682,0.061791837215423584
0.0,0.058613659531090725,0.06185281276702881
0.0,0.059123343527013254,0.06186175346374512
0.0,0.05963302752293578,0.06198078393936157
0.0,0.060142711518858305,0.06207895278930664
0.0,0.060652395514780834,0.06210732460021973
0.0,0.06116207951070336,0.062242984771728516
0.0,0.06167176350662589,0.06265020370483398
0.0,0.06218144750254842,0.0627170205116272
0.0,0.06269113149847094,0.06279361248016357
0.0,0.06320081549439348,0.06281685829162598
0.0,0.063710499490316,0.06282293796539307
0.0,0.06422018348623854,0.06285768747329712
0.0,0.06472986748216106,0.06330877542495728
0.0,0.0652395514780836,0.06337010860443115
0.0,0.06574923547400612,0.063670814037323
0.0,0.06625891946992865,0.06394433975219727
0.0,0.06676860346585117,0.06410348415374756
0.0,0.0672782874617737,0.06416523456573486
0.0,0.06778797145769623,0.06461471319198608
0.0,0.06829765545361875,0.06493884325027466
0.0,0.06880733944954129,0.06495743989944458
0.0,0.06931702344546381,0.0649837851524353
0.0,0.06982670744138635,0.06520611047744751
0.0,0.07033639143730887,0.06523644924163818
0.0,0.07084607543323139,0.06529664993286133
0.0,0.07135575942915393,0.06530368328094482
0.0,0.07186544342507645,0.06549841165542603
0.0,0.07237512742099898,0.06559735536575317
0.0,0.0728848114169215,0.06564998626708984
0.0,0.07339449541284404,0.0658879280090332
0.0,0.07390417940876656,0.06605333089828491
0.0,0.0744138634046891,0.06629502773284912
0.0,0.07492354740061162,0.06634950637817383
0.0,0.07543323139653414,0.0663982629776001
0.0,0.07594291539245668,0.0664098858833313
0.0,0.0764525993883792,0.06649118661880493
0.0,0.07696228338430174,0.06655484437942505
0.0,0.07747196738022426,0.06658834218978882
0.0,0.0779816513761468,0.06673252582550049
0.0,0.07849133537206932,0.06695765256881714
0.0,0.07900101936799185,0.06701219081878662
0.0,0.07951070336391437,0.06704723834991455
0.0,0.0800203873598369,0.06712508201599121
0.0,0.08053007135575943,0.06714683771133423
0.0,0.08103975535168195,0.06751036643981934
0.0,0.08154943934760449,0.06755846738815308
0.0,0.08205912334352701,0.06763362884521484
0.0,0.08256880733944955,0.0678907036781311
0.0,0.08307849133537207,0.06806248426437378
0.0,0.0835881753312946,0.06812965869903564
0.0,0.08409785932721713,0.0681833028793335
0.0,0.08460754332313965,0.0681840181350708
0.0,0.08511722731906218,0.06828492879867554
0.0,0.0856269113149847,0.06846773624420166
0.0,0.08613659531090724,0.06906384229660034
0.0,0.08664627930682976,0.06912797689437866
0.0,0.0871559633027523,0.06934833526611328
0.0,0.08766564729867482,0.06944411993026733
0.0,0.08817533129459736,0.06951737403869629
0.0,0.08868501529051988,0.06952923536300659
0.0,0.0891946992864424,0.06954044103622437
0.0,0.08970438328236494,0.06978654861450195
0.0,0.09021406727828746,0.06981223821640015
0.0,0.09072375127421,0.06992453336715698
0.0,0.09123343527013252,0.07021015882492065
0.0,0.09174311926605505,0.07022583484649658
0.0,0.09225280326197757,0.07034367322921753
0.0,0.09276248725790011,0.07044470310211182
0.0,0.09327217125382263,0.07046794891357422
0.0,0.09378185524974515,0.07048189640045166
0.0,0.09429153924566769,0.07050275802612305
0.0,0.09480122324159021,0.07052749395370483
0.0,0.09531090723751275,0.07063227891921997
0.0,0.09582059123343527,0.07065016031265259
0.0,0.0963302752293578,0.07067888975143433
0.0,0.09683995922528033,0.0707007646560669
0.0,0.09734964322120285,0.0708497166633606
0.0,0.09785932721712538,0.07103604078292847
0.0,0.0983690112130479,0.07111942768096924
0.0,0.09887869520897044,0.07122021913528442
0.0,0.09938837920489296,0.07123053073883057
0.0,0.0998980632008155,0.07141876220703125
0.0,0.10040774719673802,0.07154726982116699
0.0,0.10091743119266056,0.0717083215713501
0.0,0.10142711518858308,0.07172399759292603
0.0,0.1019367991845056,0.07176506519317627
0.0,0.10244648318042814,0.07204890251159668
0.0,0.10295616717635066,0.07222574949264526
0.0,0.1034658511722732,0.07231289148330688
0.0,0.10397553516819572,0.0723537802696228
0.0,0.10448521916411825,0.07244783639907837
0.0,0.10499490316004077,0.07245415449142456
0.0,0.10550458715596331,0.07248163223266602
0.0,0.10601427115188583,0.07258731126785278
0.0,0.10652395514780835,0.07291674613952637
0.0,0.10703363914373089,0.07293462753295898
0.0,0.10754332313965341,0.07295310497283936
0.0,0.10805300713557595,0.07300257682800293
0.0,0.10856269113149847,0.07312166690826416
0.0,0.109072375127421,0.07317692041397095
0.0,0.10958205912334353,0.07349133491516113
0.0,0.11009174311926606,0.07349956035614014
0.0,0.11060142711518858,0.07371574640274048
0.0,0.1111111111111111,0.07378029823303223
0.0,0.11162079510703364,0.07382190227508545
0.0,0.11213047910295616,0.07382261753082275
0.0,0.1126401630988787,0.07396155595779419
0.0,0.11314984709480122,0.07400703430175781
0.0,0.11365953109072376,0.07407313585281372
0.0,0.11416921508664628,0.07413405179977417
0.0,0.11467889908256881,0.07427316904067993
0.0,0.11518858307849134,0.0743643045425415
0.0,0.11569826707441386,0.07440131902694702
0.0,0.1162079510703364,0.07441490888595581
0.0,0.11671763506625892,0.07442724704742432
0.0005060728744939271,0.11671763506625892,0.07453793287277222
0.0005060728744939271,0.11722731906218145,0.07458406686782837
0.0005060728744939271,0.11773700305810397,0.07458525896072388
0.0005060728744939271,0.11824668705402651,0.07478141784667969
0.0005060728744939271,0.11875637104994903,0.07502621412277222
0.0005060728744939271,0.11926605504587157,0.0751757025718689
0.0005060728744939271,0.11977573904179409,0.07547098398208618
0.0005060728744939271,0.12028542303771661,0.07550573348999023
0.0005060728744939271,0.12079510703363915,0.07574522495269775
0.0005060728744939271,0.12130479102956167,0.07575303316116333
0.0005060728744939271,0.1218144750254842,0.0760684609413147
0.0005060728744939271,0.12232415902140673,0.07624167203903198
0.0005060728744939271,0.12283384301732926,0.07626688480377197
0.0005060728744939271,0.12334352701325178,0.0762835144996643
0.0005060728744939271,0.12385321100917432,0.0765690803527832
0.0005060728744939271,0.12436289500509684,0.07659542560577393
0.0005060728744939271,0.12487257900101936,0.07671892642974854
0.0005060728744939271,0.12538226299694188,0.07676869630813599
0.0005060728744939271,0.12589194699286443,0.07679063081741333
0.0005060728744939271,0.12640163098878696,0.07684314250946045
0.0005060728744939271,0.12691131498470948,0.07691836357116699
0.0005060728744939271,0.127420998980632,0.07700926065444946
0.0005060728744939271,0.12793068297655455,0.07709074020385742
0.0005060728744939271,0.12844036697247707,0.07711082696914673
0.0005060728744939271,0.1289500509683996,0.07715457677841187
0.0005060728744939271,0.12945973496432212,0.07730507850646973
0.0005060728744939271,0.12996941896024464,0.07774472236633301
0.0005060728744939271,0.1304791029561672,0.07778102159500122
0.0005060728744939271,0.1309887869520897,0.07779061794281006
0.0005060728744939271,0.13149847094801223,0.07791197299957275
0.0005060728744939271,0.13200815494393475,0.07792270183563232
0.0005060728744939271,0.1325178389398573,0.0781177282333374
0.0005060728744939271,0.13302752293577982,0.07813054323196411
0.0005060728744939271,0.13353720693170235,0.07821792364120483
0.0005060728744939271,0.13404689092762487,0.07829856872558594
0.0005060728744939271,0.1345565749235474,0.07830679416656494
0.0005060728744939271,0.13506625891946994,0.07836288213729858
0.0005060728744939271,0.13557594291539246,0.07857513427734375
0.0005060728744939271,0.13608562691131498,0.07881450653076172
0.0005060728744939271,0.1365953109072375,0.07901275157928467
0.0005060728744939271,0.13710499490316005,0.07918059825897217
0.0005060728744939271,0.13761467889908258,0.07927948236465454
0.0005060728744939271,0.1381243628950051,0.07947087287902832
0.0005060728744939271,0.13863404689092762,0.0794948935508728
0.0005060728744939271,0.13914373088685014,0.07949936389923096
0.0005060728744939271,0.1396534148827727,0.07950758934020996
0.0005060728744939271,0.1401630988786952,0.07967507839202881
0.0005060728744939271,0.14067278287461774,0.07975149154663086
0.0005060728744939271,0.14118246687054026,0.07985097169876099
0.0005060728744939271,0.14169215086646278,0.08001983165740967
0.0005060728744939271,0.14220183486238533,0.08003175258636475
0.0005060728744939271,0.14271151885830785,0.08004933595657349
0.0005060728744939271,0.14322120285423037,0.08016461133956909
0.0005060728744939271,0.1437308868501529,0.08047527074813843
0.0005060728744939271,0.14424057084607544,0.08061861991882324
0.0005060728744939271,0.14475025484199797,0.08064645528793335
0.0005060728744939271,0.1452599388379205,0.08077383041381836
0.0005060728744939271,0.145769622833843,0.0808219313621521
0.0005060728744939271,0.14627930682976553,0.08084374666213989
0.0005060728744939271,0.14678899082568808,0.08089607954025269
0.0005060728744939271,0.1472986748216106,0.0809241533279419
0.0005060728744939271,0.14780835881753313,0.0810425877571106
0.0005060728744939271,0.14831804281345565,0.08108335733413696
0.0005060728744939271,0.1488277268093782,0.08114635944366455
0.0005060728744939271,0.14933741080530072,0.08122944831848145
0.0005060728744939271,0.14984709480122324,0.08127498626708984
0.0005060728744939271,0.15035677879714576,0.08131051063537598
0.0005060728744939271,0.15086646279306828,0.0814787745475769
0.0005060728744939271,0.15137614678899083,0.0816909670829773
0.0005060728744939271,0.15188583078491336,0.08175927400588989
0.0005060728744939271,0.15239551478083588,0.0819540023803711
0.0005060728744939271,0.1529051987767584,0.0820574164390564
0.0005060728744939271,0.15341488277268095,0.08207625150680542
0.0005060728744939271,0.15392456676860347,0.08221018314361572
0.0005060728744939271,0.154434250764526,0.08225971460342407
0.0005060728744939271,0.15494393476044852,0.082305908203125
0.0005060728744939271,0.15545361875637104,0.08231401443481445
0.0005060728744939271,0.1559633027522936,0.0825621485710144
0.0005060728744939271,0.1564729867482161,0.08261185884475708
0.0005060728744939271,0.15698267074413863,0.08288401365280151
0.0005060728744939271,0.15749235474006115,0.08299469947814941
0.0005060728744939271,0.1580020387359837,0.08300399780273438
0.0005060728744939271,0.15851172273190622,0.0830429196357727
0.0005060728744939271,0.15902140672782875,0.08328026533126831
0.0005060728744939271,0.15953109072375127,0.08329892158508301
0.0005060728744939271,0.1600407747196738,0.08344519138336182
0.0005060728744939271,0.16055045871559634,0.08348017930984497
0.0005060728744939271,0.16106014271151886,0.08349382877349854
0.0005060728744939271,0.16156982670744138,0.08367341756820679
0.0005060728744939271,0.1620795107033639,0.08384710550308228
0.0005060728744939271,0.16258919469928645,0.08384966850280762
0.0005060728744939271,0.16309887869520898,0.08389288187026978
0.0010121457489878543,0.16309887869520898,0.08390754461288452
0.0010121457489878543,0.1636085626911315,0.08396422863006592
0.0010121457489878543,0.16411824668705402,0.08400768041610718
0.0015182186234817814,0.16411824668705402,0.08401447534561157
0.0015182186234817814,0.16462793068297654,0.08423107862472534
0.0025303643724696357,0.16462793068297654,0.08423322439193726
0.0025303643724696357,0.1651376146788991,0.08426225185394287
0.0025303643724696357,0.1656472986748216,0.08452314138412476
0.0025303643724696357,0.16615698267074414,0.08455681800842285
0.0025303643724696357,0.16666666666666666,0.08471560478210449
0.0025303643724696357,0.1671763506625892,0.0847436785697937
0.0025303643724696357,0.16768603465851173,0.08479553461074829
0.0025303643724696357,0.16819571865443425,0.08483976125717163
0.0025303643724696357,0.16870540265035677,0.08489930629730225
0.0025303643724696357,0.1692150866462793,0.08493006229400635
0.0025303643724696357,0.16972477064220184,0.08501851558685303
0.0025303643724696357,0.17023445463812437,0.0850449800491333
0.0025303643724696357,0.1707441386340469,0.08506715297698975
0.0025303643724696357,0.1712538226299694,0.08514368534088135
0.0025303643724696357,0.17176350662589196,0.08514612913131714
0.0025303643724696357,0.17227319062181448,0.08526527881622314
0.0025303643724696357,0.172782874617737,0.08537042140960693
0.0025303643724696357,0.17329255861365953,0.08549743890762329
0.0025303643724696357,0.17380224260958205,0.08556151390075684
0.0025303643724696357,0.1743119266055046,0.085665762424469
0.0025303643724696357,0.17482161060142712,0.08566838502883911
0.0025303643724696357,0.17533129459734964,0.08567965030670166
0.0025303643724696357,0.17584097859327216,0.08569347858428955
0.0025303643724696357,0.1763506625891947,0.08571052551269531
0.0025303643724696357,0.17686034658511723,0.08572810888290405
0.0025303643724696357,0.17737003058103976,0.08579069375991821
0.0025303643724696357,0.17787971457696228,0.08584195375442505
0.0025303643724696357,0.1783893985728848,0.08624029159545898
0.0025303643724696357,0.17889908256880735,0.08632630109786987
0.0025303643724696357,0.17940876656472987,0.08649593591690063
0.0025303643724696357,0.1799184505606524,0.0868033766746521
0.0025303643724696357,0.18042813455657492,0.08710098266601562
0.0025303643724696357,0.18093781855249746,0.0872265100479126
0.0025303643724696357,0.18144750254842,0.08730202913284302
0.0025303643724696357,0.1819571865443425,0.08733576536178589
0.0025303643724696357,0.18246687054026503,0.08737713098526001
0.0025303643724696357,0.18297655453618755,0.08740556240081787
0.0025303643724696357,0.1834862385321101,0.08758574724197388
0.0025303643724696357,0.18399592252803262,0.0876772403717041
0.0025303643724696357,0.18450560652395515,0.08779877424240112
0.0025303643724696357,0.18501529051987767,0.08805447816848755
0.0025303643724696357,0.18552497451580022,0.0881006121635437
0.0025303643724696357,0.18603465851172274,0.08812445402145386
0.0025303643724696357,0.18654434250764526,0.08824020624160767
0.0025303643724696357,0.18705402650356778,0.08837300539016724
0.0025303643724696357,0.1875637104994903,0.0883743166923523
0.003036437246963563,0.1875637104994903,0.08838558197021484
0.003036437246963563,0.18807339449541285,0.08841359615325928
0.003036437246963563,0.18858307849133538,0.08843940496444702
0.003036437246963563,0.1890927624872579,0.08879435062408447
0.003036437246963563,0.18960244648318042,0.08894014358520508
0.003036437246963563,0.19011213047910297,0.08894801139831543
0.003036437246963563,0.1906218144750255,0.08910030126571655
0.003036437246963563,0.191131498470948,0.08943796157836914
0.003036437246963563,0.19164118246687054,0.08948636054992676
0.003036437246963563,0.19215086646279306,0.08949816226959229
0.00354251012145749,0.19215086646279306,0.08957302570343018
0.00354251012145749,0.1926605504587156,0.08957618474960327
0.00354251012145749,0.19317023445463813,0.08965831995010376
0.00354251012145749,0.19367991845056065,0.08975529670715332
0.00354251012145749,0.19418960244648317,0.08978533744812012
0.00354251012145749,0.1946992864424057,0.0899428129196167
0.00354251012145749,0.19520897043832824,0.0901075005531311
0.00354251012145749,0.19571865443425077,0.0901380181312561
0.00354251012145749,0.1962283384301733,0.09020447731018066
0.00354251012145749,0.1967380224260958,0.09034222364425659
0.00354251012145749,0.19724770642201836,0.09034925699234009
0.00354251012145749,0.19775739041794088,0.09040963649749756
0.00354251012145749,0.1982670744138634,0.09069734811782837
0.004048582995951417,0.1982670744138634,0.09085065126419067
0.004048582995951417,0.19877675840978593,0.09088188409805298
0.004048582995951417,0.19928644240570845,0.090984046459198
0.004048582995951417,0.199796126401631,0.09100687503814697
0.004048582995951417,0.20030581039755352,0.09130698442459106
0.004048582995951417,0.20081549439347604,0.09137332439422607
0.004048582995951417,0.20132517838939856,0.09142434597015381
0.004048582995951417,0.2018348623853211,0.09170764684677124
0.004048582995951417,0.20234454638124363,0.09175646305084229
0.004048582995951417,0.20285423037716616,0.09176880121231079
0.004048582995951417,0.20336391437308868,0.0918545126914978
0.004048582995951417,0.2038735983690112,0.09195500612258911
0.004048582995951417,0.20438328236493375,0.0920446515083313
0.004048582995951417,0.20489296636085627,0.09208273887634277
0.004554655870445344,0.20489296636085627,0.09209567308425903
0.004554655870445344,0.2054026503567788,0.09213048219680786
0.004554655870445344,0.20591233435270132,0.09216475486755371
0.004554655870445344,0.20642201834862386,0.09222167730331421
0.004554655870445344,0.2069317023445464,0.0922231674194336
0.004554655870445344,0.2074413863404689,0.09253543615341187
0.004554655870445344,0.20795107033639143,0.0926019549369812
0.004554655870445344,0.20846075433231395,0.09261751174926758
0.005060728744939271,0.20846075433231395,0.09262043237686157
0.005060728744939271,0.2089704383282365,0.09276890754699707
0.005060728744939271,0.20948012232415902,0.09283161163330078
0.005060728744939271,0.20998980632008155,0.0929025411605835
0.005060728744939271,0.21049949031600407,0.09291350841522217
0.005060728744939271,0.21100917431192662,0.09294319152832031
0.005060728744939271,0.21151885830784914,0.09315180778503418
0.005060728744939271,0.21202854230377166,0.09316086769104004
0.005060728744939271,0.21253822629969418,0.0933566689491272
0.005566801619433198,0.21253822629969418,0.0937376618385315
0.005566801619433198,0.2130479102956167,0.09394335746765137
0.005566801619433198,0.21355759429153925,0.09400910139083862
0.005566801619433198,0.21406727828746178,0.09403562545776367
0.005566801619433198,0.2145769622833843,0.09420841932296753
0.005566801619433198,0.21508664627930682,0.09436172246932983
0.005566801619433198,0.21559633027522937,0.09441334009170532
0.006072874493927126,0.21559633027522937,0.09451818466186523
0.006072874493927126,0.2161060142711519,0.09453469514846802
0.006072874493927126,0.2166156982670744,0.09467679262161255
0.006578947368421052,0.2166156982670744,0.09483295679092407
0.006578947368421052,0.21712538226299694,0.09489011764526367
0.00708502024291498,0.21712538226299694,0.09492719173431396
0.00708502024291498,0.21763506625891946,0.09500038623809814
0.0075910931174089065,0.21763506625891946,0.09506666660308838
0.0075910931174089065,0.218144750254842,0.09510934352874756
0.0075910931174089065,0.21865443425076453,0.09517747163772583
0.0075910931174089065,0.21916411824668705,0.09523862600326538
0.0075910931174089065,0.21967380224260957,0.09526675939559937
0.0075910931174089065,0.22018348623853212,0.09535956382751465
0.0075910931174089065,0.22069317023445464,0.09538298845291138
0.0075910931174089065,0.22120285423037717,0.09545105695724487
0.0075910931174089065,0.2217125382262997,0.09545290470123291
0.0075910931174089065,0.2222222222222222,0.09559565782546997
0.0075910931174089065,0.22273190621814476,0.09560489654541016
0.0075910931174089065,0.22324159021406728,0.09568619728088379
0.0075910931174089065,0.2237512742099898,0.09579694271087646
0.0075910931174089065,0.22426095820591233,0.09581995010375977
0.0075910931174089065,0.22477064220183487,0.0958787202835083
0.0075910931174089065,0.2252803261977574,0.09593772888183594
0.0075910931174089065,0.22579001019367992,0.0960426926612854
0.0075910931174089065,0.22629969418960244,0.09623336791992188
0.0075910931174089065,0.22680937818552496,0.0963057279586792
0.0075910931174089065,0.2273190621814475,0.0963747501373291
0.0075910931174089065,0.22782874617737003,0.09639424085617065
0.0075910931174089065,0.22833843017329256,0.09662061929702759
0.0075910931174089065,0.22884811416921508,0.09667646884918213
0.0075910931174089065,0.22935779816513763,0.09701049327850342
0.0075910931174089065,0.22986748216106015,0.09702682495117188
0.0075910931174089065,0.23037716615698267,0.09715390205383301
0.0075910931174089065,0.2308868501529052,0.09725284576416016
0.0075910931174089065,0.23139653414882771,0.09741199016571045
0.008097165991902834,0.23139653414882771,0.09751337766647339
0.00860323886639676,0.23139653414882771,0.0977981686592102
0.00860323886639676,0.23190621814475026,0.09780794382095337
0.00860323886639676,0.2324159021406728,0.09781408309936523
0.00860323886639676,0.2329255861365953,0.09782016277313232
0.00860323886639676,0.23343527013251783,0.09792548418045044
0.00860323886639676,0.23394495412844038,0.09798640012741089
0.00860323886639676,0.2344546381243629,0.09802800416946411
0.00860323886639676,0.23496432212028542,0.09813541173934937
0.00860323886639676,0.23547400611620795,0.09816652536392212
0.009109311740890687,0.23547400611620795,0.09825003147125244
0.009109311740890687,0.23598369011213047,0.0982518196105957
0.009109311740890687,0.23649337410805302,0.0985257625579834
0.009109311740890687,0.23700305810397554,0.09860575199127197
0.009109311740890687,0.23751274209989806,0.09878826141357422
0.009615384615384616,0.23751274209989806,0.09879529476165771
0.009615384615384616,0.23802242609582058,0.0988113284111023
0.010121457489878543,0.23802242609582058,0.09889042377471924
0.010121457489878543,0.23853211009174313,0.09889090061187744
0.01062753036437247,0.23853211009174313,0.09897983074188232
0.01062753036437247,0.23904179408766565,0.09899133443832397
0.01062753036437247,0.23955147808358818,0.0990486741065979
0.01062753036437247,0.2400611620795107,0.09915238618850708
0.01062753036437247,0.24057084607543322,0.09919184446334839
0.01062753036437247,0.24108053007135577,0.09920012950897217
0.01062753036437247,0.2415902140672783,0.09923583269119263
0.01062753036437247,0.2420998980632008,0.09926408529281616
0.01062753036437247,0.24260958205912334,0.09932786226272583
0.011133603238866396,0.24260958205912334,0.09933918714523315
0.011639676113360324,0.24260958205912334,0.09949249029159546
0.011639676113360324,0.24311926605504589,0.09984970092773438
0.012145748987854251,0.24311926605504589,0.0998603105545044
0.012651821862348178,0.24311926605504589,0.10017210245132446
0.012651821862348178,0.2436289500509684,0.10024434328079224
0.012651821862348178,0.24413863404689093,0.10047656297683716
0.012651821862348178,0.24464831804281345,0.10087943077087402
0.013157894736842105,0.24464831804281345,0.10089242458343506
0.013157894736842105,0.24515800203873597,0.10104018449783325
0.013157894736842105,0.24566768603465852,0.10116410255432129
0.013157894736842105,0.24617737003058104,0.10141551494598389
0.013157894736842105,0.24668705402650357,0.10143208503723145
0.013663967611336033,0.24668705402650357,0.1014711856842041
0.01417004048582996,0.24668705402650357,0.1015062928199768
0.014676113360323886,0.24668705402650357,0.10154259204864502
0.014676113360323886,0.2471967380224261,0.1015661358833313
0.014676113360323886,0.24770642201834864,0.10171210765838623
0.014676113360323886,0.24821610601427116,0.10186600685119629
0.014676113360323886,0.24872579001019368,0.10196810960769653
0.015182186234817813,0.24872579001019368,0.10200667381286621
0.01568825910931174,0.24872579001019368,0.10223233699798584
0.016194331983805668,0.24872579001019368,0.10225296020507812
0.016194331983805668,0.2492354740061162,0.10253864526748657
0.016700404858299597,0.2492354740061162,0.10269123315811157
0.016700404858299597,0.24974515800203873,0.10270947217941284
0.016700404858299597,0.2502548419979613,0.10275697708129883
0.01720647773279352,0.2502548419979613,0.10281926393508911
0.01771255060728745,0.2502548419979613,0.10300469398498535
0.01771255060728745,0.25076452599388377,0.1031145453453064
0.01771255060728745,0.2512742099898063,0.10321652889251709
0.018218623481781375,0.2512742099898063,0.1032373309135437
0.018218623481781375,0.25178389398572887,0.10334450006484985
0.018218623481781375,0.25229357798165136,0.10337799787521362
0.018218623481781375,0.2528032619775739,0.10338443517684937
0.018218623481781375,0.2533129459734964,0.10339492559432983
0.018218623481781375,0.25382262996941896,0.1034817099571228
0.018218623481781375,0.2543323139653415,0.10366511344909668
0.018218623481781375,0.254841997961264,0.10381853580474854
0.018218623481781375,0.25535168195718655,0.10393261909484863
0.018218623481781375,0.2558613659531091,0.10393619537353516
0.018218623481781375,0.2563710499490316,0.10403406620025635
0.018218623481781375,0.25688073394495414,0.10403597354888916
0.018218623481781375,0.25739041794087664,0.10405558347702026
0.018218623481781375,0.2579001019367992,0.1041979193687439
0.019230769230769232,0.2579001019367992,0.10442626476287842
0.019736842105263157,0.2579001019367992,0.10448557138442993
0.019736842105263157,0.25840978593272174,0.10450941324234009
0.019736842105263157,0.25891946992864423,0.10456264019012451
0.020242914979757085,0.25891946992864423,0.1045951247215271
0.020242914979757085,0.2594291539245668,0.10477715730667114
0.020242914979757085,0.2599388379204893,0.10480594635009766
0.020242914979757085,0.2604485219164118,0.10484933853149414
0.020242914979757085,0.2609582059123344,0.10485368967056274
0.020242914979757085,0.26146788990825687,0.10500937700271606
0.020242914979757085,0.2619775739041794,0.10508954524993896
0.020748987854251014,0.2619775739041794,0.10520708560943604
0.02125506072874494,0.2619775739041794,0.10523766279220581
0.021761133603238867,0.2619775739041794,0.10527956485748291
0.022267206477732792,0.2619775739041794,0.10529261827468872
0.022267206477732792,0.2624872579001019,0.10529369115829468
0.022267206477732792,0.26299694189602446,0.10534781217575073
0.022267206477732792,0.263506625891947,0.10539418458938599
0.022267206477732792,0.2640163098878695,0.10550940036773682
0.02277327935222672,0.2640163098878695,0.10553306341171265
0.02327935222672065,0.2640163098878695,0.10558503866195679
0.02327935222672065,0.26452599388379205,0.10567277669906616
0.02327935222672065,0.2650356778797146,0.1056891679763794
0.023785425101214574,0.2650356778797146,0.10576963424682617
0.023785425101214574,0.2655453618756371,0.10594165325164795
0.024291497975708502,0.2655453618756371,0.106070876121521
0.02479757085020243,0.2655453618756371,0.10618966817855835
0.02479757085020243,0.26605504587155965,0.10621625185012817
0.02479757085020243,0.26656472986748214,0.10633820295333862
0.025303643724696356,0.26656472986748214,0.10639327764511108
0.025809716599190284,0.26656472986748214,0.1064346432685852
0.02631578947368421,0.26656472986748214,0.10648369789123535
0.02631578947368421,0.2670744138634047,0.10651850700378418
0.026821862348178137,0.2670744138634047,0.10660004615783691
0.026821862348178137,0.26758409785932724,0.10661947727203369
0.026821862348178137,0.26809378185524974,0.10663712024688721
0.026821862348178137,0.2686034658511723,0.10680246353149414
0.02783400809716599,0.2686034658511723,0.10721582174301147
0.02783400809716599,0.2691131498470948,0.10725104808807373
0.02783400809716599,0.26962283384301733,0.1072649359703064
0.02783400809716599,0.2701325178389399,0.10734236240386963
0.02783400809716599,0.2706422018348624,0.10754179954528809
0.02834008097165992,0.2706422018348624,0.10759913921356201
0.02834008097165992,0.2711518858307849,0.10764306783676147
0.028846153846153848,0.2711518858307849,0.10780072212219238
0.028846153846153848,0.2716615698267074,0.10789209604263306
0.0298582995951417,0.2716615698267074,0.1079411506652832
0.030364372469635626,0.2716615698267074,0.10801911354064941
0.030364372469635626,0.27217125382262997,0.10808008909225464
0.030364372469635626,0.2726809378185525,0.10828930139541626
0.030870445344129555,0.2726809378185525,0.1084219217300415
0.03137651821862348,0.2726809378185525,0.10845637321472168
0.03137651821862348,0.273190621814475,0.1084638237953186
0.03137651821862348,0.27370030581039756,0.10858780145645142
0.03137651821862348,0.2742099898063201,0.10862624645233154
0.03137651821862348,0.2747196738022426,0.10881763696670532
0.03188259109311741,0.2747196738022426,0.10886025428771973
0.032388663967611336,0.2747196738022426,0.10902988910675049
0.032388663967611336,0.27522935779816515,0.10922938585281372
0.032388663967611336,0.27573904179408765,0.10925513505935669
0.032388663967611336,0.2762487257900102,0.10933256149291992
0.032388663967611336,0.27675840978593275,0.10941940546035767
0.03289473684210526,0.27675840978593275,0.10947883129119873
0.03289473684210526,0.27726809378185524,0.10955137014389038
0.03289473684210526,0.2777777777777778,0.10962367057800293
0.03289473684210526,0.2782874617737003,0.10964208841323853
0.03289473684210526,0.27879714576962283,0.10965734720230103
0.03289473684210526,0.2793068297655454,0.10966414213180542
0.03340080971659919,0.2793068297655454,0.10968595743179321
0.03340080971659919,0.2798165137614679,0.10979372262954712
0.03390688259109312,0.2798165137614679,0.10980993509292603
0.03441295546558704,0.2798165137614679,0.10983997583389282
0.03441295546558704,0.2803261977573904,0.10990762710571289
0.03441295546558704,0.2808358817533129,0.11007082462310791
0.034919028340080975,0.2808358817533129,0.11016404628753662
0.034919028340080975,0.28134556574923547,0.11032348871231079
0.034919028340080975,0.281855249745158,0.11041915416717529
0.034919028340080975,0.2823649337410805,0.11058497428894043
0.034919028340080975,0.28287461773700306,0.11061745882034302
0.034919028340080975,0.28338430173292556,0.11063259840011597
0.034919028340080975,0.2838939857288481,0.11067301034927368
0.034919028340080975,0.28440366972477066,0.11076676845550537
0.0354251012145749,0.28440366972477066,0.11082261800765991
0.0354251012145749,0.28491335372069315,0.11086046695709229
0.0354251012145749,0.2854230377166157,0.11087346076965332
0.035931174089068825,0.2854230377166157,0.1110333800315857
0.035931174089068825,0.28593272171253825,0.11118847131729126
0.035931174089068825,0.28644240570846075,0.11122018098831177
0.03643724696356275,0.28644240570846075,0.11122828722000122
0.03694331983805668,0.28644240570846075,0.11133503913879395
0.03694331983805668,0.2869520897043833,0.11148053407669067
0.03744939271255061,0.2869520897043833,0.11149168014526367
0.03795546558704453,0.2869520897043833,0.11167299747467041
0.03795546558704453,0.2874617737003058,0.11171185970306396
0.038461538461538464,0.2874617737003058,0.11190241575241089
0.03896761133603239,0.2874617737003058,0.11191672086715698
0.039473684210526314,0.2874617737003058,0.11191725730895996
0.039473684210526314,0.28797145769622834,0.11202740669250488
0.039473684210526314,0.2884811416921509,0.11204874515533447
0.039979757085020245,0.2884811416921509,0.11205708980560303
0.039979757085020245,0.2889908256880734,0.11213666200637817
0.04048582995951417,0.2889908256880734,0.11218571662902832
0.040991902834008095,0.2889908256880734,0.11220657825469971
0.040991902834008095,0.28950050968399593,0.11234968900680542
0.04149797570850203,0.28950050968399593,0.11240559816360474
0.04200404858299595,0.28950050968399593,0.11244815587997437
0.04251012145748988,0.28950050968399593,0.11246442794799805
0.04251012145748988,0.2900101936799184,0.1125141978263855
0.0430161943319838,0.2900101936799184,0.11259835958480835
0.043522267206477734,0.2900101936799184,0.11265194416046143
0.043522267206477734,0.290519877675841,0.11271685361862183
0.04402834008097166,0.290519877675841,0.11298608779907227
0.04402834008097166,0.2910295616717635,0.1130368709564209
0.044534412955465584,0.2910295616717635,0.11312603950500488
0.044534412955465584,0.291539245667686,0.11318343877792358
0.044534412955465584,0.29204892966360857,0.11319178342819214
0.044534412955465584,0.29255861365953106,0.11325860023498535
0.044534412955465584,0.2930682976554536,0.11336159706115723
0.044534412955465584,0.29357798165137616,0.11346381902694702
0.044534412955465584,0.29408766564729866,0.11352884769439697
0.044534412955465584,0.2945973496432212,0.1135367751121521
0.044534412955465584,0.29510703363914376,0.11361479759216309
0.045040485829959516,0.29510703363914376,0.11368632316589355
0.045040485829959516,0.29561671763506625,0.11371290683746338
0.045040485829959516,0.2961264016309888,0.11373060941696167
0.045040485829959516,0.2966360856269113,0.11374479532241821
0.045040485829959516,0.29714576962283384,0.11376076936721802
0.045040485829959516,0.2976554536187564,0.11377304792404175
0.04554655870445344,0.2976554536187564,0.11384552717208862
0.046052631578947366,0.2976554536187564,0.1138613224029541
0.0465587044534413,0.2976554536187564,0.1139376163482666
0.04706477732793522,0.2976554536187564,0.11399728059768677
0.04706477732793522,0.2981651376146789,0.11402153968811035
0.04706477732793522,0.29867482161060144,0.11411803960800171
0.04757085020242915,0.29867482161060144,0.1141664981842041
0.04757085020242915,0.29918450560652393,0.11419552564620972
0.04807692307692308,0.29918450560652393,0.11420899629592896
0.04807692307692308,0.2996941896024465,0.11423420906066895
0.04807692307692308,0.30020387359836903,0.11431485414505005
0.04807692307692308,0.3007135575942915,0.11432045698165894
0.04807692307692308,0.3012232415902141,0.11436092853546143
0.04807692307692308,0.30173292558613657,0.1144493818283081
0.04908906882591093,0.30173292558613657,0.11450976133346558
0.04959514170040486,0.30173292558613657,0.11453676223754883
0.050101214574898786,0.30173292558613657,0.11465352773666382
0.05060728744939271,0.30173292558613657,0.11482453346252441
0.05060728744939271,0.3022426095820591,0.11497139930725098
0.05060728744939271,0.30275229357798167,0.11499816179275513
0.05060728744939271,0.30326197757390416,0.11504614353179932
0.05060728744939271,0.3037716615698267,0.1150822639465332
0.05060728744939271,0.30428134556574926,0.11508744955062866
0.05060728744939271,0.30479102956167176,0.11518162488937378
0.05060728744939271,0.3053007135575943,0.11520940065383911
0.05060728744939271,0.3058103975535168,0.11525571346282959
0.051113360323886636,0.3058103975535168,0.11529141664505005
0.051113360323886636,0.30632008154943935,0.11555427312850952
0.05161943319838057,0.30632008154943935,0.11566227674484253
0.05212550607287449,0.30632008154943935,0.1157381534576416
0.05263157894736842,0.30632008154943935,0.11578774452209473
0.05313765182186235,0.30632008154943935,0.11587339639663696
0.05313765182186235,0.3068297655453619,0.11600595712661743
0.053643724696356275,0.3068297655453619,0.11600887775421143
0.0541497975708502,0.3068297655453619,0.11611133813858032
0.05465587044534413,0.3068297655453619,0.11624932289123535
0.05465587044534413,0.3073394495412844,0.11638891696929932
0.05465587044534413,0.30784913353720694,0.116463303565979
0.05516194331983806,0.30784913353720694,0.11656785011291504
0.05566801619433198,0.30784913353720694,0.11661714315414429
0.05566801619433198,0.30835881753312944,0.11663997173309326
0.05566801619433198,0.308868501529052,0.11665385961532593
0.05566801619433198,0.30937818552497454,0.11668121814727783
0.056174089068825914,0.30937818552497454,0.11673760414123535
0.056174089068825914,0.30988786952089703,0.11678200960159302
0.05668016194331984,0.30988786952089703,0.11685627698898315
0.057186234817813764,0.30988786952089703,0.1168627142906189
0.057186234817813764,0.3103975535168196,0.11687231063842773
0.057186234817813764,0.3109072375127421,0.11692267656326294
0.057186234817813764,0.3114169215086646,0.11694198846817017
0.057692307692307696,0.3114169215086646,0.11696308851242065
0.05819838056680162,0.3114169215086646,0.11721289157867432
0.05819838056680162,0.3119266055045872,0.11736053228378296
0.058704453441295545,0.3119266055045872,0.11737102270126343
0.058704453441295545,0.31243628950050967,0.11737316846847534
0.058704453441295545,0.3129459734964322,0.11737406253814697
0.05921052631578947,0.3129459734964322,0.1173774003982544
0.0597165991902834,0.3129459734964322,0.11738282442092896
0.0597165991902834,0.31345565749235477,0.11741644144058228
0.0597165991902834,0.31396534148827726,0.11742734909057617
0.0597165991902834,0.3144750254841998,0.1174660325050354
0.0597165991902834,0.3149847094801223,0.11749327182769775
0.0597165991902834,0.31549439347604485,0.11788725852966309
0.0597165991902834,0.3160040774719674,0.11791861057281494
0.06022267206477733,0.3160040774719674,0.11796611547470093
0.06072874493927125,0.3160040774719674,0.11801028251647949
0.06072874493927125,0.3165137614678899,0.11807376146316528
0.06072874493927125,0.31702344546381245,0.11817318201065063
0.061234817813765184,0.31702344546381245,0.11836612224578857
0.06174089068825911,0.31702344546381245,0.11838263273239136
0.062246963562753034,0.31702344546381245,0.11861395835876465
0.062246963562753034,0.31753312945973494,0.11866563558578491
0.06275303643724696,0.31753312945973494,0.1188250184059143
0.06325910931174089,0.31753312945973494,0.11885315179824829
0.06376518218623482,0.31753312945973494,0.11885935068130493
0.06376518218623482,0.3180428134556575,0.11892116069793701
0.06376518218623482,0.31855249745158004,0.11913251876831055
0.06376518218623482,0.31906218144750254,0.11917197704315186
0.06376518218623482,0.3195718654434251,0.11924904584884644
0.06427125506072874,0.3195718654434251,0.11926048994064331
0.06477732793522267,0.3195718654434251,0.11926227807998657
0.06477732793522267,0.3200815494393476,0.11926901340484619
0.06477732793522267,0.32059123343527013,0.1193838119506836
0.06477732793522267,0.3211009174311927,0.11940717697143555
0.0652834008097166,0.3211009174311927,0.1194080114364624
0.0652834008097166,0.3216106014271152,0.11942684650421143
0.0652834008097166,0.3221202854230377,0.1194835901260376
0.0652834008097166,0.32262996941896027,0.11961245536804199
0.0652834008097166,0.32313965341488277,0.11976844072341919
0.0652834008097166,0.3236493374108053,0.11977565288543701
0.0652834008097166,0.3241590214067278,0.1198393702507019
0.06578947368421052,0.3241590214067278,0.11988037824630737
0.06629554655870445,0.3241590214067278,0.1198851466178894
0.06629554655870445,0.32466870540265036,0.1198962926864624
0.06680161943319839,0.32466870540265036,0.1199222207069397
0.0673076923076923,0.32466870540265036,0.11999481916427612
0.06831983805668017,0.32466870540265036,0.12018054723739624
0.06831983805668017,0.3251783893985729,0.12032681703567505
0.06882591093117409,0.3251783893985729,0.12037664651870728
0.06882591093117409,0.3256880733944954,0.12040495872497559
0.06882591093117409,0.32619775739041795,0.12045478820800781
0.06882591093117409,0.32670744138634045,0.12061530351638794
0.06882591093117409,0.327217125382263,0.12063026428222656
0.06882591093117409,0.32772680937818555,0.12072807550430298
0.06882591093117409,0.32823649337410804,0.1208387017250061
0.06882591093117409,0.3287461773700306,0.12091851234436035
0.06933198380566802,0.3287461773700306,0.12096452713012695
0.06983805668016195,0.3287461773700306,0.12104856967926025
0.06983805668016195,0.3292558613659531,0.1212359070777893
0.06983805668016195,0.32976554536187563,0.12126201391220093
0.07034412955465587,0.32976554536187563,0.1213235855102539
0.0708502024291498,0.32976554536187563,0.12133926153182983
0.07135627530364372,0.32976554536187563,0.12140870094299316
0.07186234817813765,0.32976554536187563,0.1215091347694397
0.07186234817813765,0.3302752293577982,0.12161511182785034
0.07186234817813765,0.3307849133537207,0.12162071466445923
0.07236842105263158,0.3307849133537207,0.12164199352264404
0.07236842105263158,0.3312945973496432,0.12174439430236816
0.07236842105263158,0.3318042813455658,0.12178617715835571
0.07236842105263158,0.33231396534148827,0.12190389633178711
0.07236842105263158,0.3328236493374108,0.12193179130554199
0.07236842105263158,0.3333333333333333,0.12205380201339722
0.07236842105263158,0.33384301732925586,0.12207484245300293
0.0728744939271255,0.33384301732925586,0.12215745449066162
0.07338056680161943,0.33384301732925586,0.1221625804901123
0.07388663967611336,0.33384301732925586,0.1222648024559021
0.07439271255060728,0.33384301732925586,0.12226486206054688
0.07439271255060728,0.3343527013251784,0.12231326103210449
0.07439271255060728,0.3348623853211009,0.12233102321624756
0.07489878542510121,0.3348623853211009,0.12235647439956665
0.07489878542510121,0.33537206931702346,0.12236511707305908
0.07540485829959515,0.33537206931702346,0.12243407964706421
0.07540485829959515,0.33588175331294595,0.12253636121749878
0.07591093117408906,0.33588175331294595,0.12254244089126587
0.07591093117408906,0.3363914373088685,0.1226467490196228
0.076417004048583,0.3363914373088685,0.12268650531768799
0.076417004048583,0.33690112130479105,0.12269073724746704
0.07692307692307693,0.33690112130479105,0.12271380424499512
0.07793522267206478,0.33690112130479105,0.12276309728622437
0.07793522267206478,0.33741080530071355,0.12277305126190186
0.07793522267206478,0.3379204892966361,0.12280040979385376
0.07844129554655871,0.3379204892966361,0.12280935049057007
0.07844129554655871,0.3384301732925586,0.12281501293182373
0.07894736842105263,0.3384301732925586,0.12284189462661743
0.07894736842105263,0.33893985728848114,0.12285399436950684
0.07894736842105263,0.3394495412844037,0.12293970584869385
0.07945344129554656,0.3394495412844037,0.12294036149978638
0.07945344129554656,0.3399592252803262,0.12301325798034668
0.07945344129554656,0.34046890927624873,0.12303686141967773
0.07995951417004049,0.34046890927624873,0.12309509515762329
0.08046558704453441,0.34046890927624873,0.12310487031936646
0.08046558704453441,0.3409785932721712,0.12317496538162231
0.08046558704453441,0.3414882772680938,0.12317579984664917
0.08097165991902834,0.3414882772680938,0.12322664260864258
0.08097165991902834,0.3419979612640163,0.12327182292938232
0.08097165991902834,0.3425076452599388,0.12331122159957886
0.08147773279352227,0.3425076452599388,0.12331396341323853
0.08198380566801619,0.3425076452599388,0.12335419654846191
0.08248987854251012,0.3425076452599388,0.12339913845062256
0.08299595141700405,0.3425076452599388,0.12340360879898071
0.08350202429149797,0.3425076452599388,0.1234513521194458
0.0840080971659919,0.3425076452599388,0.12345224618911743
0.08451417004048584,0.3425076452599388,0.12350761890411377
0.08502024291497975,0.3425076452599388,0.12350785732269287
0.08552631578947369,0.3425076452599388,0.12355321645736694
0.08552631578947369,0.34301732925586137,0.12358009815216064
0.08552631578947369,0.3435270132517839,0.12362492084503174
0.0860323886639676,0.3435270132517839,0.12372583150863647
0.08653846153846154,0.3435270132517839,0.12373203039169312
0.08653846153846154,0.3440366972477064,0.12375396490097046
0.08704453441295547,0.3440366972477064,0.12375736236572266
0.08704453441295547,0.34454638124362896,0.123776376247406
0.08704453441295547,0.34505606523955146,0.1239728331565857
0.08755060728744939,0.34505606523955146,0.12408113479614258
0.08755060728744939,0.345565749235474,0.12409001588821411
0.08805668016194332,0.345565749235474,0.12410378456115723
0.08856275303643725,0.345565749235474,0.12419795989990234
0.08906882591093117,0.345565749235474,0.12424510717391968
0.08906882591093117,0.34607543323139656,0.12427133321762085
0.0895748987854251,0.34607543323139656,0.12435668706893921
0.0895748987854251,0.34658511722731905,0.12449109554290771
0.09008097165991903,0.34658511722731905,0.12456375360488892
0.09008097165991903,0.3470948012232416,0.12460190057754517
0.09008097165991903,0.3476044852191641,0.12470078468322754
0.09058704453441295,0.3476044852191641,0.12471568584442139
0.09058704453441295,0.34811416921508664,0.12474793195724487
0.09109311740890688,0.34811416921508664,0.12475001811981201
0.09159919028340081,0.34811416921508664,0.12477904558181763
0.09210526315789473,0.34811416921508664,0.12483346462249756
0.09261133603238866,0.34811416921508664,0.12484580278396606
0.0931174089068826,0.34811416921508664,0.12495601177215576
0.09362348178137651,0.34811416921508664,0.12502187490463257
0.09362348178137651,0.3486238532110092,0.12503677606582642
0.09412955465587045,0.3486238532110092,0.12517482042312622
0.09412955465587045,0.3491335372069317,0.12518537044525146
0.09412955465587045,0.34964322120285424,0.12536311149597168
0.09463562753036438,0.34964322120285424,0.12539029121398926
0.0951417004048583,0.34964322120285424,0.12548667192459106
0.09564777327935223,0.34964322120285424,0.12556904554367065
0.09564777327935223,0.35015290519877673,0.12565594911575317
0.09564777327935223,0.3506625891946993,0.12582504749298096
0.09564777327935223,0.35117227319062183,0.1258375644683838
0.09615384615384616,0.35117227319062183,0.12585127353668213
0.09615384615384616,0.3516819571865443,0.1258661150932312
0.09615384615384616,0.3521916411824669,0.12586873769760132
0.09665991902834008,0.3521916411824669,0.1260325312614441
0.09665991902834008,0.3527013251783894,0.126112699508667
0.09716599190283401,0.3527013251783894,0.12613260746002197
0.09767206477732794,0.3527013251783894,0.12616980075836182
0.09767206477732794,0.3532110091743119,0.12620282173156738
0.09767206477732794,0.35372069317023447,0.12632006406784058
0.09817813765182186,0.35372069317023447,0.12635862827301025
0.09817813765182186,0.35423037716615696,0.12643033266067505
0.09868421052631579,0.35423037716615696,0.12643510103225708
0.09919028340080972,0.35423037716615696,0.12648695707321167
0.09969635627530364,0.35423037716615696,0.12649792432785034
0.10020242914979757,0.35423037716615696,0.12651008367538452
0.10020242914979757,0.3547400611620795,0.12652146816253662
0.10020242914979757,0.35524974515800206,0.12652915716171265
0.1007085020242915,0.35524974515800206,0.12653076648712158
0.1007085020242915,0.35575942915392456,0.1265813708305359
0.1007085020242915,0.3562691131498471,0.12659317255020142
0.10121457489878542,0.3562691131498471,0.12668126821517944
0.10172064777327935,0.3562691131498471,0.12684261798858643
0.10222672064777327,0.3562691131498471,0.12691575288772583
0.10222672064777327,0.3567787971457696,0.12695163488388062
0.10222672064777327,0.35728848114169215,0.12703776359558105
0.1027327935222672,0.35728848114169215,0.1270807385444641
0.10323886639676114,0.35728848114169215,0.12708640098571777
0.10374493927125505,0.35728848114169215,0.12716227769851685
0.10425101214574899,0.35728848114169215,0.12726455926895142
0.10475708502024292,0.35728848114169215,0.1272662878036499
0.10475708502024292,0.3577981651376147,0.12737959623336792
0.10475708502024292,0.3583078491335372,0.1274091601371765
0.10475708502024292,0.35881753312945974,0.12742269039154053
0.10526315789473684,0.35881753312945974,0.12742745876312256
0.10576923076923077,0.35881753312945974,0.1274806261062622
0.1062753036437247,0.35881753312945974,0.1275128722190857
0.1062753036437247,0.35932721712538224,0.12751615047454834
0.1062753036437247,0.3598369011213048,0.12753909826278687
0.10678137651821862,0.3598369011213048,0.1275397539138794
0.10678137651821862,0.36034658511722734,0.12755346298217773
0.10728744939271255,0.36034658511722734,0.12755829095840454
0.10779352226720648,0.36034658511722734,0.12765419483184814
0.10779352226720648,0.36085626911314983,0.12771904468536377
0.1082995951417004,0.36085626911314983,0.1277204155921936
0.10880566801619433,0.36085626911314983,0.12788289785385132
0.10880566801619433,0.3613659531090724,0.12792545557022095
0.10931174089068826,0.3613659531090724,0.12796032428741455
0.10931174089068826,0.36187563710499493,0.12799346446990967
0.10981781376518218,0.36187563710499493,0.12813979387283325
0.10981781376518218,0.3623853211009174,0.12826532125473022
0.11032388663967611,0.3623853211009174,0.1283143162727356
0.11032388663967611,0.36289500509684,0.1283806562423706
0.11032388663967611,0.36340468909276247,0.12840116024017334
0.11082995951417005,0.36340468909276247,0.1284719705581665
0.11082995951417005,0.363914373088685,0.12851691246032715
0.11082995951417005,0.36442405708460757,0.12854403257369995
0.11133603238866396,0.36442405708460757,0.1286379098892212
0.1118421052631579,0.36442405708460757,0.12867605686187744
0.11234817813765183,0.36442405708460757,0.1287434697151184
0.11234817813765183,0.36493374108053006,0.12897992134094238
0.11285425101214575,0.36493374108053006,0.12898516654968262
0.11336032388663968,0.36493374108053006,0.12898772954940796
0.11336032388663968,0.3654434250764526,0.12900406122207642
0.11386639676113361,0.3654434250764526,0.12900972366333008
0.11437246963562753,0.3654434250764526,0.12904882431030273
0.11487854251012146,0.3654434250764526,0.12912791967391968
0.11538461538461539,0.3654434250764526,0.12915939092636108
0.11639676113360324,0.3654434250764526,0.12917697429656982
0.11690283400809717,0.3654434250764526,0.1292346715927124
0.11690283400809717,0.3659531090723751,0.12927407026290894
0.11740890688259109,0.3659531090723751,0.12927907705307007
0.11740890688259109,0.36646279306829765,0.1293218731880188
0.11791497975708502,0.36646279306829765,0.12935370206832886
0.11842105263157894,0.36646279306829765,0.12936145067214966
0.11892712550607287,0.36646279306829765,0.1293690800666809
0.11892712550607287,0.3669724770642202,0.12949615716934204
0.1194331983805668,0.3669724770642202,0.12968963384628296
0.1194331983805668,0.3674821610601427,0.12989354133605957
0.11993927125506072,0.3674821610601427,0.12990683317184448
0.12044534412955465,0.3674821610601427,0.12995004653930664
0.12095141700404859,0.3674821610601427,0.1299877166748047
0.1214574898785425,0.3674821610601427,0.13004934787750244
0.12196356275303644,0.3674821610601427,0.13007885217666626
0.12246963562753037,0.3674821610601427,0.13009250164031982
0.12297570850202429,0.3674821610601427,0.13030141592025757
0.12297570850202429,0.36799184505606525,0.1304200291633606
0.12297570850202429,0.36850152905198774,0.13043975830078125
0.12348178137651822,0.36850152905198774,0.1304817795753479
0.12348178137651822,0.3690112130479103,0.13049471378326416
0.12398785425101215,0.3690112130479103,0.13050580024719238
0.12398785425101215,0.36952089704383284,0.1305714249610901
0.12449392712550607,0.36952089704383284,0.13058382272720337
0.125,0.36952089704383284,0.13059663772583008
0.125,0.37003058103975534,0.13062971830368042
0.125,0.3705402650356779,0.13073348999023438
0.125,0.37104994903160043,0.13075822591781616
0.12550607287449392,0.37104994903160043,0.13077253103256226
0.12550607287449392,0.37155963302752293,0.13082146644592285
0.12550607287449392,0.3720693170234455,0.13094139099121094
0.12601214574898786,0.3720693170234455,0.13098329305648804
0.12651821862348178,0.3720693170234455,0.13099640607833862
0.12651821862348178,0.372579001019368,0.13109064102172852
0.12651821862348178,0.3730886850152905,0.13112127780914307
0.12651821862348178,0.37359836901121307,0.1311386227607727
0.1270242914979757,0.37359836901121307,0.1311805248260498
0.1270242914979757,0.37410805300713557,0.13120722770690918
0.1270242914979757,0.3746177370030581,0.1312461495399475
0.1270242914979757,0.3751274209989806,0.13126009702682495
0.1270242914979757,0.37563710499490316,0.1313123106956482
0.12753036437246965,0.37563710499490316,0.13131731748580933
0.12753036437246965,0.3761467889908257,0.13136589527130127
0.12803643724696356,0.3761467889908257,0.1314162015914917
0.12854251012145748,0.3761467889908257,0.13143181800842285
0.12854251012145748,0.3766564729867482,0.13145941495895386
0.12854251012145748,0.37716615698267075,0.13150876760482788
0.12904858299595143,0.37716615698267075,0.1315358281135559
0.12904858299595143,0.37767584097859325,0.13164913654327393
0.12955465587044535,0.37767584097859325,0.1316591501235962
0.13006072874493926,0.37767584097859325,0.13166242837905884
0.1305668016194332,0.37767584097859325,0.13169997930526733
0.1305668016194332,0.3781855249745158,0.13175827264785767
0.1305668016194332,0.37869520897043835,0.13182955980300903
0.13107287449392713,0.37869520897043835,0.13186436891555786
0.13107287449392713,0.37920489296636084,0.13205015659332275
0.13107287449392713,0.3797145769622834,0.13205724954605103
0.13157894736842105,0.3797145769622834,0.13211435079574585
0.13157894736842105,0.38022426095820594,0.13217151165008545
0.132085020242915,0.38022426095820594,0.13225334882736206
0.132085020242915,0.38073394495412843,0.13226521015167236
0.1325910931174089,0.38073394495412843,0.1322653889656067
0.1325910931174089,0.381243628950051,0.13227301836013794
0.1325910931174089,0.3817533129459735,0.13228285312652588
0.13309716599190283,0.3817533129459735,0.13228750228881836
0.13360323886639677,0.3817533129459735,0.1323501467704773
0.1341093117408907,0.3817533129459735,0.13240528106689453
0.1341093117408907,0.382262996941896,0.13243019580841064
0.1341093117408907,0.3827726809378186,0.13256382942199707
0.1341093117408907,0.38328236493374107,0.1325945258140564
0.1341093117408907,0.3837920489296636,0.13267874717712402
0.1341093117408907,0.3843017329255861,0.13273578882217407
0.1341093117408907,0.38481141692150866,0.1327528953552246
0.1346153846153846,0.38481141692150866,0.13281309604644775
0.1346153846153846,0.3853211009174312,0.13284152746200562
0.13512145748987855,0.3853211009174312,0.13285797834396362
0.13562753036437247,0.3853211009174312,0.13286930322647095
0.1361336032388664,0.3853211009174312,0.13297170400619507
0.13663967611336034,0.3853211009174312,0.13299381732940674
0.13714574898785425,0.3853211009174312,0.1330081820487976
0.13765182186234817,0.3853211009174312,0.13305425643920898
0.13765182186234817,0.3858307849133537,0.133165180683136
0.13765182186234817,0.38634046890927626,0.13316971063613892
0.13815789473684212,0.38634046890927626,0.1332259178161621
0.13815789473684212,0.38685015290519875,0.13324105739593506
0.13866396761133604,0.38685015290519875,0.13333362340927124
0.13866396761133604,0.3873598369011213,0.133347749710083
0.13866396761133604,0.38786952089704385,0.13342463970184326
0.13866396761133604,0.38837920489296635,0.13343024253845215
0.13917004048582995,0.38837920489296635,0.13343453407287598
0.13917004048582995,0.3888888888888889,0.13344621658325195
0.13917004048582995,0.3893985728848114,0.13354194164276123
0.13917004048582995,0.38990825688073394,0.13354337215423584
0.13917004048582995,0.3904179408766565,0.1336248517036438
0.13917004048582995,0.390927624872579,0.13364839553833008
0.1396761133603239,0.390927624872579,0.13369673490524292
0.14018218623481782,0.390927624872579,0.13370156288146973
0.14018218623481782,0.39143730886850153,0.1338214874267578
0.14068825910931174,0.39143730886850153,0.13387072086334229
0.14119433198380565,0.39143730886850153,0.13390278816223145
0.14119433198380565,0.3919469928644241,0.13392025232315063
0.14119433198380565,0.3924566768603466,0.13393133878707886
0.1417004048582996,0.3924566768603466,0.1339418888092041
0.14220647773279352,0.3924566768603466,0.1339530348777771
0.14271255060728744,0.3924566768603466,0.1339924931526184
0.14321862348178138,0.3924566768603466,0.13416290283203125
0.14321862348178138,0.3929663608562691,0.1342083215713501
0.14321862348178138,0.3934760448521916,0.13423722982406616
0.14321862348178138,0.39398572884811417,0.13426941633224487
0.1437246963562753,0.39398572884811417,0.13429081439971924
0.14423076923076922,0.39398572884811417,0.13429409265518188
0.14473684210526316,0.39398572884811417,0.13434898853302002
0.14524291497975708,0.39398572884811417,0.13436275720596313
0.145748987854251,0.39398572884811417,0.13447612524032593
0.14625506072874495,0.39398572884811417,0.13449877500534058
0.14676113360323886,0.39398572884811417,0.13453221321105957
0.14726720647773278,0.39398572884811417,0.13456302881240845
0.14777327935222673,0.39398572884811417,0.13457083702087402
0.14777327935222673,0.3944954128440367,0.13463979959487915
0.14777327935222673,0.3950050968399592,0.13475334644317627
0.14827935222672065,0.3950050968399592,0.13479959964752197
0.14878542510121456,0.3950050968399592,0.13484036922454834
0.1492914979757085,0.3950050968399592,0.13484346866607666
0.1492914979757085,0.39551478083588176,0.13485538959503174
0.1492914979757085,0.39602446483180426,0.13488918542861938
0.14979757085020243,0.39602446483180426,0.13490837812423706
0.14979757085020243,0.3965341488277268,0.13527458906173706
0.14979757085020243,0.39704383282364936,0.1352967619895935
0.14979757085020243,0.39755351681957185,0.13536089658737183
0.15030364372469635,0.39755351681957185,0.1354048252105713
0.15030364372469635,0.3980632008154944,0.135503351688385
0.15030364372469635,0.3985728848114169,0.13552623987197876
0.1508097165991903,0.3985728848114169,0.13563907146453857
0.1513157894736842,0.3985728848114169,0.13567394018173218
0.15182186234817813,0.3985728848114169,0.13567686080932617
0.15182186234817813,0.39908256880733944,0.13569766283035278
0.15232793522267207,0.39908256880733944,0.13569796085357666
0.152834008097166,0.39908256880733944,0.13573181629180908
0.1533400809716599,0.39908256880733944,0.1358414888381958
0.1533400809716599,0.399592252803262,0.13588792085647583
0.15384615384615385,0.399592252803262,0.13590312004089355
0.15435222672064777,0.399592252803262,0.1359102725982666
0.1548582995951417,0.399592252803262,0.13596123456954956
0.15536437246963564,0.399592252803262,0.13598418235778809
0.15536437246963564,0.4001019367991845,0.13604378700256348
0.15536437246963564,0.40061162079510704,0.13606888055801392
0.15536437246963564,0.4011213047910296,0.13614994287490845
0.15587044534412955,0.4011213047910296,0.13616222143173218
0.15637651821862347,0.4011213047910296,0.1361842155456543
0.15688259109311742,0.4011213047910296,0.13627374172210693
0.15738866396761134,0.4011213047910296,0.1363581418991089
0.15789473684210525,0.4011213047910296,0.13637471199035645
0.15789473684210525,0.4016309887869521,0.13637560606002808
0.1584008097165992,0.4016309887869521,0.13643574714660645
0.15890688259109312,0.4016309887869521,0.13648957014083862
0.15941295546558704,0.4016309887869521,0.1365012526512146
0.15941295546558704,0.40214067278287463,0.13651210069656372
0.15941295546558704,0.4026503567787971,0.1365460753440857
0.15941295546558704,0.4031600407747197,0.13659578561782837
0.15991902834008098,0.4031600407747197,0.13665437698364258
0.15991902834008098,0.4036697247706422,0.13669222593307495
0.1604251012145749,0.4036697247706422,0.13674604892730713
0.1604251012145749,0.4041794087665647,0.13674908876419067
0.1604251012145749,0.40468909276248727,0.13679569959640503
0.16093117408906882,0.40468909276248727,0.13681185245513916
0.16143724696356276,0.40468909276248727,0.13682252168655396
0.16194331983805668,0.40468909276248727,0.13683831691741943
0.16194331983805668,0.40519877675840976,0.13684958219528198
0.1624493927125506,0.40519877675840976,0.13686257600784302
0.1624493927125506,0.4057084607543323,0.1368768811225891
0.1624493927125506,0.40621814475025486,0.13692212104797363
0.1624493927125506,0.40672782874617736,0.13692814111709595
0.1624493927125506,0.4072375127420999,0.13694941997528076
0.16295546558704455,0.4072375127420999,0.13700157403945923
0.16295546558704455,0.4077471967380224,0.13707804679870605
0.16295546558704455,0.40825688073394495,0.13710910081863403
0.16346153846153846,0.40825688073394495,0.13719117641448975
0.16396761133603238,0.40825688073394495,0.1372767686843872
0.16396761133603238,0.4087665647298675,0.1373186707496643
0.16396761133603238,0.40927624872579,0.13732200860977173
0.16447368421052633,0.40927624872579,0.1373523473739624
0.16447368421052633,0.40978593272171254,0.13737034797668457
0.16497975708502025,0.40978593272171254,0.1373712420463562
0.16548582995951416,0.40978593272171254,0.13738089799880981
0.1659919028340081,0.40978593272171254,0.13739192485809326
0.16649797570850203,0.40978593272171254,0.13740265369415283
0.16649797570850203,0.4102956167176351,0.13740485906600952
0.16649797570850203,0.4108053007135576,0.13753610849380493
0.16700404858299595,0.4108053007135576,0.13759779930114746
0.1675101214574899,0.4108053007135576,0.1376597285270691
0.1680161943319838,0.4108053007135576,0.1376858353614807
0.1680161943319838,0.41131498470948014,0.1377277970314026
0.1680161943319838,0.41182466870540263,0.1377691626548767
0.1680161943319838,0.4123343527013252,0.13779670000076294
0.1680161943319838,0.41284403669724773,0.13787764310836792
0.1680161943319838,0.4133537206931702,0.13793760538101196
0.16852226720647773,0.4133537206931702,0.13795709609985352
0.16902834008097167,0.4133537206931702,0.1379622220993042
0.16902834008097167,0.4138634046890928,0.13799715042114258
0.1695344129554656,0.4138634046890928,0.1380942463874817
0.1695344129554656,0.41437308868501527,0.13811558485031128
0.1695344129554656,0.4148827726809378,0.13821184635162354
0.1700404858299595,0.4148827726809378,0.1382429599761963
0.1700404858299595,0.41539245667686037,0.13840967416763306
0.17054655870445345,0.41539245667686037,0.13841772079467773
0.17054655870445345,0.41590214067278286,0.13843238353729248
0.17105263157894737,0.41590214067278286,0.13852697610855103
0.1715587044534413,0.41590214067278286,0.13853305578231812
0.1720647773279352,0.41590214067278286,0.13869476318359375
0.1720647773279352,0.4164118246687054,0.1387498378753662
0.1720647773279352,0.4169215086646279,0.13882142305374146
0.1720647773279352,0.41743119266055045,0.13888037204742432
0.1720647773279352,0.417940876656473,0.1388830542564392
0.1720647773279352,0.4184505606523955,0.13890421390533447
0.1720647773279352,0.41896024464831805,0.1389186978340149
0.1720647773279352,0.4194699286442406,0.13891994953155518
0.1720647773279352,0.4199796126401631,0.13893598318099976
0.1720647773279352,0.42048929663608564,0.13894665241241455
0.17257085020242915,0.42048929663608564,0.13898831605911255
0.17257085020242915,0.42099898063200814,0.13907140493392944
0.17307692307692307,0.42099898063200814,0.1391150951385498
0.173582995951417,0.42099898063200814,0.1391628384590149
0.173582995951417,0.4215086646279307,0.13920235633850098
0.173582995951417,0.42201834862385323,0.13934659957885742
0.17408906882591094,0.42201834862385323,0.13935911655426025
0.17408906882591094,0.42252803261977573,0.13940244913101196
0.17408906882591094,0.4230377166156983,0.13942933082580566
0.17408906882591094,0.4235474006116208,0.13947826623916626
0.17459514170040485,0.4235474006116208,0.13949763774871826
0.17510121457489877,0.4235474006116208,0.1395663022994995
0.17560728744939272,0.4235474006116208,0.13958585262298584
0.17560728744939272,0.4240570846075433,0.1395973563194275
0.17611336032388664,0.4240570846075433,0.13962042331695557
0.17661943319838055,0.4240570846075433,0.13969212770462036
0.17661943319838055,0.42456676860346587,0.1397693157196045
0.17661943319838055,0.42507645259938837,0.13993406295776367
0.1771255060728745,0.42507645259938837,0.13995838165283203
0.17763157894736842,0.42507645259938837,0.1399797797203064
0.17813765182186234,0.42507645259938837,0.1401376724243164
0.17813765182186234,0.4255861365953109,0.14015918970108032
0.17813765182186234,0.4260958205912334,0.1401921510696411
0.17864372469635628,0.4260958205912334,0.14020085334777832
0.17864372469635628,0.42660550458715596,0.14026939868927002
0.1791497975708502,0.42660550458715596,0.14030182361602783
0.1791497975708502,0.4271151885830785,0.14031291007995605
0.17965587044534412,0.4271151885830785,0.1404396891593933
0.17965587044534412,0.427624872579001,0.1405591368675232
0.18016194331983806,0.427624872579001,0.140619695186615
0.18066801619433198,0.427624872579001,0.14065861701965332
0.18066801619433198,0.42813455657492355,0.14075976610183716
0.18066801619433198,0.4286442405708461,0.1407729983329773
0.1811740890688259,0.4286442405708461,0.14078181982040405
0.1811740890688259,0.4291539245667686,0.1408560872077942
0.18168016194331985,0.4291539245667686,0.14089572429656982
0.18218623481781376,0.4291539245667686,0.14090478420257568
0.18218623481781376,0.42966360856269115,0.14104759693145752
0.18269230769230768,0.42966360856269115,0.1410478949546814
0.18269230769230768,0.43017329255861364,0.1410791277885437
0.18319838056680163,0.43017329255861364,0.1411256194114685
0.18319838056680163,0.4306829765545362,0.14114874601364136
0.18319838056680163,0.43119266055045874,0.14117878675460815
0.18319838056680163,0.43170234454638123,0.14122003316879272
0.18319838056680163,0.4322120285423038,0.14122748374938965
0.18370445344129555,0.4322120285423038,0.14125293493270874
0.18370445344129555,0.4327217125382263,0.1415337324142456
0.18421052631578946,0.4327217125382263,0.1415737271308899
0.1847165991902834,0.4327217125382263,0.14166384935379028
0.1847165991902834,0.4332313965341488,0.14167988300323486
0.1847165991902834,0.4337410805300714,0.14168232679367065
0.18522267206477733,0.4337410805300714,0.14170974493026733
0.18522267206477733,0.43425076452599387,0.14171040058135986
0.18522267206477733,0.4347604485219164,0.14172345399856567
0.18522267206477733,0.4352701325178389,0.14177733659744263
0.18572874493927125,0.4352701325178389,0.14178460836410522
0.18572874493927125,0.43577981651376146,0.1418054699897766
0.18572874493927125,0.436289500509684,0.1418370008468628
0.18572874493927125,0.4367991845056065,0.1418655514717102
0.18572874493927125,0.43730886850152906,0.14192157983779907
0.18572874493927125,0.4378185524974516,0.14200890064239502
0.18572874493927125,0.4383282364933741,0.14204442501068115
0.1862348178137652,0.4383282364933741,0.1420477032661438
0.1862348178137652,0.43883792048929665,0.14205336570739746
0.1867408906882591,0.43883792048929665,0.14212185144424438
0.1867408906882591,0.43934760448521915,0.14217543601989746
0.1867408906882591,0.4398572884811417,0.14219319820404053
0.18724696356275303,0.4398572884811417,0.14220190048217773
0.18775303643724697,0.4398572884811417,0.14220750331878662
0.1882591093117409,0.4398572884811417,0.14221131801605225
0.1887651821862348,0.4398572884811417,0.14221704006195068
0.18977732793522267,0.4398572884811417,0.14222198724746704
0.1902834008097166,0.4398572884811417,0.14226871728897095
0.19078947368421054,0.4398572884811417,0.14243924617767334
0.19078947368421054,0.44036697247706424,0.14252299070358276
0.19078947368421054,0.44087665647298674,0.14258527755737305
0.19078947368421054,0.4413863404689093,0.1426483392715454
0.19129554655870445,0.4413863404689093,0.14271074533462524
0.19129554655870445,0.4418960244648318,0.14282745122909546
0.19129554655870445,0.44240570846075433,0.14296168088912964
0.19180161943319837,0.44240570846075433,0.14301955699920654
0.19180161943319837,0.4429153924566769,0.14310097694396973
0.19230769230769232,0.4429153924566769,0.1431180238723755
0.19230769230769232,0.4434250764525994,0.14315074682235718
0.19281376518218624,0.4434250764525994,0.14315414428710938
0.19281376518218624,0.4439347604485219,0.14315474033355713
0.19281376518218624,0.4444444444444444,0.1432214379310608
0.19331983805668015,0.4444444444444444,0.14323586225509644
0.19331983805668015,0.44495412844036697,0.14328354597091675
0.1938259109311741,0.44495412844036697,0.14336687326431274
0.19433198380566802,0.44495412844036697,0.14339524507522583
0.19483805668016194,0.44495412844036697,0.14340192079544067
0.19483805668016194,0.4454638124362895,0.14342129230499268
0.19534412955465588,0.4454638124362895,0.14343130588531494
0.1958502024291498,0.4454638124362895,0.14346367120742798
0.1958502024291498,0.445973496432212,0.14347964525222778
0.19635627530364372,0.445973496432212,0.14349603652954102
0.19686234817813766,0.445973496432212,0.14357924461364746
0.19686234817813766,0.44648318042813456,0.14358925819396973
0.19686234817813766,0.44699286442405706,0.14361649751663208
0.19736842105263158,0.44699286442405706,0.143623948097229
0.1978744939271255,0.44699286442405706,0.14363640546798706
0.19838056680161945,0.44699286442405706,0.1437070369720459
0.19888663967611336,0.44699286442405706,0.14379584789276123
0.19888663967611336,0.4475025484199796,0.1438833475112915
0.19939271255060728,0.4475025484199796,0.1439117193222046
0.19939271255060728,0.44801223241590216,0.14402925968170166
0.19939271255060728,0.44852191641182465,0.14408665895462036
0.19989878542510123,0.44852191641182465,0.144092857837677
0.19989878542510123,0.4490316004077472,0.1441037654876709
0.20040485829959515,0.4490316004077472,0.1441349983215332
0.20040485829959515,0.44954128440366975,0.14418631792068481
0.20091093117408906,0.44954128440366975,0.1442176103591919
0.201417004048583,0.44954128440366975,0.14432281255722046
0.201417004048583,0.45005096839959224,0.14433979988098145
0.20192307692307693,0.45005096839959224,0.14437121152877808
0.20242914979757085,0.45005096839959224,0.14438587427139282
0.2029352226720648,0.45005096839959224,0.1443985104560852
0.2034412955465587,0.45005096839959224,0.1444111466407776
0.20394736842105263,0.45005096839959224,0.14445483684539795
0.20394736842105263,0.4505606523955148,0.14448583126068115
0.20445344129554655,0.4505606523955148,0.1445959210395813
0.2049595141700405,0.4505606523955148,0.14461016654968262
0.2054655870445344,0.4505606523955148,0.14461594820022583
0.20597165991902833,0.4505606523955148,0.14464479684829712
0.20647773279352227,0.4505606523955148,0.14465701580047607
0.20647773279352227,0.4510703363914373,0.14466482400894165
0.20647773279352227,0.45158002038735984,0.14472073316574097
0.20647773279352227,0.4520897043832824,0.14472931623458862
0.2069838056680162,0.4520897043832824,0.14488482475280762
0.2074898785425101,0.4520897043832824,0.14490842819213867
0.20799595141700405,0.4520897043832824,0.14499306678771973
0.20799595141700405,0.4525993883792049,0.14499729871749878
0.20799595141700405,0.45310907237512743,0.14516162872314453
0.20850202429149797,0.45310907237512743,0.1451684832572937
0.2090080971659919,0.45310907237512743,0.14519912004470825
0.20951417004048584,0.45310907237512743,0.1452435851097107
0.21002024291497975,0.45310907237512743,0.14525294303894043
0.21103238866396762,0.45310907237512743,0.14528483152389526
0.21153846153846154,0.45310907237512743,0.14530479907989502
0.21204453441295545,0.45310907237512743,0.1453113555908203
0.2125506072874494,0.45310907237512743,0.1453147530555725
0.21305668016194332,0.45310907237512743,0.1453324556350708
0.21356275303643724,0.45310907237512743,0.1453508734703064
0.21406882591093118,0.45310907237512743,0.145369291305542
0.21508097165991902,0.45310907237512743,0.1455003023147583
0.21558704453441296,0.45310907237512743,0.14553916454315186
0.21558704453441296,0.4536187563710499,0.14557421207427979
0.21609311740890688,0.4536187563710499,0.14562487602233887
0.2165991902834008,0.4536187563710499,0.1456255316734314
0.21710526315789475,0.4536187563710499,0.1457301378250122
0.21761133603238866,0.4536187563710499,0.14586645364761353
0.21811740890688258,0.4536187563710499,0.14588624238967896
0.21862348178137653,0.4536187563710499,0.1459307074546814
0.21862348178137653,0.4541284403669725,0.1459704041481018
0.21862348178137653,0.454638124362895,0.14602786302566528
0.21862348178137653,0.4551478083588175,0.14605480432510376
0.21912955465587045,0.4551478083588175,0.14606541395187378
0.21912955465587045,0.45565749235474007,0.1461397409439087
0.21912955465587045,0.45616717635066256,0.14636343717575073
0.21912955465587045,0.4566768603465851,0.14643114805221558
0.21963562753036436,0.4566768603465851,0.14646589756011963
0.2201417004048583,0.4566768603465851,0.1465362310409546
0.2201417004048583,0.45718654434250766,0.1465885043144226
0.22064777327935223,0.45718654434250766,0.14660698175430298
0.22064777327935223,0.45769622833843016,0.14662283658981323
0.22064777327935223,0.4582059123343527,0.14662814140319824
0.22115384615384615,0.4582059123343527,0.1466326117515564
0.2216599190283401,0.4582059123343527,0.14680248498916626
0.222165991902834,0.4582059123343527,0.14690464735031128
0.22267206477732793,0.4582059123343527,0.14692986011505127
0.22267206477732793,0.45871559633027525,0.14694279432296753
0.22267206477732793,0.45922528032619775,0.1470036506652832
0.22267206477732793,0.4597349643221203,0.14704561233520508
0.22267206477732793,0.4602446483180428,0.14708656072616577
0.22317813765182187,0.4602446483180428,0.14725619554519653
0.22317813765182187,0.46075433231396534,0.14727729558944702
0.22317813765182187,0.4612640163098879,0.14729207754135132
0.2236842105263158,0.4612640163098879,0.14730089902877808
0.2241902834008097,0.4612640163098879,0.14731436967849731
0.2241902834008097,0.4617737003058104,0.14734941720962524
0.22469635627530365,0.4617737003058104,0.1473597288131714
0.22520242914979757,0.4617737003058104,0.14741790294647217
0.22520242914979757,0.46228338430173294,0.14745891094207764
0.2257085020242915,0.46228338430173294,0.1474844217300415
0.2257085020242915,0.46279306829765543,0.14748817682266235
0.22621457489878544,0.46279306829765543,0.1475825309753418
0.22621457489878544,0.463302752293578,0.14761215448379517
0.22621457489878544,0.46381243628950053,0.14763712882995605
0.22621457489878544,0.464322120285423,0.14767134189605713
0.22672064777327935,0.464322120285423,0.14768755435943604
0.22672064777327935,0.4648318042813456,0.14778250455856323
0.22722672064777327,0.4648318042813456,0.14779531955718994
0.22773279352226722,0.4648318042813456,0.14782202243804932
0.22823886639676114,0.4648318042813456,0.14794987440109253
0.22823886639676114,0.46534148827726807,0.14798754453659058
0.22874493927125505,0.46534148827726807,0.1480041742324829
0.22975708502024292,0.46534148827726807,0.14802205562591553
0.22975708502024292,0.4658511722731906,0.1480315923690796
0.22975708502024292,0.46636085626911317,0.14803743362426758
0.23026315789473684,0.46636085626911317,0.14807039499282837
0.23076923076923078,0.46636085626911317,0.14807194471359253
0.23076923076923078,0.46687054026503566,0.14808118343353271
0.2312753036437247,0.46687054026503566,0.14812850952148438
0.23228744939271256,0.46687054026503566,0.14816397428512573
0.23279352226720648,0.46687054026503566,0.14816874265670776
0.23279352226720648,0.4673802242609582,0.14821040630340576
0.2332995951417004,0.4673802242609582,0.1482505202293396
0.23380566801619435,0.4673802242609582,0.14830267429351807
0.23431174089068826,0.4673802242609582,0.1483064889907837
0.23481781376518218,0.4673802242609582,0.14831215143203735
0.2353238866396761,0.4673802242609582,0.14833682775497437
0.2353238866396761,0.46788990825688076,0.14833837747573853
0.2353238866396761,0.46839959225280325,0.14837974309921265
0.2353238866396761,0.4689092762487258,0.14852625131607056
0.23582995951417005,0.4689092762487258,0.14855647087097168
0.23633603238866396,0.4689092762487258,0.1485878825187683
0.23684210526315788,0.4689092762487258,0.14863401651382446
0.23734817813765183,0.4689092762487258,0.1486847996711731
0.23734817813765183,0.4694189602446483,0.14872968196868896
0.23785425101214575,0.4694189602446483,0.1487349271774292
0.23785425101214575,0.46992864424057085,0.14880430698394775
0.23836032388663966,0.46992864424057085,0.1488080620765686
0.2388663967611336,0.46992864424057085,0.1488615870475769
0.23937246963562753,0.46992864424057085,0.14887505769729614
0.23937246963562753,0.4704383282364934,0.14890295267105103
0.23987854251012145,0.4704383282364934,0.1489127278327942
0.2403846153846154,0.4704383282364934,0.14892148971557617
0.2403846153846154,0.4709480122324159,0.14894890785217285
0.2408906882591093,0.4709480122324159,0.14900171756744385
0.24139676113360323,0.4709480122324159,0.14901411533355713
0.24190283400809717,0.4709480122324159,0.14905619621276855
0.24190283400809717,0.47145769622833844,0.14920634031295776
0.2424089068825911,0.47145769622833844,0.14926844835281372
0.242914979757085,0.47145769622833844,0.14932876825332642
0.24342105263157895,0.47145769622833844,0.14933866262435913
0.24392712550607287,0.47145769622833844,0.14936810731887817
0.2444331983805668,0.47145769622833844,0.149447500705719
0.24493927125506074,0.47145769622833844,0.14961057901382446
0.24544534412955465,0.47145769622833844,0.14962244033813477
0.24595141700404857,0.47145769622833844,0.1496516466140747
0.24645748987854252,0.47145769622833844,0.1496642827987671
0.24645748987854252,0.47196738022426094,0.14968127012252808
0.24696356275303644,0.47196738022426094,0.14968162775039673
0.24696356275303644,0.4724770642201835,0.14971458911895752
0.24696356275303644,0.47298674821610603,0.1498299241065979
0.24746963562753035,0.47298674821610603,0.1499779224395752
0.24746963562753035,0.47349643221202853,0.14999639987945557
0.2479757085020243,0.47349643221202853,0.15001559257507324
0.24848178137651822,0.47349643221202853,0.15006804466247559
0.24848178137651822,0.4740061162079511,0.1501355767250061
0.24898785425101214,0.4740061162079511,0.1501442790031433
0.24898785425101214,0.4745158002038736,0.15015822649002075
0.24949392712550608,0.4745158002038736,0.15028417110443115
0.24949392712550608,0.4750254841997961,0.15029031038284302
0.24949392712550608,0.47553516819571867,0.15033715963363647
0.25,0.47553516819571867,0.15034431219100952
0.25,0.47604485219164117,0.15035629272460938
0.25050607287449395,0.47604485219164117,0.150384783744812
0.25101214574898784,0.47604485219164117,0.15039336681365967
0.25101214574898784,0.4765545361875637,0.15040534734725952
0.25101214574898784,0.47706422018348627,0.15041452646255493
0.25101214574898784,0.47757390417940876,0.15041548013687134
0.25101214574898784,0.4780835881753313,0.15043389797210693
0.25101214574898784,0.4785932721712538,0.15048807859420776
0.25101214574898784,0.47910295616717635,0.1505354642868042
0.25101214574898784,0.4796126401630989,0.15054279565811157
0.2515182186234818,0.4796126401630989,0.1505855917930603
0.2520242914979757,0.4796126401630989,0.15061908960342407
0.2525303643724696,0.4796126401630989,0.1506403684616089
0.2525303643724696,0.4801223241590214,0.15065640211105347
0.25303643724696356,0.4801223241590214,0.15066677331924438
0.25303643724696356,0.48063200815494395,0.15078455209732056
0.25303643724696356,0.48114169215086644,0.15079587697982788
0.2535425101214575,0.48114169215086644,0.150814950466156
0.2535425101214575,0.481651376146789,0.15082299709320068
0.2540485829959514,0.481651376146789,0.15082472562789917
0.2540485829959514,0.48216106014271154,0.15084534883499146
0.2540485829959514,0.48267074413863403,0.15090447664260864
0.2540485829959514,0.4831804281345566,0.15090596675872803
0.2540485829959514,0.4836901121304791,0.15093868970870972
0.2540485829959514,0.4841997961264016,0.1510208249092102
0.2540485829959514,0.4847094801223242,0.15106874704360962
0.25455465587044535,0.4847094801223242,0.15108931064605713
0.25455465587044535,0.48521916411824667,0.15112066268920898
0.25455465587044535,0.4857288481141692,0.15125828981399536
0.2550607287449393,0.4857288481141692,0.15135794878005981
0.2555668016194332,0.4857288481141692,0.15138393640518188
0.2560728744939271,0.4857288481141692,0.15142089128494263
0.2565789473684211,0.4857288481141692,0.15149039030075073
0.25708502024291496,0.4857288481141692,0.15150296688079834
0.25708502024291496,0.48623853211009177,0.15156018733978271
0.2575910931174089,0.48623853211009177,0.15165555477142334
0.2575910931174089,0.48674821610601426,0.1520240306854248
0.2575910931174089,0.4872579001019368,0.15205711126327515
0.25809716599190285,0.4872579001019368,0.15207737684249878
0.25809716599190285,0.4877675840978593,0.15211033821105957
0.25860323886639675,0.4877675840978593,0.15211325883865356
0.25860323886639675,0.48827726809378186,0.1521134376525879
0.25860323886639675,0.4887869520897044,0.15212112665176392
0.2591093117408907,0.4887869520897044,0.15220791101455688
0.2591093117408907,0.4892966360856269,0.1522226333618164
0.2601214574898785,0.4892966360856269,0.15222787857055664
0.2606275303643725,0.4892966360856269,0.15225005149841309
0.2606275303643725,0.48980632008154945,0.15232551097869873
0.2611336032388664,0.48980632008154945,0.15239930152893066
0.2616396761133603,0.48980632008154945,0.15241146087646484
0.26214574898785425,0.48980632008154945,0.1525421142578125
0.2626518218623482,0.48980632008154945,0.1525580883026123
0.2626518218623482,0.49031600407747195,0.15264350175857544
0.2626518218623482,0.4908256880733945,0.15264594554901123
0.2626518218623482,0.49133537206931704,0.1526697278022766
0.2626518218623482,0.49184505606523954,0.15268635749816895
0.2631578947368421,0.49184505606523954,0.15273267030715942
0.2631578947368421,0.4923547400611621,0.15280568599700928
0.2631578947368421,0.4928644240570846,0.15282201766967773
0.26366396761133604,0.4928644240570846,0.15283679962158203
0.26417004048583,0.4928644240570846,0.15291845798492432
0.26417004048583,0.49337410805300713,0.15297919511795044
0.26417004048583,0.4938837920489297,0.15298563241958618
0.2646761133603239,0.4938837920489297,0.15298950672149658
0.2646761133603239,0.4943934760448522,0.1530340313911438
0.2651821862348178,0.4943934760448522,0.15307128429412842
0.2651821862348178,0.4949031600407747,0.15312045812606812
0.26568825910931176,0.4949031600407747,0.15314137935638428
0.26568825910931176,0.4954128440366973,0.15319544076919556
0.26568825910931176,0.49592252803261977,0.15324681997299194
0.26619433198380565,0.49592252803261977,0.15325260162353516
0.26619433198380565,0.4964322120285423,0.15325355529785156
0.2667004048582996,0.4964322120285423,0.15327000617980957
0.26720647773279355,0.4964322120285423,0.15327715873718262
0.26771255060728744,0.4964322120285423,0.15336591005325317
0.26771255060728744,0.4969418960244648,0.15337181091308594
0.2682186234817814,0.4969418960244648,0.15342062711715698
0.2687246963562753,0.4969418960244648,0.1534290313720703
0.2692307692307692,0.4969418960244648,0.15344470739364624
0.2692307692307692,0.49745158002038736,0.1536170244216919
0.2692307692307692,0.4979612640163099,0.15361905097961426
0.2692307692307692,0.4984709480122324,0.15375226736068726
0.2692307692307692,0.49898063200815496,0.1537685990333557
0.26973684210526316,0.49898063200815496,0.15377503633499146
0.26973684210526316,0.49949031600407745,0.1538112759590149
0.2702429149797571,0.49949031600407745,0.15384668111801147
0.2702429149797571,0.5,0.15386241674423218
0.270748987854251,0.5,0.15390509366989136
0.270748987854251,0.5005096839959225,0.1539614200592041
0.27125506072874495,0.5005096839959225,0.1539657711982727
0.2722672064777328,0.5005096839959225,0.15398544073104858
0.2727732793522267,0.5005096839959225,0.1540185809135437
0.2732793522267207,0.5005096839959225,0.15410840511322021
0.2732793522267207,0.5010193679918451,0.1541265845298767
0.27378542510121456,0.5010193679918451,0.154163658618927
0.2742914979757085,0.5010193679918451,0.1541774868965149
0.2742914979757085,0.5015290519877675,0.15422570705413818
0.27479757085020245,0.5015290519877675,0.15425020456314087
0.27479757085020245,0.5020387359836901,0.15425580739974976
0.27479757085020245,0.5025484199796126,0.15430837869644165
0.27479757085020245,0.5030581039755352,0.15432673692703247
0.27479757085020245,0.5035677879714577,0.15439575910568237
0.27530364372469635,0.5035677879714577,0.15444862842559814
0.27631578947368424,0.5035677879714577,0.15445226430892944
0.27631578947368424,0.5040774719673802,0.15448445081710815
0.2768218623481781,0.5040774719673802,0.15454226732254028
0.2773279352226721,0.5040774719673802,0.1547485589981079
0.277834008097166,0.5040774719673802,0.15478777885437012
0.2783400809716599,0.5040774719673802,0.15486681461334229
0.27884615384615385,0.5040774719673802,0.15489697456359863
0.2793522267206478,0.5040774719673802,0.15503299236297607
0.2793522267206478,0.5045871559633027,0.15505129098892212
0.2798582995951417,0.5045871559633027,0.15511983633041382
0.28036437246963564,0.5045871559633027,0.15520352125167847
0.2808704453441296,0.5045871559633027,0.15523499250411987
0.2808704453441296,0.5050968399592253,0.1552557349205017
0.2813765182186235,0.5050968399592253,0.15526050329208374
0.2818825910931174,0.5050968399592253,0.15528017282485962
0.2823886639676113,0.5050968399592253,0.1552828550338745
0.28289473684210525,0.5050968399592253,0.15537703037261963
0.2834008097165992,0.5050968399592253,0.15540868043899536
0.2839068825910931,0.5050968399592253,0.1554497480392456
0.28441295546558704,0.5050968399592253,0.1556149125099182
0.284919028340081,0.5050968399592253,0.15562355518341064
0.2854251012145749,0.5050968399592253,0.15562885999679565
0.2859311740890688,0.5050968399592253,0.15563637018203735
0.2859311740890688,0.5056065239551478,0.15564078092575073
0.2859311740890688,0.5061162079510704,0.15568995475769043
0.28643724696356276,0.5061162079510704,0.15577596426010132
0.2874493927125506,0.5061162079510704,0.15582901239395142
0.2874493927125506,0.5066258919469928,0.15588557720184326
0.2874493927125506,0.5071355759429154,0.15594512224197388
0.28795546558704455,0.5071355759429154,0.15594565868377686
0.28846153846153844,0.5071355759429154,0.1559862494468689
0.28846153846153844,0.5076452599388379,0.15604233741760254
0.2889676113360324,0.5076452599388379,0.1560460925102234
0.2894736842105263,0.5076452599388379,0.15605902671813965
0.2894736842105263,0.5081549439347605,0.1561899185180664
0.2899797570850202,0.5081549439347605,0.15632283687591553
0.29048582995951416,0.5081549439347605,0.1563768982887268
0.29048582995951416,0.508664627930683,0.1563912034034729
0.2909919028340081,0.508664627930683,0.15639716386795044
0.2909919028340081,0.5091743119266054,0.15650969743728638
0.291497975708502,0.5091743119266054,0.15659493207931519
0.29200404858299595,0.5091743119266054,0.15662622451782227
0.2925101214574899,0.5091743119266054,0.15663373470306396
0.2930161943319838,0.5091743119266054,0.15663927793502808
0.2930161943319838,0.509683995922528,0.15668100118637085
0.2935222672064777,0.509683995922528,0.15675002336502075
0.2935222672064777,0.5101936799184505,0.1567510962486267
0.2940283400809717,0.5101936799184505,0.15676403045654297
0.2940283400809717,0.5107033639143731,0.15678298473358154
0.29453441295546556,0.5107033639143731,0.15678727626800537
0.2950404858299595,0.5107033639143731,0.15683728456497192
0.29554655870445345,0.5107033639143731,0.1568596363067627
0.29554655870445345,0.5112130479102956,0.15686923265457153
0.29605263157894735,0.5112130479102956,0.1569640040397644
0.29605263157894735,0.5117227319062182,0.15698844194412231
0.2965587044534413,0.5117227319062182,0.157032310962677
0.29706477732793524,0.5117227319062182,0.1570555567741394
0.2975708502024291,0.5117227319062182,0.15706175565719604
0.2975708502024291,0.5122324159021406,0.15710800886154175
0.2980769230769231,0.5122324159021406,0.1571170687675476
0.298582995951417,0.5122324159021406,0.15711873769760132
0.2990890688259109,0.5122324159021406,0.15712374448776245
0.2990890688259109,0.5127420998980632,0.15720021724700928
0.29959514170040485,0.5127420998980632,0.15721368789672852
0.3006072874493927,0.5127420998980632,0.15723168849945068
0.3006072874493927,0.5132517838939857,0.1573004126548767
0.3006072874493927,0.5137614678899083,0.15736204385757446
0.30111336032388664,0.5137614678899083,0.1574784517288208
0.30111336032388664,0.5142711518858308,0.15749269723892212
0.3016194331983806,0.5142711518858308,0.15757429599761963
0.3016194331983806,0.5147808358817533,0.157667875289917
0.3016194331983806,0.5152905198776758,0.1577155590057373
0.3016194331983806,0.5158002038735984,0.15775102376937866
0.3016194331983806,0.5163098878695209,0.15786248445510864
0.3021255060728745,0.5163098878695209,0.1578802466392517
0.3026315789473684,0.5163098878695209,0.1578984260559082
0.3026315789473684,0.5168195718654435,0.1579260230064392
0.3026315789473684,0.5173292558613659,0.15792715549468994
0.30313765182186236,0.5173292558613659,0.15795844793319702
0.30313765182186236,0.5178389398572885,0.15795987844467163
0.30364372469635625,0.5178389398572885,0.15808266401290894
0.3041497975708502,0.5178389398572885,0.1581897735595703
0.3041497975708502,0.518348623853211,0.15819227695465088
0.30465587044534415,0.518348623853211,0.15827572345733643
0.30516194331983804,0.518348623853211,0.15829527378082275
0.305668016194332,0.518348623853211,0.15834879875183105
0.3061740890688259,0.518348623853211,0.15839546918869019
0.3061740890688259,0.5188583078491336,0.15842938423156738
0.3066801619433198,0.5188583078491336,0.1584336757659912
0.30718623481781376,0.5188583078491336,0.15850162506103516
0.3076923076923077,0.5188583078491336,0.15855610370635986
0.3081983805668016,0.5188583078491336,0.15859436988830566
0.30870445344129555,0.5188583078491336,0.1586570143699646
0.3092105263157895,0.5188583078491336,0.15871596336364746
0.3092105263157895,0.5193679918450561,0.15873152017593384
0.3097165991902834,0.5193679918450561,0.1588152050971985
0.3102226720647773,0.5193679918450561,0.15885096788406372
0.3102226720647773,0.5198776758409785,0.1589224934577942
0.3107287449392713,0.5198776758409785,0.15894407033920288
0.3107287449392713,0.5203873598369011,0.15896904468536377
0.3107287449392713,0.5208970438328236,0.1589885950088501
0.31123481781376516,0.5208970438328236,0.15899401903152466
0.3117408906882591,0.5208970438328236,0.15904450416564941
0.3117408906882591,0.5214067278287462,0.15916335582733154
0.31224696356275305,0.5214067278287462,0.1591840386390686
0.3132591093117409,0.5214067278287462,0.15918821096420288
0.31376518218623484,0.5214067278287462,0.1592404842376709
0.31376518218623484,0.5219164118246687,0.15926086902618408
0.3142712550607287,0.5219164118246687,0.15928614139556885
0.3142712550607287,0.5224260958205912,0.15935593843460083
0.3142712550607287,0.5229357798165137,0.1594899296760559
0.3147773279352227,0.5229357798165137,0.15949463844299316
0.3152834008097166,0.5229357798165137,0.15950238704681396
0.3152834008097166,0.5234454638124363,0.15952366590499878
0.3152834008097166,0.5239551478083588,0.15968084335327148
0.3157894736842105,0.5239551478083588,0.15969061851501465
0.3157894736842105,0.5244648318042814,0.1597346067428589
0.3157894736842105,0.5249745158002038,0.15974628925323486
0.31629554655870445,0.5249745158002038,0.1599196195602417
0.3168016194331984,0.5249745158002038,0.15995484590530396
0.3173076923076923,0.5249745158002038,0.16000288724899292
0.3173076923076923,0.5254841997961264,0.160025954246521
0.31781376518218624,0.5254841997961264,0.1600503921508789
0.3183198380566802,0.5254841997961264,0.16007155179977417
0.3188259109311741,0.5254841997961264,0.16007816791534424
0.31983805668016196,0.5254841997961264,0.16009515523910522
0.3208502024291498,0.5254841997961264,0.16011255979537964
0.32186234817813764,0.5254841997961264,0.16020536422729492
0.32186234817813764,0.5259938837920489,0.16021597385406494
0.3223684210526316,0.5259938837920489,0.16023844480514526
0.3228744939271255,0.5259938837920489,0.16028541326522827
0.3228744939271255,0.5265035677879715,0.160294771194458
0.3233805668016194,0.5265035677879715,0.16035538911819458
0.32388663967611336,0.5265035677879715,0.16040176153182983
0.3243927125506073,0.5265035677879715,0.1604565978050232
0.3243927125506073,0.527013251783894,0.16046494245529175
0.3248987854251012,0.527013251783894,0.16048753261566162
0.3248987854251012,0.5275229357798165,0.16056901216506958
0.32540485829959515,0.5275229357798165,0.16061615943908691
0.32540485829959515,0.528032619775739,0.16069722175598145
0.32540485829959515,0.5285423037716616,0.16069966554641724
0.32540485829959515,0.5290519877675841,0.16071325540542603
0.32540485829959515,0.5295616717635067,0.16078555583953857
0.32540485829959515,0.5300713557594292,0.16080403327941895
0.32540485829959515,0.5305810397553516,0.16084861755371094
0.3259109311740891,0.5305810397553516,0.16088497638702393
0.326417004048583,0.5305810397553516,0.1609298586845398
0.3269230769230769,0.5305810397553516,0.16095447540283203
0.3269230769230769,0.5310907237512742,0.16098791360855103
0.3274291497975709,0.5310907237512742,0.16110539436340332
0.32793522267206476,0.5310907237512742,0.16112858057022095
0.32793522267206476,0.5316004077471967,0.16117829084396362
0.32793522267206476,0.5321100917431193,0.1611819863319397
0.3284412955465587,0.5321100917431193,0.16127020120620728
0.3284412955465587,0.5326197757390418,0.1613478660583496
0.3284412955465587,0.5331294597349643,0.16137701272964478
0.3284412955465587,0.5336391437308868,0.16147547960281372
0.32894736842105265,0.5336391437308868,0.16148358583450317
0.32894736842105265,0.5341488277268094,0.16150760650634766
0.32894736842105265,0.5346585117227319,0.16154253482818604
0.32894736842105265,0.5351681957186545,0.1616005301475525
0.32894736842105265,0.5356778797145769,0.16160809993743896
0.32894736842105265,0.5361875637104995,0.16161376237869263
0.32894736842105265,0.536697247706422,0.16195148229599
0.32894736842105265,0.5372069317023446,0.16196030378341675
0.32945344129554655,0.5372069317023446,0.16199719905853271
0.3299595141700405,0.5372069317023446,0.16201567649841309
0.33046558704453444,0.5372069317023446,0.16204875707626343
0.3309716599190283,0.5372069317023446,0.1620546579360962
0.3309716599190283,0.5377166156982671,0.16219717264175415
0.3314777327935223,0.5377166156982671,0.16235125064849854
0.3314777327935223,0.5382262996941896,0.16235148906707764
0.3324898785425101,0.5382262996941896,0.16237235069274902
0.33299595141700405,0.5382262996941896,0.16239821910858154
0.333502024291498,0.5382262996941896,0.16240465641021729
0.3340080971659919,0.5382262996941896,0.16245192289352417
0.3340080971659919,0.5387359836901121,0.16247206926345825
0.33451417004048584,0.5387359836901121,0.16251415014266968
0.3350202429149798,0.5387359836901121,0.1625586748123169
0.3355263157894737,0.5387359836901121,0.16256409883499146
0.3355263157894737,0.5392456676860347,0.16257143020629883
0.3355263157894737,0.5397553516819572,0.1626189947128296
0.33653846153846156,0.5397553516819572,0.16265273094177246
0.33704453441295545,0.5397553516819572,0.16268682479858398
0.3375506072874494,0.5397553516819572,0.1626904010772705
0.33805668016194335,0.5397553516819572,0.16276884078979492
0.33805668016194335,0.5402650356778798,0.1627829670906067
0.33856275303643724,0.5402650356778798,0.16278332471847534
0.3390688259109312,0.5402650356778798,0.16283923387527466
0.3395748987854251,0.5402650356778798,0.1628820300102234
0.3395748987854251,0.5407747196738022,0.16295206546783447
0.3395748987854251,0.5412844036697247,0.16295409202575684
0.3395748987854251,0.5417940876656473,0.1629771590232849
0.3395748987854251,0.5423037716615698,0.1630403995513916
0.3395748987854251,0.5428134556574924,0.16308897733688354
0.340080971659919,0.5428134556574924,0.16309314966201782
0.34058704453441296,0.5428134556574924,0.1630992293357849
0.34058704453441296,0.5433231396534148,0.16310244798660278
0.3410931174089069,0.5433231396534148,0.1631050705909729
0.3410931174089069,0.5438328236493374,0.16317826509475708
0.3415991902834008,0.5438328236493374,0.16320693492889404
0.3415991902834008,0.5443425076452599,0.16325491666793823
0.34210526315789475,0.5443425076452599,0.16331517696380615
0.34210526315789475,0.5448521916411825,0.16346704959869385
0.3426113360323887,0.5448521916411825,0.1634708046913147
0.3426113360323887,0.545361875637105,0.16353344917297363
0.3431174089068826,0.545361875637105,0.16354650259017944
0.3431174089068826,0.5458715596330275,0.16355788707733154
0.3431174089068826,0.54638124362895,0.16364020109176636
0.3431174089068826,0.5468909276248726,0.16370201110839844
0.3436234817813765,0.5468909276248726,0.1637883186340332
0.3441295546558704,0.5468909276248726,0.16384023427963257
0.34463562753036436,0.5468909276248726,0.16386932134628296
0.34463562753036436,0.5474006116207951,0.16389650106430054
0.34463562753036436,0.5479102956167177,0.16392743587493896
0.34463562753036436,0.5484199796126402,0.16394948959350586
0.3451417004048583,0.5484199796126402,0.16396421194076538
0.3451417004048583,0.5489296636085627,0.16397446393966675
0.3456477732793522,0.5489296636085627,0.163987398147583
0.3456477732793522,0.5494393476044852,0.1640593409538269
0.3456477732793522,0.5499490316004078,0.16416674852371216
0.34615384615384615,0.5499490316004078,0.16428416967391968
0.34615384615384615,0.5504587155963303,0.164331316947937
0.34615384615384615,0.5509683995922529,0.16433167457580566
0.34615384615384615,0.5514780835881753,0.16437000036239624
0.34615384615384615,0.5519877675840978,0.16441255807876587
0.3466599190283401,0.5519877675840978,0.16447144746780396
0.347165991902834,0.5519877675840978,0.1645033359527588
0.3476720647773279,0.5519877675840978,0.16457056999206543
0.3481781376518219,0.5519877675840978,0.16463613510131836
0.34868421052631576,0.5519877675840978,0.1646696925163269
0.3491902834008097,0.5519877675840978,0.16467338800430298
0.34969635627530365,0.5519877675840978,0.16475462913513184
0.34969635627530365,0.5524974515800204,0.1647547483444214
0.35020242914979755,0.5524974515800204,0.16476762294769287
0.35020242914979755,0.5530071355759429,0.1648033857345581
0.3507085020242915,0.5530071355759429,0.16481691598892212
0.3507085020242915,0.5535168195718655,0.16489005088806152
0.3507085020242915,0.5540265035677879,0.16489648818969727
0.35121457489878544,0.5540265035677879,0.16495412588119507
0.3517206477732793,0.5540265035677879,0.16496270895004272
0.3522267206477733,0.5540265035677879,0.16497141122817993
0.3522267206477733,0.5545361875637105,0.16501915454864502
0.3527327935222672,0.5545361875637105,0.16503804922103882
0.3532388663967611,0.5545361875637105,0.16504395008087158
0.3532388663967611,0.555045871559633,0.16507560014724731
0.35374493927125505,0.555045871559633,0.16508013010025024
0.354251012145749,0.555045871559633,0.1651533842086792
0.3547570850202429,0.555045871559633,0.16522324085235596
0.35526315789473684,0.555045871559633,0.16526716947555542
0.3557692307692308,0.555045871559633,0.16528314352035522
0.3562753036437247,0.555045871559633,0.16528725624084473
0.3567813765182186,0.555045871559633,0.1653469204902649
0.35779352226720645,0.555045871559633,0.16534799337387085
0.35779352226720645,0.5555555555555556,0.16540080308914185
0.35779352226720645,0.5560652395514781,0.16542267799377441
0.3582995951417004,0.5560652395514781,0.16544806957244873
0.35880566801619435,0.5560652395514781,0.16548311710357666
0.35880566801619435,0.5565749235474006,0.1655229926109314
0.3598178137651822,0.5565749235474006,0.1655423641204834
0.3603238866396761,0.5565749235474006,0.16556411981582642
0.3603238866396761,0.5570846075433231,0.16558712720870972
0.36082995951417,0.5570846075433231,0.16563379764556885
0.36133603238866396,0.5570846075433231,0.16563767194747925
0.3618421052631579,0.5570846075433231,0.16567856073379517
0.3623481781376518,0.5570846075433231,0.16574758291244507
0.3623481781376518,0.5575942915392457,0.16578298807144165
0.36285425101214575,0.5575942915392457,0.16580939292907715
0.3633603238866397,0.5575942915392457,0.1658293604850769
0.3633603238866397,0.5581039755351682,0.1658654808998108
0.3633603238866397,0.5586136595310908,0.1658976674079895
0.3638663967611336,0.5586136595310908,0.16591691970825195
0.3638663967611336,0.5591233435270132,0.16600090265274048
0.3643724696356275,0.5591233435270132,0.16603082418441772
0.3648785425101215,0.5591233435270132,0.16608548164367676
0.36538461538461536,0.5591233435270132,0.16620951890945435
0.36538461538461536,0.5596330275229358,0.16627871990203857
0.36538461538461536,0.5601427115188583,0.16629040241241455
0.36538461538461536,0.5606523955147809,0.16629266738891602
0.36538461538461536,0.5611620795107034,0.1663053035736084
0.36538461538461536,0.5616717635066258,0.16632145643234253
0.3658906882591093,0.5616717635066258,0.1663583517074585
0.3658906882591093,0.5621814475025484,0.16636216640472412
0.3658906882591093,0.5626911314984709,0.16637706756591797
0.3658906882591093,0.5632008154943935,0.16640543937683105
0.3658906882591093,0.563710499490316,0.1664615273475647
0.3658906882591093,0.5642201834862385,0.1665400266647339
0.3658906882591093,0.564729867482161,0.16654282808303833
0.3658906882591093,0.5652395514780836,0.16654640436172485
0.36639676113360325,0.5652395514780836,0.16658884286880493
0.36690283400809715,0.5652395514780836,0.1666051745414734
0.3674089068825911,0.5652395514780836,0.1666250228881836
0.36791497975708504,0.5652395514780836,0.1666296124458313
0.3684210526315789,0.5652395514780836,0.16664260625839233
0.3694331983805668,0.5652395514780836,0.1667044758796692
0.3694331983805668,0.5657492354740061,0.16673237085342407
0.3699392712550607,0.5657492354740061,0.1667880415916443
0.37044534412955465,0.5657492354740061,0.16686022281646729
0.37044534412955465,0.5662589194699287,0.16701173782348633
0.37044534412955465,0.5667686034658511,0.16701430082321167
0.3709514170040486,0.5667686034658511,0.16708707809448242
0.3709514170040486,0.5672782874617737,0.1670956015586853
0.3714574898785425,0.5672782874617737,0.1672411561012268
0.3714574898785425,0.5677879714576962,0.16725397109985352
0.3714574898785425,0.5682976554536188,0.16725724935531616
0.3724696356275304,0.5682976554536188,0.16735833883285522
0.3724696356275304,0.5688073394495413,0.16738879680633545
0.3724696356275304,0.5693170234454639,0.16741925477981567
0.3724696356275304,0.5698267074413863,0.1674482226371765
0.3729757085020243,0.5698267074413863,0.16747212409973145
0.3729757085020243,0.5703363914373089,0.16751402616500854
0.3729757085020243,0.5708460754332314,0.16753697395324707
0.3729757085020243,0.571355759429154,0.16763323545455933
0.3729757085020243,0.5718654434250765,0.16763973236083984
0.3734817813765182,0.5718654434250765,0.16764158010482788
0.37398785425101216,0.5718654434250765,0.16765403747558594
0.37398785425101216,0.5723751274209989,0.1676657795906067
0.37398785425101216,0.5728848114169215,0.16775405406951904
0.37398785425101216,0.573394495412844,0.16776657104492188
0.375,0.573394495412844,0.1677805781364441
0.375,0.5739041794087666,0.16794973611831665
0.375,0.5744138634046891,0.16801238059997559
0.375,0.5749235474006116,0.16810214519500732
0.375,0.5754332313965341,0.16817885637283325
0.375,0.5759429153924567,0.16820687055587769
0.37550607287449395,0.5759429153924567,0.16831719875335693
0.37601214574898784,0.5759429153924567,0.16832149028778076
0.37601214574898784,0.5764525993883792,0.16837036609649658
0.37601214574898784,0.5769622833843018,0.16838544607162476
0.37601214574898784,0.5774719673802242,0.16838997602462769
0.3765182186234818,0.5774719673802242,0.16840004920959473
0.3765182186234818,0.5779816513761468,0.16840147972106934
0.3765182186234818,0.5784913353720693,0.16849285364151
0.3765182186234818,0.5790010193679919,0.16849619150161743
0.3770242914979757,0.5790010193679919,0.1685991883277893
0.3770242914979757,0.5795107033639144,0.1686576008796692
0.3770242914979757,0.5800203873598369,0.16875040531158447
0.3775303643724696,0.5800203873598369,0.16883182525634766
0.37803643724696356,0.5800203873598369,0.16885578632354736
0.37803643724696356,0.5805300713557594,0.16887348890304565
0.37803643724696356,0.581039755351682,0.1689024567604065
0.3785425101214575,0.581039755351682,0.16893869638442993
0.3785425101214575,0.5815494393476045,0.16900032758712769
0.3790485829959514,0.5815494393476045,0.16901040077209473
0.37955465587044535,0.5815494393476045,0.1690344214439392
0.3800607287449393,0.5815494393476045,0.1690577268600464
0.3805668016194332,0.5815494393476045,0.16906237602233887
0.3810728744939271,0.5815494393476045,0.16913354396820068
0.3810728744939271,0.582059123343527,0.16915452480316162
0.3815789473684211,0.582059123343527,0.16917270421981812
0.38208502024291496,0.582059123343527,0.16920560598373413
0.3825910931174089,0.582059123343527,0.16921299695968628
0.38309716599190285,0.582059123343527,0.16921937465667725
0.38360323886639675,0.582059123343527,0.16926348209381104
0.38360323886639675,0.5825688073394495,0.16927093267440796
0.3841093117408907,0.5825688073394495,0.16927850246429443
0.38461538461538464,0.5825688073394495,0.16929703950881958
0.3851214574898785,0.5825688073394495,0.16935813426971436
0.3856275303643725,0.5825688073394495,0.1693650484085083
0.3861336032388664,0.5825688073394495,0.16939228773117065
0.3861336032388664,0.583078491335372,0.1694633960723877
0.3866396761133603,0.583078491335372,0.16952061653137207
0.3866396761133603,0.5835881753312946,0.1695384979248047
0.38714574898785425,0.5835881753312946,0.16956192255020142
0.3876518218623482,0.5835881753312946,0.16958171129226685
0.3881578947368421,0.5835881753312946,0.16961634159088135
0.38866396761133604,0.5835881753312946,0.16962039470672607
0.38917004048583,0.5835881753312946,0.16962099075317383
0.3896761133603239,0.5835881753312946,0.16967791318893433
0.3896761133603239,0.5840978593272171,0.16973966360092163
0.3901821862348178,0.5840978593272171,0.1697402000427246
0.39068825910931176,0.5840978593272171,0.169746994972229
0.39119433198380565,0.5840978593272171,0.16977041959762573
0.39119433198380565,0.5846075433231397,0.1697988510131836
0.39119433198380565,0.5851172273190621,0.16981381177902222
0.3917004048582996,0.5851172273190621,0.16984689235687256
0.39220647773279355,0.5851172273190621,0.16984915733337402
0.39271255060728744,0.5851172273190621,0.16988062858581543
0.3932186234817814,0.5851172273190621,0.16990697383880615
0.3937246963562753,0.5851172273190621,0.16991865634918213
0.3937246963562753,0.5856269113149847,0.16996902227401733
0.3942307692307692,0.5856269113149847,0.17003220319747925
0.39473684210526316,0.5856269113149847,0.17003226280212402
0.39473684210526316,0.5861365953109072,0.17009222507476807
0.39473684210526316,0.5866462793068298,0.17013418674468994
0.39473684210526316,0.5871559633027523,0.17013627290725708
0.39473684210526316,0.5876656472986749,0.17017918825149536
0.39473684210526316,0.5881753312945973,0.17023873329162598
0.3952429149797571,0.5881753312945973,0.17025721073150635
0.3952429149797571,0.5886850152905199,0.17028748989105225
0.395748987854251,0.5886850152905199,0.1703779101371765
0.395748987854251,0.5891946992864424,0.170474112033844
0.395748987854251,0.589704383282365,0.17049533128738403
0.395748987854251,0.5902140672782875,0.17051559686660767
0.395748987854251,0.59072375127421,0.17051976919174194
0.395748987854251,0.5912334352701325,0.170521080493927
0.39625506072874495,0.5912334352701325,0.1705581545829773
0.39625506072874495,0.591743119266055,0.17059165239334106
0.3967611336032389,0.591743119266055,0.17059683799743652
0.3967611336032389,0.5922528032619776,0.17064237594604492
0.3967611336032389,0.5927624872579002,0.1706579327583313
0.3972672064777328,0.5927624872579002,0.17078280448913574
0.3972672064777328,0.5932721712538226,0.17086541652679443
0.3977732793522267,0.5932721712538226,0.17092454433441162
0.3982793522267207,0.5932721712538226,0.17093884944915771
0.3982793522267207,0.5937818552497451,0.1709805130958557
0.39878542510121456,0.5937818552497451,0.17100059986114502
0.39878542510121456,0.5942915392456677,0.1710754632949829
0.39878542510121456,0.5948012232415902,0.1710972785949707
0.39979757085020245,0.5948012232415902,0.17114877700805664
0.40030364372469635,0.5948012232415902,0.17117410898208618
0.4008097165991903,0.5948012232415902,0.17119574546813965
0.40131578947368424,0.5948012232415902,0.17122137546539307
0.40131578947368424,0.5953109072375128,0.17126238346099854
0.4018218623481781,0.5953109072375128,0.17140120267868042
0.4023279352226721,0.5953109072375128,0.17154455184936523
0.402834008097166,0.5953109072375128,0.17156881093978882
0.4033400809716599,0.5953109072375128,0.17158377170562744
0.40384615384615385,0.5953109072375128,0.17164987325668335
0.4043522267206478,0.5953109072375128,0.1716749668121338
0.4048582995951417,0.5953109072375128,0.17167598009109497
0.4048582995951417,0.5958205912334352,0.17172616720199585
0.4048582995951417,0.5963302752293578,0.17180311679840088
0.4048582995951417,0.5968399592252803,0.17181611061096191
0.4048582995951417,0.5973496432212029,0.17193752527236938
0.40536437246963564,0.5973496432212029,0.17195701599121094
0.40536437246963564,0.5978593272171254,0.1720137596130371
0.4058704453441296,0.5978593272171254,0.1720418930053711
0.4058704453441296,0.5983690112130479,0.17208331823349
0.4058704453441296,0.5988786952089704,0.1722034215927124
0.4063765182186235,0.5988786952089704,0.172374427318573
0.4063765182186235,0.599388379204893,0.1723783016204834
0.4068825910931174,0.599388379204893,0.17241144180297852
0.4068825910931174,0.5998980632008155,0.17249488830566406
0.4068825910931174,0.6004077471967381,0.17253512144088745
0.4073886639676113,0.6004077471967381,0.17257213592529297
0.40789473684210525,0.6004077471967381,0.17257952690124512
0.4084008097165992,0.6004077471967381,0.17259663343429565
0.4084008097165992,0.6009174311926605,0.17262983322143555
0.4089068825910931,0.6009174311926605,0.17266172170639038
0.40941295546558704,0.6009174311926605,0.17269694805145264
0.409919028340081,0.6009174311926605,0.17272359132766724
0.409919028340081,0.601427115188583,0.17272406816482544
0.4104251012145749,0.601427115188583,0.1727772355079651
0.4104251012145749,0.6019367991845056,0.17278790473937988
0.4109311740890688,0.6019367991845056,0.1728556752204895
0.41143724696356276,0.6019367991845056,0.17292696237564087
0.41143724696356276,0.6024464831804281,0.17296767234802246
0.41143724696356276,0.6029561671763507,0.1730169653892517
0.41143724696356276,0.6034658511722731,0.17304158210754395
0.41194331983805665,0.6034658511722731,0.17307263612747192
0.41194331983805665,0.6039755351681957,0.17308038473129272
0.41295546558704455,0.6039755351681957,0.17317992448806763
0.41295546558704455,0.6044852191641182,0.17321062088012695
0.41295546558704455,0.6049949031600408,0.1732337474822998
0.41295546558704455,0.6055045871559633,0.17323821783065796
0.41346153846153844,0.6055045871559633,0.17325186729431152
0.4139676113360324,0.6055045871559633,0.1733289361000061
0.4139676113360324,0.6060142711518859,0.17337077856063843
0.4144736842105263,0.6060142711518859,0.17339932918548584
0.4149797570850202,0.6060142711518859,0.17340457439422607
0.41548582995951416,0.6060142711518859,0.17342573404312134
0.41548582995951416,0.6065239551478083,0.17347609996795654
0.41548582995951416,0.6070336391437309,0.17347925901412964
0.4159919028340081,0.6070336391437309,0.173508882522583
0.416497975708502,0.6070336391437309,0.17352861166000366
0.416497975708502,0.6075433231396534,0.17355215549468994
0.41700404858299595,0.6075433231396534,0.17357474565505981
0.41700404858299595,0.608053007135576,0.1736045479774475
0.4175101214574899,0.608053007135576,0.17362511157989502
0.4175101214574899,0.6085626911314985,0.17365264892578125
0.4175101214574899,0.609072375127421,0.1736541986465454
0.4175101214574899,0.6095820591233435,0.1736994981765747
0.4175101214574899,0.6100917431192661,0.17370307445526123
0.4180161943319838,0.6100917431192661,0.17370474338531494
0.4185222672064777,0.6100917431192661,0.17370903491973877
0.4190283400809717,0.6100917431192661,0.17383581399917603
0.41953441295546556,0.6100917431192661,0.17383700609207153
0.4200404858299595,0.6100917431192661,0.17393457889556885
0.4200404858299595,0.6106014271151886,0.17393529415130615
0.4200404858299595,0.6111111111111112,0.17397582530975342
0.4200404858299595,0.6116207951070336,0.17399215698242188
0.42054655870445345,0.6116207951070336,0.1740044355392456
0.42105263157894735,0.6116207951070336,0.17410695552825928
0.42105263157894735,0.6121304791029561,0.17410945892333984
0.4215587044534413,0.6121304791029561,0.174127459526062
0.42206477732793524,0.6121304791029561,0.17412841320037842
0.42206477732793524,0.6126401630988787,0.17412859201431274
0.4225708502024291,0.6126401630988787,0.17413359880447388
0.4230769230769231,0.6126401630988787,0.17416930198669434
0.423582995951417,0.6126401630988787,0.17417055368423462
0.4240890688259109,0.6126401630988787,0.17419320344924927
0.42459514170040485,0.6126401630988787,0.17433953285217285
0.42459514170040485,0.6131498470948012,0.1743696928024292
0.42459514170040485,0.6136595310907238,0.17438405752182007
0.4251012145748988,0.6136595310907238,0.17443621158599854
0.4256072874493927,0.6136595310907238,0.17447543144226074
0.42611336032388664,0.6136595310907238,0.17447644472122192
0.4266194331983806,0.6136595310907238,0.17450952529907227
0.4266194331983806,0.6141692150866462,0.17453783750534058
0.4271255060728745,0.6141692150866462,0.17457926273345947
0.4271255060728745,0.6146788990825688,0.17458319664001465
0.4276315789473684,0.6146788990825688,0.17460179328918457
0.42813765182186236,0.6146788990825688,0.17467433214187622
0.42864372469635625,0.6146788990825688,0.17474424839019775
0.4291497975708502,0.6146788990825688,0.17474597692489624
0.4291497975708502,0.6151885830784913,0.17475318908691406
0.4291497975708502,0.6156982670744139,0.17484432458877563
0.4291497975708502,0.6162079510703364,0.17485451698303223
0.42965587044534415,0.6162079510703364,0.17487365007400513
0.42965587044534415,0.6167176350662589,0.1748782992362976
0.42965587044534415,0.6172273190621814,0.17488598823547363
0.43016194331983804,0.6172273190621814,0.1749488115310669
0.43016194331983804,0.617737003058104,0.17495763301849365
0.43016194331983804,0.6182466870540265,0.17497289180755615
0.43016194331983804,0.6187563710499491,0.17514634132385254
0.430668016194332,0.6187563710499491,0.1751890778541565
0.430668016194332,0.6192660550458715,0.17520993947982788
0.4311740890688259,0.6192660550458715,0.17522591352462769
0.4311740890688259,0.6197757390417941,0.17523133754730225
0.4311740890688259,0.6202854230377166,0.17525553703308105
0.43218623481781376,0.6202854230377166,0.17529475688934326
0.4326923076923077,0.6202854230377166,0.17532706260681152
0.4331983805668016,0.6202854230377166,0.17532819509506226
0.43370445344129555,0.6202854230377166,0.17535942792892456
0.43370445344129555,0.6207951070336392,0.17544299364089966
0.4342105263157895,0.6207951070336392,0.17548996210098267
0.4347165991902834,0.6207951070336392,0.17551970481872559
0.4347165991902834,0.6213047910295617,0.17554891109466553
0.4352226720647773,0.6213047910295617,0.17558354139328003
0.4352226720647773,0.6218144750254841,0.17558890581130981
0.4352226720647773,0.6223241590214067,0.17560362815856934
0.4357287449392713,0.6223241590214067,0.1756342053413391
0.4357287449392713,0.6228338430173292,0.1756916642189026
0.43623481781376516,0.6228338430173292,0.17570030689239502
0.43623481781376516,0.6233435270132518,0.1757015585899353
0.43623481781376516,0.6238532110091743,0.17573535442352295
0.4367408906882591,0.6238532110091743,0.17577487230300903
0.4367408906882591,0.6243628950050968,0.17587363719940186
0.4367408906882591,0.6248725790010193,0.17604070901870728
0.4367408906882591,0.6253822629969419,0.1760573387145996
0.43724696356275305,0.6253822629969419,0.17615652084350586
0.43724696356275305,0.6258919469928644,0.17618513107299805
0.43724696356275305,0.626401630988787,0.17624115943908691
0.43775303643724695,0.626401630988787,0.17627882957458496
0.43775303643724695,0.6269113149847095,0.17628377676010132
0.4382591093117409,0.6269113149847095,0.17638057470321655
0.4382591093117409,0.627420998980632,0.17640042304992676
0.43876518218623484,0.627420998980632,0.17641925811767578
0.4392712550607287,0.627420998980632,0.17648100852966309
0.4392712550607287,0.6279306829765545,0.1764925718307495
0.4392712550607287,0.6284403669724771,0.17649734020233154
0.4397773279352227,0.6284403669724771,0.17658114433288574
0.4397773279352227,0.6289500509683996,0.17665159702301025
0.4402834008097166,0.6289500509683996,0.1766817569732666
0.4402834008097166,0.6294597349643222,0.1766844391822815
0.4402834008097166,0.6299694189602446,0.17668825387954712
0.4407894736842105,0.6299694189602446,0.17671090364456177
0.44129554655870445,0.6299694189602446,0.17676395177841187
0.44129554655870445,0.6304791029561672,0.17677032947540283
0.4418016194331984,0.6304791029561672,0.17685508728027344
0.4418016194331984,0.6309887869520897,0.17685949802398682
0.4418016194331984,0.6314984709480123,0.1769319772720337
0.4418016194331984,0.6320081549439348,0.17697274684906006
0.4418016194331984,0.6325178389398572,0.17698252201080322
0.4423076923076923,0.6325178389398572,0.1770142912864685
0.4423076923076923,0.6330275229357798,0.17701876163482666
0.44281376518218624,0.6330275229357798,0.17705833911895752
0.4433198380566802,0.6330275229357798,0.17706024646759033
0.4433198380566802,0.6335372069317023,0.17707377672195435
0.4438259109311741,0.6335372069317023,0.17708146572113037
0.444331983805668,0.6335372069317023,0.17710071802139282
0.44483805668016196,0.6335372069317023,0.17710232734680176
0.44534412955465585,0.6335372069317023,0.17716485261917114
0.4458502024291498,0.6335372069317023,0.17727279663085938
0.44635627530364375,0.6335372069317023,0.17742788791656494
0.44686234817813764,0.6335372069317023,0.1774699091911316
0.4473684210526316,0.6335372069317023,0.1774776577949524
0.4478744939271255,0.6335372069317023,0.1775749921798706
0.4478744939271255,0.6340468909276249,0.1776670217514038
0.4483805668016194,0.6340468909276249,0.17770183086395264
0.4483805668016194,0.6345565749235474,0.17774277925491333
0.44888663967611336,0.6345565749235474,0.177806556224823
0.4493927125506073,0.6345565749235474,0.1778566837310791
0.4498987854251012,0.6345565749235474,0.17787820100784302
0.4498987854251012,0.6350662589194699,0.1778983473777771
0.45040485829959515,0.6350662589194699,0.17791473865509033
0.4509109311740891,0.6350662589194699,0.1779915690422058
0.4509109311740891,0.6355759429153924,0.1780545711517334
0.4509109311740891,0.636085626911315,0.17805546522140503
0.451417004048583,0.636085626911315,0.17806625366210938
0.4519230769230769,0.636085626911315,0.17807060480117798
0.4519230769230769,0.6365953109072375,0.1780746579170227
0.4524291497975709,0.6365953109072375,0.1781247854232788
0.4524291497975709,0.6371049949031601,0.17812621593475342
0.4524291497975709,0.6376146788990825,0.1781630516052246
0.45293522267206476,0.6376146788990825,0.17818045616149902
0.4534412955465587,0.6376146788990825,0.17820048332214355
0.45394736842105265,0.6376146788990825,0.1782354712486267
0.45445344129554655,0.6376146788990825,0.17826217412948608
0.4549595141700405,0.6376146788990825,0.17828118801116943
0.45546558704453444,0.6376146788990825,0.17828911542892456
0.45546558704453444,0.6381243628950051,0.1783244013786316
0.4559716599190283,0.6381243628950051,0.17840981483459473
0.4564777327935223,0.6381243628950051,0.1784290075302124
0.4564777327935223,0.6386340468909276,0.17843025922775269
0.4564777327935223,0.6391437308868502,0.1784571409225464
0.4564777327935223,0.6396534148827727,0.17850053310394287
0.4564777327935223,0.6401630988786952,0.17850738763809204
0.4564777327935223,0.6406727828746177,0.17851561307907104
0.4564777327935223,0.6411824668705403,0.1785176396369934
0.4564777327935223,0.6416921508664628,0.17852503061294556
0.4569838056680162,0.6416921508664628,0.17857515811920166
0.4569838056680162,0.6422018348623854,0.1785990595817566
0.4569838056680162,0.6427115188583078,0.17863750457763672
0.4574898785425101,0.6427115188583078,0.178644597530365
0.45799595141700405,0.6427115188583078,0.1786540150642395
0.45799595141700405,0.6432212028542303,0.1787281632423401
0.4590080971659919,0.6432212028542303,0.1787533164024353
0.45951417004048584,0.6432212028542303,0.17876756191253662
0.45951417004048584,0.6437308868501529,0.17878860235214233
0.4600202429149798,0.6437308868501529,0.17884713411331177
0.4600202429149798,0.6442405708460754,0.17890715599060059
0.4605263157894737,0.6442405708460754,0.17892062664031982
0.4610323886639676,0.6442405708460754,0.17895358800888062
0.46153846153846156,0.6442405708460754,0.1790369749069214
0.46153846153846156,0.644750254841998,0.1791090965270996
0.46204453441295545,0.644750254841998,0.17912554740905762
0.46204453441295545,0.6452599388379205,0.1791279911994934
0.4625506072874494,0.6452599388379205,0.17913931608200073
0.46305668016194335,0.6452599388379205,0.17915338277816772
0.46356275303643724,0.6452599388379205,0.17919117212295532
0.4640688259109312,0.6452599388379205,0.17920833826065063
0.4640688259109312,0.645769622833843,0.1792616844177246
0.4640688259109312,0.6462793068297655,0.17929625511169434
0.4640688259109312,0.6467889908256881,0.1793053150177002
0.4645748987854251,0.6467889908256881,0.17934131622314453
0.465080971659919,0.6467889908256881,0.17934292554855347
0.46558704453441296,0.6467889908256881,0.17935210466384888
0.46558704453441296,0.6472986748216106,0.17942267656326294
0.4660931174089069,0.6472986748216106,0.17943692207336426
0.4665991902834008,0.6472986748216106,0.17945420742034912
0.4665991902834008,0.6478083588175332,0.17946165800094604
0.46710526315789475,0.6478083588175332,0.1794893741607666
0.46710526315789475,0.6483180428134556,0.17960858345031738
0.4676113360323887,0.6483180428134556,0.17961305379867554
0.4681174089068826,0.6483180428134556,0.17961949110031128
0.4686234817813765,0.6483180428134556,0.17968839406967163
0.4686234817813765,0.6488277268093782,0.1797158122062683
0.4691295546558704,0.6488277268093782,0.17972469329833984
0.46963562753036436,0.6488277268093782,0.17973321676254272
0.4701417004048583,0.6488277268093782,0.1798563003540039
0.4701417004048583,0.6493374108053007,0.17986536026000977
0.4706477732793522,0.6493374108053007,0.1799006462097168
0.47115384615384615,0.6493374108053007,0.17991262674331665
0.47115384615384615,0.6498470948012233,0.17999166250228882
0.47115384615384615,0.6503567787971458,0.1800602674484253
0.47115384615384615,0.6508664627930683,0.18008679151535034
0.47115384615384615,0.6513761467889908,0.18010586500167847
0.4716599190283401,0.6513761467889908,0.18012338876724243
0.4716599190283401,0.6518858307849134,0.18015801906585693
0.472165991902834,0.6518858307849134,0.18016237020492554
0.4726720647773279,0.6518858307849134,0.18017148971557617
0.47368421052631576,0.6518858307849134,0.1801733374595642
0.4741902834008097,0.6518858307849134,0.18019944429397583
0.4741902834008097,0.6523955147808359,0.18022549152374268
0.47469635627530365,0.6523955147808359,0.18025189638137817
0.47469635627530365,0.6529051987767585,0.18026083707809448
0.47520242914979755,0.6529051987767585,0.18033039569854736
0.4757085020242915,0.6529051987767585,0.1803392767906189
0.47621457489878544,0.6529051987767585,0.18041867017745972
0.4767206477732793,0.6529051987767585,0.18042635917663574
0.4767206477732793,0.6534148827726809,0.180428147315979
0.4772267206477733,0.6534148827726809,0.1804896593093872
0.4772267206477733,0.6539245667686034,0.18052047491073608
0.4777327935222672,0.6539245667686034,0.18067508935928345
0.4777327935222672,0.654434250764526,0.1807107925415039
0.4782388663967611,0.654434250764526,0.1807369589805603
0.4782388663967611,0.6549439347604485,0.18079787492752075
0.47874493927125505,0.6549439347604485,0.1808154582977295
0.47874493927125505,0.6554536187563711,0.18105804920196533
0.47874493927125505,0.6559633027522935,0.1810646653175354
0.479251012145749,0.6559633027522935,0.18120938539505005
0.479251012145749,0.6564729867482161,0.18124252557754517
0.479251012145749,0.6569826707441386,0.18129092454910278
0.4797570850202429,0.6569826707441386,0.18138742446899414
0.4797570850202429,0.6574923547400612,0.18143492937088013
0.4797570850202429,0.6580020387359837,0.18146151304244995
0.48026315789473684,0.6580020387359837,0.18148934841156006
0.4807692307692308,0.6580020387359837,0.18149328231811523
0.4812753036437247,0.6580020387359837,0.18158739805221558
0.4817813765182186,0.6580020387359837,0.18161416053771973
0.48228744939271256,0.6580020387359837,0.1816461682319641
0.48279352226720645,0.6580020387359837,0.18176090717315674
0.48279352226720645,0.6585117227319062,0.1817992925643921
0.48279352226720645,0.6590214067278287,0.1818109154701233
0.48380566801619435,0.6590214067278287,0.18184053897857666
0.48431174089068824,0.6590214067278287,0.18184882402420044
0.4848178137651822,0.6590214067278287,0.18188267946243286
0.4853238866396761,0.6590214067278287,0.18191403150558472
0.4853238866396761,0.6595310907237513,0.18191468715667725
0.4853238866396761,0.6600407747196738,0.18195223808288574
0.4853238866396761,0.6605504587155964,0.18200206756591797
0.48582995951417,0.6605504587155964,0.18201500177383423
0.48582995951417,0.6610601427115188,0.18204456567764282
0.48633603238866396,0.6610601427115188,0.1820579171180725
0.48633603238866396,0.6615698267074414,0.1821550726890564
0.4868421052631579,0.6615698267074414,0.18216735124588013
0.4873481781376518,0.6615698267074414,0.18217825889587402
0.4873481781376518,0.6620795107033639,0.18232125043869019
0.4873481781376518,0.6625891946992865,0.18239784240722656
0.48785425101214575,0.6625891946992865,0.18246489763259888
0.4883603238866397,0.6625891946992865,0.1824837327003479
0.4888663967611336,0.6625891946992865,0.18250387907028198
0.4888663967611336,0.663098878695209,0.18251198530197144
0.4898785425101215,0.663098878695209,0.18253594636917114
0.49038461538461536,0.663098878695209,0.18254947662353516
0.49038461538461536,0.6636085626911316,0.18258380889892578
0.4908906882591093,0.6636085626911316,0.18258458375930786
0.4908906882591093,0.664118246687054,0.1827104091644287
0.49139676113360325,0.664118246687054,0.18276441097259521
0.49139676113360325,0.6646279306829765,0.18281716108322144
0.49139676113360325,0.6651376146788991,0.18283170461654663
0.49190283400809715,0.6651376146788991,0.1828758716583252
0.4924089068825911,0.6651376146788991,0.18292832374572754
0.4924089068825911,0.6656472986748216,0.1829426884651184
0.4924089068825911,0.6661569826707442,0.18294447660446167
0.49291497975708504,0.6661569826707442,0.18300795555114746
0.49291497975708504,0.6666666666666666,0.18306612968444824
0.49291497975708504,0.6671763506625892,0.1830822229385376
0.49291497975708504,0.6676860346585117,0.18320846557617188
0.4934210526315789,0.6676860346585117,0.18326133489608765
0.4939271255060729,0.6676860346585117,0.1832871437072754
0.4944331983805668,0.6676860346585117,0.18329107761383057
0.4949392712550607,0.6676860346585117,0.18329834938049316
0.4949392712550607,0.6681957186544343,0.18338239192962646
0.49544534412955465,0.6681957186544343,0.18339622020721436
0.49544534412955465,0.6687054026503568,0.18342167139053345
0.4959514170040486,0.6687054026503568,0.18345117568969727
0.4959514170040486,0.6692150866462793,0.1834539771080017
0.49696356275303644,0.6692150866462793,0.18345779180526733
0.49696356275303644,0.6697247706422018,0.18347126245498657
0.4974696356275304,0.6697247706422018,0.18347406387329102
0.4979757085020243,0.6697247706422018,0.183546781539917
0.4984817813765182,0.6697247706422018,0.1836090087890625
0.4984817813765182,0.6702344546381244,0.18361806869506836
0.4984817813765182,0.6707441386340469,0.18362003564834595
0.49898785425101216,0.6707441386340469,0.18364351987838745
0.49949392712550605,0.6707441386340469,0.18380403518676758
0.5,0.6707441386340469,0.18383800983428955
0.5005060728744939,0.6707441386340469,0.18386590480804443
0.5010121457489879,0.6707441386340469,0.18388068675994873
0.5015182186234818,0.6707441386340469,0.1838807463645935
0.5020242914979757,0.6707441386340469,0.18391543626785278
0.5020242914979757,0.6712538226299695,0.18398255109786987
0.5030364372469636,0.6712538226299695,0.1839882731437683
0.5030364372469636,0.6717635066258919,0.1840435266494751
0.5035425101214575,0.6717635066258919,0.18408536911010742
0.5035425101214575,0.6722731906218145,0.18411409854888916
0.5035425101214575,0.672782874617737,0.18418902158737183
0.5040485829959515,0.672782874617737,0.1841999888420105
0.5040485829959515,0.6732925586136596,0.1842091679573059
0.5045546558704453,0.6732925586136596,0.1842207908630371
0.5050607287449392,0.6732925586136596,0.18423277139663696
0.5050607287449392,0.6738022426095821,0.1842551827430725
0.5055668016194332,0.6738022426095821,0.18429160118103027
0.5055668016194332,0.6743119266055045,0.184340238571167
0.5055668016194332,0.6748216106014271,0.1845049262046814
0.5060728744939271,0.6748216106014271,0.1845065951347351
0.506578947368421,0.6748216106014271,0.1846100091934204
0.507085020242915,0.6748216106014271,0.18463128805160522
0.5075910931174089,0.6748216106014271,0.18464899063110352
0.5080971659919028,0.6748216106014271,0.18474483489990234
0.5086032388663968,0.6748216106014271,0.18475884199142456
0.5091093117408907,0.6748216106014271,0.18476057052612305
0.5091093117408907,0.6753312945973496,0.18478363752365112
0.5096153846153846,0.6753312945973496,0.18484467267990112
0.5101214574898786,0.6753312945973496,0.18495702743530273
0.5106275303643725,0.6753312945973496,0.1850246787071228
0.5111336032388664,0.6753312945973496,0.1850312352180481
0.5111336032388664,0.6758409785932722,0.18508541584014893
0.5116396761133604,0.6758409785932722,0.18510138988494873
0.5116396761133604,0.6763506625891947,0.18514055013656616
0.5121457489878543,0.6763506625891947,0.1851414442062378
0.5121457489878543,0.6768603465851172,0.18515044450759888
0.5126518218623481,0.6768603465851172,0.18518584966659546
0.5126518218623481,0.6773700305810397,0.18528348207473755
0.5131578947368421,0.6773700305810397,0.18528807163238525
0.513663967611336,0.6773700305810397,0.185336172580719
0.5141700404858299,0.6773700305810397,0.18551427125930786
0.5146761133603239,0.6773700305810397,0.18553239107131958
0.5146761133603239,0.6778797145769623,0.18557828664779663
0.5151821862348178,0.6778797145769623,0.18560779094696045
0.5156882591093117,0.6778797145769623,0.18564754724502563
0.5161943319838057,0.6778797145769623,0.18567609786987305
0.5167004048582996,0.6778797145769623,0.18570256233215332
0.5167004048582996,0.6783893985728848,0.1857224702835083
0.5172064777327935,0.6783893985728848,0.18579769134521484
0.5177125506072875,0.6783893985728848,0.18583005666732788
0.5182186234817814,0.6783893985728848,0.18592894077301025
0.5187246963562753,0.6783893985728848,0.18595200777053833
0.5187246963562753,0.6788990825688074,0.1859731674194336
0.5192307692307693,0.6788990825688074,0.1859927773475647
0.5192307692307693,0.6794087665647298,0.18600690364837646
0.5197368421052632,0.6794087665647298,0.18607878684997559
0.5197368421052632,0.6799184505606524,0.18608176708221436
0.5197368421052632,0.6804281345565749,0.1860872507095337
0.520242914979757,0.6804281345565749,0.18611806631088257
0.520748987854251,0.6804281345565749,0.18623507022857666
0.521255060728745,0.6804281345565749,0.18627220392227173
0.521255060728745,0.6809378185524975,0.1863030195236206
0.5217611336032388,0.6809378185524975,0.1863422989845276
0.5222672064777328,0.6809378185524975,0.18634414672851562
0.5227732793522267,0.6809378185524975,0.18642961978912354
0.5227732793522267,0.68144750254842,0.1864369511604309
0.5232793522267206,0.68144750254842,0.1864626407623291
0.5232793522267206,0.6819571865443425,0.18649685382843018
0.5237854251012146,0.6819571865443425,0.18650305271148682
0.5242914979757085,0.6819571865443425,0.1866319179534912
0.5247975708502024,0.6819571865443425,0.1866379976272583
0.5247975708502024,0.682466870540265,0.18676376342773438
0.5247975708502024,0.6829765545361876,0.1867876648902893
0.5247975708502024,0.6834862385321101,0.18684494495391846
0.5247975708502024,0.6839959225280327,0.1868535876274109
0.5253036437246964,0.6839959225280327,0.18696147203445435
0.5258097165991903,0.6839959225280327,0.18696635961532593
0.5263157894736842,0.6839959225280327,0.1869693398475647
0.5268218623481782,0.6839959225280327,0.18700295686721802
0.5268218623481782,0.6845056065239552,0.1870206594467163
0.5268218623481782,0.6850152905198776,0.1870555281639099
0.5268218623481782,0.6855249745158002,0.1870708465576172
0.5268218623481782,0.6860346585117227,0.1871711015701294
0.5268218623481782,0.6865443425076453,0.1872473955154419
0.5273279352226721,0.6865443425076453,0.18725627660751343
0.5273279352226721,0.6870540265035678,0.18725955486297607
0.527834008097166,0.6870540265035678,0.187303364276886
0.527834008097166,0.6875637104994903,0.18733537197113037
0.527834008097166,0.6880733944954128,0.18735271692276
0.52834008097166,0.6880733944954128,0.18739205598831177
0.5288461538461539,0.6880733944954128,0.18742060661315918
0.5293522267206477,0.6880733944954128,0.18743014335632324
0.5293522267206477,0.6885830784913354,0.18746525049209595
0.5298582995951417,0.6885830784913354,0.18749237060546875
0.5303643724696356,0.6885830784913354,0.1874985694885254
0.5308704453441295,0.6885830784913354,0.18767797946929932
0.5313765182186235,0.6885830784913354,0.1876927614212036
0.5318825910931174,0.6885830784913354,0.18769776821136475
0.5318825910931174,0.6890927624872579,0.1877129077911377
0.5323886639676113,0.6890927624872579,0.18773269653320312
0.5323886639676113,0.6896024464831805,0.187760591506958
0.5323886639676113,0.6901121304791029,0.18780237436294556
0.5328947368421053,0.6901121304791029,0.18784987926483154
0.5334008097165992,0.6901121304791029,0.18787962198257446
0.5334008097165992,0.6906218144750255,0.18805962800979614
0.5334008097165992,0.691131498470948,0.1880931854248047
0.5339068825910931,0.691131498470948,0.18813836574554443
0.5339068825910931,0.6916411824668706,0.1881805658340454
0.5339068825910931,0.6921508664627931,0.1882004737854004
0.5344129554655871,0.6921508664627931,0.18824714422225952
0.534919028340081,0.6921508664627931,0.18824952840805054
0.534919028340081,0.6926605504587156,0.18828636407852173
0.5354251012145749,0.6926605504587156,0.18833130598068237
0.5359311740890689,0.6926605504587156,0.18844038248062134
0.5364372469635628,0.6926605504587156,0.188460111618042
0.5364372469635628,0.6931702344546381,0.18850111961364746
0.5369433198380567,0.6931702344546381,0.18858283758163452
0.5374493927125507,0.6931702344546381,0.18858516216278076
0.5379554655870445,0.6931702344546381,0.18859165906906128
0.5379554655870445,0.6936799184505607,0.18864989280700684
0.5384615384615384,0.6936799184505607,0.1886628270149231
0.5384615384615384,0.6941896024464832,0.18868225812911987
0.5389676113360324,0.6941896024464832,0.18871468305587769
0.5394736842105263,0.6941896024464832,0.18872332572937012
0.5394736842105263,0.6946992864424058,0.18879038095474243
0.5394736842105263,0.6952089704383282,0.18879777193069458
0.5394736842105263,0.6957186544342507,0.18899595737457275
0.5399797570850202,0.6957186544342507,0.18901705741882324
0.5399797570850202,0.6962283384301733,0.18903446197509766
0.5399797570850202,0.6967380224260958,0.1890392303466797
0.5399797570850202,0.6972477064220184,0.1890532374382019
0.5399797570850202,0.6977573904179408,0.18915486335754395
0.5399797570850202,0.6982670744138634,0.18919849395751953
0.5404858299595142,0.6982670744138634,0.18924260139465332
0.5409919028340081,0.6982670744138634,0.1892554759979248
0.5409919028340081,0.6987767584097859,0.18926292657852173
0.5409919028340081,0.6992864424057085,0.18927276134490967
0.5409919028340081,0.699796126401631,0.18929344415664673
0.541497975708502,0.699796126401631,0.18931078910827637
0.541497975708502,0.7003058103975535,0.1893460750579834
0.542004048582996,0.7003058103975535,0.1893528699874878
0.5425101214574899,0.7003058103975535,0.18940913677215576
0.5425101214574899,0.700815494393476,0.18940985202789307
0.5430161943319838,0.700815494393476,0.18943148851394653
0.5435222672064778,0.700815494393476,0.18944770097732544
0.5440283400809717,0.700815494393476,0.1894567608833313
0.5440283400809717,0.7013251783893986,0.1895068883895874
0.5440283400809717,0.7018348623853211,0.1895415186882019
0.5450404858299596,0.7018348623853211,0.18957597017288208
0.5450404858299596,0.7023445463812437,0.1895909309387207
0.5455465587044535,0.7023445463812437,0.1896810531616211
0.5455465587044535,0.7028542303771662,0.18973994255065918
0.5460526315789473,0.7028542303771662,0.18974900245666504
0.5465587044534413,0.7028542303771662,0.1897713541984558
0.5465587044534413,0.7033639143730887,0.189788818359375
0.5470647773279352,0.7033639143730887,0.18979185819625854
0.5475708502024291,0.7033639143730887,0.1898757815361023
0.5475708502024291,0.7038735983690112,0.1898784041404724
0.5480769230769231,0.7038735983690112,0.1899452805519104
0.548582995951417,0.7038735983690112,0.18995219469070435
0.5490890688259109,0.7038735983690112,0.18996208906173706
0.5495951417004049,0.7038735983690112,0.18996715545654297
0.5506072874493927,0.7038735983690112,0.18999487161636353
0.5511133603238867,0.7038735983690112,0.18999582529067993
0.5516194331983806,0.7038735983690112,0.19009697437286377
0.5521255060728745,0.7038735983690112,0.19011884927749634
0.5526315789473685,0.7038735983690112,0.19019538164138794
0.5526315789473685,0.7043832823649337,0.19019973278045654
0.5526315789473685,0.7048929663608563,0.19026464223861694
0.5526315789473685,0.7054026503567788,0.19027167558670044
0.5531376518218624,0.7054026503567788,0.19028186798095703
0.5531376518218624,0.7059123343527013,0.1902989149093628
0.5541497975708503,0.7059123343527013,0.19031482934951782
0.5546558704453441,0.7059123343527013,0.1903330683708191
0.5546558704453441,0.7064220183486238,0.19037151336669922
0.555161943319838,0.7064220183486238,0.19039666652679443
0.555161943319838,0.7069317023445464,0.1904207468032837
0.555668016194332,0.7069317023445464,0.1905275583267212
0.5566801619433198,0.7069317023445464,0.1905553936958313
0.5566801619433198,0.7074413863404689,0.1905825138092041
0.5576923076923077,0.7074413863404689,0.19060349464416504
0.5581983805668016,0.7074413863404689,0.19061607122421265
0.5581983805668016,0.7079510703363915,0.19063800573349
0.5592105263157895,0.7079510703363915,0.19071882963180542
0.5597165991902834,0.7079510703363915,0.19074547290802002
0.5602226720647774,0.7079510703363915,0.19080227613449097
0.5602226720647774,0.7084607543323139,0.19083172082901
0.5607287449392713,0.7084607543323139,0.19083690643310547
0.5612348178137652,0.7084607543323139,0.19086140394210815
0.5612348178137652,0.7089704383282365,0.19087892770767212
0.5617408906882592,0.7089704383282365,0.19097036123275757
0.5617408906882592,0.709480122324159,0.19103306531906128
0.5617408906882592,0.7099898063200816,0.19108682870864868
0.5617408906882592,0.7104994903160041,0.19110852479934692
0.562246963562753,0.7104994903160041,0.19116312265396118
0.562246963562753,0.7110091743119266,0.19119441509246826
0.562753036437247,0.7110091743119266,0.1912142038345337
0.5632591093117408,0.7110091743119266,0.19122213125228882
0.5637651821862348,0.7110091743119266,0.19123715162277222
0.5637651821862348,0.7115188583078491,0.1912493109703064
0.5642712550607287,0.7115188583078491,0.19124943017959595
0.5642712550607287,0.7120285423037717,0.19126355648040771
0.5642712550607287,0.7125382262996942,0.19127416610717773
0.5642712550607287,0.7130479102956168,0.19127541780471802
0.5647773279352226,0.7130479102956168,0.1913040280342102
0.5652834008097166,0.7130479102956168,0.19131743907928467
0.5652834008097166,0.7135575942915392,0.19134706258773804
0.5652834008097166,0.7140672782874617,0.1913474202156067
0.5657894736842105,0.7140672782874617,0.1913818120956421
0.5662955465587044,0.7140672782874617,0.19141805171966553
0.5662955465587044,0.7145769622833843,0.19142943620681763
0.5662955465587044,0.7150866462793068,0.19145172834396362
0.5668016194331984,0.7150866462793068,0.19153934717178345
0.5668016194331984,0.7155963302752294,0.19164419174194336
0.5668016194331984,0.7161060142711518,0.19165802001953125
0.5673076923076923,0.7161060142711518,0.1916603446006775
0.5678137651821862,0.7161060142711518,0.19166725873947144
0.5683198380566802,0.7161060142711518,0.19169121980667114
0.5688259109311741,0.7161060142711518,0.19169402122497559
0.5688259109311741,0.7166156982670744,0.19170933961868286
0.569331983805668,0.7166156982670744,0.19172745943069458
0.569838056680162,0.7166156982670744,0.19176775217056274
0.5703441295546559,0.7166156982670744,0.19177627563476562
0.5708502024291497,0.7166156982670744,0.19182240962982178
0.5713562753036437,0.7166156982670744,0.19188553094863892
0.5718623481781376,0.7166156982670744,0.1918947696685791
0.5718623481781376,0.7171253822629969,0.1920066475868225
0.5723684210526315,0.7171253822629969,0.19204068183898926
0.5723684210526315,0.7176350662589195,0.19205236434936523
0.5723684210526315,0.718144750254842,0.19209712743759155
0.5728744939271255,0.718144750254842,0.1921669840812683
0.5733805668016194,0.718144750254842,0.1921747326850891
0.5738866396761133,0.718144750254842,0.19217854738235474
0.5743927125506073,0.718144750254842,0.19220054149627686
0.5748987854251012,0.718144750254842,0.1922106146812439
0.5754048582995951,0.718144750254842,0.19227010011672974
0.5754048582995951,0.7186544342507645,0.19230318069458008
0.5759109311740891,0.7186544342507645,0.19230890274047852
0.576417004048583,0.7186544342507645,0.19236528873443604
0.5769230769230769,0.7186544342507645,0.1923779845237732
0.5774291497975709,0.7186544342507645,0.19242191314697266
0.5779352226720648,0.7186544342507645,0.19244074821472168
0.5779352226720648,0.719164118246687,0.19247663021087646
0.5779352226720648,0.7196738022426096,0.19249403476715088
0.5784412955465587,0.7196738022426096,0.1925337314605713
0.5789473684210527,0.7196738022426096,0.19254058599472046
0.5789473684210527,0.7201834862385321,0.19257426261901855
0.5794534412955465,0.7201834862385321,0.1925765872001648
0.5799595141700404,0.7201834862385321,0.19263023138046265
0.5804655870445344,0.7201834862385321,0.19264137744903564
0.5804655870445344,0.7206931702344547,0.1926749348640442
0.5804655870445344,0.7212028542303772,0.19268161058425903
0.5809716599190283,0.7212028542303772,0.1926838755607605
0.5809716599190283,0.7217125382262997,0.1926952600479126
0.5809716599190283,0.7222222222222222,0.19270861148834229
0.5809716599190283,0.7227319062181448,0.1927087903022766
0.5814777327935222,0.7227319062181448,0.19277817010879517
0.5819838056680162,0.7227319062181448,0.19279348850250244
0.5824898785425101,0.7227319062181448,0.1928187608718872
0.582995951417004,0.7227319062181448,0.19284719228744507
0.582995951417004,0.7232415902140673,0.19291222095489502
0.583502024291498,0.7232415902140673,0.19292175769805908
0.583502024291498,0.7237512742099899,0.1930292248725891
0.5840080971659919,0.7237512742099899,0.193040132522583
0.5850202429149798,0.7237512742099899,0.193062424659729
0.5855263157894737,0.7237512742099899,0.19306421279907227
0.5855263157894737,0.7242609582059123,0.19306546449661255
0.5855263157894737,0.7247706422018348,0.1930713653564453
0.5860323886639676,0.7247706422018348,0.1931254267692566
0.5865384615384616,0.7247706422018348,0.19317787885665894
0.5865384615384616,0.7252803261977574,0.1932007074356079
0.5870445344129555,0.7252803261977574,0.19322651624679565
0.5870445344129555,0.72579001019368,0.19325178861618042
0.5875506072874493,0.72579001019368,0.19325196743011475
0.5875506072874493,0.7262996941896025,0.19328808784484863
0.5880566801619433,0.7262996941896025,0.19342321157455444
0.5880566801619433,0.7268093781855249,0.19343829154968262
0.5880566801619433,0.7273190621814475,0.19347995519638062
0.5880566801619433,0.72782874617737,0.19348269701004028
0.5885627530364372,0.72782874617737,0.1935673952102661
0.5890688259109311,0.72782874617737,0.19356811046600342
0.5895748987854251,0.72782874617737,0.19358563423156738
0.590080971659919,0.72782874617737,0.1936337947845459
0.590080971659919,0.7283384301732926,0.19367766380310059
0.590080971659919,0.7288481141692151,0.19374364614486694
0.590080971659919,0.7293577981651376,0.1937958002090454
0.5905870445344129,0.7293577981651376,0.19386476278305054
0.5910931174089069,0.7293577981651376,0.19387251138687134
0.5910931174089069,0.7298674821610601,0.19398647546768188
0.5915991902834008,0.7298674821610601,0.1940547227859497
0.5921052631578947,0.7298674821610601,0.19406163692474365
0.5921052631578947,0.7303771661569827,0.1941053867340088
0.5921052631578947,0.7308868501529052,0.1942172646522522
0.5921052631578947,0.7313965341488278,0.19422757625579834
0.5921052631578947,0.7319062181447502,0.1942683458328247
0.5926113360323887,0.7319062181447502,0.19431167840957642
0.5931174089068826,0.7319062181447502,0.19439440965652466
0.5931174089068826,0.7324159021406728,0.19441545009613037
0.5931174089068826,0.7329255861365953,0.19447922706604004
0.5936234817813765,0.7329255861365953,0.1945176124572754
0.5941295546558705,0.7329255861365953,0.19464385509490967
0.5941295546558705,0.7334352701325179,0.19469881057739258
0.5946356275303644,0.7334352701325179,0.194724440574646
0.5951417004048583,0.7334352701325179,0.19478857517242432
0.5951417004048583,0.7339449541284404,0.19479882717132568
0.5956477732793523,0.7339449541284404,0.19492554664611816
0.5961538461538461,0.7339449541284404,0.19494563341140747
0.59665991902834,0.7339449541284404,0.1949480175971985
0.597165991902834,0.7339449541284404,0.19504016637802124
0.5976720647773279,0.7339449541284404,0.1950472593307495
0.5981781376518218,0.7339449541284404,0.19509482383728027
0.5986842105263158,0.7339449541284404,0.19513636827468872
0.5991902834008097,0.7339449541284404,0.1951419711112976
0.5991902834008097,0.7344546381243628,0.19516372680664062
0.5996963562753036,0.7344546381243628,0.19516533613204956
0.6002024291497976,0.7344546381243628,0.1951812505722046
0.6002024291497976,0.7349643221202854,0.19519948959350586
0.6007085020242915,0.7349643221202854,0.19527089595794678
0.6007085020242915,0.735474006116208,0.1953091025352478
0.6007085020242915,0.7359836901121305,0.19531166553497314
0.6012145748987854,0.7359836901121305,0.19533395767211914
0.6012145748987854,0.736493374108053,0.1954118013381958
0.6017206477732794,0.736493374108053,0.19551050662994385
0.6017206477732794,0.7370030581039755,0.1955135464668274
0.6017206477732794,0.737512742099898,0.19553923606872559
0.6017206477732794,0.7380224260958206,0.19555068016052246
0.6017206477732794,0.7385321100917431,0.19559818506240845
0.6017206477732794,0.7390417940876657,0.19565510749816895
0.6022267206477733,0.7390417940876657,0.19565671682357788
0.6027327935222672,0.7390417940876657,0.19569432735443115
0.6027327935222672,0.7395514780835881,0.19570952653884888
0.6032388663967612,0.7395514780835881,0.19573694467544556
0.6032388663967612,0.7400611620795107,0.19574213027954102
0.6032388663967612,0.7405708460754332,0.1957746148109436
0.603744939271255,0.7405708460754332,0.19586026668548584
0.604251012145749,0.7405708460754332,0.19597876071929932
0.604757085020243,0.7405708460754332,0.19600915908813477
0.6052631578947368,0.7405708460754332,0.19602054357528687
0.6052631578947368,0.7410805300713558,0.19606995582580566
0.6057692307692307,0.7410805300713558,0.19607269763946533
0.6062753036437247,0.7410805300713558,0.19609487056732178
0.6067813765182186,0.7410805300713558,0.19610059261322021
0.6072874493927125,0.7410805300713558,0.19610130786895752
0.6077935222672065,0.7410805300713558,0.19610446691513062
0.6077935222672065,0.7415902140672783,0.196119487285614
0.6082995951417004,0.7415902140672783,0.19612634181976318
0.6088056680161943,0.7415902140672783,0.1961379051208496
0.6093117408906883,0.7415902140672783,0.19617187976837158
0.6098178137651822,0.7415902140672783,0.19621151685714722
0.6098178137651822,0.7420998980632009,0.19621652364730835
0.6098178137651822,0.7426095820591233,0.19638049602508545
0.6103238866396761,0.7426095820591233,0.19648408889770508
0.6103238866396761,0.7431192660550459,0.1965644359588623
0.6108299595141701,0.7431192660550459,0.1965925693511963
0.611336032388664,0.7431192660550459,0.19659996032714844
0.611336032388664,0.7436289500509684,0.19661861658096313
0.6118421052631579,0.7436289500509684,0.19662034511566162
0.6123481781376519,0.7436289500509684,0.19662582874298096
0.6123481781376519,0.744138634046891,0.19663822650909424
0.6128542510121457,0.744138634046891,0.19666355848312378
0.6133603238866396,0.744138634046891,0.1966654658317566
0.6138663967611336,0.744138634046891,0.19667989015579224
0.6143724696356275,0.744138634046891,0.1967543363571167
0.6148785425101214,0.744138634046891,0.19680184125900269
0.6148785425101214,0.7446483180428135,0.19682753086090088
0.6148785425101214,0.745158002038736,0.19686394929885864
0.6153846153846154,0.745158002038736,0.196868896484375
0.6158906882591093,0.745158002038736,0.19694304466247559
0.6163967611336032,0.745158002038736,0.19697552919387817
0.6169028340080972,0.745158002038736,0.1970338225364685
0.6169028340080972,0.7456676860346585,0.19704300165176392
0.6174089068825911,0.7456676860346585,0.19707930088043213
0.6174089068825911,0.746177370030581,0.19708532094955444
0.6174089068825911,0.7466870540265036,0.1970890760421753
0.617914979757085,0.7466870540265036,0.19713866710662842
0.618421052631579,0.7466870540265036,0.19716393947601318
0.618421052631579,0.7471967380224261,0.19716650247573853
0.6189271255060729,0.7471967380224261,0.1972174048423767
0.6189271255060729,0.7477064220183486,0.1972305178642273
0.6189271255060729,0.7482161060142711,0.197273850440979
0.6194331983805668,0.7482161060142711,0.1972833275794983
0.6194331983805668,0.7487257900101937,0.19728338718414307
0.6199392712550608,0.7487257900101937,0.19733119010925293
0.6204453441295547,0.7487257900101937,0.1973469853401184
0.6204453441295547,0.7492354740061162,0.19740808010101318
0.6209514170040485,0.7492354740061162,0.19744962453842163
0.6209514170040485,0.7497451580020388,0.19747066497802734
0.6214574898785425,0.7497451580020388,0.19748151302337646
0.6214574898785425,0.7502548419979612,0.19748830795288086
0.6219635627530364,0.7502548419979612,0.19751256704330444
0.6219635627530364,0.7507645259938838,0.19753426313400269
0.6224696356275303,0.7507645259938838,0.19764602184295654
0.6229757085020243,0.7507645259938838,0.19766145944595337
0.6234817813765182,0.7507645259938838,0.19766563177108765
0.6239878542510121,0.7507645259938838,0.19767910242080688
0.6239878542510121,0.7512742099898063,0.19770413637161255
0.6244939271255061,0.7512742099898063,0.19773238897323608
0.625,0.7512742099898063,0.1977468729019165
0.625,0.7517838939857289,0.19774919748306274
0.6255060728744939,0.7517838939857289,0.19777029752731323
0.6260121457489879,0.7517838939857289,0.19781726598739624
0.6260121457489879,0.7522935779816514,0.19782233238220215
0.6265182186234818,0.7522935779816514,0.19785445928573608
0.6265182186234818,0.7528032619775739,0.19786173105239868
0.6265182186234818,0.7533129459734964,0.19793778657913208
0.6270242914979757,0.7533129459734964,0.19796139001846313
0.6270242914979757,0.753822629969419,0.19812005758285522
0.6270242914979757,0.7543323139653415,0.198189377784729
0.6275303643724697,0.7543323139653415,0.19822651147842407
0.6285425101214575,0.7543323139653415,0.19832807779312134
0.6290485829959515,0.7543323139653415,0.19835644960403442
0.6290485829959515,0.754841997961264,0.19836169481277466
0.6295546558704453,0.754841997961264,0.19850701093673706
0.6295546558704453,0.7553516819571865,0.19854891300201416
0.6300607287449392,0.7553516819571865,0.1985759735107422
0.6305668016194332,0.7553516819571865,0.19863945245742798
0.6305668016194332,0.755861365953109,0.19866353273391724
0.6310728744939271,0.755861365953109,0.1987401247024536
0.631578947368421,0.755861365953109,0.19879555702209473
0.631578947368421,0.7563710499490316,0.1989196538925171
0.631578947368421,0.7568807339449541,0.19896435737609863
0.632085020242915,0.7568807339449541,0.1989690661430359
0.632085020242915,0.7573904179408767,0.19904416799545288
0.632085020242915,0.7579001019367991,0.1991487741470337
0.6325910931174089,0.7579001019367991,0.1992061734199524
0.6325910931174089,0.7584097859327217,0.19921529293060303
0.6330971659919028,0.7584097859327217,0.19924092292785645
0.6336032388663968,0.7584097859327217,0.19924473762512207
0.6341093117408907,0.7584097859327217,0.1992616057395935
0.6341093117408907,0.7589194699286442,0.1993529200553894
0.6346153846153846,0.7589194699286442,0.19937032461166382
0.6346153846153846,0.7594291539245668,0.19940084218978882
0.6351214574898786,0.7594291539245668,0.19945645332336426
0.6351214574898786,0.7599388379204893,0.19946104288101196
0.6351214574898786,0.7604485219164119,0.19949764013290405
0.6356275303643725,0.7604485219164119,0.1995002031326294
0.6361336032388664,0.7604485219164119,0.19950240850448608
0.6366396761133604,0.7604485219164119,0.19955796003341675
0.6371457489878543,0.7604485219164119,0.19961047172546387
0.6371457489878543,0.7609582059123343,0.19961559772491455
0.6376518218623481,0.7609582059123343,0.1997165083885193
0.6381578947368421,0.7609582059123343,0.19974231719970703
0.6381578947368421,0.7614678899082569,0.19976884126663208
0.6381578947368421,0.7619775739041794,0.19977736473083496
0.638663967611336,0.7619775739041794,0.19994819164276123
0.6391700404858299,0.7619775739041794,0.20005178451538086
0.6396761133603239,0.7619775739041794,0.20006918907165527
0.6401821862348178,0.7619775739041794,0.20009469985961914
0.6406882591093117,0.7619775739041794,0.2000972032546997
0.6411943319838057,0.7619775739041794,0.2001127004623413
0.6417004048582996,0.7619775739041794,0.20013922452926636
0.6417004048582996,0.762487257900102,0.2001711130142212
0.6422064777327935,0.762487257900102,0.20020002126693726
0.6427125506072875,0.762487257900102,0.2002619504928589
0.6427125506072875,0.7629969418960245,0.20027285814285278
0.6427125506072875,0.763506625891947,0.20028263330459595
0.6427125506072875,0.7640163098878695,0.20030027627944946
0.6427125506072875,0.764525993883792,0.20033401250839233
0.6427125506072875,0.7650356778797146,0.20035111904144287
0.6432186234817814,0.7650356778797146,0.20049118995666504
0.6437246963562753,0.7650356778797146,0.200636088848114
0.6442307692307693,0.7650356778797146,0.20069009065628052
0.6442307692307693,0.7655453618756372,0.20077866315841675
0.6442307692307693,0.7660550458715596,0.20095163583755493
0.6447368421052632,0.7660550458715596,0.20096707344055176
0.6447368421052632,0.7665647298674821,0.20104295015335083
0.6447368421052632,0.7670744138634047,0.2010725736618042
0.6447368421052632,0.7675840978593272,0.20109397172927856
0.6447368421052632,0.7680937818552498,0.20109671354293823
0.645242914979757,0.7680937818552498,0.20121008157730103
0.645748987854251,0.7680937818552498,0.20124441385269165
0.646255060728745,0.7680937818552498,0.2015267014503479
0.6467611336032388,0.7680937818552498,0.2015647292137146
0.6467611336032388,0.7686034658511722,0.20159173011779785
0.6467611336032388,0.7691131498470948,0.20163148641586304
0.6472672064777328,0.7691131498470948,0.20167040824890137
0.6477732793522267,0.7691131498470948,0.2018865942955017
0.6482793522267206,0.7691131498470948,0.20195364952087402
0.6482793522267206,0.7696228338430173,0.20197242498397827
0.6487854251012146,0.7696228338430173,0.20197993516921997
0.6492914979757085,0.7696228338430173,0.20199406147003174
0.6497975708502024,0.7696228338430173,0.2020406723022461
0.6503036437246964,0.7696228338430173,0.20212239027023315
0.6503036437246964,0.7701325178389399,0.20221179723739624
0.6508097165991903,0.7701325178389399,0.2022181749343872
0.6508097165991903,0.7706422018348624,0.20224744081497192
0.6508097165991903,0.7711518858307849,0.2023143768310547
0.6508097165991903,0.7716615698267074,0.20231860876083374
0.6508097165991903,0.77217125382263,0.20234936475753784
0.6513157894736842,0.77217125382263,0.20236539840698242
0.6518218623481782,0.77217125382263,0.202439546585083
0.6518218623481782,0.7726809378185525,0.2025877833366394
0.6523279352226721,0.7726809378185525,0.20263642072677612
0.652834008097166,0.7726809378185525,0.20269125699996948
0.65334008097166,0.7726809378185525,0.20271819829940796
0.65334008097166,0.7731906218144751,0.20275723934173584
0.65334008097166,0.7737003058103975,0.20278096199035645
0.6538461538461539,0.7737003058103975,0.20289331674575806
0.6538461538461539,0.77420998980632,0.20308029651641846
0.6543522267206477,0.77420998980632,0.2030954360961914
0.6548582995951417,0.77420998980632,0.2031458616256714
0.6548582995951417,0.7747196738022426,0.20314598083496094
0.6548582995951417,0.7752293577981652,0.20322304964065552
0.6558704453441295,0.7752293577981652,0.20322328805923462
0.6563765182186235,0.7752293577981652,0.20324420928955078
0.6563765182186235,0.7757390417940877,0.20328420400619507
0.6568825910931174,0.7757390417940877,0.20330756902694702
0.6573886639676113,0.7757390417940877,0.20334923267364502
0.6578947368421053,0.7757390417940877,0.20338964462280273
0.6578947368421053,0.7762487257900101,0.20361405611038208
0.6578947368421053,0.7767584097859327,0.2036374807357788
0.6584008097165992,0.7767584097859327,0.20364511013031006
0.6589068825910931,0.7767584097859327,0.2036454677581787
0.6589068825910931,0.7772680937818552,0.2036648392677307
0.659919028340081,0.7772680937818552,0.20370543003082275
0.659919028340081,0.7777777777777778,0.20373600721359253
0.6604251012145749,0.7777777777777778,0.2038496732711792
0.6604251012145749,0.7782874617737003,0.20393085479736328
0.6609311740890689,0.7782874617737003,0.20393425226211548
0.6609311740890689,0.7787971457696228,0.20393651723861694
0.6614372469635628,0.7787971457696228,0.20395511388778687
0.6619433198380567,0.7787971457696228,0.20398491621017456
0.6624493927125507,0.7787971457696228,0.2039971947669983
0.6629554655870445,0.7787971457696228,0.2040116786956787
0.6634615384615384,0.7787971457696228,0.20416051149368286
0.6639676113360324,0.7787971457696228,0.20421499013900757
0.6644736842105263,0.7787971457696228,0.20428407192230225
0.6644736842105263,0.7793068297655453,0.20435887575149536
0.6649797570850202,0.7793068297655453,0.20439565181732178
0.6649797570850202,0.7798165137614679,0.2044062614440918
0.6649797570850202,0.7803261977573904,0.204423189163208
0.6654858299595142,0.7803261977573904,0.2044374942779541
0.6659919028340081,0.7803261977573904,0.2045271396636963
0.6659919028340081,0.780835881753313,0.20453399419784546
0.6659919028340081,0.7813455657492355,0.20460498332977295
0.666497975708502,0.7813455657492355,0.20470762252807617
0.666497975708502,0.781855249745158,0.20477765798568726
0.667004048582996,0.781855249745158,0.2047824263572693
0.6675101214574899,0.781855249745158,0.2047860026359558
0.6675101214574899,0.7823649337410805,0.20481157302856445
0.6685222672064778,0.7823649337410805,0.20484983921051025
0.6685222672064778,0.7828746177370031,0.204909086227417
0.6690283400809717,0.7828746177370031,0.20492082834243774
0.6695344129554656,0.7828746177370031,0.2049458622932434
0.6695344129554656,0.7833843017329256,0.20496320724487305
0.6700404858299596,0.7833843017329256,0.20513075590133667
0.6705465587044535,0.7833843017329256,0.2052687406539917
0.6705465587044535,0.7838939857288482,0.2053995132446289
0.6710526315789473,0.7838939857288482,0.20540565252304077
0.6715587044534413,0.7838939857288482,0.2055041790008545
0.6720647773279352,0.7838939857288482,0.20551347732543945
0.6720647773279352,0.7844036697247706,0.20551985502243042
0.6725708502024291,0.7844036697247706,0.20555436611175537
0.6730769230769231,0.7844036697247706,0.2055959701538086
0.6730769230769231,0.7849133537206932,0.20568019151687622
0.673582995951417,0.7849133537206932,0.20570731163024902
0.673582995951417,0.7854230377166157,0.20573335886001587
0.6740890688259109,0.7854230377166157,0.2057378888130188
0.6745951417004049,0.7854230377166157,0.20574688911437988
0.6751012145748988,0.7854230377166157,0.20581817626953125
0.6756072874493927,0.7854230377166157,0.20582526922225952
0.6761133603238867,0.7854230377166157,0.20582860708236694
0.6761133603238867,0.7859327217125383,0.20584392547607422
0.6761133603238867,0.7864424057084608,0.20589113235473633
0.6761133603238867,0.7869520897043832,0.20608383417129517
0.6766194331983806,0.7869520897043832,0.20616084337234497
0.6771255060728745,0.7869520897043832,0.20622503757476807
0.6776315789473685,0.7869520897043832,0.2063310742378235
0.6781376518218624,0.7869520897043832,0.20640939474105835
0.6786437246963563,0.7869520897043832,0.20644092559814453
0.6786437246963563,0.7874617737003058,0.2064865231513977
0.6791497975708503,0.7874617737003058,0.20650619268417358
0.680161943319838,0.7874617737003058,0.20654678344726562
0.680668016194332,0.7874617737003058,0.20657449960708618
0.6816801619433198,0.7874617737003058,0.20662277936935425
0.6816801619433198,0.7879714576962283,0.2067592740058899
0.6821862348178138,0.7879714576962283,0.20678091049194336
0.6821862348178138,0.7884811416921509,0.20683491230010986
0.6826923076923077,0.7884811416921509,0.2069517970085144
0.6831983805668016,0.7884811416921509,0.20697110891342163
0.6837044534412956,0.7884811416921509,0.2070191502571106
0.6842105263157895,0.7884811416921509,0.207095205783844
0.6847165991902834,0.7884811416921509,0.2071528434753418
0.6852226720647774,0.7884811416921509,0.20717447996139526
0.6852226720647774,0.7889908256880734,0.20720303058624268
0.6857287449392713,0.7889908256880734,0.2072245478630066
0.6862348178137652,0.7889908256880734,0.20727026462554932
0.6867408906882592,0.7889908256880734,0.20737701654434204
0.6867408906882592,0.7895005096839959,0.2073952555656433
0.6867408906882592,0.7900101936799184,0.20748662948608398
0.687246963562753,0.7900101936799184,0.20754343271255493
0.687753036437247,0.7900101936799184,0.2075698971748352
0.6882591093117408,0.7900101936799184,0.20759260654449463
0.6887651821862348,0.7900101936799184,0.20761984586715698
0.6887651821862348,0.790519877675841,0.20762932300567627
0.6892712550607287,0.790519877675841,0.20762991905212402
0.6897773279352226,0.790519877675841,0.20770961046218872
0.6902834008097166,0.790519877675841,0.2077133059501648
0.6907894736842105,0.790519877675841,0.20779597759246826
0.6907894736842105,0.7910295616717635,0.2078467607498169
0.6912955465587044,0.7910295616717635,0.20785152912139893
0.6912955465587044,0.7915392456676861,0.2078557014465332
0.6918016194331984,0.7915392456676861,0.2078760266304016
0.6918016194331984,0.7920489296636085,0.20787614583969116
0.6923076923076923,0.7920489296636085,0.2078796625137329
0.6928137651821862,0.7920489296636085,0.20789885520935059
0.6928137651821862,0.7925586136595311,0.2079378366470337
0.6933198380566802,0.7925586136595311,0.20793843269348145
0.6938259109311741,0.7925586136595311,0.2079978585243225
0.694331983805668,0.7925586136595311,0.20804893970489502
0.694838056680162,0.7925586136595311,0.20805007219314575
0.694838056680162,0.7930682976554536,0.20809435844421387
0.694838056680162,0.7935779816513762,0.2080981731414795
0.6953441295546559,0.7935779816513762,0.20811009407043457
0.6958502024291497,0.7935779816513762,0.20811152458190918
0.6958502024291497,0.7940876656472987,0.20813578367233276
0.6963562753036437,0.7940876656472987,0.20817959308624268
0.6968623481781376,0.7940876656472987,0.20834356546401978
0.6973684210526315,0.7940876656472987,0.20835626125335693
0.6978744939271255,0.7940876656472987,0.2083878517150879
0.6983805668016194,0.7940876656472987,0.2084943652153015
0.6988866396761133,0.7940876656472987,0.20856422185897827
0.6993927125506073,0.7940876656472987,0.20879870653152466
0.6998987854251012,0.7940876656472987,0.20883429050445557
0.6998987854251012,0.7945973496432212,0.20890659093856812
0.7004048582995951,0.7945973496432212,0.20893216133117676
0.7004048582995951,0.7951070336391437,0.2089746594429016
0.7009109311740891,0.7951070336391437,0.20899653434753418
0.701417004048583,0.7951070336391437,0.20900869369506836
0.7019230769230769,0.7951070336391437,0.20901012420654297
0.7024291497975709,0.7951070336391437,0.20903396606445312
0.7029352226720648,0.7951070336391437,0.20904028415679932
0.7034412955465587,0.7951070336391437,0.20908743143081665
0.7034412955465587,0.7956167176350663,0.2091420292854309
0.7039473684210527,0.7956167176350663,0.2091829776763916
0.7039473684210527,0.7961264016309888,0.20922845602035522
0.7044534412955465,0.7961264016309888,0.20926010608673096
0.7044534412955465,0.7966360856269113,0.2092629075050354
0.7044534412955465,0.7971457696228338,0.2092713713645935
0.7044534412955465,0.7976554536187563,0.20927226543426514
0.7049595141700404,0.7976554536187563,0.20929235219955444
0.7049595141700404,0.7981651376146789,0.20930051803588867
0.7054655870445344,0.7981651376146789,0.20932048559188843
0.7054655870445344,0.7986748216106014,0.20940208435058594
0.7059716599190283,0.7986748216106014,0.20955783128738403
0.7059716599190283,0.799184505606524,0.20959371328353882
0.7059716599190283,0.7996941896024465,0.2096049189567566
0.7059716599190283,0.800203873598369,0.20963013172149658
0.7064777327935222,0.800203873598369,0.2096439003944397
0.7069838056680162,0.800203873598369,0.20973140001296997
0.7069838056680162,0.8007135575942915,0.20985263586044312
0.7074898785425101,0.8007135575942915,0.209869384765625
0.7074898785425101,0.8012232415902141,0.20987308025360107
0.707995951417004,0.8012232415902141,0.20994877815246582
0.708502024291498,0.8012232415902141,0.2099858522415161
0.708502024291498,0.8017329255861366,0.2100057601928711
0.708502024291498,0.8022426095820592,0.21001815795898438
0.7090080971659919,0.8022426095820592,0.21013015508651733
0.7095141700404858,0.8022426095820592,0.210155189037323
0.7100202429149798,0.8022426095820592,0.2101956605911255
0.7110323886639676,0.8022426095820592,0.21020978689193726
0.7110323886639676,0.8027522935779816,0.210288405418396
0.7110323886639676,0.8032619775739042,0.21032506227493286
0.7115384615384616,0.8032619775739042,0.21032679080963135
0.7120445344129555,0.8032619775739042,0.21038126945495605
0.7125506072874493,0.8032619775739042,0.21043187379837036
0.7130566801619433,0.8032619775739042,0.2105361819267273
0.7130566801619433,0.8037716615698267,0.21054774522781372
0.7130566801619433,0.8042813455657493,0.21060174703598022
0.7130566801619433,0.8047910295616718,0.2106078863143921
0.7130566801619433,0.8053007135575942,0.21064728498458862
0.7135627530364372,0.8053007135575942,0.21073144674301147
0.7135627530364372,0.8058103975535168,0.2108626365661621
0.7140688259109311,0.8058103975535168,0.21097058057785034
0.7145748987854251,0.8058103975535168,0.21099859476089478
0.7145748987854251,0.8063200815494393,0.21102440357208252
0.7145748987854251,0.8068297655453619,0.21106278896331787
0.7145748987854251,0.8073394495412844,0.21112382411956787
0.715080971659919,0.8073394495412844,0.21115094423294067
0.7155870445344129,0.8073394495412844,0.21118217706680298
0.7155870445344129,0.8078491335372069,0.21135324239730835
0.7160931174089069,0.8078491335372069,0.2113667130470276
0.7160931174089069,0.8083588175331294,0.211422860622406
0.7165991902834008,0.8083588175331294,0.2114303708076477
0.7165991902834008,0.808868501529052,0.21144318580627441
0.7171052631578947,0.808868501529052,0.21147650480270386
0.7176113360323887,0.808868501529052,0.21149355173110962
0.7181174089068826,0.808868501529052,0.21155697107315063
0.7186234817813765,0.808868501529052,0.21165502071380615
0.7186234817813765,0.8093781855249745,0.2117159366607666
0.7191295546558705,0.8093781855249745,0.21179699897766113
0.7191295546558705,0.8098878695208971,0.2118915319442749
0.7196356275303644,0.8098878695208971,0.21197420358657837
0.7201417004048583,0.8098878695208971,0.21200501918792725
0.7206477732793523,0.8098878695208971,0.2123282551765442
0.7206477732793523,0.8103975535168195,0.2124667763710022
0.7211538461538461,0.8103975535168195,0.21249067783355713
0.72165991902834,0.8103975535168195,0.2125380039215088
0.72165991902834,0.8109072375127421,0.2125626802444458
0.72165991902834,0.8114169215086646,0.21262729167938232
0.72165991902834,0.8119266055045872,0.21265745162963867
0.722165991902834,0.8119266055045872,0.21272510290145874
0.7226720647773279,0.8119266055045872,0.21276885271072388
0.7226720647773279,0.8124362895005097,0.21288084983825684
0.7231781376518218,0.8124362895005097,0.21289712190628052
0.7231781376518218,0.8129459734964322,0.21301263570785522
0.7236842105263158,0.8129459734964322,0.21311593055725098
0.7236842105263158,0.8134556574923547,0.21314191818237305
0.7236842105263158,0.8139653414882773,0.21324646472930908
0.7241902834008097,0.8139653414882773,0.21326178312301636
0.7246963562753036,0.8139653414882773,0.21338635683059692
0.7246963562753036,0.8144750254841998,0.21345853805541992
0.7252024291497976,0.8144750254841998,0.2135666012763977
0.7257085020242915,0.8144750254841998,0.21357828378677368
0.7262145748987854,0.8144750254841998,0.2135910987854004
0.7267206477732794,0.8144750254841998,0.2135961651802063
0.7272267206477733,0.8144750254841998,0.21359974145889282
0.7272267206477733,0.8149847094801224,0.21366989612579346
0.7277327935222672,0.8149847094801224,0.21372509002685547
0.7282388663967612,0.8149847094801224,0.21388477087020874
0.728744939271255,0.8149847094801224,0.21390897035598755
0.728744939271255,0.8154943934760448,0.2139461636543274
0.728744939271255,0.8160040774719673,0.2139570116996765
0.729251012145749,0.8160040774719673,0.2139807939529419
0.729251012145749,0.8165137614678899,0.21400249004364014
0.729251012145749,0.8170234454638124,0.2140600085258484
0.729251012145749,0.817533129459735,0.21423417329788208
0.729251012145749,0.8180428134556575,0.2142903208732605
0.729251012145749,0.81855249745158,0.2143763303756714
0.729757085020243,0.81855249745158,0.21444964408874512
0.729757085020243,0.8190621814475025,0.2144678831100464
0.729757085020243,0.8195718654434251,0.21448099613189697
0.729757085020243,0.8200815494393476,0.2144937515258789
0.7302631578947368,0.8200815494393476,0.21453475952148438
0.7302631578947368,0.8205912334352702,0.21478039026260376
0.7302631578947368,0.8211009174311926,0.21480828523635864
0.7307692307692307,0.8211009174311926,0.21487390995025635
0.7317813765182186,0.8211009174311926,0.21488523483276367
0.7317813765182186,0.8216106014271152,0.2148972749710083
0.7322874493927125,0.8216106014271152,0.21497392654418945
0.7322874493927125,0.8221202854230377,0.2150171399116516
0.7322874493927125,0.8226299694189603,0.21505731344223022
0.7327935222672065,0.8226299694189603,0.21506989002227783
0.7327935222672065,0.8231396534148828,0.21507340669631958
0.7332995951417004,0.8231396534148828,0.2151339054107666
0.7332995951417004,0.8236493374108053,0.21519017219543457
0.7332995951417004,0.8241590214067278,0.21519315242767334
0.7332995951417004,0.8246687054026504,0.21521133184432983
0.7338056680161943,0.8246687054026504,0.2152506709098816
0.7343117408906883,0.8246687054026504,0.21526479721069336
0.7348178137651822,0.8246687054026504,0.21528106927871704
0.7348178137651822,0.8251783893985729,0.21530044078826904
0.7348178137651822,0.8256880733944955,0.21533852815628052
0.7353238866396761,0.8256880733944955,0.21543991565704346
0.7358299595141701,0.8256880733944955,0.21560156345367432
0.736336032388664,0.8256880733944955,0.2156440019607544
0.736336032388664,0.8261977573904179,0.21565067768096924
0.7368421052631579,0.8261977573904179,0.21566450595855713
0.7373481781376519,0.8261977573904179,0.21573078632354736
0.7378542510121457,0.8261977573904179,0.21574896574020386
0.7378542510121457,0.8267074413863404,0.215781569480896
0.7378542510121457,0.827217125382263,0.21582305431365967
0.7383603238866396,0.827217125382263,0.21583324670791626
0.7388663967611336,0.827217125382263,0.2160130739212036
0.7393724696356275,0.827217125382263,0.21602290868759155
0.7393724696356275,0.8277268093781855,0.21620994806289673
0.7393724696356275,0.8282364933741081,0.21624606847763062
0.7398785425101214,0.8282364933741081,0.2163461446762085
0.7398785425101214,0.8287461773700305,0.21638303995132446
0.7403846153846154,0.8287461773700305,0.21641302108764648
0.7408906882591093,0.8287461773700305,0.21654033660888672
0.7408906882591093,0.8292558613659531,0.21654099225997925
0.7413967611336032,0.8292558613659531,0.21662068367004395
0.7419028340080972,0.8292558613659531,0.216633141040802
0.7424089068825911,0.8292558613659531,0.21664327383041382
0.742914979757085,0.8292558613659531,0.21667981147766113
0.742914979757085,0.8297655453618756,0.21680736541748047
0.742914979757085,0.8302752293577982,0.21691173315048218
0.743421052631579,0.8302752293577982,0.21692723035812378
0.743421052631579,0.8307849133537207,0.21696758270263672
0.743421052631579,0.8312945973496432,0.2170238494873047
0.7439271255060729,0.8312945973496432,0.2170419692993164
0.7449392712550608,0.8312945973496432,0.21711474657058716
0.7454453441295547,0.8312945973496432,0.21713405847549438
0.7459514170040485,0.8312945973496432,0.2173062562942505
0.7464574898785425,0.8312945973496432,0.21733450889587402
0.7469635627530364,0.8312945973496432,0.21736711263656616
0.7469635627530364,0.8318042813455657,0.2173747420310974
0.7474696356275303,0.8318042813455657,0.21748089790344238
0.7474696356275303,0.8323139653414883,0.21763288974761963
0.7479757085020243,0.8323139653414883,0.217695415019989
0.7484817813765182,0.8323139653414883,0.21773087978363037
0.7489878542510121,0.8323139653414883,0.21778547763824463
0.7494939271255061,0.8323139653414883,0.21789580583572388
0.7494939271255061,0.8328236493374108,0.21799606084823608
0.75,0.8328236493374108,0.21802842617034912
0.75,0.8333333333333334,0.21805745363235474
0.75,0.8338430173292558,0.2181079387664795
0.7505060728744939,0.8338430173292558,0.21818548440933228
0.7510121457489879,0.8338430173292558,0.21833032369613647
0.7510121457489879,0.8343527013251784,0.21838665008544922
0.7515182186234818,0.8343527013251784,0.21842265129089355
0.7520242914979757,0.8343527013251784,0.21843558549880981
0.7525303643724697,0.8343527013251784,0.2184842824935913
0.7530364372469636,0.8343527013251784,0.21854984760284424
0.7530364372469636,0.8348623853211009,0.21863651275634766
0.7535425101214575,0.8348623853211009,0.21864652633666992
0.7540485829959515,0.8348623853211009,0.21869796514511108
0.7540485829959515,0.8353720693170235,0.2187436819076538
0.7545546558704453,0.8353720693170235,0.21879255771636963
0.7545546558704453,0.835881753312946,0.21880537271499634
0.7550607287449392,0.835881753312946,0.21890908479690552
0.7550607287449392,0.8363914373088684,0.21891891956329346
0.7550607287449392,0.836901121304791,0.2189313769340515
0.7555668016194332,0.836901121304791,0.21894359588623047
0.7555668016194332,0.8374108053007135,0.21918612718582153
0.7560728744939271,0.8374108053007135,0.21923410892486572
0.7560728744939271,0.8379204892966361,0.21923470497131348
0.756578947368421,0.8379204892966361,0.2193579077720642
0.757085020242915,0.8379204892966361,0.21936345100402832
0.7575910931174089,0.8379204892966361,0.2193811535835266
0.7580971659919028,0.8379204892966361,0.21941715478897095
0.7586032388663968,0.8379204892966361,0.21958333253860474
0.7591093117408907,0.8379204892966361,0.21963971853256226
0.7596153846153846,0.8379204892966361,0.2197142243385315
0.7601214574898786,0.8379204892966361,0.2197275161743164
0.7606275303643725,0.8379204892966361,0.219835102558136
0.7611336032388664,0.8379204892966361,0.2199200987815857
0.7611336032388664,0.8384301732925586,0.220147967338562
0.7611336032388664,0.8389398572884812,0.22020530700683594
0.7616396761133604,0.8389398572884812,0.22026485204696655
0.7616396761133604,0.8394495412844036,0.22033673524856567
0.7621457489878543,0.8394495412844036,0.22034811973571777
0.7626518218623481,0.8394495412844036,0.22039228677749634
0.7626518218623481,0.8399592252803262,0.22043228149414062
0.7631578947368421,0.8399592252803262,0.22043269872665405
0.763663967611336,0.8399592252803262,0.22045737504959106
0.763663967611336,0.8404689092762487,0.2205330729484558
0.763663967611336,0.8409785932721713,0.22056734561920166
0.7641700404858299,0.8409785932721713,0.22057360410690308
0.7646761133603239,0.8409785932721713,0.22063231468200684
0.7651821862348178,0.8409785932721713,0.2207026481628418
0.7651821862348178,0.8414882772680938,0.22077417373657227
0.7656882591093117,0.8414882772680938,0.22080278396606445
0.7661943319838057,0.8414882772680938,0.22085696458816528
0.7661943319838057,0.8419979612640163,0.22086238861083984
0.7661943319838057,0.8425076452599388,0.22091162204742432
0.7667004048582996,0.8425076452599388,0.22094619274139404
0.7672064777327935,0.8425076452599388,0.2210877537727356
0.7677125506072875,0.8425076452599388,0.22115951776504517
0.7682186234817814,0.8425076452599388,0.22122621536254883
0.7687246963562753,0.8425076452599388,0.22129905223846436
0.7687246963562753,0.8430173292558614,0.22134196758270264
0.7692307692307693,0.8430173292558614,0.22136402130126953
0.7692307692307693,0.8435270132517839,0.2214055061340332
0.7697368421052632,0.8435270132517839,0.22149503231048584
0.7697368421052632,0.8440366972477065,0.22152137756347656
0.7697368421052632,0.8445463812436289,0.2215290069580078
0.7697368421052632,0.8450560652395515,0.22160708904266357
0.770242914979757,0.8450560652395515,0.22167330980300903
0.771255060728745,0.8450560652395515,0.22172772884368896
0.7717611336032388,0.8450560652395515,0.22183293104171753
0.7722672064777328,0.8450560652395515,0.22187191247940063
0.7722672064777328,0.845565749235474,0.22192692756652832
0.7722672064777328,0.8460754332313966,0.22199052572250366
0.7722672064777328,0.8465851172273191,0.2220211625099182
0.7727732793522267,0.8465851172273191,0.22204160690307617
0.7732793522267206,0.8465851172273191,0.22204583883285522
0.7737854251012146,0.8465851172273191,0.22218936681747437
0.7742914979757085,0.8465851172273191,0.2222246527671814
0.7747975708502024,0.8465851172273191,0.22223633527755737
0.7747975708502024,0.8470948012232415,0.2222626805305481
0.7753036437246964,0.8470948012232415,0.22232377529144287
0.7753036437246964,0.8476044852191641,0.22233080863952637
0.7758097165991903,0.8476044852191641,0.2223491668701172
0.7758097165991903,0.8481141692150866,0.22237396240234375
0.7758097165991903,0.8486238532110092,0.22251921892166138
0.7758097165991903,0.8491335372069317,0.22253680229187012
0.7763157894736842,0.8491335372069317,0.2226988673210144
0.7763157894736842,0.8496432212028542,0.22270125150680542
0.7768218623481782,0.8496432212028542,0.22276461124420166
0.7773279352226721,0.8496432212028542,0.2228090763092041
0.777834008097166,0.8496432212028542,0.22281110286712646
0.77834008097166,0.8496432212028542,0.22282946109771729
0.7788461538461539,0.8496432212028542,0.2230014204978943
0.7793522267206477,0.8496432212028542,0.22324806451797485
0.7793522267206477,0.8501529051987767,0.2233266830444336
0.7798582995951417,0.8501529051987767,0.22338271141052246
0.7798582995951417,0.8506625891946993,0.2233840823173523
0.7803643724696356,0.8506625891946993,0.22340524196624756
0.7808704453441295,0.8506625891946993,0.22349470853805542
0.7813765182186235,0.8506625891946993,0.2235894799232483
0.7818825910931174,0.8506625891946993,0.22359013557434082
0.7818825910931174,0.8511722731906218,0.22363418340682983
0.7823886639676113,0.8511722731906218,0.223660409450531
0.7823886639676113,0.8516819571865444,0.22366440296173096
0.7823886639676113,0.8521916411824668,0.2236894965171814
0.7823886639676113,0.8527013251783894,0.2237902283668518
0.7828947368421053,0.8527013251783894,0.22379803657531738
0.7834008097165992,0.8527013251783894,0.22383761405944824
0.7834008097165992,0.8532110091743119,0.2238512635231018
0.7839068825910931,0.8532110091743119,0.2238675355911255
0.7844129554655871,0.8532110091743119,0.22400766611099243
0.784919028340081,0.8532110091743119,0.22412139177322388
0.784919028340081,0.8537206931702345,0.2241344451904297
0.7854251012145749,0.8537206931702345,0.22424322366714478
0.7859311740890689,0.8537206931702345,0.22427690029144287
0.7864372469635628,0.8537206931702345,0.22438925504684448
0.7869433198380567,0.8537206931702345,0.22450929880142212
0.7869433198380567,0.854230377166157,0.2246362566947937
0.7869433198380567,0.8547400611620795,0.2246364951133728
0.7869433198380567,0.855249745158002,0.2246485948562622
0.7874493927125507,0.855249745158002,0.2247142791748047
0.7879554655870445,0.855249745158002,0.22476565837860107
0.7884615384615384,0.855249745158002,0.22487330436706543
0.7889676113360324,0.855249745158002,0.22487473487854004
0.7894736842105263,0.855249745158002,0.22489339113235474
0.7899797570850202,0.855249745158002,0.22500407695770264
0.7904858299595142,0.855249745158002,0.2250053882598877
0.7909919028340081,0.855249745158002,0.22505396604537964
0.791497975708502,0.855249745158002,0.22505450248718262
0.792004048582996,0.855249745158002,0.22516638040542603
0.7925101214574899,0.855249745158002,0.22522741556167603
0.7930161943319838,0.855249745158002,0.22524958848953247
0.7935222672064778,0.855249745158002,0.22527247667312622
0.7935222672064778,0.8557594291539246,0.22532504796981812
0.7940283400809717,0.8557594291539246,0.225391685962677
0.7940283400809717,0.8562691131498471,0.22547465562820435
0.7945344129554656,0.8562691131498471,0.22556167840957642
0.7950404858299596,0.8562691131498471,0.22569143772125244
0.7950404858299596,0.8567787971457697,0.22581219673156738
0.7955465587044535,0.8567787971457697,0.22588545083999634
0.7960526315789473,0.8567787971457697,0.22592312097549438
0.7960526315789473,0.8572884811416922,0.22595900297164917
0.7965587044534413,0.8572884811416922,0.22597360610961914
0.7970647773279352,0.8572884811416922,0.2260717749595642
0.7970647773279352,0.8577981651376146,0.22608739137649536
0.7975708502024291,0.8577981651376146,0.22620749473571777
0.7975708502024291,0.8583078491335372,0.22622603178024292
0.7975708502024291,0.8588175331294597,0.22623616456985474
0.7980769230769231,0.8588175331294597,0.22631216049194336
0.7980769230769231,0.8593272171253823,0.22632545232772827
0.798582995951417,0.8593272171253823,0.2263372540473938
0.7990890688259109,0.8593272171253823,0.22647887468338013
0.7995951417004049,0.8593272171253823,0.22648108005523682
0.8001012145748988,0.8593272171253823,0.22655975818634033
0.8006072874493927,0.8593272171253823,0.2265607714653015
0.8006072874493927,0.8598369011213048,0.22659319639205933
0.8011133603238867,0.8598369011213048,0.22667646408081055
0.8016194331983806,0.8598369011213048,0.226739764213562
0.8021255060728745,0.8598369011213048,0.22674602270126343
0.8021255060728745,0.8603465851172273,0.22683393955230713
0.8026315789473685,0.8603465851172273,0.22685623168945312
0.8026315789473685,0.8608562691131498,0.2269078493118286
0.8026315789473685,0.8613659531090724,0.22699451446533203
0.8031376518218624,0.8613659531090724,0.22706860303878784
0.8036437246963563,0.8613659531090724,0.2271445393562317
0.8036437246963563,0.8618756371049949,0.2271915078163147
0.8041497975708503,0.8618756371049949,0.2272474765777588
0.8041497975708503,0.8623853211009175,0.22730058431625366
0.8041497975708503,0.8628950050968399,0.22747671604156494
0.8041497975708503,0.8634046890927625,0.22755712270736694
0.8041497975708503,0.863914373088685,0.22762227058410645
0.8041497975708503,0.8644240570846076,0.2276287078857422
0.8041497975708503,0.8649337410805301,0.22766757011413574
0.8046558704453441,0.8649337410805301,0.22767072916030884
0.8046558704453441,0.8654434250764526,0.22800832986831665
0.8046558704453441,0.8659531090723751,0.22801756858825684
0.8046558704453441,0.8664627930682977,0.22805523872375488
0.805161943319838,0.8664627930682977,0.22807937860488892
0.805161943319838,0.8669724770642202,0.22821849584579468
0.805668016194332,0.8669724770642202,0.22833043336868286
0.8061740890688259,0.8669724770642202,0.22839683294296265
0.8066801619433198,0.8669724770642202,0.22860568761825562
0.8066801619433198,0.8674821610601428,0.22886574268341064
0.8066801619433198,0.8679918450560652,0.22893953323364258
0.8066801619433198,0.8685015290519877,0.22896796464920044
0.8071862348178138,0.8685015290519877,0.2290390133857727
0.8076923076923077,0.8685015290519877,0.22911399602890015
0.8076923076923077,0.8690112130479103,0.2292553186416626
0.8081983805668016,0.8690112130479103,0.22928094863891602
0.8081983805668016,0.8695208970438328,0.2293451428413391
0.8081983805668016,0.8700305810397554,0.2293453812599182
0.8081983805668016,0.8705402650356778,0.22935158014297485
0.8081983805668016,0.8710499490316004,0.22940373420715332
0.8087044534412956,0.8710499490316004,0.22967982292175293
0.8092105263157895,0.8710499490316004,0.22978800535202026
0.8092105263157895,0.8715596330275229,0.2298256754875183
0.8097165991902834,0.8715596330275229,0.2299494743347168
0.8102226720647774,0.8715596330275229,0.22999292612075806
0.8107287449392713,0.8715596330275229,0.2300173044204712
0.8112348178137652,0.8715596330275229,0.2301245927810669
0.8117408906882592,0.8715596330275229,0.23030942678451538
0.8117408906882592,0.8720693170234455,0.2304389476776123
0.812246963562753,0.8720693170234455,0.23048508167266846
0.812753036437247,0.8720693170234455,0.23060286045074463
0.812753036437247,0.872579001019368,0.23065721988677979
0.8132591093117408,0.872579001019368,0.23066914081573486
0.8132591093117408,0.8730886850152905,0.23068320751190186
0.8137651821862348,0.8730886850152905,0.2306850552558899
0.8142712550607287,0.8730886850152905,0.23070091009140015
0.8147773279352226,0.8730886850152905,0.23075377941131592
0.8152834008097166,0.8730886850152905,0.23076105117797852
0.8157894736842105,0.8730886850152905,0.23099404573440552
0.8157894736842105,0.873598369011213,0.23100227117538452
0.8162955465587044,0.873598369011213,0.23103469610214233
0.8168016194331984,0.873598369011213,0.23106592893600464
0.8173076923076923,0.873598369011213,0.23106956481933594
0.8173076923076923,0.8741080530071356,0.23108047246932983
0.8178137651821862,0.8741080530071356,0.23121756315231323
0.8183198380566802,0.8741080530071356,0.2312687635421753
0.8188259109311741,0.8741080530071356,0.23132234811782837
0.819331983805668,0.8741080530071356,0.2314125895500183
0.819331983805668,0.8746177370030581,0.2314896583557129
0.819331983805668,0.8751274209989807,0.23157227039337158
0.819838056680162,0.8751274209989807,0.23162174224853516
0.819838056680162,0.8756371049949032,0.2316969633102417
0.8203441295546559,0.8756371049949032,0.2317618727684021
0.8208502024291497,0.8756371049949032,0.23178726434707642
0.8213562753036437,0.8756371049949032,0.23189163208007812
0.8218623481781376,0.8756371049949032,0.23219579458236694
0.8218623481781376,0.8761467889908257,0.23220586776733398
0.8218623481781376,0.8766564729867482,0.23222875595092773
0.8223684210526315,0.8766564729867482,0.23223912715911865
0.8228744939271255,0.8766564729867482,0.23226159811019897
0.8233805668016194,0.8766564729867482,0.23227685689926147
0.8238866396761133,0.8766564729867482,0.2322789430618286
0.8238866396761133,0.8771661569826708,0.2324022650718689
0.8238866396761133,0.8776758409785933,0.2324279546737671
0.8243927125506073,0.8776758409785933,0.2324501872062683
0.8243927125506073,0.8781855249745159,0.23247265815734863
0.8243927125506073,0.8786952089704383,0.23249971866607666
0.8243927125506073,0.8792048929663608,0.23280203342437744
0.8248987854251012,0.8792048929663608,0.23281747102737427
0.8254048582995951,0.8792048929663608,0.23287206888198853
0.8259109311740891,0.8792048929663608,0.23291993141174316
0.826417004048583,0.8792048929663608,0.23292195796966553
0.826417004048583,0.8797145769622834,0.2331935167312622
0.8269230769230769,0.8797145769622834,0.2332698106765747
0.8274291497975709,0.8797145769622834,0.23338037729263306
0.8274291497975709,0.8802242609582059,0.23347675800323486
0.8274291497975709,0.8807339449541285,0.23349273204803467
0.8279352226720648,0.8807339449541285,0.23363417387008667
0.8284412955465587,0.8807339449541285,0.23374193906784058
0.8289473684210527,0.8807339449541285,0.23378074169158936
0.8294534412955465,0.8807339449541285,0.23389315605163574
0.8299595141700404,0.8807339449541285,0.23400861024856567
0.8299595141700404,0.8812436289500509,0.23415595293045044
0.8299595141700404,0.8817533129459735,0.23424124717712402
0.8299595141700404,0.882262996941896,0.23424845933914185
0.8299595141700404,0.8827726809378186,0.23430705070495605
0.8304655870445344,0.8827726809378186,0.2343740463256836
0.8309716599190283,0.8827726809378186,0.23437541723251343
0.8314777327935222,0.8827726809378186,0.23439252376556396
0.8314777327935222,0.8832823649337411,0.2344290018081665
0.8319838056680162,0.8832823649337411,0.23450559377670288
0.8324898785425101,0.8832823649337411,0.23475271463394165
0.8324898785425101,0.8837920489296636,0.23493075370788574
0.832995951417004,0.8837920489296636,0.23495548963546753
0.833502024291498,0.8837920489296636,0.23507434129714966
0.8340080971659919,0.8837920489296636,0.23510682582855225
0.8345141700404858,0.8837920489296636,0.2353687882423401
0.8345141700404858,0.8843017329255861,0.23538249731063843
0.8350202429149798,0.8843017329255861,0.2354215383529663
0.8350202429149798,0.8848114169215087,0.23553681373596191
0.8350202429149798,0.8853211009174312,0.23553699254989624
0.8355263157894737,0.8853211009174312,0.23556816577911377
0.8360323886639676,0.8853211009174312,0.23572462797164917
0.8365384615384616,0.8853211009174312,0.23610931634902954
0.8365384615384616,0.8858307849133538,0.23614978790283203
0.8365384615384616,0.8863404689092762,0.2362048625946045
0.8370445344129555,0.8863404689092762,0.23632657527923584
0.8375506072874493,0.8863404689092762,0.23635858297348022
0.8375506072874493,0.8868501529051988,0.23641550540924072
0.8380566801619433,0.8868501529051988,0.23645752668380737
0.8380566801619433,0.8873598369011213,0.23654013872146606
0.8385627530364372,0.8873598369011213,0.23670154809951782
0.8390688259109311,0.8873598369011213,0.23673325777053833
0.8390688259109311,0.8878695208970439,0.23677200078964233
0.8390688259109311,0.8883792048929664,0.23691099882125854
0.8395748987854251,0.8883792048929664,0.2369295358657837
0.840080971659919,0.8883792048929664,0.23701125383377075
0.840080971659919,0.8888888888888888,0.2370660901069641
0.840080971659919,0.8893985728848114,0.23717355728149414
0.8405870445344129,0.8893985728848114,0.23726880550384521
0.8410931174089069,0.8893985728848114,0.23742878437042236
0.8415991902834008,0.8893985728848114,0.23745203018188477
0.8415991902834008,0.8899082568807339,0.23745644092559814
0.8415991902834008,0.8904179408766565,0.23746508359909058
0.8415991902834008,0.890927624872579,0.23752939701080322
0.8421052631578947,0.890927624872579,0.23758333921432495
0.8426113360323887,0.890927624872579,0.2375849485397339
0.8431174089068826,0.890927624872579,0.2376464605331421
0.8436234817813765,0.890927624872579,0.23795968294143677
0.8441295546558705,0.890927624872579,0.23799467086791992
0.8446356275303644,0.890927624872579,0.23820406198501587
0.8451417004048583,0.890927624872579,0.23830950260162354
0.8456477732793523,0.890927624872579,0.23834919929504395
0.8456477732793523,0.8914373088685015,0.23844760656356812
0.8461538461538461,0.8914373088685015,0.2384665608406067
0.8461538461538461,0.891946992864424,0.2386283278465271
0.84665991902834,0.891946992864424,0.2387535572052002
0.84665991902834,0.8924566768603466,0.23887062072753906
0.847165991902834,0.8924566768603466,0.23888301849365234
0.847165991902834,0.8929663608562691,0.23894959688186646
0.8476720647773279,0.8929663608562691,0.23895388841629028
0.8476720647773279,0.8934760448521917,0.2391076683998108
0.8481781376518218,0.8934760448521917,0.2391229271888733
0.8486842105263158,0.8934760448521917,0.2392634153366089
0.8491902834008097,0.8934760448521917,0.23934787511825562
0.8491902834008097,0.8939857288481141,0.23936456441879272
0.8496963562753036,0.8939857288481141,0.2393675446510315
0.8502024291497976,0.8939857288481141,0.23938816785812378
0.8502024291497976,0.8944954128440367,0.2395365834236145
0.8507085020242915,0.8944954128440367,0.23966002464294434
0.8507085020242915,0.8950050968399592,0.23969465494155884
0.8512145748987854,0.8950050968399592,0.23975127935409546
0.8517206477732794,0.8950050968399592,0.2398504614830017
0.8517206477732794,0.8955147808358818,0.23999959230422974
0.8517206477732794,0.8960244648318043,0.24001532793045044
0.8517206477732794,0.8965341488277269,0.24006903171539307
0.8517206477732794,0.8970438328236493,0.24010205268859863
0.8522267206477733,0.8970438328236493,0.24016451835632324
0.8527327935222672,0.8970438328236493,0.2401742935180664
0.8527327935222672,0.8975535168195719,0.2402266263961792
0.8532388663967612,0.8975535168195719,0.2402801513671875
0.8532388663967612,0.8980632008154944,0.2403736710548401
0.853744939271255,0.8980632008154944,0.24037790298461914
0.853744939271255,0.898572884811417,0.24039429426193237
0.854251012145749,0.898572884811417,0.2405567765235901
0.8552631578947368,0.898572884811417,0.24059081077575684
0.8552631578947368,0.8990825688073395,0.24062252044677734
0.8552631578947368,0.8995922528032619,0.24075686931610107
0.8557692307692307,0.8995922528032619,0.24076145887374878
0.8557692307692307,0.9001019367991845,0.24076157808303833
0.8562753036437247,0.9001019367991845,0.24087023735046387
0.8567813765182186,0.9001019367991845,0.24090296030044556
0.8572874493927125,0.9001019367991845,0.24100273847579956
0.8572874493927125,0.900611620795107,0.2410086989402771
0.8577935222672065,0.900611620795107,0.24101954698562622
0.8582995951417004,0.900611620795107,0.24103951454162598
0.8588056680161943,0.900611620795107,0.24105799198150635
0.8588056680161943,0.9011213047910296,0.24106281995773315
0.8593117408906883,0.9011213047910296,0.24108797311782837
0.8598178137651822,0.9011213047910296,0.24109429121017456
0.8598178137651822,0.9016309887869521,0.24111652374267578
0.8603238866396761,0.9016309887869521,0.2411785125732422
0.861336032388664,0.9016309887869521,0.24133038520812988
0.8618421052631579,0.9016309887869521,0.24133515357971191
0.8623481781376519,0.9016309887869521,0.2413671612739563
0.8623481781376519,0.9021406727828746,0.24141335487365723
0.8623481781376519,0.9026503567787971,0.24150699377059937
0.8623481781376519,0.9031600407747197,0.24159687757492065
0.8628542510121457,0.9031600407747197,0.2416403889656067
0.8633603238866396,0.9031600407747197,0.24176859855651855
0.8633603238866396,0.9036697247706422,0.24185413122177124
0.8638663967611336,0.9036697247706422,0.24185562133789062
0.8643724696356275,0.9036697247706422,0.2419058084487915
0.8648785425101214,0.9036697247706422,0.242082417011261
0.8653846153846154,0.9036697247706422,0.24214911460876465
0.8658906882591093,0.9036697247706422,0.24215614795684814
0.8663967611336032,0.9036697247706422,0.24242371320724487
0.8669028340080972,0.9036697247706422,0.24256360530853271
0.8674089068825911,0.9036697247706422,0.24258071184158325
0.867914979757085,0.9036697247706422,0.24270057678222656
0.868421052631579,0.9036697247706422,0.2427101731300354
0.8689271255060729,0.9036697247706422,0.2428123950958252
0.8689271255060729,0.9041794087665648,0.2430439591407776
0.8689271255060729,0.9046890927624872,0.24307644367218018
0.8694331983805668,0.9046890927624872,0.24323433637619019
0.8699392712550608,0.9046890927624872,0.24328762292861938
0.8704453441295547,0.9046890927624872,0.24331337213516235
0.8709514170040485,0.9046890927624872,0.24333852529525757
0.8709514170040485,0.9051987767584098,0.2433883547782898
0.8709514170040485,0.9057084607543323,0.24345654249191284
0.8714574898785425,0.9057084607543323,0.2434965968132019
0.8719635627530364,0.9057084607543323,0.2435435652732849
0.8724696356275303,0.9057084607543323,0.24384742975234985
0.8729757085020243,0.9057084607543323,0.24386382102966309
0.8729757085020243,0.9062181447502549,0.24414557218551636
0.8734817813765182,0.9062181447502549,0.24419283866882324
0.8734817813765182,0.9067278287461774,0.2442939281463623
0.8734817813765182,0.9072375127420998,0.24439972639083862
0.8734817813765182,0.9077471967380224,0.24447572231292725
0.8739878542510121,0.9077471967380224,0.24451947212219238
0.8744939271255061,0.9077471967380224,0.24452805519104004
0.8744939271255061,0.908256880733945,0.24475395679473877
0.875,0.908256880733945,0.24477022886276245
0.8755060728744939,0.908256880733945,0.2447991967201233
0.8755060728744939,0.9087665647298675,0.24487638473510742
0.8760121457489879,0.9087665647298675,0.24511170387268066
0.8765182186234818,0.9087665647298675,0.24527502059936523
0.8770242914979757,0.9087665647298675,0.24533754587173462
0.8770242914979757,0.90927624872579,0.2454143762588501
0.8770242914979757,0.9097859327217125,0.24544990062713623
0.8770242914979757,0.910295616717635,0.24547725915908813
0.8775303643724697,0.910295616717635,0.24568945169448853
0.8780364372469636,0.910295616717635,0.24571919441223145
0.8780364372469636,0.9108053007135576,0.2457420825958252
0.8780364372469636,0.9113149847094801,0.245855450630188
0.8780364372469636,0.9118246687054027,0.2459169626235962
0.8785425101214575,0.9118246687054027,0.2459281086921692
0.8790485829959515,0.9118246687054027,0.2459302544593811
0.8790485829959515,0.9123343527013251,0.24595868587493896
0.8795546558704453,0.9123343527013251,0.24604928493499756
0.8795546558704453,0.9128440366972477,0.2460591197013855
0.8800607287449392,0.9128440366972477,0.2460651993751526
0.8800607287449392,0.9133537206931702,0.24616414308547974
0.8805668016194332,0.9133537206931702,0.24618983268737793
0.8805668016194332,0.9138634046890928,0.24627470970153809
0.8810728744939271,0.9138634046890928,0.24642682075500488
0.8810728744939271,0.9143730886850153,0.24656325578689575
0.881578947368421,0.9143730886850153,0.2466181516647339
0.882085020242915,0.9143730886850153,0.24667614698410034
0.8825910931174089,0.9143730886850153,0.24672114849090576
0.8825910931174089,0.9148827726809379,0.2468981146812439
0.8825910931174089,0.9153924566768603,0.2470608353614807
0.8830971659919028,0.9153924566768603,0.24713772535324097
0.8830971659919028,0.9159021406727829,0.24723809957504272
0.8836032388663968,0.9159021406727829,0.2472485899925232
0.8841093117408907,0.9159021406727829,0.2473883032798767
0.8841093117408907,0.9164118246687054,0.24748754501342773
0.8846153846153846,0.9164118246687054,0.2475464940071106
0.8851214574898786,0.9164118246687054,0.24757832288742065
0.8856275303643725,0.9164118246687054,0.24767547845840454
0.8861336032388664,0.9164118246687054,0.24770277738571167
0.8866396761133604,0.9164118246687054,0.24770957231521606
0.8871457489878543,0.9164118246687054,0.24794089794158936
0.8876518218623481,0.9164118246687054,0.24805796146392822
0.8876518218623481,0.916921508664628,0.24823325872421265
0.8881578947368421,0.916921508664628,0.24841326475143433
0.8881578947368421,0.9174311926605505,0.24857628345489502
0.888663967611336,0.9174311926605505,0.2486647367477417
0.8891700404858299,0.9174311926605505,0.24882185459136963
0.8896761133603239,0.9174311926605505,0.24883723258972168
0.8896761133603239,0.917940876656473,0.24884366989135742
0.8901821862348178,0.917940876656473,0.24893492460250854
0.8901821862348178,0.9184505606523955,0.24896597862243652
0.8906882591093117,0.9184505606523955,0.24905484914779663
0.8911943319838057,0.9184505606523955,0.24919158220291138
0.8911943319838057,0.918960244648318,0.2496451735496521
0.8911943319838057,0.9194699286442406,0.24967873096466064
0.8917004048582996,0.9194699286442406,0.24981629848480225
0.8917004048582996,0.9199796126401631,0.24981975555419922
0.8922064777327935,0.9199796126401631,0.24986392259597778
0.8927125506072875,0.9199796126401631,0.24996864795684814
0.8927125506072875,0.9204892966360856,0.250124990940094
0.8932186234817814,0.9204892966360856,0.250140905380249
0.8937246963562753,0.9204892966360856,0.25017493963241577
0.8937246963562753,0.9209989806320081,0.2501770853996277
0.8942307692307693,0.9209989806320081,0.25027668476104736
0.8947368421052632,0.9209989806320081,0.25040143728256226
0.8947368421052632,0.9215086646279307,0.2504596710205078
0.8947368421052632,0.9220183486238532,0.25055044889450073
0.895242914979757,0.9220183486238532,0.25055932998657227
0.895242914979757,0.9225280326197758,0.25056594610214233
0.895242914979757,0.9230377166156982,0.25060927867889404
0.895242914979757,0.9235474006116208,0.25068891048431396
0.895748987854251,0.9235474006116208,0.25071924924850464
0.896255060728745,0.9235474006116208,0.25099366903305054
0.896255060728745,0.9240570846075433,0.25103312730789185
0.8967611336032388,0.9240570846075433,0.25103509426116943
0.8967611336032388,0.9245667686034659,0.2512103319168091
0.8972672064777328,0.9245667686034659,0.2513964772224426
0.8972672064777328,0.9250764525993884,0.25154489278793335
0.8972672064777328,0.9255861365953109,0.25159555673599243
0.8977732793522267,0.9255861365953109,0.25166386365890503
0.8982793522267206,0.9255861365953109,0.2517929673194885
0.8987854251012146,0.9255861365953109,0.25191497802734375
0.8992914979757085,0.9255861365953109,0.2522583603858948
0.8997975708502024,0.9255861365953109,0.25230568647384644
0.8997975708502024,0.9260958205912334,0.25252825021743774
0.9003036437246964,0.9260958205912334,0.25256431102752686
0.9003036437246964,0.926605504587156,0.2526790499687195
0.9008097165991903,0.926605504587156,0.2526930570602417
0.9013157894736842,0.926605504587156,0.25274789333343506
0.9018218623481782,0.926605504587156,0.25280797481536865
0.9023279352226721,0.926605504587156,0.2529035806655884
0.902834008097166,0.926605504587156,0.25301986932754517
0.90334008097166,0.926605504587156,0.2532912492752075
0.9038461538461539,0.926605504587156,0.25337642431259155
0.9038461538461539,0.9271151885830785,0.2537274956703186
0.9043522267206477,0.9271151885830785,0.25372838973999023
0.9048582995951417,0.9271151885830785,0.25376027822494507
0.9053643724696356,0.9271151885830785,0.25386691093444824
0.9053643724696356,0.9276248725790011,0.2540544271469116
0.9058704453441295,0.9276248725790011,0.2540965676307678
0.9063765182186235,0.9276248725790011,0.25416332483291626
0.9068825910931174,0.9276248725790011,0.25427401065826416
0.9073886639676113,0.9276248725790011,0.25432950258255005
0.9078947368421053,0.9276248725790011,0.25436753034591675
0.9084008097165992,0.9276248725790011,0.25440776348114014
0.9089068825910931,0.9276248725790011,0.25468045473098755
0.9094129554655871,0.9276248725790011,0.2547609806060791
0.9094129554655871,0.9281345565749235,0.25488513708114624
0.909919028340081,0.9281345565749235,0.25493693351745605
0.9104251012145749,0.9281345565749235,0.25494587421417236
0.9104251012145749,0.928644240570846,0.2551954984664917
0.9109311740890689,0.928644240570846,0.25532591342926025
0.9109311740890689,0.9291539245667686,0.25534117221832275
0.9109311740890689,0.9296636085626911,0.2554023265838623
0.9114372469635628,0.9296636085626911,0.2555209994316101
0.9114372469635628,0.9301732925586137,0.2555323839187622
0.9114372469635628,0.9306829765545361,0.25582456588745117
0.9119433198380567,0.9306829765545361,0.2558841109275818
0.9124493927125507,0.9306829765545361,0.25592041015625
0.9129554655870445,0.9306829765545361,0.25594550371170044
0.9129554655870445,0.9311926605504587,0.25614988803863525
0.9129554655870445,0.9317023445463812,0.25618481636047363
0.9129554655870445,0.9322120285423038,0.25624197721481323
0.9129554655870445,0.9327217125382263,0.25635308027267456
0.9134615384615384,0.9327217125382263,0.25649648904800415
0.9134615384615384,0.9332313965341489,0.2565907835960388
0.9134615384615384,0.9337410805300713,0.25667524337768555
0.9139676113360324,0.9337410805300713,0.25670647621154785
0.9144736842105263,0.9337410805300713,0.25679630041122437
0.9144736842105263,0.9342507645259939,0.2568385601043701
0.9149797570850202,0.9342507645259939,0.25695037841796875
0.9154858299595142,0.9342507645259939,0.2570199966430664
0.9159919028340081,0.9342507645259939,0.2570371627807617
0.916497975708502,0.9342507645259939,0.25721585750579834
0.916497975708502,0.9347604485219164,0.257290780544281
0.917004048582996,0.9347604485219164,0.25737088918685913
0.917004048582996,0.935270132517839,0.25771528482437134
0.9175101214574899,0.935270132517839,0.2577853202819824
0.9175101214574899,0.9357798165137615,0.25800371170043945
0.9180161943319838,0.9357798165137615,0.2580792307853699
0.9180161943319838,0.936289500509684,0.25809693336486816
0.9185222672064778,0.936289500509684,0.2581188678741455
0.9185222672064778,0.9367991845056065,0.2581362724304199
0.9185222672064778,0.9373088685015291,0.2581409811973572
0.9190283400809717,0.9373088685015291,0.25822192430496216
0.9190283400809717,0.9378185524974516,0.2583364248275757
0.9190283400809717,0.9383282364933742,0.25850731134414673
0.9190283400809717,0.9388379204892966,0.25871407985687256
0.9195344129554656,0.9388379204892966,0.258802592754364
0.9200404858299596,0.9388379204892966,0.258838415145874
0.9205465587044535,0.9388379204892966,0.2589617967605591
0.9205465587044535,0.9393476044852191,0.2589903473854065
0.9210526315789473,0.9393476044852191,0.25911980867385864
0.9215587044534413,0.9393476044852191,0.25912773609161377
0.9220647773279352,0.9393476044852191,0.2592538595199585
0.9225708502024291,0.9393476044852191,0.25956350564956665
0.9230769230769231,0.9393476044852191,0.2597767114639282
0.9230769230769231,0.9398572884811417,0.2600012421607971
0.9230769230769231,0.9403669724770642,0.2601976990699768
0.9230769230769231,0.9408766564729868,0.2602235674858093
0.923582995951417,0.9408766564729868,0.26057571172714233
0.9240890688259109,0.9408766564729868,0.26065635681152344
0.9245951417004049,0.9408766564729868,0.2606602907180786
0.9245951417004049,0.9413863404689092,0.2608339786529541
0.9251012145748988,0.9413863404689092,0.26087450981140137
0.9256072874493927,0.9413863404689092,0.2609643340110779
0.9261133603238867,0.9413863404689092,0.2610020041465759
0.9266194331983806,0.9413863404689092,0.26107239723205566
0.9271255060728745,0.9413863404689092,0.2611691951751709
0.9271255060728745,0.9418960244648318,0.2612508535385132
0.9271255060728745,0.9424057084607543,0.2614034414291382
0.9276315789473685,0.9424057084607543,0.2614704966545105
0.9281376518218624,0.9424057084607543,0.2615545988082886
0.9286437246963563,0.9424057084607543,0.2616502642631531
0.9291497975708503,0.9424057084607543,0.26168686151504517
0.9296558704453441,0.9424057084607543,0.2619747519493103
0.930161943319838,0.9424057084607543,0.26199203729629517
0.930161943319838,0.9429153924566769,0.2620680332183838
0.930668016194332,0.9429153924566769,0.2621537446975708
0.9311740890688259,0.9429153924566769,0.262234628200531
0.9311740890688259,0.9434250764525994,0.26224905252456665
0.9316801619433198,0.9434250764525994,0.26257675886154175
0.9321862348178138,0.9434250764525994,0.262778639793396
0.9321862348178138,0.9439347604485219,0.26301586627960205
0.9321862348178138,0.9444444444444444,0.26303088665008545
0.9321862348178138,0.944954128440367,0.26308441162109375
0.9326923076923077,0.944954128440367,0.2631853222846985
0.9326923076923077,0.9454638124362895,0.26337844133377075
0.9326923076923077,0.9459734964322121,0.26406359672546387
0.9326923076923077,0.9464831804281345,0.2642287611961365
0.9337044534412956,0.9464831804281345,0.2644772529602051
0.9342105263157895,0.9464831804281345,0.2645321488380432
0.9342105263157895,0.9469928644240571,0.26482218503952026
0.9342105263157895,0.9475025484199796,0.26498305797576904
0.9342105263157895,0.9480122324159022,0.2650107145309448
0.9342105263157895,0.9485219164118247,0.2650842070579529
0.9342105263157895,0.9490316004077471,0.26515793800354004
0.9347165991902834,0.9490316004077471,0.26531732082366943
0.9352226720647774,0.9490316004077471,0.2656993865966797
0.9357287449392713,0.9490316004077471,0.2658839225769043
0.9357287449392713,0.9495412844036697,0.2660321593284607
0.9357287449392713,0.9500509683995922,0.26603221893310547
0.9362348178137652,0.9500509683995922,0.2660507559776306
0.9362348178137652,0.9505606523955148,0.26608431339263916
0.9362348178137652,0.9510703363914373,0.26656877994537354
0.9362348178137652,0.9515800203873598,0.26661795377731323
0.9367408906882592,0.9515800203873598,0.26669836044311523
0.9367408906882592,0.9520897043832823,0.266762375831604
0.937246963562753,0.9520897043832823,0.2671605348587036
0.937246963562753,0.9525993883792049,0.26731550693511963
0.937753036437247,0.9525993883792049,0.2673751711845398
0.937753036437247,0.9531090723751274,0.26741600036621094
0.9382591093117408,0.9531090723751274,0.2675338387489319
0.9387651821862348,0.9531090723751274,0.2675365209579468
0.9392712550607287,0.9531090723751274,0.2675938606262207
0.9397773279352226,0.9531090723751274,0.26763617992401123
0.9397773279352226,0.95361875637105,0.267689049243927
0.9397773279352226,0.9541284403669725,0.2678184509277344
0.9397773279352226,0.954638124362895,0.2680870294570923
0.9402834008097166,0.954638124362895,0.26810407638549805
0.9407894736842105,0.954638124362895,0.26821672916412354
0.9407894736842105,0.9551478083588175,0.2683653235435486
0.9407894736842105,0.9556574923547401,0.2683693766593933
0.9407894736842105,0.9561671763506626,0.2683793306350708
0.9407894736842105,0.9566768603465852,0.2687682509422302
0.9412955465587044,0.9566768603465852,0.26881885528564453
0.9412955465587044,0.9571865443425076,0.2689749002456665
0.9418016194331984,0.9571865443425076,0.26902884244918823
0.9423076923076923,0.9571865443425076,0.2690626382827759
0.9423076923076923,0.9576962283384302,0.26918303966522217
0.9428137651821862,0.9576962283384302,0.26962578296661377
0.9428137651821862,0.9582059123343527,0.2696341276168823
0.9428137651821862,0.9587155963302753,0.26976269483566284
0.9433198380566802,0.9587155963302753,0.26977044343948364
0.9433198380566802,0.9592252803261978,0.2700258493423462
0.9433198380566802,0.9597349643221202,0.270110547542572
0.9438259109311741,0.9597349643221202,0.2702612280845642
0.944331983805668,0.9597349643221202,0.2707141041755676
0.944838056680162,0.9597349643221202,0.27095186710357666
0.944838056680162,0.9602446483180428,0.27105385065078735
0.944838056680162,0.9607543323139653,0.27115970849990845
0.944838056680162,0.9612640163098879,0.27129125595092773
0.9453441295546559,0.9612640163098879,0.2713926434516907
0.9453441295546559,0.9617737003058104,0.2719383239746094
0.9453441295546559,0.9622833843017329,0.27210623025894165
0.9453441295546559,0.9627930682976554,0.2722043991088867
0.9453441295546559,0.963302752293578,0.2723228931427002
0.9458502024291497,0.963302752293578,0.2728723883628845
0.9458502024291497,0.9638124362895005,0.27290719747543335
0.9458502024291497,0.9643221202854231,0.27298760414123535
0.9463562753036437,0.9643221202854231,0.27300453186035156
0.9468623481781376,0.9643221202854231,0.27348363399505615
0.9468623481781376,0.9648318042813455,0.2737576365470886
0.9468623481781376,0.9653414882772681,0.2737724781036377
0.9473684210526315,0.9653414882772681,0.2739434242248535
0.9478744939271255,0.9653414882772681,0.27403002977371216
0.9478744939271255,0.9658511722731906,0.2740580439567566
0.9478744939271255,0.9663608562691132,0.27420878410339355
0.9483805668016194,0.9663608562691132,0.2743563652038574
0.9488866396761133,0.9663608562691132,0.27454423904418945
0.9493927125506073,0.9663608562691132,0.27454549074172974
0.9493927125506073,0.9668705402650357,0.2745884656906128
0.9498987854251012,0.9668705402650357,0.27460867166519165
0.9498987854251012,0.9673802242609582,0.27471107244491577
0.9504048582995951,0.9673802242609582,0.27473461627960205
0.9504048582995951,0.9678899082568807,0.2750462293624878
0.9509109311740891,0.9678899082568807,0.2750476002693176
0.951417004048583,0.9678899082568807,0.2757716774940491
0.951417004048583,0.9683995922528033,0.2760049104690552
0.951417004048583,0.9689092762487258,0.2760929465293884
0.951417004048583,0.9694189602446484,0.2767462134361267
0.951417004048583,0.9699286442405708,0.2767601013183594
0.951417004048583,0.9704383282364933,0.27762746810913086
0.9519230769230769,0.9704383282364933,0.2777576446533203
0.9519230769230769,0.9709480122324159,0.2777974605560303
0.9524291497975709,0.9709480122324159,0.2778758406639099
0.9529352226720648,0.9709480122324159,0.2779500484466553
0.9534412955465587,0.9709480122324159,0.2779924273490906
0.9534412955465587,0.9714576962283384,0.278195858001709
0.9539473684210527,0.9714576962283384,0.27826136350631714
0.9539473684210527,0.971967380224261,0.27867591381073
0.9544534412955465,0.971967380224261,0.27921634912490845
0.9549595141700404,0.971967380224261,0.2792515754699707
0.9554655870445344,0.971967380224261,0.2792876362800598
0.9559716599190283,0.971967380224261,0.2796940207481384
0.9559716599190283,0.9724770642201835,0.2798805236816406
0.9564777327935222,0.9724770642201835,0.2801542282104492
0.9569838056680162,0.9724770642201835,0.2802363634109497
0.9569838056680162,0.972986748216106,0.28063106536865234
0.9574898785425101,0.972986748216106,0.28086137771606445
0.957995951417004,0.972986748216106,0.28093624114990234
0.957995951417004,0.9734964322120285,0.2811039686203003
0.958502024291498,0.9734964322120285,0.2815452218055725
0.9590080971659919,0.9734964322120285,0.28221195936203003
0.9595141700404858,0.9734964322120285,0.2822643518447876
0.9600202429149798,0.9734964322120285,0.2822743058204651
0.9600202429149798,0.9740061162079511,0.2822878956794739
0.9605263157894737,0.9740061162079511,0.28235000371932983
0.9605263157894737,0.9745158002038736,0.2823847532272339
0.9605263157894737,0.9750254841997962,0.28296351432800293
0.9610323886639676,0.9750254841997962,0.28337448835372925
0.9610323886639676,0.9755351681957186,0.28344130516052246
0.9615384615384616,0.9755351681957186,0.2846187353134155
0.9620445344129555,0.9755351681957186,0.2847498059272766
0.9625506072874493,0.9755351681957186,0.28498339653015137
0.9630566801619433,0.9755351681957186,0.2854864001274109
0.9630566801619433,0.9760448521916412,0.28576600551605225
0.9630566801619433,0.9765545361875637,0.28621596097946167
0.9630566801619433,0.9770642201834863,0.2867283821105957
0.9635627530364372,0.9770642201834863,0.28715217113494873
0.9635627530364372,0.9775739041794088,0.2873402237892151
0.9635627530364372,0.9780835881753313,0.2875032424926758
0.9640688259109311,0.9780835881753313,0.2875272035598755
0.9645748987854251,0.9780835881753313,0.28767484426498413
0.965080971659919,0.9780835881753313,0.2879297137260437
0.9655870445344129,0.9780835881753313,0.2882489562034607
0.9655870445344129,0.9785932721712538,0.2884604334831238
0.9660931174089069,0.9785932721712538,0.288485586643219
0.9660931174089069,0.9791029561671764,0.2886824607849121
0.9665991902834008,0.9791029561671764,0.28901469707489014
0.9665991902834008,0.9796126401630989,0.28942668437957764
0.9665991902834008,0.9801223241590215,0.28952062129974365
0.9665991902834008,0.9806320081549439,0.290942907333374
0.9671052631578947,0.9806320081549439,0.2910023331642151
0.9676113360323887,0.9806320081549439,0.2914751172065735
0.9681174089068826,0.9806320081549439,0.2929638624191284
0.9686234817813765,0.9806320081549439,0.29328882694244385
0.9691295546558705,0.9806320081549439,0.29355132579803467
0.9691295546558705,0.9811416921508664,0.2940184473991394
0.9696356275303644,0.9811416921508664,0.2940226197242737
0.9701417004048583,0.9811416921508664,0.2940939664840698
0.9701417004048583,0.981651376146789,0.2950490117073059
0.9706477732793523,0.981651376146789,0.29555588960647583
0.9711538461538461,0.981651376146789,0.2965271472930908
0.9711538461538461,0.9821610601427115,0.2968788146972656
0.97165991902834,0.9821610601427115,0.29691165685653687
0.972165991902834,0.9821610601427115,0.2973984479904175
0.972165991902834,0.9826707441386341,0.29766756296157837
0.972165991902834,0.9831804281345565,0.29771119356155396
0.9726720647773279,0.9831804281345565,0.29889196157455444
0.9731781376518218,0.9831804281345565,0.3007173538208008
0.9736842105263158,0.9831804281345565,0.30172276496887207
0.9741902834008097,0.9831804281345565,0.3021424412727356
0.9746963562753036,0.9831804281345565,0.3023097515106201
0.9752024291497976,0.9831804281345565,0.30248743295669556
0.9752024291497976,0.9836901121304791,0.30480247735977173
0.9757085020242915,0.9836901121304791,0.3059515357017517
0.9762145748987854,0.9836901121304791,0.3067592978477478
0.9767206477732794,0.9836901121304791,0.3073870539665222
0.9772267206477733,0.9836901121304791,0.307522177696228
0.9777327935222672,0.9836901121304791,0.30807048082351685
0.9777327935222672,0.9841997961264016,0.30825626850128174
0.9777327935222672,0.9847094801223242,0.3083629012107849
0.9782388663967612,0.9847094801223242,0.3085060715675354
0.978744939271255,0.9847094801223242,0.3096699118614197
0.978744939271255,0.9852191641182467,0.3098152279853821
0.979251012145749,0.9852191641182467,0.3111734986305237
0.979757085020243,0.9852191641182467,0.3114807605743408
0.9802631578947368,0.9852191641182467,0.3122780919075012
0.9807692307692307,0.9852191641182467,0.3123977780342102
0.9812753036437247,0.9852191641182467,0.3140140175819397
0.9817813765182186,0.9852191641182467,0.3143855333328247
0.9827935222672065,0.9852191641182467,0.31473052501678467
0.9827935222672065,0.9857288481141692,0.3157937526702881
0.9832995951417004,0.9857288481141692,0.31585073471069336
0.9838056680161943,0.9857288481141692,0.3162441849708557
0.9843117408906883,0.9857288481141692,0.3168718218803406
0.9843117408906883,0.9862385321100917,0.31699639558792114
0.9843117408906883,0.9867482161060143,0.318096399307251
0.9848178137651822,0.9867482161060143,0.31838470697402954
0.9853238866396761,0.9867482161060143,0.31866133213043213
0.9858299595141701,0.9867482161060143,0.3195074796676636
0.986336032388664,0.9867482161060143,0.3206492066383362
0.9868421052631579,0.9867482161060143,0.3208627700805664
0.9873481781376519,0.9867482161060143,0.32114875316619873
0.9878542510121457,0.9867482161060143,0.3222725987434387
0.9878542510121457,0.9872579001019368,0.32250988483428955
0.9883603238866396,0.9872579001019368,0.3242468237876892
0.9888663967611336,0.9872579001019368,0.3271259069442749
0.9888663967611336,0.9877675840978594,0.32934772968292236
0.9893724696356275,0.9877675840978594,0.32957273721694946
0.9898785425101214,0.9877675840978594,0.32997453212738037
0.9903846153846154,0.9877675840978594,0.3302399516105652
0.9903846153846154,0.9882772680937818,0.3320356011390686
0.9903846153846154,0.9887869520897044,0.33349984884262085
0.9903846153846154,0.9892966360856269,0.33373504877090454
0.9908906882591093,0.9892966360856269,0.3345215320587158
0.9913967611336032,0.9892966360856269,0.33473020792007446
0.9913967611336032,0.9898063200815495,0.3348262310028076
0.9919028340080972,0.9898063200815495,0.3357584476470947
0.9919028340080972,0.990316004077472,0.3367782235145569
0.9924089068825911,0.990316004077472,0.3367915153503418
0.9924089068825911,0.9908256880733946,0.3369613289833069
0.992914979757085,0.9908256880733946,0.33974689245224
0.992914979757085,0.991335372069317,0.3400404453277588
0.992914979757085,0.9918450560652395,0.3404005765914917
0.993421052631579,0.9918450560652395,0.34148645401000977
0.993421052631579,0.9923547400611621,0.3447081446647644
0.993421052631579,0.9928644240570846,0.3450929522514343
0.9939271255060729,0.9928644240570846,0.34528660774230957
0.9939271255060729,0.9933741080530072,0.34590625762939453
0.9944331983805668,0.9933741080530072,0.3476899266242981
0.9944331983805668,0.9938837920489296,0.35251402854919434
0.9949392712550608,0.9938837920489296,0.3525846600532532
0.9949392712550608,0.9943934760448522,0.35280656814575195
0.9954453441295547,0.9943934760448522,0.35497164726257324
0.9954453441295547,0.9949031600407747,0.3558325171470642
0.9954453441295547,0.9954128440366973,0.3563142418861389
0.9954453441295547,0.9959225280326198,0.35632503032684326
0.9959514170040485,0.9959225280326198,0.357779324054718
0.9964574898785425,0.9959225280326198,0.3579379916191101
0.9974696356275303,0.9959225280326198,0.36007559299468994
0.9974696356275303,0.9964322120285423,0.3619565963745117
0.9979757085020243,0.9964322120285423,0.36208438873291016
0.9979757085020243,0.9969418960244648,0.36334747076034546
0.9979757085020243,0.9974515800203874,0.3665691614151001
0.9984817813765182,0.9974515800203874,0.3703734874725342
0.9984817813765182,0.9979612640163099,0.3713570833206177
0.9984817813765182,0.9984709480122325,0.3716542720794678
0.9984817813765182,0.9989806320081549,0.3740249276161194
0.9989878542510121,0.9989806320081549,0.37621939182281494
0.9994939271255061,0.9989806320081549,0.37754714488983154
0.9994939271255061,0.9994903160040775,0.38227373361587524
1.0,0.9994903160040775,0.40108901262283325
1.0,1.0,inf
