img1_path,img2_path,score,label
/home/anitadonato/tcc/tcc/data/known_faces/ALESSANDRA/alessandra_baixa_45_1m.jpeg,/home/anitadonato/tcc/tcc/data/known_faces/ALESSANDRA/alessandra_baixa_45_30cm.jpeg,0.08298284973388326,1
/home/anitadonato/tcc/tcc/data/known_faces/ALESSANDRA/alessandra_baixa_45_1m.jpeg,/home/anitadonato/tcc/tcc/data/known_faces/ALESSANDRA/alessandra_baixa_frontal_1m.jpeg,0.34460259646567926,1
/home/anitadonato/tcc/tcc/data/known_faces/ALESSANDRA/alessandra_baixa_45_1m.jpeg,/home/anitadonato/tcc/tcc/data/known_faces/ALESSANDRA/alessandra_baixa_frontal_30cm.jpeg,0.38935125147896443,1
/home/anitadonato/tcc/tcc/data/known_faces/ALESSANDRA/alessandra_baixa_45_1m.jpeg,/home/anitadonato/tcc/tcc/data/known_faces/ALESSANDRA/alessandra_boa_45_1m..jpeg,0.3574728695570796,1
/home/anitadonato/tcc/tcc/data/known_faces/ALESSANDRA/alessandra_baixa_45_1m.jpeg,/home/anitadonato/tcc/tcc/data/known_faces/ALESSANDRA/alessandra_boa_45_30cm.jpeg,0.39489595595781357,1
/home/anitadonato/tcc/tcc/data/known_faces/ALESSANDRA/alessandra_baixa_45_1m.jpeg,/home/anitadonato/tcc/tcc/data/known_faces/ALESSANDRA/alessandra_boa_frontal_1m..jpeg,0.4566577147796227,1
/home/anitadonato/tcc/tcc/data/known_faces/ALESSANDRA/alessandra_baixa_45_1m.jpeg,/home/anitadonato/tcc/tcc/data/known_faces/ALESSANDRA/alessandra_boa_frontal_30cm..jpeg,0.4746012246971161,1
/home/anitadonato/tcc/tcc/data/known_faces/ALESSANDRA/alessandra_baixa_45_1m.jpeg,/home/anitadonato/tcc/tcc/data/known_faces/ALESSANDRA/alessandra_extra_01.jpeg,0.5198820914788429,1
/home/anitadonato/tcc/tcc/data/known_faces/ALESSANDRA/alessandra_baixa_45_1m.jpeg,/home/anitadonato/tcc/tcc/data/known_faces/ALESSANDRA/alessandra_extra_02.jpeg,0.5307269010615496,1
/home/anitadonato/tcc/tcc/data/known_faces/ALESSANDRA/alessandra_baixa_45_1m.jpeg,/home/anitadonato/tcc/tcc/data/known_faces/ALESSANDRA/alessandra_extra_03.jpeg,0.499975019853251,1
/home/anitadonato/tcc/tcc/data/known_faces/ALESSANDRA/alessandra_baixa_45_1m.jpeg,/home/anitadonato/tcc/tcc/data/known_faces/ALESSANDRA/alessandra_extra_04.jpeg,0.582389136011438,1
/home/anitadonato/tcc/tcc/data/known_faces/ALESSANDRA/alessandra_baixa_45_1m.jpeg,/home/anitadonato/tcc/tcc/data/known_faces/ALESSANDRA/alessandra_extra_05.jpeg,0.6151124601817065,1
/home/anitadonato/tcc/tcc/data/known_faces/ALESSANDRA/alessandra_baixa_45_1m.jpeg,/home/anitadonato/tcc/tcc/data/known_faces/ALESSANDRA/alessandra_extra_06.jpeg,0.48766876629813716,1
/home/anitadonato/tcc/tcc/data/known_faces/ALESSANDRA/alessandra_baixa_45_1m.jpeg,/home/anitadonato/tcc/tcc/data/known_faces/ALESSANDRA/alessandra_extra_07.jpeg,0.4913288336681634,1
/home/anitadonato/tcc/tcc/data/known_faces/ALESSANDRA/alessandra_baixa_45_1m.jpeg,/home/anitadonato/tcc/tcc/data/known_faces/ALESSANDRA/alessandra_extra_08.jpeg,0.45245428860479664,1
/home/anitadonato/tcc/tcc/data/known_faces/ALESSANDRA/alessandra_baixa_45_1m.jpeg,/home/anitadonato/tcc/tcc/data/known_faces/ALESSANDRA/alessandra_moderada_45_1m.jpeg,0.37518829160508527,1
/home/anitadonato/tcc/tcc/data/known_faces/ALESSANDRA/alessandra_baixa_45_1m.jpeg,/home/anitadonato/tcc/tcc/data/known_faces/ALESSANDRA/alessandra_moderada_45_30cm.jpeg,0.38920898886717725,1
/home/anitadonato/tcc/tcc/data/known_faces/ALESSANDRA/alessandra_baixa_45_1m.jpeg,/home/anitadonato/tcc/tcc/data/known_faces/ALESSANDRA/alessandra_moderada_frontal_1m.jpeg,0.47461919784366036,1
/home/anitadonato/tcc/tcc/data/known_faces/ALESSANDRA/alessandra_baixa_45_1m.jpeg,/home/anitadonato/tcc/tcc/data/known_faces/ALESSANDRA/alessandra_moderada_frontal_30cm.jpeg,0.4452150320687176,1
/home/anitadonato/tcc/tcc/data/known_faces/ALESSANDRA/alessandra_baixa_45_30cm.jpeg,/home/anitadonato/tcc/tcc/data/known_faces/ALESSANDRA/alessandra_baixa_frontal_1m.jpeg,0.36609711268358613,1
/home/anitadonato/tcc/tcc/data/known_faces/ALESSANDRA/alessandra_baixa_45_30cm.jpeg,/home/anitadonato/tcc/tcc/data/known_faces/ALESSANDRA/alessandra_baixa_frontal_30cm.jpeg,0.35021605262091104,1
/home/anitadonato/tcc/tcc/data/known_faces/ALESSANDRA/alessandra_baixa_45_30cm.jpeg,/home/anitadonato/tcc/tcc/data/known_faces/ALESSANDRA/alessandra_boa_45_1m..jpeg,0.34984196002772083,1
/home/anitadonato/tcc/tcc/data/known_faces/ALESSANDRA/alessandra_baixa_45_30cm.jpeg,/home/anitadonato/tcc/tcc/data/known_faces/ALESSANDRA/alessandra_boa_45_30cm.jpeg,0.36552834827689384,1
/home/anitadonato/tcc/tcc/data/known_faces/ALESSANDRA/alessandra_baixa_45_30cm.jpeg,/home/anitadonato/tcc/tcc/data/known_faces/ALESSANDRA/alessandra_boa_frontal_1m..jpeg,0.4269403410836585,1
/home/anitadonato/tcc/tcc/data/known_faces/ALESSANDRA/alessandra_baixa_45_30cm.jpeg,/home/anitadonato/tcc/tcc/data/known_faces/ALESSANDRA/alessandra_boa_frontal_30cm..jpeg,0.44395143832590733,1
/home/anitadonato/tcc/tcc/data/known_faces/ALESSANDRA/alessandra_baixa_45_30cm.jpeg,/home/anitadonato/tcc/tcc/data/known_faces/ALESSANDRA/alessandra_extra_01.jpeg,0.5017968753083952,1
/home/anitadonato/tcc/tcc/data/known_faces/ALESSANDRA/alessandra_baixa_45_30cm.jpeg,/home/anitadonato/tcc/tcc/data/known_faces/ALESSANDRA/alessandra_extra_02.jpeg,0.4683760403256987,1
/home/anitadonato/tcc/tcc/data/known_faces/ALESSANDRA/alessandra_baixa_45_30cm.jpeg,/home/anitadonato/tcc/tcc/data/known_faces/ALESSANDRA/alessandra_extra_03.jpeg,0.45036404127054297,1
/home/anitadonato/tcc/tcc/data/known_faces/ALESSANDRA/alessandra_baixa_45_30cm.jpeg,/home/anitadonato/tcc/tcc/data/known_faces/ALESSANDRA/alessandra_extra_04.jpeg,0.5535844062324526,1
/home/anitadonato/tcc/tcc/data/known_faces/ALESSANDRA/alessandra_baixa_45_30cm.jpeg,/home/anitadonato/tcc/tcc/data/known_faces/ALESSANDRA/alessandra_extra_05.jpeg,0.5446442049716809,1
/home/anitadonato/tcc/tcc/data/known_faces/ALESSANDRA/alessandra_baixa_45_30cm.jpeg,/home/anitadonato/tcc/tcc/data/known_faces/ALESSANDRA/alessandra_extra_06.jpeg,0.4593335726429115,1
/home/anitadonato/tcc/tcc/data/known_faces/ALESSANDRA/alessandra_baixa_45_30cm.jpeg,/home/anitadonato/tcc/tcc/data/known_faces/ALESSANDRA/alessandra_extra_07.jpeg,0.48644282219008395,1
/home/anitadonato/tcc/tcc/data/known_faces/ALESSANDRA/alessandra_baixa_45_30cm.jpeg,/home/anitadonato/tcc/tcc/data/known_faces/ALESSANDRA/alessandra_extra_08.jpeg,0.39936322699160054,1
/home/anitadonato/tcc/tcc/data/known_faces/ALESSANDRA/alessandra_baixa_45_30cm.jpeg,/home/anitadonato/tcc/tcc/data/known_faces/ALESSANDRA/alessandra_moderada_45_1m.jpeg,0.3781345788052033,1
/home/anitadonato/tcc/tcc/data/known_faces/ALESSANDRA/alessandra_baixa_45_30cm.jpeg,/home/anitadonato/tcc/tcc/data/known_faces/ALESSANDRA/alessandra_moderada_45_30cm.jpeg,0.37247498998279127,1
/home/anitadonato/tcc/tcc/data/known_faces/ALESSANDRA/alessandra_baixa_45_30cm.jpeg,/home/anitadonato/tcc/tcc/data/known_faces/ALESSANDRA/alessandra_moderada_frontal_1m.jpeg,0.4479280072851588,1
/home/anitadonato/tcc/tcc/data/known_faces/ALESSANDRA/alessandra_baixa_45_30cm.jpeg,/home/anitadonato/tcc/tcc/data/known_faces/ALESSANDRA/alessandra_moderada_frontal_30cm.jpeg,0.40519459643838696,1
/home/anitadonato/tcc/tcc/data/known_faces/ALESSANDRA/alessandra_baixa_frontal_1m.jpeg,/home/anitadonato/tcc/tcc/data/known_faces/ALESSANDRA/alessandra_baixa_frontal_30cm.jpeg,0.18042112971633373,1
/home/anitadonato/tcc/tcc/data/known_faces/ALESSANDRA/alessandra_baixa_frontal_1m.jpeg,/home/anitadonato/tcc/tcc/data/known_faces/ALESSANDRA/alessandra_boa_45_1m..jpeg,0.45845322611213346,1
/home/anitadonato/tcc/tcc/data/known_faces/ALESSANDRA/alessandra_baixa_frontal_1m.jpeg,/home/anitadonato/tcc/tcc/data/known_faces/ALESSANDRA/alessandra_boa_45_30cm.jpeg,0.5317631046333376,1
/home/anitadonato/tcc/tcc/data/known_faces/ALESSANDRA/alessandra_baixa_frontal_1m.jpeg,/home/anitadonato/tcc/tcc/data/known_faces/ALESSANDRA/alessandra_boa_frontal_1m..jpeg,0.26303009668216404,1
/home/anitadonato/tcc/tcc/data/known_faces/ALESSANDRA/alessandra_baixa_frontal_1m.jpeg,/home/anitadonato/tcc/tcc/data/known_faces/ALESSANDRA/alessandra_boa_frontal_30cm..jpeg,0.25786243914821383,1
/home/anitadonato/tcc/tcc/data/known_faces/ALESSANDRA/alessandra_baixa_frontal_1m.jpeg,/home/anitadonato/tcc/tcc/data/known_faces/ALESSANDRA/alessandra_extra_01.jpeg,0.3626253174628137,1
/home/anitadonato/tcc/tcc/data/known_faces/ALESSANDRA/alessandra_baixa_frontal_1m.jpeg,/home/anitadonato/tcc/tcc/data/known_faces/ALESSANDRA/alessandra_extra_02.jpeg,0.4572374435349824,1
/home/anitadonato/tcc/tcc/data/known_faces/ALESSANDRA/alessandra_baixa_frontal_1m.jpeg,/home/anitadonato/tcc/tcc/data/known_faces/ALESSANDRA/alessandra_extra_03.jpeg,0.4002441100063896,1
/home/anitadonato/tcc/tcc/data/known_faces/ALESSANDRA/alessandra_baixa_frontal_1m.jpeg,/home/anitadonato/tcc/tcc/data/known_faces/ALESSANDRA/alessandra_extra_04.jpeg,0.46440816532905727,1
/home/anitadonato/tcc/tcc/data/known_faces/ALESSANDRA/alessandra_baixa_frontal_1m.jpeg,/home/anitadonato/tcc/tcc/data/known_faces/ALESSANDRA/alessandra_extra_05.jpeg,0.3813923072140074,1
/home/anitadonato/tcc/tcc/data/known_faces/ALESSANDRA/alessandra_baixa_frontal_1m.jpeg,/home/anitadonato/tcc/tcc/data/known_faces/ALESSANDRA/alessandra_extra_06.jpeg,0.3208221026132143,1
/home/anitadonato/tcc/tcc/data/known_faces/ALESSANDRA/alessandra_baixa_frontal_1m.jpeg,/home/anitadonato/tcc/tcc/data/known_faces/ALESSANDRA/alessandra_extra_07.jpeg,0.2922021607584251,1
/home/anitadonato/tcc/tcc/data/known_faces/ALESSANDRA/alessandra_baixa_frontal_1m.jpeg,/home/anitadonato/tcc/tcc/data/known_faces/ALESSANDRA/alessandra_extra_08.jpeg,0.39474905934681737,1
/home/anitadonato/tcc/tcc/data/known_faces/ALESSANDRA/alessandra_baixa_frontal_1m.jpeg,/home/anitadonato/tcc/tcc/data/known_faces/ALESSANDRA/alessandra_moderada_45_1m.jpeg,0.44071407168345567,1
/home/anitadonato/tcc/tcc/data/known_faces/ALESSANDRA/alessandra_baixa_frontal_1m.jpeg,/home/anitadonato/tcc/tcc/data/known_faces/ALESSANDRA/alessandra_moderada_45_30cm.jpeg,0.5041638355141054,1
/home/anitadonato/tcc/tcc/data/known_faces/ALESSANDRA/alessandra_baixa_frontal_1m.jpeg,/home/anitadonato/tcc/tcc/data/known_faces/ALESSANDRA/alessandra_moderada_frontal_1m.jpeg,0.188949483011988,1
/home/anitadonato/tcc/tcc/data/known_faces/ALESSANDRA/alessandra_baixa_frontal_1m.jpeg,/home/anitadonato/tcc/tcc/data/known_faces/ALESSANDRA/alessandra_moderada_frontal_30cm.jpeg,0.27978428996289384,1
/home/anitadonato/tcc/tcc/data/known_faces/ALESSANDRA/alessandra_baixa_frontal_30cm.jpeg,/home/anitadonato/tcc/tcc/data/known_faces/ALESSANDRA/alessandra_boa_45_1m..jpeg,0.48614974651948895,1
/home/anitadonato/tcc/tcc/data/known_faces/ALESSANDRA/alessandra_baixa_frontal_30cm.jpeg,/home/anitadonato/tcc/tcc/data/known_faces/ALESSANDRA/alessandra_boa_45_30cm.jpeg,0.5285044117331226,1
/home/anitadonato/tcc/tcc/data/known_faces/ALESSANDRA/alessandra_baixa_frontal_30cm.jpeg,/home/anitadonato/tcc/tcc/data/known_faces/ALESSANDRA/alessandra_boa_frontal_1m..jpeg,0.2702899811923487,1
/home/anitadonato/tcc/tcc/data/known_faces/ALESSANDRA/alessandra_baixa_frontal_30cm.jpeg,/home/anitadonato/tcc/tcc/data/known_faces/ALESSANDRA/alessandra_boa_frontal_30cm..jpeg,0.17712605837312123,1
/home/anitadonato/tcc/tcc/data/known_faces/ALESSANDRA/alessandra_baixa_frontal_30cm.jpeg,/home/anitadonato/tcc/tcc/data/known_faces/ALESSANDRA/alessandra_extra_01.jpeg,0.25343670509529503,1
/home/anitadonato/tcc/tcc/data/known_faces/ALESSANDRA/alessandra_baixa_frontal_30cm.jpeg,/home/anitadonato/tcc/tcc/data/known_faces/ALESSANDRA/alessandra_extra_02.jpeg,0.34224468954172993,1
/home/anitadonato/tcc/tcc/data/known_faces/ALESSANDRA/alessandra_baixa_frontal_30cm.jpeg,/home/anitadonato/tcc/tcc/data/known_faces/ALESSANDRA/alessandra_extra_03.jpeg,0.2901708652152125,1
/home/anitadonato/tcc/tcc/data/known_faces/ALESSANDRA/alessandra_baixa_frontal_30cm.jpeg,/home/anitadonato/tcc/tcc/data/known_faces/ALESSANDRA/alessandra_extra_04.jpeg,0.3440011468667814,1
/home/anitadonato/tcc/tcc/data/known_faces/ALESSANDRA/alessandra_baixa_frontal_30cm.jpeg,/home/anitadonato/tcc/tcc/data/known_faces/ALESSANDRA/alessandra_extra_05.jpeg,0.3018299071587227,1
/home/anitadonato/tcc/tcc/data/known_faces/ALESSANDRA/alessandra_baixa_frontal_30cm.jpeg,/home/anitadonato/tcc/tcc/data/known_faces/ALESSANDRA/alessandra_extra_06.jpeg,0.2745483691129681,1
/home/anitadonato/tcc/tcc/data/known_faces/ALESSANDRA/alessandra_baixa_frontal_30cm.jpeg,/home/anitadonato/tcc/tcc/data/known_faces/ALESSANDRA/alessandra_extra_07.jpeg,0.25982703639207894,1
/home/anitadonato/tcc/tcc/data/known_faces/ALESSANDRA/alessandra_baixa_frontal_30cm.jpeg,/home/anitadonato/tcc/tcc/data/known_faces/ALESSANDRA/alessandra_extra_08.jpeg,0.27489819159880613,1
/home/anitadonato/tcc/tcc/data/known_faces/ALESSANDRA/alessandra_baixa_frontal_30cm.jpeg,/home/anitadonato/tcc/tcc/data/known_faces/ALESSANDRA/alessandra_moderada_45_1m.jpeg,0.5116096952466793,1
/home/anitadonato/tcc/tcc/data/known_faces/ALESSANDRA/alessandra_baixa_frontal_30cm.jpeg,/home/anitadonato/tcc/tcc/data/known_faces/ALESSANDRA/alessandra_moderada_45_30cm.jpeg,0.5495339479213949,1
/home/anitadonato/tcc/tcc/data/known_faces/ALESSANDRA/alessandra_baixa_frontal_30cm.jpeg,/home/anitadonato/tcc/tcc/data/known_faces/ALESSANDRA/alessandra_moderada_frontal_1m.jpeg,0.2516746573141231,1
/home/anitadonato/tcc/tcc/data/known_faces/ALESSANDRA/alessandra_baixa_frontal_30cm.jpeg,/home/anitadonato/tcc/tcc/data/known_faces/ALESSANDRA/alessandra_moderada_frontal_30cm.jpeg,0.20065627160831145,1
/home/anitadonato/tcc/tcc/data/known_faces/ALESSANDRA/alessandra_boa_45_1m..jpeg,/home/anitadonato/tcc/tcc/data/known_faces/ALESSANDRA/alessandra_boa_45_30cm.jpeg,0.055881782172138794,1
/home/anitadonato/tcc/tcc/data/known_faces/ALESSANDRA/alessandra_boa_45_1m..jpeg,/home/anitadonato/tcc/tcc/data/known_faces/ALESSANDRA/alessandra_boa_frontal_1m..jpeg,0.32391940928926743,1
/home/anitadonato/tcc/tcc/data/known_faces/ALESSANDRA/alessandra_boa_45_1m..jpeg,/home/anitadonato/tcc/tcc/data/known_faces/ALESSANDRA/alessandra_boa_frontal_30cm..jpeg,0.40145582556120873,1
/home/anitadonato/tcc/tcc/data/known_faces/ALESSANDRA/alessandra_boa_45_1m..jpeg,/home/anitadonato/tcc/tcc/data/known_faces/ALESSANDRA/alessandra_extra_01.jpeg,0.4516773291077405,1
/home/anitadonato/tcc/tcc/data/known_faces/ALESSANDRA/alessandra_boa_45_1m..jpeg,/home/anitadonato/tcc/tcc/data/known_faces/ALESSANDRA/alessandra_extra_02.jpeg,0.5234420647547371,1
/home/anitadonato/tcc/tcc/data/known_faces/ALESSANDRA/alessandra_boa_45_1m..jpeg,/home/anitadonato/tcc/tcc/data/known_faces/ALESSANDRA/alessandra_extra_03.jpeg,0.521076945586348,1
/home/anitadonato/tcc/tcc/data/known_faces/ALESSANDRA/alessandra_boa_45_1m..jpeg,/home/anitadonato/tcc/tcc/data/known_faces/ALESSANDRA/alessandra_extra_04.jpeg,0.45836993151934746,1
/home/anitadonato/tcc/tcc/data/known_faces/ALESSANDRA/alessandra_boa_45_1m..jpeg,/home/anitadonato/tcc/tcc/data/known_faces/ALESSANDRA/alessandra_extra_05.jpeg,0.5038417648305826,1
/home/anitadonato/tcc/tcc/data/known_faces/ALESSANDRA/alessandra_boa_45_1m..jpeg,/home/anitadonato/tcc/tcc/data/known_faces/ALESSANDRA/alessandra_extra_06.jpeg,0.34599958582883783,1
/home/anitadonato/tcc/tcc/data/known_faces/ALESSANDRA/alessandra_boa_45_1m..jpeg,/home/anitadonato/tcc/tcc/data/known_faces/ALESSANDRA/alessandra_extra_07.jpeg,0.4070122871419135,1
/home/anitadonato/tcc/tcc/data/known_faces/ALESSANDRA/alessandra_boa_45_1m..jpeg,/home/anitadonato/tcc/tcc/data/known_faces/ALESSANDRA/alessandra_extra_08.jpeg,0.41510232129450464,1
/home/anitadonato/tcc/tcc/data/known_faces/ALESSANDRA/alessandra_boa_45_1m..jpeg,/home/anitadonato/tcc/tcc/data/known_faces/ALESSANDRA/alessandra_moderada_45_1m.jpeg,0.130223410317861,1
/home/anitadonato/tcc/tcc/data/known_faces/ALESSANDRA/alessandra_boa_45_1m..jpeg,/home/anitadonato/tcc/tcc/data/known_faces/ALESSANDRA/alessandra_moderada_45_30cm.jpeg,0.1469624201833989,1
/home/anitadonato/tcc/tcc/data/known_faces/ALESSANDRA/alessandra_boa_45_1m..jpeg,/home/anitadonato/tcc/tcc/data/known_faces/ALESSANDRA/alessandra_moderada_frontal_1m.jpeg,0.4405035762039218,1
/home/anitadonato/tcc/tcc/data/known_faces/ALESSANDRA/alessandra_boa_45_1m..jpeg,/home/anitadonato/tcc/tcc/data/known_faces/ALESSANDRA/alessandra_moderada_frontal_30cm.jpeg,0.38589164601598835,1
/home/anitadonato/tcc/tcc/data/known_faces/ALESSANDRA/alessandra_boa_45_30cm.jpeg,/home/anitadonato/tcc/tcc/data/known_faces/ALESSANDRA/alessandra_boa_frontal_1m..jpeg,0.3844522417250966,1
/home/anitadonato/tcc/tcc/data/known_faces/ALESSANDRA/alessandra_boa_45_30cm.jpeg,/home/anitadonato/tcc/tcc/data/known_faces/ALESSANDRA/alessandra_boa_frontal_30cm..jpeg,0.4672810931418867,1
/home/anitadonato/tcc/tcc/data/known_faces/ALESSANDRA/alessandra_boa_45_30cm.jpeg,/home/anitadonato/tcc/tcc/data/known_faces/ALESSANDRA/alessandra_extra_01.jpeg,0.49636294441166784,1
/home/anitadonato/tcc/tcc/data/known_faces/ALESSANDRA/alessandra_boa_45_30cm.jpeg,/home/anitadonato/tcc/tcc/data/known_faces/ALESSANDRA/alessandra_extra_02.jpeg,0.5447069385558063,1
/home/anitadonato/tcc/tcc/data/known_faces/ALESSANDRA/alessandra_boa_45_30cm.jpeg,/home/anitadonato/tcc/tcc/data/known_faces/ALESSANDRA/alessandra_extra_03.jpeg,0.5468180920994747,1
/home/anitadonato/tcc/tcc/data/known_faces/ALESSANDRA/alessandra_boa_45_30cm.jpeg,/home/anitadonato/tcc/tcc/data/known_faces/ALESSANDRA/alessandra_extra_04.jpeg,0.47151678206527925,1
/home/anitadonato/tcc/tcc/data/known_faces/ALESSANDRA/alessandra_boa_45_30cm.jpeg,/home/anitadonato/tcc/tcc/data/known_faces/ALESSANDRA/alessandra_extra_05.jpeg,0.5372672171304427,1
/home/anitadonato/tcc/tcc/data/known_faces/ALESSANDRA/alessandra_boa_45_30cm.jpeg,/home/anitadonato/tcc/tcc/data/known_faces/ALESSANDRA/alessandra_extra_06.jpeg,0.4255541581995712,1
/home/anitadonato/tcc/tcc/data/known_faces/ALESSANDRA/alessandra_boa_45_30cm.jpeg,/home/anitadonato/tcc/tcc/data/known_faces/ALESSANDRA/alessandra_extra_07.jpeg,0.49107696264457334,1
/home/anitadonato/tcc/tcc/data/known_faces/ALESSANDRA/alessandra_boa_45_30cm.jpeg,/home/anitadonato/tcc/tcc/data/known_faces/ALESSANDRA/alessandra_extra_08.jpeg,0.4487277381189385,1
/home/anitadonato/tcc/tcc/data/known_faces/ALESSANDRA/alessandra_boa_45_30cm.jpeg,/home/anitadonato/tcc/tcc/data/known_faces/ALESSANDRA/alessandra_moderada_45_1m.jpeg,0.17052836873039812,1
/home/anitadonato/tcc/tcc/data/known_faces/ALESSANDRA/alessandra_boa_45_30cm.jpeg,/home/anitadonato/tcc/tcc/data/known_faces/ALESSANDRA/alessandra_moderada_45_30cm.jpeg,0.14489170695723186,1
/home/anitadonato/tcc/tcc/data/known_faces/ALESSANDRA/alessandra_boa_45_30cm.jpeg,/home/anitadonato/tcc/tcc/data/known_faces/ALESSANDRA/alessandra_moderada_frontal_1m.jpeg,0.510910878365706,1
/home/anitadonato/tcc/tcc/data/known_faces/ALESSANDRA/alessandra_boa_45_30cm.jpeg,/home/anitadonato/tcc/tcc/data/known_faces/ALESSANDRA/alessandra_moderada_frontal_30cm.jpeg,0.4473340733969676,1
/home/anitadonato/tcc/tcc/data/known_faces/ALESSANDRA/alessandra_boa_frontal_1m..jpeg,/home/anitadonato/tcc/tcc/data/known_faces/ALESSANDRA/alessandra_boa_frontal_30cm..jpeg,0.15600036206054668,1
/home/anitadonato/tcc/tcc/data/known_faces/ALESSANDRA/alessandra_boa_frontal_1m..jpeg,/home/anitadonato/tcc/tcc/data/known_faces/ALESSANDRA/alessandra_extra_01.jpeg,0.26475802780526336,1
/home/anitadonato/tcc/tcc/data/known_faces/ALESSANDRA/alessandra_boa_frontal_1m..jpeg,/home/anitadonato/tcc/tcc/data/known_faces/ALESSANDRA/alessandra_extra_02.jpeg,0.38225749670657316,1
/home/anitadonato/tcc/tcc/data/known_faces/ALESSANDRA/alessandra_boa_frontal_1m..jpeg,/home/anitadonato/tcc/tcc/data/known_faces/ALESSANDRA/alessandra_extra_03.jpeg,0.27479442130127296,1
/home/anitadonato/tcc/tcc/data/known_faces/ALESSANDRA/alessandra_boa_frontal_1m..jpeg,/home/anitadonato/tcc/tcc/data/known_faces/ALESSANDRA/alessandra_extra_04.jpeg,0.25260265218533895,1
/home/anitadonato/tcc/tcc/data/known_faces/ALESSANDRA/alessandra_boa_frontal_1m..jpeg,/home/anitadonato/tcc/tcc/data/known_faces/ALESSANDRA/alessandra_extra_05.jpeg,0.27744175053732556,1
/home/anitadonato/tcc/tcc/data/known_faces/ALESSANDRA/alessandra_boa_frontal_1m..jpeg,/home/anitadonato/tcc/tcc/data/known_faces/ALESSANDRA/alessandra_extra_06.jpeg,0.16091294583000115,1
/home/anitadonato/tcc/tcc/data/known_faces/ALESSANDRA/alessandra_boa_frontal_1m..jpeg,/home/anitadonato/tcc/tcc/data/known_faces/ALESSANDRA/alessandra_extra_07.jpeg,0.18082895435590984,1
/home/anitadonato/tcc/tcc/data/known_faces/ALESSANDRA/alessandra_boa_frontal_1m..jpeg,/home/anitadonato/tcc/tcc/data/known_faces/ALESSANDRA/alessandra_extra_08.jpeg,0.15799837451861265,1
/home/anitadonato/tcc/tcc/data/known_faces/ALESSANDRA/alessandra_boa_frontal_1m..jpeg,/home/anitadonato/tcc/tcc/data/known_faces/ALESSANDRA/alessandra_moderada_45_1m.jpeg,0.3613114679910884,1
/home/anitadonato/tcc/tcc/data/known_faces/ALESSANDRA/alessandra_boa_frontal_1m..jpeg,/home/anitadonato/tcc/tcc/data/known_faces/ALESSANDRA/alessandra_moderada_45_30cm.jpeg,0.43854950747248145,1
/home/anitadonato/tcc/tcc/data/known_faces/ALESSANDRA/alessandra_boa_frontal_1m..jpeg,/home/anitadonato/tcc/tcc/data/known_faces/ALESSANDRA/alessandra_moderada_frontal_1m.jpeg,0.14916824952517915,1
/home/anitadonato/tcc/tcc/data/known_faces/ALESSANDRA/alessandra_boa_frontal_1m..jpeg,/home/anitadonato/tcc/tcc/data/known_faces/ALESSANDRA/alessandra_moderada_frontal_30cm.jpeg,0.138644127853347,1
/home/anitadonato/tcc/tcc/data/known_faces/ALESSANDRA/alessandra_boa_frontal_30cm..jpeg,/home/anitadonato/tcc/tcc/data/known_faces/ALESSANDRA/alessandra_extra_01.jpeg,0.11800474159833929,1
/home/anitadonato/tcc/tcc/data/known_faces/ALESSANDRA/alessandra_boa_frontal_30cm..jpeg,/home/anitadonato/tcc/tcc/data/known_faces/ALESSANDRA/alessandra_extra_02.jpeg,0.395189863416445,1
/home/anitadonato/tcc/tcc/data/known_faces/ALESSANDRA/alessandra_boa_frontal_30cm..jpeg,/home/anitadonato/tcc/tcc/data/known_faces/ALESSANDRA/alessandra_extra_03.jpeg,0.24014778542526272,1
/home/anitadonato/tcc/tcc/data/known_faces/ALESSANDRA/alessandra_boa_frontal_30cm..jpeg,/home/anitadonato/tcc/tcc/data/known_faces/ALESSANDRA/alessandra_extra_04.jpeg,0.26570454244809316,1
/home/anitadonato/tcc/tcc/data/known_faces/ALESSANDRA/alessandra_boa_frontal_30cm..jpeg,/home/anitadonato/tcc/tcc/data/known_faces/ALESSANDRA/alessandra_extra_05.jpeg,0.2368225339836888,1
/home/anitadonato/tcc/tcc/data/known_faces/ALESSANDRA/alessandra_boa_frontal_30cm..jpeg,/home/anitadonato/tcc/tcc/data/known_faces/ALESSANDRA/alessandra_extra_06.jpeg,0.12422598186878353,1
/home/anitadonato/tcc/tcc/data/known_faces/ALESSANDRA/alessandra_boa_frontal_30cm..jpeg,/home/anitadonato/tcc/tcc/data/known_faces/ALESSANDRA/alessandra_extra_07.jpeg,0.0936896672500318,1
/home/anitadonato/tcc/tcc/data/known_faces/ALESSANDRA/alessandra_boa_frontal_30cm..jpeg,/home/anitadonato/tcc/tcc/data/known_faces/ALESSANDRA/alessandra_extra_08.jpeg,0.21877320587359728,1
/home/anitadonato/tcc/tcc/data/known_faces/ALESSANDRA/alessandra_boa_frontal_30cm..jpeg,/home/anitadonato/tcc/tcc/data/known_faces/ALESSANDRA/alessandra_moderada_45_1m.jpeg,0.44944148868844747,1
/home/anitadonato/tcc/tcc/data/known_faces/ALESSANDRA/alessandra_boa_frontal_30cm..jpeg,/home/anitadonato/tcc/tcc/data/known_faces/ALESSANDRA/alessandra_moderada_45_30cm.jpeg,0.5035248410954858,1
/home/anitadonato/tcc/tcc/data/known_faces/ALESSANDRA/alessandra_boa_frontal_30cm..jpeg,/home/anitadonato/tcc/tcc/data/known_faces/ALESSANDRA/alessandra_moderada_frontal_1m.jpeg,0.1625758965682983,1
/home/anitadonato/tcc/tcc/data/known_faces/ALESSANDRA/alessandra_boa_frontal_30cm..jpeg,/home/anitadonato/tcc/tcc/data/known_faces/ALESSANDRA/alessandra_moderada_frontal_30cm.jpeg,0.08599439430805911,1
/home/anitadonato/tcc/tcc/data/known_faces/ALESSANDRA/alessandra_extra_01.jpeg,/home/anitadonato/tcc/tcc/data/known_faces/ALESSANDRA/alessandra_extra_02.jpeg,0.3911257352805967,1
/home/anitadonato/tcc/tcc/data/known_faces/ALESSANDRA/alessandra_extra_01.jpeg,/home/anitadonato/tcc/tcc/data/known_faces/ALESSANDRA/alessandra_extra_03.jpeg,0.2891420492186513,1
/home/anitadonato/tcc/tcc/data/known_faces/ALESSANDRA/alessandra_extra_01.jpeg,/home/anitadonato/tcc/tcc/data/known_faces/ALESSANDRA/alessandra_extra_04.jpeg,0.18310717562030177,1
/home/anitadonato/tcc/tcc/data/known_faces/ALESSANDRA/alessandra_extra_01.jpeg,/home/anitadonato/tcc/tcc/data/known_faces/ALESSANDRA/alessandra_extra_05.jpeg,0.2992840098050612,1
/home/anitadonato/tcc/tcc/data/known_faces/ALESSANDRA/alessandra_extra_01.jpeg,/home/anitadonato/tcc/tcc/data/known_faces/ALESSANDRA/alessandra_extra_06.jpeg,0.1608583750037741,1
/home/anitadonato/tcc/tcc/data/known_faces/ALESSANDRA/alessandra_extra_01.jpeg,/home/anitadonato/tcc/tcc/data/known_faces/ALESSANDRA/alessandra_extra_07.jpeg,0.10594094790972264,1
/home/anitadonato/tcc/tcc/data/known_faces/ALESSANDRA/alessandra_extra_01.jpeg,/home/anitadonato/tcc/tcc/data/known_faces/ALESSANDRA/alessandra_extra_08.jpeg,0.26038725083496417,1
/home/anitadonato/tcc/tcc/data/known_faces/ALESSANDRA/alessandra_extra_01.jpeg,/home/anitadonato/tcc/tcc/data/known_faces/ALESSANDRA/alessandra_moderada_45_1m.jpeg,0.5205342290789872,1
/home/anitadonato/tcc/tcc/data/known_faces/ALESSANDRA/alessandra_extra_01.jpeg,/home/anitadonato/tcc/tcc/data/known_faces/ALESSANDRA/alessandra_moderada_45_30cm.jpeg,0.5635323583823959,1
/home/anitadonato/tcc/tcc/data/known_faces/ALESSANDRA/alessandra_extra_01.jpeg,/home/anitadonato/tcc/tcc/data/known_faces/ALESSANDRA/alessandra_moderada_frontal_1m.jpeg,0.29042550385137533,1
/home/anitadonato/tcc/tcc/data/known_faces/ALESSANDRA/alessandra_extra_01.jpeg,/home/anitadonato/tcc/tcc/data/known_faces/ALESSANDRA/alessandra_moderada_frontal_30cm.jpeg,0.19677979018357294,1
/home/anitadonato/tcc/tcc/data/known_faces/ALESSANDRA/alessandra_extra_02.jpeg,/home/anitadonato/tcc/tcc/data/known_faces/ALESSANDRA/alessandra_extra_03.jpeg,0.38750724789972546,1
/home/anitadonato/tcc/tcc/data/known_faces/ALESSANDRA/alessandra_extra_02.jpeg,/home/anitadonato/tcc/tcc/data/known_faces/ALESSANDRA/alessandra_extra_04.jpeg,0.4106269616888356,1
/home/anitadonato/tcc/tcc/data/known_faces/ALESSANDRA/alessandra_extra_02.jpeg,/home/anitadonato/tcc/tcc/data/known_faces/ALESSANDRA/alessandra_extra_05.jpeg,0.2915408475653566,1
/home/anitadonato/tcc/tcc/data/known_faces/ALESSANDRA/alessandra_extra_02.jpeg,/home/anitadonato/tcc/tcc/data/known_faces/ALESSANDRA/alessandra_extra_06.jpeg,0.4436812779443551,1
/home/anitadonato/tcc/tcc/data/known_faces/ALESSANDRA/alessandra_extra_02.jpeg,/home/anitadonato/tcc/tcc/data/known_faces/ALESSANDRA/alessandra_extra_07.jpeg,0.4212649572432551,1
/home/anitadonato/tcc/tcc/data/known_faces/ALESSANDRA/alessandra_extra_02.jpeg,/home/anitadonato/tcc/tcc/data/known_faces/ALESSANDRA/alessandra_extra_08.jpeg,0.28818271130047046,1
/home/anitadonato/tcc/tcc/data/known_faces/ALESSANDRA/alessandra_extra_02.jpeg,/home/anitadonato/tcc/tcc/data/known_faces/ALESSANDRA/alessandra_moderada_45_1m.jpeg,0.5248125974677289,1
/home/anitadonato/tcc/tcc/data/known_faces/ALESSANDRA/alessandra_extra_02.jpeg,/home/anitadonato/tcc/tcc/data/known_faces/ALESSANDRA/alessandra_moderada_45_30cm.jpeg,0.5608460153418242,1
/home/anitadonato/tcc/tcc/data/known_faces/ALESSANDRA/alessandra_extra_02.jpeg,/home/anitadonato/tcc/tcc/data/known_faces/ALESSANDRA/alessandra_moderada_frontal_1m.jpeg,0.47802309390162745,1
/home/anitadonato/tcc/tcc/data/known_faces/ALESSANDRA/alessandra_extra_02.jpeg,/home/anitadonato/tcc/tcc/data/known_faces/ALESSANDRA/alessandra_moderada_frontal_30cm.jpeg,0.42147533379480107,1
/home/anitadonato/tcc/tcc/data/known_faces/ALESSANDRA/alessandra_extra_03.jpeg,/home/anitadonato/tcc/tcc/data/known_faces/ALESSANDRA/alessandra_extra_04.jpeg,0.2809671553452536,1
/home/anitadonato/tcc/tcc/data/known_faces/ALESSANDRA/alessandra_extra_03.jpeg,/home/anitadonato/tcc/tcc/data/known_faces/ALESSANDRA/alessandra_extra_05.jpeg,0.3728015843196343,1
/home/anitadonato/tcc/tcc/data/known_faces/ALESSANDRA/alessandra_extra_03.jpeg,/home/anitadonato/tcc/tcc/data/known_faces/ALESSANDRA/alessandra_extra_06.jpeg,0.33536201074510275,1
/home/anitadonato/tcc/tcc/data/known_faces/ALESSANDRA/alessandra_extra_03.jpeg,/home/anitadonato/tcc/tcc/data/known_faces/ALESSANDRA/alessandra_extra_07.jpeg,0.3090944698588043,1
/home/anitadonato/tcc/tcc/data/known_faces/ALESSANDRA/alessandra_extra_03.jpeg,/home/anitadonato/tcc/tcc/data/known_faces/ALESSANDRA/alessandra_extra_08.jpeg,0.1076900479742201,1
/home/anitadonato/tcc/tcc/data/known_faces/ALESSANDRA/alessandra_extra_03.jpeg,/home/anitadonato/tcc/tcc/data/known_faces/ALESSANDRA/alessandra_moderada_45_1m.jpeg,0.5317386612565072,1
/home/anitadonato/tcc/tcc/data/known_faces/ALESSANDRA/alessandra_extra_03.jpeg,/home/anitadonato/tcc/tcc/data/known_faces/ALESSANDRA/alessandra_moderada_45_30cm.jpeg,0.5481692937450591,1
/home/anitadonato/tcc/tcc/data/known_faces/ALESSANDRA/alessandra_extra_03.jpeg,/home/anitadonato/tcc/tcc/data/known_faces/ALESSANDRA/alessandra_moderada_frontal_1m.jpeg,0.3511446033739928,1
/home/anitadonato/tcc/tcc/data/known_faces/ALESSANDRA/alessandra_extra_03.jpeg,/home/anitadonato/tcc/tcc/data/known_faces/ALESSANDRA/alessandra_moderada_frontal_30cm.jpeg,0.2740777934846982,1
/home/anitadonato/tcc/tcc/data/known_faces/ALESSANDRA/alessandra_extra_04.jpeg,/home/anitadonato/tcc/tcc/data/known_faces/ALESSANDRA/alessandra_extra_05.jpeg,0.3159944008656236,1
/home/anitadonato/tcc/tcc/data/known_faces/ALESSANDRA/alessandra_extra_04.jpeg,/home/anitadonato/tcc/tcc/data/known_faces/ALESSANDRA/alessandra_extra_06.jpeg,0.2751957811953767,1
/home/anitadonato/tcc/tcc/data/known_faces/ALESSANDRA/alessandra_extra_04.jpeg,/home/anitadonato/tcc/tcc/data/known_faces/ALESSANDRA/alessandra_extra_07.jpeg,0.2593564666344135,1
/home/anitadonato/tcc/tcc/data/known_faces/ALESSANDRA/alessandra_extra_04.jpeg,/home/anitadonato/tcc/tcc/data/known_faces/ALESSANDRA/alessandra_extra_08.jpeg,0.2328264746079245,1
/home/anitadonato/tcc/tcc/data/known_faces/ALESSANDRA/alessandra_extra_04.jpeg,/home/anitadonato/tcc/tcc/data/known_faces/ALESSANDRA/alessandra_moderada_45_1m.jpeg,0.5530245723300395,1
/home/anitadonato/tcc/tcc/data/known_faces/ALESSANDRA/alessandra_extra_04.jpeg,/home/anitadonato/tcc/tcc/data/known_faces/ALESSANDRA/alessandra_moderada_45_30cm.jpeg,0.5835995889737047,1
/home/anitadonato/tcc/tcc/data/known_faces/ALESSANDRA/alessandra_extra_04.jpeg,/home/anitadonato/tcc/tcc/data/known_faces/ALESSANDRA/alessandra_moderada_frontal_1m.jpeg,0.38753856280898724,1
/home/anitadonato/tcc/tcc/data/known_faces/ALESSANDRA/alessandra_extra_04.jpeg,/home/anitadonato/tcc/tcc/data/known_faces/ALESSANDRA/alessandra_moderada_frontal_30cm.jpeg,0.3004458754147925,1
/home/anitadonato/tcc/tcc/data/known_faces/ALESSANDRA/alessandra_extra_05.jpeg,/home/anitadonato/tcc/tcc/data/known_faces/ALESSANDRA/alessandra_extra_06.jpeg,0.33583989412399295,1
/home/anitadonato/tcc/tcc/data/known_faces/ALESSANDRA/alessandra_extra_05.jpeg,/home/anitadonato/tcc/tcc/data/known_faces/ALESSANDRA/alessandra_extra_07.jpeg,0.3052393697398741,1
/home/anitadonato/tcc/tcc/data/known_faces/ALESSANDRA/alessandra_extra_05.jpeg,/home/anitadonato/tcc/tcc/data/known_faces/ALESSANDRA/alessandra_extra_08.jpeg,0.28719088968361517,1
/home/anitadonato/tcc/tcc/data/known_faces/ALESSANDRA/alessandra_extra_05.jpeg,/home/anitadonato/tcc/tcc/data/known_faces/ALESSANDRA/alessandra_moderada_45_1m.jpeg,0.52688232868878,1
/home/anitadonato/tcc/tcc/data/known_faces/ALESSANDRA/alessandra_extra_05.jpeg,/home/anitadonato/tcc/tcc/data/known_faces/ALESSANDRA/alessandra_moderada_45_30cm.jpeg,0.557152465570004,1
/home/anitadonato/tcc/tcc/data/known_faces/ALESSANDRA/alessandra_extra_05.jpeg,/home/anitadonato/tcc/tcc/data/known_faces/ALESSANDRA/alessandra_moderada_frontal_1m.jpeg,0.3534544125603699,1
/home/anitadonato/tcc/tcc/data/known_faces/ALESSANDRA/alessandra_extra_05.jpeg,/home/anitadonato/tcc/tcc/data/known_faces/ALESSANDRA/alessandra_moderada_frontal_30cm.jpeg,0.301604775860866,1
/home/anitadonato/tcc/tcc/data/known_faces/ALESSANDRA/alessandra_extra_06.jpeg,/home/anitadonato/tcc/tcc/data/known_faces/ALESSANDRA/alessandra_extra_07.jpeg,0.07401869908097025,1
/home/anitadonato/tcc/tcc/data/known_faces/ALESSANDRA/alessandra_extra_06.jpeg,/home/anitadonato/tcc/tcc/data/known_faces/ALESSANDRA/alessandra_extra_08.jpeg,0.2901099606462316,1
/home/anitadonato/tcc/tcc/data/known_faces/ALESSANDRA/alessandra_extra_06.jpeg,/home/anitadonato/tcc/tcc/data/known_faces/ALESSANDRA/alessandra_moderada_45_1m.jpeg,0.41074080539928826,1
/home/anitadonato/tcc/tcc/data/known_faces/ALESSANDRA/alessandra_extra_06.jpeg,/home/anitadonato/tcc/tcc/data/known_faces/ALESSANDRA/alessandra_moderada_45_30cm.jpeg,0.4867964843062602,1
/home/anitadonato/tcc/tcc/data/known_faces/ALESSANDRA/alessandra_extra_06.jpeg,/home/anitadonato/tcc/tcc/data/known_faces/ALESSANDRA/alessandra_moderada_frontal_1m.jpeg,0.17057693106147498,1
/home/anitadonato/tcc/tcc/data/known_faces/ALESSANDRA/alessandra_extra_06.jpeg,/home/anitadonato/tcc/tcc/data/known_faces/ALESSANDRA/alessandra_moderada_frontal_30cm.jpeg,0.12520265663831387,1
/home/anitadonato/tcc/tcc/data/known_faces/ALESSANDRA/alessandra_extra_07.jpeg,/home/anitadonato/tcc/tcc/data/known_faces/ALESSANDRA/alessandra_extra_08.jpeg,0.26231229266392186,1
/home/anitadonato/tcc/tcc/data/known_faces/ALESSANDRA/alessandra_extra_07.jpeg,/home/anitadonato/tcc/tcc/data/known_faces/ALESSANDRA/alessandra_moderada_45_1m.jpeg,0.46434829768948416,1
/home/anitadonato/tcc/tcc/data/known_faces/ALESSANDRA/alessandra_extra_07.jpeg,/home/anitadonato/tcc/tcc/data/known_faces/ALESSANDRA/alessandra_moderada_45_30cm.jpeg,0.5374569608407389,1
/home/anitadonato/tcc/tcc/data/known_faces/ALESSANDRA/alessandra_extra_07.jpeg,/home/anitadonato/tcc/tcc/data/known_faces/ALESSANDRA/alessandra_moderada_frontal_1m.jpeg,0.20445477292074932,1
/home/anitadonato/tcc/tcc/data/known_faces/ALESSANDRA/alessandra_extra_07.jpeg,/home/anitadonato/tcc/tcc/data/known_faces/ALESSANDRA/alessandra_moderada_frontal_30cm.jpeg,0.15277307507280447,1
/home/anitadonato/tcc/tcc/data/known_faces/ALESSANDRA/alessandra_extra_08.jpeg,/home/anitadonato/tcc/tcc/data/known_faces/ALESSANDRA/alessandra_moderada_45_1m.jpeg,0.4491926938252149,1
/home/anitadonato/tcc/tcc/data/known_faces/ALESSANDRA/alessandra_extra_08.jpeg,/home/anitadonato/tcc/tcc/data/known_faces/ALESSANDRA/alessandra_moderada_45_30cm.jpeg,0.4826557014485169,1
/home/anitadonato/tcc/tcc/data/known_faces/ALESSANDRA/alessandra_extra_08.jpeg,/home/anitadonato/tcc/tcc/data/known_faces/ALESSANDRA/alessandra_moderada_frontal_1m.jpeg,0.33676546352266734,1
/home/anitadonato/tcc/tcc/data/known_faces/ALESSANDRA/alessandra_extra_08.jpeg,/home/anitadonato/tcc/tcc/data/known_faces/ALESSANDRA/alessandra_moderada_frontal_30cm.jpeg,0.23601233742846506,1
/home/anitadonato/tcc/tcc/data/known_faces/ALESSANDRA/alessandra_moderada_45_1m.jpeg,/home/anitadonato/tcc/tcc/data/known_faces/ALESSANDRA/alessandra_moderada_45_30cm.jpeg,0.062498834989380136,1
/home/anitadonato/tcc/tcc/data/known_faces/ALESSANDRA/alessandra_moderada_45_1m.jpeg,/home/anitadonato/tcc/tcc/data/known_faces/ALESSANDRA/alessandra_moderada_frontal_1m.jpeg,0.4403924434007561,1
/home/anitadonato/tcc/tcc/data/known_faces/ALESSANDRA/alessandra_moderada_45_1m.jpeg,/home/anitadonato/tcc/tcc/data/known_faces/ALESSANDRA/alessandra_moderada_frontal_30cm.jpeg,0.4277915246543281,1
/home/anitadonato/tcc/tcc/data/known_faces/ALESSANDRA/alessandra_moderada_45_30cm.jpeg,/home/anitadonato/tcc/tcc/data/known_faces/ALESSANDRA/alessandra_moderada_frontal_1m.jpeg,0.5173172592140431,1
/home/anitadonato/tcc/tcc/data/known_faces/ALESSANDRA/alessandra_moderada_45_30cm.jpeg,/home/anitadonato/tcc/tcc/data/known_faces/ALESSANDRA/alessandra_moderada_frontal_30cm.jpeg,0.49770718826407023,1
/home/anitadonato/tcc/tcc/data/known_faces/ALESSANDRA/alessandra_moderada_frontal_1m.jpeg,/home/anitadonato/tcc/tcc/data/known_faces/ALESSANDRA/alessandra_moderada_frontal_30cm.jpeg,0.10365322571554714,1
/home/anitadonato/tcc/tcc/data/known_faces/Abraão/abraao_baixa_45_dir.jpg,/home/anitadonato/tcc/tcc/data/known_faces/Abraão/abraao_baixa_45_esq.jpg,0.5361659224759976,1
/home/anitadonato/tcc/tcc/data/known_faces/Abraão/abraao_baixa_45_dir.jpg,/home/anitadonato/tcc/tcc/data/known_faces/Abraão/abraao_baixa_frontal.jpg,0.5232202675056394,1
/home/anitadonato/tcc/tcc/data/known_faces/Abraão/abraao_baixa_45_dir.jpg,/home/anitadonato/tcc/tcc/data/known_faces/Abraão/abraao_baixo_45_esq.jpg,0.4927406903058589,1
/home/anitadonato/tcc/tcc/data/known_faces/Abraão/abraao_baixa_45_dir.jpg,/home/anitadonato/tcc/tcc/data/known_faces/Abraão/abraao_boa_45_.jpg,0.487566864114201,1
/home/anitadonato/tcc/tcc/data/known_faces/Abraão/abraao_baixa_45_dir.jpg,/home/anitadonato/tcc/tcc/data/known_faces/Abraão/abraao_boa_45_dir.jpg,0.4395696627900886,1
/home/anitadonato/tcc/tcc/data/known_faces/Abraão/abraao_baixa_45_dir.jpg,/home/anitadonato/tcc/tcc/data/known_faces/Abraão/abraao_boa_frontal.jpg,0.4570598263792215,1
/home/anitadonato/tcc/tcc/data/known_faces/Abraão/abraao_baixa_45_dir.jpg,/home/anitadonato/tcc/tcc/data/known_faces/Abraão/abraao_extra_01.jpg,0.4566763037205752,1
/home/anitadonato/tcc/tcc/data/known_faces/Abraão/abraao_baixa_45_dir.jpg,/home/anitadonato/tcc/tcc/data/known_faces/Abraão/abraao_extra_02.jpg,0.419389989781502,1
/home/anitadonato/tcc/tcc/data/known_faces/Abraão/abraao_baixa_45_dir.jpg,/home/anitadonato/tcc/tcc/data/known_faces/Abraão/abraao_extra_03.jpg,0.4724315941153956,1
/home/anitadonato/tcc/tcc/data/known_faces/Abraão/abraao_baixa_45_dir.jpg,/home/anitadonato/tcc/tcc/data/known_faces/Abraão/abraao_extra_04.jpg,0.4857997119810613,1
/home/anitadonato/tcc/tcc/data/known_faces/Abraão/abraao_baixa_45_dir.jpg,/home/anitadonato/tcc/tcc/data/known_faces/Abraão/abraao_extra_05.jpg,0.35964250159584443,1
/home/anitadonato/tcc/tcc/data/known_faces/Abraão/abraao_baixa_45_dir.jpg,/home/anitadonato/tcc/tcc/data/known_faces/Abraão/abraao_extra_06.jpg,0.37416140602269976,1
/home/anitadonato/tcc/tcc/data/known_faces/Abraão/abraao_baixa_45_dir.jpg,/home/anitadonato/tcc/tcc/data/known_faces/Abraão/abraao_extra_07.jpg,0.39808722269539754,1
/home/anitadonato/tcc/tcc/data/known_faces/Abraão/abraao_baixa_45_dir.jpg,/home/anitadonato/tcc/tcc/data/known_faces/Abraão/abraao_extra_08.jpg,0.41374576861453105,1
/home/anitadonato/tcc/tcc/data/known_faces/Abraão/abraao_baixa_45_dir.jpg,/home/anitadonato/tcc/tcc/data/known_faces/Abraão/abraao_extra_09.jpg,0.3548573992463273,1
/home/anitadonato/tcc/tcc/data/known_faces/Abraão/abraao_baixa_45_dir.jpg,/home/anitadonato/tcc/tcc/data/known_faces/Abraão/abraao_extra_10.jpg,0.34595620083426604,1
/home/anitadonato/tcc/tcc/data/known_faces/Abraão/abraao_baixa_45_esq.jpg,/home/anitadonato/tcc/tcc/data/known_faces/Abraão/abraao_baixa_frontal.jpg,0.2716733659638675,1
/home/anitadonato/tcc/tcc/data/known_faces/Abraão/abraao_baixa_45_esq.jpg,/home/anitadonato/tcc/tcc/data/known_faces/Abraão/abraao_baixo_45_esq.jpg,0.24343476422083576,1
/home/anitadonato/tcc/tcc/data/known_faces/Abraão/abraao_baixa_45_esq.jpg,/home/anitadonato/tcc/tcc/data/known_faces/Abraão/abraao_boa_45_.jpg,0.41642843830436005,1
/home/anitadonato/tcc/tcc/data/known_faces/Abraão/abraao_baixa_45_esq.jpg,/home/anitadonato/tcc/tcc/data/known_faces/Abraão/abraao_boa_45_dir.jpg,0.3334711246036042,1
/home/anitadonato/tcc/tcc/data/known_faces/Abraão/abraao_baixa_45_esq.jpg,/home/anitadonato/tcc/tcc/data/known_faces/Abraão/abraao_boa_frontal.jpg,0.29804549613017683,1
/home/anitadonato/tcc/tcc/data/known_faces/Abraão/abraao_baixa_45_esq.jpg,/home/anitadonato/tcc/tcc/data/known_faces/Abraão/abraao_extra_01.jpg,0.6300385979959335,1
/home/anitadonato/tcc/tcc/data/known_faces/Abraão/abraao_baixa_45_esq.jpg,/home/anitadonato/tcc/tcc/data/known_faces/Abraão/abraao_extra_02.jpg,0.4464735074914966,1
/home/anitadonato/tcc/tcc/data/known_faces/Abraão/abraao_baixa_45_esq.jpg,/home/anitadonato/tcc/tcc/data/known_faces/Abraão/abraao_extra_03.jpg,0.28728846912015005,1
/home/anitadonato/tcc/tcc/data/known_faces/Abraão/abraao_baixa_45_esq.jpg,/home/anitadonato/tcc/tcc/data/known_faces/Abraão/abraao_extra_04.jpg,0.36660073136618176,1
/home/anitadonato/tcc/tcc/data/known_faces/Abraão/abraao_baixa_45_esq.jpg,/home/anitadonato/tcc/tcc/data/known_faces/Abraão/abraao_extra_05.jpg,0.3859226523612356,1
/home/anitadonato/tcc/tcc/data/known_faces/Abraão/abraao_baixa_45_esq.jpg,/home/anitadonato/tcc/tcc/data/known_faces/Abraão/abraao_extra_06.jpg,0.3084089705368708,1
/home/anitadonato/tcc/tcc/data/known_faces/Abraão/abraao_baixa_45_esq.jpg,/home/anitadonato/tcc/tcc/data/known_faces/Abraão/abraao_extra_07.jpg,0.3335598324472362,1
/home/anitadonato/tcc/tcc/data/known_faces/Abraão/abraao_baixa_45_esq.jpg,/home/anitadonato/tcc/tcc/data/known_faces/Abraão/abraao_extra_08.jpg,0.31483868478058874,1
/home/anitadonato/tcc/tcc/data/known_faces/Abraão/abraao_baixa_45_esq.jpg,/home/anitadonato/tcc/tcc/data/known_faces/Abraão/abraao_extra_09.jpg,0.3914364746212403,1
/home/anitadonato/tcc/tcc/data/known_faces/Abraão/abraao_baixa_45_esq.jpg,/home/anitadonato/tcc/tcc/data/known_faces/Abraão/abraao_extra_10.jpg,0.2817712785817882,1
/home/anitadonato/tcc/tcc/data/known_faces/Abraão/abraao_baixa_frontal.jpg,/home/anitadonato/tcc/tcc/data/known_faces/Abraão/abraao_baixo_45_esq.jpg,0.25194011006659023,1
/home/anitadonato/tcc/tcc/data/known_faces/Abraão/abraao_baixa_frontal.jpg,/home/anitadonato/tcc/tcc/data/known_faces/Abraão/abraao_boa_45_.jpg,0.3960158436143508,1
/home/anitadonato/tcc/tcc/data/known_faces/Abraão/abraao_baixa_frontal.jpg,/home/anitadonato/tcc/tcc/data/known_faces/Abraão/abraao_boa_45_dir.jpg,0.3889261396005501,1
/home/anitadonato/tcc/tcc/data/known_faces/Abraão/abraao_baixa_frontal.jpg,/home/anitadonato/tcc/tcc/data/known_faces/Abraão/abraao_boa_frontal.jpg,0.35043211394596974,1
/home/anitadonato/tcc/tcc/data/known_faces/Abraão/abraao_baixa_frontal.jpg,/home/anitadonato/tcc/tcc/data/known_faces/Abraão/abraao_extra_01.jpg,0.576057816446433,1
/home/anitadonato/tcc/tcc/data/known_faces/Abraão/abraao_baixa_frontal.jpg,/home/anitadonato/tcc/tcc/data/known_faces/Abraão/abraao_extra_02.jpg,0.40357485568844065,1
/home/anitadonato/tcc/tcc/data/known_faces/Abraão/abraao_baixa_frontal.jpg,/home/anitadonato/tcc/tcc/data/known_faces/Abraão/abraao_extra_03.jpg,0.05254041272346144,1
/home/anitadonato/tcc/tcc/data/known_faces/Abraão/abraao_baixa_frontal.jpg,/home/anitadonato/tcc/tcc/data/known_faces/Abraão/abraao_extra_04.jpg,0.12901900746810513,1
/home/anitadonato/tcc/tcc/data/known_faces/Abraão/abraao_baixa_frontal.jpg,/home/anitadonato/tcc/tcc/data/known_faces/Abraão/abraao_extra_05.jpg,0.37843700581967543,1
/home/anitadonato/tcc/tcc/data/known_faces/Abraão/abraao_baixa_frontal.jpg,/home/anitadonato/tcc/tcc/data/known_faces/Abraão/abraao_extra_06.jpg,0.33160426057571424,1
/home/anitadonato/tcc/tcc/data/known_faces/Abraão/abraao_baixa_frontal.jpg,/home/anitadonato/tcc/tcc/data/known_faces/Abraão/abraao_extra_07.jpg,0.30196842400593416,1
/home/anitadonato/tcc/tcc/data/known_faces/Abraão/abraao_baixa_frontal.jpg,/home/anitadonato/tcc/tcc/data/known_faces/Abraão/abraao_extra_08.jpg,0.256050808399084,1
/home/anitadonato/tcc/tcc/data/known_faces/Abraão/abraao_baixa_frontal.jpg,/home/anitadonato/tcc/tcc/data/known_faces/Abraão/abraao_extra_09.jpg,0.35483941908148287,1
/home/anitadonato/tcc/tcc/data/known_faces/Abraão/abraao_baixa_frontal.jpg,/home/anitadonato/tcc/tcc/data/known_faces/Abraão/abraao_extra_10.jpg,0.3126885739229578,1
/home/anitadonato/tcc/tcc/data/known_faces/Abraão/abraao_baixo_45_esq.jpg,/home/anitadonato/tcc/tcc/data/known_faces/Abraão/abraao_boa_45_.jpg,0.29452180171512143,1
/home/anitadonato/tcc/tcc/data/known_faces/Abraão/abraao_baixo_45_esq.jpg,/home/anitadonato/tcc/tcc/data/known_faces/Abraão/abraao_boa_45_dir.jpg,0.2864850830508776,1
/home/anitadonato/tcc/tcc/data/known_faces/Abraão/abraao_baixo_45_esq.jpg,/home/anitadonato/tcc/tcc/data/known_faces/Abraão/abraao_boa_frontal.jpg,0.3047688725126476,1
/home/anitadonato/tcc/tcc/data/known_faces/Abraão/abraao_baixo_45_esq.jpg,/home/anitadonato/tcc/tcc/data/known_faces/Abraão/abraao_extra_01.jpg,0.5731667426468531,1
/home/anitadonato/tcc/tcc/data/known_faces/Abraão/abraao_baixo_45_esq.jpg,/home/anitadonato/tcc/tcc/data/known_faces/Abraão/abraao_extra_02.jpg,0.5011914451680011,1
/home/anitadonato/tcc/tcc/data/known_faces/Abraão/abraao_baixo_45_esq.jpg,/home/anitadonato/tcc/tcc/data/known_faces/Abraão/abraao_extra_03.jpg,0.24710088607355174,1
/home/anitadonato/tcc/tcc/data/known_faces/Abraão/abraao_baixo_45_esq.jpg,/home/anitadonato/tcc/tcc/data/known_faces/Abraão/abraao_extra_04.jpg,0.35072635507143624,1
/home/anitadonato/tcc/tcc/data/known_faces/Abraão/abraao_baixo_45_esq.jpg,/home/anitadonato/tcc/tcc/data/known_faces/Abraão/abraao_extra_05.jpg,0.4332308148898347,1
/home/anitadonato/tcc/tcc/data/known_faces/Abraão/abraao_baixo_45_esq.jpg,/home/anitadonato/tcc/tcc/data/known_faces/Abraão/abraao_extra_06.jpg,0.33254906948117147,1
/home/anitadonato/tcc/tcc/data/known_faces/Abraão/abraao_baixo_45_esq.jpg,/home/anitadonato/tcc/tcc/data/known_faces/Abraão/abraao_extra_07.jpg,0.36519300280615075,1
/home/anitadonato/tcc/tcc/data/known_faces/Abraão/abraao_baixo_45_esq.jpg,/home/anitadonato/tcc/tcc/data/known_faces/Abraão/abraao_extra_08.jpg,0.37038476037729806,1
/home/anitadonato/tcc/tcc/data/known_faces/Abraão/abraao_baixo_45_esq.jpg,/home/anitadonato/tcc/tcc/data/known_faces/Abraão/abraao_extra_09.jpg,0.32394532124448583,1
/home/anitadonato/tcc/tcc/data/known_faces/Abraão/abraao_baixo_45_esq.jpg,/home/anitadonato/tcc/tcc/data/known_faces/Abraão/abraao_extra_10.jpg,0.2825347604450169,1
/home/anitadonato/tcc/tcc/data/known_faces/Abraão/abraao_boa_45_.jpg,/home/anitadonato/tcc/tcc/data/known_faces/Abraão/abraao_boa_45_dir.jpg,0.24212272000045898,1
/home/anitadonato/tcc/tcc/data/known_faces/Abraão/abraao_boa_45_.jpg,/home/anitadonato/tcc/tcc/data/known_faces/Abraão/abraao_boa_frontal.jpg,0.21305370677696678,1
/home/anitadonato/tcc/tcc/data/known_faces/Abraão/abraao_boa_45_.jpg,/home/anitadonato/tcc/tcc/data/known_faces/Abraão/abraao_extra_01.jpg,0.6551986743783337,1
/home/anitadonato/tcc/tcc/data/known_faces/Abraão/abraao_boa_45_.jpg,/home/anitadonato/tcc/tcc/data/known_faces/Abraão/abraao_extra_02.jpg,0.5315631923316899,1
/home/anitadonato/tcc/tcc/data/known_faces/Abraão/abraao_boa_45_.jpg,/home/anitadonato/tcc/tcc/data/known_faces/Abraão/abraao_extra_03.jpg,0.3340694274276381,1
/home/anitadonato/tcc/tcc/data/known_faces/Abraão/abraao_boa_45_.jpg,/home/anitadonato/tcc/tcc/data/known_faces/Abraão/abraao_extra_04.jpg,0.42045856007824056,1
/home/anitadonato/tcc/tcc/data/known_faces/Abraão/abraao_boa_45_.jpg,/home/anitadonato/tcc/tcc/data/known_faces/Abraão/abraao_extra_05.jpg,0.3866973585387502,1
/home/anitadonato/tcc/tcc/data/known_faces/Abraão/abraao_boa_45_.jpg,/home/anitadonato/tcc/tcc/data/known_faces/Abraão/abraao_extra_06.jpg,0.26961231272346065,1
/home/anitadonato/tcc/tcc/data/known_faces/Abraão/abraao_boa_45_.jpg,/home/anitadonato/tcc/tcc/data/known_faces/Abraão/abraao_extra_07.jpg,0.3153442301669236,1
/home/anitadonato/tcc/tcc/data/known_faces/Abraão/abraao_boa_45_.jpg,/home/anitadonato/tcc/tcc/data/known_faces/Abraão/abraao_extra_08.jpg,0.3100546750921702,1
/home/anitadonato/tcc/tcc/data/known_faces/Abraão/abraao_boa_45_.jpg,/home/anitadonato/tcc/tcc/data/known_faces/Abraão/abraao_extra_09.jpg,0.18546077311150455,1
/home/anitadonato/tcc/tcc/data/known_faces/Abraão/abraao_boa_45_.jpg,/home/anitadonato/tcc/tcc/data/known_faces/Abraão/abraao_extra_10.jpg,0.2320970105902903,1
/home/anitadonato/tcc/tcc/data/known_faces/Abraão/abraao_boa_45_dir.jpg,/home/anitadonato/tcc/tcc/data/known_faces/Abraão/abraao_boa_frontal.jpg,0.15124850014215718,1
/home/anitadonato/tcc/tcc/data/known_faces/Abraão/abraao_boa_45_dir.jpg,/home/anitadonato/tcc/tcc/data/known_faces/Abraão/abraao_extra_01.jpg,0.6135021303364272,1
/home/anitadonato/tcc/tcc/data/known_faces/Abraão/abraao_boa_45_dir.jpg,/home/anitadonato/tcc/tcc/data/known_faces/Abraão/abraao_extra_02.jpg,0.4654050558974966,1
/home/anitadonato/tcc/tcc/data/known_faces/Abraão/abraao_boa_45_dir.jpg,/home/anitadonato/tcc/tcc/data/known_faces/Abraão/abraao_extra_03.jpg,0.32006739182561683,1
/home/anitadonato/tcc/tcc/data/known_faces/Abraão/abraao_boa_45_dir.jpg,/home/anitadonato/tcc/tcc/data/known_faces/Abraão/abraao_extra_04.jpg,0.39936468622290255,1
/home/anitadonato/tcc/tcc/data/known_faces/Abraão/abraao_boa_45_dir.jpg,/home/anitadonato/tcc/tcc/data/known_faces/Abraão/abraao_extra_05.jpg,0.32418669267730327,1
/home/anitadonato/tcc/tcc/data/known_faces/Abraão/abraao_boa_45_dir.jpg,/home/anitadonato/tcc/tcc/data/known_faces/Abraão/abraao_extra_06.jpg,0.23544778069818006,1
/home/anitadonato/tcc/tcc/data/known_faces/Abraão/abraao_boa_45_dir.jpg,/home/anitadonato/tcc/tcc/data/known_faces/Abraão/abraao_extra_07.jpg,0.29274610130206435,1
/home/anitadonato/tcc/tcc/data/known_faces/Abraão/abraao_boa_45_dir.jpg,/home/anitadonato/tcc/tcc/data/known_faces/Abraão/abraao_extra_08.jpg,0.3647256882295634,1
/home/anitadonato/tcc/tcc/data/known_faces/Abraão/abraao_boa_45_dir.jpg,/home/anitadonato/tcc/tcc/data/known_faces/Abraão/abraao_extra_09.jpg,0.3495099196175243,1
/home/anitadonato/tcc/tcc/data/known_faces/Abraão/abraao_boa_45_dir.jpg,/home/anitadonato/tcc/tcc/data/known_faces/Abraão/abraao_extra_10.jpg,0.17680001758229125,1
/home/anitadonato/tcc/tcc/data/known_faces/Abraão/abraao_boa_frontal.jpg,/home/anitadonato/tcc/tcc/data/known_faces/Abraão/abraao_extra_01.jpg,0.6412049004123814,1
/home/anitadonato/tcc/tcc/data/known_faces/Abraão/abraao_boa_frontal.jpg,/home/anitadonato/tcc/tcc/data/known_faces/Abraão/abraao_extra_02.jpg,0.42947165888794436,1
/home/anitadonato/tcc/tcc/data/known_faces/Abraão/abraao_boa_frontal.jpg,/home/anitadonato/tcc/tcc/data/known_faces/Abraão/abraao_extra_03.jpg,0.3050311228277923,1
/home/anitadonato/tcc/tcc/data/known_faces/Abraão/abraao_boa_frontal.jpg,/home/anitadonato/tcc/tcc/data/known_faces/Abraão/abraao_extra_04.jpg,0.4449947472948643,1
/home/anitadonato/tcc/tcc/data/known_faces/Abraão/abraao_boa_frontal.jpg,/home/anitadonato/tcc/tcc/data/known_faces/Abraão/abraao_extra_05.jpg,0.28577183792274063,1
/home/anitadonato/tcc/tcc/data/known_faces/Abraão/abraao_boa_frontal.jpg,/home/anitadonato/tcc/tcc/data/known_faces/Abraão/abraao_extra_06.jpg,0.09597534335907953,1
/home/anitadonato/tcc/tcc/data/known_faces/Abraão/abraao_boa_frontal.jpg,/home/anitadonato/tcc/tcc/data/known_faces/Abraão/abraao_extra_07.jpg,0.18283974473639242,1
/home/anitadonato/tcc/tcc/data/known_faces/Abraão/abraao_boa_frontal.jpg,/home/anitadonato/tcc/tcc/data/known_faces/Abraão/abraao_extra_08.jpg,0.21570707317723414,1
/home/anitadonato/tcc/tcc/data/known_faces/Abraão/abraao_boa_frontal.jpg,/home/anitadonato/tcc/tcc/data/known_faces/Abraão/abraao_extra_09.jpg,0.26563129898137583,1
/home/anitadonato/tcc/tcc/data/known_faces/Abraão/abraao_boa_frontal.jpg,/home/anitadonato/tcc/tcc/data/known_faces/Abraão/abraao_extra_10.jpg,0.13648828855326023,1
/home/anitadonato/tcc/tcc/data/known_faces/Abraão/abraao_extra_01.jpg,/home/anitadonato/tcc/tcc/data/known_faces/Abraão/abraao_extra_02.jpg,0.3439298259779534,1
/home/anitadonato/tcc/tcc/data/known_faces/Abraão/abraao_extra_01.jpg,/home/anitadonato/tcc/tcc/data/known_faces/Abraão/abraao_extra_03.jpg,0.5460176633462805,1
/home/anitadonato/tcc/tcc/data/known_faces/Abraão/abraao_extra_01.jpg,/home/anitadonato/tcc/tcc/data/known_faces/Abraão/abraao_extra_04.jpg,0.5596092094531233,1
/home/anitadonato/tcc/tcc/data/known_faces/Abraão/abraao_extra_01.jpg,/home/anitadonato/tcc/tcc/data/known_faces/Abraão/abraao_extra_05.jpg,0.4353740331310375,1
/home/anitadonato/tcc/tcc/data/known_faces/Abraão/abraao_extra_01.jpg,/home/anitadonato/tcc/tcc/data/known_faces/Abraão/abraao_extra_06.jpg,0.5646574811983012,1
/home/anitadonato/tcc/tcc/data/known_faces/Abraão/abraao_extra_01.jpg,/home/anitadonato/tcc/tcc/data/known_faces/Abraão/abraao_extra_07.jpg,0.5800396754947863,1
/home/anitadonato/tcc/tcc/data/known_faces/Abraão/abraao_extra_01.jpg,/home/anitadonato/tcc/tcc/data/known_faces/Abraão/abraao_extra_08.jpg,0.5906820092326701,1
/home/anitadonato/tcc/tcc/data/known_faces/Abraão/abraao_extra_01.jpg,/home/anitadonato/tcc/tcc/data/known_faces/Abraão/abraao_extra_09.jpg,0.5464032147308233,1
/home/anitadonato/tcc/tcc/data/known_faces/Abraão/abraao_extra_01.jpg,/home/anitadonato/tcc/tcc/data/known_faces/Abraão/abraao_extra_10.jpg,0.5799236520309197,1
/home/anitadonato/tcc/tcc/data/known_faces/Abraão/abraao_extra_02.jpg,/home/anitadonato/tcc/tcc/data/known_faces/Abraão/abraao_extra_03.jpg,0.37384610420238884,1
/home/anitadonato/tcc/tcc/data/known_faces/Abraão/abraao_extra_02.jpg,/home/anitadonato/tcc/tcc/data/known_faces/Abraão/abraao_extra_04.jpg,0.43933722126549135,1
/home/anitadonato/tcc/tcc/data/known_faces/Abraão/abraao_extra_02.jpg,/home/anitadonato/tcc/tcc/data/known_faces/Abraão/abraao_extra_05.jpg,0.30256148131838834,1
/home/anitadonato/tcc/tcc/data/known_faces/Abraão/abraao_extra_02.jpg,/home/anitadonato/tcc/tcc/data/known_faces/Abraão/abraao_extra_06.jpg,0.38940812806608616,1
/home/anitadonato/tcc/tcc/data/known_faces/Abraão/abraao_extra_02.jpg,/home/anitadonato/tcc/tcc/data/known_faces/Abraão/abraao_extra_07.jpg,0.42728733953838915,1
/home/anitadonato/tcc/tcc/data/known_faces/Abraão/abraao_extra_02.jpg,/home/anitadonato/tcc/tcc/data/known_faces/Abraão/abraao_extra_08.jpg,0.41870408182679264,1
/home/anitadonato/tcc/tcc/data/known_faces/Abraão/abraao_extra_02.jpg,/home/anitadonato/tcc/tcc/data/known_faces/Abraão/abraao_extra_09.jpg,0.46951053102505014,1
/home/anitadonato/tcc/tcc/data/known_faces/Abraão/abraao_extra_02.jpg,/home/anitadonato/tcc/tcc/data/known_faces/Abraão/abraao_extra_10.jpg,0.4013996639471006,1
/home/anitadonato/tcc/tcc/data/known_faces/Abraão/abraao_extra_03.jpg,/home/anitadonato/tcc/tcc/data/known_faces/Abraão/abraao_extra_04.jpg,0.13855575277208232,1
/home/anitadonato/tcc/tcc/data/known_faces/Abraão/abraao_extra_03.jpg,/home/anitadonato/tcc/tcc/data/known_faces/Abraão/abraao_extra_05.jpg,0.31815618268407286,1
/home/anitadonato/tcc/tcc/data/known_faces/Abraão/abraao_extra_03.jpg,/home/anitadonato/tcc/tcc/data/known_faces/Abraão/abraao_extra_06.jpg,0.2826041127539348,1
/home/anitadonato/tcc/tcc/data/known_faces/Abraão/abraao_extra_03.jpg,/home/anitadonato/tcc/tcc/data/known_faces/Abraão/abraao_extra_07.jpg,0.28824592620311895,1
/home/anitadonato/tcc/tcc/data/known_faces/Abraão/abraao_extra_03.jpg,/home/anitadonato/tcc/tcc/data/known_faces/Abraão/abraao_extra_08.jpg,0.2410653477524063,1
/home/anitadonato/tcc/tcc/data/known_faces/Abraão/abraao_extra_03.jpg,/home/anitadonato/tcc/tcc/data/known_faces/Abraão/abraao_extra_09.jpg,0.30128217335037966,1
/home/anitadonato/tcc/tcc/data/known_faces/Abraão/abraao_extra_03.jpg,/home/anitadonato/tcc/tcc/data/known_faces/Abraão/abraao_extra_10.jpg,0.256633641268728,1
/home/anitadonato/tcc/tcc/data/known_faces/Abraão/abraao_extra_04.jpg,/home/anitadonato/tcc/tcc/data/known_faces/Abraão/abraao_extra_05.jpg,0.41576297862124756,1
/home/anitadonato/tcc/tcc/data/known_faces/Abraão/abraao_extra_04.jpg,/home/anitadonato/tcc/tcc/data/known_faces/Abraão/abraao_extra_06.jpg,0.42079563603202874,1
/home/anitadonato/tcc/tcc/data/known_faces/Abraão/abraao_extra_04.jpg,/home/anitadonato/tcc/tcc/data/known_faces/Abraão/abraao_extra_07.jpg,0.34574201312072983,1
/home/anitadonato/tcc/tcc/data/known_faces/Abraão/abraao_extra_04.jpg,/home/anitadonato/tcc/tcc/data/known_faces/Abraão/abraao_extra_08.jpg,0.3030490321654714,1
/home/anitadonato/tcc/tcc/data/known_faces/Abraão/abraao_extra_04.jpg,/home/anitadonato/tcc/tcc/data/known_faces/Abraão/abraao_extra_09.jpg,0.35797451164942995,1
/home/anitadonato/tcc/tcc/data/known_faces/Abraão/abraao_extra_04.jpg,/home/anitadonato/tcc/tcc/data/known_faces/Abraão/abraao_extra_10.jpg,0.3399721042707008,1
/home/anitadonato/tcc/tcc/data/known_faces/Abraão/abraao_extra_05.jpg,/home/anitadonato/tcc/tcc/data/known_faces/Abraão/abraao_extra_06.jpg,0.24816425448732105,1
/home/anitadonato/tcc/tcc/data/known_faces/Abraão/abraao_extra_05.jpg,/home/anitadonato/tcc/tcc/data/known_faces/Abraão/abraao_extra_07.jpg,0.2833874951134394,1
/home/anitadonato/tcc/tcc/data/known_faces/Abraão/abraao_extra_05.jpg,/home/anitadonato/tcc/tcc/data/known_faces/Abraão/abraao_extra_08.jpg,0.2854300976026085,1
/home/anitadonato/tcc/tcc/data/known_faces/Abraão/abraao_extra_05.jpg,/home/anitadonato/tcc/tcc/data/known_faces/Abraão/abraao_extra_09.jpg,0.27626051722509715,1
/home/anitadonato/tcc/tcc/data/known_faces/Abraão/abraao_extra_05.jpg,/home/anitadonato/tcc/tcc/data/known_faces/Abraão/abraao_extra_10.jpg,0.2409963532221958,1
/home/anitadonato/tcc/tcc/data/known_faces/Abraão/abraao_extra_06.jpg,/home/anitadonato/tcc/tcc/data/known_faces/Abraão/abraao_extra_07.jpg,0.16493461308097312,1
/home/anitadonato/tcc/tcc/data/known_faces/Abraão/abraao_extra_06.jpg,/home/anitadonato/tcc/tcc/data/known_faces/Abraão/abraao_extra_08.jpg,0.18600446252363811,1
/home/anitadonato/tcc/tcc/data/known_faces/Abraão/abraao_extra_06.jpg,/home/anitadonato/tcc/tcc/data/known_faces/Abraão/abraao_extra_09.jpg,0.23070858340951528,1
/home/anitadonato/tcc/tcc/data/known_faces/Abraão/abraao_extra_06.jpg,/home/anitadonato/tcc/tcc/data/known_faces/Abraão/abraao_extra_10.jpg,0.12245678422033968,1
/home/anitadonato/tcc/tcc/data/known_faces/Abraão/abraao_extra_07.jpg,/home/anitadonato/tcc/tcc/data/known_faces/Abraão/abraao_extra_08.jpg,0.09325705543755514,1
/home/anitadonato/tcc/tcc/data/known_faces/Abraão/abraao_extra_07.jpg,/home/anitadonato/tcc/tcc/data/known_faces/Abraão/abraao_extra_09.jpg,0.19418134447632773,1
/home/anitadonato/tcc/tcc/data/known_faces/Abraão/abraao_extra_07.jpg,/home/anitadonato/tcc/tcc/data/known_faces/Abraão/abraao_extra_10.jpg,0.12915006621200742,1
/home/anitadonato/tcc/tcc/data/known_faces/Abraão/abraao_extra_08.jpg,/home/anitadonato/tcc/tcc/data/known_faces/Abraão/abraao_extra_09.jpg,0.16756368753408202,1
/home/anitadonato/tcc/tcc/data/known_faces/Abraão/abraao_extra_08.jpg,/home/anitadonato/tcc/tcc/data/known_faces/Abraão/abraao_extra_10.jpg,0.18555727896436713,1
/home/anitadonato/tcc/tcc/data/known_faces/Abraão/abraao_extra_09.jpg,/home/anitadonato/tcc/tcc/data/known_faces/Abraão/abraao_extra_10.jpg,0.17875018298747813,1
/home/anitadonato/tcc/tcc/data/known_faces/Angela/20260602_192040.jpg,/home/anitadonato/tcc/tcc/data/known_faces/Angela/angela_baixa_45_esq.jpg,0.43745528731431305,1
/home/anitadonato/tcc/tcc/data/known_faces/Angela/20260602_192040.jpg,/home/anitadonato/tcc/tcc/data/known_faces/Angela/angela_baixa_frontal.jpg,0.35141947671014784,1
/home/anitadonato/tcc/tcc/data/known_faces/Angela/20260602_192040.jpg,/home/anitadonato/tcc/tcc/data/known_faces/Angela/angela_boa_45_dir.jpg,0.42576824792740975,1
/home/anitadonato/tcc/tcc/data/known_faces/Angela/20260602_192040.jpg,/home/anitadonato/tcc/tcc/data/known_faces/Angela/angela_boa_45_esq.jpg,0.49462558638386944,1
/home/anitadonato/tcc/tcc/data/known_faces/Angela/20260602_192040.jpg,/home/anitadonato/tcc/tcc/data/known_faces/Angela/angela_boa_frontal.jpg,0.42823007105158395,1
/home/anitadonato/tcc/tcc/data/known_faces/Angela/20260602_192040.jpg,/home/anitadonato/tcc/tcc/data/known_faces/Angela/angela_extra_01.jpg,0.495757880624745,1
/home/anitadonato/tcc/tcc/data/known_faces/Angela/20260602_192040.jpg,/home/anitadonato/tcc/tcc/data/known_faces/Angela/angela_extra_02.jpg,0.49092620825180366,1
/home/anitadonato/tcc/tcc/data/known_faces/Angela/20260602_192040.jpg,/home/anitadonato/tcc/tcc/data/known_faces/Angela/angela_extra_03.jpg,0.48570960511363104,1
/home/anitadonato/tcc/tcc/data/known_faces/Angela/20260602_192040.jpg,/home/anitadonato/tcc/tcc/data/known_faces/Angela/angela_extra_04.jpg,0.5142997918048022,1
/home/anitadonato/tcc/tcc/data/known_faces/Angela/20260602_192040.jpg,/home/anitadonato/tcc/tcc/data/known_faces/Angela/angela_extra_05.jpg,0.6153826334538568,1
/home/anitadonato/tcc/tcc/data/known_faces/Angela/20260602_192040.jpg,/home/anitadonato/tcc/tcc/data/known_faces/Angela/angela_extra_06.jpg,0.4011971328955065,1
/home/anitadonato/tcc/tcc/data/known_faces/Angela/20260602_192040.jpg,/home/anitadonato/tcc/tcc/data/known_faces/Angela/angela_extra_07.jpg,0.3803609739563897,1
/home/anitadonato/tcc/tcc/data/known_faces/Angela/20260602_192040.jpg,/home/anitadonato/tcc/tcc/data/known_faces/Angela/angela_extra_08.jpg,0.47782051857609587,1
/home/anitadonato/tcc/tcc/data/known_faces/Angela/20260602_192040.jpg,/home/anitadonato/tcc/tcc/data/known_faces/Angela/angela_extra_09.jpg,0.40832116737913426,1
/home/anitadonato/tcc/tcc/data/known_faces/Angela/20260602_192040.jpg,/home/anitadonato/tcc/tcc/data/known_faces/Angela/angela_extra_10.jpg,0.5403875982212415,1
/home/anitadonato/tcc/tcc/data/known_faces/Angela/20260602_192040.jpg,/home/anitadonato/tcc/tcc/data/known_faces/Angela/angela_extra_11.jpg,0.39816002547057927,1
/home/anitadonato/tcc/tcc/data/known_faces/Angela/20260602_192040.jpg,/home/anitadonato/tcc/tcc/data/known_faces/Angela/angela_extra_12.jpg,0.35298886497898785,1
/home/anitadonato/tcc/tcc/data/known_faces/Angela/20260602_192040.jpg,/home/anitadonato/tcc/tcc/data/known_faces/Angela/angela_extra_13.jpg,0.3648145547329775,1
/home/anitadonato/tcc/tcc/data/known_faces/Angela/angela_baixa_45_esq.jpg,/home/anitadonato/tcc/tcc/data/known_faces/Angela/angela_baixa_frontal.jpg,0.19198793636741485,1
/home/anitadonato/tcc/tcc/data/known_faces/Angela/angela_baixa_45_esq.jpg,/home/anitadonato/tcc/tcc/data/known_faces/Angela/angela_boa_45_dir.jpg,0.2150612250645495,1
/home/anitadonato/tcc/tcc/data/known_faces/Angela/angela_baixa_45_esq.jpg,/home/anitadonato/tcc/tcc/data/known_faces/Angela/angela_boa_45_esq.jpg,0.28264896651423266,1
/home/anitadonato/tcc/tcc/data/known_faces/Angela/angela_baixa_45_esq.jpg,/home/anitadonato/tcc/tcc/data/known_faces/Angela/angela_boa_frontal.jpg,0.22942990336692648,1
/home/anitadonato/tcc/tcc/data/known_faces/Angela/angela_baixa_45_esq.jpg,/home/anitadonato/tcc/tcc/data/known_faces/Angela/angela_extra_01.jpg,0.28177532798316884,1
/home/anitadonato/tcc/tcc/data/known_faces/Angela/angela_baixa_45_esq.jpg,/home/anitadonato/tcc/tcc/data/known_faces/Angela/angela_extra_02.jpg,0.3374651405068799,1
/home/anitadonato/tcc/tcc/data/known_faces/Angela/angela_baixa_45_esq.jpg,/home/anitadonato/tcc/tcc/data/known_faces/Angela/angela_extra_03.jpg,0.3323006705789897,1
/home/anitadonato/tcc/tcc/data/known_faces/Angela/angela_baixa_45_esq.jpg,/home/anitadonato/tcc/tcc/data/known_faces/Angela/angela_extra_04.jpg,0.37753536506662033,1
/home/anitadonato/tcc/tcc/data/known_faces/Angela/angela_baixa_45_esq.jpg,/home/anitadonato/tcc/tcc/data/known_faces/Angela/angela_extra_05.jpg,0.5126927057229228,1
/home/anitadonato/tcc/tcc/data/known_faces/Angela/angela_baixa_45_esq.jpg,/home/anitadonato/tcc/tcc/data/known_faces/Angela/angela_extra_06.jpg,0.5690184742306776,1
/home/anitadonato/tcc/tcc/data/known_faces/Angela/angela_baixa_45_esq.jpg,/home/anitadonato/tcc/tcc/data/known_faces/Angela/angela_extra_07.jpg,0.5727775183176653,1
/home/anitadonato/tcc/tcc/data/known_faces/Angela/angela_baixa_45_esq.jpg,/home/anitadonato/tcc/tcc/data/known_faces/Angela/angela_extra_08.jpg,0.491021717205527,1
/home/anitadonato/tcc/tcc/data/known_faces/Angela/angela_baixa_45_esq.jpg,/home/anitadonato/tcc/tcc/data/known_faces/Angela/angela_extra_09.jpg,0.3749565170155611,1
/home/anitadonato/tcc/tcc/data/known_faces/Angela/angela_baixa_45_esq.jpg,/home/anitadonato/tcc/tcc/data/known_faces/Angela/angela_extra_10.jpg,0.44565621247223897,1
/home/anitadonato/tcc/tcc/data/known_faces/Angela/angela_baixa_45_esq.jpg,/home/anitadonato/tcc/tcc/data/known_faces/Angela/angela_extra_11.jpg,0.19558271767230684,1
/home/anitadonato/tcc/tcc/data/known_faces/Angela/angela_baixa_45_esq.jpg,/home/anitadonato/tcc/tcc/data/known_faces/Angela/angela_extra_12.jpg,0.1637069130741402,1
/home/anitadonato/tcc/tcc/data/known_faces/Angela/angela_baixa_45_esq.jpg,/home/anitadonato/tcc/tcc/data/known_faces/Angela/angela_extra_13.jpg,0.3842328414859837,1
/home/anitadonato/tcc/tcc/data/known_faces/Angela/angela_baixa_frontal.jpg,/home/anitadonato/tcc/tcc/data/known_faces/Angela/angela_boa_45_dir.jpg,0.2991585655894673,1
/home/anitadonato/tcc/tcc/data/known_faces/Angela/angela_baixa_frontal.jpg,/home/anitadonato/tcc/tcc/data/known_faces/Angela/angela_boa_45_esq.jpg,0.3475354954217915,1
/home/anitadonato/tcc/tcc/data/known_faces/Angela/angela_baixa_frontal.jpg,/home/anitadonato/tcc/tcc/data/known_faces/Angela/angela_boa_frontal.jpg,0.2473206015151651,1
/home/anitadonato/tcc/tcc/data/known_faces/Angela/angela_baixa_frontal.jpg,/home/anitadonato/tcc/tcc/data/known_faces/Angela/angela_extra_01.jpg,0.18222579942549644,1
/home/anitadonato/tcc/tcc/data/known_faces/Angela/angela_baixa_frontal.jpg,/home/anitadonato/tcc/tcc/data/known_faces/Angela/angela_extra_02.jpg,0.23691007101770312,1
/home/anitadonato/tcc/tcc/data/known_faces/Angela/angela_baixa_frontal.jpg,/home/anitadonato/tcc/tcc/data/known_faces/Angela/angela_extra_03.jpg,0.23031005405326987,1
/home/anitadonato/tcc/tcc/data/known_faces/Angela/angela_baixa_frontal.jpg,/home/anitadonato/tcc/tcc/data/known_faces/Angela/angela_extra_04.jpg,0.3528431107570803,1
/home/anitadonato/tcc/tcc/data/known_faces/Angela/angela_baixa_frontal.jpg,/home/anitadonato/tcc/tcc/data/known_faces/Angela/angela_extra_05.jpg,0.42770399385923097,1
/home/anitadonato/tcc/tcc/data/known_faces/Angela/angela_baixa_frontal.jpg,/home/anitadonato/tcc/tcc/data/known_faces/Angela/angela_extra_06.jpg,0.4831832932537816,1
/home/anitadonato/tcc/tcc/data/known_faces/Angela/angela_baixa_frontal.jpg,/home/anitadonato/tcc/tcc/data/known_faces/Angela/angela_extra_07.jpg,0.5144661661123064,1
/home/anitadonato/tcc/tcc/data/known_faces/Angela/angela_baixa_frontal.jpg,/home/anitadonato/tcc/tcc/data/known_faces/Angela/angela_extra_08.jpg,0.3488863147267427,1
/home/anitadonato/tcc/tcc/data/known_faces/Angela/angela_baixa_frontal.jpg,/home/anitadonato/tcc/tcc/data/known_faces/Angela/angela_extra_09.jpg,0.2818452705351485,1
/home/anitadonato/tcc/tcc/data/known_faces/Angela/angela_baixa_frontal.jpg,/home/anitadonato/tcc/tcc/data/known_faces/Angela/angela_extra_10.jpg,0.3136842728252036,1
/home/anitadonato/tcc/tcc/data/known_faces/Angela/angela_baixa_frontal.jpg,/home/anitadonato/tcc/tcc/data/known_faces/Angela/angela_extra_11.jpg,0.08110841887810372,1
/home/anitadonato/tcc/tcc/data/known_faces/Angela/angela_baixa_frontal.jpg,/home/anitadonato/tcc/tcc/data/known_faces/Angela/angela_extra_12.jpg,0.0952976257862288,1
/home/anitadonato/tcc/tcc/data/known_faces/Angela/angela_baixa_frontal.jpg,/home/anitadonato/tcc/tcc/data/known_faces/Angela/angela_extra_13.jpg,0.3614414967442303,1
/home/anitadonato/tcc/tcc/data/known_faces/Angela/angela_boa_45_dir.jpg,/home/anitadonato/tcc/tcc/data/known_faces/Angela/angela_boa_45_esq.jpg,0.35914894676127274,1
/home/anitadonato/tcc/tcc/data/known_faces/Angela/angela_boa_45_dir.jpg,/home/anitadonato/tcc/tcc/data/known_faces/Angela/angela_boa_frontal.jpg,0.12734421541443808,1
/home/anitadonato/tcc/tcc/data/known_faces/Angela/angela_boa_45_dir.jpg,/home/anitadonato/tcc/tcc/data/known_faces/Angela/angela_extra_01.jpg,0.37955252055978006,1
/home/anitadonato/tcc/tcc/data/known_faces/Angela/angela_boa_45_dir.jpg,/home/anitadonato/tcc/tcc/data/known_faces/Angela/angela_extra_02.jpg,0.3546877030628879,1
/home/anitadonato/tcc/tcc/data/known_faces/Angela/angela_boa_45_dir.jpg,/home/anitadonato/tcc/tcc/data/known_faces/Angela/angela_extra_03.jpg,0.34361154672367256,1
/home/anitadonato/tcc/tcc/data/known_faces/Angela/angela_boa_45_dir.jpg,/home/anitadonato/tcc/tcc/data/known_faces/Angela/angela_extra_04.jpg,0.3375362918131303,1
/home/anitadonato/tcc/tcc/data/known_faces/Angela/angela_boa_45_dir.jpg,/home/anitadonato/tcc/tcc/data/known_faces/Angela/angela_extra_05.jpg,0.4941024409076873,1
/home/anitadonato/tcc/tcc/data/known_faces/Angela/angela_boa_45_dir.jpg,/home/anitadonato/tcc/tcc/data/known_faces/Angela/angela_extra_06.jpg,0.5676339678068478,1
/home/anitadonato/tcc/tcc/data/known_faces/Angela/angela_boa_45_dir.jpg,/home/anitadonato/tcc/tcc/data/known_faces/Angela/angela_extra_07.jpg,0.5888340510079693,1
/home/anitadonato/tcc/tcc/data/known_faces/Angela/angela_boa_45_dir.jpg,/home/anitadonato/tcc/tcc/data/known_faces/Angela/angela_extra_08.jpg,0.4825840254622218,1
/home/anitadonato/tcc/tcc/data/known_faces/Angela/angela_boa_45_dir.jpg,/home/anitadonato/tcc/tcc/data/known_faces/Angela/angela_extra_09.jpg,0.41242035105507324,1
/home/anitadonato/tcc/tcc/data/known_faces/Angela/angela_boa_45_dir.jpg,/home/anitadonato/tcc/tcc/data/known_faces/Angela/angela_extra_10.jpg,0.44686518236472983,1
/home/anitadonato/tcc/tcc/data/known_faces/Angela/angela_boa_45_dir.jpg,/home/anitadonato/tcc/tcc/data/known_faces/Angela/angela_extra_11.jpg,0.28235233763841705,1
/home/anitadonato/tcc/tcc/data/known_faces/Angela/angela_boa_45_dir.jpg,/home/anitadonato/tcc/tcc/data/known_faces/Angela/angela_extra_12.jpg,0.3250285802724333,1
/home/anitadonato/tcc/tcc/data/known_faces/Angela/angela_boa_45_dir.jpg,/home/anitadonato/tcc/tcc/data/known_faces/Angela/angela_extra_13.jpg,0.3517823659211158,1
/home/anitadonato/tcc/tcc/data/known_faces/Angela/angela_boa_45_esq.jpg,/home/anitadonato/tcc/tcc/data/known_faces/Angela/angela_boa_frontal.jpg,0.305769087541395,1
/home/anitadonato/tcc/tcc/data/known_faces/Angela/angela_boa_45_esq.jpg,/home/anitadonato/tcc/tcc/data/known_faces/Angela/angela_extra_01.jpg,0.38144130469683524,1
/home/anitadonato/tcc/tcc/data/known_faces/Angela/angela_boa_45_esq.jpg,/home/anitadonato/tcc/tcc/data/known_faces/Angela/angela_extra_02.jpg,0.45402677343224573,1
/home/anitadonato/tcc/tcc/data/known_faces/Angela/angela_boa_45_esq.jpg,/home/anitadonato/tcc/tcc/data/known_faces/Angela/angela_extra_03.jpg,0.4501196495022084,1
/home/anitadonato/tcc/tcc/data/known_faces/Angela/angela_boa_45_esq.jpg,/home/anitadonato/tcc/tcc/data/known_faces/Angela/angela_extra_04.jpg,0.4831015866251247,1
/home/anitadonato/tcc/tcc/data/known_faces/Angela/angela_boa_45_esq.jpg,/home/anitadonato/tcc/tcc/data/known_faces/Angela/angela_extra_05.jpg,0.43762100834816775,1
/home/anitadonato/tcc/tcc/data/known_faces/Angela/angela_boa_45_esq.jpg,/home/anitadonato/tcc/tcc/data/known_faces/Angela/angela_extra_06.jpg,0.5966156156392972,1
/home/anitadonato/tcc/tcc/data/known_faces/Angela/angela_boa_45_esq.jpg,/home/anitadonato/tcc/tcc/data/known_faces/Angela/angela_extra_07.jpg,0.6181242287998994,1
/home/anitadonato/tcc/tcc/data/known_faces/Angela/angela_boa_45_esq.jpg,/home/anitadonato/tcc/tcc/data/known_faces/Angela/angela_extra_08.jpg,0.517255128191392,1
/home/anitadonato/tcc/tcc/data/known_faces/Angela/angela_boa_45_esq.jpg,/home/anitadonato/tcc/tcc/data/known_faces/Angela/angela_extra_09.jpg,0.4272599083151317,1
/home/anitadonato/tcc/tcc/data/known_faces/Angela/angela_boa_45_esq.jpg,/home/anitadonato/tcc/tcc/data/known_faces/Angela/angela_extra_10.jpg,0.38392395350555175,1
/home/anitadonato/tcc/tcc/data/known_faces/Angela/angela_boa_45_esq.jpg,/home/anitadonato/tcc/tcc/data/known_faces/Angela/angela_extra_11.jpg,0.3644969348991599,1
/home/anitadonato/tcc/tcc/data/known_faces/Angela/angela_boa_45_esq.jpg,/home/anitadonato/tcc/tcc/data/known_faces/Angela/angela_extra_12.jpg,0.30806706153220087,1
/home/anitadonato/tcc/tcc/data/known_faces/Angela/angela_boa_45_esq.jpg,/home/anitadonato/tcc/tcc/data/known_faces/Angela/angela_extra_13.jpg,0.30688380129763604,1
/home/anitadonato/tcc/tcc/data/known_faces/Angela/angela_boa_frontal.jpg,/home/anitadonato/tcc/tcc/data/known_faces/Angela/angela_extra_01.jpg,0.3160512513764272,1
/home/anitadonato/tcc/tcc/data/known_faces/Angela/angela_boa_frontal.jpg,/home/anitadonato/tcc/tcc/data/known_faces/Angela/angela_extra_02.jpg,0.35101774288555676,1
/home/anitadonato/tcc/tcc/data/known_faces/Angela/angela_boa_frontal.jpg,/home/anitadonato/tcc/tcc/data/known_faces/Angela/angela_extra_03.jpg,0.3331606370985899,1
/home/anitadonato/tcc/tcc/data/known_faces/Angela/angela_boa_frontal.jpg,/home/anitadonato/tcc/tcc/data/known_faces/Angela/angela_extra_04.jpg,0.41673637771002303,1
/home/anitadonato/tcc/tcc/data/known_faces/Angela/angela_boa_frontal.jpg,/home/anitadonato/tcc/tcc/data/known_faces/Angela/angela_extra_05.jpg,0.4458980359529582,1
/home/anitadonato/tcc/tcc/data/known_faces/Angela/angela_boa_frontal.jpg,/home/anitadonato/tcc/tcc/data/known_faces/Angela/angela_extra_06.jpg,0.6300519374879676,1
/home/anitadonato/tcc/tcc/data/known_faces/Angela/angela_boa_frontal.jpg,/home/anitadonato/tcc/tcc/data/known_faces/Angela/angela_extra_07.jpg,0.6605098982341111,1
/home/anitadonato/tcc/tcc/data/known_faces/Angela/angela_boa_frontal.jpg,/home/anitadonato/tcc/tcc/data/known_faces/Angela/angela_extra_08.jpg,0.5093386671132233,1
/home/anitadonato/tcc/tcc/data/known_faces/Angela/angela_boa_frontal.jpg,/home/anitadonato/tcc/tcc/data/known_faces/Angela/angela_extra_09.jpg,0.44431682190899646,1
/home/anitadonato/tcc/tcc/data/known_faces/Angela/angela_boa_frontal.jpg,/home/anitadonato/tcc/tcc/data/known_faces/Angela/angela_extra_10.jpg,0.3850216148060376,1
/home/anitadonato/tcc/tcc/data/known_faces/Angela/angela_boa_frontal.jpg,/home/anitadonato/tcc/tcc/data/known_faces/Angela/angela_extra_11.jpg,0.2697171577483093,1
/home/anitadonato/tcc/tcc/data/known_faces/Angela/angela_boa_frontal.jpg,/home/anitadonato/tcc/tcc/data/known_faces/Angela/angela_extra_12.jpg,0.2876511946624084,1
/home/anitadonato/tcc/tcc/data/known_faces/Angela/angela_boa_frontal.jpg,/home/anitadonato/tcc/tcc/data/known_faces/Angela/angela_extra_13.jpg,0.25473848532935206,1
/home/anitadonato/tcc/tcc/data/known_faces/Angela/angela_extra_01.jpg,/home/anitadonato/tcc/tcc/data/known_faces/Angela/angela_extra_02.jpg,0.15820765460038066,1
/home/anitadonato/tcc/tcc/data/known_faces/Angela/angela_extra_01.jpg,/home/anitadonato/tcc/tcc/data/known_faces/Angela/angela_extra_03.jpg,0.15672476203058672,1
/home/anitadonato/tcc/tcc/data/known_faces/Angela/angela_extra_01.jpg,/home/anitadonato/tcc/tcc/data/known_faces/Angela/angela_extra_04.jpg,0.2790276560618764,1
/home/anitadonato/tcc/tcc/data/known_faces/Angela/angela_extra_01.jpg,/home/anitadonato/tcc/tcc/data/known_faces/Angela/angela_extra_05.jpg,0.27506988286755085,1
/home/anitadonato/tcc/tcc/data/known_faces/Angela/angela_extra_01.jpg,/home/anitadonato/tcc/tcc/data/known_faces/Angela/angela_extra_06.jpg,0.433526002200863,1
/home/anitadonato/tcc/tcc/data/known_faces/Angela/angela_extra_01.jpg,/home/anitadonato/tcc/tcc/data/known_faces/Angela/angela_extra_07.jpg,0.487425576614113,1
/home/anitadonato/tcc/tcc/data/known_faces/Angela/angela_extra_01.jpg,/home/anitadonato/tcc/tcc/data/known_faces/Angela/angela_extra_08.jpg,0.2804185398669755,1
/home/anitadonato/tcc/tcc/data/known_faces/Angela/angela_extra_01.jpg,/home/anitadonato/tcc/tcc/data/known_faces/Angela/angela_extra_09.jpg,0.23769556080091525,1
/home/anitadonato/tcc/tcc/data/known_faces/Angela/angela_extra_01.jpg,/home/anitadonato/tcc/tcc/data/known_faces/Angela/angela_extra_10.jpg,0.3468895241840947,1
/home/anitadonato/tcc/tcc/data/known_faces/Angela/angela_extra_01.jpg,/home/anitadonato/tcc/tcc/data/known_faces/Angela/angela_extra_11.jpg,0.23160181823483472,1
/home/anitadonato/tcc/tcc/data/known_faces/Angela/angela_extra_01.jpg,/home/anitadonato/tcc/tcc/data/known_faces/Angela/angela_extra_12.jpg,0.2668421016725707,1
/home/anitadonato/tcc/tcc/data/known_faces/Angela/angela_extra_01.jpg,/home/anitadonato/tcc/tcc/data/known_faces/Angela/angela_extra_13.jpg,0.40627566444809127,1
/home/anitadonato/tcc/tcc/data/known_faces/Angela/angela_extra_02.jpg,/home/anitadonato/tcc/tcc/data/known_faces/Angela/angela_extra_03.jpg,0.011488499947105546,1
/home/anitadonato/tcc/tcc/data/known_faces/Angela/angela_extra_02.jpg,/home/anitadonato/tcc/tcc/data/known_faces/Angela/angela_extra_04.jpg,0.1341654827065063,1
/home/anitadonato/tcc/tcc/data/known_faces/Angela/angela_extra_02.jpg,/home/anitadonato/tcc/tcc/data/known_faces/Angela/angela_extra_05.jpg,0.2294393078986865,1
/home/anitadonato/tcc/tcc/data/known_faces/Angela/angela_extra_02.jpg,/home/anitadonato/tcc/tcc/data/known_faces/Angela/angela_extra_06.jpg,0.42638589353127465,1
/home/anitadonato/tcc/tcc/data/known_faces/Angela/angela_extra_02.jpg,/home/anitadonato/tcc/tcc/data/known_faces/Angela/angela_extra_07.jpg,0.469041678289948,1
/home/anitadonato/tcc/tcc/data/known_faces/Angela/angela_extra_02.jpg,/home/anitadonato/tcc/tcc/data/known_faces/Angela/angela_extra_08.jpg,0.22981598842675244,1
/home/anitadonato/tcc/tcc/data/known_faces/Angela/angela_extra_02.jpg,/home/anitadonato/tcc/tcc/data/known_faces/Angela/angela_extra_09.jpg,0.23878808799215978,1
/home/anitadonato/tcc/tcc/data/known_faces/Angela/angela_extra_02.jpg,/home/anitadonato/tcc/tcc/data/known_faces/Angela/angela_extra_10.jpg,0.24717945430999022,1
/home/anitadonato/tcc/tcc/data/known_faces/Angela/angela_extra_02.jpg,/home/anitadonato/tcc/tcc/data/known_faces/Angela/angela_extra_11.jpg,0.21736147654107318,1
/home/anitadonato/tcc/tcc/data/known_faces/Angela/angela_extra_02.jpg,/home/anitadonato/tcc/tcc/data/known_faces/Angela/angela_extra_12.jpg,0.25251204695246954,1
/home/anitadonato/tcc/tcc/data/known_faces/Angela/angela_extra_02.jpg,/home/anitadonato/tcc/tcc/data/known_faces/Angela/angela_extra_13.jpg,0.42903030657764685,1
/home/anitadonato/tcc/tcc/data/known_faces/Angela/angela_extra_03.jpg,/home/anitadonato/tcc/tcc/data/known_faces/Angela/angela_extra_04.jpg,0.14791714427597924,1
/home/anitadonato/tcc/tcc/data/known_faces/Angela/angela_extra_03.jpg,/home/anitadonato/tcc/tcc/data/known_faces/Angela/angela_extra_05.jpg,0.2446850910036683,1
/home/anitadonato/tcc/tcc/data/known_faces/Angela/angela_extra_03.jpg,/home/anitadonato/tcc/tcc/data/known_faces/Angela/angela_extra_06.jpg,0.4454025610834965,1
/home/anitadonato/tcc/tcc/data/known_faces/Angela/angela_extra_03.jpg,/home/anitadonato/tcc/tcc/data/known_faces/Angela/angela_extra_07.jpg,0.4833258068966272,1
/home/anitadonato/tcc/tcc/data/known_faces/Angela/angela_extra_03.jpg,/home/anitadonato/tcc/tcc/data/known_faces/Angela/angela_extra_08.jpg,0.24802783895518477,1
/home/anitadonato/tcc/tcc/data/known_faces/Angela/angela_extra_03.jpg,/home/anitadonato/tcc/tcc/data/known_faces/Angela/angela_extra_09.jpg,0.23603330386339438,1
/home/anitadonato/tcc/tcc/data/known_faces/Angela/angela_extra_03.jpg,/home/anitadonato/tcc/tcc/data/known_faces/Angela/angela_extra_10.jpg,0.23189380255851222,1
/home/anitadonato/tcc/tcc/data/known_faces/Angela/angela_extra_03.jpg,/home/anitadonato/tcc/tcc/data/known_faces/Angela/angela_extra_11.jpg,0.20709361381912317,1
/home/anitadonato/tcc/tcc/data/known_faces/Angela/angela_extra_03.jpg,/home/anitadonato/tcc/tcc/data/known_faces/Angela/angela_extra_12.jpg,0.24303418428251988,1
/home/anitadonato/tcc/tcc/data/known_faces/Angela/angela_extra_03.jpg,/home/anitadonato/tcc/tcc/data/known_faces/Angela/angela_extra_13.jpg,0.42478069048158074,1
/home/anitadonato/tcc/tcc/data/known_faces/Angela/angela_extra_04.jpg,/home/anitadonato/tcc/tcc/data/known_faces/Angela/angela_extra_05.jpg,0.2784305755764044,1
/home/anitadonato/tcc/tcc/data/known_faces/Angela/angela_extra_04.jpg,/home/anitadonato/tcc/tcc/data/known_faces/Angela/angela_extra_06.jpg,0.3997097079687585,1
/home/anitadonato/tcc/tcc/data/known_faces/Angela/angela_extra_04.jpg,/home/anitadonato/tcc/tcc/data/known_faces/Angela/angela_extra_07.jpg,0.45023446968013947,1
/home/anitadonato/tcc/tcc/data/known_faces/Angela/angela_extra_04.jpg,/home/anitadonato/tcc/tcc/data/known_faces/Angela/angela_extra_08.jpg,0.26600739974771603,1
/home/anitadonato/tcc/tcc/data/known_faces/Angela/angela_extra_04.jpg,/home/anitadonato/tcc/tcc/data/known_faces/Angela/angela_extra_09.jpg,0.2640308783089318,1
/home/anitadonato/tcc/tcc/data/known_faces/Angela/angela_extra_04.jpg,/home/anitadonato/tcc/tcc/data/known_faces/Angela/angela_extra_10.jpg,0.35161593370724287,1
/home/anitadonato/tcc/tcc/data/known_faces/Angela/angela_extra_04.jpg,/home/anitadonato/tcc/tcc/data/known_faces/Angela/angela_extra_11.jpg,0.3288595022658507,1
/home/anitadonato/tcc/tcc/data/known_faces/Angela/angela_extra_04.jpg,/home/anitadonato/tcc/tcc/data/known_faces/Angela/angela_extra_12.jpg,0.353360221501247,1
/home/anitadonato/tcc/tcc/data/known_faces/Angela/angela_extra_04.jpg,/home/anitadonato/tcc/tcc/data/known_faces/Angela/angela_extra_13.jpg,0.46652979004975903,1
/home/anitadonato/tcc/tcc/data/known_faces/Angela/angela_extra_05.jpg,/home/anitadonato/tcc/tcc/data/known_faces/Angela/angela_extra_06.jpg,0.47439509101880495,1
/home/anitadonato/tcc/tcc/data/known_faces/Angela/angela_extra_05.jpg,/home/anitadonato/tcc/tcc/data/known_faces/Angela/angela_extra_07.jpg,0.5550294577496246,1
/home/anitadonato/tcc/tcc/data/known_faces/Angela/angela_extra_05.jpg,/home/anitadonato/tcc/tcc/data/known_faces/Angela/angela_extra_08.jpg,0.31206657110640623,1
/home/anitadonato/tcc/tcc/data/known_faces/Angela/angela_extra_05.jpg,/home/anitadonato/tcc/tcc/data/known_faces/Angela/angela_extra_09.jpg,0.35458707347132046,1
/home/anitadonato/tcc/tcc/data/known_faces/Angela/angela_extra_05.jpg,/home/anitadonato/tcc/tcc/data/known_faces/Angela/angela_extra_10.jpg,0.218792746338338,1
/home/anitadonato/tcc/tcc/data/known_faces/Angela/angela_extra_05.jpg,/home/anitadonato/tcc/tcc/data/known_faces/Angela/angela_extra_11.jpg,0.42139769484892775,1
/home/anitadonato/tcc/tcc/data/known_faces/Angela/angela_extra_05.jpg,/home/anitadonato/tcc/tcc/data/known_faces/Angela/angela_extra_12.jpg,0.45188749508796067,1
/home/anitadonato/tcc/tcc/data/known_faces/Angela/angela_extra_05.jpg,/home/anitadonato/tcc/tcc/data/known_faces/Angela/angela_extra_13.jpg,0.4163541972315066,1
/home/anitadonato/tcc/tcc/data/known_faces/Angela/angela_extra_06.jpg,/home/anitadonato/tcc/tcc/data/known_faces/Angela/angela_extra_07.jpg,0.04493458140673068,1
/home/anitadonato/tcc/tcc/data/known_faces/Angela/angela_extra_06.jpg,/home/anitadonato/tcc/tcc/data/known_faces/Angela/angela_extra_08.jpg,0.24331264357360483,1
/home/anitadonato/tcc/tcc/data/known_faces/Angela/angela_extra_06.jpg,/home/anitadonato/tcc/tcc/data/known_faces/Angela/angela_extra_09.jpg,0.2780782478942809,1
/home/anitadonato/tcc/tcc/data/known_faces/Angela/angela_extra_06.jpg,/home/anitadonato/tcc/tcc/data/known_faces/Angela/angela_extra_10.jpg,0.5970871532155059,1
/home/anitadonato/tcc/tcc/data/known_faces/Angela/angela_extra_06.jpg,/home/anitadonato/tcc/tcc/data/known_faces/Angela/angela_extra_11.jpg,0.5177782869101829,1
/home/anitadonato/tcc/tcc/data/known_faces/Angela/angela_extra_06.jpg,/home/anitadonato/tcc/tcc/data/known_faces/Angela/angela_extra_12.jpg,0.5224785230891886,1
/home/anitadonato/tcc/tcc/data/known_faces/Angela/angela_extra_06.jpg,/home/anitadonato/tcc/tcc/data/known_faces/Angela/angela_extra_13.jpg,0.5203173423121878,1
/home/anitadonato/tcc/tcc/data/known_faces/Angela/angela_extra_07.jpg,/home/anitadonato/tcc/tcc/data/known_faces/Angela/angela_extra_08.jpg,0.32243901149011633,1
/home/anitadonato/tcc/tcc/data/known_faces/Angela/angela_extra_07.jpg,/home/anitadonato/tcc/tcc/data/known_faces/Angela/angela_extra_09.jpg,0.31980730911880073,1
/home/anitadonato/tcc/tcc/data/known_faces/Angela/angela_extra_07.jpg,/home/anitadonato/tcc/tcc/data/known_faces/Angela/angela_extra_10.jpg,0.632361983380954,1
/home/anitadonato/tcc/tcc/data/known_faces/Angela/angela_extra_07.jpg,/home/anitadonato/tcc/tcc/data/known_faces/Angela/angela_extra_11.jpg,0.5281338237664003,1
/home/anitadonato/tcc/tcc/data/known_faces/Angela/angela_extra_07.jpg,/home/anitadonato/tcc/tcc/data/known_faces/Angela/angela_extra_12.jpg,0.5221966601393225,1
/home/anitadonato/tcc/tcc/data/known_faces/Angela/angela_extra_07.jpg,/home/anitadonato/tcc/tcc/data/known_faces/Angela/angela_extra_13.jpg,0.5571076587140287,1
/home/anitadonato/tcc/tcc/data/known_faces/Angela/angela_extra_08.jpg,/home/anitadonato/tcc/tcc/data/known_faces/Angela/angela_extra_09.jpg,0.12656339187865895,1
/home/anitadonato/tcc/tcc/data/known_faces/Angela/angela_extra_08.jpg,/home/anitadonato/tcc/tcc/data/known_faces/Angela/angela_extra_10.jpg,0.36746206351451893,1
/home/anitadonato/tcc/tcc/data/known_faces/Angela/angela_extra_08.jpg,/home/anitadonato/tcc/tcc/data/known_faces/Angela/angela_extra_11.jpg,0.3683460185368471,1
/home/anitadonato/tcc/tcc/data/known_faces/Angela/angela_extra_08.jpg,/home/anitadonato/tcc/tcc/data/known_faces/Angela/angela_extra_12.jpg,0.4253636258080016,1
/home/anitadonato/tcc/tcc/data/known_faces/Angela/angela_extra_08.jpg,/home/anitadonato/tcc/tcc/data/known_faces/Angela/angela_extra_13.jpg,0.5043909456777083,1
/home/anitadonato/tcc/tcc/data/known_faces/Angela/angela_extra_09.jpg,/home/anitadonato/tcc/tcc/data/known_faces/Angela/angela_extra_10.jpg,0.37919197752372624,1
/home/anitadonato/tcc/tcc/data/known_faces/Angela/angela_extra_09.jpg,/home/anitadonato/tcc/tcc/data/known_faces/Angela/angela_extra_11.jpg,0.3111233577317941,1
/home/anitadonato/tcc/tcc/data/known_faces/Angela/angela_extra_09.jpg,/home/anitadonato/tcc/tcc/data/known_faces/Angela/angela_extra_12.jpg,0.3258760933761339,1
/home/anitadonato/tcc/tcc/data/known_faces/Angela/angela_extra_09.jpg,/home/anitadonato/tcc/tcc/data/known_faces/Angela/angela_extra_13.jpg,0.4883663915022407,1
/home/anitadonato/tcc/tcc/data/known_faces/Angela/angela_extra_10.jpg,/home/anitadonato/tcc/tcc/data/known_faces/Angela/angela_extra_11.jpg,0.26320379976956965,1
/home/anitadonato/tcc/tcc/data/known_faces/Angela/angela_extra_10.jpg,/home/anitadonato/tcc/tcc/data/known_faces/Angela/angela_extra_12.jpg,0.29163993551023937,1
/home/anitadonato/tcc/tcc/data/known_faces/Angela/angela_extra_10.jpg,/home/anitadonato/tcc/tcc/data/known_faces/Angela/angela_extra_13.jpg,0.44542200364946194,1
/home/anitadonato/tcc/tcc/data/known_faces/Angela/angela_extra_11.jpg,/home/anitadonato/tcc/tcc/data/known_faces/Angela/angela_extra_12.jpg,0.11388226604095064,1
/home/anitadonato/tcc/tcc/data/known_faces/Angela/angela_extra_11.jpg,/home/anitadonato/tcc/tcc/data/known_faces/Angela/angela_extra_13.jpg,0.41676147059814705,1
/home/anitadonato/tcc/tcc/data/known_faces/Angela/angela_extra_12.jpg,/home/anitadonato/tcc/tcc/data/known_faces/Angela/angela_extra_13.jpg,0.3782522170016892,1
/home/anitadonato/tcc/tcc/data/known_faces/BIA/bia_baixa_45_1m.jpeg,/home/anitadonato/tcc/tcc/data/known_faces/BIA/bia_baixa_45_30cm.jpeg,0.10167413001498626,1
/home/anitadonato/tcc/tcc/data/known_faces/BIA/bia_baixa_45_1m.jpeg,/home/anitadonato/tcc/tcc/data/known_faces/BIA/bia_baixa_frontal_1m.jpeg,0.447904673005841,1
/home/anitadonato/tcc/tcc/data/known_faces/BIA/bia_baixa_45_1m.jpeg,/home/anitadonato/tcc/tcc/data/known_faces/BIA/bia_baixa_frontal_30cm.jpeg,0.4534266608393561,1
/home/anitadonato/tcc/tcc/data/known_faces/BIA/bia_baixa_45_1m.jpeg,/home/anitadonato/tcc/tcc/data/known_faces/BIA/bia_boa_45_1m..jpeg,0.5257286816669124,1
/home/anitadonato/tcc/tcc/data/known_faces/BIA/bia_baixa_45_1m.jpeg,/home/anitadonato/tcc/tcc/data/known_faces/BIA/bia_boa_45_30cm.jpeg,0.5316954411716659,1
/home/anitadonato/tcc/tcc/data/known_faces/BIA/bia_baixa_45_1m.jpeg,/home/anitadonato/tcc/tcc/data/known_faces/BIA/bia_boa_frontal_1m..jpeg,0.5485226756054966,1
/home/anitadonato/tcc/tcc/data/known_faces/BIA/bia_baixa_45_1m.jpeg,/home/anitadonato/tcc/tcc/data/known_faces/BIA/bia_boa_frontal_30cm..jpeg,0.5607228504046755,1
/home/anitadonato/tcc/tcc/data/known_faces/BIA/bia_baixa_45_1m.jpeg,/home/anitadonato/tcc/tcc/data/known_faces/BIA/bia_extra_01.jpeg,0.6228412762586453,1
/home/anitadonato/tcc/tcc/data/known_faces/BIA/bia_baixa_45_1m.jpeg,/home/anitadonato/tcc/tcc/data/known_faces/BIA/bia_extra_02.jpeg,0.5714288897844182,1
/home/anitadonato/tcc/tcc/data/known_faces/BIA/bia_baixa_45_1m.jpeg,/home/anitadonato/tcc/tcc/data/known_faces/BIA/bia_extra_03.jpeg,0.5572975476391928,1
/home/anitadonato/tcc/tcc/data/known_faces/BIA/bia_baixa_45_1m.jpeg,/home/anitadonato/tcc/tcc/data/known_faces/BIA/bia_extra_04.jpeg,0.5442569322015078,1
/home/anitadonato/tcc/tcc/data/known_faces/BIA/bia_baixa_45_1m.jpeg,/home/anitadonato/tcc/tcc/data/known_faces/BIA/bia_extra_05.jpeg,0.5029477246108545,1
/home/anitadonato/tcc/tcc/data/known_faces/BIA/bia_baixa_45_1m.jpeg,/home/anitadonato/tcc/tcc/data/known_faces/BIA/bia_extra_06.jpeg,0.5678591251154881,1
/home/anitadonato/tcc/tcc/data/known_faces/BIA/bia_baixa_45_1m.jpeg,/home/anitadonato/tcc/tcc/data/known_faces/BIA/bia_extra_07.jpeg,0.5514853206176015,1
/home/anitadonato/tcc/tcc/data/known_faces/BIA/bia_baixa_45_1m.jpeg,/home/anitadonato/tcc/tcc/data/known_faces/BIA/bia_extra_08.jpeg,0.6791033968354341,1
/home/anitadonato/tcc/tcc/data/known_faces/BIA/bia_baixa_45_1m.jpeg,/home/anitadonato/tcc/tcc/data/known_faces/BIA/bia_moderada_45_1m.jpeg,0.5350817069222974,1
/home/anitadonato/tcc/tcc/data/known_faces/BIA/bia_baixa_45_1m.jpeg,/home/anitadonato/tcc/tcc/data/known_faces/BIA/bia_moderada_45_30cm.jpeg,0.4786560218521627,1
/home/anitadonato/tcc/tcc/data/known_faces/BIA/bia_baixa_45_1m.jpeg,/home/anitadonato/tcc/tcc/data/known_faces/BIA/bia_moderada_frontal_1m.jpeg,0.5267266924583397,1
/home/anitadonato/tcc/tcc/data/known_faces/BIA/bia_baixa_45_1m.jpeg,/home/anitadonato/tcc/tcc/data/known_faces/BIA/bia_moderada_frontal_30cm.jpeg,0.5484175331399894,1
/home/anitadonato/tcc/tcc/data/known_faces/BIA/bia_baixa_45_30cm.jpeg,/home/anitadonato/tcc/tcc/data/known_faces/BIA/bia_baixa_frontal_1m.jpeg,0.48365509454635414,1
/home/anitadonato/tcc/tcc/data/known_faces/BIA/bia_baixa_45_30cm.jpeg,/home/anitadonato/tcc/tcc/data/known_faces/BIA/bia_baixa_frontal_30cm.jpeg,0.4840125952115524,1
/home/anitadonato/tcc/tcc/data/known_faces/BIA/bia_baixa_45_30cm.jpeg,/home/anitadonato/tcc/tcc/data/known_faces/BIA/bia_boa_45_1m..jpeg,0.5596405055088081,1
/home/anitadonato/tcc/tcc/data/known_faces/BIA/bia_baixa_45_30cm.jpeg,/home/anitadonato/tcc/tcc/data/known_faces/BIA/bia_boa_45_30cm.jpeg,0.5708027691997641,1
/home/anitadonato/tcc/tcc/data/known_faces/BIA/bia_baixa_45_30cm.jpeg,/home/anitadonato/tcc/tcc/data/known_faces/BIA/bia_boa_frontal_1m..jpeg,0.5536113825998292,1
/home/anitadonato/tcc/tcc/data/known_faces/BIA/bia_baixa_45_30cm.jpeg,/home/anitadonato/tcc/tcc/data/known_faces/BIA/bia_boa_frontal_30cm..jpeg,0.5696488511788282,1
/home/anitadonato/tcc/tcc/data/known_faces/BIA/bia_baixa_45_30cm.jpeg,/home/anitadonato/tcc/tcc/data/known_faces/BIA/bia_extra_01.jpeg,0.6785065585013176,1
/home/anitadonato/tcc/tcc/data/known_faces/BIA/bia_baixa_45_30cm.jpeg,/home/anitadonato/tcc/tcc/data/known_faces/BIA/bia_extra_02.jpeg,0.5789556701060323,1
/home/anitadonato/tcc/tcc/data/known_faces/BIA/bia_baixa_45_30cm.jpeg,/home/anitadonato/tcc/tcc/data/known_faces/BIA/bia_extra_03.jpeg,0.5945153492976925,1
/home/anitadonato/tcc/tcc/data/known_faces/BIA/bia_baixa_45_30cm.jpeg,/home/anitadonato/tcc/tcc/data/known_faces/BIA/bia_extra_04.jpeg,0.5572893146176328,1
/home/anitadonato/tcc/tcc/data/known_faces/BIA/bia_baixa_45_30cm.jpeg,/home/anitadonato/tcc/tcc/data/known_faces/BIA/bia_extra_05.jpeg,0.5228035250735528,1
/home/anitadonato/tcc/tcc/data/known_faces/BIA/bia_baixa_45_30cm.jpeg,/home/anitadonato/tcc/tcc/data/known_faces/BIA/bia_extra_06.jpeg,0.5567850993494707,1
/home/anitadonato/tcc/tcc/data/known_faces/BIA/bia_baixa_45_30cm.jpeg,/home/anitadonato/tcc/tcc/data/known_faces/BIA/bia_extra_07.jpeg,0.5395080525545929,1
/home/anitadonato/tcc/tcc/data/known_faces/BIA/bia_baixa_45_30cm.jpeg,/home/anitadonato/tcc/tcc/data/known_faces/BIA/bia_extra_08.jpeg,0.6642763218041167,1
/home/anitadonato/tcc/tcc/data/known_faces/BIA/bia_baixa_45_30cm.jpeg,/home/anitadonato/tcc/tcc/data/known_faces/BIA/bia_moderada_45_1m.jpeg,0.5576804772489818,1
/home/anitadonato/tcc/tcc/data/known_faces/BIA/bia_baixa_45_30cm.jpeg,/home/anitadonato/tcc/tcc/data/known_faces/BIA/bia_moderada_45_30cm.jpeg,0.4935256199131093,1
/home/anitadonato/tcc/tcc/data/known_faces/BIA/bia_baixa_45_30cm.jpeg,/home/anitadonato/tcc/tcc/data/known_faces/BIA/bia_moderada_frontal_1m.jpeg,0.5180190574227295,1
/home/anitadonato/tcc/tcc/data/known_faces/BIA/bia_baixa_45_30cm.jpeg,/home/anitadonato/tcc/tcc/data/known_faces/BIA/bia_moderada_frontal_30cm.jpeg,0.5448195313229538,1
/home/anitadonato/tcc/tcc/data/known_faces/BIA/bia_baixa_frontal_1m.jpeg,/home/anitadonato/tcc/tcc/data/known_faces/BIA/bia_baixa_frontal_30cm.jpeg,0.12258695443277712,1
/home/anitadonato/tcc/tcc/data/known_faces/BIA/bia_baixa_frontal_1m.jpeg,/home/anitadonato/tcc/tcc/data/known_faces/BIA/bia_boa_45_1m..jpeg,0.44895655945846646,1
/home/anitadonato/tcc/tcc/data/known_faces/BIA/bia_baixa_frontal_1m.jpeg,/home/anitadonato/tcc/tcc/data/known_faces/BIA/bia_boa_45_30cm.jpeg,0.44229279452362535,1
/home/anitadonato/tcc/tcc/data/known_faces/BIA/bia_baixa_frontal_1m.jpeg,/home/anitadonato/tcc/tcc/data/known_faces/BIA/bia_boa_frontal_1m..jpeg,0.24741515327467567,1
/home/anitadonato/tcc/tcc/data/known_faces/BIA/bia_baixa_frontal_1m.jpeg,/home/anitadonato/tcc/tcc/data/known_faces/BIA/bia_boa_frontal_30cm..jpeg,0.3278249557994669,1
/home/anitadonato/tcc/tcc/data/known_faces/BIA/bia_baixa_frontal_1m.jpeg,/home/anitadonato/tcc/tcc/data/known_faces/BIA/bia_extra_01.jpeg,0.6197936418774609,1
/home/anitadonato/tcc/tcc/data/known_faces/BIA/bia_baixa_frontal_1m.jpeg,/home/anitadonato/tcc/tcc/data/known_faces/BIA/bia_extra_02.jpeg,0.3405835311763903,1
/home/anitadonato/tcc/tcc/data/known_faces/BIA/bia_baixa_frontal_1m.jpeg,/home/anitadonato/tcc/tcc/data/known_faces/BIA/bia_extra_03.jpeg,0.35699225317631456,1
/home/anitadonato/tcc/tcc/data/known_faces/BIA/bia_baixa_frontal_1m.jpeg,/home/anitadonato/tcc/tcc/data/known_faces/BIA/bia_extra_04.jpeg,0.280749924771445,1
/home/anitadonato/tcc/tcc/data/known_faces/BIA/bia_baixa_frontal_1m.jpeg,/home/anitadonato/tcc/tcc/data/known_faces/BIA/bia_extra_05.jpeg,0.17234989918166366,1
/home/anitadonato/tcc/tcc/data/known_faces/BIA/bia_baixa_frontal_1m.jpeg,/home/anitadonato/tcc/tcc/data/known_faces/BIA/bia_extra_06.jpeg,0.32869022708595974,1
/home/anitadonato/tcc/tcc/data/known_faces/BIA/bia_baixa_frontal_1m.jpeg,/home/anitadonato/tcc/tcc/data/known_faces/BIA/bia_extra_07.jpeg,0.3695342859112758,1
/home/anitadonato/tcc/tcc/data/known_faces/BIA/bia_baixa_frontal_1m.jpeg,/home/anitadonato/tcc/tcc/data/known_faces/BIA/bia_extra_08.jpeg,0.48632968341194616,1
/home/anitadonato/tcc/tcc/data/known_faces/BIA/bia_baixa_frontal_1m.jpeg,/home/anitadonato/tcc/tcc/data/known_faces/BIA/bia_moderada_45_1m.jpeg,0.3706662291437871,1
/home/anitadonato/tcc/tcc/data/known_faces/BIA/bia_baixa_frontal_1m.jpeg,/home/anitadonato/tcc/tcc/data/known_faces/BIA/bia_moderada_45_30cm.jpeg,0.41866816351438907,1
/home/anitadonato/tcc/tcc/data/known_faces/BIA/bia_baixa_frontal_1m.jpeg,/home/anitadonato/tcc/tcc/data/known_faces/BIA/bia_moderada_frontal_1m.jpeg,0.22765411273693414,1
/home/anitadonato/tcc/tcc/data/known_faces/BIA/bia_baixa_frontal_1m.jpeg,/home/anitadonato/tcc/tcc/data/known_faces/BIA/bia_moderada_frontal_30cm.jpeg,0.28401013560250343,1
/home/anitadonato/tcc/tcc/data/known_faces/BIA/bia_baixa_frontal_30cm.jpeg,/home/anitadonato/tcc/tcc/data/known_faces/BIA/bia_boa_45_1m..jpeg,0.39499664522368105,1
/home/anitadonato/tcc/tcc/data/known_faces/BIA/bia_baixa_frontal_30cm.jpeg,/home/anitadonato/tcc/tcc/data/known_faces/BIA/bia_boa_45_30cm.jpeg,0.38559724282012,1
/home/anitadonato/tcc/tcc/data/known_faces/BIA/bia_baixa_frontal_30cm.jpeg,/home/anitadonato/tcc/tcc/data/known_faces/BIA/bia_boa_frontal_1m..jpeg,0.1578098135569821,1
/home/anitadonato/tcc/tcc/data/known_faces/BIA/bia_baixa_frontal_30cm.jpeg,/home/anitadonato/tcc/tcc/data/known_faces/BIA/bia_boa_frontal_30cm..jpeg,0.19896390658855234,1
/home/anitadonato/tcc/tcc/data/known_faces/BIA/bia_baixa_frontal_30cm.jpeg,/home/anitadonato/tcc/tcc/data/known_faces/BIA/bia_extra_01.jpeg,0.5790174355004377,1
/home/anitadonato/tcc/tcc/data/known_faces/BIA/bia_baixa_frontal_30cm.jpeg,/home/anitadonato/tcc/tcc/data/known_faces/BIA/bia_extra_02.jpeg,0.2743915440722885,1
/home/anitadonato/tcc/tcc/data/known_faces/BIA/bia_baixa_frontal_30cm.jpeg,/home/anitadonato/tcc/tcc/data/known_faces/BIA/bia_extra_03.jpeg,0.3380005675883633,1
/home/anitadonato/tcc/tcc/data/known_faces/BIA/bia_baixa_frontal_30cm.jpeg,/home/anitadonato/tcc/tcc/data/known_faces/BIA/bia_extra_04.jpeg,0.22416539600833862,1
/home/anitadonato/tcc/tcc/data/known_faces/BIA/bia_baixa_frontal_30cm.jpeg,/home/anitadonato/tcc/tcc/data/known_faces/BIA/bia_extra_05.jpeg,0.09509068812763599,1
/home/anitadonato/tcc/tcc/data/known_faces/BIA/bia_baixa_frontal_30cm.jpeg,/home/anitadonato/tcc/tcc/data/known_faces/BIA/bia_extra_06.jpeg,0.25342990569995905,1
/home/anitadonato/tcc/tcc/data/known_faces/BIA/bia_baixa_frontal_30cm.jpeg,/home/anitadonato/tcc/tcc/data/known_faces/BIA/bia_extra_07.jpeg,0.27963044378338375,1
/home/anitadonato/tcc/tcc/data/known_faces/BIA/bia_baixa_frontal_30cm.jpeg,/home/anitadonato/tcc/tcc/data/known_faces/BIA/bia_extra_08.jpeg,0.3908714628480152,1
/home/anitadonato/tcc/tcc/data/known_faces/BIA/bia_baixa_frontal_30cm.jpeg,/home/anitadonato/tcc/tcc/data/known_faces/BIA/bia_moderada_45_1m.jpeg,0.2876800632661529,1
/home/anitadonato/tcc/tcc/data/known_faces/BIA/bia_baixa_frontal_30cm.jpeg,/home/anitadonato/tcc/tcc/data/known_faces/BIA/bia_moderada_45_30cm.jpeg,0.3144996897393554,1
/home/anitadonato/tcc/tcc/data/known_faces/BIA/bia_baixa_frontal_30cm.jpeg,/home/anitadonato/tcc/tcc/data/known_faces/BIA/bia_moderada_frontal_1m.jpeg,0.14166453356523212,1
/home/anitadonato/tcc/tcc/data/known_faces/BIA/bia_baixa_frontal_30cm.jpeg,/home/anitadonato/tcc/tcc/data/known_faces/BIA/bia_moderada_frontal_30cm.jpeg,0.1573943294062775,1
/home/anitadonato/tcc/tcc/data/known_faces/BIA/bia_boa_45_1m..jpeg,/home/anitadonato/tcc/tcc/data/known_faces/BIA/bia_boa_45_30cm.jpeg,0.08669719891501382,1
/home/anitadonato/tcc/tcc/data/known_faces/BIA/bia_boa_45_1m..jpeg,/home/anitadonato/tcc/tcc/data/known_faces/BIA/bia_boa_frontal_1m..jpeg,0.38959555458843886,1
/home/anitadonato/tcc/tcc/data/known_faces/BIA/bia_boa_45_1m..jpeg,/home/anitadonato/tcc/tcc/data/known_faces/BIA/bia_boa_frontal_30cm..jpeg,0.46074687269678605,1
/home/anitadonato/tcc/tcc/data/known_faces/BIA/bia_boa_45_1m..jpeg,/home/anitadonato/tcc/tcc/data/known_faces/BIA/bia_extra_01.jpeg,0.676322368975584,1
/home/anitadonato/tcc/tcc/data/known_faces/BIA/bia_boa_45_1m..jpeg,/home/anitadonato/tcc/tcc/data/known_faces/BIA/bia_extra_02.jpeg,0.46624480146918734,1
/home/anitadonato/tcc/tcc/data/known_faces/BIA/bia_boa_45_1m..jpeg,/home/anitadonato/tcc/tcc/data/known_faces/BIA/bia_extra_03.jpeg,0.5690202163418332,1
/home/anitadonato/tcc/tcc/data/known_faces/BIA/bia_boa_45_1m..jpeg,/home/anitadonato/tcc/tcc/data/known_faces/BIA/bia_extra_04.jpeg,0.44239724684916004,1
/home/anitadonato/tcc/tcc/data/known_faces/BIA/bia_boa_45_1m..jpeg,/home/anitadonato/tcc/tcc/data/known_faces/BIA/bia_extra_05.jpeg,0.4523132543725997,1
/home/anitadonato/tcc/tcc/data/known_faces/BIA/bia_boa_45_1m..jpeg,/home/anitadonato/tcc/tcc/data/known_faces/BIA/bia_extra_06.jpeg,0.40138874151233306,1
/home/anitadonato/tcc/tcc/data/known_faces/BIA/bia_boa_45_1m..jpeg,/home/anitadonato/tcc/tcc/data/known_faces/BIA/bia_extra_07.jpeg,0.399582425836554,1
/home/anitadonato/tcc/tcc/data/known_faces/BIA/bia_boa_45_1m..jpeg,/home/anitadonato/tcc/tcc/data/known_faces/BIA/bia_extra_08.jpeg,0.5500434001467677,1
/home/anitadonato/tcc/tcc/data/known_faces/BIA/bia_boa_45_1m..jpeg,/home/anitadonato/tcc/tcc/data/known_faces/BIA/bia_moderada_45_1m.jpeg,0.15492926620784808,1
/home/anitadonato/tcc/tcc/data/known_faces/BIA/bia_boa_45_1m..jpeg,/home/anitadonato/tcc/tcc/data/known_faces/BIA/bia_moderada_45_30cm.jpeg,0.16153112702553318,1
/home/anitadonato/tcc/tcc/data/known_faces/BIA/bia_boa_45_1m..jpeg,/home/anitadonato/tcc/tcc/data/known_faces/BIA/bia_moderada_frontal_1m.jpeg,0.45166658239211244,1
/home/anitadonato/tcc/tcc/data/known_faces/BIA/bia_boa_45_1m..jpeg,/home/anitadonato/tcc/tcc/data/known_faces/BIA/bia_moderada_frontal_30cm.jpeg,0.5135049068653632,1
/home/anitadonato/tcc/tcc/data/known_faces/BIA/bia_boa_45_30cm.jpeg,/home/anitadonato/tcc/tcc/data/known_faces/BIA/bia_boa_frontal_1m..jpeg,0.44760716814647616,1
/home/anitadonato/tcc/tcc/data/known_faces/BIA/bia_boa_45_30cm.jpeg,/home/anitadonato/tcc/tcc/data/known_faces/BIA/bia_boa_frontal_30cm..jpeg,0.43323109704668306,1
/home/anitadonato/tcc/tcc/data/known_faces/BIA/bia_boa_45_30cm.jpeg,/home/anitadonato/tcc/tcc/data/known_faces/BIA/bia_extra_01.jpeg,0.6678290929581328,1
/home/anitadonato/tcc/tcc/data/known_faces/BIA/bia_boa_45_30cm.jpeg,/home/anitadonato/tcc/tcc/data/known_faces/BIA/bia_extra_02.jpeg,0.5319141632429687,1
/home/anitadonato/tcc/tcc/data/known_faces/BIA/bia_boa_45_30cm.jpeg,/home/anitadonato/tcc/tcc/data/known_faces/BIA/bia_extra_03.jpeg,0.6279521865132531,1
/home/anitadonato/tcc/tcc/data/known_faces/BIA/bia_boa_45_30cm.jpeg,/home/anitadonato/tcc/tcc/data/known_faces/BIA/bia_extra_04.jpeg,0.5068218623942783,1
/home/anitadonato/tcc/tcc/data/known_faces/BIA/bia_boa_45_30cm.jpeg,/home/anitadonato/tcc/tcc/data/known_faces/BIA/bia_extra_05.jpeg,0.4677681447425194,1
/home/anitadonato/tcc/tcc/data/known_faces/BIA/bia_boa_45_30cm.jpeg,/home/anitadonato/tcc/tcc/data/known_faces/BIA/bia_extra_06.jpeg,0.45209644001237725,1
/home/anitadonato/tcc/tcc/data/known_faces/BIA/bia_boa_45_30cm.jpeg,/home/anitadonato/tcc/tcc/data/known_faces/BIA/bia_extra_07.jpeg,0.4164588236300104,1
/home/anitadonato/tcc/tcc/data/known_faces/BIA/bia_boa_45_30cm.jpeg,/home/anitadonato/tcc/tcc/data/known_faces/BIA/bia_extra_08.jpeg,0.5285278232837003,1
/home/anitadonato/tcc/tcc/data/known_faces/BIA/bia_boa_45_30cm.jpeg,/home/anitadonato/tcc/tcc/data/known_faces/BIA/bia_moderada_45_1m.jpeg,0.19428626382917058,1
/home/anitadonato/tcc/tcc/data/known_faces/BIA/bia_boa_45_30cm.jpeg,/home/anitadonato/tcc/tcc/data/known_faces/BIA/bia_moderada_45_30cm.jpeg,0.1569969017424968,1
/home/anitadonato/tcc/tcc/data/known_faces/BIA/bia_boa_45_30cm.jpeg,/home/anitadonato/tcc/tcc/data/known_faces/BIA/bia_moderada_frontal_1m.jpeg,0.48266623630092753,1
/home/anitadonato/tcc/tcc/data/known_faces/BIA/bia_boa_45_30cm.jpeg,/home/anitadonato/tcc/tcc/data/known_faces/BIA/bia_moderada_frontal_30cm.jpeg,0.49986967689679407,1
/home/anitadonato/tcc/tcc/data/known_faces/BIA/bia_boa_frontal_1m..jpeg,/home/anitadonato/tcc/tcc/data/known_faces/BIA/bia_boa_frontal_30cm..jpeg,0.17749461705958658,1
/home/anitadonato/tcc/tcc/data/known_faces/BIA/bia_boa_frontal_1m..jpeg,/home/anitadonato/tcc/tcc/data/known_faces/BIA/bia_extra_01.jpeg,0.6912871224964625,1
/home/anitadonato/tcc/tcc/data/known_faces/BIA/bia_boa_frontal_1m..jpeg,/home/anitadonato/tcc/tcc/data/known_faces/BIA/bia_extra_02.jpeg,0.2056547141394599,1
/home/anitadonato/tcc/tcc/data/known_faces/BIA/bia_boa_frontal_1m..jpeg,/home/anitadonato/tcc/tcc/data/known_faces/BIA/bia_extra_03.jpeg,0.2599521343378651,1
/home/anitadonato/tcc/tcc/data/known_faces/BIA/bia_boa_frontal_1m..jpeg,/home/anitadonato/tcc/tcc/data/known_faces/BIA/bia_extra_04.jpeg,0.18859159700527117,1
/home/anitadonato/tcc/tcc/data/known_faces/BIA/bia_boa_frontal_1m..jpeg,/home/anitadonato/tcc/tcc/data/known_faces/BIA/bia_extra_05.jpeg,0.18380217177136116,1
/home/anitadonato/tcc/tcc/data/known_faces/BIA/bia_boa_frontal_1m..jpeg,/home/anitadonato/tcc/tcc/data/known_faces/BIA/bia_extra_06.jpeg,0.26500803471955414,1
/home/anitadonato/tcc/tcc/data/known_faces/BIA/bia_boa_frontal_1m..jpeg,/home/anitadonato/tcc/tcc/data/known_faces/BIA/bia_extra_07.jpeg,0.322129687764246,1
/home/anitadonato/tcc/tcc/data/known_faces/BIA/bia_boa_frontal_1m..jpeg,/home/anitadonato/tcc/tcc/data/known_faces/BIA/bia_extra_08.jpeg,0.4398558801520456,1
/home/anitadonato/tcc/tcc/data/known_faces/BIA/bia_boa_frontal_1m..jpeg,/home/anitadonato/tcc/tcc/data/known_faces/BIA/bia_moderada_45_1m.jpeg,0.31393096655192565,1
/home/anitadonato/tcc/tcc/data/known_faces/BIA/bia_boa_frontal_1m..jpeg,/home/anitadonato/tcc/tcc/data/known_faces/BIA/bia_moderada_45_30cm.jpeg,0.38030961170118127,1
/home/anitadonato/tcc/tcc/data/known_faces/BIA/bia_boa_frontal_1m..jpeg,/home/anitadonato/tcc/tcc/data/known_faces/BIA/bia_moderada_frontal_1m.jpeg,0.09086143414988002,1
/home/anitadonato/tcc/tcc/data/known_faces/BIA/bia_boa_frontal_1m..jpeg,/home/anitadonato/tcc/tcc/data/known_faces/BIA/bia_moderada_frontal_30cm.jpeg,0.18425749917045364,1
/home/anitadonato/tcc/tcc/data/known_faces/BIA/bia_boa_frontal_30cm..jpeg,/home/anitadonato/tcc/tcc/data/known_faces/BIA/bia_extra_01.jpeg,0.64633918533429,1
/home/anitadonato/tcc/tcc/data/known_faces/BIA/bia_boa_frontal_30cm..jpeg,/home/anitadonato/tcc/tcc/data/known_faces/BIA/bia_extra_02.jpeg,0.24643530106424616,1
/home/anitadonato/tcc/tcc/data/known_faces/BIA/bia_boa_frontal_30cm..jpeg,/home/anitadonato/tcc/tcc/data/known_faces/BIA/bia_extra_03.jpeg,0.35610417586285836,1
/home/anitadonato/tcc/tcc/data/known_faces/BIA/bia_boa_frontal_30cm..jpeg,/home/anitadonato/tcc/tcc/data/known_faces/BIA/bia_extra_04.jpeg,0.2255060644680239,1
/home/anitadonato/tcc/tcc/data/known_faces/BIA/bia_boa_frontal_30cm..jpeg,/home/anitadonato/tcc/tcc/data/known_faces/BIA/bia_extra_05.jpeg,0.28094456368285115,1
/home/anitadonato/tcc/tcc/data/known_faces/BIA/bia_boa_frontal_30cm..jpeg,/home/anitadonato/tcc/tcc/data/known_faces/BIA/bia_extra_06.jpeg,0.33411222706716937,1
/home/anitadonato/tcc/tcc/data/known_faces/BIA/bia_boa_frontal_30cm..jpeg,/home/anitadonato/tcc/tcc/data/known_faces/BIA/bia_extra_07.jpeg,0.3200142650921689,1
/home/anitadonato/tcc/tcc/data/known_faces/BIA/bia_boa_frontal_30cm..jpeg,/home/anitadonato/tcc/tcc/data/known_faces/BIA/bia_extra_08.jpeg,0.39937122564522476,1
/home/anitadonato/tcc/tcc/data/known_faces/BIA/bia_boa_frontal_30cm..jpeg,/home/anitadonato/tcc/tcc/data/known_faces/BIA/bia_moderada_45_1m.jpeg,0.40864053575271664,1
/home/anitadonato/tcc/tcc/data/known_faces/BIA/bia_boa_frontal_30cm..jpeg,/home/anitadonato/tcc/tcc/data/known_faces/BIA/bia_moderada_45_30cm.jpeg,0.44608976821206126,1
/home/anitadonato/tcc/tcc/data/known_faces/BIA/bia_boa_frontal_30cm..jpeg,/home/anitadonato/tcc/tcc/data/known_faces/BIA/bia_moderada_frontal_1m.jpeg,0.19241327611586045,1
/home/anitadonato/tcc/tcc/data/known_faces/BIA/bia_boa_frontal_30cm..jpeg,/home/anitadonato/tcc/tcc/data/known_faces/BIA/bia_moderada_frontal_30cm.jpeg,0.13264023155232485,1
/home/anitadonato/tcc/tcc/data/known_faces/BIA/bia_extra_01.jpeg,/home/anitadonato/tcc/tcc/data/known_faces/BIA/bia_extra_02.jpeg,0.5969689171233191,1
/home/anitadonato/tcc/tcc/data/known_faces/BIA/bia_extra_01.jpeg,/home/anitadonato/tcc/tcc/data/known_faces/BIA/bia_extra_03.jpeg,0.6638814607788202,1
/home/anitadonato/tcc/tcc/data/known_faces/BIA/bia_extra_01.jpeg,/home/anitadonato/tcc/tcc/data/known_faces/BIA/bia_extra_04.jpeg,0.610273626501512,1
/home/anitadonato/tcc/tcc/data/known_faces/BIA/bia_extra_01.jpeg,/home/anitadonato/tcc/tcc/data/known_faces/BIA/bia_extra_05.jpeg,0.5705911174189808,1
/home/anitadonato/tcc/tcc/data/known_faces/BIA/bia_extra_01.jpeg,/home/anitadonato/tcc/tcc/data/known_faces/BIA/bia_extra_06.jpeg,0.6125373004666204,1
/home/anitadonato/tcc/tcc/data/known_faces/BIA/bia_extra_01.jpeg,/home/anitadonato/tcc/tcc/data/known_faces/BIA/bia_extra_07.jpeg,0.4785832554578646,1
/home/anitadonato/tcc/tcc/data/known_faces/BIA/bia_extra_01.jpeg,/home/anitadonato/tcc/tcc/data/known_faces/BIA/bia_extra_08.jpeg,0.40540590603619275,1
/home/anitadonato/tcc/tcc/data/known_faces/BIA/bia_extra_01.jpeg,/home/anitadonato/tcc/tcc/data/known_faces/BIA/bia_moderada_45_1m.jpeg,0.6715803603089576,1
/home/anitadonato/tcc/tcc/data/known_faces/BIA/bia_extra_01.jpeg,/home/anitadonato/tcc/tcc/data/known_faces/BIA/bia_moderada_45_30cm.jpeg,0.6422660288270264,1
/home/anitadonato/tcc/tcc/data/known_faces/BIA/bia_extra_01.jpeg,/home/anitadonato/tcc/tcc/data/known_faces/BIA/bia_moderada_frontal_1m.jpeg,0.6186697619777037,1
/home/anitadonato/tcc/tcc/data/known_faces/BIA/bia_extra_01.jpeg,/home/anitadonato/tcc/tcc/data/known_faces/BIA/bia_moderada_frontal_30cm.jpeg,0.586042784091783,1
/home/anitadonato/tcc/tcc/data/known_faces/BIA/bia_extra_02.jpeg,/home/anitadonato/tcc/tcc/data/known_faces/BIA/bia_extra_03.jpeg,0.28336648537368603,1
/home/anitadonato/tcc/tcc/data/known_faces/BIA/bia_extra_02.jpeg,/home/anitadonato/tcc/tcc/data/known_faces/BIA/bia_extra_04.jpeg,0.11227850524258653,1
/home/anitadonato/tcc/tcc/data/known_faces/BIA/bia_extra_02.jpeg,/home/anitadonato/tcc/tcc/data/known_faces/BIA/bia_extra_05.jpeg,0.2840863658441012,1
/home/anitadonato/tcc/tcc/data/known_faces/BIA/bia_extra_02.jpeg,/home/anitadonato/tcc/tcc/data/known_faces/BIA/bia_extra_06.jpeg,0.2351441469878276,1
/home/anitadonato/tcc/tcc/data/known_faces/BIA/bia_extra_02.jpeg,/home/anitadonato/tcc/tcc/data/known_faces/BIA/bia_extra_07.jpeg,0.29760657258826406,1
/home/anitadonato/tcc/tcc/data/known_faces/BIA/bia_extra_02.jpeg,/home/anitadonato/tcc/tcc/data/known_faces/BIA/bia_extra_08.jpeg,0.4419756983905605,1
/home/anitadonato/tcc/tcc/data/known_faces/BIA/bia_extra_02.jpeg,/home/anitadonato/tcc/tcc/data/known_faces/BIA/bia_moderada_45_1m.jpeg,0.42327121266941437,1
/home/anitadonato/tcc/tcc/data/known_faces/BIA/bia_extra_02.jpeg,/home/anitadonato/tcc/tcc/data/known_faces/BIA/bia_moderada_45_30cm.jpeg,0.44844478838090707,1
/home/anitadonato/tcc/tcc/data/known_faces/BIA/bia_extra_02.jpeg,/home/anitadonato/tcc/tcc/data/known_faces/BIA/bia_moderada_frontal_1m.jpeg,0.1968951166339049,1
/home/anitadonato/tcc/tcc/data/known_faces/BIA/bia_extra_02.jpeg,/home/anitadonato/tcc/tcc/data/known_faces/BIA/bia_moderada_frontal_30cm.jpeg,0.2234105984803042,1
/home/anitadonato/tcc/tcc/data/known_faces/BIA/bia_extra_03.jpeg,/home/anitadonato/tcc/tcc/data/known_faces/BIA/bia_extra_04.jpeg,0.2958498395346574,1
/home/anitadonato/tcc/tcc/data/known_faces/BIA/bia_extra_03.jpeg,/home/anitadonato/tcc/tcc/data/known_faces/BIA/bia_extra_05.jpeg,0.35551575758476206,1
/home/anitadonato/tcc/tcc/data/known_faces/BIA/bia_extra_03.jpeg,/home/anitadonato/tcc/tcc/data/known_faces/BIA/bia_extra_06.jpeg,0.4423049279537066,1
/home/anitadonato/tcc/tcc/data/known_faces/BIA/bia_extra_03.jpeg,/home/anitadonato/tcc/tcc/data/known_faces/BIA/bia_extra_07.jpeg,0.4575386253918208,1
/home/anitadonato/tcc/tcc/data/known_faces/BIA/bia_extra_03.jpeg,/home/anitadonato/tcc/tcc/data/known_faces/BIA/bia_extra_08.jpeg,0.5581113354067424,1
/home/anitadonato/tcc/tcc/data/known_faces/BIA/bia_extra_03.jpeg,/home/anitadonato/tcc/tcc/data/known_faces/BIA/bia_moderada_45_1m.jpeg,0.4944521239090489,1
/home/anitadonato/tcc/tcc/data/known_faces/BIA/bia_extra_03.jpeg,/home/anitadonato/tcc/tcc/data/known_faces/BIA/bia_moderada_45_30cm.jpeg,0.5655890945084909,1
/home/anitadonato/tcc/tcc/data/known_faces/BIA/bia_extra_03.jpeg,/home/anitadonato/tcc/tcc/data/known_faces/BIA/bia_moderada_frontal_1m.jpeg,0.3119474194386561,1
/home/anitadonato/tcc/tcc/data/known_faces/BIA/bia_extra_03.jpeg,/home/anitadonato/tcc/tcc/data/known_faces/BIA/bia_moderada_frontal_30cm.jpeg,0.3723547654248509,1
/home/anitadonato/tcc/tcc/data/known_faces/BIA/bia_extra_04.jpeg,/home/anitadonato/tcc/tcc/data/known_faces/BIA/bia_extra_05.jpeg,0.24000438854373585,1
/home/anitadonato/tcc/tcc/data/known_faces/BIA/bia_extra_04.jpeg,/home/anitadonato/tcc/tcc/data/known_faces/BIA/bia_extra_06.jpeg,0.17728444932505427,1
/home/anitadonato/tcc/tcc/data/known_faces/BIA/bia_extra_04.jpeg,/home/anitadonato/tcc/tcc/data/known_faces/BIA/bia_extra_07.jpeg,0.2758118752389932,1
/home/anitadonato/tcc/tcc/data/known_faces/BIA/bia_extra_04.jpeg,/home/anitadonato/tcc/tcc/data/known_faces/BIA/bia_extra_08.jpeg,0.47876965329596743,1
/home/anitadonato/tcc/tcc/data/known_faces/BIA/bia_extra_04.jpeg,/home/anitadonato/tcc/tcc/data/known_faces/BIA/bia_moderada_45_1m.jpeg,0.4166447794361603,1
/home/anitadonato/tcc/tcc/data/known_faces/BIA/bia_extra_04.jpeg,/home/anitadonato/tcc/tcc/data/known_faces/BIA/bia_moderada_45_30cm.jpeg,0.46530377416282875,1
/home/anitadonato/tcc/tcc/data/known_faces/BIA/bia_extra_04.jpeg,/home/anitadonato/tcc/tcc/data/known_faces/BIA/bia_moderada_frontal_1m.jpeg,0.1829709046495348,1
/home/anitadonato/tcc/tcc/data/known_faces/BIA/bia_extra_04.jpeg,/home/anitadonato/tcc/tcc/data/known_faces/BIA/bia_moderada_frontal_30cm.jpeg,0.22364560929114263,1
/home/anitadonato/tcc/tcc/data/known_faces/BIA/bia_extra_05.jpeg,/home/anitadonato/tcc/tcc/data/known_faces/BIA/bia_extra_06.jpeg,0.21687774049703135,1
/home/anitadonato/tcc/tcc/data/known_faces/BIA/bia_extra_05.jpeg,/home/anitadonato/tcc/tcc/data/known_faces/BIA/bia_extra_07.jpeg,0.21888268775057174,1
/home/anitadonato/tcc/tcc/data/known_faces/BIA/bia_extra_05.jpeg,/home/anitadonato/tcc/tcc/data/known_faces/BIA/bia_extra_08.jpeg,0.3379351000390941,1
/home/anitadonato/tcc/tcc/data/known_faces/BIA/bia_extra_05.jpeg,/home/anitadonato/tcc/tcc/data/known_faces/BIA/bia_moderada_45_1m.jpeg,0.3156056522892815,1
/home/anitadonato/tcc/tcc/data/known_faces/BIA/bia_extra_05.jpeg,/home/anitadonato/tcc/tcc/data/known_faces/BIA/bia_moderada_45_30cm.jpeg,0.35888729069071257,1
/home/anitadonato/tcc/tcc/data/known_faces/BIA/bia_extra_05.jpeg,/home/anitadonato/tcc/tcc/data/known_faces/BIA/bia_moderada_frontal_1m.jpeg,0.09856741381031209,1
/home/anitadonato/tcc/tcc/data/known_faces/BIA/bia_extra_05.jpeg,/home/anitadonato/tcc/tcc/data/known_faces/BIA/bia_moderada_frontal_30cm.jpeg,0.1459191595545759,1
/home/anitadonato/tcc/tcc/data/known_faces/BIA/bia_extra_06.jpeg,/home/anitadonato/tcc/tcc/data/known_faces/BIA/bia_extra_07.jpeg,0.1656673243587118,1
/home/anitadonato/tcc/tcc/data/known_faces/BIA/bia_extra_06.jpeg,/home/anitadonato/tcc/tcc/data/known_faces/BIA/bia_extra_08.jpeg,0.410002435055288,1
/home/anitadonato/tcc/tcc/data/known_faces/BIA/bia_extra_06.jpeg,/home/anitadonato/tcc/tcc/data/known_faces/BIA/bia_moderada_45_1m.jpeg,0.3468517207305467,1
/home/anitadonato/tcc/tcc/data/known_faces/BIA/bia_extra_06.jpeg,/home/anitadonato/tcc/tcc/data/known_faces/BIA/bia_moderada_45_30cm.jpeg,0.3739590450189326,1
/home/anitadonato/tcc/tcc/data/known_faces/BIA/bia_extra_06.jpeg,/home/anitadonato/tcc/tcc/data/known_faces/BIA/bia_moderada_frontal_1m.jpeg,0.18928693680143382,1
/home/anitadonato/tcc/tcc/data/known_faces/BIA/bia_extra_06.jpeg,/home/anitadonato/tcc/tcc/data/known_faces/BIA/bia_moderada_frontal_30cm.jpeg,0.21630374384836637,1
/home/anitadonato/tcc/tcc/data/known_faces/BIA/bia_extra_07.jpeg,/home/anitadonato/tcc/tcc/data/known_faces/BIA/bia_extra_08.jpeg,0.20022643876297375,1
/home/anitadonato/tcc/tcc/data/known_faces/BIA/bia_extra_07.jpeg,/home/anitadonato/tcc/tcc/data/known_faces/BIA/bia_moderada_45_1m.jpeg,0.3327460038088761,1
/home/anitadonato/tcc/tcc/data/known_faces/BIA/bia_extra_07.jpeg,/home/anitadonato/tcc/tcc/data/known_faces/BIA/bia_moderada_45_30cm.jpeg,0.3551456328763901,1
/home/anitadonato/tcc/tcc/data/known_faces/BIA/bia_extra_07.jpeg,/home/anitadonato/tcc/tcc/data/known_faces/BIA/bia_moderada_frontal_1m.jpeg,0.183472430029055,1
/home/anitadonato/tcc/tcc/data/known_faces/BIA/bia_extra_07.jpeg,/home/anitadonato/tcc/tcc/data/known_faces/BIA/bia_moderada_frontal_30cm.jpeg,0.20478130451234178,1
/home/anitadonato/tcc/tcc/data/known_faces/BIA/bia_extra_08.jpeg,/home/anitadonato/tcc/tcc/data/known_faces/BIA/bia_moderada_45_1m.jpeg,0.4630546361786455,1
/home/anitadonato/tcc/tcc/data/known_faces/BIA/bia_extra_08.jpeg,/home/anitadonato/tcc/tcc/data/known_faces/BIA/bia_moderada_45_30cm.jpeg,0.4705205340201445,1
/home/anitadonato/tcc/tcc/data/known_faces/BIA/bia_extra_08.jpeg,/home/anitadonato/tcc/tcc/data/known_faces/BIA/bia_moderada_frontal_1m.jpeg,0.3349481178997258,1
/home/anitadonato/tcc/tcc/data/known_faces/BIA/bia_extra_08.jpeg,/home/anitadonato/tcc/tcc/data/known_faces/BIA/bia_moderada_frontal_30cm.jpeg,0.32159343174598165,1
/home/anitadonato/tcc/tcc/data/known_faces/BIA/bia_moderada_45_1m.jpeg,/home/anitadonato/tcc/tcc/data/known_faces/BIA/bia_moderada_45_30cm.jpeg,0.07613423224357119,1
/home/anitadonato/tcc/tcc/data/known_faces/BIA/bia_moderada_45_1m.jpeg,/home/anitadonato/tcc/tcc/data/known_faces/BIA/bia_moderada_frontal_1m.jpeg,0.3368640818328066,1
/home/anitadonato/tcc/tcc/data/known_faces/BIA/bia_moderada_45_1m.jpeg,/home/anitadonato/tcc/tcc/data/known_faces/BIA/bia_moderada_frontal_30cm.jpeg,0.41470190424330144,1
/home/anitadonato/tcc/tcc/data/known_faces/BIA/bia_moderada_45_30cm.jpeg,/home/anitadonato/tcc/tcc/data/known_faces/BIA/bia_moderada_frontal_1m.jpeg,0.3937454361387349,1
/home/anitadonato/tcc/tcc/data/known_faces/BIA/bia_moderada_45_30cm.jpeg,/home/anitadonato/tcc/tcc/data/known_faces/BIA/bia_moderada_frontal_30cm.jpeg,0.4492540693492003,1
/home/anitadonato/tcc/tcc/data/known_faces/BIA/bia_moderada_frontal_1m.jpeg,/home/anitadonato/tcc/tcc/data/known_faces/BIA/bia_moderada_frontal_30cm.jpeg,0.07998121034117656,1
/home/anitadonato/tcc/tcc/data/known_faces/Francisca/Francisca_boa_45_dir.jpg,/home/anitadonato/tcc/tcc/data/known_faces/Francisca/francisca_baixa_45_dir.jpg,0.49803435847030597,1
/home/anitadonato/tcc/tcc/data/known_faces/Francisca/Francisca_boa_45_dir.jpg,/home/anitadonato/tcc/tcc/data/known_faces/Francisca/francisca_baixa_45_esq.jpg,0.4020740036458962,1
/home/anitadonato/tcc/tcc/data/known_faces/Francisca/Francisca_boa_45_dir.jpg,/home/anitadonato/tcc/tcc/data/known_faces/Francisca/francisca_baixa_frontal.jpg,0.40078953848724763,1
/home/anitadonato/tcc/tcc/data/known_faces/Francisca/Francisca_boa_45_dir.jpg,/home/anitadonato/tcc/tcc/data/known_faces/Francisca/francisca_boa_45_esq.jpg,0.32600933208632266,1
/home/anitadonato/tcc/tcc/data/known_faces/Francisca/Francisca_boa_45_dir.jpg,/home/anitadonato/tcc/tcc/data/known_faces/Francisca/francisca_boa_frontal.jpg,0.24700725649493305,1
/home/anitadonato/tcc/tcc/data/known_faces/Francisca/Francisca_boa_45_dir.jpg,/home/anitadonato/tcc/tcc/data/known_faces/Francisca/francisca_extra_01.jpg,0.40120445654526204,1
/home/anitadonato/tcc/tcc/data/known_faces/Francisca/Francisca_boa_45_dir.jpg,/home/anitadonato/tcc/tcc/data/known_faces/Francisca/francisca_extra_02.jpg,0.36087490671394695,1
/home/anitadonato/tcc/tcc/data/known_faces/Francisca/Francisca_boa_45_dir.jpg,/home/anitadonato/tcc/tcc/data/known_faces/Francisca/francisca_extra_03.jpg,0.29953556114963853,1
/home/anitadonato/tcc/tcc/data/known_faces/Francisca/Francisca_boa_45_dir.jpg,/home/anitadonato/tcc/tcc/data/known_faces/Francisca/francisca_extra_04.jpg,0.4069335805350889,1
/home/anitadonato/tcc/tcc/data/known_faces/Francisca/Francisca_boa_45_dir.jpg,/home/anitadonato/tcc/tcc/data/known_faces/Francisca/francisca_extra_05.jpg,0.41888559492425226,1
/home/anitadonato/tcc/tcc/data/known_faces/Francisca/Francisca_boa_45_dir.jpg,/home/anitadonato/tcc/tcc/data/known_faces/Francisca/francisca_extra_06.jpg,0.44643971554212314,1
/home/anitadonato/tcc/tcc/data/known_faces/Francisca/Francisca_boa_45_dir.jpg,/home/anitadonato/tcc/tcc/data/known_faces/Francisca/francisca_extra_07.jpg,0.4318612468763887,1
/home/anitadonato/tcc/tcc/data/known_faces/Francisca/Francisca_boa_45_dir.jpg,/home/anitadonato/tcc/tcc/data/known_faces/Francisca/francisca_extra_08.jpg,0.4734748904985232,1
/home/anitadonato/tcc/tcc/data/known_faces/Francisca/Francisca_boa_45_dir.jpg,/home/anitadonato/tcc/tcc/data/known_faces/Francisca/francisca_extra_09.jpg,0.4246865369923666,1
/home/anitadonato/tcc/tcc/data/known_faces/Francisca/Francisca_boa_45_dir.jpg,/home/anitadonato/tcc/tcc/data/known_faces/Francisca/francisca_extra_10.jpg,0.4114933756039686,1
/home/anitadonato/tcc/tcc/data/known_faces/Francisca/Francisca_boa_45_dir.jpg,/home/anitadonato/tcc/tcc/data/known_faces/Francisca/francisca_extra_11.jpg,0.31036331090707747,1
/home/anitadonato/tcc/tcc/data/known_faces/Francisca/Francisca_boa_45_dir.jpg,/home/anitadonato/tcc/tcc/data/known_faces/Francisca/francisca_extra_13.jpg,0.2580717257265168,1
/home/anitadonato/tcc/tcc/data/known_faces/Francisca/Francisca_boa_45_dir.jpg,/home/anitadonato/tcc/tcc/data/known_faces/Francisca/francisca_extra_14.jpg,0.33081579237966463,1
/home/anitadonato/tcc/tcc/data/known_faces/Francisca/Francisca_boa_45_dir.jpg,/home/anitadonato/tcc/tcc/data/known_faces/Francisca/francisca_extra_15.jpg,0.30445091896884147,1
/home/anitadonato/tcc/tcc/data/known_faces/Francisca/francisca_baixa_45_dir.jpg,/home/anitadonato/tcc/tcc/data/known_faces/Francisca/francisca_baixa_45_esq.jpg,0.2245804471387105,1
/home/anitadonato/tcc/tcc/data/known_faces/Francisca/francisca_baixa_45_dir.jpg,/home/anitadonato/tcc/tcc/data/known_faces/Francisca/francisca_baixa_frontal.jpg,0.2532535122618117,1
/home/anitadonato/tcc/tcc/data/known_faces/Francisca/francisca_baixa_45_dir.jpg,/home/anitadonato/tcc/tcc/data/known_faces/Francisca/francisca_boa_45_esq.jpg,0.3670187884056181,1
/home/anitadonato/tcc/tcc/data/known_faces/Francisca/francisca_baixa_45_dir.jpg,/home/anitadonato/tcc/tcc/data/known_faces/Francisca/francisca_boa_frontal.jpg,0.44928389699107973,1
/home/anitadonato/tcc/tcc/data/known_faces/Francisca/francisca_baixa_45_dir.jpg,/home/anitadonato/tcc/tcc/data/known_faces/Francisca/francisca_extra_01.jpg,0.24635186464901782,1
/home/anitadonato/tcc/tcc/data/known_faces/Francisca/francisca_baixa_45_dir.jpg,/home/anitadonato/tcc/tcc/data/known_faces/Francisca/francisca_extra_02.jpg,0.2643200557752152,1
/home/anitadonato/tcc/tcc/data/known_faces/Francisca/francisca_baixa_45_dir.jpg,/home/anitadonato/tcc/tcc/data/known_faces/Francisca/francisca_extra_03.jpg,0.30623572630603657,1
/home/anitadonato/tcc/tcc/data/known_faces/Francisca/francisca_baixa_45_dir.jpg,/home/anitadonato/tcc/tcc/data/known_faces/Francisca/francisca_extra_04.jpg,0.3690770678891787,1
/home/anitadonato/tcc/tcc/data/known_faces/Francisca/francisca_baixa_45_dir.jpg,/home/anitadonato/tcc/tcc/data/known_faces/Francisca/francisca_extra_05.jpg,0.4189980370318034,1
/home/anitadonato/tcc/tcc/data/known_faces/Francisca/francisca_baixa_45_dir.jpg,/home/anitadonato/tcc/tcc/data/known_faces/Francisca/francisca_extra_06.jpg,0.23150808856509386,1
/home/anitadonato/tcc/tcc/data/known_faces/Francisca/francisca_baixa_45_dir.jpg,/home/anitadonato/tcc/tcc/data/known_faces/Francisca/francisca_extra_07.jpg,0.3366307108740717,1
/home/anitadonato/tcc/tcc/data/known_faces/Francisca/francisca_baixa_45_dir.jpg,/home/anitadonato/tcc/tcc/data/known_faces/Francisca/francisca_extra_08.jpg,0.25850715591667583,1
/home/anitadonato/tcc/tcc/data/known_faces/Francisca/francisca_baixa_45_dir.jpg,/home/anitadonato/tcc/tcc/data/known_faces/Francisca/francisca_extra_09.jpg,0.36573927259616756,1
/home/anitadonato/tcc/tcc/data/known_faces/Francisca/francisca_baixa_45_dir.jpg,/home/anitadonato/tcc/tcc/data/known_faces/Francisca/francisca_extra_10.jpg,0.3860659796379101,1
/home/anitadonato/tcc/tcc/data/known_faces/Francisca/francisca_baixa_45_dir.jpg,/home/anitadonato/tcc/tcc/data/known_faces/Francisca/francisca_extra_11.jpg,0.2189337331503297,1
/home/anitadonato/tcc/tcc/data/known_faces/Francisca/francisca_baixa_45_dir.jpg,/home/anitadonato/tcc/tcc/data/known_faces/Francisca/francisca_extra_13.jpg,0.5096924129837341,1
/home/anitadonato/tcc/tcc/data/known_faces/Francisca/francisca_baixa_45_dir.jpg,/home/anitadonato/tcc/tcc/data/known_faces/Francisca/francisca_extra_14.jpg,0.5014975899124614,1
/home/anitadonato/tcc/tcc/data/known_faces/Francisca/francisca_baixa_45_dir.jpg,/home/anitadonato/tcc/tcc/data/known_faces/Francisca/francisca_extra_15.jpg,0.4454406794146032,1
/home/anitadonato/tcc/tcc/data/known_faces/Francisca/francisca_baixa_45_esq.jpg,/home/anitadonato/tcc/tcc/data/known_faces/Francisca/francisca_baixa_frontal.jpg,0.28875080783551865,1
/home/anitadonato/tcc/tcc/data/known_faces/Francisca/francisca_baixa_45_esq.jpg,/home/anitadonato/tcc/tcc/data/known_faces/Francisca/francisca_boa_45_esq.jpg,0.2221165339161505,1
/home/anitadonato/tcc/tcc/data/known_faces/Francisca/francisca_baixa_45_esq.jpg,/home/anitadonato/tcc/tcc/data/known_faces/Francisca/francisca_boa_frontal.jpg,0.29427046362779785,1
/home/anitadonato/tcc/tcc/data/known_faces/Francisca/francisca_baixa_45_esq.jpg,/home/anitadonato/tcc/tcc/data/known_faces/Francisca/francisca_extra_01.jpg,0.2756655870934752,1
/home/anitadonato/tcc/tcc/data/known_faces/Francisca/francisca_baixa_45_esq.jpg,/home/anitadonato/tcc/tcc/data/known_faces/Francisca/francisca_extra_02.jpg,0.28728660640815407,1
/home/anitadonato/tcc/tcc/data/known_faces/Francisca/francisca_baixa_45_esq.jpg,/home/anitadonato/tcc/tcc/data/known_faces/Francisca/francisca_extra_03.jpg,0.20858123873659273,1
/home/anitadonato/tcc/tcc/data/known_faces/Francisca/francisca_baixa_45_esq.jpg,/home/anitadonato/tcc/tcc/data/known_faces/Francisca/francisca_extra_04.jpg,0.26642096537497306,1
/home/anitadonato/tcc/tcc/data/known_faces/Francisca/francisca_baixa_45_esq.jpg,/home/anitadonato/tcc/tcc/data/known_faces/Francisca/francisca_extra_05.jpg,0.3391221556097408,1
/home/anitadonato/tcc/tcc/data/known_faces/Francisca/francisca_baixa_45_esq.jpg,/home/anitadonato/tcc/tcc/data/known_faces/Francisca/francisca_extra_06.jpg,0.17885649146523275,1
/home/anitadonato/tcc/tcc/data/known_faces/Francisca/francisca_baixa_45_esq.jpg,/home/anitadonato/tcc/tcc/data/known_faces/Francisca/francisca_extra_07.jpg,0.08838917448807226,1
/home/anitadonato/tcc/tcc/data/known_faces/Francisca/francisca_baixa_45_esq.jpg,/home/anitadonato/tcc/tcc/data/known_faces/Francisca/francisca_extra_08.jpg,0.24137347258033426,1
/home/anitadonato/tcc/tcc/data/known_faces/Francisca/francisca_baixa_45_esq.jpg,/home/anitadonato/tcc/tcc/data/known_faces/Francisca/francisca_extra_09.jpg,0.25332693809429097,1
/home/anitadonato/tcc/tcc/data/known_faces/Francisca/francisca_baixa_45_esq.jpg,/home/anitadonato/tcc/tcc/data/known_faces/Francisca/francisca_extra_10.jpg,0.2581031963484802,1
/home/anitadonato/tcc/tcc/data/known_faces/Francisca/francisca_baixa_45_esq.jpg,/home/anitadonato/tcc/tcc/data/known_faces/Francisca/francisca_extra_11.jpg,0.2664200607541153,1
/home/anitadonato/tcc/tcc/data/known_faces/Francisca/francisca_baixa_45_esq.jpg,/home/anitadonato/tcc/tcc/data/known_faces/Francisca/francisca_extra_13.jpg,0.4014875177495927,1
/home/anitadonato/tcc/tcc/data/known_faces/Francisca/francisca_baixa_45_esq.jpg,/home/anitadonato/tcc/tcc/data/known_faces/Francisca/francisca_extra_14.jpg,0.39257614637548566,1
/home/anitadonato/tcc/tcc/data/known_faces/Francisca/francisca_baixa_45_esq.jpg,/home/anitadonato/tcc/tcc/data/known_faces/Francisca/francisca_extra_15.jpg,0.3621366603097933,1
/home/anitadonato/tcc/tcc/data/known_faces/Francisca/francisca_baixa_frontal.jpg,/home/anitadonato/tcc/tcc/data/known_faces/Francisca/francisca_boa_45_esq.jpg,0.293192219939147,1
/home/anitadonato/tcc/tcc/data/known_faces/Francisca/francisca_baixa_frontal.jpg,/home/anitadonato/tcc/tcc/data/known_faces/Francisca/francisca_boa_frontal.jpg,0.27282159651599136,1
/home/anitadonato/tcc/tcc/data/known_faces/Francisca/francisca_baixa_frontal.jpg,/home/anitadonato/tcc/tcc/data/known_faces/Francisca/francisca_extra_01.jpg,0.04997532341048139,1
/home/anitadonato/tcc/tcc/data/known_faces/Francisca/francisca_baixa_frontal.jpg,/home/anitadonato/tcc/tcc/data/known_faces/Francisca/francisca_extra_02.jpg,0.024346532414336708,1
/home/anitadonato/tcc/tcc/data/known_faces/Francisca/francisca_baixa_frontal.jpg,/home/anitadonato/tcc/tcc/data/known_faces/Francisca/francisca_extra_03.jpg,0.22185168839881475,1
/home/anitadonato/tcc/tcc/data/known_faces/Francisca/francisca_baixa_frontal.jpg,/home/anitadonato/tcc/tcc/data/known_faces/Francisca/francisca_extra_04.jpg,0.14839323221939626,1
/home/anitadonato/tcc/tcc/data/known_faces/Francisca/francisca_baixa_frontal.jpg,/home/anitadonato/tcc/tcc/data/known_faces/Francisca/francisca_extra_05.jpg,0.20635916626112671,1
/home/anitadonato/tcc/tcc/data/known_faces/Francisca/francisca_baixa_frontal.jpg,/home/anitadonato/tcc/tcc/data/known_faces/Francisca/francisca_extra_06.jpg,0.12857792372162202,1
/home/anitadonato/tcc/tcc/data/known_faces/Francisca/francisca_baixa_frontal.jpg,/home/anitadonato/tcc/tcc/data/known_faces/Francisca/francisca_extra_07.jpg,0.40945997420505675,1
/home/anitadonato/tcc/tcc/data/known_faces/Francisca/francisca_baixa_frontal.jpg,/home/anitadonato/tcc/tcc/data/known_faces/Francisca/francisca_extra_08.jpg,0.2836528891928426,1
/home/anitadonato/tcc/tcc/data/known_faces/Francisca/francisca_baixa_frontal.jpg,/home/anitadonato/tcc/tcc/data/known_faces/Francisca/francisca_extra_09.jpg,0.330765972321203,1
/home/anitadonato/tcc/tcc/data/known_faces/Francisca/francisca_baixa_frontal.jpg,/home/anitadonato/tcc/tcc/data/known_faces/Francisca/francisca_extra_10.jpg,0.3524413690447221,1
/home/anitadonato/tcc/tcc/data/known_faces/Francisca/francisca_baixa_frontal.jpg,/home/anitadonato/tcc/tcc/data/known_faces/Francisca/francisca_extra_11.jpg,0.2998664870766,1
/home/anitadonato/tcc/tcc/data/known_faces/Francisca/francisca_baixa_frontal.jpg,/home/anitadonato/tcc/tcc/data/known_faces/Francisca/francisca_extra_13.jpg,0.3046787207032655,1
/home/anitadonato/tcc/tcc/data/known_faces/Francisca/francisca_baixa_frontal.jpg,/home/anitadonato/tcc/tcc/data/known_faces/Francisca/francisca_extra_14.jpg,0.350344966742531,1
/home/anitadonato/tcc/tcc/data/known_faces/Francisca/francisca_baixa_frontal.jpg,/home/anitadonato/tcc/tcc/data/known_faces/Francisca/francisca_extra_15.jpg,0.28642468282813127,1
/home/anitadonato/tcc/tcc/data/known_faces/Francisca/francisca_boa_45_esq.jpg,/home/anitadonato/tcc/tcc/data/known_faces/Francisca/francisca_boa_frontal.jpg,0.14282905835489468,1
/home/anitadonato/tcc/tcc/data/known_faces/Francisca/francisca_boa_45_esq.jpg,/home/anitadonato/tcc/tcc/data/known_faces/Francisca/francisca_extra_01.jpg,0.28696868678504217,1
/home/anitadonato/tcc/tcc/data/known_faces/Francisca/francisca_boa_45_esq.jpg,/home/anitadonato/tcc/tcc/data/known_faces/Francisca/francisca_extra_02.jpg,0.2699798358303527,1
/home/anitadonato/tcc/tcc/data/known_faces/Francisca/francisca_boa_45_esq.jpg,/home/anitadonato/tcc/tcc/data/known_faces/Francisca/francisca_extra_03.jpg,0.2216761812796243,1
/home/anitadonato/tcc/tcc/data/known_faces/Francisca/francisca_boa_45_esq.jpg,/home/anitadonato/tcc/tcc/data/known_faces/Francisca/francisca_extra_04.jpg,0.30963631082792,1
/home/anitadonato/tcc/tcc/data/known_faces/Francisca/francisca_boa_45_esq.jpg,/home/anitadonato/tcc/tcc/data/known_faces/Francisca/francisca_extra_05.jpg,0.34497861867972746,1
/home/anitadonato/tcc/tcc/data/known_faces/Francisca/francisca_boa_45_esq.jpg,/home/anitadonato/tcc/tcc/data/known_faces/Francisca/francisca_extra_06.jpg,0.29465569130350555,1
/home/anitadonato/tcc/tcc/data/known_faces/Francisca/francisca_boa_45_esq.jpg,/home/anitadonato/tcc/tcc/data/known_faces/Francisca/francisca_extra_07.jpg,0.2273620979280917,1
/home/anitadonato/tcc/tcc/data/known_faces/Francisca/francisca_boa_45_esq.jpg,/home/anitadonato/tcc/tcc/data/known_faces/Francisca/francisca_extra_08.jpg,0.3365785704002825,1
/home/anitadonato/tcc/tcc/data/known_faces/Francisca/francisca_boa_45_esq.jpg,/home/anitadonato/tcc/tcc/data/known_faces/Francisca/francisca_extra_09.jpg,0.27374635724384755,1
/home/anitadonato/tcc/tcc/data/known_faces/Francisca/francisca_boa_45_esq.jpg,/home/anitadonato/tcc/tcc/data/known_faces/Francisca/francisca_extra_10.jpg,0.2530647626611906,1
/home/anitadonato/tcc/tcc/data/known_faces/Francisca/francisca_boa_45_esq.jpg,/home/anitadonato/tcc/tcc/data/known_faces/Francisca/francisca_extra_11.jpg,0.2883935519564499,1
/home/anitadonato/tcc/tcc/data/known_faces/Francisca/francisca_boa_45_esq.jpg,/home/anitadonato/tcc/tcc/data/known_faces/Francisca/francisca_extra_13.jpg,0.2629982741045618,1
/home/anitadonato/tcc/tcc/data/known_faces/Francisca/francisca_boa_45_esq.jpg,/home/anitadonato/tcc/tcc/data/known_faces/Francisca/francisca_extra_14.jpg,0.28424643765006585,1
/home/anitadonato/tcc/tcc/data/known_faces/Francisca/francisca_boa_45_esq.jpg,/home/anitadonato/tcc/tcc/data/known_faces/Francisca/francisca_extra_15.jpg,0.22477056507357085,1
/home/anitadonato/tcc/tcc/data/known_faces/Francisca/francisca_boa_frontal.jpg,/home/anitadonato/tcc/tcc/data/known_faces/Francisca/francisca_extra_01.jpg,0.30856971233664743,1
/home/anitadonato/tcc/tcc/data/known_faces/Francisca/francisca_boa_frontal.jpg,/home/anitadonato/tcc/tcc/data/known_faces/Francisca/francisca_extra_02.jpg,0.2484055851979481,1
/home/anitadonato/tcc/tcc/data/known_faces/Francisca/francisca_boa_frontal.jpg,/home/anitadonato/tcc/tcc/data/known_faces/Francisca/francisca_extra_03.jpg,0.2580077684496054,1
/home/anitadonato/tcc/tcc/data/known_faces/Francisca/francisca_boa_frontal.jpg,/home/anitadonato/tcc/tcc/data/known_faces/Francisca/francisca_extra_04.jpg,0.26531958126423183,1
/home/anitadonato/tcc/tcc/data/known_faces/Francisca/francisca_boa_frontal.jpg,/home/anitadonato/tcc/tcc/data/known_faces/Francisca/francisca_extra_05.jpg,0.28538450645777036,1
/home/anitadonato/tcc/tcc/data/known_faces/Francisca/francisca_boa_frontal.jpg,/home/anitadonato/tcc/tcc/data/known_faces/Francisca/francisca_extra_06.jpg,0.2972535784966981,1
/home/anitadonato/tcc/tcc/data/known_faces/Francisca/francisca_boa_frontal.jpg,/home/anitadonato/tcc/tcc/data/known_faces/Francisca/francisca_extra_07.jpg,0.3489604577418628,1
/home/anitadonato/tcc/tcc/data/known_faces/Francisca/francisca_boa_frontal.jpg,/home/anitadonato/tcc/tcc/data/known_faces/Francisca/francisca_extra_08.jpg,0.41483414571514865,1
/home/anitadonato/tcc/tcc/data/known_faces/Francisca/francisca_boa_frontal.jpg,/home/anitadonato/tcc/tcc/data/known_faces/Francisca/francisca_extra_09.jpg,0.3298407524330318,1
/home/anitadonato/tcc/tcc/data/known_faces/Francisca/francisca_boa_frontal.jpg,/home/anitadonato/tcc/tcc/data/known_faces/Francisca/francisca_extra_10.jpg,0.3260902723723317,1
/home/anitadonato/tcc/tcc/data/known_faces/Francisca/francisca_boa_frontal.jpg,/home/anitadonato/tcc/tcc/data/known_faces/Francisca/francisca_extra_11.jpg,0.36084042493727764,1
/home/anitadonato/tcc/tcc/data/known_faces/Francisca/francisca_boa_frontal.jpg,/home/anitadonato/tcc/tcc/data/known_faces/Francisca/francisca_extra_13.jpg,0.138734871881653,1
/home/anitadonato/tcc/tcc/data/known_faces/Francisca/francisca_boa_frontal.jpg,/home/anitadonato/tcc/tcc/data/known_faces/Francisca/francisca_extra_14.jpg,0.18943058975143368,1
/home/anitadonato/tcc/tcc/data/known_faces/Francisca/francisca_boa_frontal.jpg,/home/anitadonato/tcc/tcc/data/known_faces/Francisca/francisca_extra_15.jpg,0.1478144302172788,1
/home/anitadonato/tcc/tcc/data/known_faces/Francisca/francisca_extra_01.jpg,/home/anitadonato/tcc/tcc/data/known_faces/Francisca/francisca_extra_02.jpg,0.060504881319280446,1
/home/anitadonato/tcc/tcc/data/known_faces/Francisca/francisca_extra_01.jpg,/home/anitadonato/tcc/tcc/data/known_faces/Francisca/francisca_extra_03.jpg,0.18672527987352971,1
/home/anitadonato/tcc/tcc/data/known_faces/Francisca/francisca_extra_01.jpg,/home/anitadonato/tcc/tcc/data/known_faces/Francisca/francisca_extra_04.jpg,0.12677101704635152,1
/home/anitadonato/tcc/tcc/data/known_faces/Francisca/francisca_extra_01.jpg,/home/anitadonato/tcc/tcc/data/known_faces/Francisca/francisca_extra_05.jpg,0.20087755581663724,1
/home/anitadonato/tcc/tcc/data/known_faces/Francisca/francisca_extra_01.jpg,/home/anitadonato/tcc/tcc/data/known_faces/Francisca/francisca_extra_06.jpg,0.10710829818860357,1
/home/anitadonato/tcc/tcc/data/known_faces/Francisca/francisca_extra_01.jpg,/home/anitadonato/tcc/tcc/data/known_faces/Francisca/francisca_extra_07.jpg,0.4022939286313615,1
/home/anitadonato/tcc/tcc/data/known_faces/Francisca/francisca_extra_01.jpg,/home/anitadonato/tcc/tcc/data/known_faces/Francisca/francisca_extra_08.jpg,0.23310404559400788,1
/home/anitadonato/tcc/tcc/data/known_faces/Francisca/francisca_extra_01.jpg,/home/anitadonato/tcc/tcc/data/known_faces/Francisca/francisca_extra_09.jpg,0.30062695133590145,1
/home/anitadonato/tcc/tcc/data/known_faces/Francisca/francisca_extra_01.jpg,/home/anitadonato/tcc/tcc/data/known_faces/Francisca/francisca_extra_10.jpg,0.3157612486410887,1
/home/anitadonato/tcc/tcc/data/known_faces/Francisca/francisca_extra_01.jpg,/home/anitadonato/tcc/tcc/data/known_faces/Francisca/francisca_extra_11.jpg,0.2692349835336051,1
/home/anitadonato/tcc/tcc/data/known_faces/Francisca/francisca_extra_01.jpg,/home/anitadonato/tcc/tcc/data/known_faces/Francisca/francisca_extra_13.jpg,0.3271082154760969,1
/home/anitadonato/tcc/tcc/data/known_faces/Francisca/francisca_extra_01.jpg,/home/anitadonato/tcc/tcc/data/known_faces/Francisca/francisca_extra_14.jpg,0.3604561371624553,1
/home/anitadonato/tcc/tcc/data/known_faces/Francisca/francisca_extra_01.jpg,/home/anitadonato/tcc/tcc/data/known_faces/Francisca/francisca_extra_15.jpg,0.32489073186254924,1
/home/anitadonato/tcc/tcc/data/known_faces/Francisca/francisca_extra_02.jpg,/home/anitadonato/tcc/tcc/data/known_faces/Francisca/francisca_extra_03.jpg,0.1966478099640817,1
/home/anitadonato/tcc/tcc/data/known_faces/Francisca/francisca_extra_02.jpg,/home/anitadonato/tcc/tcc/data/known_faces/Francisca/francisca_extra_04.jpg,0.16177641616697203,1
/home/anitadonato/tcc/tcc/data/known_faces/Francisca/francisca_extra_02.jpg,/home/anitadonato/tcc/tcc/data/known_faces/Francisca/francisca_extra_05.jpg,0.2078269944373865,1
/home/anitadonato/tcc/tcc/data/known_faces/Francisca/francisca_extra_02.jpg,/home/anitadonato/tcc/tcc/data/known_faces/Francisca/francisca_extra_06.jpg,0.15419460384338446,1
/home/anitadonato/tcc/tcc/data/known_faces/Francisca/francisca_extra_02.jpg,/home/anitadonato/tcc/tcc/data/known_faces/Francisca/francisca_extra_07.jpg,0.3887438662250272,1
/home/anitadonato/tcc/tcc/data/known_faces/Francisca/francisca_extra_02.jpg,/home/anitadonato/tcc/tcc/data/known_faces/Francisca/francisca_extra_08.jpg,0.2380400720614516,1
/home/anitadonato/tcc/tcc/data/known_faces/Francisca/francisca_extra_02.jpg,/home/anitadonato/tcc/tcc/data/known_faces/Francisca/francisca_extra_09.jpg,0.2817481663244956,1
/home/anitadonato/tcc/tcc/data/known_faces/Francisca/francisca_extra_02.jpg,/home/anitadonato/tcc/tcc/data/known_faces/Francisca/francisca_extra_10.jpg,0.299123598658912,1
/home/anitadonato/tcc/tcc/data/known_faces/Francisca/francisca_extra_02.jpg,/home/anitadonato/tcc/tcc/data/known_faces/Francisca/francisca_extra_11.jpg,0.26616045058104665,1
/home/anitadonato/tcc/tcc/data/known_faces/Francisca/francisca_extra_02.jpg,/home/anitadonato/tcc/tcc/data/known_faces/Francisca/francisca_extra_13.jpg,0.2524590138853495,1
/home/anitadonato/tcc/tcc/data/known_faces/Francisca/francisca_extra_02.jpg,/home/anitadonato/tcc/tcc/data/known_faces/Francisca/francisca_extra_14.jpg,0.29640416019137783,1
/home/anitadonato/tcc/tcc/data/known_faces/Francisca/francisca_extra_02.jpg,/home/anitadonato/tcc/tcc/data/known_faces/Francisca/francisca_extra_15.jpg,0.25174259332416893,1
/home/anitadonato/tcc/tcc/data/known_faces/Francisca/francisca_extra_03.jpg,/home/anitadonato/tcc/tcc/data/known_faces/Francisca/francisca_extra_04.jpg,0.2230757996940087,1
/home/anitadonato/tcc/tcc/data/known_faces/Francisca/francisca_extra_03.jpg,/home/anitadonato/tcc/tcc/data/known_faces/Francisca/francisca_extra_05.jpg,0.28640986580919725,1
/home/anitadonato/tcc/tcc/data/known_faces/Francisca/francisca_extra_03.jpg,/home/anitadonato/tcc/tcc/data/known_faces/Francisca/francisca_extra_06.jpg,0.227561994804932,1
/home/anitadonato/tcc/tcc/data/known_faces/Francisca/francisca_extra_03.jpg,/home/anitadonato/tcc/tcc/data/known_faces/Francisca/francisca_extra_07.jpg,0.25619134795429255,1
/home/anitadonato/tcc/tcc/data/known_faces/Francisca/francisca_extra_03.jpg,/home/anitadonato/tcc/tcc/data/known_faces/Francisca/francisca_extra_08.jpg,0.2063009772407024,1
/home/anitadonato/tcc/tcc/data/known_faces/Francisca/francisca_extra_03.jpg,/home/anitadonato/tcc/tcc/data/known_faces/Francisca/francisca_extra_09.jpg,0.25034118067106026,1
/home/anitadonato/tcc/tcc/data/known_faces/Francisca/francisca_extra_03.jpg,/home/anitadonato/tcc/tcc/data/known_faces/Francisca/francisca_extra_10.jpg,0.24372931048793445,1
/home/anitadonato/tcc/tcc/data/known_faces/Francisca/francisca_extra_03.jpg,/home/anitadonato/tcc/tcc/data/known_faces/Francisca/francisca_extra_11.jpg,0.2694781170500986,1
/home/anitadonato/tcc/tcc/data/known_faces/Francisca/francisca_extra_03.jpg,/home/anitadonato/tcc/tcc/data/known_faces/Francisca/francisca_extra_13.jpg,0.25015521203634117,1
/home/anitadonato/tcc/tcc/data/known_faces/Francisca/francisca_extra_03.jpg,/home/anitadonato/tcc/tcc/data/known_faces/Francisca/francisca_extra_14.jpg,0.2564657718149037,1
/home/anitadonato/tcc/tcc/data/known_faces/Francisca/francisca_extra_03.jpg,/home/anitadonato/tcc/tcc/data/known_faces/Francisca/francisca_extra_15.jpg,0.2791015904305497,1
/home/anitadonato/tcc/tcc/data/known_faces/Francisca/francisca_extra_04.jpg,/home/anitadonato/tcc/tcc/data/known_faces/Francisca/francisca_extra_05.jpg,0.0528961261241937,1
/home/anitadonato/tcc/tcc/data/known_faces/Francisca/francisca_extra_04.jpg,/home/anitadonato/tcc/tcc/data/known_faces/Francisca/francisca_extra_06.jpg,0.09391827679066522,1
/home/anitadonato/tcc/tcc/data/known_faces/Francisca/francisca_extra_04.jpg,/home/anitadonato/tcc/tcc/data/known_faces/Francisca/francisca_extra_07.jpg,0.3801739401098362,1
/home/anitadonato/tcc/tcc/data/known_faces/Francisca/francisca_extra_04.jpg,/home/anitadonato/tcc/tcc/data/known_faces/Francisca/francisca_extra_08.jpg,0.3091417771622651,1
/home/anitadonato/tcc/tcc/data/known_faces/Francisca/francisca_extra_04.jpg,/home/anitadonato/tcc/tcc/data/known_faces/Francisca/francisca_extra_09.jpg,0.32894586108304813,1
/home/anitadonato/tcc/tcc/data/known_faces/Francisca/francisca_extra_04.jpg,/home/anitadonato/tcc/tcc/data/known_faces/Francisca/francisca_extra_10.jpg,0.3376572013620106,1
/home/anitadonato/tcc/tcc/data/known_faces/Francisca/francisca_extra_04.jpg,/home/anitadonato/tcc/tcc/data/known_faces/Francisca/francisca_extra_11.jpg,0.3922484132483587,1
/home/anitadonato/tcc/tcc/data/known_faces/Francisca/francisca_extra_04.jpg,/home/anitadonato/tcc/tcc/data/known_faces/Francisca/francisca_extra_13.jpg,0.3029575891858949,1
/home/anitadonato/tcc/tcc/data/known_faces/Francisca/francisca_extra_04.jpg,/home/anitadonato/tcc/tcc/data/known_faces/Francisca/francisca_extra_14.jpg,0.32579088311400384,1
/home/anitadonato/tcc/tcc/data/known_faces/Francisca/francisca_extra_04.jpg,/home/anitadonato/tcc/tcc/data/known_faces/Francisca/francisca_extra_15.jpg,0.29250513833591407,1
/home/anitadonato/tcc/tcc/data/known_faces/Francisca/francisca_extra_05.jpg,/home/anitadonato/tcc/tcc/data/known_faces/Francisca/francisca_extra_06.jpg,0.16548723824655354,1
/home/anitadonato/tcc/tcc/data/known_faces/Francisca/francisca_extra_05.jpg,/home/anitadonato/tcc/tcc/data/known_faces/Francisca/francisca_extra_07.jpg,0.4344523414368531,1
/home/anitadonato/tcc/tcc/data/known_faces/Francisca/francisca_extra_05.jpg,/home/anitadonato/tcc/tcc/data/known_faces/Francisca/francisca_extra_08.jpg,0.36672458213539894,1
/home/anitadonato/tcc/tcc/data/known_faces/Francisca/francisca_extra_05.jpg,/home/anitadonato/tcc/tcc/data/known_faces/Francisca/francisca_extra_09.jpg,0.3957880347355962,1
/home/anitadonato/tcc/tcc/data/known_faces/Francisca/francisca_extra_05.jpg,/home/anitadonato/tcc/tcc/data/known_faces/Francisca/francisca_extra_10.jpg,0.39912205836691783,1
/home/anitadonato/tcc/tcc/data/known_faces/Francisca/francisca_extra_05.jpg,/home/anitadonato/tcc/tcc/data/known_faces/Francisca/francisca_extra_11.jpg,0.4405896542342518,1
/home/anitadonato/tcc/tcc/data/known_faces/Francisca/francisca_extra_05.jpg,/home/anitadonato/tcc/tcc/data/known_faces/Francisca/francisca_extra_13.jpg,0.31853028463445265,1
/home/anitadonato/tcc/tcc/data/known_faces/Francisca/francisca_extra_05.jpg,/home/anitadonato/tcc/tcc/data/known_faces/Francisca/francisca_extra_14.jpg,0.3410045383584205,1
/home/anitadonato/tcc/tcc/data/known_faces/Francisca/francisca_extra_05.jpg,/home/anitadonato/tcc/tcc/data/known_faces/Francisca/francisca_extra_15.jpg,0.2625590430642476,1
/home/anitadonato/tcc/tcc/data/known_faces/Francisca/francisca_extra_06.jpg,/home/anitadonato/tcc/tcc/data/known_faces/Francisca/francisca_extra_07.jpg,0.3302593778180559,1
/home/anitadonato/tcc/tcc/data/known_faces/Francisca/francisca_extra_06.jpg,/home/anitadonato/tcc/tcc/data/known_faces/Francisca/francisca_extra_08.jpg,0.2659023057726635,1
/home/anitadonato/tcc/tcc/data/known_faces/Francisca/francisca_extra_06.jpg,/home/anitadonato/tcc/tcc/data/known_faces/Francisca/francisca_extra_09.jpg,0.30636600764097355,1
/home/anitadonato/tcc/tcc/data/known_faces/Francisca/francisca_extra_06.jpg,/home/anitadonato/tcc/tcc/data/known_faces/Francisca/francisca_extra_10.jpg,0.32488492420430826,1
/home/anitadonato/tcc/tcc/data/known_faces/Francisca/francisca_extra_06.jpg,/home/anitadonato/tcc/tcc/data/known_faces/Francisca/francisca_extra_11.jpg,0.3246145788275855,1
/home/anitadonato/tcc/tcc/data/known_faces/Francisca/francisca_extra_06.jpg,/home/anitadonato/tcc/tcc/data/known_faces/Francisca/francisca_extra_13.jpg,0.36751423319783527,1
/home/anitadonato/tcc/tcc/data/known_faces/Francisca/francisca_extra_06.jpg,/home/anitadonato/tcc/tcc/data/known_faces/Francisca/francisca_extra_14.jpg,0.3753372649539466,1
/home/anitadonato/tcc/tcc/data/known_faces/Francisca/francisca_extra_06.jpg,/home/anitadonato/tcc/tcc/data/known_faces/Francisca/francisca_extra_15.jpg,0.3072607083341685,1
/home/anitadonato/tcc/tcc/data/known_faces/Francisca/francisca_extra_07.jpg,/home/anitadonato/tcc/tcc/data/known_faces/Francisca/francisca_extra_08.jpg,0.280946398040408,1
/home/anitadonato/tcc/tcc/data/known_faces/Francisca/francisca_extra_07.jpg,/home/anitadonato/tcc/tcc/data/known_faces/Francisca/francisca_extra_09.jpg,0.24161243544594568,1
/home/anitadonato/tcc/tcc/data/known_faces/Francisca/francisca_extra_07.jpg,/home/anitadonato/tcc/tcc/data/known_faces/Francisca/francisca_extra_10.jpg,0.23555561573243766,1
/home/anitadonato/tcc/tcc/data/known_faces/Francisca/francisca_extra_07.jpg,/home/anitadonato/tcc/tcc/data/known_faces/Francisca/francisca_extra_11.jpg,0.31838998317020695,1
/home/anitadonato/tcc/tcc/data/known_faces/Francisca/francisca_extra_07.jpg,/home/anitadonato/tcc/tcc/data/known_faces/Francisca/francisca_extra_13.jpg,0.44048225183542833,1
/home/anitadonato/tcc/tcc/data/known_faces/Francisca/francisca_extra_07.jpg,/home/anitadonato/tcc/tcc/data/known_faces/Francisca/francisca_extra_14.jpg,0.4157324822735926,1
/home/anitadonato/tcc/tcc/data/known_faces/Francisca/francisca_extra_07.jpg,/home/anitadonato/tcc/tcc/data/known_faces/Francisca/francisca_extra_15.jpg,0.3821304457033816,1
/home/anitadonato/tcc/tcc/data/known_faces/Francisca/francisca_extra_08.jpg,/home/anitadonato/tcc/tcc/data/known_faces/Francisca/francisca_extra_09.jpg,0.15273043707331369,1
/home/anitadonato/tcc/tcc/data/known_faces/Francisca/francisca_extra_08.jpg,/home/anitadonato/tcc/tcc/data/known_faces/Francisca/francisca_extra_10.jpg,0.16775887056931515,1
/home/anitadonato/tcc/tcc/data/known_faces/Francisca/francisca_extra_08.jpg,/home/anitadonato/tcc/tcc/data/known_faces/Francisca/francisca_extra_11.jpg,0.27341734661732753,1
/home/anitadonato/tcc/tcc/data/known_faces/Francisca/francisca_extra_08.jpg,/home/anitadonato/tcc/tcc/data/known_faces/Francisca/francisca_extra_13.jpg,0.4025460246089173,1
/home/anitadonato/tcc/tcc/data/known_faces/Francisca/francisca_extra_08.jpg,/home/anitadonato/tcc/tcc/data/known_faces/Francisca/francisca_extra_14.jpg,0.38046213668472384,1
/home/anitadonato/tcc/tcc/data/known_faces/Francisca/francisca_extra_08.jpg,/home/anitadonato/tcc/tcc/data/known_faces/Francisca/francisca_extra_15.jpg,0.39965215713547,1
/home/anitadonato/tcc/tcc/data/known_faces/Francisca/francisca_extra_09.jpg,/home/anitadonato/tcc/tcc/data/known_faces/Francisca/francisca_extra_10.jpg,0.013281423676842041,1
/home/anitadonato/tcc/tcc/data/known_faces/Francisca/francisca_extra_09.jpg,/home/anitadonato/tcc/tcc/data/known_faces/Francisca/francisca_extra_11.jpg,0.2572615234753899,1
/home/anitadonato/tcc/tcc/data/known_faces/Francisca/francisca_extra_09.jpg,/home/anitadonato/tcc/tcc/data/known_faces/Francisca/francisca_extra_13.jpg,0.34061043577761374,1
/home/anitadonato/tcc/tcc/data/known_faces/Francisca/francisca_extra_09.jpg,/home/anitadonato/tcc/tcc/data/known_faces/Francisca/francisca_extra_14.jpg,0.3431514644786766,1
/home/anitadonato/tcc/tcc/data/known_faces/Francisca/francisca_extra_09.jpg,/home/anitadonato/tcc/tcc/data/known_faces/Francisca/francisca_extra_15.jpg,0.36991148789067485,1
/home/anitadonato/tcc/tcc/data/known_faces/Francisca/francisca_extra_10.jpg,/home/anitadonato/tcc/tcc/data/known_faces/Francisca/francisca_extra_11.jpg,0.24837412900777833,1
/home/anitadonato/tcc/tcc/data/known_faces/Francisca/francisca_extra_10.jpg,/home/anitadonato/tcc/tcc/data/known_faces/Francisca/francisca_extra_13.jpg,0.33375053660860754,1
/home/anitadonato/tcc/tcc/data/known_faces/Francisca/francisca_extra_10.jpg,/home/anitadonato/tcc/tcc/data/known_faces/Francisca/francisca_extra_14.jpg,0.33390094764186773,1
/home/anitadonato/tcc/tcc/data/known_faces/Francisca/francisca_extra_10.jpg,/home/anitadonato/tcc/tcc/data/known_faces/Francisca/francisca_extra_15.jpg,0.37772802770412905,1
/home/anitadonato/tcc/tcc/data/known_faces/Francisca/francisca_extra_11.jpg,/home/anitadonato/tcc/tcc/data/known_faces/Francisca/francisca_extra_13.jpg,0.3874376823465032,1
/home/anitadonato/tcc/tcc/data/known_faces/Francisca/francisca_extra_11.jpg,/home/anitadonato/tcc/tcc/data/known_faces/Francisca/francisca_extra_14.jpg,0.39507426797779754,1
/home/anitadonato/tcc/tcc/data/known_faces/Francisca/francisca_extra_11.jpg,/home/anitadonato/tcc/tcc/data/known_faces/Francisca/francisca_extra_15.jpg,0.40590063448788427,1
/home/anitadonato/tcc/tcc/data/known_faces/Francisca/francisca_extra_13.jpg,/home/anitadonato/tcc/tcc/data/known_faces/Francisca/francisca_extra_14.jpg,0.07416759902756298,1
/home/anitadonato/tcc/tcc/data/known_faces/Francisca/francisca_extra_13.jpg,/home/anitadonato/tcc/tcc/data/known_faces/Francisca/francisca_extra_15.jpg,0.17837932347922336,1
/home/anitadonato/tcc/tcc/data/known_faces/Francisca/francisca_extra_14.jpg,/home/anitadonato/tcc/tcc/data/known_faces/Francisca/francisca_extra_15.jpg,0.21119914273744766,1
/home/anitadonato/tcc/tcc/data/known_faces/JUNIOR/junior_baixa_45_1m.jpeg,/home/anitadonato/tcc/tcc/data/known_faces/JUNIOR/junior_baixa_45_30cm.jpeg,0.16555474588110108,1
/home/anitadonato/tcc/tcc/data/known_faces/JUNIOR/junior_baixa_45_1m.jpeg,/home/anitadonato/tcc/tcc/data/known_faces/JUNIOR/junior_baixa_frontal_1m.jpeg,0.4673100137139785,1
/home/anitadonato/tcc/tcc/data/known_faces/JUNIOR/junior_baixa_45_1m.jpeg,/home/anitadonato/tcc/tcc/data/known_faces/JUNIOR/junior_baixa_frontal_30cm.jpeg,0.5364745242341246,1
/home/anitadonato/tcc/tcc/data/known_faces/JUNIOR/junior_baixa_45_1m.jpeg,/home/anitadonato/tcc/tcc/data/known_faces/JUNIOR/junior_boa_45_1m.jpeg,0.48356825741825193,1
/home/anitadonato/tcc/tcc/data/known_faces/JUNIOR/junior_baixa_45_1m.jpeg,/home/anitadonato/tcc/tcc/data/known_faces/JUNIOR/junior_boa_45_30cm.jpeg,0.46415005139944376,1
/home/anitadonato/tcc/tcc/data/known_faces/JUNIOR/junior_baixa_45_1m.jpeg,/home/anitadonato/tcc/tcc/data/known_faces/JUNIOR/junior_boa_frontal_1m.jpeg,0.5283077965092257,1
/home/anitadonato/tcc/tcc/data/known_faces/JUNIOR/junior_baixa_45_1m.jpeg,/home/anitadonato/tcc/tcc/data/known_faces/JUNIOR/junior_boa_frontal_30cm.jpeg,0.5863023497022812,1
/home/anitadonato/tcc/tcc/data/known_faces/JUNIOR/junior_baixa_45_1m.jpeg,/home/anitadonato/tcc/tcc/data/known_faces/JUNIOR/junior_extra_01.jpeg,0.8249248252755901,1
/home/anitadonato/tcc/tcc/data/known_faces/JUNIOR/junior_baixa_45_1m.jpeg,/home/anitadonato/tcc/tcc/data/known_faces/JUNIOR/junior_extra_02.jpeg,0.7685065991930521,1
/home/anitadonato/tcc/tcc/data/known_faces/JUNIOR/junior_baixa_45_1m.jpeg,/home/anitadonato/tcc/tcc/data/known_faces/JUNIOR/junior_extra_03.jpeg,0.7328709641397515,1
/home/anitadonato/tcc/tcc/data/known_faces/JUNIOR/junior_baixa_45_1m.jpeg,/home/anitadonato/tcc/tcc/data/known_faces/JUNIOR/junior_extra_04.jpeg,0.7761457374813084,1
/home/anitadonato/tcc/tcc/data/known_faces/JUNIOR/junior_baixa_45_1m.jpeg,/home/anitadonato/tcc/tcc/data/known_faces/JUNIOR/junior_extra_05.jpeg,0.6832568846866431,1
/home/anitadonato/tcc/tcc/data/known_faces/JUNIOR/junior_baixa_45_1m.jpeg,/home/anitadonato/tcc/tcc/data/known_faces/JUNIOR/junior_extra_06.jpeg,0.76340868079603,1
/home/anitadonato/tcc/tcc/data/known_faces/JUNIOR/junior_baixa_45_1m.jpeg,/home/anitadonato/tcc/tcc/data/known_faces/JUNIOR/junior_extra_07.jpeg,0.6907476039322147,1
/home/anitadonato/tcc/tcc/data/known_faces/JUNIOR/junior_baixa_45_1m.jpeg,/home/anitadonato/tcc/tcc/data/known_faces/JUNIOR/junior_extra_08.jpeg,0.7804805857019576,1
/home/anitadonato/tcc/tcc/data/known_faces/JUNIOR/junior_baixa_45_1m.jpeg,/home/anitadonato/tcc/tcc/data/known_faces/JUNIOR/junior_moderada_45_1m.jpeg,0.5418208351724705,1
/home/anitadonato/tcc/tcc/data/known_faces/JUNIOR/junior_baixa_45_1m.jpeg,/home/anitadonato/tcc/tcc/data/known_faces/JUNIOR/junior_moderada_45_30cm.jpeg,0.46040824069789643,1
/home/anitadonato/tcc/tcc/data/known_faces/JUNIOR/junior_baixa_45_1m.jpeg,/home/anitadonato/tcc/tcc/data/known_faces/JUNIOR/junior_moderada_frontal_1m.jpeg,0.486237452093773,1
/home/anitadonato/tcc/tcc/data/known_faces/JUNIOR/junior_baixa_45_1m.jpeg,/home/anitadonato/tcc/tcc/data/known_faces/JUNIOR/junior_moderada_frontal_30cm.jpeg,0.55782662200342,1
/home/anitadonato/tcc/tcc/data/known_faces/JUNIOR/junior_baixa_45_30cm.jpeg,/home/anitadonato/tcc/tcc/data/known_faces/JUNIOR/junior_baixa_frontal_1m.jpeg,0.4985408772557516,1
/home/anitadonato/tcc/tcc/data/known_faces/JUNIOR/junior_baixa_45_30cm.jpeg,/home/anitadonato/tcc/tcc/data/known_faces/JUNIOR/junior_baixa_frontal_30cm.jpeg,0.5571942066415041,1
/home/anitadonato/tcc/tcc/data/known_faces/JUNIOR/junior_baixa_45_30cm.jpeg,/home/anitadonato/tcc/tcc/data/known_faces/JUNIOR/junior_boa_45_1m.jpeg,0.5110982063945142,1
/home/anitadonato/tcc/tcc/data/known_faces/JUNIOR/junior_baixa_45_30cm.jpeg,/home/anitadonato/tcc/tcc/data/known_faces/JUNIOR/junior_boa_45_30cm.jpeg,0.4599782584471246,1
/home/anitadonato/tcc/tcc/data/known_faces/JUNIOR/junior_baixa_45_30cm.jpeg,/home/anitadonato/tcc/tcc/data/known_faces/JUNIOR/junior_boa_frontal_1m.jpeg,0.5707462930604177,1
/home/anitadonato/tcc/tcc/data/known_faces/JUNIOR/junior_baixa_45_30cm.jpeg,/home/anitadonato/tcc/tcc/data/known_faces/JUNIOR/junior_boa_frontal_30cm.jpeg,0.6108039266539903,1
/home/anitadonato/tcc/tcc/data/known_faces/JUNIOR/junior_baixa_45_30cm.jpeg,/home/anitadonato/tcc/tcc/data/known_faces/JUNIOR/junior_extra_01.jpeg,0.8294983610811142,1
/home/anitadonato/tcc/tcc/data/known_faces/JUNIOR/junior_baixa_45_30cm.jpeg,/home/anitadonato/tcc/tcc/data/known_faces/JUNIOR/junior_extra_02.jpeg,0.7982120170238228,1
/home/anitadonato/tcc/tcc/data/known_faces/JUNIOR/junior_baixa_45_30cm.jpeg,/home/anitadonato/tcc/tcc/data/known_faces/JUNIOR/junior_extra_03.jpeg,0.7817150282565952,1
/home/anitadonato/tcc/tcc/data/known_faces/JUNIOR/junior_baixa_45_30cm.jpeg,/home/anitadonato/tcc/tcc/data/known_faces/JUNIOR/junior_extra_04.jpeg,0.7853981771220546,1
/home/anitadonato/tcc/tcc/data/known_faces/JUNIOR/junior_baixa_45_30cm.jpeg,/home/anitadonato/tcc/tcc/data/known_faces/JUNIOR/junior_extra_05.jpeg,0.7127225118820802,1
/home/anitadonato/tcc/tcc/data/known_faces/JUNIOR/junior_baixa_45_30cm.jpeg,/home/anitadonato/tcc/tcc/data/known_faces/JUNIOR/junior_extra_06.jpeg,0.7873925782919012,1
/home/anitadonato/tcc/tcc/data/known_faces/JUNIOR/junior_baixa_45_30cm.jpeg,/home/anitadonato/tcc/tcc/data/known_faces/JUNIOR/junior_extra_07.jpeg,0.7446817438079194,1
/home/anitadonato/tcc/tcc/data/known_faces/JUNIOR/junior_baixa_45_30cm.jpeg,/home/anitadonato/tcc/tcc/data/known_faces/JUNIOR/junior_extra_08.jpeg,0.7992257517261112,1
/home/anitadonato/tcc/tcc/data/known_faces/JUNIOR/junior_baixa_45_30cm.jpeg,/home/anitadonato/tcc/tcc/data/known_faces/JUNIOR/junior_moderada_45_1m.jpeg,0.5732724153036481,1
/home/anitadonato/tcc/tcc/data/known_faces/JUNIOR/junior_baixa_45_30cm.jpeg,/home/anitadonato/tcc/tcc/data/known_faces/JUNIOR/junior_moderada_45_30cm.jpeg,0.4068738277447883,1
/home/anitadonato/tcc/tcc/data/known_faces/JUNIOR/junior_baixa_45_30cm.jpeg,/home/anitadonato/tcc/tcc/data/known_faces/JUNIOR/junior_moderada_frontal_1m.jpeg,0.5121323515569858,1
/home/anitadonato/tcc/tcc/data/known_faces/JUNIOR/junior_baixa_45_30cm.jpeg,/home/anitadonato/tcc/tcc/data/known_faces/JUNIOR/junior_moderada_frontal_30cm.jpeg,0.561320507998583,1
/home/anitadonato/tcc/tcc/data/known_faces/JUNIOR/junior_baixa_frontal_1m.jpeg,/home/anitadonato/tcc/tcc/data/known_faces/JUNIOR/junior_baixa_frontal_30cm.jpeg,0.13234775103525742,1
/home/anitadonato/tcc/tcc/data/known_faces/JUNIOR/junior_baixa_frontal_1m.jpeg,/home/anitadonato/tcc/tcc/data/known_faces/JUNIOR/junior_boa_45_1m.jpeg,0.39718207404363637,1
/home/anitadonato/tcc/tcc/data/known_faces/JUNIOR/junior_baixa_frontal_1m.jpeg,/home/anitadonato/tcc/tcc/data/known_faces/JUNIOR/junior_boa_45_30cm.jpeg,0.39543689355503975,1
/home/anitadonato/tcc/tcc/data/known_faces/JUNIOR/junior_baixa_frontal_1m.jpeg,/home/anitadonato/tcc/tcc/data/known_faces/JUNIOR/junior_boa_frontal_1m.jpeg,0.26484863452227625,1
/home/anitadonato/tcc/tcc/data/known_faces/JUNIOR/junior_baixa_frontal_1m.jpeg,/home/anitadonato/tcc/tcc/data/known_faces/JUNIOR/junior_boa_frontal_30cm.jpeg,0.2870586211041065,1
/home/anitadonato/tcc/tcc/data/known_faces/JUNIOR/junior_baixa_frontal_1m.jpeg,/home/anitadonato/tcc/tcc/data/known_faces/JUNIOR/junior_extra_01.jpeg,0.8757512733957246,1
/home/anitadonato/tcc/tcc/data/known_faces/JUNIOR/junior_baixa_frontal_1m.jpeg,/home/anitadonato/tcc/tcc/data/known_faces/JUNIOR/junior_extra_02.jpeg,0.8146554158510173,1
/home/anitadonato/tcc/tcc/data/known_faces/JUNIOR/junior_baixa_frontal_1m.jpeg,/home/anitadonato/tcc/tcc/data/known_faces/JUNIOR/junior_extra_03.jpeg,0.7757292742867091,1
/home/anitadonato/tcc/tcc/data/known_faces/JUNIOR/junior_baixa_frontal_1m.jpeg,/home/anitadonato/tcc/tcc/data/known_faces/JUNIOR/junior_extra_04.jpeg,0.8579857646325467,1
/home/anitadonato/tcc/tcc/data/known_faces/JUNIOR/junior_baixa_frontal_1m.jpeg,/home/anitadonato/tcc/tcc/data/known_faces/JUNIOR/junior_extra_05.jpeg,0.7219211006219572,1
/home/anitadonato/tcc/tcc/data/known_faces/JUNIOR/junior_baixa_frontal_1m.jpeg,/home/anitadonato/tcc/tcc/data/known_faces/JUNIOR/junior_extra_06.jpeg,0.7784273325427546,1
/home/anitadonato/tcc/tcc/data/known_faces/JUNIOR/junior_baixa_frontal_1m.jpeg,/home/anitadonato/tcc/tcc/data/known_faces/JUNIOR/junior_extra_07.jpeg,0.7267801136493037,1
/home/anitadonato/tcc/tcc/data/known_faces/JUNIOR/junior_baixa_frontal_1m.jpeg,/home/anitadonato/tcc/tcc/data/known_faces/JUNIOR/junior_extra_08.jpeg,0.7682147246592314,1
/home/anitadonato/tcc/tcc/data/known_faces/JUNIOR/junior_baixa_frontal_1m.jpeg,/home/anitadonato/tcc/tcc/data/known_faces/JUNIOR/junior_moderada_45_1m.jpeg,0.4966510627813663,1
/home/anitadonato/tcc/tcc/data/known_faces/JUNIOR/junior_baixa_frontal_1m.jpeg,/home/anitadonato/tcc/tcc/data/known_faces/JUNIOR/junior_moderada_45_30cm.jpeg,0.36791814765144837,1
/home/anitadonato/tcc/tcc/data/known_faces/JUNIOR/junior_baixa_frontal_1m.jpeg,/home/anitadonato/tcc/tcc/data/known_faces/JUNIOR/junior_moderada_frontal_1m.jpeg,0.20452319648655026,1
/home/anitadonato/tcc/tcc/data/known_faces/JUNIOR/junior_baixa_frontal_1m.jpeg,/home/anitadonato/tcc/tcc/data/known_faces/JUNIOR/junior_moderada_frontal_30cm.jpeg,0.2568745133188437,1
/home/anitadonato/tcc/tcc/data/known_faces/JUNIOR/junior_baixa_frontal_30cm.jpeg,/home/anitadonato/tcc/tcc/data/known_faces/JUNIOR/junior_boa_45_1m.jpeg,0.42302950589393595,1
/home/anitadonato/tcc/tcc/data/known_faces/JUNIOR/junior_baixa_frontal_30cm.jpeg,/home/anitadonato/tcc/tcc/data/known_faces/JUNIOR/junior_boa_45_30cm.jpeg,0.4031622122794395,1
/home/anitadonato/tcc/tcc/data/known_faces/JUNIOR/junior_baixa_frontal_30cm.jpeg,/home/anitadonato/tcc/tcc/data/known_faces/JUNIOR/junior_boa_frontal_1m.jpeg,0.24562034720310355,1
/home/anitadonato/tcc/tcc/data/known_faces/JUNIOR/junior_baixa_frontal_30cm.jpeg,/home/anitadonato/tcc/tcc/data/known_faces/JUNIOR/junior_boa_frontal_30cm.jpeg,0.16056603013212212,1
/home/anitadonato/tcc/tcc/data/known_faces/JUNIOR/junior_baixa_frontal_30cm.jpeg,/home/anitadonato/tcc/tcc/data/known_faces/JUNIOR/junior_extra_01.jpeg,0.8392308965361828,1
/home/anitadonato/tcc/tcc/data/known_faces/JUNIOR/junior_baixa_frontal_30cm.jpeg,/home/anitadonato/tcc/tcc/data/known_faces/JUNIOR/junior_extra_02.jpeg,0.7483940014771313,1
/home/anitadonato/tcc/tcc/data/known_faces/JUNIOR/junior_baixa_frontal_30cm.jpeg,/home/anitadonato/tcc/tcc/data/known_faces/JUNIOR/junior_extra_03.jpeg,0.7646823053664559,1
/home/anitadonato/tcc/tcc/data/known_faces/JUNIOR/junior_baixa_frontal_30cm.jpeg,/home/anitadonato/tcc/tcc/data/known_faces/JUNIOR/junior_extra_04.jpeg,0.8604291355100326,1
/home/anitadonato/tcc/tcc/data/known_faces/JUNIOR/junior_baixa_frontal_30cm.jpeg,/home/anitadonato/tcc/tcc/data/known_faces/JUNIOR/junior_extra_05.jpeg,0.7016432883459516,1
/home/anitadonato/tcc/tcc/data/known_faces/JUNIOR/junior_baixa_frontal_30cm.jpeg,/home/anitadonato/tcc/tcc/data/known_faces/JUNIOR/junior_extra_06.jpeg,0.7407040256111811,1
/home/anitadonato/tcc/tcc/data/known_faces/JUNIOR/junior_baixa_frontal_30cm.jpeg,/home/anitadonato/tcc/tcc/data/known_faces/JUNIOR/junior_extra_07.jpeg,0.7265539989286064,1
/home/anitadonato/tcc/tcc/data/known_faces/JUNIOR/junior_baixa_frontal_30cm.jpeg,/home/anitadonato/tcc/tcc/data/known_faces/JUNIOR/junior_extra_08.jpeg,0.7759798172458838,1
/home/anitadonato/tcc/tcc/data/known_faces/JUNIOR/junior_baixa_frontal_30cm.jpeg,/home/anitadonato/tcc/tcc/data/known_faces/JUNIOR/junior_moderada_45_1m.jpeg,0.5409483060091196,1
/home/anitadonato/tcc/tcc/data/known_faces/JUNIOR/junior_baixa_frontal_30cm.jpeg,/home/anitadonato/tcc/tcc/data/known_faces/JUNIOR/junior_moderada_45_30cm.jpeg,0.40504266236670194,1
/home/anitadonato/tcc/tcc/data/known_faces/JUNIOR/junior_baixa_frontal_30cm.jpeg,/home/anitadonato/tcc/tcc/data/known_faces/JUNIOR/junior_moderada_frontal_1m.jpeg,0.1996587142014612,1
/home/anitadonato/tcc/tcc/data/known_faces/JUNIOR/junior_baixa_frontal_30cm.jpeg,/home/anitadonato/tcc/tcc/data/known_faces/JUNIOR/junior_moderada_frontal_30cm.jpeg,0.1777567027134711,1
/home/anitadonato/tcc/tcc/data/known_faces/JUNIOR/junior_boa_45_1m.jpeg,/home/anitadonato/tcc/tcc/data/known_faces/JUNIOR/junior_boa_45_30cm.jpeg,0.06678436135836141,1
/home/anitadonato/tcc/tcc/data/known_faces/JUNIOR/junior_boa_45_1m.jpeg,/home/anitadonato/tcc/tcc/data/known_faces/JUNIOR/junior_boa_frontal_1m.jpeg,0.2977538256720935,1
/home/anitadonato/tcc/tcc/data/known_faces/JUNIOR/junior_boa_45_1m.jpeg,/home/anitadonato/tcc/tcc/data/known_faces/JUNIOR/junior_boa_frontal_30cm.jpeg,0.3397387274425999,1
/home/anitadonato/tcc/tcc/data/known_faces/JUNIOR/junior_boa_45_1m.jpeg,/home/anitadonato/tcc/tcc/data/known_faces/JUNIOR/junior_extra_01.jpeg,0.8882122913979715,1
/home/anitadonato/tcc/tcc/data/known_faces/JUNIOR/junior_boa_45_1m.jpeg,/home/anitadonato/tcc/tcc/data/known_faces/JUNIOR/junior_extra_02.jpeg,0.8228507199664741,1
/home/anitadonato/tcc/tcc/data/known_faces/JUNIOR/junior_boa_45_1m.jpeg,/home/anitadonato/tcc/tcc/data/known_faces/JUNIOR/junior_extra_03.jpeg,0.6712887530606781,1
/home/anitadonato/tcc/tcc/data/known_faces/JUNIOR/junior_boa_45_1m.jpeg,/home/anitadonato/tcc/tcc/data/known_faces/JUNIOR/junior_extra_04.jpeg,0.724989136510771,1
/home/anitadonato/tcc/tcc/data/known_faces/JUNIOR/junior_boa_45_1m.jpeg,/home/anitadonato/tcc/tcc/data/known_faces/JUNIOR/junior_extra_05.jpeg,0.6682067015980798,1
/home/anitadonato/tcc/tcc/data/known_faces/JUNIOR/junior_boa_45_1m.jpeg,/home/anitadonato/tcc/tcc/data/known_faces/JUNIOR/junior_extra_06.jpeg,0.7881024161884128,1
/home/anitadonato/tcc/tcc/data/known_faces/JUNIOR/junior_boa_45_1m.jpeg,/home/anitadonato/tcc/tcc/data/known_faces/JUNIOR/junior_extra_07.jpeg,0.6846413033186028,1
/home/anitadonato/tcc/tcc/data/known_faces/JUNIOR/junior_boa_45_1m.jpeg,/home/anitadonato/tcc/tcc/data/known_faces/JUNIOR/junior_extra_08.jpeg,0.7575445210837952,1
/home/anitadonato/tcc/tcc/data/known_faces/JUNIOR/junior_boa_45_1m.jpeg,/home/anitadonato/tcc/tcc/data/known_faces/JUNIOR/junior_moderada_45_1m.jpeg,0.15339350312492783,1
/home/anitadonato/tcc/tcc/data/known_faces/JUNIOR/junior_boa_45_1m.jpeg,/home/anitadonato/tcc/tcc/data/known_faces/JUNIOR/junior_moderada_45_30cm.jpeg,0.1403923355203882,1
/home/anitadonato/tcc/tcc/data/known_faces/JUNIOR/junior_boa_45_1m.jpeg,/home/anitadonato/tcc/tcc/data/known_faces/JUNIOR/junior_moderada_frontal_1m.jpeg,0.28118241155232004,1
/home/anitadonato/tcc/tcc/data/known_faces/JUNIOR/junior_boa_45_1m.jpeg,/home/anitadonato/tcc/tcc/data/known_faces/JUNIOR/junior_moderada_frontal_30cm.jpeg,0.3373838973716148,1
/home/anitadonato/tcc/tcc/data/known_faces/JUNIOR/junior_boa_45_30cm.jpeg,/home/anitadonato/tcc/tcc/data/known_faces/JUNIOR/junior_boa_frontal_1m.jpeg,0.32509696275170075,1
/home/anitadonato/tcc/tcc/data/known_faces/JUNIOR/junior_boa_45_30cm.jpeg,/home/anitadonato/tcc/tcc/data/known_faces/JUNIOR/junior_boa_frontal_30cm.jpeg,0.3305176751867541,1
/home/anitadonato/tcc/tcc/data/known_faces/JUNIOR/junior_boa_45_30cm.jpeg,/home/anitadonato/tcc/tcc/data/known_faces/JUNIOR/junior_extra_01.jpeg,0.8651698459894225,1
/home/anitadonato/tcc/tcc/data/known_faces/JUNIOR/junior_boa_45_30cm.jpeg,/home/anitadonato/tcc/tcc/data/known_faces/JUNIOR/junior_extra_02.jpeg,0.7790983555741424,1
/home/anitadonato/tcc/tcc/data/known_faces/JUNIOR/junior_boa_45_30cm.jpeg,/home/anitadonato/tcc/tcc/data/known_faces/JUNIOR/junior_extra_03.jpeg,0.6519143736102403,1
/home/anitadonato/tcc/tcc/data/known_faces/JUNIOR/junior_boa_45_30cm.jpeg,/home/anitadonato/tcc/tcc/data/known_faces/JUNIOR/junior_extra_04.jpeg,0.7279724721795917,1
/home/anitadonato/tcc/tcc/data/known_faces/JUNIOR/junior_boa_45_30cm.jpeg,/home/anitadonato/tcc/tcc/data/known_faces/JUNIOR/junior_extra_05.jpeg,0.6279504095591749,1
/home/anitadonato/tcc/tcc/data/known_faces/JUNIOR/junior_boa_45_30cm.jpeg,/home/anitadonato/tcc/tcc/data/known_faces/JUNIOR/junior_extra_06.jpeg,0.7561152242299246,1
/home/anitadonato/tcc/tcc/data/known_faces/JUNIOR/junior_boa_45_30cm.jpeg,/home/anitadonato/tcc/tcc/data/known_faces/JUNIOR/junior_extra_07.jpeg,0.662006391210129,1
/home/anitadonato/tcc/tcc/data/known_faces/JUNIOR/junior_boa_45_30cm.jpeg,/home/anitadonato/tcc/tcc/data/known_faces/JUNIOR/junior_extra_08.jpeg,0.7323095220954745,1
/home/anitadonato/tcc/tcc/data/known_faces/JUNIOR/junior_boa_45_30cm.jpeg,/home/anitadonato/tcc/tcc/data/known_faces/JUNIOR/junior_moderada_45_1m.jpeg,0.21401462667230864,1
/home/anitadonato/tcc/tcc/data/known_faces/JUNIOR/junior_boa_45_30cm.jpeg,/home/anitadonato/tcc/tcc/data/known_faces/JUNIOR/junior_moderada_45_30cm.jpeg,0.1411909771449722,1
/home/anitadonato/tcc/tcc/data/known_faces/JUNIOR/junior_boa_45_30cm.jpeg,/home/anitadonato/tcc/tcc/data/known_faces/JUNIOR/junior_moderada_frontal_1m.jpeg,0.27839179000646086,1
/home/anitadonato/tcc/tcc/data/known_faces/JUNIOR/junior_boa_45_30cm.jpeg,/home/anitadonato/tcc/tcc/data/known_faces/JUNIOR/junior_moderada_frontal_30cm.jpeg,0.3042213708402236,1
/home/anitadonato/tcc/tcc/data/known_faces/JUNIOR/junior_boa_frontal_1m.jpeg,/home/anitadonato/tcc/tcc/data/known_faces/JUNIOR/junior_boa_frontal_30cm.jpeg,0.1562565980468641,1
/home/anitadonato/tcc/tcc/data/known_faces/JUNIOR/junior_boa_frontal_1m.jpeg,/home/anitadonato/tcc/tcc/data/known_faces/JUNIOR/junior_extra_01.jpeg,0.8976180815345988,1
/home/anitadonato/tcc/tcc/data/known_faces/JUNIOR/junior_boa_frontal_1m.jpeg,/home/anitadonato/tcc/tcc/data/known_faces/JUNIOR/junior_extra_02.jpeg,0.7529363375307925,1
/home/anitadonato/tcc/tcc/data/known_faces/JUNIOR/junior_boa_frontal_1m.jpeg,/home/anitadonato/tcc/tcc/data/known_faces/JUNIOR/junior_extra_03.jpeg,0.7162702857887574,1
/home/anitadonato/tcc/tcc/data/known_faces/JUNIOR/junior_boa_frontal_1m.jpeg,/home/anitadonato/tcc/tcc/data/known_faces/JUNIOR/junior_extra_04.jpeg,0.8300338324269384,1
/home/anitadonato/tcc/tcc/data/known_faces/JUNIOR/junior_boa_frontal_1m.jpeg,/home/anitadonato/tcc/tcc/data/known_faces/JUNIOR/junior_extra_05.jpeg,0.633294727181936,1
/home/anitadonato/tcc/tcc/data/known_faces/JUNIOR/junior_boa_frontal_1m.jpeg,/home/anitadonato/tcc/tcc/data/known_faces/JUNIOR/junior_extra_06.jpeg,0.7221774767087187,1
/home/anitadonato/tcc/tcc/data/known_faces/JUNIOR/junior_boa_frontal_1m.jpeg,/home/anitadonato/tcc/tcc/data/known_faces/JUNIOR/junior_extra_07.jpeg,0.6643248343191324,1
/home/anitadonato/tcc/tcc/data/known_faces/JUNIOR/junior_boa_frontal_1m.jpeg,/home/anitadonato/tcc/tcc/data/known_faces/JUNIOR/junior_extra_08.jpeg,0.759817906341119,1
/home/anitadonato/tcc/tcc/data/known_faces/JUNIOR/junior_boa_frontal_1m.jpeg,/home/anitadonato/tcc/tcc/data/known_faces/JUNIOR/junior_moderada_45_1m.jpeg,0.41560361206178387,1
/home/anitadonato/tcc/tcc/data/known_faces/JUNIOR/junior_boa_frontal_1m.jpeg,/home/anitadonato/tcc/tcc/data/known_faces/JUNIOR/junior_moderada_45_30cm.jpeg,0.3296162611495713,1
/home/anitadonato/tcc/tcc/data/known_faces/JUNIOR/junior_boa_frontal_1m.jpeg,/home/anitadonato/tcc/tcc/data/known_faces/JUNIOR/junior_moderada_frontal_1m.jpeg,0.11756788179244937,1
/home/anitadonato/tcc/tcc/data/known_faces/JUNIOR/junior_boa_frontal_1m.jpeg,/home/anitadonato/tcc/tcc/data/known_faces/JUNIOR/junior_moderada_frontal_30cm.jpeg,0.2466127311743047,1
/home/anitadonato/tcc/tcc/data/known_faces/JUNIOR/junior_boa_frontal_30cm.jpeg,/home/anitadonato/tcc/tcc/data/known_faces/JUNIOR/junior_extra_01.jpeg,0.8700488339381477,1
/home/anitadonato/tcc/tcc/data/known_faces/JUNIOR/junior_boa_frontal_30cm.jpeg,/home/anitadonato/tcc/tcc/data/known_faces/JUNIOR/junior_extra_02.jpeg,0.7227550541982604,1
/home/anitadonato/tcc/tcc/data/known_faces/JUNIOR/junior_boa_frontal_30cm.jpeg,/home/anitadonato/tcc/tcc/data/known_faces/JUNIOR/junior_extra_03.jpeg,0.7690811268041455,1
/home/anitadonato/tcc/tcc/data/known_faces/JUNIOR/junior_boa_frontal_30cm.jpeg,/home/anitadonato/tcc/tcc/data/known_faces/JUNIOR/junior_extra_04.jpeg,0.8599878761563874,1
/home/anitadonato/tcc/tcc/data/known_faces/JUNIOR/junior_boa_frontal_30cm.jpeg,/home/anitadonato/tcc/tcc/data/known_faces/JUNIOR/junior_extra_05.jpeg,0.6880854785445888,1
/home/anitadonato/tcc/tcc/data/known_faces/JUNIOR/junior_boa_frontal_30cm.jpeg,/home/anitadonato/tcc/tcc/data/known_faces/JUNIOR/junior_extra_06.jpeg,0.7310844898388411,1
/home/anitadonato/tcc/tcc/data/known_faces/JUNIOR/junior_boa_frontal_30cm.jpeg,/home/anitadonato/tcc/tcc/data/known_faces/JUNIOR/junior_extra_07.jpeg,0.7237415642012237,1
/home/anitadonato/tcc/tcc/data/known_faces/JUNIOR/junior_boa_frontal_30cm.jpeg,/home/anitadonato/tcc/tcc/data/known_faces/JUNIOR/junior_extra_08.jpeg,0.7806949581655712,1
/home/anitadonato/tcc/tcc/data/known_faces/JUNIOR/junior_boa_frontal_30cm.jpeg,/home/anitadonato/tcc/tcc/data/known_faces/JUNIOR/junior_moderada_45_1m.jpeg,0.475017172167014,1
/home/anitadonato/tcc/tcc/data/known_faces/JUNIOR/junior_boa_frontal_30cm.jpeg,/home/anitadonato/tcc/tcc/data/known_faces/JUNIOR/junior_moderada_45_30cm.jpeg,0.3753060775115147,1
/home/anitadonato/tcc/tcc/data/known_faces/JUNIOR/junior_boa_frontal_30cm.jpeg,/home/anitadonato/tcc/tcc/data/known_faces/JUNIOR/junior_moderada_frontal_1m.jpeg,0.16857807329041663,1
/home/anitadonato/tcc/tcc/data/known_faces/JUNIOR/junior_boa_frontal_30cm.jpeg,/home/anitadonato/tcc/tcc/data/known_faces/JUNIOR/junior_moderada_frontal_30cm.jpeg,0.1120877999919363,1
/home/anitadonato/tcc/tcc/data/known_faces/JUNIOR/junior_extra_01.jpeg,/home/anitadonato/tcc/tcc/data/known_faces/JUNIOR/junior_extra_02.jpeg,0.4344194308249323,1
/home/anitadonato/tcc/tcc/data/known_faces/JUNIOR/junior_extra_01.jpeg,/home/anitadonato/tcc/tcc/data/known_faces/JUNIOR/junior_extra_03.jpeg,0.5252819193403735,1
/home/anitadonato/tcc/tcc/data/known_faces/JUNIOR/junior_extra_01.jpeg,/home/anitadonato/tcc/tcc/data/known_faces/JUNIOR/junior_extra_04.jpeg,0.615058468447737,1
/home/anitadonato/tcc/tcc/data/known_faces/JUNIOR/junior_extra_01.jpeg,/home/anitadonato/tcc/tcc/data/known_faces/JUNIOR/junior_extra_05.jpeg,0.5449506137044352,1
/home/anitadonato/tcc/tcc/data/known_faces/JUNIOR/junior_extra_01.jpeg,/home/anitadonato/tcc/tcc/data/known_faces/JUNIOR/junior_extra_06.jpeg,0.42981894376528496,1
/home/anitadonato/tcc/tcc/data/known_faces/JUNIOR/junior_extra_01.jpeg,/home/anitadonato/tcc/tcc/data/known_faces/JUNIOR/junior_extra_07.jpeg,0.546008842651129,1
/home/anitadonato/tcc/tcc/data/known_faces/JUNIOR/junior_extra_01.jpeg,/home/anitadonato/tcc/tcc/data/known_faces/JUNIOR/junior_extra_08.jpeg,0.48227648144866786,1
/home/anitadonato/tcc/tcc/data/known_faces/JUNIOR/junior_extra_01.jpeg,/home/anitadonato/tcc/tcc/data/known_faces/JUNIOR/junior_moderada_45_1m.jpeg,0.9270881116298348,1
/home/anitadonato/tcc/tcc/data/known_faces/JUNIOR/junior_extra_01.jpeg,/home/anitadonato/tcc/tcc/data/known_faces/JUNIOR/junior_moderada_45_30cm.jpeg,0.8928454873477283,1
/home/anitadonato/tcc/tcc/data/known_faces/JUNIOR/junior_extra_01.jpeg,/home/anitadonato/tcc/tcc/data/known_faces/JUNIOR/junior_moderada_frontal_1m.jpeg,0.897323818119158,1
/home/anitadonato/tcc/tcc/data/known_faces/JUNIOR/junior_extra_01.jpeg,/home/anitadonato/tcc/tcc/data/known_faces/JUNIOR/junior_moderada_frontal_30cm.jpeg,0.868867210913157,1
/home/anitadonato/tcc/tcc/data/known_faces/JUNIOR/junior_extra_02.jpeg,/home/anitadonato/tcc/tcc/data/known_faces/JUNIOR/junior_extra_03.jpeg,0.4546400978783056,1
/home/anitadonato/tcc/tcc/data/known_faces/JUNIOR/junior_extra_02.jpeg,/home/anitadonato/tcc/tcc/data/known_faces/JUNIOR/junior_extra_04.jpeg,0.6485664989328171,1
/home/anitadonato/tcc/tcc/data/known_faces/JUNIOR/junior_extra_02.jpeg,/home/anitadonato/tcc/tcc/data/known_faces/JUNIOR/junior_extra_05.jpeg,0.27948496421579094,1
/home/anitadonato/tcc/tcc/data/known_faces/JUNIOR/junior_extra_02.jpeg,/home/anitadonato/tcc/tcc/data/known_faces/JUNIOR/junior_extra_06.jpeg,0.16706392317204255,1
/home/anitadonato/tcc/tcc/data/known_faces/JUNIOR/junior_extra_02.jpeg,/home/anitadonato/tcc/tcc/data/known_faces/JUNIOR/junior_extra_07.jpeg,0.3158801749813086,1
/home/anitadonato/tcc/tcc/data/known_faces/JUNIOR/junior_extra_02.jpeg,/home/anitadonato/tcc/tcc/data/known_faces/JUNIOR/junior_extra_08.jpeg,0.3591515624738727,1
/home/anitadonato/tcc/tcc/data/known_faces/JUNIOR/junior_extra_02.jpeg,/home/anitadonato/tcc/tcc/data/known_faces/JUNIOR/junior_moderada_45_1m.jpeg,0.8651089222208909,1
/home/anitadonato/tcc/tcc/data/known_faces/JUNIOR/junior_extra_02.jpeg,/home/anitadonato/tcc/tcc/data/known_faces/JUNIOR/junior_moderada_45_30cm.jpeg,0.8492800999609302,1
/home/anitadonato/tcc/tcc/data/known_faces/JUNIOR/junior_extra_02.jpeg,/home/anitadonato/tcc/tcc/data/known_faces/JUNIOR/junior_moderada_frontal_1m.jpeg,0.7452916035022981,1
/home/anitadonato/tcc/tcc/data/known_faces/JUNIOR/junior_extra_02.jpeg,/home/anitadonato/tcc/tcc/data/known_faces/JUNIOR/junior_moderada_frontal_30cm.jpeg,0.7190499440420379,1
/home/anitadonato/tcc/tcc/data/known_faces/JUNIOR/junior_extra_03.jpeg,/home/anitadonato/tcc/tcc/data/known_faces/JUNIOR/junior_extra_04.jpeg,0.34834508918535745,1
/home/anitadonato/tcc/tcc/data/known_faces/JUNIOR/junior_extra_03.jpeg,/home/anitadonato/tcc/tcc/data/known_faces/JUNIOR/junior_extra_05.jpeg,0.25216085823239276,1
/home/anitadonato/tcc/tcc/data/known_faces/JUNIOR/junior_extra_03.jpeg,/home/anitadonato/tcc/tcc/data/known_faces/JUNIOR/junior_extra_06.jpeg,0.34520006240892454,1
/home/anitadonato/tcc/tcc/data/known_faces/JUNIOR/junior_extra_03.jpeg,/home/anitadonato/tcc/tcc/data/known_faces/JUNIOR/junior_extra_07.jpeg,0.2272027334374851,1
/home/anitadonato/tcc/tcc/data/known_faces/JUNIOR/junior_extra_03.jpeg,/home/anitadonato/tcc/tcc/data/known_faces/JUNIOR/junior_extra_08.jpeg,0.27890776229165903,1
/home/anitadonato/tcc/tcc/data/known_faces/JUNIOR/junior_extra_03.jpeg,/home/anitadonato/tcc/tcc/data/known_faces/JUNIOR/junior_moderada_45_1m.jpeg,0.6819033898240143,1
/home/anitadonato/tcc/tcc/data/known_faces/JUNIOR/junior_extra_03.jpeg,/home/anitadonato/tcc/tcc/data/known_faces/JUNIOR/junior_moderada_45_30cm.jpeg,0.7216307288402106,1
/home/anitadonato/tcc/tcc/data/known_faces/JUNIOR/junior_extra_03.jpeg,/home/anitadonato/tcc/tcc/data/known_faces/JUNIOR/junior_moderada_frontal_1m.jpeg,0.7365769888967577,1
/home/anitadonato/tcc/tcc/data/known_faces/JUNIOR/junior_extra_03.jpeg,/home/anitadonato/tcc/tcc/data/known_faces/JUNIOR/junior_moderada_frontal_30cm.jpeg,0.7853343973959607,1
/home/anitadonato/tcc/tcc/data/known_faces/JUNIOR/junior_extra_04.jpeg,/home/anitadonato/tcc/tcc/data/known_faces/JUNIOR/junior_extra_05.jpeg,0.4802011632104405,1
/home/anitadonato/tcc/tcc/data/known_faces/JUNIOR/junior_extra_04.jpeg,/home/anitadonato/tcc/tcc/data/known_faces/JUNIOR/junior_extra_06.jpeg,0.5522835922186018,1
/home/anitadonato/tcc/tcc/data/known_faces/JUNIOR/junior_extra_04.jpeg,/home/anitadonato/tcc/tcc/data/known_faces/JUNIOR/junior_extra_07.jpeg,0.4801748566958166,1
/home/anitadonato/tcc/tcc/data/known_faces/JUNIOR/junior_extra_04.jpeg,/home/anitadonato/tcc/tcc/data/known_faces/JUNIOR/junior_extra_08.jpeg,0.43595188841143306,1
/home/anitadonato/tcc/tcc/data/known_faces/JUNIOR/junior_extra_04.jpeg,/home/anitadonato/tcc/tcc/data/known_faces/JUNIOR/junior_moderada_45_1m.jpeg,0.6954407645377181,1
/home/anitadonato/tcc/tcc/data/known_faces/JUNIOR/junior_extra_04.jpeg,/home/anitadonato/tcc/tcc/data/known_faces/JUNIOR/junior_moderada_45_30cm.jpeg,0.7739425601935346,1
/home/anitadonato/tcc/tcc/data/known_faces/JUNIOR/junior_extra_04.jpeg,/home/anitadonato/tcc/tcc/data/known_faces/JUNIOR/junior_moderada_frontal_1m.jpeg,0.8330866029389411,1
/home/anitadonato/tcc/tcc/data/known_faces/JUNIOR/junior_extra_04.jpeg,/home/anitadonato/tcc/tcc/data/known_faces/JUNIOR/junior_moderada_frontal_30cm.jpeg,0.8782070619225257,1
/home/anitadonato/tcc/tcc/data/known_faces/JUNIOR/junior_extra_05.jpeg,/home/anitadonato/tcc/tcc/data/known_faces/JUNIOR/junior_extra_06.jpeg,0.1759655068406335,1
/home/anitadonato/tcc/tcc/data/known_faces/JUNIOR/junior_extra_05.jpeg,/home/anitadonato/tcc/tcc/data/known_faces/JUNIOR/junior_extra_07.jpeg,0.05804419263315974,1
/home/anitadonato/tcc/tcc/data/known_faces/JUNIOR/junior_extra_05.jpeg,/home/anitadonato/tcc/tcc/data/known_faces/JUNIOR/junior_extra_08.jpeg,0.18038015066293878,1
/home/anitadonato/tcc/tcc/data/known_faces/JUNIOR/junior_extra_05.jpeg,/home/anitadonato/tcc/tcc/data/known_faces/JUNIOR/junior_moderada_45_1m.jpeg,0.6877840090444292,1
/home/anitadonato/tcc/tcc/data/known_faces/JUNIOR/junior_extra_05.jpeg,/home/anitadonato/tcc/tcc/data/known_faces/JUNIOR/junior_moderada_45_30cm.jpeg,0.705404124481156,1
/home/anitadonato/tcc/tcc/data/known_faces/JUNIOR/junior_extra_05.jpeg,/home/anitadonato/tcc/tcc/data/known_faces/JUNIOR/junior_moderada_frontal_1m.jpeg,0.6348277663022824,1
/home/anitadonato/tcc/tcc/data/known_faces/JUNIOR/junior_extra_05.jpeg,/home/anitadonato/tcc/tcc/data/known_faces/JUNIOR/junior_moderada_frontal_30cm.jpeg,0.7125605751741497,1
/home/anitadonato/tcc/tcc/data/known_faces/JUNIOR/junior_extra_06.jpeg,/home/anitadonato/tcc/tcc/data/known_faces/JUNIOR/junior_extra_07.jpeg,0.16372372953330971,1
/home/anitadonato/tcc/tcc/data/known_faces/JUNIOR/junior_extra_06.jpeg,/home/anitadonato/tcc/tcc/data/known_faces/JUNIOR/junior_extra_08.jpeg,0.2619926321611681,1
/home/anitadonato/tcc/tcc/data/known_faces/JUNIOR/junior_extra_06.jpeg,/home/anitadonato/tcc/tcc/data/known_faces/JUNIOR/junior_moderada_45_1m.jpeg,0.8280980361137571,1
/home/anitadonato/tcc/tcc/data/known_faces/JUNIOR/junior_extra_06.jpeg,/home/anitadonato/tcc/tcc/data/known_faces/JUNIOR/junior_moderada_45_30cm.jpeg,0.8089032624369717,1
/home/anitadonato/tcc/tcc/data/known_faces/JUNIOR/junior_extra_06.jpeg,/home/anitadonato/tcc/tcc/data/known_faces/JUNIOR/junior_moderada_frontal_1m.jpeg,0.7094118195435992,1
/home/anitadonato/tcc/tcc/data/known_faces/JUNIOR/junior_extra_06.jpeg,/home/anitadonato/tcc/tcc/data/known_faces/JUNIOR/junior_moderada_frontal_30cm.jpeg,0.7440448416520178,1
/home/anitadonato/tcc/tcc/data/known_faces/JUNIOR/junior_extra_07.jpeg,/home/anitadonato/tcc/tcc/data/known_faces/JUNIOR/junior_extra_08.jpeg,0.16536063200866735,1
/home/anitadonato/tcc/tcc/data/known_faces/JUNIOR/junior_extra_07.jpeg,/home/anitadonato/tcc/tcc/data/known_faces/JUNIOR/junior_moderada_45_1m.jpeg,0.7022740162321818,1
/home/anitadonato/tcc/tcc/data/known_faces/JUNIOR/junior_extra_07.jpeg,/home/anitadonato/tcc/tcc/data/known_faces/JUNIOR/junior_moderada_45_30cm.jpeg,0.7331526561406323,1
/home/anitadonato/tcc/tcc/data/known_faces/JUNIOR/junior_extra_07.jpeg,/home/anitadonato/tcc/tcc/data/known_faces/JUNIOR/junior_moderada_frontal_1m.jpeg,0.6486736537105156,1
/home/anitadonato/tcc/tcc/data/known_faces/JUNIOR/junior_extra_07.jpeg,/home/anitadonato/tcc/tcc/data/known_faces/JUNIOR/junior_moderada_frontal_30cm.jpeg,0.7371793542346983,1
/home/anitadonato/tcc/tcc/data/known_faces/JUNIOR/junior_extra_08.jpeg,/home/anitadonato/tcc/tcc/data/known_faces/JUNIOR/junior_moderada_45_1m.jpeg,0.7510751313641427,1
/home/anitadonato/tcc/tcc/data/known_faces/JUNIOR/junior_extra_08.jpeg,/home/anitadonato/tcc/tcc/data/known_faces/JUNIOR/junior_moderada_45_30cm.jpeg,0.8053307167585982,1
/home/anitadonato/tcc/tcc/data/known_faces/JUNIOR/junior_extra_08.jpeg,/home/anitadonato/tcc/tcc/data/known_faces/JUNIOR/junior_moderada_frontal_1m.jpeg,0.7372325810953471,1
/home/anitadonato/tcc/tcc/data/known_faces/JUNIOR/junior_extra_08.jpeg,/home/anitadonato/tcc/tcc/data/known_faces/JUNIOR/junior_moderada_frontal_30cm.jpeg,0.7978024274790595,1
/home/anitadonato/tcc/tcc/data/known_faces/JUNIOR/junior_moderada_45_1m.jpeg,/home/anitadonato/tcc/tcc/data/known_faces/JUNIOR/junior_moderada_45_30cm.jpeg,0.21782901146084044,1
/home/anitadonato/tcc/tcc/data/known_faces/JUNIOR/junior_moderada_45_1m.jpeg,/home/anitadonato/tcc/tcc/data/known_faces/JUNIOR/junior_moderada_frontal_1m.jpeg,0.3594221998541921,1
/home/anitadonato/tcc/tcc/data/known_faces/JUNIOR/junior_moderada_45_1m.jpeg,/home/anitadonato/tcc/tcc/data/known_faces/JUNIOR/junior_moderada_frontal_30cm.jpeg,0.44696544321913567,1
/home/anitadonato/tcc/tcc/data/known_faces/JUNIOR/junior_moderada_45_30cm.jpeg,/home/anitadonato/tcc/tcc/data/known_faces/JUNIOR/junior_moderada_frontal_1m.jpeg,0.29117524745161494,1
/home/anitadonato/tcc/tcc/data/known_faces/JUNIOR/junior_moderada_45_30cm.jpeg,/home/anitadonato/tcc/tcc/data/known_faces/JUNIOR/junior_moderada_frontal_30cm.jpeg,0.32824077196559187,1
/home/anitadonato/tcc/tcc/data/known_faces/JUNIOR/junior_moderada_frontal_1m.jpeg,/home/anitadonato/tcc/tcc/data/known_faces/JUNIOR/junior_moderada_frontal_30cm.jpeg,0.13556248764286827,1
/home/anitadonato/tcc/tcc/data/known_faces/bianca/WhatsApp Image 2026-06-04 at 22.53.13 (1).jpeg,/home/anitadonato/tcc/tcc/data/known_faces/bianca/WhatsApp Image 2026-06-04 at 22.53.13 (2).jpeg,0.41875929510957755,1
/home/anitadonato/tcc/tcc/data/known_faces/bianca/WhatsApp Image 2026-06-04 at 22.53.13 (1).jpeg,/home/anitadonato/tcc/tcc/data/known_faces/bianca/WhatsApp Image 2026-06-04 at 22.53.13.jpeg,0.41702641008844554,1
/home/anitadonato/tcc/tcc/data/known_faces/bianca/WhatsApp Image 2026-06-04 at 22.53.13 (1).jpeg,/home/anitadonato/tcc/tcc/data/known_faces/bianca/WhatsApp Image 2026-06-04 at 22.53.14 (1).jpeg,0.6989032238897187,1
/home/anitadonato/tcc/tcc/data/known_faces/bianca/WhatsApp Image 2026-06-04 at 22.53.13 (1).jpeg,/home/anitadonato/tcc/tcc/data/known_faces/bianca/WhatsApp Image 2026-06-04 at 22.53.14 (2).jpeg,0.5656133888779377,1
/home/anitadonato/tcc/tcc/data/known_faces/bianca/WhatsApp Image 2026-06-04 at 22.53.13 (1).jpeg,/home/anitadonato/tcc/tcc/data/known_faces/bianca/WhatsApp Image 2026-06-04 at 22.53.14 (3).jpeg,0.5764037211113526,1
/home/anitadonato/tcc/tcc/data/known_faces/bianca/WhatsApp Image 2026-06-04 at 22.53.13 (1).jpeg,/home/anitadonato/tcc/tcc/data/known_faces/bianca/WhatsApp Image 2026-06-04 at 22.53.14 (4).jpeg,0.5249135594093577,1
/home/anitadonato/tcc/tcc/data/known_faces/bianca/WhatsApp Image 2026-06-04 at 22.53.13 (1).jpeg,/home/anitadonato/tcc/tcc/data/known_faces/bianca/WhatsApp Image 2026-06-04 at 22.53.14.jpeg,0.38392242782955055,1
/home/anitadonato/tcc/tcc/data/known_faces/bianca/WhatsApp Image 2026-06-04 at 22.53.13 (1).jpeg,/home/anitadonato/tcc/tcc/data/known_faces/bianca/WhatsApp Image 2026-06-04 at 22.53.15 (1).jpeg,0.48811029267675343,1
/home/anitadonato/tcc/tcc/data/known_faces/bianca/WhatsApp Image 2026-06-04 at 22.53.13 (1).jpeg,/home/anitadonato/tcc/tcc/data/known_faces/bianca/WhatsApp Image 2026-06-04 at 22.53.15 (2).jpeg,0.5444032153288987,1
/home/anitadonato/tcc/tcc/data/known_faces/bianca/WhatsApp Image 2026-06-04 at 22.53.13 (1).jpeg,/home/anitadonato/tcc/tcc/data/known_faces/bianca/WhatsApp Image 2026-06-04 at 22.53.15.jpeg,0.6997154623518106,1
/home/anitadonato/tcc/tcc/data/known_faces/bianca/WhatsApp Image 2026-06-04 at 22.53.13 (1).jpeg,/home/anitadonato/tcc/tcc/data/known_faces/bianca/WhatsApp Image 2026-06-04 at 22.53.16 (1).jpeg,0.6679599674431842,1
/home/anitadonato/tcc/tcc/data/known_faces/bianca/WhatsApp Image 2026-06-04 at 22.53.13 (1).jpeg,/home/anitadonato/tcc/tcc/data/known_faces/bianca/WhatsApp Image 2026-06-04 at 22.53.16 (2).jpeg,0.5440407561269347,1
/home/anitadonato/tcc/tcc/data/known_faces/bianca/WhatsApp Image 2026-06-04 at 22.53.13 (1).jpeg,/home/anitadonato/tcc/tcc/data/known_faces/bianca/WhatsApp Image 2026-06-04 at 22.53.16 (3).jpeg,0.5320876494730364,1
/home/anitadonato/tcc/tcc/data/known_faces/bianca/WhatsApp Image 2026-06-04 at 22.53.13 (1).jpeg,/home/anitadonato/tcc/tcc/data/known_faces/bianca/WhatsApp Image 2026-06-04 at 22.53.16.jpeg,0.5570468794602236,1
/home/anitadonato/tcc/tcc/data/known_faces/bianca/WhatsApp Image 2026-06-04 at 22.53.13 (1).jpeg,/home/anitadonato/tcc/tcc/data/known_faces/bianca/WhatsApp Image 2026-06-04 at 22.53.17 (1).jpeg,0.6588075751934459,1
/home/anitadonato/tcc/tcc/data/known_faces/bianca/WhatsApp Image 2026-06-04 at 22.53.13 (1).jpeg,/home/anitadonato/tcc/tcc/data/known_faces/bianca/WhatsApp Image 2026-06-04 at 22.53.17.jpeg,0.7840204266804869,1
/home/anitadonato/tcc/tcc/data/known_faces/bianca/WhatsApp Image 2026-06-04 at 22.53.13 (1).jpeg,/home/anitadonato/tcc/tcc/data/known_faces/bianca/WhatsApp Image 2026-06-04 at 22.53.18 (1).jpeg,0.5856764077409791,1
/home/anitadonato/tcc/tcc/data/known_faces/bianca/WhatsApp Image 2026-06-04 at 22.53.13 (1).jpeg,/home/anitadonato/tcc/tcc/data/known_faces/bianca/WhatsApp Image 2026-06-04 at 22.53.18 (2).jpeg,0.6402421672441962,1
/home/anitadonato/tcc/tcc/data/known_faces/bianca/WhatsApp Image 2026-06-04 at 22.53.13 (1).jpeg,/home/anitadonato/tcc/tcc/data/known_faces/bianca/WhatsApp Image 2026-06-04 at 22.53.18 (3).jpeg,0.6347812115686491,1
/home/anitadonato/tcc/tcc/data/known_faces/bianca/WhatsApp Image 2026-06-04 at 22.53.13 (1).jpeg,/home/anitadonato/tcc/tcc/data/known_faces/bianca/WhatsApp Image 2026-06-04 at 22.53.18 (4).jpeg,0.639983328806317,1
/home/anitadonato/tcc/tcc/data/known_faces/bianca/WhatsApp Image 2026-06-04 at 22.53.13 (1).jpeg,/home/anitadonato/tcc/tcc/data/known_faces/bianca/WhatsApp Image 2026-06-04 at 22.53.18.jpeg,0.6184088962211074,1
/home/anitadonato/tcc/tcc/data/known_faces/bianca/WhatsApp Image 2026-06-04 at 22.53.13 (1).jpeg,/home/anitadonato/tcc/tcc/data/known_faces/bianca/WhatsApp Image 2026-06-04 at 22.53.19 (1).jpeg,0.6241413083913108,1
/home/anitadonato/tcc/tcc/data/known_faces/bianca/WhatsApp Image 2026-06-04 at 22.53.13 (1).jpeg,/home/anitadonato/tcc/tcc/data/known_faces/bianca/WhatsApp Image 2026-06-04 at 22.53.19 (2).jpeg,0.6273962486278728,1
/home/anitadonato/tcc/tcc/data/known_faces/bianca/WhatsApp Image 2026-06-04 at 22.53.13 (1).jpeg,/home/anitadonato/tcc/tcc/data/known_faces/bianca/WhatsApp Image 2026-06-04 at 22.53.19 (3).jpeg,0.6477881413011166,1
/home/anitadonato/tcc/tcc/data/known_faces/bianca/WhatsApp Image 2026-06-04 at 22.53.13 (1).jpeg,/home/anitadonato/tcc/tcc/data/known_faces/bianca/WhatsApp Image 2026-06-04 at 22.53.19 (4).jpeg,0.6329971036984147,1
/home/anitadonato/tcc/tcc/data/known_faces/bianca/WhatsApp Image 2026-06-04 at 22.53.13 (1).jpeg,/home/anitadonato/tcc/tcc/data/known_faces/bianca/WhatsApp Image 2026-06-04 at 22.53.19 (5).jpeg,0.5799018345430202,1
/home/anitadonato/tcc/tcc/data/known_faces/bianca/WhatsApp Image 2026-06-04 at 22.53.13 (1).jpeg,/home/anitadonato/tcc/tcc/data/known_faces/bianca/WhatsApp Image 2026-06-04 at 22.53.19 (6).jpeg,0.609508727837013,1
/home/anitadonato/tcc/tcc/data/known_faces/bianca/WhatsApp Image 2026-06-04 at 22.53.13 (1).jpeg,/home/anitadonato/tcc/tcc/data/known_faces/bianca/WhatsApp Image 2026-06-04 at 22.53.19.jpeg,0.6236729572099917,1
/home/anitadonato/tcc/tcc/data/known_faces/bianca/WhatsApp Image 2026-06-04 at 22.53.13 (2).jpeg,/home/anitadonato/tcc/tcc/data/known_faces/bianca/WhatsApp Image 2026-06-04 at 22.53.13.jpeg,0.5913356207201559,1
/home/anitadonato/tcc/tcc/data/known_faces/bianca/WhatsApp Image 2026-06-04 at 22.53.13 (2).jpeg,/home/anitadonato/tcc/tcc/data/known_faces/bianca/WhatsApp Image 2026-06-04 at 22.53.14 (1).jpeg,0.5739526676959565,1
/home/anitadonato/tcc/tcc/data/known_faces/bianca/WhatsApp Image 2026-06-04 at 22.53.13 (2).jpeg,/home/anitadonato/tcc/tcc/data/known_faces/bianca/WhatsApp Image 2026-06-04 at 22.53.14 (2).jpeg,0.5348602110190794,1
/home/anitadonato/tcc/tcc/data/known_faces/bianca/WhatsApp Image 2026-06-04 at 22.53.13 (2).jpeg,/home/anitadonato/tcc/tcc/data/known_faces/bianca/WhatsApp Image 2026-06-04 at 22.53.14 (3).jpeg,0.5276594988096013,1
/home/anitadonato/tcc/tcc/data/known_faces/bianca/WhatsApp Image 2026-06-04 at 22.53.13 (2).jpeg,/home/anitadonato/tcc/tcc/data/known_faces/bianca/WhatsApp Image 2026-06-04 at 22.53.14 (4).jpeg,0.6168067025513487,1
/home/anitadonato/tcc/tcc/data/known_faces/bianca/WhatsApp Image 2026-06-04 at 22.53.13 (2).jpeg,/home/anitadonato/tcc/tcc/data/known_faces/bianca/WhatsApp Image 2026-06-04 at 22.53.14.jpeg,0.2810569731780048,1
/home/anitadonato/tcc/tcc/data/known_faces/bianca/WhatsApp Image 2026-06-04 at 22.53.13 (2).jpeg,/home/anitadonato/tcc/tcc/data/known_faces/bianca/WhatsApp Image 2026-06-04 at 22.53.15 (1).jpeg,0.6373394929406954,1
/home/anitadonato/tcc/tcc/data/known_faces/bianca/WhatsApp Image 2026-06-04 at 22.53.13 (2).jpeg,/home/anitadonato/tcc/tcc/data/known_faces/bianca/WhatsApp Image 2026-06-04 at 22.53.15 (2).jpeg,0.6034305523649586,1
/home/anitadonato/tcc/tcc/data/known_faces/bianca/WhatsApp Image 2026-06-04 at 22.53.13 (2).jpeg,/home/anitadonato/tcc/tcc/data/known_faces/bianca/WhatsApp Image 2026-06-04 at 22.53.15.jpeg,0.6185748476338884,1
/home/anitadonato/tcc/tcc/data/known_faces/bianca/WhatsApp Image 2026-06-04 at 22.53.13 (2).jpeg,/home/anitadonato/tcc/tcc/data/known_faces/bianca/WhatsApp Image 2026-06-04 at 22.53.16 (1).jpeg,0.7487546404625929,1
/home/anitadonato/tcc/tcc/data/known_faces/bianca/WhatsApp Image 2026-06-04 at 22.53.13 (2).jpeg,/home/anitadonato/tcc/tcc/data/known_faces/bianca/WhatsApp Image 2026-06-04 at 22.53.16 (2).jpeg,0.6483508524953252,1
/home/anitadonato/tcc/tcc/data/known_faces/bianca/WhatsApp Image 2026-06-04 at 22.53.13 (2).jpeg,/home/anitadonato/tcc/tcc/data/known_faces/bianca/WhatsApp Image 2026-06-04 at 22.53.16 (3).jpeg,0.6623528971668069,1
/home/anitadonato/tcc/tcc/data/known_faces/bianca/WhatsApp Image 2026-06-04 at 22.53.13 (2).jpeg,/home/anitadonato/tcc/tcc/data/known_faces/bianca/WhatsApp Image 2026-06-04 at 22.53.16.jpeg,0.6550513894983235,1
/home/anitadonato/tcc/tcc/data/known_faces/bianca/WhatsApp Image 2026-06-04 at 22.53.13 (2).jpeg,/home/anitadonato/tcc/tcc/data/known_faces/bianca/WhatsApp Image 2026-06-04 at 22.53.17 (1).jpeg,0.5484019851895283,1
/home/anitadonato/tcc/tcc/data/known_faces/bianca/WhatsApp Image 2026-06-04 at 22.53.13 (2).jpeg,/home/anitadonato/tcc/tcc/data/known_faces/bianca/WhatsApp Image 2026-06-04 at 22.53.17.jpeg,0.7520726651308997,1
/home/anitadonato/tcc/tcc/data/known_faces/bianca/WhatsApp Image 2026-06-04 at 22.53.13 (2).jpeg,/home/anitadonato/tcc/tcc/data/known_faces/bianca/WhatsApp Image 2026-06-04 at 22.53.18 (1).jpeg,0.5352634337472291,1
/home/anitadonato/tcc/tcc/data/known_faces/bianca/WhatsApp Image 2026-06-04 at 22.53.13 (2).jpeg,/home/anitadonato/tcc/tcc/data/known_faces/bianca/WhatsApp Image 2026-06-04 at 22.53.18 (2).jpeg,0.5851625313154344,1
/home/anitadonato/tcc/tcc/data/known_faces/bianca/WhatsApp Image 2026-06-04 at 22.53.13 (2).jpeg,/home/anitadonato/tcc/tcc/data/known_faces/bianca/WhatsApp Image 2026-06-04 at 22.53.18 (3).jpeg,0.5876626134399612,1
/home/anitadonato/tcc/tcc/data/known_faces/bianca/WhatsApp Image 2026-06-04 at 22.53.13 (2).jpeg,/home/anitadonato/tcc/tcc/data/known_faces/bianca/WhatsApp Image 2026-06-04 at 22.53.18 (4).jpeg,0.5952071230454957,1
/home/anitadonato/tcc/tcc/data/known_faces/bianca/WhatsApp Image 2026-06-04 at 22.53.13 (2).jpeg,/home/anitadonato/tcc/tcc/data/known_faces/bianca/WhatsApp Image 2026-06-04 at 22.53.18.jpeg,0.5382586518933689,1
/home/anitadonato/tcc/tcc/data/known_faces/bianca/WhatsApp Image 2026-06-04 at 22.53.13 (2).jpeg,/home/anitadonato/tcc/tcc/data/known_faces/bianca/WhatsApp Image 2026-06-04 at 22.53.19 (1).jpeg,0.5950104363608875,1
/home/anitadonato/tcc/tcc/data/known_faces/bianca/WhatsApp Image 2026-06-04 at 22.53.13 (2).jpeg,/home/anitadonato/tcc/tcc/data/known_faces/bianca/WhatsApp Image 2026-06-04 at 22.53.19 (2).jpeg,0.5941509353229865,1
/home/anitadonato/tcc/tcc/data/known_faces/bianca/WhatsApp Image 2026-06-04 at 22.53.13 (2).jpeg,/home/anitadonato/tcc/tcc/data/known_faces/bianca/WhatsApp Image 2026-06-04 at 22.53.19 (3).jpeg,0.6615336783186274,1
/home/anitadonato/tcc/tcc/data/known_faces/bianca/WhatsApp Image 2026-06-04 at 22.53.13 (2).jpeg,/home/anitadonato/tcc/tcc/data/known_faces/bianca/WhatsApp Image 2026-06-04 at 22.53.19 (4).jpeg,0.5985620474202861,1
/home/anitadonato/tcc/tcc/data/known_faces/bianca/WhatsApp Image 2026-06-04 at 22.53.13 (2).jpeg,/home/anitadonato/tcc/tcc/data/known_faces/bianca/WhatsApp Image 2026-06-04 at 22.53.19 (5).jpeg,0.5553534025163792,1
/home/anitadonato/tcc/tcc/data/known_faces/bianca/WhatsApp Image 2026-06-04 at 22.53.13 (2).jpeg,/home/anitadonato/tcc/tcc/data/known_faces/bianca/WhatsApp Image 2026-06-04 at 22.53.19 (6).jpeg,0.5749401881657215,1
/home/anitadonato/tcc/tcc/data/known_faces/bianca/WhatsApp Image 2026-06-04 at 22.53.13 (2).jpeg,/home/anitadonato/tcc/tcc/data/known_faces/bianca/WhatsApp Image 2026-06-04 at 22.53.19.jpeg,0.5804951288568733,1
/home/anitadonato/tcc/tcc/data/known_faces/bianca/WhatsApp Image 2026-06-04 at 22.53.13.jpeg,/home/anitadonato/tcc/tcc/data/known_faces/bianca/WhatsApp Image 2026-06-04 at 22.53.14 (1).jpeg,0.4571445611094652,1
/home/anitadonato/tcc/tcc/data/known_faces/bianca/WhatsApp Image 2026-06-04 at 22.53.13.jpeg,/home/anitadonato/tcc/tcc/data/known_faces/bianca/WhatsApp Image 2026-06-04 at 22.53.14 (2).jpeg,0.6168263961829442,1
/home/anitadonato/tcc/tcc/data/known_faces/bianca/WhatsApp Image 2026-06-04 at 22.53.13.jpeg,/home/anitadonato/tcc/tcc/data/known_faces/bianca/WhatsApp Image 2026-06-04 at 22.53.14 (3).jpeg,0.5987761120947217,1
/home/anitadonato/tcc/tcc/data/known_faces/bianca/WhatsApp Image 2026-06-04 at 22.53.13.jpeg,/home/anitadonato/tcc/tcc/data/known_faces/bianca/WhatsApp Image 2026-06-04 at 22.53.14 (4).jpeg,0.4640147530156393,1
/home/anitadonato/tcc/tcc/data/known_faces/bianca/WhatsApp Image 2026-06-04 at 22.53.13.jpeg,/home/anitadonato/tcc/tcc/data/known_faces/bianca/WhatsApp Image 2026-06-04 at 22.53.14.jpeg,0.5761803551326616,1
/home/anitadonato/tcc/tcc/data/known_faces/bianca/WhatsApp Image 2026-06-04 at 22.53.13.jpeg,/home/anitadonato/tcc/tcc/data/known_faces/bianca/WhatsApp Image 2026-06-04 at 22.53.15 (1).jpeg,0.49063918767889747,1
/home/anitadonato/tcc/tcc/data/known_faces/bianca/WhatsApp Image 2026-06-04 at 22.53.13.jpeg,/home/anitadonato/tcc/tcc/data/known_faces/bianca/WhatsApp Image 2026-06-04 at 22.53.15 (2).jpeg,0.522198603442642,1
/home/anitadonato/tcc/tcc/data/known_faces/bianca/WhatsApp Image 2026-06-04 at 22.53.13.jpeg,/home/anitadonato/tcc/tcc/data/known_faces/bianca/WhatsApp Image 2026-06-04 at 22.53.15.jpeg,0.5712724588350684,1
/home/anitadonato/tcc/tcc/data/known_faces/bianca/WhatsApp Image 2026-06-04 at 22.53.13.jpeg,/home/anitadonato/tcc/tcc/data/known_faces/bianca/WhatsApp Image 2026-06-04 at 22.53.16 (1).jpeg,0.668316915831317,1
/home/anitadonato/tcc/tcc/data/known_faces/bianca/WhatsApp Image 2026-06-04 at 22.53.13.jpeg,/home/anitadonato/tcc/tcc/data/known_faces/bianca/WhatsApp Image 2026-06-04 at 22.53.16 (2).jpeg,0.6605015267178742,1
/home/anitadonato/tcc/tcc/data/known_faces/bianca/WhatsApp Image 2026-06-04 at 22.53.13.jpeg,/home/anitadonato/tcc/tcc/data/known_faces/bianca/WhatsApp Image 2026-06-04 at 22.53.16 (3).jpeg,0.6605137737117002,1
/home/anitadonato/tcc/tcc/data/known_faces/bianca/WhatsApp Image 2026-06-04 at 22.53.13.jpeg,/home/anitadonato/tcc/tcc/data/known_faces/bianca/WhatsApp Image 2026-06-04 at 22.53.16.jpeg,0.5648004832256172,1
/home/anitadonato/tcc/tcc/data/known_faces/bianca/WhatsApp Image 2026-06-04 at 22.53.13.jpeg,/home/anitadonato/tcc/tcc/data/known_faces/bianca/WhatsApp Image 2026-06-04 at 22.53.17 (1).jpeg,0.6337758617469338,1
/home/anitadonato/tcc/tcc/data/known_faces/bianca/WhatsApp Image 2026-06-04 at 22.53.13.jpeg,/home/anitadonato/tcc/tcc/data/known_faces/bianca/WhatsApp Image 2026-06-04 at 22.53.17.jpeg,0.7380452652045331,1
/home/anitadonato/tcc/tcc/data/known_faces/bianca/WhatsApp Image 2026-06-04 at 22.53.13.jpeg,/home/anitadonato/tcc/tcc/data/known_faces/bianca/WhatsApp Image 2026-06-04 at 22.53.18 (1).jpeg,0.45344489594479487,1
/home/anitadonato/tcc/tcc/data/known_faces/bianca/WhatsApp Image 2026-06-04 at 22.53.13.jpeg,/home/anitadonato/tcc/tcc/data/known_faces/bianca/WhatsApp Image 2026-06-04 at 22.53.18 (2).jpeg,0.4129545079595043,1
/home/anitadonato/tcc/tcc/data/known_faces/bianca/WhatsApp Image 2026-06-04 at 22.53.13.jpeg,/home/anitadonato/tcc/tcc/data/known_faces/bianca/WhatsApp Image 2026-06-04 at 22.53.18 (3).jpeg,0.40783371378110855,1
/home/anitadonato/tcc/tcc/data/known_faces/bianca/WhatsApp Image 2026-06-04 at 22.53.13.jpeg,/home/anitadonato/tcc/tcc/data/known_faces/bianca/WhatsApp Image 2026-06-04 at 22.53.18 (4).jpeg,0.4215932814027913,1
/home/anitadonato/tcc/tcc/data/known_faces/bianca/WhatsApp Image 2026-06-04 at 22.53.13.jpeg,/home/anitadonato/tcc/tcc/data/known_faces/bianca/WhatsApp Image 2026-06-04 at 22.53.18.jpeg,0.43798282529824617,1
/home/anitadonato/tcc/tcc/data/known_faces/bianca/WhatsApp Image 2026-06-04 at 22.53.13.jpeg,/home/anitadonato/tcc/tcc/data/known_faces/bianca/WhatsApp Image 2026-06-04 at 22.53.19 (1).jpeg,0.39235374859997074,1
/home/anitadonato/tcc/tcc/data/known_faces/bianca/WhatsApp Image 2026-06-04 at 22.53.13.jpeg,/home/anitadonato/tcc/tcc/data/known_faces/bianca/WhatsApp Image 2026-06-04 at 22.53.19 (2).jpeg,0.36830430093540045,1
/home/anitadonato/tcc/tcc/data/known_faces/bianca/WhatsApp Image 2026-06-04 at 22.53.13.jpeg,/home/anitadonato/tcc/tcc/data/known_faces/bianca/WhatsApp Image 2026-06-04 at 22.53.19 (3).jpeg,0.4550048925665816,1
/home/anitadonato/tcc/tcc/data/known_faces/bianca/WhatsApp Image 2026-06-04 at 22.53.13.jpeg,/home/anitadonato/tcc/tcc/data/known_faces/bianca/WhatsApp Image 2026-06-04 at 22.53.19 (4).jpeg,0.4308066671745483,1
/home/anitadonato/tcc/tcc/data/known_faces/bianca/WhatsApp Image 2026-06-04 at 22.53.13.jpeg,/home/anitadonato/tcc/tcc/data/known_faces/bianca/WhatsApp Image 2026-06-04 at 22.53.19 (5).jpeg,0.39786932889701765,1
/home/anitadonato/tcc/tcc/data/known_faces/bianca/WhatsApp Image 2026-06-04 at 22.53.13.jpeg,/home/anitadonato/tcc/tcc/data/known_faces/bianca/WhatsApp Image 2026-06-04 at 22.53.19 (6).jpeg,0.39295584158756003,1
/home/anitadonato/tcc/tcc/data/known_faces/bianca/WhatsApp Image 2026-06-04 at 22.53.13.jpeg,/home/anitadonato/tcc/tcc/data/known_faces/bianca/WhatsApp Image 2026-06-04 at 22.53.19.jpeg,0.3946980589915833,1
/home/anitadonato/tcc/tcc/data/known_faces/bianca/WhatsApp Image 2026-06-04 at 22.53.14 (1).jpeg,/home/anitadonato/tcc/tcc/data/known_faces/bianca/WhatsApp Image 2026-06-04 at 22.53.14 (2).jpeg,0.549713856467607,1
/home/anitadonato/tcc/tcc/data/known_faces/bianca/WhatsApp Image 2026-06-04 at 22.53.14 (1).jpeg,/home/anitadonato/tcc/tcc/data/known_faces/bianca/WhatsApp Image 2026-06-04 at 22.53.14 (3).jpeg,0.49424667476585615,1
/home/anitadonato/tcc/tcc/data/known_faces/bianca/WhatsApp Image 2026-06-04 at 22.53.14 (1).jpeg,/home/anitadonato/tcc/tcc/data/known_faces/bianca/WhatsApp Image 2026-06-04 at 22.53.14 (4).jpeg,0.5066396724794924,1
/home/anitadonato/tcc/tcc/data/known_faces/bianca/WhatsApp Image 2026-06-04 at 22.53.14 (1).jpeg,/home/anitadonato/tcc/tcc/data/known_faces/bianca/WhatsApp Image 2026-06-04 at 22.53.14.jpeg,0.6351465201109137,1
/home/anitadonato/tcc/tcc/data/known_faces/bianca/WhatsApp Image 2026-06-04 at 22.53.14 (1).jpeg,/home/anitadonato/tcc/tcc/data/known_faces/bianca/WhatsApp Image 2026-06-04 at 22.53.15 (1).jpeg,0.5095162290342992,1
/home/anitadonato/tcc/tcc/data/known_faces/bianca/WhatsApp Image 2026-06-04 at 22.53.14 (1).jpeg,/home/anitadonato/tcc/tcc/data/known_faces/bianca/WhatsApp Image 2026-06-04 at 22.53.15 (2).jpeg,0.5641317224264628,1
/home/anitadonato/tcc/tcc/data/known_faces/bianca/WhatsApp Image 2026-06-04 at 22.53.14 (1).jpeg,/home/anitadonato/tcc/tcc/data/known_faces/bianca/WhatsApp Image 2026-06-04 at 22.53.15.jpeg,0.39705536204682257,1
/home/anitadonato/tcc/tcc/data/known_faces/bianca/WhatsApp Image 2026-06-04 at 22.53.14 (1).jpeg,/home/anitadonato/tcc/tcc/data/known_faces/bianca/WhatsApp Image 2026-06-04 at 22.53.16 (1).jpeg,0.8132807533671028,1
/home/anitadonato/tcc/tcc/data/known_faces/bianca/WhatsApp Image 2026-06-04 at 22.53.14 (1).jpeg,/home/anitadonato/tcc/tcc/data/known_faces/bianca/WhatsApp Image 2026-06-04 at 22.53.16 (2).jpeg,0.6446229228683275,1
/home/anitadonato/tcc/tcc/data/known_faces/bianca/WhatsApp Image 2026-06-04 at 22.53.14 (1).jpeg,/home/anitadonato/tcc/tcc/data/known_faces/bianca/WhatsApp Image 2026-06-04 at 22.53.16 (3).jpeg,0.652748426601726,1
/home/anitadonato/tcc/tcc/data/known_faces/bianca/WhatsApp Image 2026-06-04 at 22.53.14 (1).jpeg,/home/anitadonato/tcc/tcc/data/known_faces/bianca/WhatsApp Image 2026-06-04 at 22.53.16.jpeg,0.5210934657723315,1
/home/anitadonato/tcc/tcc/data/known_faces/bianca/WhatsApp Image 2026-06-04 at 22.53.14 (1).jpeg,/home/anitadonato/tcc/tcc/data/known_faces/bianca/WhatsApp Image 2026-06-04 at 22.53.17 (1).jpeg,0.45295188061862657,1
/home/anitadonato/tcc/tcc/data/known_faces/bianca/WhatsApp Image 2026-06-04 at 22.53.14 (1).jpeg,/home/anitadonato/tcc/tcc/data/known_faces/bianca/WhatsApp Image 2026-06-04 at 22.53.17.jpeg,0.8217926333991716,1
/home/anitadonato/tcc/tcc/data/known_faces/bianca/WhatsApp Image 2026-06-04 at 22.53.14 (1).jpeg,/home/anitadonato/tcc/tcc/data/known_faces/bianca/WhatsApp Image 2026-06-04 at 22.53.18 (1).jpeg,0.5246673566629916,1
/home/anitadonato/tcc/tcc/data/known_faces/bianca/WhatsApp Image 2026-06-04 at 22.53.14 (1).jpeg,/home/anitadonato/tcc/tcc/data/known_faces/bianca/WhatsApp Image 2026-06-04 at 22.53.18 (2).jpeg,0.4108032036190423,1
/home/anitadonato/tcc/tcc/data/known_faces/bianca/WhatsApp Image 2026-06-04 at 22.53.14 (1).jpeg,/home/anitadonato/tcc/tcc/data/known_faces/bianca/WhatsApp Image 2026-06-04 at 22.53.18 (3).jpeg,0.35456512778778293,1
/home/anitadonato/tcc/tcc/data/known_faces/bianca/WhatsApp Image 2026-06-04 at 22.53.14 (1).jpeg,/home/anitadonato/tcc/tcc/data/known_faces/bianca/WhatsApp Image 2026-06-04 at 22.53.18 (4).jpeg,0.32312385171520364,1
/home/anitadonato/tcc/tcc/data/known_faces/bianca/WhatsApp Image 2026-06-04 at 22.53.14 (1).jpeg,/home/anitadonato/tcc/tcc/data/known_faces/bianca/WhatsApp Image 2026-06-04 at 22.53.18.jpeg,0.3489861034756423,1
/home/anitadonato/tcc/tcc/data/known_faces/bianca/WhatsApp Image 2026-06-04 at 22.53.14 (1).jpeg,/home/anitadonato/tcc/tcc/data/known_faces/bianca/WhatsApp Image 2026-06-04 at 22.53.19 (1).jpeg,0.3427625444332938,1
/home/anitadonato/tcc/tcc/data/known_faces/bianca/WhatsApp Image 2026-06-04 at 22.53.14 (1).jpeg,/home/anitadonato/tcc/tcc/data/known_faces/bianca/WhatsApp Image 2026-06-04 at 22.53.19 (2).jpeg,0.31363750912661903,1
/home/anitadonato/tcc/tcc/data/known_faces/bianca/WhatsApp Image 2026-06-04 at 22.53.14 (1).jpeg,/home/anitadonato/tcc/tcc/data/known_faces/bianca/WhatsApp Image 2026-06-04 at 22.53.19 (3).jpeg,0.5005860029760327,1
/home/anitadonato/tcc/tcc/data/known_faces/bianca/WhatsApp Image 2026-06-04 at 22.53.14 (1).jpeg,/home/anitadonato/tcc/tcc/data/known_faces/bianca/WhatsApp Image 2026-06-04 at 22.53.19 (4).jpeg,0.5123197531359249,1
/home/anitadonato/tcc/tcc/data/known_faces/bianca/WhatsApp Image 2026-06-04 at 22.53.14 (1).jpeg,/home/anitadonato/tcc/tcc/data/known_faces/bianca/WhatsApp Image 2026-06-04 at 22.53.19 (5).jpeg,0.42862218204198277,1
/home/anitadonato/tcc/tcc/data/known_faces/bianca/WhatsApp Image 2026-06-04 at 22.53.14 (1).jpeg,/home/anitadonato/tcc/tcc/data/known_faces/bianca/WhatsApp Image 2026-06-04 at 22.53.19 (6).jpeg,0.45580531933709134,1
/home/anitadonato/tcc/tcc/data/known_faces/bianca/WhatsApp Image 2026-06-04 at 22.53.14 (1).jpeg,/home/anitadonato/tcc/tcc/data/known_faces/bianca/WhatsApp Image 2026-06-04 at 22.53.19.jpeg,0.3131797106754052,1
/home/anitadonato/tcc/tcc/data/known_faces/bianca/WhatsApp Image 2026-06-04 at 22.53.14 (2).jpeg,/home/anitadonato/tcc/tcc/data/known_faces/bianca/WhatsApp Image 2026-06-04 at 22.53.14 (3).jpeg,0.03978665812584137,1
/home/anitadonato/tcc/tcc/data/known_faces/bianca/WhatsApp Image 2026-06-04 at 22.53.14 (2).jpeg,/home/anitadonato/tcc/tcc/data/known_faces/bianca/WhatsApp Image 2026-06-04 at 22.53.14 (4).jpeg,0.5885525415502363,1
/home/anitadonato/tcc/tcc/data/known_faces/bianca/WhatsApp Image 2026-06-04 at 22.53.14 (2).jpeg,/home/anitadonato/tcc/tcc/data/known_faces/bianca/WhatsApp Image 2026-06-04 at 22.53.14.jpeg,0.4159990955724092,1
/home/anitadonato/tcc/tcc/data/known_faces/bianca/WhatsApp Image 2026-06-04 at 22.53.14 (2).jpeg,/home/anitadonato/tcc/tcc/data/known_faces/bianca/WhatsApp Image 2026-06-04 at 22.53.15 (1).jpeg,0.5526750025914293,1
/home/anitadonato/tcc/tcc/data/known_faces/bianca/WhatsApp Image 2026-06-04 at 22.53.14 (2).jpeg,/home/anitadonato/tcc/tcc/data/known_faces/bianca/WhatsApp Image 2026-06-04 at 22.53.15 (2).jpeg,0.6676466412172117,1
/home/anitadonato/tcc/tcc/data/known_faces/bianca/WhatsApp Image 2026-06-04 at 22.53.14 (2).jpeg,/home/anitadonato/tcc/tcc/data/known_faces/bianca/WhatsApp Image 2026-06-04 at 22.53.15.jpeg,0.600701344307288,1
/home/anitadonato/tcc/tcc/data/known_faces/bianca/WhatsApp Image 2026-06-04 at 22.53.14 (2).jpeg,/home/anitadonato/tcc/tcc/data/known_faces/bianca/WhatsApp Image 2026-06-04 at 22.53.16 (1).jpeg,0.8537533840325411,1
/home/anitadonato/tcc/tcc/data/known_faces/bianca/WhatsApp Image 2026-06-04 at 22.53.14 (2).jpeg,/home/anitadonato/tcc/tcc/data/known_faces/bianca/WhatsApp Image 2026-06-04 at 22.53.16 (2).jpeg,0.6444143105965711,1
/home/anitadonato/tcc/tcc/data/known_faces/bianca/WhatsApp Image 2026-06-04 at 22.53.14 (2).jpeg,/home/anitadonato/tcc/tcc/data/known_faces/bianca/WhatsApp Image 2026-06-04 at 22.53.16 (3).jpeg,0.6649945452328917,1
/home/anitadonato/tcc/tcc/data/known_faces/bianca/WhatsApp Image 2026-06-04 at 22.53.14 (2).jpeg,/home/anitadonato/tcc/tcc/data/known_faces/bianca/WhatsApp Image 2026-06-04 at 22.53.16.jpeg,0.6086719631286621,1
/home/anitadonato/tcc/tcc/data/known_faces/bianca/WhatsApp Image 2026-06-04 at 22.53.14 (2).jpeg,/home/anitadonato/tcc/tcc/data/known_faces/bianca/WhatsApp Image 2026-06-04 at 22.53.17 (1).jpeg,0.5302333997847629,1
/home/anitadonato/tcc/tcc/data/known_faces/bianca/WhatsApp Image 2026-06-04 at 22.53.14 (2).jpeg,/home/anitadonato/tcc/tcc/data/known_faces/bianca/WhatsApp Image 2026-06-04 at 22.53.17.jpeg,0.839706446368685,1
/home/anitadonato/tcc/tcc/data/known_faces/bianca/WhatsApp Image 2026-06-04 at 22.53.14 (2).jpeg,/home/anitadonato/tcc/tcc/data/known_faces/bianca/WhatsApp Image 2026-06-04 at 22.53.18 (1).jpeg,0.6378895084321516,1
/home/anitadonato/tcc/tcc/data/known_faces/bianca/WhatsApp Image 2026-06-04 at 22.53.14 (2).jpeg,/home/anitadonato/tcc/tcc/data/known_faces/bianca/WhatsApp Image 2026-06-04 at 22.53.18 (2).jpeg,0.6177523419815699,1
/home/anitadonato/tcc/tcc/data/known_faces/bianca/WhatsApp Image 2026-06-04 at 22.53.14 (2).jpeg,/home/anitadonato/tcc/tcc/data/known_faces/bianca/WhatsApp Image 2026-06-04 at 22.53.18 (3).jpeg,0.537369300520222,1
/home/anitadonato/tcc/tcc/data/known_faces/bianca/WhatsApp Image 2026-06-04 at 22.53.14 (2).jpeg,/home/anitadonato/tcc/tcc/data/known_faces/bianca/WhatsApp Image 2026-06-04 at 22.53.18 (4).jpeg,0.5608915737184059,1
/home/anitadonato/tcc/tcc/data/known_faces/bianca/WhatsApp Image 2026-06-04 at 22.53.14 (2).jpeg,/home/anitadonato/tcc/tcc/data/known_faces/bianca/WhatsApp Image 2026-06-04 at 22.53.18.jpeg,0.4273809793884654,1
/home/anitadonato/tcc/tcc/data/known_faces/bianca/WhatsApp Image 2026-06-04 at 22.53.14 (2).jpeg,/home/anitadonato/tcc/tcc/data/known_faces/bianca/WhatsApp Image 2026-06-04 at 22.53.19 (1).jpeg,0.48163489356549893,1
/home/anitadonato/tcc/tcc/data/known_faces/bianca/WhatsApp Image 2026-06-04 at 22.53.14 (2).jpeg,/home/anitadonato/tcc/tcc/data/known_faces/bianca/WhatsApp Image 2026-06-04 at 22.53.19 (2).jpeg,0.5091550440997439,1
/home/anitadonato/tcc/tcc/data/known_faces/bianca/WhatsApp Image 2026-06-04 at 22.53.14 (2).jpeg,/home/anitadonato/tcc/tcc/data/known_faces/bianca/WhatsApp Image 2026-06-04 at 22.53.19 (3).jpeg,0.6528437985262479,1
/home/anitadonato/tcc/tcc/data/known_faces/bianca/WhatsApp Image 2026-06-04 at 22.53.14 (2).jpeg,/home/anitadonato/tcc/tcc/data/known_faces/bianca/WhatsApp Image 2026-06-04 at 22.53.19 (4).jpeg,0.6584627464678761,1
/home/anitadonato/tcc/tcc/data/known_faces/bianca/WhatsApp Image 2026-06-04 at 22.53.14 (2).jpeg,/home/anitadonato/tcc/tcc/data/known_faces/bianca/WhatsApp Image 2026-06-04 at 22.53.19 (5).jpeg,0.648974977120638,1
/home/anitadonato/tcc/tcc/data/known_faces/bianca/WhatsApp Image 2026-06-04 at 22.53.14 (2).jpeg,/home/anitadonato/tcc/tcc/data/known_faces/bianca/WhatsApp Image 2026-06-04 at 22.53.19 (6).jpeg,0.6652088511952908,1
/home/anitadonato/tcc/tcc/data/known_faces/bianca/WhatsApp Image 2026-06-04 at 22.53.14 (2).jpeg,/home/anitadonato/tcc/tcc/data/known_faces/bianca/WhatsApp Image 2026-06-04 at 22.53.19.jpeg,0.5234732829290574,1
/home/anitadonato/tcc/tcc/data/known_faces/bianca/WhatsApp Image 2026-06-04 at 22.53.14 (3).jpeg,/home/anitadonato/tcc/tcc/data/known_faces/bianca/WhatsApp Image 2026-06-04 at 22.53.14 (4).jpeg,0.5776555067043221,1
/home/anitadonato/tcc/tcc/data/known_faces/bianca/WhatsApp Image 2026-06-04 at 22.53.14 (3).jpeg,/home/anitadonato/tcc/tcc/data/known_faces/bianca/WhatsApp Image 2026-06-04 at 22.53.14.jpeg,0.43130244289859765,1
/home/anitadonato/tcc/tcc/data/known_faces/bianca/WhatsApp Image 2026-06-04 at 22.53.14 (3).jpeg,/home/anitadonato/tcc/tcc/data/known_faces/bianca/WhatsApp Image 2026-06-04 at 22.53.15 (1).jpeg,0.5288743917956802,1
/home/anitadonato/tcc/tcc/data/known_faces/bianca/WhatsApp Image 2026-06-04 at 22.53.14 (3).jpeg,/home/anitadonato/tcc/tcc/data/known_faces/bianca/WhatsApp Image 2026-06-04 at 22.53.15 (2).jpeg,0.6447671428338397,1
/home/anitadonato/tcc/tcc/data/known_faces/bianca/WhatsApp Image 2026-06-04 at 22.53.14 (3).jpeg,/home/anitadonato/tcc/tcc/data/known_faces/bianca/WhatsApp Image 2026-06-04 at 22.53.15.jpeg,0.5844639068095465,1
/home/anitadonato/tcc/tcc/data/known_faces/bianca/WhatsApp Image 2026-06-04 at 22.53.14 (3).jpeg,/home/anitadonato/tcc/tcc/data/known_faces/bianca/WhatsApp Image 2026-06-04 at 22.53.16 (1).jpeg,0.8476601816639735,1
/home/anitadonato/tcc/tcc/data/known_faces/bianca/WhatsApp Image 2026-06-04 at 22.53.14 (3).jpeg,/home/anitadonato/tcc/tcc/data/known_faces/bianca/WhatsApp Image 2026-06-04 at 22.53.16 (2).jpeg,0.651132504901931,1
/home/anitadonato/tcc/tcc/data/known_faces/bianca/WhatsApp Image 2026-06-04 at 22.53.14 (3).jpeg,/home/anitadonato/tcc/tcc/data/known_faces/bianca/WhatsApp Image 2026-06-04 at 22.53.16 (3).jpeg,0.6705785260353182,1
/home/anitadonato/tcc/tcc/data/known_faces/bianca/WhatsApp Image 2026-06-04 at 22.53.14 (3).jpeg,/home/anitadonato/tcc/tcc/data/known_faces/bianca/WhatsApp Image 2026-06-04 at 22.53.16.jpeg,0.5895960387058117,1
/home/anitadonato/tcc/tcc/data/known_faces/bianca/WhatsApp Image 2026-06-04 at 22.53.14 (3).jpeg,/home/anitadonato/tcc/tcc/data/known_faces/bianca/WhatsApp Image 2026-06-04 at 22.53.17 (1).jpeg,0.5073895049082218,1
/home/anitadonato/tcc/tcc/data/known_faces/bianca/WhatsApp Image 2026-06-04 at 22.53.14 (3).jpeg,/home/anitadonato/tcc/tcc/data/known_faces/bianca/WhatsApp Image 2026-06-04 at 22.53.17.jpeg,0.8425602663873241,1
/home/anitadonato/tcc/tcc/data/known_faces/bianca/WhatsApp Image 2026-06-04 at 22.53.14 (3).jpeg,/home/anitadonato/tcc/tcc/data/known_faces/bianca/WhatsApp Image 2026-06-04 at 22.53.18 (1).jpeg,0.6243733445989263,1
/home/anitadonato/tcc/tcc/data/known_faces/bianca/WhatsApp Image 2026-06-04 at 22.53.14 (3).jpeg,/home/anitadonato/tcc/tcc/data/known_faces/bianca/WhatsApp Image 2026-06-04 at 22.53.18 (2).jpeg,0.5909457524593653,1
/home/anitadonato/tcc/tcc/data/known_faces/bianca/WhatsApp Image 2026-06-04 at 22.53.14 (3).jpeg,/home/anitadonato/tcc/tcc/data/known_faces/bianca/WhatsApp Image 2026-06-04 at 22.53.18 (3).jpeg,0.511891124546417,1
/home/anitadonato/tcc/tcc/data/known_faces/bianca/WhatsApp Image 2026-06-04 at 22.53.14 (3).jpeg,/home/anitadonato/tcc/tcc/data/known_faces/bianca/WhatsApp Image 2026-06-04 at 22.53.18 (4).jpeg,0.5307377395911688,1
/home/anitadonato/tcc/tcc/data/known_faces/bianca/WhatsApp Image 2026-06-04 at 22.53.14 (3).jpeg,/home/anitadonato/tcc/tcc/data/known_faces/bianca/WhatsApp Image 2026-06-04 at 22.53.18.jpeg,0.3766908747171478,1
/home/anitadonato/tcc/tcc/data/known_faces/bianca/WhatsApp Image 2026-06-04 at 22.53.14 (3).jpeg,/home/anitadonato/tcc/tcc/data/known_faces/bianca/WhatsApp Image 2026-06-04 at 22.53.19 (1).jpeg,0.4751546017592885,1
/home/anitadonato/tcc/tcc/data/known_faces/bianca/WhatsApp Image 2026-06-04 at 22.53.14 (3).jpeg,/home/anitadonato/tcc/tcc/data/known_faces/bianca/WhatsApp Image 2026-06-04 at 22.53.19 (2).jpeg,0.4869713808831013,1
/home/anitadonato/tcc/tcc/data/known_faces/bianca/WhatsApp Image 2026-06-04 at 22.53.14 (3).jpeg,/home/anitadonato/tcc/tcc/data/known_faces/bianca/WhatsApp Image 2026-06-04 at 22.53.19 (3).jpeg,0.6482450019077812,1
/home/anitadonato/tcc/tcc/data/known_faces/bianca/WhatsApp Image 2026-06-04 at 22.53.14 (3).jpeg,/home/anitadonato/tcc/tcc/data/known_faces/bianca/WhatsApp Image 2026-06-04 at 22.53.19 (4).jpeg,0.6453499079985088,1
/home/anitadonato/tcc/tcc/data/known_faces/bianca/WhatsApp Image 2026-06-04 at 22.53.14 (3).jpeg,/home/anitadonato/tcc/tcc/data/known_faces/bianca/WhatsApp Image 2026-06-04 at 22.53.19 (5).jpeg,0.6218357033672118,1
/home/anitadonato/tcc/tcc/data/known_faces/bianca/WhatsApp Image 2026-06-04 at 22.53.14 (3).jpeg,/home/anitadonato/tcc/tcc/data/known_faces/bianca/WhatsApp Image 2026-06-04 at 22.53.19 (6).jpeg,0.6549434605998813,1
/home/anitadonato/tcc/tcc/data/known_faces/bianca/WhatsApp Image 2026-06-04 at 22.53.14 (3).jpeg,/home/anitadonato/tcc/tcc/data/known_faces/bianca/WhatsApp Image 2026-06-04 at 22.53.19.jpeg,0.4979748107101232,1
/home/anitadonato/tcc/tcc/data/known_faces/bianca/WhatsApp Image 2026-06-04 at 22.53.14 (4).jpeg,/home/anitadonato/tcc/tcc/data/known_faces/bianca/WhatsApp Image 2026-06-04 at 22.53.14.jpeg,0.6107073015673095,1
/home/anitadonato/tcc/tcc/data/known_faces/bianca/WhatsApp Image 2026-06-04 at 22.53.14 (4).jpeg,/home/anitadonato/tcc/tcc/data/known_faces/bianca/WhatsApp Image 2026-06-04 at 22.53.15 (1).jpeg,0.42688116033447954,1
/home/anitadonato/tcc/tcc/data/known_faces/bianca/WhatsApp Image 2026-06-04 at 22.53.14 (4).jpeg,/home/anitadonato/tcc/tcc/data/known_faces/bianca/WhatsApp Image 2026-06-04 at 22.53.15 (2).jpeg,0.3335030110251209,1
/home/anitadonato/tcc/tcc/data/known_faces/bianca/WhatsApp Image 2026-06-04 at 22.53.14 (4).jpeg,/home/anitadonato/tcc/tcc/data/known_faces/bianca/WhatsApp Image 2026-06-04 at 22.53.15.jpeg,0.5350014200911446,1
/home/anitadonato/tcc/tcc/data/known_faces/bianca/WhatsApp Image 2026-06-04 at 22.53.14 (4).jpeg,/home/anitadonato/tcc/tcc/data/known_faces/bianca/WhatsApp Image 2026-06-04 at 22.53.16 (1).jpeg,0.8260557389343688,1
/home/anitadonato/tcc/tcc/data/known_faces/bianca/WhatsApp Image 2026-06-04 at 22.53.14 (4).jpeg,/home/anitadonato/tcc/tcc/data/known_faces/bianca/WhatsApp Image 2026-06-04 at 22.53.16 (2).jpeg,0.3129239198780185,1
/home/anitadonato/tcc/tcc/data/known_faces/bianca/WhatsApp Image 2026-06-04 at 22.53.14 (4).jpeg,/home/anitadonato/tcc/tcc/data/known_faces/bianca/WhatsApp Image 2026-06-04 at 22.53.16 (3).jpeg,0.3090428667467654,1
/home/anitadonato/tcc/tcc/data/known_faces/bianca/WhatsApp Image 2026-06-04 at 22.53.14 (4).jpeg,/home/anitadonato/tcc/tcc/data/known_faces/bianca/WhatsApp Image 2026-06-04 at 22.53.16.jpeg,0.13627198227032677,1
/home/anitadonato/tcc/tcc/data/known_faces/bianca/WhatsApp Image 2026-06-04 at 22.53.14 (4).jpeg,/home/anitadonato/tcc/tcc/data/known_faces/bianca/WhatsApp Image 2026-06-04 at 22.53.17 (1).jpeg,0.5067639867637275,1
/home/anitadonato/tcc/tcc/data/known_faces/bianca/WhatsApp Image 2026-06-04 at 22.53.14 (4).jpeg,/home/anitadonato/tcc/tcc/data/known_faces/bianca/WhatsApp Image 2026-06-04 at 22.53.17.jpeg,0.8280016855987011,1
/home/anitadonato/tcc/tcc/data/known_faces/bianca/WhatsApp Image 2026-06-04 at 22.53.14 (4).jpeg,/home/anitadonato/tcc/tcc/data/known_faces/bianca/WhatsApp Image 2026-06-04 at 22.53.18 (1).jpeg,0.5366206796498352,1
/home/anitadonato/tcc/tcc/data/known_faces/bianca/WhatsApp Image 2026-06-04 at 22.53.14 (4).jpeg,/home/anitadonato/tcc/tcc/data/known_faces/bianca/WhatsApp Image 2026-06-04 at 22.53.18 (2).jpeg,0.47030848072020937,1
/home/anitadonato/tcc/tcc/data/known_faces/bianca/WhatsApp Image 2026-06-04 at 22.53.14 (4).jpeg,/home/anitadonato/tcc/tcc/data/known_faces/bianca/WhatsApp Image 2026-06-04 at 22.53.18 (3).jpeg,0.5526322554701989,1
/home/anitadonato/tcc/tcc/data/known_faces/bianca/WhatsApp Image 2026-06-04 at 22.53.14 (4).jpeg,/home/anitadonato/tcc/tcc/data/known_faces/bianca/WhatsApp Image 2026-06-04 at 22.53.18 (4).jpeg,0.5311506264940177,1
/home/anitadonato/tcc/tcc/data/known_faces/bianca/WhatsApp Image 2026-06-04 at 22.53.14 (4).jpeg,/home/anitadonato/tcc/tcc/data/known_faces/bianca/WhatsApp Image 2026-06-04 at 22.53.18.jpeg,0.45140610308951323,1
/home/anitadonato/tcc/tcc/data/known_faces/bianca/WhatsApp Image 2026-06-04 at 22.53.14 (4).jpeg,/home/anitadonato/tcc/tcc/data/known_faces/bianca/WhatsApp Image 2026-06-04 at 22.53.19 (1).jpeg,0.45791740749044396,1
/home/anitadonato/tcc/tcc/data/known_faces/bianca/WhatsApp Image 2026-06-04 at 22.53.14 (4).jpeg,/home/anitadonato/tcc/tcc/data/known_faces/bianca/WhatsApp Image 2026-06-04 at 22.53.19 (2).jpeg,0.4720934631720437,1
/home/anitadonato/tcc/tcc/data/known_faces/bianca/WhatsApp Image 2026-06-04 at 22.53.14 (4).jpeg,/home/anitadonato/tcc/tcc/data/known_faces/bianca/WhatsApp Image 2026-06-04 at 22.53.19 (3).jpeg,0.5012130864828995,1
/home/anitadonato/tcc/tcc/data/known_faces/bianca/WhatsApp Image 2026-06-04 at 22.53.14 (4).jpeg,/home/anitadonato/tcc/tcc/data/known_faces/bianca/WhatsApp Image 2026-06-04 at 22.53.19 (4).jpeg,0.5726405792869216,1
/home/anitadonato/tcc/tcc/data/known_faces/bianca/WhatsApp Image 2026-06-04 at 22.53.14 (4).jpeg,/home/anitadonato/tcc/tcc/data/known_faces/bianca/WhatsApp Image 2026-06-04 at 22.53.19 (5).jpeg,0.5212082928376305,1
/home/anitadonato/tcc/tcc/data/known_faces/bianca/WhatsApp Image 2026-06-04 at 22.53.14 (4).jpeg,/home/anitadonato/tcc/tcc/data/known_faces/bianca/WhatsApp Image 2026-06-04 at 22.53.19 (6).jpeg,0.47498087736219863,1
/home/anitadonato/tcc/tcc/data/known_faces/bianca/WhatsApp Image 2026-06-04 at 22.53.14 (4).jpeg,/home/anitadonato/tcc/tcc/data/known_faces/bianca/WhatsApp Image 2026-06-04 at 22.53.19.jpeg,0.49091297423876457,1
/home/anitadonato/tcc/tcc/data/known_faces/bianca/WhatsApp Image 2026-06-04 at 22.53.14.jpeg,/home/anitadonato/tcc/tcc/data/known_faces/bianca/WhatsApp Image 2026-06-04 at 22.53.15 (1).jpeg,0.6904236087670168,1
/home/anitadonato/tcc/tcc/data/known_faces/bianca/WhatsApp Image 2026-06-04 at 22.53.14.jpeg,/home/anitadonato/tcc/tcc/data/known_faces/bianca/WhatsApp Image 2026-06-04 at 22.53.15 (2).jpeg,0.6536287696376099,1
/home/anitadonato/tcc/tcc/data/known_faces/bianca/WhatsApp Image 2026-06-04 at 22.53.14.jpeg,/home/anitadonato/tcc/tcc/data/known_faces/bianca/WhatsApp Image 2026-06-04 at 22.53.15.jpeg,0.5867089961489901,1
/home/anitadonato/tcc/tcc/data/known_faces/bianca/WhatsApp Image 2026-06-04 at 22.53.14.jpeg,/home/anitadonato/tcc/tcc/data/known_faces/bianca/WhatsApp Image 2026-06-04 at 22.53.16 (1).jpeg,0.7499111374670271,1
/home/anitadonato/tcc/tcc/data/known_faces/bianca/WhatsApp Image 2026-06-04 at 22.53.14.jpeg,/home/anitadonato/tcc/tcc/data/known_faces/bianca/WhatsApp Image 2026-06-04 at 22.53.16 (2).jpeg,0.6588277094911092,1
/home/anitadonato/tcc/tcc/data/known_faces/bianca/WhatsApp Image 2026-06-04 at 22.53.14.jpeg,/home/anitadonato/tcc/tcc/data/known_faces/bianca/WhatsApp Image 2026-06-04 at 22.53.16 (3).jpeg,0.6681087724385166,1
/home/anitadonato/tcc/tcc/data/known_faces/bianca/WhatsApp Image 2026-06-04 at 22.53.14.jpeg,/home/anitadonato/tcc/tcc/data/known_faces/bianca/WhatsApp Image 2026-06-04 at 22.53.16.jpeg,0.6786955763452459,1
/home/anitadonato/tcc/tcc/data/known_faces/bianca/WhatsApp Image 2026-06-04 at 22.53.14.jpeg,/home/anitadonato/tcc/tcc/data/known_faces/bianca/WhatsApp Image 2026-06-04 at 22.53.17 (1).jpeg,0.46268382190543533,1
/home/anitadonato/tcc/tcc/data/known_faces/bianca/WhatsApp Image 2026-06-04 at 22.53.14.jpeg,/home/anitadonato/tcc/tcc/data/known_faces/bianca/WhatsApp Image 2026-06-04 at 22.53.17.jpeg,0.6724321104988811,1
/home/anitadonato/tcc/tcc/data/known_faces/bianca/WhatsApp Image 2026-06-04 at 22.53.14.jpeg,/home/anitadonato/tcc/tcc/data/known_faces/bianca/WhatsApp Image 2026-06-04 at 22.53.18 (1).jpeg,0.4557459566797947,1
/home/anitadonato/tcc/tcc/data/known_faces/bianca/WhatsApp Image 2026-06-04 at 22.53.14.jpeg,/home/anitadonato/tcc/tcc/data/known_faces/bianca/WhatsApp Image 2026-06-04 at 22.53.18 (2).jpeg,0.5282464234911488,1
/home/anitadonato/tcc/tcc/data/known_faces/bianca/WhatsApp Image 2026-06-04 at 22.53.14.jpeg,/home/anitadonato/tcc/tcc/data/known_faces/bianca/WhatsApp Image 2026-06-04 at 22.53.18 (3).jpeg,0.5349712160948228,1
/home/anitadonato/tcc/tcc/data/known_faces/bianca/WhatsApp Image 2026-06-04 at 22.53.14.jpeg,/home/anitadonato/tcc/tcc/data/known_faces/bianca/WhatsApp Image 2026-06-04 at 22.53.18 (4).jpeg,0.5594442020336754,1
/home/anitadonato/tcc/tcc/data/known_faces/bianca/WhatsApp Image 2026-06-04 at 22.53.14.jpeg,/home/anitadonato/tcc/tcc/data/known_faces/bianca/WhatsApp Image 2026-06-04 at 22.53.18.jpeg,0.46281506078759926,1
/home/anitadonato/tcc/tcc/data/known_faces/bianca/WhatsApp Image 2026-06-04 at 22.53.14.jpeg,/home/anitadonato/tcc/tcc/data/known_faces/bianca/WhatsApp Image 2026-06-04 at 22.53.19 (1).jpeg,0.5241485018459966,1
/home/anitadonato/tcc/tcc/data/known_faces/bianca/WhatsApp Image 2026-06-04 at 22.53.14.jpeg,/home/anitadonato/tcc/tcc/data/known_faces/bianca/WhatsApp Image 2026-06-04 at 22.53.19 (2).jpeg,0.5463570788241157,1
/home/anitadonato/tcc/tcc/data/known_faces/bianca/WhatsApp Image 2026-06-04 at 22.53.14.jpeg,/home/anitadonato/tcc/tcc/data/known_faces/bianca/WhatsApp Image 2026-06-04 at 22.53.19 (3).jpeg,0.5733569532920479,1
/home/anitadonato/tcc/tcc/data/known_faces/bianca/WhatsApp Image 2026-06-04 at 22.53.14.jpeg,/home/anitadonato/tcc/tcc/data/known_faces/bianca/WhatsApp Image 2026-06-04 at 22.53.19 (4).jpeg,0.5403323071926973,1
/home/anitadonato/tcc/tcc/data/known_faces/bianca/WhatsApp Image 2026-06-04 at 22.53.14.jpeg,/home/anitadonato/tcc/tcc/data/known_faces/bianca/WhatsApp Image 2026-06-04 at 22.53.19 (5).jpeg,0.5271439529573414,1
/home/anitadonato/tcc/tcc/data/known_faces/bianca/WhatsApp Image 2026-06-04 at 22.53.14.jpeg,/home/anitadonato/tcc/tcc/data/known_faces/bianca/WhatsApp Image 2026-06-04 at 22.53.19 (6).jpeg,0.5530869172286786,1
/home/anitadonato/tcc/tcc/data/known_faces/bianca/WhatsApp Image 2026-06-04 at 22.53.14.jpeg,/home/anitadonato/tcc/tcc/data/known_faces/bianca/WhatsApp Image 2026-06-04 at 22.53.19.jpeg,0.5366978214406415,1
/home/anitadonato/tcc/tcc/data/known_faces/bianca/WhatsApp Image 2026-06-04 at 22.53.15 (1).jpeg,/home/anitadonato/tcc/tcc/data/known_faces/bianca/WhatsApp Image 2026-06-04 at 22.53.15 (2).jpeg,0.457082313967623,1
/home/anitadonato/tcc/tcc/data/known_faces/bianca/WhatsApp Image 2026-06-04 at 22.53.15 (1).jpeg,/home/anitadonato/tcc/tcc/data/known_faces/bianca/WhatsApp Image 2026-06-04 at 22.53.15.jpeg,0.6844773561323779,1
/home/anitadonato/tcc/tcc/data/known_faces/bianca/WhatsApp Image 2026-06-04 at 22.53.15 (1).jpeg,/home/anitadonato/tcc/tcc/data/known_faces/bianca/WhatsApp Image 2026-06-04 at 22.53.16 (1).jpeg,0.6102429255195443,1
/home/anitadonato/tcc/tcc/data/known_faces/bianca/WhatsApp Image 2026-06-04 at 22.53.15 (1).jpeg,/home/anitadonato/tcc/tcc/data/known_faces/bianca/WhatsApp Image 2026-06-04 at 22.53.16 (2).jpeg,0.4771219210980705,1
/home/anitadonato/tcc/tcc/data/known_faces/bianca/WhatsApp Image 2026-06-04 at 22.53.15 (1).jpeg,/home/anitadonato/tcc/tcc/data/known_faces/bianca/WhatsApp Image 2026-06-04 at 22.53.16 (3).jpeg,0.4823235571759904,1
/home/anitadonato/tcc/tcc/data/known_faces/bianca/WhatsApp Image 2026-06-04 at 22.53.15 (1).jpeg,/home/anitadonato/tcc/tcc/data/known_faces/bianca/WhatsApp Image 2026-06-04 at 22.53.16.jpeg,0.361200445531789,1
/home/anitadonato/tcc/tcc/data/known_faces/bianca/WhatsApp Image 2026-06-04 at 22.53.15 (1).jpeg,/home/anitadonato/tcc/tcc/data/known_faces/bianca/WhatsApp Image 2026-06-04 at 22.53.17 (1).jpeg,0.657760762428961,1
/home/anitadonato/tcc/tcc/data/known_faces/bianca/WhatsApp Image 2026-06-04 at 22.53.15 (1).jpeg,/home/anitadonato/tcc/tcc/data/known_faces/bianca/WhatsApp Image 2026-06-04 at 22.53.17.jpeg,0.8315630375795073,1
/home/anitadonato/tcc/tcc/data/known_faces/bianca/WhatsApp Image 2026-06-04 at 22.53.15 (1).jpeg,/home/anitadonato/tcc/tcc/data/known_faces/bianca/WhatsApp Image 2026-06-04 at 22.53.18 (1).jpeg,0.6657329389818792,1
/home/anitadonato/tcc/tcc/data/known_faces/bianca/WhatsApp Image 2026-06-04 at 22.53.15 (1).jpeg,/home/anitadonato/tcc/tcc/data/known_faces/bianca/WhatsApp Image 2026-06-04 at 22.53.18 (2).jpeg,0.6343306857356149,1
/home/anitadonato/tcc/tcc/data/known_faces/bianca/WhatsApp Image 2026-06-04 at 22.53.15 (1).jpeg,/home/anitadonato/tcc/tcc/data/known_faces/bianca/WhatsApp Image 2026-06-04 at 22.53.18 (3).jpeg,0.6532811670074758,1
/home/anitadonato/tcc/tcc/data/known_faces/bianca/WhatsApp Image 2026-06-04 at 22.53.15 (1).jpeg,/home/anitadonato/tcc/tcc/data/known_faces/bianca/WhatsApp Image 2026-06-04 at 22.53.18 (4).jpeg,0.6412586419884072,1
/home/anitadonato/tcc/tcc/data/known_faces/bianca/WhatsApp Image 2026-06-04 at 22.53.15 (1).jpeg,/home/anitadonato/tcc/tcc/data/known_faces/bianca/WhatsApp Image 2026-06-04 at 22.53.18.jpeg,0.5697760228286401,1
/home/anitadonato/tcc/tcc/data/known_faces/bianca/WhatsApp Image 2026-06-04 at 22.53.15 (1).jpeg,/home/anitadonato/tcc/tcc/data/known_faces/bianca/WhatsApp Image 2026-06-04 at 22.53.19 (1).jpeg,0.6049060196709676,1
/home/anitadonato/tcc/tcc/data/known_faces/bianca/WhatsApp Image 2026-06-04 at 22.53.15 (1).jpeg,/home/anitadonato/tcc/tcc/data/known_faces/bianca/WhatsApp Image 2026-06-04 at 22.53.19 (2).jpeg,0.6062283511940588,1
/home/anitadonato/tcc/tcc/data/known_faces/bianca/WhatsApp Image 2026-06-04 at 22.53.15 (1).jpeg,/home/anitadonato/tcc/tcc/data/known_faces/bianca/WhatsApp Image 2026-06-04 at 22.53.19 (3).jpeg,0.6762996299245144,1
/home/anitadonato/tcc/tcc/data/known_faces/bianca/WhatsApp Image 2026-06-04 at 22.53.15 (1).jpeg,/home/anitadonato/tcc/tcc/data/known_faces/bianca/WhatsApp Image 2026-06-04 at 22.53.19 (4).jpeg,0.6597010432348032,1
/home/anitadonato/tcc/tcc/data/known_faces/bianca/WhatsApp Image 2026-06-04 at 22.53.15 (1).jpeg,/home/anitadonato/tcc/tcc/data/known_faces/bianca/WhatsApp Image 2026-06-04 at 22.53.19 (5).jpeg,0.5808449124553059,1
/home/anitadonato/tcc/tcc/data/known_faces/bianca/WhatsApp Image 2026-06-04 at 22.53.15 (1).jpeg,/home/anitadonato/tcc/tcc/data/known_faces/bianca/WhatsApp Image 2026-06-04 at 22.53.19 (6).jpeg,0.6224577518081109,1
/home/anitadonato/tcc/tcc/data/known_faces/bianca/WhatsApp Image 2026-06-04 at 22.53.15 (1).jpeg,/home/anitadonato/tcc/tcc/data/known_faces/bianca/WhatsApp Image 2026-06-04 at 22.53.19.jpeg,0.5917207429125333,1
/home/anitadonato/tcc/tcc/data/known_faces/bianca/WhatsApp Image 2026-06-04 at 22.53.15 (2).jpeg,/home/anitadonato/tcc/tcc/data/known_faces/bianca/WhatsApp Image 2026-06-04 at 22.53.15.jpeg,0.6752545604863288,1
/home/anitadonato/tcc/tcc/data/known_faces/bianca/WhatsApp Image 2026-06-04 at 22.53.15 (2).jpeg,/home/anitadonato/tcc/tcc/data/known_faces/bianca/WhatsApp Image 2026-06-04 at 22.53.16 (1).jpeg,0.7583562960336597,1
/home/anitadonato/tcc/tcc/data/known_faces/bianca/WhatsApp Image 2026-06-04 at 22.53.15 (2).jpeg,/home/anitadonato/tcc/tcc/data/known_faces/bianca/WhatsApp Image 2026-06-04 at 22.53.16 (2).jpeg,0.35907394846438945,1
/home/anitadonato/tcc/tcc/data/known_faces/bianca/WhatsApp Image 2026-06-04 at 22.53.15 (2).jpeg,/home/anitadonato/tcc/tcc/data/known_faces/bianca/WhatsApp Image 2026-06-04 at 22.53.16 (3).jpeg,0.38358075737920005,1
/home/anitadonato/tcc/tcc/data/known_faces/bianca/WhatsApp Image 2026-06-04 at 22.53.15 (2).jpeg,/home/anitadonato/tcc/tcc/data/known_faces/bianca/WhatsApp Image 2026-06-04 at 22.53.16.jpeg,0.30655376384104704,1
/home/anitadonato/tcc/tcc/data/known_faces/bianca/WhatsApp Image 2026-06-04 at 22.53.15 (2).jpeg,/home/anitadonato/tcc/tcc/data/known_faces/bianca/WhatsApp Image 2026-06-04 at 22.53.17 (1).jpeg,0.5522043387009088,1
/home/anitadonato/tcc/tcc/data/known_faces/bianca/WhatsApp Image 2026-06-04 at 22.53.15 (2).jpeg,/home/anitadonato/tcc/tcc/data/known_faces/bianca/WhatsApp Image 2026-06-04 at 22.53.17.jpeg,0.8943044796088483,1
/home/anitadonato/tcc/tcc/data/known_faces/bianca/WhatsApp Image 2026-06-04 at 22.53.15 (2).jpeg,/home/anitadonato/tcc/tcc/data/known_faces/bianca/WhatsApp Image 2026-06-04 at 22.53.18 (1).jpeg,0.6591520075952759,1
/home/anitadonato/tcc/tcc/data/known_faces/bianca/WhatsApp Image 2026-06-04 at 22.53.15 (2).jpeg,/home/anitadonato/tcc/tcc/data/known_faces/bianca/WhatsApp Image 2026-06-04 at 22.53.18 (2).jpeg,0.6619459868019923,1
/home/anitadonato/tcc/tcc/data/known_faces/bianca/WhatsApp Image 2026-06-04 at 22.53.15 (2).jpeg,/home/anitadonato/tcc/tcc/data/known_faces/bianca/WhatsApp Image 2026-06-04 at 22.53.18 (3).jpeg,0.5977649619792226,1
/home/anitadonato/tcc/tcc/data/known_faces/bianca/WhatsApp Image 2026-06-04 at 22.53.15 (2).jpeg,/home/anitadonato/tcc/tcc/data/known_faces/bianca/WhatsApp Image 2026-06-04 at 22.53.18 (4).jpeg,0.5794754185049609,1
/home/anitadonato/tcc/tcc/data/known_faces/bianca/WhatsApp Image 2026-06-04 at 22.53.15 (2).jpeg,/home/anitadonato/tcc/tcc/data/known_faces/bianca/WhatsApp Image 2026-06-04 at 22.53.18.jpeg,0.5688345286908597,1
/home/anitadonato/tcc/tcc/data/known_faces/bianca/WhatsApp Image 2026-06-04 at 22.53.15 (2).jpeg,/home/anitadonato/tcc/tcc/data/known_faces/bianca/WhatsApp Image 2026-06-04 at 22.53.19 (1).jpeg,0.5282857044112512,1
/home/anitadonato/tcc/tcc/data/known_faces/bianca/WhatsApp Image 2026-06-04 at 22.53.15 (2).jpeg,/home/anitadonato/tcc/tcc/data/known_faces/bianca/WhatsApp Image 2026-06-04 at 22.53.19 (2).jpeg,0.518020765895243,1
/home/anitadonato/tcc/tcc/data/known_faces/bianca/WhatsApp Image 2026-06-04 at 22.53.15 (2).jpeg,/home/anitadonato/tcc/tcc/data/known_faces/bianca/WhatsApp Image 2026-06-04 at 22.53.19 (3).jpeg,0.5953679365780269,1
/home/anitadonato/tcc/tcc/data/known_faces/bianca/WhatsApp Image 2026-06-04 at 22.53.15 (2).jpeg,/home/anitadonato/tcc/tcc/data/known_faces/bianca/WhatsApp Image 2026-06-04 at 22.53.19 (4).jpeg,0.6372809352347594,1
/home/anitadonato/tcc/tcc/data/known_faces/bianca/WhatsApp Image 2026-06-04 at 22.53.15 (2).jpeg,/home/anitadonato/tcc/tcc/data/known_faces/bianca/WhatsApp Image 2026-06-04 at 22.53.19 (5).jpeg,0.593816315188477,1
/home/anitadonato/tcc/tcc/data/known_faces/bianca/WhatsApp Image 2026-06-04 at 22.53.15 (2).jpeg,/home/anitadonato/tcc/tcc/data/known_faces/bianca/WhatsApp Image 2026-06-04 at 22.53.19 (6).jpeg,0.5676552001763522,1
/home/anitadonato/tcc/tcc/data/known_faces/bianca/WhatsApp Image 2026-06-04 at 22.53.15 (2).jpeg,/home/anitadonato/tcc/tcc/data/known_faces/bianca/WhatsApp Image 2026-06-04 at 22.53.19.jpeg,0.5572991869243753,1
/home/anitadonato/tcc/tcc/data/known_faces/bianca/WhatsApp Image 2026-06-04 at 22.53.15.jpeg,/home/anitadonato/tcc/tcc/data/known_faces/bianca/WhatsApp Image 2026-06-04 at 22.53.16 (1).jpeg,0.8970443009975493,1
/home/anitadonato/tcc/tcc/data/known_faces/bianca/WhatsApp Image 2026-06-04 at 22.53.15.jpeg,/home/anitadonato/tcc/tcc/data/known_faces/bianca/WhatsApp Image 2026-06-04 at 22.53.16 (2).jpeg,0.7207317144055605,1
/home/anitadonato/tcc/tcc/data/known_faces/bianca/WhatsApp Image 2026-06-04 at 22.53.15.jpeg,/home/anitadonato/tcc/tcc/data/known_faces/bianca/WhatsApp Image 2026-06-04 at 22.53.16 (3).jpeg,0.7424223765049007,1
/home/anitadonato/tcc/tcc/data/known_faces/bianca/WhatsApp Image 2026-06-04 at 22.53.15.jpeg,/home/anitadonato/tcc/tcc/data/known_faces/bianca/WhatsApp Image 2026-06-04 at 22.53.16.jpeg,0.5898720393441056,1
/home/anitadonato/tcc/tcc/data/known_faces/bianca/WhatsApp Image 2026-06-04 at 22.53.15.jpeg,/home/anitadonato/tcc/tcc/data/known_faces/bianca/WhatsApp Image 2026-06-04 at 22.53.17 (1).jpeg,0.37009683069640475,1
/home/anitadonato/tcc/tcc/data/known_faces/bianca/WhatsApp Image 2026-06-04 at 22.53.15.jpeg,/home/anitadonato/tcc/tcc/data/known_faces/bianca/WhatsApp Image 2026-06-04 at 22.53.17.jpeg,0.8495775897899269,1
/home/anitadonato/tcc/tcc/data/known_faces/bianca/WhatsApp Image 2026-06-04 at 22.53.15.jpeg,/home/anitadonato/tcc/tcc/data/known_faces/bianca/WhatsApp Image 2026-06-04 at 22.53.18 (1).jpeg,0.5050207899060486,1
/home/anitadonato/tcc/tcc/data/known_faces/bianca/WhatsApp Image 2026-06-04 at 22.53.15.jpeg,/home/anitadonato/tcc/tcc/data/known_faces/bianca/WhatsApp Image 2026-06-04 at 22.53.18 (2).jpeg,0.4324182064642983,1
/home/anitadonato/tcc/tcc/data/known_faces/bianca/WhatsApp Image 2026-06-04 at 22.53.15.jpeg,/home/anitadonato/tcc/tcc/data/known_faces/bianca/WhatsApp Image 2026-06-04 at 22.53.18 (3).jpeg,0.3888973476052162,1
/home/anitadonato/tcc/tcc/data/known_faces/bianca/WhatsApp Image 2026-06-04 at 22.53.15.jpeg,/home/anitadonato/tcc/tcc/data/known_faces/bianca/WhatsApp Image 2026-06-04 at 22.53.18 (4).jpeg,0.38577215749629146,1
/home/anitadonato/tcc/tcc/data/known_faces/bianca/WhatsApp Image 2026-06-04 at 22.53.15.jpeg,/home/anitadonato/tcc/tcc/data/known_faces/bianca/WhatsApp Image 2026-06-04 at 22.53.18.jpeg,0.3692604296757003,1
/home/anitadonato/tcc/tcc/data/known_faces/bianca/WhatsApp Image 2026-06-04 at 22.53.15.jpeg,/home/anitadonato/tcc/tcc/data/known_faces/bianca/WhatsApp Image 2026-06-04 at 22.53.19 (1).jpeg,0.3575636121953846,1
/home/anitadonato/tcc/tcc/data/known_faces/bianca/WhatsApp Image 2026-06-04 at 22.53.15.jpeg,/home/anitadonato/tcc/tcc/data/known_faces/bianca/WhatsApp Image 2026-06-04 at 22.53.19 (2).jpeg,0.3643019756387531,1
/home/anitadonato/tcc/tcc/data/known_faces/bianca/WhatsApp Image 2026-06-04 at 22.53.15.jpeg,/home/anitadonato/tcc/tcc/data/known_faces/bianca/WhatsApp Image 2026-06-04 at 22.53.19 (3).jpeg,0.412468891765718,1
/home/anitadonato/tcc/tcc/data/known_faces/bianca/WhatsApp Image 2026-06-04 at 22.53.15.jpeg,/home/anitadonato/tcc/tcc/data/known_faces/bianca/WhatsApp Image 2026-06-04 at 22.53.19 (4).jpeg,0.4883361458102732,1
/home/anitadonato/tcc/tcc/data/known_faces/bianca/WhatsApp Image 2026-06-04 at 22.53.15.jpeg,/home/anitadonato/tcc/tcc/data/known_faces/bianca/WhatsApp Image 2026-06-04 at 22.53.19 (5).jpeg,0.42204060332932736,1
/home/anitadonato/tcc/tcc/data/known_faces/bianca/WhatsApp Image 2026-06-04 at 22.53.15.jpeg,/home/anitadonato/tcc/tcc/data/known_faces/bianca/WhatsApp Image 2026-06-04 at 22.53.19 (6).jpeg,0.46615772137582256,1
/home/anitadonato/tcc/tcc/data/known_faces/bianca/WhatsApp Image 2026-06-04 at 22.53.15.jpeg,/home/anitadonato/tcc/tcc/data/known_faces/bianca/WhatsApp Image 2026-06-04 at 22.53.19.jpeg,0.3530061494789505,1
/home/anitadonato/tcc/tcc/data/known_faces/bianca/WhatsApp Image 2026-06-04 at 22.53.16 (1).jpeg,/home/anitadonato/tcc/tcc/data/known_faces/bianca/WhatsApp Image 2026-06-04 at 22.53.16 (2).jpeg,0.7984013860464313,1
/home/anitadonato/tcc/tcc/data/known_faces/bianca/WhatsApp Image 2026-06-04 at 22.53.16 (1).jpeg,/home/anitadonato/tcc/tcc/data/known_faces/bianca/WhatsApp Image 2026-06-04 at 22.53.16 (3).jpeg,0.8017131972291229,1
/home/anitadonato/tcc/tcc/data/known_faces/bianca/WhatsApp Image 2026-06-04 at 22.53.16 (1).jpeg,/home/anitadonato/tcc/tcc/data/known_faces/bianca/WhatsApp Image 2026-06-04 at 22.53.16.jpeg,0.8243544448124566,1
/home/anitadonato/tcc/tcc/data/known_faces/bianca/WhatsApp Image 2026-06-04 at 22.53.16 (1).jpeg,/home/anitadonato/tcc/tcc/data/known_faces/bianca/WhatsApp Image 2026-06-04 at 22.53.17 (1).jpeg,0.8691143678564228,1
/home/anitadonato/tcc/tcc/data/known_faces/bianca/WhatsApp Image 2026-06-04 at 22.53.16 (1).jpeg,/home/anitadonato/tcc/tcc/data/known_faces/bianca/WhatsApp Image 2026-06-04 at 22.53.17.jpeg,0.7927955388053001,1
/home/anitadonato/tcc/tcc/data/known_faces/bianca/WhatsApp Image 2026-06-04 at 22.53.16 (1).jpeg,/home/anitadonato/tcc/tcc/data/known_faces/bianca/WhatsApp Image 2026-06-04 at 22.53.18 (1).jpeg,0.7886322609649465,1
/home/anitadonato/tcc/tcc/data/known_faces/bianca/WhatsApp Image 2026-06-04 at 22.53.16 (1).jpeg,/home/anitadonato/tcc/tcc/data/known_faces/bianca/WhatsApp Image 2026-06-04 at 22.53.18 (2).jpeg,0.8023619280337551,1
/home/anitadonato/tcc/tcc/data/known_faces/bianca/WhatsApp Image 2026-06-04 at 22.53.16 (1).jpeg,/home/anitadonato/tcc/tcc/data/known_faces/bianca/WhatsApp Image 2026-06-04 at 22.53.18 (3).jpeg,0.8277269901508139,1
/home/anitadonato/tcc/tcc/data/known_faces/bianca/WhatsApp Image 2026-06-04 at 22.53.16 (1).jpeg,/home/anitadonato/tcc/tcc/data/known_faces/bianca/WhatsApp Image 2026-06-04 at 22.53.18 (4).jpeg,0.8313360254275453,1
/home/anitadonato/tcc/tcc/data/known_faces/bianca/WhatsApp Image 2026-06-04 at 22.53.16 (1).jpeg,/home/anitadonato/tcc/tcc/data/known_faces/bianca/WhatsApp Image 2026-06-04 at 22.53.18.jpeg,0.8015158026308427,1
/home/anitadonato/tcc/tcc/data/known_faces/bianca/WhatsApp Image 2026-06-04 at 22.53.16 (1).jpeg,/home/anitadonato/tcc/tcc/data/known_faces/bianca/WhatsApp Image 2026-06-04 at 22.53.19 (1).jpeg,0.8331870680825378,1
/home/anitadonato/tcc/tcc/data/known_faces/bianca/WhatsApp Image 2026-06-04 at 22.53.16 (1).jpeg,/home/anitadonato/tcc/tcc/data/known_faces/bianca/WhatsApp Image 2026-06-04 at 22.53.19 (2).jpeg,0.8330442932511815,1
/home/anitadonato/tcc/tcc/data/known_faces/bianca/WhatsApp Image 2026-06-04 at 22.53.16 (1).jpeg,/home/anitadonato/tcc/tcc/data/known_faces/bianca/WhatsApp Image 2026-06-04 at 22.53.19 (3).jpeg,0.8346443430244657,1
/home/anitadonato/tcc/tcc/data/known_faces/bianca/WhatsApp Image 2026-06-04 at 22.53.16 (1).jpeg,/home/anitadonato/tcc/tcc/data/known_faces/bianca/WhatsApp Image 2026-06-04 at 22.53.19 (4).jpeg,0.7339827801427599,1
/home/anitadonato/tcc/tcc/data/known_faces/bianca/WhatsApp Image 2026-06-04 at 22.53.16 (1).jpeg,/home/anitadonato/tcc/tcc/data/known_faces/bianca/WhatsApp Image 2026-06-04 at 22.53.19 (5).jpeg,0.7249353050130843,1
/home/anitadonato/tcc/tcc/data/known_faces/bianca/WhatsApp Image 2026-06-04 at 22.53.16 (1).jpeg,/home/anitadonato/tcc/tcc/data/known_faces/bianca/WhatsApp Image 2026-06-04 at 22.53.19 (6).jpeg,0.7401337391626139,1
/home/anitadonato/tcc/tcc/data/known_faces/bianca/WhatsApp Image 2026-06-04 at 22.53.16 (1).jpeg,/home/anitadonato/tcc/tcc/data/known_faces/bianca/WhatsApp Image 2026-06-04 at 22.53.19.jpeg,0.8150475692686245,1
/home/anitadonato/tcc/tcc/data/known_faces/bianca/WhatsApp Image 2026-06-04 at 22.53.16 (2).jpeg,/home/anitadonato/tcc/tcc/data/known_faces/bianca/WhatsApp Image 2026-06-04 at 22.53.16 (3).jpeg,0.03204435873010625,1
/home/anitadonato/tcc/tcc/data/known_faces/bianca/WhatsApp Image 2026-06-04 at 22.53.16 (2).jpeg,/home/anitadonato/tcc/tcc/data/known_faces/bianca/WhatsApp Image 2026-06-04 at 22.53.16.jpeg,0.24077329767218192,1
/home/anitadonato/tcc/tcc/data/known_faces/bianca/WhatsApp Image 2026-06-04 at 22.53.16 (2).jpeg,/home/anitadonato/tcc/tcc/data/known_faces/bianca/WhatsApp Image 2026-06-04 at 22.53.17 (1).jpeg,0.6132623980876803,1
/home/anitadonato/tcc/tcc/data/known_faces/bianca/WhatsApp Image 2026-06-04 at 22.53.16 (2).jpeg,/home/anitadonato/tcc/tcc/data/known_faces/bianca/WhatsApp Image 2026-06-04 at 22.53.17.jpeg,0.8639006867981673,1
/home/anitadonato/tcc/tcc/data/known_faces/bianca/WhatsApp Image 2026-06-04 at 22.53.16 (2).jpeg,/home/anitadonato/tcc/tcc/data/known_faces/bianca/WhatsApp Image 2026-06-04 at 22.53.18 (1).jpeg,0.6782523018593198,1
/home/anitadonato/tcc/tcc/data/known_faces/bianca/WhatsApp Image 2026-06-04 at 22.53.16 (2).jpeg,/home/anitadonato/tcc/tcc/data/known_faces/bianca/WhatsApp Image 2026-06-04 at 22.53.18 (2).jpeg,0.6720419262175266,1
/home/anitadonato/tcc/tcc/data/known_faces/bianca/WhatsApp Image 2026-06-04 at 22.53.16 (2).jpeg,/home/anitadonato/tcc/tcc/data/known_faces/bianca/WhatsApp Image 2026-06-04 at 22.53.18 (3).jpeg,0.6857269827879651,1
/home/anitadonato/tcc/tcc/data/known_faces/bianca/WhatsApp Image 2026-06-04 at 22.53.16 (2).jpeg,/home/anitadonato/tcc/tcc/data/known_faces/bianca/WhatsApp Image 2026-06-04 at 22.53.18 (4).jpeg,0.6673654769244778,1
/home/anitadonato/tcc/tcc/data/known_faces/bianca/WhatsApp Image 2026-06-04 at 22.53.16 (2).jpeg,/home/anitadonato/tcc/tcc/data/known_faces/bianca/WhatsApp Image 2026-06-04 at 22.53.18.jpeg,0.6525153217317026,1
/home/anitadonato/tcc/tcc/data/known_faces/bianca/WhatsApp Image 2026-06-04 at 22.53.16 (2).jpeg,/home/anitadonato/tcc/tcc/data/known_faces/bianca/WhatsApp Image 2026-06-04 at 22.53.19 (1).jpeg,0.6103286214844341,1
/home/anitadonato/tcc/tcc/data/known_faces/bianca/WhatsApp Image 2026-06-04 at 22.53.16 (2).jpeg,/home/anitadonato/tcc/tcc/data/known_faces/bianca/WhatsApp Image 2026-06-04 at 22.53.19 (2).jpeg,0.6220586581622847,1
/home/anitadonato/tcc/tcc/data/known_faces/bianca/WhatsApp Image 2026-06-04 at 22.53.16 (2).jpeg,/home/anitadonato/tcc/tcc/data/known_faces/bianca/WhatsApp Image 2026-06-04 at 22.53.19 (3).jpeg,0.6558423223943688,1
/home/anitadonato/tcc/tcc/data/known_faces/bianca/WhatsApp Image 2026-06-04 at 22.53.16 (2).jpeg,/home/anitadonato/tcc/tcc/data/known_faces/bianca/WhatsApp Image 2026-06-04 at 22.53.19 (4).jpeg,0.7182185060270738,1
/home/anitadonato/tcc/tcc/data/known_faces/bianca/WhatsApp Image 2026-06-04 at 22.53.16 (2).jpeg,/home/anitadonato/tcc/tcc/data/known_faces/bianca/WhatsApp Image 2026-06-04 at 22.53.19 (5).jpeg,0.670225435613493,1
/home/anitadonato/tcc/tcc/data/known_faces/bianca/WhatsApp Image 2026-06-04 at 22.53.16 (2).jpeg,/home/anitadonato/tcc/tcc/data/known_faces/bianca/WhatsApp Image 2026-06-04 at 22.53.19 (6).jpeg,0.6568447405426394,1
/home/anitadonato/tcc/tcc/data/known_faces/bianca/WhatsApp Image 2026-06-04 at 22.53.16 (2).jpeg,/home/anitadonato/tcc/tcc/data/known_faces/bianca/WhatsApp Image 2026-06-04 at 22.53.19.jpeg,0.6417439464248573,1
/home/anitadonato/tcc/tcc/data/known_faces/bianca/WhatsApp Image 2026-06-04 at 22.53.16 (3).jpeg,/home/anitadonato/tcc/tcc/data/known_faces/bianca/WhatsApp Image 2026-06-04 at 22.53.16.jpeg,0.22116518094267712,1
/home/anitadonato/tcc/tcc/data/known_faces/bianca/WhatsApp Image 2026-06-04 at 22.53.16 (3).jpeg,/home/anitadonato/tcc/tcc/data/known_faces/bianca/WhatsApp Image 2026-06-04 at 22.53.17 (1).jpeg,0.628140692745158,1
/home/anitadonato/tcc/tcc/data/known_faces/bianca/WhatsApp Image 2026-06-04 at 22.53.16 (3).jpeg,/home/anitadonato/tcc/tcc/data/known_faces/bianca/WhatsApp Image 2026-06-04 at 22.53.17.jpeg,0.8613305159543077,1
/home/anitadonato/tcc/tcc/data/known_faces/bianca/WhatsApp Image 2026-06-04 at 22.53.16 (3).jpeg,/home/anitadonato/tcc/tcc/data/known_faces/bianca/WhatsApp Image 2026-06-04 at 22.53.18 (1).jpeg,0.6833600560312425,1
/home/anitadonato/tcc/tcc/data/known_faces/bianca/WhatsApp Image 2026-06-04 at 22.53.16 (3).jpeg,/home/anitadonato/tcc/tcc/data/known_faces/bianca/WhatsApp Image 2026-06-04 at 22.53.18 (2).jpeg,0.6753497271567221,1
/home/anitadonato/tcc/tcc/data/known_faces/bianca/WhatsApp Image 2026-06-04 at 22.53.16 (3).jpeg,/home/anitadonato/tcc/tcc/data/known_faces/bianca/WhatsApp Image 2026-06-04 at 22.53.18 (3).jpeg,0.716088645220478,1
/home/anitadonato/tcc/tcc/data/known_faces/bianca/WhatsApp Image 2026-06-04 at 22.53.16 (3).jpeg,/home/anitadonato/tcc/tcc/data/known_faces/bianca/WhatsApp Image 2026-06-04 at 22.53.18 (4).jpeg,0.69648941988253,1
/home/anitadonato/tcc/tcc/data/known_faces/bianca/WhatsApp Image 2026-06-04 at 22.53.16 (3).jpeg,/home/anitadonato/tcc/tcc/data/known_faces/bianca/WhatsApp Image 2026-06-04 at 22.53.18.jpeg,0.6720188541838568,1
/home/anitadonato/tcc/tcc/data/known_faces/bianca/WhatsApp Image 2026-06-04 at 22.53.16 (3).jpeg,/home/anitadonato/tcc/tcc/data/known_faces/bianca/WhatsApp Image 2026-06-04 at 22.53.19 (1).jpeg,0.6499886171997165,1
/home/anitadonato/tcc/tcc/data/known_faces/bianca/WhatsApp Image 2026-06-04 at 22.53.16 (3).jpeg,/home/anitadonato/tcc/tcc/data/known_faces/bianca/WhatsApp Image 2026-06-04 at 22.53.19 (2).jpeg,0.6579563702651765,1
/home/anitadonato/tcc/tcc/data/known_faces/bianca/WhatsApp Image 2026-06-04 at 22.53.16 (3).jpeg,/home/anitadonato/tcc/tcc/data/known_faces/bianca/WhatsApp Image 2026-06-04 at 22.53.19 (3).jpeg,0.6878853757828689,1
/home/anitadonato/tcc/tcc/data/known_faces/bianca/WhatsApp Image 2026-06-04 at 22.53.16 (3).jpeg,/home/anitadonato/tcc/tcc/data/known_faces/bianca/WhatsApp Image 2026-06-04 at 22.53.19 (4).jpeg,0.7458937199745316,1
/home/anitadonato/tcc/tcc/data/known_faces/bianca/WhatsApp Image 2026-06-04 at 22.53.16 (3).jpeg,/home/anitadonato/tcc/tcc/data/known_faces/bianca/WhatsApp Image 2026-06-04 at 22.53.19 (5).jpeg,0.6899996395865349,1
/home/anitadonato/tcc/tcc/data/known_faces/bianca/WhatsApp Image 2026-06-04 at 22.53.16 (3).jpeg,/home/anitadonato/tcc/tcc/data/known_faces/bianca/WhatsApp Image 2026-06-04 at 22.53.19 (6).jpeg,0.679203049728679,1
/home/anitadonato/tcc/tcc/data/known_faces/bianca/WhatsApp Image 2026-06-04 at 22.53.16 (3).jpeg,/home/anitadonato/tcc/tcc/data/known_faces/bianca/WhatsApp Image 2026-06-04 at 22.53.19.jpeg,0.6749722669184532,1
/home/anitadonato/tcc/tcc/data/known_faces/bianca/WhatsApp Image 2026-06-04 at 22.53.16.jpeg,/home/anitadonato/tcc/tcc/data/known_faces/bianca/WhatsApp Image 2026-06-04 at 22.53.17 (1).jpeg,0.5345877547553279,1
/home/anitadonato/tcc/tcc/data/known_faces/bianca/WhatsApp Image 2026-06-04 at 22.53.16.jpeg,/home/anitadonato/tcc/tcc/data/known_faces/bianca/WhatsApp Image 2026-06-04 at 22.53.17.jpeg,0.8734350734048626,1
/home/anitadonato/tcc/tcc/data/known_faces/bianca/WhatsApp Image 2026-06-04 at 22.53.16.jpeg,/home/anitadonato/tcc/tcc/data/known_faces/bianca/WhatsApp Image 2026-06-04 at 22.53.18 (1).jpeg,0.6330608714623934,1
/home/anitadonato/tcc/tcc/data/known_faces/bianca/WhatsApp Image 2026-06-04 at 22.53.16.jpeg,/home/anitadonato/tcc/tcc/data/known_faces/bianca/WhatsApp Image 2026-06-04 at 22.53.18 (2).jpeg,0.5637743923706097,1
/home/anitadonato/tcc/tcc/data/known_faces/bianca/WhatsApp Image 2026-06-04 at 22.53.16.jpeg,/home/anitadonato/tcc/tcc/data/known_faces/bianca/WhatsApp Image 2026-06-04 at 22.53.18 (3).jpeg,0.6332722388481931,1
/home/anitadonato/tcc/tcc/data/known_faces/bianca/WhatsApp Image 2026-06-04 at 22.53.16.jpeg,/home/anitadonato/tcc/tcc/data/known_faces/bianca/WhatsApp Image 2026-06-04 at 22.53.18 (4).jpeg,0.6170341351012784,1
/home/anitadonato/tcc/tcc/data/known_faces/bianca/WhatsApp Image 2026-06-04 at 22.53.16.jpeg,/home/anitadonato/tcc/tcc/data/known_faces/bianca/WhatsApp Image 2026-06-04 at 22.53.18.jpeg,0.4934776123980523,1
/home/anitadonato/tcc/tcc/data/known_faces/bianca/WhatsApp Image 2026-06-04 at 22.53.16.jpeg,/home/anitadonato/tcc/tcc/data/known_faces/bianca/WhatsApp Image 2026-06-04 at 22.53.19 (1).jpeg,0.5502122023413687,1
/home/anitadonato/tcc/tcc/data/known_faces/bianca/WhatsApp Image 2026-06-04 at 22.53.16.jpeg,/home/anitadonato/tcc/tcc/data/known_faces/bianca/WhatsApp Image 2026-06-04 at 22.53.19 (2).jpeg,0.5453279968931847,1
/home/anitadonato/tcc/tcc/data/known_faces/bianca/WhatsApp Image 2026-06-04 at 22.53.16.jpeg,/home/anitadonato/tcc/tcc/data/known_faces/bianca/WhatsApp Image 2026-06-04 at 22.53.19 (3).jpeg,0.6028856240890159,1
/home/anitadonato/tcc/tcc/data/known_faces/bianca/WhatsApp Image 2026-06-04 at 22.53.16.jpeg,/home/anitadonato/tcc/tcc/data/known_faces/bianca/WhatsApp Image 2026-06-04 at 22.53.19 (4).jpeg,0.6679246864271163,1
/home/anitadonato/tcc/tcc/data/known_faces/bianca/WhatsApp Image 2026-06-04 at 22.53.16.jpeg,/home/anitadonato/tcc/tcc/data/known_faces/bianca/WhatsApp Image 2026-06-04 at 22.53.19 (5).jpeg,0.5912879340513297,1
/home/anitadonato/tcc/tcc/data/known_faces/bianca/WhatsApp Image 2026-06-04 at 22.53.16.jpeg,/home/anitadonato/tcc/tcc/data/known_faces/bianca/WhatsApp Image 2026-06-04 at 22.53.19 (6).jpeg,0.580407797971425,1
/home/anitadonato/tcc/tcc/data/known_faces/bianca/WhatsApp Image 2026-06-04 at 22.53.16.jpeg,/home/anitadonato/tcc/tcc/data/known_faces/bianca/WhatsApp Image 2026-06-04 at 22.53.19.jpeg,0.5611008445699057,1
/home/anitadonato/tcc/tcc/data/known_faces/bianca/WhatsApp Image 2026-06-04 at 22.53.17 (1).jpeg,/home/anitadonato/tcc/tcc/data/known_faces/bianca/WhatsApp Image 2026-06-04 at 22.53.17.jpeg,0.8325200581951478,1
/home/anitadonato/tcc/tcc/data/known_faces/bianca/WhatsApp Image 2026-06-04 at 22.53.17 (1).jpeg,/home/anitadonato/tcc/tcc/data/known_faces/bianca/WhatsApp Image 2026-06-04 at 22.53.18 (1).jpeg,0.4442482466416514,1
/home/anitadonato/tcc/tcc/data/known_faces/bianca/WhatsApp Image 2026-06-04 at 22.53.17 (1).jpeg,/home/anitadonato/tcc/tcc/data/known_faces/bianca/WhatsApp Image 2026-06-04 at 22.53.18 (2).jpeg,0.48581538749471187,1
/home/anitadonato/tcc/tcc/data/known_faces/bianca/WhatsApp Image 2026-06-04 at 22.53.17 (1).jpeg,/home/anitadonato/tcc/tcc/data/known_faces/bianca/WhatsApp Image 2026-06-04 at 22.53.18 (3).jpeg,0.3978832464932093,1
/home/anitadonato/tcc/tcc/data/known_faces/bianca/WhatsApp Image 2026-06-04 at 22.53.17 (1).jpeg,/home/anitadonato/tcc/tcc/data/known_faces/bianca/WhatsApp Image 2026-06-04 at 22.53.18 (4).jpeg,0.38117151363770907,1
/home/anitadonato/tcc/tcc/data/known_faces/bianca/WhatsApp Image 2026-06-04 at 22.53.17 (1).jpeg,/home/anitadonato/tcc/tcc/data/known_faces/bianca/WhatsApp Image 2026-06-04 at 22.53.18.jpeg,0.25348956133129597,1
/home/anitadonato/tcc/tcc/data/known_faces/bianca/WhatsApp Image 2026-06-04 at 22.53.17 (1).jpeg,/home/anitadonato/tcc/tcc/data/known_faces/bianca/WhatsApp Image 2026-06-04 at 22.53.19 (1).jpeg,0.3456943829799315,1
/home/anitadonato/tcc/tcc/data/known_faces/bianca/WhatsApp Image 2026-06-04 at 22.53.17 (1).jpeg,/home/anitadonato/tcc/tcc/data/known_faces/bianca/WhatsApp Image 2026-06-04 at 22.53.19 (2).jpeg,0.35319686964606445,1
/home/anitadonato/tcc/tcc/data/known_faces/bianca/WhatsApp Image 2026-06-04 at 22.53.17 (1).jpeg,/home/anitadonato/tcc/tcc/data/known_faces/bianca/WhatsApp Image 2026-06-04 at 22.53.19 (3).jpeg,0.5007594608740853,1
/home/anitadonato/tcc/tcc/data/known_faces/bianca/WhatsApp Image 2026-06-04 at 22.53.17 (1).jpeg,/home/anitadonato/tcc/tcc/data/known_faces/bianca/WhatsApp Image 2026-06-04 at 22.53.19 (4).jpeg,0.520015193732144,1
/home/anitadonato/tcc/tcc/data/known_faces/bianca/WhatsApp Image 2026-06-04 at 22.53.17 (1).jpeg,/home/anitadonato/tcc/tcc/data/known_faces/bianca/WhatsApp Image 2026-06-04 at 22.53.19 (5).jpeg,0.4779482542691922,1
/home/anitadonato/tcc/tcc/data/known_faces/bianca/WhatsApp Image 2026-06-04 at 22.53.17 (1).jpeg,/home/anitadonato/tcc/tcc/data/known_faces/bianca/WhatsApp Image 2026-06-04 at 22.53.19 (6).jpeg,0.47773276197857206,1
/home/anitadonato/tcc/tcc/data/known_faces/bianca/WhatsApp Image 2026-06-04 at 22.53.17 (1).jpeg,/home/anitadonato/tcc/tcc/data/known_faces/bianca/WhatsApp Image 2026-06-04 at 22.53.19.jpeg,0.3607958710036979,1
/home/anitadonato/tcc/tcc/data/known_faces/bianca/WhatsApp Image 2026-06-04 at 22.53.17.jpeg,/home/anitadonato/tcc/tcc/data/known_faces/bianca/WhatsApp Image 2026-06-04 at 22.53.18 (1).jpeg,0.6556106984002357,1
/home/anitadonato/tcc/tcc/data/known_faces/bianca/WhatsApp Image 2026-06-04 at 22.53.17.jpeg,/home/anitadonato/tcc/tcc/data/known_faces/bianca/WhatsApp Image 2026-06-04 at 22.53.18 (2).jpeg,0.6412146125568434,1
/home/anitadonato/tcc/tcc/data/known_faces/bianca/WhatsApp Image 2026-06-04 at 22.53.17.jpeg,/home/anitadonato/tcc/tcc/data/known_faces/bianca/WhatsApp Image 2026-06-04 at 22.53.18 (3).jpeg,0.7620235961084201,1
/home/anitadonato/tcc/tcc/data/known_faces/bianca/WhatsApp Image 2026-06-04 at 22.53.17.jpeg,/home/anitadonato/tcc/tcc/data/known_faces/bianca/WhatsApp Image 2026-06-04 at 22.53.18 (4).jpeg,0.767033897668052,1
/home/anitadonato/tcc/tcc/data/known_faces/bianca/WhatsApp Image 2026-06-04 at 22.53.17.jpeg,/home/anitadonato/tcc/tcc/data/known_faces/bianca/WhatsApp Image 2026-06-04 at 22.53.18.jpeg,0.8111191419475802,1
/home/anitadonato/tcc/tcc/data/known_faces/bianca/WhatsApp Image 2026-06-04 at 22.53.17.jpeg,/home/anitadonato/tcc/tcc/data/known_faces/bianca/WhatsApp Image 2026-06-04 at 22.53.19 (1).jpeg,0.8128376455086177,1
/home/anitadonato/tcc/tcc/data/known_faces/bianca/WhatsApp Image 2026-06-04 at 22.53.17.jpeg,/home/anitadonato/tcc/tcc/data/known_faces/bianca/WhatsApp Image 2026-06-04 at 22.53.19 (2).jpeg,0.8155529088858,1
/home/anitadonato/tcc/tcc/data/known_faces/bianca/WhatsApp Image 2026-06-04 at 22.53.17.jpeg,/home/anitadonato/tcc/tcc/data/known_faces/bianca/WhatsApp Image 2026-06-04 at 22.53.19 (3).jpeg,0.7147420973870471,1
/home/anitadonato/tcc/tcc/data/known_faces/bianca/WhatsApp Image 2026-06-04 at 22.53.17.jpeg,/home/anitadonato/tcc/tcc/data/known_faces/bianca/WhatsApp Image 2026-06-04 at 22.53.19 (4).jpeg,0.678748893792104,1
/home/anitadonato/tcc/tcc/data/known_faces/bianca/WhatsApp Image 2026-06-04 at 22.53.17.jpeg,/home/anitadonato/tcc/tcc/data/known_faces/bianca/WhatsApp Image 2026-06-04 at 22.53.19 (5).jpeg,0.6946321836117563,1
/home/anitadonato/tcc/tcc/data/known_faces/bianca/WhatsApp Image 2026-06-04 at 22.53.17.jpeg,/home/anitadonato/tcc/tcc/data/known_faces/bianca/WhatsApp Image 2026-06-04 at 22.53.19 (6).jpeg,0.7085973785852605,1
/home/anitadonato/tcc/tcc/data/known_faces/bianca/WhatsApp Image 2026-06-04 at 22.53.17.jpeg,/home/anitadonato/tcc/tcc/data/known_faces/bianca/WhatsApp Image 2026-06-04 at 22.53.19.jpeg,0.7865017306415065,1
/home/anitadonato/tcc/tcc/data/known_faces/bianca/WhatsApp Image 2026-06-04 at 22.53.18 (1).jpeg,/home/anitadonato/tcc/tcc/data/known_faces/bianca/WhatsApp Image 2026-06-04 at 22.53.18 (2).jpeg,0.17380079657526126,1
/home/anitadonato/tcc/tcc/data/known_faces/bianca/WhatsApp Image 2026-06-04 at 22.53.18 (1).jpeg,/home/anitadonato/tcc/tcc/data/known_faces/bianca/WhatsApp Image 2026-06-04 at 22.53.18 (3).jpeg,0.41235307402626087,1
/home/anitadonato/tcc/tcc/data/known_faces/bianca/WhatsApp Image 2026-06-04 at 22.53.18 (1).jpeg,/home/anitadonato/tcc/tcc/data/known_faces/bianca/WhatsApp Image 2026-06-04 at 22.53.18 (4).jpeg,0.4123641561401019,1
/home/anitadonato/tcc/tcc/data/known_faces/bianca/WhatsApp Image 2026-06-04 at 22.53.18 (1).jpeg,/home/anitadonato/tcc/tcc/data/known_faces/bianca/WhatsApp Image 2026-06-04 at 22.53.18.jpeg,0.3446878046561638,1
/home/anitadonato/tcc/tcc/data/known_faces/bianca/WhatsApp Image 2026-06-04 at 22.53.18 (1).jpeg,/home/anitadonato/tcc/tcc/data/known_faces/bianca/WhatsApp Image 2026-06-04 at 22.53.19 (1).jpeg,0.4147360960705343,1
/home/anitadonato/tcc/tcc/data/known_faces/bianca/WhatsApp Image 2026-06-04 at 22.53.18 (1).jpeg,/home/anitadonato/tcc/tcc/data/known_faces/bianca/WhatsApp Image 2026-06-04 at 22.53.19 (2).jpeg,0.3890176756459761,1
/home/anitadonato/tcc/tcc/data/known_faces/bianca/WhatsApp Image 2026-06-04 at 22.53.18 (1).jpeg,/home/anitadonato/tcc/tcc/data/known_faces/bianca/WhatsApp Image 2026-06-04 at 22.53.19 (3).jpeg,0.34633462049444774,1
/home/anitadonato/tcc/tcc/data/known_faces/bianca/WhatsApp Image 2026-06-04 at 22.53.18 (1).jpeg,/home/anitadonato/tcc/tcc/data/known_faces/bianca/WhatsApp Image 2026-06-04 at 22.53.19 (4).jpeg,0.29671602026934296,1
/home/anitadonato/tcc/tcc/data/known_faces/bianca/WhatsApp Image 2026-06-04 at 22.53.18 (1).jpeg,/home/anitadonato/tcc/tcc/data/known_faces/bianca/WhatsApp Image 2026-06-04 at 22.53.19 (5).jpeg,0.3075457768289481,1
/home/anitadonato/tcc/tcc/data/known_faces/bianca/WhatsApp Image 2026-06-04 at 22.53.18 (1).jpeg,/home/anitadonato/tcc/tcc/data/known_faces/bianca/WhatsApp Image 2026-06-04 at 22.53.19 (6).jpeg,0.2947107287070483,1
/home/anitadonato/tcc/tcc/data/known_faces/bianca/WhatsApp Image 2026-06-04 at 22.53.18 (1).jpeg,/home/anitadonato/tcc/tcc/data/known_faces/bianca/WhatsApp Image 2026-06-04 at 22.53.19.jpeg,0.36221124814431194,1
/home/anitadonato/tcc/tcc/data/known_faces/bianca/WhatsApp Image 2026-06-04 at 22.53.18 (2).jpeg,/home/anitadonato/tcc/tcc/data/known_faces/bianca/WhatsApp Image 2026-06-04 at 22.53.18 (3).jpeg,0.3558696800317953,1
/home/anitadonato/tcc/tcc/data/known_faces/bianca/WhatsApp Image 2026-06-04 at 22.53.18 (2).jpeg,/home/anitadonato/tcc/tcc/data/known_faces/bianca/WhatsApp Image 2026-06-04 at 22.53.18 (4).jpeg,0.34894493991465136,1
/home/anitadonato/tcc/tcc/data/known_faces/bianca/WhatsApp Image 2026-06-04 at 22.53.18 (2).jpeg,/home/anitadonato/tcc/tcc/data/known_faces/bianca/WhatsApp Image 2026-06-04 at 22.53.18.jpeg,0.30191132721279346,1
/home/anitadonato/tcc/tcc/data/known_faces/bianca/WhatsApp Image 2026-06-04 at 22.53.18 (2).jpeg,/home/anitadonato/tcc/tcc/data/known_faces/bianca/WhatsApp Image 2026-06-04 at 22.53.19 (1).jpeg,0.3547613645506661,1
/home/anitadonato/tcc/tcc/data/known_faces/bianca/WhatsApp Image 2026-06-04 at 22.53.18 (2).jpeg,/home/anitadonato/tcc/tcc/data/known_faces/bianca/WhatsApp Image 2026-06-04 at 22.53.19 (2).jpeg,0.3422559683854137,1
/home/anitadonato/tcc/tcc/data/known_faces/bianca/WhatsApp Image 2026-06-04 at 22.53.18 (2).jpeg,/home/anitadonato/tcc/tcc/data/known_faces/bianca/WhatsApp Image 2026-06-04 at 22.53.19 (3).jpeg,0.21614017786807438,1
/home/anitadonato/tcc/tcc/data/known_faces/bianca/WhatsApp Image 2026-06-04 at 22.53.18 (2).jpeg,/home/anitadonato/tcc/tcc/data/known_faces/bianca/WhatsApp Image 2026-06-04 at 22.53.19 (4).jpeg,0.1812645401044629,1
/home/anitadonato/tcc/tcc/data/known_faces/bianca/WhatsApp Image 2026-06-04 at 22.53.18 (2).jpeg,/home/anitadonato/tcc/tcc/data/known_faces/bianca/WhatsApp Image 2026-06-04 at 22.53.19 (5).jpeg,0.18515818125150152,1
/home/anitadonato/tcc/tcc/data/known_faces/bianca/WhatsApp Image 2026-06-04 at 22.53.18 (2).jpeg,/home/anitadonato/tcc/tcc/data/known_faces/bianca/WhatsApp Image 2026-06-04 at 22.53.19 (6).jpeg,0.18960996198089886,1
/home/anitadonato/tcc/tcc/data/known_faces/bianca/WhatsApp Image 2026-06-04 at 22.53.18 (2).jpeg,/home/anitadonato/tcc/tcc/data/known_faces/bianca/WhatsApp Image 2026-06-04 at 22.53.19.jpeg,0.30397915121008134,1
/home/anitadonato/tcc/tcc/data/known_faces/bianca/WhatsApp Image 2026-06-04 at 22.53.18 (3).jpeg,/home/anitadonato/tcc/tcc/data/known_faces/bianca/WhatsApp Image 2026-06-04 at 22.53.18 (4).jpeg,0.01699499417561523,1
/home/anitadonato/tcc/tcc/data/known_faces/bianca/WhatsApp Image 2026-06-04 at 22.53.18 (3).jpeg,/home/anitadonato/tcc/tcc/data/known_faces/bianca/WhatsApp Image 2026-06-04 at 22.53.18.jpeg,0.24048904379817693,1
/home/anitadonato/tcc/tcc/data/known_faces/bianca/WhatsApp Image 2026-06-04 at 22.53.18 (3).jpeg,/home/anitadonato/tcc/tcc/data/known_faces/bianca/WhatsApp Image 2026-06-04 at 22.53.19 (1).jpeg,0.13348702197325313,1
/home/anitadonato/tcc/tcc/data/known_faces/bianca/WhatsApp Image 2026-06-04 at 22.53.18 (3).jpeg,/home/anitadonato/tcc/tcc/data/known_faces/bianca/WhatsApp Image 2026-06-04 at 22.53.19 (2).jpeg,0.1298829680615432,1
/home/anitadonato/tcc/tcc/data/known_faces/bianca/WhatsApp Image 2026-06-04 at 22.53.18 (3).jpeg,/home/anitadonato/tcc/tcc/data/known_faces/bianca/WhatsApp Image 2026-06-04 at 22.53.19 (3).jpeg,0.22951187065782463,1
/home/anitadonato/tcc/tcc/data/known_faces/bianca/WhatsApp Image 2026-06-04 at 22.53.18 (3).jpeg,/home/anitadonato/tcc/tcc/data/known_faces/bianca/WhatsApp Image 2026-06-04 at 22.53.19 (4).jpeg,0.27986294327358063,1
/home/anitadonato/tcc/tcc/data/known_faces/bianca/WhatsApp Image 2026-06-04 at 22.53.18 (3).jpeg,/home/anitadonato/tcc/tcc/data/known_faces/bianca/WhatsApp Image 2026-06-04 at 22.53.19 (5).jpeg,0.2546527691081394,1
/home/anitadonato/tcc/tcc/data/known_faces/bianca/WhatsApp Image 2026-06-04 at 22.53.18 (3).jpeg,/home/anitadonato/tcc/tcc/data/known_faces/bianca/WhatsApp Image 2026-06-04 at 22.53.19 (6).jpeg,0.2957532398670927,1
/home/anitadonato/tcc/tcc/data/known_faces/bianca/WhatsApp Image 2026-06-04 at 22.53.18 (3).jpeg,/home/anitadonato/tcc/tcc/data/known_faces/bianca/WhatsApp Image 2026-06-04 at 22.53.19.jpeg,0.1088605617253472,1
/home/anitadonato/tcc/tcc/data/known_faces/bianca/WhatsApp Image 2026-06-04 at 22.53.18 (4).jpeg,/home/anitadonato/tcc/tcc/data/known_faces/bianca/WhatsApp Image 2026-06-04 at 22.53.18.jpeg,0.2535615592664415,1
/home/anitadonato/tcc/tcc/data/known_faces/bianca/WhatsApp Image 2026-06-04 at 22.53.18 (4).jpeg,/home/anitadonato/tcc/tcc/data/known_faces/bianca/WhatsApp Image 2026-06-04 at 22.53.19 (1).jpeg,0.14389758474366976,1
/home/anitadonato/tcc/tcc/data/known_faces/bianca/WhatsApp Image 2026-06-04 at 22.53.18 (4).jpeg,/home/anitadonato/tcc/tcc/data/known_faces/bianca/WhatsApp Image 2026-06-04 at 22.53.19 (2).jpeg,0.13718491633225038,1
/home/anitadonato/tcc/tcc/data/known_faces/bianca/WhatsApp Image 2026-06-04 at 22.53.18 (4).jpeg,/home/anitadonato/tcc/tcc/data/known_faces/bianca/WhatsApp Image 2026-06-04 at 22.53.19 (3).jpeg,0.2359569123843307,1
/home/anitadonato/tcc/tcc/data/known_faces/bianca/WhatsApp Image 2026-06-04 at 22.53.18 (4).jpeg,/home/anitadonato/tcc/tcc/data/known_faces/bianca/WhatsApp Image 2026-06-04 at 22.53.19 (4).jpeg,0.294247245792688,1
/home/anitadonato/tcc/tcc/data/known_faces/bianca/WhatsApp Image 2026-06-04 at 22.53.18 (4).jpeg,/home/anitadonato/tcc/tcc/data/known_faces/bianca/WhatsApp Image 2026-06-04 at 22.53.19 (5).jpeg,0.25689694709057465,1
/home/anitadonato/tcc/tcc/data/known_faces/bianca/WhatsApp Image 2026-06-04 at 22.53.18 (4).jpeg,/home/anitadonato/tcc/tcc/data/known_faces/bianca/WhatsApp Image 2026-06-04 at 22.53.19 (6).jpeg,0.29799578542468264,1
/home/anitadonato/tcc/tcc/data/known_faces/bianca/WhatsApp Image 2026-06-04 at 22.53.18 (4).jpeg,/home/anitadonato/tcc/tcc/data/known_faces/bianca/WhatsApp Image 2026-06-04 at 22.53.19.jpeg,0.10801418069775126,1
/home/anitadonato/tcc/tcc/data/known_faces/bianca/WhatsApp Image 2026-06-04 at 22.53.18.jpeg,/home/anitadonato/tcc/tcc/data/known_faces/bianca/WhatsApp Image 2026-06-04 at 22.53.19 (1).jpeg,0.21392254667959898,1
/home/anitadonato/tcc/tcc/data/known_faces/bianca/WhatsApp Image 2026-06-04 at 22.53.18.jpeg,/home/anitadonato/tcc/tcc/data/known_faces/bianca/WhatsApp Image 2026-06-04 at 22.53.19 (2).jpeg,0.21462258301011294,1
/home/anitadonato/tcc/tcc/data/known_faces/bianca/WhatsApp Image 2026-06-04 at 22.53.18.jpeg,/home/anitadonato/tcc/tcc/data/known_faces/bianca/WhatsApp Image 2026-06-04 at 22.53.19 (3).jpeg,0.37957945180198016,1
/home/anitadonato/tcc/tcc/data/known_faces/bianca/WhatsApp Image 2026-06-04 at 22.53.18.jpeg,/home/anitadonato/tcc/tcc/data/known_faces/bianca/WhatsApp Image 2026-06-04 at 22.53.19 (4).jpeg,0.38429996048621573,1
/home/anitadonato/tcc/tcc/data/known_faces/bianca/WhatsApp Image 2026-06-04 at 22.53.18.jpeg,/home/anitadonato/tcc/tcc/data/known_faces/bianca/WhatsApp Image 2026-06-04 at 22.53.19 (5).jpeg,0.349877853251785,1
/home/anitadonato/tcc/tcc/data/known_faces/bianca/WhatsApp Image 2026-06-04 at 22.53.18.jpeg,/home/anitadonato/tcc/tcc/data/known_faces/bianca/WhatsApp Image 2026-06-04 at 22.53.19 (6).jpeg,0.3760413089380813,1
/home/anitadonato/tcc/tcc/data/known_faces/bianca/WhatsApp Image 2026-06-04 at 22.53.18.jpeg,/home/anitadonato/tcc/tcc/data/known_faces/bianca/WhatsApp Image 2026-06-04 at 22.53.19.jpeg,0.2016105676608705,1
/home/anitadonato/tcc/tcc/data/known_faces/bianca/WhatsApp Image 2026-06-04 at 22.53.19 (1).jpeg,/home/anitadonato/tcc/tcc/data/known_faces/bianca/WhatsApp Image 2026-06-04 at 22.53.19 (2).jpeg,0.027825340734826787,1
/home/anitadonato/tcc/tcc/data/known_faces/bianca/WhatsApp Image 2026-06-04 at 22.53.19 (1).jpeg,/home/anitadonato/tcc/tcc/data/known_faces/bianca/WhatsApp Image 2026-06-04 at 22.53.19 (3).jpeg,0.21578709574356159,1
/home/anitadonato/tcc/tcc/data/known_faces/bianca/WhatsApp Image 2026-06-04 at 22.53.19 (1).jpeg,/home/anitadonato/tcc/tcc/data/known_faces/bianca/WhatsApp Image 2026-06-04 at 22.53.19 (4).jpeg,0.30102315263433976,1
/home/anitadonato/tcc/tcc/data/known_faces/bianca/WhatsApp Image 2026-06-04 at 22.53.19 (1).jpeg,/home/anitadonato/tcc/tcc/data/known_faces/bianca/WhatsApp Image 2026-06-04 at 22.53.19 (5).jpeg,0.28814447656815867,1
/home/anitadonato/tcc/tcc/data/known_faces/bianca/WhatsApp Image 2026-06-04 at 22.53.19 (1).jpeg,/home/anitadonato/tcc/tcc/data/known_faces/bianca/WhatsApp Image 2026-06-04 at 22.53.19 (6).jpeg,0.25378060612400943,1
/home/anitadonato/tcc/tcc/data/known_faces/bianca/WhatsApp Image 2026-06-04 at 22.53.19 (1).jpeg,/home/anitadonato/tcc/tcc/data/known_faces/bianca/WhatsApp Image 2026-06-04 at 22.53.19.jpeg,0.05881851018929496,1
/home/anitadonato/tcc/tcc/data/known_faces/bianca/WhatsApp Image 2026-06-04 at 22.53.19 (2).jpeg,/home/anitadonato/tcc/tcc/data/known_faces/bianca/WhatsApp Image 2026-06-04 at 22.53.19 (3).jpeg,0.23538097699580962,1
/home/anitadonato/tcc/tcc/data/known_faces/bianca/WhatsApp Image 2026-06-04 at 22.53.19 (2).jpeg,/home/anitadonato/tcc/tcc/data/known_faces/bianca/WhatsApp Image 2026-06-04 at 22.53.19 (4).jpeg,0.3105538928589354,1
/home/anitadonato/tcc/tcc/data/known_faces/bianca/WhatsApp Image 2026-06-04 at 22.53.19 (2).jpeg,/home/anitadonato/tcc/tcc/data/known_faces/bianca/WhatsApp Image 2026-06-04 at 22.53.19 (5).jpeg,0.28070150032082153,1
/home/anitadonato/tcc/tcc/data/known_faces/bianca/WhatsApp Image 2026-06-04 at 22.53.19 (2).jpeg,/home/anitadonato/tcc/tcc/data/known_faces/bianca/WhatsApp Image 2026-06-04 at 22.53.19 (6).jpeg,0.2599943143481753,1
/home/anitadonato/tcc/tcc/data/known_faces/bianca/WhatsApp Image 2026-06-04 at 22.53.19 (2).jpeg,/home/anitadonato/tcc/tcc/data/known_faces/bianca/WhatsApp Image 2026-06-04 at 22.53.19.jpeg,0.03958134430214699,1
/home/anitadonato/tcc/tcc/data/known_faces/bianca/WhatsApp Image 2026-06-04 at 22.53.19 (3).jpeg,/home/anitadonato/tcc/tcc/data/known_faces/bianca/WhatsApp Image 2026-06-04 at 22.53.19 (4).jpeg,0.11653261601396614,1
/home/anitadonato/tcc/tcc/data/known_faces/bianca/WhatsApp Image 2026-06-04 at 22.53.19 (3).jpeg,/home/anitadonato/tcc/tcc/data/known_faces/bianca/WhatsApp Image 2026-06-04 at 22.53.19 (5).jpeg,0.1317360389661365,1
/home/anitadonato/tcc/tcc/data/known_faces/bianca/WhatsApp Image 2026-06-04 at 22.53.19 (3).jpeg,/home/anitadonato/tcc/tcc/data/known_faces/bianca/WhatsApp Image 2026-06-04 at 22.53.19 (6).jpeg,0.15592546458212897,1
/home/anitadonato/tcc/tcc/data/known_faces/bianca/WhatsApp Image 2026-06-04 at 22.53.19 (3).jpeg,/home/anitadonato/tcc/tcc/data/known_faces/bianca/WhatsApp Image 2026-06-04 at 22.53.19.jpeg,0.2157065841886341,1
/home/anitadonato/tcc/tcc/data/known_faces/bianca/WhatsApp Image 2026-06-04 at 22.53.19 (4).jpeg,/home/anitadonato/tcc/tcc/data/known_faces/bianca/WhatsApp Image 2026-06-04 at 22.53.19 (5).jpeg,0.08545066807951884,1
/home/anitadonato/tcc/tcc/data/known_faces/bianca/WhatsApp Image 2026-06-04 at 22.53.19 (4).jpeg,/home/anitadonato/tcc/tcc/data/known_faces/bianca/WhatsApp Image 2026-06-04 at 22.53.19 (6).jpeg,0.13465801552381196,1
/home/anitadonato/tcc/tcc/data/known_faces/bianca/WhatsApp Image 2026-06-04 at 22.53.19 (4).jpeg,/home/anitadonato/tcc/tcc/data/known_faces/bianca/WhatsApp Image 2026-06-04 at 22.53.19.jpeg,0.2705892948822082,1
/home/anitadonato/tcc/tcc/data/known_faces/bianca/WhatsApp Image 2026-06-04 at 22.53.19 (5).jpeg,/home/anitadonato/tcc/tcc/data/known_faces/bianca/WhatsApp Image 2026-06-04 at 22.53.19 (6).jpeg,0.11795946277928193,1
/home/anitadonato/tcc/tcc/data/known_faces/bianca/WhatsApp Image 2026-06-04 at 22.53.19 (5).jpeg,/home/anitadonato/tcc/tcc/data/known_faces/bianca/WhatsApp Image 2026-06-04 at 22.53.19.jpeg,0.22417030547754224,1
/home/anitadonato/tcc/tcc/data/known_faces/bianca/WhatsApp Image 2026-06-04 at 22.53.19 (6).jpeg,/home/anitadonato/tcc/tcc/data/known_faces/bianca/WhatsApp Image 2026-06-04 at 22.53.19.jpeg,0.2397354341863953,1
/home/anitadonato/tcc/tcc/data/known_faces/julia/20260602_212618.jpg,/home/anitadonato/tcc/tcc/data/known_faces/julia/20260602_212621.jpg,0.4606214231149338,1
/home/anitadonato/tcc/tcc/data/known_faces/julia/20260602_212618.jpg,/home/anitadonato/tcc/tcc/data/known_faces/julia/20260602_212625.jpg,0.23723672938770923,1
/home/anitadonato/tcc/tcc/data/known_faces/julia/20260602_212618.jpg,/home/anitadonato/tcc/tcc/data/known_faces/julia/20260602_212628.jpg,0.39807265766392863,1
/home/anitadonato/tcc/tcc/data/known_faces/julia/20260602_212618.jpg,/home/anitadonato/tcc/tcc/data/known_faces/julia/20260602_212629.jpg,0.2263145108727671,1
/home/anitadonato/tcc/tcc/data/known_faces/julia/20260602_212618.jpg,/home/anitadonato/tcc/tcc/data/known_faces/julia/20260602_212631.jpg,0.19987656701473666,1
/home/anitadonato/tcc/tcc/data/known_faces/julia/20260602_212618.jpg,/home/anitadonato/tcc/tcc/data/known_faces/julia/20260602_212633.jpg,0.29815591501245753,1
/home/anitadonato/tcc/tcc/data/known_faces/julia/20260602_212618.jpg,/home/anitadonato/tcc/tcc/data/known_faces/julia/20260602_212635.jpg,0.41901776710119043,1
/home/anitadonato/tcc/tcc/data/known_faces/julia/20260602_212618.jpg,/home/anitadonato/tcc/tcc/data/known_faces/julia/20260602_212654.jpg,0.32739260322061636,1
/home/anitadonato/tcc/tcc/data/known_faces/julia/20260602_212618.jpg,/home/anitadonato/tcc/tcc/data/known_faces/julia/20260602_212704.jpg,0.4118063515255417,1
/home/anitadonato/tcc/tcc/data/known_faces/julia/20260602_212618.jpg,/home/anitadonato/tcc/tcc/data/known_faces/julia/20260602_212709.jpg,0.41788700189592465,1
/home/anitadonato/tcc/tcc/data/known_faces/julia/20260602_212618.jpg,/home/anitadonato/tcc/tcc/data/known_faces/julia/20260602_212712.jpg,0.49721441874806693,1
/home/anitadonato/tcc/tcc/data/known_faces/julia/20260602_212618.jpg,/home/anitadonato/tcc/tcc/data/known_faces/julia/20260602_212724.jpg,0.4410877967319713,1
/home/anitadonato/tcc/tcc/data/known_faces/julia/20260602_212618.jpg,/home/anitadonato/tcc/tcc/data/known_faces/julia/20260602_212726.jpg,0.37834641154457704,1
/home/anitadonato/tcc/tcc/data/known_faces/julia/20260602_212618.jpg,/home/anitadonato/tcc/tcc/data/known_faces/julia/20260602_212732.jpg,0.3247785864844216,1
/home/anitadonato/tcc/tcc/data/known_faces/julia/20260602_212618.jpg,/home/anitadonato/tcc/tcc/data/known_faces/julia/20260602_212740.jpg,0.35386108125804383,1
/home/anitadonato/tcc/tcc/data/known_faces/julia/20260602_212618.jpg,/home/anitadonato/tcc/tcc/data/known_faces/julia/julia_boa_45_esq(1).jpg,0.3956398436574614,1
/home/anitadonato/tcc/tcc/data/known_faces/julia/20260602_212618.jpg,/home/anitadonato/tcc/tcc/data/known_faces/julia/julia_boa_45_esq.jpg,0.29796489308124086,1
/home/anitadonato/tcc/tcc/data/known_faces/julia/20260602_212618.jpg,/home/anitadonato/tcc/tcc/data/known_faces/julia/julia_boa_frontal.jpg,0.1993811024124985,1
/home/anitadonato/tcc/tcc/data/known_faces/julia/20260602_212621.jpg,/home/anitadonato/tcc/tcc/data/known_faces/julia/20260602_212625.jpg,0.4506602839060698,1
/home/anitadonato/tcc/tcc/data/known_faces/julia/20260602_212621.jpg,/home/anitadonato/tcc/tcc/data/known_faces/julia/20260602_212628.jpg,0.33195149309853966,1
/home/anitadonato/tcc/tcc/data/known_faces/julia/20260602_212621.jpg,/home/anitadonato/tcc/tcc/data/known_faces/julia/20260602_212629.jpg,0.3754040922639986,1
/home/anitadonato/tcc/tcc/data/known_faces/julia/20260602_212621.jpg,/home/anitadonato/tcc/tcc/data/known_faces/julia/20260602_212631.jpg,0.3988795763891684,1
/home/anitadonato/tcc/tcc/data/known_faces/julia/20260602_212621.jpg,/home/anitadonato/tcc/tcc/data/known_faces/julia/20260602_212633.jpg,0.4744386019017516,1
/home/anitadonato/tcc/tcc/data/known_faces/julia/20260602_212621.jpg,/home/anitadonato/tcc/tcc/data/known_faces/julia/20260602_212635.jpg,0.520096652251754,1
/home/anitadonato/tcc/tcc/data/known_faces/julia/20260602_212621.jpg,/home/anitadonato/tcc/tcc/data/known_faces/julia/20260602_212654.jpg,0.4984951186522567,1
/home/anitadonato/tcc/tcc/data/known_faces/julia/20260602_212621.jpg,/home/anitadonato/tcc/tcc/data/known_faces/julia/20260602_212704.jpg,0.6480758769413897,1
/home/anitadonato/tcc/tcc/data/known_faces/julia/20260602_212621.jpg,/home/anitadonato/tcc/tcc/data/known_faces/julia/20260602_212709.jpg,0.6453236455979479,1
/home/anitadonato/tcc/tcc/data/known_faces/julia/20260602_212621.jpg,/home/anitadonato/tcc/tcc/data/known_faces/julia/20260602_212712.jpg,0.5061823898843576,1
/home/anitadonato/tcc/tcc/data/known_faces/julia/20260602_212621.jpg,/home/anitadonato/tcc/tcc/data/known_faces/julia/20260602_212724.jpg,0.5822955752832153,1
/home/anitadonato/tcc/tcc/data/known_faces/julia/20260602_212621.jpg,/home/anitadonato/tcc/tcc/data/known_faces/julia/20260602_212726.jpg,0.48829595077419796,1
/home/anitadonato/tcc/tcc/data/known_faces/julia/20260602_212621.jpg,/home/anitadonato/tcc/tcc/data/known_faces/julia/20260602_212732.jpg,0.5698969087422721,1
/home/anitadonato/tcc/tcc/data/known_faces/julia/20260602_212621.jpg,/home/anitadonato/tcc/tcc/data/known_faces/julia/20260602_212740.jpg,0.5829516738066451,1
/home/anitadonato/tcc/tcc/data/known_faces/julia/20260602_212621.jpg,/home/anitadonato/tcc/tcc/data/known_faces/julia/julia_boa_45_esq(1).jpg,0.40429647600461593,1
/home/anitadonato/tcc/tcc/data/known_faces/julia/20260602_212621.jpg,/home/anitadonato/tcc/tcc/data/known_faces/julia/julia_boa_45_esq.jpg,0.42777590588718184,1
/home/anitadonato/tcc/tcc/data/known_faces/julia/20260602_212621.jpg,/home/anitadonato/tcc/tcc/data/known_faces/julia/julia_boa_frontal.jpg,0.3843778574506096,1
/home/anitadonato/tcc/tcc/data/known_faces/julia/20260602_212625.jpg,/home/anitadonato/tcc/tcc/data/known_faces/julia/20260602_212628.jpg,0.4704692517994634,1
/home/anitadonato/tcc/tcc/data/known_faces/julia/20260602_212625.jpg,/home/anitadonato/tcc/tcc/data/known_faces/julia/20260602_212629.jpg,0.07523075730813145,1
/home/anitadonato/tcc/tcc/data/known_faces/julia/20260602_212625.jpg,/home/anitadonato/tcc/tcc/data/known_faces/julia/20260602_212631.jpg,0.13978651429585276,1
/home/anitadonato/tcc/tcc/data/known_faces/julia/20260602_212625.jpg,/home/anitadonato/tcc/tcc/data/known_faces/julia/20260602_212633.jpg,0.2872069793675185,1
/home/anitadonato/tcc/tcc/data/known_faces/julia/20260602_212625.jpg,/home/anitadonato/tcc/tcc/data/known_faces/julia/20260602_212635.jpg,0.34303435893861467,1
/home/anitadonato/tcc/tcc/data/known_faces/julia/20260602_212625.jpg,/home/anitadonato/tcc/tcc/data/known_faces/julia/20260602_212654.jpg,0.35133654995304453,1
/home/anitadonato/tcc/tcc/data/known_faces/julia/20260602_212625.jpg,/home/anitadonato/tcc/tcc/data/known_faces/julia/20260602_212704.jpg,0.38443056470037995,1
/home/anitadonato/tcc/tcc/data/known_faces/julia/20260602_212625.jpg,/home/anitadonato/tcc/tcc/data/known_faces/julia/20260602_212709.jpg,0.4276278396962345,1
/home/anitadonato/tcc/tcc/data/known_faces/julia/20260602_212625.jpg,/home/anitadonato/tcc/tcc/data/known_faces/julia/20260602_212712.jpg,0.5063556723018776,1
/home/anitadonato/tcc/tcc/data/known_faces/julia/20260602_212625.jpg,/home/anitadonato/tcc/tcc/data/known_faces/julia/20260602_212724.jpg,0.43391222297829846,1
/home/anitadonato/tcc/tcc/data/known_faces/julia/20260602_212625.jpg,/home/anitadonato/tcc/tcc/data/known_faces/julia/20260602_212726.jpg,0.40806838395630407,1
/home/anitadonato/tcc/tcc/data/known_faces/julia/20260602_212625.jpg,/home/anitadonato/tcc/tcc/data/known_faces/julia/20260602_212732.jpg,0.23260366039696112,1
/home/anitadonato/tcc/tcc/data/known_faces/julia/20260602_212625.jpg,/home/anitadonato/tcc/tcc/data/known_faces/julia/20260602_212740.jpg,0.2915998447180609,1
/home/anitadonato/tcc/tcc/data/known_faces/julia/20260602_212625.jpg,/home/anitadonato/tcc/tcc/data/known_faces/julia/julia_boa_45_esq(1).jpg,0.37866615924934377,1
/home/anitadonato/tcc/tcc/data/known_faces/julia/20260602_212625.jpg,/home/anitadonato/tcc/tcc/data/known_faces/julia/julia_boa_45_esq.jpg,0.2695248615535101,1
/home/anitadonato/tcc/tcc/data/known_faces/julia/20260602_212625.jpg,/home/anitadonato/tcc/tcc/data/known_faces/julia/julia_boa_frontal.jpg,0.21720071058815815,1
/home/anitadonato/tcc/tcc/data/known_faces/julia/20260602_212628.jpg,/home/anitadonato/tcc/tcc/data/known_faces/julia/20260602_212629.jpg,0.3890387363275306,1
/home/anitadonato/tcc/tcc/data/known_faces/julia/20260602_212628.jpg,/home/anitadonato/tcc/tcc/data/known_faces/julia/20260602_212631.jpg,0.338603075465993,1
/home/anitadonato/tcc/tcc/data/known_faces/julia/20260602_212628.jpg,/home/anitadonato/tcc/tcc/data/known_faces/julia/20260602_212633.jpg,0.34412996524607053,1
/home/anitadonato/tcc/tcc/data/known_faces/julia/20260602_212628.jpg,/home/anitadonato/tcc/tcc/data/known_faces/julia/20260602_212635.jpg,0.2645098423383868,1
/home/anitadonato/tcc/tcc/data/known_faces/julia/20260602_212628.jpg,/home/anitadonato/tcc/tcc/data/known_faces/julia/20260602_212654.jpg,0.4182933840534462,1
/home/anitadonato/tcc/tcc/data/known_faces/julia/20260602_212628.jpg,/home/anitadonato/tcc/tcc/data/known_faces/julia/20260602_212704.jpg,0.5058956928537445,1
/home/anitadonato/tcc/tcc/data/known_faces/julia/20260602_212628.jpg,/home/anitadonato/tcc/tcc/data/known_faces/julia/20260602_212709.jpg,0.5147545210851162,1
/home/anitadonato/tcc/tcc/data/known_faces/julia/20260602_212628.jpg,/home/anitadonato/tcc/tcc/data/known_faces/julia/20260602_212712.jpg,0.4448885357428827,1
/home/anitadonato/tcc/tcc/data/known_faces/julia/20260602_212628.jpg,/home/anitadonato/tcc/tcc/data/known_faces/julia/20260602_212724.jpg,0.41551154576216165,1
/home/anitadonato/tcc/tcc/data/known_faces/julia/20260602_212628.jpg,/home/anitadonato/tcc/tcc/data/known_faces/julia/20260602_212726.jpg,0.33835916258381404,1
/home/anitadonato/tcc/tcc/data/known_faces/julia/20260602_212628.jpg,/home/anitadonato/tcc/tcc/data/known_faces/julia/20260602_212732.jpg,0.47741424333698856,1
/home/anitadonato/tcc/tcc/data/known_faces/julia/20260602_212628.jpg,/home/anitadonato/tcc/tcc/data/known_faces/julia/20260602_212740.jpg,0.36952153106086305,1
/home/anitadonato/tcc/tcc/data/known_faces/julia/20260602_212628.jpg,/home/anitadonato/tcc/tcc/data/known_faces/julia/julia_boa_45_esq(1).jpg,0.40518555962990555,1
/home/anitadonato/tcc/tcc/data/known_faces/julia/20260602_212628.jpg,/home/anitadonato/tcc/tcc/data/known_faces/julia/julia_boa_45_esq.jpg,0.3489820264357536,1
/home/anitadonato/tcc/tcc/data/known_faces/julia/20260602_212628.jpg,/home/anitadonato/tcc/tcc/data/known_faces/julia/julia_boa_frontal.jpg,0.3748015524321333,1
/home/anitadonato/tcc/tcc/data/known_faces/julia/20260602_212629.jpg,/home/anitadonato/tcc/tcc/data/known_faces/julia/20260602_212631.jpg,0.0659594087698504,1
/home/anitadonato/tcc/tcc/data/known_faces/julia/20260602_212629.jpg,/home/anitadonato/tcc/tcc/data/known_faces/julia/20260602_212633.jpg,0.2588975323452578,1
/home/anitadonato/tcc/tcc/data/known_faces/julia/20260602_212629.jpg,/home/anitadonato/tcc/tcc/data/known_faces/julia/20260602_212635.jpg,0.3199057634932967,1
/home/anitadonato/tcc/tcc/data/known_faces/julia/20260602_212629.jpg,/home/anitadonato/tcc/tcc/data/known_faces/julia/20260602_212654.jpg,0.3162647342001803,1
/home/anitadonato/tcc/tcc/data/known_faces/julia/20260602_212629.jpg,/home/anitadonato/tcc/tcc/data/known_faces/julia/20260602_212704.jpg,0.39450011305874255,1
/home/anitadonato/tcc/tcc/data/known_faces/julia/20260602_212629.jpg,/home/anitadonato/tcc/tcc/data/known_faces/julia/20260602_212709.jpg,0.4058303931913573,1
/home/anitadonato/tcc/tcc/data/known_faces/julia/20260602_212629.jpg,/home/anitadonato/tcc/tcc/data/known_faces/julia/20260602_212712.jpg,0.4367379327643799,1
/home/anitadonato/tcc/tcc/data/known_faces/julia/20260602_212629.jpg,/home/anitadonato/tcc/tcc/data/known_faces/julia/20260602_212724.jpg,0.4508228545399391,1
/home/anitadonato/tcc/tcc/data/known_faces/julia/20260602_212629.jpg,/home/anitadonato/tcc/tcc/data/known_faces/julia/20260602_212726.jpg,0.33238703469694764,1
/home/anitadonato/tcc/tcc/data/known_faces/julia/20260602_212629.jpg,/home/anitadonato/tcc/tcc/data/known_faces/julia/20260602_212732.jpg,0.2954428837277344,1
/home/anitadonato/tcc/tcc/data/known_faces/julia/20260602_212629.jpg,/home/anitadonato/tcc/tcc/data/known_faces/julia/20260602_212740.jpg,0.30399510189141676,1
/home/anitadonato/tcc/tcc/data/known_faces/julia/20260602_212629.jpg,/home/anitadonato/tcc/tcc/data/known_faces/julia/julia_boa_45_esq(1).jpg,0.3271364289253078,1
/home/anitadonato/tcc/tcc/data/known_faces/julia/20260602_212629.jpg,/home/anitadonato/tcc/tcc/data/known_faces/julia/julia_boa_45_esq.jpg,0.23412632273866396,1
/home/anitadonato/tcc/tcc/data/known_faces/julia/20260602_212629.jpg,/home/anitadonato/tcc/tcc/data/known_faces/julia/julia_boa_frontal.jpg,0.17015215158093977,1
/home/anitadonato/tcc/tcc/data/known_faces/julia/20260602_212631.jpg,/home/anitadonato/tcc/tcc/data/known_faces/julia/20260602_212633.jpg,0.21371769736372215,1
/home/anitadonato/tcc/tcc/data/known_faces/julia/20260602_212631.jpg,/home/anitadonato/tcc/tcc/data/known_faces/julia/20260602_212635.jpg,0.24762146801054286,1
/home/anitadonato/tcc/tcc/data/known_faces/julia/20260602_212631.jpg,/home/anitadonato/tcc/tcc/data/known_faces/julia/20260602_212654.jpg,0.2696443330117897,1
/home/anitadonato/tcc/tcc/data/known_faces/julia/20260602_212631.jpg,/home/anitadonato/tcc/tcc/data/known_faces/julia/20260602_212704.jpg,0.33537308596512627,1
/home/anitadonato/tcc/tcc/data/known_faces/julia/20260602_212631.jpg,/home/anitadonato/tcc/tcc/data/known_faces/julia/20260602_212709.jpg,0.40604735839542083,1
/home/anitadonato/tcc/tcc/data/known_faces/julia/20260602_212631.jpg,/home/anitadonato/tcc/tcc/data/known_faces/julia/20260602_212712.jpg,0.376994718366253,1
/home/anitadonato/tcc/tcc/data/known_faces/julia/20260602_212631.jpg,/home/anitadonato/tcc/tcc/data/known_faces/julia/20260602_212724.jpg,0.4289916505294633,1
/home/anitadonato/tcc/tcc/data/known_faces/julia/20260602_212631.jpg,/home/anitadonato/tcc/tcc/data/known_faces/julia/20260602_212726.jpg,0.30524801154508274,1
/home/anitadonato/tcc/tcc/data/known_faces/julia/20260602_212631.jpg,/home/anitadonato/tcc/tcc/data/known_faces/julia/20260602_212732.jpg,0.2450136626958923,1
/home/anitadonato/tcc/tcc/data/known_faces/julia/20260602_212631.jpg,/home/anitadonato/tcc/tcc/data/known_faces/julia/20260602_212740.jpg,0.2742515977405676,1
/home/anitadonato/tcc/tcc/data/known_faces/julia/20260602_212631.jpg,/home/anitadonato/tcc/tcc/data/known_faces/julia/julia_boa_45_esq(1).jpg,0.3685298963175192,1
/home/anitadonato/tcc/tcc/data/known_faces/julia/20260602_212631.jpg,/home/anitadonato/tcc/tcc/data/known_faces/julia/julia_boa_45_esq.jpg,0.2269170184507574,1
/home/anitadonato/tcc/tcc/data/known_faces/julia/20260602_212631.jpg,/home/anitadonato/tcc/tcc/data/known_faces/julia/julia_boa_frontal.jpg,0.14230812195120346,1
/home/anitadonato/tcc/tcc/data/known_faces/julia/20260602_212633.jpg,/home/anitadonato/tcc/tcc/data/known_faces/julia/20260602_212635.jpg,0.17288835842902073,1
/home/anitadonato/tcc/tcc/data/known_faces/julia/20260602_212633.jpg,/home/anitadonato/tcc/tcc/data/known_faces/julia/20260602_212654.jpg,0.4021084737919842,1
/home/anitadonato/tcc/tcc/data/known_faces/julia/20260602_212633.jpg,/home/anitadonato/tcc/tcc/data/known_faces/julia/20260602_212704.jpg,0.38735803317374495,1
/home/anitadonato/tcc/tcc/data/known_faces/julia/20260602_212633.jpg,/home/anitadonato/tcc/tcc/data/known_faces/julia/20260602_212709.jpg,0.48094852261161436,1
/home/anitadonato/tcc/tcc/data/known_faces/julia/20260602_212633.jpg,/home/anitadonato/tcc/tcc/data/known_faces/julia/20260602_212712.jpg,0.468195866203304,1
/home/anitadonato/tcc/tcc/data/known_faces/julia/20260602_212633.jpg,/home/anitadonato/tcc/tcc/data/known_faces/julia/20260602_212724.jpg,0.41018088361462257,1
/home/anitadonato/tcc/tcc/data/known_faces/julia/20260602_212633.jpg,/home/anitadonato/tcc/tcc/data/known_faces/julia/20260602_212726.jpg,0.41204069524919607,1
/home/anitadonato/tcc/tcc/data/known_faces/julia/20260602_212633.jpg,/home/anitadonato/tcc/tcc/data/known_faces/julia/20260602_212732.jpg,0.31133557186615524,1
/home/anitadonato/tcc/tcc/data/known_faces/julia/20260602_212633.jpg,/home/anitadonato/tcc/tcc/data/known_faces/julia/20260602_212740.jpg,0.3174600073824505,1
/home/anitadonato/tcc/tcc/data/known_faces/julia/20260602_212633.jpg,/home/anitadonato/tcc/tcc/data/known_faces/julia/julia_boa_45_esq(1).jpg,0.39823879235009496,1
/home/anitadonato/tcc/tcc/data/known_faces/julia/20260602_212633.jpg,/home/anitadonato/tcc/tcc/data/known_faces/julia/julia_boa_45_esq.jpg,0.3069640674622871,1
/home/anitadonato/tcc/tcc/data/known_faces/julia/20260602_212633.jpg,/home/anitadonato/tcc/tcc/data/known_faces/julia/julia_boa_frontal.jpg,0.33731309166199486,1
/home/anitadonato/tcc/tcc/data/known_faces/julia/20260602_212635.jpg,/home/anitadonato/tcc/tcc/data/known_faces/julia/20260602_212654.jpg,0.38930945108673376,1
/home/anitadonato/tcc/tcc/data/known_faces/julia/20260602_212635.jpg,/home/anitadonato/tcc/tcc/data/known_faces/julia/20260602_212704.jpg,0.3863536308781462,1
/home/anitadonato/tcc/tcc/data/known_faces/julia/20260602_212635.jpg,/home/anitadonato/tcc/tcc/data/known_faces/julia/20260602_212709.jpg,0.49468371688257684,1
/home/anitadonato/tcc/tcc/data/known_faces/julia/20260602_212635.jpg,/home/anitadonato/tcc/tcc/data/known_faces/julia/20260602_212712.jpg,0.4051898328203971,1
/home/anitadonato/tcc/tcc/data/known_faces/julia/20260602_212635.jpg,/home/anitadonato/tcc/tcc/data/known_faces/julia/20260602_212724.jpg,0.4227825431906914,1
/home/anitadonato/tcc/tcc/data/known_faces/julia/20260602_212635.jpg,/home/anitadonato/tcc/tcc/data/known_faces/julia/20260602_212726.jpg,0.40970435728889776,1
/home/anitadonato/tcc/tcc/data/known_faces/julia/20260602_212635.jpg,/home/anitadonato/tcc/tcc/data/known_faces/julia/20260602_212732.jpg,0.30221751239907735,1
/home/anitadonato/tcc/tcc/data/known_faces/julia/20260602_212635.jpg,/home/anitadonato/tcc/tcc/data/known_faces/julia/20260602_212740.jpg,0.28261045714135935,1
/home/anitadonato/tcc/tcc/data/known_faces/julia/20260602_212635.jpg,/home/anitadonato/tcc/tcc/data/known_faces/julia/julia_boa_45_esq(1).jpg,0.49010556469138356,1
/home/anitadonato/tcc/tcc/data/known_faces/julia/20260602_212635.jpg,/home/anitadonato/tcc/tcc/data/known_faces/julia/julia_boa_45_esq.jpg,0.3530954370204169,1
/home/anitadonato/tcc/tcc/data/known_faces/julia/20260602_212635.jpg,/home/anitadonato/tcc/tcc/data/known_faces/julia/julia_boa_frontal.jpg,0.3853262595650818,1
/home/anitadonato/tcc/tcc/data/known_faces/julia/20260602_212654.jpg,/home/anitadonato/tcc/tcc/data/known_faces/julia/20260602_212704.jpg,0.2980836283622832,1
/home/anitadonato/tcc/tcc/data/known_faces/julia/20260602_212654.jpg,/home/anitadonato/tcc/tcc/data/known_faces/julia/20260602_212709.jpg,0.2916546146743392,1
/home/anitadonato/tcc/tcc/data/known_faces/julia/20260602_212654.jpg,/home/anitadonato/tcc/tcc/data/known_faces/julia/20260602_212712.jpg,0.15342218444599098,1
/home/anitadonato/tcc/tcc/data/known_faces/julia/20260602_212654.jpg,/home/anitadonato/tcc/tcc/data/known_faces/julia/20260602_212724.jpg,0.43966483511301513,1
/home/anitadonato/tcc/tcc/data/known_faces/julia/20260602_212654.jpg,/home/anitadonato/tcc/tcc/data/known_faces/julia/20260602_212726.jpg,0.3237805590768664,1
/home/anitadonato/tcc/tcc/data/known_faces/julia/20260602_212654.jpg,/home/anitadonato/tcc/tcc/data/known_faces/julia/20260602_212732.jpg,0.35532177198679293,1
/home/anitadonato/tcc/tcc/data/known_faces/julia/20260602_212654.jpg,/home/anitadonato/tcc/tcc/data/known_faces/julia/20260602_212740.jpg,0.3981814896161071,1
/home/anitadonato/tcc/tcc/data/known_faces/julia/20260602_212654.jpg,/home/anitadonato/tcc/tcc/data/known_faces/julia/julia_boa_45_esq(1).jpg,0.40741745108810556,1
/home/anitadonato/tcc/tcc/data/known_faces/julia/20260602_212654.jpg,/home/anitadonato/tcc/tcc/data/known_faces/julia/julia_boa_45_esq.jpg,0.28457389900662633,1
/home/anitadonato/tcc/tcc/data/known_faces/julia/20260602_212654.jpg,/home/anitadonato/tcc/tcc/data/known_faces/julia/julia_boa_frontal.jpg,0.2980051164450749,1
/home/anitadonato/tcc/tcc/data/known_faces/julia/20260602_212704.jpg,/home/anitadonato/tcc/tcc/data/known_faces/julia/20260602_212709.jpg,0.32200692768945116,1
/home/anitadonato/tcc/tcc/data/known_faces/julia/20260602_212704.jpg,/home/anitadonato/tcc/tcc/data/known_faces/julia/20260602_212712.jpg,0.4426456062878804,1
/home/anitadonato/tcc/tcc/data/known_faces/julia/20260602_212704.jpg,/home/anitadonato/tcc/tcc/data/known_faces/julia/20260602_212724.jpg,0.32049941852269204,1
/home/anitadonato/tcc/tcc/data/known_faces/julia/20260602_212704.jpg,/home/anitadonato/tcc/tcc/data/known_faces/julia/20260602_212726.jpg,0.30820146451387587,1
/home/anitadonato/tcc/tcc/data/known_faces/julia/20260602_212704.jpg,/home/anitadonato/tcc/tcc/data/known_faces/julia/20260602_212732.jpg,0.31350902226245914,1
/home/anitadonato/tcc/tcc/data/known_faces/julia/20260602_212704.jpg,/home/anitadonato/tcc/tcc/data/known_faces/julia/20260602_212740.jpg,0.3193976573481204,1
/home/anitadonato/tcc/tcc/data/known_faces/julia/20260602_212704.jpg,/home/anitadonato/tcc/tcc/data/known_faces/julia/julia_boa_45_esq(1).jpg,0.40691154294640475,1
/home/anitadonato/tcc/tcc/data/known_faces/julia/20260602_212704.jpg,/home/anitadonato/tcc/tcc/data/known_faces/julia/julia_boa_45_esq.jpg,0.3631098911258822,1
/home/anitadonato/tcc/tcc/data/known_faces/julia/20260602_212704.jpg,/home/anitadonato/tcc/tcc/data/known_faces/julia/julia_boa_frontal.jpg,0.3258678813561926,1
/home/anitadonato/tcc/tcc/data/known_faces/julia/20260602_212709.jpg,/home/anitadonato/tcc/tcc/data/known_faces/julia/20260602_212712.jpg,0.3930847533367967,1
/home/anitadonato/tcc/tcc/data/known_faces/julia/20260602_212709.jpg,/home/anitadonato/tcc/tcc/data/known_faces/julia/20260602_212724.jpg,0.4442125324843864,1
/home/anitadonato/tcc/tcc/data/known_faces/julia/20260602_212709.jpg,/home/anitadonato/tcc/tcc/data/known_faces/julia/20260602_212726.jpg,0.31372003466251963,1
/home/anitadonato/tcc/tcc/data/known_faces/julia/20260602_212709.jpg,/home/anitadonato/tcc/tcc/data/known_faces/julia/20260602_212732.jpg,0.405774143646744,1
/home/anitadonato/tcc/tcc/data/known_faces/julia/20260602_212709.jpg,/home/anitadonato/tcc/tcc/data/known_faces/julia/20260602_212740.jpg,0.327412619749881,1
/home/anitadonato/tcc/tcc/data/known_faces/julia/20260602_212709.jpg,/home/anitadonato/tcc/tcc/data/known_faces/julia/julia_boa_45_esq(1).jpg,0.4468048787500597,1
/home/anitadonato/tcc/tcc/data/known_faces/julia/20260602_212709.jpg,/home/anitadonato/tcc/tcc/data/known_faces/julia/julia_boa_45_esq.jpg,0.3347559952501298,1
/home/anitadonato/tcc/tcc/data/known_faces/julia/20260602_212709.jpg,/home/anitadonato/tcc/tcc/data/known_faces/julia/julia_boa_frontal.jpg,0.4042423788832952,1
/home/anitadonato/tcc/tcc/data/known_faces/julia/20260602_212712.jpg,/home/anitadonato/tcc/tcc/data/known_faces/julia/20260602_212724.jpg,0.5471049479751994,1
/home/anitadonato/tcc/tcc/data/known_faces/julia/20260602_212712.jpg,/home/anitadonato/tcc/tcc/data/known_faces/julia/20260602_212726.jpg,0.40910409453470886,1
/home/anitadonato/tcc/tcc/data/known_faces/julia/20260602_212712.jpg,/home/anitadonato/tcc/tcc/data/known_faces/julia/20260602_212732.jpg,0.45031292601979733,1
/home/anitadonato/tcc/tcc/data/known_faces/julia/20260602_212712.jpg,/home/anitadonato/tcc/tcc/data/known_faces/julia/20260602_212740.jpg,0.48149234301931354,1
/home/anitadonato/tcc/tcc/data/known_faces/julia/20260602_212712.jpg,/home/anitadonato/tcc/tcc/data/known_faces/julia/julia_boa_45_esq(1).jpg,0.49502410991547796,1
/home/anitadonato/tcc/tcc/data/known_faces/julia/20260602_212712.jpg,/home/anitadonato/tcc/tcc/data/known_faces/julia/julia_boa_45_esq.jpg,0.4006112055748161,1
/home/anitadonato/tcc/tcc/data/known_faces/julia/20260602_212712.jpg,/home/anitadonato/tcc/tcc/data/known_faces/julia/julia_boa_frontal.jpg,0.4692006885009693,1
/home/anitadonato/tcc/tcc/data/known_faces/julia/20260602_212724.jpg,/home/anitadonato/tcc/tcc/data/known_faces/julia/20260602_212726.jpg,0.28760440186085956,1
/home/anitadonato/tcc/tcc/data/known_faces/julia/20260602_212724.jpg,/home/anitadonato/tcc/tcc/data/known_faces/julia/20260602_212732.jpg,0.3412489354434116,1
/home/anitadonato/tcc/tcc/data/known_faces/julia/20260602_212724.jpg,/home/anitadonato/tcc/tcc/data/known_faces/julia/20260602_212740.jpg,0.3157771532999022,1
/home/anitadonato/tcc/tcc/data/known_faces/julia/20260602_212724.jpg,/home/anitadonato/tcc/tcc/data/known_faces/julia/julia_boa_45_esq(1).jpg,0.35571509285041225,1
/home/anitadonato/tcc/tcc/data/known_faces/julia/20260602_212724.jpg,/home/anitadonato/tcc/tcc/data/known_faces/julia/julia_boa_45_esq.jpg,0.4473966784981892,1
/home/anitadonato/tcc/tcc/data/known_faces/julia/20260602_212724.jpg,/home/anitadonato/tcc/tcc/data/known_faces/julia/julia_boa_frontal.jpg,0.45596816174706223,1
/home/anitadonato/tcc/tcc/data/known_faces/julia/20260602_212726.jpg,/home/anitadonato/tcc/tcc/data/known_faces/julia/20260602_212732.jpg,0.3697112162819216,1
/home/anitadonato/tcc/tcc/data/known_faces/julia/20260602_212726.jpg,/home/anitadonato/tcc/tcc/data/known_faces/julia/20260602_212740.jpg,0.2871309009352325,1
/home/anitadonato/tcc/tcc/data/known_faces/julia/20260602_212726.jpg,/home/anitadonato/tcc/tcc/data/known_faces/julia/julia_boa_45_esq(1).jpg,0.41022892070368455,1
/home/anitadonato/tcc/tcc/data/known_faces/julia/20260602_212726.jpg,/home/anitadonato/tcc/tcc/data/known_faces/julia/julia_boa_45_esq.jpg,0.36713283084121606,1
/home/anitadonato/tcc/tcc/data/known_faces/julia/20260602_212726.jpg,/home/anitadonato/tcc/tcc/data/known_faces/julia/julia_boa_frontal.jpg,0.32596750906517746,1
/home/anitadonato/tcc/tcc/data/known_faces/julia/20260602_212732.jpg,/home/anitadonato/tcc/tcc/data/known_faces/julia/20260602_212740.jpg,0.18714905802227833,1
/home/anitadonato/tcc/tcc/data/known_faces/julia/20260602_212732.jpg,/home/anitadonato/tcc/tcc/data/known_faces/julia/julia_boa_45_esq(1).jpg,0.4743885347568991,1
/home/anitadonato/tcc/tcc/data/known_faces/julia/20260602_212732.jpg,/home/anitadonato/tcc/tcc/data/known_faces/julia/julia_boa_45_esq.jpg,0.34629679746508657,1
/home/anitadonato/tcc/tcc/data/known_faces/julia/20260602_212732.jpg,/home/anitadonato/tcc/tcc/data/known_faces/julia/julia_boa_frontal.jpg,0.356175412512006,1
/home/anitadonato/tcc/tcc/data/known_faces/julia/20260602_212740.jpg,/home/anitadonato/tcc/tcc/data/known_faces/julia/julia_boa_45_esq(1).jpg,0.406329270840892,1
/home/anitadonato/tcc/tcc/data/known_faces/julia/20260602_212740.jpg,/home/anitadonato/tcc/tcc/data/known_faces/julia/julia_boa_45_esq.jpg,0.30893031553894834,1
/home/anitadonato/tcc/tcc/data/known_faces/julia/20260602_212740.jpg,/home/anitadonato/tcc/tcc/data/known_faces/julia/julia_boa_frontal.jpg,0.34755918250101536,1
/home/anitadonato/tcc/tcc/data/known_faces/julia/julia_boa_45_esq(1).jpg,/home/anitadonato/tcc/tcc/data/known_faces/julia/julia_boa_45_esq.jpg,0.2860131341767863,1
/home/anitadonato/tcc/tcc/data/known_faces/julia/julia_boa_45_esq(1).jpg,/home/anitadonato/tcc/tcc/data/known_faces/julia/julia_boa_frontal.jpg,0.29655449735320905,1
/home/anitadonato/tcc/tcc/data/known_faces/julia/julia_boa_45_esq.jpg,/home/anitadonato/tcc/tcc/data/known_faces/julia/julia_boa_frontal.jpg,0.21003200566586,1
/home/anitadonato/tcc/tcc/data/known_faces/luan/20260602_211805.jpg,/home/anitadonato/tcc/tcc/data/known_faces/luan/20260602_211809.jpg,0.06950027217078791,1
/home/anitadonato/tcc/tcc/data/known_faces/luan/20260602_211805.jpg,/home/anitadonato/tcc/tcc/data/known_faces/luan/20260602_211812.jpg,0.4259030990029825,1
/home/anitadonato/tcc/tcc/data/known_faces/luan/20260602_211805.jpg,/home/anitadonato/tcc/tcc/data/known_faces/luan/20260602_211814.jpg,0.44077333269676433,1
/home/anitadonato/tcc/tcc/data/known_faces/luan/20260602_211805.jpg,/home/anitadonato/tcc/tcc/data/known_faces/luan/20260602_211820.jpg,0.6838858529009855,1
/home/anitadonato/tcc/tcc/data/known_faces/luan/20260602_211805.jpg,/home/anitadonato/tcc/tcc/data/known_faces/luan/20260602_211823.jpg,0.4166749775056695,1
/home/anitadonato/tcc/tcc/data/known_faces/luan/20260602_211805.jpg,/home/anitadonato/tcc/tcc/data/known_faces/luan/20260602_211826.jpg,0.48622487209044385,1
/home/anitadonato/tcc/tcc/data/known_faces/luan/20260602_211805.jpg,/home/anitadonato/tcc/tcc/data/known_faces/luan/20260602_211836.jpg,0.7428774296577951,1
/home/anitadonato/tcc/tcc/data/known_faces/luan/20260602_211805.jpg,/home/anitadonato/tcc/tcc/data/known_faces/luan/20260602_211837.jpg,0.6447466872482939,1
/home/anitadonato/tcc/tcc/data/known_faces/luan/20260602_211805.jpg,/home/anitadonato/tcc/tcc/data/known_faces/luan/20260602_211845.jpg,0.1615002721041815,1
/home/anitadonato/tcc/tcc/data/known_faces/luan/20260602_211805.jpg,/home/anitadonato/tcc/tcc/data/known_faces/luan/20260602_211913.jpg,0.20675707462701853,1
/home/anitadonato/tcc/tcc/data/known_faces/luan/20260602_211805.jpg,/home/anitadonato/tcc/tcc/data/known_faces/luan/20260602_211917.jpg,0.3777507965277084,1
/home/anitadonato/tcc/tcc/data/known_faces/luan/20260602_211805.jpg,/home/anitadonato/tcc/tcc/data/known_faces/luan/20260602_211920.jpg,0.32915192966606865,1
/home/anitadonato/tcc/tcc/data/known_faces/luan/20260602_211805.jpg,/home/anitadonato/tcc/tcc/data/known_faces/luan/20260602_211923.jpg,0.2563881818988889,1
/home/anitadonato/tcc/tcc/data/known_faces/luan/20260602_211805.jpg,/home/anitadonato/tcc/tcc/data/known_faces/luan/20260602_212013.jpg,0.3264784033190453,1
/home/anitadonato/tcc/tcc/data/known_faces/luan/20260602_211805.jpg,/home/anitadonato/tcc/tcc/data/known_faces/luan/20260602_212016.jpg,0.41211591804439973,1
/home/anitadonato/tcc/tcc/data/known_faces/luan/20260602_211805.jpg,/home/anitadonato/tcc/tcc/data/known_faces/luan/20260602_212019.jpg,0.5333916021795151,1
/home/anitadonato/tcc/tcc/data/known_faces/luan/20260602_211805.jpg,/home/anitadonato/tcc/tcc/data/known_faces/luan/20260602_212022.jpg,0.33153328520664116,1
/home/anitadonato/tcc/tcc/data/known_faces/luan/20260602_211805.jpg,/home/anitadonato/tcc/tcc/data/known_faces/luan/20260602_212025.jpg,0.3136209876646445,1
/home/anitadonato/tcc/tcc/data/known_faces/luan/20260602_211805.jpg,/home/anitadonato/tcc/tcc/data/known_faces/luan/20260602_212030.jpg,0.6107360689381578,1
/home/anitadonato/tcc/tcc/data/known_faces/luan/20260602_211805.jpg,/home/anitadonato/tcc/tcc/data/known_faces/luan/20260602_212032.jpg,0.320455022130436,1
/home/anitadonato/tcc/tcc/data/known_faces/luan/20260602_211805.jpg,/home/anitadonato/tcc/tcc/data/known_faces/luan/20260602_212035.jpg,0.3263752565854846,1
/home/anitadonato/tcc/tcc/data/known_faces/luan/20260602_211809.jpg,/home/anitadonato/tcc/tcc/data/known_faces/luan/20260602_211812.jpg,0.40760559871841984,1
/home/anitadonato/tcc/tcc/data/known_faces/luan/20260602_211809.jpg,/home/anitadonato/tcc/tcc/data/known_faces/luan/20260602_211814.jpg,0.3937193788420903,1
/home/anitadonato/tcc/tcc/data/known_faces/luan/20260602_211809.jpg,/home/anitadonato/tcc/tcc/data/known_faces/luan/20260602_211820.jpg,0.6978013825724231,1
/home/anitadonato/tcc/tcc/data/known_faces/luan/20260602_211809.jpg,/home/anitadonato/tcc/tcc/data/known_faces/luan/20260602_211823.jpg,0.4217152579027881,1
/home/anitadonato/tcc/tcc/data/known_faces/luan/20260602_211809.jpg,/home/anitadonato/tcc/tcc/data/known_faces/luan/20260602_211826.jpg,0.5167216594169334,1
/home/anitadonato/tcc/tcc/data/known_faces/luan/20260602_211809.jpg,/home/anitadonato/tcc/tcc/data/known_faces/luan/20260602_211836.jpg,0.7368355250362224,1
/home/anitadonato/tcc/tcc/data/known_faces/luan/20260602_211809.jpg,/home/anitadonato/tcc/tcc/data/known_faces/luan/20260602_211837.jpg,0.6366442559170706,1
/home/anitadonato/tcc/tcc/data/known_faces/luan/20260602_211809.jpg,/home/anitadonato/tcc/tcc/data/known_faces/luan/20260602_211845.jpg,0.1234502531433328,1
/home/anitadonato/tcc/tcc/data/known_faces/luan/20260602_211809.jpg,/home/anitadonato/tcc/tcc/data/known_faces/luan/20260602_211913.jpg,0.20619108209877768,1
/home/anitadonato/tcc/tcc/data/known_faces/luan/20260602_211809.jpg,/home/anitadonato/tcc/tcc/data/known_faces/luan/20260602_211917.jpg,0.3725629750370134,1
/home/anitadonato/tcc/tcc/data/known_faces/luan/20260602_211809.jpg,/home/anitadonato/tcc/tcc/data/known_faces/luan/20260602_211920.jpg,0.34208952514331237,1
/home/anitadonato/tcc/tcc/data/known_faces/luan/20260602_211809.jpg,/home/anitadonato/tcc/tcc/data/known_faces/luan/20260602_211923.jpg,0.2541569192368631,1
/home/anitadonato/tcc/tcc/data/known_faces/luan/20260602_211809.jpg,/home/anitadonato/tcc/tcc/data/known_faces/luan/20260602_212013.jpg,0.3219406458820807,1
/home/anitadonato/tcc/tcc/data/known_faces/luan/20260602_211809.jpg,/home/anitadonato/tcc/tcc/data/known_faces/luan/20260602_212016.jpg,0.4098508535005747,1
/home/anitadonato/tcc/tcc/data/known_faces/luan/20260602_211809.jpg,/home/anitadonato/tcc/tcc/data/known_faces/luan/20260602_212019.jpg,0.4856212937585175,1
/home/anitadonato/tcc/tcc/data/known_faces/luan/20260602_211809.jpg,/home/anitadonato/tcc/tcc/data/known_faces/luan/20260602_212022.jpg,0.3545551447663531,1
/home/anitadonato/tcc/tcc/data/known_faces/luan/20260602_211809.jpg,/home/anitadonato/tcc/tcc/data/known_faces/luan/20260602_212025.jpg,0.31010657426379773,1
/home/anitadonato/tcc/tcc/data/known_faces/luan/20260602_211809.jpg,/home/anitadonato/tcc/tcc/data/known_faces/luan/20260602_212030.jpg,0.5879366557497573,1
/home/anitadonato/tcc/tcc/data/known_faces/luan/20260602_211809.jpg,/home/anitadonato/tcc/tcc/data/known_faces/luan/20260602_212032.jpg,0.3141964443305747,1
/home/anitadonato/tcc/tcc/data/known_faces/luan/20260602_211809.jpg,/home/anitadonato/tcc/tcc/data/known_faces/luan/20260602_212035.jpg,0.33462195581770415,1
/home/anitadonato/tcc/tcc/data/known_faces/luan/20260602_211812.jpg,/home/anitadonato/tcc/tcc/data/known_faces/luan/20260602_211814.jpg,0.3781442009391386,1
/home/anitadonato/tcc/tcc/data/known_faces/luan/20260602_211812.jpg,/home/anitadonato/tcc/tcc/data/known_faces/luan/20260602_211820.jpg,0.5111095218561863,1
/home/anitadonato/tcc/tcc/data/known_faces/luan/20260602_211812.jpg,/home/anitadonato/tcc/tcc/data/known_faces/luan/20260602_211823.jpg,0.12324085500325033,1
/home/anitadonato/tcc/tcc/data/known_faces/luan/20260602_211812.jpg,/home/anitadonato/tcc/tcc/data/known_faces/luan/20260602_211826.jpg,0.3278801866040505,1
/home/anitadonato/tcc/tcc/data/known_faces/luan/20260602_211812.jpg,/home/anitadonato/tcc/tcc/data/known_faces/luan/20260602_211836.jpg,0.5327445915705096,1
/home/anitadonato/tcc/tcc/data/known_faces/luan/20260602_211812.jpg,/home/anitadonato/tcc/tcc/data/known_faces/luan/20260602_211837.jpg,0.4464155635809067,1
/home/anitadonato/tcc/tcc/data/known_faces/luan/20260602_211812.jpg,/home/anitadonato/tcc/tcc/data/known_faces/luan/20260602_211845.jpg,0.3400277945760597,1
/home/anitadonato/tcc/tcc/data/known_faces/luan/20260602_211812.jpg,/home/anitadonato/tcc/tcc/data/known_faces/luan/20260602_211913.jpg,0.37594987734794805,1
/home/anitadonato/tcc/tcc/data/known_faces/luan/20260602_211812.jpg,/home/anitadonato/tcc/tcc/data/known_faces/luan/20260602_211917.jpg,0.40180846386920754,1
/home/anitadonato/tcc/tcc/data/known_faces/luan/20260602_211812.jpg,/home/anitadonato/tcc/tcc/data/known_faces/luan/20260602_211920.jpg,0.33159518569188984,1
/home/anitadonato/tcc/tcc/data/known_faces/luan/20260602_211812.jpg,/home/anitadonato/tcc/tcc/data/known_faces/luan/20260602_211923.jpg,0.39769233533404647,1
/home/anitadonato/tcc/tcc/data/known_faces/luan/20260602_211812.jpg,/home/anitadonato/tcc/tcc/data/known_faces/luan/20260602_212013.jpg,0.27672480718207926,1
/home/anitadonato/tcc/tcc/data/known_faces/luan/20260602_211812.jpg,/home/anitadonato/tcc/tcc/data/known_faces/luan/20260602_212016.jpg,0.24959847437951044,1
/home/anitadonato/tcc/tcc/data/known_faces/luan/20260602_211812.jpg,/home/anitadonato/tcc/tcc/data/known_faces/luan/20260602_212019.jpg,0.5586967953435148,1
/home/anitadonato/tcc/tcc/data/known_faces/luan/20260602_211812.jpg,/home/anitadonato/tcc/tcc/data/known_faces/luan/20260602_212022.jpg,0.3360847451275887,1
/home/anitadonato/tcc/tcc/data/known_faces/luan/20260602_211812.jpg,/home/anitadonato/tcc/tcc/data/known_faces/luan/20260602_212025.jpg,0.43184235346904587,1
/home/anitadonato/tcc/tcc/data/known_faces/luan/20260602_211812.jpg,/home/anitadonato/tcc/tcc/data/known_faces/luan/20260602_212030.jpg,0.6309761433403023,1
/home/anitadonato/tcc/tcc/data/known_faces/luan/20260602_211812.jpg,/home/anitadonato/tcc/tcc/data/known_faces/luan/20260602_212032.jpg,0.266636956386644,1
/home/anitadonato/tcc/tcc/data/known_faces/luan/20260602_211812.jpg,/home/anitadonato/tcc/tcc/data/known_faces/luan/20260602_212035.jpg,0.24946640750311877,1
/home/anitadonato/tcc/tcc/data/known_faces/luan/20260602_211814.jpg,/home/anitadonato/tcc/tcc/data/known_faces/luan/20260602_211820.jpg,0.6156753869153655,1
/home/anitadonato/tcc/tcc/data/known_faces/luan/20260602_211814.jpg,/home/anitadonato/tcc/tcc/data/known_faces/luan/20260602_211823.jpg,0.40961438034060327,1
/home/anitadonato/tcc/tcc/data/known_faces/luan/20260602_211814.jpg,/home/anitadonato/tcc/tcc/data/known_faces/luan/20260602_211826.jpg,0.626392407529004,1
/home/anitadonato/tcc/tcc/data/known_faces/luan/20260602_211814.jpg,/home/anitadonato/tcc/tcc/data/known_faces/luan/20260602_211836.jpg,0.5796115989786261,1
/home/anitadonato/tcc/tcc/data/known_faces/luan/20260602_211814.jpg,/home/anitadonato/tcc/tcc/data/known_faces/luan/20260602_211837.jpg,0.46987178558086107,1
/home/anitadonato/tcc/tcc/data/known_faces/luan/20260602_211814.jpg,/home/anitadonato/tcc/tcc/data/known_faces/luan/20260602_211845.jpg,0.46776432182845207,1
/home/anitadonato/tcc/tcc/data/known_faces/luan/20260602_211814.jpg,/home/anitadonato/tcc/tcc/data/known_faces/luan/20260602_211913.jpg,0.4125150871013825,1
/home/anitadonato/tcc/tcc/data/known_faces/luan/20260602_211814.jpg,/home/anitadonato/tcc/tcc/data/known_faces/luan/20260602_211917.jpg,0.34587783431198416,1
/home/anitadonato/tcc/tcc/data/known_faces/luan/20260602_211814.jpg,/home/anitadonato/tcc/tcc/data/known_faces/luan/20260602_211920.jpg,0.5341174876779187,1
/home/anitadonato/tcc/tcc/data/known_faces/luan/20260602_211814.jpg,/home/anitadonato/tcc/tcc/data/known_faces/luan/20260602_211923.jpg,0.4339265102367049,1
/home/anitadonato/tcc/tcc/data/known_faces/luan/20260602_211814.jpg,/home/anitadonato/tcc/tcc/data/known_faces/luan/20260602_212013.jpg,0.42366911153256204,1
/home/anitadonato/tcc/tcc/data/known_faces/luan/20260602_211814.jpg,/home/anitadonato/tcc/tcc/data/known_faces/luan/20260602_212016.jpg,0.5086285460419115,1
/home/anitadonato/tcc/tcc/data/known_faces/luan/20260602_211814.jpg,/home/anitadonato/tcc/tcc/data/known_faces/luan/20260602_212019.jpg,0.35615665773073824,1
/home/anitadonato/tcc/tcc/data/known_faces/luan/20260602_211814.jpg,/home/anitadonato/tcc/tcc/data/known_faces/luan/20260602_212022.jpg,0.5136413331006726,1
/home/anitadonato/tcc/tcc/data/known_faces/luan/20260602_211814.jpg,/home/anitadonato/tcc/tcc/data/known_faces/luan/20260602_212025.jpg,0.37038685448580666,1
/home/anitadonato/tcc/tcc/data/known_faces/luan/20260602_211814.jpg,/home/anitadonato/tcc/tcc/data/known_faces/luan/20260602_212030.jpg,0.47337672114444174,1
/home/anitadonato/tcc/tcc/data/known_faces/luan/20260602_211814.jpg,/home/anitadonato/tcc/tcc/data/known_faces/luan/20260602_212032.jpg,0.44113408076694627,1
/home/anitadonato/tcc/tcc/data/known_faces/luan/20260602_211814.jpg,/home/anitadonato/tcc/tcc/data/known_faces/luan/20260602_212035.jpg,0.5025996539680182,1
/home/anitadonato/tcc/tcc/data/known_faces/luan/20260602_211820.jpg,/home/anitadonato/tcc/tcc/data/known_faces/luan/20260602_211823.jpg,0.49211843816215484,1
/home/anitadonato/tcc/tcc/data/known_faces/luan/20260602_211820.jpg,/home/anitadonato/tcc/tcc/data/known_faces/luan/20260602_211826.jpg,0.5721937818707542,1
/home/anitadonato/tcc/tcc/data/known_faces/luan/20260602_211820.jpg,/home/anitadonato/tcc/tcc/data/known_faces/luan/20260602_211836.jpg,0.20065552225982086,1
/home/anitadonato/tcc/tcc/data/known_faces/luan/20260602_211820.jpg,/home/anitadonato/tcc/tcc/data/known_faces/luan/20260602_211837.jpg,0.32448983946481325,1
/home/anitadonato/tcc/tcc/data/known_faces/luan/20260602_211820.jpg,/home/anitadonato/tcc/tcc/data/known_faces/luan/20260602_211845.jpg,0.7117352628470595,1
/home/anitadonato/tcc/tcc/data/known_faces/luan/20260602_211820.jpg,/home/anitadonato/tcc/tcc/data/known_faces/luan/20260602_211913.jpg,0.6969113279848926,1
/home/anitadonato/tcc/tcc/data/known_faces/luan/20260602_211820.jpg,/home/anitadonato/tcc/tcc/data/known_faces/luan/20260602_211917.jpg,0.7406008292030262,1
/home/anitadonato/tcc/tcc/data/known_faces/luan/20260602_211820.jpg,/home/anitadonato/tcc/tcc/data/known_faces/luan/20260602_211920.jpg,0.7331175853627026,1
/home/anitadonato/tcc/tcc/data/known_faces/luan/20260602_211820.jpg,/home/anitadonato/tcc/tcc/data/known_faces/luan/20260602_211923.jpg,0.6782943110522277,1
/home/anitadonato/tcc/tcc/data/known_faces/luan/20260602_211820.jpg,/home/anitadonato/tcc/tcc/data/known_faces/luan/20260602_212013.jpg,0.7041992906885999,1
/home/anitadonato/tcc/tcc/data/known_faces/luan/20260602_211820.jpg,/home/anitadonato/tcc/tcc/data/known_faces/luan/20260602_212016.jpg,0.6935886929901837,1
/home/anitadonato/tcc/tcc/data/known_faces/luan/20260602_211820.jpg,/home/anitadonato/tcc/tcc/data/known_faces/luan/20260602_212019.jpg,0.7808272097190437,1
/home/anitadonato/tcc/tcc/data/known_faces/luan/20260602_211820.jpg,/home/anitadonato/tcc/tcc/data/known_faces/luan/20260602_212022.jpg,0.7218627638393932,1
/home/anitadonato/tcc/tcc/data/known_faces/luan/20260602_211820.jpg,/home/anitadonato/tcc/tcc/data/known_faces/luan/20260602_212025.jpg,0.7738153343830438,1
/home/anitadonato/tcc/tcc/data/known_faces/luan/20260602_211820.jpg,/home/anitadonato/tcc/tcc/data/known_faces/luan/20260602_212030.jpg,0.7528258191668303,1
/home/anitadonato/tcc/tcc/data/known_faces/luan/20260602_211820.jpg,/home/anitadonato/tcc/tcc/data/known_faces/luan/20260602_212032.jpg,0.7015149012760522,1
/home/anitadonato/tcc/tcc/data/known_faces/luan/20260602_211820.jpg,/home/anitadonato/tcc/tcc/data/known_faces/luan/20260602_212035.jpg,0.6893817667358632,1
/home/anitadonato/tcc/tcc/data/known_faces/luan/20260602_211823.jpg,/home/anitadonato/tcc/tcc/data/known_faces/luan/20260602_211826.jpg,0.3763501408313311,1
/home/anitadonato/tcc/tcc/data/known_faces/luan/20260602_211823.jpg,/home/anitadonato/tcc/tcc/data/known_faces/luan/20260602_211836.jpg,0.5308337782977175,1
/home/anitadonato/tcc/tcc/data/known_faces/luan/20260602_211823.jpg,/home/anitadonato/tcc/tcc/data/known_faces/luan/20260602_211837.jpg,0.4502747332664483,1
/home/anitadonato/tcc/tcc/data/known_faces/luan/20260602_211823.jpg,/home/anitadonato/tcc/tcc/data/known_faces/luan/20260602_211845.jpg,0.3665090825186049,1
/home/anitadonato/tcc/tcc/data/known_faces/luan/20260602_211823.jpg,/home/anitadonato/tcc/tcc/data/known_faces/luan/20260602_211913.jpg,0.35727466073301606,1
/home/anitadonato/tcc/tcc/data/known_faces/luan/20260602_211823.jpg,/home/anitadonato/tcc/tcc/data/known_faces/luan/20260602_211917.jpg,0.4593951992424953,1
/home/anitadonato/tcc/tcc/data/known_faces/luan/20260602_211823.jpg,/home/anitadonato/tcc/tcc/data/known_faces/luan/20260602_211920.jpg,0.3483137072917969,1
/home/anitadonato/tcc/tcc/data/known_faces/luan/20260602_211823.jpg,/home/anitadonato/tcc/tcc/data/known_faces/luan/20260602_211923.jpg,0.34833880670465833,1
/home/anitadonato/tcc/tcc/data/known_faces/luan/20260602_211823.jpg,/home/anitadonato/tcc/tcc/data/known_faces/luan/20260602_212013.jpg,0.31002409602982905,1
/home/anitadonato/tcc/tcc/data/known_faces/luan/20260602_211823.jpg,/home/anitadonato/tcc/tcc/data/known_faces/luan/20260602_212016.jpg,0.27877997532157306,1
/home/anitadonato/tcc/tcc/data/known_faces/luan/20260602_211823.jpg,/home/anitadonato/tcc/tcc/data/known_faces/luan/20260602_212019.jpg,0.6019528825240738,1
/home/anitadonato/tcc/tcc/data/known_faces/luan/20260602_211823.jpg,/home/anitadonato/tcc/tcc/data/known_faces/luan/20260602_212022.jpg,0.36286818649879093,1
/home/anitadonato/tcc/tcc/data/known_faces/luan/20260602_211823.jpg,/home/anitadonato/tcc/tcc/data/known_faces/luan/20260602_212025.jpg,0.46574801553650325,1
/home/anitadonato/tcc/tcc/data/known_faces/luan/20260602_211823.jpg,/home/anitadonato/tcc/tcc/data/known_faces/luan/20260602_212030.jpg,0.6317940636460013,1
/home/anitadonato/tcc/tcc/data/known_faces/luan/20260602_211823.jpg,/home/anitadonato/tcc/tcc/data/known_faces/luan/20260602_212032.jpg,0.30193758282381067,1
/home/anitadonato/tcc/tcc/data/known_faces/luan/20260602_211823.jpg,/home/anitadonato/tcc/tcc/data/known_faces/luan/20260602_212035.jpg,0.29091252764455366,1
/home/anitadonato/tcc/tcc/data/known_faces/luan/20260602_211826.jpg,/home/anitadonato/tcc/tcc/data/known_faces/luan/20260602_211836.jpg,0.5920264178260632,1
/home/anitadonato/tcc/tcc/data/known_faces/luan/20260602_211826.jpg,/home/anitadonato/tcc/tcc/data/known_faces/luan/20260602_211837.jpg,0.4856876821008812,1
/home/anitadonato/tcc/tcc/data/known_faces/luan/20260602_211826.jpg,/home/anitadonato/tcc/tcc/data/known_faces/luan/20260602_211845.jpg,0.4069691663241949,1
/home/anitadonato/tcc/tcc/data/known_faces/luan/20260602_211826.jpg,/home/anitadonato/tcc/tcc/data/known_faces/luan/20260602_211913.jpg,0.47127025790905785,1
/home/anitadonato/tcc/tcc/data/known_faces/luan/20260602_211826.jpg,/home/anitadonato/tcc/tcc/data/known_faces/luan/20260602_211917.jpg,0.5461900932613009,1
/home/anitadonato/tcc/tcc/data/known_faces/luan/20260602_211826.jpg,/home/anitadonato/tcc/tcc/data/known_faces/luan/20260602_211920.jpg,0.38048201201874776,1
/home/anitadonato/tcc/tcc/data/known_faces/luan/20260602_211826.jpg,/home/anitadonato/tcc/tcc/data/known_faces/luan/20260602_211923.jpg,0.4587160059816998,1
/home/anitadonato/tcc/tcc/data/known_faces/luan/20260602_211826.jpg,/home/anitadonato/tcc/tcc/data/known_faces/luan/20260602_212013.jpg,0.39484953658207567,1
/home/anitadonato/tcc/tcc/data/known_faces/luan/20260602_211826.jpg,/home/anitadonato/tcc/tcc/data/known_faces/luan/20260602_212016.jpg,0.38111105074733087,1
/home/anitadonato/tcc/tcc/data/known_faces/luan/20260602_211826.jpg,/home/anitadonato/tcc/tcc/data/known_faces/luan/20260602_212019.jpg,0.6891494504366551,1
/home/anitadonato/tcc/tcc/data/known_faces/luan/20260602_211826.jpg,/home/anitadonato/tcc/tcc/data/known_faces/luan/20260602_212022.jpg,0.4060829610260899,1
/home/anitadonato/tcc/tcc/data/known_faces/luan/20260602_211826.jpg,/home/anitadonato/tcc/tcc/data/known_faces/luan/20260602_212025.jpg,0.49826326968002554,1
/home/anitadonato/tcc/tcc/data/known_faces/luan/20260602_211826.jpg,/home/anitadonato/tcc/tcc/data/known_faces/luan/20260602_212030.jpg,0.7141742687089399,1
/home/anitadonato/tcc/tcc/data/known_faces/luan/20260602_211826.jpg,/home/anitadonato/tcc/tcc/data/known_faces/luan/20260602_212032.jpg,0.3745429690131715,1
/home/anitadonato/tcc/tcc/data/known_faces/luan/20260602_211826.jpg,/home/anitadonato/tcc/tcc/data/known_faces/luan/20260602_212035.jpg,0.3291299066903788,1
/home/anitadonato/tcc/tcc/data/known_faces/luan/20260602_211836.jpg,/home/anitadonato/tcc/tcc/data/known_faces/luan/20260602_211837.jpg,0.1408111788428863,1
/home/anitadonato/tcc/tcc/data/known_faces/luan/20260602_211836.jpg,/home/anitadonato/tcc/tcc/data/known_faces/luan/20260602_211845.jpg,0.7148320336641637,1
/home/anitadonato/tcc/tcc/data/known_faces/luan/20260602_211836.jpg,/home/anitadonato/tcc/tcc/data/known_faces/luan/20260602_211913.jpg,0.7114012137922074,1
/home/anitadonato/tcc/tcc/data/known_faces/luan/20260602_211836.jpg,/home/anitadonato/tcc/tcc/data/known_faces/luan/20260602_211917.jpg,0.7207151808834387,1
/home/anitadonato/tcc/tcc/data/known_faces/luan/20260602_211836.jpg,/home/anitadonato/tcc/tcc/data/known_faces/luan/20260602_211920.jpg,0.7317276527325298,1
/home/anitadonato/tcc/tcc/data/known_faces/luan/20260602_211836.jpg,/home/anitadonato/tcc/tcc/data/known_faces/luan/20260602_211923.jpg,0.6881577147644179,1
/home/anitadonato/tcc/tcc/data/known_faces/luan/20260602_211836.jpg,/home/anitadonato/tcc/tcc/data/known_faces/luan/20260602_212013.jpg,0.6962562757584181,1
/home/anitadonato/tcc/tcc/data/known_faces/luan/20260602_211836.jpg,/home/anitadonato/tcc/tcc/data/known_faces/luan/20260602_212016.jpg,0.7313619425802798,1
/home/anitadonato/tcc/tcc/data/known_faces/luan/20260602_211836.jpg,/home/anitadonato/tcc/tcc/data/known_faces/luan/20260602_212019.jpg,0.7677262473341201,1
/home/anitadonato/tcc/tcc/data/known_faces/luan/20260602_211836.jpg,/home/anitadonato/tcc/tcc/data/known_faces/luan/20260602_212022.jpg,0.7530151921103865,1
/home/anitadonato/tcc/tcc/data/known_faces/luan/20260602_211836.jpg,/home/anitadonato/tcc/tcc/data/known_faces/luan/20260602_212025.jpg,0.7547266773864583,1
/home/anitadonato/tcc/tcc/data/known_faces/luan/20260602_211836.jpg,/home/anitadonato/tcc/tcc/data/known_faces/luan/20260602_212030.jpg,0.7104943495035321,1
/home/anitadonato/tcc/tcc/data/known_faces/luan/20260602_211836.jpg,/home/anitadonato/tcc/tcc/data/known_faces/luan/20260602_212032.jpg,0.7182637232835992,1
/home/anitadonato/tcc/tcc/data/known_faces/luan/20260602_211836.jpg,/home/anitadonato/tcc/tcc/data/known_faces/luan/20260602_212035.jpg,0.7107374534608932,1
/home/anitadonato/tcc/tcc/data/known_faces/luan/20260602_211837.jpg,/home/anitadonato/tcc/tcc/data/known_faces/luan/20260602_211845.jpg,0.5883011010600526,1
/home/anitadonato/tcc/tcc/data/known_faces/luan/20260602_211837.jpg,/home/anitadonato/tcc/tcc/data/known_faces/luan/20260602_211913.jpg,0.5834978914022473,1
/home/anitadonato/tcc/tcc/data/known_faces/luan/20260602_211837.jpg,/home/anitadonato/tcc/tcc/data/known_faces/luan/20260602_211917.jpg,0.5862466960771953,1
/home/anitadonato/tcc/tcc/data/known_faces/luan/20260602_211837.jpg,/home/anitadonato/tcc/tcc/data/known_faces/luan/20260602_211920.jpg,0.596817221747075,1
/home/anitadonato/tcc/tcc/data/known_faces/luan/20260602_211837.jpg,/home/anitadonato/tcc/tcc/data/known_faces/luan/20260602_211923.jpg,0.5581275198302293,1
/home/anitadonato/tcc/tcc/data/known_faces/luan/20260602_211837.jpg,/home/anitadonato/tcc/tcc/data/known_faces/luan/20260602_212013.jpg,0.5647214576872075,1
/home/anitadonato/tcc/tcc/data/known_faces/luan/20260602_211837.jpg,/home/anitadonato/tcc/tcc/data/known_faces/luan/20260602_212016.jpg,0.6123264828004152,1
/home/anitadonato/tcc/tcc/data/known_faces/luan/20260602_211837.jpg,/home/anitadonato/tcc/tcc/data/known_faces/luan/20260602_212019.jpg,0.6522136081372484,1
/home/anitadonato/tcc/tcc/data/known_faces/luan/20260602_211837.jpg,/home/anitadonato/tcc/tcc/data/known_faces/luan/20260602_212022.jpg,0.6358737576342433,1
/home/anitadonato/tcc/tcc/data/known_faces/luan/20260602_211837.jpg,/home/anitadonato/tcc/tcc/data/known_faces/luan/20260602_212025.jpg,0.5826420254192541,1
/home/anitadonato/tcc/tcc/data/known_faces/luan/20260602_211837.jpg,/home/anitadonato/tcc/tcc/data/known_faces/luan/20260602_212030.jpg,0.5942266832329635,1
/home/anitadonato/tcc/tcc/data/known_faces/luan/20260602_211837.jpg,/home/anitadonato/tcc/tcc/data/known_faces/luan/20260602_212032.jpg,0.5602526001963064,1
/home/anitadonato/tcc/tcc/data/known_faces/luan/20260602_211837.jpg,/home/anitadonato/tcc/tcc/data/known_faces/luan/20260602_212035.jpg,0.5725255279539627,1
/home/anitadonato/tcc/tcc/data/known_faces/luan/20260602_211845.jpg,/home/anitadonato/tcc/tcc/data/known_faces/luan/20260602_211913.jpg,0.20856145586150365,1
/home/anitadonato/tcc/tcc/data/known_faces/luan/20260602_211845.jpg,/home/anitadonato/tcc/tcc/data/known_faces/luan/20260602_211917.jpg,0.38893959685067747,1
/home/anitadonato/tcc/tcc/data/known_faces/luan/20260602_211845.jpg,/home/anitadonato/tcc/tcc/data/known_faces/luan/20260602_211920.jpg,0.26288552074720006,1
/home/anitadonato/tcc/tcc/data/known_faces/luan/20260602_211845.jpg,/home/anitadonato/tcc/tcc/data/known_faces/luan/20260602_211923.jpg,0.25735942106510956,1
/home/anitadonato/tcc/tcc/data/known_faces/luan/20260602_211845.jpg,/home/anitadonato/tcc/tcc/data/known_faces/luan/20260602_212013.jpg,0.2528056081591643,1
/home/anitadonato/tcc/tcc/data/known_faces/luan/20260602_211845.jpg,/home/anitadonato/tcc/tcc/data/known_faces/luan/20260602_212016.jpg,0.36948144780202363,1
/home/anitadonato/tcc/tcc/data/known_faces/luan/20260602_211845.jpg,/home/anitadonato/tcc/tcc/data/known_faces/luan/20260602_212019.jpg,0.5294313347617443,1
/home/anitadonato/tcc/tcc/data/known_faces/luan/20260602_211845.jpg,/home/anitadonato/tcc/tcc/data/known_faces/luan/20260602_212022.jpg,0.2993031297224109,1
/home/anitadonato/tcc/tcc/data/known_faces/luan/20260602_211845.jpg,/home/anitadonato/tcc/tcc/data/known_faces/luan/20260602_212025.jpg,0.27797624030124357,1
/home/anitadonato/tcc/tcc/data/known_faces/luan/20260602_211845.jpg,/home/anitadonato/tcc/tcc/data/known_faces/luan/20260602_212030.jpg,0.5897960001253874,1
/home/anitadonato/tcc/tcc/data/known_faces/luan/20260602_211845.jpg,/home/anitadonato/tcc/tcc/data/known_faces/luan/20260602_212032.jpg,0.24736479516080168,1
/home/anitadonato/tcc/tcc/data/known_faces/luan/20260602_211845.jpg,/home/anitadonato/tcc/tcc/data/known_faces/luan/20260602_212035.jpg,0.2553417633338386,1
/home/anitadonato/tcc/tcc/data/known_faces/luan/20260602_211913.jpg,/home/anitadonato/tcc/tcc/data/known_faces/luan/20260602_211917.jpg,0.3759867554060482,1
/home/anitadonato/tcc/tcc/data/known_faces/luan/20260602_211913.jpg,/home/anitadonato/tcc/tcc/data/known_faces/luan/20260602_211920.jpg,0.1510250721806714,1
/home/anitadonato/tcc/tcc/data/known_faces/luan/20260602_211913.jpg,/home/anitadonato/tcc/tcc/data/known_faces/luan/20260602_211923.jpg,0.03918458410966563,1
/home/anitadonato/tcc/tcc/data/known_faces/luan/20260602_211913.jpg,/home/anitadonato/tcc/tcc/data/known_faces/luan/20260602_212013.jpg,0.17230311854803437,1
/home/anitadonato/tcc/tcc/data/known_faces/luan/20260602_211913.jpg,/home/anitadonato/tcc/tcc/data/known_faces/luan/20260602_212016.jpg,0.3198536336427795,1
/home/anitadonato/tcc/tcc/data/known_faces/luan/20260602_211913.jpg,/home/anitadonato/tcc/tcc/data/known_faces/luan/20260602_212019.jpg,0.5459298165367323,1
/home/anitadonato/tcc/tcc/data/known_faces/luan/20260602_211913.jpg,/home/anitadonato/tcc/tcc/data/known_faces/luan/20260602_212022.jpg,0.23378699569797878,1
/home/anitadonato/tcc/tcc/data/known_faces/luan/20260602_211913.jpg,/home/anitadonato/tcc/tcc/data/known_faces/luan/20260602_212025.jpg,0.19551809806031195,1
/home/anitadonato/tcc/tcc/data/known_faces/luan/20260602_211913.jpg,/home/anitadonato/tcc/tcc/data/known_faces/luan/20260602_212030.jpg,0.6288097854690142,1
/home/anitadonato/tcc/tcc/data/known_faces/luan/20260602_211913.jpg,/home/anitadonato/tcc/tcc/data/known_faces/luan/20260602_212032.jpg,0.1838441737722074,1
/home/anitadonato/tcc/tcc/data/known_faces/luan/20260602_211913.jpg,/home/anitadonato/tcc/tcc/data/known_faces/luan/20260602_212035.jpg,0.19571049594732692,1
/home/anitadonato/tcc/tcc/data/known_faces/luan/20260602_211917.jpg,/home/anitadonato/tcc/tcc/data/known_faces/luan/20260602_211920.jpg,0.33147050313521753,1
/home/anitadonato/tcc/tcc/data/known_faces/luan/20260602_211917.jpg,/home/anitadonato/tcc/tcc/data/known_faces/luan/20260602_211923.jpg,0.4048194628485545,1
/home/anitadonato/tcc/tcc/data/known_faces/luan/20260602_211917.jpg,/home/anitadonato/tcc/tcc/data/known_faces/luan/20260602_212013.jpg,0.31295950151107155,1
/home/anitadonato/tcc/tcc/data/known_faces/luan/20260602_211917.jpg,/home/anitadonato/tcc/tcc/data/known_faces/luan/20260602_212016.jpg,0.3185646506996104,1
/home/anitadonato/tcc/tcc/data/known_faces/luan/20260602_211917.jpg,/home/anitadonato/tcc/tcc/data/known_faces/luan/20260602_212019.jpg,0.33105840798716535,1
/home/anitadonato/tcc/tcc/data/known_faces/luan/20260602_211917.jpg,/home/anitadonato/tcc/tcc/data/known_faces/luan/20260602_212022.jpg,0.29385452810576485,1
/home/anitadonato/tcc/tcc/data/known_faces/luan/20260602_211917.jpg,/home/anitadonato/tcc/tcc/data/known_faces/luan/20260602_212025.jpg,0.33488148038108034,1
/home/anitadonato/tcc/tcc/data/known_faces/luan/20260602_211917.jpg,/home/anitadonato/tcc/tcc/data/known_faces/luan/20260602_212030.jpg,0.4471692195669179,1
/home/anitadonato/tcc/tcc/data/known_faces/luan/20260602_211917.jpg,/home/anitadonato/tcc/tcc/data/known_faces/luan/20260602_212032.jpg,0.27410804223268936,1
/home/anitadonato/tcc/tcc/data/known_faces/luan/20260602_211917.jpg,/home/anitadonato/tcc/tcc/data/known_faces/luan/20260602_212035.jpg,0.31716367466649853,1
/home/anitadonato/tcc/tcc/data/known_faces/luan/20260602_211920.jpg,/home/anitadonato/tcc/tcc/data/known_faces/luan/20260602_211923.jpg,0.14451403626838588,1
/home/anitadonato/tcc/tcc/data/known_faces/luan/20260602_211920.jpg,/home/anitadonato/tcc/tcc/data/known_faces/luan/20260602_212013.jpg,0.10136760384333676,1
/home/anitadonato/tcc/tcc/data/known_faces/luan/20260602_211920.jpg,/home/anitadonato/tcc/tcc/data/known_faces/luan/20260602_212016.jpg,0.17819135572066191,1
/home/anitadonato/tcc/tcc/data/known_faces/luan/20260602_211920.jpg,/home/anitadonato/tcc/tcc/data/known_faces/luan/20260602_212019.jpg,0.5310263764086454,1
/home/anitadonato/tcc/tcc/data/known_faces/luan/20260602_211920.jpg,/home/anitadonato/tcc/tcc/data/known_faces/luan/20260602_212022.jpg,0.16180629673151692,1
/home/anitadonato/tcc/tcc/data/known_faces/luan/20260602_211920.jpg,/home/anitadonato/tcc/tcc/data/known_faces/luan/20260602_212025.jpg,0.2405349157225124,1
/home/anitadonato/tcc/tcc/data/known_faces/luan/20260602_211920.jpg,/home/anitadonato/tcc/tcc/data/known_faces/luan/20260602_212030.jpg,0.5911069728379893,1
/home/anitadonato/tcc/tcc/data/known_faces/luan/20260602_211920.jpg,/home/anitadonato/tcc/tcc/data/known_faces/luan/20260602_212032.jpg,0.11890438430492567,1
/home/anitadonato/tcc/tcc/data/known_faces/luan/20260602_211920.jpg,/home/anitadonato/tcc/tcc/data/known_faces/luan/20260602_212035.jpg,0.11246467605410448,1
/home/anitadonato/tcc/tcc/data/known_faces/luan/20260602_211923.jpg,/home/anitadonato/tcc/tcc/data/known_faces/luan/20260602_212013.jpg,0.1759174788162713,1
/home/anitadonato/tcc/tcc/data/known_faces/luan/20260602_211923.jpg,/home/anitadonato/tcc/tcc/data/known_faces/luan/20260602_212016.jpg,0.3251698576679013,1
/home/anitadonato/tcc/tcc/data/known_faces/luan/20260602_211923.jpg,/home/anitadonato/tcc/tcc/data/known_faces/luan/20260602_212019.jpg,0.5707976980134767,1
/home/anitadonato/tcc/tcc/data/known_faces/luan/20260602_211923.jpg,/home/anitadonato/tcc/tcc/data/known_faces/luan/20260602_212022.jpg,0.25034184309170904,1
/home/anitadonato/tcc/tcc/data/known_faces/luan/20260602_211923.jpg,/home/anitadonato/tcc/tcc/data/known_faces/luan/20260602_212025.jpg,0.24219557095070487,1
/home/anitadonato/tcc/tcc/data/known_faces/luan/20260602_211923.jpg,/home/anitadonato/tcc/tcc/data/known_faces/luan/20260602_212030.jpg,0.6270886187929435,1
/home/anitadonato/tcc/tcc/data/known_faces/luan/20260602_211923.jpg,/home/anitadonato/tcc/tcc/data/known_faces/luan/20260602_212032.jpg,0.21839029160594126,1
/home/anitadonato/tcc/tcc/data/known_faces/luan/20260602_211923.jpg,/home/anitadonato/tcc/tcc/data/known_faces/luan/20260602_212035.jpg,0.21882551405639872,1
/home/anitadonato/tcc/tcc/data/known_faces/luan/20260602_212013.jpg,/home/anitadonato/tcc/tcc/data/known_faces/luan/20260602_212016.jpg,0.18169722374940545,1
/home/anitadonato/tcc/tcc/data/known_faces/luan/20260602_212013.jpg,/home/anitadonato/tcc/tcc/data/known_faces/luan/20260602_212019.jpg,0.513915799429327,1
/home/anitadonato/tcc/tcc/data/known_faces/luan/20260602_212013.jpg,/home/anitadonato/tcc/tcc/data/known_faces/luan/20260602_212022.jpg,0.11630538851177019,1
/home/anitadonato/tcc/tcc/data/known_faces/luan/20260602_212013.jpg,/home/anitadonato/tcc/tcc/data/known_faces/luan/20260602_212025.jpg,0.1873785014917344,1
/home/anitadonato/tcc/tcc/data/known_faces/luan/20260602_212013.jpg,/home/anitadonato/tcc/tcc/data/known_faces/luan/20260602_212030.jpg,0.5605409349075372,1
/home/anitadonato/tcc/tcc/data/known_faces/luan/20260602_212013.jpg,/home/anitadonato/tcc/tcc/data/known_faces/luan/20260602_212032.jpg,0.11182480935816685,1
/home/anitadonato/tcc/tcc/data/known_faces/luan/20260602_212013.jpg,/home/anitadonato/tcc/tcc/data/known_faces/luan/20260602_212035.jpg,0.12009436990951106,1
/home/anitadonato/tcc/tcc/data/known_faces/luan/20260602_212016.jpg,/home/anitadonato/tcc/tcc/data/known_faces/luan/20260602_212019.jpg,0.5225111136727362,1
/home/anitadonato/tcc/tcc/data/known_faces/luan/20260602_212016.jpg,/home/anitadonato/tcc/tcc/data/known_faces/luan/20260602_212022.jpg,0.14673574501343034,1
/home/anitadonato/tcc/tcc/data/known_faces/luan/20260602_212016.jpg,/home/anitadonato/tcc/tcc/data/known_faces/luan/20260602_212025.jpg,0.33968470604285494,1
/home/anitadonato/tcc/tcc/data/known_faces/luan/20260602_212016.jpg,/home/anitadonato/tcc/tcc/data/known_faces/luan/20260602_212030.jpg,0.5866520011079792,1
/home/anitadonato/tcc/tcc/data/known_faces/luan/20260602_212016.jpg,/home/anitadonato/tcc/tcc/data/known_faces/luan/20260602_212032.jpg,0.1000147183771749,1
/home/anitadonato/tcc/tcc/data/known_faces/luan/20260602_212016.jpg,/home/anitadonato/tcc/tcc/data/known_faces/luan/20260602_212035.jpg,0.10484471638812953,1
/home/anitadonato/tcc/tcc/data/known_faces/luan/20260602_212019.jpg,/home/anitadonato/tcc/tcc/data/known_faces/luan/20260602_212022.jpg,0.5527534460591902,1
/home/anitadonato/tcc/tcc/data/known_faces/luan/20260602_212019.jpg,/home/anitadonato/tcc/tcc/data/known_faces/luan/20260602_212025.jpg,0.39382175690299326,1
/home/anitadonato/tcc/tcc/data/known_faces/luan/20260602_212019.jpg,/home/anitadonato/tcc/tcc/data/known_faces/luan/20260602_212030.jpg,0.2200315266363907,1
/home/anitadonato/tcc/tcc/data/known_faces/luan/20260602_212019.jpg,/home/anitadonato/tcc/tcc/data/known_faces/luan/20260602_212032.jpg,0.4884608505994632,1
/home/anitadonato/tcc/tcc/data/known_faces/luan/20260602_212019.jpg,/home/anitadonato/tcc/tcc/data/known_faces/luan/20260602_212035.jpg,0.555110132070292,1
/home/anitadonato/tcc/tcc/data/known_faces/luan/20260602_212022.jpg,/home/anitadonato/tcc/tcc/data/known_faces/luan/20260602_212025.jpg,0.2583347778983893,1
/home/anitadonato/tcc/tcc/data/known_faces/luan/20260602_212022.jpg,/home/anitadonato/tcc/tcc/data/known_faces/luan/20260602_212030.jpg,0.5802104739730671,1
/home/anitadonato/tcc/tcc/data/known_faces/luan/20260602_212022.jpg,/home/anitadonato/tcc/tcc/data/known_faces/luan/20260602_212032.jpg,0.07470928233240848,1
/home/anitadonato/tcc/tcc/data/known_faces/luan/20260602_212022.jpg,/home/anitadonato/tcc/tcc/data/known_faces/luan/20260602_212035.jpg,0.07952785492975734,1
/home/anitadonato/tcc/tcc/data/known_faces/luan/20260602_212025.jpg,/home/anitadonato/tcc/tcc/data/known_faces/luan/20260602_212030.jpg,0.50312253250921,1
/home/anitadonato/tcc/tcc/data/known_faces/luan/20260602_212025.jpg,/home/anitadonato/tcc/tcc/data/known_faces/luan/20260602_212032.jpg,0.21000322391086923,1
/home/anitadonato/tcc/tcc/data/known_faces/luan/20260602_212025.jpg,/home/anitadonato/tcc/tcc/data/known_faces/luan/20260602_212035.jpg,0.2676156849675234,1
/home/anitadonato/tcc/tcc/data/known_faces/luan/20260602_212030.jpg,/home/anitadonato/tcc/tcc/data/known_faces/luan/20260602_212032.jpg,0.5623704039674158,1
/home/anitadonato/tcc/tcc/data/known_faces/luan/20260602_212030.jpg,/home/anitadonato/tcc/tcc/data/known_faces/luan/20260602_212035.jpg,0.6144298716322161,1
/home/anitadonato/tcc/tcc/data/known_faces/luan/20260602_212032.jpg,/home/anitadonato/tcc/tcc/data/known_faces/luan/20260602_212035.jpg,0.02705546920711921,1
/home/anitadonato/tcc/tcc/data/known_faces/willa/20260602_212418.jpg,/home/anitadonato/tcc/tcc/data/known_faces/willa/20260602_212431.jpg,0.6500996224931612,1
/home/anitadonato/tcc/tcc/data/known_faces/willa/20260602_212418.jpg,/home/anitadonato/tcc/tcc/data/known_faces/willa/20260602_212507.jpg,0.5607429166163473,1
/home/anitadonato/tcc/tcc/data/known_faces/willa/20260602_212418.jpg,/home/anitadonato/tcc/tcc/data/known_faces/willa/20260602_212511.jpg,0.5297880674595441,1
/home/anitadonato/tcc/tcc/data/known_faces/willa/20260602_212418.jpg,/home/anitadonato/tcc/tcc/data/known_faces/willa/20260602_212513.jpg,0.5683946609573443,1
/home/anitadonato/tcc/tcc/data/known_faces/willa/20260602_212418.jpg,/home/anitadonato/tcc/tcc/data/known_faces/willa/20260602_212521.jpg,0.4534933243069085,1
/home/anitadonato/tcc/tcc/data/known_faces/willa/20260602_212418.jpg,/home/anitadonato/tcc/tcc/data/known_faces/willa/willa_baixa_45_30cm.jpg,0.5242371325317807,1
/home/anitadonato/tcc/tcc/data/known_faces/willa/20260602_212418.jpg,/home/anitadonato/tcc/tcc/data/known_faces/willa/willa_baixa_frontal_30cm.jpg,0.5694381068279892,1
/home/anitadonato/tcc/tcc/data/known_faces/willa/20260602_212418.jpg,/home/anitadonato/tcc/tcc/data/known_faces/willa/willa_boa_45_30cm.jpg,0.3939157317223063,1
/home/anitadonato/tcc/tcc/data/known_faces/willa/20260602_212418.jpg,/home/anitadonato/tcc/tcc/data/known_faces/willa/willa_extra_02.jpg,0.4951471721462751,1
/home/anitadonato/tcc/tcc/data/known_faces/willa/20260602_212418.jpg,/home/anitadonato/tcc/tcc/data/known_faces/willa/willa_extra_03.jpg,0.40384121990678046,1
/home/anitadonato/tcc/tcc/data/known_faces/willa/20260602_212418.jpg,/home/anitadonato/tcc/tcc/data/known_faces/willa/willa_extra_04.jpg,0.629092405162933,1
/home/anitadonato/tcc/tcc/data/known_faces/willa/20260602_212418.jpg,/home/anitadonato/tcc/tcc/data/known_faces/willa/willa_extra_05.jpg,0.44024336444852874,1
/home/anitadonato/tcc/tcc/data/known_faces/willa/20260602_212418.jpg,/home/anitadonato/tcc/tcc/data/known_faces/willa/willa_extra_06.jpg,0.5503012434949919,1
/home/anitadonato/tcc/tcc/data/known_faces/willa/20260602_212418.jpg,/home/anitadonato/tcc/tcc/data/known_faces/willa/willa_extra_07.jpg,0.7322791466591823,1
/home/anitadonato/tcc/tcc/data/known_faces/willa/20260602_212418.jpg,/home/anitadonato/tcc/tcc/data/known_faces/willa/willa_extra_08.jpg,0.7345667689609705,1
/home/anitadonato/tcc/tcc/data/known_faces/willa/20260602_212418.jpg,/home/anitadonato/tcc/tcc/data/known_faces/willa/willa_extra_09.jpg,0.40599228006499244,1
/home/anitadonato/tcc/tcc/data/known_faces/willa/20260602_212418.jpg,/home/anitadonato/tcc/tcc/data/known_faces/willa/willa_moderada_45_30cm.jpg,0.5130072031144843,1
/home/anitadonato/tcc/tcc/data/known_faces/willa/20260602_212418.jpg,/home/anitadonato/tcc/tcc/data/known_faces/willa/willa_moderada_frontal_30cm.jpg,0.5775882428175341,1
/home/anitadonato/tcc/tcc/data/known_faces/willa/20260602_212431.jpg,/home/anitadonato/tcc/tcc/data/known_faces/willa/20260602_212507.jpg,0.6729725254124941,1
/home/anitadonato/tcc/tcc/data/known_faces/willa/20260602_212431.jpg,/home/anitadonato/tcc/tcc/data/known_faces/willa/20260602_212511.jpg,0.5447011360839411,1
/home/anitadonato/tcc/tcc/data/known_faces/willa/20260602_212431.jpg,/home/anitadonato/tcc/tcc/data/known_faces/willa/20260602_212513.jpg,0.5341073340954443,1
/home/anitadonato/tcc/tcc/data/known_faces/willa/20260602_212431.jpg,/home/anitadonato/tcc/tcc/data/known_faces/willa/20260602_212521.jpg,0.5491833815476059,1
/home/anitadonato/tcc/tcc/data/known_faces/willa/20260602_212431.jpg,/home/anitadonato/tcc/tcc/data/known_faces/willa/willa_baixa_45_30cm.jpg,0.5327641824681854,1
/home/anitadonato/tcc/tcc/data/known_faces/willa/20260602_212431.jpg,/home/anitadonato/tcc/tcc/data/known_faces/willa/willa_baixa_frontal_30cm.jpg,0.3830382831085052,1
/home/anitadonato/tcc/tcc/data/known_faces/willa/20260602_212431.jpg,/home/anitadonato/tcc/tcc/data/known_faces/willa/willa_boa_45_30cm.jpg,0.5968549029423763,1
/home/anitadonato/tcc/tcc/data/known_faces/willa/20260602_212431.jpg,/home/anitadonato/tcc/tcc/data/known_faces/willa/willa_extra_02.jpg,0.30377634685733823,1
/home/anitadonato/tcc/tcc/data/known_faces/willa/20260602_212431.jpg,/home/anitadonato/tcc/tcc/data/known_faces/willa/willa_extra_03.jpg,0.4913793116132924,1
/home/anitadonato/tcc/tcc/data/known_faces/willa/20260602_212431.jpg,/home/anitadonato/tcc/tcc/data/known_faces/willa/willa_extra_04.jpg,0.06867359766979086,1
/home/anitadonato/tcc/tcc/data/known_faces/willa/20260602_212431.jpg,/home/anitadonato/tcc/tcc/data/known_faces/willa/willa_extra_05.jpg,0.4383585721935538,1
/home/anitadonato/tcc/tcc/data/known_faces/willa/20260602_212431.jpg,/home/anitadonato/tcc/tcc/data/known_faces/willa/willa_extra_06.jpg,0.2669960268216127,1
/home/anitadonato/tcc/tcc/data/known_faces/willa/20260602_212431.jpg,/home/anitadonato/tcc/tcc/data/known_faces/willa/willa_extra_07.jpg,0.21715675122469458,1
/home/anitadonato/tcc/tcc/data/known_faces/willa/20260602_212431.jpg,/home/anitadonato/tcc/tcc/data/known_faces/willa/willa_extra_08.jpg,0.2031273979798598,1
/home/anitadonato/tcc/tcc/data/known_faces/willa/20260602_212431.jpg,/home/anitadonato/tcc/tcc/data/known_faces/willa/willa_extra_09.jpg,0.4432673178065524,1
/home/anitadonato/tcc/tcc/data/known_faces/willa/20260602_212431.jpg,/home/anitadonato/tcc/tcc/data/known_faces/willa/willa_moderada_45_30cm.jpg,0.673202139993386,1
/home/anitadonato/tcc/tcc/data/known_faces/willa/20260602_212431.jpg,/home/anitadonato/tcc/tcc/data/known_faces/willa/willa_moderada_frontal_30cm.jpg,0.4996716681007801,1
/home/anitadonato/tcc/tcc/data/known_faces/willa/20260602_212507.jpg,/home/anitadonato/tcc/tcc/data/known_faces/willa/20260602_212511.jpg,0.37055290032080224,1
/home/anitadonato/tcc/tcc/data/known_faces/willa/20260602_212507.jpg,/home/anitadonato/tcc/tcc/data/known_faces/willa/20260602_212513.jpg,0.4136311094865214,1
/home/anitadonato/tcc/tcc/data/known_faces/willa/20260602_212507.jpg,/home/anitadonato/tcc/tcc/data/known_faces/willa/20260602_212521.jpg,0.5117879642646701,1
/home/anitadonato/tcc/tcc/data/known_faces/willa/20260602_212507.jpg,/home/anitadonato/tcc/tcc/data/known_faces/willa/willa_baixa_45_30cm.jpg,0.2798274051788925,1
/home/anitadonato/tcc/tcc/data/known_faces/willa/20260602_212507.jpg,/home/anitadonato/tcc/tcc/data/known_faces/willa/willa_baixa_frontal_30cm.jpg,0.48362808724066975,1
/home/anitadonato/tcc/tcc/data/known_faces/willa/20260602_212507.jpg,/home/anitadonato/tcc/tcc/data/known_faces/willa/willa_boa_45_30cm.jpg,0.47764315931998036,1
/home/anitadonato/tcc/tcc/data/known_faces/willa/20260602_212507.jpg,/home/anitadonato/tcc/tcc/data/known_faces/willa/willa_extra_02.jpg,0.5534831210284401,1
/home/anitadonato/tcc/tcc/data/known_faces/willa/20260602_212507.jpg,/home/anitadonato/tcc/tcc/data/known_faces/willa/willa_extra_03.jpg,0.5803504520698264,1
/home/anitadonato/tcc/tcc/data/known_faces/willa/20260602_212507.jpg,/home/anitadonato/tcc/tcc/data/known_faces/willa/willa_extra_04.jpg,0.6610372445780635,1
/home/anitadonato/tcc/tcc/data/known_faces/willa/20260602_212507.jpg,/home/anitadonato/tcc/tcc/data/known_faces/willa/willa_extra_05.jpg,0.5586475961714515,1
/home/anitadonato/tcc/tcc/data/known_faces/willa/20260602_212507.jpg,/home/anitadonato/tcc/tcc/data/known_faces/willa/willa_extra_06.jpg,0.6048779634136494,1
/home/anitadonato/tcc/tcc/data/known_faces/willa/20260602_212507.jpg,/home/anitadonato/tcc/tcc/data/known_faces/willa/willa_extra_07.jpg,0.6524138525815846,1
/home/anitadonato/tcc/tcc/data/known_faces/willa/20260602_212507.jpg,/home/anitadonato/tcc/tcc/data/known_faces/willa/willa_extra_08.jpg,0.6476940513729768,1
/home/anitadonato/tcc/tcc/data/known_faces/willa/20260602_212507.jpg,/home/anitadonato/tcc/tcc/data/known_faces/willa/willa_extra_09.jpg,0.5519076270154015,1
/home/anitadonato/tcc/tcc/data/known_faces/willa/20260602_212507.jpg,/home/anitadonato/tcc/tcc/data/known_faces/willa/willa_moderada_45_30cm.jpg,0.4846738528684452,1
/home/anitadonato/tcc/tcc/data/known_faces/willa/20260602_212507.jpg,/home/anitadonato/tcc/tcc/data/known_faces/willa/willa_moderada_frontal_30cm.jpg,0.3544718169967812,1
/home/anitadonato/tcc/tcc/data/known_faces/willa/20260602_212511.jpg,/home/anitadonato/tcc/tcc/data/known_faces/willa/20260602_212513.jpg,0.059654073460774004,1
/home/anitadonato/tcc/tcc/data/known_faces/willa/20260602_212511.jpg,/home/anitadonato/tcc/tcc/data/known_faces/willa/20260602_212521.jpg,0.23180072860523981,1
/home/anitadonato/tcc/tcc/data/known_faces/willa/20260602_212511.jpg,/home/anitadonato/tcc/tcc/data/known_faces/willa/willa_baixa_45_30cm.jpg,0.23371750515351808,1
/home/anitadonato/tcc/tcc/data/known_faces/willa/20260602_212511.jpg,/home/anitadonato/tcc/tcc/data/known_faces/willa/willa_baixa_frontal_30cm.jpg,0.2207780242690045,1
/home/anitadonato/tcc/tcc/data/known_faces/willa/20260602_212511.jpg,/home/anitadonato/tcc/tcc/data/known_faces/willa/willa_boa_45_30cm.jpg,0.41950659640468935,1
/home/anitadonato/tcc/tcc/data/known_faces/willa/20260602_212511.jpg,/home/anitadonato/tcc/tcc/data/known_faces/willa/willa_extra_02.jpg,0.3960152268021113,1
/home/anitadonato/tcc/tcc/data/known_faces/willa/20260602_212511.jpg,/home/anitadonato/tcc/tcc/data/known_faces/willa/willa_extra_03.jpg,0.436690332215133,1
/home/anitadonato/tcc/tcc/data/known_faces/willa/20260602_212511.jpg,/home/anitadonato/tcc/tcc/data/known_faces/willa/willa_extra_04.jpg,0.5321976125609337,1
/home/anitadonato/tcc/tcc/data/known_faces/willa/20260602_212511.jpg,/home/anitadonato/tcc/tcc/data/known_faces/willa/willa_extra_05.jpg,0.39672266949149715,1
/home/anitadonato/tcc/tcc/data/known_faces/willa/20260602_212511.jpg,/home/anitadonato/tcc/tcc/data/known_faces/willa/willa_extra_06.jpg,0.4820796259730883,1
/home/anitadonato/tcc/tcc/data/known_faces/willa/20260602_212511.jpg,/home/anitadonato/tcc/tcc/data/known_faces/willa/willa_extra_07.jpg,0.5481927682919572,1
/home/anitadonato/tcc/tcc/data/known_faces/willa/20260602_212511.jpg,/home/anitadonato/tcc/tcc/data/known_faces/willa/willa_extra_08.jpg,0.5049271822779362,1
/home/anitadonato/tcc/tcc/data/known_faces/willa/20260602_212511.jpg,/home/anitadonato/tcc/tcc/data/known_faces/willa/willa_extra_09.jpg,0.4196355000992088,1
/home/anitadonato/tcc/tcc/data/known_faces/willa/20260602_212511.jpg,/home/anitadonato/tcc/tcc/data/known_faces/willa/willa_moderada_45_30cm.jpg,0.20475817305562083,1
/home/anitadonato/tcc/tcc/data/known_faces/willa/20260602_212511.jpg,/home/anitadonato/tcc/tcc/data/known_faces/willa/willa_moderada_frontal_30cm.jpg,0.09326604093420832,1
/home/anitadonato/tcc/tcc/data/known_faces/willa/20260602_212513.jpg,/home/anitadonato/tcc/tcc/data/known_faces/willa/20260602_212521.jpg,0.29060134396959203,1
/home/anitadonato/tcc/tcc/data/known_faces/willa/20260602_212513.jpg,/home/anitadonato/tcc/tcc/data/known_faces/willa/willa_baixa_45_30cm.jpg,0.24491149470739537,1
/home/anitadonato/tcc/tcc/data/known_faces/willa/20260602_212513.jpg,/home/anitadonato/tcc/tcc/data/known_faces/willa/willa_baixa_frontal_30cm.jpg,0.2305355486457773,1
/home/anitadonato/tcc/tcc/data/known_faces/willa/20260602_212513.jpg,/home/anitadonato/tcc/tcc/data/known_faces/willa/willa_boa_45_30cm.jpg,0.4629995346468172,1
/home/anitadonato/tcc/tcc/data/known_faces/willa/20260602_212513.jpg,/home/anitadonato/tcc/tcc/data/known_faces/willa/willa_extra_02.jpg,0.3940517772899642,1
/home/anitadonato/tcc/tcc/data/known_faces/willa/20260602_212513.jpg,/home/anitadonato/tcc/tcc/data/known_faces/willa/willa_extra_03.jpg,0.48927633712931373,1
/home/anitadonato/tcc/tcc/data/known_faces/willa/20260602_212513.jpg,/home/anitadonato/tcc/tcc/data/known_faces/willa/willa_extra_04.jpg,0.5284794956691481,1
/home/anitadonato/tcc/tcc/data/known_faces/willa/20260602_212513.jpg,/home/anitadonato/tcc/tcc/data/known_faces/willa/willa_extra_05.jpg,0.4129440241503757,1
/home/anitadonato/tcc/tcc/data/known_faces/willa/20260602_212513.jpg,/home/anitadonato/tcc/tcc/data/known_faces/willa/willa_extra_06.jpg,0.5215948148766483,1
/home/anitadonato/tcc/tcc/data/known_faces/willa/20260602_212513.jpg,/home/anitadonato/tcc/tcc/data/known_faces/willa/willa_extra_07.jpg,0.5721263415576301,1
/home/anitadonato/tcc/tcc/data/known_faces/willa/20260602_212513.jpg,/home/anitadonato/tcc/tcc/data/known_faces/willa/willa_extra_08.jpg,0.5334138255356795,1
/home/anitadonato/tcc/tcc/data/known_faces/willa/20260602_212513.jpg,/home/anitadonato/tcc/tcc/data/known_faces/willa/willa_extra_09.jpg,0.43143433021393096,1
/home/anitadonato/tcc/tcc/data/known_faces/willa/20260602_212513.jpg,/home/anitadonato/tcc/tcc/data/known_faces/willa/willa_moderada_45_30cm.jpg,0.2430398466098519,1
/home/anitadonato/tcc/tcc/data/known_faces/willa/20260602_212513.jpg,/home/anitadonato/tcc/tcc/data/known_faces/willa/willa_moderada_frontal_30cm.jpg,0.07649187365830845,1
/home/anitadonato/tcc/tcc/data/known_faces/willa/20260602_212521.jpg,/home/anitadonato/tcc/tcc/data/known_faces/willa/willa_baixa_45_30cm.jpg,0.22784827463213353,1
/home/anitadonato/tcc/tcc/data/known_faces/willa/20260602_212521.jpg,/home/anitadonato/tcc/tcc/data/known_faces/willa/willa_baixa_frontal_30cm.jpg,0.20477193389088055,1
/home/anitadonato/tcc/tcc/data/known_faces/willa/20260602_212521.jpg,/home/anitadonato/tcc/tcc/data/known_faces/willa/willa_boa_45_30cm.jpg,0.3856239880565505,1
/home/anitadonato/tcc/tcc/data/known_faces/willa/20260602_212521.jpg,/home/anitadonato/tcc/tcc/data/known_faces/willa/willa_extra_02.jpg,0.3409214993641507,1
/home/anitadonato/tcc/tcc/data/known_faces/willa/20260602_212521.jpg,/home/anitadonato/tcc/tcc/data/known_faces/willa/willa_extra_03.jpg,0.3551562437168193,1
/home/anitadonato/tcc/tcc/data/known_faces/willa/20260602_212521.jpg,/home/anitadonato/tcc/tcc/data/known_faces/willa/willa_extra_04.jpg,0.5432619256659434,1
/home/anitadonato/tcc/tcc/data/known_faces/willa/20260602_212521.jpg,/home/anitadonato/tcc/tcc/data/known_faces/willa/willa_extra_05.jpg,0.3730249593425904,1
/home/anitadonato/tcc/tcc/data/known_faces/willa/20260602_212521.jpg,/home/anitadonato/tcc/tcc/data/known_faces/willa/willa_extra_06.jpg,0.4574003241144895,1
/home/anitadonato/tcc/tcc/data/known_faces/willa/20260602_212521.jpg,/home/anitadonato/tcc/tcc/data/known_faces/willa/willa_extra_07.jpg,0.5571095949617765,1
/home/anitadonato/tcc/tcc/data/known_faces/willa/20260602_212521.jpg,/home/anitadonato/tcc/tcc/data/known_faces/willa/willa_extra_08.jpg,0.5204099119812946,1
/home/anitadonato/tcc/tcc/data/known_faces/willa/20260602_212521.jpg,/home/anitadonato/tcc/tcc/data/known_faces/willa/willa_extra_09.jpg,0.35698235142366996,1
/home/anitadonato/tcc/tcc/data/known_faces/willa/20260602_212521.jpg,/home/anitadonato/tcc/tcc/data/known_faces/willa/willa_moderada_45_30cm.jpg,0.2347057219253218,1
/home/anitadonato/tcc/tcc/data/known_faces/willa/20260602_212521.jpg,/home/anitadonato/tcc/tcc/data/known_faces/willa/willa_moderada_frontal_30cm.jpg,0.29225246178595976,1
/home/anitadonato/tcc/tcc/data/known_faces/willa/willa_baixa_45_30cm.jpg,/home/anitadonato/tcc/tcc/data/known_faces/willa/willa_baixa_frontal_30cm.jpg,0.16861847394974283,1
/home/anitadonato/tcc/tcc/data/known_faces/willa/willa_baixa_45_30cm.jpg,/home/anitadonato/tcc/tcc/data/known_faces/willa/willa_boa_45_30cm.jpg,0.36086841231248623,1
/home/anitadonato/tcc/tcc/data/known_faces/willa/willa_baixa_45_30cm.jpg,/home/anitadonato/tcc/tcc/data/known_faces/willa/willa_extra_02.jpg,0.3311072509717632,1
/home/anitadonato/tcc/tcc/data/known_faces/willa/willa_baixa_45_30cm.jpg,/home/anitadonato/tcc/tcc/data/known_faces/willa/willa_extra_03.jpg,0.4316087105347678,1
/home/anitadonato/tcc/tcc/data/known_faces/willa/willa_baixa_45_30cm.jpg,/home/anitadonato/tcc/tcc/data/known_faces/willa/willa_extra_04.jpg,0.5156141104558762,1
/home/anitadonato/tcc/tcc/data/known_faces/willa/willa_baixa_45_30cm.jpg,/home/anitadonato/tcc/tcc/data/known_faces/willa/willa_extra_05.jpg,0.4092396266647157,1
/home/anitadonato/tcc/tcc/data/known_faces/willa/willa_baixa_45_30cm.jpg,/home/anitadonato/tcc/tcc/data/known_faces/willa/willa_extra_06.jpg,0.4813008938127,1
/home/anitadonato/tcc/tcc/data/known_faces/willa/willa_baixa_45_30cm.jpg,/home/anitadonato/tcc/tcc/data/known_faces/willa/willa_extra_07.jpg,0.527584892936116,1
/home/anitadonato/tcc/tcc/data/known_faces/willa/willa_baixa_45_30cm.jpg,/home/anitadonato/tcc/tcc/data/known_faces/willa/willa_extra_08.jpg,0.5278083006986016,1
/home/anitadonato/tcc/tcc/data/known_faces/willa/willa_baixa_45_30cm.jpg,/home/anitadonato/tcc/tcc/data/known_faces/willa/willa_extra_09.jpg,0.3943678354698432,1
/home/anitadonato/tcc/tcc/data/known_faces/willa/willa_baixa_45_30cm.jpg,/home/anitadonato/tcc/tcc/data/known_faces/willa/willa_moderada_45_30cm.jpg,0.30486535572004336,1
/home/anitadonato/tcc/tcc/data/known_faces/willa/willa_baixa_45_30cm.jpg,/home/anitadonato/tcc/tcc/data/known_faces/willa/willa_moderada_frontal_30cm.jpg,0.2257710445163187,1
/home/anitadonato/tcc/tcc/data/known_faces/willa/willa_baixa_frontal_30cm.jpg,/home/anitadonato/tcc/tcc/data/known_faces/willa/willa_boa_45_30cm.jpg,0.4738670770346143,1
/home/anitadonato/tcc/tcc/data/known_faces/willa/willa_baixa_frontal_30cm.jpg,/home/anitadonato/tcc/tcc/data/known_faces/willa/willa_extra_02.jpg,0.2565669729271739,1
/home/anitadonato/tcc/tcc/data/known_faces/willa/willa_baixa_frontal_30cm.jpg,/home/anitadonato/tcc/tcc/data/known_faces/willa/willa_extra_03.jpg,0.40257922523748535,1
/home/anitadonato/tcc/tcc/data/known_faces/willa/willa_baixa_frontal_30cm.jpg,/home/anitadonato/tcc/tcc/data/known_faces/willa/willa_extra_04.jpg,0.37888745902055765,1
/home/anitadonato/tcc/tcc/data/known_faces/willa/willa_baixa_frontal_30cm.jpg,/home/anitadonato/tcc/tcc/data/known_faces/willa/willa_extra_05.jpg,0.3395820460336394,1
/home/anitadonato/tcc/tcc/data/known_faces/willa/willa_baixa_frontal_30cm.jpg,/home/anitadonato/tcc/tcc/data/known_faces/willa/willa_extra_06.jpg,0.4141353777022069,1
/home/anitadonato/tcc/tcc/data/known_faces/willa/willa_baixa_frontal_30cm.jpg,/home/anitadonato/tcc/tcc/data/known_faces/willa/willa_extra_07.jpg,0.38446782006680147,1
/home/anitadonato/tcc/tcc/data/known_faces/willa/willa_baixa_frontal_30cm.jpg,/home/anitadonato/tcc/tcc/data/known_faces/willa/willa_extra_08.jpg,0.3633985642177019,1
/home/anitadonato/tcc/tcc/data/known_faces/willa/willa_baixa_frontal_30cm.jpg,/home/anitadonato/tcc/tcc/data/known_faces/willa/willa_extra_09.jpg,0.31125138688533105,1
/home/anitadonato/tcc/tcc/data/known_faces/willa/willa_baixa_frontal_30cm.jpg,/home/anitadonato/tcc/tcc/data/known_faces/willa/willa_moderada_45_30cm.jpg,0.3714730543230549,1
/home/anitadonato/tcc/tcc/data/known_faces/willa/willa_baixa_frontal_30cm.jpg,/home/anitadonato/tcc/tcc/data/known_faces/willa/willa_moderada_frontal_30cm.jpg,0.18467559580501614,1
/home/anitadonato/tcc/tcc/data/known_faces/willa/willa_boa_45_30cm.jpg,/home/anitadonato/tcc/tcc/data/known_faces/willa/willa_extra_02.jpg,0.3731120780280429,1
/home/anitadonato/tcc/tcc/data/known_faces/willa/willa_boa_45_30cm.jpg,/home/anitadonato/tcc/tcc/data/known_faces/willa/willa_extra_03.jpg,0.3545024850097491,1
/home/anitadonato/tcc/tcc/data/known_faces/willa/willa_boa_45_30cm.jpg,/home/anitadonato/tcc/tcc/data/known_faces/willa/willa_extra_04.jpg,0.5790103620090902,1
/home/anitadonato/tcc/tcc/data/known_faces/willa/willa_boa_45_30cm.jpg,/home/anitadonato/tcc/tcc/data/known_faces/willa/willa_extra_05.jpg,0.4080468796535639,1
/home/anitadonato/tcc/tcc/data/known_faces/willa/willa_boa_45_30cm.jpg,/home/anitadonato/tcc/tcc/data/known_faces/willa/willa_extra_06.jpg,0.5203123772750158,1
/home/anitadonato/tcc/tcc/data/known_faces/willa/willa_boa_45_30cm.jpg,/home/anitadonato/tcc/tcc/data/known_faces/willa/willa_extra_07.jpg,0.6721315292573514,1
/home/anitadonato/tcc/tcc/data/known_faces/willa/willa_boa_45_30cm.jpg,/home/anitadonato/tcc/tcc/data/known_faces/willa/willa_extra_08.jpg,0.6669202003555321,1
/home/anitadonato/tcc/tcc/data/known_faces/willa/willa_boa_45_30cm.jpg,/home/anitadonato/tcc/tcc/data/known_faces/willa/willa_extra_09.jpg,0.3748918541012486,1
/home/anitadonato/tcc/tcc/data/known_faces/willa/willa_boa_45_30cm.jpg,/home/anitadonato/tcc/tcc/data/known_faces/willa/willa_moderada_45_30cm.jpg,0.48063310627353084,1
/home/anitadonato/tcc/tcc/data/known_faces/willa/willa_boa_45_30cm.jpg,/home/anitadonato/tcc/tcc/data/known_faces/willa/willa_moderada_frontal_30cm.jpg,0.4798684553133379,1
/home/anitadonato/tcc/tcc/data/known_faces/willa/willa_extra_02.jpg,/home/anitadonato/tcc/tcc/data/known_faces/willa/willa_extra_03.jpg,0.2951519127999219,1
/home/anitadonato/tcc/tcc/data/known_faces/willa/willa_extra_02.jpg,/home/anitadonato/tcc/tcc/data/known_faces/willa/willa_extra_04.jpg,0.2822795582054225,1
/home/anitadonato/tcc/tcc/data/known_faces/willa/willa_extra_02.jpg,/home/anitadonato/tcc/tcc/data/known_faces/willa/willa_extra_05.jpg,0.3033165341054923,1
/home/anitadonato/tcc/tcc/data/known_faces/willa/willa_extra_02.jpg,/home/anitadonato/tcc/tcc/data/known_faces/willa/willa_extra_06.jpg,0.3478067362110542,1
/home/anitadonato/tcc/tcc/data/known_faces/willa/willa_extra_02.jpg,/home/anitadonato/tcc/tcc/data/known_faces/willa/willa_extra_07.jpg,0.37532419352482993,1
/home/anitadonato/tcc/tcc/data/known_faces/willa/willa_extra_02.jpg,/home/anitadonato/tcc/tcc/data/known_faces/willa/willa_extra_08.jpg,0.3766639094164337,1
/home/anitadonato/tcc/tcc/data/known_faces/willa/willa_extra_02.jpg,/home/anitadonato/tcc/tcc/data/known_faces/willa/willa_extra_09.jpg,0.18249244686633848,1
/home/anitadonato/tcc/tcc/data/known_faces/willa/willa_extra_02.jpg,/home/anitadonato/tcc/tcc/data/known_faces/willa/willa_moderada_45_30cm.jpg,0.5259186345074991,1
/home/anitadonato/tcc/tcc/data/known_faces/willa/willa_extra_02.jpg,/home/anitadonato/tcc/tcc/data/known_faces/willa/willa_moderada_frontal_30cm.jpg,0.35231422627746734,1
/home/anitadonato/tcc/tcc/data/known_faces/willa/willa_extra_03.jpg,/home/anitadonato/tcc/tcc/data/known_faces/willa/willa_extra_04.jpg,0.4298365243630271,1
/home/anitadonato/tcc/tcc/data/known_faces/willa/willa_extra_03.jpg,/home/anitadonato/tcc/tcc/data/known_faces/willa/willa_extra_05.jpg,0.3880543628213219,1
/home/anitadonato/tcc/tcc/data/known_faces/willa/willa_extra_03.jpg,/home/anitadonato/tcc/tcc/data/known_faces/willa/willa_extra_06.jpg,0.47710336826663957,1
/home/anitadonato/tcc/tcc/data/known_faces/willa/willa_extra_03.jpg,/home/anitadonato/tcc/tcc/data/known_faces/willa/willa_extra_07.jpg,0.5526565687903702,1
/home/anitadonato/tcc/tcc/data/known_faces/willa/willa_extra_03.jpg,/home/anitadonato/tcc/tcc/data/known_faces/willa/willa_extra_08.jpg,0.49300089602063035,1
/home/anitadonato/tcc/tcc/data/known_faces/willa/willa_extra_03.jpg,/home/anitadonato/tcc/tcc/data/known_faces/willa/willa_extra_09.jpg,0.21399336678935477,1
/home/anitadonato/tcc/tcc/data/known_faces/willa/willa_extra_03.jpg,/home/anitadonato/tcc/tcc/data/known_faces/willa/willa_moderada_45_30cm.jpg,0.5809943108161791,1
/home/anitadonato/tcc/tcc/data/known_faces/willa/willa_extra_03.jpg,/home/anitadonato/tcc/tcc/data/known_faces/willa/willa_moderada_frontal_30cm.jpg,0.47078259408793477,1
/home/anitadonato/tcc/tcc/data/known_faces/willa/willa_extra_04.jpg,/home/anitadonato/tcc/tcc/data/known_faces/willa/willa_extra_05.jpg,0.38873643688252446,1
/home/anitadonato/tcc/tcc/data/known_faces/willa/willa_extra_04.jpg,/home/anitadonato/tcc/tcc/data/known_faces/willa/willa_extra_06.jpg,0.2644238003697532,1
/home/anitadonato/tcc/tcc/data/known_faces/willa/willa_extra_04.jpg,/home/anitadonato/tcc/tcc/data/known_faces/willa/willa_extra_07.jpg,0.2237407585193244,1
/home/anitadonato/tcc/tcc/data/known_faces/willa/willa_extra_04.jpg,/home/anitadonato/tcc/tcc/data/known_faces/willa/willa_extra_08.jpg,0.20426879117030328,1
/home/anitadonato/tcc/tcc/data/known_faces/willa/willa_extra_04.jpg,/home/anitadonato/tcc/tcc/data/known_faces/willa/willa_extra_09.jpg,0.3763996394974415,1
/home/anitadonato/tcc/tcc/data/known_faces/willa/willa_extra_04.jpg,/home/anitadonato/tcc/tcc/data/known_faces/willa/willa_moderada_45_30cm.jpg,0.682407661703577,1
/home/anitadonato/tcc/tcc/data/known_faces/willa/willa_extra_04.jpg,/home/anitadonato/tcc/tcc/data/known_faces/willa/willa_moderada_frontal_30cm.jpg,0.4851901347214925,1
/home/anitadonato/tcc/tcc/data/known_faces/willa/willa_extra_05.jpg,/home/anitadonato/tcc/tcc/data/known_faces/willa/willa_extra_06.jpg,0.39449743775052004,1
/home/anitadonato/tcc/tcc/data/known_faces/willa/willa_extra_05.jpg,/home/anitadonato/tcc/tcc/data/known_faces/willa/willa_extra_07.jpg,0.427820236928536,1
/home/anitadonato/tcc/tcc/data/known_faces/willa/willa_extra_05.jpg,/home/anitadonato/tcc/tcc/data/known_faces/willa/willa_extra_08.jpg,0.44891593478423564,1
/home/anitadonato/tcc/tcc/data/known_faces/willa/willa_extra_05.jpg,/home/anitadonato/tcc/tcc/data/known_faces/willa/willa_extra_09.jpg,0.18688473459415367,1
/home/anitadonato/tcc/tcc/data/known_faces/willa/willa_extra_05.jpg,/home/anitadonato/tcc/tcc/data/known_faces/willa/willa_moderada_45_30cm.jpg,0.4672578626575663,1
/home/anitadonato/tcc/tcc/data/known_faces/willa/willa_extra_05.jpg,/home/anitadonato/tcc/tcc/data/known_faces/willa/willa_moderada_frontal_30cm.jpg,0.37999960027736635,1
/home/anitadonato/tcc/tcc/data/known_faces/willa/willa_extra_06.jpg,/home/anitadonato/tcc/tcc/data/known_faces/willa/willa_extra_07.jpg,0.35735586614161774,1
/home/anitadonato/tcc/tcc/data/known_faces/willa/willa_extra_06.jpg,/home/anitadonato/tcc/tcc/data/known_faces/willa/willa_extra_08.jpg,0.2980736020798165,1
/home/anitadonato/tcc/tcc/data/known_faces/willa/willa_extra_06.jpg,/home/anitadonato/tcc/tcc/data/known_faces/willa/willa_extra_09.jpg,0.4575797471603551,1
/home/anitadonato/tcc/tcc/data/known_faces/willa/willa_extra_06.jpg,/home/anitadonato/tcc/tcc/data/known_faces/willa/willa_moderada_45_30cm.jpg,0.6029292304840818,1
/home/anitadonato/tcc/tcc/data/known_faces/willa/willa_extra_06.jpg,/home/anitadonato/tcc/tcc/data/known_faces/willa/willa_moderada_frontal_30cm.jpg,0.5163875628494163,1
/home/anitadonato/tcc/tcc/data/known_faces/willa/willa_extra_07.jpg,/home/anitadonato/tcc/tcc/data/known_faces/willa/willa_extra_08.jpg,0.09464785791340635,1
/home/anitadonato/tcc/tcc/data/known_faces/willa/willa_extra_07.jpg,/home/anitadonato/tcc/tcc/data/known_faces/willa/willa_extra_09.jpg,0.48157300347835674,1
/home/anitadonato/tcc/tcc/data/known_faces/willa/willa_extra_07.jpg,/home/anitadonato/tcc/tcc/data/known_faces/willa/willa_moderada_45_30cm.jpg,0.6684173415104642,1
/home/anitadonato/tcc/tcc/data/known_faces/willa/willa_extra_07.jpg,/home/anitadonato/tcc/tcc/data/known_faces/willa/willa_moderada_frontal_30cm.jpg,0.5034863340940979,1
/home/anitadonato/tcc/tcc/data/known_faces/willa/willa_extra_08.jpg,/home/anitadonato/tcc/tcc/data/known_faces/willa/willa_extra_09.jpg,0.4759639171490946,1
/home/anitadonato/tcc/tcc/data/known_faces/willa/willa_extra_08.jpg,/home/anitadonato/tcc/tcc/data/known_faces/willa/willa_moderada_45_30cm.jpg,0.6734629811150461,1
/home/anitadonato/tcc/tcc/data/known_faces/willa/willa_extra_08.jpg,/home/anitadonato/tcc/tcc/data/known_faces/willa/willa_moderada_frontal_30cm.jpg,0.47363076798054193,1
/home/anitadonato/tcc/tcc/data/known_faces/willa/willa_extra_09.jpg,/home/anitadonato/tcc/tcc/data/known_faces/willa/willa_moderada_45_30cm.jpg,0.5775912090612304,1
/home/anitadonato/tcc/tcc/data/known_faces/willa/willa_extra_09.jpg,/home/anitadonato/tcc/tcc/data/known_faces/willa/willa_moderada_frontal_30cm.jpg,0.3811873860403574,1
/home/anitadonato/tcc/tcc/data/known_faces/willa/willa_moderada_45_30cm.jpg,/home/anitadonato/tcc/tcc/data/known_faces/willa/willa_moderada_frontal_30cm.jpg,0.2855462889908589,1
/home/anitadonato/tcc/tcc/data/known_faces/Abraão/abraao_extra_02.jpg,/home/anitadonato/tcc/tcc/data/known_faces/ALESSANDRA/alessandra_boa_frontal_30cm..jpeg,0.7718712962914818,0
/home/anitadonato/tcc/tcc/data/known_faces/BIA/bia_baixa_frontal_30cm.jpeg,/home/anitadonato/tcc/tcc/data/known_faces/Angela/angela_extra_12.jpg,0.8719112505747548,0
/home/anitadonato/tcc/tcc/data/known_faces/Abraão/abraao_baixa_45_esq.jpg,/home/anitadonato/tcc/tcc/data/known_faces/bianca/WhatsApp Image 2026-06-04 at 22.53.13 (1).jpeg,0.776314128465613,0
/home/anitadonato/tcc/tcc/data/known_faces/Abraão/abraao_extra_01.jpg,/home/anitadonato/tcc/tcc/data/known_faces/BIA/bia_moderada_45_1m.jpeg,0.9121925883707692,0
/home/anitadonato/tcc/tcc/data/known_faces/willa/willa_moderada_45_30cm.jpg,/home/anitadonato/tcc/tcc/data/known_faces/ALESSANDRA/alessandra_boa_frontal_1m..jpeg,0.9393520846748264,0
/home/anitadonato/tcc/tcc/data/known_faces/luan/20260602_211836.jpg,/home/anitadonato/tcc/tcc/data/known_faces/bianca/WhatsApp Image 2026-06-04 at 22.53.16.jpeg,0.7268290833989064,0
/home/anitadonato/tcc/tcc/data/known_faces/willa/20260602_212418.jpg,/home/anitadonato/tcc/tcc/data/known_faces/Francisca/francisca_boa_frontal.jpg,0.869947124878171,0
/home/anitadonato/tcc/tcc/data/known_faces/bianca/WhatsApp Image 2026-06-04 at 22.53.15 (1).jpeg,/home/anitadonato/tcc/tcc/data/known_faces/JUNIOR/junior_boa_45_1m.jpeg,0.9151830641167079,0
/home/anitadonato/tcc/tcc/data/known_faces/BIA/bia_baixa_frontal_30cm.jpeg,/home/anitadonato/tcc/tcc/data/known_faces/JUNIOR/junior_baixa_frontal_1m.jpeg,0.7825177653561465,0
/home/anitadonato/tcc/tcc/data/known_faces/bianca/WhatsApp Image 2026-06-04 at 22.53.16 (1).jpeg,/home/anitadonato/tcc/tcc/data/known_faces/Abraão/abraao_extra_05.jpg,0.7197922242064554,0
/home/anitadonato/tcc/tcc/data/known_faces/willa/20260602_212431.jpg,/home/anitadonato/tcc/tcc/data/known_faces/Francisca/francisca_extra_09.jpg,0.7743959537379275,0
/home/anitadonato/tcc/tcc/data/known_faces/luan/20260602_211920.jpg,/home/anitadonato/tcc/tcc/data/known_faces/Abraão/abraao_baixa_frontal.jpg,0.8285675160794566,0
/home/anitadonato/tcc/tcc/data/known_faces/luan/20260602_212032.jpg,/home/anitadonato/tcc/tcc/data/known_faces/Francisca/francisca_extra_15.jpg,0.981525895518663,0
/home/anitadonato/tcc/tcc/data/known_faces/JUNIOR/junior_baixa_frontal_1m.jpeg,/home/anitadonato/tcc/tcc/data/known_faces/BIA/bia_baixa_45_30cm.jpeg,0.800542014801617,0
/home/anitadonato/tcc/tcc/data/known_faces/BIA/bia_baixa_frontal_1m.jpeg,/home/anitadonato/tcc/tcc/data/known_faces/Francisca/francisca_extra_02.jpg,0.9708662195379013,0
/home/anitadonato/tcc/tcc/data/known_faces/Abraão/abraao_extra_02.jpg,/home/anitadonato/tcc/tcc/data/known_faces/bianca/WhatsApp Image 2026-06-04 at 22.53.16.jpeg,0.7964911344133498,0
/home/anitadonato/tcc/tcc/data/known_faces/JUNIOR/junior_extra_04.jpeg,/home/anitadonato/tcc/tcc/data/known_faces/Angela/angela_extra_06.jpg,0.8931755507537125,0
/home/anitadonato/tcc/tcc/data/known_faces/BIA/bia_baixa_frontal_1m.jpeg,/home/anitadonato/tcc/tcc/data/known_faces/Francisca/francisca_extra_15.jpg,0.9726790568262356,0
/home/anitadonato/tcc/tcc/data/known_faces/Angela/angela_extra_02.jpg,/home/anitadonato/tcc/tcc/data/known_faces/luan/20260602_211823.jpg,0.902019404284356,0
/home/anitadonato/tcc/tcc/data/known_faces/julia/20260602_212654.jpg,/home/anitadonato/tcc/tcc/data/known_faces/bianca/WhatsApp Image 2026-06-04 at 22.53.18 (4).jpeg,0.8779855044953367,0
/home/anitadonato/tcc/tcc/data/known_faces/luan/20260602_212035.jpg,/home/anitadonato/tcc/tcc/data/known_faces/BIA/bia_extra_03.jpeg,0.8574303688517586,0
/home/anitadonato/tcc/tcc/data/known_faces/ALESSANDRA/alessandra_baixa_45_30cm.jpeg,/home/anitadonato/tcc/tcc/data/known_faces/BIA/bia_extra_03.jpeg,0.8678803466364077,0
/home/anitadonato/tcc/tcc/data/known_faces/bianca/WhatsApp Image 2026-06-04 at 22.53.13.jpeg,/home/anitadonato/tcc/tcc/data/known_faces/Francisca/francisca_extra_01.jpg,0.9473817357745652,0
/home/anitadonato/tcc/tcc/data/known_faces/willa/willa_baixa_45_30cm.jpg,/home/anitadonato/tcc/tcc/data/known_faces/JUNIOR/junior_extra_08.jpeg,0.9546498500437689,0
/home/anitadonato/tcc/tcc/data/known_faces/bianca/WhatsApp Image 2026-06-04 at 22.53.14 (2).jpeg,/home/anitadonato/tcc/tcc/data/known_faces/julia/20260602_212654.jpg,0.9367740093168548,0
/home/anitadonato/tcc/tcc/data/known_faces/Angela/angela_extra_12.jpg,/home/anitadonato/tcc/tcc/data/known_faces/BIA/bia_moderada_45_30cm.jpeg,0.8759843404200427,0
/home/anitadonato/tcc/tcc/data/known_faces/Francisca/francisca_extra_14.jpg,/home/anitadonato/tcc/tcc/data/known_faces/bianca/WhatsApp Image 2026-06-04 at 22.53.16 (2).jpeg,0.9691677871488691,0
/home/anitadonato/tcc/tcc/data/known_faces/JUNIOR/junior_boa_45_1m.jpeg,/home/anitadonato/tcc/tcc/data/known_faces/BIA/bia_moderada_45_1m.jpeg,0.7879384593766476,0
/home/anitadonato/tcc/tcc/data/known_faces/julia/20260602_212621.jpg,/home/anitadonato/tcc/tcc/data/known_faces/Abraão/abraao_baixo_45_esq.jpg,0.7667927560844644,0
/home/anitadonato/tcc/tcc/data/known_faces/Angela/angela_extra_08.jpg,/home/anitadonato/tcc/tcc/data/known_faces/willa/20260602_212507.jpg,0.8013910913495326,0
/home/anitadonato/tcc/tcc/data/known_faces/bianca/WhatsApp Image 2026-06-04 at 22.53.18 (3).jpeg,/home/anitadonato/tcc/tcc/data/known_faces/willa/willa_extra_07.jpg,0.883951141378793,0
/home/anitadonato/tcc/tcc/data/known_faces/luan/20260602_212022.jpg,/home/anitadonato/tcc/tcc/data/known_faces/Francisca/Francisca_boa_45_dir.jpg,0.9685089530117894,0
/home/anitadonato/tcc/tcc/data/known_faces/Abraão/abraao_extra_02.jpg,/home/anitadonato/tcc/tcc/data/known_faces/luan/20260602_212032.jpg,0.881992942572036,0
/home/anitadonato/tcc/tcc/data/known_faces/JUNIOR/junior_extra_02.jpeg,/home/anitadonato/tcc/tcc/data/known_faces/Abraão/abraao_extra_07.jpg,0.8830540271724819,0
/home/anitadonato/tcc/tcc/data/known_faces/Angela/20260602_192040.jpg,/home/anitadonato/tcc/tcc/data/known_faces/julia/20260602_212654.jpg,0.7639422017762214,0
/home/anitadonato/tcc/tcc/data/known_faces/luan/20260602_212019.jpg,/home/anitadonato/tcc/tcc/data/known_faces/Angela/angela_boa_45_dir.jpg,0.9370431540038923,0
/home/anitadonato/tcc/tcc/data/known_faces/Francisca/francisca_extra_15.jpg,/home/anitadonato/tcc/tcc/data/known_faces/luan/20260602_211826.jpg,0.9660131172293022,0
/home/anitadonato/tcc/tcc/data/known_faces/Angela/angela_boa_frontal.jpg,/home/anitadonato/tcc/tcc/data/known_faces/JUNIOR/junior_moderada_45_30cm.jpeg,0.8143248031413535,0
/home/anitadonato/tcc/tcc/data/known_faces/luan/20260602_212030.jpg,/home/anitadonato/tcc/tcc/data/known_faces/ALESSANDRA/alessandra_extra_03.jpeg,0.8458291267637403,0
/home/anitadonato/tcc/tcc/data/known_faces/julia/20260602_212628.jpg,/home/anitadonato/tcc/tcc/data/known_faces/ALESSANDRA/alessandra_extra_04.jpeg,0.9352826761982546,0
/home/anitadonato/tcc/tcc/data/known_faces/Francisca/francisca_baixa_45_dir.jpg,/home/anitadonato/tcc/tcc/data/known_faces/BIA/bia_boa_frontal_30cm..jpeg,0.9502094055279332,0
/home/anitadonato/tcc/tcc/data/known_faces/willa/20260602_212507.jpg,/home/anitadonato/tcc/tcc/data/known_faces/Abraão/abraao_extra_09.jpg,0.8657591461583877,0
/home/anitadonato/tcc/tcc/data/known_faces/Abraão/abraao_boa_45_.jpg,/home/anitadonato/tcc/tcc/data/known_faces/luan/20260602_211820.jpg,0.8790550007769066,0
/home/anitadonato/tcc/tcc/data/known_faces/julia/20260602_212631.jpg,/home/anitadonato/tcc/tcc/data/known_faces/luan/20260602_211837.jpg,0.8537431845580632,0
/home/anitadonato/tcc/tcc/data/known_faces/luan/20260602_211826.jpg,/home/anitadonato/tcc/tcc/data/known_faces/bianca/WhatsApp Image 2026-06-04 at 22.53.18 (1).jpeg,0.786806833492588,0
/home/anitadonato/tcc/tcc/data/known_faces/BIA/bia_extra_05.jpeg,/home/anitadonato/tcc/tcc/data/known_faces/Francisca/francisca_extra_06.jpg,0.9611868025615817,0
/home/anitadonato/tcc/tcc/data/known_faces/julia/20260602_212732.jpg,/home/anitadonato/tcc/tcc/data/known_faces/luan/20260602_211814.jpg,0.8217010065547621,0
/home/anitadonato/tcc/tcc/data/known_faces/BIA/bia_baixa_frontal_1m.jpeg,/home/anitadonato/tcc/tcc/data/known_faces/willa/willa_extra_03.jpg,0.891792747712806,0
/home/anitadonato/tcc/tcc/data/known_faces/ALESSANDRA/alessandra_boa_frontal_30cm..jpeg,/home/anitadonato/tcc/tcc/data/known_faces/luan/20260602_212025.jpg,0.9100151898015405,0
/home/anitadonato/tcc/tcc/data/known_faces/BIA/bia_baixa_frontal_1m.jpeg,/home/anitadonato/tcc/tcc/data/known_faces/ALESSANDRA/alessandra_baixa_45_30cm.jpeg,0.8366033925409215,0
/home/anitadonato/tcc/tcc/data/known_faces/BIA/bia_baixa_45_30cm.jpeg,/home/anitadonato/tcc/tcc/data/known_faces/Abraão/abraao_extra_04.jpg,0.9719965215302669,0
/home/anitadonato/tcc/tcc/data/known_faces/Abraão/abraao_extra_01.jpg,/home/anitadonato/tcc/tcc/data/known_faces/luan/20260602_211837.jpg,0.740004758609475,0
/home/anitadonato/tcc/tcc/data/known_faces/julia/julia_boa_45_esq.jpg,/home/anitadonato/tcc/tcc/data/known_faces/BIA/bia_boa_45_1m..jpeg,0.8663049277490042,0
/home/anitadonato/tcc/tcc/data/known_faces/willa/willa_baixa_frontal_30cm.jpg,/home/anitadonato/tcc/tcc/data/known_faces/julia/20260602_212740.jpg,0.8036707356164899,0
/home/anitadonato/tcc/tcc/data/known_faces/bianca/WhatsApp Image 2026-06-04 at 22.53.14 (1).jpeg,/home/anitadonato/tcc/tcc/data/known_faces/BIA/bia_baixa_frontal_30cm.jpeg,0.5740781844781371,0
/home/anitadonato/tcc/tcc/data/known_faces/bianca/WhatsApp Image 2026-06-04 at 22.53.16 (3).jpeg,/home/anitadonato/tcc/tcc/data/known_faces/JUNIOR/junior_extra_06.jpeg,0.9332223777625163,0
/home/anitadonato/tcc/tcc/data/known_faces/julia/20260602_212628.jpg,/home/anitadonato/tcc/tcc/data/known_faces/ALESSANDRA/alessandra_baixa_45_30cm.jpeg,0.8505739608922218,0
/home/anitadonato/tcc/tcc/data/known_faces/bianca/WhatsApp Image 2026-06-04 at 22.53.19 (4).jpeg,/home/anitadonato/tcc/tcc/data/known_faces/JUNIOR/junior_baixa_frontal_30cm.jpeg,0.9165962314787087,0
/home/anitadonato/tcc/tcc/data/known_faces/BIA/bia_boa_frontal_1m..jpeg,/home/anitadonato/tcc/tcc/data/known_faces/willa/willa_moderada_45_30cm.jpg,0.9344804075735483,0
/home/anitadonato/tcc/tcc/data/known_faces/julia/20260602_212726.jpg,/home/anitadonato/tcc/tcc/data/known_faces/Angela/angela_boa_frontal.jpg,0.8472486751642667,0
/home/anitadonato/tcc/tcc/data/known_faces/Francisca/francisca_extra_02.jpg,/home/anitadonato/tcc/tcc/data/known_faces/julia/20260602_212625.jpg,0.9175687293460353,0
/home/anitadonato/tcc/tcc/data/known_faces/julia/20260602_212628.jpg,/home/anitadonato/tcc/tcc/data/known_faces/luan/20260602_211809.jpg,0.8578577820351537,0
/home/anitadonato/tcc/tcc/data/known_faces/luan/20260602_211812.jpg,/home/anitadonato/tcc/tcc/data/known_faces/ALESSANDRA/alessandra_boa_frontal_30cm..jpeg,0.8525834406072192,0
/home/anitadonato/tcc/tcc/data/known_faces/Angela/angela_extra_10.jpg,/home/anitadonato/tcc/tcc/data/known_faces/bianca/WhatsApp Image 2026-06-04 at 22.53.17 (1).jpeg,0.8213848600952808,0
/home/anitadonato/tcc/tcc/data/known_faces/BIA/bia_baixa_45_30cm.jpeg,/home/anitadonato/tcc/tcc/data/known_faces/bianca/WhatsApp Image 2026-06-04 at 22.53.14 (3).jpeg,0.8005438386728616,0
/home/anitadonato/tcc/tcc/data/known_faces/bianca/WhatsApp Image 2026-06-04 at 22.53.16 (2).jpeg,/home/anitadonato/tcc/tcc/data/known_faces/ALESSANDRA/alessandra_extra_01.jpeg,0.888004272506941,0
/home/anitadonato/tcc/tcc/data/known_faces/julia/20260602_212726.jpg,/home/anitadonato/tcc/tcc/data/known_faces/Francisca/francisca_extra_13.jpg,0.9179393644647124,0
/home/anitadonato/tcc/tcc/data/known_faces/julia/20260602_212633.jpg,/home/anitadonato/tcc/tcc/data/known_faces/Angela/angela_extra_04.jpg,0.8447594841626136,0
/home/anitadonato/tcc/tcc/data/known_faces/BIA/bia_moderada_frontal_1m.jpeg,/home/anitadonato/tcc/tcc/data/known_faces/ALESSANDRA/alessandra_moderada_45_30cm.jpeg,0.9263318714288669,0
/home/anitadonato/tcc/tcc/data/known_faces/ALESSANDRA/alessandra_baixa_45_30cm.jpeg,/home/anitadonato/tcc/tcc/data/known_faces/JUNIOR/junior_baixa_45_30cm.jpeg,0.8911552312297213,0
/home/anitadonato/tcc/tcc/data/known_faces/willa/willa_extra_09.jpg,/home/anitadonato/tcc/tcc/data/known_faces/julia/julia_boa_45_esq(1).jpg,0.9223408629753034,0
/home/anitadonato/tcc/tcc/data/known_faces/Angela/angela_extra_11.jpg,/home/anitadonato/tcc/tcc/data/known_faces/ALESSANDRA/alessandra_baixa_frontal_1m.jpeg,0.8603266325311114,0
/home/anitadonato/tcc/tcc/data/known_faces/Angela/angela_baixa_frontal.jpg,/home/anitadonato/tcc/tcc/data/known_faces/Abraão/abraao_extra_01.jpg,0.7762507282938277,0
/home/anitadonato/tcc/tcc/data/known_faces/bianca/WhatsApp Image 2026-06-04 at 22.53.19.jpeg,/home/anitadonato/tcc/tcc/data/known_faces/Abraão/abraao_extra_01.jpg,0.8479796219543626,0
/home/anitadonato/tcc/tcc/data/known_faces/willa/20260602_212507.jpg,/home/anitadonato/tcc/tcc/data/known_faces/ALESSANDRA/alessandra_extra_06.jpeg,0.9332733210654727,0
/home/anitadonato/tcc/tcc/data/known_faces/willa/willa_extra_03.jpg,/home/anitadonato/tcc/tcc/data/known_faces/luan/20260602_211837.jpg,0.8729694146596563,0
/home/anitadonato/tcc/tcc/data/known_faces/BIA/bia_boa_frontal_30cm..jpeg,/home/anitadonato/tcc/tcc/data/known_faces/JUNIOR/junior_extra_01.jpeg,0.7972346678972801,0
/home/anitadonato/tcc/tcc/data/known_faces/bianca/WhatsApp Image 2026-06-04 at 22.53.18.jpeg,/home/anitadonato/tcc/tcc/data/known_faces/Angela/angela_extra_04.jpg,0.8575968594179227,0
/home/anitadonato/tcc/tcc/data/known_faces/julia/20260602_212625.jpg,/home/anitadonato/tcc/tcc/data/known_faces/JUNIOR/junior_baixa_45_1m.jpeg,0.9503905417078049,0
/home/anitadonato/tcc/tcc/data/known_faces/julia/20260602_212625.jpg,/home/anitadonato/tcc/tcc/data/known_faces/Abraão/abraao_boa_frontal.jpg,0.7650675870880382,0
/home/anitadonato/tcc/tcc/data/known_faces/luan/20260602_211820.jpg,/home/anitadonato/tcc/tcc/data/known_faces/Francisca/francisca_extra_06.jpg,0.9230225216911754,0
/home/anitadonato/tcc/tcc/data/known_faces/Abraão/abraao_extra_05.jpg,/home/anitadonato/tcc/tcc/data/known_faces/BIA/bia_extra_02.jpeg,0.8639624984650317,0
/home/anitadonato/tcc/tcc/data/known_faces/Angela/angela_extra_12.jpg,/home/anitadonato/tcc/tcc/data/known_faces/julia/20260602_212704.jpg,0.8257969569392076,0
/home/anitadonato/tcc/tcc/data/known_faces/willa/20260602_212418.jpg,/home/anitadonato/tcc/tcc/data/known_faces/luan/20260602_212035.jpg,0.827827104932736,0
/home/anitadonato/tcc/tcc/data/known_faces/luan/20260602_212035.jpg,/home/anitadonato/tcc/tcc/data/known_faces/Francisca/francisca_baixa_frontal.jpg,0.9619853084053553,0
/home/anitadonato/tcc/tcc/data/known_faces/Angela/angela_boa_45_dir.jpg,/home/anitadonato/tcc/tcc/data/known_faces/Francisca/francisca_baixa_frontal.jpg,0.887078075967388,0
/home/anitadonato/tcc/tcc/data/known_faces/luan/20260602_211837.jpg,/home/anitadonato/tcc/tcc/data/known_faces/Angela/angela_extra_04.jpg,0.875309932404711,0
/home/anitadonato/tcc/tcc/data/known_faces/willa/willa_extra_03.jpg,/home/anitadonato/tcc/tcc/data/known_faces/BIA/bia_boa_frontal_1m..jpeg,0.8916848818969664,0
/home/anitadonato/tcc/tcc/data/known_faces/Francisca/francisca_extra_10.jpg,/home/anitadonato/tcc/tcc/data/known_faces/luan/20260602_211837.jpg,0.9155209721913973,0
/home/anitadonato/tcc/tcc/data/known_faces/ALESSANDRA/alessandra_extra_06.jpeg,/home/anitadonato/tcc/tcc/data/known_faces/Abraão/abraao_extra_02.jpg,0.8234782538600814,0
/home/anitadonato/tcc/tcc/data/known_faces/ALESSANDRA/alessandra_extra_03.jpeg,/home/anitadonato/tcc/tcc/data/known_faces/willa/20260602_212513.jpg,0.9083873566181324,0
/home/anitadonato/tcc/tcc/data/known_faces/Francisca/francisca_extra_09.jpg,/home/anitadonato/tcc/tcc/data/known_faces/Angela/angela_extra_12.jpg,0.7638675418557461,0
/home/anitadonato/tcc/tcc/data/known_faces/bianca/WhatsApp Image 2026-06-04 at 22.53.13 (1).jpeg,/home/anitadonato/tcc/tcc/data/known_faces/luan/20260602_211814.jpg,0.769467590183631,0
/home/anitadonato/tcc/tcc/data/known_faces/Abraão/abraao_baixa_45_esq.jpg,/home/anitadonato/tcc/tcc/data/known_faces/Angela/angela_extra_06.jpg,0.8135407690726001,0
/home/anitadonato/tcc/tcc/data/known_faces/willa/20260602_212513.jpg,/home/anitadonato/tcc/tcc/data/known_faces/luan/20260602_211923.jpg,0.7629835832640693,0
/home/anitadonato/tcc/tcc/data/known_faces/Angela/angela_extra_04.jpg,/home/anitadonato/tcc/tcc/data/known_faces/ALESSANDRA/alessandra_extra_04.jpeg,0.7140334408431896,0
/home/anitadonato/tcc/tcc/data/known_faces/ALESSANDRA/alessandra_boa_frontal_1m..jpeg,/home/anitadonato/tcc/tcc/data/known_faces/JUNIOR/junior_boa_frontal_30cm.jpeg,0.9043164677362105,0
/home/anitadonato/tcc/tcc/data/known_faces/Abraão/abraao_extra_07.jpg,/home/anitadonato/tcc/tcc/data/known_faces/JUNIOR/junior_moderada_frontal_30cm.jpeg,0.9227269302775419,0
/home/anitadonato/tcc/tcc/data/known_faces/Angela/angela_boa_frontal.jpg,/home/anitadonato/tcc/tcc/data/known_faces/BIA/bia_boa_45_30cm.jpeg,0.9175767321896476,0
/home/anitadonato/tcc/tcc/data/known_faces/bianca/WhatsApp Image 2026-06-04 at 22.53.14 (3).jpeg,/home/anitadonato/tcc/tcc/data/known_faces/ALESSANDRA/alessandra_extra_03.jpeg,0.7245896304493744,0
/home/anitadonato/tcc/tcc/data/known_faces/bianca/WhatsApp Image 2026-06-04 at 22.53.15 (1).jpeg,/home/anitadonato/tcc/tcc/data/known_faces/BIA/bia_boa_45_30cm.jpeg,0.7682007698430207,0
/home/anitadonato/tcc/tcc/data/known_faces/Abraão/abraao_baixa_45_esq.jpg,/home/anitadonato/tcc/tcc/data/known_faces/bianca/WhatsApp Image 2026-06-04 at 22.53.19 (6).jpeg,0.7026982999364346,0
/home/anitadonato/tcc/tcc/data/known_faces/julia/20260602_212633.jpg,/home/anitadonato/tcc/tcc/data/known_faces/BIA/bia_extra_07.jpeg,0.8942421765931821,0
/home/anitadonato/tcc/tcc/data/known_faces/JUNIOR/junior_boa_frontal_30cm.jpeg,/home/anitadonato/tcc/tcc/data/known_faces/Francisca/francisca_extra_02.jpg,0.8868666250968203,0
/home/anitadonato/tcc/tcc/data/known_faces/ALESSANDRA/alessandra_extra_05.jpeg,/home/anitadonato/tcc/tcc/data/known_faces/BIA/bia_extra_03.jpeg,0.8243617568522819,0
/home/anitadonato/tcc/tcc/data/known_faces/Francisca/francisca_extra_03.jpg,/home/anitadonato/tcc/tcc/data/known_faces/Abraão/abraao_extra_05.jpg,0.8761544557411178,0
/home/anitadonato/tcc/tcc/data/known_faces/luan/20260602_212035.jpg,/home/anitadonato/tcc/tcc/data/known_faces/bianca/WhatsApp Image 2026-06-04 at 22.53.19 (5).jpeg,0.7569057531914342,0
/home/anitadonato/tcc/tcc/data/known_faces/luan/20260602_211805.jpg,/home/anitadonato/tcc/tcc/data/known_faces/JUNIOR/junior_baixa_frontal_30cm.jpeg,0.970008447160248,0
/home/anitadonato/tcc/tcc/data/known_faces/Francisca/francisca_extra_14.jpg,/home/anitadonato/tcc/tcc/data/known_faces/Angela/angela_extra_03.jpg,0.9056811306138984,0
/home/anitadonato/tcc/tcc/data/known_faces/ALESSANDRA/alessandra_moderada_frontal_30cm.jpeg,/home/anitadonato/tcc/tcc/data/known_faces/Abraão/abraao_extra_07.jpg,0.8624121398415909,0
/home/anitadonato/tcc/tcc/data/known_faces/JUNIOR/junior_extra_06.jpeg,/home/anitadonato/tcc/tcc/data/known_faces/willa/willa_extra_09.jpg,0.8898766275286811,0
/home/anitadonato/tcc/tcc/data/known_faces/Abraão/abraao_boa_frontal.jpg,/home/anitadonato/tcc/tcc/data/known_faces/bianca/WhatsApp Image 2026-06-04 at 22.53.15 (1).jpeg,0.804821269956924,0
/home/anitadonato/tcc/tcc/data/known_faces/ALESSANDRA/alessandra_baixa_45_1m.jpeg,/home/anitadonato/tcc/tcc/data/known_faces/bianca/WhatsApp Image 2026-06-04 at 22.53.17.jpeg,0.7870163545999247,0
/home/anitadonato/tcc/tcc/data/known_faces/luan/20260602_211917.jpg,/home/anitadonato/tcc/tcc/data/known_faces/BIA/bia_extra_06.jpeg,0.9140307757955973,0
/home/anitadonato/tcc/tcc/data/known_faces/Abraão/abraao_extra_04.jpg,/home/anitadonato/tcc/tcc/data/known_faces/JUNIOR/junior_baixa_frontal_30cm.jpeg,0.9717524431022112,0
/home/anitadonato/tcc/tcc/data/known_faces/Francisca/francisca_extra_04.jpg,/home/anitadonato/tcc/tcc/data/known_faces/luan/20260602_212035.jpg,0.9491450757873192,0
/home/anitadonato/tcc/tcc/data/known_faces/bianca/WhatsApp Image 2026-06-04 at 22.53.16 (2).jpeg,/home/anitadonato/tcc/tcc/data/known_faces/JUNIOR/junior_extra_02.jpeg,0.9203851069125981,0
/home/anitadonato/tcc/tcc/data/known_faces/luan/20260602_211826.jpg,/home/anitadonato/tcc/tcc/data/known_faces/Angela/angela_extra_08.jpg,0.845360587832467,0
/home/anitadonato/tcc/tcc/data/known_faces/bianca/WhatsApp Image 2026-06-04 at 22.53.18 (3).jpeg,/home/anitadonato/tcc/tcc/data/known_faces/Angela/angela_extra_13.jpg,0.9163737751204021,0
/home/anitadonato/tcc/tcc/data/known_faces/Francisca/francisca_extra_13.jpg,/home/anitadonato/tcc/tcc/data/known_faces/bianca/WhatsApp Image 2026-06-04 at 22.53.19 (5).jpeg,0.9852381560149941,0
/home/anitadonato/tcc/tcc/data/known_faces/ALESSANDRA/alessandra_extra_02.jpeg,/home/anitadonato/tcc/tcc/data/known_faces/Francisca/francisca_extra_01.jpg,0.9150141844111574,0
/home/anitadonato/tcc/tcc/data/known_faces/bianca/WhatsApp Image 2026-06-04 at 22.53.16.jpeg,/home/anitadonato/tcc/tcc/data/known_faces/JUNIOR/junior_extra_07.jpeg,0.9169402698631286,0
/home/anitadonato/tcc/tcc/data/known_faces/julia/julia_boa_45_esq(1).jpg,/home/anitadonato/tcc/tcc/data/known_faces/BIA/bia_extra_08.jpeg,0.8839660942031566,0
/home/anitadonato/tcc/tcc/data/known_faces/Angela/angela_extra_04.jpg,/home/anitadonato/tcc/tcc/data/known_faces/Abraão/abraao_extra_10.jpg,0.8125852109753944,0
/home/anitadonato/tcc/tcc/data/known_faces/willa/20260602_212507.jpg,/home/anitadonato/tcc/tcc/data/known_faces/JUNIOR/junior_boa_frontal_30cm.jpeg,0.9280227611459152,0
/home/anitadonato/tcc/tcc/data/known_faces/Francisca/francisca_extra_01.jpg,/home/anitadonato/tcc/tcc/data/known_faces/BIA/bia_boa_45_1m..jpeg,0.9435182457718789,0
/home/anitadonato/tcc/tcc/data/known_faces/ALESSANDRA/alessandra_boa_frontal_30cm..jpeg,/home/anitadonato/tcc/tcc/data/known_faces/willa/willa_extra_08.jpg,0.8827724352351175,0
/home/anitadonato/tcc/tcc/data/known_faces/willa/willa_extra_07.jpg,/home/anitadonato/tcc/tcc/data/known_faces/Abraão/abraao_extra_07.jpg,0.8718961956599056,0
/home/anitadonato/tcc/tcc/data/known_faces/willa/willa_extra_05.jpg,/home/anitadonato/tcc/tcc/data/known_faces/BIA/bia_extra_08.jpeg,0.925665899579059,0
/home/anitadonato/tcc/tcc/data/known_faces/bianca/WhatsApp Image 2026-06-04 at 22.53.14 (2).jpeg,/home/anitadonato/tcc/tcc/data/known_faces/BIA/bia_baixa_45_1m.jpeg,0.7793237898418774,0
/home/anitadonato/tcc/tcc/data/known_faces/Abraão/abraao_extra_01.jpg,/home/anitadonato/tcc/tcc/data/known_faces/bianca/WhatsApp Image 2026-06-04 at 22.53.14 (3).jpeg,0.910036375643855,0
/home/anitadonato/tcc/tcc/data/known_faces/luan/20260602_211809.jpg,/home/anitadonato/tcc/tcc/data/known_faces/julia/julia_boa_45_esq.jpg,0.8267479911283222,0
/home/anitadonato/tcc/tcc/data/known_faces/BIA/bia_extra_07.jpeg,/home/anitadonato/tcc/tcc/data/known_faces/Abraão/abraao_boa_45_.jpg,0.9611460620288935,0
/home/anitadonato/tcc/tcc/data/known_faces/julia/julia_boa_45_esq.jpg,/home/anitadonato/tcc/tcc/data/known_faces/luan/20260602_212030.jpg,0.9309752208500469,0
/home/anitadonato/tcc/tcc/data/known_faces/JUNIOR/junior_moderada_frontal_30cm.jpeg,/home/anitadonato/tcc/tcc/data/known_faces/julia/julia_boa_45_esq(1).jpg,0.9649337783440798,0
/home/anitadonato/tcc/tcc/data/known_faces/bianca/WhatsApp Image 2026-06-04 at 22.53.16.jpeg,/home/anitadonato/tcc/tcc/data/known_faces/luan/20260602_211823.jpg,0.796002509669689,0
/home/anitadonato/tcc/tcc/data/known_faces/julia/20260602_212654.jpg,/home/anitadonato/tcc/tcc/data/known_faces/willa/willa_baixa_frontal_30cm.jpg,0.8766231127009647,0
/home/anitadonato/tcc/tcc/data/known_faces/Francisca/francisca_extra_10.jpg,/home/anitadonato/tcc/tcc/data/known_faces/luan/20260602_212032.jpg,0.9511986069246257,0
/home/anitadonato/tcc/tcc/data/known_faces/BIA/bia_extra_07.jpeg,/home/anitadonato/tcc/tcc/data/known_faces/Francisca/francisca_baixa_45_esq.jpg,0.9355489612374941,0
/home/anitadonato/tcc/tcc/data/known_faces/Francisca/francisca_extra_03.jpg,/home/anitadonato/tcc/tcc/data/known_faces/BIA/bia_extra_03.jpeg,0.9607127357400981,0
/home/anitadonato/tcc/tcc/data/known_faces/JUNIOR/junior_baixa_frontal_1m.jpeg,/home/anitadonato/tcc/tcc/data/known_faces/luan/20260602_211820.jpg,0.9318652092657468,0
/home/anitadonato/tcc/tcc/data/known_faces/Angela/angela_extra_07.jpg,/home/anitadonato/tcc/tcc/data/known_faces/BIA/bia_boa_45_1m..jpeg,0.8928251478157019,0
/home/anitadonato/tcc/tcc/data/known_faces/BIA/bia_extra_06.jpeg,/home/anitadonato/tcc/tcc/data/known_faces/Abraão/abraao_extra_07.jpg,0.8526794719353723,0
/home/anitadonato/tcc/tcc/data/known_faces/JUNIOR/junior_extra_07.jpeg,/home/anitadonato/tcc/tcc/data/known_faces/luan/20260602_211923.jpg,0.9328560413955304,0
/home/anitadonato/tcc/tcc/data/known_faces/ALESSANDRA/alessandra_extra_06.jpeg,/home/anitadonato/tcc/tcc/data/known_faces/BIA/bia_extra_05.jpeg,0.8034699241627514,0
/home/anitadonato/tcc/tcc/data/known_faces/willa/willa_moderada_frontal_30cm.jpg,/home/anitadonato/tcc/tcc/data/known_faces/ALESSANDRA/alessandra_extra_05.jpeg,0.9041378363598052,0
/home/anitadonato/tcc/tcc/data/known_faces/julia/20260602_212712.jpg,/home/anitadonato/tcc/tcc/data/known_faces/ALESSANDRA/alessandra_extra_02.jpeg,0.8687645852723185,0
/home/anitadonato/tcc/tcc/data/known_faces/bianca/WhatsApp Image 2026-06-04 at 22.53.18 (1).jpeg,/home/anitadonato/tcc/tcc/data/known_faces/willa/willa_moderada_45_30cm.jpg,0.9615774635465103,0
/home/anitadonato/tcc/tcc/data/known_faces/willa/willa_extra_08.jpg,/home/anitadonato/tcc/tcc/data/known_faces/BIA/bia_boa_frontal_30cm..jpeg,0.7926296078587092,0
/home/anitadonato/tcc/tcc/data/known_faces/Francisca/francisca_extra_10.jpg,/home/anitadonato/tcc/tcc/data/known_faces/bianca/WhatsApp Image 2026-06-04 at 22.53.13 (1).jpeg,0.9454691916932639,0
/home/anitadonato/tcc/tcc/data/known_faces/bianca/WhatsApp Image 2026-06-04 at 22.53.18.jpeg,/home/anitadonato/tcc/tcc/data/known_faces/JUNIOR/junior_extra_05.jpeg,0.8403561947496394,0
/home/anitadonato/tcc/tcc/data/known_faces/Angela/angela_boa_45_esq.jpg,/home/anitadonato/tcc/tcc/data/known_faces/julia/julia_boa_45_esq.jpg,0.8633229547867791,0
/home/anitadonato/tcc/tcc/data/known_faces/ALESSANDRA/alessandra_moderada_frontal_1m.jpeg,/home/anitadonato/tcc/tcc/data/known_faces/bianca/WhatsApp Image 2026-06-04 at 22.53.18 (2).jpeg,0.8467977468619323,0
/home/anitadonato/tcc/tcc/data/known_faces/ALESSANDRA/alessandra_extra_06.jpeg,/home/anitadonato/tcc/tcc/data/known_faces/Abraão/abraao_boa_45_.jpg,0.9226405142843978,0
/home/anitadonato/tcc/tcc/data/known_faces/julia/20260602_212621.jpg,/home/anitadonato/tcc/tcc/data/known_faces/Angela/angela_extra_03.jpg,0.8502001810335558,0
/home/anitadonato/tcc/tcc/data/known_faces/bianca/WhatsApp Image 2026-06-04 at 22.53.14 (4).jpeg,/home/anitadonato/tcc/tcc/data/known_faces/JUNIOR/junior_extra_07.jpeg,0.901770072775363,0
/home/anitadonato/tcc/tcc/data/known_faces/JUNIOR/junior_extra_05.jpeg,/home/anitadonato/tcc/tcc/data/known_faces/willa/willa_boa_45_30cm.jpg,0.9313579562027903,0
/home/anitadonato/tcc/tcc/data/known_faces/bianca/WhatsApp Image 2026-06-04 at 22.53.19 (5).jpeg,/home/anitadonato/tcc/tcc/data/known_faces/Francisca/francisca_baixa_45_esq.jpg,0.9253788948276622,0
/home/anitadonato/tcc/tcc/data/known_faces/julia/julia_boa_45_esq.jpg,/home/anitadonato/tcc/tcc/data/known_faces/ALESSANDRA/alessandra_baixa_45_30cm.jpeg,0.9010146411245926,0
/home/anitadonato/tcc/tcc/data/known_faces/ALESSANDRA/alessandra_boa_frontal_1m..jpeg,/home/anitadonato/tcc/tcc/data/known_faces/BIA/bia_baixa_45_1m.jpeg,0.8287188051292701,0
/home/anitadonato/tcc/tcc/data/known_faces/willa/willa_baixa_frontal_30cm.jpg,/home/anitadonato/tcc/tcc/data/known_faces/Angela/angela_boa_45_esq.jpg,0.6146600669943354,0
/home/anitadonato/tcc/tcc/data/known_faces/julia/julia_boa_frontal.jpg,/home/anitadonato/tcc/tcc/data/known_faces/Abraão/abraao_boa_frontal.jpg,0.7664453989239255,0
/home/anitadonato/tcc/tcc/data/known_faces/julia/20260602_212712.jpg,/home/anitadonato/tcc/tcc/data/known_faces/Francisca/francisca_boa_frontal.jpg,0.9030328577513599,0
/home/anitadonato/tcc/tcc/data/known_faces/willa/20260602_212521.jpg,/home/anitadonato/tcc/tcc/data/known_faces/Abraão/abraao_extra_03.jpg,0.8344240228320354,0
/home/anitadonato/tcc/tcc/data/known_faces/Abraão/abraao_extra_03.jpg,/home/anitadonato/tcc/tcc/data/known_faces/ALESSANDRA/alessandra_moderada_frontal_1m.jpeg,0.8895856157717124,0
/home/anitadonato/tcc/tcc/data/known_faces/bianca/WhatsApp Image 2026-06-04 at 22.53.19 (1).jpeg,/home/anitadonato/tcc/tcc/data/known_faces/willa/willa_baixa_45_30cm.jpg,0.8925015381975065,0
/home/anitadonato/tcc/tcc/data/known_faces/Abraão/abraao_baixo_45_esq.jpg,/home/anitadonato/tcc/tcc/data/known_faces/BIA/bia_extra_02.jpeg,0.9587824437585377,0
/home/anitadonato/tcc/tcc/data/known_faces/willa/willa_moderada_frontal_30cm.jpg,/home/anitadonato/tcc/tcc/data/known_faces/Abraão/abraao_baixa_45_esq.jpg,0.8182096936349663,0
/home/anitadonato/tcc/tcc/data/known_faces/JUNIOR/junior_extra_06.jpeg,/home/anitadonato/tcc/tcc/data/known_faces/luan/20260602_212035.jpg,0.9547734157676377,0
/home/anitadonato/tcc/tcc/data/known_faces/JUNIOR/junior_moderada_45_1m.jpeg,/home/anitadonato/tcc/tcc/data/known_faces/Abraão/abraao_extra_04.jpg,0.9732275082700913,0
/home/anitadonato/tcc/tcc/data/known_faces/ALESSANDRA/alessandra_extra_08.jpeg,/home/anitadonato/tcc/tcc/data/known_faces/bianca/WhatsApp Image 2026-06-04 at 22.53.14 (1).jpeg,0.7422357812338695,0
/home/anitadonato/tcc/tcc/data/known_faces/bianca/WhatsApp Image 2026-06-04 at 22.53.18 (4).jpeg,/home/anitadonato/tcc/tcc/data/known_faces/JUNIOR/junior_extra_07.jpeg,0.8837449966776252,0
/home/anitadonato/tcc/tcc/data/known_faces/Angela/angela_boa_frontal.jpg,/home/anitadonato/tcc/tcc/data/known_faces/bianca/WhatsApp Image 2026-06-04 at 22.53.19 (2).jpeg,0.9547369483728858,0
/home/anitadonato/tcc/tcc/data/known_faces/luan/20260602_212030.jpg,/home/anitadonato/tcc/tcc/data/known_faces/Francisca/francisca_extra_13.jpg,0.9852968998337187,0
/home/anitadonato/tcc/tcc/data/known_faces/julia/20260602_212726.jpg,/home/anitadonato/tcc/tcc/data/known_faces/willa/willa_moderada_frontal_30cm.jpg,0.8443235234226296,0
/home/anitadonato/tcc/tcc/data/known_faces/Francisca/francisca_extra_02.jpg,/home/anitadonato/tcc/tcc/data/known_faces/JUNIOR/junior_baixa_frontal_1m.jpeg,0.8338979301432946,0
/home/anitadonato/tcc/tcc/data/known_faces/Francisca/francisca_extra_02.jpg,/home/anitadonato/tcc/tcc/data/known_faces/julia/20260602_212732.jpg,0.9484854518353857,0
/home/anitadonato/tcc/tcc/data/known_faces/willa/willa_extra_03.jpg,/home/anitadonato/tcc/tcc/data/known_faces/bianca/WhatsApp Image 2026-06-04 at 22.53.13 (1).jpeg,0.8751931694295649,0
/home/anitadonato/tcc/tcc/data/known_faces/julia/20260602_212631.jpg,/home/anitadonato/tcc/tcc/data/known_faces/JUNIOR/junior_extra_08.jpeg,0.9212615416085544,0
/home/anitadonato/tcc/tcc/data/known_faces/BIA/bia_extra_01.jpeg,/home/anitadonato/tcc/tcc/data/known_faces/JUNIOR/junior_extra_03.jpeg,0.8157321089794316,0
/home/anitadonato/tcc/tcc/data/known_faces/Francisca/francisca_extra_13.jpg,/home/anitadonato/tcc/tcc/data/known_faces/willa/20260602_212418.jpg,0.8878609341825716,0
/home/anitadonato/tcc/tcc/data/known_faces/luan/20260602_211812.jpg,/home/anitadonato/tcc/tcc/data/known_faces/BIA/bia_boa_frontal_30cm..jpeg,0.7978115452864505,0
/home/anitadonato/tcc/tcc/data/known_faces/bianca/WhatsApp Image 2026-06-04 at 22.53.18 (1).jpeg,/home/anitadonato/tcc/tcc/data/known_faces/julia/20260602_212635.jpg,0.8888245473166259,0
/home/anitadonato/tcc/tcc/data/known_faces/julia/20260602_212732.jpg,/home/anitadonato/tcc/tcc/data/known_faces/willa/20260602_212418.jpg,0.8583725747818367,0
/home/anitadonato/tcc/tcc/data/known_faces/Abraão/abraao_extra_01.jpg,/home/anitadonato/tcc/tcc/data/known_faces/Francisca/francisca_extra_07.jpg,0.8596916317009633,0
/home/anitadonato/tcc/tcc/data/known_faces/BIA/bia_moderada_frontal_1m.jpeg,/home/anitadonato/tcc/tcc/data/known_faces/Francisca/francisca_extra_06.jpg,0.9581734695261347,0
/home/anitadonato/tcc/tcc/data/known_faces/julia/julia_boa_45_esq(1).jpg,/home/anitadonato/tcc/tcc/data/known_faces/luan/20260602_211917.jpg,0.865357079770136,0
/home/anitadonato/tcc/tcc/data/known_faces/bianca/WhatsApp Image 2026-06-04 at 22.53.15.jpeg,/home/anitadonato/tcc/tcc/data/known_faces/luan/20260602_211917.jpg,0.7757361995132996,0
/home/anitadonato/tcc/tcc/data/known_faces/julia/20260602_212704.jpg,/home/anitadonato/tcc/tcc/data/known_faces/Francisca/francisca_extra_03.jpg,0.9139186347212709,0
/home/anitadonato/tcc/tcc/data/known_faces/BIA/bia_boa_frontal_1m..jpeg,/home/anitadonato/tcc/tcc/data/known_faces/Abraão/abraao_extra_04.jpg,0.9143954628553496,0
/home/anitadonato/tcc/tcc/data/known_faces/Abraão/abraao_boa_45_dir.jpg,/home/anitadonato/tcc/tcc/data/known_faces/luan/20260602_211826.jpg,0.7493719213010994,0
/home/anitadonato/tcc/tcc/data/known_faces/BIA/bia_extra_01.jpeg,/home/anitadonato/tcc/tcc/data/known_faces/julia/julia_boa_frontal.jpg,0.9530280733938324,0
/home/anitadonato/tcc/tcc/data/known_faces/luan/20260602_211814.jpg,/home/anitadonato/tcc/tcc/data/known_faces/Francisca/francisca_extra_01.jpg,0.9796284699561297,0
/home/anitadonato/tcc/tcc/data/known_faces/Francisca/francisca_extra_06.jpg,/home/anitadonato/tcc/tcc/data/known_faces/BIA/bia_boa_45_30cm.jpeg,0.937105076641457,0
/home/anitadonato/tcc/tcc/data/known_faces/Francisca/francisca_extra_13.jpg,/home/anitadonato/tcc/tcc/data/known_faces/ALESSANDRA/alessandra_boa_45_1m..jpeg,0.9213778636797904,0
/home/anitadonato/tcc/tcc/data/known_faces/Francisca/francisca_baixa_45_dir.jpg,/home/anitadonato/tcc/tcc/data/known_faces/ALESSANDRA/alessandra_moderada_45_30cm.jpeg,0.8904071893084259,0
/home/anitadonato/tcc/tcc/data/known_faces/Francisca/francisca_extra_10.jpg,/home/anitadonato/tcc/tcc/data/known_faces/Angela/angela_boa_45_dir.jpg,0.7409249939199858,0
/home/anitadonato/tcc/tcc/data/known_faces/ALESSANDRA/alessandra_extra_08.jpeg,/home/anitadonato/tcc/tcc/data/known_faces/Francisca/francisca_extra_10.jpg,0.928418759100493,0
/home/anitadonato/tcc/tcc/data/known_faces/julia/20260602_212631.jpg,/home/anitadonato/tcc/tcc/data/known_faces/JUNIOR/junior_baixa_45_30cm.jpeg,0.9640928510019424,0
/home/anitadonato/tcc/tcc/data/known_faces/Francisca/francisca_baixa_frontal.jpg,/home/anitadonato/tcc/tcc/data/known_faces/julia/20260602_212625.jpg,0.9249671494365923,0
/home/anitadonato/tcc/tcc/data/known_faces/bianca/WhatsApp Image 2026-06-04 at 22.53.13.jpeg,/home/anitadonato/tcc/tcc/data/known_faces/julia/julia_boa_frontal.jpg,0.919455273688558,0
/home/anitadonato/tcc/tcc/data/known_faces/ALESSANDRA/alessandra_boa_45_1m..jpeg,/home/anitadonato/tcc/tcc/data/known_faces/Angela/angela_extra_13.jpg,0.8189796266122573,0
/home/anitadonato/tcc/tcc/data/known_faces/Francisca/francisca_extra_02.jpg,/home/anitadonato/tcc/tcc/data/known_faces/Abraão/abraao_baixo_45_esq.jpg,0.8684033889106707,0
/home/anitadonato/tcc/tcc/data/known_faces/luan/20260602_212030.jpg,/home/anitadonato/tcc/tcc/data/known_faces/bianca/WhatsApp Image 2026-06-04 at 22.53.18 (3).jpeg,0.7745828051287369,0
/home/anitadonato/tcc/tcc/data/known_faces/willa/willa_extra_09.jpg,/home/anitadonato/tcc/tcc/data/known_faces/BIA/bia_extra_05.jpeg,0.910238258216537,0
/home/anitadonato/tcc/tcc/data/known_faces/julia/20260602_212704.jpg,/home/anitadonato/tcc/tcc/data/known_faces/willa/willa_moderada_frontal_30cm.jpg,0.8895747102082567,0
/home/anitadonato/tcc/tcc/data/known_faces/bianca/WhatsApp Image 2026-06-04 at 22.53.18 (2).jpeg,/home/anitadonato/tcc/tcc/data/known_faces/Francisca/francisca_extra_15.jpg,0.9742189872513278,0
/home/anitadonato/tcc/tcc/data/known_faces/ALESSANDRA/alessandra_boa_frontal_1m..jpeg,/home/anitadonato/tcc/tcc/data/known_faces/Abraão/abraao_boa_frontal.jpg,0.8526287150019225,0
/home/anitadonato/tcc/tcc/data/known_faces/Francisca/francisca_boa_frontal.jpg,/home/anitadonato/tcc/tcc/data/known_faces/Abraão/abraao_extra_01.jpg,0.9418369034182789,0
/home/anitadonato/tcc/tcc/data/known_faces/Angela/angela_baixa_frontal.jpg,/home/anitadonato/tcc/tcc/data/known_faces/luan/20260602_211823.jpg,0.8790553684907829,0
/home/anitadonato/tcc/tcc/data/known_faces/ALESSANDRA/alessandra_extra_07.jpeg,/home/anitadonato/tcc/tcc/data/known_faces/bianca/WhatsApp Image 2026-06-04 at 22.53.19 (1).jpeg,0.8147421505278072,0
/home/anitadonato/tcc/tcc/data/known_faces/willa/willa_extra_02.jpg,/home/anitadonato/tcc/tcc/data/known_faces/julia/20260602_212621.jpg,0.9514647479316778,0
/home/anitadonato/tcc/tcc/data/known_faces/BIA/bia_extra_02.jpeg,/home/anitadonato/tcc/tcc/data/known_faces/Francisca/francisca_extra_09.jpg,0.9627550027091283,0
/home/anitadonato/tcc/tcc/data/known_faces/Abraão/abraao_extra_02.jpg,/home/anitadonato/tcc/tcc/data/known_faces/BIA/bia_moderada_frontal_1m.jpeg,0.9027608946966883,0
/home/anitadonato/tcc/tcc/data/known_faces/BIA/bia_baixa_frontal_30cm.jpeg,/home/anitadonato/tcc/tcc/data/known_faces/bianca/WhatsApp Image 2026-06-04 at 22.53.18 (1).jpeg,0.6232180783213754,0
/home/anitadonato/tcc/tcc/data/known_faces/BIA/bia_extra_01.jpeg,/home/anitadonato/tcc/tcc/data/known_faces/Angela/angela_boa_45_esq.jpg,0.8258304662233855,0
/home/anitadonato/tcc/tcc/data/known_faces/Abraão/abraao_boa_45_dir.jpg,/home/anitadonato/tcc/tcc/data/known_faces/ALESSANDRA/alessandra_extra_02.jpeg,0.8430637077227511,0
/home/anitadonato/tcc/tcc/data/known_faces/willa/willa_extra_07.jpg,/home/anitadonato/tcc/tcc/data/known_faces/Francisca/francisca_baixa_frontal.jpg,0.8958038300917746,0
/home/anitadonato/tcc/tcc/data/known_faces/julia/20260602_212724.jpg,/home/anitadonato/tcc/tcc/data/known_faces/Francisca/francisca_extra_03.jpg,0.8537170302938377,0
/home/anitadonato/tcc/tcc/data/known_faces/luan/20260602_212016.jpg,/home/anitadonato/tcc/tcc/data/known_faces/willa/willa_extra_07.jpg,0.8854333907708575,0
/home/anitadonato/tcc/tcc/data/known_faces/Abraão/abraao_extra_07.jpg,/home/anitadonato/tcc/tcc/data/known_faces/ALESSANDRA/alessandra_extra_03.jpeg,0.8073782721654705,0
/home/anitadonato/tcc/tcc/data/known_faces/willa/20260602_212418.jpg,/home/anitadonato/tcc/tcc/data/known_faces/Francisca/francisca_baixa_45_esq.jpg,0.7739883087362822,0
/home/anitadonato/tcc/tcc/data/known_faces/BIA/bia_extra_01.jpeg,/home/anitadonato/tcc/tcc/data/known_faces/ALESSANDRA/alessandra_moderada_frontal_1m.jpeg,0.8051101275547715,0
/home/anitadonato/tcc/tcc/data/known_faces/ALESSANDRA/alessandra_extra_08.jpeg,/home/anitadonato/tcc/tcc/data/known_faces/Angela/angela_extra_11.jpg,0.7832008813368629,0
/home/anitadonato/tcc/tcc/data/known_faces/julia/20260602_212631.jpg,/home/anitadonato/tcc/tcc/data/known_faces/Francisca/francisca_extra_14.jpg,0.90924798041902,0
/home/anitadonato/tcc/tcc/data/known_faces/bianca/WhatsApp Image 2026-06-04 at 22.53.13.jpeg,/home/anitadonato/tcc/tcc/data/known_faces/julia/20260602_212740.jpg,0.8908400959789301,0
/home/anitadonato/tcc/tcc/data/known_faces/JUNIOR/junior_extra_03.jpeg,/home/anitadonato/tcc/tcc/data/known_faces/bianca/WhatsApp Image 2026-06-04 at 22.53.15.jpeg,0.9214091354891889,0
/home/anitadonato/tcc/tcc/data/known_faces/Abraão/abraao_extra_04.jpg,/home/anitadonato/tcc/tcc/data/known_faces/Angela/angela_extra_08.jpg,0.8393005170060037,0
/home/anitadonato/tcc/tcc/data/known_faces/julia/20260602_212724.jpg,/home/anitadonato/tcc/tcc/data/known_faces/Francisca/francisca_extra_13.jpg,0.9124709492996936,0
/home/anitadonato/tcc/tcc/data/known_faces/ALESSANDRA/alessandra_baixa_frontal_1m.jpeg,/home/anitadonato/tcc/tcc/data/known_faces/julia/20260602_212709.jpg,0.9115325552519755,0
/home/anitadonato/tcc/tcc/data/known_faces/Francisca/francisca_baixa_frontal.jpg,/home/anitadonato/tcc/tcc/data/known_faces/JUNIOR/junior_extra_05.jpeg,0.9008769514070866,0
/home/anitadonato/tcc/tcc/data/known_faces/luan/20260602_212035.jpg,/home/anitadonato/tcc/tcc/data/known_faces/ALESSANDRA/alessandra_moderada_45_30cm.jpeg,0.8827246338602398,0
/home/anitadonato/tcc/tcc/data/known_faces/julia/20260602_212621.jpg,/home/anitadonato/tcc/tcc/data/known_faces/bianca/WhatsApp Image 2026-06-04 at 22.53.14 (4).jpeg,0.9187308944419705,0
/home/anitadonato/tcc/tcc/data/known_faces/luan/20260602_212030.jpg,/home/anitadonato/tcc/tcc/data/known_faces/JUNIOR/junior_extra_08.jpeg,0.8714416152152955,0
/home/anitadonato/tcc/tcc/data/known_faces/julia/20260602_212633.jpg,/home/anitadonato/tcc/tcc/data/known_faces/ALESSANDRA/alessandra_extra_01.jpeg,0.9221068392135756,0
/home/anitadonato/tcc/tcc/data/known_faces/luan/20260602_211845.jpg,/home/anitadonato/tcc/tcc/data/known_faces/Angela/angela_extra_09.jpg,0.867571683028665,0
/home/anitadonato/tcc/tcc/data/known_faces/julia/20260602_212618.jpg,/home/anitadonato/tcc/tcc/data/known_faces/Abraão/abraao_extra_01.jpg,0.8280444716438107,0
/home/anitadonato/tcc/tcc/data/known_faces/Angela/angela_extra_12.jpg,/home/anitadonato/tcc/tcc/data/known_faces/Francisca/Francisca_boa_45_dir.jpg,0.8259154316473047,0
/home/anitadonato/tcc/tcc/data/known_faces/luan/20260602_211812.jpg,/home/anitadonato/tcc/tcc/data/known_faces/bianca/WhatsApp Image 2026-06-04 at 22.53.14.jpeg,0.5652995712194426,0
/home/anitadonato/tcc/tcc/data/known_faces/Abraão/abraao_baixo_45_esq.jpg,/home/anitadonato/tcc/tcc/data/known_faces/julia/20260602_212629.jpg,0.7651498082353684,0
/home/anitadonato/tcc/tcc/data/known_faces/julia/julia_boa_45_esq(1).jpg,/home/anitadonato/tcc/tcc/data/known_faces/Francisca/francisca_extra_03.jpg,0.9102890204703481,0
/home/anitadonato/tcc/tcc/data/known_faces/bianca/WhatsApp Image 2026-06-04 at 22.53.17 (1).jpeg,/home/anitadonato/tcc/tcc/data/known_faces/julia/20260602_212635.jpg,0.877426334152688,0
/home/anitadonato/tcc/tcc/data/known_faces/julia/20260602_212629.jpg,/home/anitadonato/tcc/tcc/data/known_faces/luan/20260602_211920.jpg,0.878600607617715,0
/home/anitadonato/tcc/tcc/data/known_faces/BIA/bia_boa_45_1m..jpeg,/home/anitadonato/tcc/tcc/data/known_faces/luan/20260602_211812.jpg,0.8250483303100411,0
/home/anitadonato/tcc/tcc/data/known_faces/Francisca/francisca_extra_05.jpg,/home/anitadonato/tcc/tcc/data/known_faces/bianca/WhatsApp Image 2026-06-04 at 22.53.19 (4).jpeg,0.9732966749615614,0
/home/anitadonato/tcc/tcc/data/known_faces/luan/20260602_211805.jpg,/home/anitadonato/tcc/tcc/data/known_faces/Francisca/francisca_extra_04.jpg,0.972669090778878,0
/home/anitadonato/tcc/tcc/data/known_faces/Francisca/francisca_boa_45_esq.jpg,/home/anitadonato/tcc/tcc/data/known_faces/julia/20260602_212732.jpg,0.9198290428236995,0
/home/anitadonato/tcc/tcc/data/known_faces/luan/20260602_211917.jpg,/home/anitadonato/tcc/tcc/data/known_faces/julia/20260602_212709.jpg,0.9150748120233363,0
/home/anitadonato/tcc/tcc/data/known_faces/luan/20260602_211920.jpg,/home/anitadonato/tcc/tcc/data/known_faces/willa/willa_extra_07.jpg,0.8795460860042223,0
/home/anitadonato/tcc/tcc/data/known_faces/JUNIOR/junior_boa_frontal_30cm.jpeg,/home/anitadonato/tcc/tcc/data/known_faces/BIA/bia_moderada_frontal_1m.jpeg,0.7641112958147203,0
/home/anitadonato/tcc/tcc/data/known_faces/bianca/WhatsApp Image 2026-06-04 at 22.53.19 (6).jpeg,/home/anitadonato/tcc/tcc/data/known_faces/BIA/bia_extra_06.jpeg,0.7011083312554286,0
/home/anitadonato/tcc/tcc/data/known_faces/ALESSANDRA/alessandra_extra_08.jpeg,/home/anitadonato/tcc/tcc/data/known_faces/JUNIOR/junior_extra_05.jpeg,0.7473368281021261,0
/home/anitadonato/tcc/tcc/data/known_faces/bianca/WhatsApp Image 2026-06-04 at 22.53.17 (1).jpeg,/home/anitadonato/tcc/tcc/data/known_faces/Angela/angela_baixa_45_esq.jpg,0.8454045900339954,0
/home/anitadonato/tcc/tcc/data/known_faces/Angela/angela_extra_13.jpg,/home/anitadonato/tcc/tcc/data/known_faces/luan/20260602_211913.jpg,0.9301923311899474,0
/home/anitadonato/tcc/tcc/data/known_faces/Abraão/abraao_baixo_45_esq.jpg,/home/anitadonato/tcc/tcc/data/known_faces/julia/julia_boa_45_esq(1).jpg,0.7519568498163369,0
/home/anitadonato/tcc/tcc/data/known_faces/julia/20260602_212629.jpg,/home/anitadonato/tcc/tcc/data/known_faces/ALESSANDRA/alessandra_extra_06.jpeg,0.888907590075743,0
/home/anitadonato/tcc/tcc/data/known_faces/Angela/angela_extra_10.jpg,/home/anitadonato/tcc/tcc/data/known_faces/Abraão/abraao_extra_02.jpg,0.7416222590270842,0
/home/anitadonato/tcc/tcc/data/known_faces/JUNIOR/junior_baixa_frontal_1m.jpeg,/home/anitadonato/tcc/tcc/data/known_faces/bianca/WhatsApp Image 2026-06-04 at 22.53.19 (6).jpeg,0.898180603586376,0
/home/anitadonato/tcc/tcc/data/known_faces/JUNIOR/junior_extra_05.jpeg,/home/anitadonato/tcc/tcc/data/known_faces/luan/20260602_211913.jpg,0.9397887711446222,0
/home/anitadonato/tcc/tcc/data/known_faces/julia/20260602_212621.jpg,/home/anitadonato/tcc/tcc/data/known_faces/luan/20260602_212030.jpg,0.9556607768009001,0
/home/anitadonato/tcc/tcc/data/known_faces/Abraão/abraao_extra_03.jpg,/home/anitadonato/tcc/tcc/data/known_faces/BIA/bia_boa_frontal_30cm..jpeg,0.9371151218169652,0
/home/anitadonato/tcc/tcc/data/known_faces/Abraão/abraao_baixo_45_esq.jpg,/home/anitadonato/tcc/tcc/data/known_faces/bianca/WhatsApp Image 2026-06-04 at 22.53.19 (3).jpeg,0.8394500880410625,0
/home/anitadonato/tcc/tcc/data/known_faces/Abraão/abraao_boa_45_dir.jpg,/home/anitadonato/tcc/tcc/data/known_faces/julia/20260602_212704.jpg,0.8003356381873454,0
/home/anitadonato/tcc/tcc/data/known_faces/ALESSANDRA/alessandra_extra_03.jpeg,/home/anitadonato/tcc/tcc/data/known_faces/willa/20260602_212431.jpg,0.8378994995018978,0
/home/anitadonato/tcc/tcc/data/known_faces/Francisca/francisca_extra_06.jpg,/home/anitadonato/tcc/tcc/data/known_faces/JUNIOR/junior_extra_06.jpeg,0.9005880562920788,0
/home/anitadonato/tcc/tcc/data/known_faces/Angela/angela_extra_11.jpg,/home/anitadonato/tcc/tcc/data/known_faces/BIA/bia_extra_06.jpeg,0.8600473146542338,0
/home/anitadonato/tcc/tcc/data/known_faces/willa/20260602_212521.jpg,/home/anitadonato/tcc/tcc/data/known_faces/Angela/angela_boa_frontal.jpg,0.7787132973435225,0
/home/anitadonato/tcc/tcc/data/known_faces/Abraão/abraao_extra_01.jpg,/home/anitadonato/tcc/tcc/data/known_faces/bianca/WhatsApp Image 2026-06-04 at 22.53.17 (1).jpeg,0.8996548239183768,0
/home/anitadonato/tcc/tcc/data/known_faces/willa/willa_baixa_frontal_30cm.jpg,/home/anitadonato/tcc/tcc/data/known_faces/Angela/angela_extra_09.jpg,0.6553709599073467,0
/home/anitadonato/tcc/tcc/data/known_faces/Francisca/francisca_extra_03.jpg,/home/anitadonato/tcc/tcc/data/known_faces/julia/20260602_212618.jpg,0.9162078567583678,0
/home/anitadonato/tcc/tcc/data/known_faces/julia/julia_boa_45_esq.jpg,/home/anitadonato/tcc/tcc/data/known_faces/Francisca/francisca_boa_frontal.jpg,0.9524127394492214,0
/home/anitadonato/tcc/tcc/data/known_faces/Abraão/abraao_extra_05.jpg,/home/anitadonato/tcc/tcc/data/known_faces/julia/julia_boa_frontal.jpg,0.8272480802990017,0
/home/anitadonato/tcc/tcc/data/known_faces/Francisca/francisca_extra_03.jpg,/home/anitadonato/tcc/tcc/data/known_faces/bianca/WhatsApp Image 2026-06-04 at 22.53.16.jpeg,0.9652953229252,0
/home/anitadonato/tcc/tcc/data/known_faces/Francisca/francisca_extra_07.jpg,/home/anitadonato/tcc/tcc/data/known_faces/BIA/bia_extra_08.jpeg,0.9596564351975179,0
/home/anitadonato/tcc/tcc/data/known_faces/Abraão/abraao_extra_06.jpg,/home/anitadonato/tcc/tcc/data/known_faces/BIA/bia_moderada_frontal_1m.jpeg,0.9136962339446716,0
/home/anitadonato/tcc/tcc/data/known_faces/JUNIOR/junior_extra_02.jpeg,/home/anitadonato/tcc/tcc/data/known_faces/Francisca/Francisca_boa_45_dir.jpg,0.8969322062398174,0
/home/anitadonato/tcc/tcc/data/known_faces/bianca/WhatsApp Image 2026-06-04 at 22.53.13 (1).jpeg,/home/anitadonato/tcc/tcc/data/known_faces/Francisca/francisca_extra_14.jpg,0.9525712119867075,0
/home/anitadonato/tcc/tcc/data/known_faces/ALESSANDRA/alessandra_extra_02.jpeg,/home/anitadonato/tcc/tcc/data/known_faces/julia/20260602_212635.jpg,0.8763415052933651,0
/home/anitadonato/tcc/tcc/data/known_faces/willa/willa_baixa_frontal_30cm.jpg,/home/anitadonato/tcc/tcc/data/known_faces/JUNIOR/junior_boa_frontal_1m.jpeg,0.9539924862398951,0
/home/anitadonato/tcc/tcc/data/known_faces/willa/20260602_212513.jpg,/home/anitadonato/tcc/tcc/data/known_faces/Francisca/francisca_baixa_frontal.jpg,0.8845361174414073,0
/home/anitadonato/tcc/tcc/data/known_faces/ALESSANDRA/alessandra_extra_07.jpeg,/home/anitadonato/tcc/tcc/data/known_faces/Francisca/francisca_baixa_45_dir.jpg,0.9498743322213352,0
/home/anitadonato/tcc/tcc/data/known_faces/willa/20260602_212513.jpg,/home/anitadonato/tcc/tcc/data/known_faces/JUNIOR/junior_baixa_frontal_1m.jpeg,0.9266966539908634,0
/home/anitadonato/tcc/tcc/data/known_faces/Francisca/francisca_extra_08.jpg,/home/anitadonato/tcc/tcc/data/known_faces/JUNIOR/junior_boa_45_30cm.jpeg,0.9148301501960274,0
/home/anitadonato/tcc/tcc/data/known_faces/BIA/bia_moderada_45_30cm.jpeg,/home/anitadonato/tcc/tcc/data/known_faces/Angela/angela_extra_06.jpg,0.9082105551967367,0
/home/anitadonato/tcc/tcc/data/known_faces/luan/20260602_211837.jpg,/home/anitadonato/tcc/tcc/data/known_faces/willa/20260602_212521.jpg,0.8488371752976751,0
/home/anitadonato/tcc/tcc/data/known_faces/Francisca/francisca_extra_04.jpg,/home/anitadonato/tcc/tcc/data/known_faces/julia/20260602_212709.jpg,0.898141507577835,0
/home/anitadonato/tcc/tcc/data/known_faces/Abraão/abraao_baixa_frontal.jpg,/home/anitadonato/tcc/tcc/data/known_faces/julia/20260602_212629.jpg,0.8361094567260254,0
/home/anitadonato/tcc/tcc/data/known_faces/BIA/bia_moderada_45_30cm.jpeg,/home/anitadonato/tcc/tcc/data/known_faces/bianca/WhatsApp Image 2026-06-04 at 22.53.16 (1).jpeg,0.8989144471815795,0
/home/anitadonato/tcc/tcc/data/known_faces/Abraão/abraao_baixa_45_dir.jpg,/home/anitadonato/tcc/tcc/data/known_faces/bianca/WhatsApp Image 2026-06-04 at 22.53.15 (1).jpeg,0.7772711588511378,0
/home/anitadonato/tcc/tcc/data/known_faces/luan/20260602_212013.jpg,/home/anitadonato/tcc/tcc/data/known_faces/Abraão/abraao_extra_05.jpg,0.8555298936709328,0
/home/anitadonato/tcc/tcc/data/known_faces/Francisca/francisca_extra_06.jpg,/home/anitadonato/tcc/tcc/data/known_faces/bianca/WhatsApp Image 2026-06-04 at 22.53.14 (1).jpeg,0.9266444764729223,0
/home/anitadonato/tcc/tcc/data/known_faces/BIA/bia_baixa_45_1m.jpeg,/home/anitadonato/tcc/tcc/data/known_faces/julia/julia_boa_45_esq.jpg,0.9298505088810606,0
/home/anitadonato/tcc/tcc/data/known_faces/JUNIOR/junior_baixa_frontal_1m.jpeg,/home/anitadonato/tcc/tcc/data/known_faces/BIA/bia_extra_07.jpeg,0.744945942877242,0
/home/anitadonato/tcc/tcc/data/known_faces/Francisca/francisca_baixa_frontal.jpg,/home/anitadonato/tcc/tcc/data/known_faces/bianca/WhatsApp Image 2026-06-04 at 22.53.14 (2).jpeg,0.9654458060779277,0
/home/anitadonato/tcc/tcc/data/known_faces/ALESSANDRA/alessandra_extra_02.jpeg,/home/anitadonato/tcc/tcc/data/known_faces/willa/willa_extra_08.jpg,0.7952640817589042,0
/home/anitadonato/tcc/tcc/data/known_faces/Abraão/abraao_extra_01.jpg,/home/anitadonato/tcc/tcc/data/known_faces/willa/willa_moderada_45_30cm.jpg,0.8373315613726994,0
/home/anitadonato/tcc/tcc/data/known_faces/Angela/angela_extra_09.jpg,/home/anitadonato/tcc/tcc/data/known_faces/bianca/WhatsApp Image 2026-06-04 at 22.53.16 (1).jpeg,0.8891872982357346,0
/home/anitadonato/tcc/tcc/data/known_faces/luan/20260602_212025.jpg,/home/anitadonato/tcc/tcc/data/known_faces/bianca/WhatsApp Image 2026-06-04 at 22.53.19 (2).jpeg,0.8046533802046898,0
/home/anitadonato/tcc/tcc/data/known_faces/Angela/angela_boa_45_dir.jpg,/home/anitadonato/tcc/tcc/data/known_faces/bianca/WhatsApp Image 2026-06-04 at 22.53.19 (5).jpeg,0.9218129011479628,0
/home/anitadonato/tcc/tcc/data/known_faces/julia/20260602_212654.jpg,/home/anitadonato/tcc/tcc/data/known_faces/bianca/WhatsApp Image 2026-06-04 at 22.53.13 (2).jpeg,0.9196049047265358,0
/home/anitadonato/tcc/tcc/data/known_faces/JUNIOR/junior_extra_07.jpeg,/home/anitadonato/tcc/tcc/data/known_faces/BIA/bia_extra_07.jpeg,0.8607547273846932,0
/home/anitadonato/tcc/tcc/data/known_faces/BIA/bia_baixa_frontal_30cm.jpeg,/home/anitadonato/tcc/tcc/data/known_faces/JUNIOR/junior_extra_04.jpeg,0.8974609666045739,0
/home/anitadonato/tcc/tcc/data/known_faces/luan/20260602_211809.jpg,/home/anitadonato/tcc/tcc/data/known_faces/JUNIOR/junior_extra_05.jpeg,0.9293593090718559,0
/home/anitadonato/tcc/tcc/data/known_faces/Francisca/francisca_baixa_frontal.jpg,/home/anitadonato/tcc/tcc/data/known_faces/BIA/bia_extra_07.jpeg,0.965487745944185,0
/home/anitadonato/tcc/tcc/data/known_faces/Abraão/abraao_baixa_45_dir.jpg,/home/anitadonato/tcc/tcc/data/known_faces/BIA/bia_baixa_45_30cm.jpeg,0.935234227974616,0
/home/anitadonato/tcc/tcc/data/known_faces/JUNIOR/junior_boa_45_1m.jpeg,/home/anitadonato/tcc/tcc/data/known_faces/BIA/bia_moderada_frontal_1m.jpeg,0.8444095954377737,0
/home/anitadonato/tcc/tcc/data/known_faces/BIA/bia_moderada_45_30cm.jpeg,/home/anitadonato/tcc/tcc/data/known_faces/Abraão/abraao_boa_frontal.jpg,0.9144133408965118,0
/home/anitadonato/tcc/tcc/data/known_faces/willa/willa_baixa_frontal_30cm.jpg,/home/anitadonato/tcc/tcc/data/known_faces/BIA/bia_extra_03.jpeg,0.7752277190517659,0
/home/anitadonato/tcc/tcc/data/known_faces/Angela/angela_extra_03.jpg,/home/anitadonato/tcc/tcc/data/known_faces/ALESSANDRA/alessandra_boa_45_1m..jpeg,0.783765746541933,0
/home/anitadonato/tcc/tcc/data/known_faces/Angela/angela_extra_03.jpg,/home/anitadonato/tcc/tcc/data/known_faces/luan/20260602_211823.jpg,0.9091240401863051,0
/home/anitadonato/tcc/tcc/data/known_faces/Abraão/abraao_boa_45_.jpg,/home/anitadonato/tcc/tcc/data/known_faces/ALESSANDRA/alessandra_baixa_45_1m.jpeg,0.9237914902058132,0
/home/anitadonato/tcc/tcc/data/known_faces/JUNIOR/junior_moderada_frontal_1m.jpeg,/home/anitadonato/tcc/tcc/data/known_faces/BIA/bia_extra_03.jpeg,0.8785701763917735,0
/home/anitadonato/tcc/tcc/data/known_faces/ALESSANDRA/alessandra_extra_01.jpeg,/home/anitadonato/tcc/tcc/data/known_faces/Angela/angela_baixa_45_esq.jpg,0.7814153512336447,0
/home/anitadonato/tcc/tcc/data/known_faces/Angela/angela_extra_11.jpg,/home/anitadonato/tcc/tcc/data/known_faces/bianca/WhatsApp Image 2026-06-04 at 22.53.14 (1).jpeg,0.8525682939322319,0
/home/anitadonato/tcc/tcc/data/known_faces/Abraão/abraao_extra_08.jpg,/home/anitadonato/tcc/tcc/data/known_faces/julia/20260602_212712.jpg,0.8086722431215447,0
/home/anitadonato/tcc/tcc/data/known_faces/luan/20260602_212013.jpg,/home/anitadonato/tcc/tcc/data/known_faces/Abraão/abraao_extra_10.jpg,0.8389243301760608,0
/home/anitadonato/tcc/tcc/data/known_faces/BIA/bia_moderada_45_1m.jpeg,/home/anitadonato/tcc/tcc/data/known_faces/ALESSANDRA/alessandra_extra_02.jpeg,0.8946785898959237,0
/home/anitadonato/tcc/tcc/data/known_faces/julia/20260602_212621.jpg,/home/anitadonato/tcc/tcc/data/known_faces/ALESSANDRA/alessandra_extra_08.jpeg,0.8753668336927415,0
/home/anitadonato/tcc/tcc/data/known_faces/bianca/WhatsApp Image 2026-06-04 at 22.53.18.jpeg,/home/anitadonato/tcc/tcc/data/known_faces/willa/20260602_212511.jpg,0.905152323343082,0
/home/anitadonato/tcc/tcc/data/known_faces/julia/20260602_212625.jpg,/home/anitadonato/tcc/tcc/data/known_faces/willa/20260602_212507.jpg,0.9429784238045399,0
/home/anitadonato/tcc/tcc/data/known_faces/JUNIOR/junior_baixa_frontal_1m.jpeg,/home/anitadonato/tcc/tcc/data/known_faces/Angela/angela_boa_45_esq.jpg,0.9002812918885208,0
/home/anitadonato/tcc/tcc/data/known_faces/Francisca/francisca_extra_05.jpg,/home/anitadonato/tcc/tcc/data/known_faces/luan/20260602_211920.jpg,0.9547150511568476,0
/home/anitadonato/tcc/tcc/data/known_faces/willa/willa_extra_02.jpg,/home/anitadonato/tcc/tcc/data/known_faces/luan/20260602_212013.jpg,0.8636068152281889,0
/home/anitadonato/tcc/tcc/data/known_faces/luan/20260602_211814.jpg,/home/anitadonato/tcc/tcc/data/known_faces/bianca/WhatsApp Image 2026-06-04 at 22.53.19 (4).jpeg,0.751369330007846,0
/home/anitadonato/tcc/tcc/data/known_faces/Abraão/abraao_boa_frontal.jpg,/home/anitadonato/tcc/tcc/data/known_faces/luan/20260602_211923.jpg,0.8288746463113184,0
/home/anitadonato/tcc/tcc/data/known_faces/julia/20260602_212726.jpg,/home/anitadonato/tcc/tcc/data/known_faces/BIA/bia_extra_03.jpeg,0.9520172563165346,0
/home/anitadonato/tcc/tcc/data/known_faces/julia/20260602_212726.jpg,/home/anitadonato/tcc/tcc/data/known_faces/bianca/WhatsApp Image 2026-06-04 at 22.53.19 (2).jpeg,0.8948080493582838,0
/home/anitadonato/tcc/tcc/data/known_faces/Abraão/abraao_extra_07.jpg,/home/anitadonato/tcc/tcc/data/known_faces/JUNIOR/junior_extra_03.jpeg,0.9443400144206863,0
/home/anitadonato/tcc/tcc/data/known_faces/Francisca/francisca_boa_45_esq.jpg,/home/anitadonato/tcc/tcc/data/known_faces/JUNIOR/junior_extra_08.jpeg,0.9165510197065585,0
/home/anitadonato/tcc/tcc/data/known_faces/Abraão/abraao_baixa_frontal.jpg,/home/anitadonato/tcc/tcc/data/known_faces/willa/20260602_212507.jpg,0.9165274838669342,0
/home/anitadonato/tcc/tcc/data/known_faces/bianca/WhatsApp Image 2026-06-04 at 22.53.19 (2).jpeg,/home/anitadonato/tcc/tcc/data/known_faces/Abraão/abraao_extra_05.jpg,0.7395354059496253,0
/home/anitadonato/tcc/tcc/data/known_faces/Angela/angela_baixa_45_esq.jpg,/home/anitadonato/tcc/tcc/data/known_faces/luan/20260602_212025.jpg,0.8914100735345973,0
/home/anitadonato/tcc/tcc/data/known_faces/luan/20260602_211913.jpg,/home/anitadonato/tcc/tcc/data/known_faces/willa/20260602_212511.jpg,0.7898143665832048,0
/home/anitadonato/tcc/tcc/data/known_faces/bianca/WhatsApp Image 2026-06-04 at 22.53.19 (6).jpeg,/home/anitadonato/tcc/tcc/data/known_faces/JUNIOR/junior_extra_06.jpeg,0.9245775132444457,0
/home/anitadonato/tcc/tcc/data/known_faces/ALESSANDRA/alessandra_moderada_frontal_30cm.jpeg,/home/anitadonato/tcc/tcc/data/known_faces/Francisca/francisca_extra_04.jpg,0.9418809168981267,0
/home/anitadonato/tcc/tcc/data/known_faces/JUNIOR/junior_moderada_frontal_1m.jpeg,/home/anitadonato/tcc/tcc/data/known_faces/Abraão/abraao_extra_10.jpg,0.938871883857491,0
/home/anitadonato/tcc/tcc/data/known_faces/BIA/bia_extra_08.jpeg,/home/anitadonato/tcc/tcc/data/known_faces/Angela/angela_extra_02.jpg,0.835686288772088,0
/home/anitadonato/tcc/tcc/data/known_faces/Abraão/abraao_extra_05.jpg,/home/anitadonato/tcc/tcc/data/known_faces/JUNIOR/junior_baixa_frontal_30cm.jpeg,0.9399614227082982,0
/home/anitadonato/tcc/tcc/data/known_faces/Francisca/francisca_extra_08.jpg,/home/anitadonato/tcc/tcc/data/known_faces/BIA/bia_moderada_45_30cm.jpeg,0.9623421183731998,0
/home/anitadonato/tcc/tcc/data/known_faces/willa/20260602_212418.jpg,/home/anitadonato/tcc/tcc/data/known_faces/luan/20260602_212030.jpg,0.9053592940858232,0
/home/anitadonato/tcc/tcc/data/known_faces/Francisca/francisca_boa_frontal.jpg,/home/anitadonato/tcc/tcc/data/known_faces/ALESSANDRA/alessandra_extra_01.jpeg,0.9489622119144991,0
/home/anitadonato/tcc/tcc/data/known_faces/Francisca/francisca_extra_06.jpg,/home/anitadonato/tcc/tcc/data/known_faces/JUNIOR/junior_baixa_45_1m.jpeg,0.831258322277366,0
/home/anitadonato/tcc/tcc/data/known_faces/Angela/angela_extra_13.jpg,/home/anitadonato/tcc/tcc/data/known_faces/willa/willa_extra_05.jpg,0.7764546295796315,0
/home/anitadonato/tcc/tcc/data/known_faces/Abraão/abraao_baixa_45_dir.jpg,/home/anitadonato/tcc/tcc/data/known_faces/Angela/angela_baixa_frontal.jpg,0.774576724583573,0
/home/anitadonato/tcc/tcc/data/known_faces/luan/20260602_211920.jpg,/home/anitadonato/tcc/tcc/data/known_faces/BIA/bia_extra_06.jpeg,0.8809217215300269,0
/home/anitadonato/tcc/tcc/data/known_faces/julia/20260602_212631.jpg,/home/anitadonato/tcc/tcc/data/known_faces/JUNIOR/junior_extra_04.jpeg,0.8994634598061805,0
/home/anitadonato/tcc/tcc/data/known_faces/Francisca/francisca_extra_14.jpg,/home/anitadonato/tcc/tcc/data/known_faces/JUNIOR/junior_moderada_frontal_30cm.jpeg,0.923386573189297,0
/home/anitadonato/tcc/tcc/data/known_faces/Abraão/abraao_boa_45_.jpg,/home/anitadonato/tcc/tcc/data/known_faces/ALESSANDRA/alessandra_boa_45_30cm.jpeg,0.8459201336418999,0
/home/anitadonato/tcc/tcc/data/known_faces/willa/20260602_212507.jpg,/home/anitadonato/tcc/tcc/data/known_faces/ALESSANDRA/alessandra_extra_01.jpeg,0.9297721992582089,0
/home/anitadonato/tcc/tcc/data/known_faces/julia/20260602_212740.jpg,/home/anitadonato/tcc/tcc/data/known_faces/bianca/WhatsApp Image 2026-06-04 at 22.53.18 (3).jpeg,0.8362102952394832,0
/home/anitadonato/tcc/tcc/data/known_faces/julia/20260602_212654.jpg,/home/anitadonato/tcc/tcc/data/known_faces/bianca/WhatsApp Image 2026-06-04 at 22.53.14 (4).jpeg,0.9686887393686671,0
/home/anitadonato/tcc/tcc/data/known_faces/luan/20260602_211917.jpg,/home/anitadonato/tcc/tcc/data/known_faces/Abraão/abraao_extra_07.jpg,0.8701589488460398,0
/home/anitadonato/tcc/tcc/data/known_faces/Abraão/abraao_extra_09.jpg,/home/anitadonato/tcc/tcc/data/known_faces/Francisca/francisca_extra_11.jpg,0.8818485709980571,0
/home/anitadonato/tcc/tcc/data/known_faces/Francisca/francisca_extra_02.jpg,/home/anitadonato/tcc/tcc/data/known_faces/ALESSANDRA/alessandra_extra_05.jpeg,0.9438452042169786,0
/home/anitadonato/tcc/tcc/data/known_faces/willa/20260602_212418.jpg,/home/anitadonato/tcc/tcc/data/known_faces/ALESSANDRA/alessandra_boa_frontal_1m..jpeg,0.9335090721220325,0
/home/anitadonato/tcc/tcc/data/known_faces/Francisca/francisca_boa_45_esq.jpg,/home/anitadonato/tcc/tcc/data/known_faces/BIA/bia_extra_01.jpeg,0.9531666641829194,0
/home/anitadonato/tcc/tcc/data/known_faces/Francisca/francisca_baixa_frontal.jpg,/home/anitadonato/tcc/tcc/data/known_faces/JUNIOR/junior_baixa_45_1m.jpeg,0.8580141945925287,0
/home/anitadonato/tcc/tcc/data/known_faces/julia/20260602_212631.jpg,/home/anitadonato/tcc/tcc/data/known_faces/bianca/WhatsApp Image 2026-06-04 at 22.53.14 (2).jpeg,0.9014966756002469,0
/home/anitadonato/tcc/tcc/data/known_faces/bianca/WhatsApp Image 2026-06-04 at 22.53.19 (1).jpeg,/home/anitadonato/tcc/tcc/data/known_faces/luan/20260602_211836.jpg,0.748934328970368,0
/home/anitadonato/tcc/tcc/data/known_faces/luan/20260602_212035.jpg,/home/anitadonato/tcc/tcc/data/known_faces/willa/willa_extra_04.jpg,0.8600558874381704,0
/home/anitadonato/tcc/tcc/data/known_faces/Abraão/abraao_baixa_45_esq.jpg,/home/anitadonato/tcc/tcc/data/known_faces/bianca/WhatsApp Image 2026-06-04 at 22.53.16 (3).jpeg,0.8462762928853291,0
/home/anitadonato/tcc/tcc/data/known_faces/willa/willa_moderada_frontal_30cm.jpg,/home/anitadonato/tcc/tcc/data/known_faces/bianca/WhatsApp Image 2026-06-04 at 22.53.16 (2).jpeg,0.8626064299553694,0
/home/anitadonato/tcc/tcc/data/known_faces/bianca/WhatsApp Image 2026-06-04 at 22.53.14 (1).jpeg,/home/anitadonato/tcc/tcc/data/known_faces/Francisca/francisca_extra_07.jpg,0.9338316215759149,0
/home/anitadonato/tcc/tcc/data/known_faces/ALESSANDRA/alessandra_boa_45_30cm.jpeg,/home/anitadonato/tcc/tcc/data/known_faces/JUNIOR/junior_moderada_frontal_30cm.jpeg,0.9339650015197128,0
/home/anitadonato/tcc/tcc/data/known_faces/julia/20260602_212625.jpg,/home/anitadonato/tcc/tcc/data/known_faces/JUNIOR/junior_extra_06.jpeg,0.925679965283227,0
/home/anitadonato/tcc/tcc/data/known_faces/Abraão/abraao_extra_07.jpg,/home/anitadonato/tcc/tcc/data/known_faces/BIA/bia_moderada_frontal_1m.jpeg,0.8585076609799511,0
/home/anitadonato/tcc/tcc/data/known_faces/bianca/WhatsApp Image 2026-06-04 at 22.53.13.jpeg,/home/anitadonato/tcc/tcc/data/known_faces/luan/20260602_211920.jpg,0.797010037112966,0
/home/anitadonato/tcc/tcc/data/known_faces/Francisca/francisca_extra_02.jpg,/home/anitadonato/tcc/tcc/data/known_faces/JUNIOR/junior_extra_03.jpeg,0.8875520964605688,0
/home/anitadonato/tcc/tcc/data/known_faces/Angela/angela_extra_11.jpg,/home/anitadonato/tcc/tcc/data/known_faces/Abraão/abraao_baixo_45_esq.jpg,0.8282207051084876,0
/home/anitadonato/tcc/tcc/data/known_faces/luan/20260602_211826.jpg,/home/anitadonato/tcc/tcc/data/known_faces/willa/willa_extra_04.jpg,0.7693314409769588,0
/home/anitadonato/tcc/tcc/data/known_faces/JUNIOR/junior_boa_frontal_30cm.jpeg,/home/anitadonato/tcc/tcc/data/known_faces/Angela/angela_boa_45_dir.jpg,0.8435545342428337,0
/home/anitadonato/tcc/tcc/data/known_faces/Angela/angela_extra_01.jpg,/home/anitadonato/tcc/tcc/data/known_faces/Francisca/francisca_boa_frontal.jpg,0.8945933329625498,0
/home/anitadonato/tcc/tcc/data/known_faces/willa/20260602_212507.jpg,/home/anitadonato/tcc/tcc/data/known_faces/Angela/angela_boa_frontal.jpg,0.8275385600749516,0
/home/anitadonato/tcc/tcc/data/known_faces/julia/julia_boa_frontal.jpg,/home/anitadonato/tcc/tcc/data/known_faces/willa/willa_moderada_frontal_30cm.jpg,0.9517417859599524,0
/home/anitadonato/tcc/tcc/data/known_faces/julia/20260602_212709.jpg,/home/anitadonato/tcc/tcc/data/known_faces/JUNIOR/junior_boa_45_1m.jpeg,0.9392456129173157,0
/home/anitadonato/tcc/tcc/data/known_faces/julia/20260602_212740.jpg,/home/anitadonato/tcc/tcc/data/known_faces/Abraão/abraao_extra_08.jpg,0.8534635501658675,0
/home/anitadonato/tcc/tcc/data/known_faces/Francisca/francisca_extra_14.jpg,/home/anitadonato/tcc/tcc/data/known_faces/willa/20260602_212431.jpg,0.8532650072318793,0
/home/anitadonato/tcc/tcc/data/known_faces/JUNIOR/junior_baixa_frontal_1m.jpeg,/home/anitadonato/tcc/tcc/data/known_faces/luan/20260602_211845.jpg,0.9593004227162086,0
/home/anitadonato/tcc/tcc/data/known_faces/julia/20260602_212621.jpg,/home/anitadonato/tcc/tcc/data/known_faces/willa/20260602_212431.jpg,0.8983418286860537,0
/home/anitadonato/tcc/tcc/data/known_faces/JUNIOR/junior_baixa_frontal_1m.jpeg,/home/anitadonato/tcc/tcc/data/known_faces/Francisca/francisca_baixa_45_esq.jpg,0.8513071326275681,0
/home/anitadonato/tcc/tcc/data/known_faces/willa/willa_extra_05.jpg,/home/anitadonato/tcc/tcc/data/known_faces/luan/20260602_212013.jpg,0.8650764077045342,0
/home/anitadonato/tcc/tcc/data/known_faces/willa/20260602_212431.jpg,/home/anitadonato/tcc/tcc/data/known_faces/luan/20260602_212013.jpg,0.8965467161885156,0
/home/anitadonato/tcc/tcc/data/known_faces/willa/willa_extra_03.jpg,/home/anitadonato/tcc/tcc/data/known_faces/BIA/bia_moderada_frontal_30cm.jpeg,0.8881604473157955,0
/home/anitadonato/tcc/tcc/data/known_faces/julia/20260602_212629.jpg,/home/anitadonato/tcc/tcc/data/known_faces/luan/20260602_211809.jpg,0.8326294212306178,0
/home/anitadonato/tcc/tcc/data/known_faces/julia/20260602_212709.jpg,/home/anitadonato/tcc/tcc/data/known_faces/Abraão/abraao_baixa_frontal.jpg,0.8295561562512243,0
/home/anitadonato/tcc/tcc/data/known_faces/luan/20260602_211809.jpg,/home/anitadonato/tcc/tcc/data/known_faces/Angela/angela_extra_02.jpg,0.8450864465101458,0
/home/anitadonato/tcc/tcc/data/known_faces/julia/julia_boa_45_esq(1).jpg,/home/anitadonato/tcc/tcc/data/known_faces/willa/willa_extra_09.jpg,0.9223408629753034,0
/home/anitadonato/tcc/tcc/data/known_faces/willa/willa_extra_04.jpg,/home/anitadonato/tcc/tcc/data/known_faces/Angela/angela_extra_06.jpg,0.7739521787246862,0
/home/anitadonato/tcc/tcc/data/known_faces/Francisca/francisca_extra_08.jpg,/home/anitadonato/tcc/tcc/data/known_faces/bianca/WhatsApp Image 2026-06-04 at 22.53.19 (3).jpeg,0.9551227268829734,0
/home/anitadonato/tcc/tcc/data/known_faces/JUNIOR/junior_extra_03.jpeg,/home/anitadonato/tcc/tcc/data/known_faces/ALESSANDRA/alessandra_baixa_frontal_1m.jpeg,0.8689708724493428,0
/home/anitadonato/tcc/tcc/data/known_faces/JUNIOR/junior_moderada_45_30cm.jpeg,/home/anitadonato/tcc/tcc/data/known_faces/Abraão/abraao_extra_06.jpg,0.9570086016863759,0
/home/anitadonato/tcc/tcc/data/known_faces/Francisca/francisca_extra_15.jpg,/home/anitadonato/tcc/tcc/data/known_faces/willa/20260602_212513.jpg,0.9202822076637156,0
/home/anitadonato/tcc/tcc/data/known_faces/JUNIOR/junior_moderada_frontal_1m.jpeg,/home/anitadonato/tcc/tcc/data/known_faces/Abraão/abraao_boa_45_.jpg,0.9635636982343492,0
/home/anitadonato/tcc/tcc/data/known_faces/JUNIOR/junior_extra_05.jpeg,/home/anitadonato/tcc/tcc/data/known_faces/Francisca/francisca_boa_45_esq.jpg,0.873705382108894,0
/home/anitadonato/tcc/tcc/data/known_faces/willa/willa_extra_02.jpg,/home/anitadonato/tcc/tcc/data/known_faces/Abraão/abraao_extra_06.jpg,0.8154735731691625,0
/home/anitadonato/tcc/tcc/data/known_faces/JUNIOR/junior_moderada_45_1m.jpeg,/home/anitadonato/tcc/tcc/data/known_faces/Angela/angela_baixa_frontal.jpg,0.9436999869749902,0
/home/anitadonato/tcc/tcc/data/known_faces/bianca/WhatsApp Image 2026-06-04 at 22.53.16 (1).jpeg,/home/anitadonato/tcc/tcc/data/known_faces/luan/20260602_211805.jpg,0.857887489617346,0
/home/anitadonato/tcc/tcc/data/known_faces/JUNIOR/junior_boa_45_30cm.jpeg,/home/anitadonato/tcc/tcc/data/known_faces/Francisca/francisca_extra_01.jpg,0.8882341603304884,0
/home/anitadonato/tcc/tcc/data/known_faces/JUNIOR/junior_boa_frontal_1m.jpeg,/home/anitadonato/tcc/tcc/data/known_faces/julia/20260602_212635.jpg,0.9786207901415706,0
/home/anitadonato/tcc/tcc/data/known_faces/Angela/angela_baixa_frontal.jpg,/home/anitadonato/tcc/tcc/data/known_faces/willa/willa_extra_02.jpg,0.6735043948212007,0
/home/anitadonato/tcc/tcc/data/known_faces/Abraão/abraao_extra_10.jpg,/home/anitadonato/tcc/tcc/data/known_faces/luan/20260602_211809.jpg,0.8176638494873953,0
/home/anitadonato/tcc/tcc/data/known_faces/JUNIOR/junior_moderada_frontal_30cm.jpeg,/home/anitadonato/tcc/tcc/data/known_faces/Angela/angela_extra_07.jpg,0.9443067578118153,0
/home/anitadonato/tcc/tcc/data/known_faces/Angela/angela_boa_frontal.jpg,/home/anitadonato/tcc/tcc/data/known_faces/willa/20260602_212521.jpg,0.7787132973435225,0
/home/anitadonato/tcc/tcc/data/known_faces/julia/20260602_212726.jpg,/home/anitadonato/tcc/tcc/data/known_faces/ALESSANDRA/alessandra_extra_04.jpeg,0.9226567748957137,0
/home/anitadonato/tcc/tcc/data/known_faces/BIA/bia_moderada_frontal_30cm.jpeg,/home/anitadonato/tcc/tcc/data/known_faces/julia/20260602_212704.jpg,0.9180306046391965,0
/home/anitadonato/tcc/tcc/data/known_faces/julia/julia_boa_45_esq.jpg,/home/anitadonato/tcc/tcc/data/known_faces/BIA/bia_boa_frontal_30cm..jpeg,0.9093638709960756,0
/home/anitadonato/tcc/tcc/data/known_faces/Francisca/francisca_extra_01.jpg,/home/anitadonato/tcc/tcc/data/known_faces/julia/20260602_212712.jpg,0.8821241191339725,0
/home/anitadonato/tcc/tcc/data/known_faces/willa/willa_extra_07.jpg,/home/anitadonato/tcc/tcc/data/known_faces/julia/20260602_212704.jpg,0.9137296371461879,0
/home/anitadonato/tcc/tcc/data/known_faces/bianca/WhatsApp Image 2026-06-04 at 22.53.17.jpeg,/home/anitadonato/tcc/tcc/data/known_faces/luan/20260602_211923.jpg,0.8806255652539273,0
/home/anitadonato/tcc/tcc/data/known_faces/Angela/angela_boa_45_esq.jpg,/home/anitadonato/tcc/tcc/data/known_faces/BIA/bia_extra_01.jpeg,0.8258304662233855,0
/home/anitadonato/tcc/tcc/data/known_faces/ALESSANDRA/alessandra_extra_04.jpeg,/home/anitadonato/tcc/tcc/data/known_faces/julia/julia_boa_45_esq.jpg,0.9214337403740236,0
/home/anitadonato/tcc/tcc/data/known_faces/Abraão/abraao_baixo_45_esq.jpg,/home/anitadonato/tcc/tcc/data/known_faces/luan/20260602_211845.jpg,0.6997997727327456,0
/home/anitadonato/tcc/tcc/data/known_faces/Abraão/abraao_extra_02.jpg,/home/anitadonato/tcc/tcc/data/known_faces/Angela/angela_extra_09.jpg,0.7325682435007352,0
/home/anitadonato/tcc/tcc/data/known_faces/luan/20260602_211923.jpg,/home/anitadonato/tcc/tcc/data/known_faces/Angela/angela_baixa_frontal.jpg,0.8958558564760003,0
/home/anitadonato/tcc/tcc/data/known_faces/BIA/bia_extra_04.jpeg,/home/anitadonato/tcc/tcc/data/known_faces/julia/20260602_212618.jpg,0.9334132344610623,0
/home/anitadonato/tcc/tcc/data/known_faces/bianca/WhatsApp Image 2026-06-04 at 22.53.16 (2).jpeg,/home/anitadonato/tcc/tcc/data/known_faces/ALESSANDRA/alessandra_moderada_45_1m.jpeg,0.863171601534052,0
/home/anitadonato/tcc/tcc/data/known_faces/JUNIOR/junior_extra_05.jpeg,/home/anitadonato/tcc/tcc/data/known_faces/BIA/bia_baixa_frontal_1m.jpeg,0.861445582397348,0
/home/anitadonato/tcc/tcc/data/known_faces/JUNIOR/junior_baixa_45_1m.jpeg,/home/anitadonato/tcc/tcc/data/known_faces/BIA/bia_extra_03.jpeg,0.8534390937603565,0
/home/anitadonato/tcc/tcc/data/known_faces/Abraão/abraao_boa_45_.jpg,/home/anitadonato/tcc/tcc/data/known_faces/JUNIOR/junior_boa_45_1m.jpeg,0.957517006036608,0
/home/anitadonato/tcc/tcc/data/known_faces/ALESSANDRA/alessandra_extra_08.jpeg,/home/anitadonato/tcc/tcc/data/known_faces/Francisca/francisca_boa_45_esq.jpg,0.9349073080447993,0
/home/anitadonato/tcc/tcc/data/known_faces/julia/20260602_212618.jpg,/home/anitadonato/tcc/tcc/data/known_faces/willa/20260602_212507.jpg,0.9200142778514822,0
/home/anitadonato/tcc/tcc/data/known_faces/ALESSANDRA/alessandra_boa_frontal_1m..jpeg,/home/anitadonato/tcc/tcc/data/known_faces/Francisca/francisca_boa_45_esq.jpg,0.945258678623375,0
/home/anitadonato/tcc/tcc/data/known_faces/luan/20260602_211923.jpg,/home/anitadonato/tcc/tcc/data/known_faces/willa/20260602_212511.jpg,0.783911537694346,0
/home/anitadonato/tcc/tcc/data/known_faces/Francisca/francisca_extra_04.jpg,/home/anitadonato/tcc/tcc/data/known_faces/BIA/bia_baixa_frontal_30cm.jpeg,0.9738305045695734,0
/home/anitadonato/tcc/tcc/data/known_faces/ALESSANDRA/alessandra_extra_06.jpeg,/home/anitadonato/tcc/tcc/data/known_faces/BIA/bia_moderada_frontal_30cm.jpeg,0.8526776937160003,0
/home/anitadonato/tcc/tcc/data/known_faces/julia/20260602_212628.jpg,/home/anitadonato/tcc/tcc/data/known_faces/Abraão/abraao_extra_09.jpg,0.8182678116782095,0
/home/anitadonato/tcc/tcc/data/known_faces/willa/20260602_212418.jpg,/home/anitadonato/tcc/tcc/data/known_faces/luan/20260602_212032.jpg,0.8372038093834446,0
/home/anitadonato/tcc/tcc/data/known_faces/luan/20260602_211820.jpg,/home/anitadonato/tcc/tcc/data/known_faces/BIA/bia_extra_02.jpeg,0.7972789854007842,0
/home/anitadonato/tcc/tcc/data/known_faces/bianca/WhatsApp Image 2026-06-04 at 22.53.18 (3).jpeg,/home/anitadonato/tcc/tcc/data/known_faces/ALESSANDRA/alessandra_extra_04.jpeg,0.888076310613205,0
/home/anitadonato/tcc/tcc/data/known_faces/BIA/bia_boa_45_30cm.jpeg,/home/anitadonato/tcc/tcc/data/known_faces/bianca/WhatsApp Image 2026-06-04 at 22.53.18.jpeg,0.6282575678465234,0
/home/anitadonato/tcc/tcc/data/known_faces/Abraão/abraao_extra_05.jpg,/home/anitadonato/tcc/tcc/data/known_faces/luan/20260602_211812.jpg,0.8104639641576499,0
/home/anitadonato/tcc/tcc/data/known_faces/luan/20260602_212019.jpg,/home/anitadonato/tcc/tcc/data/known_faces/willa/willa_extra_09.jpg,0.8769141399855734,0
/home/anitadonato/tcc/tcc/data/known_faces/luan/20260602_211920.jpg,/home/anitadonato/tcc/tcc/data/known_faces/ALESSANDRA/alessandra_extra_08.jpeg,0.9344661046719608,0
/home/anitadonato/tcc/tcc/data/known_faces/ALESSANDRA/alessandra_extra_04.jpeg,/home/anitadonato/tcc/tcc/data/known_faces/bianca/WhatsApp Image 2026-06-04 at 22.53.15 (1).jpeg,0.8283964825654635,0
/home/anitadonato/tcc/tcc/data/known_faces/ALESSANDRA/alessandra_baixa_frontal_1m.jpeg,/home/anitadonato/tcc/tcc/data/known_faces/JUNIOR/junior_extra_04.jpeg,0.9201207307951651,0
/home/anitadonato/tcc/tcc/data/known_faces/BIA/bia_moderada_frontal_1m.jpeg,/home/anitadonato/tcc/tcc/data/known_faces/Abraão/abraao_extra_04.jpg,0.9315528130301574,0
/home/anitadonato/tcc/tcc/data/known_faces/Angela/angela_extra_06.jpg,/home/anitadonato/tcc/tcc/data/known_faces/ALESSANDRA/alessandra_moderada_45_30cm.jpeg,0.7815058721389894,0
/home/anitadonato/tcc/tcc/data/known_faces/JUNIOR/junior_extra_07.jpeg,/home/anitadonato/tcc/tcc/data/known_faces/Angela/angela_extra_10.jpg,0.9082708894201931,0
/home/anitadonato/tcc/tcc/data/known_faces/Angela/angela_baixa_frontal.jpg,/home/anitadonato/tcc/tcc/data/known_faces/willa/willa_extra_07.jpg,0.7213711560201135,0
/home/anitadonato/tcc/tcc/data/known_faces/ALESSANDRA/alessandra_boa_frontal_1m..jpeg,/home/anitadonato/tcc/tcc/data/known_faces/Francisca/francisca_baixa_45_dir.jpg,0.9546573528994129,0
/home/anitadonato/tcc/tcc/data/known_faces/BIA/bia_extra_03.jpeg,/home/anitadonato/tcc/tcc/data/known_faces/ALESSANDRA/alessandra_extra_02.jpeg,0.841026938917095,0
/home/anitadonato/tcc/tcc/data/known_faces/luan/20260602_212022.jpg,/home/anitadonato/tcc/tcc/data/known_faces/bianca/WhatsApp Image 2026-06-04 at 22.53.17 (1).jpeg,0.7453583937429252,0
/home/anitadonato/tcc/tcc/data/known_faces/Francisca/francisca_extra_01.jpg,/home/anitadonato/tcc/tcc/data/known_faces/ALESSANDRA/alessandra_extra_02.jpeg,0.9150141844111574,0
/home/anitadonato/tcc/tcc/data/known_faces/JUNIOR/junior_extra_03.jpeg,/home/anitadonato/tcc/tcc/data/known_faces/ALESSANDRA/alessandra_extra_01.jpeg,0.8300066253985511,0
/home/anitadonato/tcc/tcc/data/known_faces/Abraão/abraao_extra_07.jpg,/home/anitadonato/tcc/tcc/data/known_faces/JUNIOR/junior_extra_05.jpeg,0.9242016104014711,0
/home/anitadonato/tcc/tcc/data/known_faces/julia/20260602_212709.jpg,/home/anitadonato/tcc/tcc/data/known_faces/bianca/WhatsApp Image 2026-06-04 at 22.53.14 (3).jpeg,0.9341370178124968,0
/home/anitadonato/tcc/tcc/data/known_faces/julia/20260602_212712.jpg,/home/anitadonato/tcc/tcc/data/known_faces/willa/willa_extra_09.jpg,0.9375834294695834,0
/home/anitadonato/tcc/tcc/data/known_faces/Francisca/francisca_extra_08.jpg,/home/anitadonato/tcc/tcc/data/known_faces/Abraão/abraao_baixa_frontal.jpg,0.8881707349148468,0
/home/anitadonato/tcc/tcc/data/known_faces/bianca/WhatsApp Image 2026-06-04 at 22.53.18 (1).jpeg,/home/anitadonato/tcc/tcc/data/known_faces/Angela/angela_extra_04.jpg,0.8932917161797506,0
/home/anitadonato/tcc/tcc/data/known_faces/JUNIOR/junior_baixa_frontal_1m.jpeg,/home/anitadonato/tcc/tcc/data/known_faces/Abraão/abraao_extra_04.jpg,0.9584810631344923,0
/home/anitadonato/tcc/tcc/data/known_faces/Francisca/francisca_extra_09.jpg,/home/anitadonato/tcc/tcc/data/known_faces/willa/willa_extra_06.jpg,0.6756317120166124,0
/home/anitadonato/tcc/tcc/data/known_faces/Angela/angela_extra_06.jpg,/home/anitadonato/tcc/tcc/data/known_faces/julia/20260602_212732.jpg,0.776374912095913,0
/home/anitadonato/tcc/tcc/data/known_faces/ALESSANDRA/alessandra_moderada_frontal_30cm.jpeg,/home/anitadonato/tcc/tcc/data/known_faces/JUNIOR/junior_extra_06.jpeg,0.7686804248303143,0
/home/anitadonato/tcc/tcc/data/known_faces/Francisca/francisca_baixa_45_esq.jpg,/home/anitadonato/tcc/tcc/data/known_faces/ALESSANDRA/alessandra_extra_05.jpeg,0.9371523981577916,0
/home/anitadonato/tcc/tcc/data/known_faces/JUNIOR/junior_boa_45_30cm.jpeg,/home/anitadonato/tcc/tcc/data/known_faces/luan/20260602_211805.jpg,0.9752984597637869,0
/home/anitadonato/tcc/tcc/data/known_faces/Angela/angela_baixa_45_esq.jpg,/home/anitadonato/tcc/tcc/data/known_faces/julia/20260602_212629.jpg,0.8471312517512671,0
/home/anitadonato/tcc/tcc/data/known_faces/Abraão/abraao_extra_05.jpg,/home/anitadonato/tcc/tcc/data/known_faces/BIA/bia_extra_04.jpeg,0.8178565329181986,0
/home/anitadonato/tcc/tcc/data/known_faces/bianca/WhatsApp Image 2026-06-04 at 22.53.18 (3).jpeg,/home/anitadonato/tcc/tcc/data/known_faces/ALESSANDRA/alessandra_boa_45_1m..jpeg,0.8407252609694513,0
/home/anitadonato/tcc/tcc/data/known_faces/julia/20260602_212712.jpg,/home/anitadonato/tcc/tcc/data/known_faces/JUNIOR/junior_extra_07.jpeg,0.9054680918590726,0
/home/anitadonato/tcc/tcc/data/known_faces/Abraão/abraao_extra_10.jpg,/home/anitadonato/tcc/tcc/data/known_faces/Angela/angela_extra_06.jpg,0.8412943497065992,0
/home/anitadonato/tcc/tcc/data/known_faces/bianca/WhatsApp Image 2026-06-04 at 22.53.18 (4).jpeg,/home/anitadonato/tcc/tcc/data/known_faces/JUNIOR/junior_extra_01.jpeg,0.8037997754012034,0
/home/anitadonato/tcc/tcc/data/known_faces/BIA/bia_baixa_45_1m.jpeg,/home/anitadonato/tcc/tcc/data/known_faces/Abraão/abraao_boa_45_dir.jpg,0.9630667006542375,0
/home/anitadonato/tcc/tcc/data/known_faces/julia/20260602_212724.jpg,/home/anitadonato/tcc/tcc/data/known_faces/luan/20260602_212022.jpg,0.7324854780771619,0
/home/anitadonato/tcc/tcc/data/known_faces/Abraão/abraao_extra_02.jpg,/home/anitadonato/tcc/tcc/data/known_faces/Francisca/francisca_extra_09.jpg,0.8917424285421597,0
/home/anitadonato/tcc/tcc/data/known_faces/BIA/bia_extra_08.jpeg,/home/anitadonato/tcc/tcc/data/known_faces/Francisca/francisca_extra_01.jpg,0.966924482975231,0
/home/anitadonato/tcc/tcc/data/known_faces/Abraão/abraao_baixa_frontal.jpg,/home/anitadonato/tcc/tcc/data/known_faces/Angela/angela_extra_09.jpg,0.8587173065222532,0
/home/anitadonato/tcc/tcc/data/known_faces/Angela/angela_baixa_frontal.jpg,/home/anitadonato/tcc/tcc/data/known_faces/julia/20260602_212709.jpg,0.7881106014785095,0
/home/anitadonato/tcc/tcc/data/known_faces/JUNIOR/junior_moderada_45_30cm.jpeg,/home/anitadonato/tcc/tcc/data/known_faces/Abraão/abraao_extra_03.jpg,0.9675261368494217,0
/home/anitadonato/tcc/tcc/data/known_faces/Francisca/francisca_boa_frontal.jpg,/home/anitadonato/tcc/tcc/data/known_faces/Angela/angela_extra_06.jpg,0.9089723623110554,0
/home/anitadonato/tcc/tcc/data/known_faces/luan/20260602_211814.jpg,/home/anitadonato/tcc/tcc/data/known_faces/BIA/bia_boa_frontal_1m..jpeg,0.8287416902195714,0
/home/anitadonato/tcc/tcc/data/known_faces/Angela/angela_extra_10.jpg,/home/anitadonato/tcc/tcc/data/known_faces/BIA/bia_baixa_45_1m.jpeg,0.868641347878557,0
/home/anitadonato/tcc/tcc/data/known_faces/JUNIOR/junior_moderada_frontal_1m.jpeg,/home/anitadonato/tcc/tcc/data/known_faces/luan/20260602_211917.jpg,0.9633809643954149,0
/home/anitadonato/tcc/tcc/data/known_faces/julia/20260602_212629.jpg,/home/anitadonato/tcc/tcc/data/known_faces/luan/20260602_212030.jpg,0.9235819166184186,0
/home/anitadonato/tcc/tcc/data/known_faces/Abraão/abraao_extra_03.jpg,/home/anitadonato/tcc/tcc/data/known_faces/willa/willa_extra_05.jpg,0.8942216224162973,0
/home/anitadonato/tcc/tcc/data/known_faces/julia/20260602_212726.jpg,/home/anitadonato/tcc/tcc/data/known_faces/luan/20260602_211923.jpg,0.7600907296536904,0
/home/anitadonato/tcc/tcc/data/known_faces/willa/20260602_212513.jpg,/home/anitadonato/tcc/tcc/data/known_faces/Abraão/abraao_extra_04.jpg,0.8196524254795141,0
/home/anitadonato/tcc/tcc/data/known_faces/Abraão/abraao_extra_08.jpg,/home/anitadonato/tcc/tcc/data/known_faces/julia/julia_boa_45_esq(1).jpg,0.8197088361783451,0
/home/anitadonato/tcc/tcc/data/known_faces/JUNIOR/junior_moderada_45_30cm.jpeg,/home/anitadonato/tcc/tcc/data/known_faces/Angela/angela_extra_13.jpg,0.881509660260668,0
/home/anitadonato/tcc/tcc/data/known_faces/Angela/angela_extra_08.jpg,/home/anitadonato/tcc/tcc/data/known_faces/willa/willa_extra_09.jpg,0.7061356676099884,0
/home/anitadonato/tcc/tcc/data/known_faces/ALESSANDRA/alessandra_moderada_45_1m.jpeg,/home/anitadonato/tcc/tcc/data/known_faces/Abraão/abraao_boa_45_.jpg,0.7878371046029532,0
/home/anitadonato/tcc/tcc/data/known_faces/Francisca/francisca_boa_frontal.jpg,/home/anitadonato/tcc/tcc/data/known_faces/Angela/angela_extra_05.jpg,0.9264941005501012,0
/home/anitadonato/tcc/tcc/data/known_faces/BIA/bia_moderada_45_1m.jpeg,/home/anitadonato/tcc/tcc/data/known_faces/JUNIOR/junior_extra_02.jpeg,0.8374696872060625,0
/home/anitadonato/tcc/tcc/data/known_faces/Abraão/abraao_boa_frontal.jpg,/home/anitadonato/tcc/tcc/data/known_faces/Francisca/francisca_extra_13.jpg,0.8953473873379173,0
/home/anitadonato/tcc/tcc/data/known_faces/Francisca/francisca_extra_04.jpg,/home/anitadonato/tcc/tcc/data/known_faces/Angela/angela_extra_12.jpg,0.8601462296731374,0
/home/anitadonato/tcc/tcc/data/known_faces/Abraão/abraao_boa_45_dir.jpg,/home/anitadonato/tcc/tcc/data/known_faces/luan/20260602_212025.jpg,0.8402524983146699,0
/home/anitadonato/tcc/tcc/data/known_faces/willa/20260602_212521.jpg,/home/anitadonato/tcc/tcc/data/known_faces/Angela/angela_extra_05.jpg,0.8113945726799727,0
/home/anitadonato/tcc/tcc/data/known_faces/willa/20260602_212418.jpg,/home/anitadonato/tcc/tcc/data/known_faces/ALESSANDRA/alessandra_baixa_frontal_1m.jpeg,0.945146337094974,0
/home/anitadonato/tcc/tcc/data/known_faces/ALESSANDRA/alessandra_boa_frontal_1m..jpeg,/home/anitadonato/tcc/tcc/data/known_faces/Francisca/francisca_extra_14.jpg,0.9504305084158229,0
/home/anitadonato/tcc/tcc/data/known_faces/bianca/WhatsApp Image 2026-06-04 at 22.53.17 (1).jpeg,/home/anitadonato/tcc/tcc/data/known_faces/ALESSANDRA/alessandra_moderada_45_30cm.jpeg,0.835979308807096,0
/home/anitadonato/tcc/tcc/data/known_faces/Francisca/francisca_extra_10.jpg,/home/anitadonato/tcc/tcc/data/known_faces/willa/willa_baixa_frontal_30cm.jpg,0.8093116214551545,0
/home/anitadonato/tcc/tcc/data/known_faces/bianca/WhatsApp Image 2026-06-04 at 22.53.16.jpeg,/home/anitadonato/tcc/tcc/data/known_faces/Francisca/francisca_baixa_45_esq.jpg,0.9743587118129269,0
/home/anitadonato/tcc/tcc/data/known_faces/ALESSANDRA/alessandra_extra_07.jpeg,/home/anitadonato/tcc/tcc/data/known_faces/Angela/angela_extra_08.jpg,0.8085230496386299,0
/home/anitadonato/tcc/tcc/data/known_faces/julia/20260602_212633.jpg,/home/anitadonato/tcc/tcc/data/known_faces/willa/willa_extra_03.jpg,0.8874680517901173,0
/home/anitadonato/tcc/tcc/data/known_faces/willa/willa_extra_03.jpg,/home/anitadonato/tcc/tcc/data/known_faces/Angela/angela_extra_05.jpg,0.7904729648857376,0
/home/anitadonato/tcc/tcc/data/known_faces/JUNIOR/junior_boa_45_1m.jpeg,/home/anitadonato/tcc/tcc/data/known_faces/bianca/WhatsApp Image 2026-06-04 at 22.53.19 (3).jpeg,0.9445564813531275,0
/home/anitadonato/tcc/tcc/data/known_faces/JUNIOR/junior_moderada_45_30cm.jpeg,/home/anitadonato/tcc/tcc/data/known_faces/luan/20260602_211814.jpg,0.9556813395162218,0
/home/anitadonato/tcc/tcc/data/known_faces/JUNIOR/junior_extra_07.jpeg,/home/anitadonato/tcc/tcc/data/known_faces/BIA/bia_baixa_frontal_30cm.jpeg,0.8336616876463698,0
/home/anitadonato/tcc/tcc/data/known_faces/Francisca/francisca_extra_02.jpg,/home/anitadonato/tcc/tcc/data/known_faces/julia/20260602_212629.jpg,0.9129884812198764,0
/home/anitadonato/tcc/tcc/data/known_faces/Abraão/abraao_extra_03.jpg,/home/anitadonato/tcc/tcc/data/known_faces/ALESSANDRA/alessandra_extra_05.jpeg,0.8196425205575792,0
/home/anitadonato/tcc/tcc/data/known_faces/willa/willa_baixa_frontal_30cm.jpg,/home/anitadonato/tcc/tcc/data/known_faces/bianca/WhatsApp Image 2026-06-04 at 22.53.19 (6).jpeg,0.8728058086768936,0
/home/anitadonato/tcc/tcc/data/known_faces/Angela/angela_extra_13.jpg,/home/anitadonato/tcc/tcc/data/known_faces/JUNIOR/junior_extra_03.jpeg,0.8837383391653666,0
/home/anitadonato/tcc/tcc/data/known_faces/BIA/bia_extra_08.jpeg,/home/anitadonato/tcc/tcc/data/known_faces/Angela/angela_extra_11.jpg,0.8375310504014544,0
/home/anitadonato/tcc/tcc/data/known_faces/julia/20260602_212704.jpg,/home/anitadonato/tcc/tcc/data/known_faces/willa/willa_extra_08.jpg,0.914810532297165,0
/home/anitadonato/tcc/tcc/data/known_faces/ALESSANDRA/alessandra_extra_05.jpeg,/home/anitadonato/tcc/tcc/data/known_faces/Abraão/abraao_extra_10.jpg,0.7740856292579531,0
/home/anitadonato/tcc/tcc/data/known_faces/julia/20260602_212633.jpg,/home/anitadonato/tcc/tcc/data/known_faces/BIA/bia_moderada_frontal_1m.jpeg,0.9233850302181172,0
/home/anitadonato/tcc/tcc/data/known_faces/JUNIOR/junior_baixa_45_30cm.jpeg,/home/anitadonato/tcc/tcc/data/known_faces/ALESSANDRA/alessandra_extra_02.jpeg,0.8996572623077334,0
/home/anitadonato/tcc/tcc/data/known_faces/julia/20260602_212704.jpg,/home/anitadonato/tcc/tcc/data/known_faces/willa/willa_moderada_45_30cm.jpg,0.8419765281134213,0
/home/anitadonato/tcc/tcc/data/known_faces/Francisca/francisca_extra_07.jpg,/home/anitadonato/tcc/tcc/data/known_faces/JUNIOR/junior_extra_04.jpeg,0.8114099113535453,0
/home/anitadonato/tcc/tcc/data/known_faces/ALESSANDRA/alessandra_baixa_45_30cm.jpeg,/home/anitadonato/tcc/tcc/data/known_faces/bianca/WhatsApp Image 2026-06-04 at 22.53.18 (2).jpeg,0.7777156632713573,0
/home/anitadonato/tcc/tcc/data/known_faces/luan/20260602_211917.jpg,/home/anitadonato/tcc/tcc/data/known_faces/BIA/bia_moderada_45_30cm.jpeg,0.857767109509403,0
/home/anitadonato/tcc/tcc/data/known_faces/Francisca/francisca_extra_07.jpg,/home/anitadonato/tcc/tcc/data/known_faces/Abraão/abraao_extra_10.jpg,0.8685743725146435,0
/home/anitadonato/tcc/tcc/data/known_faces/julia/20260602_212654.jpg,/home/anitadonato/tcc/tcc/data/known_faces/luan/20260602_212030.jpg,0.921391784173901,0
/home/anitadonato/tcc/tcc/data/known_faces/willa/20260602_212513.jpg,/home/anitadonato/tcc/tcc/data/known_faces/Abraão/abraao_baixo_45_esq.jpg,0.7749240939012091,0
/home/anitadonato/tcc/tcc/data/known_faces/bianca/WhatsApp Image 2026-06-04 at 22.53.19 (4).jpeg,/home/anitadonato/tcc/tcc/data/known_faces/JUNIOR/junior_extra_03.jpeg,0.9014060695312958,0
/home/anitadonato/tcc/tcc/data/known_faces/luan/20260602_211820.jpg,/home/anitadonato/tcc/tcc/data/known_faces/JUNIOR/junior_boa_frontal_1m.jpeg,0.9133148007056561,0
/home/anitadonato/tcc/tcc/data/known_faces/willa/willa_extra_05.jpg,/home/anitadonato/tcc/tcc/data/known_faces/luan/20260602_212019.jpg,0.902014307459115,0
/home/anitadonato/tcc/tcc/data/known_faces/ALESSANDRA/alessandra_baixa_45_30cm.jpeg,/home/anitadonato/tcc/tcc/data/known_faces/willa/20260602_212513.jpg,0.8883522976196738,0
/home/anitadonato/tcc/tcc/data/known_faces/JUNIOR/junior_moderada_45_1m.jpeg,/home/anitadonato/tcc/tcc/data/known_faces/julia/20260602_212732.jpg,0.946796935388528,0
/home/anitadonato/tcc/tcc/data/known_faces/Angela/angela_boa_45_esq.jpg,/home/anitadonato/tcc/tcc/data/known_faces/luan/20260602_211913.jpg,0.910980617105616,0
/home/anitadonato/tcc/tcc/data/known_faces/willa/20260602_212521.jpg,/home/anitadonato/tcc/tcc/data/known_faces/JUNIOR/junior_extra_05.jpeg,0.9451399159151583,0
/home/anitadonato/tcc/tcc/data/known_faces/willa/willa_moderada_frontal_30cm.jpg,/home/anitadonato/tcc/tcc/data/known_faces/Francisca/francisca_extra_05.jpg,0.867792675305809,0
/home/anitadonato/tcc/tcc/data/known_faces/luan/20260602_212022.jpg,/home/anitadonato/tcc/tcc/data/known_faces/willa/willa_extra_08.jpg,0.8472610878046873,0
/home/anitadonato/tcc/tcc/data/known_faces/willa/willa_extra_08.jpg,/home/anitadonato/tcc/tcc/data/known_faces/Francisca/Francisca_boa_45_dir.jpg,0.8889433574270413,0
/home/anitadonato/tcc/tcc/data/known_faces/JUNIOR/junior_baixa_frontal_30cm.jpeg,/home/anitadonato/tcc/tcc/data/known_faces/willa/willa_extra_06.jpg,0.8907522809970322,0
/home/anitadonato/tcc/tcc/data/known_faces/willa/20260602_212418.jpg,/home/anitadonato/tcc/tcc/data/known_faces/Francisca/francisca_extra_15.jpg,0.8870206088439997,0
/home/anitadonato/tcc/tcc/data/known_faces/julia/julia_boa_frontal.jpg,/home/anitadonato/tcc/tcc/data/known_faces/Francisca/francisca_extra_14.jpg,0.8823149222355497,0
/home/anitadonato/tcc/tcc/data/known_faces/BIA/bia_moderada_frontal_1m.jpeg,/home/anitadonato/tcc/tcc/data/known_faces/ALESSANDRA/alessandra_extra_08.jpeg,0.8015357533619509,0
/home/anitadonato/tcc/tcc/data/known_faces/Angela/angela_extra_07.jpg,/home/anitadonato/tcc/tcc/data/known_faces/luan/20260602_211820.jpg,0.7706911980585412,0
/home/anitadonato/tcc/tcc/data/known_faces/BIA/bia_moderada_frontal_1m.jpeg,/home/anitadonato/tcc/tcc/data/known_faces/ALESSANDRA/alessandra_baixa_frontal_30cm.jpeg,0.8329244819362408,0
/home/anitadonato/tcc/tcc/data/known_faces/BIA/bia_extra_07.jpeg,/home/anitadonato/tcc/tcc/data/known_faces/ALESSANDRA/alessandra_extra_03.jpeg,0.8063800119481035,0
/home/anitadonato/tcc/tcc/data/known_faces/bianca/WhatsApp Image 2026-06-04 at 22.53.16 (3).jpeg,/home/anitadonato/tcc/tcc/data/known_faces/Angela/angela_extra_01.jpg,0.9351268219902397,0
/home/anitadonato/tcc/tcc/data/known_faces/bianca/WhatsApp Image 2026-06-04 at 22.53.19 (3).jpeg,/home/anitadonato/tcc/tcc/data/known_faces/luan/20260602_212030.jpg,0.8187923698119286,0
/home/anitadonato/tcc/tcc/data/known_faces/julia/20260602_212629.jpg,/home/anitadonato/tcc/tcc/data/known_faces/ALESSANDRA/alessandra_moderada_45_1m.jpeg,0.8814532990980659,0
/home/anitadonato/tcc/tcc/data/known_faces/BIA/bia_extra_03.jpeg,/home/anitadonato/tcc/tcc/data/known_faces/luan/20260602_212035.jpg,0.8574303688517586,0
/home/anitadonato/tcc/tcc/data/known_faces/julia/20260602_212724.jpg,/home/anitadonato/tcc/tcc/data/known_faces/luan/20260602_211913.jpg,0.7576278789577053,0
/home/anitadonato/tcc/tcc/data/known_faces/Angela/angela_extra_12.jpg,/home/anitadonato/tcc/tcc/data/known_faces/julia/20260602_212709.jpg,0.8110019737270062,0
/home/anitadonato/tcc/tcc/data/known_faces/luan/20260602_212035.jpg,/home/anitadonato/tcc/tcc/data/known_faces/JUNIOR/junior_extra_01.jpeg,0.8862948716692809,0
/home/anitadonato/tcc/tcc/data/known_faces/willa/willa_baixa_45_30cm.jpg,/home/anitadonato/tcc/tcc/data/known_faces/julia/20260602_212635.jpg,0.9230758414006499,0
/home/anitadonato/tcc/tcc/data/known_faces/Francisca/francisca_extra_04.jpg,/home/anitadonato/tcc/tcc/data/known_faces/luan/20260602_211836.jpg,0.9389620412566898,0
/home/anitadonato/tcc/tcc/data/known_faces/Francisca/francisca_extra_01.jpg,/home/anitadonato/tcc/tcc/data/known_faces/willa/willa_extra_08.jpg,0.8358626026806468,0
/home/anitadonato/tcc/tcc/data/known_faces/JUNIOR/junior_extra_04.jpeg,/home/anitadonato/tcc/tcc/data/known_faces/julia/julia_boa_45_esq.jpg,0.9111375473483914,0
/home/anitadonato/tcc/tcc/data/known_faces/Francisca/francisca_baixa_frontal.jpg,/home/anitadonato/tcc/tcc/data/known_faces/willa/willa_moderada_frontal_30cm.jpg,0.8786239785760332,0
/home/anitadonato/tcc/tcc/data/known_faces/luan/20260602_211920.jpg,/home/anitadonato/tcc/tcc/data/known_faces/bianca/WhatsApp Image 2026-06-04 at 22.53.19 (5).jpeg,0.7660593950483268,0
/home/anitadonato/tcc/tcc/data/known_faces/JUNIOR/junior_extra_02.jpeg,/home/anitadonato/tcc/tcc/data/known_faces/Angela/angela_baixa_45_esq.jpg,0.8699852061491925,0
/home/anitadonato/tcc/tcc/data/known_faces/Francisca/francisca_extra_06.jpg,/home/anitadonato/tcc/tcc/data/known_faces/Abraão/abraao_extra_08.jpg,0.9241741824100127,0
/home/anitadonato/tcc/tcc/data/known_faces/Francisca/francisca_extra_01.jpg,/home/anitadonato/tcc/tcc/data/known_faces/julia/20260602_212633.jpg,0.9371772599471542,0
/home/anitadonato/tcc/tcc/data/known_faces/luan/20260602_212022.jpg,/home/anitadonato/tcc/tcc/data/known_faces/Francisca/francisca_extra_03.jpg,0.9619698570497447,0
/home/anitadonato/tcc/tcc/data/known_faces/Angela/angela_extra_13.jpg,/home/anitadonato/tcc/tcc/data/known_faces/Abraão/abraao_extra_01.jpg,0.8270534652642367,0
/home/anitadonato/tcc/tcc/data/known_faces/BIA/bia_moderada_45_1m.jpeg,/home/anitadonato/tcc/tcc/data/known_faces/ALESSANDRA/alessandra_boa_frontal_30cm..jpeg,0.8142896894866718,0
/home/anitadonato/tcc/tcc/data/known_faces/BIA/bia_baixa_frontal_30cm.jpeg,/home/anitadonato/tcc/tcc/data/known_faces/ALESSANDRA/alessandra_extra_06.jpeg,0.8192143342624857,0
/home/anitadonato/tcc/tcc/data/known_faces/JUNIOR/junior_baixa_frontal_30cm.jpeg,/home/anitadonato/tcc/tcc/data/known_faces/julia/20260602_212629.jpg,0.9685793490349573,0
/home/anitadonato/tcc/tcc/data/known_faces/ALESSANDRA/alessandra_boa_45_30cm.jpeg,/home/anitadonato/tcc/tcc/data/known_faces/luan/20260602_211923.jpg,0.9112212033944723,0
/home/anitadonato/tcc/tcc/data/known_faces/julia/20260602_212633.jpg,/home/anitadonato/tcc/tcc/data/known_faces/willa/willa_extra_02.jpg,0.8970290691801256,0
/home/anitadonato/tcc/tcc/data/known_faces/JUNIOR/junior_baixa_45_30cm.jpeg,/home/anitadonato/tcc/tcc/data/known_faces/Francisca/francisca_baixa_45_esq.jpg,0.8656740382694639,0
/home/anitadonato/tcc/tcc/data/known_faces/willa/willa_moderada_45_30cm.jpg,/home/anitadonato/tcc/tcc/data/known_faces/BIA/bia_baixa_45_30cm.jpeg,0.8842597117800917,0
/home/anitadonato/tcc/tcc/data/known_faces/Angela/angela_boa_frontal.jpg,/home/anitadonato/tcc/tcc/data/known_faces/bianca/WhatsApp Image 2026-06-04 at 22.53.13 (2).jpeg,0.9046985982208803,0
/home/anitadonato/tcc/tcc/data/known_faces/bianca/WhatsApp Image 2026-06-04 at 22.53.14 (3).jpeg,/home/anitadonato/tcc/tcc/data/known_faces/julia/20260602_212704.jpg,0.8934283516913798,0
/home/anitadonato/tcc/tcc/data/known_faces/ALESSANDRA/alessandra_extra_02.jpeg,/home/anitadonato/tcc/tcc/data/known_faces/willa/willa_moderada_frontal_30cm.jpg,0.8494389010945665,0
/home/anitadonato/tcc/tcc/data/known_faces/willa/willa_extra_03.jpg,/home/anitadonato/tcc/tcc/data/known_faces/Abraão/abraao_extra_03.jpg,0.8724371395274908,0
/home/anitadonato/tcc/tcc/data/known_faces/julia/julia_boa_45_esq(1).jpg,/home/anitadonato/tcc/tcc/data/known_faces/luan/20260602_212016.jpg,0.8536075611982825,0
/home/anitadonato/tcc/tcc/data/known_faces/Angela/angela_extra_09.jpg,/home/anitadonato/tcc/tcc/data/known_faces/luan/20260602_211837.jpg,0.8485916308909418,0
/home/anitadonato/tcc/tcc/data/known_faces/BIA/bia_extra_03.jpeg,/home/anitadonato/tcc/tcc/data/known_faces/Abraão/abraao_boa_45_dir.jpg,0.9006650342627702,0
/home/anitadonato/tcc/tcc/data/known_faces/julia/20260602_212631.jpg,/home/anitadonato/tcc/tcc/data/known_faces/Francisca/Francisca_boa_45_dir.jpg,0.9102161708842269,0
/home/anitadonato/tcc/tcc/data/known_faces/JUNIOR/junior_moderada_frontal_1m.jpeg,/home/anitadonato/tcc/tcc/data/known_faces/Francisca/francisca_extra_01.jpg,0.8665104258866183,0
/home/anitadonato/tcc/tcc/data/known_faces/Angela/angela_extra_08.jpg,/home/anitadonato/tcc/tcc/data/known_faces/bianca/WhatsApp Image 2026-06-04 at 22.53.17.jpeg,0.906019683978229,0
/home/anitadonato/tcc/tcc/data/known_faces/JUNIOR/junior_extra_05.jpeg,/home/anitadonato/tcc/tcc/data/known_faces/Abraão/abraao_baixo_45_esq.jpg,0.9731400665281162,0
/home/anitadonato/tcc/tcc/data/known_faces/Angela/angela_extra_10.jpg,/home/anitadonato/tcc/tcc/data/known_faces/willa/willa_extra_03.jpg,0.7518960380403271,0
/home/anitadonato/tcc/tcc/data/known_faces/BIA/bia_extra_01.jpeg,/home/anitadonato/tcc/tcc/data/known_faces/ALESSANDRA/alessandra_extra_05.jpeg,0.7879976733151336,0
/home/anitadonato/tcc/tcc/data/known_faces/BIA/bia_extra_01.jpeg,/home/anitadonato/tcc/tcc/data/known_faces/julia/20260602_212709.jpg,0.9423676832540052,0
/home/anitadonato/tcc/tcc/data/known_faces/Francisca/francisca_extra_03.jpg,/home/anitadonato/tcc/tcc/data/known_faces/ALESSANDRA/alessandra_extra_04.jpeg,0.9311099893525101,0
/home/anitadonato/tcc/tcc/data/known_faces/BIA/bia_baixa_frontal_30cm.jpeg,/home/anitadonato/tcc/tcc/data/known_faces/ALESSANDRA/alessandra_extra_07.jpeg,0.7956855230079074,0
/home/anitadonato/tcc/tcc/data/known_faces/Francisca/francisca_extra_07.jpg,/home/anitadonato/tcc/tcc/data/known_faces/Angela/angela_extra_11.jpg,0.7778533397297472,0
/home/anitadonato/tcc/tcc/data/known_faces/Francisca/francisca_extra_04.jpg,/home/anitadonato/tcc/tcc/data/known_faces/Abraão/abraao_extra_05.jpg,0.9028398086201134,0
/home/anitadonato/tcc/tcc/data/known_faces/willa/willa_baixa_frontal_30cm.jpg,/home/anitadonato/tcc/tcc/data/known_faces/BIA/bia_boa_45_1m..jpeg,0.8723487179733265,0
/home/anitadonato/tcc/tcc/data/known_faces/julia/20260602_212732.jpg,/home/anitadonato/tcc/tcc/data/known_faces/Angela/angela_extra_06.jpg,0.776374912095913,0
/home/anitadonato/tcc/tcc/data/known_faces/bianca/WhatsApp Image 2026-06-04 at 22.53.17 (1).jpeg,/home/anitadonato/tcc/tcc/data/known_faces/luan/20260602_212022.jpg,0.7453583937429252,0
/home/anitadonato/tcc/tcc/data/known_faces/BIA/bia_moderada_frontal_30cm.jpeg,/home/anitadonato/tcc/tcc/data/known_faces/willa/20260602_212507.jpg,0.9156187492607817,0
/home/anitadonato/tcc/tcc/data/known_faces/luan/20260602_212019.jpg,/home/anitadonato/tcc/tcc/data/known_faces/julia/20260602_212712.jpg,0.9385006965210692,0
/home/anitadonato/tcc/tcc/data/known_faces/Abraão/abraao_baixa_45_esq.jpg,/home/anitadonato/tcc/tcc/data/known_faces/willa/willa_moderada_45_30cm.jpg,0.8632664244592674,0
/home/anitadonato/tcc/tcc/data/known_faces/luan/20260602_212025.jpg,/home/anitadonato/tcc/tcc/data/known_faces/BIA/bia_moderada_45_30cm.jpeg,0.8922495841602203,0
/home/anitadonato/tcc/tcc/data/known_faces/Angela/angela_extra_05.jpg,/home/anitadonato/tcc/tcc/data/known_faces/willa/willa_extra_09.jpg,0.7551454915872416,0
/home/anitadonato/tcc/tcc/data/known_faces/julia/20260602_212633.jpg,/home/anitadonato/tcc/tcc/data/known_faces/Abraão/abraao_extra_09.jpg,0.8129839845225189,0
/home/anitadonato/tcc/tcc/data/known_faces/Abraão/abraao_extra_08.jpg,/home/anitadonato/tcc/tcc/data/known_faces/luan/20260602_211809.jpg,0.8219364050083953,0
/home/anitadonato/tcc/tcc/data/known_faces/julia/julia_boa_45_esq(1).jpg,/home/anitadonato/tcc/tcc/data/known_faces/Angela/angela_extra_08.jpg,0.917719337597243,0
/home/anitadonato/tcc/tcc/data/known_faces/julia/julia_boa_45_esq.jpg,/home/anitadonato/tcc/tcc/data/known_faces/ALESSANDRA/alessandra_extra_07.jpeg,0.9066998665991846,0
/home/anitadonato/tcc/tcc/data/known_faces/Francisca/francisca_extra_07.jpg,/home/anitadonato/tcc/tcc/data/known_faces/ALESSANDRA/alessandra_extra_01.jpeg,0.9120674782421991,0
/home/anitadonato/tcc/tcc/data/known_faces/ALESSANDRA/alessandra_moderada_frontal_1m.jpeg,/home/anitadonato/tcc/tcc/data/known_faces/BIA/bia_baixa_frontal_1m.jpeg,0.8191835633137083,0
/home/anitadonato/tcc/tcc/data/known_faces/ALESSANDRA/alessandra_extra_04.jpeg,/home/anitadonato/tcc/tcc/data/known_faces/bianca/WhatsApp Image 2026-06-04 at 22.53.19 (1).jpeg,0.9057487787331048,0
/home/anitadonato/tcc/tcc/data/known_faces/Abraão/abraao_baixa_45_esq.jpg,/home/anitadonato/tcc/tcc/data/known_faces/luan/20260602_211812.jpg,0.7512621623502982,0
/home/anitadonato/tcc/tcc/data/known_faces/julia/20260602_212704.jpg,/home/anitadonato/tcc/tcc/data/known_faces/ALESSANDRA/alessandra_extra_06.jpeg,0.8948927018199626,0
/home/anitadonato/tcc/tcc/data/known_faces/Angela/angela_extra_08.jpg,/home/anitadonato/tcc/tcc/data/known_faces/willa/willa_extra_04.jpg,0.6623567383160653,0
/home/anitadonato/tcc/tcc/data/known_faces/bianca/WhatsApp Image 2026-06-04 at 22.53.19 (6).jpeg,/home/anitadonato/tcc/tcc/data/known_faces/julia/20260602_212724.jpg,0.862242063179685,0
/home/anitadonato/tcc/tcc/data/known_faces/bianca/WhatsApp Image 2026-06-04 at 22.53.18.jpeg,/home/anitadonato/tcc/tcc/data/known_faces/Abraão/abraao_boa_45_.jpg,0.8154725229384385,0
/home/anitadonato/tcc/tcc/data/known_faces/JUNIOR/junior_boa_45_30cm.jpeg,/home/anitadonato/tcc/tcc/data/known_faces/Abraão/abraao_extra_06.jpg,0.9594397900604811,0
/home/anitadonato/tcc/tcc/data/known_faces/luan/20260602_211836.jpg,/home/anitadonato/tcc/tcc/data/known_faces/Angela/20260602_192040.jpg,0.6959819885678424,0
/home/anitadonato/tcc/tcc/data/known_faces/ALESSANDRA/alessandra_extra_07.jpeg,/home/anitadonato/tcc/tcc/data/known_faces/Francisca/francisca_extra_13.jpg,0.9325814075213926,0
/home/anitadonato/tcc/tcc/data/known_faces/bianca/WhatsApp Image 2026-06-04 at 22.53.16 (2).jpeg,/home/anitadonato/tcc/tcc/data/known_faces/luan/20260602_211836.jpg,0.7113594972082671,0
/home/anitadonato/tcc/tcc/data/known_faces/BIA/bia_extra_04.jpeg,/home/anitadonato/tcc/tcc/data/known_faces/julia/20260602_212629.jpg,0.9502526469016865,0
/home/anitadonato/tcc/tcc/data/known_faces/Francisca/francisca_baixa_frontal.jpg,/home/anitadonato/tcc/tcc/data/known_faces/BIA/bia_baixa_45_30cm.jpeg,0.9182446317074222,0
/home/anitadonato/tcc/tcc/data/known_faces/bianca/WhatsApp Image 2026-06-04 at 22.53.14.jpeg,/home/anitadonato/tcc/tcc/data/known_faces/ALESSANDRA/alessandra_boa_frontal_1m..jpeg,0.7746892802514014,0
/home/anitadonato/tcc/tcc/data/known_faces/Abraão/abraao_baixa_45_esq.jpg,/home/anitadonato/tcc/tcc/data/known_faces/willa/willa_extra_07.jpg,0.8443404373970469,0
/home/anitadonato/tcc/tcc/data/known_faces/willa/willa_baixa_frontal_30cm.jpg,/home/anitadonato/tcc/tcc/data/known_faces/ALESSANDRA/alessandra_baixa_45_30cm.jpeg,0.8902101495412774,0
/home/anitadonato/tcc/tcc/data/known_faces/bianca/WhatsApp Image 2026-06-04 at 22.53.14.jpeg,/home/anitadonato/tcc/tcc/data/known_faces/julia/julia_boa_45_esq.jpg,0.9072864451211982,0
/home/anitadonato/tcc/tcc/data/known_faces/BIA/bia_boa_45_1m..jpeg,/home/anitadonato/tcc/tcc/data/known_faces/ALESSANDRA/alessandra_moderada_45_1m.jpeg,0.9006479114278635,0
/home/anitadonato/tcc/tcc/data/known_faces/Francisca/francisca_extra_14.jpg,/home/anitadonato/tcc/tcc/data/known_faces/BIA/bia_extra_03.jpeg,0.9738647315893764,0
/home/anitadonato/tcc/tcc/data/known_faces/willa/willa_baixa_frontal_30cm.jpg,/home/anitadonato/tcc/tcc/data/known_faces/JUNIOR/junior_extra_02.jpeg,0.931628476621286,0
/home/anitadonato/tcc/tcc/data/known_faces/Angela/angela_extra_02.jpg,/home/anitadonato/tcc/tcc/data/known_faces/luan/20260602_211923.jpg,0.9244854522436041,0
/home/anitadonato/tcc/tcc/data/known_faces/Francisca/francisca_baixa_45_dir.jpg,/home/anitadonato/tcc/tcc/data/known_faces/willa/willa_moderada_45_30cm.jpg,0.8797820028312924,0
/home/anitadonato/tcc/tcc/data/known_faces/willa/willa_extra_06.jpg,/home/anitadonato/tcc/tcc/data/known_faces/Angela/angela_extra_12.jpg,0.6618370651907717,0
/home/anitadonato/tcc/tcc/data/known_faces/julia/20260602_212712.jpg,/home/anitadonato/tcc/tcc/data/known_faces/ALESSANDRA/alessandra_extra_05.jpeg,0.8960905927815156,0
/home/anitadonato/tcc/tcc/data/known_faces/luan/20260602_211923.jpg,/home/anitadonato/tcc/tcc/data/known_faces/JUNIOR/junior_extra_06.jpeg,0.952837165025403,0
/home/anitadonato/tcc/tcc/data/known_faces/Angela/angela_extra_07.jpg,/home/anitadonato/tcc/tcc/data/known_faces/Francisca/francisca_boa_frontal.jpg,0.9059814154066889,0
/home/anitadonato/tcc/tcc/data/known_faces/luan/20260602_211836.jpg,/home/anitadonato/tcc/tcc/data/known_faces/julia/20260602_212635.jpg,0.8593490755096713,0
/home/anitadonato/tcc/tcc/data/known_faces/Francisca/francisca_extra_09.jpg,/home/anitadonato/tcc/tcc/data/known_faces/Angela/angela_baixa_45_esq.jpg,0.7382945347037921,0
/home/anitadonato/tcc/tcc/data/known_faces/luan/20260602_211923.jpg,/home/anitadonato/tcc/tcc/data/known_faces/bianca/WhatsApp Image 2026-06-04 at 22.53.18 (1).jpeg,0.8233857303526639,0
/home/anitadonato/tcc/tcc/data/known_faces/luan/20260602_211920.jpg,/home/anitadonato/tcc/tcc/data/known_faces/Angela/angela_extra_02.jpg,0.9308393872128913,0
/home/anitadonato/tcc/tcc/data/known_faces/Francisca/francisca_extra_05.jpg,/home/anitadonato/tcc/tcc/data/known_faces/BIA/bia_baixa_frontal_1m.jpeg,0.960730596771273,0
/home/anitadonato/tcc/tcc/data/known_faces/julia/20260602_212625.jpg,/home/anitadonato/tcc/tcc/data/known_faces/JUNIOR/junior_moderada_45_30cm.jpeg,0.9397654845574993,0
/home/anitadonato/tcc/tcc/data/known_faces/willa/20260602_212507.jpg,/home/anitadonato/tcc/tcc/data/known_faces/ALESSANDRA/alessandra_boa_frontal_1m..jpeg,0.9137748711181372,0
/home/anitadonato/tcc/tcc/data/known_faces/willa/willa_baixa_45_30cm.jpg,/home/anitadonato/tcc/tcc/data/known_faces/luan/20260602_212016.jpg,0.7815648552270859,0
/home/anitadonato/tcc/tcc/data/known_faces/BIA/bia_extra_02.jpeg,/home/anitadonato/tcc/tcc/data/known_faces/JUNIOR/junior_baixa_45_1m.jpeg,0.8215893201042164,0
/home/anitadonato/tcc/tcc/data/known_faces/BIA/bia_baixa_frontal_30cm.jpeg,/home/anitadonato/tcc/tcc/data/known_faces/willa/willa_extra_08.jpg,0.8329197153881447,0
/home/anitadonato/tcc/tcc/data/known_faces/BIA/bia_extra_05.jpeg,/home/anitadonato/tcc/tcc/data/known_faces/willa/willa_baixa_frontal_30cm.jpg,0.8387388279950809,0
/home/anitadonato/tcc/tcc/data/known_faces/luan/20260602_211845.jpg,/home/anitadonato/tcc/tcc/data/known_faces/JUNIOR/junior_extra_05.jpeg,0.9406607321448579,0
/home/anitadonato/tcc/tcc/data/known_faces/julia/20260602_212712.jpg,/home/anitadonato/tcc/tcc/data/known_faces/luan/20260602_211845.jpg,0.8935726111470819,0
/home/anitadonato/tcc/tcc/data/known_faces/Francisca/francisca_extra_11.jpg,/home/anitadonato/tcc/tcc/data/known_faces/JUNIOR/junior_extra_08.jpeg,0.9010226262043425,0
/home/anitadonato/tcc/tcc/data/known_faces/julia/20260602_212740.jpg,/home/anitadonato/tcc/tcc/data/known_faces/Abraão/abraao_extra_04.jpg,0.8442049230622254,0
/home/anitadonato/tcc/tcc/data/known_faces/BIA/bia_extra_03.jpeg,/home/anitadonato/tcc/tcc/data/known_faces/JUNIOR/junior_extra_06.jpeg,0.8629953826526423,0
/home/anitadonato/tcc/tcc/data/known_faces/ALESSANDRA/alessandra_boa_45_1m..jpeg,/home/anitadonato/tcc/tcc/data/known_faces/BIA/bia_baixa_45_1m.jpeg,0.8288973370931214,0
/home/anitadonato/tcc/tcc/data/known_faces/Francisca/francisca_extra_14.jpg,/home/anitadonato/tcc/tcc/data/known_faces/luan/20260602_212025.jpg,0.9869533930849266,0
/home/anitadonato/tcc/tcc/data/known_faces/bianca/WhatsApp Image 2026-06-04 at 22.53.14 (2).jpeg,/home/anitadonato/tcc/tcc/data/known_faces/Francisca/francisca_extra_01.jpg,0.957679853266315,0
/home/anitadonato/tcc/tcc/data/known_faces/JUNIOR/junior_extra_05.jpeg,/home/anitadonato/tcc/tcc/data/known_faces/BIA/bia_moderada_frontal_1m.jpeg,0.8817339045202499,0
/home/anitadonato/tcc/tcc/data/known_faces/BIA/bia_moderada_45_30cm.jpeg,/home/anitadonato/tcc/tcc/data/known_faces/julia/20260602_212709.jpg,0.8830358612587579,0
/home/anitadonato/tcc/tcc/data/known_faces/Francisca/francisca_extra_10.jpg,/home/anitadonato/tcc/tcc/data/known_faces/julia/20260602_212732.jpg,0.9043411412534046,0
/home/anitadonato/tcc/tcc/data/known_faces/Angela/angela_boa_frontal.jpg,/home/anitadonato/tcc/tcc/data/known_faces/JUNIOR/junior_boa_45_1m.jpeg,0.8371136884190608,0
/home/anitadonato/tcc/tcc/data/known_faces/luan/20260602_211823.jpg,/home/anitadonato/tcc/tcc/data/known_faces/julia/julia_boa_45_esq.jpg,0.8623203871920956,0
/home/anitadonato/tcc/tcc/data/known_faces/ALESSANDRA/alessandra_baixa_45_30cm.jpeg,/home/anitadonato/tcc/tcc/data/known_faces/luan/20260602_211812.jpg,0.8196297195621158,0
/home/anitadonato/tcc/tcc/data/known_faces/ALESSANDRA/alessandra_extra_06.jpeg,/home/anitadonato/tcc/tcc/data/known_faces/willa/20260602_212513.jpg,0.940857763445565,0
/home/anitadonato/tcc/tcc/data/known_faces/BIA/bia_boa_45_1m..jpeg,/home/anitadonato/tcc/tcc/data/known_faces/Abraão/abraao_baixa_45_dir.jpg,0.8759084370521812,0
/home/anitadonato/tcc/tcc/data/known_faces/BIA/bia_extra_07.jpeg,/home/anitadonato/tcc/tcc/data/known_faces/luan/20260602_211917.jpg,0.8861335495423247,0
/home/anitadonato/tcc/tcc/data/known_faces/ALESSANDRA/alessandra_extra_08.jpeg,/home/anitadonato/tcc/tcc/data/known_faces/julia/20260602_212618.jpg,0.9092692680110696,0
/home/anitadonato/tcc/tcc/data/known_faces/ALESSANDRA/alessandra_moderada_45_30cm.jpeg,/home/anitadonato/tcc/tcc/data/known_faces/luan/20260602_211923.jpg,0.8952103625723878,0
/home/anitadonato/tcc/tcc/data/known_faces/ALESSANDRA/alessandra_moderada_45_1m.jpeg,/home/anitadonato/tcc/tcc/data/known_faces/willa/willa_boa_45_30cm.jpg,0.8703090332005958,0
/home/anitadonato/tcc/tcc/data/known_faces/luan/20260602_211805.jpg,/home/anitadonato/tcc/tcc/data/known_faces/Francisca/francisca_extra_11.jpg,0.9610774569020023,0
/home/anitadonato/tcc/tcc/data/known_faces/bianca/WhatsApp Image 2026-06-04 at 22.53.14 (1).jpeg,/home/anitadonato/tcc/tcc/data/known_faces/Angela/angela_boa_45_dir.jpg,0.9199863420939813,0
/home/anitadonato/tcc/tcc/data/known_faces/luan/20260602_211836.jpg,/home/anitadonato/tcc/tcc/data/known_faces/Angela/angela_extra_01.jpg,0.898073488218409,0
/home/anitadonato/tcc/tcc/data/known_faces/willa/willa_boa_45_30cm.jpg,/home/anitadonato/tcc/tcc/data/known_faces/luan/20260602_211917.jpg,0.8405268954045338,0
/home/anitadonato/tcc/tcc/data/known_faces/Francisca/francisca_baixa_45_esq.jpg,/home/anitadonato/tcc/tcc/data/known_faces/bianca/WhatsApp Image 2026-06-04 at 22.53.16 (1).jpeg,0.8972756405135082,0
/home/anitadonato/tcc/tcc/data/known_faces/bianca/WhatsApp Image 2026-06-04 at 22.53.18 (2).jpeg,/home/anitadonato/tcc/tcc/data/known_faces/julia/20260602_212635.jpg,0.8551132291015602,0
/home/anitadonato/tcc/tcc/data/known_faces/BIA/bia_baixa_frontal_1m.jpeg,/home/anitadonato/tcc/tcc/data/known_faces/Francisca/francisca_baixa_45_dir.jpg,0.9443434264533357,0
/home/anitadonato/tcc/tcc/data/known_faces/Abraão/abraao_extra_06.jpg,/home/anitadonato/tcc/tcc/data/known_faces/bianca/WhatsApp Image 2026-06-04 at 22.53.16 (2).jpeg,0.794973038685256,0
/home/anitadonato/tcc/tcc/data/known_faces/luan/20260602_211809.jpg,/home/anitadonato/tcc/tcc/data/known_faces/julia/20260602_212618.jpg,0.8256758529895983,0
/home/anitadonato/tcc/tcc/data/known_faces/Angela/angela_extra_10.jpg,/home/anitadonato/tcc/tcc/data/known_faces/Abraão/abraao_extra_07.jpg,0.8910399241800213,0
/home/anitadonato/tcc/tcc/data/known_faces/JUNIOR/junior_moderada_45_1m.jpeg,/home/anitadonato/tcc/tcc/data/known_faces/Abraão/abraao_baixa_45_esq.jpg,0.9762394814077754,0
/home/anitadonato/tcc/tcc/data/known_faces/BIA/bia_moderada_frontal_1m.jpeg,/home/anitadonato/tcc/tcc/data/known_faces/willa/willa_extra_08.jpg,0.7932661129268954,0
/home/anitadonato/tcc/tcc/data/known_faces/Francisca/francisca_baixa_45_esq.jpg,/home/anitadonato/tcc/tcc/data/known_faces/ALESSANDRA/alessandra_extra_01.jpeg,0.9189821339543173,0
/home/anitadonato/tcc/tcc/data/known_faces/luan/20260602_211823.jpg,/home/anitadonato/tcc/tcc/data/known_faces/ALESSANDRA/alessandra_extra_03.jpeg,0.8209497740963533,0
/home/anitadonato/tcc/tcc/data/known_faces/ALESSANDRA/alessandra_moderada_frontal_1m.jpeg,/home/anitadonato/tcc/tcc/data/known_faces/BIA/bia_boa_45_1m..jpeg,0.8364411929345583,0
/home/anitadonato/tcc/tcc/data/known_faces/bianca/WhatsApp Image 2026-06-04 at 22.53.15 (2).jpeg,/home/anitadonato/tcc/tcc/data/known_faces/Abraão/abraao_boa_45_dir.jpg,0.8203771780595794,0
/home/anitadonato/tcc/tcc/data/known_faces/willa/willa_moderada_frontal_30cm.jpg,/home/anitadonato/tcc/tcc/data/known_faces/BIA/bia_extra_05.jpeg,0.8678707744631348,0
/home/anitadonato/tcc/tcc/data/known_faces/luan/20260602_211920.jpg,/home/anitadonato/tcc/tcc/data/known_faces/JUNIOR/junior_boa_45_1m.jpeg,0.9697162674816873,0
/home/anitadonato/tcc/tcc/data/known_faces/Abraão/abraao_extra_05.jpg,/home/anitadonato/tcc/tcc/data/known_faces/luan/20260602_211809.jpg,0.8551397165064585,0
/home/anitadonato/tcc/tcc/data/known_faces/Abraão/abraao_extra_01.jpg,/home/anitadonato/tcc/tcc/data/known_faces/bianca/WhatsApp Image 2026-06-04 at 22.53.19 (5).jpeg,0.818106848083263,0
/home/anitadonato/tcc/tcc/data/known_faces/Abraão/abraao_extra_06.jpg,/home/anitadonato/tcc/tcc/data/known_faces/JUNIOR/junior_extra_03.jpeg,0.9678774281869387,0
/home/anitadonato/tcc/tcc/data/known_faces/ALESSANDRA/alessandra_extra_07.jpeg,/home/anitadonato/tcc/tcc/data/known_faces/Francisca/francisca_extra_10.jpg,0.9293289579005839,0
/home/anitadonato/tcc/tcc/data/known_faces/BIA/bia_moderada_45_30cm.jpeg,/home/anitadonato/tcc/tcc/data/known_faces/JUNIOR/junior_extra_05.jpeg,0.8413051670978351,0
/home/anitadonato/tcc/tcc/data/known_faces/bianca/WhatsApp Image 2026-06-04 at 22.53.18.jpeg,/home/anitadonato/tcc/tcc/data/known_faces/Angela/angela_extra_13.jpg,0.9151778638108583,0
/home/anitadonato/tcc/tcc/data/known_faces/bianca/WhatsApp Image 2026-06-04 at 22.53.19 (3).jpeg,/home/anitadonato/tcc/tcc/data/known_faces/Abraão/abraao_extra_03.jpg,0.7839331241673562,0
/home/anitadonato/tcc/tcc/data/known_faces/BIA/bia_baixa_frontal_1m.jpeg,/home/anitadonato/tcc/tcc/data/known_faces/Abraão/abraao_extra_02.jpg,0.9010234441557395,0
/home/anitadonato/tcc/tcc/data/known_faces/Angela/angela_boa_45_esq.jpg,/home/anitadonato/tcc/tcc/data/known_faces/bianca/WhatsApp Image 2026-06-04 at 22.53.19 (2).jpeg,0.9308849458074784,0
/home/anitadonato/tcc/tcc/data/known_faces/bianca/WhatsApp Image 2026-06-04 at 22.53.16 (1).jpeg,/home/anitadonato/tcc/tcc/data/known_faces/JUNIOR/junior_baixa_frontal_30cm.jpeg,0.9376902037568999,0
/home/anitadonato/tcc/tcc/data/known_faces/Abraão/abraao_extra_03.jpg,/home/anitadonato/tcc/tcc/data/known_faces/ALESSANDRA/alessandra_extra_07.jpeg,0.8497118948563407,0
/home/anitadonato/tcc/tcc/data/known_faces/JUNIOR/junior_baixa_frontal_30cm.jpeg,/home/anitadonato/tcc/tcc/data/known_faces/Francisca/francisca_boa_45_esq.jpg,0.8785156108879761,0
/home/anitadonato/tcc/tcc/data/known_faces/Abraão/abraao_extra_07.jpg,/home/anitadonato/tcc/tcc/data/known_faces/Angela/angela_extra_09.jpg,0.8601341680812495,0
/home/anitadonato/tcc/tcc/data/known_faces/luan/20260602_212019.jpg,/home/anitadonato/tcc/tcc/data/known_faces/willa/willa_extra_06.jpg,0.9584471761043445,0
/home/anitadonato/tcc/tcc/data/known_faces/Abraão/abraao_baixa_frontal.jpg,/home/anitadonato/tcc/tcc/data/known_faces/ALESSANDRA/alessandra_extra_04.jpeg,0.8657867116410628,0
/home/anitadonato/tcc/tcc/data/known_faces/luan/20260602_212030.jpg,/home/anitadonato/tcc/tcc/data/known_faces/Abraão/abraao_extra_04.jpg,0.8079124513650564,0
/home/anitadonato/tcc/tcc/data/known_faces/bianca/WhatsApp Image 2026-06-04 at 22.53.15 (2).jpeg,/home/anitadonato/tcc/tcc/data/known_faces/ALESSANDRA/alessandra_extra_06.jpeg,0.9031001049545324,0
/home/anitadonato/tcc/tcc/data/known_faces/bianca/WhatsApp Image 2026-06-04 at 22.53.19 (2).jpeg,/home/anitadonato/tcc/tcc/data/known_faces/Abraão/abraao_extra_01.jpg,0.879479782135313,0
/home/anitadonato/tcc/tcc/data/known_faces/willa/20260602_212521.jpg,/home/anitadonato/tcc/tcc/data/known_faces/luan/20260602_212035.jpg,0.7360486537530893,0
/home/anitadonato/tcc/tcc/data/known_faces/bianca/WhatsApp Image 2026-06-04 at 22.53.14 (2).jpeg,/home/anitadonato/tcc/tcc/data/known_faces/Angela/angela_extra_03.jpg,0.907201227295571,0
/home/anitadonato/tcc/tcc/data/known_faces/Francisca/francisca_extra_10.jpg,/home/anitadonato/tcc/tcc/data/known_faces/willa/20260602_212513.jpg,0.8297752753472487,0
/home/anitadonato/tcc/tcc/data/known_faces/Abraão/abraao_extra_07.jpg,/home/anitadonato/tcc/tcc/data/known_faces/Angela/angela_extra_03.jpg,0.8445531991831677,0
/home/anitadonato/tcc/tcc/data/known_faces/bianca/WhatsApp Image 2026-06-04 at 22.53.17 (1).jpeg,/home/anitadonato/tcc/tcc/data/known_faces/Francisca/francisca_baixa_45_esq.jpg,0.9193689664066969,0
/home/anitadonato/tcc/tcc/data/known_faces/JUNIOR/junior_boa_frontal_30cm.jpeg,/home/anitadonato/tcc/tcc/data/known_faces/Francisca/francisca_extra_10.jpg,0.893270377666502,0
/home/anitadonato/tcc/tcc/data/known_faces/willa/willa_extra_07.jpg,/home/anitadonato/tcc/tcc/data/known_faces/BIA/bia_baixa_frontal_30cm.jpeg,0.804956194448514,0
/home/anitadonato/tcc/tcc/data/known_faces/Angela/20260602_192040.jpg,/home/anitadonato/tcc/tcc/data/known_faces/Francisca/francisca_extra_07.jpg,0.7601952711126134,0
/home/anitadonato/tcc/tcc/data/known_faces/JUNIOR/junior_extra_03.jpeg,/home/anitadonato/tcc/tcc/data/known_faces/bianca/WhatsApp Image 2026-06-04 at 22.53.16.jpeg,0.9352957355088913,0
/home/anitadonato/tcc/tcc/data/known_faces/JUNIOR/junior_moderada_frontal_30cm.jpeg,/home/anitadonato/tcc/tcc/data/known_faces/bianca/WhatsApp Image 2026-06-04 at 22.53.14 (2).jpeg,0.8999949995644725,0
/home/anitadonato/tcc/tcc/data/known_faces/Francisca/francisca_extra_15.jpg,/home/anitadonato/tcc/tcc/data/known_faces/JUNIOR/junior_boa_frontal_1m.jpeg,0.8272704603843102,0
/home/anitadonato/tcc/tcc/data/known_faces/julia/20260602_212631.jpg,/home/anitadonato/tcc/tcc/data/known_faces/JUNIOR/junior_extra_05.jpeg,0.9168741369447199,0
/home/anitadonato/tcc/tcc/data/known_faces/JUNIOR/junior_extra_08.jpeg,/home/anitadonato/tcc/tcc/data/known_faces/Francisca/francisca_extra_14.jpg,0.9209524548951382,0
/home/anitadonato/tcc/tcc/data/known_faces/BIA/bia_extra_05.jpeg,/home/anitadonato/tcc/tcc/data/known_faces/JUNIOR/junior_extra_01.jpeg,0.8276126753402322,0
/home/anitadonato/tcc/tcc/data/known_faces/bianca/WhatsApp Image 2026-06-04 at 22.53.14 (1).jpeg,/home/anitadonato/tcc/tcc/data/known_faces/JUNIOR/junior_moderada_frontal_1m.jpeg,0.8927427037285065,0
/home/anitadonato/tcc/tcc/data/known_faces/BIA/bia_boa_45_30cm.jpeg,/home/anitadonato/tcc/tcc/data/known_faces/luan/20260602_212035.jpg,0.9017952436064582,0
/home/anitadonato/tcc/tcc/data/known_faces/luan/20260602_212013.jpg,/home/anitadonato/tcc/tcc/data/known_faces/ALESSANDRA/alessandra_boa_frontal_1m..jpeg,0.9120804698080804,0
/home/anitadonato/tcc/tcc/data/known_faces/julia/20260602_212625.jpg,/home/anitadonato/tcc/tcc/data/known_faces/Francisca/francisca_extra_08.jpg,0.8854581987529051,0
/home/anitadonato/tcc/tcc/data/known_faces/julia/20260602_212704.jpg,/home/anitadonato/tcc/tcc/data/known_faces/Angela/angela_extra_02.jpg,0.8868248194141386,0
/home/anitadonato/tcc/tcc/data/known_faces/Francisca/francisca_extra_08.jpg,/home/anitadonato/tcc/tcc/data/known_faces/Angela/angela_extra_07.jpg,0.8388049307635662,0
/home/anitadonato/tcc/tcc/data/known_faces/Abraão/abraao_extra_09.jpg,/home/anitadonato/tcc/tcc/data/known_faces/julia/julia_boa_frontal.jpg,0.7713606863384478,0
/home/anitadonato/tcc/tcc/data/known_faces/luan/20260602_211917.jpg,/home/anitadonato/tcc/tcc/data/known_faces/ALESSANDRA/alessandra_moderada_45_30cm.jpeg,0.872195602641446,0
/home/anitadonato/tcc/tcc/data/known_faces/willa/20260602_212511.jpg,/home/anitadonato/tcc/tcc/data/known_faces/Abraão/abraao_extra_01.jpg,0.8039661689486053,0
/home/anitadonato/tcc/tcc/data/known_faces/JUNIOR/junior_moderada_frontal_30cm.jpeg,/home/anitadonato/tcc/tcc/data/known_faces/Angela/angela_baixa_45_esq.jpg,0.8931640769593263,0
/home/anitadonato/tcc/tcc/data/known_faces/willa/willa_extra_03.jpg,/home/anitadonato/tcc/tcc/data/known_faces/bianca/WhatsApp Image 2026-06-04 at 22.53.19 (4).jpeg,0.909355925136468,0
/home/anitadonato/tcc/tcc/data/known_faces/bianca/WhatsApp Image 2026-06-04 at 22.53.13 (1).jpeg,/home/anitadonato/tcc/tcc/data/known_faces/Abraão/abraao_baixo_45_esq.jpg,0.8281603231396597,0
/home/anitadonato/tcc/tcc/data/known_faces/Francisca/francisca_extra_11.jpg,/home/anitadonato/tcc/tcc/data/known_faces/BIA/bia_moderada_45_1m.jpeg,0.9672192302736538,0
/home/anitadonato/tcc/tcc/data/known_faces/luan/20260602_212013.jpg,/home/anitadonato/tcc/tcc/data/known_faces/BIA/bia_extra_04.jpeg,0.8499853806670098,0
/home/anitadonato/tcc/tcc/data/known_faces/bianca/WhatsApp Image 2026-06-04 at 22.53.19 (3).jpeg,/home/anitadonato/tcc/tcc/data/known_faces/julia/julia_boa_frontal.jpg,0.86186807918137,0
/home/anitadonato/tcc/tcc/data/known_faces/luan/20260602_211917.jpg,/home/anitadonato/tcc/tcc/data/known_faces/Angela/20260602_192040.jpg,0.9048937105991319,0
/home/anitadonato/tcc/tcc/data/known_faces/julia/20260602_212704.jpg,/home/anitadonato/tcc/tcc/data/known_faces/Abraão/abraao_extra_07.jpg,0.8631392140085707,0
/home/anitadonato/tcc/tcc/data/known_faces/Abraão/abraao_boa_45_.jpg,/home/anitadonato/tcc/tcc/data/known_faces/willa/willa_extra_04.jpg,0.8088254958399912,0
/home/anitadonato/tcc/tcc/data/known_faces/Francisca/francisca_extra_09.jpg,/home/anitadonato/tcc/tcc/data/known_faces/JUNIOR/junior_boa_frontal_1m.jpeg,0.8579321574211896,0
/home/anitadonato/tcc/tcc/data/known_faces/luan/20260602_211917.jpg,/home/anitadonato/tcc/tcc/data/known_faces/julia/20260602_212740.jpg,0.855518550379649,0
/home/anitadonato/tcc/tcc/data/known_faces/Abraão/abraao_extra_08.jpg,/home/anitadonato/tcc/tcc/data/known_faces/julia/20260602_212709.jpg,0.8890502181652554,0
/home/anitadonato/tcc/tcc/data/known_faces/Abraão/abraao_baixa_45_esq.jpg,/home/anitadonato/tcc/tcc/data/known_faces/Francisca/francisca_baixa_frontal.jpg,0.9302466188883598,0
/home/anitadonato/tcc/tcc/data/known_faces/ALESSANDRA/alessandra_baixa_frontal_30cm.jpeg,/home/anitadonato/tcc/tcc/data/known_faces/JUNIOR/junior_boa_45_30cm.jpeg,0.9216730330069008,0
/home/anitadonato/tcc/tcc/data/known_faces/BIA/bia_boa_45_30cm.jpeg,/home/anitadonato/tcc/tcc/data/known_faces/luan/20260602_212022.jpg,0.8993002355744939,0
/home/anitadonato/tcc/tcc/data/known_faces/Angela/angela_extra_12.jpg,/home/anitadonato/tcc/tcc/data/known_faces/JUNIOR/junior_extra_06.jpeg,0.8714240583944638,0
/home/anitadonato/tcc/tcc/data/known_faces/julia/20260602_212724.jpg,/home/anitadonato/tcc/tcc/data/known_faces/BIA/bia_boa_45_30cm.jpeg,0.8453919464541357,0
/home/anitadonato/tcc/tcc/data/known_faces/Angela/angela_extra_07.jpg,/home/anitadonato/tcc/tcc/data/known_faces/bianca/WhatsApp Image 2026-06-04 at 22.53.13 (1).jpeg,0.7817144389969957,0
/home/anitadonato/tcc/tcc/data/known_faces/willa/willa_extra_07.jpg,/home/anitadonato/tcc/tcc/data/known_faces/BIA/bia_moderada_frontal_1m.jpeg,0.7618061498590242,0
/home/anitadonato/tcc/tcc/data/known_faces/bianca/WhatsApp Image 2026-06-04 at 22.53.13 (1).jpeg,/home/anitadonato/tcc/tcc/data/known_faces/willa/willa_baixa_45_30cm.jpg,0.8635573579699629,0
/home/anitadonato/tcc/tcc/data/known_faces/BIA/bia_baixa_frontal_1m.jpeg,/home/anitadonato/tcc/tcc/data/known_faces/Francisca/francisca_extra_14.jpg,0.9778904592215755,0
/home/anitadonato/tcc/tcc/data/known_faces/Abraão/abraao_boa_45_dir.jpg,/home/anitadonato/tcc/tcc/data/known_faces/luan/20260602_211917.jpg,0.82829910293662,0
/home/anitadonato/tcc/tcc/data/known_faces/Francisca/francisca_extra_11.jpg,/home/anitadonato/tcc/tcc/data/known_faces/julia/20260602_212709.jpg,0.8499512604491085,0
/home/anitadonato/tcc/tcc/data/known_faces/willa/willa_extra_05.jpg,/home/anitadonato/tcc/tcc/data/known_faces/bianca/WhatsApp Image 2026-06-04 at 22.53.18 (2).jpeg,0.956352658908739,0
/home/anitadonato/tcc/tcc/data/known_faces/Abraão/abraao_extra_05.jpg,/home/anitadonato/tcc/tcc/data/known_faces/JUNIOR/junior_extra_07.jpeg,0.9005260574870645,0
/home/anitadonato/tcc/tcc/data/known_faces/willa/willa_extra_02.jpg,/home/anitadonato/tcc/tcc/data/known_faces/Angela/angela_extra_13.jpg,0.812381230040481,0
/home/anitadonato/tcc/tcc/data/known_faces/Abraão/abraao_extra_04.jpg,/home/anitadonato/tcc/tcc/data/known_faces/Angela/angela_boa_45_dir.jpg,0.9154268801462392,0
/home/anitadonato/tcc/tcc/data/known_faces/BIA/bia_baixa_frontal_30cm.jpeg,/home/anitadonato/tcc/tcc/data/known_faces/Francisca/francisca_boa_frontal.jpg,0.9808646525003697,0
/home/anitadonato/tcc/tcc/data/known_faces/JUNIOR/junior_moderada_45_1m.jpeg,/home/anitadonato/tcc/tcc/data/known_faces/Angela/angela_extra_07.jpg,0.9553247025342747,0
/home/anitadonato/tcc/tcc/data/known_faces/bianca/WhatsApp Image 2026-06-04 at 22.53.18 (2).jpeg,/home/anitadonato/tcc/tcc/data/known_faces/Angela/angela_extra_07.jpg,0.8664393336991656,0
/home/anitadonato/tcc/tcc/data/known_faces/bianca/WhatsApp Image 2026-06-04 at 22.53.17 (1).jpeg,/home/anitadonato/tcc/tcc/data/known_faces/Angela/angela_extra_12.jpg,0.8317206845651741,0
/home/anitadonato/tcc/tcc/data/known_faces/Angela/angela_boa_frontal.jpg,/home/anitadonato/tcc/tcc/data/known_faces/luan/20260602_212016.jpg,0.9301479093026118,0
/home/anitadonato/tcc/tcc/data/known_faces/julia/20260602_212712.jpg,/home/anitadonato/tcc/tcc/data/known_faces/ALESSANDRA/alessandra_baixa_45_1m.jpeg,0.893381367347853,0
/home/anitadonato/tcc/tcc/data/known_faces/julia/20260602_212633.jpg,/home/anitadonato/tcc/tcc/data/known_faces/Angela/angela_extra_07.jpg,0.8366272828004131,0
/home/anitadonato/tcc/tcc/data/known_faces/luan/20260602_212032.jpg,/home/anitadonato/tcc/tcc/data/known_faces/willa/willa_extra_08.jpg,0.8693540392572273,0
/home/anitadonato/tcc/tcc/data/known_faces/bianca/WhatsApp Image 2026-06-04 at 22.53.16 (3).jpeg,/home/anitadonato/tcc/tcc/data/known_faces/julia/20260602_212732.jpg,0.9101556340775095,0
/home/anitadonato/tcc/tcc/data/known_faces/julia/20260602_212625.jpg,/home/anitadonato/tcc/tcc/data/known_faces/Angela/angela_extra_13.jpg,0.8915136528500099,0
/home/anitadonato/tcc/tcc/data/known_faces/ALESSANDRA/alessandra_extra_02.jpeg,/home/anitadonato/tcc/tcc/data/known_faces/BIA/bia_baixa_45_30cm.jpeg,0.8956307172153049,0
/home/anitadonato/tcc/tcc/data/known_faces/Francisca/francisca_extra_13.jpg,/home/anitadonato/tcc/tcc/data/known_faces/BIA/bia_extra_02.jpeg,0.972551138022553,0
/home/anitadonato/tcc/tcc/data/known_faces/Angela/angela_extra_13.jpg,/home/anitadonato/tcc/tcc/data/known_faces/julia/20260602_212740.jpg,0.851981323427728,0
/home/anitadonato/tcc/tcc/data/known_faces/luan/20260602_211814.jpg,/home/anitadonato/tcc/tcc/data/known_faces/willa/willa_moderada_frontal_30cm.jpg,0.8819451029032881,0
/home/anitadonato/tcc/tcc/data/known_faces/Abraão/abraao_extra_05.jpg,/home/anitadonato/tcc/tcc/data/known_faces/Francisca/francisca_extra_13.jpg,0.9051157709143528,0
/home/anitadonato/tcc/tcc/data/known_faces/ALESSANDRA/alessandra_moderada_45_30cm.jpeg,/home/anitadonato/tcc/tcc/data/known_faces/julia/20260602_212633.jpg,0.8524717846628287,0
/home/anitadonato/tcc/tcc/data/known_faces/Francisca/francisca_extra_09.jpg,/home/anitadonato/tcc/tcc/data/known_faces/ALESSANDRA/alessandra_extra_01.jpeg,0.9250587669319308,0
/home/anitadonato/tcc/tcc/data/known_faces/JUNIOR/junior_extra_07.jpeg,/home/anitadonato/tcc/tcc/data/known_faces/Abraão/abraao_baixo_45_esq.jpg,0.9677521430199189,0
/home/anitadonato/tcc/tcc/data/known_faces/BIA/bia_moderada_frontal_1m.jpeg,/home/anitadonato/tcc/tcc/data/known_faces/willa/willa_extra_04.jpg,0.8830628663002373,0
/home/anitadonato/tcc/tcc/data/known_faces/willa/20260602_212521.jpg,/home/anitadonato/tcc/tcc/data/known_faces/bianca/WhatsApp Image 2026-06-04 at 22.53.18 (3).jpeg,0.9253159698749196,0
/home/anitadonato/tcc/tcc/data/known_faces/Angela/angela_extra_01.jpg,/home/anitadonato/tcc/tcc/data/known_faces/BIA/bia_baixa_45_30cm.jpeg,0.8527294684058409,0
/home/anitadonato/tcc/tcc/data/known_faces/willa/willa_moderada_45_30cm.jpg,/home/anitadonato/tcc/tcc/data/known_faces/JUNIOR/junior_extra_01.jpeg,0.9456788316956185,0
/home/anitadonato/tcc/tcc/data/known_faces/willa/20260602_212521.jpg,/home/anitadonato/tcc/tcc/data/known_faces/luan/20260602_211913.jpg,0.7211729724887088,0
/home/anitadonato/tcc/tcc/data/known_faces/Francisca/francisca_extra_14.jpg,/home/anitadonato/tcc/tcc/data/known_faces/willa/willa_boa_45_30cm.jpg,0.9007884625182475,0
/home/anitadonato/tcc/tcc/data/known_faces/luan/20260602_211820.jpg,/home/anitadonato/tcc/tcc/data/known_faces/Abraão/abraao_extra_07.jpg,0.8442546261156654,0
/home/anitadonato/tcc/tcc/data/known_faces/ALESSANDRA/alessandra_boa_45_1m..jpeg,/home/anitadonato/tcc/tcc/data/known_faces/Francisca/francisca_boa_45_esq.jpg,0.9178019345625441,0
/home/anitadonato/tcc/tcc/data/known_faces/BIA/bia_extra_03.jpeg,/home/anitadonato/tcc/tcc/data/known_faces/Angela/angela_extra_02.jpg,0.8555015146422512,0
/home/anitadonato/tcc/tcc/data/known_faces/bianca/WhatsApp Image 2026-06-04 at 22.53.14 (2).jpeg,/home/anitadonato/tcc/tcc/data/known_faces/julia/julia_boa_frontal.jpg,0.9241033888808657,0
/home/anitadonato/tcc/tcc/data/known_faces/Francisca/francisca_extra_07.jpg,/home/anitadonato/tcc/tcc/data/known_faces/bianca/WhatsApp Image 2026-06-04 at 22.53.16.jpeg,0.9748336297489455,0
/home/anitadonato/tcc/tcc/data/known_faces/Abraão/abraao_extra_06.jpg,/home/anitadonato/tcc/tcc/data/known_faces/willa/willa_extra_09.jpg,0.8363877527221638,0
/home/anitadonato/tcc/tcc/data/known_faces/Francisca/francisca_extra_09.jpg,/home/anitadonato/tcc/tcc/data/known_faces/JUNIOR/junior_extra_08.jpeg,0.9134707977185188,0
/home/anitadonato/tcc/tcc/data/known_faces/JUNIOR/junior_baixa_frontal_1m.jpeg,/home/anitadonato/tcc/tcc/data/known_faces/ALESSANDRA/alessandra_extra_07.jpeg,0.9374977236220421,0
/home/anitadonato/tcc/tcc/data/known_faces/BIA/bia_boa_frontal_1m..jpeg,/home/anitadonato/tcc/tcc/data/known_faces/bianca/WhatsApp Image 2026-06-04 at 22.53.17 (1).jpeg,0.564929703751891,0
/home/anitadonato/tcc/tcc/data/known_faces/Francisca/francisca_extra_04.jpg,/home/anitadonato/tcc/tcc/data/known_faces/JUNIOR/junior_extra_03.jpeg,0.8935487411456118,0
/home/anitadonato/tcc/tcc/data/known_faces/luan/20260602_212025.jpg,/home/anitadonato/tcc/tcc/data/known_faces/Angela/angela_extra_10.jpg,0.9205955172824388,0
/home/anitadonato/tcc/tcc/data/known_faces/JUNIOR/junior_baixa_45_30cm.jpeg,/home/anitadonato/tcc/tcc/data/known_faces/ALESSANDRA/alessandra_baixa_frontal_30cm.jpeg,0.9088473008130917,0
/home/anitadonato/tcc/tcc/data/known_faces/julia/20260602_212628.jpg,/home/anitadonato/tcc/tcc/data/known_faces/ALESSANDRA/alessandra_boa_45_30cm.jpeg,0.8988803149206783,0
/home/anitadonato/tcc/tcc/data/known_faces/julia/20260602_212618.jpg,/home/anitadonato/tcc/tcc/data/known_faces/willa/willa_extra_06.jpg,0.923242062867151,0
/home/anitadonato/tcc/tcc/data/known_faces/BIA/bia_extra_02.jpeg,/home/anitadonato/tcc/tcc/data/known_faces/Angela/angela_boa_frontal.jpg,0.9162731544264197,0
/home/anitadonato/tcc/tcc/data/known_faces/Francisca/francisca_extra_06.jpg,/home/anitadonato/tcc/tcc/data/known_faces/Abraão/abraao_extra_02.jpg,0.9199833537368691,0
/home/anitadonato/tcc/tcc/data/known_faces/Abraão/abraao_boa_45_dir.jpg,/home/anitadonato/tcc/tcc/data/known_faces/JUNIOR/junior_baixa_45_30cm.jpeg,0.9839500500171574,0
/home/anitadonato/tcc/tcc/data/known_faces/bianca/WhatsApp Image 2026-06-04 at 22.53.19 (2).jpeg,/home/anitadonato/tcc/tcc/data/known_faces/Francisca/francisca_extra_02.jpg,0.9719053376136844,0
/home/anitadonato/tcc/tcc/data/known_faces/bianca/WhatsApp Image 2026-06-04 at 22.53.19 (1).jpeg,/home/anitadonato/tcc/tcc/data/known_faces/Abraão/abraao_baixo_45_esq.jpg,0.8162774162873913,0
/home/anitadonato/tcc/tcc/data/known_faces/ALESSANDRA/alessandra_extra_08.jpeg,/home/anitadonato/tcc/tcc/data/known_faces/BIA/bia_baixa_frontal_1m.jpeg,0.8027915493094124,0
/home/anitadonato/tcc/tcc/data/known_faces/Angela/angela_extra_11.jpg,/home/anitadonato/tcc/tcc/data/known_faces/BIA/bia_extra_07.jpeg,0.8469118038525102,0
/home/anitadonato/tcc/tcc/data/known_faces/ALESSANDRA/alessandra_extra_03.jpeg,/home/anitadonato/tcc/tcc/data/known_faces/willa/20260602_212511.jpg,0.9083040784565879,0
/home/anitadonato/tcc/tcc/data/known_faces/bianca/WhatsApp Image 2026-06-04 at 22.53.17 (1).jpeg,/home/anitadonato/tcc/tcc/data/known_faces/Angela/angela_baixa_frontal.jpg,0.8317030548446147,0
/home/anitadonato/tcc/tcc/data/known_faces/BIA/bia_baixa_frontal_1m.jpeg,/home/anitadonato/tcc/tcc/data/known_faces/bianca/WhatsApp Image 2026-06-04 at 22.53.19 (2).jpeg,0.5709817350815332,0
/home/anitadonato/tcc/tcc/data/known_faces/Abraão/abraao_extra_04.jpg,/home/anitadonato/tcc/tcc/data/known_faces/willa/willa_extra_04.jpg,0.8246847068681554,0
/home/anitadonato/tcc/tcc/data/known_faces/Francisca/francisca_extra_07.jpg,/home/anitadonato/tcc/tcc/data/known_faces/Angela/angela_boa_45_esq.jpg,0.7827410221901795,0
/home/anitadonato/tcc/tcc/data/known_faces/Angela/angela_extra_11.jpg,/home/anitadonato/tcc/tcc/data/known_faces/Abraão/abraao_baixa_45_dir.jpg,0.7417373467021575,0
/home/anitadonato/tcc/tcc/data/known_faces/willa/willa_extra_07.jpg,/home/anitadonato/tcc/tcc/data/known_faces/Angela/angela_extra_06.jpg,0.815898697311371,0
/home/anitadonato/tcc/tcc/data/known_faces/BIA/bia_extra_06.jpeg,/home/anitadonato/tcc/tcc/data/known_faces/Angela/angela_extra_09.jpg,0.865642679211779,0
/home/anitadonato/tcc/tcc/data/known_faces/BIA/bia_baixa_frontal_30cm.jpeg,/home/anitadonato/tcc/tcc/data/known_faces/Abraão/abraao_boa_45_.jpg,0.9653048830092047,0
/home/anitadonato/tcc/tcc/data/known_faces/Abraão/abraao_extra_05.jpg,/home/anitadonato/tcc/tcc/data/known_faces/bianca/WhatsApp Image 2026-06-04 at 22.53.16 (3).jpeg,0.7392594326676778,0
/home/anitadonato/tcc/tcc/data/known_faces/JUNIOR/junior_boa_frontal_30cm.jpeg,/home/anitadonato/tcc/tcc/data/known_faces/Angela/angela_extra_03.jpg,0.8433957683248007,0
/home/anitadonato/tcc/tcc/data/known_faces/Abraão/abraao_extra_03.jpg,/home/anitadonato/tcc/tcc/data/known_faces/BIA/bia_baixa_45_1m.jpeg,0.9712319910460177,0
/home/anitadonato/tcc/tcc/data/known_faces/Francisca/francisca_extra_11.jpg,/home/anitadonato/tcc/tcc/data/known_faces/BIA/bia_moderada_frontal_30cm.jpeg,0.9730627870415941,0
/home/anitadonato/tcc/tcc/data/known_faces/luan/20260602_211920.jpg,/home/anitadonato/tcc/tcc/data/known_faces/BIA/bia_extra_02.jpeg,0.8711569051172565,0
/home/anitadonato/tcc/tcc/data/known_faces/ALESSANDRA/alessandra_extra_08.jpeg,/home/anitadonato/tcc/tcc/data/known_faces/BIA/bia_extra_05.jpeg,0.7631743270769789,0
/home/anitadonato/tcc/tcc/data/known_faces/Abraão/abraao_extra_09.jpg,/home/anitadonato/tcc/tcc/data/known_faces/BIA/bia_moderada_frontal_30cm.jpeg,0.9072671271024378,0
/home/anitadonato/tcc/tcc/data/known_faces/Abraão/abraao_baixa_45_dir.jpg,/home/anitadonato/tcc/tcc/data/known_faces/luan/20260602_211917.jpg,0.8687257025699511,0
/home/anitadonato/tcc/tcc/data/known_faces/JUNIOR/junior_extra_05.jpeg,/home/anitadonato/tcc/tcc/data/known_faces/Angela/angela_extra_13.jpg,0.825872343516284,0
/home/anitadonato/tcc/tcc/data/known_faces/bianca/WhatsApp Image 2026-06-04 at 22.53.18 (1).jpeg,/home/anitadonato/tcc/tcc/data/known_faces/JUNIOR/junior_boa_45_30cm.jpeg,0.9116899173887131,0
/home/anitadonato/tcc/tcc/data/known_faces/julia/20260602_212618.jpg,/home/anitadonato/tcc/tcc/data/known_faces/Abraão/abraao_baixa_frontal.jpg,0.8009354001673016,0
/home/anitadonato/tcc/tcc/data/known_faces/ALESSANDRA/alessandra_moderada_45_1m.jpeg,/home/anitadonato/tcc/tcc/data/known_faces/bianca/WhatsApp Image 2026-06-04 at 22.53.15 (2).jpeg,0.873222308500011,0
/home/anitadonato/tcc/tcc/data/known_faces/luan/20260602_211923.jpg,/home/anitadonato/tcc/tcc/data/known_faces/bianca/WhatsApp Image 2026-06-04 at 22.53.19 (1).jpeg,0.7892654226760769,0
/home/anitadonato/tcc/tcc/data/known_faces/bianca/WhatsApp Image 2026-06-04 at 22.53.18 (4).jpeg,/home/anitadonato/tcc/tcc/data/known_faces/Abraão/abraao_boa_45_.jpg,0.7345148431487863,0
/home/anitadonato/tcc/tcc/data/known_faces/Francisca/francisca_extra_04.jpg,/home/anitadonato/tcc/tcc/data/known_faces/Abraão/abraao_baixa_frontal.jpg,0.9260311931928735,0
/home/anitadonato/tcc/tcc/data/known_faces/luan/20260602_211820.jpg,/home/anitadonato/tcc/tcc/data/known_faces/BIA/bia_moderada_45_30cm.jpeg,0.8482245732763742,0
/home/anitadonato/tcc/tcc/data/known_faces/JUNIOR/junior_moderada_frontal_1m.jpeg,/home/anitadonato/tcc/tcc/data/known_faces/bianca/WhatsApp Image 2026-06-04 at 22.53.18 (4).jpeg,0.9034632256979955,0
/home/anitadonato/tcc/tcc/data/known_faces/Abraão/abraao_extra_07.jpg,/home/anitadonato/tcc/tcc/data/known_faces/Francisca/francisca_extra_02.jpg,0.916908936693084,0
/home/anitadonato/tcc/tcc/data/known_faces/ALESSANDRA/alessandra_baixa_frontal_1m.jpeg,/home/anitadonato/tcc/tcc/data/known_faces/BIA/bia_extra_06.jpeg,0.8063189677930493,0
/home/anitadonato/tcc/tcc/data/known_faces/Abraão/abraao_baixa_45_esq.jpg,/home/anitadonato/tcc/tcc/data/known_faces/julia/20260602_212704.jpg,0.6407246723566653,0
/home/anitadonato/tcc/tcc/data/known_faces/Angela/20260602_192040.jpg,/home/anitadonato/tcc/tcc/data/known_faces/Abraão/abraao_boa_45_.jpg,0.8707362870675011,0
/home/anitadonato/tcc/tcc/data/known_faces/ALESSANDRA/alessandra_extra_08.jpeg,/home/anitadonato/tcc/tcc/data/known_faces/Angela/angela_extra_06.jpg,0.7699095211358095,0
/home/anitadonato/tcc/tcc/data/known_faces/JUNIOR/junior_extra_01.jpeg,/home/anitadonato/tcc/tcc/data/known_faces/Angela/angela_boa_45_dir.jpg,0.9064027592667275,0
/home/anitadonato/tcc/tcc/data/known_faces/ALESSANDRA/alessandra_extra_06.jpeg,/home/anitadonato/tcc/tcc/data/known_faces/JUNIOR/junior_extra_01.jpeg,0.8743960293739024,0
/home/anitadonato/tcc/tcc/data/known_faces/luan/20260602_211837.jpg,/home/anitadonato/tcc/tcc/data/known_faces/Abraão/abraao_baixa_frontal.jpg,0.7609718623225683,0
/home/anitadonato/tcc/tcc/data/known_faces/julia/julia_boa_45_esq(1).jpg,/home/anitadonato/tcc/tcc/data/known_faces/willa/willa_extra_04.jpg,0.9442738626385839,0
/home/anitadonato/tcc/tcc/data/known_faces/ALESSANDRA/alessandra_moderada_frontal_1m.jpeg,/home/anitadonato/tcc/tcc/data/known_faces/julia/20260602_212631.jpg,0.9213819484181058,0
/home/anitadonato/tcc/tcc/data/known_faces/willa/willa_baixa_frontal_30cm.jpg,/home/anitadonato/tcc/tcc/data/known_faces/Abraão/abraao_extra_10.jpg,0.806096370638661,0
/home/anitadonato/tcc/tcc/data/known_faces/ALESSANDRA/alessandra_baixa_45_1m.jpeg,/home/anitadonato/tcc/tcc/data/known_faces/willa/willa_baixa_frontal_30cm.jpg,0.8657653092412254,0
/home/anitadonato/tcc/tcc/data/known_faces/ALESSANDRA/alessandra_extra_04.jpeg,/home/anitadonato/tcc/tcc/data/known_faces/julia/20260602_212724.jpg,0.9011288518194364,0
/home/anitadonato/tcc/tcc/data/known_faces/Angela/angela_baixa_45_esq.jpg,/home/anitadonato/tcc/tcc/data/known_faces/willa/willa_moderada_45_30cm.jpg,0.7668084675240112,0
/home/anitadonato/tcc/tcc/data/known_faces/bianca/WhatsApp Image 2026-06-04 at 22.53.15.jpeg,/home/anitadonato/tcc/tcc/data/known_faces/BIA/bia_boa_frontal_30cm..jpeg,0.7656760304324064,0
/home/anitadonato/tcc/tcc/data/known_faces/bianca/WhatsApp Image 2026-06-04 at 22.53.15 (1).jpeg,/home/anitadonato/tcc/tcc/data/known_faces/JUNIOR/junior_baixa_frontal_1m.jpeg,0.8935104329068401,0
/home/anitadonato/tcc/tcc/data/known_faces/willa/20260602_212511.jpg,/home/anitadonato/tcc/tcc/data/known_faces/JUNIOR/junior_moderada_45_1m.jpeg,0.9365923808392717,0
/home/anitadonato/tcc/tcc/data/known_faces/ALESSANDRA/alessandra_boa_frontal_30cm..jpeg,/home/anitadonato/tcc/tcc/data/known_faces/Angela/angela_extra_11.jpg,0.8176578308436364,0
/home/anitadonato/tcc/tcc/data/known_faces/ALESSANDRA/alessandra_baixa_frontal_1m.jpeg,/home/anitadonato/tcc/tcc/data/known_faces/bianca/WhatsApp Image 2026-06-04 at 22.53.19.jpeg,0.7785869880269517,0
/home/anitadonato/tcc/tcc/data/known_faces/julia/20260602_212704.jpg,/home/anitadonato/tcc/tcc/data/known_faces/Francisca/francisca_extra_05.jpg,0.8957284395031311,0
/home/anitadonato/tcc/tcc/data/known_faces/Abraão/abraao_extra_08.jpg,/home/anitadonato/tcc/tcc/data/known_faces/luan/20260602_211805.jpg,0.8077225921263103,0
/home/anitadonato/tcc/tcc/data/known_faces/JUNIOR/junior_extra_02.jpeg,/home/anitadonato/tcc/tcc/data/known_faces/BIA/bia_moderada_frontal_1m.jpeg,0.8411368789811855,0
/home/anitadonato/tcc/tcc/data/known_faces/Francisca/francisca_extra_09.jpg,/home/anitadonato/tcc/tcc/data/known_faces/BIA/bia_extra_04.jpeg,0.9618590835704852,0
/home/anitadonato/tcc/tcc/data/known_faces/willa/willa_baixa_45_30cm.jpg,/home/anitadonato/tcc/tcc/data/known_faces/julia/julia_boa_45_esq.jpg,0.9087439471028713,0
/home/anitadonato/tcc/tcc/data/known_faces/BIA/bia_baixa_45_1m.jpeg,/home/anitadonato/tcc/tcc/data/known_faces/Angela/angela_extra_08.jpg,0.8426137429527404,0
/home/anitadonato/tcc/tcc/data/known_faces/ALESSANDRA/alessandra_moderada_45_30cm.jpeg,/home/anitadonato/tcc/tcc/data/known_faces/BIA/bia_extra_04.jpeg,0.9140296384010473,0
/home/anitadonato/tcc/tcc/data/known_faces/ALESSANDRA/alessandra_baixa_45_1m.jpeg,/home/anitadonato/tcc/tcc/data/known_faces/JUNIOR/junior_extra_05.jpeg,0.8446985716256834,0
/home/anitadonato/tcc/tcc/data/known_faces/Francisca/francisca_extra_01.jpg,/home/anitadonato/tcc/tcc/data/known_faces/Abraão/abraao_extra_10.jpg,0.8866380096183671,0
/home/anitadonato/tcc/tcc/data/known_faces/BIA/bia_extra_08.jpeg,/home/anitadonato/tcc/tcc/data/known_faces/bianca/WhatsApp Image 2026-06-04 at 22.53.13 (2).jpeg,0.8482510130810761,0
/home/anitadonato/tcc/tcc/data/known_faces/Angela/angela_baixa_frontal.jpg,/home/anitadonato/tcc/tcc/data/known_faces/Francisca/francisca_baixa_45_dir.jpg,0.8070695826414425,0
/home/anitadonato/tcc/tcc/data/known_faces/BIA/bia_extra_06.jpeg,/home/anitadonato/tcc/tcc/data/known_faces/luan/20260602_211917.jpg,0.9140307757955973,0
/home/anitadonato/tcc/tcc/data/known_faces/julia/julia_boa_frontal.jpg,/home/anitadonato/tcc/tcc/data/known_faces/Abraão/abraao_baixo_45_esq.jpg,0.7344042985528061,0
/home/anitadonato/tcc/tcc/data/known_faces/luan/20260602_212032.jpg,/home/anitadonato/tcc/tcc/data/known_faces/Angela/angela_extra_07.jpg,0.8982500874697543,0
/home/anitadonato/tcc/tcc/data/known_faces/Abraão/abraao_extra_07.jpg,/home/anitadonato/tcc/tcc/data/known_faces/ALESSANDRA/alessandra_boa_45_1m..jpeg,0.7835146046485559,0
/home/anitadonato/tcc/tcc/data/known_faces/BIA/bia_extra_01.jpeg,/home/anitadonato/tcc/tcc/data/known_faces/Francisca/francisca_extra_05.jpg,0.9538005196140895,0
/home/anitadonato/tcc/tcc/data/known_faces/bianca/WhatsApp Image 2026-06-04 at 22.53.15.jpeg,/home/anitadonato/tcc/tcc/data/known_faces/JUNIOR/junior_extra_07.jpeg,0.8999428972666864,0
/home/anitadonato/tcc/tcc/data/known_faces/Francisca/francisca_baixa_45_esq.jpg,/home/anitadonato/tcc/tcc/data/known_faces/BIA/bia_boa_frontal_1m..jpeg,0.9588166567826798,0
/home/anitadonato/tcc/tcc/data/known_faces/Angela/angela_boa_45_esq.jpg,/home/anitadonato/tcc/tcc/data/known_faces/Abraão/abraao_baixo_45_esq.jpg,0.8970807343491222,0
/home/anitadonato/tcc/tcc/data/known_faces/Angela/angela_extra_09.jpg,/home/anitadonato/tcc/tcc/data/known_faces/julia/20260602_212709.jpg,0.8694637542935564,0
/home/anitadonato/tcc/tcc/data/known_faces/bianca/WhatsApp Image 2026-06-04 at 22.53.18 (1).jpeg,/home/anitadonato/tcc/tcc/data/known_faces/Abraão/abraao_extra_05.jpg,0.838762140001591,0
/home/anitadonato/tcc/tcc/data/known_faces/BIA/bia_extra_02.jpeg,/home/anitadonato/tcc/tcc/data/known_faces/julia/20260602_212732.jpg,0.9070385743684984,0
/home/anitadonato/tcc/tcc/data/known_faces/Francisca/francisca_baixa_45_esq.jpg,/home/anitadonato/tcc/tcc/data/known_faces/Abraão/abraao_boa_45_dir.jpg,0.8651840803106609,0
/home/anitadonato/tcc/tcc/data/known_faces/Francisca/francisca_extra_01.jpg,/home/anitadonato/tcc/tcc/data/known_faces/ALESSANDRA/alessandra_extra_03.jpeg,0.9181492660525801,0
/home/anitadonato/tcc/tcc/data/known_faces/Angela/angela_extra_02.jpg,/home/anitadonato/tcc/tcc/data/known_faces/Abraão/abraao_extra_05.jpg,0.8000243684049009,0
/home/anitadonato/tcc/tcc/data/known_faces/bianca/WhatsApp Image 2026-06-04 at 22.53.13 (2).jpeg,/home/anitadonato/tcc/tcc/data/known_faces/luan/20260602_212035.jpg,0.6474844979848066,0
/home/anitadonato/tcc/tcc/data/known_faces/Francisca/francisca_boa_frontal.jpg,/home/anitadonato/tcc/tcc/data/known_faces/willa/20260602_212418.jpg,0.869947124878171,0
/home/anitadonato/tcc/tcc/data/known_faces/bianca/WhatsApp Image 2026-06-04 at 22.53.18 (1).jpeg,/home/anitadonato/tcc/tcc/data/known_faces/julia/julia_boa_45_esq.jpg,0.9302126977641919,0
/home/anitadonato/tcc/tcc/data/known_faces/BIA/bia_extra_07.jpeg,/home/anitadonato/tcc/tcc/data/known_faces/Abraão/abraao_baixo_45_esq.jpg,0.966352838929051,0
/home/anitadonato/tcc/tcc/data/known_faces/Angela/20260602_192040.jpg,/home/anitadonato/tcc/tcc/data/known_faces/Abraão/abraao_baixa_45_esq.jpg,0.8434618834552374,0
/home/anitadonato/tcc/tcc/data/known_faces/BIA/bia_boa_frontal_1m..jpeg,/home/anitadonato/tcc/tcc/data/known_faces/Angela/angela_extra_07.jpg,0.9288161161142139,0
/home/anitadonato/tcc/tcc/data/known_faces/JUNIOR/junior_moderada_frontal_1m.jpeg,/home/anitadonato/tcc/tcc/data/known_faces/Abraão/abraao_extra_02.jpg,0.9485833146698252,0
/home/anitadonato/tcc/tcc/data/known_faces/Abraão/abraao_baixa_frontal.jpg,/home/anitadonato/tcc/tcc/data/known_faces/ALESSANDRA/alessandra_boa_frontal_1m..jpeg,0.829581772738098,0
/home/anitadonato/tcc/tcc/data/known_faces/julia/20260602_212625.jpg,/home/anitadonato/tcc/tcc/data/known_faces/Angela/angela_extra_05.jpg,0.9309491285313127,0
/home/anitadonato/tcc/tcc/data/known_faces/Abraão/abraao_extra_08.jpg,/home/anitadonato/tcc/tcc/data/known_faces/ALESSANDRA/alessandra_baixa_45_30cm.jpeg,0.8979439469664666,0
/home/anitadonato/tcc/tcc/data/known_faces/Angela/angela_extra_07.jpg,/home/anitadonato/tcc/tcc/data/known_faces/bianca/WhatsApp Image 2026-06-04 at 22.53.17 (1).jpeg,0.8156880298724964,0
/home/anitadonato/tcc/tcc/data/known_faces/ALESSANDRA/alessandra_extra_06.jpeg,/home/anitadonato/tcc/tcc/data/known_faces/bianca/WhatsApp Image 2026-06-04 at 22.53.14 (3).jpeg,0.7942537467427075,0
/home/anitadonato/tcc/tcc/data/known_faces/JUNIOR/junior_boa_45_30cm.jpeg,/home/anitadonato/tcc/tcc/data/known_faces/BIA/bia_extra_01.jpeg,0.8675079993012537,0
/home/anitadonato/tcc/tcc/data/known_faces/Francisca/francisca_boa_45_esq.jpg,/home/anitadonato/tcc/tcc/data/known_faces/julia/20260602_212621.jpg,0.8728160324632547,0
/home/anitadonato/tcc/tcc/data/known_faces/willa/willa_extra_02.jpg,/home/anitadonato/tcc/tcc/data/known_faces/BIA/bia_extra_08.jpeg,0.9023830809596277,0
/home/anitadonato/tcc/tcc/data/known_faces/bianca/WhatsApp Image 2026-06-04 at 22.53.17 (1).jpeg,/home/anitadonato/tcc/tcc/data/known_faces/luan/20260602_211809.jpg,0.8273750932452932,0
/home/anitadonato/tcc/tcc/data/known_faces/Abraão/abraao_extra_06.jpg,/home/anitadonato/tcc/tcc/data/known_faces/Francisca/francisca_boa_45_esq.jpg,0.9212660935027729,0
/home/anitadonato/tcc/tcc/data/known_faces/bianca/WhatsApp Image 2026-06-04 at 22.53.18 (4).jpeg,/home/anitadonato/tcc/tcc/data/known_faces/BIA/bia_moderada_45_1m.jpeg,0.6439673883697122,0
/home/anitadonato/tcc/tcc/data/known_faces/BIA/bia_baixa_45_1m.jpeg,/home/anitadonato/tcc/tcc/data/known_faces/luan/20260602_211920.jpg,0.9301346840690272,0
/home/anitadonato/tcc/tcc/data/known_faces/JUNIOR/junior_moderada_45_30cm.jpeg,/home/anitadonato/tcc/tcc/data/known_faces/julia/20260602_212740.jpg,0.9707058697167833,0
/home/anitadonato/tcc/tcc/data/known_faces/JUNIOR/junior_extra_03.jpeg,/home/anitadonato/tcc/tcc/data/known_faces/luan/20260602_211920.jpg,0.9493855266255568,0
/home/anitadonato/tcc/tcc/data/known_faces/Francisca/Francisca_boa_45_dir.jpg,/home/anitadonato/tcc/tcc/data/known_faces/Angela/angela_extra_05.jpg,0.8720585204668883,0
/home/anitadonato/tcc/tcc/data/known_faces/willa/20260602_212418.jpg,/home/anitadonato/tcc/tcc/data/known_faces/BIA/bia_extra_01.jpeg,0.9641381697655628,0
/home/anitadonato/tcc/tcc/data/known_faces/ALESSANDRA/alessandra_moderada_45_1m.jpeg,/home/anitadonato/tcc/tcc/data/known_faces/julia/20260602_212712.jpg,0.8372284096980612,0
/home/anitadonato/tcc/tcc/data/known_faces/willa/20260602_212521.jpg,/home/anitadonato/tcc/tcc/data/known_faces/BIA/bia_baixa_frontal_30cm.jpeg,0.8965080894258972,0
/home/anitadonato/tcc/tcc/data/known_faces/BIA/bia_extra_01.jpeg,/home/anitadonato/tcc/tcc/data/known_faces/willa/willa_moderada_45_30cm.jpg,0.9326280786602519,0
/home/anitadonato/tcc/tcc/data/known_faces/ALESSANDRA/alessandra_moderada_frontal_1m.jpeg,/home/anitadonato/tcc/tcc/data/known_faces/BIA/bia_extra_05.jpeg,0.767254600113718,0
/home/anitadonato/tcc/tcc/data/known_faces/JUNIOR/junior_boa_45_30cm.jpeg,/home/anitadonato/tcc/tcc/data/known_faces/Angela/angela_extra_02.jpg,0.8817907493128543,0
/home/anitadonato/tcc/tcc/data/known_faces/willa/willa_extra_04.jpg,/home/anitadonato/tcc/tcc/data/known_faces/JUNIOR/junior_moderada_frontal_1m.jpeg,0.9147467304181004,0
/home/anitadonato/tcc/tcc/data/known_faces/ALESSANDRA/alessandra_moderada_frontal_1m.jpeg,/home/anitadonato/tcc/tcc/data/known_faces/JUNIOR/junior_moderada_frontal_1m.jpeg,0.9188691116087435,0
/home/anitadonato/tcc/tcc/data/known_faces/Angela/angela_extra_10.jpg,/home/anitadonato/tcc/tcc/data/known_faces/BIA/bia_moderada_45_30cm.jpeg,0.8650220830070416,0
/home/anitadonato/tcc/tcc/data/known_faces/Francisca/francisca_extra_10.jpg,/home/anitadonato/tcc/tcc/data/known_faces/Angela/angela_baixa_45_esq.jpg,0.7275545308356892,0
/home/anitadonato/tcc/tcc/data/known_faces/Abraão/abraao_extra_01.jpg,/home/anitadonato/tcc/tcc/data/known_faces/ALESSANDRA/alessandra_moderada_frontal_30cm.jpeg,0.8330207987392161,0
/home/anitadonato/tcc/tcc/data/known_faces/BIA/bia_moderada_45_1m.jpeg,/home/anitadonato/tcc/tcc/data/known_faces/ALESSANDRA/alessandra_extra_08.jpeg,0.8239526346319106,0
/home/anitadonato/tcc/tcc/data/known_faces/ALESSANDRA/alessandra_moderada_frontal_30cm.jpeg,/home/anitadonato/tcc/tcc/data/known_faces/JUNIOR/junior_boa_frontal_1m.jpeg,0.8859455216419387,0
/home/anitadonato/tcc/tcc/data/known_faces/Angela/angela_boa_frontal.jpg,/home/anitadonato/tcc/tcc/data/known_faces/JUNIOR/junior_extra_03.jpeg,0.8718190171568154,0
/home/anitadonato/tcc/tcc/data/known_faces/ALESSANDRA/alessandra_boa_45_1m..jpeg,/home/anitadonato/tcc/tcc/data/known_faces/willa/willa_moderada_frontal_30cm.jpg,0.8970630398987929,0
/home/anitadonato/tcc/tcc/data/known_faces/Angela/angela_extra_11.jpg,/home/anitadonato/tcc/tcc/data/known_faces/Abraão/abraao_extra_05.jpg,0.8109933595606731,0
/home/anitadonato/tcc/tcc/data/known_faces/Abraão/abraao_extra_06.jpg,/home/anitadonato/tcc/tcc/data/known_faces/JUNIOR/junior_moderada_frontal_1m.jpeg,0.948892193850556,0
/home/anitadonato/tcc/tcc/data/known_faces/Abraão/abraao_extra_03.jpg,/home/anitadonato/tcc/tcc/data/known_faces/JUNIOR/junior_extra_03.jpeg,0.9632110353246848,0
/home/anitadonato/tcc/tcc/data/known_faces/Angela/angela_extra_08.jpg,/home/anitadonato/tcc/tcc/data/known_faces/willa/willa_extra_08.jpg,0.6623889698263634,0
/home/anitadonato/tcc/tcc/data/known_faces/JUNIOR/junior_moderada_45_30cm.jpeg,/home/anitadonato/tcc/tcc/data/known_faces/Angela/angela_extra_06.jpg,0.9546513665746925,0
/home/anitadonato/tcc/tcc/data/known_faces/BIA/bia_extra_05.jpeg,/home/anitadonato/tcc/tcc/data/known_faces/Angela/angela_extra_04.jpg,0.8761457286344387,0
/home/anitadonato/tcc/tcc/data/known_faces/Francisca/francisca_boa_frontal.jpg,/home/anitadonato/tcc/tcc/data/known_faces/Angela/20260602_192040.jpg,0.8739465621251183,0
/home/anitadonato/tcc/tcc/data/known_faces/willa/willa_moderada_frontal_30cm.jpg,/home/anitadonato/tcc/tcc/data/known_faces/bianca/WhatsApp Image 2026-06-04 at 22.53.13 (2).jpeg,0.8556778148032763,0
/home/anitadonato/tcc/tcc/data/known_faces/Angela/angela_extra_02.jpg,/home/anitadonato/tcc/tcc/data/known_faces/JUNIOR/junior_moderada_frontal_1m.jpeg,0.9066202640298029,0
/home/anitadonato/tcc/tcc/data/known_faces/Abraão/abraao_boa_45_.jpg,/home/anitadonato/tcc/tcc/data/known_faces/julia/20260602_212709.jpg,0.8513803276251741,0
/home/anitadonato/tcc/tcc/data/known_faces/Abraão/abraao_extra_05.jpg,/home/anitadonato/tcc/tcc/data/known_faces/BIA/bia_extra_03.jpeg,0.8215387859484896,0
/home/anitadonato/tcc/tcc/data/known_faces/Angela/angela_extra_05.jpg,/home/anitadonato/tcc/tcc/data/known_faces/Abraão/abraao_extra_08.jpg,0.9051110632465379,0
/home/anitadonato/tcc/tcc/data/known_faces/ALESSANDRA/alessandra_boa_frontal_1m..jpeg,/home/anitadonato/tcc/tcc/data/known_faces/Francisca/francisca_extra_02.jpg,0.9550739281035495,0
/home/anitadonato/tcc/tcc/data/known_faces/Abraão/abraao_extra_02.jpg,/home/anitadonato/tcc/tcc/data/known_faces/JUNIOR/junior_baixa_frontal_30cm.jpeg,0.9503733838157055,0
/home/anitadonato/tcc/tcc/data/known_faces/ALESSANDRA/alessandra_extra_05.jpeg,/home/anitadonato/tcc/tcc/data/known_faces/willa/willa_extra_07.jpg,0.7953992207784492,0
/home/anitadonato/tcc/tcc/data/known_faces/bianca/WhatsApp Image 2026-06-04 at 22.53.19.jpeg,/home/anitadonato/tcc/tcc/data/known_faces/Angela/angela_extra_08.jpg,0.8562789780066941,0
/home/anitadonato/tcc/tcc/data/known_faces/julia/20260602_212712.jpg,/home/anitadonato/tcc/tcc/data/known_faces/bianca/WhatsApp Image 2026-06-04 at 22.53.18 (1).jpeg,0.9297288596469033,0
/home/anitadonato/tcc/tcc/data/known_faces/bianca/WhatsApp Image 2026-06-04 at 22.53.19 (5).jpeg,/home/anitadonato/tcc/tcc/data/known_faces/Abraão/abraao_extra_09.jpg,0.7612071803907053,0
/home/anitadonato/tcc/tcc/data/known_faces/willa/20260602_212521.jpg,/home/anitadonato/tcc/tcc/data/known_faces/BIA/bia_extra_07.jpeg,0.894280307134736,0
/home/anitadonato/tcc/tcc/data/known_faces/Abraão/abraao_extra_03.jpg,/home/anitadonato/tcc/tcc/data/known_faces/ALESSANDRA/alessandra_baixa_45_1m.jpeg,0.8546508994114858,0
/home/anitadonato/tcc/tcc/data/known_faces/JUNIOR/junior_baixa_frontal_30cm.jpeg,/home/anitadonato/tcc/tcc/data/known_faces/Francisca/francisca_baixa_45_esq.jpg,0.8904233921025022,0
/home/anitadonato/tcc/tcc/data/known_faces/JUNIOR/junior_extra_05.jpeg,/home/anitadonato/tcc/tcc/data/known_faces/Angela/angela_boa_frontal.jpg,0.8325274900480178,0
/home/anitadonato/tcc/tcc/data/known_faces/Abraão/abraao_baixa_frontal.jpg,/home/anitadonato/tcc/tcc/data/known_faces/luan/20260602_211913.jpg,0.8093813692862564,0
/home/anitadonato/tcc/tcc/data/known_faces/willa/20260602_212418.jpg,/home/anitadonato/tcc/tcc/data/known_faces/julia/20260602_212726.jpg,0.8244105053747308,0
/home/anitadonato/tcc/tcc/data/known_faces/Abraão/abraao_boa_frontal.jpg,/home/anitadonato/tcc/tcc/data/known_faces/JUNIOR/junior_boa_frontal_1m.jpeg,0.9552934112587049,0
/home/anitadonato/tcc/tcc/data/known_faces/bianca/WhatsApp Image 2026-06-04 at 22.53.19 (2).jpeg,/home/anitadonato/tcc/tcc/data/known_faces/luan/20260602_212022.jpg,0.7788681558627363,0
/home/anitadonato/tcc/tcc/data/known_faces/Francisca/francisca_extra_04.jpg,/home/anitadonato/tcc/tcc/data/known_faces/willa/willa_baixa_frontal_30cm.jpg,0.8705399634245572,0
/home/anitadonato/tcc/tcc/data/known_faces/Abraão/abraao_extra_06.jpg,/home/anitadonato/tcc/tcc/data/known_faces/ALESSANDRA/alessandra_moderada_frontal_1m.jpeg,0.8913085253643578,0
/home/anitadonato/tcc/tcc/data/known_faces/luan/20260602_211820.jpg,/home/anitadonato/tcc/tcc/data/known_faces/julia/20260602_212621.jpg,0.813526422067159,0
/home/anitadonato/tcc/tcc/data/known_faces/JUNIOR/junior_extra_06.jpeg,/home/anitadonato/tcc/tcc/data/known_faces/ALESSANDRA/alessandra_baixa_frontal_1m.jpeg,0.8301784815231292,0
/home/anitadonato/tcc/tcc/data/known_faces/Francisca/francisca_extra_01.jpg,/home/anitadonato/tcc/tcc/data/known_faces/julia/20260602_212628.jpg,0.9355270222410377,0
/home/anitadonato/tcc/tcc/data/known_faces/ALESSANDRA/alessandra_boa_45_30cm.jpeg,/home/anitadonato/tcc/tcc/data/known_faces/BIA/bia_extra_02.jpeg,0.8983507730421083,0
/home/anitadonato/tcc/tcc/data/known_faces/Abraão/abraao_baixo_45_esq.jpg,/home/anitadonato/tcc/tcc/data/known_faces/julia/20260602_212704.jpg,0.6893768528994163,0
/home/anitadonato/tcc/tcc/data/known_faces/bianca/WhatsApp Image 2026-06-04 at 22.53.17 (1).jpeg,/home/anitadonato/tcc/tcc/data/known_faces/julia/20260602_212654.jpg,0.9228966646400193,0
/home/anitadonato/tcc/tcc/data/known_faces/Abraão/abraao_extra_06.jpg,/home/anitadonato/tcc/tcc/data/known_faces/luan/20260602_211823.jpg,0.8002283874761837,0
/home/anitadonato/tcc/tcc/data/known_faces/JUNIOR/junior_extra_04.jpeg,/home/anitadonato/tcc/tcc/data/known_faces/bianca/WhatsApp Image 2026-06-04 at 22.53.14 (3).jpeg,0.837305351899934,0
/home/anitadonato/tcc/tcc/data/known_faces/julia/20260602_212654.jpg,/home/anitadonato/tcc/tcc/data/known_faces/ALESSANDRA/alessandra_extra_07.jpeg,0.8800175197933673,0
/home/anitadonato/tcc/tcc/data/known_faces/julia/20260602_212635.jpg,/home/anitadonato/tcc/tcc/data/known_faces/Francisca/francisca_extra_03.jpg,0.9398338435238399,0
/home/anitadonato/tcc/tcc/data/known_faces/willa/20260602_212513.jpg,/home/anitadonato/tcc/tcc/data/known_faces/ALESSANDRA/alessandra_baixa_frontal_30cm.jpeg,0.9213208312764882,0
/home/anitadonato/tcc/tcc/data/known_faces/Abraão/abraao_extra_07.jpg,/home/anitadonato/tcc/tcc/data/known_faces/JUNIOR/junior_moderada_frontal_1m.jpeg,0.9380807021369386,0
/home/anitadonato/tcc/tcc/data/known_faces/BIA/bia_baixa_45_30cm.jpeg,/home/anitadonato/tcc/tcc/data/known_faces/luan/20260602_211920.jpg,0.9272783677647131,0
/home/anitadonato/tcc/tcc/data/known_faces/luan/20260602_212022.jpg,/home/anitadonato/tcc/tcc/data/known_faces/bianca/WhatsApp Image 2026-06-04 at 22.53.18.jpeg,0.771859735164407,0
/home/anitadonato/tcc/tcc/data/known_faces/julia/20260602_212740.jpg,/home/anitadonato/tcc/tcc/data/known_faces/BIA/bia_extra_02.jpeg,0.9228894232570517,0
/home/anitadonato/tcc/tcc/data/known_faces/Abraão/abraao_baixa_45_esq.jpg,/home/anitadonato/tcc/tcc/data/known_faces/bianca/WhatsApp Image 2026-06-04 at 22.53.17.jpeg,0.9003496312619202,0
/home/anitadonato/tcc/tcc/data/known_faces/willa/willa_moderada_frontal_30cm.jpg,/home/anitadonato/tcc/tcc/data/known_faces/luan/20260602_212035.jpg,0.7879657115153357,0
/home/anitadonato/tcc/tcc/data/known_faces/willa/20260602_212511.jpg,/home/anitadonato/tcc/tcc/data/known_faces/Angela/angela_extra_09.jpg,0.729056914420773,0
/home/anitadonato/tcc/tcc/data/known_faces/Angela/angela_extra_01.jpg,/home/anitadonato/tcc/tcc/data/known_faces/willa/willa_baixa_45_30cm.jpg,0.7341459668376407,0
/home/anitadonato/tcc/tcc/data/known_faces/Angela/angela_extra_08.jpg,/home/anitadonato/tcc/tcc/data/known_faces/ALESSANDRA/alessandra_baixa_frontal_1m.jpeg,0.7877122795344311,0
/home/anitadonato/tcc/tcc/data/known_faces/bianca/WhatsApp Image 2026-06-04 at 22.53.19 (5).jpeg,/home/anitadonato/tcc/tcc/data/known_faces/BIA/bia_boa_45_1m..jpeg,0.7430772994847583,0
/home/anitadonato/tcc/tcc/data/known_faces/willa/willa_extra_03.jpg,/home/anitadonato/tcc/tcc/data/known_faces/Francisca/francisca_baixa_45_esq.jpg,0.7488909305974526,0
/home/anitadonato/tcc/tcc/data/known_faces/Abraão/abraao_extra_06.jpg,/home/anitadonato/tcc/tcc/data/known_faces/bianca/WhatsApp Image 2026-06-04 at 22.53.18 (1).jpeg,0.8839478621140591,0
/home/anitadonato/tcc/tcc/data/known_faces/JUNIOR/junior_moderada_45_1m.jpeg,/home/anitadonato/tcc/tcc/data/known_faces/Francisca/francisca_extra_09.jpg,0.8707963044643481,0
/home/anitadonato/tcc/tcc/data/known_faces/ALESSANDRA/alessandra_extra_06.jpeg,/home/anitadonato/tcc/tcc/data/known_faces/luan/20260602_211814.jpg,0.8405788280303873,0
/home/anitadonato/tcc/tcc/data/known_faces/bianca/WhatsApp Image 2026-06-04 at 22.53.14 (2).jpeg,/home/anitadonato/tcc/tcc/data/known_faces/Angela/angela_extra_13.jpg,0.9472665986734465,0
/home/anitadonato/tcc/tcc/data/known_faces/willa/20260602_212511.jpg,/home/anitadonato/tcc/tcc/data/known_faces/Abraão/abraao_baixo_45_esq.jpg,0.7881094298515037,0
/home/anitadonato/tcc/tcc/data/known_faces/Francisca/francisca_extra_06.jpg,/home/anitadonato/tcc/tcc/data/known_faces/luan/20260602_211923.jpg,0.9623198748585886,0
/home/anitadonato/tcc/tcc/data/known_faces/Francisca/francisca_extra_10.jpg,/home/anitadonato/tcc/tcc/data/known_faces/bianca/WhatsApp Image 2026-06-04 at 22.53.18 (2).jpeg,0.9691746046882036,0
/home/anitadonato/tcc/tcc/data/known_faces/willa/20260602_212431.jpg,/home/anitadonato/tcc/tcc/data/known_faces/julia/20260602_212631.jpg,0.8794842814608308,0
/home/anitadonato/tcc/tcc/data/known_faces/Francisca/francisca_boa_45_esq.jpg,/home/anitadonato/tcc/tcc/data/known_faces/bianca/WhatsApp Image 2026-06-04 at 22.53.18 (3).jpeg,0.9570624119784826,0
/home/anitadonato/tcc/tcc/data/known_faces/willa/20260602_212431.jpg,/home/anitadonato/tcc/tcc/data/known_faces/bianca/WhatsApp Image 2026-06-04 at 22.53.16 (2).jpeg,0.7931783475216426,0
/home/anitadonato/tcc/tcc/data/known_faces/JUNIOR/junior_baixa_45_30cm.jpeg,/home/anitadonato/tcc/tcc/data/known_faces/BIA/bia_extra_08.jpeg,0.8906083534582441,0
/home/anitadonato/tcc/tcc/data/known_faces/Francisca/Francisca_boa_45_dir.jpg,/home/anitadonato/tcc/tcc/data/known_faces/JUNIOR/junior_extra_03.jpeg,0.8719047801929278,0
/home/anitadonato/tcc/tcc/data/known_faces/Francisca/francisca_extra_03.jpg,/home/anitadonato/tcc/tcc/data/known_faces/willa/willa_extra_08.jpg,0.8272225016148373,0
/home/anitadonato/tcc/tcc/data/known_faces/Abraão/abraao_boa_45_.jpg,/home/anitadonato/tcc/tcc/data/known_faces/BIA/bia_extra_02.jpeg,0.9611074429927634,0
/home/anitadonato/tcc/tcc/data/known_faces/julia/20260602_212654.jpg,/home/anitadonato/tcc/tcc/data/known_faces/JUNIOR/junior_extra_06.jpeg,0.9435096361721863,0
/home/anitadonato/tcc/tcc/data/known_faces/willa/willa_baixa_45_30cm.jpg,/home/anitadonato/tcc/tcc/data/known_faces/Abraão/abraao_extra_08.jpg,0.8725812373484225,0
/home/anitadonato/tcc/tcc/data/known_faces/BIA/bia_extra_08.jpeg,/home/anitadonato/tcc/tcc/data/known_faces/bianca/WhatsApp Image 2026-06-04 at 22.53.19 (3).jpeg,0.7304868107986382,0
/home/anitadonato/tcc/tcc/data/known_faces/luan/20260602_211809.jpg,/home/anitadonato/tcc/tcc/data/known_faces/JUNIOR/junior_moderada_45_1m.jpeg,0.971921484001976,0
/home/anitadonato/tcc/tcc/data/known_faces/bianca/WhatsApp Image 2026-06-04 at 22.53.19 (3).jpeg,/home/anitadonato/tcc/tcc/data/known_faces/Angela/angela_extra_11.jpg,0.9237671396686438,0
/home/anitadonato/tcc/tcc/data/known_faces/willa/20260602_212521.jpg,/home/anitadonato/tcc/tcc/data/known_faces/ALESSANDRA/alessandra_boa_frontal_1m..jpeg,0.9381336520768953,0
/home/anitadonato/tcc/tcc/data/known_faces/BIA/bia_boa_frontal_30cm..jpeg,/home/anitadonato/tcc/tcc/data/known_faces/ALESSANDRA/alessandra_baixa_45_30cm.jpeg,0.8664978525498028,0
/home/anitadonato/tcc/tcc/data/known_faces/julia/20260602_212712.jpg,/home/anitadonato/tcc/tcc/data/known_faces/ALESSANDRA/alessandra_boa_frontal_1m..jpeg,0.8709074480332449,0
/home/anitadonato/tcc/tcc/data/known_faces/Francisca/francisca_extra_09.jpg,/home/anitadonato/tcc/tcc/data/known_faces/JUNIOR/junior_moderada_45_1m.jpeg,0.8707963044643481,0
/home/anitadonato/tcc/tcc/data/known_faces/bianca/WhatsApp Image 2026-06-04 at 22.53.18.jpeg,/home/anitadonato/tcc/tcc/data/known_faces/Abraão/abraao_baixa_45_dir.jpg,0.8041070118443066,0
/home/anitadonato/tcc/tcc/data/known_faces/BIA/bia_extra_08.jpeg,/home/anitadonato/tcc/tcc/data/known_faces/JUNIOR/junior_moderada_frontal_30cm.jpeg,0.7685494531269365,0
/home/anitadonato/tcc/tcc/data/known_faces/julia/20260602_212740.jpg,/home/anitadonato/tcc/tcc/data/known_faces/Angela/angela_extra_13.jpg,0.851981323427728,0
/home/anitadonato/tcc/tcc/data/known_faces/luan/20260602_211917.jpg,/home/anitadonato/tcc/tcc/data/known_faces/JUNIOR/junior_boa_45_30cm.jpeg,0.9538582031621443,0
/home/anitadonato/tcc/tcc/data/known_faces/Francisca/francisca_extra_04.jpg,/home/anitadonato/tcc/tcc/data/known_faces/Abraão/abraao_baixa_45_dir.jpg,0.8688707690000506,0
/home/anitadonato/tcc/tcc/data/known_faces/bianca/WhatsApp Image 2026-06-04 at 22.53.14 (3).jpeg,/home/anitadonato/tcc/tcc/data/known_faces/ALESSANDRA/alessandra_moderada_frontal_1m.jpeg,0.7749703290005947,0
/home/anitadonato/tcc/tcc/data/known_faces/BIA/bia_boa_frontal_30cm..jpeg,/home/anitadonato/tcc/tcc/data/known_faces/willa/willa_baixa_45_30cm.jpg,0.8807367641064079,0
/home/anitadonato/tcc/tcc/data/known_faces/Francisca/francisca_extra_11.jpg,/home/anitadonato/tcc/tcc/data/known_faces/bianca/WhatsApp Image 2026-06-04 at 22.53.13 (1).jpeg,0.9026429989680294,0
/home/anitadonato/tcc/tcc/data/known_faces/ALESSANDRA/alessandra_boa_45_1m..jpeg,/home/anitadonato/tcc/tcc/data/known_faces/julia/20260602_212631.jpg,0.8768623442399179,0
/home/anitadonato/tcc/tcc/data/known_faces/willa/willa_baixa_frontal_30cm.jpg,/home/anitadonato/tcc/tcc/data/known_faces/ALESSANDRA/alessandra_extra_01.jpeg,0.8953022661856793,0
/home/anitadonato/tcc/tcc/data/known_faces/willa/willa_boa_45_30cm.jpg,/home/anitadonato/tcc/tcc/data/known_faces/Francisca/francisca_extra_08.jpg,0.7771930613476618,0
/home/anitadonato/tcc/tcc/data/known_faces/bianca/WhatsApp Image 2026-06-04 at 22.53.16.jpeg,/home/anitadonato/tcc/tcc/data/known_faces/JUNIOR/junior_extra_01.jpeg,0.8634801592744921,0
/home/anitadonato/tcc/tcc/data/known_faces/BIA/bia_extra_02.jpeg,/home/anitadonato/tcc/tcc/data/known_faces/julia/julia_boa_45_esq(1).jpg,0.9234249883737918,0
/home/anitadonato/tcc/tcc/data/known_faces/willa/willa_moderada_frontal_30cm.jpg,/home/anitadonato/tcc/tcc/data/known_faces/bianca/WhatsApp Image 2026-06-04 at 22.53.14 (1).jpeg,0.8768157793796759,0
/home/anitadonato/tcc/tcc/data/known_faces/ALESSANDRA/alessandra_extra_04.jpeg,/home/anitadonato/tcc/tcc/data/known_faces/luan/20260602_212022.jpg,0.9371590837445086,0
/home/anitadonato/tcc/tcc/data/known_faces/willa/willa_extra_02.jpg,/home/anitadonato/tcc/tcc/data/known_faces/Francisca/francisca_baixa_frontal.jpg,0.821838190406798,0
/home/anitadonato/tcc/tcc/data/known_faces/julia/20260602_212709.jpg,/home/anitadonato/tcc/tcc/data/known_faces/Abraão/abraao_extra_02.jpg,0.8563932701043193,0
/home/anitadonato/tcc/tcc/data/known_faces/JUNIOR/junior_extra_01.jpeg,/home/anitadonato/tcc/tcc/data/known_faces/Francisca/francisca_extra_04.jpg,0.9666249175871506,0
/home/anitadonato/tcc/tcc/data/known_faces/BIA/bia_moderada_45_1m.jpeg,/home/anitadonato/tcc/tcc/data/known_faces/Angela/angela_extra_02.jpg,0.8728058815822399,0
/home/anitadonato/tcc/tcc/data/known_faces/ALESSANDRA/alessandra_extra_03.jpeg,/home/anitadonato/tcc/tcc/data/known_faces/bianca/WhatsApp Image 2026-06-04 at 22.53.18.jpeg,0.702149483752232,0
/home/anitadonato/tcc/tcc/data/known_faces/Angela/angela_extra_10.jpg,/home/anitadonato/tcc/tcc/data/known_faces/ALESSANDRA/alessandra_extra_02.jpeg,0.7296062870294657,0
/home/anitadonato/tcc/tcc/data/known_faces/Francisca/francisca_extra_07.jpg,/home/anitadonato/tcc/tcc/data/known_faces/bianca/WhatsApp Image 2026-06-04 at 22.53.16 (2).jpeg,0.9751227346077509,0
/home/anitadonato/tcc/tcc/data/known_faces/ALESSANDRA/alessandra_extra_03.jpeg,/home/anitadonato/tcc/tcc/data/known_faces/BIA/bia_boa_frontal_30cm..jpeg,0.7473679773304016,0
/home/anitadonato/tcc/tcc/data/known_faces/luan/20260602_212035.jpg,/home/anitadonato/tcc/tcc/data/known_faces/julia/20260602_212712.jpg,0.8998622686136777,0
/home/anitadonato/tcc/tcc/data/known_faces/luan/20260602_211823.jpg,/home/anitadonato/tcc/tcc/data/known_faces/Francisca/francisca_extra_13.jpg,0.9802090768994604,0
/home/anitadonato/tcc/tcc/data/known_faces/Angela/angela_boa_45_dir.jpg,/home/anitadonato/tcc/tcc/data/known_faces/Francisca/francisca_extra_10.jpg,0.7409249939199858,0
/home/anitadonato/tcc/tcc/data/known_faces/Angela/angela_extra_12.jpg,/home/anitadonato/tcc/tcc/data/known_faces/Francisca/francisca_boa_frontal.jpg,0.8944470011232837,0
/home/anitadonato/tcc/tcc/data/known_faces/JUNIOR/junior_boa_frontal_30cm.jpeg,/home/anitadonato/tcc/tcc/data/known_faces/Abraão/abraao_extra_05.jpg,0.9425801153154959,0
/home/anitadonato/tcc/tcc/data/known_faces/BIA/bia_extra_06.jpeg,/home/anitadonato/tcc/tcc/data/known_faces/Francisca/francisca_extra_05.jpg,0.9471140753999843,0
/home/anitadonato/tcc/tcc/data/known_faces/JUNIOR/junior_moderada_frontal_1m.jpeg,/home/anitadonato/tcc/tcc/data/known_faces/Francisca/francisca_extra_04.jpg,0.8516551783972375,0
/home/anitadonato/tcc/tcc/data/known_faces/julia/20260602_212740.jpg,/home/anitadonato/tcc/tcc/data/known_faces/Abraão/abraao_baixa_45_esq.jpg,0.6744795344688245,0
/home/anitadonato/tcc/tcc/data/known_faces/willa/willa_extra_08.jpg,/home/anitadonato/tcc/tcc/data/known_faces/Abraão/abraao_boa_frontal.jpg,0.8048180868598875,0
/home/anitadonato/tcc/tcc/data/known_faces/luan/20260602_212035.jpg,/home/anitadonato/tcc/tcc/data/known_faces/Abraão/abraao_extra_06.jpg,0.817376912839825,0
/home/anitadonato/tcc/tcc/data/known_faces/luan/20260602_211923.jpg,/home/anitadonato/tcc/tcc/data/known_faces/Francisca/francisca_baixa_45_dir.jpg,0.9584951273463905,0
/home/anitadonato/tcc/tcc/data/known_faces/Angela/angela_extra_01.jpg,/home/anitadonato/tcc/tcc/data/known_faces/willa/willa_extra_03.jpg,0.6624571688339209,0
/home/anitadonato/tcc/tcc/data/known_faces/bianca/WhatsApp Image 2026-06-04 at 22.53.14 (2).jpeg,/home/anitadonato/tcc/tcc/data/known_faces/julia/20260602_212709.jpg,0.934634521190298,0
/home/anitadonato/tcc/tcc/data/known_faces/Angela/angela_extra_10.jpg,/home/anitadonato/tcc/tcc/data/known_faces/Abraão/abraao_extra_04.jpg,0.8886531462932536,0
/home/anitadonato/tcc/tcc/data/known_faces/Angela/angela_baixa_45_esq.jpg,/home/anitadonato/tcc/tcc/data/known_faces/JUNIOR/junior_baixa_45_1m.jpeg,0.8504953780310772,0
/home/anitadonato/tcc/tcc/data/known_faces/julia/20260602_212633.jpg,/home/anitadonato/tcc/tcc/data/known_faces/Francisca/francisca_boa_frontal.jpg,0.9618179240464736,0
/home/anitadonato/tcc/tcc/data/known_faces/willa/willa_extra_08.jpg,/home/anitadonato/tcc/tcc/data/known_faces/Angela/angela_baixa_frontal.jpg,0.6784529730466127,0
/home/anitadonato/tcc/tcc/data/known_faces/Angela/angela_extra_08.jpg,/home/anitadonato/tcc/tcc/data/known_faces/bianca/WhatsApp Image 2026-06-04 at 22.53.16 (2).jpeg,0.9018051478747248,0
/home/anitadonato/tcc/tcc/data/known_faces/bianca/WhatsApp Image 2026-06-04 at 22.53.16 (2).jpeg,/home/anitadonato/tcc/tcc/data/known_faces/julia/20260602_212618.jpg,0.9559426381746002,0
/home/anitadonato/tcc/tcc/data/known_faces/ALESSANDRA/alessandra_boa_frontal_1m..jpeg,/home/anitadonato/tcc/tcc/data/known_faces/luan/20260602_211917.jpg,0.9246692372396255,0
/home/anitadonato/tcc/tcc/data/known_faces/ALESSANDRA/alessandra_moderada_45_1m.jpeg,/home/anitadonato/tcc/tcc/data/known_faces/JUNIOR/junior_boa_frontal_1m.jpeg,0.9600981089009852,0
/home/anitadonato/tcc/tcc/data/known_faces/ALESSANDRA/alessandra_boa_frontal_30cm..jpeg,/home/anitadonato/tcc/tcc/data/known_faces/willa/willa_baixa_frontal_30cm.jpg,0.919266190751942,0
/home/anitadonato/tcc/tcc/data/known_faces/JUNIOR/junior_boa_45_1m.jpeg,/home/anitadonato/tcc/tcc/data/known_faces/Francisca/francisca_baixa_frontal.jpg,0.917740578711593,0
/home/anitadonato/tcc/tcc/data/known_faces/bianca/WhatsApp Image 2026-06-04 at 22.53.18 (2).jpeg,/home/anitadonato/tcc/tcc/data/known_faces/luan/20260602_211845.jpg,0.8041565339520553,0
/home/anitadonato/tcc/tcc/data/known_faces/Angela/angela_baixa_45_esq.jpg,/home/anitadonato/tcc/tcc/data/known_faces/Abraão/abraao_extra_03.jpg,0.9262626161293901,0
/home/anitadonato/tcc/tcc/data/known_faces/Francisca/francisca_extra_11.jpg,/home/anitadonato/tcc/tcc/data/known_faces/julia/julia_boa_45_esq(1).jpg,0.8564118536312817,0
/home/anitadonato/tcc/tcc/data/known_faces/JUNIOR/junior_boa_45_1m.jpeg,/home/anitadonato/tcc/tcc/data/known_faces/bianca/WhatsApp Image 2026-06-04 at 22.53.15.jpeg,0.953227832166328,0
/home/anitadonato/tcc/tcc/data/known_faces/julia/20260602_212633.jpg,/home/anitadonato/tcc/tcc/data/known_faces/JUNIOR/junior_boa_45_30cm.jpeg,0.9277139062693917,0
/home/anitadonato/tcc/tcc/data/known_faces/bianca/WhatsApp Image 2026-06-04 at 22.53.14.jpeg,/home/anitadonato/tcc/tcc/data/known_faces/ALESSANDRA/alessandra_boa_frontal_30cm..jpeg,0.7828050407541162,0
/home/anitadonato/tcc/tcc/data/known_faces/Angela/20260602_192040.jpg,/home/anitadonato/tcc/tcc/data/known_faces/BIA/bia_moderada_frontal_1m.jpeg,0.9376931530448352,0
/home/anitadonato/tcc/tcc/data/known_faces/luan/20260602_211814.jpg,/home/anitadonato/tcc/tcc/data/known_faces/Angela/angela_extra_06.jpg,0.8920931333032542,0
/home/anitadonato/tcc/tcc/data/known_faces/ALESSANDRA/alessandra_extra_01.jpeg,/home/anitadonato/tcc/tcc/data/known_faces/bianca/WhatsApp Image 2026-06-04 at 22.53.19 (3).jpeg,0.9078779079449981,0
/home/anitadonato/tcc/tcc/data/known_faces/luan/20260602_212030.jpg,/home/anitadonato/tcc/tcc/data/known_faces/ALESSANDRA/alessandra_baixa_45_30cm.jpeg,0.7421827436223039,0
/home/anitadonato/tcc/tcc/data/known_faces/Abraão/abraao_baixa_45_esq.jpg,/home/anitadonato/tcc/tcc/data/known_faces/ALESSANDRA/alessandra_baixa_frontal_30cm.jpeg,0.8667960819495054,0
/home/anitadonato/tcc/tcc/data/known_faces/bianca/WhatsApp Image 2026-06-04 at 22.53.16 (2).jpeg,/home/anitadonato/tcc/tcc/data/known_faces/julia/20260602_212628.jpg,0.9767977300270653,0
/home/anitadonato/tcc/tcc/data/known_faces/luan/20260602_212016.jpg,/home/anitadonato/tcc/tcc/data/known_faces/Francisca/francisca_boa_45_esq.jpg,0.9596424198425895,0
/home/anitadonato/tcc/tcc/data/known_faces/BIA/bia_extra_02.jpeg,/home/anitadonato/tcc/tcc/data/known_faces/ALESSANDRA/alessandra_extra_06.jpeg,0.8832884629361322,0
/home/anitadonato/tcc/tcc/data/known_faces/Abraão/abraao_extra_02.jpg,/home/anitadonato/tcc/tcc/data/known_faces/luan/20260602_212030.jpg,0.8673873461321013,0
/home/anitadonato/tcc/tcc/data/known_faces/willa/willa_extra_06.jpg,/home/anitadonato/tcc/tcc/data/known_faces/Angela/angela_boa_45_dir.jpg,0.749467271940581,0
/home/anitadonato/tcc/tcc/data/known_faces/luan/20260602_211845.jpg,/home/anitadonato/tcc/tcc/data/known_faces/Abraão/abraao_baixo_45_esq.jpg,0.6997997727327456,0
/home/anitadonato/tcc/tcc/data/known_faces/Abraão/abraao_boa_frontal.jpg,/home/anitadonato/tcc/tcc/data/known_faces/julia/20260602_212633.jpg,0.7656897304085327,0
/home/anitadonato/tcc/tcc/data/known_faces/Francisca/francisca_extra_01.jpg,/home/anitadonato/tcc/tcc/data/known_faces/luan/20260602_211917.jpg,0.9739769054349208,0
/home/anitadonato/tcc/tcc/data/known_faces/bianca/WhatsApp Image 2026-06-04 at 22.53.14 (3).jpeg,/home/anitadonato/tcc/tcc/data/known_faces/Francisca/francisca_baixa_45_dir.jpg,0.9460177683419536,0
/home/anitadonato/tcc/tcc/data/known_faces/luan/20260602_211826.jpg,/home/anitadonato/tcc/tcc/data/known_faces/julia/20260602_212740.jpg,0.7856322764394741,0
/home/anitadonato/tcc/tcc/data/known_faces/JUNIOR/junior_baixa_45_1m.jpeg,/home/anitadonato/tcc/tcc/data/known_faces/BIA/bia_baixa_45_1m.jpeg,0.7223880310313029,0
/home/anitadonato/tcc/tcc/data/known_faces/Abraão/abraao_extra_09.jpg,/home/anitadonato/tcc/tcc/data/known_faces/willa/20260602_212513.jpg,0.837775861612453,0
/home/anitadonato/tcc/tcc/data/known_faces/Abraão/abraao_baixa_frontal.jpg,/home/anitadonato/tcc/tcc/data/known_faces/luan/20260602_211814.jpg,0.840363594537726,0
/home/anitadonato/tcc/tcc/data/known_faces/Francisca/francisca_extra_09.jpg,/home/anitadonato/tcc/tcc/data/known_faces/BIA/bia_extra_02.jpeg,0.9627550027091283,0
/home/anitadonato/tcc/tcc/data/known_faces/Francisca/francisca_baixa_45_dir.jpg,/home/anitadonato/tcc/tcc/data/known_faces/julia/20260602_212628.jpg,0.8303741879752227,0
/home/anitadonato/tcc/tcc/data/known_faces/JUNIOR/junior_baixa_frontal_30cm.jpeg,/home/anitadonato/tcc/tcc/data/known_faces/bianca/WhatsApp Image 2026-06-04 at 22.53.14 (1).jpeg,0.8783044517942972,0
/home/anitadonato/tcc/tcc/data/known_faces/ALESSANDRA/alessandra_boa_45_1m..jpeg,/home/anitadonato/tcc/tcc/data/known_faces/willa/20260602_212521.jpg,0.9046440738968617,0
/home/anitadonato/tcc/tcc/data/known_faces/JUNIOR/junior_extra_07.jpeg,/home/anitadonato/tcc/tcc/data/known_faces/willa/willa_boa_45_30cm.jpg,0.9370586249014775,0
/home/anitadonato/tcc/tcc/data/known_faces/Abraão/abraao_extra_04.jpg,/home/anitadonato/tcc/tcc/data/known_faces/JUNIOR/junior_boa_45_30cm.jpeg,0.9745021508690684,0
/home/anitadonato/tcc/tcc/data/known_faces/Abraão/abraao_extra_06.jpg,/home/anitadonato/tcc/tcc/data/known_faces/bianca/WhatsApp Image 2026-06-04 at 22.53.16.jpeg,0.7357120965204633,0
/home/anitadonato/tcc/tcc/data/known_faces/Francisca/francisca_extra_10.jpg,/home/anitadonato/tcc/tcc/data/known_faces/bianca/WhatsApp Image 2026-06-04 at 22.53.19 (4).jpeg,0.9475402696320836,0
/home/anitadonato/tcc/tcc/data/known_faces/bianca/WhatsApp Image 2026-06-04 at 22.53.14 (1).jpeg,/home/anitadonato/tcc/tcc/data/known_faces/Angela/angela_boa_45_esq.jpg,0.9016286320159463,0
/home/anitadonato/tcc/tcc/data/known_faces/ALESSANDRA/alessandra_baixa_frontal_30cm.jpeg,/home/anitadonato/tcc/tcc/data/known_faces/Angela/angela_extra_08.jpg,0.7553966678896701,0
/home/anitadonato/tcc/tcc/data/known_faces/willa/willa_moderada_frontal_30cm.jpg,/home/anitadonato/tcc/tcc/data/known_faces/julia/20260602_212732.jpg,0.8681084933821357,0
/home/anitadonato/tcc/tcc/data/known_faces/Angela/angela_extra_06.jpg,/home/anitadonato/tcc/tcc/data/known_faces/bianca/WhatsApp Image 2026-06-04 at 22.53.18 (3).jpeg,0.817907217574185,0
/home/anitadonato/tcc/tcc/data/known_faces/ALESSANDRA/alessandra_extra_08.jpeg,/home/anitadonato/tcc/tcc/data/known_faces/Angela/angela_extra_10.jpg,0.7751812259996276,0
/home/anitadonato/tcc/tcc/data/known_faces/Abraão/abraao_extra_08.jpg,/home/anitadonato/tcc/tcc/data/known_faces/bianca/WhatsApp Image 2026-06-04 at 22.53.13 (2).jpeg,0.8370623869320717,0
/home/anitadonato/tcc/tcc/data/known_faces/Abraão/abraao_extra_04.jpg,/home/anitadonato/tcc/tcc/data/known_faces/Francisca/Francisca_boa_45_dir.jpg,0.9309351216495411,0
/home/anitadonato/tcc/tcc/data/known_faces/luan/20260602_212030.jpg,/home/anitadonato/tcc/tcc/data/known_faces/willa/20260602_212511.jpg,0.8564333633669086,0
/home/anitadonato/tcc/tcc/data/known_faces/bianca/WhatsApp Image 2026-06-04 at 22.53.17 (1).jpeg,/home/anitadonato/tcc/tcc/data/known_faces/BIA/bia_extra_04.jpeg,0.5239653070301677,0
/home/anitadonato/tcc/tcc/data/known_faces/bianca/WhatsApp Image 2026-06-04 at 22.53.19 (5).jpeg,/home/anitadonato/tcc/tcc/data/known_faces/Angela/angela_extra_12.jpg,0.9109030619542074,0
/home/anitadonato/tcc/tcc/data/known_faces/willa/20260602_212418.jpg,/home/anitadonato/tcc/tcc/data/known_faces/ALESSANDRA/alessandra_boa_45_30cm.jpeg,0.8761645278032053,0
/home/anitadonato/tcc/tcc/data/known_faces/luan/20260602_212016.jpg,/home/anitadonato/tcc/tcc/data/known_faces/julia/20260602_212631.jpg,0.8924508734669089,0
/home/anitadonato/tcc/tcc/data/known_faces/Abraão/abraao_extra_04.jpg,/home/anitadonato/tcc/tcc/data/known_faces/julia/20260602_212635.jpg,0.8403090825314186,0
/home/anitadonato/tcc/tcc/data/known_faces/JUNIOR/junior_baixa_45_30cm.jpeg,/home/anitadonato/tcc/tcc/data/known_faces/Francisca/francisca_extra_11.jpg,0.876749732706706,0
/home/anitadonato/tcc/tcc/data/known_faces/BIA/bia_extra_05.jpeg,/home/anitadonato/tcc/tcc/data/known_faces/luan/20260602_211920.jpg,0.8485748096563932,0
/home/anitadonato/tcc/tcc/data/known_faces/BIA/bia_extra_07.jpeg,/home/anitadonato/tcc/tcc/data/known_faces/Abraão/abraao_extra_08.jpg,0.9068032313167249,0
/home/anitadonato/tcc/tcc/data/known_faces/willa/20260602_212507.jpg,/home/anitadonato/tcc/tcc/data/known_faces/julia/20260602_212740.jpg,0.8778040497005304,0
/home/anitadonato/tcc/tcc/data/known_faces/julia/20260602_212628.jpg,/home/anitadonato/tcc/tcc/data/known_faces/JUNIOR/junior_extra_08.jpeg,0.9384705983146772,0
/home/anitadonato/tcc/tcc/data/known_faces/ALESSANDRA/alessandra_extra_05.jpeg,/home/anitadonato/tcc/tcc/data/known_faces/Abraão/abraao_extra_07.jpg,0.7464012596029148,0
/home/anitadonato/tcc/tcc/data/known_faces/ALESSANDRA/alessandra_moderada_45_30cm.jpeg,/home/anitadonato/tcc/tcc/data/known_faces/luan/20260602_211805.jpg,0.8950928050313648,0
/home/anitadonato/tcc/tcc/data/known_faces/Abraão/abraao_extra_10.jpg,/home/anitadonato/tcc/tcc/data/known_faces/Francisca/francisca_extra_13.jpg,0.90403496983048,0
/home/anitadonato/tcc/tcc/data/known_faces/BIA/bia_extra_03.jpeg,/home/anitadonato/tcc/tcc/data/known_faces/julia/20260602_212712.jpg,0.934400999406978,0
/home/anitadonato/tcc/tcc/data/known_faces/ALESSANDRA/alessandra_extra_07.jpeg,/home/anitadonato/tcc/tcc/data/known_faces/BIA/bia_extra_03.jpeg,0.8659952884054818,0
/home/anitadonato/tcc/tcc/data/known_faces/julia/20260602_212628.jpg,/home/anitadonato/tcc/tcc/data/known_faces/Abraão/abraao_extra_01.jpg,0.8229853809182273,0
/home/anitadonato/tcc/tcc/data/known_faces/ALESSANDRA/alessandra_extra_04.jpeg,/home/anitadonato/tcc/tcc/data/known_faces/JUNIOR/junior_extra_02.jpeg,0.6838918678392386,0
/home/anitadonato/tcc/tcc/data/known_faces/luan/20260602_211917.jpg,/home/anitadonato/tcc/tcc/data/known_faces/willa/20260602_212511.jpg,0.8522520563311919,0
/home/anitadonato/tcc/tcc/data/known_faces/ALESSANDRA/alessandra_extra_08.jpeg,/home/anitadonato/tcc/tcc/data/known_faces/Angela/angela_boa_45_esq.jpg,0.7984539053902954,0
/home/anitadonato/tcc/tcc/data/known_faces/bianca/WhatsApp Image 2026-06-04 at 22.53.15 (1).jpeg,/home/anitadonato/tcc/tcc/data/known_faces/Abraão/abraao_boa_frontal.jpg,0.804821269956924,0
/home/anitadonato/tcc/tcc/data/known_faces/BIA/bia_extra_05.jpeg,/home/anitadonato/tcc/tcc/data/known_faces/Abraão/abraao_boa_frontal.jpg,0.9201721332704659,0
/home/anitadonato/tcc/tcc/data/known_faces/julia/20260602_212709.jpg,/home/anitadonato/tcc/tcc/data/known_faces/BIA/bia_baixa_frontal_30cm.jpeg,0.906142216133448,0
/home/anitadonato/tcc/tcc/data/known_faces/bianca/WhatsApp Image 2026-06-04 at 22.53.18 (4).jpeg,/home/anitadonato/tcc/tcc/data/known_faces/ALESSANDRA/alessandra_moderada_frontal_1m.jpeg,0.8446987780969409,0
/home/anitadonato/tcc/tcc/data/known_faces/Abraão/abraao_extra_08.jpg,/home/anitadonato/tcc/tcc/data/known_faces/julia/julia_boa_frontal.jpg,0.8488497892420463,0
/home/anitadonato/tcc/tcc/data/known_faces/luan/20260602_212016.jpg,/home/anitadonato/tcc/tcc/data/known_faces/Angela/20260602_192040.jpg,0.9361197389990669,0
/home/anitadonato/tcc/tcc/data/known_faces/luan/20260602_212022.jpg,/home/anitadonato/tcc/tcc/data/known_faces/ALESSANDRA/alessandra_extra_06.jpeg,0.9237715059583349,0
/home/anitadonato/tcc/tcc/data/known_faces/willa/willa_extra_09.jpg,/home/anitadonato/tcc/tcc/data/known_faces/julia/20260602_212631.jpg,0.9080961337009658,0
/home/anitadonato/tcc/tcc/data/known_faces/willa/20260602_212513.jpg,/home/anitadonato/tcc/tcc/data/known_faces/Angela/angela_boa_45_dir.jpg,0.8062407804277155,0
/home/anitadonato/tcc/tcc/data/known_faces/bianca/WhatsApp Image 2026-06-04 at 22.53.17.jpeg,/home/anitadonato/tcc/tcc/data/known_faces/JUNIOR/junior_extra_05.jpeg,0.8449280183512557,0
/home/anitadonato/tcc/tcc/data/known_faces/bianca/WhatsApp Image 2026-06-04 at 22.53.15 (1).jpeg,/home/anitadonato/tcc/tcc/data/known_faces/BIA/bia_extra_05.jpeg,0.7160862059061909,0
/home/anitadonato/tcc/tcc/data/known_faces/JUNIOR/junior_extra_07.jpeg,/home/anitadonato/tcc/tcc/data/known_faces/Francisca/francisca_boa_45_esq.jpg,0.8873920701027455,0
/home/anitadonato/tcc/tcc/data/known_faces/Angela/angela_extra_11.jpg,/home/anitadonato/tcc/tcc/data/known_faces/bianca/WhatsApp Image 2026-06-04 at 22.53.15 (2).jpeg,0.9175419748187791,0
/home/anitadonato/tcc/tcc/data/known_faces/luan/20260602_212022.jpg,/home/anitadonato/tcc/tcc/data/known_faces/JUNIOR/junior_boa_frontal_1m.jpeg,0.9580039780764146,0
/home/anitadonato/tcc/tcc/data/known_faces/BIA/bia_moderada_frontal_30cm.jpeg,/home/anitadonato/tcc/tcc/data/known_faces/willa/willa_extra_02.jpg,0.8971326273504319,0
/home/anitadonato/tcc/tcc/data/known_faces/JUNIOR/junior_boa_45_30cm.jpeg,/home/anitadonato/tcc/tcc/data/known_faces/Angela/angela_extra_11.jpg,0.8801458858821148,0
/home/anitadonato/tcc/tcc/data/known_faces/luan/20260602_211814.jpg,/home/anitadonato/tcc/tcc/data/known_faces/JUNIOR/junior_extra_04.jpeg,0.8770749624206842,0
/home/anitadonato/tcc/tcc/data/known_faces/luan/20260602_212025.jpg,/home/anitadonato/tcc/tcc/data/known_faces/julia/julia_boa_frontal.jpg,0.881749137996318,0
/home/anitadonato/tcc/tcc/data/known_faces/bianca/WhatsApp Image 2026-06-04 at 22.53.15 (2).jpeg,/home/anitadonato/tcc/tcc/data/known_faces/luan/20260602_211923.jpg,0.8701356111505184,0
/home/anitadonato/tcc/tcc/data/known_faces/ALESSANDRA/alessandra_baixa_frontal_30cm.jpeg,/home/anitadonato/tcc/tcc/data/known_faces/luan/20260602_211805.jpg,0.9312755854046848,0
/home/anitadonato/tcc/tcc/data/known_faces/bianca/WhatsApp Image 2026-06-04 at 22.53.13 (2).jpeg,/home/anitadonato/tcc/tcc/data/known_faces/Angela/angela_baixa_45_esq.jpg,0.8491716852815749,0
/home/anitadonato/tcc/tcc/data/known_faces/BIA/bia_boa_45_30cm.jpeg,/home/anitadonato/tcc/tcc/data/known_faces/Francisca/francisca_extra_04.jpg,0.9574432429778239,0
/home/anitadonato/tcc/tcc/data/known_faces/Francisca/francisca_baixa_45_dir.jpg,/home/anitadonato/tcc/tcc/data/known_faces/Angela/angela_extra_04.jpg,0.8577046865639009,0
/home/anitadonato/tcc/tcc/data/known_faces/BIA/bia_baixa_45_30cm.jpeg,/home/anitadonato/tcc/tcc/data/known_faces/luan/20260602_211917.jpg,0.9015163859205921,0
/home/anitadonato/tcc/tcc/data/known_faces/julia/julia_boa_45_esq.jpg,/home/anitadonato/tcc/tcc/data/known_faces/Abraão/abraao_extra_01.jpg,0.8054911365426687,0
/home/anitadonato/tcc/tcc/data/known_faces/luan/20260602_211836.jpg,/home/anitadonato/tcc/tcc/data/known_faces/bianca/WhatsApp Image 2026-06-04 at 22.53.17.jpeg,0.8218021007812536,0
/home/anitadonato/tcc/tcc/data/known_faces/Francisca/francisca_extra_07.jpg,/home/anitadonato/tcc/tcc/data/known_faces/ALESSANDRA/alessandra_extra_05.jpeg,0.9323808422037951,0
/home/anitadonato/tcc/tcc/data/known_faces/bianca/WhatsApp Image 2026-06-04 at 22.53.18 (1).jpeg,/home/anitadonato/tcc/tcc/data/known_faces/JUNIOR/junior_baixa_45_30cm.jpeg,0.917742007295112,0
/home/anitadonato/tcc/tcc/data/known_faces/ALESSANDRA/alessandra_boa_frontal_1m..jpeg,/home/anitadonato/tcc/tcc/data/known_faces/Francisca/francisca_extra_15.jpg,0.9258493441643508,0
/home/anitadonato/tcc/tcc/data/known_faces/julia/20260602_212712.jpg,/home/anitadonato/tcc/tcc/data/known_faces/BIA/bia_moderada_frontal_1m.jpeg,0.9301235360983305,0
/home/anitadonato/tcc/tcc/data/known_faces/luan/20260602_211826.jpg,/home/anitadonato/tcc/tcc/data/known_faces/BIA/bia_extra_02.jpeg,0.852143038561407,0
/home/anitadonato/tcc/tcc/data/known_faces/julia/20260602_212625.jpg,/home/anitadonato/tcc/tcc/data/known_faces/Angela/angela_boa_frontal.jpg,0.8592852994810594,0
/home/anitadonato/tcc/tcc/data/known_faces/Angela/angela_boa_45_dir.jpg,/home/anitadonato/tcc/tcc/data/known_faces/luan/20260602_211920.jpg,0.9417928749603788,0
/home/anitadonato/tcc/tcc/data/known_faces/ALESSANDRA/alessandra_extra_01.jpeg,/home/anitadonato/tcc/tcc/data/known_faces/bianca/WhatsApp Image 2026-06-04 at 22.53.18 (1).jpeg,0.8109219444219602,0
/home/anitadonato/tcc/tcc/data/known_faces/Francisca/francisca_boa_frontal.jpg,/home/anitadonato/tcc/tcc/data/known_faces/Angela/angela_extra_13.jpg,0.8374829321552908,0
/home/anitadonato/tcc/tcc/data/known_faces/Francisca/francisca_extra_05.jpg,/home/anitadonato/tcc/tcc/data/known_faces/ALESSANDRA/alessandra_extra_07.jpeg,0.9172931123728033,0
/home/anitadonato/tcc/tcc/data/known_faces/Angela/angela_boa_45_esq.jpg,/home/anitadonato/tcc/tcc/data/known_faces/ALESSANDRA/alessandra_extra_03.jpeg,0.8000113143569167,0
/home/anitadonato/tcc/tcc/data/known_faces/willa/willa_extra_02.jpg,/home/anitadonato/tcc/tcc/data/known_faces/ALESSANDRA/alessandra_extra_08.jpeg,0.9158898217688407,0
/home/anitadonato/tcc/tcc/data/known_faces/willa/willa_extra_04.jpg,/home/anitadonato/tcc/tcc/data/known_faces/luan/20260602_211812.jpg,0.858024951574627,0
/home/anitadonato/tcc/tcc/data/known_faces/JUNIOR/junior_boa_frontal_30cm.jpeg,/home/anitadonato/tcc/tcc/data/known_faces/luan/20260602_211823.jpg,0.9310187300068963,0
/home/anitadonato/tcc/tcc/data/known_faces/luan/20260602_212019.jpg,/home/anitadonato/tcc/tcc/data/known_faces/Abraão/abraao_boa_45_dir.jpg,0.92162775615481,0
/home/anitadonato/tcc/tcc/data/known_faces/bianca/WhatsApp Image 2026-06-04 at 22.53.18 (1).jpeg,/home/anitadonato/tcc/tcc/data/known_faces/luan/20260602_211920.jpg,0.8313891346575522,0
/home/anitadonato/tcc/tcc/data/known_faces/Abraão/abraao_extra_01.jpg,/home/anitadonato/tcc/tcc/data/known_faces/JUNIOR/junior_boa_frontal_1m.jpeg,0.9619182906806972,0
/home/anitadonato/tcc/tcc/data/known_faces/JUNIOR/junior_extra_04.jpeg,/home/anitadonato/tcc/tcc/data/known_faces/willa/willa_extra_02.jpg,0.868885597820726,0
/home/anitadonato/tcc/tcc/data/known_faces/BIA/bia_extra_08.jpeg,/home/anitadonato/tcc/tcc/data/known_faces/luan/20260602_212022.jpg,0.8661765620247515,0
/home/anitadonato/tcc/tcc/data/known_faces/ALESSANDRA/alessandra_extra_04.jpeg,/home/anitadonato/tcc/tcc/data/known_faces/Abraão/abraao_extra_08.jpg,0.8618940319323136,0
/home/anitadonato/tcc/tcc/data/known_faces/BIA/bia_baixa_45_30cm.jpeg,/home/anitadonato/tcc/tcc/data/known_faces/willa/willa_extra_03.jpg,0.8498701524244759,0
/home/anitadonato/tcc/tcc/data/known_faces/bianca/WhatsApp Image 2026-06-04 at 22.53.16 (2).jpeg,/home/anitadonato/tcc/tcc/data/known_faces/Abraão/abraao_extra_02.jpg,0.8501951859085337,0
/home/anitadonato/tcc/tcc/data/known_faces/JUNIOR/junior_moderada_45_1m.jpeg,/home/anitadonato/tcc/tcc/data/known_faces/luan/20260602_212013.jpg,0.9588852148857303,0
/home/anitadonato/tcc/tcc/data/known_faces/julia/20260602_212704.jpg,/home/anitadonato/tcc/tcc/data/known_faces/ALESSANDRA/alessandra_boa_frontal_1m..jpeg,0.9177083521258279,0
/home/anitadonato/tcc/tcc/data/known_faces/JUNIOR/junior_baixa_frontal_1m.jpeg,/home/anitadonato/tcc/tcc/data/known_faces/luan/20260602_211814.jpg,0.9602780074574819,0
/home/anitadonato/tcc/tcc/data/known_faces/Angela/angela_extra_12.jpg,/home/anitadonato/tcc/tcc/data/known_faces/luan/20260602_211805.jpg,0.8130046966339171,0
/home/anitadonato/tcc/tcc/data/known_faces/Abraão/abraao_boa_frontal.jpg,/home/anitadonato/tcc/tcc/data/known_faces/BIA/bia_extra_06.jpeg,0.8825421674611617,0
/home/anitadonato/tcc/tcc/data/known_faces/Abraão/abraao_extra_07.jpg,/home/anitadonato/tcc/tcc/data/known_faces/BIA/bia_baixa_frontal_1m.jpeg,0.8751582762718327,0
/home/anitadonato/tcc/tcc/data/known_faces/Angela/angela_extra_09.jpg,/home/anitadonato/tcc/tcc/data/known_faces/ALESSANDRA/alessandra_extra_03.jpeg,0.795170620589669,0
/home/anitadonato/tcc/tcc/data/known_faces/ALESSANDRA/alessandra_baixa_frontal_1m.jpeg,/home/anitadonato/tcc/tcc/data/known_faces/Abraão/abraao_baixa_45_esq.jpg,0.8383327795360844,0
/home/anitadonato/tcc/tcc/data/known_faces/Angela/angela_extra_12.jpg,/home/anitadonato/tcc/tcc/data/known_faces/Francisca/francisca_baixa_45_esq.jpg,0.7918559235433221,0
/home/anitadonato/tcc/tcc/data/known_faces/willa/willa_boa_45_30cm.jpg,/home/anitadonato/tcc/tcc/data/known_faces/BIA/bia_extra_06.jpeg,0.9328658163751071,0
/home/anitadonato/tcc/tcc/data/known_faces/bianca/WhatsApp Image 2026-06-04 at 22.53.18 (4).jpeg,/home/anitadonato/tcc/tcc/data/known_faces/julia/20260602_212724.jpg,0.8441725268111607,0
/home/anitadonato/tcc/tcc/data/known_faces/bianca/WhatsApp Image 2026-06-04 at 22.53.13 (1).jpeg,/home/anitadonato/tcc/tcc/data/known_faces/JUNIOR/junior_extra_05.jpeg,0.8739664619809894,0
/home/anitadonato/tcc/tcc/data/known_faces/Abraão/abraao_baixa_45_dir.jpg,/home/anitadonato/tcc/tcc/data/known_faces/luan/20260602_212032.jpg,0.8914646043923813,0
/home/anitadonato/tcc/tcc/data/known_faces/Abraão/abraao_extra_10.jpg,/home/anitadonato/tcc/tcc/data/known_faces/JUNIOR/junior_baixa_frontal_30cm.jpeg,0.9261594742636015,0
/home/anitadonato/tcc/tcc/data/known_faces/Francisca/francisca_extra_15.jpg,/home/anitadonato/tcc/tcc/data/known_faces/willa/20260602_212507.jpg,0.9123810354238059,0
/home/anitadonato/tcc/tcc/data/known_faces/Francisca/francisca_extra_07.jpg,/home/anitadonato/tcc/tcc/data/known_faces/julia/20260602_212724.jpg,0.7577023284643576,0
/home/anitadonato/tcc/tcc/data/known_faces/ALESSANDRA/alessandra_boa_45_30cm.jpeg,/home/anitadonato/tcc/tcc/data/known_faces/julia/julia_boa_45_esq.jpg,0.8896239907855895,0
/home/anitadonato/tcc/tcc/data/known_faces/BIA/bia_extra_05.jpeg,/home/anitadonato/tcc/tcc/data/known_faces/Angela/angela_extra_12.jpg,0.8829835340490391,0
/home/anitadonato/tcc/tcc/data/known_faces/Francisca/francisca_extra_04.jpg,/home/anitadonato/tcc/tcc/data/known_faces/Angela/angela_extra_06.jpg,0.9047993828200662,0
/home/anitadonato/tcc/tcc/data/known_faces/ALESSANDRA/alessandra_moderada_45_30cm.jpeg,/home/anitadonato/tcc/tcc/data/known_faces/luan/20260602_211820.jpg,0.8665658476773991,0
/home/anitadonato/tcc/tcc/data/known_faces/Abraão/abraao_baixa_45_dir.jpg,/home/anitadonato/tcc/tcc/data/known_faces/ALESSANDRA/alessandra_moderada_frontal_1m.jpeg,0.9149974010631728,0
/home/anitadonato/tcc/tcc/data/known_faces/willa/willa_moderada_45_30cm.jpg,/home/anitadonato/tcc/tcc/data/known_faces/bianca/WhatsApp Image 2026-06-04 at 22.53.18 (1).jpeg,0.9615774635465103,0
/home/anitadonato/tcc/tcc/data/known_faces/Abraão/abraao_boa_frontal.jpg,/home/anitadonato/tcc/tcc/data/known_faces/Francisca/francisca_extra_06.jpg,0.895443834487898,0
/home/anitadonato/tcc/tcc/data/known_faces/BIA/bia_moderada_45_1m.jpeg,/home/anitadonato/tcc/tcc/data/known_faces/bianca/WhatsApp Image 2026-06-04 at 22.53.14 (2).jpeg,0.7014532563232272,0
/home/anitadonato/tcc/tcc/data/known_faces/Angela/angela_extra_02.jpg,/home/anitadonato/tcc/tcc/data/known_faces/willa/willa_boa_45_30cm.jpg,0.7356935411555388,0
/home/anitadonato/tcc/tcc/data/known_faces/BIA/bia_boa_45_30cm.jpeg,/home/anitadonato/tcc/tcc/data/known_faces/Abraão/abraao_baixa_45_esq.jpg,0.9099212217321104,0
/home/anitadonato/tcc/tcc/data/known_faces/luan/20260602_212032.jpg,/home/anitadonato/tcc/tcc/data/known_faces/julia/julia_boa_45_esq.jpg,0.8479946661344144,0
/home/anitadonato/tcc/tcc/data/known_faces/Abraão/abraao_baixa_frontal.jpg,/home/anitadonato/tcc/tcc/data/known_faces/Francisca/francisca_extra_03.jpg,0.896606148815919,0
/home/anitadonato/tcc/tcc/data/known_faces/Abraão/abraao_extra_09.jpg,/home/anitadonato/tcc/tcc/data/known_faces/BIA/bia_extra_03.jpeg,0.8547214430792357,0
/home/anitadonato/tcc/tcc/data/known_faces/Francisca/francisca_extra_01.jpg,/home/anitadonato/tcc/tcc/data/known_faces/Abraão/abraao_extra_04.jpg,0.927975220294416,0
/home/anitadonato/tcc/tcc/data/known_faces/julia/20260602_212709.jpg,/home/anitadonato/tcc/tcc/data/known_faces/willa/willa_extra_02.jpg,0.8701902429424376,0
/home/anitadonato/tcc/tcc/data/known_faces/willa/willa_moderada_frontal_30cm.jpg,/home/anitadonato/tcc/tcc/data/known_faces/Angela/angela_extra_13.jpg,0.8253788411289325,0
/home/anitadonato/tcc/tcc/data/known_faces/JUNIOR/junior_extra_06.jpeg,/home/anitadonato/tcc/tcc/data/known_faces/willa/20260602_212521.jpg,0.9552148862745014,0
/home/anitadonato/tcc/tcc/data/known_faces/ALESSANDRA/alessandra_boa_frontal_30cm..jpeg,/home/anitadonato/tcc/tcc/data/known_faces/JUNIOR/junior_boa_frontal_30cm.jpeg,0.8500939547932048,0
/home/anitadonato/tcc/tcc/data/known_faces/bianca/WhatsApp Image 2026-06-04 at 22.53.19 (5).jpeg,/home/anitadonato/tcc/tcc/data/known_faces/Francisca/francisca_extra_06.jpg,0.9489489802686777,0
/home/anitadonato/tcc/tcc/data/known_faces/Angela/angela_extra_10.jpg,/home/anitadonato/tcc/tcc/data/known_faces/JUNIOR/junior_extra_07.jpeg,0.9082708894201931,0
/home/anitadonato/tcc/tcc/data/known_faces/julia/20260602_212704.jpg,/home/anitadonato/tcc/tcc/data/known_faces/JUNIOR/junior_extra_08.jpeg,0.9518275739160768,0
/home/anitadonato/tcc/tcc/data/known_faces/luan/20260602_211823.jpg,/home/anitadonato/tcc/tcc/data/known_faces/Abraão/abraao_baixa_frontal.jpg,0.8445100239452087,0
/home/anitadonato/tcc/tcc/data/known_faces/Francisca/francisca_extra_13.jpg,/home/anitadonato/tcc/tcc/data/known_faces/Angela/angela_extra_01.jpg,0.9163245948206653,0
/home/anitadonato/tcc/tcc/data/known_faces/Francisca/francisca_baixa_45_esq.jpg,/home/anitadonato/tcc/tcc/data/known_faces/Abraão/abraao_baixa_45_dir.jpg,0.8258853505590158,0
/home/anitadonato/tcc/tcc/data/known_faces/luan/20260602_212025.jpg,/home/anitadonato/tcc/tcc/data/known_faces/ALESSANDRA/alessandra_moderada_frontal_1m.jpeg,0.9134009679465128,0
/home/anitadonato/tcc/tcc/data/known_faces/bianca/WhatsApp Image 2026-06-04 at 22.53.13 (2).jpeg,/home/anitadonato/tcc/tcc/data/known_faces/BIA/bia_moderada_45_30cm.jpeg,0.775796203837144,0
/home/anitadonato/tcc/tcc/data/known_faces/Francisca/francisca_extra_13.jpg,/home/anitadonato/tcc/tcc/data/known_faces/luan/20260602_212016.jpg,0.9866300579337558,0
/home/anitadonato/tcc/tcc/data/known_faces/Angela/angela_extra_07.jpg,/home/anitadonato/tcc/tcc/data/known_faces/JUNIOR/junior_boa_frontal_30cm.jpeg,0.9477975425241866,0
/home/anitadonato/tcc/tcc/data/known_faces/willa/20260602_212513.jpg,/home/anitadonato/tcc/tcc/data/known_faces/Francisca/francisca_extra_09.jpg,0.8272343031713916,0
/home/anitadonato/tcc/tcc/data/known_faces/luan/20260602_211812.jpg,/home/anitadonato/tcc/tcc/data/known_faces/willa/willa_extra_05.jpg,0.8687281970952481,0
/home/anitadonato/tcc/tcc/data/known_faces/JUNIOR/junior_baixa_45_1m.jpeg,/home/anitadonato/tcc/tcc/data/known_faces/luan/20260602_212035.jpg,0.9568096004736178,0
/home/anitadonato/tcc/tcc/data/known_faces/BIA/bia_moderada_45_1m.jpeg,/home/anitadonato/tcc/tcc/data/known_faces/Angela/angela_boa_45_esq.jpg,0.9080431696709198,0
/home/anitadonato/tcc/tcc/data/known_faces/julia/20260602_212631.jpg,/home/anitadonato/tcc/tcc/data/known_faces/Angela/angela_extra_13.jpg,0.8854914004563247,0
/home/anitadonato/tcc/tcc/data/known_faces/willa/willa_extra_08.jpg,/home/anitadonato/tcc/tcc/data/known_faces/Angela/angela_extra_06.jpg,0.798150588474676,0
/home/anitadonato/tcc/tcc/data/known_faces/ALESSANDRA/alessandra_extra_08.jpeg,/home/anitadonato/tcc/tcc/data/known_faces/BIA/bia_boa_frontal_30cm..jpeg,0.7650213903620544,0
/home/anitadonato/tcc/tcc/data/known_faces/Abraão/abraao_extra_05.jpg,/home/anitadonato/tcc/tcc/data/known_faces/Francisca/francisca_extra_02.jpg,0.8914352468031921,0
/home/anitadonato/tcc/tcc/data/known_faces/ALESSANDRA/alessandra_moderada_45_1m.jpeg,/home/anitadonato/tcc/tcc/data/known_faces/BIA/bia_extra_04.jpeg,0.9150762264811589,0
/home/anitadonato/tcc/tcc/data/known_faces/bianca/WhatsApp Image 2026-06-04 at 22.53.16.jpeg,/home/anitadonato/tcc/tcc/data/known_faces/julia/20260602_212621.jpg,0.9129173334062952,0
/home/anitadonato/tcc/tcc/data/known_faces/ALESSANDRA/alessandra_baixa_frontal_30cm.jpeg,/home/anitadonato/tcc/tcc/data/known_faces/JUNIOR/junior_moderada_45_1m.jpeg,0.9497570769664135,0
/home/anitadonato/tcc/tcc/data/known_faces/Francisca/francisca_extra_14.jpg,/home/anitadonato/tcc/tcc/data/known_faces/willa/willa_moderada_45_30cm.jpg,0.9217147293943124,0
/home/anitadonato/tcc/tcc/data/known_faces/willa/willa_extra_05.jpg,/home/anitadonato/tcc/tcc/data/known_faces/Angela/angela_extra_07.jpg,0.8323293093811994,0
/home/anitadonato/tcc/tcc/data/known_faces/JUNIOR/junior_moderada_45_1m.jpeg,/home/anitadonato/tcc/tcc/data/known_faces/Abraão/abraao_extra_02.jpg,0.9502182898800962,0
/home/anitadonato/tcc/tcc/data/known_faces/bianca/WhatsApp Image 2026-06-04 at 22.53.17.jpeg,/home/anitadonato/tcc/tcc/data/known_faces/BIA/bia_extra_05.jpeg,0.8512803251049994,0
/home/anitadonato/tcc/tcc/data/known_faces/JUNIOR/junior_extra_08.jpeg,/home/anitadonato/tcc/tcc/data/known_faces/willa/willa_extra_08.jpg,0.9314221861882895,0
/home/anitadonato/tcc/tcc/data/known_faces/willa/willa_extra_09.jpg,/home/anitadonato/tcc/tcc/data/known_faces/ALESSANDRA/alessandra_boa_45_1m..jpeg,0.8685083205839863,0
/home/anitadonato/tcc/tcc/data/known_faces/julia/20260602_212635.jpg,/home/anitadonato/tcc/tcc/data/known_faces/Angela/angela_baixa_frontal.jpg,0.8354329848610557,0
/home/anitadonato/tcc/tcc/data/known_faces/luan/20260602_211826.jpg,/home/anitadonato/tcc/tcc/data/known_faces/Francisca/francisca_boa_45_esq.jpg,0.9507066945801084,0
/home/anitadonato/tcc/tcc/data/known_faces/Angela/angela_extra_06.jpg,/home/anitadonato/tcc/tcc/data/known_faces/willa/20260602_212511.jpg,0.8474343032711903,0
/home/anitadonato/tcc/tcc/data/known_faces/BIA/bia_extra_03.jpeg,/home/anitadonato/tcc/tcc/data/known_faces/bianca/WhatsApp Image 2026-06-04 at 22.53.19 (2).jpeg,0.6654246734208358,0
/home/anitadonato/tcc/tcc/data/known_faces/Abraão/abraao_extra_09.jpg,/home/anitadonato/tcc/tcc/data/known_faces/julia/20260602_212740.jpg,0.7947876243109306,0
/home/anitadonato/tcc/tcc/data/known_faces/BIA/bia_extra_06.jpeg,/home/anitadonato/tcc/tcc/data/known_faces/Angela/20260602_192040.jpg,0.9164224138392468,0
/home/anitadonato/tcc/tcc/data/known_faces/BIA/bia_boa_45_1m..jpeg,/home/anitadonato/tcc/tcc/data/known_faces/ALESSANDRA/alessandra_moderada_frontal_1m.jpeg,0.8364411929345583,0
/home/anitadonato/tcc/tcc/data/known_faces/willa/20260602_212513.jpg,/home/anitadonato/tcc/tcc/data/known_faces/Angela/angela_extra_11.jpg,0.687780516905089,0
/home/anitadonato/tcc/tcc/data/known_faces/ALESSANDRA/alessandra_baixa_45_30cm.jpeg,/home/anitadonato/tcc/tcc/data/known_faces/Angela/angela_boa_frontal.jpg,0.8614439914541743,0
/home/anitadonato/tcc/tcc/data/known_faces/Francisca/francisca_extra_11.jpg,/home/anitadonato/tcc/tcc/data/known_faces/Angela/angela_extra_07.jpg,0.7389487331100699,0
/home/anitadonato/tcc/tcc/data/known_faces/willa/willa_extra_02.jpg,/home/anitadonato/tcc/tcc/data/known_faces/ALESSANDRA/alessandra_baixa_frontal_1m.jpeg,0.9252915932990722,0
/home/anitadonato/tcc/tcc/data/known_faces/BIA/bia_moderada_frontal_30cm.jpeg,/home/anitadonato/tcc/tcc/data/known_faces/julia/20260602_212740.jpg,0.9025655422897837,0
/home/anitadonato/tcc/tcc/data/known_faces/julia/20260602_212635.jpg,/home/anitadonato/tcc/tcc/data/known_faces/Angela/angela_extra_08.jpg,0.8220119276114561,0
/home/anitadonato/tcc/tcc/data/known_faces/willa/willa_moderada_frontal_30cm.jpg,/home/anitadonato/tcc/tcc/data/known_faces/Angela/angela_boa_frontal.jpg,0.7896154221475508,0
/home/anitadonato/tcc/tcc/data/known_faces/willa/willa_boa_45_30cm.jpg,/home/anitadonato/tcc/tcc/data/known_faces/luan/20260602_211823.jpg,0.8709987666211532,0
/home/anitadonato/tcc/tcc/data/known_faces/JUNIOR/junior_moderada_frontal_30cm.jpeg,/home/anitadonato/tcc/tcc/data/known_faces/julia/julia_boa_frontal.jpg,0.9598955483187811,0
/home/anitadonato/tcc/tcc/data/known_faces/Abraão/abraao_extra_06.jpg,/home/anitadonato/tcc/tcc/data/known_faces/BIA/bia_extra_05.jpeg,0.9093050278250541,0
/home/anitadonato/tcc/tcc/data/known_faces/Angela/20260602_192040.jpg,/home/anitadonato/tcc/tcc/data/known_faces/Abraão/abraao_boa_frontal.jpg,0.8437931364885508,0
/home/anitadonato/tcc/tcc/data/known_faces/luan/20260602_212035.jpg,/home/anitadonato/tcc/tcc/data/known_faces/willa/willa_extra_06.jpg,0.8882546716766442,0
/home/anitadonato/tcc/tcc/data/known_faces/Angela/angela_boa_frontal.jpg,/home/anitadonato/tcc/tcc/data/known_faces/Abraão/abraao_extra_09.jpg,0.9147569316910055,0
/home/anitadonato/tcc/tcc/data/known_faces/willa/willa_moderada_45_30cm.jpg,/home/anitadonato/tcc/tcc/data/known_faces/ALESSANDRA/alessandra_moderada_45_1m.jpeg,0.9202925334729033,0
/home/anitadonato/tcc/tcc/data/known_faces/bianca/WhatsApp Image 2026-06-04 at 22.53.16 (3).jpeg,/home/anitadonato/tcc/tcc/data/known_faces/luan/20260602_211917.jpg,0.8364444689628963,0
/home/anitadonato/tcc/tcc/data/known_faces/ALESSANDRA/alessandra_extra_06.jpeg,/home/anitadonato/tcc/tcc/data/known_faces/luan/20260602_211836.jpg,0.8436203963490987,0
/home/anitadonato/tcc/tcc/data/known_faces/julia/20260602_212712.jpg,/home/anitadonato/tcc/tcc/data/known_faces/bianca/WhatsApp Image 2026-06-04 at 22.53.18 (2).jpeg,0.9276274034987049,0
/home/anitadonato/tcc/tcc/data/known_faces/willa/willa_extra_06.jpg,/home/anitadonato/tcc/tcc/data/known_faces/Abraão/abraao_boa_45_.jpg,0.8400800747205255,0
/home/anitadonato/tcc/tcc/data/known_faces/Francisca/francisca_extra_08.jpg,/home/anitadonato/tcc/tcc/data/known_faces/luan/20260602_211837.jpg,0.9092116709006614,0
/home/anitadonato/tcc/tcc/data/known_faces/BIA/bia_baixa_45_1m.jpeg,/home/anitadonato/tcc/tcc/data/known_faces/ALESSANDRA/alessandra_moderada_frontal_1m.jpeg,0.8429722114058825,0
/home/anitadonato/tcc/tcc/data/known_faces/luan/20260602_212019.jpg,/home/anitadonato/tcc/tcc/data/known_faces/Abraão/abraao_baixa_45_dir.jpg,0.9296668322534327,0
/home/anitadonato/tcc/tcc/data/known_faces/bianca/WhatsApp Image 2026-06-04 at 22.53.19 (1).jpeg,/home/anitadonato/tcc/tcc/data/known_faces/BIA/bia_extra_03.jpeg,0.6602913157087154,0
/home/anitadonato/tcc/tcc/data/known_faces/bianca/WhatsApp Image 2026-06-04 at 22.53.14 (1).jpeg,/home/anitadonato/tcc/tcc/data/known_faces/JUNIOR/junior_boa_45_1m.jpeg,0.9186182716362092,0
/home/anitadonato/tcc/tcc/data/known_faces/bianca/WhatsApp Image 2026-06-04 at 22.53.15 (1).jpeg,/home/anitadonato/tcc/tcc/data/known_faces/Francisca/francisca_extra_13.jpg,0.9360281794068432,0
/home/anitadonato/tcc/tcc/data/known_faces/bianca/WhatsApp Image 2026-06-04 at 22.53.18 (3).jpeg,/home/anitadonato/tcc/tcc/data/known_faces/JUNIOR/junior_extra_01.jpeg,0.7940669720447008,0
/home/anitadonato/tcc/tcc/data/known_faces/bianca/WhatsApp Image 2026-06-04 at 22.53.16 (3).jpeg,/home/anitadonato/tcc/tcc/data/known_faces/BIA/bia_moderada_45_30cm.jpeg,0.7033912072354668,0
/home/anitadonato/tcc/tcc/data/known_faces/luan/20260602_211823.jpg,/home/anitadonato/tcc/tcc/data/known_faces/julia/20260602_212712.jpg,0.9253024224903011,0
/home/anitadonato/tcc/tcc/data/known_faces/luan/20260602_212016.jpg,/home/anitadonato/tcc/tcc/data/known_faces/willa/willa_boa_45_30cm.jpg,0.8264541136500037,0
/home/anitadonato/tcc/tcc/data/known_faces/Francisca/francisca_extra_07.jpg,/home/anitadonato/tcc/tcc/data/known_faces/JUNIOR/junior_boa_45_1m.jpeg,0.9323560809998774,0
/home/anitadonato/tcc/tcc/data/known_faces/Abraão/abraao_extra_08.jpg,/home/anitadonato/tcc/tcc/data/known_faces/BIA/bia_boa_45_30cm.jpeg,0.921385260481083,0
/home/anitadonato/tcc/tcc/data/known_faces/Abraão/abraao_extra_10.jpg,/home/anitadonato/tcc/tcc/data/known_faces/BIA/bia_extra_05.jpeg,0.8871674175081757,0
/home/anitadonato/tcc/tcc/data/known_faces/JUNIOR/junior_moderada_frontal_30cm.jpeg,/home/anitadonato/tcc/tcc/data/known_faces/luan/20260602_212035.jpg,0.9539372336615691,0
/home/anitadonato/tcc/tcc/data/known_faces/ALESSANDRA/alessandra_extra_05.jpeg,/home/anitadonato/tcc/tcc/data/known_faces/Angela/20260602_192040.jpg,0.7433396660024439,0
/home/anitadonato/tcc/tcc/data/known_faces/Abraão/abraao_extra_09.jpg,/home/anitadonato/tcc/tcc/data/known_faces/Angela/angela_extra_08.jpg,0.8406025010655139,0
/home/anitadonato/tcc/tcc/data/known_faces/Abraão/abraao_extra_02.jpg,/home/anitadonato/tcc/tcc/data/known_faces/willa/willa_baixa_frontal_30cm.jpg,0.7842560779520866,0
/home/anitadonato/tcc/tcc/data/known_faces/JUNIOR/junior_moderada_frontal_30cm.jpeg,/home/anitadonato/tcc/tcc/data/known_faces/Abraão/abraao_baixa_45_esq.jpg,0.966109612293585,0
/home/anitadonato/tcc/tcc/data/known_faces/bianca/WhatsApp Image 2026-06-04 at 22.53.18 (3).jpeg,/home/anitadonato/tcc/tcc/data/known_faces/willa/willa_extra_09.jpg,0.9016287899371802,0
/home/anitadonato/tcc/tcc/data/known_faces/Francisca/francisca_boa_frontal.jpg,/home/anitadonato/tcc/tcc/data/known_faces/ALESSANDRA/alessandra_extra_08.jpeg,0.9490660708698335,0
/home/anitadonato/tcc/tcc/data/known_faces/julia/20260602_212633.jpg,/home/anitadonato/tcc/tcc/data/known_faces/ALESSANDRA/alessandra_moderada_45_1m.jpeg,0.8663132437949245,0
/home/anitadonato/tcc/tcc/data/known_faces/Francisca/francisca_baixa_45_dir.jpg,/home/anitadonato/tcc/tcc/data/known_faces/BIA/bia_moderada_frontal_30cm.jpeg,0.9619377328706197,0
/home/anitadonato/tcc/tcc/data/known_faces/luan/20260602_211836.jpg,/home/anitadonato/tcc/tcc/data/known_faces/willa/20260602_212521.jpg,0.885300222291678,0
/home/anitadonato/tcc/tcc/data/known_faces/ALESSANDRA/alessandra_boa_frontal_30cm..jpeg,/home/anitadonato/tcc/tcc/data/known_faces/JUNIOR/junior_baixa_45_1m.jpeg,0.8666777393089955,0
/home/anitadonato/tcc/tcc/data/known_faces/Angela/angela_extra_03.jpg,/home/anitadonato/tcc/tcc/data/known_faces/Abraão/abraao_extra_06.jpg,0.8639264642328476,0
/home/anitadonato/tcc/tcc/data/known_faces/JUNIOR/junior_extra_05.jpeg,/home/anitadonato/tcc/tcc/data/known_faces/bianca/WhatsApp Image 2026-06-04 at 22.53.18 (2).jpeg,0.9071305862068935,0
/home/anitadonato/tcc/tcc/data/known_faces/BIA/bia_baixa_45_1m.jpeg,/home/anitadonato/tcc/tcc/data/known_faces/luan/20260602_211812.jpg,0.8617433957488225,0
/home/anitadonato/tcc/tcc/data/known_faces/Abraão/abraao_extra_03.jpg,/home/anitadonato/tcc/tcc/data/known_faces/luan/20260602_212022.jpg,0.8076905251191934,0
/home/anitadonato/tcc/tcc/data/known_faces/willa/willa_extra_04.jpg,/home/anitadonato/tcc/tcc/data/known_faces/JUNIOR/junior_extra_01.jpeg,0.8950994919760915,0
/home/anitadonato/tcc/tcc/data/known_faces/BIA/bia_extra_07.jpeg,/home/anitadonato/tcc/tcc/data/known_faces/willa/willa_extra_05.jpg,0.8966100563321067,0
/home/anitadonato/tcc/tcc/data/known_faces/willa/willa_boa_45_30cm.jpg,/home/anitadonato/tcc/tcc/data/known_faces/ALESSANDRA/alessandra_boa_45_30cm.jpeg,0.8495511045943522,0
/home/anitadonato/tcc/tcc/data/known_faces/bianca/WhatsApp Image 2026-06-04 at 22.53.14 (1).jpeg,/home/anitadonato/tcc/tcc/data/known_faces/luan/20260602_212022.jpg,0.7806717639653143,0
/home/anitadonato/tcc/tcc/data/known_faces/Abraão/abraao_extra_03.jpg,/home/anitadonato/tcc/tcc/data/known_faces/luan/20260602_211913.jpg,0.8252324390108503,0
/home/anitadonato/tcc/tcc/data/known_faces/Abraão/abraao_extra_02.jpg,/home/anitadonato/tcc/tcc/data/known_faces/luan/20260602_212022.jpg,0.8711634534119027,0
/home/anitadonato/tcc/tcc/data/known_faces/willa/willa_extra_07.jpg,/home/anitadonato/tcc/tcc/data/known_faces/Francisca/francisca_extra_07.jpg,0.8582708652103165,0
/home/anitadonato/tcc/tcc/data/known_faces/willa/willa_baixa_frontal_30cm.jpg,/home/anitadonato/tcc/tcc/data/known_faces/julia/20260602_212709.jpg,0.8703725224628894,0
/home/anitadonato/tcc/tcc/data/known_faces/julia/julia_boa_frontal.jpg,/home/anitadonato/tcc/tcc/data/known_faces/willa/20260602_212418.jpg,0.9240723849714634,0
/home/anitadonato/tcc/tcc/data/known_faces/julia/20260602_212654.jpg,/home/anitadonato/tcc/tcc/data/known_faces/Abraão/abraao_baixa_frontal.jpg,0.7084335765463432,0
/home/anitadonato/tcc/tcc/data/known_faces/bianca/WhatsApp Image 2026-06-04 at 22.53.18.jpeg,/home/anitadonato/tcc/tcc/data/known_faces/BIA/bia_boa_frontal_30cm..jpeg,0.5843577354427552,0
/home/anitadonato/tcc/tcc/data/known_faces/JUNIOR/junior_extra_04.jpeg,/home/anitadonato/tcc/tcc/data/known_faces/bianca/WhatsApp Image 2026-06-04 at 22.53.17.jpeg,0.8548175939200318,0
/home/anitadonato/tcc/tcc/data/known_faces/luan/20260602_211837.jpg,/home/anitadonato/tcc/tcc/data/known_faces/ALESSANDRA/alessandra_boa_frontal_30cm..jpeg,0.8331900807558374,0
/home/anitadonato/tcc/tcc/data/known_faces/Francisca/francisca_extra_07.jpg,/home/anitadonato/tcc/tcc/data/known_faces/Abraão/abraao_extra_04.jpg,0.9133315251791886,0
/home/anitadonato/tcc/tcc/data/known_faces/Abraão/abraao_boa_45_dir.jpg,/home/anitadonato/tcc/tcc/data/known_faces/luan/20260602_212016.jpg,0.8745611059202336,0
/home/anitadonato/tcc/tcc/data/known_faces/JUNIOR/junior_boa_frontal_1m.jpeg,/home/anitadonato/tcc/tcc/data/known_faces/willa/willa_moderada_frontal_30cm.jpg,0.9409352834471677,0
/home/anitadonato/tcc/tcc/data/known_faces/Francisca/francisca_extra_01.jpg,/home/anitadonato/tcc/tcc/data/known_faces/Angela/angela_extra_10.jpg,0.8843860167335349,0
/home/anitadonato/tcc/tcc/data/known_faces/BIA/bia_boa_frontal_30cm..jpeg,/home/anitadonato/tcc/tcc/data/known_faces/willa/willa_boa_45_30cm.jpg,0.9247590390556761,0
/home/anitadonato/tcc/tcc/data/known_faces/BIA/bia_boa_frontal_1m..jpeg,/home/anitadonato/tcc/tcc/data/known_faces/willa/willa_baixa_frontal_30cm.jpg,0.8479756434002408,0
/home/anitadonato/tcc/tcc/data/known_faces/willa/20260602_212513.jpg,/home/anitadonato/tcc/tcc/data/known_faces/JUNIOR/junior_baixa_frontal_30cm.jpeg,0.9585657159054615,0
/home/anitadonato/tcc/tcc/data/known_faces/Abraão/abraao_extra_09.jpg,/home/anitadonato/tcc/tcc/data/known_faces/willa/20260602_212418.jpg,0.8666576899886456,0
/home/anitadonato/tcc/tcc/data/known_faces/luan/20260602_212016.jpg,/home/anitadonato/tcc/tcc/data/known_faces/ALESSANDRA/alessandra_extra_04.jpeg,0.9470613253943226,0
/home/anitadonato/tcc/tcc/data/known_faces/willa/willa_extra_08.jpg,/home/anitadonato/tcc/tcc/data/known_faces/JUNIOR/junior_moderada_frontal_1m.jpeg,0.921815310775718,0
/home/anitadonato/tcc/tcc/data/known_faces/Francisca/francisca_boa_frontal.jpg,/home/anitadonato/tcc/tcc/data/known_faces/julia/julia_boa_45_esq(1).jpg,0.9214446175849842,0
/home/anitadonato/tcc/tcc/data/known_faces/Francisca/francisca_extra_02.jpg,/home/anitadonato/tcc/tcc/data/known_faces/bianca/WhatsApp Image 2026-06-04 at 22.53.19 (3).jpeg,0.9674269534130099,0
/home/anitadonato/tcc/tcc/data/known_faces/willa/20260602_212431.jpg,/home/anitadonato/tcc/tcc/data/known_faces/Angela/angela_extra_11.jpg,0.6945218116420315,0
/home/anitadonato/tcc/tcc/data/known_faces/bianca/WhatsApp Image 2026-06-04 at 22.53.18 (1).jpeg,/home/anitadonato/tcc/tcc/data/known_faces/julia/20260602_212621.jpg,0.8871387365678415,0
/home/anitadonato/tcc/tcc/data/known_faces/luan/20260602_211920.jpg,/home/anitadonato/tcc/tcc/data/known_faces/JUNIOR/junior_boa_45_30cm.jpeg,0.9755209277962222,0
/home/anitadonato/tcc/tcc/data/known_faces/julia/julia_boa_45_esq(1).jpg,/home/anitadonato/tcc/tcc/data/known_faces/Abraão/abraao_extra_08.jpg,0.8197088361783451,0
/home/anitadonato/tcc/tcc/data/known_faces/JUNIOR/junior_baixa_45_1m.jpeg,/home/anitadonato/tcc/tcc/data/known_faces/ALESSANDRA/alessandra_boa_frontal_1m..jpeg,0.8991403584789096,0
/home/anitadonato/tcc/tcc/data/known_faces/bianca/WhatsApp Image 2026-06-04 at 22.53.15.jpeg,/home/anitadonato/tcc/tcc/data/known_faces/Abraão/abraao_extra_05.jpg,0.7125374421326782,0
/home/anitadonato/tcc/tcc/data/known_faces/willa/20260602_212521.jpg,/home/anitadonato/tcc/tcc/data/known_faces/Francisca/francisca_extra_13.jpg,0.9154623857149847,0
/home/anitadonato/tcc/tcc/data/known_faces/Francisca/francisca_extra_03.jpg,/home/anitadonato/tcc/tcc/data/known_faces/BIA/bia_extra_08.jpeg,0.977819046203404,0
/home/anitadonato/tcc/tcc/data/known_faces/willa/willa_extra_04.jpg,/home/anitadonato/tcc/tcc/data/known_faces/JUNIOR/junior_boa_45_30cm.jpeg,0.9362151045151875,0
/home/anitadonato/tcc/tcc/data/known_faces/julia/20260602_212633.jpg,/home/anitadonato/tcc/tcc/data/known_faces/bianca/WhatsApp Image 2026-06-04 at 22.53.16 (3).jpeg,0.944694380378797,0
/home/anitadonato/tcc/tcc/data/known_faces/julia/julia_boa_frontal.jpg,/home/anitadonato/tcc/tcc/data/known_faces/Angela/angela_boa_45_esq.jpg,0.9100291900867618,0
/home/anitadonato/tcc/tcc/data/known_faces/willa/20260602_212511.jpg,/home/anitadonato/tcc/tcc/data/known_faces/BIA/bia_extra_01.jpeg,0.8804743144912637,0
/home/anitadonato/tcc/tcc/data/known_faces/BIA/bia_extra_06.jpeg,/home/anitadonato/tcc/tcc/data/known_faces/luan/20260602_211920.jpg,0.8809217215300269,0
/home/anitadonato/tcc/tcc/data/known_faces/BIA/bia_boa_45_1m..jpeg,/home/anitadonato/tcc/tcc/data/known_faces/Angela/angela_extra_10.jpg,0.8797013185541405,0
/home/anitadonato/tcc/tcc/data/known_faces/ALESSANDRA/alessandra_extra_06.jpeg,/home/anitadonato/tcc/tcc/data/known_faces/Angela/angela_extra_10.jpg,0.805624493906072,0
/home/anitadonato/tcc/tcc/data/known_faces/Angela/angela_extra_12.jpg,/home/anitadonato/tcc/tcc/data/known_faces/luan/20260602_211913.jpg,0.8801048956729534,0
/home/anitadonato/tcc/tcc/data/known_faces/julia/20260602_212654.jpg,/home/anitadonato/tcc/tcc/data/known_faces/Francisca/francisca_extra_13.jpg,0.892046523891878,0
/home/anitadonato/tcc/tcc/data/known_faces/willa/willa_extra_05.jpg,/home/anitadonato/tcc/tcc/data/known_faces/ALESSANDRA/alessandra_baixa_frontal_30cm.jpeg,0.913303083419295,0
/home/anitadonato/tcc/tcc/data/known_faces/Angela/angela_extra_01.jpg,/home/anitadonato/tcc/tcc/data/known_faces/ALESSANDRA/alessandra_extra_01.jpeg,0.8024758159903229,0
/home/anitadonato/tcc/tcc/data/known_faces/julia/20260602_212732.jpg,/home/anitadonato/tcc/tcc/data/known_faces/Abraão/abraao_extra_04.jpg,0.7567168701598805,0
/home/anitadonato/tcc/tcc/data/known_faces/Francisca/francisca_extra_06.jpg,/home/anitadonato/tcc/tcc/data/known_faces/JUNIOR/junior_moderada_45_30cm.jpeg,0.8577228675944168,0
/home/anitadonato/tcc/tcc/data/known_faces/luan/20260602_211917.jpg,/home/anitadonato/tcc/tcc/data/known_faces/Francisca/Francisca_boa_45_dir.jpg,0.9680035417823113,0
/home/anitadonato/tcc/tcc/data/known_faces/bianca/WhatsApp Image 2026-06-04 at 22.53.16 (1).jpeg,/home/anitadonato/tcc/tcc/data/known_faces/Abraão/abraao_boa_frontal.jpg,0.8640072103276778,0
/home/anitadonato/tcc/tcc/data/known_faces/willa/20260602_212521.jpg,/home/anitadonato/tcc/tcc/data/known_faces/luan/20260602_211845.jpg,0.6862346790299151,0
/home/anitadonato/tcc/tcc/data/known_faces/JUNIOR/junior_moderada_45_1m.jpeg,/home/anitadonato/tcc/tcc/data/known_faces/willa/willa_extra_08.jpg,0.94072387894148,0
/home/anitadonato/tcc/tcc/data/known_faces/julia/20260602_212724.jpg,/home/anitadonato/tcc/tcc/data/known_faces/Abraão/abraao_extra_03.jpg,0.7396218368560822,0
/home/anitadonato/tcc/tcc/data/known_faces/julia/20260602_212631.jpg,/home/anitadonato/tcc/tcc/data/known_faces/Angela/angela_extra_05.jpg,0.9424562087605212,0
/home/anitadonato/tcc/tcc/data/known_faces/bianca/WhatsApp Image 2026-06-04 at 22.53.19 (6).jpeg,/home/anitadonato/tcc/tcc/data/known_faces/willa/20260602_212507.jpg,0.8906833538665906,0
/home/anitadonato/tcc/tcc/data/known_faces/Abraão/abraao_extra_04.jpg,/home/anitadonato/tcc/tcc/data/known_faces/Angela/angela_extra_02.jpg,0.8715514120039916,0
/home/anitadonato/tcc/tcc/data/known_faces/JUNIOR/junior_extra_02.jpeg,/home/anitadonato/tcc/tcc/data/known_faces/willa/willa_boa_45_30cm.jpg,0.9261097301412675,0
/home/anitadonato/tcc/tcc/data/known_faces/willa/willa_boa_45_30cm.jpg,/home/anitadonato/tcc/tcc/data/known_faces/bianca/WhatsApp Image 2026-06-04 at 22.53.19.jpeg,0.9360463053007511,0
/home/anitadonato/tcc/tcc/data/known_faces/julia/julia_boa_frontal.jpg,/home/anitadonato/tcc/tcc/data/known_faces/JUNIOR/junior_moderada_45_1m.jpeg,0.9301923208460781,0
/home/anitadonato/tcc/tcc/data/known_faces/julia/20260602_212631.jpg,/home/anitadonato/tcc/tcc/data/known_faces/bianca/WhatsApp Image 2026-06-04 at 22.53.14 (3).jpeg,0.9090696137842297,0
/home/anitadonato/tcc/tcc/data/known_faces/ALESSANDRA/alessandra_boa_frontal_30cm..jpeg,/home/anitadonato/tcc/tcc/data/known_faces/Angela/angela_extra_03.jpg,0.7438854136192719,0
/home/anitadonato/tcc/tcc/data/known_faces/Abraão/abraao_boa_45_dir.jpg,/home/anitadonato/tcc/tcc/data/known_faces/BIA/bia_extra_05.jpeg,0.942764688765475,0
/home/anitadonato/tcc/tcc/data/known_faces/Abraão/abraao_baixa_frontal.jpg,/home/anitadonato/tcc/tcc/data/known_faces/willa/willa_extra_08.jpg,0.8633868201666248,0
/home/anitadonato/tcc/tcc/data/known_faces/luan/20260602_211805.jpg,/home/anitadonato/tcc/tcc/data/known_faces/ALESSANDRA/alessandra_extra_05.jpeg,0.9213839202531515,0
/home/anitadonato/tcc/tcc/data/known_faces/luan/20260602_211814.jpg,/home/anitadonato/tcc/tcc/data/known_faces/Abraão/abraao_extra_02.jpg,0.8376748596683137,0
/home/anitadonato/tcc/tcc/data/known_faces/willa/20260602_212507.jpg,/home/anitadonato/tcc/tcc/data/known_faces/Angela/angela_extra_07.jpg,0.8709817804204764,0
/home/anitadonato/tcc/tcc/data/known_faces/Francisca/francisca_extra_02.jpg,/home/anitadonato/tcc/tcc/data/known_faces/BIA/bia_extra_02.jpeg,0.9690670799870569,0
/home/anitadonato/tcc/tcc/data/known_faces/julia/20260602_212629.jpg,/home/anitadonato/tcc/tcc/data/known_faces/Angela/angela_extra_11.jpg,0.8524273474548005,0
/home/anitadonato/tcc/tcc/data/known_faces/Angela/angela_baixa_45_esq.jpg,/home/anitadonato/tcc/tcc/data/known_faces/ALESSANDRA/alessandra_extra_04.jpeg,0.7347427143304982,0
/home/anitadonato/tcc/tcc/data/known_faces/JUNIOR/junior_extra_07.jpeg,/home/anitadonato/tcc/tcc/data/known_faces/julia/julia_boa_45_esq.jpg,0.948871847344243,0
/home/anitadonato/tcc/tcc/data/known_faces/Francisca/francisca_extra_09.jpg,/home/anitadonato/tcc/tcc/data/known_faces/luan/20260602_211820.jpg,0.8653501880673424,0
/home/anitadonato/tcc/tcc/data/known_faces/luan/20260602_212025.jpg,/home/anitadonato/tcc/tcc/data/known_faces/Angela/angela_extra_09.jpg,0.9243973317868137,0
/home/anitadonato/tcc/tcc/data/known_faces/willa/willa_extra_09.jpg,/home/anitadonato/tcc/tcc/data/known_faces/bianca/WhatsApp Image 2026-06-04 at 22.53.18 (4).jpeg,0.9010582130775149,0
/home/anitadonato/tcc/tcc/data/known_faces/luan/20260602_211917.jpg,/home/anitadonato/tcc/tcc/data/known_faces/Francisca/francisca_extra_10.jpg,0.9607567349102082,0
/home/anitadonato/tcc/tcc/data/known_faces/luan/20260602_211812.jpg,/home/anitadonato/tcc/tcc/data/known_faces/BIA/bia_extra_07.jpeg,0.8256419656178098,0
/home/anitadonato/tcc/tcc/data/known_faces/Francisca/francisca_extra_08.jpg,/home/anitadonato/tcc/tcc/data/known_faces/JUNIOR/junior_extra_01.jpeg,0.9496396839621888,0
/home/anitadonato/tcc/tcc/data/known_faces/Angela/20260602_192040.jpg,/home/anitadonato/tcc/tcc/data/known_faces/Francisca/Francisca_boa_45_dir.jpg,0.7670642523182903,0
/home/anitadonato/tcc/tcc/data/known_faces/luan/20260602_211917.jpg,/home/anitadonato/tcc/tcc/data/known_faces/Angela/angela_extra_04.jpg,0.9155933412782629,0
/home/anitadonato/tcc/tcc/data/known_faces/julia/20260602_212618.jpg,/home/anitadonato/tcc/tcc/data/known_faces/luan/20260602_212016.jpg,0.890599552236166,0
/home/anitadonato/tcc/tcc/data/known_faces/julia/20260602_212618.jpg,/home/anitadonato/tcc/tcc/data/known_faces/Francisca/francisca_extra_08.jpg,0.8799942674865121,0
/home/anitadonato/tcc/tcc/data/known_faces/Francisca/Francisca_boa_45_dir.jpg,/home/anitadonato/tcc/tcc/data/known_faces/BIA/bia_moderada_45_30cm.jpeg,0.9576214070594881,0
/home/anitadonato/tcc/tcc/data/known_faces/JUNIOR/junior_extra_06.jpeg,/home/anitadonato/tcc/tcc/data/known_faces/BIA/bia_moderada_45_30cm.jpeg,0.8655099780407427,0
/home/anitadonato/tcc/tcc/data/known_faces/bianca/WhatsApp Image 2026-06-04 at 22.53.14.jpeg,/home/anitadonato/tcc/tcc/data/known_faces/willa/20260602_212521.jpg,0.8646575441733678,0
/home/anitadonato/tcc/tcc/data/known_faces/bianca/WhatsApp Image 2026-06-04 at 22.53.14.jpeg,/home/anitadonato/tcc/tcc/data/known_faces/willa/willa_boa_45_30cm.jpg,0.8841560940671274,0
/home/anitadonato/tcc/tcc/data/known_faces/Abraão/abraao_extra_01.jpg,/home/anitadonato/tcc/tcc/data/known_faces/bianca/WhatsApp Image 2026-06-04 at 22.53.17.jpeg,0.8836997598751378,0
/home/anitadonato/tcc/tcc/data/known_faces/willa/willa_extra_02.jpg,/home/anitadonato/tcc/tcc/data/known_faces/Francisca/francisca_extra_13.jpg,0.8819184304204942,0
/home/anitadonato/tcc/tcc/data/known_faces/Francisca/francisca_extra_01.jpg,/home/anitadonato/tcc/tcc/data/known_faces/bianca/WhatsApp Image 2026-06-04 at 22.53.19 (6).jpeg,0.9602956508255562,0
/home/anitadonato/tcc/tcc/data/known_faces/Abraão/abraao_boa_45_.jpg,/home/anitadonato/tcc/tcc/data/known_faces/Angela/angela_extra_04.jpg,0.8802784572142485,0
/home/anitadonato/tcc/tcc/data/known_faces/Abraão/abraao_extra_08.jpg,/home/anitadonato/tcc/tcc/data/known_faces/julia/20260602_212654.jpg,0.8046690493874128,0
/home/anitadonato/tcc/tcc/data/known_faces/willa/willa_baixa_45_30cm.jpg,/home/anitadonato/tcc/tcc/data/known_faces/julia/20260602_212709.jpg,0.8737969347177345,0
/home/anitadonato/tcc/tcc/data/known_faces/ALESSANDRA/alessandra_baixa_45_30cm.jpeg,/home/anitadonato/tcc/tcc/data/known_faces/Angela/angela_extra_12.jpg,0.8127261389432944,0
/home/anitadonato/tcc/tcc/data/known_faces/ALESSANDRA/alessandra_baixa_frontal_30cm.jpeg,/home/anitadonato/tcc/tcc/data/known_faces/Angela/angela_extra_04.jpg,0.7827752637158459,0
/home/anitadonato/tcc/tcc/data/known_faces/Francisca/francisca_extra_09.jpg,/home/anitadonato/tcc/tcc/data/known_faces/Angela/20260602_192040.jpg,0.7034145836130558,0
/home/anitadonato/tcc/tcc/data/known_faces/julia/20260602_212709.jpg,/home/anitadonato/tcc/tcc/data/known_faces/BIA/bia_extra_06.jpeg,0.9352107702183083,0
/home/anitadonato/tcc/tcc/data/known_faces/Francisca/francisca_extra_06.jpg,/home/anitadonato/tcc/tcc/data/known_faces/julia/20260602_212732.jpg,0.942004655637577,0
/home/anitadonato/tcc/tcc/data/known_faces/ALESSANDRA/alessandra_baixa_frontal_1m.jpeg,/home/anitadonato/tcc/tcc/data/known_faces/JUNIOR/junior_boa_45_1m.jpeg,0.9628165032628587,0
/home/anitadonato/tcc/tcc/data/known_faces/ALESSANDRA/alessandra_extra_05.jpeg,/home/anitadonato/tcc/tcc/data/known_faces/Francisca/francisca_baixa_45_esq.jpg,0.9371523981577916,0
/home/anitadonato/tcc/tcc/data/known_faces/luan/20260602_211823.jpg,/home/anitadonato/tcc/tcc/data/known_faces/julia/20260602_212633.jpg,0.8207797901238503,0
/home/anitadonato/tcc/tcc/data/known_faces/Francisca/Francisca_boa_45_dir.jpg,/home/anitadonato/tcc/tcc/data/known_faces/bianca/WhatsApp Image 2026-06-04 at 22.53.14 (1).jpeg,0.9392641613390241,0
/home/anitadonato/tcc/tcc/data/known_faces/BIA/bia_extra_07.jpeg,/home/anitadonato/tcc/tcc/data/known_faces/bianca/WhatsApp Image 2026-06-04 at 22.53.14.jpeg,0.8059993913004923,0
/home/anitadonato/tcc/tcc/data/known_faces/ALESSANDRA/alessandra_extra_07.jpeg,/home/anitadonato/tcc/tcc/data/known_faces/BIA/bia_baixa_frontal_30cm.jpeg,0.7956855230079074,0
/home/anitadonato/tcc/tcc/data/known_faces/luan/20260602_212016.jpg,/home/anitadonato/tcc/tcc/data/known_faces/BIA/bia_extra_05.jpeg,0.8584425488118592,0
/home/anitadonato/tcc/tcc/data/known_faces/Francisca/francisca_boa_frontal.jpg,/home/anitadonato/tcc/tcc/data/known_faces/JUNIOR/junior_baixa_45_30cm.jpeg,0.879211728793714,0
/home/anitadonato/tcc/tcc/data/known_faces/luan/20260602_211814.jpg,/home/anitadonato/tcc/tcc/data/known_faces/willa/willa_boa_45_30cm.jpg,0.8814598384607151,0
/home/anitadonato/tcc/tcc/data/known_faces/julia/20260602_212633.jpg,/home/anitadonato/tcc/tcc/data/known_faces/Francisca/francisca_extra_06.jpg,0.9257116740355722,0
/home/anitadonato/tcc/tcc/data/known_faces/ALESSANDRA/alessandra_baixa_frontal_30cm.jpeg,/home/anitadonato/tcc/tcc/data/known_faces/BIA/bia_boa_frontal_30cm..jpeg,0.8333308234699238,0
/home/anitadonato/tcc/tcc/data/known_faces/bianca/WhatsApp Image 2026-06-04 at 22.53.13 (1).jpeg,/home/anitadonato/tcc/tcc/data/known_faces/JUNIOR/junior_boa_45_30cm.jpeg,0.9106128771404012,0
/home/anitadonato/tcc/tcc/data/known_faces/Francisca/francisca_extra_07.jpg,/home/anitadonato/tcc/tcc/data/known_faces/Abraão/abraao_extra_01.jpg,0.8596916317009633,0
/home/anitadonato/tcc/tcc/data/known_faces/ALESSANDRA/alessandra_moderada_frontal_1m.jpeg,/home/anitadonato/tcc/tcc/data/known_faces/willa/willa_extra_08.jpg,0.9025901167569296,0
/home/anitadonato/tcc/tcc/data/known_faces/willa/willa_extra_04.jpg,/home/anitadonato/tcc/tcc/data/known_faces/Angela/angela_baixa_frontal.jpg,0.6924773789195258,0
/home/anitadonato/tcc/tcc/data/known_faces/BIA/bia_extra_08.jpeg,/home/anitadonato/tcc/tcc/data/known_faces/Angela/angela_baixa_frontal.jpg,0.8845691543583741,0
/home/anitadonato/tcc/tcc/data/known_faces/willa/20260602_212431.jpg,/home/anitadonato/tcc/tcc/data/known_faces/JUNIOR/junior_baixa_45_30cm.jpeg,0.8954146486255344,0
/home/anitadonato/tcc/tcc/data/known_faces/JUNIOR/junior_moderada_45_30cm.jpeg,/home/anitadonato/tcc/tcc/data/known_faces/Angela/angela_boa_45_dir.jpg,0.8160910953889129,0
/home/anitadonato/tcc/tcc/data/known_faces/Angela/angela_extra_02.jpg,/home/anitadonato/tcc/tcc/data/known_faces/julia/20260602_212709.jpg,0.8570770706800824,0
/home/anitadonato/tcc/tcc/data/known_faces/luan/20260602_212013.jpg,/home/anitadonato/tcc/tcc/data/known_faces/JUNIOR/junior_boa_frontal_1m.jpeg,0.9551235253699555,0
/home/anitadonato/tcc/tcc/data/known_faces/ALESSANDRA/alessandra_extra_04.jpeg,/home/anitadonato/tcc/tcc/data/known_faces/bianca/WhatsApp Image 2026-06-04 at 22.53.19 (2).jpeg,0.8909003446241915,0
/home/anitadonato/tcc/tcc/data/known_faces/Angela/angela_baixa_45_esq.jpg,/home/anitadonato/tcc/tcc/data/known_faces/Francisca/francisca_extra_10.jpg,0.7275545308356892,0
/home/anitadonato/tcc/tcc/data/known_faces/julia/20260602_212704.jpg,/home/anitadonato/tcc/tcc/data/known_faces/luan/20260602_212022.jpg,0.7142321327969703,0
/home/anitadonato/tcc/tcc/data/known_faces/julia/julia_boa_frontal.jpg,/home/anitadonato/tcc/tcc/data/known_faces/BIA/bia_boa_45_30cm.jpeg,0.8833850033209751,0
/home/anitadonato/tcc/tcc/data/known_faces/luan/20260602_211913.jpg,/home/anitadonato/tcc/tcc/data/known_faces/JUNIOR/junior_extra_07.jpeg,0.9279643236935471,0
/home/anitadonato/tcc/tcc/data/known_faces/Francisca/francisca_boa_frontal.jpg,/home/anitadonato/tcc/tcc/data/known_faces/luan/20260602_211812.jpg,0.9654240891376988,0
/home/anitadonato/tcc/tcc/data/known_faces/luan/20260602_212013.jpg,/home/anitadonato/tcc/tcc/data/known_faces/Angela/angela_extra_04.jpg,0.9199727863402656,0
/home/anitadonato/tcc/tcc/data/known_faces/Francisca/francisca_extra_06.jpg,/home/anitadonato/tcc/tcc/data/known_faces/luan/20260602_212013.jpg,0.9563506477883711,0
/home/anitadonato/tcc/tcc/data/known_faces/ALESSANDRA/alessandra_extra_05.jpeg,/home/anitadonato/tcc/tcc/data/known_faces/luan/20260602_211823.jpg,0.817509555424355,0
/home/anitadonato/tcc/tcc/data/known_faces/ALESSANDRA/alessandra_moderada_frontal_30cm.jpeg,/home/anitadonato/tcc/tcc/data/known_faces/JUNIOR/junior_boa_frontal_30cm.jpeg,0.8640787047738225,0
/home/anitadonato/tcc/tcc/data/known_faces/Angela/angela_extra_05.jpg,/home/anitadonato/tcc/tcc/data/known_faces/Francisca/francisca_extra_08.jpg,0.8983389965908413,0
/home/anitadonato/tcc/tcc/data/known_faces/JUNIOR/junior_baixa_frontal_30cm.jpeg,/home/anitadonato/tcc/tcc/data/known_faces/Abraão/abraao_extra_10.jpg,0.9261594742636015,0
/home/anitadonato/tcc/tcc/data/known_faces/ALESSANDRA/alessandra_baixa_frontal_30cm.jpeg,/home/anitadonato/tcc/tcc/data/known_faces/BIA/bia_extra_08.jpeg,0.8873867909742519,0
/home/anitadonato/tcc/tcc/data/known_faces/BIA/bia_baixa_45_30cm.jpeg,/home/anitadonato/tcc/tcc/data/known_faces/Abraão/abraao_extra_06.jpg,0.9663483791313369,0
/home/anitadonato/tcc/tcc/data/known_faces/julia/julia_boa_frontal.jpg,/home/anitadonato/tcc/tcc/data/known_faces/luan/20260602_211837.jpg,0.8815243909784054,0
/home/anitadonato/tcc/tcc/data/known_faces/ALESSANDRA/alessandra_boa_frontal_30cm..jpeg,/home/anitadonato/tcc/tcc/data/known_faces/JUNIOR/junior_moderada_frontal_30cm.jpeg,0.8729975701245594,0
/home/anitadonato/tcc/tcc/data/known_faces/Abraão/abraao_boa_frontal.jpg,/home/anitadonato/tcc/tcc/data/known_faces/ALESSANDRA/alessandra_extra_08.jpeg,0.8420371839505321,0
/home/anitadonato/tcc/tcc/data/known_faces/Abraão/abraao_baixa_45_esq.jpg,/home/anitadonato/tcc/tcc/data/known_faces/julia/20260602_212712.jpg,0.7384248166555765,0
/home/anitadonato/tcc/tcc/data/known_faces/luan/20260602_211917.jpg,/home/anitadonato/tcc/tcc/data/known_faces/bianca/WhatsApp Image 2026-06-04 at 22.53.19 (4).jpeg,0.8070698983647744,0
/home/anitadonato/tcc/tcc/data/known_faces/ALESSANDRA/alessandra_moderada_45_1m.jpeg,/home/anitadonato/tcc/tcc/data/known_faces/Francisca/francisca_baixa_45_dir.jpg,0.9156894635339645,0
/home/anitadonato/tcc/tcc/data/known_faces/Abraão/abraao_baixa_frontal.jpg,/home/anitadonato/tcc/tcc/data/known_faces/Francisca/francisca_extra_01.jpg,0.9077725879043466,0
/home/anitadonato/tcc/tcc/data/known_faces/luan/20260602_211814.jpg,/home/anitadonato/tcc/tcc/data/known_faces/Abraão/abraao_extra_01.jpg,0.7941564103987748,0
/home/anitadonato/tcc/tcc/data/known_faces/luan/20260602_211826.jpg,/home/anitadonato/tcc/tcc/data/known_faces/bianca/WhatsApp Image 2026-06-04 at 22.53.14 (4).jpeg,0.7201435413379891,0
/home/anitadonato/tcc/tcc/data/known_faces/luan/20260602_212025.jpg,/home/anitadonato/tcc/tcc/data/known_faces/BIA/bia_boa_45_30cm.jpeg,0.9052486161427137,0
/home/anitadonato/tcc/tcc/data/known_faces/willa/willa_extra_07.jpg,/home/anitadonato/tcc/tcc/data/known_faces/JUNIOR/junior_extra_06.jpeg,0.9430095387031355,0
/home/anitadonato/tcc/tcc/data/known_faces/Abraão/abraao_boa_45_dir.jpg,/home/anitadonato/tcc/tcc/data/known_faces/Angela/angela_extra_12.jpg,0.87142353690343,0
/home/anitadonato/tcc/tcc/data/known_faces/bianca/WhatsApp Image 2026-06-04 at 22.53.15.jpeg,/home/anitadonato/tcc/tcc/data/known_faces/luan/20260602_212035.jpg,0.6990125587149132,0
/home/anitadonato/tcc/tcc/data/known_faces/Angela/angela_extra_09.jpg,/home/anitadonato/tcc/tcc/data/known_faces/luan/20260602_211917.jpg,0.926983750768848,0
/home/anitadonato/tcc/tcc/data/known_faces/JUNIOR/junior_extra_03.jpeg,/home/anitadonato/tcc/tcc/data/known_faces/luan/20260602_211917.jpg,0.8672854107561658,0
/home/anitadonato/tcc/tcc/data/known_faces/bianca/WhatsApp Image 2026-06-04 at 22.53.19 (5).jpeg,/home/anitadonato/tcc/tcc/data/known_faces/willa/willa_extra_03.jpg,0.8994514522579047,0
/home/anitadonato/tcc/tcc/data/known_faces/willa/willa_moderada_frontal_30cm.jpg,/home/anitadonato/tcc/tcc/data/known_faces/BIA/bia_moderada_45_30cm.jpeg,0.8990717064936276,0
/home/anitadonato/tcc/tcc/data/known_faces/BIA/bia_moderada_45_30cm.jpeg,/home/anitadonato/tcc/tcc/data/known_faces/bianca/WhatsApp Image 2026-06-04 at 22.53.19 (2).jpeg,0.6467213144741559,0
/home/anitadonato/tcc/tcc/data/known_faces/Francisca/francisca_extra_09.jpg,/home/anitadonato/tcc/tcc/data/known_faces/JUNIOR/junior_extra_07.jpeg,0.8682015628264264,0
/home/anitadonato/tcc/tcc/data/known_faces/bianca/WhatsApp Image 2026-06-04 at 22.53.19 (2).jpeg,/home/anitadonato/tcc/tcc/data/known_faces/ALESSANDRA/alessandra_baixa_45_30cm.jpeg,0.8482594440634821,0
/home/anitadonato/tcc/tcc/data/known_faces/Francisca/francisca_extra_11.jpg,/home/anitadonato/tcc/tcc/data/known_faces/ALESSANDRA/alessandra_boa_45_1m..jpeg,0.87202626815814,0
/home/anitadonato/tcc/tcc/data/known_faces/Francisca/francisca_extra_04.jpg,/home/anitadonato/tcc/tcc/data/known_faces/ALESSANDRA/alessandra_boa_frontal_30cm..jpeg,0.92783751237953,0
/home/anitadonato/tcc/tcc/data/known_faces/BIA/bia_baixa_45_1m.jpeg,/home/anitadonato/tcc/tcc/data/known_faces/JUNIOR/junior_extra_01.jpeg,0.7875585085112764,0
/home/anitadonato/tcc/tcc/data/known_faces/luan/20260602_212022.jpg,/home/anitadonato/tcc/tcc/data/known_faces/willa/willa_moderada_frontal_30cm.jpg,0.7979746378274928,0
/home/anitadonato/tcc/tcc/data/known_faces/willa/20260602_212511.jpg,/home/anitadonato/tcc/tcc/data/known_faces/Angela/angela_baixa_45_esq.jpg,0.7032741203837711,0
/home/anitadonato/tcc/tcc/data/known_faces/julia/20260602_212629.jpg,/home/anitadonato/tcc/tcc/data/known_faces/JUNIOR/junior_boa_45_1m.jpeg,0.925153513356239,0
/home/anitadonato/tcc/tcc/data/known_faces/Francisca/francisca_extra_14.jpg,/home/anitadonato/tcc/tcc/data/known_faces/JUNIOR/junior_boa_frontal_30cm.jpeg,0.8986177308555728,0
/home/anitadonato/tcc/tcc/data/known_faces/BIA/bia_extra_02.jpeg,/home/anitadonato/tcc/tcc/data/known_faces/Francisca/francisca_baixa_45_esq.jpg,0.9342873974172363,0
/home/anitadonato/tcc/tcc/data/known_faces/willa/willa_moderada_frontal_30cm.jpg,/home/anitadonato/tcc/tcc/data/known_faces/bianca/WhatsApp Image 2026-06-04 at 22.53.14 (4).jpeg,0.8562101809905097,0
/home/anitadonato/tcc/tcc/data/known_faces/Abraão/abraao_extra_09.jpg,/home/anitadonato/tcc/tcc/data/known_faces/JUNIOR/junior_boa_45_30cm.jpeg,0.9345556608913814,0
/home/anitadonato/tcc/tcc/data/known_faces/julia/20260602_212704.jpg,/home/anitadonato/tcc/tcc/data/known_faces/Abraão/abraao_baixa_45_esq.jpg,0.6407246723566653,0
/home/anitadonato/tcc/tcc/data/known_faces/willa/20260602_212507.jpg,/home/anitadonato/tcc/tcc/data/known_faces/bianca/WhatsApp Image 2026-06-04 at 22.53.19 (3).jpeg,0.9263636506200761,0
/home/anitadonato/tcc/tcc/data/known_faces/ALESSANDRA/alessandra_extra_04.jpeg,/home/anitadonato/tcc/tcc/data/known_faces/JUNIOR/junior_extra_06.jpeg,0.7697532876139128,0
/home/anitadonato/tcc/tcc/data/known_faces/bianca/WhatsApp Image 2026-06-04 at 22.53.19 (6).jpeg,/home/anitadonato/tcc/tcc/data/known_faces/Abraão/abraao_extra_01.jpg,0.8547920831680428,0
/home/anitadonato/tcc/tcc/data/known_faces/willa/willa_extra_05.jpg,/home/anitadonato/tcc/tcc/data/known_faces/ALESSANDRA/alessandra_baixa_45_30cm.jpeg,0.8958988592122056,0
/home/anitadonato/tcc/tcc/data/known_faces/Francisca/francisca_baixa_45_dir.jpg,/home/anitadonato/tcc/tcc/data/known_faces/luan/20260602_211913.jpg,0.9581619022406557,0
/home/anitadonato/tcc/tcc/data/known_faces/luan/20260602_211913.jpg,/home/anitadonato/tcc/tcc/data/known_faces/Angela/angela_extra_11.jpg,0.8994607698489646,0
/home/anitadonato/tcc/tcc/data/known_faces/BIA/bia_baixa_45_30cm.jpeg,/home/anitadonato/tcc/tcc/data/known_faces/Angela/angela_extra_07.jpg,0.8749831482661694,0
/home/anitadonato/tcc/tcc/data/known_faces/julia/20260602_212625.jpg,/home/anitadonato/tcc/tcc/data/known_faces/luan/20260602_211836.jpg,0.8748066577592988,0
/home/anitadonato/tcc/tcc/data/known_faces/bianca/WhatsApp Image 2026-06-04 at 22.53.19 (4).jpeg,/home/anitadonato/tcc/tcc/data/known_faces/Francisca/francisca_extra_07.jpg,0.9170515231466506,0
/home/anitadonato/tcc/tcc/data/known_faces/Angela/angela_extra_05.jpg,/home/anitadonato/tcc/tcc/data/known_faces/willa/20260602_212507.jpg,0.8719131396196553,0
/home/anitadonato/tcc/tcc/data/known_faces/julia/julia_boa_45_esq.jpg,/home/anitadonato/tcc/tcc/data/known_faces/ALESSANDRA/alessandra_extra_05.jpeg,0.9369696609304844,0
/home/anitadonato/tcc/tcc/data/known_faces/bianca/WhatsApp Image 2026-06-04 at 22.53.19 (3).jpeg,/home/anitadonato/tcc/tcc/data/known_faces/Angela/angela_boa_45_esq.jpg,0.9405835348465023,0
/home/anitadonato/tcc/tcc/data/known_faces/julia/20260602_212633.jpg,/home/anitadonato/tcc/tcc/data/known_faces/luan/20260602_212016.jpg,0.8434394965375467,0
/home/anitadonato/tcc/tcc/data/known_faces/bianca/WhatsApp Image 2026-06-04 at 22.53.18 (1).jpeg,/home/anitadonato/tcc/tcc/data/known_faces/BIA/bia_moderada_frontal_30cm.jpeg,0.7210209931163889,0
/home/anitadonato/tcc/tcc/data/known_faces/luan/20260602_211836.jpg,/home/anitadonato/tcc/tcc/data/known_faces/BIA/bia_baixa_frontal_1m.jpeg,0.7540997876465063,0
/home/anitadonato/tcc/tcc/data/known_faces/Francisca/francisca_extra_05.jpg,/home/anitadonato/tcc/tcc/data/known_faces/bianca/WhatsApp Image 2026-06-04 at 22.53.18.jpeg,0.9659801618556169,0
/home/anitadonato/tcc/tcc/data/known_faces/willa/20260602_212511.jpg,/home/anitadonato/tcc/tcc/data/known_faces/Abraão/abraao_extra_07.jpg,0.8864406161823727,0
/home/anitadonato/tcc/tcc/data/known_faces/bianca/WhatsApp Image 2026-06-04 at 22.53.16 (1).jpeg,/home/anitadonato/tcc/tcc/data/known_faces/JUNIOR/junior_boa_frontal_1m.jpeg,0.9360197733919314,0
/home/anitadonato/tcc/tcc/data/known_faces/JUNIOR/junior_moderada_frontal_30cm.jpeg,/home/anitadonato/tcc/tcc/data/known_faces/willa/20260602_212418.jpg,0.8739096017816054,0
/home/anitadonato/tcc/tcc/data/known_faces/Francisca/francisca_extra_06.jpg,/home/anitadonato/tcc/tcc/data/known_faces/Angela/angela_extra_09.jpg,0.8482451444082554,0
/home/anitadonato/tcc/tcc/data/known_faces/willa/willa_extra_07.jpg,/home/anitadonato/tcc/tcc/data/known_faces/Angela/angela_baixa_45_esq.jpg,0.7046354125318569,0
/home/anitadonato/tcc/tcc/data/known_faces/BIA/bia_extra_04.jpeg,/home/anitadonato/tcc/tcc/data/known_faces/willa/20260602_212513.jpg,0.8668234457095532,0
/home/anitadonato/tcc/tcc/data/known_faces/Abraão/abraao_baixa_45_esq.jpg,/home/anitadonato/tcc/tcc/data/known_faces/willa/willa_baixa_frontal_30cm.jpg,0.7706576805615323,0
/home/anitadonato/tcc/tcc/data/known_faces/willa/willa_extra_02.jpg,/home/anitadonato/tcc/tcc/data/known_faces/Angela/20260602_192040.jpg,0.723687521522456,0
/home/anitadonato/tcc/tcc/data/known_faces/JUNIOR/junior_extra_02.jpeg,/home/anitadonato/tcc/tcc/data/known_faces/Abraão/abraao_extra_08.jpg,0.9074195457253892,0
/home/anitadonato/tcc/tcc/data/known_faces/julia/20260602_212709.jpg,/home/anitadonato/tcc/tcc/data/known_faces/ALESSANDRA/alessandra_boa_frontal_1m..jpeg,0.8995853327329713,0
/home/anitadonato/tcc/tcc/data/known_faces/luan/20260602_211826.jpg,/home/anitadonato/tcc/tcc/data/known_faces/BIA/bia_moderada_45_30cm.jpeg,0.8855259569482963,0
/home/anitadonato/tcc/tcc/data/known_faces/luan/20260602_212022.jpg,/home/anitadonato/tcc/tcc/data/known_faces/Francisca/francisca_extra_10.jpg,0.9446575956502599,0
/home/anitadonato/tcc/tcc/data/known_faces/willa/20260602_212418.jpg,/home/anitadonato/tcc/tcc/data/known_faces/Angela/angela_extra_07.jpg,0.8374098090272056,0
/home/anitadonato/tcc/tcc/data/known_faces/willa/20260602_212431.jpg,/home/anitadonato/tcc/tcc/data/known_faces/luan/20260602_211837.jpg,0.7048086405220129,0
/home/anitadonato/tcc/tcc/data/known_faces/Angela/angela_extra_04.jpg,/home/anitadonato/tcc/tcc/data/known_faces/ALESSANDRA/alessandra_boa_frontal_1m..jpeg,0.785400352203742,0
/home/anitadonato/tcc/tcc/data/known_faces/ALESSANDRA/alessandra_extra_05.jpeg,/home/anitadonato/tcc/tcc/data/known_faces/Abraão/abraao_extra_02.jpg,0.7035875672299703,0
/home/anitadonato/tcc/tcc/data/known_faces/JUNIOR/junior_baixa_45_1m.jpeg,/home/anitadonato/tcc/tcc/data/known_faces/Abraão/abraao_extra_03.jpg,0.9710046876869302,0
/home/anitadonato/tcc/tcc/data/known_faces/bianca/WhatsApp Image 2026-06-04 at 22.53.16 (2).jpeg,/home/anitadonato/tcc/tcc/data/known_faces/BIA/bia_moderada_45_1m.jpeg,0.6974816495207026,0
/home/anitadonato/tcc/tcc/data/known_faces/Abraão/abraao_extra_09.jpg,/home/anitadonato/tcc/tcc/data/known_faces/JUNIOR/junior_moderada_frontal_30cm.jpeg,0.9350382045324427,0
/home/anitadonato/tcc/tcc/data/known_faces/luan/20260602_211823.jpg,/home/anitadonato/tcc/tcc/data/known_faces/Abraão/abraao_boa_frontal.jpg,0.8069574295746439,0
/home/anitadonato/tcc/tcc/data/known_faces/luan/20260602_212022.jpg,/home/anitadonato/tcc/tcc/data/known_faces/julia/20260602_212618.jpg,0.8370162725392846,0
/home/anitadonato/tcc/tcc/data/known_faces/ALESSANDRA/alessandra_moderada_45_1m.jpeg,/home/anitadonato/tcc/tcc/data/known_faces/BIA/bia_extra_02.jpeg,0.9292862282790509,0
/home/anitadonato/tcc/tcc/data/known_faces/JUNIOR/junior_extra_05.jpeg,/home/anitadonato/tcc/tcc/data/known_faces/julia/20260602_212631.jpg,0.9168741369447199,0
/home/anitadonato/tcc/tcc/data/known_faces/ALESSANDRA/alessandra_extra_04.jpeg,/home/anitadonato/tcc/tcc/data/known_faces/JUNIOR/junior_extra_04.jpeg,0.888119481658598,0
/home/anitadonato/tcc/tcc/data/known_faces/Francisca/francisca_extra_11.jpg,/home/anitadonato/tcc/tcc/data/known_faces/BIA/bia_extra_01.jpeg,0.9212999592329842,0
/home/anitadonato/tcc/tcc/data/known_faces/ALESSANDRA/alessandra_extra_05.jpeg,/home/anitadonato/tcc/tcc/data/known_faces/Francisca/Francisca_boa_45_dir.jpg,0.8869612892529297,0
/home/anitadonato/tcc/tcc/data/known_faces/luan/20260602_211836.jpg,/home/anitadonato/tcc/tcc/data/known_faces/Francisca/francisca_boa_45_esq.jpg,0.9416485055050006,0
/home/anitadonato/tcc/tcc/data/known_faces/JUNIOR/junior_boa_45_1m.jpeg,/home/anitadonato/tcc/tcc/data/known_faces/bianca/WhatsApp Image 2026-06-04 at 22.53.13.jpeg,0.9246429174756785,0
/home/anitadonato/tcc/tcc/data/known_faces/bianca/WhatsApp Image 2026-06-04 at 22.53.18.jpeg,/home/anitadonato/tcc/tcc/data/known_faces/luan/20260602_212030.jpg,0.7823295520669863,0
/home/anitadonato/tcc/tcc/data/known_faces/BIA/bia_boa_frontal_30cm..jpeg,/home/anitadonato/tcc/tcc/data/known_faces/bianca/WhatsApp Image 2026-06-04 at 22.53.18 (2).jpeg,0.6874567531913119,0
/home/anitadonato/tcc/tcc/data/known_faces/Angela/angela_extra_04.jpg,/home/anitadonato/tcc/tcc/data/known_faces/bianca/WhatsApp Image 2026-06-04 at 22.53.18 (3).jpeg,0.8449489388471558,0
/home/anitadonato/tcc/tcc/data/known_faces/JUNIOR/junior_moderada_45_30cm.jpeg,/home/anitadonato/tcc/tcc/data/known_faces/julia/20260602_212629.jpg,0.9354704311861519,0
/home/anitadonato/tcc/tcc/data/known_faces/BIA/bia_moderada_frontal_1m.jpeg,/home/anitadonato/tcc/tcc/data/known_faces/Angela/angela_extra_12.jpg,0.8996688567751824,0
/home/anitadonato/tcc/tcc/data/known_faces/BIA/bia_extra_02.jpeg,/home/anitadonato/tcc/tcc/data/known_faces/Angela/angela_extra_11.jpg,0.8421575599897353,0
/home/anitadonato/tcc/tcc/data/known_faces/Angela/angela_boa_45_esq.jpg,/home/anitadonato/tcc/tcc/data/known_faces/bianca/WhatsApp Image 2026-06-04 at 22.53.18 (4).jpeg,0.902681513570349,0
/home/anitadonato/tcc/tcc/data/known_faces/willa/willa_extra_03.jpg,/home/anitadonato/tcc/tcc/data/known_faces/Angela/angela_baixa_frontal.jpg,0.6485717480363493,0
/home/anitadonato/tcc/tcc/data/known_faces/luan/20260602_211814.jpg,/home/anitadonato/tcc/tcc/data/known_faces/willa/20260602_212521.jpg,0.8785794251232604,0
/home/anitadonato/tcc/tcc/data/known_faces/JUNIOR/junior_baixa_45_1m.jpeg,/home/anitadonato/tcc/tcc/data/known_faces/Angela/angela_extra_05.jpg,0.8711164090278805,0
/home/anitadonato/tcc/tcc/data/known_faces/bianca/WhatsApp Image 2026-06-04 at 22.53.15 (2).jpeg,/home/anitadonato/tcc/tcc/data/known_faces/willa/willa_extra_07.jpg,0.8165107694297786,0
/home/anitadonato/tcc/tcc/data/known_faces/Francisca/francisca_extra_01.jpg,/home/anitadonato/tcc/tcc/data/known_faces/Angela/angela_boa_45_dir.jpg,0.8413909001371382,0
/home/anitadonato/tcc/tcc/data/known_faces/Angela/20260602_192040.jpg,/home/anitadonato/tcc/tcc/data/known_faces/willa/willa_boa_45_30cm.jpg,0.811952103359157,0
/home/anitadonato/tcc/tcc/data/known_faces/willa/willa_baixa_frontal_30cm.jpg,/home/anitadonato/tcc/tcc/data/known_faces/BIA/bia_boa_frontal_30cm..jpeg,0.8462466422239744,0
/home/anitadonato/tcc/tcc/data/known_faces/ALESSANDRA/alessandra_baixa_frontal_1m.jpeg,/home/anitadonato/tcc/tcc/data/known_faces/JUNIOR/junior_extra_08.jpeg,0.875194175174981,0
/home/anitadonato/tcc/tcc/data/known_faces/Angela/angela_extra_10.jpg,/home/anitadonato/tcc/tcc/data/known_faces/luan/20260602_212032.jpg,0.9096024738366886,0
/home/anitadonato/tcc/tcc/data/known_faces/JUNIOR/junior_extra_05.jpeg,/home/anitadonato/tcc/tcc/data/known_faces/Angela/angela_extra_10.jpg,0.8825109700408036,0
/home/anitadonato/tcc/tcc/data/known_faces/julia/20260602_212631.jpg,/home/anitadonato/tcc/tcc/data/known_faces/Angela/angela_extra_01.jpg,0.8982844361912833,0
/home/anitadonato/tcc/tcc/data/known_faces/BIA/bia_extra_06.jpeg,/home/anitadonato/tcc/tcc/data/known_faces/ALESSANDRA/alessandra_baixa_45_1m.jpeg,0.8650704252615179,0
/home/anitadonato/tcc/tcc/data/known_faces/Francisca/francisca_extra_02.jpg,/home/anitadonato/tcc/tcc/data/known_faces/bianca/WhatsApp Image 2026-06-04 at 22.53.19 (2).jpeg,0.9719053376136844,0
/home/anitadonato/tcc/tcc/data/known_faces/BIA/bia_baixa_frontal_1m.jpeg,/home/anitadonato/tcc/tcc/data/known_faces/willa/20260602_212521.jpg,0.9012891926625485,0
/home/anitadonato/tcc/tcc/data/known_faces/julia/20260602_212709.jpg,/home/anitadonato/tcc/tcc/data/known_faces/willa/willa_extra_07.jpg,0.9249964696311606,0
/home/anitadonato/tcc/tcc/data/known_faces/BIA/bia_extra_05.jpeg,/home/anitadonato/tcc/tcc/data/known_faces/bianca/WhatsApp Image 2026-06-04 at 22.53.19 (3).jpeg,0.7047539101273768,0
/home/anitadonato/tcc/tcc/data/known_faces/ALESSANDRA/alessandra_extra_03.jpeg,/home/anitadonato/tcc/tcc/data/known_faces/bianca/WhatsApp Image 2026-06-04 at 22.53.16 (2).jpeg,0.8407434011063853,0
/home/anitadonato/tcc/tcc/data/known_faces/willa/willa_extra_09.jpg,/home/anitadonato/tcc/tcc/data/known_faces/luan/20260602_212032.jpg,0.8066029168735334,0
/home/anitadonato/tcc/tcc/data/known_faces/ALESSANDRA/alessandra_baixa_frontal_30cm.jpeg,/home/anitadonato/tcc/tcc/data/known_faces/luan/20260602_212013.jpg,0.9073359083420494,0
/home/anitadonato/tcc/tcc/data/known_faces/julia/20260602_212635.jpg,/home/anitadonato/tcc/tcc/data/known_faces/ALESSANDRA/alessandra_moderada_45_1m.jpeg,0.8682605304089537,0
/home/anitadonato/tcc/tcc/data/known_faces/luan/20260602_211809.jpg,/home/anitadonato/tcc/tcc/data/known_faces/bianca/WhatsApp Image 2026-06-04 at 22.53.18 (1).jpeg,0.8593216109189648,0
/home/anitadonato/tcc/tcc/data/known_faces/bianca/WhatsApp Image 2026-06-04 at 22.53.19 (3).jpeg,/home/anitadonato/tcc/tcc/data/known_faces/luan/20260602_212032.jpg,0.8087136956090656,0
/home/anitadonato/tcc/tcc/data/known_faces/ALESSANDRA/alessandra_extra_02.jpeg,/home/anitadonato/tcc/tcc/data/known_faces/BIA/bia_extra_07.jpeg,0.897625135661991,0
/home/anitadonato/tcc/tcc/data/known_faces/bianca/WhatsApp Image 2026-06-04 at 22.53.19 (3).jpeg,/home/anitadonato/tcc/tcc/data/known_faces/Francisca/francisca_extra_04.jpg,0.9793843453192271,0
/home/anitadonato/tcc/tcc/data/known_faces/julia/20260602_212726.jpg,/home/anitadonato/tcc/tcc/data/known_faces/Angela/angela_extra_04.jpg,0.8561674817301248,0
/home/anitadonato/tcc/tcc/data/known_faces/julia/20260602_212625.jpg,/home/anitadonato/tcc/tcc/data/known_faces/willa/willa_extra_09.jpg,0.8864381431732987,0
/home/anitadonato/tcc/tcc/data/known_faces/Abraão/abraao_boa_45_.jpg,/home/anitadonato/tcc/tcc/data/known_faces/Angela/angela_extra_07.jpg,0.8822746137801871,0
/home/anitadonato/tcc/tcc/data/known_faces/bianca/WhatsApp Image 2026-06-04 at 22.53.16.jpeg,/home/anitadonato/tcc/tcc/data/known_faces/JUNIOR/junior_baixa_45_1m.jpeg,0.9133231308514269,0
/home/anitadonato/tcc/tcc/data/known_faces/Angela/angela_extra_13.jpg,/home/anitadonato/tcc/tcc/data/known_faces/julia/20260602_212633.jpg,0.8822087127428053,0
/home/anitadonato/tcc/tcc/data/known_faces/julia/20260602_212654.jpg,/home/anitadonato/tcc/tcc/data/known_faces/Abraão/abraao_extra_04.jpg,0.7663432184840416,0
/home/anitadonato/tcc/tcc/data/known_faces/Angela/angela_baixa_frontal.jpg,/home/anitadonato/tcc/tcc/data/known_faces/Abraão/abraao_baixo_45_esq.jpg,0.8013091723950364,0
/home/anitadonato/tcc/tcc/data/known_faces/julia/20260602_212625.jpg,/home/anitadonato/tcc/tcc/data/known_faces/JUNIOR/junior_moderada_45_1m.jpeg,0.910496754976382,0
/home/anitadonato/tcc/tcc/data/known_faces/bianca/WhatsApp Image 2026-06-04 at 22.53.18 (3).jpeg,/home/anitadonato/tcc/tcc/data/known_faces/luan/20260602_211823.jpg,0.6871688957483357,0
/home/anitadonato/tcc/tcc/data/known_faces/bianca/WhatsApp Image 2026-06-04 at 22.53.16 (2).jpeg,/home/anitadonato/tcc/tcc/data/known_faces/luan/20260602_211809.jpg,0.908220803633527,0
/home/anitadonato/tcc/tcc/data/known_faces/Angela/angela_extra_13.jpg,/home/anitadonato/tcc/tcc/data/known_faces/JUNIOR/junior_boa_45_1m.jpeg,0.8933467901013037,0
/home/anitadonato/tcc/tcc/data/known_faces/Angela/angela_boa_frontal.jpg,/home/anitadonato/tcc/tcc/data/known_faces/willa/20260602_212431.jpg,0.8079235315467593,0
/home/anitadonato/tcc/tcc/data/known_faces/bianca/WhatsApp Image 2026-06-04 at 22.53.15 (2).jpeg,/home/anitadonato/tcc/tcc/data/known_faces/Francisca/francisca_extra_09.jpg,0.9669255392621945,0
/home/anitadonato/tcc/tcc/data/known_faces/Francisca/francisca_baixa_frontal.jpg,/home/anitadonato/tcc/tcc/data/known_faces/Angela/angela_boa_45_esq.jpg,0.905607884612071,0
/home/anitadonato/tcc/tcc/data/known_faces/BIA/bia_moderada_frontal_30cm.jpeg,/home/anitadonato/tcc/tcc/data/known_faces/ALESSANDRA/alessandra_extra_01.jpeg,0.8337408412935972,0
/home/anitadonato/tcc/tcc/data/known_faces/ALESSANDRA/alessandra_extra_08.jpeg,/home/anitadonato/tcc/tcc/data/known_faces/julia/20260602_212740.jpg,0.8838572796693585,0
/home/anitadonato/tcc/tcc/data/known_faces/luan/20260602_212030.jpg,/home/anitadonato/tcc/tcc/data/known_faces/ALESSANDRA/alessandra_extra_08.jpeg,0.8197600422347784,0
/home/anitadonato/tcc/tcc/data/known_faces/julia/20260602_212732.jpg,/home/anitadonato/tcc/tcc/data/known_faces/bianca/WhatsApp Image 2026-06-04 at 22.53.13.jpeg,0.8317691272740376,0
/home/anitadonato/tcc/tcc/data/known_faces/willa/willa_baixa_frontal_30cm.jpg,/home/anitadonato/tcc/tcc/data/known_faces/ALESSANDRA/alessandra_moderada_45_30cm.jpeg,0.9025637691374909,0
/home/anitadonato/tcc/tcc/data/known_faces/Francisca/francisca_extra_01.jpg,/home/anitadonato/tcc/tcc/data/known_faces/luan/20260602_211809.jpg,0.9719828662182093,0
/home/anitadonato/tcc/tcc/data/known_faces/Angela/angela_baixa_45_esq.jpg,/home/anitadonato/tcc/tcc/data/known_faces/willa/willa_extra_04.jpg,0.7231675595384104,0
/home/anitadonato/tcc/tcc/data/known_faces/ALESSANDRA/alessandra_baixa_45_30cm.jpeg,/home/anitadonato/tcc/tcc/data/known_faces/Angela/angela_extra_13.jpg,0.8272247974017196,0
/home/anitadonato/tcc/tcc/data/known_faces/ALESSANDRA/alessandra_extra_06.jpeg,/home/anitadonato/tcc/tcc/data/known_faces/Abraão/abraao_boa_45_dir.jpg,0.8829229604474459,0
/home/anitadonato/tcc/tcc/data/known_faces/Angela/angela_extra_13.jpg,/home/anitadonato/tcc/tcc/data/known_faces/Francisca/francisca_extra_13.jpg,0.8312150497152254,0
/home/anitadonato/tcc/tcc/data/known_faces/Angela/angela_extra_13.jpg,/home/anitadonato/tcc/tcc/data/known_faces/julia/20260602_212712.jpg,0.8673611148319049,0
/home/anitadonato/tcc/tcc/data/known_faces/ALESSANDRA/alessandra_extra_02.jpeg,/home/anitadonato/tcc/tcc/data/known_faces/Abraão/abraao_extra_04.jpg,0.8638673960553092,0
/home/anitadonato/tcc/tcc/data/known_faces/JUNIOR/junior_baixa_frontal_1m.jpeg,/home/anitadonato/tcc/tcc/data/known_faces/bianca/WhatsApp Image 2026-06-04 at 22.53.19 (3).jpeg,0.888490607864496,0
/home/anitadonato/tcc/tcc/data/known_faces/bianca/WhatsApp Image 2026-06-04 at 22.53.13.jpeg,/home/anitadonato/tcc/tcc/data/known_faces/luan/20260602_211845.jpg,0.7967494646999274,0
/home/anitadonato/tcc/tcc/data/known_faces/julia/20260602_212628.jpg,/home/anitadonato/tcc/tcc/data/known_faces/Angela/angela_extra_03.jpg,0.8434742628776999,0
/home/anitadonato/tcc/tcc/data/known_faces/JUNIOR/junior_extra_06.jpeg,/home/anitadonato/tcc/tcc/data/known_faces/luan/20260602_212019.jpg,0.8966769645829339,0
/home/anitadonato/tcc/tcc/data/known_faces/BIA/bia_moderada_frontal_30cm.jpeg,/home/anitadonato/tcc/tcc/data/known_faces/willa/20260602_212431.jpg,0.8687645399356259,0
/home/anitadonato/tcc/tcc/data/known_faces/Abraão/abraao_baixa_frontal.jpg,/home/anitadonato/tcc/tcc/data/known_faces/luan/20260602_212016.jpg,0.8631913518676029,0
/home/anitadonato/tcc/tcc/data/known_faces/willa/willa_extra_06.jpg,/home/anitadonato/tcc/tcc/data/known_faces/Francisca/francisca_extra_15.jpg,0.8026002721854684,0
/home/anitadonato/tcc/tcc/data/known_faces/JUNIOR/junior_moderada_45_1m.jpeg,/home/anitadonato/tcc/tcc/data/known_faces/Francisca/francisca_extra_14.jpg,0.8957553224743793,0
/home/anitadonato/tcc/tcc/data/known_faces/willa/20260602_212513.jpg,/home/anitadonato/tcc/tcc/data/known_faces/JUNIOR/junior_moderada_frontal_30cm.jpeg,0.9357355160421186,0
/home/anitadonato/tcc/tcc/data/known_faces/willa/willa_extra_09.jpg,/home/anitadonato/tcc/tcc/data/known_faces/julia/20260602_212740.jpg,0.8291078176770905,0
/home/anitadonato/tcc/tcc/data/known_faces/julia/20260602_212635.jpg,/home/anitadonato/tcc/tcc/data/known_faces/Angela/angela_extra_04.jpg,0.8845791525577973,0
/home/anitadonato/tcc/tcc/data/known_faces/BIA/bia_baixa_frontal_30cm.jpeg,/home/anitadonato/tcc/tcc/data/known_faces/ALESSANDRA/alessandra_baixa_45_1m.jpeg,0.856924546193387,0
/home/anitadonato/tcc/tcc/data/known_faces/julia/20260602_212633.jpg,/home/anitadonato/tcc/tcc/data/known_faces/Abraão/abraao_extra_07.jpg,0.8349164842088324,0
/home/anitadonato/tcc/tcc/data/known_faces/bianca/WhatsApp Image 2026-06-04 at 22.53.15.jpeg,/home/anitadonato/tcc/tcc/data/known_faces/ALESSANDRA/alessandra_extra_04.jpeg,0.8917384332121158,0
/home/anitadonato/tcc/tcc/data/known_faces/luan/20260602_211805.jpg,/home/anitadonato/tcc/tcc/data/known_faces/BIA/bia_boa_frontal_1m..jpeg,0.8950172960087927,0
/home/anitadonato/tcc/tcc/data/known_faces/Francisca/francisca_baixa_45_esq.jpg,/home/anitadonato/tcc/tcc/data/known_faces/willa/willa_extra_02.jpg,0.7458788059075772,0
/home/anitadonato/tcc/tcc/data/known_faces/Francisca/francisca_extra_13.jpg,/home/anitadonato/tcc/tcc/data/known_faces/luan/20260602_211913.jpg,0.9890454057879942,0
/home/anitadonato/tcc/tcc/data/known_faces/ALESSANDRA/alessandra_extra_03.jpeg,/home/anitadonato/tcc/tcc/data/known_faces/Abraão/abraao_extra_04.jpg,0.8457060405378718,0
/home/anitadonato/tcc/tcc/data/known_faces/bianca/WhatsApp Image 2026-06-04 at 22.53.19 (5).jpeg,/home/anitadonato/tcc/tcc/data/known_faces/ALESSANDRA/alessandra_boa_45_30cm.jpeg,0.8523540281832707,0
/home/anitadonato/tcc/tcc/data/known_faces/BIA/bia_extra_03.jpeg,/home/anitadonato/tcc/tcc/data/known_faces/JUNIOR/junior_extra_08.jpeg,0.8565213479152679,0
/home/anitadonato/tcc/tcc/data/known_faces/julia/20260602_212629.jpg,/home/anitadonato/tcc/tcc/data/known_faces/ALESSANDRA/alessandra_extra_08.jpeg,0.9088136051021193,0
/home/anitadonato/tcc/tcc/data/known_faces/julia/20260602_212621.jpg,/home/anitadonato/tcc/tcc/data/known_faces/bianca/WhatsApp Image 2026-06-04 at 22.53.19 (5).jpeg,0.7683931844972,0
/home/anitadonato/tcc/tcc/data/known_faces/luan/20260602_212025.jpg,/home/anitadonato/tcc/tcc/data/known_faces/Francisca/francisca_extra_05.jpg,0.9749971500844344,0
/home/anitadonato/tcc/tcc/data/known_faces/luan/20260602_211805.jpg,/home/anitadonato/tcc/tcc/data/known_faces/willa/willa_baixa_45_30cm.jpg,0.7402608399553535,0
/home/anitadonato/tcc/tcc/data/known_faces/willa/willa_extra_04.jpg,/home/anitadonato/tcc/tcc/data/known_faces/JUNIOR/junior_baixa_frontal_1m.jpeg,0.9107885934620609,0
/home/anitadonato/tcc/tcc/data/known_faces/Angela/20260602_192040.jpg,/home/anitadonato/tcc/tcc/data/known_faces/Francisca/francisca_extra_05.jpg,0.882320207883343,0
/home/anitadonato/tcc/tcc/data/known_faces/bianca/WhatsApp Image 2026-06-04 at 22.53.19 (5).jpeg,/home/anitadonato/tcc/tcc/data/known_faces/luan/20260602_211823.jpg,0.6876510302171182,0
/home/anitadonato/tcc/tcc/data/known_faces/Abraão/abraao_extra_04.jpg,/home/anitadonato/tcc/tcc/data/known_faces/Francisca/francisca_baixa_45_dir.jpg,0.8749921722355218,0
/home/anitadonato/tcc/tcc/data/known_faces/Francisca/francisca_baixa_45_esq.jpg,/home/anitadonato/tcc/tcc/data/known_faces/bianca/WhatsApp Image 2026-06-04 at 22.53.17 (1).jpeg,0.9193689664066969,0
/home/anitadonato/tcc/tcc/data/known_faces/BIA/bia_extra_07.jpeg,/home/anitadonato/tcc/tcc/data/known_faces/JUNIOR/junior_extra_02.jpeg,0.847700749239379,0
/home/anitadonato/tcc/tcc/data/known_faces/BIA/bia_extra_02.jpeg,/home/anitadonato/tcc/tcc/data/known_faces/luan/20260602_211823.jpg,0.8081571178048146,0
/home/anitadonato/tcc/tcc/data/known_faces/Abraão/abraao_baixa_45_esq.jpg,/home/anitadonato/tcc/tcc/data/known_faces/JUNIOR/junior_boa_frontal_1m.jpeg,0.9724605537835308,0
/home/anitadonato/tcc/tcc/data/known_faces/Abraão/abraao_extra_10.jpg,/home/anitadonato/tcc/tcc/data/known_faces/julia/20260602_212618.jpg,0.7918145558685988,0
/home/anitadonato/tcc/tcc/data/known_faces/julia/20260602_212629.jpg,/home/anitadonato/tcc/tcc/data/known_faces/luan/20260602_211826.jpg,0.8207810299152198,0
/home/anitadonato/tcc/tcc/data/known_faces/JUNIOR/junior_moderada_45_1m.jpeg,/home/anitadonato/tcc/tcc/data/known_faces/julia/20260602_212704.jpg,0.9606638260265629,0
/home/anitadonato/tcc/tcc/data/known_faces/JUNIOR/junior_baixa_frontal_30cm.jpeg,/home/anitadonato/tcc/tcc/data/known_faces/Angela/angela_extra_11.jpg,0.8998462894914085,0
/home/anitadonato/tcc/tcc/data/known_faces/Angela/angela_baixa_45_esq.jpg,/home/anitadonato/tcc/tcc/data/known_faces/BIA/bia_extra_07.jpeg,0.8883207581781238,0
/home/anitadonato/tcc/tcc/data/known_faces/bianca/WhatsApp Image 2026-06-04 at 22.53.14 (1).jpeg,/home/anitadonato/tcc/tcc/data/known_faces/luan/20260602_211805.jpg,0.8285762093153136,0
/home/anitadonato/tcc/tcc/data/known_faces/Francisca/francisca_extra_15.jpg,/home/anitadonato/tcc/tcc/data/known_faces/ALESSANDRA/alessandra_baixa_frontal_1m.jpeg,0.9323223064775336,0
/home/anitadonato/tcc/tcc/data/known_faces/JUNIOR/junior_baixa_45_30cm.jpeg,/home/anitadonato/tcc/tcc/data/known_faces/julia/20260602_212628.jpg,0.9373113288574381,0
/home/anitadonato/tcc/tcc/data/known_faces/luan/20260602_211805.jpg,/home/anitadonato/tcc/tcc/data/known_faces/Francisca/francisca_extra_14.jpg,0.9874964132274405,0
/home/anitadonato/tcc/tcc/data/known_faces/Francisca/francisca_extra_05.jpg,/home/anitadonato/tcc/tcc/data/known_faces/BIA/bia_boa_frontal_1m..jpeg,0.9717411312478733,0
/home/anitadonato/tcc/tcc/data/known_faces/BIA/bia_extra_01.jpeg,/home/anitadonato/tcc/tcc/data/known_faces/Francisca/francisca_extra_13.jpg,0.9761527046558585,0
/home/anitadonato/tcc/tcc/data/known_faces/JUNIOR/junior_baixa_frontal_30cm.jpeg,/home/anitadonato/tcc/tcc/data/known_faces/julia/20260602_212654.jpg,0.9704597051619037,0
/home/anitadonato/tcc/tcc/data/known_faces/Angela/angela_extra_03.jpg,/home/anitadonato/tcc/tcc/data/known_faces/willa/20260602_212511.jpg,0.7339504358179814,0
/home/anitadonato/tcc/tcc/data/known_faces/ALESSANDRA/alessandra_moderada_45_1m.jpeg,/home/anitadonato/tcc/tcc/data/known_faces/luan/20260602_211814.jpg,0.8266242965653526,0
/home/anitadonato/tcc/tcc/data/known_faces/BIA/bia_extra_04.jpeg,/home/anitadonato/tcc/tcc/data/known_faces/luan/20260602_212022.jpg,0.8866049424126533,0
/home/anitadonato/tcc/tcc/data/known_faces/JUNIOR/junior_boa_45_1m.jpeg,/home/anitadonato/tcc/tcc/data/known_faces/Francisca/francisca_extra_04.jpg,0.9093870762782192,0
/home/anitadonato/tcc/tcc/data/known_faces/willa/20260602_212521.jpg,/home/anitadonato/tcc/tcc/data/known_faces/BIA/bia_baixa_frontal_1m.jpeg,0.9012891926625485,0
/home/anitadonato/tcc/tcc/data/known_faces/Francisca/francisca_extra_13.jpg,/home/anitadonato/tcc/tcc/data/known_faces/JUNIOR/junior_extra_07.jpeg,0.8866934809049587,0
/home/anitadonato/tcc/tcc/data/known_faces/ALESSANDRA/alessandra_baixa_45_1m.jpeg,/home/anitadonato/tcc/tcc/data/known_faces/Angela/angela_extra_10.jpg,0.8784591383666147,0
/home/anitadonato/tcc/tcc/data/known_faces/ALESSANDRA/alessandra_extra_05.jpeg,/home/anitadonato/tcc/tcc/data/known_faces/Abraão/abraao_baixa_45_esq.jpg,0.8356442827137824,0
/home/anitadonato/tcc/tcc/data/known_faces/Abraão/abraao_extra_06.jpg,/home/anitadonato/tcc/tcc/data/known_faces/bianca/WhatsApp Image 2026-06-04 at 22.53.14 (3).jpeg,0.8426312668801207,0
/home/anitadonato/tcc/tcc/data/known_faces/willa/willa_extra_04.jpg,/home/anitadonato/tcc/tcc/data/known_faces/julia/20260602_212704.jpg,0.8861874746211441,0
/home/anitadonato/tcc/tcc/data/known_faces/JUNIOR/junior_moderada_45_30cm.jpeg,/home/anitadonato/tcc/tcc/data/known_faces/BIA/bia_baixa_frontal_1m.jpeg,0.9051637747476986,0
/home/anitadonato/tcc/tcc/data/known_faces/julia/20260602_212625.jpg,/home/anitadonato/tcc/tcc/data/known_faces/Angela/angela_extra_09.jpg,0.8692877242211683,0
/home/anitadonato/tcc/tcc/data/known_faces/Abraão/abraao_extra_03.jpg,/home/anitadonato/tcc/tcc/data/known_faces/julia/20260602_212732.jpg,0.7231899268994776,0
/home/anitadonato/tcc/tcc/data/known_faces/julia/20260602_212635.jpg,/home/anitadonato/tcc/tcc/data/known_faces/BIA/bia_boa_45_1m..jpeg,0.8964102729018506,0
/home/anitadonato/tcc/tcc/data/known_faces/willa/willa_extra_04.jpg,/home/anitadonato/tcc/tcc/data/known_faces/Francisca/francisca_extra_07.jpg,0.8131165099585977,0
/home/anitadonato/tcc/tcc/data/known_faces/Angela/angela_extra_05.jpg,/home/anitadonato/tcc/tcc/data/known_faces/JUNIOR/junior_extra_07.jpeg,0.9321090544440414,0
/home/anitadonato/tcc/tcc/data/known_faces/julia/20260602_212625.jpg,/home/anitadonato/tcc/tcc/data/known_faces/ALESSANDRA/alessandra_extra_08.jpeg,0.9151434898171599,0
/home/anitadonato/tcc/tcc/data/known_faces/Abraão/abraao_extra_09.jpg,/home/anitadonato/tcc/tcc/data/known_faces/JUNIOR/junior_extra_07.jpeg,0.9346371882089346,0
/home/anitadonato/tcc/tcc/data/known_faces/Angela/angela_extra_06.jpg,/home/anitadonato/tcc/tcc/data/known_faces/Francisca/francisca_extra_15.jpg,0.9033802574921709,0
/home/anitadonato/tcc/tcc/data/known_faces/willa/willa_extra_09.jpg,/home/anitadonato/tcc/tcc/data/known_faces/Angela/angela_boa_45_dir.jpg,0.7073963473693887,0
/home/anitadonato/tcc/tcc/data/known_faces/bianca/WhatsApp Image 2026-06-04 at 22.53.15.jpeg,/home/anitadonato/tcc/tcc/data/known_faces/Abraão/abraao_baixa_frontal.jpg,0.7026379525171855,0
/home/anitadonato/tcc/tcc/data/known_faces/Francisca/francisca_extra_09.jpg,/home/anitadonato/tcc/tcc/data/known_faces/luan/20260602_211920.jpg,0.9609575824857144,0
/home/anitadonato/tcc/tcc/data/known_faces/willa/willa_baixa_frontal_30cm.jpg,/home/anitadonato/tcc/tcc/data/known_faces/bianca/WhatsApp Image 2026-06-04 at 22.53.18 (3).jpeg,0.8799634291535668,0
/home/anitadonato/tcc/tcc/data/known_faces/BIA/bia_boa_45_30cm.jpeg,/home/anitadonato/tcc/tcc/data/known_faces/luan/20260602_212016.jpg,0.914009181399087,0
/home/anitadonato/tcc/tcc/data/known_faces/bianca/WhatsApp Image 2026-06-04 at 22.53.15.jpeg,/home/anitadonato/tcc/tcc/data/known_faces/Abraão/abraao_boa_frontal.jpg,0.7099977046298394,0
/home/anitadonato/tcc/tcc/data/known_faces/willa/willa_extra_06.jpg,/home/anitadonato/tcc/tcc/data/known_faces/bianca/WhatsApp Image 2026-06-04 at 22.53.18 (2).jpeg,0.9396342593400434,0
/home/anitadonato/tcc/tcc/data/known_faces/Abraão/abraao_baixo_45_esq.jpg,/home/anitadonato/tcc/tcc/data/known_faces/julia/julia_boa_frontal.jpg,0.7344042985528061,0
/home/anitadonato/tcc/tcc/data/known_faces/willa/willa_extra_03.jpg,/home/anitadonato/tcc/tcc/data/known_faces/julia/julia_boa_45_esq.jpg,0.925625685820139,0
/home/anitadonato/tcc/tcc/data/known_faces/bianca/WhatsApp Image 2026-06-04 at 22.53.18 (3).jpeg,/home/anitadonato/tcc/tcc/data/known_faces/Abraão/abraao_baixo_45_esq.jpg,0.8034858458158873,0
/home/anitadonato/tcc/tcc/data/known_faces/willa/willa_extra_03.jpg,/home/anitadonato/tcc/tcc/data/known_faces/bianca/WhatsApp Image 2026-06-04 at 22.53.17 (1).jpeg,0.8037740238413738,0
/home/anitadonato/tcc/tcc/data/known_faces/ALESSANDRA/alessandra_boa_frontal_1m..jpeg,/home/anitadonato/tcc/tcc/data/known_faces/Abraão/abraao_boa_45_.jpg,0.8879572553674626,0
/home/anitadonato/tcc/tcc/data/known_faces/willa/20260602_212513.jpg,/home/anitadonato/tcc/tcc/data/known_faces/ALESSANDRA/alessandra_boa_45_1m..jpeg,0.9023280471009419,0
/home/anitadonato/tcc/tcc/data/known_faces/julia/20260602_212704.jpg,/home/anitadonato/tcc/tcc/data/known_faces/luan/20260602_211920.jpg,0.7490580704940503,0
/home/anitadonato/tcc/tcc/data/known_faces/willa/willa_baixa_45_30cm.jpg,/home/anitadonato/tcc/tcc/data/known_faces/julia/20260602_212633.jpg,0.9197030479004338,0
/home/anitadonato/tcc/tcc/data/known_faces/bianca/WhatsApp Image 2026-06-04 at 22.53.13.jpeg,/home/anitadonato/tcc/tcc/data/known_faces/JUNIOR/junior_moderada_frontal_1m.jpeg,0.9221518667108499,0
/home/anitadonato/tcc/tcc/data/known_faces/ALESSANDRA/alessandra_extra_05.jpeg,/home/anitadonato/tcc/tcc/data/known_faces/luan/20260602_211820.jpg,0.7713854247957423,0
/home/anitadonato/tcc/tcc/data/known_faces/Francisca/francisca_extra_06.jpg,/home/anitadonato/tcc/tcc/data/known_faces/ALESSANDRA/alessandra_moderada_45_30cm.jpeg,0.9077430827393239,0
/home/anitadonato/tcc/tcc/data/known_faces/ALESSANDRA/alessandra_moderada_45_30cm.jpeg,/home/anitadonato/tcc/tcc/data/known_faces/willa/willa_extra_04.jpg,0.8557331849304181,0
/home/anitadonato/tcc/tcc/data/known_faces/Abraão/abraao_baixa_45_dir.jpg,/home/anitadonato/tcc/tcc/data/known_faces/Francisca/francisca_extra_02.jpg,0.8513664657802594,0
/home/anitadonato/tcc/tcc/data/known_faces/bianca/WhatsApp Image 2026-06-04 at 22.53.18 (4).jpeg,/home/anitadonato/tcc/tcc/data/known_faces/willa/willa_extra_03.jpg,0.8828769684188894,0
/home/anitadonato/tcc/tcc/data/known_faces/bianca/WhatsApp Image 2026-06-04 at 22.53.16 (2).jpeg,/home/anitadonato/tcc/tcc/data/known_faces/willa/willa_extra_06.jpg,0.8561991910945298,0
/home/anitadonato/tcc/tcc/data/known_faces/luan/20260602_212035.jpg,/home/anitadonato/tcc/tcc/data/known_faces/BIA/bia_boa_45_30cm.jpeg,0.9017952436064582,0
/home/anitadonato/tcc/tcc/data/known_faces/julia/20260602_212633.jpg,/home/anitadonato/tcc/tcc/data/known_faces/Angela/angela_extra_12.jpg,0.8267219422771956,0
/home/anitadonato/tcc/tcc/data/known_faces/bianca/WhatsApp Image 2026-06-04 at 22.53.19 (5).jpeg,/home/anitadonato/tcc/tcc/data/known_faces/JUNIOR/junior_extra_06.jpeg,0.9327501805350366,0
/home/anitadonato/tcc/tcc/data/known_faces/Angela/angela_boa_45_esq.jpg,/home/anitadonato/tcc/tcc/data/known_faces/Francisca/francisca_boa_45_esq.jpg,0.8562310541532805,0
/home/anitadonato/tcc/tcc/data/known_faces/ALESSANDRA/alessandra_baixa_45_1m.jpeg,/home/anitadonato/tcc/tcc/data/known_faces/Abraão/abraao_boa_45_.jpg,0.9237914902058132,0
/home/anitadonato/tcc/tcc/data/known_faces/julia/20260602_212629.jpg,/home/anitadonato/tcc/tcc/data/known_faces/bianca/WhatsApp Image 2026-06-04 at 22.53.13.jpeg,0.9033261590282983,0
/home/anitadonato/tcc/tcc/data/known_faces/Angela/angela_extra_09.jpg,/home/anitadonato/tcc/tcc/data/known_faces/bianca/WhatsApp Image 2026-06-04 at 22.53.19.jpeg,0.8513225460583613,0
/home/anitadonato/tcc/tcc/data/known_faces/willa/20260602_212521.jpg,/home/anitadonato/tcc/tcc/data/known_faces/bianca/WhatsApp Image 2026-06-04 at 22.53.16.jpeg,0.9142437241256532,0
/home/anitadonato/tcc/tcc/data/known_faces/luan/20260602_212022.jpg,/home/anitadonato/tcc/tcc/data/known_faces/bianca/WhatsApp Image 2026-06-04 at 22.53.19 (5).jpeg,0.7726420934498831,0
/home/anitadonato/tcc/tcc/data/known_faces/julia/20260602_212712.jpg,/home/anitadonato/tcc/tcc/data/known_faces/bianca/WhatsApp Image 2026-06-04 at 22.53.14.jpeg,0.9162902073942801,0
/home/anitadonato/tcc/tcc/data/known_faces/Angela/20260602_192040.jpg,/home/anitadonato/tcc/tcc/data/known_faces/bianca/WhatsApp Image 2026-06-04 at 22.53.18 (2).jpeg,0.876327370182849,0
/home/anitadonato/tcc/tcc/data/known_faces/julia/julia_boa_45_esq(1).jpg,/home/anitadonato/tcc/tcc/data/known_faces/BIA/bia_extra_01.jpeg,0.9204829463448447,0
/home/anitadonato/tcc/tcc/data/known_faces/bianca/WhatsApp Image 2026-06-04 at 22.53.18 (2).jpeg,/home/anitadonato/tcc/tcc/data/known_faces/luan/20260602_211917.jpg,0.7598599210955597,0
/home/anitadonato/tcc/tcc/data/known_faces/JUNIOR/junior_moderada_frontal_1m.jpeg,/home/anitadonato/tcc/tcc/data/known_faces/Abraão/abraao_extra_09.jpg,0.9419009925692802,0
/home/anitadonato/tcc/tcc/data/known_faces/Abraão/abraao_extra_10.jpg,/home/anitadonato/tcc/tcc/data/known_faces/Angela/angela_extra_03.jpg,0.8281757729312998,0
/home/anitadonato/tcc/tcc/data/known_faces/julia/20260602_212625.jpg,/home/anitadonato/tcc/tcc/data/known_faces/luan/20260602_212019.jpg,0.9116554352544701,0
/home/anitadonato/tcc/tcc/data/known_faces/willa/willa_baixa_frontal_30cm.jpg,/home/anitadonato/tcc/tcc/data/known_faces/Abraão/abraao_extra_09.jpg,0.8401720130568787,0
/home/anitadonato/tcc/tcc/data/known_faces/Abraão/abraao_extra_03.jpg,/home/anitadonato/tcc/tcc/data/known_faces/luan/20260602_212030.jpg,0.8483022198391766,0
/home/anitadonato/tcc/tcc/data/known_faces/ALESSANDRA/alessandra_moderada_45_30cm.jpeg,/home/anitadonato/tcc/tcc/data/known_faces/JUNIOR/junior_baixa_45_1m.jpeg,0.9305030488903676,0
/home/anitadonato/tcc/tcc/data/known_faces/julia/julia_boa_45_esq(1).jpg,/home/anitadonato/tcc/tcc/data/known_faces/willa/willa_extra_08.jpg,0.9454751336155034,0
/home/anitadonato/tcc/tcc/data/known_faces/willa/willa_extra_06.jpg,/home/anitadonato/tcc/tcc/data/known_faces/JUNIOR/junior_extra_04.jpeg,0.8819047898822511,0
/home/anitadonato/tcc/tcc/data/known_faces/Francisca/francisca_boa_frontal.jpg,/home/anitadonato/tcc/tcc/data/known_faces/willa/20260602_212431.jpg,0.9095714884309172,0
/home/anitadonato/tcc/tcc/data/known_faces/willa/willa_moderada_frontal_30cm.jpg,/home/anitadonato/tcc/tcc/data/known_faces/Francisca/francisca_extra_03.jpg,0.8432063857721133,0
/home/anitadonato/tcc/tcc/data/known_faces/willa/willa_extra_02.jpg,/home/anitadonato/tcc/tcc/data/known_faces/ALESSANDRA/alessandra_moderada_frontal_30cm.jpeg,0.9518933489746211,0
/home/anitadonato/tcc/tcc/data/known_faces/ALESSANDRA/alessandra_extra_08.jpeg,/home/anitadonato/tcc/tcc/data/known_faces/Francisca/francisca_baixa_45_esq.jpg,0.902170860783773,0
/home/anitadonato/tcc/tcc/data/known_faces/Angela/angela_baixa_frontal.jpg,/home/anitadonato/tcc/tcc/data/known_faces/luan/20260602_211837.jpg,0.8821675619178537,0
/home/anitadonato/tcc/tcc/data/known_faces/Francisca/francisca_extra_15.jpg,/home/anitadonato/tcc/tcc/data/known_faces/Angela/angela_extra_03.jpg,0.9010846638780317,0
/home/anitadonato/tcc/tcc/data/known_faces/Francisca/Francisca_boa_45_dir.jpg,/home/anitadonato/tcc/tcc/data/known_faces/willa/20260602_212511.jpg,0.9187050544526876,0
/home/anitadonato/tcc/tcc/data/known_faces/willa/willa_moderada_frontal_30cm.jpg,/home/anitadonato/tcc/tcc/data/known_faces/Angela/angela_boa_45_esq.jpg,0.6795749922331988,0
/home/anitadonato/tcc/tcc/data/known_faces/julia/20260602_212631.jpg,/home/anitadonato/tcc/tcc/data/known_faces/JUNIOR/junior_extra_01.jpeg,0.9155847404110046,0
/home/anitadonato/tcc/tcc/data/known_faces/BIA/bia_boa_45_30cm.jpeg,/home/anitadonato/tcc/tcc/data/known_faces/julia/julia_boa_45_esq(1).jpg,0.8706406176605394,0
/home/anitadonato/tcc/tcc/data/known_faces/willa/willa_extra_08.jpg,/home/anitadonato/tcc/tcc/data/known_faces/Angela/angela_extra_08.jpg,0.6623889698263634,0
/home/anitadonato/tcc/tcc/data/known_faces/bianca/WhatsApp Image 2026-06-04 at 22.53.18.jpeg,/home/anitadonato/tcc/tcc/data/known_faces/BIA/bia_extra_07.jpeg,0.633446628382203,0
/home/anitadonato/tcc/tcc/data/known_faces/Angela/angela_extra_13.jpg,/home/anitadonato/tcc/tcc/data/known_faces/BIA/bia_extra_04.jpeg,0.9284556853590236,0
/home/anitadonato/tcc/tcc/data/known_faces/ALESSANDRA/alessandra_baixa_frontal_30cm.jpeg,/home/anitadonato/tcc/tcc/data/known_faces/Francisca/francisca_baixa_45_dir.jpg,0.9529452786503247,0
/home/anitadonato/tcc/tcc/data/known_faces/Angela/angela_extra_07.jpg,/home/anitadonato/tcc/tcc/data/known_faces/julia/20260602_212740.jpg,0.7986015455323228,0
/home/anitadonato/tcc/tcc/data/known_faces/Francisca/francisca_extra_13.jpg,/home/anitadonato/tcc/tcc/data/known_faces/julia/20260602_212635.jpg,0.9496411729137474,0
/home/anitadonato/tcc/tcc/data/known_faces/bianca/WhatsApp Image 2026-06-04 at 22.53.17 (1).jpeg,/home/anitadonato/tcc/tcc/data/known_faces/willa/willa_boa_45_30cm.jpg,0.9156864176403403,0
/home/anitadonato/tcc/tcc/data/known_faces/Angela/angela_extra_08.jpg,/home/anitadonato/tcc/tcc/data/known_faces/luan/20260602_211805.jpg,0.885774474024858,0
/home/anitadonato/tcc/tcc/data/known_faces/Francisca/francisca_extra_07.jpg,/home/anitadonato/tcc/tcc/data/known_faces/julia/20260602_212709.jpg,0.8107126389387554,0
/home/anitadonato/tcc/tcc/data/known_faces/luan/20260602_211814.jpg,/home/anitadonato/tcc/tcc/data/known_faces/ALESSANDRA/alessandra_moderada_45_30cm.jpeg,0.8262010331163494,0
/home/anitadonato/tcc/tcc/data/known_faces/JUNIOR/junior_moderada_frontal_30cm.jpeg,/home/anitadonato/tcc/tcc/data/known_faces/bianca/WhatsApp Image 2026-06-04 at 22.53.18 (4).jpeg,0.896211569406108,0
/home/anitadonato/tcc/tcc/data/known_faces/Francisca/francisca_extra_03.jpg,/home/anitadonato/tcc/tcc/data/known_faces/JUNIOR/junior_extra_01.jpeg,0.9473530638481752,0
/home/anitadonato/tcc/tcc/data/known_faces/Abraão/abraao_extra_06.jpg,/home/anitadonato/tcc/tcc/data/known_faces/Francisca/francisca_extra_09.jpg,0.910381953618115,0
/home/anitadonato/tcc/tcc/data/known_faces/BIA/bia_moderada_45_1m.jpeg,/home/anitadonato/tcc/tcc/data/known_faces/willa/willa_extra_03.jpg,0.918475416539133,0
/home/anitadonato/tcc/tcc/data/known_faces/Angela/angela_extra_12.jpg,/home/anitadonato/tcc/tcc/data/known_faces/JUNIOR/junior_baixa_45_1m.jpeg,0.8656911034297676,0
/home/anitadonato/tcc/tcc/data/known_faces/ALESSANDRA/alessandra_baixa_45_1m.jpeg,/home/anitadonato/tcc/tcc/data/known_faces/Abraão/abraao_extra_07.jpg,0.8949329283077339,0
/home/anitadonato/tcc/tcc/data/known_faces/Abraão/abraao_baixo_45_esq.jpg,/home/anitadonato/tcc/tcc/data/known_faces/luan/20260602_212035.jpg,0.7366306924626633,0
/home/anitadonato/tcc/tcc/data/known_faces/julia/20260602_212635.jpg,/home/anitadonato/tcc/tcc/data/known_faces/JUNIOR/junior_extra_02.jpeg,0.936748198320147,0
/home/anitadonato/tcc/tcc/data/known_faces/Francisca/francisca_baixa_45_dir.jpg,/home/anitadonato/tcc/tcc/data/known_faces/BIA/bia_baixa_45_1m.jpeg,0.8947108073048202,0
/home/anitadonato/tcc/tcc/data/known_faces/willa/20260602_212431.jpg,/home/anitadonato/tcc/tcc/data/known_faces/Abraão/abraao_boa_frontal.jpg,0.7249589481765568,0
/home/anitadonato/tcc/tcc/data/known_faces/willa/20260602_212511.jpg,/home/anitadonato/tcc/tcc/data/known_faces/Abraão/abraao_baixa_frontal.jpg,0.8485198264871641,0
/home/anitadonato/tcc/tcc/data/known_faces/willa/willa_extra_05.jpg,/home/anitadonato/tcc/tcc/data/known_faces/Angela/angela_extra_13.jpg,0.7764546295796315,0
/home/anitadonato/tcc/tcc/data/known_faces/Angela/angela_boa_frontal.jpg,/home/anitadonato/tcc/tcc/data/known_faces/Abraão/abraao_extra_02.jpg,0.8636520571838311,0
/home/anitadonato/tcc/tcc/data/known_faces/Francisca/francisca_baixa_45_esq.jpg,/home/anitadonato/tcc/tcc/data/known_faces/julia/20260602_212732.jpg,0.9119496231175052,0
/home/anitadonato/tcc/tcc/data/known_faces/Francisca/francisca_extra_05.jpg,/home/anitadonato/tcc/tcc/data/known_faces/bianca/WhatsApp Image 2026-06-04 at 22.53.15 (1).jpeg,0.9399217048719442,0
/home/anitadonato/tcc/tcc/data/known_faces/Angela/angela_extra_03.jpg,/home/anitadonato/tcc/tcc/data/known_faces/Abraão/abraao_baixa_45_esq.jpg,0.8268132693834298,0
/home/anitadonato/tcc/tcc/data/known_faces/bianca/WhatsApp Image 2026-06-04 at 22.53.15.jpeg,/home/anitadonato/tcc/tcc/data/known_faces/willa/20260602_212431.jpg,0.7964952637538634,0
/home/anitadonato/tcc/tcc/data/known_faces/Francisca/francisca_boa_frontal.jpg,/home/anitadonato/tcc/tcc/data/known_faces/willa/willa_extra_07.jpg,0.9288761036924377,0
/home/anitadonato/tcc/tcc/data/known_faces/Abraão/abraao_boa_frontal.jpg,/home/anitadonato/tcc/tcc/data/known_faces/julia/20260602_212724.jpg,0.7880135336328439,0
/home/anitadonato/tcc/tcc/data/known_faces/Angela/angela_boa_45_dir.jpg,/home/anitadonato/tcc/tcc/data/known_faces/julia/20260602_212629.jpg,0.8279252425247549,0
/home/anitadonato/tcc/tcc/data/known_faces/luan/20260602_211826.jpg,/home/anitadonato/tcc/tcc/data/known_faces/bianca/WhatsApp Image 2026-06-04 at 22.53.18 (3).jpeg,0.6886068611814136,0
/home/anitadonato/tcc/tcc/data/known_faces/Abraão/abraao_extra_02.jpg,/home/anitadonato/tcc/tcc/data/known_faces/julia/20260602_212628.jpg,0.772957355254493,0
/home/anitadonato/tcc/tcc/data/known_faces/ALESSANDRA/alessandra_baixa_frontal_1m.jpeg,/home/anitadonato/tcc/tcc/data/known_faces/Abraão/abraao_extra_02.jpg,0.7799126767443045,0
/home/anitadonato/tcc/tcc/data/known_faces/julia/20260602_212740.jpg,/home/anitadonato/tcc/tcc/data/known_faces/ALESSANDRA/alessandra_boa_45_1m..jpeg,0.8750299546464251,0
/home/anitadonato/tcc/tcc/data/known_faces/ALESSANDRA/alessandra_extra_05.jpeg,/home/anitadonato/tcc/tcc/data/known_faces/willa/willa_boa_45_30cm.jpg,0.9530352695584998,0
/home/anitadonato/tcc/tcc/data/known_faces/Angela/angela_extra_07.jpg,/home/anitadonato/tcc/tcc/data/known_faces/JUNIOR/junior_moderada_frontal_1m.jpeg,0.9545460005450022,0
/home/anitadonato/tcc/tcc/data/known_faces/ALESSANDRA/alessandra_extra_08.jpeg,/home/anitadonato/tcc/tcc/data/known_faces/luan/20260602_212016.jpg,0.9385377805586513,0
/home/anitadonato/tcc/tcc/data/known_faces/luan/20260602_211805.jpg,/home/anitadonato/tcc/tcc/data/known_faces/BIA/bia_extra_05.jpeg,0.891582339832663,0
/home/anitadonato/tcc/tcc/data/known_faces/julia/julia_boa_frontal.jpg,/home/anitadonato/tcc/tcc/data/known_faces/Abraão/abraao_extra_05.jpg,0.8272480802990017,0
/home/anitadonato/tcc/tcc/data/known_faces/JUNIOR/junior_extra_05.jpeg,/home/anitadonato/tcc/tcc/data/known_faces/Francisca/francisca_baixa_45_dir.jpg,0.918275749523375,0
/home/anitadonato/tcc/tcc/data/known_faces/Abraão/abraao_extra_04.jpg,/home/anitadonato/tcc/tcc/data/known_faces/JUNIOR/junior_baixa_frontal_1m.jpeg,0.9584810631344923,0
/home/anitadonato/tcc/tcc/data/known_faces/luan/20260602_211920.jpg,/home/anitadonato/tcc/tcc/data/known_faces/ALESSANDRA/alessandra_boa_frontal_1m..jpeg,0.9303494599501516,0
/home/anitadonato/tcc/tcc/data/known_faces/Francisca/francisca_baixa_frontal.jpg,/home/anitadonato/tcc/tcc/data/known_faces/bianca/WhatsApp Image 2026-06-04 at 22.53.18 (4).jpeg,0.9644415330640447,0
/home/anitadonato/tcc/tcc/data/known_faces/JUNIOR/junior_baixa_frontal_1m.jpeg,/home/anitadonato/tcc/tcc/data/known_faces/julia/20260602_212732.jpg,0.9726585856765363,0
/home/anitadonato/tcc/tcc/data/known_faces/BIA/bia_baixa_45_30cm.jpeg,/home/anitadonato/tcc/tcc/data/known_faces/Angela/angela_extra_01.jpg,0.8527294684058409,0
/home/anitadonato/tcc/tcc/data/known_faces/Abraão/abraao_extra_03.jpg,/home/anitadonato/tcc/tcc/data/known_faces/luan/20260602_212016.jpg,0.8624854814292542,0
/home/anitadonato/tcc/tcc/data/known_faces/luan/20260602_211805.jpg,/home/anitadonato/tcc/tcc/data/known_faces/julia/20260602_212621.jpg,0.9110493939935977,0
/home/anitadonato/tcc/tcc/data/known_faces/JUNIOR/junior_extra_03.jpeg,/home/anitadonato/tcc/tcc/data/known_faces/ALESSANDRA/alessandra_baixa_45_30cm.jpeg,0.8433957037141672,0
/home/anitadonato/tcc/tcc/data/known_faces/bianca/WhatsApp Image 2026-06-04 at 22.53.14 (4).jpeg,/home/anitadonato/tcc/tcc/data/known_faces/Abraão/abraao_extra_10.jpg,0.7427286505008626,0
/home/anitadonato/tcc/tcc/data/known_faces/julia/20260602_212629.jpg,/home/anitadonato/tcc/tcc/data/known_faces/luan/20260602_212025.jpg,0.8711100101203996,0
/home/anitadonato/tcc/tcc/data/known_faces/BIA/bia_baixa_45_30cm.jpeg,/home/anitadonato/tcc/tcc/data/known_faces/Abraão/abraao_boa_45_.jpg,0.981450998857827,0
/home/anitadonato/tcc/tcc/data/known_faces/julia/20260602_212740.jpg,/home/anitadonato/tcc/tcc/data/known_faces/ALESSANDRA/alessandra_moderada_frontal_30cm.jpeg,0.9319846039355244,0
/home/anitadonato/tcc/tcc/data/known_faces/Angela/angela_extra_04.jpg,/home/anitadonato/tcc/tcc/data/known_faces/ALESSANDRA/alessandra_baixa_frontal_30cm.jpeg,0.7827752637158459,0
/home/anitadonato/tcc/tcc/data/known_faces/julia/julia_boa_frontal.jpg,/home/anitadonato/tcc/tcc/data/known_faces/Angela/angela_baixa_frontal.jpg,0.8512297192512771,0
/home/anitadonato/tcc/tcc/data/known_faces/Abraão/abraao_extra_09.jpg,/home/anitadonato/tcc/tcc/data/known_faces/willa/willa_baixa_frontal_30cm.jpg,0.8401720130568787,0
/home/anitadonato/tcc/tcc/data/known_faces/Abraão/abraao_extra_07.jpg,/home/anitadonato/tcc/tcc/data/known_faces/BIA/bia_extra_03.jpeg,0.8055192174754479,0
/home/anitadonato/tcc/tcc/data/known_faces/luan/20260602_211913.jpg,/home/anitadonato/tcc/tcc/data/known_faces/Angela/angela_extra_01.jpg,0.8966119441906126,0
/home/anitadonato/tcc/tcc/data/known_faces/ALESSANDRA/alessandra_extra_03.jpeg,/home/anitadonato/tcc/tcc/data/known_faces/Angela/angela_baixa_frontal.jpg,0.808338913754747,0
/home/anitadonato/tcc/tcc/data/known_faces/Abraão/abraao_boa_45_.jpg,/home/anitadonato/tcc/tcc/data/known_faces/Francisca/francisca_extra_08.jpg,0.8898656717586289,0
/home/anitadonato/tcc/tcc/data/known_faces/Angela/angela_extra_12.jpg,/home/anitadonato/tcc/tcc/data/known_faces/JUNIOR/junior_boa_45_30cm.jpeg,0.8663798622788915,0
/home/anitadonato/tcc/tcc/data/known_faces/julia/julia_boa_frontal.jpg,/home/anitadonato/tcc/tcc/data/known_faces/BIA/bia_baixa_45_30cm.jpeg,0.9564570109328511,0
/home/anitadonato/tcc/tcc/data/known_faces/Angela/angela_extra_07.jpg,/home/anitadonato/tcc/tcc/data/known_faces/Abraão/abraao_boa_45_dir.jpg,0.8124246864746376,0
/home/anitadonato/tcc/tcc/data/known_faces/ALESSANDRA/alessandra_baixa_frontal_1m.jpeg,/home/anitadonato/tcc/tcc/data/known_faces/julia/20260602_212618.jpg,0.9177755444055516,0
/home/anitadonato/tcc/tcc/data/known_faces/ALESSANDRA/alessandra_baixa_frontal_1m.jpeg,/home/anitadonato/tcc/tcc/data/known_faces/Angela/angela_extra_13.jpg,0.8301842116777087,0
/home/anitadonato/tcc/tcc/data/known_faces/Francisca/francisca_extra_10.jpg,/home/anitadonato/tcc/tcc/data/known_faces/bianca/WhatsApp Image 2026-06-04 at 22.53.19 (1).jpeg,0.9732799472229631,0
/home/anitadonato/tcc/tcc/data/known_faces/luan/20260602_211923.jpg,/home/anitadonato/tcc/tcc/data/known_faces/julia/20260602_212635.jpg,0.8130140661456241,0
/home/anitadonato/tcc/tcc/data/known_faces/Angela/angela_boa_frontal.jpg,/home/anitadonato/tcc/tcc/data/known_faces/ALESSANDRA/alessandra_extra_08.jpeg,0.7692022022771392,0
/home/anitadonato/tcc/tcc/data/known_faces/willa/willa_extra_02.jpg,/home/anitadonato/tcc/tcc/data/known_faces/Abraão/abraao_extra_05.jpg,0.7564458531999486,0
/home/anitadonato/tcc/tcc/data/known_faces/bianca/WhatsApp Image 2026-06-04 at 22.53.18 (1).jpeg,/home/anitadonato/tcc/tcc/data/known_faces/ALESSANDRA/alessandra_boa_frontal_30cm..jpeg,0.7672930724532645,0
/home/anitadonato/tcc/tcc/data/known_faces/BIA/bia_moderada_45_1m.jpeg,/home/anitadonato/tcc/tcc/data/known_faces/Abraão/abraao_baixo_45_esq.jpg,0.9262950525540452,0
/home/anitadonato/tcc/tcc/data/known_faces/willa/willa_moderada_45_30cm.jpg,/home/anitadonato/tcc/tcc/data/known_faces/JUNIOR/junior_moderada_45_1m.jpeg,0.9447455346317618,0
/home/anitadonato/tcc/tcc/data/known_faces/BIA/bia_boa_frontal_1m..jpeg,/home/anitadonato/tcc/tcc/data/known_faces/julia/20260602_212654.jpg,0.9175223516136332,0
/home/anitadonato/tcc/tcc/data/known_faces/ALESSANDRA/alessandra_baixa_frontal_30cm.jpeg,/home/anitadonato/tcc/tcc/data/known_faces/BIA/bia_boa_45_1m..jpeg,0.8816055476610659,0
/home/anitadonato/tcc/tcc/data/known_faces/julia/20260602_212631.jpg,/home/anitadonato/tcc/tcc/data/known_faces/willa/20260602_212521.jpg,0.9130852899361102,0
/home/anitadonato/tcc/tcc/data/known_faces/ALESSANDRA/alessandra_extra_04.jpeg,/home/anitadonato/tcc/tcc/data/known_faces/willa/willa_extra_02.jpg,0.8874010933040809,0
/home/anitadonato/tcc/tcc/data/known_faces/BIA/bia_extra_01.jpeg,/home/anitadonato/tcc/tcc/data/known_faces/bianca/WhatsApp Image 2026-06-04 at 22.53.15.jpeg,0.7954749709331121,0
/home/anitadonato/tcc/tcc/data/known_faces/willa/20260602_212431.jpg,/home/anitadonato/tcc/tcc/data/known_faces/julia/20260602_212628.jpg,0.8515781394061618,0
/home/anitadonato/tcc/tcc/data/known_faces/ALESSANDRA/alessandra_boa_45_30cm.jpeg,/home/anitadonato/tcc/tcc/data/known_faces/luan/20260602_211823.jpg,0.8336246963327177,0
/home/anitadonato/tcc/tcc/data/known_faces/ALESSANDRA/alessandra_moderada_45_1m.jpeg,/home/anitadonato/tcc/tcc/data/known_faces/julia/20260602_212628.jpg,0.8924252895933867,0
/home/anitadonato/tcc/tcc/data/known_faces/Abraão/abraao_extra_08.jpg,/home/anitadonato/tcc/tcc/data/known_faces/BIA/bia_moderada_frontal_1m.jpeg,0.8832455072390061,0
/home/anitadonato/tcc/tcc/data/known_faces/willa/willa_extra_06.jpg,/home/anitadonato/tcc/tcc/data/known_faces/JUNIOR/junior_boa_frontal_1m.jpeg,0.8434599454719433,0
/home/anitadonato/tcc/tcc/data/known_faces/JUNIOR/junior_baixa_frontal_30cm.jpeg,/home/anitadonato/tcc/tcc/data/known_faces/BIA/bia_extra_03.jpeg,0.870783574274022,0
/home/anitadonato/tcc/tcc/data/known_faces/BIA/bia_boa_frontal_30cm..jpeg,/home/anitadonato/tcc/tcc/data/known_faces/Abraão/abraao_extra_07.jpg,0.8386600045927564,0
/home/anitadonato/tcc/tcc/data/known_faces/BIA/bia_boa_frontal_30cm..jpeg,/home/anitadonato/tcc/tcc/data/known_faces/bianca/WhatsApp Image 2026-06-04 at 22.53.13.jpeg,0.8125395650998587,0
/home/anitadonato/tcc/tcc/data/known_faces/julia/20260602_212621.jpg,/home/anitadonato/tcc/tcc/data/known_faces/willa/willa_extra_06.jpg,0.9037141629751956,0
/home/anitadonato/tcc/tcc/data/known_faces/Angela/angela_extra_09.jpg,/home/anitadonato/tcc/tcc/data/known_faces/BIA/bia_boa_45_30cm.jpeg,0.8802192579094427,0
/home/anitadonato/tcc/tcc/data/known_faces/bianca/WhatsApp Image 2026-06-04 at 22.53.14 (2).jpeg,/home/anitadonato/tcc/tcc/data/known_faces/JUNIOR/junior_extra_07.jpeg,0.7616146287645996,0
/home/anitadonato/tcc/tcc/data/known_faces/BIA/bia_extra_01.jpeg,/home/anitadonato/tcc/tcc/data/known_faces/JUNIOR/junior_boa_frontal_1m.jpeg,0.8948517258232015,0
/home/anitadonato/tcc/tcc/data/known_faces/JUNIOR/junior_baixa_45_30cm.jpeg,/home/anitadonato/tcc/tcc/data/known_faces/Angela/angela_extra_13.jpg,0.8565746055225962,0
/home/anitadonato/tcc/tcc/data/known_faces/ALESSANDRA/alessandra_boa_45_1m..jpeg,/home/anitadonato/tcc/tcc/data/known_faces/Francisca/francisca_baixa_frontal.jpg,0.9535620980749867,0
/home/anitadonato/tcc/tcc/data/known_faces/julia/20260602_212726.jpg,/home/anitadonato/tcc/tcc/data/known_faces/willa/20260602_212521.jpg,0.7621999679689351,0
/home/anitadonato/tcc/tcc/data/known_faces/JUNIOR/junior_extra_02.jpeg,/home/anitadonato/tcc/tcc/data/known_faces/BIA/bia_moderada_frontal_30cm.jpeg,0.8208294555409581,0
/home/anitadonato/tcc/tcc/data/known_faces/Angela/angela_extra_13.jpg,/home/anitadonato/tcc/tcc/data/known_faces/willa/willa_moderada_45_30cm.jpg,0.8796366875468431,0
/home/anitadonato/tcc/tcc/data/known_faces/BIA/bia_extra_06.jpeg,/home/anitadonato/tcc/tcc/data/known_faces/Abraão/abraao_extra_10.jpg,0.8467928484102591,0
/home/anitadonato/tcc/tcc/data/known_faces/julia/julia_boa_frontal.jpg,/home/anitadonato/tcc/tcc/data/known_faces/BIA/bia_extra_08.jpeg,0.9118801360263973,0
/home/anitadonato/tcc/tcc/data/known_faces/BIA/bia_extra_03.jpeg,/home/anitadonato/tcc/tcc/data/known_faces/willa/willa_extra_06.jpg,0.8808308009986601,0
/home/anitadonato/tcc/tcc/data/known_faces/willa/willa_moderada_frontal_30cm.jpg,/home/anitadonato/tcc/tcc/data/known_faces/BIA/bia_boa_45_1m..jpeg,0.8894003789315301,0
/home/anitadonato/tcc/tcc/data/known_faces/willa/willa_extra_06.jpg,/home/anitadonato/tcc/tcc/data/known_faces/ALESSANDRA/alessandra_baixa_45_30cm.jpeg,0.9101632918793481,0
/home/anitadonato/tcc/tcc/data/known_faces/ALESSANDRA/alessandra_moderada_45_1m.jpeg,/home/anitadonato/tcc/tcc/data/known_faces/julia/20260602_212621.jpg,0.8837932787452739,0
/home/anitadonato/tcc/tcc/data/known_faces/bianca/WhatsApp Image 2026-06-04 at 22.53.16 (2).jpeg,/home/anitadonato/tcc/tcc/data/known_faces/luan/20260602_212016.jpg,0.8371663899757904,0
/home/anitadonato/tcc/tcc/data/known_faces/Abraão/abraao_extra_09.jpg,/home/anitadonato/tcc/tcc/data/known_faces/julia/20260602_212635.jpg,0.8571484719773358,0
/home/anitadonato/tcc/tcc/data/known_faces/Abraão/abraao_baixa_45_dir.jpg,/home/anitadonato/tcc/tcc/data/known_faces/luan/20260602_211923.jpg,0.8990402607557497,0
/home/anitadonato/tcc/tcc/data/known_faces/BIA/bia_extra_04.jpeg,/home/anitadonato/tcc/tcc/data/known_faces/Angela/angela_extra_04.jpg,0.8514424627689616,0
/home/anitadonato/tcc/tcc/data/known_faces/BIA/bia_baixa_45_1m.jpeg,/home/anitadonato/tcc/tcc/data/known_faces/Abraão/abraao_extra_09.jpg,0.957431381476148,0
/home/anitadonato/tcc/tcc/data/known_faces/Francisca/francisca_extra_09.jpg,/home/anitadonato/tcc/tcc/data/known_faces/Angela/angela_extra_13.jpg,0.7856391685725478,0
/home/anitadonato/tcc/tcc/data/known_faces/willa/willa_extra_07.jpg,/home/anitadonato/tcc/tcc/data/known_faces/ALESSANDRA/alessandra_extra_07.jpeg,0.8779604465785484,0
/home/anitadonato/tcc/tcc/data/known_faces/Angela/angela_boa_frontal.jpg,/home/anitadonato/tcc/tcc/data/known_faces/bianca/WhatsApp Image 2026-06-04 at 22.53.19 (4).jpeg,0.9460772921046725,0
/home/anitadonato/tcc/tcc/data/known_faces/JUNIOR/junior_baixa_45_1m.jpeg,/home/anitadonato/tcc/tcc/data/known_faces/julia/20260602_212625.jpg,0.9503905417078049,0
/home/anitadonato/tcc/tcc/data/known_faces/bianca/WhatsApp Image 2026-06-04 at 22.53.17.jpeg,/home/anitadonato/tcc/tcc/data/known_faces/JUNIOR/junior_baixa_45_30cm.jpeg,0.8861627633200798,0
/home/anitadonato/tcc/tcc/data/known_faces/Francisca/francisca_extra_03.jpg,/home/anitadonato/tcc/tcc/data/known_faces/bianca/WhatsApp Image 2026-06-04 at 22.53.19 (1).jpeg,0.9495430971687674,0
/home/anitadonato/tcc/tcc/data/known_faces/willa/willa_moderada_frontal_30cm.jpg,/home/anitadonato/tcc/tcc/data/known_faces/luan/20260602_211826.jpg,0.7828146382513785,0
/home/anitadonato/tcc/tcc/data/known_faces/Abraão/abraao_baixa_45_esq.jpg,/home/anitadonato/tcc/tcc/data/known_faces/JUNIOR/junior_moderada_45_1m.jpeg,0.9762394814077754,0
/home/anitadonato/tcc/tcc/data/known_faces/JUNIOR/junior_baixa_frontal_30cm.jpeg,/home/anitadonato/tcc/tcc/data/known_faces/ALESSANDRA/alessandra_extra_05.jpeg,0.9241064579035054,0
/home/anitadonato/tcc/tcc/data/known_faces/JUNIOR/junior_moderada_frontal_30cm.jpeg,/home/anitadonato/tcc/tcc/data/known_faces/julia/20260602_212621.jpg,0.9323325208394335,0
/home/anitadonato/tcc/tcc/data/known_faces/JUNIOR/junior_boa_45_30cm.jpeg,/home/anitadonato/tcc/tcc/data/known_faces/willa/willa_moderada_45_30cm.jpg,0.9457572367823359,0
/home/anitadonato/tcc/tcc/data/known_faces/Abraão/abraao_boa_frontal.jpg,/home/anitadonato/tcc/tcc/data/known_faces/luan/20260602_211820.jpg,0.8207572768179154,0
/home/anitadonato/tcc/tcc/data/known_faces/JUNIOR/junior_moderada_45_30cm.jpeg,/home/anitadonato/tcc/tcc/data/known_faces/BIA/bia_baixa_frontal_30cm.jpeg,0.8752781914446353,0
/home/anitadonato/tcc/tcc/data/known_faces/julia/20260602_212635.jpg,/home/anitadonato/tcc/tcc/data/known_faces/BIA/bia_extra_03.jpeg,0.9166715511866441,0
/home/anitadonato/tcc/tcc/data/known_faces/JUNIOR/junior_moderada_45_1m.jpeg,/home/anitadonato/tcc/tcc/data/known_faces/Francisca/francisca_extra_08.jpg,0.9042186405018923,0
/home/anitadonato/tcc/tcc/data/known_faces/Francisca/francisca_baixa_45_esq.jpg,/home/anitadonato/tcc/tcc/data/known_faces/ALESSANDRA/alessandra_extra_04.jpeg,0.9092078756406841,0
/home/anitadonato/tcc/tcc/data/known_faces/JUNIOR/junior_extra_08.jpeg,/home/anitadonato/tcc/tcc/data/known_faces/julia/julia_boa_45_esq(1).jpg,0.939926832144996,0
/home/anitadonato/tcc/tcc/data/known_faces/luan/20260602_212016.jpg,/home/anitadonato/tcc/tcc/data/known_faces/Abraão/abraao_extra_03.jpg,0.8624854814292542,0
/home/anitadonato/tcc/tcc/data/known_faces/julia/20260602_212625.jpg,/home/anitadonato/tcc/tcc/data/known_faces/JUNIOR/junior_boa_frontal_1m.jpeg,0.957484301201124,0
/home/anitadonato/tcc/tcc/data/known_faces/julia/20260602_212625.jpg,/home/anitadonato/tcc/tcc/data/known_faces/Abraão/abraao_extra_06.jpg,0.7785772424815101,0
/home/anitadonato/tcc/tcc/data/known_faces/Angela/angela_baixa_frontal.jpg,/home/anitadonato/tcc/tcc/data/known_faces/Francisca/francisca_baixa_frontal.jpg,0.8886398664956863,0
/home/anitadonato/tcc/tcc/data/known_faces/Angela/angela_boa_45_dir.jpg,/home/anitadonato/tcc/tcc/data/known_faces/Francisca/francisca_boa_45_esq.jpg,0.8425895336653648,0
/home/anitadonato/tcc/tcc/data/known_faces/julia/20260602_212633.jpg,/home/anitadonato/tcc/tcc/data/known_faces/Angela/angela_extra_11.jpg,0.8328278083802103,0
/home/anitadonato/tcc/tcc/data/known_faces/ALESSANDRA/alessandra_extra_06.jpeg,/home/anitadonato/tcc/tcc/data/known_faces/Francisca/francisca_extra_13.jpg,0.9138219545595716,0
/home/anitadonato/tcc/tcc/data/known_faces/Angela/angela_extra_06.jpg,/home/anitadonato/tcc/tcc/data/known_faces/julia/20260602_212726.jpg,0.8265455199072912,0
/home/anitadonato/tcc/tcc/data/known_faces/Abraão/abraao_extra_01.jpg,/home/anitadonato/tcc/tcc/data/known_faces/ALESSANDRA/alessandra_moderada_45_1m.jpeg,0.7380697811393957,0
/home/anitadonato/tcc/tcc/data/known_faces/JUNIOR/junior_moderada_frontal_1m.jpeg,/home/anitadonato/tcc/tcc/data/known_faces/bianca/WhatsApp Image 2026-06-04 at 22.53.15.jpeg,0.9411611918641463,0
/home/anitadonato/tcc/tcc/data/known_faces/JUNIOR/junior_moderada_frontal_1m.jpeg,/home/anitadonato/tcc/tcc/data/known_faces/julia/julia_boa_45_esq(1).jpg,0.9693347711598551,0
/home/anitadonato/tcc/tcc/data/known_faces/luan/20260602_212013.jpg,/home/anitadonato/tcc/tcc/data/known_faces/julia/20260602_212704.jpg,0.753207995067469,0
/home/anitadonato/tcc/tcc/data/known_faces/willa/willa_extra_02.jpg,/home/anitadonato/tcc/tcc/data/known_faces/Angela/angela_boa_frontal.jpg,0.7921917450401517,0
/home/anitadonato/tcc/tcc/data/known_faces/Francisca/francisca_extra_10.jpg,/home/anitadonato/tcc/tcc/data/known_faces/BIA/bia_extra_04.jpeg,0.9614592879283037,0
/home/anitadonato/tcc/tcc/data/known_faces/Francisca/francisca_boa_45_esq.jpg,/home/anitadonato/tcc/tcc/data/known_faces/ALESSANDRA/alessandra_extra_04.jpeg,0.9325322978722306,0
/home/anitadonato/tcc/tcc/data/known_faces/Francisca/francisca_boa_frontal.jpg,/home/anitadonato/tcc/tcc/data/known_faces/julia/20260602_212631.jpg,0.9146554371791824,0
/home/anitadonato/tcc/tcc/data/known_faces/luan/20260602_211823.jpg,/home/anitadonato/tcc/tcc/data/known_faces/Francisca/francisca_boa_frontal.jpg,0.9713450297323162,0
/home/anitadonato/tcc/tcc/data/known_faces/Angela/angela_extra_02.jpg,/home/anitadonato/tcc/tcc/data/known_faces/willa/20260602_212511.jpg,0.7391677296068189,0
/home/anitadonato/tcc/tcc/data/known_faces/ALESSANDRA/alessandra_moderada_frontal_1m.jpeg,/home/anitadonato/tcc/tcc/data/known_faces/JUNIOR/junior_boa_45_1m.jpeg,0.9286519704374899,0
/home/anitadonato/tcc/tcc/data/known_faces/BIA/bia_baixa_45_30cm.jpeg,/home/anitadonato/tcc/tcc/data/known_faces/luan/20260602_212035.jpg,0.9286178004532429,0
/home/anitadonato/tcc/tcc/data/known_faces/JUNIOR/junior_boa_45_1m.jpeg,/home/anitadonato/tcc/tcc/data/known_faces/willa/willa_extra_04.jpg,0.9486243575738698,0
/home/anitadonato/tcc/tcc/data/known_faces/julia/20260602_212631.jpg,/home/anitadonato/tcc/tcc/data/known_faces/luan/20260602_212022.jpg,0.8225013010989268,0
/home/anitadonato/tcc/tcc/data/known_faces/Francisca/Francisca_boa_45_dir.jpg,/home/anitadonato/tcc/tcc/data/known_faces/Abraão/abraao_extra_06.jpg,0.8798312298397003,0
/home/anitadonato/tcc/tcc/data/known_faces/julia/20260602_212732.jpg,/home/anitadonato/tcc/tcc/data/known_faces/Angela/angela_extra_05.jpg,0.8986346038907199,0
/home/anitadonato/tcc/tcc/data/known_faces/Angela/angela_extra_12.jpg,/home/anitadonato/tcc/tcc/data/known_faces/ALESSANDRA/alessandra_moderada_45_1m.jpeg,0.7995047322527344,0
/home/anitadonato/tcc/tcc/data/known_faces/JUNIOR/junior_extra_08.jpeg,/home/anitadonato/tcc/tcc/data/known_faces/Francisca/francisca_extra_04.jpg,0.9347855444719684,0
/home/anitadonato/tcc/tcc/data/known_faces/willa/willa_moderada_frontal_30cm.jpg,/home/anitadonato/tcc/tcc/data/known_faces/Angela/angela_extra_09.jpg,0.7136740503460073,0
/home/anitadonato/tcc/tcc/data/known_faces/JUNIOR/junior_extra_08.jpeg,/home/anitadonato/tcc/tcc/data/known_faces/Abraão/abraao_baixa_45_esq.jpg,0.9416300608413067,0
/home/anitadonato/tcc/tcc/data/known_faces/Angela/angela_boa_45_dir.jpg,/home/anitadonato/tcc/tcc/data/known_faces/luan/20260602_211845.jpg,0.9034807336149627,0
/home/anitadonato/tcc/tcc/data/known_faces/ALESSANDRA/alessandra_moderada_frontal_30cm.jpeg,/home/anitadonato/tcc/tcc/data/known_faces/bianca/WhatsApp Image 2026-06-04 at 22.53.19 (5).jpeg,0.842339615463459,0
/home/anitadonato/tcc/tcc/data/known_faces/BIA/bia_extra_04.jpeg,/home/anitadonato/tcc/tcc/data/known_faces/julia/20260602_212625.jpg,0.9357002783033588,0
/home/anitadonato/tcc/tcc/data/known_faces/JUNIOR/junior_moderada_frontal_30cm.jpeg,/home/anitadonato/tcc/tcc/data/known_faces/ALESSANDRA/alessandra_boa_frontal_1m..jpeg,0.9112463296521415,0
/home/anitadonato/tcc/tcc/data/known_faces/willa/willa_baixa_frontal_30cm.jpg,/home/anitadonato/tcc/tcc/data/known_faces/luan/20260602_211837.jpg,0.7656628875609364,0
/home/anitadonato/tcc/tcc/data/known_faces/BIA/bia_baixa_frontal_1m.jpeg,/home/anitadonato/tcc/tcc/data/known_faces/ALESSANDRA/alessandra_moderada_45_30cm.jpeg,0.9101144383364211,0
/home/anitadonato/tcc/tcc/data/known_faces/julia/julia_boa_45_esq(1).jpg,/home/anitadonato/tcc/tcc/data/known_faces/Abraão/abraao_extra_06.jpg,0.7696203046929195,0
/home/anitadonato/tcc/tcc/data/known_faces/BIA/bia_extra_03.jpeg,/home/anitadonato/tcc/tcc/data/known_faces/julia/julia_boa_45_esq(1).jpg,0.9187896228437424,0
/home/anitadonato/tcc/tcc/data/known_faces/ALESSANDRA/alessandra_extra_05.jpeg,/home/anitadonato/tcc/tcc/data/known_faces/JUNIOR/junior_boa_45_1m.jpeg,0.9340402104110129,0
/home/anitadonato/tcc/tcc/data/known_faces/bianca/WhatsApp Image 2026-06-04 at 22.53.16 (2).jpeg,/home/anitadonato/tcc/tcc/data/known_faces/JUNIOR/junior_extra_04.jpeg,0.9384833220971759,0
/home/anitadonato/tcc/tcc/data/known_faces/ALESSANDRA/alessandra_extra_04.jpeg,/home/anitadonato/tcc/tcc/data/known_faces/Francisca/francisca_extra_06.jpg,0.9101023567324901,0
/home/anitadonato/tcc/tcc/data/known_faces/Francisca/francisca_extra_13.jpg,/home/anitadonato/tcc/tcc/data/known_faces/julia/20260602_212625.jpg,0.9070091549347211,0
/home/anitadonato/tcc/tcc/data/known_faces/BIA/bia_extra_06.jpeg,/home/anitadonato/tcc/tcc/data/known_faces/julia/20260602_212732.jpg,0.8931492131244647,0
/home/anitadonato/tcc/tcc/data/known_faces/Francisca/francisca_extra_08.jpg,/home/anitadonato/tcc/tcc/data/known_faces/Angela/angela_extra_08.jpg,0.8186663348655108,0
/home/anitadonato/tcc/tcc/data/known_faces/Angela/angela_boa_45_esq.jpg,/home/anitadonato/tcc/tcc/data/known_faces/Abraão/abraao_boa_frontal.jpg,0.9448809727653346,0
/home/anitadonato/tcc/tcc/data/known_faces/Abraão/abraao_baixa_frontal.jpg,/home/anitadonato/tcc/tcc/data/known_faces/bianca/WhatsApp Image 2026-06-04 at 22.53.13 (1).jpeg,0.815214276564235,0
/home/anitadonato/tcc/tcc/data/known_faces/bianca/WhatsApp Image 2026-06-04 at 22.53.16 (3).jpeg,/home/anitadonato/tcc/tcc/data/known_faces/Francisca/francisca_boa_frontal.jpg,0.9839622166248194,0
/home/anitadonato/tcc/tcc/data/known_faces/luan/20260602_212025.jpg,/home/anitadonato/tcc/tcc/data/known_faces/julia/20260602_212629.jpg,0.8711100101203996,0
/home/anitadonato/tcc/tcc/data/known_faces/luan/20260602_211809.jpg,/home/anitadonato/tcc/tcc/data/known_faces/julia/20260602_212704.jpg,0.7262034340220189,0
/home/anitadonato/tcc/tcc/data/known_faces/willa/willa_extra_08.jpg,/home/anitadonato/tcc/tcc/data/known_faces/Francisca/francisca_extra_13.jpg,0.8886452198664467,0
/home/anitadonato/tcc/tcc/data/known_faces/julia/20260602_212618.jpg,/home/anitadonato/tcc/tcc/data/known_faces/BIA/bia_baixa_45_1m.jpeg,0.9382279035608614,0
/home/anitadonato/tcc/tcc/data/known_faces/Angela/angela_extra_04.jpg,/home/anitadonato/tcc/tcc/data/known_faces/Francisca/francisca_extra_10.jpg,0.8312050417163976,0
/home/anitadonato/tcc/tcc/data/known_faces/Abraão/abraao_extra_07.jpg,/home/anitadonato/tcc/tcc/data/known_faces/Francisca/francisca_boa_frontal.jpg,0.9452251462395964,0
/home/anitadonato/tcc/tcc/data/known_faces/julia/20260602_212618.jpg,/home/anitadonato/tcc/tcc/data/known_faces/BIA/bia_baixa_frontal_30cm.jpeg,0.8900711350453705,0
/home/anitadonato/tcc/tcc/data/known_faces/Francisca/francisca_baixa_45_esq.jpg,/home/anitadonato/tcc/tcc/data/known_faces/julia/20260602_212712.jpg,0.8426809396014248,0
/home/anitadonato/tcc/tcc/data/known_faces/willa/willa_moderada_frontal_30cm.jpg,/home/anitadonato/tcc/tcc/data/known_faces/julia/20260602_212726.jpg,0.8443235234226296,0
/home/anitadonato/tcc/tcc/data/known_faces/Francisca/francisca_baixa_frontal.jpg,/home/anitadonato/tcc/tcc/data/known_faces/julia/20260602_212712.jpg,0.8766571225659955,0
/home/anitadonato/tcc/tcc/data/known_faces/luan/20260602_211837.jpg,/home/anitadonato/tcc/tcc/data/known_faces/ALESSANDRA/alessandra_boa_45_30cm.jpeg,0.8356978701668067,0
/home/anitadonato/tcc/tcc/data/known_faces/willa/20260602_212513.jpg,/home/anitadonato/tcc/tcc/data/known_faces/ALESSANDRA/alessandra_extra_03.jpeg,0.9083873566181324,0
/home/anitadonato/tcc/tcc/data/known_faces/julia/20260602_212712.jpg,/home/anitadonato/tcc/tcc/data/known_faces/Angela/angela_boa_frontal.jpg,0.8618465547913137,0
/home/anitadonato/tcc/tcc/data/known_faces/ALESSANDRA/alessandra_extra_04.jpeg,/home/anitadonato/tcc/tcc/data/known_faces/Francisca/francisca_extra_08.jpg,0.9020204798489043,0
/home/anitadonato/tcc/tcc/data/known_faces/JUNIOR/junior_extra_02.jpeg,/home/anitadonato/tcc/tcc/data/known_faces/ALESSANDRA/alessandra_extra_02.jpeg,0.6922179891522628,0
/home/anitadonato/tcc/tcc/data/known_faces/luan/20260602_212019.jpg,/home/anitadonato/tcc/tcc/data/known_faces/Abraão/abraao_boa_frontal.jpg,0.9530840047466431,0
/home/anitadonato/tcc/tcc/data/known_faces/Angela/angela_boa_frontal.jpg,/home/anitadonato/tcc/tcc/data/known_faces/Abraão/abraao_extra_04.jpg,0.9374521881087928,0
/home/anitadonato/tcc/tcc/data/known_faces/JUNIOR/junior_extra_01.jpeg,/home/anitadonato/tcc/tcc/data/known_faces/Francisca/francisca_extra_06.jpg,0.9550523096750688,0
/home/anitadonato/tcc/tcc/data/known_faces/Abraão/abraao_extra_05.jpg,/home/anitadonato/tcc/tcc/data/known_faces/luan/20260602_211820.jpg,0.6369615235303121,0
/home/anitadonato/tcc/tcc/data/known_faces/ALESSANDRA/alessandra_moderada_45_1m.jpeg,/home/anitadonato/tcc/tcc/data/known_faces/Angela/angela_extra_04.jpg,0.7928861440439929,0
/home/anitadonato/tcc/tcc/data/known_faces/JUNIOR/junior_extra_06.jpeg,/home/anitadonato/tcc/tcc/data/known_faces/julia/20260602_212709.jpg,0.9575513046324267,0
/home/anitadonato/tcc/tcc/data/known_faces/Angela/angela_extra_01.jpg,/home/anitadonato/tcc/tcc/data/known_faces/Abraão/abraao_boa_45_.jpg,0.9179694094022616,0
/home/anitadonato/tcc/tcc/data/known_faces/willa/willa_moderada_45_30cm.jpg,/home/anitadonato/tcc/tcc/data/known_faces/luan/20260602_212022.jpg,0.8236962980082051,0
/home/anitadonato/tcc/tcc/data/known_faces/Abraão/abraao_extra_08.jpg,/home/anitadonato/tcc/tcc/data/known_faces/bianca/WhatsApp Image 2026-06-04 at 22.53.13.jpeg,0.8005638476687031,0
/home/anitadonato/tcc/tcc/data/known_faces/Abraão/abraao_baixa_45_dir.jpg,/home/anitadonato/tcc/tcc/data/known_faces/Angela/angela_extra_10.jpg,0.7607517596600478,0
/home/anitadonato/tcc/tcc/data/known_faces/JUNIOR/junior_extra_04.jpeg,/home/anitadonato/tcc/tcc/data/known_faces/Francisca/francisca_boa_45_esq.jpg,0.8341349233794401,0
/home/anitadonato/tcc/tcc/data/known_faces/julia/20260602_212709.jpg,/home/anitadonato/tcc/tcc/data/known_faces/luan/20260602_211823.jpg,0.8912560375971221,0
/home/anitadonato/tcc/tcc/data/known_faces/Francisca/francisca_baixa_frontal.jpg,/home/anitadonato/tcc/tcc/data/known_faces/ALESSANDRA/alessandra_boa_frontal_30cm..jpeg,0.9507247088812563,0
/home/anitadonato/tcc/tcc/data/known_faces/Angela/angela_extra_02.jpg,/home/anitadonato/tcc/tcc/data/known_faces/willa/willa_extra_02.jpg,0.7454363147057317,0
/home/anitadonato/tcc/tcc/data/known_faces/Angela/angela_boa_45_esq.jpg,/home/anitadonato/tcc/tcc/data/known_faces/BIA/bia_baixa_frontal_1m.jpeg,0.899950402018302,0
/home/anitadonato/tcc/tcc/data/known_faces/bianca/WhatsApp Image 2026-06-04 at 22.53.13.jpeg,/home/anitadonato/tcc/tcc/data/known_faces/Abraão/abraao_baixa_45_dir.jpg,0.7961722220452312,0
/home/anitadonato/tcc/tcc/data/known_faces/Abraão/abraao_extra_10.jpg,/home/anitadonato/tcc/tcc/data/known_faces/ALESSANDRA/alessandra_moderada_frontal_1m.jpeg,0.8803709787049929,0
/home/anitadonato/tcc/tcc/data/known_faces/ALESSANDRA/alessandra_baixa_frontal_30cm.jpeg,/home/anitadonato/tcc/tcc/data/known_faces/julia/20260602_212654.jpg,0.8839402867652164,0
/home/anitadonato/tcc/tcc/data/known_faces/ALESSANDRA/alessandra_extra_02.jpeg,/home/anitadonato/tcc/tcc/data/known_faces/Abraão/abraao_baixa_45_dir.jpg,0.7752129768934439,0
/home/anitadonato/tcc/tcc/data/known_faces/Abraão/abraao_boa_frontal.jpg,/home/anitadonato/tcc/tcc/data/known_faces/willa/willa_moderada_frontal_30cm.jpg,0.8871259045384614,0
/home/anitadonato/tcc/tcc/data/known_faces/BIA/bia_extra_04.jpeg,/home/anitadonato/tcc/tcc/data/known_faces/Angela/20260602_192040.jpg,0.8979369858379833,0
/home/anitadonato/tcc/tcc/data/known_faces/Abraão/abraao_extra_02.jpg,/home/anitadonato/tcc/tcc/data/known_faces/Angela/angela_extra_13.jpg,0.8524979271150016,0
/home/anitadonato/tcc/tcc/data/known_faces/JUNIOR/junior_boa_45_30cm.jpeg,/home/anitadonato/tcc/tcc/data/known_faces/willa/willa_extra_09.jpg,0.94859891019825,0
/home/anitadonato/tcc/tcc/data/known_faces/willa/willa_extra_09.jpg,/home/anitadonato/tcc/tcc/data/known_faces/BIA/bia_moderada_frontal_1m.jpeg,0.8978329099252472,0
/home/anitadonato/tcc/tcc/data/known_faces/Abraão/abraao_baixa_45_dir.jpg,/home/anitadonato/tcc/tcc/data/known_faces/willa/willa_extra_09.jpg,0.7764580592943323,0
/home/anitadonato/tcc/tcc/data/known_faces/BIA/bia_extra_02.jpeg,/home/anitadonato/tcc/tcc/data/known_faces/willa/20260602_212521.jpg,0.8463005134491599,0
/home/anitadonato/tcc/tcc/data/known_faces/luan/20260602_211814.jpg,/home/anitadonato/tcc/tcc/data/known_faces/ALESSANDRA/alessandra_boa_frontal_1m..jpeg,0.8242650732044353,0
/home/anitadonato/tcc/tcc/data/known_faces/luan/20260602_211917.jpg,/home/anitadonato/tcc/tcc/data/known_faces/julia/julia_boa_frontal.jpg,0.8967413676767777,0
/home/anitadonato/tcc/tcc/data/known_faces/Angela/angela_boa_45_dir.jpg,/home/anitadonato/tcc/tcc/data/known_faces/julia/20260602_212631.jpg,0.83472131471919,0
/home/anitadonato/tcc/tcc/data/known_faces/JUNIOR/junior_extra_06.jpeg,/home/anitadonato/tcc/tcc/data/known_faces/bianca/WhatsApp Image 2026-06-04 at 22.53.14 (4).jpeg,0.9058434437592329,0
/home/anitadonato/tcc/tcc/data/known_faces/luan/20260602_211923.jpg,/home/anitadonato/tcc/tcc/data/known_faces/BIA/bia_baixa_frontal_30cm.jpeg,0.8459547343010367,0
/home/anitadonato/tcc/tcc/data/known_faces/luan/20260602_212016.jpg,/home/anitadonato/tcc/tcc/data/known_faces/Angela/angela_extra_06.jpg,0.9255142177023286,0
/home/anitadonato/tcc/tcc/data/known_faces/Francisca/francisca_baixa_45_dir.jpg,/home/anitadonato/tcc/tcc/data/known_faces/luan/20260602_211812.jpg,0.9272359065739141,0
/home/anitadonato/tcc/tcc/data/known_faces/JUNIOR/junior_baixa_frontal_30cm.jpeg,/home/anitadonato/tcc/tcc/data/known_faces/julia/20260602_212724.jpg,0.9594551164266306,0
/home/anitadonato/tcc/tcc/data/known_faces/Francisca/francisca_extra_15.jpg,/home/anitadonato/tcc/tcc/data/known_faces/julia/20260602_212704.jpg,0.9251462837849487,0
/home/anitadonato/tcc/tcc/data/known_faces/julia/julia_boa_45_esq.jpg,/home/anitadonato/tcc/tcc/data/known_faces/BIA/bia_extra_06.jpeg,0.9360404533415828,0
/home/anitadonato/tcc/tcc/data/known_faces/Abraão/abraao_extra_05.jpg,/home/anitadonato/tcc/tcc/data/known_faces/julia/20260602_212631.jpg,0.8074003903645466,0
/home/anitadonato/tcc/tcc/data/known_faces/ALESSANDRA/alessandra_baixa_frontal_30cm.jpeg,/home/anitadonato/tcc/tcc/data/known_faces/julia/20260602_212724.jpg,0.8807287976730017,0
/home/anitadonato/tcc/tcc/data/known_faces/julia/20260602_212625.jpg,/home/anitadonato/tcc/tcc/data/known_faces/luan/20260602_211814.jpg,0.8903381478192783,0
/home/anitadonato/tcc/tcc/data/known_faces/Angela/angela_extra_07.jpg,/home/anitadonato/tcc/tcc/data/known_faces/bianca/WhatsApp Image 2026-06-04 at 22.53.19 (1).jpeg,0.8505005008405412,0
/home/anitadonato/tcc/tcc/data/known_faces/willa/20260602_212521.jpg,/home/anitadonato/tcc/tcc/data/known_faces/Abraão/abraao_baixa_frontal.jpg,0.8484769659659015,0
/home/anitadonato/tcc/tcc/data/known_faces/JUNIOR/junior_extra_03.jpeg,/home/anitadonato/tcc/tcc/data/known_faces/BIA/bia_boa_frontal_1m..jpeg,0.8697493996139685,0
/home/anitadonato/tcc/tcc/data/known_faces/willa/20260602_212511.jpg,/home/anitadonato/tcc/tcc/data/known_faces/bianca/WhatsApp Image 2026-06-04 at 22.53.14.jpeg,0.8987204662546318,0
/home/anitadonato/tcc/tcc/data/known_faces/bianca/WhatsApp Image 2026-06-04 at 22.53.15 (1).jpeg,/home/anitadonato/tcc/tcc/data/known_faces/julia/julia_boa_frontal.jpg,0.9221139402404587,0
/home/anitadonato/tcc/tcc/data/known_faces/willa/willa_extra_05.jpg,/home/anitadonato/tcc/tcc/data/known_faces/Francisca/francisca_extra_06.jpg,0.8348187137814487,0
/home/anitadonato/tcc/tcc/data/known_faces/julia/20260602_212740.jpg,/home/anitadonato/tcc/tcc/data/known_faces/bianca/WhatsApp Image 2026-06-04 at 22.53.17.jpeg,0.8879944429572323,0
/home/anitadonato/tcc/tcc/data/known_faces/Francisca/francisca_extra_09.jpg,/home/anitadonato/tcc/tcc/data/known_faces/Angela/angela_boa_45_dir.jpg,0.7517533192945051,0
/home/anitadonato/tcc/tcc/data/known_faces/Abraão/abraao_extra_09.jpg,/home/anitadonato/tcc/tcc/data/known_faces/Francisca/francisca_extra_10.jpg,0.9240684537487465,0
/home/anitadonato/tcc/tcc/data/known_faces/BIA/bia_baixa_45_1m.jpeg,/home/anitadonato/tcc/tcc/data/known_faces/Angela/angela_boa_45_dir.jpg,0.8606009282635628,0
/home/anitadonato/tcc/tcc/data/known_faces/ALESSANDRA/alessandra_extra_08.jpeg,/home/anitadonato/tcc/tcc/data/known_faces/Abraão/abraao_baixa_45_dir.jpg,0.7999282312313188,0
/home/anitadonato/tcc/tcc/data/known_faces/Angela/angela_extra_05.jpg,/home/anitadonato/tcc/tcc/data/known_faces/bianca/WhatsApp Image 2026-06-04 at 22.53.14 (2).jpeg,0.937556786389193,0
/home/anitadonato/tcc/tcc/data/known_faces/Francisca/francisca_baixa_45_esq.jpg,/home/anitadonato/tcc/tcc/data/known_faces/Abraão/abraao_extra_10.jpg,0.8683897284525371,0
/home/anitadonato/tcc/tcc/data/known_faces/julia/julia_boa_45_esq(1).jpg,/home/anitadonato/tcc/tcc/data/known_faces/willa/willa_boa_45_30cm.jpg,0.9251119974645686,0
/home/anitadonato/tcc/tcc/data/known_faces/luan/20260602_212022.jpg,/home/anitadonato/tcc/tcc/data/known_faces/JUNIOR/junior_moderada_45_30cm.jpeg,0.9543245233123727,0
/home/anitadonato/tcc/tcc/data/known_faces/ALESSANDRA/alessandra_extra_06.jpeg,/home/anitadonato/tcc/tcc/data/known_faces/willa/20260602_212511.jpg,0.9372139032379985,0
/home/anitadonato/tcc/tcc/data/known_faces/bianca/WhatsApp Image 2026-06-04 at 22.53.15.jpeg,/home/anitadonato/tcc/tcc/data/known_faces/julia/20260602_212724.jpg,0.864186113869946,0
/home/anitadonato/tcc/tcc/data/known_faces/Angela/angela_extra_04.jpg,/home/anitadonato/tcc/tcc/data/known_faces/luan/20260602_211823.jpg,0.9079061360514213,0
/home/anitadonato/tcc/tcc/data/known_faces/julia/20260602_212629.jpg,/home/anitadonato/tcc/tcc/data/known_faces/bianca/WhatsApp Image 2026-06-04 at 22.53.15 (2).jpeg,0.953465300389604,0
/home/anitadonato/tcc/tcc/data/known_faces/bianca/WhatsApp Image 2026-06-04 at 22.53.19 (3).jpeg,/home/anitadonato/tcc/tcc/data/known_faces/julia/20260602_212628.jpg,0.7868893474289693,0
/home/anitadonato/tcc/tcc/data/known_faces/willa/willa_moderada_45_30cm.jpg,/home/anitadonato/tcc/tcc/data/known_faces/julia/julia_boa_45_esq.jpg,0.9130189456558581,0
/home/anitadonato/tcc/tcc/data/known_faces/willa/willa_extra_08.jpg,/home/anitadonato/tcc/tcc/data/known_faces/julia/julia_boa_45_esq.jpg,0.9410436043657162,0
/home/anitadonato/tcc/tcc/data/known_faces/Angela/angela_baixa_45_esq.jpg,/home/anitadonato/tcc/tcc/data/known_faces/luan/20260602_211920.jpg,0.8812227188531638,0
/home/anitadonato/tcc/tcc/data/known_faces/Francisca/francisca_extra_14.jpg,/home/anitadonato/tcc/tcc/data/known_faces/julia/20260602_212724.jpg,0.9005130962386281,0
/home/anitadonato/tcc/tcc/data/known_faces/willa/willa_extra_02.jpg,/home/anitadonato/tcc/tcc/data/known_faces/JUNIOR/junior_extra_03.jpeg,0.8950527813366156,0
/home/anitadonato/tcc/tcc/data/known_faces/ALESSANDRA/alessandra_moderada_frontal_1m.jpeg,/home/anitadonato/tcc/tcc/data/known_faces/willa/20260602_212431.jpg,0.894422688463254,0
/home/anitadonato/tcc/tcc/data/known_faces/Angela/angela_extra_06.jpg,/home/anitadonato/tcc/tcc/data/known_faces/JUNIOR/junior_moderada_frontal_1m.jpeg,0.957368202457073,0
/home/anitadonato/tcc/tcc/data/known_faces/ALESSANDRA/alessandra_extra_05.jpeg,/home/anitadonato/tcc/tcc/data/known_faces/JUNIOR/junior_baixa_frontal_30cm.jpeg,0.9241064579035054,0
/home/anitadonato/tcc/tcc/data/known_faces/bianca/WhatsApp Image 2026-06-04 at 22.53.16 (1).jpeg,/home/anitadonato/tcc/tcc/data/known_faces/JUNIOR/junior_extra_06.jpeg,0.848957105585912,0
/home/anitadonato/tcc/tcc/data/known_faces/JUNIOR/junior_boa_frontal_30cm.jpeg,/home/anitadonato/tcc/tcc/data/known_faces/ALESSANDRA/alessandra_boa_frontal_30cm..jpeg,0.8500939547932048,0
/home/anitadonato/tcc/tcc/data/known_faces/BIA/bia_moderada_frontal_1m.jpeg,/home/anitadonato/tcc/tcc/data/known_faces/Francisca/francisca_baixa_45_esq.jpg,0.9653537651124257,0
/home/anitadonato/tcc/tcc/data/known_faces/Abraão/abraao_baixo_45_esq.jpg,/home/anitadonato/tcc/tcc/data/known_faces/Francisca/francisca_extra_05.jpg,0.8929474281216212,0
/home/anitadonato/tcc/tcc/data/known_faces/Angela/angela_extra_12.jpg,/home/anitadonato/tcc/tcc/data/known_faces/ALESSANDRA/alessandra_extra_03.jpeg,0.7679834321515344,0
/home/anitadonato/tcc/tcc/data/known_faces/ALESSANDRA/alessandra_extra_06.jpeg,/home/anitadonato/tcc/tcc/data/known_faces/julia/julia_boa_frontal.jpg,0.8911544093296202,0
/home/anitadonato/tcc/tcc/data/known_faces/luan/20260602_211837.jpg,/home/anitadonato/tcc/tcc/data/known_faces/bianca/WhatsApp Image 2026-06-04 at 22.53.13 (1).jpeg,0.4929325543296339,0
/home/anitadonato/tcc/tcc/data/known_faces/julia/20260602_212709.jpg,/home/anitadonato/tcc/tcc/data/known_faces/ALESSANDRA/alessandra_extra_05.jpeg,0.9419524995980197,0
/home/anitadonato/tcc/tcc/data/known_faces/willa/willa_extra_03.jpg,/home/anitadonato/tcc/tcc/data/known_faces/bianca/WhatsApp Image 2026-06-04 at 22.53.18 (2).jpeg,0.9138395529926185,0
/home/anitadonato/tcc/tcc/data/known_faces/Abraão/abraao_baixo_45_esq.jpg,/home/anitadonato/tcc/tcc/data/known_faces/julia/20260602_212633.jpg,0.7325479544093928,0
/home/anitadonato/tcc/tcc/data/known_faces/JUNIOR/junior_moderada_45_1m.jpeg,/home/anitadonato/tcc/tcc/data/known_faces/julia/20260602_212709.jpg,0.9160083640232511,0
/home/anitadonato/tcc/tcc/data/known_faces/Angela/angela_extra_06.jpg,/home/anitadonato/tcc/tcc/data/known_faces/Francisca/francisca_extra_08.jpg,0.8450376174482883,0
/home/anitadonato/tcc/tcc/data/known_faces/BIA/bia_baixa_frontal_1m.jpeg,/home/anitadonato/tcc/tcc/data/known_faces/julia/julia_boa_45_esq.jpg,0.8951287290361774,0
/home/anitadonato/tcc/tcc/data/known_faces/BIA/bia_extra_01.jpeg,/home/anitadonato/tcc/tcc/data/known_faces/Francisca/francisca_baixa_45_dir.jpg,0.9310282077976217,0
/home/anitadonato/tcc/tcc/data/known_faces/Francisca/francisca_extra_02.jpg,/home/anitadonato/tcc/tcc/data/known_faces/bianca/WhatsApp Image 2026-06-04 at 22.53.18 (3).jpeg,0.97273675520431,0
/home/anitadonato/tcc/tcc/data/known_faces/Abraão/abraao_extra_04.jpg,/home/anitadonato/tcc/tcc/data/known_faces/willa/willa_boa_45_30cm.jpg,0.8213766323319308,0
/home/anitadonato/tcc/tcc/data/known_faces/Abraão/abraao_extra_09.jpg,/home/anitadonato/tcc/tcc/data/known_faces/luan/20260602_211923.jpg,0.8429160639796306,0
/home/anitadonato/tcc/tcc/data/known_faces/BIA/bia_baixa_frontal_1m.jpeg,/home/anitadonato/tcc/tcc/data/known_faces/JUNIOR/junior_extra_02.jpeg,0.8191197992889746,0
/home/anitadonato/tcc/tcc/data/known_faces/luan/20260602_211923.jpg,/home/anitadonato/tcc/tcc/data/known_faces/Francisca/francisca_extra_13.jpg,0.9915749493019276,0
/home/anitadonato/tcc/tcc/data/known_faces/JUNIOR/junior_extra_06.jpeg,/home/anitadonato/tcc/tcc/data/known_faces/BIA/bia_extra_05.jpeg,0.8692134212939979,0
/home/anitadonato/tcc/tcc/data/known_faces/Francisca/francisca_extra_09.jpg,/home/anitadonato/tcc/tcc/data/known_faces/luan/20260602_212035.jpg,0.9499671097169928,0
/home/anitadonato/tcc/tcc/data/known_faces/luan/20260602_211805.jpg,/home/anitadonato/tcc/tcc/data/known_faces/Angela/angela_extra_11.jpg,0.8451475554283282,0
/home/anitadonato/tcc/tcc/data/known_faces/Angela/angela_extra_01.jpg,/home/anitadonato/tcc/tcc/data/known_faces/julia/20260602_212732.jpg,0.8404798820233988,0
/home/anitadonato/tcc/tcc/data/known_faces/Francisca/francisca_extra_15.jpg,/home/anitadonato/tcc/tcc/data/known_faces/luan/20260602_211923.jpg,0.9791666228622528,0
/home/anitadonato/tcc/tcc/data/known_faces/willa/willa_extra_09.jpg,/home/anitadonato/tcc/tcc/data/known_faces/ALESSANDRA/alessandra_boa_frontal_1m..jpeg,0.9306330347209615,0
/home/anitadonato/tcc/tcc/data/known_faces/JUNIOR/junior_boa_45_1m.jpeg,/home/anitadonato/tcc/tcc/data/known_faces/julia/20260602_212635.jpg,0.9612551831223751,0
/home/anitadonato/tcc/tcc/data/known_faces/Angela/angela_extra_08.jpg,/home/anitadonato/tcc/tcc/data/known_faces/Francisca/francisca_extra_08.jpg,0.8186663348655108,0
/home/anitadonato/tcc/tcc/data/known_faces/JUNIOR/junior_boa_frontal_1m.jpeg,/home/anitadonato/tcc/tcc/data/known_faces/Abraão/abraao_extra_07.jpg,0.9357758515369616,0
/home/anitadonato/tcc/tcc/data/known_faces/Francisca/francisca_boa_frontal.jpg,/home/anitadonato/tcc/tcc/data/known_faces/willa/willa_boa_45_30cm.jpg,0.8895908417757692,0
/home/anitadonato/tcc/tcc/data/known_faces/willa/willa_extra_05.jpg,/home/anitadonato/tcc/tcc/data/known_faces/BIA/bia_boa_frontal_30cm..jpeg,0.8801051589137858,0
/home/anitadonato/tcc/tcc/data/known_faces/Abraão/abraao_boa_frontal.jpg,/home/anitadonato/tcc/tcc/data/known_faces/Angela/20260602_192040.jpg,0.8437931364885508,0
/home/anitadonato/tcc/tcc/data/known_faces/BIA/bia_extra_07.jpeg,/home/anitadonato/tcc/tcc/data/known_faces/Francisca/francisca_extra_10.jpg,0.9603557560415654,0
/home/anitadonato/tcc/tcc/data/known_faces/luan/20260602_211923.jpg,/home/anitadonato/tcc/tcc/data/known_faces/bianca/WhatsApp Image 2026-06-04 at 22.53.18 (4).jpeg,0.7705858653829709,0
/home/anitadonato/tcc/tcc/data/known_faces/ALESSANDRA/alessandra_boa_45_30cm.jpeg,/home/anitadonato/tcc/tcc/data/known_faces/BIA/bia_extra_01.jpeg,0.8433086105753717,0
/home/anitadonato/tcc/tcc/data/known_faces/Angela/angela_extra_03.jpg,/home/anitadonato/tcc/tcc/data/known_faces/ALESSANDRA/alessandra_extra_01.jpeg,0.7012117591779305,0
/home/anitadonato/tcc/tcc/data/known_faces/luan/20260602_212032.jpg,/home/anitadonato/tcc/tcc/data/known_faces/Angela/angela_baixa_45_esq.jpg,0.8527375750744004,0
/home/anitadonato/tcc/tcc/data/known_faces/julia/20260602_212621.jpg,/home/anitadonato/tcc/tcc/data/known_faces/ALESSANDRA/alessandra_baixa_frontal_1m.jpeg,0.8750349357957984,0
/home/anitadonato/tcc/tcc/data/known_faces/JUNIOR/junior_baixa_frontal_1m.jpeg,/home/anitadonato/tcc/tcc/data/known_faces/Francisca/francisca_extra_08.jpg,0.8923952718300573,0
/home/anitadonato/tcc/tcc/data/known_faces/JUNIOR/junior_extra_05.jpeg,/home/anitadonato/tcc/tcc/data/known_faces/Abraão/abraao_boa_45_.jpg,0.9560164593039738,0
/home/anitadonato/tcc/tcc/data/known_faces/BIA/bia_moderada_frontal_1m.jpeg,/home/anitadonato/tcc/tcc/data/known_faces/Abraão/abraao_extra_10.jpg,0.8780798143662791,0
/home/anitadonato/tcc/tcc/data/known_faces/Abraão/abraao_extra_10.jpg,/home/anitadonato/tcc/tcc/data/known_faces/luan/20260602_211837.jpg,0.7207996114678994,0
/home/anitadonato/tcc/tcc/data/known_faces/julia/20260602_212635.jpg,/home/anitadonato/tcc/tcc/data/known_faces/Abraão/abraao_baixo_45_esq.jpg,0.7706869789311372,0
/home/anitadonato/tcc/tcc/data/known_faces/JUNIOR/junior_moderada_frontal_1m.jpeg,/home/anitadonato/tcc/tcc/data/known_faces/willa/willa_extra_05.jpg,0.8936277471290357,0
/home/anitadonato/tcc/tcc/data/known_faces/BIA/bia_boa_frontal_1m..jpeg,/home/anitadonato/tcc/tcc/data/known_faces/bianca/WhatsApp Image 2026-06-04 at 22.53.14 (2).jpeg,0.6574612994205055,0
/home/anitadonato/tcc/tcc/data/known_faces/Abraão/abraao_boa_frontal.jpg,/home/anitadonato/tcc/tcc/data/known_faces/Angela/angela_extra_03.jpg,0.8753033050411044,0
/home/anitadonato/tcc/tcc/data/known_faces/julia/20260602_212654.jpg,/home/anitadonato/tcc/tcc/data/known_faces/bianca/WhatsApp Image 2026-06-04 at 22.53.19 (6).jpeg,0.9236237241118382,0
/home/anitadonato/tcc/tcc/data/known_faces/willa/willa_extra_08.jpg,/home/anitadonato/tcc/tcc/data/known_faces/ALESSANDRA/alessandra_moderada_45_30cm.jpeg,0.8814241556382164,0
/home/anitadonato/tcc/tcc/data/known_faces/JUNIOR/junior_extra_03.jpeg,/home/anitadonato/tcc/tcc/data/known_faces/Abraão/abraao_extra_07.jpg,0.9443400144206863,0
/home/anitadonato/tcc/tcc/data/known_faces/julia/20260602_212654.jpg,/home/anitadonato/tcc/tcc/data/known_faces/BIA/bia_boa_45_1m..jpeg,0.882066623214839,0
/home/anitadonato/tcc/tcc/data/known_faces/JUNIOR/junior_extra_04.jpeg,/home/anitadonato/tcc/tcc/data/known_faces/julia/20260602_212704.jpg,0.9356206117662053,0
/home/anitadonato/tcc/tcc/data/known_faces/ALESSANDRA/alessandra_baixa_45_30cm.jpeg,/home/anitadonato/tcc/tcc/data/known_faces/willa/willa_baixa_frontal_30cm.jpg,0.8902101495412774,0
/home/anitadonato/tcc/tcc/data/known_faces/Francisca/francisca_extra_07.jpg,/home/anitadonato/tcc/tcc/data/known_faces/luan/20260602_211845.jpg,0.9207535569157345,0
/home/anitadonato/tcc/tcc/data/known_faces/JUNIOR/junior_moderada_45_30cm.jpeg,/home/anitadonato/tcc/tcc/data/known_faces/Abraão/abraao_extra_01.jpg,0.9604019664193275,0
/home/anitadonato/tcc/tcc/data/known_faces/julia/20260602_212618.jpg,/home/anitadonato/tcc/tcc/data/known_faces/bianca/WhatsApp Image 2026-06-04 at 22.53.16 (2).jpeg,0.9559426381746002,0
/home/anitadonato/tcc/tcc/data/known_faces/Francisca/francisca_baixa_45_esq.jpg,/home/anitadonato/tcc/tcc/data/known_faces/willa/willa_baixa_frontal_30cm.jpg,0.8205664522807923,0
/home/anitadonato/tcc/tcc/data/known_faces/Francisca/francisca_boa_frontal.jpg,/home/anitadonato/tcc/tcc/data/known_faces/BIA/bia_extra_07.jpeg,0.9634937564798813,0
/home/anitadonato/tcc/tcc/data/known_faces/JUNIOR/junior_baixa_45_30cm.jpeg,/home/anitadonato/tcc/tcc/data/known_faces/bianca/WhatsApp Image 2026-06-04 at 22.53.15 (1).jpeg,0.8873731314364427,0
/home/anitadonato/tcc/tcc/data/known_faces/Abraão/abraao_extra_09.jpg,/home/anitadonato/tcc/tcc/data/known_faces/julia/20260602_212726.jpg,0.7097224481400441,0
/home/anitadonato/tcc/tcc/data/known_faces/JUNIOR/junior_baixa_frontal_30cm.jpeg,/home/anitadonato/tcc/tcc/data/known_faces/bianca/WhatsApp Image 2026-06-04 at 22.53.19 (5).jpeg,0.9424194449181408,0
/home/anitadonato/tcc/tcc/data/known_faces/Angela/angela_extra_11.jpg,/home/anitadonato/tcc/tcc/data/known_faces/Francisca/francisca_baixa_45_esq.jpg,0.7974124379654486,0
/home/anitadonato/tcc/tcc/data/known_faces/JUNIOR/junior_moderada_frontal_30cm.jpeg,/home/anitadonato/tcc/tcc/data/known_faces/bianca/WhatsApp Image 2026-06-04 at 22.53.19 (2).jpeg,0.8897172611290618,0
/home/anitadonato/tcc/tcc/data/known_faces/luan/20260602_212013.jpg,/home/anitadonato/tcc/tcc/data/known_faces/JUNIOR/junior_baixa_45_1m.jpeg,0.9611180402963457,0
/home/anitadonato/tcc/tcc/data/known_faces/ALESSANDRA/alessandra_extra_07.jpeg,/home/anitadonato/tcc/tcc/data/known_faces/Angela/angela_boa_45_esq.jpg,0.8334617286074576,0
/home/anitadonato/tcc/tcc/data/known_faces/ALESSANDRA/alessandra_boa_frontal_1m..jpeg,/home/anitadonato/tcc/tcc/data/known_faces/bianca/WhatsApp Image 2026-06-04 at 22.53.18 (4).jpeg,0.803937299783792,0
/home/anitadonato/tcc/tcc/data/known_faces/Francisca/francisca_extra_14.jpg,/home/anitadonato/tcc/tcc/data/known_faces/JUNIOR/junior_baixa_frontal_1m.jpeg,0.8879185203115284,0
/home/anitadonato/tcc/tcc/data/known_faces/Abraão/abraao_extra_01.jpg,/home/anitadonato/tcc/tcc/data/known_faces/Angela/angela_extra_11.jpg,0.7372921007813031,0
/home/anitadonato/tcc/tcc/data/known_faces/Angela/angela_extra_05.jpg,/home/anitadonato/tcc/tcc/data/known_faces/bianca/WhatsApp Image 2026-06-04 at 22.53.16.jpeg,0.9091500697815743,0
/home/anitadonato/tcc/tcc/data/known_faces/julia/20260602_212654.jpg,/home/anitadonato/tcc/tcc/data/known_faces/Angela/angela_boa_frontal.jpg,0.8271150638558034,0
/home/anitadonato/tcc/tcc/data/known_faces/willa/willa_extra_02.jpg,/home/anitadonato/tcc/tcc/data/known_faces/JUNIOR/junior_boa_frontal_1m.jpeg,0.9429578807245863,0
/home/anitadonato/tcc/tcc/data/known_faces/Abraão/abraao_extra_05.jpg,/home/anitadonato/tcc/tcc/data/known_faces/bianca/WhatsApp Image 2026-06-04 at 22.53.14 (3).jpeg,0.7943166360429328,0
/home/anitadonato/tcc/tcc/data/known_faces/bianca/WhatsApp Image 2026-06-04 at 22.53.19 (5).jpeg,/home/anitadonato/tcc/tcc/data/known_faces/willa/willa_moderada_frontal_30cm.jpg,0.8773348690314742,0
/home/anitadonato/tcc/tcc/data/known_faces/BIA/bia_baixa_45_1m.jpeg,/home/anitadonato/tcc/tcc/data/known_faces/ALESSANDRA/alessandra_moderada_45_30cm.jpeg,0.9107609927949126,0
/home/anitadonato/tcc/tcc/data/known_faces/willa/20260602_212507.jpg,/home/anitadonato/tcc/tcc/data/known_faces/BIA/bia_extra_07.jpeg,0.8836027978884172,0
/home/anitadonato/tcc/tcc/data/known_faces/BIA/bia_boa_45_30cm.jpeg,/home/anitadonato/tcc/tcc/data/known_faces/Francisca/francisca_baixa_45_dir.jpg,0.9321177670146191,0
/home/anitadonato/tcc/tcc/data/known_faces/bianca/WhatsApp Image 2026-06-04 at 22.53.18 (3).jpeg,/home/anitadonato/tcc/tcc/data/known_faces/willa/willa_boa_45_30cm.jpg,0.9292846244085243,0
/home/anitadonato/tcc/tcc/data/known_faces/Angela/angela_extra_06.jpg,/home/anitadonato/tcc/tcc/data/known_faces/Abraão/abraao_boa_45_dir.jpg,0.8270449780666593,0
/home/anitadonato/tcc/tcc/data/known_faces/willa/20260602_212418.jpg,/home/anitadonato/tcc/tcc/data/known_faces/Abraão/abraao_extra_10.jpg,0.8130407627458158,0
/home/anitadonato/tcc/tcc/data/known_faces/bianca/WhatsApp Image 2026-06-04 at 22.53.19 (5).jpeg,/home/anitadonato/tcc/tcc/data/known_faces/julia/20260602_212740.jpg,0.8131436389741327,0
/home/anitadonato/tcc/tcc/data/known_faces/Abraão/abraao_boa_frontal.jpg,/home/anitadonato/tcc/tcc/data/known_faces/BIA/bia_boa_frontal_1m..jpeg,0.902696012972504,0
/home/anitadonato/tcc/tcc/data/known_faces/Francisca/francisca_extra_10.jpg,/home/anitadonato/tcc/tcc/data/known_faces/willa/willa_extra_05.jpg,0.8032309412321668,0
/home/anitadonato/tcc/tcc/data/known_faces/Angela/angela_extra_01.jpg,/home/anitadonato/tcc/tcc/data/known_faces/bianca/WhatsApp Image 2026-06-04 at 22.53.18 (3).jpeg,0.8554965240395045,0
/home/anitadonato/tcc/tcc/data/known_faces/BIA/bia_boa_frontal_1m..jpeg,/home/anitadonato/tcc/tcc/data/known_faces/Francisca/francisca_extra_08.jpg,0.9695609624185774,0
/home/anitadonato/tcc/tcc/data/known_faces/Angela/angela_boa_45_esq.jpg,/home/anitadonato/tcc/tcc/data/known_faces/bianca/WhatsApp Image 2026-06-04 at 22.53.13 (1).jpeg,0.8825530155664975,0
/home/anitadonato/tcc/tcc/data/known_faces/Francisca/francisca_extra_02.jpg,/home/anitadonato/tcc/tcc/data/known_faces/willa/willa_extra_07.jpg,0.8869820117380633,0
/home/anitadonato/tcc/tcc/data/known_faces/BIA/bia_moderada_frontal_1m.jpeg,/home/anitadonato/tcc/tcc/data/known_faces/JUNIOR/junior_extra_07.jpeg,0.8619178063610375,0
/home/anitadonato/tcc/tcc/data/known_faces/Abraão/abraao_extra_09.jpg,/home/anitadonato/tcc/tcc/data/known_faces/ALESSANDRA/alessandra_boa_45_1m..jpeg,0.8199148524631565,0
/home/anitadonato/tcc/tcc/data/known_faces/JUNIOR/junior_boa_frontal_1m.jpeg,/home/anitadonato/tcc/tcc/data/known_faces/bianca/WhatsApp Image 2026-06-04 at 22.53.19 (1).jpeg,0.8896070784671113,0
/home/anitadonato/tcc/tcc/data/known_faces/bianca/WhatsApp Image 2026-06-04 at 22.53.19 (2).jpeg,/home/anitadonato/tcc/tcc/data/known_faces/willa/willa_boa_45_30cm.jpg,0.9378505889581068,0
/home/anitadonato/tcc/tcc/data/known_faces/Abraão/abraao_baixa_45_esq.jpg,/home/anitadonato/tcc/tcc/data/known_faces/willa/20260602_212431.jpg,0.7580677537576761,0
/home/anitadonato/tcc/tcc/data/known_faces/JUNIOR/junior_extra_08.jpeg,/home/anitadonato/tcc/tcc/data/known_faces/BIA/bia_extra_04.jpeg,0.850288310932165,0
/home/anitadonato/tcc/tcc/data/known_faces/willa/20260602_212418.jpg,/home/anitadonato/tcc/tcc/data/known_faces/ALESSANDRA/alessandra_extra_01.jpeg,0.9031930219333874,0
/home/anitadonato/tcc/tcc/data/known_faces/luan/20260602_211845.jpg,/home/anitadonato/tcc/tcc/data/known_faces/bianca/WhatsApp Image 2026-06-04 at 22.53.16 (2).jpeg,0.8658635667965514,0
/home/anitadonato/tcc/tcc/data/known_faces/JUNIOR/junior_moderada_45_30cm.jpeg,/home/anitadonato/tcc/tcc/data/known_faces/Angela/angela_baixa_45_esq.jpg,0.8739067531178359,0
/home/anitadonato/tcc/tcc/data/known_faces/willa/willa_boa_45_30cm.jpg,/home/anitadonato/tcc/tcc/data/known_faces/Angela/angela_boa_frontal.jpg,0.7651470388544013,0
/home/anitadonato/tcc/tcc/data/known_faces/luan/20260602_211913.jpg,/home/anitadonato/tcc/tcc/data/known_faces/julia/20260602_212732.jpg,0.7700477943041507,0
/home/anitadonato/tcc/tcc/data/known_faces/Angela/angela_extra_05.jpg,/home/anitadonato/tcc/tcc/data/known_faces/Abraão/abraao_extra_10.jpg,0.8570758223575505,0
/home/anitadonato/tcc/tcc/data/known_faces/bianca/WhatsApp Image 2026-06-04 at 22.53.15 (1).jpeg,/home/anitadonato/tcc/tcc/data/known_faces/Angela/angela_boa_45_dir.jpg,0.9283516211208469,0
/home/anitadonato/tcc/tcc/data/known_faces/JUNIOR/junior_boa_45_1m.jpeg,/home/anitadonato/tcc/tcc/data/known_faces/ALESSANDRA/alessandra_extra_08.jpeg,0.9107116004527376,0
/home/anitadonato/tcc/tcc/data/known_faces/Francisca/francisca_extra_08.jpg,/home/anitadonato/tcc/tcc/data/known_faces/JUNIOR/junior_extra_02.jpeg,0.9054075957046486,0
/home/anitadonato/tcc/tcc/data/known_faces/Francisca/francisca_extra_11.jpg,/home/anitadonato/tcc/tcc/data/known_faces/willa/willa_extra_03.jpg,0.7532481221207132,0
/home/anitadonato/tcc/tcc/data/known_faces/bianca/WhatsApp Image 2026-06-04 at 22.53.15.jpeg,/home/anitadonato/tcc/tcc/data/known_faces/Angela/angela_extra_10.jpg,0.8832781606414207,0
/home/anitadonato/tcc/tcc/data/known_faces/Angela/angela_extra_09.jpg,/home/anitadonato/tcc/tcc/data/known_faces/luan/20260602_211809.jpg,0.8787084796356411,0
/home/anitadonato/tcc/tcc/data/known_faces/BIA/bia_baixa_45_30cm.jpeg,/home/anitadonato/tcc/tcc/data/known_faces/Angela/angela_extra_02.jpg,0.8503683832060956,0
/home/anitadonato/tcc/tcc/data/known_faces/Angela/angela_extra_10.jpg,/home/anitadonato/tcc/tcc/data/known_faces/ALESSANDRA/alessandra_extra_01.jpeg,0.7368110499825121,0
/home/anitadonato/tcc/tcc/data/known_faces/Angela/angela_extra_08.jpg,/home/anitadonato/tcc/tcc/data/known_faces/julia/20260602_212628.jpg,0.8084592346723726,0
/home/anitadonato/tcc/tcc/data/known_faces/julia/20260602_212732.jpg,/home/anitadonato/tcc/tcc/data/known_faces/ALESSANDRA/alessandra_extra_04.jpeg,0.9032651385358378,0
/home/anitadonato/tcc/tcc/data/known_faces/luan/20260602_212013.jpg,/home/anitadonato/tcc/tcc/data/known_faces/julia/20260602_212740.jpg,0.8232994416397841,0
/home/anitadonato/tcc/tcc/data/known_faces/Abraão/abraao_baixo_45_esq.jpg,/home/anitadonato/tcc/tcc/data/known_faces/Angela/angela_extra_06.jpg,0.7988338633681181,0
/home/anitadonato/tcc/tcc/data/known_faces/Abraão/abraao_extra_03.jpg,/home/anitadonato/tcc/tcc/data/known_faces/BIA/bia_boa_45_30cm.jpeg,0.9482796970313748,0
/home/anitadonato/tcc/tcc/data/known_faces/Angela/angela_extra_03.jpg,/home/anitadonato/tcc/tcc/data/known_faces/luan/20260602_212025.jpg,0.9232895292401836,0
/home/anitadonato/tcc/tcc/data/known_faces/willa/willa_moderada_frontal_30cm.jpg,/home/anitadonato/tcc/tcc/data/known_faces/BIA/bia_baixa_45_1m.jpeg,0.8205206726096328,0
/home/anitadonato/tcc/tcc/data/known_faces/BIA/bia_baixa_frontal_30cm.jpeg,/home/anitadonato/tcc/tcc/data/known_faces/julia/20260602_212709.jpg,0.906142216133448,0
/home/anitadonato/tcc/tcc/data/known_faces/ALESSANDRA/alessandra_baixa_frontal_30cm.jpeg,/home/anitadonato/tcc/tcc/data/known_faces/Francisca/francisca_extra_07.jpg,0.9239179783230876,0
/home/anitadonato/tcc/tcc/data/known_faces/JUNIOR/junior_extra_03.jpeg,/home/anitadonato/tcc/tcc/data/known_faces/Abraão/abraao_boa_45_.jpg,0.9628901396187994,0
/home/anitadonato/tcc/tcc/data/known_faces/ALESSANDRA/alessandra_extra_07.jpeg,/home/anitadonato/tcc/tcc/data/known_faces/Abraão/abraao_extra_09.jpg,0.8800344875800141,0
/home/anitadonato/tcc/tcc/data/known_faces/julia/20260602_212618.jpg,/home/anitadonato/tcc/tcc/data/known_faces/Francisca/francisca_extra_05.jpg,0.9150839219843724,0
/home/anitadonato/tcc/tcc/data/known_faces/ALESSANDRA/alessandra_extra_03.jpeg,/home/anitadonato/tcc/tcc/data/known_faces/julia/julia_boa_frontal.jpg,0.9282756876382762,0
/home/anitadonato/tcc/tcc/data/known_faces/Angela/angela_baixa_45_esq.jpg,/home/anitadonato/tcc/tcc/data/known_faces/BIA/bia_extra_02.jpeg,0.8926562768899942,0
/home/anitadonato/tcc/tcc/data/known_faces/JUNIOR/junior_baixa_frontal_1m.jpeg,/home/anitadonato/tcc/tcc/data/known_faces/ALESSANDRA/alessandra_moderada_45_30cm.jpeg,0.963014833849036,0
/home/anitadonato/tcc/tcc/data/known_faces/willa/20260602_212507.jpg,/home/anitadonato/tcc/tcc/data/known_faces/bianca/WhatsApp Image 2026-06-04 at 22.53.16 (2).jpeg,0.8521997226839253,0
/home/anitadonato/tcc/tcc/data/known_faces/Francisca/francisca_extra_02.jpg,/home/anitadonato/tcc/tcc/data/known_faces/Angela/angela_extra_07.jpg,0.8706353403889996,0
/home/anitadonato/tcc/tcc/data/known_faces/Abraão/abraao_boa_frontal.jpg,/home/anitadonato/tcc/tcc/data/known_faces/ALESSANDRA/alessandra_boa_45_30cm.jpeg,0.8156013541850566,0
/home/anitadonato/tcc/tcc/data/known_faces/bianca/WhatsApp Image 2026-06-04 at 22.53.15 (2).jpeg,/home/anitadonato/tcc/tcc/data/known_faces/willa/20260602_212513.jpg,0.8895739889897601,0
/home/anitadonato/tcc/tcc/data/known_faces/Abraão/abraao_extra_09.jpg,/home/anitadonato/tcc/tcc/data/known_faces/Francisca/francisca_extra_08.jpg,0.9121541594353191,0
/home/anitadonato/tcc/tcc/data/known_faces/Francisca/francisca_extra_06.jpg,/home/anitadonato/tcc/tcc/data/known_faces/Angela/angela_boa_45_dir.jpg,0.8573074916442454,0
/home/anitadonato/tcc/tcc/data/known_faces/JUNIOR/junior_boa_frontal_1m.jpeg,/home/anitadonato/tcc/tcc/data/known_faces/luan/20260602_212016.jpg,0.9538942548195394,0
/home/anitadonato/tcc/tcc/data/known_faces/julia/20260602_212740.jpg,/home/anitadonato/tcc/tcc/data/known_faces/bianca/WhatsApp Image 2026-06-04 at 22.53.15 (1).jpeg,0.8760133412187647,0
/home/anitadonato/tcc/tcc/data/known_faces/bianca/WhatsApp Image 2026-06-04 at 22.53.18 (3).jpeg,/home/anitadonato/tcc/tcc/data/known_faces/JUNIOR/junior_boa_45_30cm.jpeg,0.9306994208983906,0
/home/anitadonato/tcc/tcc/data/known_faces/bianca/WhatsApp Image 2026-06-04 at 22.53.13.jpeg,/home/anitadonato/tcc/tcc/data/known_faces/willa/20260602_212431.jpg,0.8021926859856447,0
/home/anitadonato/tcc/tcc/data/known_faces/luan/20260602_212013.jpg,/home/anitadonato/tcc/tcc/data/known_faces/JUNIOR/junior_boa_frontal_30cm.jpeg,0.9506703059819427,0
/home/anitadonato/tcc/tcc/data/known_faces/Angela/angela_extra_11.jpg,/home/anitadonato/tcc/tcc/data/known_faces/julia/julia_boa_45_esq(1).jpg,0.8460368281511572,0
/home/anitadonato/tcc/tcc/data/known_faces/Abraão/abraao_extra_08.jpg,/home/anitadonato/tcc/tcc/data/known_faces/Francisca/francisca_extra_08.jpg,0.9144278294232173,0
/home/anitadonato/tcc/tcc/data/known_faces/Abraão/abraao_extra_03.jpg,/home/anitadonato/tcc/tcc/data/known_faces/julia/20260602_212629.jpg,0.8241403004496715,0
/home/anitadonato/tcc/tcc/data/known_faces/Angela/angela_extra_02.jpg,/home/anitadonato/tcc/tcc/data/known_faces/Francisca/francisca_extra_11.jpg,0.8236250309701796,0
/home/anitadonato/tcc/tcc/data/known_faces/bianca/WhatsApp Image 2026-06-04 at 22.53.18 (2).jpeg,/home/anitadonato/tcc/tcc/data/known_faces/Francisca/francisca_baixa_45_dir.jpg,0.9365416819440117,0
/home/anitadonato/tcc/tcc/data/known_faces/luan/20260602_211809.jpg,/home/anitadonato/tcc/tcc/data/known_faces/Abraão/abraao_extra_10.jpg,0.8176638494873953,0
/home/anitadonato/tcc/tcc/data/known_faces/Abraão/abraao_extra_07.jpg,/home/anitadonato/tcc/tcc/data/known_faces/luan/20260602_211923.jpg,0.869135718004855,0
/home/anitadonato/tcc/tcc/data/known_faces/Abraão/abraao_extra_02.jpg,/home/anitadonato/tcc/tcc/data/known_faces/julia/20260602_212712.jpg,0.6844265935294718,0
/home/anitadonato/tcc/tcc/data/known_faces/Francisca/francisca_extra_11.jpg,/home/anitadonato/tcc/tcc/data/known_faces/Abraão/abraao_baixa_45_dir.jpg,0.8275208590669597,0
/home/anitadonato/tcc/tcc/data/known_faces/Abraão/abraao_boa_45_dir.jpg,/home/anitadonato/tcc/tcc/data/known_faces/julia/20260602_212631.jpg,0.7485911117490136,0
/home/anitadonato/tcc/tcc/data/known_faces/bianca/WhatsApp Image 2026-06-04 at 22.53.13.jpeg,/home/anitadonato/tcc/tcc/data/known_faces/ALESSANDRA/alessandra_extra_06.jpeg,0.9113427208585897,0
/home/anitadonato/tcc/tcc/data/known_faces/Francisca/francisca_extra_14.jpg,/home/anitadonato/tcc/tcc/data/known_faces/JUNIOR/junior_extra_07.jpeg,0.9009381006623731,0
/home/anitadonato/tcc/tcc/data/known_faces/julia/20260602_212709.jpg,/home/anitadonato/tcc/tcc/data/known_faces/Francisca/francisca_boa_frontal.jpg,0.9241287293069851,0
/home/anitadonato/tcc/tcc/data/known_faces/BIA/bia_baixa_frontal_1m.jpeg,/home/anitadonato/tcc/tcc/data/known_faces/Angela/angela_extra_03.jpg,0.8604777626948341,0
/home/anitadonato/tcc/tcc/data/known_faces/Abraão/abraao_baixa_45_dir.jpg,/home/anitadonato/tcc/tcc/data/known_faces/bianca/WhatsApp Image 2026-06-04 at 22.53.13 (1).jpeg,0.7764053305047187,0
/home/anitadonato/tcc/tcc/data/known_faces/bianca/WhatsApp Image 2026-06-04 at 22.53.13 (1).jpeg,/home/anitadonato/tcc/tcc/data/known_faces/Abraão/abraao_boa_45_dir.jpg,0.694590922945594,0
/home/anitadonato/tcc/tcc/data/known_faces/julia/20260602_212724.jpg,/home/anitadonato/tcc/tcc/data/known_faces/willa/willa_extra_08.jpg,0.8671262075487621,0
/home/anitadonato/tcc/tcc/data/known_faces/Francisca/francisca_extra_07.jpg,/home/anitadonato/tcc/tcc/data/known_faces/JUNIOR/junior_extra_02.jpeg,0.9180324702352345,0
/home/anitadonato/tcc/tcc/data/known_faces/Abraão/abraao_boa_45_.jpg,/home/anitadonato/tcc/tcc/data/known_faces/Angela/20260602_192040.jpg,0.8707362870675011,0
/home/anitadonato/tcc/tcc/data/known_faces/BIA/bia_baixa_45_1m.jpeg,/home/anitadonato/tcc/tcc/data/known_faces/Abraão/abraao_boa_frontal.jpg,0.9667484508607391,0
/home/anitadonato/tcc/tcc/data/known_faces/ALESSANDRA/alessandra_extra_08.jpeg,/home/anitadonato/tcc/tcc/data/known_faces/BIA/bia_boa_45_1m..jpeg,0.8494993085237491,0
/home/anitadonato/tcc/tcc/data/known_faces/BIA/bia_moderada_45_30cm.jpeg,/home/anitadonato/tcc/tcc/data/known_faces/bianca/WhatsApp Image 2026-06-04 at 22.53.14 (4).jpeg,0.7003903170277832,0
/home/anitadonato/tcc/tcc/data/known_faces/Abraão/abraao_extra_08.jpg,/home/anitadonato/tcc/tcc/data/known_faces/Francisca/francisca_boa_45_esq.jpg,0.9554172381492888,0
/home/anitadonato/tcc/tcc/data/known_faces/julia/20260602_212618.jpg,/home/anitadonato/tcc/tcc/data/known_faces/bianca/WhatsApp Image 2026-06-04 at 22.53.14 (1).jpeg,0.874051595751669,0
/home/anitadonato/tcc/tcc/data/known_faces/Angela/angela_extra_09.jpg,/home/anitadonato/tcc/tcc/data/known_faces/willa/willa_extra_08.jpg,0.677568702356029,0
/home/anitadonato/tcc/tcc/data/known_faces/julia/20260602_212732.jpg,/home/anitadonato/tcc/tcc/data/known_faces/ALESSANDRA/alessandra_moderada_frontal_1m.jpeg,0.8884089228528556,0
/home/anitadonato/tcc/tcc/data/known_faces/BIA/bia_extra_02.jpeg,/home/anitadonato/tcc/tcc/data/known_faces/willa/willa_moderada_frontal_30cm.jpg,0.8021022344532687,0
/home/anitadonato/tcc/tcc/data/known_faces/bianca/WhatsApp Image 2026-06-04 at 22.53.15.jpeg,/home/anitadonato/tcc/tcc/data/known_faces/ALESSANDRA/alessandra_baixa_45_1m.jpeg,0.8662849854854973,0
/home/anitadonato/tcc/tcc/data/known_faces/Abraão/abraao_extra_07.jpg,/home/anitadonato/tcc/tcc/data/known_faces/bianca/WhatsApp Image 2026-06-04 at 22.53.19 (6).jpeg,0.7577348586097421,0
/home/anitadonato/tcc/tcc/data/known_faces/julia/20260602_212704.jpg,/home/anitadonato/tcc/tcc/data/known_faces/luan/20260602_211809.jpg,0.7262034340220189,0
/home/anitadonato/tcc/tcc/data/known_faces/willa/willa_baixa_frontal_30cm.jpg,/home/anitadonato/tcc/tcc/data/known_faces/julia/20260602_212621.jpg,0.9132321874758627,0
/home/anitadonato/tcc/tcc/data/known_faces/luan/20260602_211923.jpg,/home/anitadonato/tcc/tcc/data/known_faces/ALESSANDRA/alessandra_moderada_frontal_1m.jpeg,0.9207696711722211,0
/home/anitadonato/tcc/tcc/data/known_faces/JUNIOR/junior_baixa_frontal_1m.jpeg,/home/anitadonato/tcc/tcc/data/known_faces/luan/20260602_211837.jpg,0.9299399927374337,0
/home/anitadonato/tcc/tcc/data/known_faces/bianca/WhatsApp Image 2026-06-04 at 22.53.14 (1).jpeg,/home/anitadonato/tcc/tcc/data/known_faces/julia/20260602_212740.jpg,0.915439637381433,0
/home/anitadonato/tcc/tcc/data/known_faces/ALESSANDRA/alessandra_extra_02.jpeg,/home/anitadonato/tcc/tcc/data/known_faces/Angela/angela_extra_01.jpg,0.8006849518523282,0
/home/anitadonato/tcc/tcc/data/known_faces/julia/20260602_212732.jpg,/home/anitadonato/tcc/tcc/data/known_faces/JUNIOR/junior_boa_frontal_30cm.jpeg,0.9733688147609549,0
/home/anitadonato/tcc/tcc/data/known_faces/luan/20260602_212025.jpg,/home/anitadonato/tcc/tcc/data/known_faces/BIA/bia_extra_03.jpeg,0.8936547756546666,0
/home/anitadonato/tcc/tcc/data/known_faces/willa/20260602_212513.jpg,/home/anitadonato/tcc/tcc/data/known_faces/julia/20260602_212704.jpg,0.8783913156018347,0
/home/anitadonato/tcc/tcc/data/known_faces/bianca/WhatsApp Image 2026-06-04 at 22.53.19 (5).jpeg,/home/anitadonato/tcc/tcc/data/known_faces/willa/willa_extra_04.jpg,0.8390952270566968,0
/home/anitadonato/tcc/tcc/data/known_faces/Abraão/abraao_boa_45_.jpg,/home/anitadonato/tcc/tcc/data/known_faces/julia/20260602_212631.jpg,0.71834012147035,0
/home/anitadonato/tcc/tcc/data/known_faces/BIA/bia_moderada_frontal_30cm.jpeg,/home/anitadonato/tcc/tcc/data/known_faces/Angela/angela_extra_10.jpg,0.8493945381571353,0
/home/anitadonato/tcc/tcc/data/known_faces/Abraão/abraao_extra_09.jpg,/home/anitadonato/tcc/tcc/data/known_faces/bianca/WhatsApp Image 2026-06-04 at 22.53.15 (2).jpeg,0.8211466503325796,0
/home/anitadonato/tcc/tcc/data/known_faces/BIA/bia_moderada_45_30cm.jpeg,/home/anitadonato/tcc/tcc/data/known_faces/willa/20260602_212431.jpg,0.8989877324290032,0
/home/anitadonato/tcc/tcc/data/known_faces/ALESSANDRA/alessandra_extra_01.jpeg,/home/anitadonato/tcc/tcc/data/known_faces/JUNIOR/junior_extra_04.jpeg,0.8847638132016937,0
/home/anitadonato/tcc/tcc/data/known_faces/Angela/angela_extra_11.jpg,/home/anitadonato/tcc/tcc/data/known_faces/willa/20260602_212431.jpg,0.6945218116420315,0
/home/anitadonato/tcc/tcc/data/known_faces/Abraão/abraao_extra_07.jpg,/home/anitadonato/tcc/tcc/data/known_faces/JUNIOR/junior_baixa_frontal_30cm.jpeg,0.9298072557473551,0
/home/anitadonato/tcc/tcc/data/known_faces/willa/20260602_212511.jpg,/home/anitadonato/tcc/tcc/data/known_faces/BIA/bia_moderada_45_30cm.jpeg,0.9148209286076504,0
/home/anitadonato/tcc/tcc/data/known_faces/JUNIOR/junior_moderada_45_30cm.jpeg,/home/anitadonato/tcc/tcc/data/known_faces/ALESSANDRA/alessandra_extra_01.jpeg,0.9286778546501331,0
/home/anitadonato/tcc/tcc/data/known_faces/Angela/angela_boa_45_dir.jpg,/home/anitadonato/tcc/tcc/data/known_faces/luan/20260602_211809.jpg,0.8842355876716089,0
/home/anitadonato/tcc/tcc/data/known_faces/julia/20260602_212628.jpg,/home/anitadonato/tcc/tcc/data/known_faces/willa/20260602_212511.jpg,0.911944101001189,0
/home/anitadonato/tcc/tcc/data/known_faces/willa/willa_moderada_45_30cm.jpg,/home/anitadonato/tcc/tcc/data/known_faces/Abraão/abraao_baixa_45_esq.jpg,0.8632664244592674,0
/home/anitadonato/tcc/tcc/data/known_faces/luan/20260602_211823.jpg,/home/anitadonato/tcc/tcc/data/known_faces/Abraão/abraao_baixo_45_esq.jpg,0.8290077301130815,0
/home/anitadonato/tcc/tcc/data/known_faces/BIA/bia_boa_45_30cm.jpeg,/home/anitadonato/tcc/tcc/data/known_faces/JUNIOR/junior_extra_02.jpeg,0.7662765926702251,0
/home/anitadonato/tcc/tcc/data/known_faces/julia/20260602_212740.jpg,/home/anitadonato/tcc/tcc/data/known_faces/luan/20260602_211814.jpg,0.8619618997961631,0
/home/anitadonato/tcc/tcc/data/known_faces/Angela/angela_extra_05.jpg,/home/anitadonato/tcc/tcc/data/known_faces/JUNIOR/junior_boa_45_1m.jpeg,0.8910432507903433,0
/home/anitadonato/tcc/tcc/data/known_faces/Abraão/abraao_extra_08.jpg,/home/anitadonato/tcc/tcc/data/known_faces/BIA/bia_extra_06.jpeg,0.8679206944086496,0
/home/anitadonato/tcc/tcc/data/known_faces/ALESSANDRA/alessandra_extra_08.jpeg,/home/anitadonato/tcc/tcc/data/known_faces/BIA/bia_extra_03.jpeg,0.7903037422825842,0
/home/anitadonato/tcc/tcc/data/known_faces/Francisca/francisca_extra_08.jpg,/home/anitadonato/tcc/tcc/data/known_faces/JUNIOR/junior_extra_04.jpeg,0.804684609952147,0
/home/anitadonato/tcc/tcc/data/known_faces/BIA/bia_moderada_45_1m.jpeg,/home/anitadonato/tcc/tcc/data/known_faces/Angela/angela_extra_08.jpg,0.9176360996538666,0
/home/anitadonato/tcc/tcc/data/known_faces/BIA/bia_extra_06.jpeg,/home/anitadonato/tcc/tcc/data/known_faces/Angela/angela_extra_08.jpg,0.8629000868538343,0
/home/anitadonato/tcc/tcc/data/known_faces/bianca/WhatsApp Image 2026-06-04 at 22.53.19 (6).jpeg,/home/anitadonato/tcc/tcc/data/known_faces/julia/julia_boa_45_esq(1).jpg,0.8563656792243343,0
/home/anitadonato/tcc/tcc/data/known_faces/JUNIOR/junior_extra_07.jpeg,/home/anitadonato/tcc/tcc/data/known_faces/ALESSANDRA/alessandra_boa_45_1m..jpeg,0.8121983247517923,0
/home/anitadonato/tcc/tcc/data/known_faces/ALESSANDRA/alessandra_baixa_frontal_1m.jpeg,/home/anitadonato/tcc/tcc/data/known_faces/luan/20260602_211812.jpg,0.8224156424627864,0
/home/anitadonato/tcc/tcc/data/known_faces/JUNIOR/junior_extra_05.jpeg,/home/anitadonato/tcc/tcc/data/known_faces/willa/20260602_212521.jpg,0.9451399159151583,0
/home/anitadonato/tcc/tcc/data/known_faces/bianca/WhatsApp Image 2026-06-04 at 22.53.16 (2).jpeg,/home/anitadonato/tcc/tcc/data/known_faces/ALESSANDRA/alessandra_baixa_45_30cm.jpeg,0.8663558547805602,0
/home/anitadonato/tcc/tcc/data/known_faces/Angela/angela_extra_11.jpg,/home/anitadonato/tcc/tcc/data/known_faces/ALESSANDRA/alessandra_extra_02.jpeg,0.7390947151443392,0
/home/anitadonato/tcc/tcc/data/known_faces/bianca/WhatsApp Image 2026-06-04 at 22.53.19.jpeg,/home/anitadonato/tcc/tcc/data/known_faces/willa/willa_moderada_45_30cm.jpg,0.9477616462368361,0
/home/anitadonato/tcc/tcc/data/known_faces/Francisca/francisca_extra_15.jpg,/home/anitadonato/tcc/tcc/data/known_faces/luan/20260602_211820.jpg,0.9338093129569921,0
/home/anitadonato/tcc/tcc/data/known_faces/bianca/WhatsApp Image 2026-06-04 at 22.53.18 (4).jpeg,/home/anitadonato/tcc/tcc/data/known_faces/julia/20260602_212633.jpg,0.7557590035447742,0
/home/anitadonato/tcc/tcc/data/known_faces/luan/20260602_211917.jpg,/home/anitadonato/tcc/tcc/data/known_faces/julia/20260602_212724.jpg,0.8381421623396971,0
/home/anitadonato/tcc/tcc/data/known_faces/luan/20260602_211845.jpg,/home/anitadonato/tcc/tcc/data/known_faces/willa/willa_baixa_45_30cm.jpg,0.7351542867542233,0
/home/anitadonato/tcc/tcc/data/known_faces/Abraão/abraao_extra_03.jpg,/home/anitadonato/tcc/tcc/data/known_faces/luan/20260602_212019.jpg,0.8973356663038126,0
