img1_path,img2_path,score,label
/home/anitadonato/tcc/tcc/data/lfw/lfw-funneled/Richard_Myers/Richard_Myers_0004.jpg,/home/anitadonato/tcc/tcc/data/lfw/lfw-funneled/Richard_Myers/Richard_Myers_0001.jpg,0.4075085847596474,1
/home/anitadonato/tcc/tcc/data/lfw/lfw-funneled/Richard_Myers/Richard_Myers_0004.jpg,/home/anitadonato/tcc/tcc/data/lfw/lfw-funneled/Richard_Myers/Richard_Myers_0009.jpg,0.34544142779970577,1
/home/anitadonato/tcc/tcc/data/lfw/lfw-funneled/Richard_Myers/Richard_Myers_0004.jpg,/home/anitadonato/tcc/tcc/data/lfw/lfw-funneled/Richard_Myers/Richard_Myers_0018.jpg,0.3897835077050186,1
/home/anitadonato/tcc/tcc/data/lfw/lfw-funneled/Richard_Myers/Richard_Myers_0004.jpg,/home/anitadonato/tcc/tcc/data/lfw/lfw-funneled/Richard_Myers/Richard_Myers_0015.jpg,0.3898807167232945,1
/home/anitadonato/tcc/tcc/data/lfw/lfw-funneled/Richard_Myers/Richard_Myers_0001.jpg,/home/anitadonato/tcc/tcc/data/lfw/lfw-funneled/Richard_Myers/Richard_Myers_0009.jpg,0.45198232287240964,1
/home/anitadonato/tcc/tcc/data/lfw/lfw-funneled/Richard_Myers/Richard_Myers_0001.jpg,/home/anitadonato/tcc/tcc/data/lfw/lfw-funneled/Richard_Myers/Richard_Myers_0018.jpg,0.43329067946225713,1
/home/anitadonato/tcc/tcc/data/lfw/lfw-funneled/Richard_Myers/Richard_Myers_0001.jpg,/home/anitadonato/tcc/tcc/data/lfw/lfw-funneled/Richard_Myers/Richard_Myers_0015.jpg,0.45661393503975056,1
/home/anitadonato/tcc/tcc/data/lfw/lfw-funneled/Richard_Myers/Richard_Myers_0009.jpg,/home/anitadonato/tcc/tcc/data/lfw/lfw-funneled/Richard_Myers/Richard_Myers_0018.jpg,0.3690321965035912,1
/home/anitadonato/tcc/tcc/data/lfw/lfw-funneled/Richard_Myers/Richard_Myers_0009.jpg,/home/anitadonato/tcc/tcc/data/lfw/lfw-funneled/Richard_Myers/Richard_Myers_0015.jpg,0.36472269354228426,1
/home/anitadonato/tcc/tcc/data/lfw/lfw-funneled/Richard_Myers/Richard_Myers_0018.jpg,/home/anitadonato/tcc/tcc/data/lfw/lfw-funneled/Richard_Myers/Richard_Myers_0015.jpg,0.48764219849571167,1
/home/anitadonato/tcc/tcc/data/lfw/lfw-funneled/Carlos_Moya/Carlos_Moya_0005.jpg,/home/anitadonato/tcc/tcc/data/lfw/lfw-funneled/Carlos_Moya/Carlos_Moya_0004.jpg,0.41667167361207613,1
/home/anitadonato/tcc/tcc/data/lfw/lfw-funneled/Carlos_Moya/Carlos_Moya_0005.jpg,/home/anitadonato/tcc/tcc/data/lfw/lfw-funneled/Carlos_Moya/Carlos_Moya_0003.jpg,0.35998342549424067,1
/home/anitadonato/tcc/tcc/data/lfw/lfw-funneled/Carlos_Moya/Carlos_Moya_0005.jpg,/home/anitadonato/tcc/tcc/data/lfw/lfw-funneled/Carlos_Moya/Carlos_Moya_0014.jpg,0.4548881428068384,1
/home/anitadonato/tcc/tcc/data/lfw/lfw-funneled/Carlos_Moya/Carlos_Moya_0005.jpg,/home/anitadonato/tcc/tcc/data/lfw/lfw-funneled/Carlos_Moya/Carlos_Moya_0001.jpg,0.3591571975463199,1
/home/anitadonato/tcc/tcc/data/lfw/lfw-funneled/Carlos_Moya/Carlos_Moya_0004.jpg,/home/anitadonato/tcc/tcc/data/lfw/lfw-funneled/Carlos_Moya/Carlos_Moya_0003.jpg,0.4048642504449536,1
/home/anitadonato/tcc/tcc/data/lfw/lfw-funneled/Carlos_Moya/Carlos_Moya_0004.jpg,/home/anitadonato/tcc/tcc/data/lfw/lfw-funneled/Carlos_Moya/Carlos_Moya_0014.jpg,0.4621606498634618,1
/home/anitadonato/tcc/tcc/data/lfw/lfw-funneled/Carlos_Moya/Carlos_Moya_0004.jpg,/home/anitadonato/tcc/tcc/data/lfw/lfw-funneled/Carlos_Moya/Carlos_Moya_0001.jpg,0.40699878340128964,1
/home/anitadonato/tcc/tcc/data/lfw/lfw-funneled/Carlos_Moya/Carlos_Moya_0003.jpg,/home/anitadonato/tcc/tcc/data/lfw/lfw-funneled/Carlos_Moya/Carlos_Moya_0014.jpg,0.4446153115837367,1
/home/anitadonato/tcc/tcc/data/lfw/lfw-funneled/Carlos_Moya/Carlos_Moya_0003.jpg,/home/anitadonato/tcc/tcc/data/lfw/lfw-funneled/Carlos_Moya/Carlos_Moya_0001.jpg,0.4138012889542918,1
/home/anitadonato/tcc/tcc/data/lfw/lfw-funneled/Carlos_Moya/Carlos_Moya_0014.jpg,/home/anitadonato/tcc/tcc/data/lfw/lfw-funneled/Carlos_Moya/Carlos_Moya_0001.jpg,0.4624032147994401,1
/home/anitadonato/tcc/tcc/data/lfw/lfw-funneled/Alvaro_Uribe/Alvaro_Uribe_0002.jpg,/home/anitadonato/tcc/tcc/data/lfw/lfw-funneled/Alvaro_Uribe/Alvaro_Uribe_0006.jpg,0.5097873377725608,1
/home/anitadonato/tcc/tcc/data/lfw/lfw-funneled/Alvaro_Uribe/Alvaro_Uribe_0002.jpg,/home/anitadonato/tcc/tcc/data/lfw/lfw-funneled/Alvaro_Uribe/Alvaro_Uribe_0014.jpg,0.5370308124819905,1
/home/anitadonato/tcc/tcc/data/lfw/lfw-funneled/Alvaro_Uribe/Alvaro_Uribe_0002.jpg,/home/anitadonato/tcc/tcc/data/lfw/lfw-funneled/Alvaro_Uribe/Alvaro_Uribe_0015.jpg,0.5049634484370851,1
/home/anitadonato/tcc/tcc/data/lfw/lfw-funneled/Alvaro_Uribe/Alvaro_Uribe_0002.jpg,/home/anitadonato/tcc/tcc/data/lfw/lfw-funneled/Alvaro_Uribe/Alvaro_Uribe_0033.jpg,0.4880206810285198,1
/home/anitadonato/tcc/tcc/data/lfw/lfw-funneled/Alvaro_Uribe/Alvaro_Uribe_0006.jpg,/home/anitadonato/tcc/tcc/data/lfw/lfw-funneled/Alvaro_Uribe/Alvaro_Uribe_0014.jpg,0.3467853987458081,1
/home/anitadonato/tcc/tcc/data/lfw/lfw-funneled/Alvaro_Uribe/Alvaro_Uribe_0006.jpg,/home/anitadonato/tcc/tcc/data/lfw/lfw-funneled/Alvaro_Uribe/Alvaro_Uribe_0015.jpg,0.4320206912550319,1
/home/anitadonato/tcc/tcc/data/lfw/lfw-funneled/Alvaro_Uribe/Alvaro_Uribe_0006.jpg,/home/anitadonato/tcc/tcc/data/lfw/lfw-funneled/Alvaro_Uribe/Alvaro_Uribe_0033.jpg,0.5258385036615906,1
/home/anitadonato/tcc/tcc/data/lfw/lfw-funneled/Alvaro_Uribe/Alvaro_Uribe_0014.jpg,/home/anitadonato/tcc/tcc/data/lfw/lfw-funneled/Alvaro_Uribe/Alvaro_Uribe_0015.jpg,0.35312547465944505,1
/home/anitadonato/tcc/tcc/data/lfw/lfw-funneled/Alvaro_Uribe/Alvaro_Uribe_0014.jpg,/home/anitadonato/tcc/tcc/data/lfw/lfw-funneled/Alvaro_Uribe/Alvaro_Uribe_0033.jpg,0.5148123320765745,1
/home/anitadonato/tcc/tcc/data/lfw/lfw-funneled/Alvaro_Uribe/Alvaro_Uribe_0015.jpg,/home/anitadonato/tcc/tcc/data/lfw/lfw-funneled/Alvaro_Uribe/Alvaro_Uribe_0033.jpg,0.496567778364255,1
/home/anitadonato/tcc/tcc/data/lfw/lfw-funneled/Tiger_Woods/Tiger_Woods_0020.jpg,/home/anitadonato/tcc/tcc/data/lfw/lfw-funneled/Tiger_Woods/Tiger_Woods_0001.jpg,0.5509524405704921,1
/home/anitadonato/tcc/tcc/data/lfw/lfw-funneled/Tiger_Woods/Tiger_Woods_0020.jpg,/home/anitadonato/tcc/tcc/data/lfw/lfw-funneled/Tiger_Woods/Tiger_Woods_0018.jpg,0.5464953077997852,1
/home/anitadonato/tcc/tcc/data/lfw/lfw-funneled/Tiger_Woods/Tiger_Woods_0020.jpg,/home/anitadonato/tcc/tcc/data/lfw/lfw-funneled/Tiger_Woods/Tiger_Woods_0007.jpg,0.5249191235772225,1
/home/anitadonato/tcc/tcc/data/lfw/lfw-funneled/Tiger_Woods/Tiger_Woods_0020.jpg,/home/anitadonato/tcc/tcc/data/lfw/lfw-funneled/Tiger_Woods/Tiger_Woods_0023.jpg,0.5697903163971965,1
/home/anitadonato/tcc/tcc/data/lfw/lfw-funneled/Tiger_Woods/Tiger_Woods_0001.jpg,/home/anitadonato/tcc/tcc/data/lfw/lfw-funneled/Tiger_Woods/Tiger_Woods_0018.jpg,0.47614797124851793,1
/home/anitadonato/tcc/tcc/data/lfw/lfw-funneled/Tiger_Woods/Tiger_Woods_0001.jpg,/home/anitadonato/tcc/tcc/data/lfw/lfw-funneled/Tiger_Woods/Tiger_Woods_0007.jpg,0.43002561736504785,1
/home/anitadonato/tcc/tcc/data/lfw/lfw-funneled/Tiger_Woods/Tiger_Woods_0001.jpg,/home/anitadonato/tcc/tcc/data/lfw/lfw-funneled/Tiger_Woods/Tiger_Woods_0023.jpg,0.4760051520958831,1
/home/anitadonato/tcc/tcc/data/lfw/lfw-funneled/Tiger_Woods/Tiger_Woods_0018.jpg,/home/anitadonato/tcc/tcc/data/lfw/lfw-funneled/Tiger_Woods/Tiger_Woods_0007.jpg,0.4422251019636348,1
/home/anitadonato/tcc/tcc/data/lfw/lfw-funneled/Tiger_Woods/Tiger_Woods_0018.jpg,/home/anitadonato/tcc/tcc/data/lfw/lfw-funneled/Tiger_Woods/Tiger_Woods_0023.jpg,0.43193953376329913,1
/home/anitadonato/tcc/tcc/data/lfw/lfw-funneled/Tiger_Woods/Tiger_Woods_0007.jpg,/home/anitadonato/tcc/tcc/data/lfw/lfw-funneled/Tiger_Woods/Tiger_Woods_0023.jpg,0.44650946166820293,1
/home/anitadonato/tcc/tcc/data/lfw/lfw-funneled/Heidi_Klum/Heidi_Klum_0005.jpg,/home/anitadonato/tcc/tcc/data/lfw/lfw-funneled/Heidi_Klum/Heidi_Klum_0004.jpg,0.44106132064708414,1
/home/anitadonato/tcc/tcc/data/lfw/lfw-funneled/Heidi_Klum/Heidi_Klum_0005.jpg,/home/anitadonato/tcc/tcc/data/lfw/lfw-funneled/Heidi_Klum/Heidi_Klum_0001.jpg,0.5789891401650341,1
/home/anitadonato/tcc/tcc/data/lfw/lfw-funneled/Heidi_Klum/Heidi_Klum_0005.jpg,/home/anitadonato/tcc/tcc/data/lfw/lfw-funneled/Heidi_Klum/Heidi_Klum_0002.jpg,0.4637354586398773,1
/home/anitadonato/tcc/tcc/data/lfw/lfw-funneled/Heidi_Klum/Heidi_Klum_0005.jpg,/home/anitadonato/tcc/tcc/data/lfw/lfw-funneled/Heidi_Klum/Heidi_Klum_0003.jpg,0.5563900891548993,1
/home/anitadonato/tcc/tcc/data/lfw/lfw-funneled/Heidi_Klum/Heidi_Klum_0004.jpg,/home/anitadonato/tcc/tcc/data/lfw/lfw-funneled/Heidi_Klum/Heidi_Klum_0001.jpg,0.5578601287483796,1
/home/anitadonato/tcc/tcc/data/lfw/lfw-funneled/Heidi_Klum/Heidi_Klum_0004.jpg,/home/anitadonato/tcc/tcc/data/lfw/lfw-funneled/Heidi_Klum/Heidi_Klum_0002.jpg,0.5127829443980839,1
/home/anitadonato/tcc/tcc/data/lfw/lfw-funneled/Heidi_Klum/Heidi_Klum_0004.jpg,/home/anitadonato/tcc/tcc/data/lfw/lfw-funneled/Heidi_Klum/Heidi_Klum_0003.jpg,0.5555332811542403,1
/home/anitadonato/tcc/tcc/data/lfw/lfw-funneled/Heidi_Klum/Heidi_Klum_0001.jpg,/home/anitadonato/tcc/tcc/data/lfw/lfw-funneled/Heidi_Klum/Heidi_Klum_0002.jpg,0.45844791624459447,1
/home/anitadonato/tcc/tcc/data/lfw/lfw-funneled/Heidi_Klum/Heidi_Klum_0001.jpg,/home/anitadonato/tcc/tcc/data/lfw/lfw-funneled/Heidi_Klum/Heidi_Klum_0003.jpg,0.4386812263768631,1
/home/anitadonato/tcc/tcc/data/lfw/lfw-funneled/Heidi_Klum/Heidi_Klum_0002.jpg,/home/anitadonato/tcc/tcc/data/lfw/lfw-funneled/Heidi_Klum/Heidi_Klum_0003.jpg,0.449908495846453,1
/home/anitadonato/tcc/tcc/data/lfw/lfw-funneled/Goldie_Hawn/Goldie_Hawn_0007.jpg,/home/anitadonato/tcc/tcc/data/lfw/lfw-funneled/Goldie_Hawn/Goldie_Hawn_0001.jpg,0.45203159070864657,1
/home/anitadonato/tcc/tcc/data/lfw/lfw-funneled/Goldie_Hawn/Goldie_Hawn_0007.jpg,/home/anitadonato/tcc/tcc/data/lfw/lfw-funneled/Goldie_Hawn/Goldie_Hawn_0002.jpg,0.9095133460111123,1
/home/anitadonato/tcc/tcc/data/lfw/lfw-funneled/Goldie_Hawn/Goldie_Hawn_0007.jpg,/home/anitadonato/tcc/tcc/data/lfw/lfw-funneled/Goldie_Hawn/Goldie_Hawn_0004.jpg,0.37809120258924295,1
/home/anitadonato/tcc/tcc/data/lfw/lfw-funneled/Goldie_Hawn/Goldie_Hawn_0007.jpg,/home/anitadonato/tcc/tcc/data/lfw/lfw-funneled/Goldie_Hawn/Goldie_Hawn_0005.jpg,0.3836543282444305,1
/home/anitadonato/tcc/tcc/data/lfw/lfw-funneled/Goldie_Hawn/Goldie_Hawn_0001.jpg,/home/anitadonato/tcc/tcc/data/lfw/lfw-funneled/Goldie_Hawn/Goldie_Hawn_0002.jpg,0.9054353016671589,1
/home/anitadonato/tcc/tcc/data/lfw/lfw-funneled/Goldie_Hawn/Goldie_Hawn_0001.jpg,/home/anitadonato/tcc/tcc/data/lfw/lfw-funneled/Goldie_Hawn/Goldie_Hawn_0004.jpg,0.42807365390422775,1
/home/anitadonato/tcc/tcc/data/lfw/lfw-funneled/Goldie_Hawn/Goldie_Hawn_0001.jpg,/home/anitadonato/tcc/tcc/data/lfw/lfw-funneled/Goldie_Hawn/Goldie_Hawn_0005.jpg,0.4700625701010295,1
/home/anitadonato/tcc/tcc/data/lfw/lfw-funneled/Goldie_Hawn/Goldie_Hawn_0002.jpg,/home/anitadonato/tcc/tcc/data/lfw/lfw-funneled/Goldie_Hawn/Goldie_Hawn_0004.jpg,0.9390076317924397,1
/home/anitadonato/tcc/tcc/data/lfw/lfw-funneled/Goldie_Hawn/Goldie_Hawn_0002.jpg,/home/anitadonato/tcc/tcc/data/lfw/lfw-funneled/Goldie_Hawn/Goldie_Hawn_0005.jpg,0.8317481436218641,1
/home/anitadonato/tcc/tcc/data/lfw/lfw-funneled/Goldie_Hawn/Goldie_Hawn_0004.jpg,/home/anitadonato/tcc/tcc/data/lfw/lfw-funneled/Goldie_Hawn/Goldie_Hawn_0005.jpg,0.48459116682659137,1
/home/anitadonato/tcc/tcc/data/lfw/lfw-funneled/Geoff_Hoon/Geoff_Hoon_0003.jpg,/home/anitadonato/tcc/tcc/data/lfw/lfw-funneled/Geoff_Hoon/Geoff_Hoon_0002.jpg,0.49081483052648905,1
/home/anitadonato/tcc/tcc/data/lfw/lfw-funneled/Geoff_Hoon/Geoff_Hoon_0003.jpg,/home/anitadonato/tcc/tcc/data/lfw/lfw-funneled/Geoff_Hoon/Geoff_Hoon_0006.jpg,0.456767575948529,1
/home/anitadonato/tcc/tcc/data/lfw/lfw-funneled/Geoff_Hoon/Geoff_Hoon_0003.jpg,/home/anitadonato/tcc/tcc/data/lfw/lfw-funneled/Geoff_Hoon/Geoff_Hoon_0007.jpg,0.43363941653264104,1
/home/anitadonato/tcc/tcc/data/lfw/lfw-funneled/Geoff_Hoon/Geoff_Hoon_0003.jpg,/home/anitadonato/tcc/tcc/data/lfw/lfw-funneled/Geoff_Hoon/Geoff_Hoon_0001.jpg,0.5661156389428235,1
/home/anitadonato/tcc/tcc/data/lfw/lfw-funneled/Geoff_Hoon/Geoff_Hoon_0002.jpg,/home/anitadonato/tcc/tcc/data/lfw/lfw-funneled/Geoff_Hoon/Geoff_Hoon_0006.jpg,0.4116994537978788,1
/home/anitadonato/tcc/tcc/data/lfw/lfw-funneled/Geoff_Hoon/Geoff_Hoon_0002.jpg,/home/anitadonato/tcc/tcc/data/lfw/lfw-funneled/Geoff_Hoon/Geoff_Hoon_0007.jpg,0.38352631490707134,1
/home/anitadonato/tcc/tcc/data/lfw/lfw-funneled/Geoff_Hoon/Geoff_Hoon_0002.jpg,/home/anitadonato/tcc/tcc/data/lfw/lfw-funneled/Geoff_Hoon/Geoff_Hoon_0001.jpg,0.4436449951000481,1
/home/anitadonato/tcc/tcc/data/lfw/lfw-funneled/Geoff_Hoon/Geoff_Hoon_0006.jpg,/home/anitadonato/tcc/tcc/data/lfw/lfw-funneled/Geoff_Hoon/Geoff_Hoon_0007.jpg,0.3476795710309098,1
/home/anitadonato/tcc/tcc/data/lfw/lfw-funneled/Geoff_Hoon/Geoff_Hoon_0006.jpg,/home/anitadonato/tcc/tcc/data/lfw/lfw-funneled/Geoff_Hoon/Geoff_Hoon_0001.jpg,0.5117610025879358,1
/home/anitadonato/tcc/tcc/data/lfw/lfw-funneled/Geoff_Hoon/Geoff_Hoon_0007.jpg,/home/anitadonato/tcc/tcc/data/lfw/lfw-funneled/Geoff_Hoon/Geoff_Hoon_0001.jpg,0.416070754630554,1
/home/anitadonato/tcc/tcc/data/lfw/lfw-funneled/Christine_Todd_Whitman/Christine_Todd_Whitman_0001.jpg,/home/anitadonato/tcc/tcc/data/lfw/lfw-funneled/Christine_Todd_Whitman/Christine_Todd_Whitman_0004.jpg,0.3467836745809304,1
/home/anitadonato/tcc/tcc/data/lfw/lfw-funneled/Christine_Todd_Whitman/Christine_Todd_Whitman_0001.jpg,/home/anitadonato/tcc/tcc/data/lfw/lfw-funneled/Christine_Todd_Whitman/Christine_Todd_Whitman_0006.jpg,0.47708620519671846,1
/home/anitadonato/tcc/tcc/data/lfw/lfw-funneled/Christine_Todd_Whitman/Christine_Todd_Whitman_0001.jpg,/home/anitadonato/tcc/tcc/data/lfw/lfw-funneled/Christine_Todd_Whitman/Christine_Todd_Whitman_0002.jpg,0.4328220954246065,1
/home/anitadonato/tcc/tcc/data/lfw/lfw-funneled/Christine_Todd_Whitman/Christine_Todd_Whitman_0001.jpg,/home/anitadonato/tcc/tcc/data/lfw/lfw-funneled/Christine_Todd_Whitman/Christine_Todd_Whitman_0003.jpg,0.44834825198951334,1
/home/anitadonato/tcc/tcc/data/lfw/lfw-funneled/Christine_Todd_Whitman/Christine_Todd_Whitman_0004.jpg,/home/anitadonato/tcc/tcc/data/lfw/lfw-funneled/Christine_Todd_Whitman/Christine_Todd_Whitman_0006.jpg,0.4345428777826372,1
/home/anitadonato/tcc/tcc/data/lfw/lfw-funneled/Christine_Todd_Whitman/Christine_Todd_Whitman_0004.jpg,/home/anitadonato/tcc/tcc/data/lfw/lfw-funneled/Christine_Todd_Whitman/Christine_Todd_Whitman_0002.jpg,0.38590666722445055,1
/home/anitadonato/tcc/tcc/data/lfw/lfw-funneled/Christine_Todd_Whitman/Christine_Todd_Whitman_0004.jpg,/home/anitadonato/tcc/tcc/data/lfw/lfw-funneled/Christine_Todd_Whitman/Christine_Todd_Whitman_0003.jpg,0.40251423233152833,1
/home/anitadonato/tcc/tcc/data/lfw/lfw-funneled/Christine_Todd_Whitman/Christine_Todd_Whitman_0006.jpg,/home/anitadonato/tcc/tcc/data/lfw/lfw-funneled/Christine_Todd_Whitman/Christine_Todd_Whitman_0002.jpg,0.46894089569901676,1
/home/anitadonato/tcc/tcc/data/lfw/lfw-funneled/Christine_Todd_Whitman/Christine_Todd_Whitman_0006.jpg,/home/anitadonato/tcc/tcc/data/lfw/lfw-funneled/Christine_Todd_Whitman/Christine_Todd_Whitman_0003.jpg,0.47625555071532627,1
/home/anitadonato/tcc/tcc/data/lfw/lfw-funneled/Christine_Todd_Whitman/Christine_Todd_Whitman_0002.jpg,/home/anitadonato/tcc/tcc/data/lfw/lfw-funneled/Christine_Todd_Whitman/Christine_Todd_Whitman_0003.jpg,0.47058445004513727,1
/home/anitadonato/tcc/tcc/data/lfw/lfw-funneled/Thaksin_Shinawatra/Thaksin_Shinawatra_0005.jpg,/home/anitadonato/tcc/tcc/data/lfw/lfw-funneled/Thaksin_Shinawatra/Thaksin_Shinawatra_0003.jpg,0.41362903613873153,1
/home/anitadonato/tcc/tcc/data/lfw/lfw-funneled/Thaksin_Shinawatra/Thaksin_Shinawatra_0005.jpg,/home/anitadonato/tcc/tcc/data/lfw/lfw-funneled/Thaksin_Shinawatra/Thaksin_Shinawatra_0001.jpg,0.3279257932843782,1
/home/anitadonato/tcc/tcc/data/lfw/lfw-funneled/Thaksin_Shinawatra/Thaksin_Shinawatra_0005.jpg,/home/anitadonato/tcc/tcc/data/lfw/lfw-funneled/Thaksin_Shinawatra/Thaksin_Shinawatra_0006.jpg,0.38900721979370867,1
/home/anitadonato/tcc/tcc/data/lfw/lfw-funneled/Thaksin_Shinawatra/Thaksin_Shinawatra_0005.jpg,/home/anitadonato/tcc/tcc/data/lfw/lfw-funneled/Thaksin_Shinawatra/Thaksin_Shinawatra_0002.jpg,0.36719868464278804,1
/home/anitadonato/tcc/tcc/data/lfw/lfw-funneled/Thaksin_Shinawatra/Thaksin_Shinawatra_0003.jpg,/home/anitadonato/tcc/tcc/data/lfw/lfw-funneled/Thaksin_Shinawatra/Thaksin_Shinawatra_0001.jpg,0.3654086802680191,1
/home/anitadonato/tcc/tcc/data/lfw/lfw-funneled/Thaksin_Shinawatra/Thaksin_Shinawatra_0003.jpg,/home/anitadonato/tcc/tcc/data/lfw/lfw-funneled/Thaksin_Shinawatra/Thaksin_Shinawatra_0006.jpg,0.45905306583505795,1
/home/anitadonato/tcc/tcc/data/lfw/lfw-funneled/Thaksin_Shinawatra/Thaksin_Shinawatra_0003.jpg,/home/anitadonato/tcc/tcc/data/lfw/lfw-funneled/Thaksin_Shinawatra/Thaksin_Shinawatra_0002.jpg,0.36265032389436014,1
/home/anitadonato/tcc/tcc/data/lfw/lfw-funneled/Thaksin_Shinawatra/Thaksin_Shinawatra_0001.jpg,/home/anitadonato/tcc/tcc/data/lfw/lfw-funneled/Thaksin_Shinawatra/Thaksin_Shinawatra_0006.jpg,0.4043411306350065,1
/home/anitadonato/tcc/tcc/data/lfw/lfw-funneled/Thaksin_Shinawatra/Thaksin_Shinawatra_0001.jpg,/home/anitadonato/tcc/tcc/data/lfw/lfw-funneled/Thaksin_Shinawatra/Thaksin_Shinawatra_0002.jpg,0.33857504459523874,1
/home/anitadonato/tcc/tcc/data/lfw/lfw-funneled/Thaksin_Shinawatra/Thaksin_Shinawatra_0006.jpg,/home/anitadonato/tcc/tcc/data/lfw/lfw-funneled/Thaksin_Shinawatra/Thaksin_Shinawatra_0002.jpg,0.44564419751395384,1
/home/anitadonato/tcc/tcc/data/lfw/lfw-funneled/Bulent_Ecevit/Bulent_Ecevit_0005.jpg,/home/anitadonato/tcc/tcc/data/lfw/lfw-funneled/Bulent_Ecevit/Bulent_Ecevit_0001.jpg,0.2781920961179738,1
/home/anitadonato/tcc/tcc/data/lfw/lfw-funneled/Bulent_Ecevit/Bulent_Ecevit_0005.jpg,/home/anitadonato/tcc/tcc/data/lfw/lfw-funneled/Bulent_Ecevit/Bulent_Ecevit_0004.jpg,0.19618651330958187,1
/home/anitadonato/tcc/tcc/data/lfw/lfw-funneled/Bulent_Ecevit/Bulent_Ecevit_0005.jpg,/home/anitadonato/tcc/tcc/data/lfw/lfw-funneled/Bulent_Ecevit/Bulent_Ecevit_0006.jpg,0.41420277376003006,1
/home/anitadonato/tcc/tcc/data/lfw/lfw-funneled/Bulent_Ecevit/Bulent_Ecevit_0005.jpg,/home/anitadonato/tcc/tcc/data/lfw/lfw-funneled/Bulent_Ecevit/Bulent_Ecevit_0002.jpg,0.24628736045323377,1
/home/anitadonato/tcc/tcc/data/lfw/lfw-funneled/Bulent_Ecevit/Bulent_Ecevit_0001.jpg,/home/anitadonato/tcc/tcc/data/lfw/lfw-funneled/Bulent_Ecevit/Bulent_Ecevit_0004.jpg,0.3200757182876822,1
/home/anitadonato/tcc/tcc/data/lfw/lfw-funneled/Bulent_Ecevit/Bulent_Ecevit_0001.jpg,/home/anitadonato/tcc/tcc/data/lfw/lfw-funneled/Bulent_Ecevit/Bulent_Ecevit_0006.jpg,0.39350936335540776,1
/home/anitadonato/tcc/tcc/data/lfw/lfw-funneled/Bulent_Ecevit/Bulent_Ecevit_0001.jpg,/home/anitadonato/tcc/tcc/data/lfw/lfw-funneled/Bulent_Ecevit/Bulent_Ecevit_0002.jpg,0.33100318268124573,1
/home/anitadonato/tcc/tcc/data/lfw/lfw-funneled/Bulent_Ecevit/Bulent_Ecevit_0004.jpg,/home/anitadonato/tcc/tcc/data/lfw/lfw-funneled/Bulent_Ecevit/Bulent_Ecevit_0006.jpg,0.39261251639222944,1
/home/anitadonato/tcc/tcc/data/lfw/lfw-funneled/Bulent_Ecevit/Bulent_Ecevit_0004.jpg,/home/anitadonato/tcc/tcc/data/lfw/lfw-funneled/Bulent_Ecevit/Bulent_Ecevit_0002.jpg,0.22060947638029532,1
/home/anitadonato/tcc/tcc/data/lfw/lfw-funneled/Bulent_Ecevit/Bulent_Ecevit_0006.jpg,/home/anitadonato/tcc/tcc/data/lfw/lfw-funneled/Bulent_Ecevit/Bulent_Ecevit_0002.jpg,0.4472203133360027,1
/home/anitadonato/tcc/tcc/data/lfw/lfw-funneled/Rudolph_Giuliani/Rudolph_Giuliani_0021.jpg,/home/anitadonato/tcc/tcc/data/lfw/lfw-funneled/Rudolph_Giuliani/Rudolph_Giuliani_0020.jpg,0.455350770605217,1
/home/anitadonato/tcc/tcc/data/lfw/lfw-funneled/Rudolph_Giuliani/Rudolph_Giuliani_0021.jpg,/home/anitadonato/tcc/tcc/data/lfw/lfw-funneled/Rudolph_Giuliani/Rudolph_Giuliani_0019.jpg,0.4020728750708863,1
/home/anitadonato/tcc/tcc/data/lfw/lfw-funneled/Rudolph_Giuliani/Rudolph_Giuliani_0021.jpg,/home/anitadonato/tcc/tcc/data/lfw/lfw-funneled/Rudolph_Giuliani/Rudolph_Giuliani_0007.jpg,0.5094722810448996,1
/home/anitadonato/tcc/tcc/data/lfw/lfw-funneled/Rudolph_Giuliani/Rudolph_Giuliani_0020.jpg,/home/anitadonato/tcc/tcc/data/lfw/lfw-funneled/Rudolph_Giuliani/Rudolph_Giuliani_0019.jpg,0.488109892180733,1
/home/anitadonato/tcc/tcc/data/lfw/lfw-funneled/Rudolph_Giuliani/Rudolph_Giuliani_0020.jpg,/home/anitadonato/tcc/tcc/data/lfw/lfw-funneled/Rudolph_Giuliani/Rudolph_Giuliani_0007.jpg,0.4935650318164161,1
/home/anitadonato/tcc/tcc/data/lfw/lfw-funneled/Rudolph_Giuliani/Rudolph_Giuliani_0019.jpg,/home/anitadonato/tcc/tcc/data/lfw/lfw-funneled/Rudolph_Giuliani/Rudolph_Giuliani_0007.jpg,0.47278858456727096,1
/home/anitadonato/tcc/tcc/data/lfw/lfw-funneled/Yoko_Ono/Yoko_Ono_0006.jpg,/home/anitadonato/tcc/tcc/data/lfw/lfw-funneled/Yoko_Ono/Yoko_Ono_0001.jpg,0.4534152800160318,1
/home/anitadonato/tcc/tcc/data/lfw/lfw-funneled/Yoko_Ono/Yoko_Ono_0006.jpg,/home/anitadonato/tcc/tcc/data/lfw/lfw-funneled/Yoko_Ono/Yoko_Ono_0005.jpg,0.4313754332625131,1
/home/anitadonato/tcc/tcc/data/lfw/lfw-funneled/Yoko_Ono/Yoko_Ono_0006.jpg,/home/anitadonato/tcc/tcc/data/lfw/lfw-funneled/Yoko_Ono/Yoko_Ono_0003.jpg,0.44960949840768416,1
/home/anitadonato/tcc/tcc/data/lfw/lfw-funneled/Yoko_Ono/Yoko_Ono_0006.jpg,/home/anitadonato/tcc/tcc/data/lfw/lfw-funneled/Yoko_Ono/Yoko_Ono_0004.jpg,0.44794486250983756,1
/home/anitadonato/tcc/tcc/data/lfw/lfw-funneled/Yoko_Ono/Yoko_Ono_0001.jpg,/home/anitadonato/tcc/tcc/data/lfw/lfw-funneled/Yoko_Ono/Yoko_Ono_0005.jpg,0.33751037924835814,1
/home/anitadonato/tcc/tcc/data/lfw/lfw-funneled/Yoko_Ono/Yoko_Ono_0001.jpg,/home/anitadonato/tcc/tcc/data/lfw/lfw-funneled/Yoko_Ono/Yoko_Ono_0003.jpg,0.33827889486520235,1
/home/anitadonato/tcc/tcc/data/lfw/lfw-funneled/Yoko_Ono/Yoko_Ono_0001.jpg,/home/anitadonato/tcc/tcc/data/lfw/lfw-funneled/Yoko_Ono/Yoko_Ono_0004.jpg,0.3672768392240393,1
/home/anitadonato/tcc/tcc/data/lfw/lfw-funneled/Yoko_Ono/Yoko_Ono_0005.jpg,/home/anitadonato/tcc/tcc/data/lfw/lfw-funneled/Yoko_Ono/Yoko_Ono_0003.jpg,0.3538816563327888,1
/home/anitadonato/tcc/tcc/data/lfw/lfw-funneled/Yoko_Ono/Yoko_Ono_0005.jpg,/home/anitadonato/tcc/tcc/data/lfw/lfw-funneled/Yoko_Ono/Yoko_Ono_0004.jpg,0.40638481875727,1
/home/anitadonato/tcc/tcc/data/lfw/lfw-funneled/Yoko_Ono/Yoko_Ono_0003.jpg,/home/anitadonato/tcc/tcc/data/lfw/lfw-funneled/Yoko_Ono/Yoko_Ono_0004.jpg,0.3099116662363891,1
/home/anitadonato/tcc/tcc/data/lfw/lfw-funneled/Mohammed_Al-Douri/Mohammed_Al-Douri_0013.jpg,/home/anitadonato/tcc/tcc/data/lfw/lfw-funneled/Mohammed_Al-Douri/Mohammed_Al-Douri_0005.jpg,0.41363012861174636,1
/home/anitadonato/tcc/tcc/data/lfw/lfw-funneled/Mohammed_Al-Douri/Mohammed_Al-Douri_0013.jpg,/home/anitadonato/tcc/tcc/data/lfw/lfw-funneled/Mohammed_Al-Douri/Mohammed_Al-Douri_0002.jpg,0.38309279879667774,1
/home/anitadonato/tcc/tcc/data/lfw/lfw-funneled/Mohammed_Al-Douri/Mohammed_Al-Douri_0013.jpg,/home/anitadonato/tcc/tcc/data/lfw/lfw-funneled/Mohammed_Al-Douri/Mohammed_Al-Douri_0004.jpg,0.4992547875124294,1
/home/anitadonato/tcc/tcc/data/lfw/lfw-funneled/Mohammed_Al-Douri/Mohammed_Al-Douri_0013.jpg,/home/anitadonato/tcc/tcc/data/lfw/lfw-funneled/Mohammed_Al-Douri/Mohammed_Al-Douri_0015.jpg,0.46770887133705624,1
/home/anitadonato/tcc/tcc/data/lfw/lfw-funneled/Mohammed_Al-Douri/Mohammed_Al-Douri_0005.jpg,/home/anitadonato/tcc/tcc/data/lfw/lfw-funneled/Mohammed_Al-Douri/Mohammed_Al-Douri_0002.jpg,0.3528761191694447,1
/home/anitadonato/tcc/tcc/data/lfw/lfw-funneled/Mohammed_Al-Douri/Mohammed_Al-Douri_0005.jpg,/home/anitadonato/tcc/tcc/data/lfw/lfw-funneled/Mohammed_Al-Douri/Mohammed_Al-Douri_0004.jpg,0.4165639253137801,1
/home/anitadonato/tcc/tcc/data/lfw/lfw-funneled/Mohammed_Al-Douri/Mohammed_Al-Douri_0005.jpg,/home/anitadonato/tcc/tcc/data/lfw/lfw-funneled/Mohammed_Al-Douri/Mohammed_Al-Douri_0015.jpg,0.4078662045223683,1
/home/anitadonato/tcc/tcc/data/lfw/lfw-funneled/Mohammed_Al-Douri/Mohammed_Al-Douri_0002.jpg,/home/anitadonato/tcc/tcc/data/lfw/lfw-funneled/Mohammed_Al-Douri/Mohammed_Al-Douri_0004.jpg,0.48640953779590806,1
/home/anitadonato/tcc/tcc/data/lfw/lfw-funneled/Mohammed_Al-Douri/Mohammed_Al-Douri_0002.jpg,/home/anitadonato/tcc/tcc/data/lfw/lfw-funneled/Mohammed_Al-Douri/Mohammed_Al-Douri_0015.jpg,0.4081303100884716,1
/home/anitadonato/tcc/tcc/data/lfw/lfw-funneled/Mohammed_Al-Douri/Mohammed_Al-Douri_0004.jpg,/home/anitadonato/tcc/tcc/data/lfw/lfw-funneled/Mohammed_Al-Douri/Mohammed_Al-Douri_0015.jpg,0.4048864331750792,1
/home/anitadonato/tcc/tcc/data/lfw/lfw-funneled/Billy_Crystal/Billy_Crystal_0004.jpg,/home/anitadonato/tcc/tcc/data/lfw/lfw-funneled/Billy_Crystal/Billy_Crystal_0003.jpg,0.5064554305935579,1
/home/anitadonato/tcc/tcc/data/lfw/lfw-funneled/Billy_Crystal/Billy_Crystal_0004.jpg,/home/anitadonato/tcc/tcc/data/lfw/lfw-funneled/Billy_Crystal/Billy_Crystal_0006.jpg,0.5083334773668221,1
/home/anitadonato/tcc/tcc/data/lfw/lfw-funneled/Billy_Crystal/Billy_Crystal_0004.jpg,/home/anitadonato/tcc/tcc/data/lfw/lfw-funneled/Billy_Crystal/Billy_Crystal_0005.jpg,0.5833487827307628,1
/home/anitadonato/tcc/tcc/data/lfw/lfw-funneled/Billy_Crystal/Billy_Crystal_0004.jpg,/home/anitadonato/tcc/tcc/data/lfw/lfw-funneled/Billy_Crystal/Billy_Crystal_0002.jpg,0.6093908255336554,1
/home/anitadonato/tcc/tcc/data/lfw/lfw-funneled/Billy_Crystal/Billy_Crystal_0003.jpg,/home/anitadonato/tcc/tcc/data/lfw/lfw-funneled/Billy_Crystal/Billy_Crystal_0006.jpg,0.538991296042409,1
/home/anitadonato/tcc/tcc/data/lfw/lfw-funneled/Billy_Crystal/Billy_Crystal_0003.jpg,/home/anitadonato/tcc/tcc/data/lfw/lfw-funneled/Billy_Crystal/Billy_Crystal_0005.jpg,0.5342699065246833,1
/home/anitadonato/tcc/tcc/data/lfw/lfw-funneled/Billy_Crystal/Billy_Crystal_0003.jpg,/home/anitadonato/tcc/tcc/data/lfw/lfw-funneled/Billy_Crystal/Billy_Crystal_0002.jpg,0.5210172972705572,1
/home/anitadonato/tcc/tcc/data/lfw/lfw-funneled/Billy_Crystal/Billy_Crystal_0006.jpg,/home/anitadonato/tcc/tcc/data/lfw/lfw-funneled/Billy_Crystal/Billy_Crystal_0005.jpg,0.3503369719700522,1
/home/anitadonato/tcc/tcc/data/lfw/lfw-funneled/Billy_Crystal/Billy_Crystal_0006.jpg,/home/anitadonato/tcc/tcc/data/lfw/lfw-funneled/Billy_Crystal/Billy_Crystal_0002.jpg,0.5321718376910628,1
/home/anitadonato/tcc/tcc/data/lfw/lfw-funneled/Billy_Crystal/Billy_Crystal_0005.jpg,/home/anitadonato/tcc/tcc/data/lfw/lfw-funneled/Billy_Crystal/Billy_Crystal_0002.jpg,0.5360706477539247,1
/home/anitadonato/tcc/tcc/data/lfw/lfw-funneled/Paul_Martin/Paul_Martin_0003.jpg,/home/anitadonato/tcc/tcc/data/lfw/lfw-funneled/Paul_Martin/Paul_Martin_0008.jpg,0.4683313175524036,1
/home/anitadonato/tcc/tcc/data/lfw/lfw-funneled/Paul_Martin/Paul_Martin_0003.jpg,/home/anitadonato/tcc/tcc/data/lfw/lfw-funneled/Paul_Martin/Paul_Martin_0007.jpg,0.42728725933194867,1
/home/anitadonato/tcc/tcc/data/lfw/lfw-funneled/Paul_Martin/Paul_Martin_0003.jpg,/home/anitadonato/tcc/tcc/data/lfw/lfw-funneled/Paul_Martin/Paul_Martin_0002.jpg,0.39403552699840844,1
/home/anitadonato/tcc/tcc/data/lfw/lfw-funneled/Paul_Martin/Paul_Martin_0003.jpg,/home/anitadonato/tcc/tcc/data/lfw/lfw-funneled/Paul_Martin/Paul_Martin_0006.jpg,0.427836117999996,1
/home/anitadonato/tcc/tcc/data/lfw/lfw-funneled/Paul_Martin/Paul_Martin_0008.jpg,/home/anitadonato/tcc/tcc/data/lfw/lfw-funneled/Paul_Martin/Paul_Martin_0007.jpg,0.4595672627548635,1
/home/anitadonato/tcc/tcc/data/lfw/lfw-funneled/Paul_Martin/Paul_Martin_0008.jpg,/home/anitadonato/tcc/tcc/data/lfw/lfw-funneled/Paul_Martin/Paul_Martin_0002.jpg,0.4446710478446989,1
/home/anitadonato/tcc/tcc/data/lfw/lfw-funneled/Paul_Martin/Paul_Martin_0008.jpg,/home/anitadonato/tcc/tcc/data/lfw/lfw-funneled/Paul_Martin/Paul_Martin_0006.jpg,0.5353616515648005,1
/home/anitadonato/tcc/tcc/data/lfw/lfw-funneled/Paul_Martin/Paul_Martin_0007.jpg,/home/anitadonato/tcc/tcc/data/lfw/lfw-funneled/Paul_Martin/Paul_Martin_0002.jpg,0.40773227893392716,1
/home/anitadonato/tcc/tcc/data/lfw/lfw-funneled/Paul_Martin/Paul_Martin_0007.jpg,/home/anitadonato/tcc/tcc/data/lfw/lfw-funneled/Paul_Martin/Paul_Martin_0006.jpg,0.4876064674321141,1
/home/anitadonato/tcc/tcc/data/lfw/lfw-funneled/Paul_Martin/Paul_Martin_0002.jpg,/home/anitadonato/tcc/tcc/data/lfw/lfw-funneled/Paul_Martin/Paul_Martin_0006.jpg,0.4936614776879351,1
/home/anitadonato/tcc/tcc/data/lfw/lfw-funneled/Kevin_Costner/Kevin_Costner_0002.jpg,/home/anitadonato/tcc/tcc/data/lfw/lfw-funneled/Kevin_Costner/Kevin_Costner_0005.jpg,0.4833791089286488,1
/home/anitadonato/tcc/tcc/data/lfw/lfw-funneled/Kevin_Costner/Kevin_Costner_0002.jpg,/home/anitadonato/tcc/tcc/data/lfw/lfw-funneled/Kevin_Costner/Kevin_Costner_0006.jpg,0.6321280922070177,1
/home/anitadonato/tcc/tcc/data/lfw/lfw-funneled/Kevin_Costner/Kevin_Costner_0002.jpg,/home/anitadonato/tcc/tcc/data/lfw/lfw-funneled/Kevin_Costner/Kevin_Costner_0008.jpg,0.5704369777385131,1
/home/anitadonato/tcc/tcc/data/lfw/lfw-funneled/Kevin_Costner/Kevin_Costner_0002.jpg,/home/anitadonato/tcc/tcc/data/lfw/lfw-funneled/Kevin_Costner/Kevin_Costner_0007.jpg,0.5259742630718233,1
/home/anitadonato/tcc/tcc/data/lfw/lfw-funneled/Kevin_Costner/Kevin_Costner_0005.jpg,/home/anitadonato/tcc/tcc/data/lfw/lfw-funneled/Kevin_Costner/Kevin_Costner_0006.jpg,0.45071766174117917,1
/home/anitadonato/tcc/tcc/data/lfw/lfw-funneled/Kevin_Costner/Kevin_Costner_0005.jpg,/home/anitadonato/tcc/tcc/data/lfw/lfw-funneled/Kevin_Costner/Kevin_Costner_0008.jpg,0.4852064174135045,1
/home/anitadonato/tcc/tcc/data/lfw/lfw-funneled/Kevin_Costner/Kevin_Costner_0005.jpg,/home/anitadonato/tcc/tcc/data/lfw/lfw-funneled/Kevin_Costner/Kevin_Costner_0007.jpg,0.4788192167864906,1
/home/anitadonato/tcc/tcc/data/lfw/lfw-funneled/Kevin_Costner/Kevin_Costner_0006.jpg,/home/anitadonato/tcc/tcc/data/lfw/lfw-funneled/Kevin_Costner/Kevin_Costner_0008.jpg,0.38661675628612047,1
/home/anitadonato/tcc/tcc/data/lfw/lfw-funneled/Kevin_Costner/Kevin_Costner_0006.jpg,/home/anitadonato/tcc/tcc/data/lfw/lfw-funneled/Kevin_Costner/Kevin_Costner_0007.jpg,0.523658875006167,1
/home/anitadonato/tcc/tcc/data/lfw/lfw-funneled/Kevin_Costner/Kevin_Costner_0008.jpg,/home/anitadonato/tcc/tcc/data/lfw/lfw-funneled/Kevin_Costner/Kevin_Costner_0007.jpg,0.44952635947840036,1
/home/anitadonato/tcc/tcc/data/lfw/lfw-funneled/Ana_Palacio/Ana_Palacio_0003.jpg,/home/anitadonato/tcc/tcc/data/lfw/lfw-funneled/Ana_Palacio/Ana_Palacio_0004.jpg,0.4684133601705841,1
/home/anitadonato/tcc/tcc/data/lfw/lfw-funneled/Ana_Palacio/Ana_Palacio_0003.jpg,/home/anitadonato/tcc/tcc/data/lfw/lfw-funneled/Ana_Palacio/Ana_Palacio_0007.jpg,0.39942630700174314,1
/home/anitadonato/tcc/tcc/data/lfw/lfw-funneled/Ana_Palacio/Ana_Palacio_0003.jpg,/home/anitadonato/tcc/tcc/data/lfw/lfw-funneled/Ana_Palacio/Ana_Palacio_0008.jpg,0.49115167229612766,1
/home/anitadonato/tcc/tcc/data/lfw/lfw-funneled/Ana_Palacio/Ana_Palacio_0003.jpg,/home/anitadonato/tcc/tcc/data/lfw/lfw-funneled/Ana_Palacio/Ana_Palacio_0002.jpg,0.4132445838138919,1
/home/anitadonato/tcc/tcc/data/lfw/lfw-funneled/Ana_Palacio/Ana_Palacio_0004.jpg,/home/anitadonato/tcc/tcc/data/lfw/lfw-funneled/Ana_Palacio/Ana_Palacio_0007.jpg,0.47132540740918194,1
/home/anitadonato/tcc/tcc/data/lfw/lfw-funneled/Ana_Palacio/Ana_Palacio_0004.jpg,/home/anitadonato/tcc/tcc/data/lfw/lfw-funneled/Ana_Palacio/Ana_Palacio_0008.jpg,0.40555608340944715,1
/home/anitadonato/tcc/tcc/data/lfw/lfw-funneled/Ana_Palacio/Ana_Palacio_0004.jpg,/home/anitadonato/tcc/tcc/data/lfw/lfw-funneled/Ana_Palacio/Ana_Palacio_0002.jpg,0.37348018318713627,1
/home/anitadonato/tcc/tcc/data/lfw/lfw-funneled/Ana_Palacio/Ana_Palacio_0007.jpg,/home/anitadonato/tcc/tcc/data/lfw/lfw-funneled/Ana_Palacio/Ana_Palacio_0008.jpg,0.4865367121511672,1
/home/anitadonato/tcc/tcc/data/lfw/lfw-funneled/Ana_Palacio/Ana_Palacio_0007.jpg,/home/anitadonato/tcc/tcc/data/lfw/lfw-funneled/Ana_Palacio/Ana_Palacio_0002.jpg,0.45846912965170517,1
/home/anitadonato/tcc/tcc/data/lfw/lfw-funneled/Ana_Palacio/Ana_Palacio_0008.jpg,/home/anitadonato/tcc/tcc/data/lfw/lfw-funneled/Ana_Palacio/Ana_Palacio_0002.jpg,0.5044352154784896,1
/home/anitadonato/tcc/tcc/data/lfw/lfw-funneled/Ana_Guevara/Ana_Guevara_0006.jpg,/home/anitadonato/tcc/tcc/data/lfw/lfw-funneled/Ana_Guevara/Ana_Guevara_0003.jpg,0.44655935368511873,1
/home/anitadonato/tcc/tcc/data/lfw/lfw-funneled/Ana_Guevara/Ana_Guevara_0006.jpg,/home/anitadonato/tcc/tcc/data/lfw/lfw-funneled/Ana_Guevara/Ana_Guevara_0001.jpg,0.48831365975157565,1
/home/anitadonato/tcc/tcc/data/lfw/lfw-funneled/Ana_Guevara/Ana_Guevara_0006.jpg,/home/anitadonato/tcc/tcc/data/lfw/lfw-funneled/Ana_Guevara/Ana_Guevara_0002.jpg,0.44598704378679405,1
/home/anitadonato/tcc/tcc/data/lfw/lfw-funneled/Ana_Guevara/Ana_Guevara_0006.jpg,/home/anitadonato/tcc/tcc/data/lfw/lfw-funneled/Ana_Guevara/Ana_Guevara_0005.jpg,0.36507980188912514,1
/home/anitadonato/tcc/tcc/data/lfw/lfw-funneled/Ana_Guevara/Ana_Guevara_0003.jpg,/home/anitadonato/tcc/tcc/data/lfw/lfw-funneled/Ana_Guevara/Ana_Guevara_0001.jpg,0.5487573214959076,1
/home/anitadonato/tcc/tcc/data/lfw/lfw-funneled/Ana_Guevara/Ana_Guevara_0003.jpg,/home/anitadonato/tcc/tcc/data/lfw/lfw-funneled/Ana_Guevara/Ana_Guevara_0002.jpg,0.46035043157914857,1
/home/anitadonato/tcc/tcc/data/lfw/lfw-funneled/Ana_Guevara/Ana_Guevara_0003.jpg,/home/anitadonato/tcc/tcc/data/lfw/lfw-funneled/Ana_Guevara/Ana_Guevara_0005.jpg,0.43534740207692535,1
/home/anitadonato/tcc/tcc/data/lfw/lfw-funneled/Ana_Guevara/Ana_Guevara_0001.jpg,/home/anitadonato/tcc/tcc/data/lfw/lfw-funneled/Ana_Guevara/Ana_Guevara_0002.jpg,0.5467646504285552,1
/home/anitadonato/tcc/tcc/data/lfw/lfw-funneled/Ana_Guevara/Ana_Guevara_0001.jpg,/home/anitadonato/tcc/tcc/data/lfw/lfw-funneled/Ana_Guevara/Ana_Guevara_0005.jpg,0.4086270712819504,1
/home/anitadonato/tcc/tcc/data/lfw/lfw-funneled/Ana_Guevara/Ana_Guevara_0002.jpg,/home/anitadonato/tcc/tcc/data/lfw/lfw-funneled/Ana_Guevara/Ana_Guevara_0005.jpg,0.4447077817161477,1
/home/anitadonato/tcc/tcc/data/lfw/lfw-funneled/Bob_Hope/Bob_Hope_0006.jpg,/home/anitadonato/tcc/tcc/data/lfw/lfw-funneled/Bob_Hope/Bob_Hope_0004.jpg,0.5124250851660731,1
/home/anitadonato/tcc/tcc/data/lfw/lfw-funneled/Bob_Hope/Bob_Hope_0006.jpg,/home/anitadonato/tcc/tcc/data/lfw/lfw-funneled/Bob_Hope/Bob_Hope_0003.jpg,0.5322356645252617,1
/home/anitadonato/tcc/tcc/data/lfw/lfw-funneled/Bob_Hope/Bob_Hope_0006.jpg,/home/anitadonato/tcc/tcc/data/lfw/lfw-funneled/Bob_Hope/Bob_Hope_0001.jpg,0.4671156258611208,1
/home/anitadonato/tcc/tcc/data/lfw/lfw-funneled/Bob_Hope/Bob_Hope_0006.jpg,/home/anitadonato/tcc/tcc/data/lfw/lfw-funneled/Bob_Hope/Bob_Hope_0002.jpg,0.8659753919045432,1
/home/anitadonato/tcc/tcc/data/lfw/lfw-funneled/Bob_Hope/Bob_Hope_0004.jpg,/home/anitadonato/tcc/tcc/data/lfw/lfw-funneled/Bob_Hope/Bob_Hope_0003.jpg,0.48263722632502504,1
/home/anitadonato/tcc/tcc/data/lfw/lfw-funneled/Bob_Hope/Bob_Hope_0004.jpg,/home/anitadonato/tcc/tcc/data/lfw/lfw-funneled/Bob_Hope/Bob_Hope_0001.jpg,0.5248999741567271,1
/home/anitadonato/tcc/tcc/data/lfw/lfw-funneled/Bob_Hope/Bob_Hope_0004.jpg,/home/anitadonato/tcc/tcc/data/lfw/lfw-funneled/Bob_Hope/Bob_Hope_0002.jpg,0.7956233204562598,1
/home/anitadonato/tcc/tcc/data/lfw/lfw-funneled/Bob_Hope/Bob_Hope_0003.jpg,/home/anitadonato/tcc/tcc/data/lfw/lfw-funneled/Bob_Hope/Bob_Hope_0001.jpg,0.576839914519212,1
/home/anitadonato/tcc/tcc/data/lfw/lfw-funneled/Bob_Hope/Bob_Hope_0003.jpg,/home/anitadonato/tcc/tcc/data/lfw/lfw-funneled/Bob_Hope/Bob_Hope_0002.jpg,0.7345239306051948,1
/home/anitadonato/tcc/tcc/data/lfw/lfw-funneled/Bob_Hope/Bob_Hope_0001.jpg,/home/anitadonato/tcc/tcc/data/lfw/lfw-funneled/Bob_Hope/Bob_Hope_0002.jpg,0.8475224337202072,1
/home/anitadonato/tcc/tcc/data/lfw/lfw-funneled/Frank_Solich/Frank_Solich_0005.jpg,/home/anitadonato/tcc/tcc/data/lfw/lfw-funneled/Frank_Solich/Frank_Solich_0003.jpg,0.39307719544975556,1
/home/anitadonato/tcc/tcc/data/lfw/lfw-funneled/Frank_Solich/Frank_Solich_0005.jpg,/home/anitadonato/tcc/tcc/data/lfw/lfw-funneled/Frank_Solich/Frank_Solich_0001.jpg,0.33861488922473804,1
/home/anitadonato/tcc/tcc/data/lfw/lfw-funneled/Frank_Solich/Frank_Solich_0005.jpg,/home/anitadonato/tcc/tcc/data/lfw/lfw-funneled/Frank_Solich/Frank_Solich_0002.jpg,0.29193813933242574,1
/home/anitadonato/tcc/tcc/data/lfw/lfw-funneled/Frank_Solich/Frank_Solich_0005.jpg,/home/anitadonato/tcc/tcc/data/lfw/lfw-funneled/Frank_Solich/Frank_Solich_0004.jpg,0.324534147017836,1
/home/anitadonato/tcc/tcc/data/lfw/lfw-funneled/Frank_Solich/Frank_Solich_0003.jpg,/home/anitadonato/tcc/tcc/data/lfw/lfw-funneled/Frank_Solich/Frank_Solich_0001.jpg,0.4292034758979028,1
/home/anitadonato/tcc/tcc/data/lfw/lfw-funneled/Frank_Solich/Frank_Solich_0003.jpg,/home/anitadonato/tcc/tcc/data/lfw/lfw-funneled/Frank_Solich/Frank_Solich_0002.jpg,0.3562413234933344,1
/home/anitadonato/tcc/tcc/data/lfw/lfw-funneled/Frank_Solich/Frank_Solich_0003.jpg,/home/anitadonato/tcc/tcc/data/lfw/lfw-funneled/Frank_Solich/Frank_Solich_0004.jpg,0.43554664292646716,1
/home/anitadonato/tcc/tcc/data/lfw/lfw-funneled/Frank_Solich/Frank_Solich_0001.jpg,/home/anitadonato/tcc/tcc/data/lfw/lfw-funneled/Frank_Solich/Frank_Solich_0002.jpg,0.3218468977212565,1
/home/anitadonato/tcc/tcc/data/lfw/lfw-funneled/Frank_Solich/Frank_Solich_0001.jpg,/home/anitadonato/tcc/tcc/data/lfw/lfw-funneled/Frank_Solich/Frank_Solich_0004.jpg,0.3415575700401375,1
/home/anitadonato/tcc/tcc/data/lfw/lfw-funneled/Frank_Solich/Frank_Solich_0002.jpg,/home/anitadonato/tcc/tcc/data/lfw/lfw-funneled/Frank_Solich/Frank_Solich_0004.jpg,0.34995371435231554,1
/home/anitadonato/tcc/tcc/data/lfw/lfw-funneled/George_Robertson/George_Robertson_0021.jpg,/home/anitadonato/tcc/tcc/data/lfw/lfw-funneled/George_Robertson/George_Robertson_0015.jpg,0.34980025085262506,1
/home/anitadonato/tcc/tcc/data/lfw/lfw-funneled/George_Robertson/George_Robertson_0021.jpg,/home/anitadonato/tcc/tcc/data/lfw/lfw-funneled/George_Robertson/George_Robertson_0005.jpg,0.42211277279247844,1
/home/anitadonato/tcc/tcc/data/lfw/lfw-funneled/George_Robertson/George_Robertson_0021.jpg,/home/anitadonato/tcc/tcc/data/lfw/lfw-funneled/George_Robertson/George_Robertson_0009.jpg,0.391348792148831,1
/home/anitadonato/tcc/tcc/data/lfw/lfw-funneled/George_Robertson/George_Robertson_0021.jpg,/home/anitadonato/tcc/tcc/data/lfw/lfw-funneled/George_Robertson/George_Robertson_0008.jpg,0.43392919744190006,1
/home/anitadonato/tcc/tcc/data/lfw/lfw-funneled/George_Robertson/George_Robertson_0015.jpg,/home/anitadonato/tcc/tcc/data/lfw/lfw-funneled/George_Robertson/George_Robertson_0005.jpg,0.34932107889148795,1
/home/anitadonato/tcc/tcc/data/lfw/lfw-funneled/George_Robertson/George_Robertson_0015.jpg,/home/anitadonato/tcc/tcc/data/lfw/lfw-funneled/George_Robertson/George_Robertson_0009.jpg,0.4352755795950623,1
/home/anitadonato/tcc/tcc/data/lfw/lfw-funneled/George_Robertson/George_Robertson_0015.jpg,/home/anitadonato/tcc/tcc/data/lfw/lfw-funneled/George_Robertson/George_Robertson_0008.jpg,0.3550575108996565,1
/home/anitadonato/tcc/tcc/data/lfw/lfw-funneled/George_Robertson/George_Robertson_0005.jpg,/home/anitadonato/tcc/tcc/data/lfw/lfw-funneled/George_Robertson/George_Robertson_0009.jpg,0.4152674639502721,1
/home/anitadonato/tcc/tcc/data/lfw/lfw-funneled/George_Robertson/George_Robertson_0005.jpg,/home/anitadonato/tcc/tcc/data/lfw/lfw-funneled/George_Robertson/George_Robertson_0008.jpg,0.3405361211251395,1
/home/anitadonato/tcc/tcc/data/lfw/lfw-funneled/George_Robertson/George_Robertson_0009.jpg,/home/anitadonato/tcc/tcc/data/lfw/lfw-funneled/George_Robertson/George_Robertson_0008.jpg,0.3606874821862885,1
/home/anitadonato/tcc/tcc/data/lfw/lfw-funneled/Matthew_Perry/Matthew_Perry_0006.jpg,/home/anitadonato/tcc/tcc/data/lfw/lfw-funneled/Matthew_Perry/Matthew_Perry_0005.jpg,0.5033052892672397,1
/home/anitadonato/tcc/tcc/data/lfw/lfw-funneled/Matthew_Perry/Matthew_Perry_0006.jpg,/home/anitadonato/tcc/tcc/data/lfw/lfw-funneled/Matthew_Perry/Matthew_Perry_0007.jpg,0.48748823595920643,1
/home/anitadonato/tcc/tcc/data/lfw/lfw-funneled/Matthew_Perry/Matthew_Perry_0006.jpg,/home/anitadonato/tcc/tcc/data/lfw/lfw-funneled/Matthew_Perry/Matthew_Perry_0003.jpg,0.6024940373404084,1
/home/anitadonato/tcc/tcc/data/lfw/lfw-funneled/Matthew_Perry/Matthew_Perry_0006.jpg,/home/anitadonato/tcc/tcc/data/lfw/lfw-funneled/Matthew_Perry/Matthew_Perry_0004.jpg,0.5114000394572152,1
/home/anitadonato/tcc/tcc/data/lfw/lfw-funneled/Matthew_Perry/Matthew_Perry_0005.jpg,/home/anitadonato/tcc/tcc/data/lfw/lfw-funneled/Matthew_Perry/Matthew_Perry_0007.jpg,0.476526554666067,1
/home/anitadonato/tcc/tcc/data/lfw/lfw-funneled/Matthew_Perry/Matthew_Perry_0005.jpg,/home/anitadonato/tcc/tcc/data/lfw/lfw-funneled/Matthew_Perry/Matthew_Perry_0003.jpg,0.6239158620524805,1
/home/anitadonato/tcc/tcc/data/lfw/lfw-funneled/Matthew_Perry/Matthew_Perry_0005.jpg,/home/anitadonato/tcc/tcc/data/lfw/lfw-funneled/Matthew_Perry/Matthew_Perry_0004.jpg,0.5708998525052482,1
/home/anitadonato/tcc/tcc/data/lfw/lfw-funneled/Matthew_Perry/Matthew_Perry_0007.jpg,/home/anitadonato/tcc/tcc/data/lfw/lfw-funneled/Matthew_Perry/Matthew_Perry_0003.jpg,0.6284882423370569,1
/home/anitadonato/tcc/tcc/data/lfw/lfw-funneled/Matthew_Perry/Matthew_Perry_0007.jpg,/home/anitadonato/tcc/tcc/data/lfw/lfw-funneled/Matthew_Perry/Matthew_Perry_0004.jpg,0.5133833493869531,1
/home/anitadonato/tcc/tcc/data/lfw/lfw-funneled/Matthew_Perry/Matthew_Perry_0003.jpg,/home/anitadonato/tcc/tcc/data/lfw/lfw-funneled/Matthew_Perry/Matthew_Perry_0004.jpg,0.65090879347719,1
/home/anitadonato/tcc/tcc/data/lfw/lfw-funneled/Pedro_Malan/Pedro_Malan_0005.jpg,/home/anitadonato/tcc/tcc/data/lfw/lfw-funneled/Pedro_Malan/Pedro_Malan_0004.jpg,0.41457116370594743,1
/home/anitadonato/tcc/tcc/data/lfw/lfw-funneled/Pedro_Malan/Pedro_Malan_0005.jpg,/home/anitadonato/tcc/tcc/data/lfw/lfw-funneled/Pedro_Malan/Pedro_Malan_0003.jpg,0.4573832602674738,1
/home/anitadonato/tcc/tcc/data/lfw/lfw-funneled/Pedro_Malan/Pedro_Malan_0005.jpg,/home/anitadonato/tcc/tcc/data/lfw/lfw-funneled/Pedro_Malan/Pedro_Malan_0002.jpg,0.3195257069283701,1
/home/anitadonato/tcc/tcc/data/lfw/lfw-funneled/Pedro_Malan/Pedro_Malan_0005.jpg,/home/anitadonato/tcc/tcc/data/lfw/lfw-funneled/Pedro_Malan/Pedro_Malan_0001.jpg,0.5224726889998447,1
/home/anitadonato/tcc/tcc/data/lfw/lfw-funneled/Pedro_Malan/Pedro_Malan_0004.jpg,/home/anitadonato/tcc/tcc/data/lfw/lfw-funneled/Pedro_Malan/Pedro_Malan_0003.jpg,0.40225321263398206,1
/home/anitadonato/tcc/tcc/data/lfw/lfw-funneled/Pedro_Malan/Pedro_Malan_0004.jpg,/home/anitadonato/tcc/tcc/data/lfw/lfw-funneled/Pedro_Malan/Pedro_Malan_0002.jpg,0.4531874117991024,1
/home/anitadonato/tcc/tcc/data/lfw/lfw-funneled/Pedro_Malan/Pedro_Malan_0004.jpg,/home/anitadonato/tcc/tcc/data/lfw/lfw-funneled/Pedro_Malan/Pedro_Malan_0001.jpg,0.45724182258119095,1
/home/anitadonato/tcc/tcc/data/lfw/lfw-funneled/Pedro_Malan/Pedro_Malan_0003.jpg,/home/anitadonato/tcc/tcc/data/lfw/lfw-funneled/Pedro_Malan/Pedro_Malan_0002.jpg,0.4379058374480453,1
/home/anitadonato/tcc/tcc/data/lfw/lfw-funneled/Pedro_Malan/Pedro_Malan_0003.jpg,/home/anitadonato/tcc/tcc/data/lfw/lfw-funneled/Pedro_Malan/Pedro_Malan_0001.jpg,0.46647178430698577,1
/home/anitadonato/tcc/tcc/data/lfw/lfw-funneled/Pedro_Malan/Pedro_Malan_0002.jpg,/home/anitadonato/tcc/tcc/data/lfw/lfw-funneled/Pedro_Malan/Pedro_Malan_0001.jpg,0.5276327188080386,1
/home/anitadonato/tcc/tcc/data/lfw/lfw-funneled/Amelia_Vega/Amelia_Vega_0002.jpg,/home/anitadonato/tcc/tcc/data/lfw/lfw-funneled/Amelia_Vega/Amelia_Vega_0007.jpg,0.45427608937721753,1
/home/anitadonato/tcc/tcc/data/lfw/lfw-funneled/Amelia_Vega/Amelia_Vega_0002.jpg,/home/anitadonato/tcc/tcc/data/lfw/lfw-funneled/Amelia_Vega/Amelia_Vega_0005.jpg,0.43836853007785165,1
/home/anitadonato/tcc/tcc/data/lfw/lfw-funneled/Amelia_Vega/Amelia_Vega_0002.jpg,/home/anitadonato/tcc/tcc/data/lfw/lfw-funneled/Amelia_Vega/Amelia_Vega_0004.jpg,0.49966220289309543,1
/home/anitadonato/tcc/tcc/data/lfw/lfw-funneled/Amelia_Vega/Amelia_Vega_0002.jpg,/home/anitadonato/tcc/tcc/data/lfw/lfw-funneled/Amelia_Vega/Amelia_Vega_0001.jpg,0.4086515985944901,1
/home/anitadonato/tcc/tcc/data/lfw/lfw-funneled/Amelia_Vega/Amelia_Vega_0007.jpg,/home/anitadonato/tcc/tcc/data/lfw/lfw-funneled/Amelia_Vega/Amelia_Vega_0005.jpg,0.41277920477982,1
/home/anitadonato/tcc/tcc/data/lfw/lfw-funneled/Amelia_Vega/Amelia_Vega_0007.jpg,/home/anitadonato/tcc/tcc/data/lfw/lfw-funneled/Amelia_Vega/Amelia_Vega_0004.jpg,0.4225514944596761,1
/home/anitadonato/tcc/tcc/data/lfw/lfw-funneled/Amelia_Vega/Amelia_Vega_0007.jpg,/home/anitadonato/tcc/tcc/data/lfw/lfw-funneled/Amelia_Vega/Amelia_Vega_0001.jpg,0.41708828110018564,1
/home/anitadonato/tcc/tcc/data/lfw/lfw-funneled/Amelia_Vega/Amelia_Vega_0005.jpg,/home/anitadonato/tcc/tcc/data/lfw/lfw-funneled/Amelia_Vega/Amelia_Vega_0004.jpg,0.4547134554857439,1
/home/anitadonato/tcc/tcc/data/lfw/lfw-funneled/Amelia_Vega/Amelia_Vega_0005.jpg,/home/anitadonato/tcc/tcc/data/lfw/lfw-funneled/Amelia_Vega/Amelia_Vega_0001.jpg,0.3498542673883942,1
/home/anitadonato/tcc/tcc/data/lfw/lfw-funneled/Amelia_Vega/Amelia_Vega_0004.jpg,/home/anitadonato/tcc/tcc/data/lfw/lfw-funneled/Amelia_Vega/Amelia_Vega_0001.jpg,0.4480531225092282,1
/home/anitadonato/tcc/tcc/data/lfw/lfw-funneled/Natalie_Coughlin/Natalie_Coughlin_0001.jpg,/home/anitadonato/tcc/tcc/data/lfw/lfw-funneled/Natalie_Coughlin/Natalie_Coughlin_0006.jpg,0.34628067494345416,1
/home/anitadonato/tcc/tcc/data/lfw/lfw-funneled/Natalie_Coughlin/Natalie_Coughlin_0001.jpg,/home/anitadonato/tcc/tcc/data/lfw/lfw-funneled/Natalie_Coughlin/Natalie_Coughlin_0002.jpg,0.43478769982483406,1
/home/anitadonato/tcc/tcc/data/lfw/lfw-funneled/Natalie_Coughlin/Natalie_Coughlin_0001.jpg,/home/anitadonato/tcc/tcc/data/lfw/lfw-funneled/Natalie_Coughlin/Natalie_Coughlin_0003.jpg,0.5742332727674655,1
/home/anitadonato/tcc/tcc/data/lfw/lfw-funneled/Natalie_Coughlin/Natalie_Coughlin_0001.jpg,/home/anitadonato/tcc/tcc/data/lfw/lfw-funneled/Natalie_Coughlin/Natalie_Coughlin_0005.jpg,0.4158665838015426,1
/home/anitadonato/tcc/tcc/data/lfw/lfw-funneled/Natalie_Coughlin/Natalie_Coughlin_0006.jpg,/home/anitadonato/tcc/tcc/data/lfw/lfw-funneled/Natalie_Coughlin/Natalie_Coughlin_0002.jpg,0.4121515867109483,1
/home/anitadonato/tcc/tcc/data/lfw/lfw-funneled/Natalie_Coughlin/Natalie_Coughlin_0006.jpg,/home/anitadonato/tcc/tcc/data/lfw/lfw-funneled/Natalie_Coughlin/Natalie_Coughlin_0003.jpg,0.5711861096274703,1
/home/anitadonato/tcc/tcc/data/lfw/lfw-funneled/Natalie_Coughlin/Natalie_Coughlin_0006.jpg,/home/anitadonato/tcc/tcc/data/lfw/lfw-funneled/Natalie_Coughlin/Natalie_Coughlin_0005.jpg,0.2680776862684353,1
/home/anitadonato/tcc/tcc/data/lfw/lfw-funneled/Natalie_Coughlin/Natalie_Coughlin_0002.jpg,/home/anitadonato/tcc/tcc/data/lfw/lfw-funneled/Natalie_Coughlin/Natalie_Coughlin_0003.jpg,0.5598031125329714,1
/home/anitadonato/tcc/tcc/data/lfw/lfw-funneled/Natalie_Coughlin/Natalie_Coughlin_0002.jpg,/home/anitadonato/tcc/tcc/data/lfw/lfw-funneled/Natalie_Coughlin/Natalie_Coughlin_0005.jpg,0.40476161502992586,1
/home/anitadonato/tcc/tcc/data/lfw/lfw-funneled/Natalie_Coughlin/Natalie_Coughlin_0003.jpg,/home/anitadonato/tcc/tcc/data/lfw/lfw-funneled/Natalie_Coughlin/Natalie_Coughlin_0005.jpg,0.5702216972987193,1
/home/anitadonato/tcc/tcc/data/lfw/lfw-funneled/Elizabeth_Smart/Elizabeth_Smart_0004.jpg,/home/anitadonato/tcc/tcc/data/lfw/lfw-funneled/Elizabeth_Smart/Elizabeth_Smart_0001.jpg,0.41914591847201,1
/home/anitadonato/tcc/tcc/data/lfw/lfw-funneled/Elizabeth_Smart/Elizabeth_Smart_0004.jpg,/home/anitadonato/tcc/tcc/data/lfw/lfw-funneled/Elizabeth_Smart/Elizabeth_Smart_0002.jpg,0.5003570783448125,1
/home/anitadonato/tcc/tcc/data/lfw/lfw-funneled/Elizabeth_Smart/Elizabeth_Smart_0004.jpg,/home/anitadonato/tcc/tcc/data/lfw/lfw-funneled/Elizabeth_Smart/Elizabeth_Smart_0003.jpg,0.44876696342778866,1
/home/anitadonato/tcc/tcc/data/lfw/lfw-funneled/Elizabeth_Smart/Elizabeth_Smart_0004.jpg,/home/anitadonato/tcc/tcc/data/lfw/lfw-funneled/Elizabeth_Smart/Elizabeth_Smart_0005.jpg,0.23349505151954547,1
/home/anitadonato/tcc/tcc/data/lfw/lfw-funneled/Elizabeth_Smart/Elizabeth_Smart_0001.jpg,/home/anitadonato/tcc/tcc/data/lfw/lfw-funneled/Elizabeth_Smart/Elizabeth_Smart_0002.jpg,0.30125886200804786,1
/home/anitadonato/tcc/tcc/data/lfw/lfw-funneled/Elizabeth_Smart/Elizabeth_Smart_0001.jpg,/home/anitadonato/tcc/tcc/data/lfw/lfw-funneled/Elizabeth_Smart/Elizabeth_Smart_0003.jpg,0.34221186702451,1
/home/anitadonato/tcc/tcc/data/lfw/lfw-funneled/Elizabeth_Smart/Elizabeth_Smart_0001.jpg,/home/anitadonato/tcc/tcc/data/lfw/lfw-funneled/Elizabeth_Smart/Elizabeth_Smart_0005.jpg,0.3891255772958172,1
/home/anitadonato/tcc/tcc/data/lfw/lfw-funneled/Elizabeth_Smart/Elizabeth_Smart_0002.jpg,/home/anitadonato/tcc/tcc/data/lfw/lfw-funneled/Elizabeth_Smart/Elizabeth_Smart_0003.jpg,0.38964229658695615,1
/home/anitadonato/tcc/tcc/data/lfw/lfw-funneled/Elizabeth_Smart/Elizabeth_Smart_0002.jpg,/home/anitadonato/tcc/tcc/data/lfw/lfw-funneled/Elizabeth_Smart/Elizabeth_Smart_0005.jpg,0.4545636140663766,1
/home/anitadonato/tcc/tcc/data/lfw/lfw-funneled/Elizabeth_Smart/Elizabeth_Smart_0003.jpg,/home/anitadonato/tcc/tcc/data/lfw/lfw-funneled/Elizabeth_Smart/Elizabeth_Smart_0005.jpg,0.42663304603850544,1
/home/anitadonato/tcc/tcc/data/lfw/lfw-funneled/Spencer_Abraham/Spencer_Abraham_0017.jpg,/home/anitadonato/tcc/tcc/data/lfw/lfw-funneled/Spencer_Abraham/Spencer_Abraham_0009.jpg,0.4304575140230896,1
/home/anitadonato/tcc/tcc/data/lfw/lfw-funneled/Spencer_Abraham/Spencer_Abraham_0017.jpg,/home/anitadonato/tcc/tcc/data/lfw/lfw-funneled/Spencer_Abraham/Spencer_Abraham_0016.jpg,0.43052238579481417,1
/home/anitadonato/tcc/tcc/data/lfw/lfw-funneled/Spencer_Abraham/Spencer_Abraham_0017.jpg,/home/anitadonato/tcc/tcc/data/lfw/lfw-funneled/Spencer_Abraham/Spencer_Abraham_0014.jpg,0.3692043516218151,1
/home/anitadonato/tcc/tcc/data/lfw/lfw-funneled/Spencer_Abraham/Spencer_Abraham_0017.jpg,/home/anitadonato/tcc/tcc/data/lfw/lfw-funneled/Spencer_Abraham/Spencer_Abraham_0001.jpg,0.416213278564788,1
/home/anitadonato/tcc/tcc/data/lfw/lfw-funneled/Spencer_Abraham/Spencer_Abraham_0009.jpg,/home/anitadonato/tcc/tcc/data/lfw/lfw-funneled/Spencer_Abraham/Spencer_Abraham_0016.jpg,0.43686169026999777,1
/home/anitadonato/tcc/tcc/data/lfw/lfw-funneled/Spencer_Abraham/Spencer_Abraham_0009.jpg,/home/anitadonato/tcc/tcc/data/lfw/lfw-funneled/Spencer_Abraham/Spencer_Abraham_0014.jpg,0.34605257310590276,1
/home/anitadonato/tcc/tcc/data/lfw/lfw-funneled/Spencer_Abraham/Spencer_Abraham_0009.jpg,/home/anitadonato/tcc/tcc/data/lfw/lfw-funneled/Spencer_Abraham/Spencer_Abraham_0001.jpg,0.41554829672961563,1
/home/anitadonato/tcc/tcc/data/lfw/lfw-funneled/Spencer_Abraham/Spencer_Abraham_0016.jpg,/home/anitadonato/tcc/tcc/data/lfw/lfw-funneled/Spencer_Abraham/Spencer_Abraham_0014.jpg,0.37366635655905733,1
/home/anitadonato/tcc/tcc/data/lfw/lfw-funneled/Spencer_Abraham/Spencer_Abraham_0016.jpg,/home/anitadonato/tcc/tcc/data/lfw/lfw-funneled/Spencer_Abraham/Spencer_Abraham_0001.jpg,0.3624744507656677,1
/home/anitadonato/tcc/tcc/data/lfw/lfw-funneled/Spencer_Abraham/Spencer_Abraham_0014.jpg,/home/anitadonato/tcc/tcc/data/lfw/lfw-funneled/Spencer_Abraham/Spencer_Abraham_0001.jpg,0.39233846835723696,1
/home/anitadonato/tcc/tcc/data/lfw/lfw-funneled/Robert_De_Niro/Robert_De_Niro_0006.jpg,/home/anitadonato/tcc/tcc/data/lfw/lfw-funneled/Robert_De_Niro/Robert_De_Niro_0001.jpg,0.5006048036766766,1
/home/anitadonato/tcc/tcc/data/lfw/lfw-funneled/Robert_De_Niro/Robert_De_Niro_0006.jpg,/home/anitadonato/tcc/tcc/data/lfw/lfw-funneled/Robert_De_Niro/Robert_De_Niro_0003.jpg,0.42394290836766246,1
/home/anitadonato/tcc/tcc/data/lfw/lfw-funneled/Robert_De_Niro/Robert_De_Niro_0006.jpg,/home/anitadonato/tcc/tcc/data/lfw/lfw-funneled/Robert_De_Niro/Robert_De_Niro_0004.jpg,0.3386494629357631,1
/home/anitadonato/tcc/tcc/data/lfw/lfw-funneled/Robert_De_Niro/Robert_De_Niro_0006.jpg,/home/anitadonato/tcc/tcc/data/lfw/lfw-funneled/Robert_De_Niro/Robert_De_Niro_0002.jpg,0.44634738424773196,1
/home/anitadonato/tcc/tcc/data/lfw/lfw-funneled/Robert_De_Niro/Robert_De_Niro_0001.jpg,/home/anitadonato/tcc/tcc/data/lfw/lfw-funneled/Robert_De_Niro/Robert_De_Niro_0003.jpg,0.45283512676392224,1
/home/anitadonato/tcc/tcc/data/lfw/lfw-funneled/Robert_De_Niro/Robert_De_Niro_0001.jpg,/home/anitadonato/tcc/tcc/data/lfw/lfw-funneled/Robert_De_Niro/Robert_De_Niro_0004.jpg,0.46754389620763304,1
/home/anitadonato/tcc/tcc/data/lfw/lfw-funneled/Robert_De_Niro/Robert_De_Niro_0001.jpg,/home/anitadonato/tcc/tcc/data/lfw/lfw-funneled/Robert_De_Niro/Robert_De_Niro_0002.jpg,0.4275341525016461,1
/home/anitadonato/tcc/tcc/data/lfw/lfw-funneled/Robert_De_Niro/Robert_De_Niro_0003.jpg,/home/anitadonato/tcc/tcc/data/lfw/lfw-funneled/Robert_De_Niro/Robert_De_Niro_0004.jpg,0.4171085132553157,1
/home/anitadonato/tcc/tcc/data/lfw/lfw-funneled/Robert_De_Niro/Robert_De_Niro_0003.jpg,/home/anitadonato/tcc/tcc/data/lfw/lfw-funneled/Robert_De_Niro/Robert_De_Niro_0002.jpg,0.329232110393465,1
/home/anitadonato/tcc/tcc/data/lfw/lfw-funneled/Robert_De_Niro/Robert_De_Niro_0004.jpg,/home/anitadonato/tcc/tcc/data/lfw/lfw-funneled/Robert_De_Niro/Robert_De_Niro_0002.jpg,0.47943903937881915,1
/home/anitadonato/tcc/tcc/data/lfw/lfw-funneled/Sharon_Stone/Sharon_Stone_0001.jpg,/home/anitadonato/tcc/tcc/data/lfw/lfw-funneled/Sharon_Stone/Sharon_Stone_0003.jpg,0.5306518275469071,1
/home/anitadonato/tcc/tcc/data/lfw/lfw-funneled/Sharon_Stone/Sharon_Stone_0001.jpg,/home/anitadonato/tcc/tcc/data/lfw/lfw-funneled/Sharon_Stone/Sharon_Stone_0002.jpg,0.5375061860564412,1
/home/anitadonato/tcc/tcc/data/lfw/lfw-funneled/Sharon_Stone/Sharon_Stone_0001.jpg,/home/anitadonato/tcc/tcc/data/lfw/lfw-funneled/Sharon_Stone/Sharon_Stone_0005.jpg,0.4819730954784471,1
/home/anitadonato/tcc/tcc/data/lfw/lfw-funneled/Sharon_Stone/Sharon_Stone_0001.jpg,/home/anitadonato/tcc/tcc/data/lfw/lfw-funneled/Sharon_Stone/Sharon_Stone_0004.jpg,0.5596065922374949,1
/home/anitadonato/tcc/tcc/data/lfw/lfw-funneled/Sharon_Stone/Sharon_Stone_0003.jpg,/home/anitadonato/tcc/tcc/data/lfw/lfw-funneled/Sharon_Stone/Sharon_Stone_0002.jpg,0.35784978460001776,1
/home/anitadonato/tcc/tcc/data/lfw/lfw-funneled/Sharon_Stone/Sharon_Stone_0003.jpg,/home/anitadonato/tcc/tcc/data/lfw/lfw-funneled/Sharon_Stone/Sharon_Stone_0005.jpg,0.4606777741743588,1
/home/anitadonato/tcc/tcc/data/lfw/lfw-funneled/Sharon_Stone/Sharon_Stone_0003.jpg,/home/anitadonato/tcc/tcc/data/lfw/lfw-funneled/Sharon_Stone/Sharon_Stone_0004.jpg,0.5623396135223684,1
/home/anitadonato/tcc/tcc/data/lfw/lfw-funneled/Sharon_Stone/Sharon_Stone_0002.jpg,/home/anitadonato/tcc/tcc/data/lfw/lfw-funneled/Sharon_Stone/Sharon_Stone_0005.jpg,0.38314040117158693,1
/home/anitadonato/tcc/tcc/data/lfw/lfw-funneled/Sharon_Stone/Sharon_Stone_0002.jpg,/home/anitadonato/tcc/tcc/data/lfw/lfw-funneled/Sharon_Stone/Sharon_Stone_0004.jpg,0.5379181281194468,1
/home/anitadonato/tcc/tcc/data/lfw/lfw-funneled/Sharon_Stone/Sharon_Stone_0005.jpg,/home/anitadonato/tcc/tcc/data/lfw/lfw-funneled/Sharon_Stone/Sharon_Stone_0004.jpg,0.4804153326081843,1
/home/anitadonato/tcc/tcc/data/lfw/lfw-funneled/William_Ford_Jr/William_Ford_Jr_0001.jpg,/home/anitadonato/tcc/tcc/data/lfw/lfw-funneled/William_Ford_Jr/William_Ford_Jr_0006.jpg,0.7461509359140663,1
/home/anitadonato/tcc/tcc/data/lfw/lfw-funneled/William_Ford_Jr/William_Ford_Jr_0001.jpg,/home/anitadonato/tcc/tcc/data/lfw/lfw-funneled/William_Ford_Jr/William_Ford_Jr_0003.jpg,0.5253638323418022,1
/home/anitadonato/tcc/tcc/data/lfw/lfw-funneled/William_Ford_Jr/William_Ford_Jr_0001.jpg,/home/anitadonato/tcc/tcc/data/lfw/lfw-funneled/William_Ford_Jr/William_Ford_Jr_0002.jpg,0.45607680269913947,1
/home/anitadonato/tcc/tcc/data/lfw/lfw-funneled/William_Ford_Jr/William_Ford_Jr_0001.jpg,/home/anitadonato/tcc/tcc/data/lfw/lfw-funneled/William_Ford_Jr/William_Ford_Jr_0005.jpg,0.42580936206302944,1
/home/anitadonato/tcc/tcc/data/lfw/lfw-funneled/William_Ford_Jr/William_Ford_Jr_0006.jpg,/home/anitadonato/tcc/tcc/data/lfw/lfw-funneled/William_Ford_Jr/William_Ford_Jr_0003.jpg,0.7429762436432163,1
/home/anitadonato/tcc/tcc/data/lfw/lfw-funneled/William_Ford_Jr/William_Ford_Jr_0006.jpg,/home/anitadonato/tcc/tcc/data/lfw/lfw-funneled/William_Ford_Jr/William_Ford_Jr_0002.jpg,0.7406703163354214,1
/home/anitadonato/tcc/tcc/data/lfw/lfw-funneled/William_Ford_Jr/William_Ford_Jr_0006.jpg,/home/anitadonato/tcc/tcc/data/lfw/lfw-funneled/William_Ford_Jr/William_Ford_Jr_0005.jpg,0.7318787815907536,1
/home/anitadonato/tcc/tcc/data/lfw/lfw-funneled/William_Ford_Jr/William_Ford_Jr_0003.jpg,/home/anitadonato/tcc/tcc/data/lfw/lfw-funneled/William_Ford_Jr/William_Ford_Jr_0002.jpg,0.4779353305738416,1
/home/anitadonato/tcc/tcc/data/lfw/lfw-funneled/William_Ford_Jr/William_Ford_Jr_0003.jpg,/home/anitadonato/tcc/tcc/data/lfw/lfw-funneled/William_Ford_Jr/William_Ford_Jr_0005.jpg,0.38391290383823423,1
/home/anitadonato/tcc/tcc/data/lfw/lfw-funneled/William_Ford_Jr/William_Ford_Jr_0002.jpg,/home/anitadonato/tcc/tcc/data/lfw/lfw-funneled/William_Ford_Jr/William_Ford_Jr_0005.jpg,0.40107550266358244,1
/home/anitadonato/tcc/tcc/data/lfw/lfw-funneled/Kate_Hudson/Kate_Hudson_0002.jpg,/home/anitadonato/tcc/tcc/data/lfw/lfw-funneled/Kate_Hudson/Kate_Hudson_0005.jpg,0.574490750334042,1
/home/anitadonato/tcc/tcc/data/lfw/lfw-funneled/Kate_Hudson/Kate_Hudson_0002.jpg,/home/anitadonato/tcc/tcc/data/lfw/lfw-funneled/Kate_Hudson/Kate_Hudson_0007.jpg,0.5348948522406533,1
/home/anitadonato/tcc/tcc/data/lfw/lfw-funneled/Kate_Hudson/Kate_Hudson_0002.jpg,/home/anitadonato/tcc/tcc/data/lfw/lfw-funneled/Kate_Hudson/Kate_Hudson_0006.jpg,0.590314141972234,1
/home/anitadonato/tcc/tcc/data/lfw/lfw-funneled/Kate_Hudson/Kate_Hudson_0002.jpg,/home/anitadonato/tcc/tcc/data/lfw/lfw-funneled/Kate_Hudson/Kate_Hudson_0008.jpg,0.5881902109784983,1
/home/anitadonato/tcc/tcc/data/lfw/lfw-funneled/Kate_Hudson/Kate_Hudson_0005.jpg,/home/anitadonato/tcc/tcc/data/lfw/lfw-funneled/Kate_Hudson/Kate_Hudson_0007.jpg,0.49952345322640307,1
/home/anitadonato/tcc/tcc/data/lfw/lfw-funneled/Kate_Hudson/Kate_Hudson_0005.jpg,/home/anitadonato/tcc/tcc/data/lfw/lfw-funneled/Kate_Hudson/Kate_Hudson_0006.jpg,0.4749028624684883,1
/home/anitadonato/tcc/tcc/data/lfw/lfw-funneled/Kate_Hudson/Kate_Hudson_0005.jpg,/home/anitadonato/tcc/tcc/data/lfw/lfw-funneled/Kate_Hudson/Kate_Hudson_0008.jpg,0.5013269431639422,1
/home/anitadonato/tcc/tcc/data/lfw/lfw-funneled/Kate_Hudson/Kate_Hudson_0007.jpg,/home/anitadonato/tcc/tcc/data/lfw/lfw-funneled/Kate_Hudson/Kate_Hudson_0006.jpg,0.5595059362835635,1
/home/anitadonato/tcc/tcc/data/lfw/lfw-funneled/Kate_Hudson/Kate_Hudson_0007.jpg,/home/anitadonato/tcc/tcc/data/lfw/lfw-funneled/Kate_Hudson/Kate_Hudson_0008.jpg,0.5493819313151151,1
/home/anitadonato/tcc/tcc/data/lfw/lfw-funneled/Kate_Hudson/Kate_Hudson_0006.jpg,/home/anitadonato/tcc/tcc/data/lfw/lfw-funneled/Kate_Hudson/Kate_Hudson_0008.jpg,0.466717437111905,1
/home/anitadonato/tcc/tcc/data/lfw/lfw-funneled/Fujio_Cho/Fujio_Cho_0005.jpg,/home/anitadonato/tcc/tcc/data/lfw/lfw-funneled/Fujio_Cho/Fujio_Cho_0002.jpg,0.30616309957041876,1
/home/anitadonato/tcc/tcc/data/lfw/lfw-funneled/Fujio_Cho/Fujio_Cho_0005.jpg,/home/anitadonato/tcc/tcc/data/lfw/lfw-funneled/Fujio_Cho/Fujio_Cho_0006.jpg,0.3413925004035403,1
/home/anitadonato/tcc/tcc/data/lfw/lfw-funneled/Fujio_Cho/Fujio_Cho_0005.jpg,/home/anitadonato/tcc/tcc/data/lfw/lfw-funneled/Fujio_Cho/Fujio_Cho_0004.jpg,0.3055056505355493,1
/home/anitadonato/tcc/tcc/data/lfw/lfw-funneled/Fujio_Cho/Fujio_Cho_0005.jpg,/home/anitadonato/tcc/tcc/data/lfw/lfw-funneled/Fujio_Cho/Fujio_Cho_0001.jpg,0.40800633508473366,1
/home/anitadonato/tcc/tcc/data/lfw/lfw-funneled/Fujio_Cho/Fujio_Cho_0002.jpg,/home/anitadonato/tcc/tcc/data/lfw/lfw-funneled/Fujio_Cho/Fujio_Cho_0006.jpg,0.34118274311076346,1
/home/anitadonato/tcc/tcc/data/lfw/lfw-funneled/Fujio_Cho/Fujio_Cho_0002.jpg,/home/anitadonato/tcc/tcc/data/lfw/lfw-funneled/Fujio_Cho/Fujio_Cho_0004.jpg,0.34530899365324275,1
/home/anitadonato/tcc/tcc/data/lfw/lfw-funneled/Fujio_Cho/Fujio_Cho_0002.jpg,/home/anitadonato/tcc/tcc/data/lfw/lfw-funneled/Fujio_Cho/Fujio_Cho_0001.jpg,0.3800951577520099,1
/home/anitadonato/tcc/tcc/data/lfw/lfw-funneled/Fujio_Cho/Fujio_Cho_0006.jpg,/home/anitadonato/tcc/tcc/data/lfw/lfw-funneled/Fujio_Cho/Fujio_Cho_0004.jpg,0.3331403282042354,1
/home/anitadonato/tcc/tcc/data/lfw/lfw-funneled/Fujio_Cho/Fujio_Cho_0006.jpg,/home/anitadonato/tcc/tcc/data/lfw/lfw-funneled/Fujio_Cho/Fujio_Cho_0001.jpg,0.4010528127232674,1
/home/anitadonato/tcc/tcc/data/lfw/lfw-funneled/Fujio_Cho/Fujio_Cho_0004.jpg,/home/anitadonato/tcc/tcc/data/lfw/lfw-funneled/Fujio_Cho/Fujio_Cho_0001.jpg,0.4545717868235281,1
/home/anitadonato/tcc/tcc/data/lfw/lfw-funneled/LeBron_James/LeBron_James_0005.jpg,/home/anitadonato/tcc/tcc/data/lfw/lfw-funneled/LeBron_James/LeBron_James_0001.jpg,0.40900490412135704,1
/home/anitadonato/tcc/tcc/data/lfw/lfw-funneled/LeBron_James/LeBron_James_0005.jpg,/home/anitadonato/tcc/tcc/data/lfw/lfw-funneled/LeBron_James/LeBron_James_0003.jpg,0.4037744746360391,1
/home/anitadonato/tcc/tcc/data/lfw/lfw-funneled/LeBron_James/LeBron_James_0005.jpg,/home/anitadonato/tcc/tcc/data/lfw/lfw-funneled/LeBron_James/LeBron_James_0002.jpg,0.3523889983984561,1
/home/anitadonato/tcc/tcc/data/lfw/lfw-funneled/LeBron_James/LeBron_James_0005.jpg,/home/anitadonato/tcc/tcc/data/lfw/lfw-funneled/LeBron_James/LeBron_James_0004.jpg,0.4552929754257701,1
/home/anitadonato/tcc/tcc/data/lfw/lfw-funneled/LeBron_James/LeBron_James_0001.jpg,/home/anitadonato/tcc/tcc/data/lfw/lfw-funneled/LeBron_James/LeBron_James_0003.jpg,0.5094441293303276,1
/home/anitadonato/tcc/tcc/data/lfw/lfw-funneled/LeBron_James/LeBron_James_0001.jpg,/home/anitadonato/tcc/tcc/data/lfw/lfw-funneled/LeBron_James/LeBron_James_0002.jpg,0.36570468956579627,1
/home/anitadonato/tcc/tcc/data/lfw/lfw-funneled/LeBron_James/LeBron_James_0001.jpg,/home/anitadonato/tcc/tcc/data/lfw/lfw-funneled/LeBron_James/LeBron_James_0004.jpg,0.36260625339222563,1
/home/anitadonato/tcc/tcc/data/lfw/lfw-funneled/LeBron_James/LeBron_James_0003.jpg,/home/anitadonato/tcc/tcc/data/lfw/lfw-funneled/LeBron_James/LeBron_James_0002.jpg,0.42715991779594714,1
/home/anitadonato/tcc/tcc/data/lfw/lfw-funneled/LeBron_James/LeBron_James_0003.jpg,/home/anitadonato/tcc/tcc/data/lfw/lfw-funneled/LeBron_James/LeBron_James_0004.jpg,0.41919026275453214,1
/home/anitadonato/tcc/tcc/data/lfw/lfw-funneled/LeBron_James/LeBron_James_0002.jpg,/home/anitadonato/tcc/tcc/data/lfw/lfw-funneled/LeBron_James/LeBron_James_0004.jpg,0.4394294511685836,1
/home/anitadonato/tcc/tcc/data/lfw/lfw-funneled/Paul_Burrell/Paul_Burrell_0001.jpg,/home/anitadonato/tcc/tcc/data/lfw/lfw-funneled/Paul_Burrell/Paul_Burrell_0002.jpg,0.36987336682630656,1
/home/anitadonato/tcc/tcc/data/lfw/lfw-funneled/Paul_Burrell/Paul_Burrell_0001.jpg,/home/anitadonato/tcc/tcc/data/lfw/lfw-funneled/Paul_Burrell/Paul_Burrell_0006.jpg,0.39744084205657526,1
/home/anitadonato/tcc/tcc/data/lfw/lfw-funneled/Paul_Burrell/Paul_Burrell_0001.jpg,/home/anitadonato/tcc/tcc/data/lfw/lfw-funneled/Paul_Burrell/Paul_Burrell_0005.jpg,0.4152599719740217,1
/home/anitadonato/tcc/tcc/data/lfw/lfw-funneled/Paul_Burrell/Paul_Burrell_0001.jpg,/home/anitadonato/tcc/tcc/data/lfw/lfw-funneled/Paul_Burrell/Paul_Burrell_0010.jpg,0.3532452427796985,1
/home/anitadonato/tcc/tcc/data/lfw/lfw-funneled/Paul_Burrell/Paul_Burrell_0002.jpg,/home/anitadonato/tcc/tcc/data/lfw/lfw-funneled/Paul_Burrell/Paul_Burrell_0006.jpg,0.4165290014996007,1
/home/anitadonato/tcc/tcc/data/lfw/lfw-funneled/Paul_Burrell/Paul_Burrell_0002.jpg,/home/anitadonato/tcc/tcc/data/lfw/lfw-funneled/Paul_Burrell/Paul_Burrell_0005.jpg,0.3991134417195994,1
/home/anitadonato/tcc/tcc/data/lfw/lfw-funneled/Paul_Burrell/Paul_Burrell_0002.jpg,/home/anitadonato/tcc/tcc/data/lfw/lfw-funneled/Paul_Burrell/Paul_Burrell_0010.jpg,0.31893917935123,1
/home/anitadonato/tcc/tcc/data/lfw/lfw-funneled/Paul_Burrell/Paul_Burrell_0006.jpg,/home/anitadonato/tcc/tcc/data/lfw/lfw-funneled/Paul_Burrell/Paul_Burrell_0005.jpg,0.4915130607042698,1
/home/anitadonato/tcc/tcc/data/lfw/lfw-funneled/Paul_Burrell/Paul_Burrell_0006.jpg,/home/anitadonato/tcc/tcc/data/lfw/lfw-funneled/Paul_Burrell/Paul_Burrell_0010.jpg,0.3558831208746549,1
/home/anitadonato/tcc/tcc/data/lfw/lfw-funneled/Paul_Burrell/Paul_Burrell_0005.jpg,/home/anitadonato/tcc/tcc/data/lfw/lfw-funneled/Paul_Burrell/Paul_Burrell_0010.jpg,0.42103605363058966,1
/home/anitadonato/tcc/tcc/data/lfw/lfw-funneled/Hillary_Clinton/Hillary_Clinton_0001.jpg,/home/anitadonato/tcc/tcc/data/lfw/lfw-funneled/Hillary_Clinton/Hillary_Clinton_0004.jpg,0.38063206319262116,1
/home/anitadonato/tcc/tcc/data/lfw/lfw-funneled/Hillary_Clinton/Hillary_Clinton_0001.jpg,/home/anitadonato/tcc/tcc/data/lfw/lfw-funneled/Hillary_Clinton/Hillary_Clinton_0010.jpg,0.4435841672590874,1
/home/anitadonato/tcc/tcc/data/lfw/lfw-funneled/Hillary_Clinton/Hillary_Clinton_0001.jpg,/home/anitadonato/tcc/tcc/data/lfw/lfw-funneled/Hillary_Clinton/Hillary_Clinton_0002.jpg,0.4156247416334278,1
/home/anitadonato/tcc/tcc/data/lfw/lfw-funneled/Hillary_Clinton/Hillary_Clinton_0001.jpg,/home/anitadonato/tcc/tcc/data/lfw/lfw-funneled/Hillary_Clinton/Hillary_Clinton_0011.jpg,0.4795514006593229,1
/home/anitadonato/tcc/tcc/data/lfw/lfw-funneled/Hillary_Clinton/Hillary_Clinton_0004.jpg,/home/anitadonato/tcc/tcc/data/lfw/lfw-funneled/Hillary_Clinton/Hillary_Clinton_0010.jpg,0.3866279563159372,1
/home/anitadonato/tcc/tcc/data/lfw/lfw-funneled/Hillary_Clinton/Hillary_Clinton_0004.jpg,/home/anitadonato/tcc/tcc/data/lfw/lfw-funneled/Hillary_Clinton/Hillary_Clinton_0002.jpg,0.4169869385814916,1
/home/anitadonato/tcc/tcc/data/lfw/lfw-funneled/Hillary_Clinton/Hillary_Clinton_0004.jpg,/home/anitadonato/tcc/tcc/data/lfw/lfw-funneled/Hillary_Clinton/Hillary_Clinton_0011.jpg,0.4061852821071731,1
/home/anitadonato/tcc/tcc/data/lfw/lfw-funneled/Hillary_Clinton/Hillary_Clinton_0010.jpg,/home/anitadonato/tcc/tcc/data/lfw/lfw-funneled/Hillary_Clinton/Hillary_Clinton_0002.jpg,0.4356625132179998,1
/home/anitadonato/tcc/tcc/data/lfw/lfw-funneled/Hillary_Clinton/Hillary_Clinton_0010.jpg,/home/anitadonato/tcc/tcc/data/lfw/lfw-funneled/Hillary_Clinton/Hillary_Clinton_0011.jpg,0.3564516404956542,1
/home/anitadonato/tcc/tcc/data/lfw/lfw-funneled/Hillary_Clinton/Hillary_Clinton_0002.jpg,/home/anitadonato/tcc/tcc/data/lfw/lfw-funneled/Hillary_Clinton/Hillary_Clinton_0011.jpg,0.463571265770806,1
/home/anitadonato/tcc/tcc/data/lfw/lfw-funneled/Ai_Sugiyama/Ai_Sugiyama_0004.jpg,/home/anitadonato/tcc/tcc/data/lfw/lfw-funneled/Ai_Sugiyama/Ai_Sugiyama_0001.jpg,0.41578849286320363,1
/home/anitadonato/tcc/tcc/data/lfw/lfw-funneled/Ai_Sugiyama/Ai_Sugiyama_0004.jpg,/home/anitadonato/tcc/tcc/data/lfw/lfw-funneled/Ai_Sugiyama/Ai_Sugiyama_0003.jpg,0.39889530927086314,1
/home/anitadonato/tcc/tcc/data/lfw/lfw-funneled/Ai_Sugiyama/Ai_Sugiyama_0004.jpg,/home/anitadonato/tcc/tcc/data/lfw/lfw-funneled/Ai_Sugiyama/Ai_Sugiyama_0005.jpg,0.4131954411931493,1
/home/anitadonato/tcc/tcc/data/lfw/lfw-funneled/Ai_Sugiyama/Ai_Sugiyama_0004.jpg,/home/anitadonato/tcc/tcc/data/lfw/lfw-funneled/Ai_Sugiyama/Ai_Sugiyama_0002.jpg,0.4087114968950288,1
/home/anitadonato/tcc/tcc/data/lfw/lfw-funneled/Ai_Sugiyama/Ai_Sugiyama_0001.jpg,/home/anitadonato/tcc/tcc/data/lfw/lfw-funneled/Ai_Sugiyama/Ai_Sugiyama_0003.jpg,0.2613233124286608,1
/home/anitadonato/tcc/tcc/data/lfw/lfw-funneled/Ai_Sugiyama/Ai_Sugiyama_0001.jpg,/home/anitadonato/tcc/tcc/data/lfw/lfw-funneled/Ai_Sugiyama/Ai_Sugiyama_0005.jpg,0.3096171266224872,1
/home/anitadonato/tcc/tcc/data/lfw/lfw-funneled/Ai_Sugiyama/Ai_Sugiyama_0001.jpg,/home/anitadonato/tcc/tcc/data/lfw/lfw-funneled/Ai_Sugiyama/Ai_Sugiyama_0002.jpg,0.2835511389439812,1
/home/anitadonato/tcc/tcc/data/lfw/lfw-funneled/Ai_Sugiyama/Ai_Sugiyama_0003.jpg,/home/anitadonato/tcc/tcc/data/lfw/lfw-funneled/Ai_Sugiyama/Ai_Sugiyama_0005.jpg,0.33230415396937196,1
/home/anitadonato/tcc/tcc/data/lfw/lfw-funneled/Ai_Sugiyama/Ai_Sugiyama_0003.jpg,/home/anitadonato/tcc/tcc/data/lfw/lfw-funneled/Ai_Sugiyama/Ai_Sugiyama_0002.jpg,0.2642556749933701,1
/home/anitadonato/tcc/tcc/data/lfw/lfw-funneled/Ai_Sugiyama/Ai_Sugiyama_0005.jpg,/home/anitadonato/tcc/tcc/data/lfw/lfw-funneled/Ai_Sugiyama/Ai_Sugiyama_0002.jpg,0.3553547217335919,1
/home/anitadonato/tcc/tcc/data/lfw/lfw-funneled/Costas_Simitis/Costas_Simitis_0006.jpg,/home/anitadonato/tcc/tcc/data/lfw/lfw-funneled/Costas_Simitis/Costas_Simitis_0004.jpg,0.46110563178487785,1
/home/anitadonato/tcc/tcc/data/lfw/lfw-funneled/Costas_Simitis/Costas_Simitis_0006.jpg,/home/anitadonato/tcc/tcc/data/lfw/lfw-funneled/Costas_Simitis/Costas_Simitis_0002.jpg,0.4740359781026726,1
/home/anitadonato/tcc/tcc/data/lfw/lfw-funneled/Costas_Simitis/Costas_Simitis_0006.jpg,/home/anitadonato/tcc/tcc/data/lfw/lfw-funneled/Costas_Simitis/Costas_Simitis_0005.jpg,0.4003728649559517,1
/home/anitadonato/tcc/tcc/data/lfw/lfw-funneled/Costas_Simitis/Costas_Simitis_0006.jpg,/home/anitadonato/tcc/tcc/data/lfw/lfw-funneled/Costas_Simitis/Costas_Simitis_0003.jpg,0.43098915846519925,1
/home/anitadonato/tcc/tcc/data/lfw/lfw-funneled/Costas_Simitis/Costas_Simitis_0004.jpg,/home/anitadonato/tcc/tcc/data/lfw/lfw-funneled/Costas_Simitis/Costas_Simitis_0002.jpg,0.5107205907119746,1
/home/anitadonato/tcc/tcc/data/lfw/lfw-funneled/Costas_Simitis/Costas_Simitis_0004.jpg,/home/anitadonato/tcc/tcc/data/lfw/lfw-funneled/Costas_Simitis/Costas_Simitis_0005.jpg,0.4261691429634378,1
/home/anitadonato/tcc/tcc/data/lfw/lfw-funneled/Costas_Simitis/Costas_Simitis_0004.jpg,/home/anitadonato/tcc/tcc/data/lfw/lfw-funneled/Costas_Simitis/Costas_Simitis_0003.jpg,0.5000855304385485,1
/home/anitadonato/tcc/tcc/data/lfw/lfw-funneled/Costas_Simitis/Costas_Simitis_0002.jpg,/home/anitadonato/tcc/tcc/data/lfw/lfw-funneled/Costas_Simitis/Costas_Simitis_0005.jpg,0.443397715720651,1
/home/anitadonato/tcc/tcc/data/lfw/lfw-funneled/Costas_Simitis/Costas_Simitis_0002.jpg,/home/anitadonato/tcc/tcc/data/lfw/lfw-funneled/Costas_Simitis/Costas_Simitis_0003.jpg,0.5769009847342711,1
/home/anitadonato/tcc/tcc/data/lfw/lfw-funneled/Costas_Simitis/Costas_Simitis_0005.jpg,/home/anitadonato/tcc/tcc/data/lfw/lfw-funneled/Costas_Simitis/Costas_Simitis_0003.jpg,0.43311458608352515,1
/home/anitadonato/tcc/tcc/data/lfw/lfw-funneled/Sergey_Lavrov/Sergey_Lavrov_0004.jpg,/home/anitadonato/tcc/tcc/data/lfw/lfw-funneled/Sergey_Lavrov/Sergey_Lavrov_0009.jpg,0.3752533387224356,1
/home/anitadonato/tcc/tcc/data/lfw/lfw-funneled/Sergey_Lavrov/Sergey_Lavrov_0004.jpg,/home/anitadonato/tcc/tcc/data/lfw/lfw-funneled/Sergey_Lavrov/Sergey_Lavrov_0011.jpg,0.4339110929492565,1
/home/anitadonato/tcc/tcc/data/lfw/lfw-funneled/Sergey_Lavrov/Sergey_Lavrov_0004.jpg,/home/anitadonato/tcc/tcc/data/lfw/lfw-funneled/Sergey_Lavrov/Sergey_Lavrov_0005.jpg,0.29329701397149155,1
/home/anitadonato/tcc/tcc/data/lfw/lfw-funneled/Sergey_Lavrov/Sergey_Lavrov_0004.jpg,/home/anitadonato/tcc/tcc/data/lfw/lfw-funneled/Sergey_Lavrov/Sergey_Lavrov_0010.jpg,0.40158633442125075,1
/home/anitadonato/tcc/tcc/data/lfw/lfw-funneled/Sergey_Lavrov/Sergey_Lavrov_0009.jpg,/home/anitadonato/tcc/tcc/data/lfw/lfw-funneled/Sergey_Lavrov/Sergey_Lavrov_0011.jpg,0.4417382106955654,1
/home/anitadonato/tcc/tcc/data/lfw/lfw-funneled/Sergey_Lavrov/Sergey_Lavrov_0009.jpg,/home/anitadonato/tcc/tcc/data/lfw/lfw-funneled/Sergey_Lavrov/Sergey_Lavrov_0005.jpg,0.31516345960464376,1
/home/anitadonato/tcc/tcc/data/lfw/lfw-funneled/Sergey_Lavrov/Sergey_Lavrov_0009.jpg,/home/anitadonato/tcc/tcc/data/lfw/lfw-funneled/Sergey_Lavrov/Sergey_Lavrov_0010.jpg,0.4422425118185499,1
/home/anitadonato/tcc/tcc/data/lfw/lfw-funneled/Sergey_Lavrov/Sergey_Lavrov_0011.jpg,/home/anitadonato/tcc/tcc/data/lfw/lfw-funneled/Sergey_Lavrov/Sergey_Lavrov_0005.jpg,0.40794115086555877,1
/home/anitadonato/tcc/tcc/data/lfw/lfw-funneled/Sergey_Lavrov/Sergey_Lavrov_0011.jpg,/home/anitadonato/tcc/tcc/data/lfw/lfw-funneled/Sergey_Lavrov/Sergey_Lavrov_0010.jpg,0.3973471672524923,1
/home/anitadonato/tcc/tcc/data/lfw/lfw-funneled/Sergey_Lavrov/Sergey_Lavrov_0005.jpg,/home/anitadonato/tcc/tcc/data/lfw/lfw-funneled/Sergey_Lavrov/Sergey_Lavrov_0010.jpg,0.3964057724820531,1
/home/anitadonato/tcc/tcc/data/lfw/lfw-funneled/Wayne_Ferreira/Wayne_Ferreira_0003.jpg,/home/anitadonato/tcc/tcc/data/lfw/lfw-funneled/Wayne_Ferreira/Wayne_Ferreira_0004.jpg,0.4381920229936517,1
/home/anitadonato/tcc/tcc/data/lfw/lfw-funneled/Wayne_Ferreira/Wayne_Ferreira_0003.jpg,/home/anitadonato/tcc/tcc/data/lfw/lfw-funneled/Wayne_Ferreira/Wayne_Ferreira_0005.jpg,0.301159238565168,1
/home/anitadonato/tcc/tcc/data/lfw/lfw-funneled/Wayne_Ferreira/Wayne_Ferreira_0003.jpg,/home/anitadonato/tcc/tcc/data/lfw/lfw-funneled/Wayne_Ferreira/Wayne_Ferreira_0002.jpg,0.39344685648148847,1
/home/anitadonato/tcc/tcc/data/lfw/lfw-funneled/Wayne_Ferreira/Wayne_Ferreira_0003.jpg,/home/anitadonato/tcc/tcc/data/lfw/lfw-funneled/Wayne_Ferreira/Wayne_Ferreira_0001.jpg,0.41569753103734985,1
/home/anitadonato/tcc/tcc/data/lfw/lfw-funneled/Wayne_Ferreira/Wayne_Ferreira_0004.jpg,/home/anitadonato/tcc/tcc/data/lfw/lfw-funneled/Wayne_Ferreira/Wayne_Ferreira_0005.jpg,0.4676650589772401,1
/home/anitadonato/tcc/tcc/data/lfw/lfw-funneled/Wayne_Ferreira/Wayne_Ferreira_0004.jpg,/home/anitadonato/tcc/tcc/data/lfw/lfw-funneled/Wayne_Ferreira/Wayne_Ferreira_0002.jpg,0.47568514867237915,1
/home/anitadonato/tcc/tcc/data/lfw/lfw-funneled/Wayne_Ferreira/Wayne_Ferreira_0004.jpg,/home/anitadonato/tcc/tcc/data/lfw/lfw-funneled/Wayne_Ferreira/Wayne_Ferreira_0001.jpg,0.45545321508413106,1
/home/anitadonato/tcc/tcc/data/lfw/lfw-funneled/Wayne_Ferreira/Wayne_Ferreira_0005.jpg,/home/anitadonato/tcc/tcc/data/lfw/lfw-funneled/Wayne_Ferreira/Wayne_Ferreira_0002.jpg,0.42595258191608354,1
/home/anitadonato/tcc/tcc/data/lfw/lfw-funneled/Wayne_Ferreira/Wayne_Ferreira_0005.jpg,/home/anitadonato/tcc/tcc/data/lfw/lfw-funneled/Wayne_Ferreira/Wayne_Ferreira_0001.jpg,0.40135109292195276,1
/home/anitadonato/tcc/tcc/data/lfw/lfw-funneled/Wayne_Ferreira/Wayne_Ferreira_0002.jpg,/home/anitadonato/tcc/tcc/data/lfw/lfw-funneled/Wayne_Ferreira/Wayne_Ferreira_0001.jpg,0.38569575709613296,1
/home/anitadonato/tcc/tcc/data/lfw/lfw-funneled/Jennifer_Lopez/Jennifer_Lopez_0008.jpg,/home/anitadonato/tcc/tcc/data/lfw/lfw-funneled/Jennifer_Lopez/Jennifer_Lopez_0021.jpg,0.48396304712947785,1
/home/anitadonato/tcc/tcc/data/lfw/lfw-funneled/Jennifer_Lopez/Jennifer_Lopez_0008.jpg,/home/anitadonato/tcc/tcc/data/lfw/lfw-funneled/Jennifer_Lopez/Jennifer_Lopez_0003.jpg,0.4340926059416578,1
/home/anitadonato/tcc/tcc/data/lfw/lfw-funneled/Jennifer_Lopez/Jennifer_Lopez_0008.jpg,/home/anitadonato/tcc/tcc/data/lfw/lfw-funneled/Jennifer_Lopez/Jennifer_Lopez_0011.jpg,0.4524169132843364,1
/home/anitadonato/tcc/tcc/data/lfw/lfw-funneled/Jennifer_Lopez/Jennifer_Lopez_0008.jpg,/home/anitadonato/tcc/tcc/data/lfw/lfw-funneled/Jennifer_Lopez/Jennifer_Lopez_0001.jpg,0.5104786266591688,1
/home/anitadonato/tcc/tcc/data/lfw/lfw-funneled/Jennifer_Lopez/Jennifer_Lopez_0021.jpg,/home/anitadonato/tcc/tcc/data/lfw/lfw-funneled/Jennifer_Lopez/Jennifer_Lopez_0003.jpg,0.5439808338011473,1
/home/anitadonato/tcc/tcc/data/lfw/lfw-funneled/Jennifer_Lopez/Jennifer_Lopez_0021.jpg,/home/anitadonato/tcc/tcc/data/lfw/lfw-funneled/Jennifer_Lopez/Jennifer_Lopez_0011.jpg,0.6244195647792,1
/home/anitadonato/tcc/tcc/data/lfw/lfw-funneled/Jennifer_Lopez/Jennifer_Lopez_0021.jpg,/home/anitadonato/tcc/tcc/data/lfw/lfw-funneled/Jennifer_Lopez/Jennifer_Lopez_0001.jpg,0.542097810979191,1
/home/anitadonato/tcc/tcc/data/lfw/lfw-funneled/Jennifer_Lopez/Jennifer_Lopez_0003.jpg,/home/anitadonato/tcc/tcc/data/lfw/lfw-funneled/Jennifer_Lopez/Jennifer_Lopez_0011.jpg,0.4945384349442425,1
/home/anitadonato/tcc/tcc/data/lfw/lfw-funneled/Jennifer_Lopez/Jennifer_Lopez_0003.jpg,/home/anitadonato/tcc/tcc/data/lfw/lfw-funneled/Jennifer_Lopez/Jennifer_Lopez_0001.jpg,0.4588374188028143,1
/home/anitadonato/tcc/tcc/data/lfw/lfw-funneled/Jennifer_Lopez/Jennifer_Lopez_0011.jpg,/home/anitadonato/tcc/tcc/data/lfw/lfw-funneled/Jennifer_Lopez/Jennifer_Lopez_0001.jpg,0.46183117283820146,1
/home/anitadonato/tcc/tcc/data/lfw/lfw-funneled/Tommy_Franks/Tommy_Franks_0008.jpg,/home/anitadonato/tcc/tcc/data/lfw/lfw-funneled/Tommy_Franks/Tommy_Franks_0010.jpg,0.3714600853591957,1
/home/anitadonato/tcc/tcc/data/lfw/lfw-funneled/Tommy_Franks/Tommy_Franks_0008.jpg,/home/anitadonato/tcc/tcc/data/lfw/lfw-funneled/Tommy_Franks/Tommy_Franks_0004.jpg,0.5411943331863474,1
/home/anitadonato/tcc/tcc/data/lfw/lfw-funneled/Tommy_Franks/Tommy_Franks_0008.jpg,/home/anitadonato/tcc/tcc/data/lfw/lfw-funneled/Tommy_Franks/Tommy_Franks_0001.jpg,0.40295654344262316,1
/home/anitadonato/tcc/tcc/data/lfw/lfw-funneled/Tommy_Franks/Tommy_Franks_0008.jpg,/home/anitadonato/tcc/tcc/data/lfw/lfw-funneled/Tommy_Franks/Tommy_Franks_0002.jpg,0.44156425814781725,1
/home/anitadonato/tcc/tcc/data/lfw/lfw-funneled/Tommy_Franks/Tommy_Franks_0010.jpg,/home/anitadonato/tcc/tcc/data/lfw/lfw-funneled/Tommy_Franks/Tommy_Franks_0004.jpg,0.42256663400900063,1
/home/anitadonato/tcc/tcc/data/lfw/lfw-funneled/Tommy_Franks/Tommy_Franks_0010.jpg,/home/anitadonato/tcc/tcc/data/lfw/lfw-funneled/Tommy_Franks/Tommy_Franks_0001.jpg,0.3270514612062038,1
/home/anitadonato/tcc/tcc/data/lfw/lfw-funneled/Tommy_Franks/Tommy_Franks_0010.jpg,/home/anitadonato/tcc/tcc/data/lfw/lfw-funneled/Tommy_Franks/Tommy_Franks_0002.jpg,0.46122803303642745,1
/home/anitadonato/tcc/tcc/data/lfw/lfw-funneled/Tommy_Franks/Tommy_Franks_0004.jpg,/home/anitadonato/tcc/tcc/data/lfw/lfw-funneled/Tommy_Franks/Tommy_Franks_0001.jpg,0.43366443874557015,1
/home/anitadonato/tcc/tcc/data/lfw/lfw-funneled/Tommy_Franks/Tommy_Franks_0004.jpg,/home/anitadonato/tcc/tcc/data/lfw/lfw-funneled/Tommy_Franks/Tommy_Franks_0002.jpg,0.5398298981802321,1
/home/anitadonato/tcc/tcc/data/lfw/lfw-funneled/Tommy_Franks/Tommy_Franks_0001.jpg,/home/anitadonato/tcc/tcc/data/lfw/lfw-funneled/Tommy_Franks/Tommy_Franks_0002.jpg,0.49521482181086846,1
/home/anitadonato/tcc/tcc/data/lfw/lfw-funneled/Colin_Powell/Colin_Powell_0182.jpg,/home/anitadonato/tcc/tcc/data/lfw/lfw-funneled/Colin_Powell/Colin_Powell_0162.jpg,0.46222046702503006,1
/home/anitadonato/tcc/tcc/data/lfw/lfw-funneled/Colin_Powell/Colin_Powell_0182.jpg,/home/anitadonato/tcc/tcc/data/lfw/lfw-funneled/Colin_Powell/Colin_Powell_0016.jpg,0.35656021031436297,1
/home/anitadonato/tcc/tcc/data/lfw/lfw-funneled/Colin_Powell/Colin_Powell_0182.jpg,/home/anitadonato/tcc/tcc/data/lfw/lfw-funneled/Colin_Powell/Colin_Powell_0059.jpg,0.4106453702749872,1
/home/anitadonato/tcc/tcc/data/lfw/lfw-funneled/Colin_Powell/Colin_Powell_0182.jpg,/home/anitadonato/tcc/tcc/data/lfw/lfw-funneled/Colin_Powell/Colin_Powell_0018.jpg,0.3810264945156239,1
/home/anitadonato/tcc/tcc/data/lfw/lfw-funneled/Colin_Powell/Colin_Powell_0162.jpg,/home/anitadonato/tcc/tcc/data/lfw/lfw-funneled/Colin_Powell/Colin_Powell_0016.jpg,0.357636550804118,1
/home/anitadonato/tcc/tcc/data/lfw/lfw-funneled/Colin_Powell/Colin_Powell_0162.jpg,/home/anitadonato/tcc/tcc/data/lfw/lfw-funneled/Colin_Powell/Colin_Powell_0059.jpg,0.4249071401317324,1
/home/anitadonato/tcc/tcc/data/lfw/lfw-funneled/Colin_Powell/Colin_Powell_0162.jpg,/home/anitadonato/tcc/tcc/data/lfw/lfw-funneled/Colin_Powell/Colin_Powell_0018.jpg,0.4045530786408283,1
/home/anitadonato/tcc/tcc/data/lfw/lfw-funneled/Colin_Powell/Colin_Powell_0016.jpg,/home/anitadonato/tcc/tcc/data/lfw/lfw-funneled/Colin_Powell/Colin_Powell_0059.jpg,0.38434560222687225,1
/home/anitadonato/tcc/tcc/data/lfw/lfw-funneled/Colin_Powell/Colin_Powell_0016.jpg,/home/anitadonato/tcc/tcc/data/lfw/lfw-funneled/Colin_Powell/Colin_Powell_0018.jpg,0.2968342598817613,1
/home/anitadonato/tcc/tcc/data/lfw/lfw-funneled/Colin_Powell/Colin_Powell_0059.jpg,/home/anitadonato/tcc/tcc/data/lfw/lfw-funneled/Colin_Powell/Colin_Powell_0018.jpg,0.4114659068685565,1
/home/anitadonato/tcc/tcc/data/lfw/lfw-funneled/Fidel_Castro/Fidel_Castro_0002.jpg,/home/anitadonato/tcc/tcc/data/lfw/lfw-funneled/Fidel_Castro/Fidel_Castro_0011.jpg,0.4847551254203618,1
/home/anitadonato/tcc/tcc/data/lfw/lfw-funneled/Fidel_Castro/Fidel_Castro_0002.jpg,/home/anitadonato/tcc/tcc/data/lfw/lfw-funneled/Fidel_Castro/Fidel_Castro_0003.jpg,0.4568565552887642,1
/home/anitadonato/tcc/tcc/data/lfw/lfw-funneled/Fidel_Castro/Fidel_Castro_0002.jpg,/home/anitadonato/tcc/tcc/data/lfw/lfw-funneled/Fidel_Castro/Fidel_Castro_0009.jpg,0.5389517932382724,1
/home/anitadonato/tcc/tcc/data/lfw/lfw-funneled/Fidel_Castro/Fidel_Castro_0002.jpg,/home/anitadonato/tcc/tcc/data/lfw/lfw-funneled/Fidel_Castro/Fidel_Castro_0004.jpg,0.4601575881720595,1
/home/anitadonato/tcc/tcc/data/lfw/lfw-funneled/Fidel_Castro/Fidel_Castro_0011.jpg,/home/anitadonato/tcc/tcc/data/lfw/lfw-funneled/Fidel_Castro/Fidel_Castro_0003.jpg,0.5372482892486656,1
/home/anitadonato/tcc/tcc/data/lfw/lfw-funneled/Fidel_Castro/Fidel_Castro_0011.jpg,/home/anitadonato/tcc/tcc/data/lfw/lfw-funneled/Fidel_Castro/Fidel_Castro_0009.jpg,0.4177261731223311,1
/home/anitadonato/tcc/tcc/data/lfw/lfw-funneled/Fidel_Castro/Fidel_Castro_0011.jpg,/home/anitadonato/tcc/tcc/data/lfw/lfw-funneled/Fidel_Castro/Fidel_Castro_0004.jpg,0.5120733324701563,1
/home/anitadonato/tcc/tcc/data/lfw/lfw-funneled/Fidel_Castro/Fidel_Castro_0003.jpg,/home/anitadonato/tcc/tcc/data/lfw/lfw-funneled/Fidel_Castro/Fidel_Castro_0009.jpg,0.5345832714360729,1
/home/anitadonato/tcc/tcc/data/lfw/lfw-funneled/Fidel_Castro/Fidel_Castro_0003.jpg,/home/anitadonato/tcc/tcc/data/lfw/lfw-funneled/Fidel_Castro/Fidel_Castro_0004.jpg,0.42718551286573814,1
/home/anitadonato/tcc/tcc/data/lfw/lfw-funneled/Fidel_Castro/Fidel_Castro_0009.jpg,/home/anitadonato/tcc/tcc/data/lfw/lfw-funneled/Fidel_Castro/Fidel_Castro_0004.jpg,0.5134490030024136,1
/home/anitadonato/tcc/tcc/data/lfw/lfw-funneled/Jennifer_Capriati/Jennifer_Capriati_0018.jpg,/home/anitadonato/tcc/tcc/data/lfw/lfw-funneled/Jennifer_Capriati/Jennifer_Capriati_0032.jpg,0.5161723642686298,1
/home/anitadonato/tcc/tcc/data/lfw/lfw-funneled/Jennifer_Capriati/Jennifer_Capriati_0018.jpg,/home/anitadonato/tcc/tcc/data/lfw/lfw-funneled/Jennifer_Capriati/Jennifer_Capriati_0014.jpg,0.4830027110879323,1
/home/anitadonato/tcc/tcc/data/lfw/lfw-funneled/Jennifer_Capriati/Jennifer_Capriati_0018.jpg,/home/anitadonato/tcc/tcc/data/lfw/lfw-funneled/Jennifer_Capriati/Jennifer_Capriati_0035.jpg,0.4429321636173486,1
/home/anitadonato/tcc/tcc/data/lfw/lfw-funneled/Jennifer_Capriati/Jennifer_Capriati_0018.jpg,/home/anitadonato/tcc/tcc/data/lfw/lfw-funneled/Jennifer_Capriati/Jennifer_Capriati_0009.jpg,0.3022109934068665,1
/home/anitadonato/tcc/tcc/data/lfw/lfw-funneled/Jennifer_Capriati/Jennifer_Capriati_0032.jpg,/home/anitadonato/tcc/tcc/data/lfw/lfw-funneled/Jennifer_Capriati/Jennifer_Capriati_0014.jpg,0.4738462200223698,1
/home/anitadonato/tcc/tcc/data/lfw/lfw-funneled/Jennifer_Capriati/Jennifer_Capriati_0032.jpg,/home/anitadonato/tcc/tcc/data/lfw/lfw-funneled/Jennifer_Capriati/Jennifer_Capriati_0035.jpg,0.5189966066812893,1
/home/anitadonato/tcc/tcc/data/lfw/lfw-funneled/Jennifer_Capriati/Jennifer_Capriati_0032.jpg,/home/anitadonato/tcc/tcc/data/lfw/lfw-funneled/Jennifer_Capriati/Jennifer_Capriati_0009.jpg,0.5017480502011489,1
/home/anitadonato/tcc/tcc/data/lfw/lfw-funneled/Jennifer_Capriati/Jennifer_Capriati_0014.jpg,/home/anitadonato/tcc/tcc/data/lfw/lfw-funneled/Jennifer_Capriati/Jennifer_Capriati_0035.jpg,0.5133188971655085,1
/home/anitadonato/tcc/tcc/data/lfw/lfw-funneled/Jennifer_Capriati/Jennifer_Capriati_0014.jpg,/home/anitadonato/tcc/tcc/data/lfw/lfw-funneled/Jennifer_Capriati/Jennifer_Capriati_0009.jpg,0.5295892902492747,1
/home/anitadonato/tcc/tcc/data/lfw/lfw-funneled/Jennifer_Capriati/Jennifer_Capriati_0035.jpg,/home/anitadonato/tcc/tcc/data/lfw/lfw-funneled/Jennifer_Capriati/Jennifer_Capriati_0009.jpg,0.4222837402853503,1
/home/anitadonato/tcc/tcc/data/lfw/lfw-funneled/Woody_Allen/Woody_Allen_0005.jpg,/home/anitadonato/tcc/tcc/data/lfw/lfw-funneled/Woody_Allen/Woody_Allen_0004.jpg,0.4594247851858571,1
/home/anitadonato/tcc/tcc/data/lfw/lfw-funneled/Woody_Allen/Woody_Allen_0005.jpg,/home/anitadonato/tcc/tcc/data/lfw/lfw-funneled/Woody_Allen/Woody_Allen_0001.jpg,0.801268397787281,1
/home/anitadonato/tcc/tcc/data/lfw/lfw-funneled/Woody_Allen/Woody_Allen_0005.jpg,/home/anitadonato/tcc/tcc/data/lfw/lfw-funneled/Woody_Allen/Woody_Allen_0002.jpg,0.4363960218650584,1
/home/anitadonato/tcc/tcc/data/lfw/lfw-funneled/Woody_Allen/Woody_Allen_0005.jpg,/home/anitadonato/tcc/tcc/data/lfw/lfw-funneled/Woody_Allen/Woody_Allen_0003.jpg,0.40212344596708516,1
/home/anitadonato/tcc/tcc/data/lfw/lfw-funneled/Woody_Allen/Woody_Allen_0004.jpg,/home/anitadonato/tcc/tcc/data/lfw/lfw-funneled/Woody_Allen/Woody_Allen_0001.jpg,0.8149026858530355,1
/home/anitadonato/tcc/tcc/data/lfw/lfw-funneled/Woody_Allen/Woody_Allen_0004.jpg,/home/anitadonato/tcc/tcc/data/lfw/lfw-funneled/Woody_Allen/Woody_Allen_0002.jpg,0.44263213340388996,1
/home/anitadonato/tcc/tcc/data/lfw/lfw-funneled/Woody_Allen/Woody_Allen_0004.jpg,/home/anitadonato/tcc/tcc/data/lfw/lfw-funneled/Woody_Allen/Woody_Allen_0003.jpg,0.3790182049611506,1
/home/anitadonato/tcc/tcc/data/lfw/lfw-funneled/Woody_Allen/Woody_Allen_0001.jpg,/home/anitadonato/tcc/tcc/data/lfw/lfw-funneled/Woody_Allen/Woody_Allen_0002.jpg,0.8183577083020435,1
/home/anitadonato/tcc/tcc/data/lfw/lfw-funneled/Woody_Allen/Woody_Allen_0001.jpg,/home/anitadonato/tcc/tcc/data/lfw/lfw-funneled/Woody_Allen/Woody_Allen_0003.jpg,0.792107102189493,1
/home/anitadonato/tcc/tcc/data/lfw/lfw-funneled/Woody_Allen/Woody_Allen_0002.jpg,/home/anitadonato/tcc/tcc/data/lfw/lfw-funneled/Woody_Allen/Woody_Allen_0003.jpg,0.4050212943111086,1
/home/anitadonato/tcc/tcc/data/lfw/lfw-funneled/Vladimir_Putin/Vladimir_Putin_0013.jpg,/home/anitadonato/tcc/tcc/data/lfw/lfw-funneled/Vladimir_Putin/Vladimir_Putin_0007.jpg,0.5395823890773807,1
/home/anitadonato/tcc/tcc/data/lfw/lfw-funneled/Vladimir_Putin/Vladimir_Putin_0013.jpg,/home/anitadonato/tcc/tcc/data/lfw/lfw-funneled/Vladimir_Putin/Vladimir_Putin_0043.jpg,0.430463419503035,1
/home/anitadonato/tcc/tcc/data/lfw/lfw-funneled/Vladimir_Putin/Vladimir_Putin_0013.jpg,/home/anitadonato/tcc/tcc/data/lfw/lfw-funneled/Vladimir_Putin/Vladimir_Putin_0028.jpg,0.4788450953590264,1
/home/anitadonato/tcc/tcc/data/lfw/lfw-funneled/Vladimir_Putin/Vladimir_Putin_0013.jpg,/home/anitadonato/tcc/tcc/data/lfw/lfw-funneled/Vladimir_Putin/Vladimir_Putin_0023.jpg,0.44977250705811944,1
/home/anitadonato/tcc/tcc/data/lfw/lfw-funneled/Vladimir_Putin/Vladimir_Putin_0007.jpg,/home/anitadonato/tcc/tcc/data/lfw/lfw-funneled/Vladimir_Putin/Vladimir_Putin_0043.jpg,0.43072019793710686,1
/home/anitadonato/tcc/tcc/data/lfw/lfw-funneled/Vladimir_Putin/Vladimir_Putin_0007.jpg,/home/anitadonato/tcc/tcc/data/lfw/lfw-funneled/Vladimir_Putin/Vladimir_Putin_0028.jpg,0.35558908777195236,1
/home/anitadonato/tcc/tcc/data/lfw/lfw-funneled/Vladimir_Putin/Vladimir_Putin_0007.jpg,/home/anitadonato/tcc/tcc/data/lfw/lfw-funneled/Vladimir_Putin/Vladimir_Putin_0023.jpg,0.5566401875201867,1
/home/anitadonato/tcc/tcc/data/lfw/lfw-funneled/Vladimir_Putin/Vladimir_Putin_0043.jpg,/home/anitadonato/tcc/tcc/data/lfw/lfw-funneled/Vladimir_Putin/Vladimir_Putin_0028.jpg,0.46778810040104757,1
/home/anitadonato/tcc/tcc/data/lfw/lfw-funneled/Vladimir_Putin/Vladimir_Putin_0043.jpg,/home/anitadonato/tcc/tcc/data/lfw/lfw-funneled/Vladimir_Putin/Vladimir_Putin_0023.jpg,0.45676884227423237,1
/home/anitadonato/tcc/tcc/data/lfw/lfw-funneled/Vladimir_Putin/Vladimir_Putin_0028.jpg,/home/anitadonato/tcc/tcc/data/lfw/lfw-funneled/Vladimir_Putin/Vladimir_Putin_0023.jpg,0.39785995830677556,1
/home/anitadonato/tcc/tcc/data/lfw/lfw-funneled/John_Paul_II/John_Paul_II_0011.jpg,/home/anitadonato/tcc/tcc/data/lfw/lfw-funneled/John_Paul_II/John_Paul_II_0008.jpg,0.4223861296135553,1
/home/anitadonato/tcc/tcc/data/lfw/lfw-funneled/John_Paul_II/John_Paul_II_0011.jpg,/home/anitadonato/tcc/tcc/data/lfw/lfw-funneled/John_Paul_II/John_Paul_II_0001.jpg,0.38382394081152166,1
/home/anitadonato/tcc/tcc/data/lfw/lfw-funneled/John_Paul_II/John_Paul_II_0011.jpg,/home/anitadonato/tcc/tcc/data/lfw/lfw-funneled/John_Paul_II/John_Paul_II_0006.jpg,0.4389203859747197,1
/home/anitadonato/tcc/tcc/data/lfw/lfw-funneled/John_Paul_II/John_Paul_II_0008.jpg,/home/anitadonato/tcc/tcc/data/lfw/lfw-funneled/John_Paul_II/John_Paul_II_0001.jpg,0.4001012302502656,1
/home/anitadonato/tcc/tcc/data/lfw/lfw-funneled/John_Paul_II/John_Paul_II_0008.jpg,/home/anitadonato/tcc/tcc/data/lfw/lfw-funneled/John_Paul_II/John_Paul_II_0006.jpg,0.42989983492188066,1
/home/anitadonato/tcc/tcc/data/lfw/lfw-funneled/John_Paul_II/John_Paul_II_0001.jpg,/home/anitadonato/tcc/tcc/data/lfw/lfw-funneled/John_Paul_II/John_Paul_II_0006.jpg,0.376148979660748,1
/home/anitadonato/tcc/tcc/data/lfw/lfw-funneled/Boris_Becker/Boris_Becker_0006.jpg,/home/anitadonato/tcc/tcc/data/lfw/lfw-funneled/Boris_Becker/Boris_Becker_0001.jpg,0.46403650837001176,1
/home/anitadonato/tcc/tcc/data/lfw/lfw-funneled/Boris_Becker/Boris_Becker_0006.jpg,/home/anitadonato/tcc/tcc/data/lfw/lfw-funneled/Boris_Becker/Boris_Becker_0005.jpg,0.4951502342303309,1
/home/anitadonato/tcc/tcc/data/lfw/lfw-funneled/Boris_Becker/Boris_Becker_0006.jpg,/home/anitadonato/tcc/tcc/data/lfw/lfw-funneled/Boris_Becker/Boris_Becker_0002.jpg,0.5592956890078438,1
/home/anitadonato/tcc/tcc/data/lfw/lfw-funneled/Boris_Becker/Boris_Becker_0006.jpg,/home/anitadonato/tcc/tcc/data/lfw/lfw-funneled/Boris_Becker/Boris_Becker_0003.jpg,0.5174434632554762,1
/home/anitadonato/tcc/tcc/data/lfw/lfw-funneled/Boris_Becker/Boris_Becker_0001.jpg,/home/anitadonato/tcc/tcc/data/lfw/lfw-funneled/Boris_Becker/Boris_Becker_0005.jpg,0.3838974575262118,1
/home/anitadonato/tcc/tcc/data/lfw/lfw-funneled/Boris_Becker/Boris_Becker_0001.jpg,/home/anitadonato/tcc/tcc/data/lfw/lfw-funneled/Boris_Becker/Boris_Becker_0002.jpg,0.481384129560465,1
/home/anitadonato/tcc/tcc/data/lfw/lfw-funneled/Boris_Becker/Boris_Becker_0001.jpg,/home/anitadonato/tcc/tcc/data/lfw/lfw-funneled/Boris_Becker/Boris_Becker_0003.jpg,0.41075143872571446,1
/home/anitadonato/tcc/tcc/data/lfw/lfw-funneled/Boris_Becker/Boris_Becker_0005.jpg,/home/anitadonato/tcc/tcc/data/lfw/lfw-funneled/Boris_Becker/Boris_Becker_0002.jpg,0.3968235523579698,1
/home/anitadonato/tcc/tcc/data/lfw/lfw-funneled/Boris_Becker/Boris_Becker_0005.jpg,/home/anitadonato/tcc/tcc/data/lfw/lfw-funneled/Boris_Becker/Boris_Becker_0003.jpg,0.41523805746741704,1
/home/anitadonato/tcc/tcc/data/lfw/lfw-funneled/Boris_Becker/Boris_Becker_0002.jpg,/home/anitadonato/tcc/tcc/data/lfw/lfw-funneled/Boris_Becker/Boris_Becker_0003.jpg,0.42390212754377704,1
/home/anitadonato/tcc/tcc/data/lfw/lfw-funneled/Joe_Lieberman/Joe_Lieberman_0013.jpg,/home/anitadonato/tcc/tcc/data/lfw/lfw-funneled/Joe_Lieberman/Joe_Lieberman_0002.jpg,0.3830395264822397,1
/home/anitadonato/tcc/tcc/data/lfw/lfw-funneled/Joe_Lieberman/Joe_Lieberman_0013.jpg,/home/anitadonato/tcc/tcc/data/lfw/lfw-funneled/Joe_Lieberman/Joe_Lieberman_0004.jpg,0.734718566194794,1
/home/anitadonato/tcc/tcc/data/lfw/lfw-funneled/Joe_Lieberman/Joe_Lieberman_0013.jpg,/home/anitadonato/tcc/tcc/data/lfw/lfw-funneled/Joe_Lieberman/Joe_Lieberman_0011.jpg,0.36844604573284473,1
/home/anitadonato/tcc/tcc/data/lfw/lfw-funneled/Joe_Lieberman/Joe_Lieberman_0013.jpg,/home/anitadonato/tcc/tcc/data/lfw/lfw-funneled/Joe_Lieberman/Joe_Lieberman_0010.jpg,0.4473764989831181,1
/home/anitadonato/tcc/tcc/data/lfw/lfw-funneled/Joe_Lieberman/Joe_Lieberman_0002.jpg,/home/anitadonato/tcc/tcc/data/lfw/lfw-funneled/Joe_Lieberman/Joe_Lieberman_0004.jpg,0.7522823864941866,1
/home/anitadonato/tcc/tcc/data/lfw/lfw-funneled/Joe_Lieberman/Joe_Lieberman_0002.jpg,/home/anitadonato/tcc/tcc/data/lfw/lfw-funneled/Joe_Lieberman/Joe_Lieberman_0011.jpg,0.2815670195696174,1
/home/anitadonato/tcc/tcc/data/lfw/lfw-funneled/Joe_Lieberman/Joe_Lieberman_0002.jpg,/home/anitadonato/tcc/tcc/data/lfw/lfw-funneled/Joe_Lieberman/Joe_Lieberman_0010.jpg,0.38689200557260084,1
/home/anitadonato/tcc/tcc/data/lfw/lfw-funneled/Joe_Lieberman/Joe_Lieberman_0004.jpg,/home/anitadonato/tcc/tcc/data/lfw/lfw-funneled/Joe_Lieberman/Joe_Lieberman_0011.jpg,0.7686519659838902,1
/home/anitadonato/tcc/tcc/data/lfw/lfw-funneled/Joe_Lieberman/Joe_Lieberman_0004.jpg,/home/anitadonato/tcc/tcc/data/lfw/lfw-funneled/Joe_Lieberman/Joe_Lieberman_0010.jpg,0.794403436542912,1
/home/anitadonato/tcc/tcc/data/lfw/lfw-funneled/Joe_Lieberman/Joe_Lieberman_0011.jpg,/home/anitadonato/tcc/tcc/data/lfw/lfw-funneled/Joe_Lieberman/Joe_Lieberman_0010.jpg,0.40255553125900184,1
/home/anitadonato/tcc/tcc/data/lfw/lfw-funneled/Jeremy_Greenstock/Jeremy_Greenstock_0018.jpg,/home/anitadonato/tcc/tcc/data/lfw/lfw-funneled/Jeremy_Greenstock/Jeremy_Greenstock_0015.jpg,0.353699099514551,1
/home/anitadonato/tcc/tcc/data/lfw/lfw-funneled/Jeremy_Greenstock/Jeremy_Greenstock_0018.jpg,/home/anitadonato/tcc/tcc/data/lfw/lfw-funneled/Jeremy_Greenstock/Jeremy_Greenstock_0005.jpg,0.38859452185899235,1
/home/anitadonato/tcc/tcc/data/lfw/lfw-funneled/Jeremy_Greenstock/Jeremy_Greenstock_0018.jpg,/home/anitadonato/tcc/tcc/data/lfw/lfw-funneled/Jeremy_Greenstock/Jeremy_Greenstock_0014.jpg,0.32481764860179396,1
/home/anitadonato/tcc/tcc/data/lfw/lfw-funneled/Jeremy_Greenstock/Jeremy_Greenstock_0018.jpg,/home/anitadonato/tcc/tcc/data/lfw/lfw-funneled/Jeremy_Greenstock/Jeremy_Greenstock_0006.jpg,0.3052703805007415,1
/home/anitadonato/tcc/tcc/data/lfw/lfw-funneled/Jeremy_Greenstock/Jeremy_Greenstock_0015.jpg,/home/anitadonato/tcc/tcc/data/lfw/lfw-funneled/Jeremy_Greenstock/Jeremy_Greenstock_0005.jpg,0.4247316188097402,1
/home/anitadonato/tcc/tcc/data/lfw/lfw-funneled/Jeremy_Greenstock/Jeremy_Greenstock_0015.jpg,/home/anitadonato/tcc/tcc/data/lfw/lfw-funneled/Jeremy_Greenstock/Jeremy_Greenstock_0014.jpg,0.40131774215502464,1
/home/anitadonato/tcc/tcc/data/lfw/lfw-funneled/Jeremy_Greenstock/Jeremy_Greenstock_0015.jpg,/home/anitadonato/tcc/tcc/data/lfw/lfw-funneled/Jeremy_Greenstock/Jeremy_Greenstock_0006.jpg,0.4655345914175489,1
/home/anitadonato/tcc/tcc/data/lfw/lfw-funneled/Jeremy_Greenstock/Jeremy_Greenstock_0005.jpg,/home/anitadonato/tcc/tcc/data/lfw/lfw-funneled/Jeremy_Greenstock/Jeremy_Greenstock_0014.jpg,0.3621481713856991,1
/home/anitadonato/tcc/tcc/data/lfw/lfw-funneled/Jeremy_Greenstock/Jeremy_Greenstock_0005.jpg,/home/anitadonato/tcc/tcc/data/lfw/lfw-funneled/Jeremy_Greenstock/Jeremy_Greenstock_0006.jpg,0.38116959240701576,1
/home/anitadonato/tcc/tcc/data/lfw/lfw-funneled/Jeremy_Greenstock/Jeremy_Greenstock_0014.jpg,/home/anitadonato/tcc/tcc/data/lfw/lfw-funneled/Jeremy_Greenstock/Jeremy_Greenstock_0006.jpg,0.3506451299391059,1
/home/anitadonato/tcc/tcc/data/lfw/lfw-funneled/Pervez_Musharraf/Pervez_Musharraf_0009.jpg,/home/anitadonato/tcc/tcc/data/lfw/lfw-funneled/Pervez_Musharraf/Pervez_Musharraf_0015.jpg,0.3358923416849663,1
/home/anitadonato/tcc/tcc/data/lfw/lfw-funneled/Pervez_Musharraf/Pervez_Musharraf_0009.jpg,/home/anitadonato/tcc/tcc/data/lfw/lfw-funneled/Pervez_Musharraf/Pervez_Musharraf_0008.jpg,0.3640639018447241,1
/home/anitadonato/tcc/tcc/data/lfw/lfw-funneled/Pervez_Musharraf/Pervez_Musharraf_0009.jpg,/home/anitadonato/tcc/tcc/data/lfw/lfw-funneled/Pervez_Musharraf/Pervez_Musharraf_0014.jpg,0.4603488207743896,1
/home/anitadonato/tcc/tcc/data/lfw/lfw-funneled/Pervez_Musharraf/Pervez_Musharraf_0009.jpg,/home/anitadonato/tcc/tcc/data/lfw/lfw-funneled/Pervez_Musharraf/Pervez_Musharraf_0002.jpg,0.3818372466778888,1
/home/anitadonato/tcc/tcc/data/lfw/lfw-funneled/Pervez_Musharraf/Pervez_Musharraf_0015.jpg,/home/anitadonato/tcc/tcc/data/lfw/lfw-funneled/Pervez_Musharraf/Pervez_Musharraf_0008.jpg,0.40639765167020686,1
/home/anitadonato/tcc/tcc/data/lfw/lfw-funneled/Pervez_Musharraf/Pervez_Musharraf_0015.jpg,/home/anitadonato/tcc/tcc/data/lfw/lfw-funneled/Pervez_Musharraf/Pervez_Musharraf_0014.jpg,0.4446642697302778,1
/home/anitadonato/tcc/tcc/data/lfw/lfw-funneled/Pervez_Musharraf/Pervez_Musharraf_0015.jpg,/home/anitadonato/tcc/tcc/data/lfw/lfw-funneled/Pervez_Musharraf/Pervez_Musharraf_0002.jpg,0.35056700103625155,1
/home/anitadonato/tcc/tcc/data/lfw/lfw-funneled/Pervez_Musharraf/Pervez_Musharraf_0008.jpg,/home/anitadonato/tcc/tcc/data/lfw/lfw-funneled/Pervez_Musharraf/Pervez_Musharraf_0014.jpg,0.4142478237977203,1
/home/anitadonato/tcc/tcc/data/lfw/lfw-funneled/Pervez_Musharraf/Pervez_Musharraf_0008.jpg,/home/anitadonato/tcc/tcc/data/lfw/lfw-funneled/Pervez_Musharraf/Pervez_Musharraf_0002.jpg,0.43108220033673306,1
/home/anitadonato/tcc/tcc/data/lfw/lfw-funneled/Pervez_Musharraf/Pervez_Musharraf_0014.jpg,/home/anitadonato/tcc/tcc/data/lfw/lfw-funneled/Pervez_Musharraf/Pervez_Musharraf_0002.jpg,0.5047975665612238,1
/home/anitadonato/tcc/tcc/data/lfw/lfw-funneled/Hal_Gehman/Hal_Gehman_0004.jpg,/home/anitadonato/tcc/tcc/data/lfw/lfw-funneled/Hal_Gehman/Hal_Gehman_0001.jpg,0.4399118017491333,1
/home/anitadonato/tcc/tcc/data/lfw/lfw-funneled/Hal_Gehman/Hal_Gehman_0004.jpg,/home/anitadonato/tcc/tcc/data/lfw/lfw-funneled/Hal_Gehman/Hal_Gehman_0005.jpg,0.46630322058155765,1
/home/anitadonato/tcc/tcc/data/lfw/lfw-funneled/Hal_Gehman/Hal_Gehman_0004.jpg,/home/anitadonato/tcc/tcc/data/lfw/lfw-funneled/Hal_Gehman/Hal_Gehman_0003.jpg,0.3841244504351293,1
/home/anitadonato/tcc/tcc/data/lfw/lfw-funneled/Hal_Gehman/Hal_Gehman_0004.jpg,/home/anitadonato/tcc/tcc/data/lfw/lfw-funneled/Hal_Gehman/Hal_Gehman_0002.jpg,0.4263570749634951,1
/home/anitadonato/tcc/tcc/data/lfw/lfw-funneled/Hal_Gehman/Hal_Gehman_0001.jpg,/home/anitadonato/tcc/tcc/data/lfw/lfw-funneled/Hal_Gehman/Hal_Gehman_0005.jpg,0.5032514934972253,1
/home/anitadonato/tcc/tcc/data/lfw/lfw-funneled/Hal_Gehman/Hal_Gehman_0001.jpg,/home/anitadonato/tcc/tcc/data/lfw/lfw-funneled/Hal_Gehman/Hal_Gehman_0003.jpg,0.45326799948446705,1
/home/anitadonato/tcc/tcc/data/lfw/lfw-funneled/Hal_Gehman/Hal_Gehman_0001.jpg,/home/anitadonato/tcc/tcc/data/lfw/lfw-funneled/Hal_Gehman/Hal_Gehman_0002.jpg,0.503842577656301,1
/home/anitadonato/tcc/tcc/data/lfw/lfw-funneled/Hal_Gehman/Hal_Gehman_0005.jpg,/home/anitadonato/tcc/tcc/data/lfw/lfw-funneled/Hal_Gehman/Hal_Gehman_0003.jpg,0.5477702822830064,1
/home/anitadonato/tcc/tcc/data/lfw/lfw-funneled/Hal_Gehman/Hal_Gehman_0005.jpg,/home/anitadonato/tcc/tcc/data/lfw/lfw-funneled/Hal_Gehman/Hal_Gehman_0002.jpg,0.5038216390793,1
/home/anitadonato/tcc/tcc/data/lfw/lfw-funneled/Hal_Gehman/Hal_Gehman_0003.jpg,/home/anitadonato/tcc/tcc/data/lfw/lfw-funneled/Hal_Gehman/Hal_Gehman_0002.jpg,0.39958450538591583,1
/home/anitadonato/tcc/tcc/data/lfw/lfw-funneled/Ann_Veneman/Ann_Veneman_0004.jpg,/home/anitadonato/tcc/tcc/data/lfw/lfw-funneled/Ann_Veneman/Ann_Veneman_0003.jpg,0.34548178732095586,1
/home/anitadonato/tcc/tcc/data/lfw/lfw-funneled/Ann_Veneman/Ann_Veneman_0004.jpg,/home/anitadonato/tcc/tcc/data/lfw/lfw-funneled/Ann_Veneman/Ann_Veneman_0007.jpg,0.41576565722547343,1
/home/anitadonato/tcc/tcc/data/lfw/lfw-funneled/Ann_Veneman/Ann_Veneman_0004.jpg,/home/anitadonato/tcc/tcc/data/lfw/lfw-funneled/Ann_Veneman/Ann_Veneman_0008.jpg,0.4107760147044984,1
/home/anitadonato/tcc/tcc/data/lfw/lfw-funneled/Ann_Veneman/Ann_Veneman_0004.jpg,/home/anitadonato/tcc/tcc/data/lfw/lfw-funneled/Ann_Veneman/Ann_Veneman_0011.jpg,0.4395473746013407,1
/home/anitadonato/tcc/tcc/data/lfw/lfw-funneled/Ann_Veneman/Ann_Veneman_0003.jpg,/home/anitadonato/tcc/tcc/data/lfw/lfw-funneled/Ann_Veneman/Ann_Veneman_0007.jpg,0.3394404791796949,1
/home/anitadonato/tcc/tcc/data/lfw/lfw-funneled/Ann_Veneman/Ann_Veneman_0003.jpg,/home/anitadonato/tcc/tcc/data/lfw/lfw-funneled/Ann_Veneman/Ann_Veneman_0008.jpg,0.3077717027488612,1
/home/anitadonato/tcc/tcc/data/lfw/lfw-funneled/Ann_Veneman/Ann_Veneman_0003.jpg,/home/anitadonato/tcc/tcc/data/lfw/lfw-funneled/Ann_Veneman/Ann_Veneman_0011.jpg,0.30829651705715605,1
/home/anitadonato/tcc/tcc/data/lfw/lfw-funneled/Ann_Veneman/Ann_Veneman_0007.jpg,/home/anitadonato/tcc/tcc/data/lfw/lfw-funneled/Ann_Veneman/Ann_Veneman_0008.jpg,0.25795767442925693,1
/home/anitadonato/tcc/tcc/data/lfw/lfw-funneled/Ann_Veneman/Ann_Veneman_0007.jpg,/home/anitadonato/tcc/tcc/data/lfw/lfw-funneled/Ann_Veneman/Ann_Veneman_0011.jpg,0.4093464557082757,1
/home/anitadonato/tcc/tcc/data/lfw/lfw-funneled/Ann_Veneman/Ann_Veneman_0008.jpg,/home/anitadonato/tcc/tcc/data/lfw/lfw-funneled/Ann_Veneman/Ann_Veneman_0011.jpg,0.3736208204746949,1
/home/anitadonato/tcc/tcc/data/lfw/lfw-funneled/Liza_Minnelli/Liza_Minnelli_0002.jpg,/home/anitadonato/tcc/tcc/data/lfw/lfw-funneled/Liza_Minnelli/Liza_Minnelli_0004.jpg,0.4106744683137756,1
/home/anitadonato/tcc/tcc/data/lfw/lfw-funneled/Liza_Minnelli/Liza_Minnelli_0002.jpg,/home/anitadonato/tcc/tcc/data/lfw/lfw-funneled/Liza_Minnelli/Liza_Minnelli_0001.jpg,0.42986175264731136,1
/home/anitadonato/tcc/tcc/data/lfw/lfw-funneled/Liza_Minnelli/Liza_Minnelli_0002.jpg,/home/anitadonato/tcc/tcc/data/lfw/lfw-funneled/Liza_Minnelli/Liza_Minnelli_0007.jpg,0.4191978621849276,1
/home/anitadonato/tcc/tcc/data/lfw/lfw-funneled/Liza_Minnelli/Liza_Minnelli_0002.jpg,/home/anitadonato/tcc/tcc/data/lfw/lfw-funneled/Liza_Minnelli/Liza_Minnelli_0006.jpg,0.41337413971888637,1
/home/anitadonato/tcc/tcc/data/lfw/lfw-funneled/Liza_Minnelli/Liza_Minnelli_0004.jpg,/home/anitadonato/tcc/tcc/data/lfw/lfw-funneled/Liza_Minnelli/Liza_Minnelli_0001.jpg,0.42202972121653415,1
/home/anitadonato/tcc/tcc/data/lfw/lfw-funneled/Liza_Minnelli/Liza_Minnelli_0004.jpg,/home/anitadonato/tcc/tcc/data/lfw/lfw-funneled/Liza_Minnelli/Liza_Minnelli_0007.jpg,0.40771296698012144,1
/home/anitadonato/tcc/tcc/data/lfw/lfw-funneled/Liza_Minnelli/Liza_Minnelli_0004.jpg,/home/anitadonato/tcc/tcc/data/lfw/lfw-funneled/Liza_Minnelli/Liza_Minnelli_0006.jpg,0.4502773724807391,1
/home/anitadonato/tcc/tcc/data/lfw/lfw-funneled/Liza_Minnelli/Liza_Minnelli_0001.jpg,/home/anitadonato/tcc/tcc/data/lfw/lfw-funneled/Liza_Minnelli/Liza_Minnelli_0007.jpg,0.30592962632644105,1
/home/anitadonato/tcc/tcc/data/lfw/lfw-funneled/Liza_Minnelli/Liza_Minnelli_0001.jpg,/home/anitadonato/tcc/tcc/data/lfw/lfw-funneled/Liza_Minnelli/Liza_Minnelli_0006.jpg,0.3256544996877885,1
/home/anitadonato/tcc/tcc/data/lfw/lfw-funneled/Liza_Minnelli/Liza_Minnelli_0007.jpg,/home/anitadonato/tcc/tcc/data/lfw/lfw-funneled/Liza_Minnelli/Liza_Minnelli_0006.jpg,0.35222338598034464,1
/home/anitadonato/tcc/tcc/data/lfw/lfw-funneled/Mike_Myers/Mike_Myers_0001.jpg,/home/anitadonato/tcc/tcc/data/lfw/lfw-funneled/Mike_Myers/Mike_Myers_0004.jpg,0.4188694496099782,1
/home/anitadonato/tcc/tcc/data/lfw/lfw-funneled/Mike_Myers/Mike_Myers_0001.jpg,/home/anitadonato/tcc/tcc/data/lfw/lfw-funneled/Mike_Myers/Mike_Myers_0003.jpg,0.5916685732137698,1
/home/anitadonato/tcc/tcc/data/lfw/lfw-funneled/Mike_Myers/Mike_Myers_0001.jpg,/home/anitadonato/tcc/tcc/data/lfw/lfw-funneled/Mike_Myers/Mike_Myers_0006.jpg,0.49899955469092744,1
/home/anitadonato/tcc/tcc/data/lfw/lfw-funneled/Mike_Myers/Mike_Myers_0001.jpg,/home/anitadonato/tcc/tcc/data/lfw/lfw-funneled/Mike_Myers/Mike_Myers_0002.jpg,0.4472601526698091,1
/home/anitadonato/tcc/tcc/data/lfw/lfw-funneled/Mike_Myers/Mike_Myers_0004.jpg,/home/anitadonato/tcc/tcc/data/lfw/lfw-funneled/Mike_Myers/Mike_Myers_0003.jpg,0.5257526580781725,1
/home/anitadonato/tcc/tcc/data/lfw/lfw-funneled/Mike_Myers/Mike_Myers_0004.jpg,/home/anitadonato/tcc/tcc/data/lfw/lfw-funneled/Mike_Myers/Mike_Myers_0006.jpg,0.3293723163301294,1
/home/anitadonato/tcc/tcc/data/lfw/lfw-funneled/Mike_Myers/Mike_Myers_0004.jpg,/home/anitadonato/tcc/tcc/data/lfw/lfw-funneled/Mike_Myers/Mike_Myers_0002.jpg,0.4078194535364659,1
/home/anitadonato/tcc/tcc/data/lfw/lfw-funneled/Mike_Myers/Mike_Myers_0003.jpg,/home/anitadonato/tcc/tcc/data/lfw/lfw-funneled/Mike_Myers/Mike_Myers_0006.jpg,0.5077302977798679,1
/home/anitadonato/tcc/tcc/data/lfw/lfw-funneled/Mike_Myers/Mike_Myers_0003.jpg,/home/anitadonato/tcc/tcc/data/lfw/lfw-funneled/Mike_Myers/Mike_Myers_0002.jpg,0.4566598402737991,1
/home/anitadonato/tcc/tcc/data/lfw/lfw-funneled/Mike_Myers/Mike_Myers_0006.jpg,/home/anitadonato/tcc/tcc/data/lfw/lfw-funneled/Mike_Myers/Mike_Myers_0002.jpg,0.4122864220651923,1
/home/anitadonato/tcc/tcc/data/lfw/lfw-funneled/Cesar_Gaviria/Cesar_Gaviria_0007.jpg,/home/anitadonato/tcc/tcc/data/lfw/lfw-funneled/Cesar_Gaviria/Cesar_Gaviria_0006.jpg,0.41219364608973624,1
/home/anitadonato/tcc/tcc/data/lfw/lfw-funneled/Cesar_Gaviria/Cesar_Gaviria_0007.jpg,/home/anitadonato/tcc/tcc/data/lfw/lfw-funneled/Cesar_Gaviria/Cesar_Gaviria_0008.jpg,0.37430285616001463,1
/home/anitadonato/tcc/tcc/data/lfw/lfw-funneled/Cesar_Gaviria/Cesar_Gaviria_0007.jpg,/home/anitadonato/tcc/tcc/data/lfw/lfw-funneled/Cesar_Gaviria/Cesar_Gaviria_0005.jpg,0.4232983074674989,1
/home/anitadonato/tcc/tcc/data/lfw/lfw-funneled/Cesar_Gaviria/Cesar_Gaviria_0007.jpg,/home/anitadonato/tcc/tcc/data/lfw/lfw-funneled/Cesar_Gaviria/Cesar_Gaviria_0004.jpg,0.37113210562068416,1
/home/anitadonato/tcc/tcc/data/lfw/lfw-funneled/Cesar_Gaviria/Cesar_Gaviria_0006.jpg,/home/anitadonato/tcc/tcc/data/lfw/lfw-funneled/Cesar_Gaviria/Cesar_Gaviria_0008.jpg,0.4061631620613703,1
/home/anitadonato/tcc/tcc/data/lfw/lfw-funneled/Cesar_Gaviria/Cesar_Gaviria_0006.jpg,/home/anitadonato/tcc/tcc/data/lfw/lfw-funneled/Cesar_Gaviria/Cesar_Gaviria_0005.jpg,0.24500137365392283,1
/home/anitadonato/tcc/tcc/data/lfw/lfw-funneled/Cesar_Gaviria/Cesar_Gaviria_0006.jpg,/home/anitadonato/tcc/tcc/data/lfw/lfw-funneled/Cesar_Gaviria/Cesar_Gaviria_0004.jpg,0.3950380978886295,1
/home/anitadonato/tcc/tcc/data/lfw/lfw-funneled/Cesar_Gaviria/Cesar_Gaviria_0008.jpg,/home/anitadonato/tcc/tcc/data/lfw/lfw-funneled/Cesar_Gaviria/Cesar_Gaviria_0005.jpg,0.4440499622470124,1
/home/anitadonato/tcc/tcc/data/lfw/lfw-funneled/Cesar_Gaviria/Cesar_Gaviria_0008.jpg,/home/anitadonato/tcc/tcc/data/lfw/lfw-funneled/Cesar_Gaviria/Cesar_Gaviria_0004.jpg,0.3685193281267991,1
/home/anitadonato/tcc/tcc/data/lfw/lfw-funneled/Cesar_Gaviria/Cesar_Gaviria_0005.jpg,/home/anitadonato/tcc/tcc/data/lfw/lfw-funneled/Cesar_Gaviria/Cesar_Gaviria_0004.jpg,0.4076821545913751,1
/home/anitadonato/tcc/tcc/data/lfw/lfw-funneled/John_Negroponte/John_Negroponte_0005.jpg,/home/anitadonato/tcc/tcc/data/lfw/lfw-funneled/John_Negroponte/John_Negroponte_0007.jpg,0.3787415013211243,1
/home/anitadonato/tcc/tcc/data/lfw/lfw-funneled/John_Negroponte/John_Negroponte_0005.jpg,/home/anitadonato/tcc/tcc/data/lfw/lfw-funneled/John_Negroponte/John_Negroponte_0010.jpg,0.3468112384608258,1
/home/anitadonato/tcc/tcc/data/lfw/lfw-funneled/John_Negroponte/John_Negroponte_0005.jpg,/home/anitadonato/tcc/tcc/data/lfw/lfw-funneled/John_Negroponte/John_Negroponte_0031.jpg,0.39104371473899047,1
/home/anitadonato/tcc/tcc/data/lfw/lfw-funneled/John_Negroponte/John_Negroponte_0005.jpg,/home/anitadonato/tcc/tcc/data/lfw/lfw-funneled/John_Negroponte/John_Negroponte_0002.jpg,0.4538496305253605,1
/home/anitadonato/tcc/tcc/data/lfw/lfw-funneled/John_Negroponte/John_Negroponte_0007.jpg,/home/anitadonato/tcc/tcc/data/lfw/lfw-funneled/John_Negroponte/John_Negroponte_0010.jpg,0.34914022105382053,1
/home/anitadonato/tcc/tcc/data/lfw/lfw-funneled/John_Negroponte/John_Negroponte_0007.jpg,/home/anitadonato/tcc/tcc/data/lfw/lfw-funneled/John_Negroponte/John_Negroponte_0031.jpg,0.4046291423676029,1
/home/anitadonato/tcc/tcc/data/lfw/lfw-funneled/John_Negroponte/John_Negroponte_0007.jpg,/home/anitadonato/tcc/tcc/data/lfw/lfw-funneled/John_Negroponte/John_Negroponte_0002.jpg,0.4368773350955046,1
/home/anitadonato/tcc/tcc/data/lfw/lfw-funneled/John_Negroponte/John_Negroponte_0010.jpg,/home/anitadonato/tcc/tcc/data/lfw/lfw-funneled/John_Negroponte/John_Negroponte_0031.jpg,0.33286244825166517,1
/home/anitadonato/tcc/tcc/data/lfw/lfw-funneled/John_Negroponte/John_Negroponte_0010.jpg,/home/anitadonato/tcc/tcc/data/lfw/lfw-funneled/John_Negroponte/John_Negroponte_0002.jpg,0.3623587951541794,1
/home/anitadonato/tcc/tcc/data/lfw/lfw-funneled/John_Negroponte/John_Negroponte_0031.jpg,/home/anitadonato/tcc/tcc/data/lfw/lfw-funneled/John_Negroponte/John_Negroponte_0002.jpg,0.4077303815169329,1
/home/anitadonato/tcc/tcc/data/lfw/lfw-funneled/Bill_Gates/Bill_Gates_0002.jpg,/home/anitadonato/tcc/tcc/data/lfw/lfw-funneled/Bill_Gates/Bill_Gates_0011.jpg,0.413393910234349,1
/home/anitadonato/tcc/tcc/data/lfw/lfw-funneled/Bill_Gates/Bill_Gates_0002.jpg,/home/anitadonato/tcc/tcc/data/lfw/lfw-funneled/Bill_Gates/Bill_Gates_0001.jpg,0.48055054583670836,1
/home/anitadonato/tcc/tcc/data/lfw/lfw-funneled/Bill_Gates/Bill_Gates_0002.jpg,/home/anitadonato/tcc/tcc/data/lfw/lfw-funneled/Bill_Gates/Bill_Gates_0015.jpg,0.5282096189910097,1
/home/anitadonato/tcc/tcc/data/lfw/lfw-funneled/Bill_Gates/Bill_Gates_0002.jpg,/home/anitadonato/tcc/tcc/data/lfw/lfw-funneled/Bill_Gates/Bill_Gates_0010.jpg,0.4776606013406384,1
/home/anitadonato/tcc/tcc/data/lfw/lfw-funneled/Bill_Gates/Bill_Gates_0011.jpg,/home/anitadonato/tcc/tcc/data/lfw/lfw-funneled/Bill_Gates/Bill_Gates_0001.jpg,0.4208361042989063,1
/home/anitadonato/tcc/tcc/data/lfw/lfw-funneled/Bill_Gates/Bill_Gates_0011.jpg,/home/anitadonato/tcc/tcc/data/lfw/lfw-funneled/Bill_Gates/Bill_Gates_0015.jpg,0.4197427077163083,1
/home/anitadonato/tcc/tcc/data/lfw/lfw-funneled/Bill_Gates/Bill_Gates_0011.jpg,/home/anitadonato/tcc/tcc/data/lfw/lfw-funneled/Bill_Gates/Bill_Gates_0010.jpg,0.3928474917788839,1
/home/anitadonato/tcc/tcc/data/lfw/lfw-funneled/Bill_Gates/Bill_Gates_0001.jpg,/home/anitadonato/tcc/tcc/data/lfw/lfw-funneled/Bill_Gates/Bill_Gates_0015.jpg,0.3834456228233907,1
/home/anitadonato/tcc/tcc/data/lfw/lfw-funneled/Bill_Gates/Bill_Gates_0001.jpg,/home/anitadonato/tcc/tcc/data/lfw/lfw-funneled/Bill_Gates/Bill_Gates_0010.jpg,0.44372982165264374,1
/home/anitadonato/tcc/tcc/data/lfw/lfw-funneled/Bill_Gates/Bill_Gates_0015.jpg,/home/anitadonato/tcc/tcc/data/lfw/lfw-funneled/Bill_Gates/Bill_Gates_0010.jpg,0.3903600874236342,1
/home/anitadonato/tcc/tcc/data/lfw/lfw-funneled/Muhammad_Saeed_al-Sahhaf/Muhammad_Saeed_al-Sahhaf_0004.jpg,/home/anitadonato/tcc/tcc/data/lfw/lfw-funneled/Muhammad_Saeed_al-Sahhaf/Muhammad_Saeed_al-Sahhaf_0002.jpg,0.4833078274647084,1
/home/anitadonato/tcc/tcc/data/lfw/lfw-funneled/Muhammad_Saeed_al-Sahhaf/Muhammad_Saeed_al-Sahhaf_0004.jpg,/home/anitadonato/tcc/tcc/data/lfw/lfw-funneled/Muhammad_Saeed_al-Sahhaf/Muhammad_Saeed_al-Sahhaf_0001.jpg,0.5184532264544864,1
/home/anitadonato/tcc/tcc/data/lfw/lfw-funneled/Muhammad_Saeed_al-Sahhaf/Muhammad_Saeed_al-Sahhaf_0004.jpg,/home/anitadonato/tcc/tcc/data/lfw/lfw-funneled/Muhammad_Saeed_al-Sahhaf/Muhammad_Saeed_al-Sahhaf_0003.jpg,0.48968683049078937,1
/home/anitadonato/tcc/tcc/data/lfw/lfw-funneled/Muhammad_Saeed_al-Sahhaf/Muhammad_Saeed_al-Sahhaf_0004.jpg,/home/anitadonato/tcc/tcc/data/lfw/lfw-funneled/Muhammad_Saeed_al-Sahhaf/Muhammad_Saeed_al-Sahhaf_0005.jpg,0.4884383491522151,1
/home/anitadonato/tcc/tcc/data/lfw/lfw-funneled/Muhammad_Saeed_al-Sahhaf/Muhammad_Saeed_al-Sahhaf_0002.jpg,/home/anitadonato/tcc/tcc/data/lfw/lfw-funneled/Muhammad_Saeed_al-Sahhaf/Muhammad_Saeed_al-Sahhaf_0001.jpg,0.3832041466479144,1
/home/anitadonato/tcc/tcc/data/lfw/lfw-funneled/Muhammad_Saeed_al-Sahhaf/Muhammad_Saeed_al-Sahhaf_0002.jpg,/home/anitadonato/tcc/tcc/data/lfw/lfw-funneled/Muhammad_Saeed_al-Sahhaf/Muhammad_Saeed_al-Sahhaf_0003.jpg,0.44068897540213753,1
/home/anitadonato/tcc/tcc/data/lfw/lfw-funneled/Muhammad_Saeed_al-Sahhaf/Muhammad_Saeed_al-Sahhaf_0002.jpg,/home/anitadonato/tcc/tcc/data/lfw/lfw-funneled/Muhammad_Saeed_al-Sahhaf/Muhammad_Saeed_al-Sahhaf_0005.jpg,0.4468870536832485,1
/home/anitadonato/tcc/tcc/data/lfw/lfw-funneled/Muhammad_Saeed_al-Sahhaf/Muhammad_Saeed_al-Sahhaf_0001.jpg,/home/anitadonato/tcc/tcc/data/lfw/lfw-funneled/Muhammad_Saeed_al-Sahhaf/Muhammad_Saeed_al-Sahhaf_0003.jpg,0.4723729469989938,1
/home/anitadonato/tcc/tcc/data/lfw/lfw-funneled/Muhammad_Saeed_al-Sahhaf/Muhammad_Saeed_al-Sahhaf_0001.jpg,/home/anitadonato/tcc/tcc/data/lfw/lfw-funneled/Muhammad_Saeed_al-Sahhaf/Muhammad_Saeed_al-Sahhaf_0005.jpg,0.4612743832408376,1
/home/anitadonato/tcc/tcc/data/lfw/lfw-funneled/Muhammad_Saeed_al-Sahhaf/Muhammad_Saeed_al-Sahhaf_0003.jpg,/home/anitadonato/tcc/tcc/data/lfw/lfw-funneled/Muhammad_Saeed_al-Sahhaf/Muhammad_Saeed_al-Sahhaf_0005.jpg,0.4448474190616908,1
/home/anitadonato/tcc/tcc/data/lfw/lfw-funneled/Ian_Thorpe/Ian_Thorpe_0002.jpg,/home/anitadonato/tcc/tcc/data/lfw/lfw-funneled/Ian_Thorpe/Ian_Thorpe_0010.jpg,0.4849561233743961,1
/home/anitadonato/tcc/tcc/data/lfw/lfw-funneled/Ian_Thorpe/Ian_Thorpe_0002.jpg,/home/anitadonato/tcc/tcc/data/lfw/lfw-funneled/Ian_Thorpe/Ian_Thorpe_0004.jpg,0.46718270859615535,1
/home/anitadonato/tcc/tcc/data/lfw/lfw-funneled/Ian_Thorpe/Ian_Thorpe_0002.jpg,/home/anitadonato/tcc/tcc/data/lfw/lfw-funneled/Ian_Thorpe/Ian_Thorpe_0008.jpg,0.5869552094896783,1
/home/anitadonato/tcc/tcc/data/lfw/lfw-funneled/Ian_Thorpe/Ian_Thorpe_0002.jpg,/home/anitadonato/tcc/tcc/data/lfw/lfw-funneled/Ian_Thorpe/Ian_Thorpe_0001.jpg,0.5065488066502912,1
/home/anitadonato/tcc/tcc/data/lfw/lfw-funneled/Ian_Thorpe/Ian_Thorpe_0010.jpg,/home/anitadonato/tcc/tcc/data/lfw/lfw-funneled/Ian_Thorpe/Ian_Thorpe_0004.jpg,0.4087811809257835,1
/home/anitadonato/tcc/tcc/data/lfw/lfw-funneled/Ian_Thorpe/Ian_Thorpe_0010.jpg,/home/anitadonato/tcc/tcc/data/lfw/lfw-funneled/Ian_Thorpe/Ian_Thorpe_0008.jpg,0.4723549718015622,1
/home/anitadonato/tcc/tcc/data/lfw/lfw-funneled/Ian_Thorpe/Ian_Thorpe_0010.jpg,/home/anitadonato/tcc/tcc/data/lfw/lfw-funneled/Ian_Thorpe/Ian_Thorpe_0001.jpg,0.34217471593204757,1
/home/anitadonato/tcc/tcc/data/lfw/lfw-funneled/Ian_Thorpe/Ian_Thorpe_0004.jpg,/home/anitadonato/tcc/tcc/data/lfw/lfw-funneled/Ian_Thorpe/Ian_Thorpe_0008.jpg,0.48461926365872204,1
/home/anitadonato/tcc/tcc/data/lfw/lfw-funneled/Ian_Thorpe/Ian_Thorpe_0004.jpg,/home/anitadonato/tcc/tcc/data/lfw/lfw-funneled/Ian_Thorpe/Ian_Thorpe_0001.jpg,0.45031017159155884,1
/home/anitadonato/tcc/tcc/data/lfw/lfw-funneled/Ian_Thorpe/Ian_Thorpe_0008.jpg,/home/anitadonato/tcc/tcc/data/lfw/lfw-funneled/Ian_Thorpe/Ian_Thorpe_0001.jpg,0.4257624262565863,1
/home/anitadonato/tcc/tcc/data/lfw/lfw-funneled/Renee_Zellweger/Renee_Zellweger_0008.jpg,/home/anitadonato/tcc/tcc/data/lfw/lfw-funneled/Renee_Zellweger/Renee_Zellweger_0002.jpg,0.44759249832074727,1
/home/anitadonato/tcc/tcc/data/lfw/lfw-funneled/Renee_Zellweger/Renee_Zellweger_0008.jpg,/home/anitadonato/tcc/tcc/data/lfw/lfw-funneled/Renee_Zellweger/Renee_Zellweger_0010.jpg,0.5117520671963288,1
/home/anitadonato/tcc/tcc/data/lfw/lfw-funneled/Renee_Zellweger/Renee_Zellweger_0008.jpg,/home/anitadonato/tcc/tcc/data/lfw/lfw-funneled/Renee_Zellweger/Renee_Zellweger_0016.jpg,0.4783363445839763,1
/home/anitadonato/tcc/tcc/data/lfw/lfw-funneled/Renee_Zellweger/Renee_Zellweger_0008.jpg,/home/anitadonato/tcc/tcc/data/lfw/lfw-funneled/Renee_Zellweger/Renee_Zellweger_0007.jpg,0.3938187408958378,1
/home/anitadonato/tcc/tcc/data/lfw/lfw-funneled/Renee_Zellweger/Renee_Zellweger_0002.jpg,/home/anitadonato/tcc/tcc/data/lfw/lfw-funneled/Renee_Zellweger/Renee_Zellweger_0010.jpg,0.48008568998803614,1
/home/anitadonato/tcc/tcc/data/lfw/lfw-funneled/Renee_Zellweger/Renee_Zellweger_0002.jpg,/home/anitadonato/tcc/tcc/data/lfw/lfw-funneled/Renee_Zellweger/Renee_Zellweger_0016.jpg,0.3751971694201788,1
/home/anitadonato/tcc/tcc/data/lfw/lfw-funneled/Renee_Zellweger/Renee_Zellweger_0002.jpg,/home/anitadonato/tcc/tcc/data/lfw/lfw-funneled/Renee_Zellweger/Renee_Zellweger_0007.jpg,0.5326932341032591,1
/home/anitadonato/tcc/tcc/data/lfw/lfw-funneled/Renee_Zellweger/Renee_Zellweger_0010.jpg,/home/anitadonato/tcc/tcc/data/lfw/lfw-funneled/Renee_Zellweger/Renee_Zellweger_0016.jpg,0.42718924303630323,1
/home/anitadonato/tcc/tcc/data/lfw/lfw-funneled/Renee_Zellweger/Renee_Zellweger_0010.jpg,/home/anitadonato/tcc/tcc/data/lfw/lfw-funneled/Renee_Zellweger/Renee_Zellweger_0007.jpg,0.4343865773386499,1
/home/anitadonato/tcc/tcc/data/lfw/lfw-funneled/Renee_Zellweger/Renee_Zellweger_0016.jpg,/home/anitadonato/tcc/tcc/data/lfw/lfw-funneled/Renee_Zellweger/Renee_Zellweger_0007.jpg,0.5247178730577466,1
/home/anitadonato/tcc/tcc/data/lfw/lfw-funneled/Queen_Rania/Queen_Rania_0005.jpg,/home/anitadonato/tcc/tcc/data/lfw/lfw-funneled/Queen_Rania/Queen_Rania_0003.jpg,0.41135710539935116,1
/home/anitadonato/tcc/tcc/data/lfw/lfw-funneled/Queen_Rania/Queen_Rania_0005.jpg,/home/anitadonato/tcc/tcc/data/lfw/lfw-funneled/Queen_Rania/Queen_Rania_0002.jpg,0.46163519619026544,1
/home/anitadonato/tcc/tcc/data/lfw/lfw-funneled/Queen_Rania/Queen_Rania_0005.jpg,/home/anitadonato/tcc/tcc/data/lfw/lfw-funneled/Queen_Rania/Queen_Rania_0001.jpg,0.46664305813574253,1
/home/anitadonato/tcc/tcc/data/lfw/lfw-funneled/Queen_Rania/Queen_Rania_0005.jpg,/home/anitadonato/tcc/tcc/data/lfw/lfw-funneled/Queen_Rania/Queen_Rania_0004.jpg,0.45435339407572245,1
/home/anitadonato/tcc/tcc/data/lfw/lfw-funneled/Queen_Rania/Queen_Rania_0003.jpg,/home/anitadonato/tcc/tcc/data/lfw/lfw-funneled/Queen_Rania/Queen_Rania_0002.jpg,0.4679420433797872,1
/home/anitadonato/tcc/tcc/data/lfw/lfw-funneled/Queen_Rania/Queen_Rania_0003.jpg,/home/anitadonato/tcc/tcc/data/lfw/lfw-funneled/Queen_Rania/Queen_Rania_0001.jpg,0.42666862441189923,1
/home/anitadonato/tcc/tcc/data/lfw/lfw-funneled/Queen_Rania/Queen_Rania_0003.jpg,/home/anitadonato/tcc/tcc/data/lfw/lfw-funneled/Queen_Rania/Queen_Rania_0004.jpg,0.46082114410638997,1
/home/anitadonato/tcc/tcc/data/lfw/lfw-funneled/Queen_Rania/Queen_Rania_0002.jpg,/home/anitadonato/tcc/tcc/data/lfw/lfw-funneled/Queen_Rania/Queen_Rania_0001.jpg,0.40140081943612493,1
/home/anitadonato/tcc/tcc/data/lfw/lfw-funneled/Queen_Rania/Queen_Rania_0002.jpg,/home/anitadonato/tcc/tcc/data/lfw/lfw-funneled/Queen_Rania/Queen_Rania_0004.jpg,0.5591022278816579,1
/home/anitadonato/tcc/tcc/data/lfw/lfw-funneled/Queen_Rania/Queen_Rania_0001.jpg,/home/anitadonato/tcc/tcc/data/lfw/lfw-funneled/Queen_Rania/Queen_Rania_0004.jpg,0.54378985355233,1
/home/anitadonato/tcc/tcc/data/lfw/lfw-funneled/John_Allen_Muhammad/John_Allen_Muhammad_0004.jpg,/home/anitadonato/tcc/tcc/data/lfw/lfw-funneled/John_Allen_Muhammad/John_Allen_Muhammad_0005.jpg,0.25970373453149626,1
/home/anitadonato/tcc/tcc/data/lfw/lfw-funneled/John_Allen_Muhammad/John_Allen_Muhammad_0004.jpg,/home/anitadonato/tcc/tcc/data/lfw/lfw-funneled/John_Allen_Muhammad/John_Allen_Muhammad_0007.jpg,0.3670167084090497,1
/home/anitadonato/tcc/tcc/data/lfw/lfw-funneled/John_Allen_Muhammad/John_Allen_Muhammad_0004.jpg,/home/anitadonato/tcc/tcc/data/lfw/lfw-funneled/John_Allen_Muhammad/John_Allen_Muhammad_0003.jpg,0.2568093637162222,1
/home/anitadonato/tcc/tcc/data/lfw/lfw-funneled/John_Allen_Muhammad/John_Allen_Muhammad_0004.jpg,/home/anitadonato/tcc/tcc/data/lfw/lfw-funneled/John_Allen_Muhammad/John_Allen_Muhammad_0006.jpg,0.3374483795178615,1
/home/anitadonato/tcc/tcc/data/lfw/lfw-funneled/John_Allen_Muhammad/John_Allen_Muhammad_0005.jpg,/home/anitadonato/tcc/tcc/data/lfw/lfw-funneled/John_Allen_Muhammad/John_Allen_Muhammad_0007.jpg,0.35554790448714574,1
/home/anitadonato/tcc/tcc/data/lfw/lfw-funneled/John_Allen_Muhammad/John_Allen_Muhammad_0005.jpg,/home/anitadonato/tcc/tcc/data/lfw/lfw-funneled/John_Allen_Muhammad/John_Allen_Muhammad_0003.jpg,0.1882112274852151,1
/home/anitadonato/tcc/tcc/data/lfw/lfw-funneled/John_Allen_Muhammad/John_Allen_Muhammad_0005.jpg,/home/anitadonato/tcc/tcc/data/lfw/lfw-funneled/John_Allen_Muhammad/John_Allen_Muhammad_0006.jpg,0.36014662100065886,1
/home/anitadonato/tcc/tcc/data/lfw/lfw-funneled/John_Allen_Muhammad/John_Allen_Muhammad_0007.jpg,/home/anitadonato/tcc/tcc/data/lfw/lfw-funneled/John_Allen_Muhammad/John_Allen_Muhammad_0003.jpg,0.33586233600639687,1
/home/anitadonato/tcc/tcc/data/lfw/lfw-funneled/John_Allen_Muhammad/John_Allen_Muhammad_0007.jpg,/home/anitadonato/tcc/tcc/data/lfw/lfw-funneled/John_Allen_Muhammad/John_Allen_Muhammad_0006.jpg,0.32026508221481526,1
/home/anitadonato/tcc/tcc/data/lfw/lfw-funneled/John_Allen_Muhammad/John_Allen_Muhammad_0003.jpg,/home/anitadonato/tcc/tcc/data/lfw/lfw-funneled/John_Allen_Muhammad/John_Allen_Muhammad_0006.jpg,0.3721856169174646,1
/home/anitadonato/tcc/tcc/data/lfw/lfw-funneled/Norm_Coleman/Norm_Coleman_0006.jpg,/home/anitadonato/tcc/tcc/data/lfw/lfw-funneled/Norm_Coleman/Norm_Coleman_0003.jpg,0.45346958629017425,1
/home/anitadonato/tcc/tcc/data/lfw/lfw-funneled/Norm_Coleman/Norm_Coleman_0006.jpg,/home/anitadonato/tcc/tcc/data/lfw/lfw-funneled/Norm_Coleman/Norm_Coleman_0004.jpg,0.4773270522052414,1
/home/anitadonato/tcc/tcc/data/lfw/lfw-funneled/Norm_Coleman/Norm_Coleman_0006.jpg,/home/anitadonato/tcc/tcc/data/lfw/lfw-funneled/Norm_Coleman/Norm_Coleman_0007.jpg,0.42568362044716596,1
/home/anitadonato/tcc/tcc/data/lfw/lfw-funneled/Norm_Coleman/Norm_Coleman_0006.jpg,/home/anitadonato/tcc/tcc/data/lfw/lfw-funneled/Norm_Coleman/Norm_Coleman_0001.jpg,0.44938888593945125,1
/home/anitadonato/tcc/tcc/data/lfw/lfw-funneled/Norm_Coleman/Norm_Coleman_0003.jpg,/home/anitadonato/tcc/tcc/data/lfw/lfw-funneled/Norm_Coleman/Norm_Coleman_0004.jpg,0.4040980513032891,1
/home/anitadonato/tcc/tcc/data/lfw/lfw-funneled/Norm_Coleman/Norm_Coleman_0003.jpg,/home/anitadonato/tcc/tcc/data/lfw/lfw-funneled/Norm_Coleman/Norm_Coleman_0007.jpg,0.3808386958100863,1
/home/anitadonato/tcc/tcc/data/lfw/lfw-funneled/Norm_Coleman/Norm_Coleman_0003.jpg,/home/anitadonato/tcc/tcc/data/lfw/lfw-funneled/Norm_Coleman/Norm_Coleman_0001.jpg,0.3692501081685235,1
/home/anitadonato/tcc/tcc/data/lfw/lfw-funneled/Norm_Coleman/Norm_Coleman_0004.jpg,/home/anitadonato/tcc/tcc/data/lfw/lfw-funneled/Norm_Coleman/Norm_Coleman_0007.jpg,0.3207520037141525,1
/home/anitadonato/tcc/tcc/data/lfw/lfw-funneled/Norm_Coleman/Norm_Coleman_0004.jpg,/home/anitadonato/tcc/tcc/data/lfw/lfw-funneled/Norm_Coleman/Norm_Coleman_0001.jpg,0.3754825833414865,1
/home/anitadonato/tcc/tcc/data/lfw/lfw-funneled/Norm_Coleman/Norm_Coleman_0007.jpg,/home/anitadonato/tcc/tcc/data/lfw/lfw-funneled/Norm_Coleman/Norm_Coleman_0001.jpg,0.3527937647676272,1
/home/anitadonato/tcc/tcc/data/lfw/lfw-funneled/Eduardo_Duhalde/Eduardo_Duhalde_0001.jpg,/home/anitadonato/tcc/tcc/data/lfw/lfw-funneled/Eduardo_Duhalde/Eduardo_Duhalde_0008.jpg,0.4970315724454765,1
/home/anitadonato/tcc/tcc/data/lfw/lfw-funneled/Eduardo_Duhalde/Eduardo_Duhalde_0001.jpg,/home/anitadonato/tcc/tcc/data/lfw/lfw-funneled/Eduardo_Duhalde/Eduardo_Duhalde_0010.jpg,0.4164316065892709,1
/home/anitadonato/tcc/tcc/data/lfw/lfw-funneled/Eduardo_Duhalde/Eduardo_Duhalde_0001.jpg,/home/anitadonato/tcc/tcc/data/lfw/lfw-funneled/Eduardo_Duhalde/Eduardo_Duhalde_0012.jpg,0.5374819774607387,1
/home/anitadonato/tcc/tcc/data/lfw/lfw-funneled/Eduardo_Duhalde/Eduardo_Duhalde_0001.jpg,/home/anitadonato/tcc/tcc/data/lfw/lfw-funneled/Eduardo_Duhalde/Eduardo_Duhalde_0002.jpg,0.4296286027652169,1
/home/anitadonato/tcc/tcc/data/lfw/lfw-funneled/Eduardo_Duhalde/Eduardo_Duhalde_0008.jpg,/home/anitadonato/tcc/tcc/data/lfw/lfw-funneled/Eduardo_Duhalde/Eduardo_Duhalde_0010.jpg,0.4980077266341227,1
/home/anitadonato/tcc/tcc/data/lfw/lfw-funneled/Eduardo_Duhalde/Eduardo_Duhalde_0008.jpg,/home/anitadonato/tcc/tcc/data/lfw/lfw-funneled/Eduardo_Duhalde/Eduardo_Duhalde_0012.jpg,0.5650912897975396,1
/home/anitadonato/tcc/tcc/data/lfw/lfw-funneled/Eduardo_Duhalde/Eduardo_Duhalde_0008.jpg,/home/anitadonato/tcc/tcc/data/lfw/lfw-funneled/Eduardo_Duhalde/Eduardo_Duhalde_0002.jpg,0.5336144345730424,1
/home/anitadonato/tcc/tcc/data/lfw/lfw-funneled/Eduardo_Duhalde/Eduardo_Duhalde_0010.jpg,/home/anitadonato/tcc/tcc/data/lfw/lfw-funneled/Eduardo_Duhalde/Eduardo_Duhalde_0012.jpg,0.4934834442323587,1
/home/anitadonato/tcc/tcc/data/lfw/lfw-funneled/Eduardo_Duhalde/Eduardo_Duhalde_0010.jpg,/home/anitadonato/tcc/tcc/data/lfw/lfw-funneled/Eduardo_Duhalde/Eduardo_Duhalde_0002.jpg,0.43376106707277867,1
/home/anitadonato/tcc/tcc/data/lfw/lfw-funneled/Eduardo_Duhalde/Eduardo_Duhalde_0012.jpg,/home/anitadonato/tcc/tcc/data/lfw/lfw-funneled/Eduardo_Duhalde/Eduardo_Duhalde_0002.jpg,0.4814772656090145,1
/home/anitadonato/tcc/tcc/data/lfw/lfw-funneled/Benjamin_Netanyahu/Benjamin_Netanyahu_0001.jpg,/home/anitadonato/tcc/tcc/data/lfw/lfw-funneled/Benjamin_Netanyahu/Benjamin_Netanyahu_0002.jpg,0.42714589409167997,1
/home/anitadonato/tcc/tcc/data/lfw/lfw-funneled/Benjamin_Netanyahu/Benjamin_Netanyahu_0001.jpg,/home/anitadonato/tcc/tcc/data/lfw/lfw-funneled/Benjamin_Netanyahu/Benjamin_Netanyahu_0003.jpg,0.40314561719370895,1
/home/anitadonato/tcc/tcc/data/lfw/lfw-funneled/Benjamin_Netanyahu/Benjamin_Netanyahu_0001.jpg,/home/anitadonato/tcc/tcc/data/lfw/lfw-funneled/Benjamin_Netanyahu/Benjamin_Netanyahu_0004.jpg,0.3654132433992025,1
/home/anitadonato/tcc/tcc/data/lfw/lfw-funneled/Benjamin_Netanyahu/Benjamin_Netanyahu_0001.jpg,/home/anitadonato/tcc/tcc/data/lfw/lfw-funneled/Benjamin_Netanyahu/Benjamin_Netanyahu_0005.jpg,0.4385190911374549,1
/home/anitadonato/tcc/tcc/data/lfw/lfw-funneled/Benjamin_Netanyahu/Benjamin_Netanyahu_0002.jpg,/home/anitadonato/tcc/tcc/data/lfw/lfw-funneled/Benjamin_Netanyahu/Benjamin_Netanyahu_0003.jpg,0.31006313378183165,1
/home/anitadonato/tcc/tcc/data/lfw/lfw-funneled/Benjamin_Netanyahu/Benjamin_Netanyahu_0002.jpg,/home/anitadonato/tcc/tcc/data/lfw/lfw-funneled/Benjamin_Netanyahu/Benjamin_Netanyahu_0004.jpg,0.38998789713495874,1
/home/anitadonato/tcc/tcc/data/lfw/lfw-funneled/Benjamin_Netanyahu/Benjamin_Netanyahu_0002.jpg,/home/anitadonato/tcc/tcc/data/lfw/lfw-funneled/Benjamin_Netanyahu/Benjamin_Netanyahu_0005.jpg,0.4690693102117778,1
/home/anitadonato/tcc/tcc/data/lfw/lfw-funneled/Benjamin_Netanyahu/Benjamin_Netanyahu_0003.jpg,/home/anitadonato/tcc/tcc/data/lfw/lfw-funneled/Benjamin_Netanyahu/Benjamin_Netanyahu_0004.jpg,0.3728890781933021,1
/home/anitadonato/tcc/tcc/data/lfw/lfw-funneled/Benjamin_Netanyahu/Benjamin_Netanyahu_0003.jpg,/home/anitadonato/tcc/tcc/data/lfw/lfw-funneled/Benjamin_Netanyahu/Benjamin_Netanyahu_0005.jpg,0.4698377712134064,1
/home/anitadonato/tcc/tcc/data/lfw/lfw-funneled/Benjamin_Netanyahu/Benjamin_Netanyahu_0004.jpg,/home/anitadonato/tcc/tcc/data/lfw/lfw-funneled/Benjamin_Netanyahu/Benjamin_Netanyahu_0005.jpg,0.39838038011551125,1
/home/anitadonato/tcc/tcc/data/lfw/lfw-funneled/Anna_Kournikova/Anna_Kournikova_0006.jpg,/home/anitadonato/tcc/tcc/data/lfw/lfw-funneled/Anna_Kournikova/Anna_Kournikova_0002.jpg,0.6058323323832722,1
/home/anitadonato/tcc/tcc/data/lfw/lfw-funneled/Anna_Kournikova/Anna_Kournikova_0006.jpg,/home/anitadonato/tcc/tcc/data/lfw/lfw-funneled/Anna_Kournikova/Anna_Kournikova_0004.jpg,0.562582673917608,1
/home/anitadonato/tcc/tcc/data/lfw/lfw-funneled/Anna_Kournikova/Anna_Kournikova_0006.jpg,/home/anitadonato/tcc/tcc/data/lfw/lfw-funneled/Anna_Kournikova/Anna_Kournikova_0012.jpg,0.6448942031401157,1
/home/anitadonato/tcc/tcc/data/lfw/lfw-funneled/Anna_Kournikova/Anna_Kournikova_0006.jpg,/home/anitadonato/tcc/tcc/data/lfw/lfw-funneled/Anna_Kournikova/Anna_Kournikova_0005.jpg,0.4628826922321814,1
/home/anitadonato/tcc/tcc/data/lfw/lfw-funneled/Anna_Kournikova/Anna_Kournikova_0002.jpg,/home/anitadonato/tcc/tcc/data/lfw/lfw-funneled/Anna_Kournikova/Anna_Kournikova_0004.jpg,0.6481401333093099,1
/home/anitadonato/tcc/tcc/data/lfw/lfw-funneled/Anna_Kournikova/Anna_Kournikova_0002.jpg,/home/anitadonato/tcc/tcc/data/lfw/lfw-funneled/Anna_Kournikova/Anna_Kournikova_0012.jpg,0.4803962351892407,1
/home/anitadonato/tcc/tcc/data/lfw/lfw-funneled/Anna_Kournikova/Anna_Kournikova_0002.jpg,/home/anitadonato/tcc/tcc/data/lfw/lfw-funneled/Anna_Kournikova/Anna_Kournikova_0005.jpg,0.5705502747472089,1
/home/anitadonato/tcc/tcc/data/lfw/lfw-funneled/Anna_Kournikova/Anna_Kournikova_0004.jpg,/home/anitadonato/tcc/tcc/data/lfw/lfw-funneled/Anna_Kournikova/Anna_Kournikova_0012.jpg,0.6312707569033978,1
/home/anitadonato/tcc/tcc/data/lfw/lfw-funneled/Anna_Kournikova/Anna_Kournikova_0004.jpg,/home/anitadonato/tcc/tcc/data/lfw/lfw-funneled/Anna_Kournikova/Anna_Kournikova_0005.jpg,0.4701868824258721,1
/home/anitadonato/tcc/tcc/data/lfw/lfw-funneled/Anna_Kournikova/Anna_Kournikova_0012.jpg,/home/anitadonato/tcc/tcc/data/lfw/lfw-funneled/Anna_Kournikova/Anna_Kournikova_0005.jpg,0.5886655359324899,1
/home/anitadonato/tcc/tcc/data/lfw/lfw-funneled/Roger_Federer/Roger_Federer_0003.jpg,/home/anitadonato/tcc/tcc/data/lfw/lfw-funneled/Roger_Federer/Roger_Federer_0008.jpg,0.49131824087020215,1
/home/anitadonato/tcc/tcc/data/lfw/lfw-funneled/Roger_Federer/Roger_Federer_0003.jpg,/home/anitadonato/tcc/tcc/data/lfw/lfw-funneled/Roger_Federer/Roger_Federer_0009.jpg,0.5016501941220315,1
/home/anitadonato/tcc/tcc/data/lfw/lfw-funneled/Roger_Federer/Roger_Federer_0003.jpg,/home/anitadonato/tcc/tcc/data/lfw/lfw-funneled/Roger_Federer/Roger_Federer_0005.jpg,0.4800505863120527,1
/home/anitadonato/tcc/tcc/data/lfw/lfw-funneled/Roger_Federer/Roger_Federer_0003.jpg,/home/anitadonato/tcc/tcc/data/lfw/lfw-funneled/Roger_Federer/Roger_Federer_0010.jpg,0.40880666545454575,1
/home/anitadonato/tcc/tcc/data/lfw/lfw-funneled/Roger_Federer/Roger_Federer_0008.jpg,/home/anitadonato/tcc/tcc/data/lfw/lfw-funneled/Roger_Federer/Roger_Federer_0009.jpg,0.5543346170828887,1
/home/anitadonato/tcc/tcc/data/lfw/lfw-funneled/Roger_Federer/Roger_Federer_0008.jpg,/home/anitadonato/tcc/tcc/data/lfw/lfw-funneled/Roger_Federer/Roger_Federer_0005.jpg,0.29661213299852657,1
/home/anitadonato/tcc/tcc/data/lfw/lfw-funneled/Roger_Federer/Roger_Federer_0008.jpg,/home/anitadonato/tcc/tcc/data/lfw/lfw-funneled/Roger_Federer/Roger_Federer_0010.jpg,0.3721124354581965,1
/home/anitadonato/tcc/tcc/data/lfw/lfw-funneled/Roger_Federer/Roger_Federer_0009.jpg,/home/anitadonato/tcc/tcc/data/lfw/lfw-funneled/Roger_Federer/Roger_Federer_0005.jpg,0.5661518257242364,1
/home/anitadonato/tcc/tcc/data/lfw/lfw-funneled/Roger_Federer/Roger_Federer_0009.jpg,/home/anitadonato/tcc/tcc/data/lfw/lfw-funneled/Roger_Federer/Roger_Federer_0010.jpg,0.48523465617418543,1
/home/anitadonato/tcc/tcc/data/lfw/lfw-funneled/Roger_Federer/Roger_Federer_0005.jpg,/home/anitadonato/tcc/tcc/data/lfw/lfw-funneled/Roger_Federer/Roger_Federer_0010.jpg,0.39420255917839125,1
/home/anitadonato/tcc/tcc/data/lfw/lfw-funneled/George_HW_Bush/George_HW_Bush_0013.jpg,/home/anitadonato/tcc/tcc/data/lfw/lfw-funneled/George_HW_Bush/George_HW_Bush_0011.jpg,0.33123588987002245,1
/home/anitadonato/tcc/tcc/data/lfw/lfw-funneled/George_HW_Bush/George_HW_Bush_0013.jpg,/home/anitadonato/tcc/tcc/data/lfw/lfw-funneled/George_HW_Bush/George_HW_Bush_0009.jpg,0.4036310565054412,1
/home/anitadonato/tcc/tcc/data/lfw/lfw-funneled/George_HW_Bush/George_HW_Bush_0013.jpg,/home/anitadonato/tcc/tcc/data/lfw/lfw-funneled/George_HW_Bush/George_HW_Bush_0001.jpg,0.4069680370823857,1
/home/anitadonato/tcc/tcc/data/lfw/lfw-funneled/George_HW_Bush/George_HW_Bush_0013.jpg,/home/anitadonato/tcc/tcc/data/lfw/lfw-funneled/George_HW_Bush/George_HW_Bush_0012.jpg,0.3897677207878756,1
/home/anitadonato/tcc/tcc/data/lfw/lfw-funneled/George_HW_Bush/George_HW_Bush_0011.jpg,/home/anitadonato/tcc/tcc/data/lfw/lfw-funneled/George_HW_Bush/George_HW_Bush_0009.jpg,0.38232895271387574,1
/home/anitadonato/tcc/tcc/data/lfw/lfw-funneled/George_HW_Bush/George_HW_Bush_0011.jpg,/home/anitadonato/tcc/tcc/data/lfw/lfw-funneled/George_HW_Bush/George_HW_Bush_0001.jpg,0.4033249309289393,1
/home/anitadonato/tcc/tcc/data/lfw/lfw-funneled/George_HW_Bush/George_HW_Bush_0011.jpg,/home/anitadonato/tcc/tcc/data/lfw/lfw-funneled/George_HW_Bush/George_HW_Bush_0012.jpg,0.3930366426918407,1
/home/anitadonato/tcc/tcc/data/lfw/lfw-funneled/George_HW_Bush/George_HW_Bush_0009.jpg,/home/anitadonato/tcc/tcc/data/lfw/lfw-funneled/George_HW_Bush/George_HW_Bush_0001.jpg,0.4328562221956218,1
/home/anitadonato/tcc/tcc/data/lfw/lfw-funneled/George_HW_Bush/George_HW_Bush_0009.jpg,/home/anitadonato/tcc/tcc/data/lfw/lfw-funneled/George_HW_Bush/George_HW_Bush_0012.jpg,0.4670318402426455,1
/home/anitadonato/tcc/tcc/data/lfw/lfw-funneled/George_HW_Bush/George_HW_Bush_0001.jpg,/home/anitadonato/tcc/tcc/data/lfw/lfw-funneled/George_HW_Bush/George_HW_Bush_0012.jpg,0.48739691207694186,1
/home/anitadonato/tcc/tcc/data/lfw/lfw-funneled/Hugh_Grant/Hugh_Grant_0005.jpg,/home/anitadonato/tcc/tcc/data/lfw/lfw-funneled/Hugh_Grant/Hugh_Grant_0002.jpg,0.5183694052239077,1
/home/anitadonato/tcc/tcc/data/lfw/lfw-funneled/Hugh_Grant/Hugh_Grant_0005.jpg,/home/anitadonato/tcc/tcc/data/lfw/lfw-funneled/Hugh_Grant/Hugh_Grant_0008.jpg,0.8786870896112828,1
/home/anitadonato/tcc/tcc/data/lfw/lfw-funneled/Hugh_Grant/Hugh_Grant_0005.jpg,/home/anitadonato/tcc/tcc/data/lfw/lfw-funneled/Hugh_Grant/Hugh_Grant_0003.jpg,0.41270903579815554,1
/home/anitadonato/tcc/tcc/data/lfw/lfw-funneled/Hugh_Grant/Hugh_Grant_0005.jpg,/home/anitadonato/tcc/tcc/data/lfw/lfw-funneled/Hugh_Grant/Hugh_Grant_0001.jpg,0.48430627744929317,1
/home/anitadonato/tcc/tcc/data/lfw/lfw-funneled/Hugh_Grant/Hugh_Grant_0002.jpg,/home/anitadonato/tcc/tcc/data/lfw/lfw-funneled/Hugh_Grant/Hugh_Grant_0008.jpg,0.9012666170238197,1
/home/anitadonato/tcc/tcc/data/lfw/lfw-funneled/Hugh_Grant/Hugh_Grant_0002.jpg,/home/anitadonato/tcc/tcc/data/lfw/lfw-funneled/Hugh_Grant/Hugh_Grant_0003.jpg,0.5477776132103223,1
/home/anitadonato/tcc/tcc/data/lfw/lfw-funneled/Hugh_Grant/Hugh_Grant_0002.jpg,/home/anitadonato/tcc/tcc/data/lfw/lfw-funneled/Hugh_Grant/Hugh_Grant_0001.jpg,0.4267776843909352,1
/home/anitadonato/tcc/tcc/data/lfw/lfw-funneled/Hugh_Grant/Hugh_Grant_0008.jpg,/home/anitadonato/tcc/tcc/data/lfw/lfw-funneled/Hugh_Grant/Hugh_Grant_0003.jpg,0.8764296565989432,1
/home/anitadonato/tcc/tcc/data/lfw/lfw-funneled/Hugh_Grant/Hugh_Grant_0008.jpg,/home/anitadonato/tcc/tcc/data/lfw/lfw-funneled/Hugh_Grant/Hugh_Grant_0001.jpg,0.9142459944240602,1
/home/anitadonato/tcc/tcc/data/lfw/lfw-funneled/Hugh_Grant/Hugh_Grant_0003.jpg,/home/anitadonato/tcc/tcc/data/lfw/lfw-funneled/Hugh_Grant/Hugh_Grant_0001.jpg,0.41286826248848807,1
/home/anitadonato/tcc/tcc/data/lfw/lfw-funneled/Sourav_Ganguly/Sourav_Ganguly_0001.jpg,/home/anitadonato/tcc/tcc/data/lfw/lfw-funneled/Sourav_Ganguly/Sourav_Ganguly_0002.jpg,0.4435479770011699,1
/home/anitadonato/tcc/tcc/data/lfw/lfw-funneled/Sourav_Ganguly/Sourav_Ganguly_0001.jpg,/home/anitadonato/tcc/tcc/data/lfw/lfw-funneled/Sourav_Ganguly/Sourav_Ganguly_0004.jpg,0.48538060022388296,1
/home/anitadonato/tcc/tcc/data/lfw/lfw-funneled/Sourav_Ganguly/Sourav_Ganguly_0001.jpg,/home/anitadonato/tcc/tcc/data/lfw/lfw-funneled/Sourav_Ganguly/Sourav_Ganguly_0003.jpg,0.4870592807053317,1
/home/anitadonato/tcc/tcc/data/lfw/lfw-funneled/Sourav_Ganguly/Sourav_Ganguly_0001.jpg,/home/anitadonato/tcc/tcc/data/lfw/lfw-funneled/Sourav_Ganguly/Sourav_Ganguly_0005.jpg,0.5427567119580868,1
/home/anitadonato/tcc/tcc/data/lfw/lfw-funneled/Sourav_Ganguly/Sourav_Ganguly_0002.jpg,/home/anitadonato/tcc/tcc/data/lfw/lfw-funneled/Sourav_Ganguly/Sourav_Ganguly_0004.jpg,0.4536337877809175,1
/home/anitadonato/tcc/tcc/data/lfw/lfw-funneled/Sourav_Ganguly/Sourav_Ganguly_0002.jpg,/home/anitadonato/tcc/tcc/data/lfw/lfw-funneled/Sourav_Ganguly/Sourav_Ganguly_0003.jpg,0.4028174780027494,1
/home/anitadonato/tcc/tcc/data/lfw/lfw-funneled/Sourav_Ganguly/Sourav_Ganguly_0002.jpg,/home/anitadonato/tcc/tcc/data/lfw/lfw-funneled/Sourav_Ganguly/Sourav_Ganguly_0005.jpg,0.47964001426548736,1
/home/anitadonato/tcc/tcc/data/lfw/lfw-funneled/Sourav_Ganguly/Sourav_Ganguly_0004.jpg,/home/anitadonato/tcc/tcc/data/lfw/lfw-funneled/Sourav_Ganguly/Sourav_Ganguly_0003.jpg,0.38418845892547115,1
/home/anitadonato/tcc/tcc/data/lfw/lfw-funneled/Sourav_Ganguly/Sourav_Ganguly_0004.jpg,/home/anitadonato/tcc/tcc/data/lfw/lfw-funneled/Sourav_Ganguly/Sourav_Ganguly_0005.jpg,0.41861668130583957,1
/home/anitadonato/tcc/tcc/data/lfw/lfw-funneled/Sourav_Ganguly/Sourav_Ganguly_0003.jpg,/home/anitadonato/tcc/tcc/data/lfw/lfw-funneled/Sourav_Ganguly/Sourav_Ganguly_0005.jpg,0.39869349462834097,1
/home/anitadonato/tcc/tcc/data/lfw/lfw-funneled/Victoria_Clarke/Victoria_Clarke_0003.jpg,/home/anitadonato/tcc/tcc/data/lfw/lfw-funneled/Victoria_Clarke/Victoria_Clarke_0002.jpg,0.38432825069119747,1
/home/anitadonato/tcc/tcc/data/lfw/lfw-funneled/Victoria_Clarke/Victoria_Clarke_0003.jpg,/home/anitadonato/tcc/tcc/data/lfw/lfw-funneled/Victoria_Clarke/Victoria_Clarke_0005.jpg,0.30689637243815976,1
/home/anitadonato/tcc/tcc/data/lfw/lfw-funneled/Victoria_Clarke/Victoria_Clarke_0003.jpg,/home/anitadonato/tcc/tcc/data/lfw/lfw-funneled/Victoria_Clarke/Victoria_Clarke_0004.jpg,0.3592761475359255,1
/home/anitadonato/tcc/tcc/data/lfw/lfw-funneled/Victoria_Clarke/Victoria_Clarke_0003.jpg,/home/anitadonato/tcc/tcc/data/lfw/lfw-funneled/Victoria_Clarke/Victoria_Clarke_0001.jpg,0.43940314555096205,1
/home/anitadonato/tcc/tcc/data/lfw/lfw-funneled/Victoria_Clarke/Victoria_Clarke_0002.jpg,/home/anitadonato/tcc/tcc/data/lfw/lfw-funneled/Victoria_Clarke/Victoria_Clarke_0005.jpg,0.4003381227499063,1
/home/anitadonato/tcc/tcc/data/lfw/lfw-funneled/Victoria_Clarke/Victoria_Clarke_0002.jpg,/home/anitadonato/tcc/tcc/data/lfw/lfw-funneled/Victoria_Clarke/Victoria_Clarke_0004.jpg,0.43331328176329253,1
/home/anitadonato/tcc/tcc/data/lfw/lfw-funneled/Victoria_Clarke/Victoria_Clarke_0002.jpg,/home/anitadonato/tcc/tcc/data/lfw/lfw-funneled/Victoria_Clarke/Victoria_Clarke_0001.jpg,0.40970080420594696,1
/home/anitadonato/tcc/tcc/data/lfw/lfw-funneled/Victoria_Clarke/Victoria_Clarke_0005.jpg,/home/anitadonato/tcc/tcc/data/lfw/lfw-funneled/Victoria_Clarke/Victoria_Clarke_0004.jpg,0.39447416865559654,1
/home/anitadonato/tcc/tcc/data/lfw/lfw-funneled/Victoria_Clarke/Victoria_Clarke_0005.jpg,/home/anitadonato/tcc/tcc/data/lfw/lfw-funneled/Victoria_Clarke/Victoria_Clarke_0001.jpg,0.4710946062221814,1
/home/anitadonato/tcc/tcc/data/lfw/lfw-funneled/Victoria_Clarke/Victoria_Clarke_0004.jpg,/home/anitadonato/tcc/tcc/data/lfw/lfw-funneled/Victoria_Clarke/Victoria_Clarke_0001.jpg,0.47110869544453576,1
/home/anitadonato/tcc/tcc/data/lfw/lfw-funneled/Britney_Spears/Britney_Spears_0005.jpg,/home/anitadonato/tcc/tcc/data/lfw/lfw-funneled/Britney_Spears/Britney_Spears_0001.jpg,0.4805335829798359,1
/home/anitadonato/tcc/tcc/data/lfw/lfw-funneled/Britney_Spears/Britney_Spears_0005.jpg,/home/anitadonato/tcc/tcc/data/lfw/lfw-funneled/Britney_Spears/Britney_Spears_0002.jpg,0.49741110772885705,1
/home/anitadonato/tcc/tcc/data/lfw/lfw-funneled/Britney_Spears/Britney_Spears_0005.jpg,/home/anitadonato/tcc/tcc/data/lfw/lfw-funneled/Britney_Spears/Britney_Spears_0011.jpg,0.5008909603047649,1
/home/anitadonato/tcc/tcc/data/lfw/lfw-funneled/Britney_Spears/Britney_Spears_0005.jpg,/home/anitadonato/tcc/tcc/data/lfw/lfw-funneled/Britney_Spears/Britney_Spears_0007.jpg,0.5494237342141444,1
/home/anitadonato/tcc/tcc/data/lfw/lfw-funneled/Britney_Spears/Britney_Spears_0001.jpg,/home/anitadonato/tcc/tcc/data/lfw/lfw-funneled/Britney_Spears/Britney_Spears_0002.jpg,0.3070541462170564,1
/home/anitadonato/tcc/tcc/data/lfw/lfw-funneled/Britney_Spears/Britney_Spears_0001.jpg,/home/anitadonato/tcc/tcc/data/lfw/lfw-funneled/Britney_Spears/Britney_Spears_0011.jpg,0.5727530614368602,1
/home/anitadonato/tcc/tcc/data/lfw/lfw-funneled/Britney_Spears/Britney_Spears_0001.jpg,/home/anitadonato/tcc/tcc/data/lfw/lfw-funneled/Britney_Spears/Britney_Spears_0007.jpg,0.5752151140593889,1
/home/anitadonato/tcc/tcc/data/lfw/lfw-funneled/Britney_Spears/Britney_Spears_0002.jpg,/home/anitadonato/tcc/tcc/data/lfw/lfw-funneled/Britney_Spears/Britney_Spears_0011.jpg,0.5725435791604447,1
/home/anitadonato/tcc/tcc/data/lfw/lfw-funneled/Britney_Spears/Britney_Spears_0002.jpg,/home/anitadonato/tcc/tcc/data/lfw/lfw-funneled/Britney_Spears/Britney_Spears_0007.jpg,0.5706464957228335,1
/home/anitadonato/tcc/tcc/data/lfw/lfw-funneled/Britney_Spears/Britney_Spears_0011.jpg,/home/anitadonato/tcc/tcc/data/lfw/lfw-funneled/Britney_Spears/Britney_Spears_0007.jpg,0.37361565013141224,1
/home/anitadonato/tcc/tcc/data/lfw/lfw-funneled/Thabo_Mbeki/Thabo_Mbeki_0003.jpg,/home/anitadonato/tcc/tcc/data/lfw/lfw-funneled/Thabo_Mbeki/Thabo_Mbeki_0001.jpg,0.5429329776714854,1
/home/anitadonato/tcc/tcc/data/lfw/lfw-funneled/Thabo_Mbeki/Thabo_Mbeki_0003.jpg,/home/anitadonato/tcc/tcc/data/lfw/lfw-funneled/Thabo_Mbeki/Thabo_Mbeki_0004.jpg,0.38801729698901793,1
/home/anitadonato/tcc/tcc/data/lfw/lfw-funneled/Thabo_Mbeki/Thabo_Mbeki_0003.jpg,/home/anitadonato/tcc/tcc/data/lfw/lfw-funneled/Thabo_Mbeki/Thabo_Mbeki_0002.jpg,0.3796671100932904,1
/home/anitadonato/tcc/tcc/data/lfw/lfw-funneled/Thabo_Mbeki/Thabo_Mbeki_0003.jpg,/home/anitadonato/tcc/tcc/data/lfw/lfw-funneled/Thabo_Mbeki/Thabo_Mbeki_0005.jpg,0.4577919590098214,1
/home/anitadonato/tcc/tcc/data/lfw/lfw-funneled/Thabo_Mbeki/Thabo_Mbeki_0001.jpg,/home/anitadonato/tcc/tcc/data/lfw/lfw-funneled/Thabo_Mbeki/Thabo_Mbeki_0004.jpg,0.4995663608490674,1
/home/anitadonato/tcc/tcc/data/lfw/lfw-funneled/Thabo_Mbeki/Thabo_Mbeki_0001.jpg,/home/anitadonato/tcc/tcc/data/lfw/lfw-funneled/Thabo_Mbeki/Thabo_Mbeki_0002.jpg,0.4511649460587258,1
/home/anitadonato/tcc/tcc/data/lfw/lfw-funneled/Thabo_Mbeki/Thabo_Mbeki_0001.jpg,/home/anitadonato/tcc/tcc/data/lfw/lfw-funneled/Thabo_Mbeki/Thabo_Mbeki_0005.jpg,0.5230364546896112,1
/home/anitadonato/tcc/tcc/data/lfw/lfw-funneled/Thabo_Mbeki/Thabo_Mbeki_0004.jpg,/home/anitadonato/tcc/tcc/data/lfw/lfw-funneled/Thabo_Mbeki/Thabo_Mbeki_0002.jpg,0.41242293307872024,1
/home/anitadonato/tcc/tcc/data/lfw/lfw-funneled/Thabo_Mbeki/Thabo_Mbeki_0004.jpg,/home/anitadonato/tcc/tcc/data/lfw/lfw-funneled/Thabo_Mbeki/Thabo_Mbeki_0005.jpg,0.46790383382935835,1
/home/anitadonato/tcc/tcc/data/lfw/lfw-funneled/Thabo_Mbeki/Thabo_Mbeki_0002.jpg,/home/anitadonato/tcc/tcc/data/lfw/lfw-funneled/Thabo_Mbeki/Thabo_Mbeki_0005.jpg,0.46314725323206163,1
/home/anitadonato/tcc/tcc/data/lfw/lfw-funneled/Tom_Crean/Tom_Crean_0003.jpg,/home/anitadonato/tcc/tcc/data/lfw/lfw-funneled/Tom_Crean/Tom_Crean_0002.jpg,0.43006013099344376,1
/home/anitadonato/tcc/tcc/data/lfw/lfw-funneled/Tom_Crean/Tom_Crean_0003.jpg,/home/anitadonato/tcc/tcc/data/lfw/lfw-funneled/Tom_Crean/Tom_Crean_0005.jpg,0.44672132610596577,1
/home/anitadonato/tcc/tcc/data/lfw/lfw-funneled/Tom_Crean/Tom_Crean_0003.jpg,/home/anitadonato/tcc/tcc/data/lfw/lfw-funneled/Tom_Crean/Tom_Crean_0004.jpg,0.5611995156744924,1
/home/anitadonato/tcc/tcc/data/lfw/lfw-funneled/Tom_Crean/Tom_Crean_0003.jpg,/home/anitadonato/tcc/tcc/data/lfw/lfw-funneled/Tom_Crean/Tom_Crean_0001.jpg,0.5345578040084227,1
/home/anitadonato/tcc/tcc/data/lfw/lfw-funneled/Tom_Crean/Tom_Crean_0002.jpg,/home/anitadonato/tcc/tcc/data/lfw/lfw-funneled/Tom_Crean/Tom_Crean_0005.jpg,0.4629847116966331,1
/home/anitadonato/tcc/tcc/data/lfw/lfw-funneled/Tom_Crean/Tom_Crean_0002.jpg,/home/anitadonato/tcc/tcc/data/lfw/lfw-funneled/Tom_Crean/Tom_Crean_0004.jpg,0.5398935792762023,1
/home/anitadonato/tcc/tcc/data/lfw/lfw-funneled/Tom_Crean/Tom_Crean_0002.jpg,/home/anitadonato/tcc/tcc/data/lfw/lfw-funneled/Tom_Crean/Tom_Crean_0001.jpg,0.561504800022917,1
/home/anitadonato/tcc/tcc/data/lfw/lfw-funneled/Tom_Crean/Tom_Crean_0005.jpg,/home/anitadonato/tcc/tcc/data/lfw/lfw-funneled/Tom_Crean/Tom_Crean_0004.jpg,0.5965188559840522,1
/home/anitadonato/tcc/tcc/data/lfw/lfw-funneled/Tom_Crean/Tom_Crean_0005.jpg,/home/anitadonato/tcc/tcc/data/lfw/lfw-funneled/Tom_Crean/Tom_Crean_0001.jpg,0.522390275975881,1
/home/anitadonato/tcc/tcc/data/lfw/lfw-funneled/Tom_Crean/Tom_Crean_0004.jpg,/home/anitadonato/tcc/tcc/data/lfw/lfw-funneled/Tom_Crean/Tom_Crean_0001.jpg,0.49983268214088,1
/home/anitadonato/tcc/tcc/data/lfw/lfw-funneled/Li_Peng/Li_Peng_0009.jpg,/home/anitadonato/tcc/tcc/data/lfw/lfw-funneled/Li_Peng/Li_Peng_0001.jpg,0.4088201645639851,1
/home/anitadonato/tcc/tcc/data/lfw/lfw-funneled/Li_Peng/Li_Peng_0009.jpg,/home/anitadonato/tcc/tcc/data/lfw/lfw-funneled/Li_Peng/Li_Peng_0008.jpg,0.4433138474078821,1
/home/anitadonato/tcc/tcc/data/lfw/lfw-funneled/Li_Peng/Li_Peng_0009.jpg,/home/anitadonato/tcc/tcc/data/lfw/lfw-funneled/Li_Peng/Li_Peng_0007.jpg,0.40119794400017406,1
/home/anitadonato/tcc/tcc/data/lfw/lfw-funneled/Li_Peng/Li_Peng_0009.jpg,/home/anitadonato/tcc/tcc/data/lfw/lfw-funneled/Li_Peng/Li_Peng_0002.jpg,0.39902926740606903,1
/home/anitadonato/tcc/tcc/data/lfw/lfw-funneled/Li_Peng/Li_Peng_0001.jpg,/home/anitadonato/tcc/tcc/data/lfw/lfw-funneled/Li_Peng/Li_Peng_0008.jpg,0.4295512601619176,1
/home/anitadonato/tcc/tcc/data/lfw/lfw-funneled/Li_Peng/Li_Peng_0001.jpg,/home/anitadonato/tcc/tcc/data/lfw/lfw-funneled/Li_Peng/Li_Peng_0007.jpg,0.39987221079767693,1
/home/anitadonato/tcc/tcc/data/lfw/lfw-funneled/Li_Peng/Li_Peng_0001.jpg,/home/anitadonato/tcc/tcc/data/lfw/lfw-funneled/Li_Peng/Li_Peng_0002.jpg,0.4584112663184987,1
/home/anitadonato/tcc/tcc/data/lfw/lfw-funneled/Li_Peng/Li_Peng_0008.jpg,/home/anitadonato/tcc/tcc/data/lfw/lfw-funneled/Li_Peng/Li_Peng_0007.jpg,0.40158729085653233,1
/home/anitadonato/tcc/tcc/data/lfw/lfw-funneled/Li_Peng/Li_Peng_0008.jpg,/home/anitadonato/tcc/tcc/data/lfw/lfw-funneled/Li_Peng/Li_Peng_0002.jpg,0.3217295689430549,1
/home/anitadonato/tcc/tcc/data/lfw/lfw-funneled/Li_Peng/Li_Peng_0007.jpg,/home/anitadonato/tcc/tcc/data/lfw/lfw-funneled/Li_Peng/Li_Peng_0002.jpg,0.348301188240381,1
/home/anitadonato/tcc/tcc/data/lfw/lfw-funneled/Richard_Gephardt/Richard_Gephardt_0009.jpg,/home/anitadonato/tcc/tcc/data/lfw/lfw-funneled/Richard_Gephardt/Richard_Gephardt_0001.jpg,0.35937832030822897,1
/home/anitadonato/tcc/tcc/data/lfw/lfw-funneled/Richard_Gephardt/Richard_Gephardt_0009.jpg,/home/anitadonato/tcc/tcc/data/lfw/lfw-funneled/Richard_Gephardt/Richard_Gephardt_0006.jpg,0.419583666587308,1
/home/anitadonato/tcc/tcc/data/lfw/lfw-funneled/Richard_Gephardt/Richard_Gephardt_0009.jpg,/home/anitadonato/tcc/tcc/data/lfw/lfw-funneled/Richard_Gephardt/Richard_Gephardt_0003.jpg,0.39441376071420853,1
/home/anitadonato/tcc/tcc/data/lfw/lfw-funneled/Richard_Gephardt/Richard_Gephardt_0009.jpg,/home/anitadonato/tcc/tcc/data/lfw/lfw-funneled/Richard_Gephardt/Richard_Gephardt_0004.jpg,0.39765576407178854,1
/home/anitadonato/tcc/tcc/data/lfw/lfw-funneled/Richard_Gephardt/Richard_Gephardt_0001.jpg,/home/anitadonato/tcc/tcc/data/lfw/lfw-funneled/Richard_Gephardt/Richard_Gephardt_0006.jpg,0.40724750547013744,1
/home/anitadonato/tcc/tcc/data/lfw/lfw-funneled/Richard_Gephardt/Richard_Gephardt_0001.jpg,/home/anitadonato/tcc/tcc/data/lfw/lfw-funneled/Richard_Gephardt/Richard_Gephardt_0003.jpg,0.4138338396033377,1
/home/anitadonato/tcc/tcc/data/lfw/lfw-funneled/Richard_Gephardt/Richard_Gephardt_0001.jpg,/home/anitadonato/tcc/tcc/data/lfw/lfw-funneled/Richard_Gephardt/Richard_Gephardt_0004.jpg,0.33748506145604545,1
/home/anitadonato/tcc/tcc/data/lfw/lfw-funneled/Richard_Gephardt/Richard_Gephardt_0006.jpg,/home/anitadonato/tcc/tcc/data/lfw/lfw-funneled/Richard_Gephardt/Richard_Gephardt_0003.jpg,0.36482299875879126,1
/home/anitadonato/tcc/tcc/data/lfw/lfw-funneled/Richard_Gephardt/Richard_Gephardt_0006.jpg,/home/anitadonato/tcc/tcc/data/lfw/lfw-funneled/Richard_Gephardt/Richard_Gephardt_0004.jpg,0.34462496213926014,1
/home/anitadonato/tcc/tcc/data/lfw/lfw-funneled/Richard_Gephardt/Richard_Gephardt_0003.jpg,/home/anitadonato/tcc/tcc/data/lfw/lfw-funneled/Richard_Gephardt/Richard_Gephardt_0004.jpg,0.33634759273334464,1
/home/anitadonato/tcc/tcc/data/lfw/lfw-funneled/John_Ashcroft/John_Ashcroft_0009.jpg,/home/anitadonato/tcc/tcc/data/lfw/lfw-funneled/John_Ashcroft/John_Ashcroft_0003.jpg,0.38992357859274,1
/home/anitadonato/tcc/tcc/data/lfw/lfw-funneled/John_Ashcroft/John_Ashcroft_0009.jpg,/home/anitadonato/tcc/tcc/data/lfw/lfw-funneled/John_Ashcroft/John_Ashcroft_0020.jpg,0.3932435526451048,1
/home/anitadonato/tcc/tcc/data/lfw/lfw-funneled/John_Ashcroft/John_Ashcroft_0009.jpg,/home/anitadonato/tcc/tcc/data/lfw/lfw-funneled/John_Ashcroft/John_Ashcroft_0024.jpg,0.39705542383080494,1
/home/anitadonato/tcc/tcc/data/lfw/lfw-funneled/John_Ashcroft/John_Ashcroft_0009.jpg,/home/anitadonato/tcc/tcc/data/lfw/lfw-funneled/John_Ashcroft/John_Ashcroft_0051.jpg,0.4442546344933088,1
/home/anitadonato/tcc/tcc/data/lfw/lfw-funneled/John_Ashcroft/John_Ashcroft_0003.jpg,/home/anitadonato/tcc/tcc/data/lfw/lfw-funneled/John_Ashcroft/John_Ashcroft_0020.jpg,0.355308897789699,1
/home/anitadonato/tcc/tcc/data/lfw/lfw-funneled/John_Ashcroft/John_Ashcroft_0003.jpg,/home/anitadonato/tcc/tcc/data/lfw/lfw-funneled/John_Ashcroft/John_Ashcroft_0024.jpg,0.42695087492814415,1
/home/anitadonato/tcc/tcc/data/lfw/lfw-funneled/John_Ashcroft/John_Ashcroft_0003.jpg,/home/anitadonato/tcc/tcc/data/lfw/lfw-funneled/John_Ashcroft/John_Ashcroft_0051.jpg,0.45200906459501194,1
/home/anitadonato/tcc/tcc/data/lfw/lfw-funneled/John_Ashcroft/John_Ashcroft_0020.jpg,/home/anitadonato/tcc/tcc/data/lfw/lfw-funneled/John_Ashcroft/John_Ashcroft_0024.jpg,0.41529887866121873,1
/home/anitadonato/tcc/tcc/data/lfw/lfw-funneled/John_Ashcroft/John_Ashcroft_0020.jpg,/home/anitadonato/tcc/tcc/data/lfw/lfw-funneled/John_Ashcroft/John_Ashcroft_0051.jpg,0.41266569829989663,1
/home/anitadonato/tcc/tcc/data/lfw/lfw-funneled/John_Ashcroft/John_Ashcroft_0024.jpg,/home/anitadonato/tcc/tcc/data/lfw/lfw-funneled/John_Ashcroft/John_Ashcroft_0051.jpg,0.4051532448370216,1
/home/anitadonato/tcc/tcc/data/lfw/lfw-funneled/David_Anderson/David_Anderson_0001.jpg,/home/anitadonato/tcc/tcc/data/lfw/lfw-funneled/David_Anderson/David_Anderson_0003.jpg,0.5037050023671573,1
/home/anitadonato/tcc/tcc/data/lfw/lfw-funneled/David_Anderson/David_Anderson_0001.jpg,/home/anitadonato/tcc/tcc/data/lfw/lfw-funneled/David_Anderson/David_Anderson_0005.jpg,0.4093400116966863,1
/home/anitadonato/tcc/tcc/data/lfw/lfw-funneled/David_Anderson/David_Anderson_0001.jpg,/home/anitadonato/tcc/tcc/data/lfw/lfw-funneled/David_Anderson/David_Anderson_0004.jpg,0.5384136566282685,1
/home/anitadonato/tcc/tcc/data/lfw/lfw-funneled/David_Anderson/David_Anderson_0001.jpg,/home/anitadonato/tcc/tcc/data/lfw/lfw-funneled/David_Anderson/David_Anderson_0002.jpg,0.5275689619570392,1
/home/anitadonato/tcc/tcc/data/lfw/lfw-funneled/David_Anderson/David_Anderson_0003.jpg,/home/anitadonato/tcc/tcc/data/lfw/lfw-funneled/David_Anderson/David_Anderson_0005.jpg,0.47227706273718,1
/home/anitadonato/tcc/tcc/data/lfw/lfw-funneled/David_Anderson/David_Anderson_0003.jpg,/home/anitadonato/tcc/tcc/data/lfw/lfw-funneled/David_Anderson/David_Anderson_0004.jpg,0.5327359695824979,1
/home/anitadonato/tcc/tcc/data/lfw/lfw-funneled/David_Anderson/David_Anderson_0003.jpg,/home/anitadonato/tcc/tcc/data/lfw/lfw-funneled/David_Anderson/David_Anderson_0002.jpg,0.48617984125559227,1
/home/anitadonato/tcc/tcc/data/lfw/lfw-funneled/David_Anderson/David_Anderson_0005.jpg,/home/anitadonato/tcc/tcc/data/lfw/lfw-funneled/David_Anderson/David_Anderson_0004.jpg,0.5457994084040371,1
/home/anitadonato/tcc/tcc/data/lfw/lfw-funneled/David_Anderson/David_Anderson_0005.jpg,/home/anitadonato/tcc/tcc/data/lfw/lfw-funneled/David_Anderson/David_Anderson_0002.jpg,0.5038219063220367,1
/home/anitadonato/tcc/tcc/data/lfw/lfw-funneled/David_Anderson/David_Anderson_0004.jpg,/home/anitadonato/tcc/tcc/data/lfw/lfw-funneled/David_Anderson/David_Anderson_0002.jpg,0.5472863978378792,1
/home/anitadonato/tcc/tcc/data/lfw/lfw-funneled/John_Howard/John_Howard_0012.jpg,/home/anitadonato/tcc/tcc/data/lfw/lfw-funneled/John_Howard/John_Howard_0018.jpg,0.36038457404854746,1
/home/anitadonato/tcc/tcc/data/lfw/lfw-funneled/John_Howard/John_Howard_0012.jpg,/home/anitadonato/tcc/tcc/data/lfw/lfw-funneled/John_Howard/John_Howard_0014.jpg,0.4284522218437868,1
/home/anitadonato/tcc/tcc/data/lfw/lfw-funneled/John_Howard/John_Howard_0012.jpg,/home/anitadonato/tcc/tcc/data/lfw/lfw-funneled/John_Howard/John_Howard_0005.jpg,0.4125673771039167,1
/home/anitadonato/tcc/tcc/data/lfw/lfw-funneled/John_Howard/John_Howard_0012.jpg,/home/anitadonato/tcc/tcc/data/lfw/lfw-funneled/John_Howard/John_Howard_0015.jpg,0.31259075517915036,1
/home/anitadonato/tcc/tcc/data/lfw/lfw-funneled/John_Howard/John_Howard_0018.jpg,/home/anitadonato/tcc/tcc/data/lfw/lfw-funneled/John_Howard/John_Howard_0014.jpg,0.41135173309890316,1
/home/anitadonato/tcc/tcc/data/lfw/lfw-funneled/John_Howard/John_Howard_0018.jpg,/home/anitadonato/tcc/tcc/data/lfw/lfw-funneled/John_Howard/John_Howard_0005.jpg,0.4410137818355933,1
/home/anitadonato/tcc/tcc/data/lfw/lfw-funneled/John_Howard/John_Howard_0018.jpg,/home/anitadonato/tcc/tcc/data/lfw/lfw-funneled/John_Howard/John_Howard_0015.jpg,0.4159952780448302,1
/home/anitadonato/tcc/tcc/data/lfw/lfw-funneled/John_Howard/John_Howard_0014.jpg,/home/anitadonato/tcc/tcc/data/lfw/lfw-funneled/John_Howard/John_Howard_0005.jpg,0.4157519280435623,1
/home/anitadonato/tcc/tcc/data/lfw/lfw-funneled/John_Howard/John_Howard_0014.jpg,/home/anitadonato/tcc/tcc/data/lfw/lfw-funneled/John_Howard/John_Howard_0015.jpg,0.44090723352065453,1
/home/anitadonato/tcc/tcc/data/lfw/lfw-funneled/John_Howard/John_Howard_0005.jpg,/home/anitadonato/tcc/tcc/data/lfw/lfw-funneled/John_Howard/John_Howard_0015.jpg,0.3541527208074398,1
/home/anitadonato/tcc/tcc/data/lfw/lfw-funneled/Jiri_Novak/Jiri_Novak_0004.jpg,/home/anitadonato/tcc/tcc/data/lfw/lfw-funneled/Jiri_Novak/Jiri_Novak_0003.jpg,0.3437375690969169,1
/home/anitadonato/tcc/tcc/data/lfw/lfw-funneled/Jiri_Novak/Jiri_Novak_0004.jpg,/home/anitadonato/tcc/tcc/data/lfw/lfw-funneled/Jiri_Novak/Jiri_Novak_0010.jpg,0.3595984712591891,1
/home/anitadonato/tcc/tcc/data/lfw/lfw-funneled/Jiri_Novak/Jiri_Novak_0004.jpg,/home/anitadonato/tcc/tcc/data/lfw/lfw-funneled/Jiri_Novak/Jiri_Novak_0007.jpg,0.45906486536771374,1
/home/anitadonato/tcc/tcc/data/lfw/lfw-funneled/Jiri_Novak/Jiri_Novak_0004.jpg,/home/anitadonato/tcc/tcc/data/lfw/lfw-funneled/Jiri_Novak/Jiri_Novak_0001.jpg,0.38280213963524257,1
/home/anitadonato/tcc/tcc/data/lfw/lfw-funneled/Jiri_Novak/Jiri_Novak_0003.jpg,/home/anitadonato/tcc/tcc/data/lfw/lfw-funneled/Jiri_Novak/Jiri_Novak_0010.jpg,0.3528753277803224,1
/home/anitadonato/tcc/tcc/data/lfw/lfw-funneled/Jiri_Novak/Jiri_Novak_0003.jpg,/home/anitadonato/tcc/tcc/data/lfw/lfw-funneled/Jiri_Novak/Jiri_Novak_0007.jpg,0.3808120897786535,1
/home/anitadonato/tcc/tcc/data/lfw/lfw-funneled/Jiri_Novak/Jiri_Novak_0003.jpg,/home/anitadonato/tcc/tcc/data/lfw/lfw-funneled/Jiri_Novak/Jiri_Novak_0001.jpg,0.3992022789234596,1
/home/anitadonato/tcc/tcc/data/lfw/lfw-funneled/Jiri_Novak/Jiri_Novak_0010.jpg,/home/anitadonato/tcc/tcc/data/lfw/lfw-funneled/Jiri_Novak/Jiri_Novak_0007.jpg,0.415745239919605,1
/home/anitadonato/tcc/tcc/data/lfw/lfw-funneled/Jiri_Novak/Jiri_Novak_0010.jpg,/home/anitadonato/tcc/tcc/data/lfw/lfw-funneled/Jiri_Novak/Jiri_Novak_0001.jpg,0.4114067010376503,1
/home/anitadonato/tcc/tcc/data/lfw/lfw-funneled/Jiri_Novak/Jiri_Novak_0007.jpg,/home/anitadonato/tcc/tcc/data/lfw/lfw-funneled/Jiri_Novak/Jiri_Novak_0001.jpg,0.4479067401751476,1
/home/anitadonato/tcc/tcc/data/lfw/lfw-funneled/Erika_Harold/Erika_Harold_0002.jpg,/home/anitadonato/tcc/tcc/data/lfw/lfw-funneled/Erika_Harold/Erika_Harold_0003.jpg,0.8156055912711022,1
/home/anitadonato/tcc/tcc/data/lfw/lfw-funneled/Erika_Harold/Erika_Harold_0002.jpg,/home/anitadonato/tcc/tcc/data/lfw/lfw-funneled/Erika_Harold/Erika_Harold_0005.jpg,0.3105864769129308,1
/home/anitadonato/tcc/tcc/data/lfw/lfw-funneled/Erika_Harold/Erika_Harold_0002.jpg,/home/anitadonato/tcc/tcc/data/lfw/lfw-funneled/Erika_Harold/Erika_Harold_0001.jpg,0.42050602211677984,1
/home/anitadonato/tcc/tcc/data/lfw/lfw-funneled/Erika_Harold/Erika_Harold_0002.jpg,/home/anitadonato/tcc/tcc/data/lfw/lfw-funneled/Erika_Harold/Erika_Harold_0004.jpg,0.40044738933296625,1
/home/anitadonato/tcc/tcc/data/lfw/lfw-funneled/Erika_Harold/Erika_Harold_0003.jpg,/home/anitadonato/tcc/tcc/data/lfw/lfw-funneled/Erika_Harold/Erika_Harold_0005.jpg,0.8895797196272686,1
/home/anitadonato/tcc/tcc/data/lfw/lfw-funneled/Erika_Harold/Erika_Harold_0003.jpg,/home/anitadonato/tcc/tcc/data/lfw/lfw-funneled/Erika_Harold/Erika_Harold_0001.jpg,0.7222543664724216,1
/home/anitadonato/tcc/tcc/data/lfw/lfw-funneled/Erika_Harold/Erika_Harold_0003.jpg,/home/anitadonato/tcc/tcc/data/lfw/lfw-funneled/Erika_Harold/Erika_Harold_0004.jpg,0.7967199902182949,1
/home/anitadonato/tcc/tcc/data/lfw/lfw-funneled/Erika_Harold/Erika_Harold_0005.jpg,/home/anitadonato/tcc/tcc/data/lfw/lfw-funneled/Erika_Harold/Erika_Harold_0001.jpg,0.47465669733106475,1
/home/anitadonato/tcc/tcc/data/lfw/lfw-funneled/Erika_Harold/Erika_Harold_0005.jpg,/home/anitadonato/tcc/tcc/data/lfw/lfw-funneled/Erika_Harold/Erika_Harold_0004.jpg,0.4420491015167334,1
/home/anitadonato/tcc/tcc/data/lfw/lfw-funneled/Erika_Harold/Erika_Harold_0001.jpg,/home/anitadonato/tcc/tcc/data/lfw/lfw-funneled/Erika_Harold/Erika_Harold_0004.jpg,0.43738499702564826,1
/home/anitadonato/tcc/tcc/data/lfw/lfw-funneled/Halle_Berry/Halle_Berry_0006.jpg,/home/anitadonato/tcc/tcc/data/lfw/lfw-funneled/Halle_Berry/Halle_Berry_0013.jpg,0.46446826010153835,1
/home/anitadonato/tcc/tcc/data/lfw/lfw-funneled/Halle_Berry/Halle_Berry_0006.jpg,/home/anitadonato/tcc/tcc/data/lfw/lfw-funneled/Halle_Berry/Halle_Berry_0012.jpg,0.3232196807559505,1
/home/anitadonato/tcc/tcc/data/lfw/lfw-funneled/Halle_Berry/Halle_Berry_0006.jpg,/home/anitadonato/tcc/tcc/data/lfw/lfw-funneled/Halle_Berry/Halle_Berry_0002.jpg,0.5356357042334683,1
/home/anitadonato/tcc/tcc/data/lfw/lfw-funneled/Halle_Berry/Halle_Berry_0006.jpg,/home/anitadonato/tcc/tcc/data/lfw/lfw-funneled/Halle_Berry/Halle_Berry_0007.jpg,0.31119830539090837,1
/home/anitadonato/tcc/tcc/data/lfw/lfw-funneled/Halle_Berry/Halle_Berry_0013.jpg,/home/anitadonato/tcc/tcc/data/lfw/lfw-funneled/Halle_Berry/Halle_Berry_0012.jpg,0.45122916978942706,1
/home/anitadonato/tcc/tcc/data/lfw/lfw-funneled/Halle_Berry/Halle_Berry_0013.jpg,/home/anitadonato/tcc/tcc/data/lfw/lfw-funneled/Halle_Berry/Halle_Berry_0002.jpg,0.5958010222188359,1
/home/anitadonato/tcc/tcc/data/lfw/lfw-funneled/Halle_Berry/Halle_Berry_0013.jpg,/home/anitadonato/tcc/tcc/data/lfw/lfw-funneled/Halle_Berry/Halle_Berry_0007.jpg,0.49828713204615505,1
/home/anitadonato/tcc/tcc/data/lfw/lfw-funneled/Halle_Berry/Halle_Berry_0012.jpg,/home/anitadonato/tcc/tcc/data/lfw/lfw-funneled/Halle_Berry/Halle_Berry_0002.jpg,0.5143362973344879,1
/home/anitadonato/tcc/tcc/data/lfw/lfw-funneled/Halle_Berry/Halle_Berry_0012.jpg,/home/anitadonato/tcc/tcc/data/lfw/lfw-funneled/Halle_Berry/Halle_Berry_0007.jpg,0.38116246635173456,1
/home/anitadonato/tcc/tcc/data/lfw/lfw-funneled/Halle_Berry/Halle_Berry_0002.jpg,/home/anitadonato/tcc/tcc/data/lfw/lfw-funneled/Halle_Berry/Halle_Berry_0007.jpg,0.5282754443341169,1
/home/anitadonato/tcc/tcc/data/lfw/lfw-funneled/Robert_Blake/Robert_Blake_0001.jpg,/home/anitadonato/tcc/tcc/data/lfw/lfw-funneled/Robert_Blake/Robert_Blake_0007.jpg,0.45153036927181106,1
/home/anitadonato/tcc/tcc/data/lfw/lfw-funneled/Robert_Blake/Robert_Blake_0001.jpg,/home/anitadonato/tcc/tcc/data/lfw/lfw-funneled/Robert_Blake/Robert_Blake_0004.jpg,0.4741890710960438,1
/home/anitadonato/tcc/tcc/data/lfw/lfw-funneled/Robert_Blake/Robert_Blake_0001.jpg,/home/anitadonato/tcc/tcc/data/lfw/lfw-funneled/Robert_Blake/Robert_Blake_0002.jpg,0.4833567041195266,1
/home/anitadonato/tcc/tcc/data/lfw/lfw-funneled/Robert_Blake/Robert_Blake_0001.jpg,/home/anitadonato/tcc/tcc/data/lfw/lfw-funneled/Robert_Blake/Robert_Blake_0005.jpg,0.3516560777118588,1
/home/anitadonato/tcc/tcc/data/lfw/lfw-funneled/Robert_Blake/Robert_Blake_0007.jpg,/home/anitadonato/tcc/tcc/data/lfw/lfw-funneled/Robert_Blake/Robert_Blake_0004.jpg,0.4204702741305901,1
/home/anitadonato/tcc/tcc/data/lfw/lfw-funneled/Robert_Blake/Robert_Blake_0007.jpg,/home/anitadonato/tcc/tcc/data/lfw/lfw-funneled/Robert_Blake/Robert_Blake_0002.jpg,0.41585284733003397,1
/home/anitadonato/tcc/tcc/data/lfw/lfw-funneled/Robert_Blake/Robert_Blake_0007.jpg,/home/anitadonato/tcc/tcc/data/lfw/lfw-funneled/Robert_Blake/Robert_Blake_0005.jpg,0.3510937659548134,1
/home/anitadonato/tcc/tcc/data/lfw/lfw-funneled/Robert_Blake/Robert_Blake_0004.jpg,/home/anitadonato/tcc/tcc/data/lfw/lfw-funneled/Robert_Blake/Robert_Blake_0002.jpg,0.24662228473358813,1
/home/anitadonato/tcc/tcc/data/lfw/lfw-funneled/Robert_Blake/Robert_Blake_0004.jpg,/home/anitadonato/tcc/tcc/data/lfw/lfw-funneled/Robert_Blake/Robert_Blake_0005.jpg,0.36299013317941115,1
/home/anitadonato/tcc/tcc/data/lfw/lfw-funneled/Robert_Blake/Robert_Blake_0002.jpg,/home/anitadonato/tcc/tcc/data/lfw/lfw-funneled/Robert_Blake/Robert_Blake_0005.jpg,0.3824657208417464,1
/home/anitadonato/tcc/tcc/data/lfw/lfw-funneled/Bernard_Law/Bernard_Law_0004.jpg,/home/anitadonato/tcc/tcc/data/lfw/lfw-funneled/Bernard_Law/Bernard_Law_0003.jpg,0.3133200375166344,1
/home/anitadonato/tcc/tcc/data/lfw/lfw-funneled/Bernard_Law/Bernard_Law_0004.jpg,/home/anitadonato/tcc/tcc/data/lfw/lfw-funneled/Bernard_Law/Bernard_Law_0002.jpg,0.3279163113927512,1
/home/anitadonato/tcc/tcc/data/lfw/lfw-funneled/Bernard_Law/Bernard_Law_0004.jpg,/home/anitadonato/tcc/tcc/data/lfw/lfw-funneled/Bernard_Law/Bernard_Law_0001.jpg,0.43821069556108994,1
/home/anitadonato/tcc/tcc/data/lfw/lfw-funneled/Bernard_Law/Bernard_Law_0004.jpg,/home/anitadonato/tcc/tcc/data/lfw/lfw-funneled/Bernard_Law/Bernard_Law_0005.jpg,0.39698517618141,1
/home/anitadonato/tcc/tcc/data/lfw/lfw-funneled/Bernard_Law/Bernard_Law_0003.jpg,/home/anitadonato/tcc/tcc/data/lfw/lfw-funneled/Bernard_Law/Bernard_Law_0002.jpg,0.37795571226330765,1
/home/anitadonato/tcc/tcc/data/lfw/lfw-funneled/Bernard_Law/Bernard_Law_0003.jpg,/home/anitadonato/tcc/tcc/data/lfw/lfw-funneled/Bernard_Law/Bernard_Law_0001.jpg,0.3941602405934055,1
/home/anitadonato/tcc/tcc/data/lfw/lfw-funneled/Bernard_Law/Bernard_Law_0003.jpg,/home/anitadonato/tcc/tcc/data/lfw/lfw-funneled/Bernard_Law/Bernard_Law_0005.jpg,0.49603958572885287,1
/home/anitadonato/tcc/tcc/data/lfw/lfw-funneled/Bernard_Law/Bernard_Law_0002.jpg,/home/anitadonato/tcc/tcc/data/lfw/lfw-funneled/Bernard_Law/Bernard_Law_0001.jpg,0.3873486715726269,1
/home/anitadonato/tcc/tcc/data/lfw/lfw-funneled/Bernard_Law/Bernard_Law_0002.jpg,/home/anitadonato/tcc/tcc/data/lfw/lfw-funneled/Bernard_Law/Bernard_Law_0005.jpg,0.42119445820790447,1
/home/anitadonato/tcc/tcc/data/lfw/lfw-funneled/Bernard_Law/Bernard_Law_0001.jpg,/home/anitadonato/tcc/tcc/data/lfw/lfw-funneled/Bernard_Law/Bernard_Law_0005.jpg,0.45645391954789044,1
/home/anitadonato/tcc/tcc/data/lfw/lfw-funneled/Peter_Struck/Peter_Struck_0001.jpg,/home/anitadonato/tcc/tcc/data/lfw/lfw-funneled/Peter_Struck/Peter_Struck_0002.jpg,0.44819605623594205,1
/home/anitadonato/tcc/tcc/data/lfw/lfw-funneled/Peter_Struck/Peter_Struck_0001.jpg,/home/anitadonato/tcc/tcc/data/lfw/lfw-funneled/Peter_Struck/Peter_Struck_0004.jpg,0.4132176231717547,1
/home/anitadonato/tcc/tcc/data/lfw/lfw-funneled/Peter_Struck/Peter_Struck_0001.jpg,/home/anitadonato/tcc/tcc/data/lfw/lfw-funneled/Peter_Struck/Peter_Struck_0003.jpg,0.45937697753682866,1
/home/anitadonato/tcc/tcc/data/lfw/lfw-funneled/Peter_Struck/Peter_Struck_0001.jpg,/home/anitadonato/tcc/tcc/data/lfw/lfw-funneled/Peter_Struck/Peter_Struck_0005.jpg,0.561534890325624,1
/home/anitadonato/tcc/tcc/data/lfw/lfw-funneled/Peter_Struck/Peter_Struck_0002.jpg,/home/anitadonato/tcc/tcc/data/lfw/lfw-funneled/Peter_Struck/Peter_Struck_0004.jpg,0.3289254145018014,1
/home/anitadonato/tcc/tcc/data/lfw/lfw-funneled/Peter_Struck/Peter_Struck_0002.jpg,/home/anitadonato/tcc/tcc/data/lfw/lfw-funneled/Peter_Struck/Peter_Struck_0003.jpg,0.40256978637334134,1
/home/anitadonato/tcc/tcc/data/lfw/lfw-funneled/Peter_Struck/Peter_Struck_0002.jpg,/home/anitadonato/tcc/tcc/data/lfw/lfw-funneled/Peter_Struck/Peter_Struck_0005.jpg,0.4625323649240927,1
/home/anitadonato/tcc/tcc/data/lfw/lfw-funneled/Peter_Struck/Peter_Struck_0004.jpg,/home/anitadonato/tcc/tcc/data/lfw/lfw-funneled/Peter_Struck/Peter_Struck_0003.jpg,0.4370533274850606,1
/home/anitadonato/tcc/tcc/data/lfw/lfw-funneled/Peter_Struck/Peter_Struck_0004.jpg,/home/anitadonato/tcc/tcc/data/lfw/lfw-funneled/Peter_Struck/Peter_Struck_0005.jpg,0.4681741009254758,1
/home/anitadonato/tcc/tcc/data/lfw/lfw-funneled/Peter_Struck/Peter_Struck_0003.jpg,/home/anitadonato/tcc/tcc/data/lfw/lfw-funneled/Peter_Struck/Peter_Struck_0005.jpg,0.5084775190964683,1
/home/anitadonato/tcc/tcc/data/lfw/lfw-funneled/Winona_Ryder/Winona_Ryder_0003.jpg,/home/anitadonato/tcc/tcc/data/lfw/lfw-funneled/Winona_Ryder/Winona_Ryder_0009.jpg,0.49671799745754264,1
/home/anitadonato/tcc/tcc/data/lfw/lfw-funneled/Winona_Ryder/Winona_Ryder_0003.jpg,/home/anitadonato/tcc/tcc/data/lfw/lfw-funneled/Winona_Ryder/Winona_Ryder_0012.jpg,0.5299323372757385,1
/home/anitadonato/tcc/tcc/data/lfw/lfw-funneled/Winona_Ryder/Winona_Ryder_0003.jpg,/home/anitadonato/tcc/tcc/data/lfw/lfw-funneled/Winona_Ryder/Winona_Ryder_0021.jpg,0.5020745601721932,1
/home/anitadonato/tcc/tcc/data/lfw/lfw-funneled/Winona_Ryder/Winona_Ryder_0003.jpg,/home/anitadonato/tcc/tcc/data/lfw/lfw-funneled/Winona_Ryder/Winona_Ryder_0017.jpg,0.45646526842929996,1
/home/anitadonato/tcc/tcc/data/lfw/lfw-funneled/Winona_Ryder/Winona_Ryder_0009.jpg,/home/anitadonato/tcc/tcc/data/lfw/lfw-funneled/Winona_Ryder/Winona_Ryder_0012.jpg,0.41587396472855725,1
/home/anitadonato/tcc/tcc/data/lfw/lfw-funneled/Winona_Ryder/Winona_Ryder_0009.jpg,/home/anitadonato/tcc/tcc/data/lfw/lfw-funneled/Winona_Ryder/Winona_Ryder_0021.jpg,0.5375488567309181,1
/home/anitadonato/tcc/tcc/data/lfw/lfw-funneled/Winona_Ryder/Winona_Ryder_0009.jpg,/home/anitadonato/tcc/tcc/data/lfw/lfw-funneled/Winona_Ryder/Winona_Ryder_0017.jpg,0.4743562766431888,1
/home/anitadonato/tcc/tcc/data/lfw/lfw-funneled/Winona_Ryder/Winona_Ryder_0012.jpg,/home/anitadonato/tcc/tcc/data/lfw/lfw-funneled/Winona_Ryder/Winona_Ryder_0021.jpg,0.4186768692617189,1
/home/anitadonato/tcc/tcc/data/lfw/lfw-funneled/Winona_Ryder/Winona_Ryder_0012.jpg,/home/anitadonato/tcc/tcc/data/lfw/lfw-funneled/Winona_Ryder/Winona_Ryder_0017.jpg,0.42966328302893364,1
/home/anitadonato/tcc/tcc/data/lfw/lfw-funneled/Winona_Ryder/Winona_Ryder_0021.jpg,/home/anitadonato/tcc/tcc/data/lfw/lfw-funneled/Winona_Ryder/Winona_Ryder_0017.jpg,0.4064219927886717,1
/home/anitadonato/tcc/tcc/data/lfw/lfw-funneled/David_Trimble/David_Trimble_0004.jpg,/home/anitadonato/tcc/tcc/data/lfw/lfw-funneled/David_Trimble/David_Trimble_0003.jpg,0.46876159964739167,1
/home/anitadonato/tcc/tcc/data/lfw/lfw-funneled/David_Trimble/David_Trimble_0004.jpg,/home/anitadonato/tcc/tcc/data/lfw/lfw-funneled/David_Trimble/David_Trimble_0001.jpg,0.39491083824709095,1
/home/anitadonato/tcc/tcc/data/lfw/lfw-funneled/David_Trimble/David_Trimble_0004.jpg,/home/anitadonato/tcc/tcc/data/lfw/lfw-funneled/David_Trimble/David_Trimble_0005.jpg,0.4285642594666367,1
/home/anitadonato/tcc/tcc/data/lfw/lfw-funneled/David_Trimble/David_Trimble_0004.jpg,/home/anitadonato/tcc/tcc/data/lfw/lfw-funneled/David_Trimble/David_Trimble_0002.jpg,0.3853283676671026,1
/home/anitadonato/tcc/tcc/data/lfw/lfw-funneled/David_Trimble/David_Trimble_0003.jpg,/home/anitadonato/tcc/tcc/data/lfw/lfw-funneled/David_Trimble/David_Trimble_0001.jpg,0.38046830372789453,1
/home/anitadonato/tcc/tcc/data/lfw/lfw-funneled/David_Trimble/David_Trimble_0003.jpg,/home/anitadonato/tcc/tcc/data/lfw/lfw-funneled/David_Trimble/David_Trimble_0005.jpg,0.42195852938371503,1
/home/anitadonato/tcc/tcc/data/lfw/lfw-funneled/David_Trimble/David_Trimble_0003.jpg,/home/anitadonato/tcc/tcc/data/lfw/lfw-funneled/David_Trimble/David_Trimble_0002.jpg,0.47830829427380356,1
/home/anitadonato/tcc/tcc/data/lfw/lfw-funneled/David_Trimble/David_Trimble_0001.jpg,/home/anitadonato/tcc/tcc/data/lfw/lfw-funneled/David_Trimble/David_Trimble_0005.jpg,0.3542746022900615,1
/home/anitadonato/tcc/tcc/data/lfw/lfw-funneled/David_Trimble/David_Trimble_0001.jpg,/home/anitadonato/tcc/tcc/data/lfw/lfw-funneled/David_Trimble/David_Trimble_0002.jpg,0.3306329281485163,1
/home/anitadonato/tcc/tcc/data/lfw/lfw-funneled/David_Trimble/David_Trimble_0005.jpg,/home/anitadonato/tcc/tcc/data/lfw/lfw-funneled/David_Trimble/David_Trimble_0002.jpg,0.378397984684761,1
/home/anitadonato/tcc/tcc/data/lfw/lfw-funneled/Mike_Martz/Mike_Martz_0002.jpg,/home/anitadonato/tcc/tcc/data/lfw/lfw-funneled/Mike_Martz/Mike_Martz_0005.jpg,0.30529402467569056,1
/home/anitadonato/tcc/tcc/data/lfw/lfw-funneled/Mike_Martz/Mike_Martz_0002.jpg,/home/anitadonato/tcc/tcc/data/lfw/lfw-funneled/Mike_Martz/Mike_Martz_0003.jpg,0.38785291659988175,1
/home/anitadonato/tcc/tcc/data/lfw/lfw-funneled/Mike_Martz/Mike_Martz_0002.jpg,/home/anitadonato/tcc/tcc/data/lfw/lfw-funneled/Mike_Martz/Mike_Martz_0001.jpg,0.2905230655639448,1
/home/anitadonato/tcc/tcc/data/lfw/lfw-funneled/Mike_Martz/Mike_Martz_0002.jpg,/home/anitadonato/tcc/tcc/data/lfw/lfw-funneled/Mike_Martz/Mike_Martz_0004.jpg,0.3468188182277403,1
/home/anitadonato/tcc/tcc/data/lfw/lfw-funneled/Mike_Martz/Mike_Martz_0005.jpg,/home/anitadonato/tcc/tcc/data/lfw/lfw-funneled/Mike_Martz/Mike_Martz_0003.jpg,0.3707947113829042,1
/home/anitadonato/tcc/tcc/data/lfw/lfw-funneled/Mike_Martz/Mike_Martz_0005.jpg,/home/anitadonato/tcc/tcc/data/lfw/lfw-funneled/Mike_Martz/Mike_Martz_0001.jpg,0.2954582672310213,1
/home/anitadonato/tcc/tcc/data/lfw/lfw-funneled/Mike_Martz/Mike_Martz_0005.jpg,/home/anitadonato/tcc/tcc/data/lfw/lfw-funneled/Mike_Martz/Mike_Martz_0004.jpg,0.37265246648997785,1
/home/anitadonato/tcc/tcc/data/lfw/lfw-funneled/Mike_Martz/Mike_Martz_0003.jpg,/home/anitadonato/tcc/tcc/data/lfw/lfw-funneled/Mike_Martz/Mike_Martz_0001.jpg,0.32948442319323235,1
/home/anitadonato/tcc/tcc/data/lfw/lfw-funneled/Mike_Martz/Mike_Martz_0003.jpg,/home/anitadonato/tcc/tcc/data/lfw/lfw-funneled/Mike_Martz/Mike_Martz_0004.jpg,0.4084077519939403,1
/home/anitadonato/tcc/tcc/data/lfw/lfw-funneled/Mike_Martz/Mike_Martz_0001.jpg,/home/anitadonato/tcc/tcc/data/lfw/lfw-funneled/Mike_Martz/Mike_Martz_0004.jpg,0.37794931512381796,1
/home/anitadonato/tcc/tcc/data/lfw/lfw-funneled/Yashwant_Sinha/Yashwant_Sinha_0005.jpg,/home/anitadonato/tcc/tcc/data/lfw/lfw-funneled/Yashwant_Sinha/Yashwant_Sinha_0004.jpg,0.3742450788925309,1
/home/anitadonato/tcc/tcc/data/lfw/lfw-funneled/Yashwant_Sinha/Yashwant_Sinha_0005.jpg,/home/anitadonato/tcc/tcc/data/lfw/lfw-funneled/Yashwant_Sinha/Yashwant_Sinha_0003.jpg,0.2952925273279607,1
/home/anitadonato/tcc/tcc/data/lfw/lfw-funneled/Yashwant_Sinha/Yashwant_Sinha_0005.jpg,/home/anitadonato/tcc/tcc/data/lfw/lfw-funneled/Yashwant_Sinha/Yashwant_Sinha_0007.jpg,0.3386423034730475,1
/home/anitadonato/tcc/tcc/data/lfw/lfw-funneled/Yashwant_Sinha/Yashwant_Sinha_0005.jpg,/home/anitadonato/tcc/tcc/data/lfw/lfw-funneled/Yashwant_Sinha/Yashwant_Sinha_0002.jpg,0.34603616689739064,1
/home/anitadonato/tcc/tcc/data/lfw/lfw-funneled/Yashwant_Sinha/Yashwant_Sinha_0004.jpg,/home/anitadonato/tcc/tcc/data/lfw/lfw-funneled/Yashwant_Sinha/Yashwant_Sinha_0003.jpg,0.33410841545324144,1
/home/anitadonato/tcc/tcc/data/lfw/lfw-funneled/Yashwant_Sinha/Yashwant_Sinha_0004.jpg,/home/anitadonato/tcc/tcc/data/lfw/lfw-funneled/Yashwant_Sinha/Yashwant_Sinha_0007.jpg,0.4049890517542152,1
/home/anitadonato/tcc/tcc/data/lfw/lfw-funneled/Yashwant_Sinha/Yashwant_Sinha_0004.jpg,/home/anitadonato/tcc/tcc/data/lfw/lfw-funneled/Yashwant_Sinha/Yashwant_Sinha_0002.jpg,0.37313934570973134,1
/home/anitadonato/tcc/tcc/data/lfw/lfw-funneled/Yashwant_Sinha/Yashwant_Sinha_0003.jpg,/home/anitadonato/tcc/tcc/data/lfw/lfw-funneled/Yashwant_Sinha/Yashwant_Sinha_0007.jpg,0.32601437528083693,1
/home/anitadonato/tcc/tcc/data/lfw/lfw-funneled/Yashwant_Sinha/Yashwant_Sinha_0003.jpg,/home/anitadonato/tcc/tcc/data/lfw/lfw-funneled/Yashwant_Sinha/Yashwant_Sinha_0002.jpg,0.41014915734448354,1
/home/anitadonato/tcc/tcc/data/lfw/lfw-funneled/Yashwant_Sinha/Yashwant_Sinha_0007.jpg,/home/anitadonato/tcc/tcc/data/lfw/lfw-funneled/Yashwant_Sinha/Yashwant_Sinha_0002.jpg,0.40700959452977764,1
/home/anitadonato/tcc/tcc/data/lfw/lfw-funneled/Roy_Moore/Roy_Moore_0005.jpg,/home/anitadonato/tcc/tcc/data/lfw/lfw-funneled/Roy_Moore/Roy_Moore_0006.jpg,0.5484594289915808,1
/home/anitadonato/tcc/tcc/data/lfw/lfw-funneled/Roy_Moore/Roy_Moore_0005.jpg,/home/anitadonato/tcc/tcc/data/lfw/lfw-funneled/Roy_Moore/Roy_Moore_0001.jpg,0.5489492549339137,1
/home/anitadonato/tcc/tcc/data/lfw/lfw-funneled/Roy_Moore/Roy_Moore_0005.jpg,/home/anitadonato/tcc/tcc/data/lfw/lfw-funneled/Roy_Moore/Roy_Moore_0002.jpg,0.5226226922509271,1
/home/anitadonato/tcc/tcc/data/lfw/lfw-funneled/Roy_Moore/Roy_Moore_0005.jpg,/home/anitadonato/tcc/tcc/data/lfw/lfw-funneled/Roy_Moore/Roy_Moore_0004.jpg,0.45175403239671647,1
/home/anitadonato/tcc/tcc/data/lfw/lfw-funneled/Roy_Moore/Roy_Moore_0006.jpg,/home/anitadonato/tcc/tcc/data/lfw/lfw-funneled/Roy_Moore/Roy_Moore_0001.jpg,0.5634448071072392,1
/home/anitadonato/tcc/tcc/data/lfw/lfw-funneled/Roy_Moore/Roy_Moore_0006.jpg,/home/anitadonato/tcc/tcc/data/lfw/lfw-funneled/Roy_Moore/Roy_Moore_0002.jpg,0.5475454071272678,1
/home/anitadonato/tcc/tcc/data/lfw/lfw-funneled/Roy_Moore/Roy_Moore_0006.jpg,/home/anitadonato/tcc/tcc/data/lfw/lfw-funneled/Roy_Moore/Roy_Moore_0004.jpg,0.5347165453426175,1
/home/anitadonato/tcc/tcc/data/lfw/lfw-funneled/Roy_Moore/Roy_Moore_0001.jpg,/home/anitadonato/tcc/tcc/data/lfw/lfw-funneled/Roy_Moore/Roy_Moore_0002.jpg,0.431207468765559,1
/home/anitadonato/tcc/tcc/data/lfw/lfw-funneled/Roy_Moore/Roy_Moore_0001.jpg,/home/anitadonato/tcc/tcc/data/lfw/lfw-funneled/Roy_Moore/Roy_Moore_0004.jpg,0.4910092778176279,1
/home/anitadonato/tcc/tcc/data/lfw/lfw-funneled/Roy_Moore/Roy_Moore_0002.jpg,/home/anitadonato/tcc/tcc/data/lfw/lfw-funneled/Roy_Moore/Roy_Moore_0004.jpg,0.4980360473370569,1
/home/anitadonato/tcc/tcc/data/lfw/lfw-funneled/Lleyton_Hewitt/Lleyton_Hewitt_0017.jpg,/home/anitadonato/tcc/tcc/data/lfw/lfw-funneled/Lleyton_Hewitt/Lleyton_Hewitt_0003.jpg,0.42185254236758246,1
/home/anitadonato/tcc/tcc/data/lfw/lfw-funneled/Lleyton_Hewitt/Lleyton_Hewitt_0017.jpg,/home/anitadonato/tcc/tcc/data/lfw/lfw-funneled/Lleyton_Hewitt/Lleyton_Hewitt_0028.jpg,0.5347802804680244,1
/home/anitadonato/tcc/tcc/data/lfw/lfw-funneled/Lleyton_Hewitt/Lleyton_Hewitt_0017.jpg,/home/anitadonato/tcc/tcc/data/lfw/lfw-funneled/Lleyton_Hewitt/Lleyton_Hewitt_0001.jpg,0.465568061436265,1
/home/anitadonato/tcc/tcc/data/lfw/lfw-funneled/Lleyton_Hewitt/Lleyton_Hewitt_0017.jpg,/home/anitadonato/tcc/tcc/data/lfw/lfw-funneled/Lleyton_Hewitt/Lleyton_Hewitt_0034.jpg,0.43400565699037064,1
/home/anitadonato/tcc/tcc/data/lfw/lfw-funneled/Lleyton_Hewitt/Lleyton_Hewitt_0003.jpg,/home/anitadonato/tcc/tcc/data/lfw/lfw-funneled/Lleyton_Hewitt/Lleyton_Hewitt_0028.jpg,0.573135381102134,1
/home/anitadonato/tcc/tcc/data/lfw/lfw-funneled/Lleyton_Hewitt/Lleyton_Hewitt_0003.jpg,/home/anitadonato/tcc/tcc/data/lfw/lfw-funneled/Lleyton_Hewitt/Lleyton_Hewitt_0001.jpg,0.4692224453556547,1
/home/anitadonato/tcc/tcc/data/lfw/lfw-funneled/Lleyton_Hewitt/Lleyton_Hewitt_0003.jpg,/home/anitadonato/tcc/tcc/data/lfw/lfw-funneled/Lleyton_Hewitt/Lleyton_Hewitt_0034.jpg,0.32833315467264695,1
/home/anitadonato/tcc/tcc/data/lfw/lfw-funneled/Lleyton_Hewitt/Lleyton_Hewitt_0028.jpg,/home/anitadonato/tcc/tcc/data/lfw/lfw-funneled/Lleyton_Hewitt/Lleyton_Hewitt_0001.jpg,0.5233164258225074,1
/home/anitadonato/tcc/tcc/data/lfw/lfw-funneled/Lleyton_Hewitt/Lleyton_Hewitt_0028.jpg,/home/anitadonato/tcc/tcc/data/lfw/lfw-funneled/Lleyton_Hewitt/Lleyton_Hewitt_0034.jpg,0.6318956624761085,1
/home/anitadonato/tcc/tcc/data/lfw/lfw-funneled/Lleyton_Hewitt/Lleyton_Hewitt_0001.jpg,/home/anitadonato/tcc/tcc/data/lfw/lfw-funneled/Lleyton_Hewitt/Lleyton_Hewitt_0034.jpg,0.527211250712154,1
/home/anitadonato/tcc/tcc/data/lfw/lfw-funneled/Salma_Hayek/Salma_Hayek_0013.jpg,/home/anitadonato/tcc/tcc/data/lfw/lfw-funneled/Salma_Hayek/Salma_Hayek_0009.jpg,0.5228133653031357,1
/home/anitadonato/tcc/tcc/data/lfw/lfw-funneled/Salma_Hayek/Salma_Hayek_0013.jpg,/home/anitadonato/tcc/tcc/data/lfw/lfw-funneled/Salma_Hayek/Salma_Hayek_0011.jpg,0.45591321924353606,1
/home/anitadonato/tcc/tcc/data/lfw/lfw-funneled/Salma_Hayek/Salma_Hayek_0013.jpg,/home/anitadonato/tcc/tcc/data/lfw/lfw-funneled/Salma_Hayek/Salma_Hayek_0004.jpg,0.49567398793568695,1
/home/anitadonato/tcc/tcc/data/lfw/lfw-funneled/Salma_Hayek/Salma_Hayek_0013.jpg,/home/anitadonato/tcc/tcc/data/lfw/lfw-funneled/Salma_Hayek/Salma_Hayek_0006.jpg,0.5265614238115587,1
/home/anitadonato/tcc/tcc/data/lfw/lfw-funneled/Salma_Hayek/Salma_Hayek_0009.jpg,/home/anitadonato/tcc/tcc/data/lfw/lfw-funneled/Salma_Hayek/Salma_Hayek_0011.jpg,0.5510733529818971,1
/home/anitadonato/tcc/tcc/data/lfw/lfw-funneled/Salma_Hayek/Salma_Hayek_0009.jpg,/home/anitadonato/tcc/tcc/data/lfw/lfw-funneled/Salma_Hayek/Salma_Hayek_0004.jpg,0.487570797262689,1
/home/anitadonato/tcc/tcc/data/lfw/lfw-funneled/Salma_Hayek/Salma_Hayek_0009.jpg,/home/anitadonato/tcc/tcc/data/lfw/lfw-funneled/Salma_Hayek/Salma_Hayek_0006.jpg,0.6526227147076666,1
/home/anitadonato/tcc/tcc/data/lfw/lfw-funneled/Salma_Hayek/Salma_Hayek_0011.jpg,/home/anitadonato/tcc/tcc/data/lfw/lfw-funneled/Salma_Hayek/Salma_Hayek_0004.jpg,0.46474620507689723,1
/home/anitadonato/tcc/tcc/data/lfw/lfw-funneled/Salma_Hayek/Salma_Hayek_0011.jpg,/home/anitadonato/tcc/tcc/data/lfw/lfw-funneled/Salma_Hayek/Salma_Hayek_0006.jpg,0.514142568104317,1
/home/anitadonato/tcc/tcc/data/lfw/lfw-funneled/Salma_Hayek/Salma_Hayek_0004.jpg,/home/anitadonato/tcc/tcc/data/lfw/lfw-funneled/Salma_Hayek/Salma_Hayek_0006.jpg,0.5136576866114455,1
/home/anitadonato/tcc/tcc/data/lfw/lfw-funneled/Hans_Blix/Hans_Blix_0028.jpg,/home/anitadonato/tcc/tcc/data/lfw/lfw-funneled/Hans_Blix/Hans_Blix_0005.jpg,0.5161707532947408,1
/home/anitadonato/tcc/tcc/data/lfw/lfw-funneled/Hans_Blix/Hans_Blix_0028.jpg,/home/anitadonato/tcc/tcc/data/lfw/lfw-funneled/Hans_Blix/Hans_Blix_0022.jpg,0.49818311076744676,1
/home/anitadonato/tcc/tcc/data/lfw/lfw-funneled/Hans_Blix/Hans_Blix_0028.jpg,/home/anitadonato/tcc/tcc/data/lfw/lfw-funneled/Hans_Blix/Hans_Blix_0021.jpg,0.5613369831540341,1
/home/anitadonato/tcc/tcc/data/lfw/lfw-funneled/Hans_Blix/Hans_Blix_0028.jpg,/home/anitadonato/tcc/tcc/data/lfw/lfw-funneled/Hans_Blix/Hans_Blix_0008.jpg,0.5599300222919239,1
/home/anitadonato/tcc/tcc/data/lfw/lfw-funneled/Hans_Blix/Hans_Blix_0005.jpg,/home/anitadonato/tcc/tcc/data/lfw/lfw-funneled/Hans_Blix/Hans_Blix_0022.jpg,0.47662054669488485,1
/home/anitadonato/tcc/tcc/data/lfw/lfw-funneled/Hans_Blix/Hans_Blix_0005.jpg,/home/anitadonato/tcc/tcc/data/lfw/lfw-funneled/Hans_Blix/Hans_Blix_0021.jpg,0.4553980132698023,1
/home/anitadonato/tcc/tcc/data/lfw/lfw-funneled/Hans_Blix/Hans_Blix_0005.jpg,/home/anitadonato/tcc/tcc/data/lfw/lfw-funneled/Hans_Blix/Hans_Blix_0008.jpg,0.40907297072768606,1
/home/anitadonato/tcc/tcc/data/lfw/lfw-funneled/Hans_Blix/Hans_Blix_0022.jpg,/home/anitadonato/tcc/tcc/data/lfw/lfw-funneled/Hans_Blix/Hans_Blix_0021.jpg,0.4391216776536786,1
/home/anitadonato/tcc/tcc/data/lfw/lfw-funneled/Hans_Blix/Hans_Blix_0022.jpg,/home/anitadonato/tcc/tcc/data/lfw/lfw-funneled/Hans_Blix/Hans_Blix_0008.jpg,0.4737160248702391,1
/home/anitadonato/tcc/tcc/data/lfw/lfw-funneled/Hans_Blix/Hans_Blix_0021.jpg,/home/anitadonato/tcc/tcc/data/lfw/lfw-funneled/Hans_Blix/Hans_Blix_0008.jpg,0.37728793394796734,1
/home/anitadonato/tcc/tcc/data/lfw/lfw-funneled/Zinedine_Zidane/Zinedine_Zidane_0006.jpg,/home/anitadonato/tcc/tcc/data/lfw/lfw-funneled/Zinedine_Zidane/Zinedine_Zidane_0003.jpg,0.46669121726850193,1
/home/anitadonato/tcc/tcc/data/lfw/lfw-funneled/Zinedine_Zidane/Zinedine_Zidane_0006.jpg,/home/anitadonato/tcc/tcc/data/lfw/lfw-funneled/Zinedine_Zidane/Zinedine_Zidane_0005.jpg,0.4581563292056017,1
/home/anitadonato/tcc/tcc/data/lfw/lfw-funneled/Zinedine_Zidane/Zinedine_Zidane_0006.jpg,/home/anitadonato/tcc/tcc/data/lfw/lfw-funneled/Zinedine_Zidane/Zinedine_Zidane_0004.jpg,0.4751332640825489,1
/home/anitadonato/tcc/tcc/data/lfw/lfw-funneled/Zinedine_Zidane/Zinedine_Zidane_0006.jpg,/home/anitadonato/tcc/tcc/data/lfw/lfw-funneled/Zinedine_Zidane/Zinedine_Zidane_0002.jpg,0.4523971093384841,1
/home/anitadonato/tcc/tcc/data/lfw/lfw-funneled/Zinedine_Zidane/Zinedine_Zidane_0003.jpg,/home/anitadonato/tcc/tcc/data/lfw/lfw-funneled/Zinedine_Zidane/Zinedine_Zidane_0005.jpg,0.39610725971001254,1
/home/anitadonato/tcc/tcc/data/lfw/lfw-funneled/Zinedine_Zidane/Zinedine_Zidane_0003.jpg,/home/anitadonato/tcc/tcc/data/lfw/lfw-funneled/Zinedine_Zidane/Zinedine_Zidane_0004.jpg,0.4512573956236849,1
/home/anitadonato/tcc/tcc/data/lfw/lfw-funneled/Zinedine_Zidane/Zinedine_Zidane_0003.jpg,/home/anitadonato/tcc/tcc/data/lfw/lfw-funneled/Zinedine_Zidane/Zinedine_Zidane_0002.jpg,0.40125049790601286,1
/home/anitadonato/tcc/tcc/data/lfw/lfw-funneled/Zinedine_Zidane/Zinedine_Zidane_0005.jpg,/home/anitadonato/tcc/tcc/data/lfw/lfw-funneled/Zinedine_Zidane/Zinedine_Zidane_0004.jpg,0.3369010264537634,1
/home/anitadonato/tcc/tcc/data/lfw/lfw-funneled/Zinedine_Zidane/Zinedine_Zidane_0005.jpg,/home/anitadonato/tcc/tcc/data/lfw/lfw-funneled/Zinedine_Zidane/Zinedine_Zidane_0002.jpg,0.4384605082480369,1
/home/anitadonato/tcc/tcc/data/lfw/lfw-funneled/Zinedine_Zidane/Zinedine_Zidane_0004.jpg,/home/anitadonato/tcc/tcc/data/lfw/lfw-funneled/Zinedine_Zidane/Zinedine_Zidane_0002.jpg,0.48686922177897446,1
/home/anitadonato/tcc/tcc/data/lfw/lfw-funneled/Nancy_Pelosi/Nancy_Pelosi_0006.jpg,/home/anitadonato/tcc/tcc/data/lfw/lfw-funneled/Nancy_Pelosi/Nancy_Pelosi_0007.jpg,0.42274369927980104,1
/home/anitadonato/tcc/tcc/data/lfw/lfw-funneled/Nancy_Pelosi/Nancy_Pelosi_0006.jpg,/home/anitadonato/tcc/tcc/data/lfw/lfw-funneled/Nancy_Pelosi/Nancy_Pelosi_0012.jpg,0.5068108858230841,1
/home/anitadonato/tcc/tcc/data/lfw/lfw-funneled/Nancy_Pelosi/Nancy_Pelosi_0006.jpg,/home/anitadonato/tcc/tcc/data/lfw/lfw-funneled/Nancy_Pelosi/Nancy_Pelosi_0005.jpg,0.5171753694464559,1
/home/anitadonato/tcc/tcc/data/lfw/lfw-funneled/Nancy_Pelosi/Nancy_Pelosi_0006.jpg,/home/anitadonato/tcc/tcc/data/lfw/lfw-funneled/Nancy_Pelosi/Nancy_Pelosi_0009.jpg,0.47243793976715753,1
/home/anitadonato/tcc/tcc/data/lfw/lfw-funneled/Nancy_Pelosi/Nancy_Pelosi_0007.jpg,/home/anitadonato/tcc/tcc/data/lfw/lfw-funneled/Nancy_Pelosi/Nancy_Pelosi_0012.jpg,0.4194502508454052,1
/home/anitadonato/tcc/tcc/data/lfw/lfw-funneled/Nancy_Pelosi/Nancy_Pelosi_0007.jpg,/home/anitadonato/tcc/tcc/data/lfw/lfw-funneled/Nancy_Pelosi/Nancy_Pelosi_0005.jpg,0.33814032441462033,1
/home/anitadonato/tcc/tcc/data/lfw/lfw-funneled/Nancy_Pelosi/Nancy_Pelosi_0007.jpg,/home/anitadonato/tcc/tcc/data/lfw/lfw-funneled/Nancy_Pelosi/Nancy_Pelosi_0009.jpg,0.4558909539727698,1
/home/anitadonato/tcc/tcc/data/lfw/lfw-funneled/Nancy_Pelosi/Nancy_Pelosi_0012.jpg,/home/anitadonato/tcc/tcc/data/lfw/lfw-funneled/Nancy_Pelosi/Nancy_Pelosi_0005.jpg,0.42828586537351787,1
/home/anitadonato/tcc/tcc/data/lfw/lfw-funneled/Nancy_Pelosi/Nancy_Pelosi_0012.jpg,/home/anitadonato/tcc/tcc/data/lfw/lfw-funneled/Nancy_Pelosi/Nancy_Pelosi_0009.jpg,0.3612587416683902,1
/home/anitadonato/tcc/tcc/data/lfw/lfw-funneled/Nancy_Pelosi/Nancy_Pelosi_0005.jpg,/home/anitadonato/tcc/tcc/data/lfw/lfw-funneled/Nancy_Pelosi/Nancy_Pelosi_0009.jpg,0.40685421005187555,1
/home/anitadonato/tcc/tcc/data/lfw/lfw-funneled/Tony_Blair/Tony_Blair_0033.jpg,/home/anitadonato/tcc/tcc/data/lfw/lfw-funneled/Tony_Blair/Tony_Blair_0050.jpg,0.5261907110264752,1
/home/anitadonato/tcc/tcc/data/lfw/lfw-funneled/Tony_Blair/Tony_Blair_0033.jpg,/home/anitadonato/tcc/tcc/data/lfw/lfw-funneled/Tony_Blair/Tony_Blair_0108.jpg,0.5776279523631364,1
/home/anitadonato/tcc/tcc/data/lfw/lfw-funneled/Tony_Blair/Tony_Blair_0033.jpg,/home/anitadonato/tcc/tcc/data/lfw/lfw-funneled/Tony_Blair/Tony_Blair_0098.jpg,0.4877655869598816,1
/home/anitadonato/tcc/tcc/data/lfw/lfw-funneled/Tony_Blair/Tony_Blair_0033.jpg,/home/anitadonato/tcc/tcc/data/lfw/lfw-funneled/Tony_Blair/Tony_Blair_0045.jpg,0.5393691524507364,1
/home/anitadonato/tcc/tcc/data/lfw/lfw-funneled/Tony_Blair/Tony_Blair_0050.jpg,/home/anitadonato/tcc/tcc/data/lfw/lfw-funneled/Tony_Blair/Tony_Blair_0108.jpg,0.530233876550238,1
/home/anitadonato/tcc/tcc/data/lfw/lfw-funneled/Tony_Blair/Tony_Blair_0050.jpg,/home/anitadonato/tcc/tcc/data/lfw/lfw-funneled/Tony_Blair/Tony_Blair_0098.jpg,0.5337106700788271,1
/home/anitadonato/tcc/tcc/data/lfw/lfw-funneled/Tony_Blair/Tony_Blair_0050.jpg,/home/anitadonato/tcc/tcc/data/lfw/lfw-funneled/Tony_Blair/Tony_Blair_0045.jpg,0.5589045105471382,1
/home/anitadonato/tcc/tcc/data/lfw/lfw-funneled/Tony_Blair/Tony_Blair_0108.jpg,/home/anitadonato/tcc/tcc/data/lfw/lfw-funneled/Tony_Blair/Tony_Blair_0098.jpg,0.6946079136639691,1
/home/anitadonato/tcc/tcc/data/lfw/lfw-funneled/Tony_Blair/Tony_Blair_0108.jpg,/home/anitadonato/tcc/tcc/data/lfw/lfw-funneled/Tony_Blair/Tony_Blair_0045.jpg,0.6357413997823285,1
/home/anitadonato/tcc/tcc/data/lfw/lfw-funneled/Tony_Blair/Tony_Blair_0098.jpg,/home/anitadonato/tcc/tcc/data/lfw/lfw-funneled/Tony_Blair/Tony_Blair_0045.jpg,0.5587468482467741,1
/home/anitadonato/tcc/tcc/data/lfw/lfw-funneled/Jean-Pierre_Raffarin/Jean-Pierre_Raffarin_0005.jpg,/home/anitadonato/tcc/tcc/data/lfw/lfw-funneled/Jean-Pierre_Raffarin/Jean-Pierre_Raffarin_0007.jpg,0.48998272829737616,1
/home/anitadonato/tcc/tcc/data/lfw/lfw-funneled/Jean-Pierre_Raffarin/Jean-Pierre_Raffarin_0005.jpg,/home/anitadonato/tcc/tcc/data/lfw/lfw-funneled/Jean-Pierre_Raffarin/Jean-Pierre_Raffarin_0003.jpg,0.4319015187130567,1
/home/anitadonato/tcc/tcc/data/lfw/lfw-funneled/Jean-Pierre_Raffarin/Jean-Pierre_Raffarin_0005.jpg,/home/anitadonato/tcc/tcc/data/lfw/lfw-funneled/Jean-Pierre_Raffarin/Jean-Pierre_Raffarin_0004.jpg,0.4321705461370115,1
/home/anitadonato/tcc/tcc/data/lfw/lfw-funneled/Jean-Pierre_Raffarin/Jean-Pierre_Raffarin_0005.jpg,/home/anitadonato/tcc/tcc/data/lfw/lfw-funneled/Jean-Pierre_Raffarin/Jean-Pierre_Raffarin_0006.jpg,0.5298082927260246,1
/home/anitadonato/tcc/tcc/data/lfw/lfw-funneled/Jean-Pierre_Raffarin/Jean-Pierre_Raffarin_0007.jpg,/home/anitadonato/tcc/tcc/data/lfw/lfw-funneled/Jean-Pierre_Raffarin/Jean-Pierre_Raffarin_0003.jpg,0.5437249041029529,1
/home/anitadonato/tcc/tcc/data/lfw/lfw-funneled/Jean-Pierre_Raffarin/Jean-Pierre_Raffarin_0007.jpg,/home/anitadonato/tcc/tcc/data/lfw/lfw-funneled/Jean-Pierre_Raffarin/Jean-Pierre_Raffarin_0004.jpg,0.4370772337269978,1
/home/anitadonato/tcc/tcc/data/lfw/lfw-funneled/Jean-Pierre_Raffarin/Jean-Pierre_Raffarin_0007.jpg,/home/anitadonato/tcc/tcc/data/lfw/lfw-funneled/Jean-Pierre_Raffarin/Jean-Pierre_Raffarin_0006.jpg,0.42867755718807404,1
/home/anitadonato/tcc/tcc/data/lfw/lfw-funneled/Jean-Pierre_Raffarin/Jean-Pierre_Raffarin_0003.jpg,/home/anitadonato/tcc/tcc/data/lfw/lfw-funneled/Jean-Pierre_Raffarin/Jean-Pierre_Raffarin_0004.jpg,0.44012245829186186,1
/home/anitadonato/tcc/tcc/data/lfw/lfw-funneled/Jean-Pierre_Raffarin/Jean-Pierre_Raffarin_0003.jpg,/home/anitadonato/tcc/tcc/data/lfw/lfw-funneled/Jean-Pierre_Raffarin/Jean-Pierre_Raffarin_0006.jpg,0.5334501093421983,1
/home/anitadonato/tcc/tcc/data/lfw/lfw-funneled/Jean-Pierre_Raffarin/Jean-Pierre_Raffarin_0004.jpg,/home/anitadonato/tcc/tcc/data/lfw/lfw-funneled/Jean-Pierre_Raffarin/Jean-Pierre_Raffarin_0006.jpg,0.5259712035080927,1
/home/anitadonato/tcc/tcc/data/lfw/lfw-funneled/Arminio_Fraga/Arminio_Fraga_0001.jpg,/home/anitadonato/tcc/tcc/data/lfw/lfw-funneled/Arminio_Fraga/Arminio_Fraga_0003.jpg,0.3974472552175935,1
/home/anitadonato/tcc/tcc/data/lfw/lfw-funneled/Arminio_Fraga/Arminio_Fraga_0001.jpg,/home/anitadonato/tcc/tcc/data/lfw/lfw-funneled/Arminio_Fraga/Arminio_Fraga_0005.jpg,0.33568016580951365,1
/home/anitadonato/tcc/tcc/data/lfw/lfw-funneled/Arminio_Fraga/Arminio_Fraga_0001.jpg,/home/anitadonato/tcc/tcc/data/lfw/lfw-funneled/Arminio_Fraga/Arminio_Fraga_0006.jpg,0.41123783810939696,1
/home/anitadonato/tcc/tcc/data/lfw/lfw-funneled/Arminio_Fraga/Arminio_Fraga_0001.jpg,/home/anitadonato/tcc/tcc/data/lfw/lfw-funneled/Arminio_Fraga/Arminio_Fraga_0002.jpg,0.35105366551093015,1
/home/anitadonato/tcc/tcc/data/lfw/lfw-funneled/Arminio_Fraga/Arminio_Fraga_0003.jpg,/home/anitadonato/tcc/tcc/data/lfw/lfw-funneled/Arminio_Fraga/Arminio_Fraga_0005.jpg,0.3196887487074002,1
/home/anitadonato/tcc/tcc/data/lfw/lfw-funneled/Arminio_Fraga/Arminio_Fraga_0003.jpg,/home/anitadonato/tcc/tcc/data/lfw/lfw-funneled/Arminio_Fraga/Arminio_Fraga_0006.jpg,0.36418287045095016,1
/home/anitadonato/tcc/tcc/data/lfw/lfw-funneled/Arminio_Fraga/Arminio_Fraga_0003.jpg,/home/anitadonato/tcc/tcc/data/lfw/lfw-funneled/Arminio_Fraga/Arminio_Fraga_0002.jpg,0.44990015040816017,1
/home/anitadonato/tcc/tcc/data/lfw/lfw-funneled/Arminio_Fraga/Arminio_Fraga_0005.jpg,/home/anitadonato/tcc/tcc/data/lfw/lfw-funneled/Arminio_Fraga/Arminio_Fraga_0006.jpg,0.371398607884575,1
/home/anitadonato/tcc/tcc/data/lfw/lfw-funneled/Arminio_Fraga/Arminio_Fraga_0005.jpg,/home/anitadonato/tcc/tcc/data/lfw/lfw-funneled/Arminio_Fraga/Arminio_Fraga_0002.jpg,0.35487911293788127,1
/home/anitadonato/tcc/tcc/data/lfw/lfw-funneled/Arminio_Fraga/Arminio_Fraga_0006.jpg,/home/anitadonato/tcc/tcc/data/lfw/lfw-funneled/Arminio_Fraga/Arminio_Fraga_0002.jpg,0.46446731888343,1
/home/anitadonato/tcc/tcc/data/lfw/lfw-funneled/George_Lopez/George_Lopez_0005.jpg,/home/anitadonato/tcc/tcc/data/lfw/lfw-funneled/George_Lopez/George_Lopez_0003.jpg,0.36791613070666873,1
/home/anitadonato/tcc/tcc/data/lfw/lfw-funneled/George_Lopez/George_Lopez_0005.jpg,/home/anitadonato/tcc/tcc/data/lfw/lfw-funneled/George_Lopez/George_Lopez_0002.jpg,0.40074936185515314,1
/home/anitadonato/tcc/tcc/data/lfw/lfw-funneled/George_Lopez/George_Lopez_0005.jpg,/home/anitadonato/tcc/tcc/data/lfw/lfw-funneled/George_Lopez/George_Lopez_0004.jpg,0.2556190169526908,1
/home/anitadonato/tcc/tcc/data/lfw/lfw-funneled/George_Lopez/George_Lopez_0005.jpg,/home/anitadonato/tcc/tcc/data/lfw/lfw-funneled/George_Lopez/George_Lopez_0001.jpg,0.3486950089879228,1
/home/anitadonato/tcc/tcc/data/lfw/lfw-funneled/George_Lopez/George_Lopez_0003.jpg,/home/anitadonato/tcc/tcc/data/lfw/lfw-funneled/George_Lopez/George_Lopez_0002.jpg,0.43512204702179497,1
/home/anitadonato/tcc/tcc/data/lfw/lfw-funneled/George_Lopez/George_Lopez_0003.jpg,/home/anitadonato/tcc/tcc/data/lfw/lfw-funneled/George_Lopez/George_Lopez_0004.jpg,0.40685055376834955,1
/home/anitadonato/tcc/tcc/data/lfw/lfw-funneled/George_Lopez/George_Lopez_0003.jpg,/home/anitadonato/tcc/tcc/data/lfw/lfw-funneled/George_Lopez/George_Lopez_0001.jpg,0.35147741340905664,1
/home/anitadonato/tcc/tcc/data/lfw/lfw-funneled/George_Lopez/George_Lopez_0002.jpg,/home/anitadonato/tcc/tcc/data/lfw/lfw-funneled/George_Lopez/George_Lopez_0004.jpg,0.45558820944685036,1
/home/anitadonato/tcc/tcc/data/lfw/lfw-funneled/George_Lopez/George_Lopez_0002.jpg,/home/anitadonato/tcc/tcc/data/lfw/lfw-funneled/George_Lopez/George_Lopez_0001.jpg,0.47020943167984686,1
/home/anitadonato/tcc/tcc/data/lfw/lfw-funneled/George_Lopez/George_Lopez_0004.jpg,/home/anitadonato/tcc/tcc/data/lfw/lfw-funneled/George_Lopez/George_Lopez_0001.jpg,0.37920972769786654,1
/home/anitadonato/tcc/tcc/data/lfw/lfw-funneled/Walter_Mondale/Walter_Mondale_0004.jpg,/home/anitadonato/tcc/tcc/data/lfw/lfw-funneled/Walter_Mondale/Walter_Mondale_0009.jpg,0.34889017170236775,1
/home/anitadonato/tcc/tcc/data/lfw/lfw-funneled/Walter_Mondale/Walter_Mondale_0004.jpg,/home/anitadonato/tcc/tcc/data/lfw/lfw-funneled/Walter_Mondale/Walter_Mondale_0008.jpg,0.38982569268859923,1
/home/anitadonato/tcc/tcc/data/lfw/lfw-funneled/Walter_Mondale/Walter_Mondale_0004.jpg,/home/anitadonato/tcc/tcc/data/lfw/lfw-funneled/Walter_Mondale/Walter_Mondale_0007.jpg,0.3096067718884113,1
/home/anitadonato/tcc/tcc/data/lfw/lfw-funneled/Walter_Mondale/Walter_Mondale_0004.jpg,/home/anitadonato/tcc/tcc/data/lfw/lfw-funneled/Walter_Mondale/Walter_Mondale_0006.jpg,0.5369693728607852,1
/home/anitadonato/tcc/tcc/data/lfw/lfw-funneled/Walter_Mondale/Walter_Mondale_0009.jpg,/home/anitadonato/tcc/tcc/data/lfw/lfw-funneled/Walter_Mondale/Walter_Mondale_0008.jpg,0.3399904658173404,1
/home/anitadonato/tcc/tcc/data/lfw/lfw-funneled/Walter_Mondale/Walter_Mondale_0009.jpg,/home/anitadonato/tcc/tcc/data/lfw/lfw-funneled/Walter_Mondale/Walter_Mondale_0007.jpg,0.3996519958940497,1
/home/anitadonato/tcc/tcc/data/lfw/lfw-funneled/Walter_Mondale/Walter_Mondale_0009.jpg,/home/anitadonato/tcc/tcc/data/lfw/lfw-funneled/Walter_Mondale/Walter_Mondale_0006.jpg,0.5913966858270076,1
/home/anitadonato/tcc/tcc/data/lfw/lfw-funneled/Walter_Mondale/Walter_Mondale_0008.jpg,/home/anitadonato/tcc/tcc/data/lfw/lfw-funneled/Walter_Mondale/Walter_Mondale_0007.jpg,0.4483304365673446,1
/home/anitadonato/tcc/tcc/data/lfw/lfw-funneled/Walter_Mondale/Walter_Mondale_0008.jpg,/home/anitadonato/tcc/tcc/data/lfw/lfw-funneled/Walter_Mondale/Walter_Mondale_0006.jpg,0.5570056105713282,1
/home/anitadonato/tcc/tcc/data/lfw/lfw-funneled/Walter_Mondale/Walter_Mondale_0007.jpg,/home/anitadonato/tcc/tcc/data/lfw/lfw-funneled/Walter_Mondale/Walter_Mondale_0006.jpg,0.5572465372512484,1
/home/anitadonato/tcc/tcc/data/lfw/lfw-funneled/Jan_Ullrich/Jan_Ullrich_0002.jpg,/home/anitadonato/tcc/tcc/data/lfw/lfw-funneled/Jan_Ullrich/Jan_Ullrich_0001.jpg,0.49941535608054094,1
/home/anitadonato/tcc/tcc/data/lfw/lfw-funneled/Jan_Ullrich/Jan_Ullrich_0002.jpg,/home/anitadonato/tcc/tcc/data/lfw/lfw-funneled/Jan_Ullrich/Jan_Ullrich_0003.jpg,0.23266170563673755,1
/home/anitadonato/tcc/tcc/data/lfw/lfw-funneled/Jan_Ullrich/Jan_Ullrich_0002.jpg,/home/anitadonato/tcc/tcc/data/lfw/lfw-funneled/Jan_Ullrich/Jan_Ullrich_0004.jpg,0.41068641507956405,1
/home/anitadonato/tcc/tcc/data/lfw/lfw-funneled/Jan_Ullrich/Jan_Ullrich_0002.jpg,/home/anitadonato/tcc/tcc/data/lfw/lfw-funneled/Jan_Ullrich/Jan_Ullrich_0006.jpg,0.4655252347025714,1
/home/anitadonato/tcc/tcc/data/lfw/lfw-funneled/Jan_Ullrich/Jan_Ullrich_0001.jpg,/home/anitadonato/tcc/tcc/data/lfw/lfw-funneled/Jan_Ullrich/Jan_Ullrich_0003.jpg,0.48616224158286725,1
/home/anitadonato/tcc/tcc/data/lfw/lfw-funneled/Jan_Ullrich/Jan_Ullrich_0001.jpg,/home/anitadonato/tcc/tcc/data/lfw/lfw-funneled/Jan_Ullrich/Jan_Ullrich_0004.jpg,0.4927408439678737,1
/home/anitadonato/tcc/tcc/data/lfw/lfw-funneled/Jan_Ullrich/Jan_Ullrich_0001.jpg,/home/anitadonato/tcc/tcc/data/lfw/lfw-funneled/Jan_Ullrich/Jan_Ullrich_0006.jpg,0.44087003574248845,1
/home/anitadonato/tcc/tcc/data/lfw/lfw-funneled/Jan_Ullrich/Jan_Ullrich_0003.jpg,/home/anitadonato/tcc/tcc/data/lfw/lfw-funneled/Jan_Ullrich/Jan_Ullrich_0004.jpg,0.3814528970327704,1
/home/anitadonato/tcc/tcc/data/lfw/lfw-funneled/Jan_Ullrich/Jan_Ullrich_0003.jpg,/home/anitadonato/tcc/tcc/data/lfw/lfw-funneled/Jan_Ullrich/Jan_Ullrich_0006.jpg,0.42958413671672274,1
/home/anitadonato/tcc/tcc/data/lfw/lfw-funneled/Jan_Ullrich/Jan_Ullrich_0004.jpg,/home/anitadonato/tcc/tcc/data/lfw/lfw-funneled/Jan_Ullrich/Jan_Ullrich_0006.jpg,0.5270304537110301,1
/home/anitadonato/tcc/tcc/data/lfw/lfw-funneled/Juan_Carlos_Ferrero/Juan_Carlos_Ferrero_0003.jpg,/home/anitadonato/tcc/tcc/data/lfw/lfw-funneled/Juan_Carlos_Ferrero/Juan_Carlos_Ferrero_0027.jpg,0.4554246381446772,1
/home/anitadonato/tcc/tcc/data/lfw/lfw-funneled/Juan_Carlos_Ferrero/Juan_Carlos_Ferrero_0003.jpg,/home/anitadonato/tcc/tcc/data/lfw/lfw-funneled/Juan_Carlos_Ferrero/Juan_Carlos_Ferrero_0025.jpg,0.47929335101378584,1
/home/anitadonato/tcc/tcc/data/lfw/lfw-funneled/Juan_Carlos_Ferrero/Juan_Carlos_Ferrero_0003.jpg,/home/anitadonato/tcc/tcc/data/lfw/lfw-funneled/Juan_Carlos_Ferrero/Juan_Carlos_Ferrero_0008.jpg,0.5157706648797326,1
/home/anitadonato/tcc/tcc/data/lfw/lfw-funneled/Juan_Carlos_Ferrero/Juan_Carlos_Ferrero_0003.jpg,/home/anitadonato/tcc/tcc/data/lfw/lfw-funneled/Juan_Carlos_Ferrero/Juan_Carlos_Ferrero_0022.jpg,0.406391737058925,1
/home/anitadonato/tcc/tcc/data/lfw/lfw-funneled/Juan_Carlos_Ferrero/Juan_Carlos_Ferrero_0027.jpg,/home/anitadonato/tcc/tcc/data/lfw/lfw-funneled/Juan_Carlos_Ferrero/Juan_Carlos_Ferrero_0025.jpg,0.43401705664832174,1
/home/anitadonato/tcc/tcc/data/lfw/lfw-funneled/Juan_Carlos_Ferrero/Juan_Carlos_Ferrero_0027.jpg,/home/anitadonato/tcc/tcc/data/lfw/lfw-funneled/Juan_Carlos_Ferrero/Juan_Carlos_Ferrero_0008.jpg,0.5768115522755204,1
/home/anitadonato/tcc/tcc/data/lfw/lfw-funneled/Juan_Carlos_Ferrero/Juan_Carlos_Ferrero_0027.jpg,/home/anitadonato/tcc/tcc/data/lfw/lfw-funneled/Juan_Carlos_Ferrero/Juan_Carlos_Ferrero_0022.jpg,0.5638216934098006,1
/home/anitadonato/tcc/tcc/data/lfw/lfw-funneled/Juan_Carlos_Ferrero/Juan_Carlos_Ferrero_0025.jpg,/home/anitadonato/tcc/tcc/data/lfw/lfw-funneled/Juan_Carlos_Ferrero/Juan_Carlos_Ferrero_0008.jpg,0.5419380914958642,1
/home/anitadonato/tcc/tcc/data/lfw/lfw-funneled/Juan_Carlos_Ferrero/Juan_Carlos_Ferrero_0025.jpg,/home/anitadonato/tcc/tcc/data/lfw/lfw-funneled/Juan_Carlos_Ferrero/Juan_Carlos_Ferrero_0022.jpg,0.5120190807658299,1
/home/anitadonato/tcc/tcc/data/lfw/lfw-funneled/Juan_Carlos_Ferrero/Juan_Carlos_Ferrero_0008.jpg,/home/anitadonato/tcc/tcc/data/lfw/lfw-funneled/Juan_Carlos_Ferrero/Juan_Carlos_Ferrero_0022.jpg,0.608949047222026,1
/home/anitadonato/tcc/tcc/data/lfw/lfw-funneled/Hamid_Karzai/Hamid_Karzai_0010.jpg,/home/anitadonato/tcc/tcc/data/lfw/lfw-funneled/Hamid_Karzai/Hamid_Karzai_0008.jpg,0.4293002397052412,1
/home/anitadonato/tcc/tcc/data/lfw/lfw-funneled/Hamid_Karzai/Hamid_Karzai_0010.jpg,/home/anitadonato/tcc/tcc/data/lfw/lfw-funneled/Hamid_Karzai/Hamid_Karzai_0007.jpg,0.37216148078833455,1
/home/anitadonato/tcc/tcc/data/lfw/lfw-funneled/Hamid_Karzai/Hamid_Karzai_0010.jpg,/home/anitadonato/tcc/tcc/data/lfw/lfw-funneled/Hamid_Karzai/Hamid_Karzai_0005.jpg,0.3611008296184423,1
/home/anitadonato/tcc/tcc/data/lfw/lfw-funneled/Hamid_Karzai/Hamid_Karzai_0010.jpg,/home/anitadonato/tcc/tcc/data/lfw/lfw-funneled/Hamid_Karzai/Hamid_Karzai_0001.jpg,0.45171864815888746,1
/home/anitadonato/tcc/tcc/data/lfw/lfw-funneled/Hamid_Karzai/Hamid_Karzai_0008.jpg,/home/anitadonato/tcc/tcc/data/lfw/lfw-funneled/Hamid_Karzai/Hamid_Karzai_0007.jpg,0.32726226716650547,1
/home/anitadonato/tcc/tcc/data/lfw/lfw-funneled/Hamid_Karzai/Hamid_Karzai_0008.jpg,/home/anitadonato/tcc/tcc/data/lfw/lfw-funneled/Hamid_Karzai/Hamid_Karzai_0005.jpg,0.36521107876512254,1
/home/anitadonato/tcc/tcc/data/lfw/lfw-funneled/Hamid_Karzai/Hamid_Karzai_0008.jpg,/home/anitadonato/tcc/tcc/data/lfw/lfw-funneled/Hamid_Karzai/Hamid_Karzai_0001.jpg,0.5033647550902219,1
/home/anitadonato/tcc/tcc/data/lfw/lfw-funneled/Hamid_Karzai/Hamid_Karzai_0007.jpg,/home/anitadonato/tcc/tcc/data/lfw/lfw-funneled/Hamid_Karzai/Hamid_Karzai_0005.jpg,0.3831827731539453,1
/home/anitadonato/tcc/tcc/data/lfw/lfw-funneled/Hamid_Karzai/Hamid_Karzai_0007.jpg,/home/anitadonato/tcc/tcc/data/lfw/lfw-funneled/Hamid_Karzai/Hamid_Karzai_0001.jpg,0.47680152052334973,1
/home/anitadonato/tcc/tcc/data/lfw/lfw-funneled/Hamid_Karzai/Hamid_Karzai_0005.jpg,/home/anitadonato/tcc/tcc/data/lfw/lfw-funneled/Hamid_Karzai/Hamid_Karzai_0001.jpg,0.5096699860872026,1
/home/anitadonato/tcc/tcc/data/lfw/lfw-funneled/Ben_Affleck/Ben_Affleck_0001.jpg,/home/anitadonato/tcc/tcc/data/lfw/lfw-funneled/Ben_Affleck/Ben_Affleck_0002.jpg,0.41044208626090556,1
/home/anitadonato/tcc/tcc/data/lfw/lfw-funneled/Ben_Affleck/Ben_Affleck_0001.jpg,/home/anitadonato/tcc/tcc/data/lfw/lfw-funneled/Ben_Affleck/Ben_Affleck_0004.jpg,0.50599811784173,1
/home/anitadonato/tcc/tcc/data/lfw/lfw-funneled/Ben_Affleck/Ben_Affleck_0001.jpg,/home/anitadonato/tcc/tcc/data/lfw/lfw-funneled/Ben_Affleck/Ben_Affleck_0007.jpg,0.4151423721148536,1
/home/anitadonato/tcc/tcc/data/lfw/lfw-funneled/Ben_Affleck/Ben_Affleck_0001.jpg,/home/anitadonato/tcc/tcc/data/lfw/lfw-funneled/Ben_Affleck/Ben_Affleck_0006.jpg,0.5025540340439953,1
/home/anitadonato/tcc/tcc/data/lfw/lfw-funneled/Ben_Affleck/Ben_Affleck_0002.jpg,/home/anitadonato/tcc/tcc/data/lfw/lfw-funneled/Ben_Affleck/Ben_Affleck_0004.jpg,0.4299391321402194,1
/home/anitadonato/tcc/tcc/data/lfw/lfw-funneled/Ben_Affleck/Ben_Affleck_0002.jpg,/home/anitadonato/tcc/tcc/data/lfw/lfw-funneled/Ben_Affleck/Ben_Affleck_0007.jpg,0.4441972425468601,1
/home/anitadonato/tcc/tcc/data/lfw/lfw-funneled/Ben_Affleck/Ben_Affleck_0002.jpg,/home/anitadonato/tcc/tcc/data/lfw/lfw-funneled/Ben_Affleck/Ben_Affleck_0006.jpg,0.35379550414230615,1
/home/anitadonato/tcc/tcc/data/lfw/lfw-funneled/Ben_Affleck/Ben_Affleck_0004.jpg,/home/anitadonato/tcc/tcc/data/lfw/lfw-funneled/Ben_Affleck/Ben_Affleck_0007.jpg,0.5571568689631621,1
/home/anitadonato/tcc/tcc/data/lfw/lfw-funneled/Ben_Affleck/Ben_Affleck_0004.jpg,/home/anitadonato/tcc/tcc/data/lfw/lfw-funneled/Ben_Affleck/Ben_Affleck_0006.jpg,0.43242245661959894,1
/home/anitadonato/tcc/tcc/data/lfw/lfw-funneled/Ben_Affleck/Ben_Affleck_0007.jpg,/home/anitadonato/tcc/tcc/data/lfw/lfw-funneled/Ben_Affleck/Ben_Affleck_0006.jpg,0.5115125155192402,1
/home/anitadonato/tcc/tcc/data/lfw/lfw-funneled/Fernando_Gonzalez/Fernando_Gonzalez_0007.jpg,/home/anitadonato/tcc/tcc/data/lfw/lfw-funneled/Fernando_Gonzalez/Fernando_Gonzalez_0004.jpg,0.48753340643046983,1
/home/anitadonato/tcc/tcc/data/lfw/lfw-funneled/Fernando_Gonzalez/Fernando_Gonzalez_0007.jpg,/home/anitadonato/tcc/tcc/data/lfw/lfw-funneled/Fernando_Gonzalez/Fernando_Gonzalez_0006.jpg,0.5062025489521533,1
/home/anitadonato/tcc/tcc/data/lfw/lfw-funneled/Fernando_Gonzalez/Fernando_Gonzalez_0007.jpg,/home/anitadonato/tcc/tcc/data/lfw/lfw-funneled/Fernando_Gonzalez/Fernando_Gonzalez_0009.jpg,0.4744610973186433,1
/home/anitadonato/tcc/tcc/data/lfw/lfw-funneled/Fernando_Gonzalez/Fernando_Gonzalez_0007.jpg,/home/anitadonato/tcc/tcc/data/lfw/lfw-funneled/Fernando_Gonzalez/Fernando_Gonzalez_0008.jpg,0.4487064173733184,1
/home/anitadonato/tcc/tcc/data/lfw/lfw-funneled/Fernando_Gonzalez/Fernando_Gonzalez_0004.jpg,/home/anitadonato/tcc/tcc/data/lfw/lfw-funneled/Fernando_Gonzalez/Fernando_Gonzalez_0006.jpg,0.3732239932748645,1
/home/anitadonato/tcc/tcc/data/lfw/lfw-funneled/Fernando_Gonzalez/Fernando_Gonzalez_0004.jpg,/home/anitadonato/tcc/tcc/data/lfw/lfw-funneled/Fernando_Gonzalez/Fernando_Gonzalez_0009.jpg,0.42584125973106185,1
/home/anitadonato/tcc/tcc/data/lfw/lfw-funneled/Fernando_Gonzalez/Fernando_Gonzalez_0004.jpg,/home/anitadonato/tcc/tcc/data/lfw/lfw-funneled/Fernando_Gonzalez/Fernando_Gonzalez_0008.jpg,0.5591195759905568,1
/home/anitadonato/tcc/tcc/data/lfw/lfw-funneled/Fernando_Gonzalez/Fernando_Gonzalez_0006.jpg,/home/anitadonato/tcc/tcc/data/lfw/lfw-funneled/Fernando_Gonzalez/Fernando_Gonzalez_0009.jpg,0.5033506552883938,1
/home/anitadonato/tcc/tcc/data/lfw/lfw-funneled/Fernando_Gonzalez/Fernando_Gonzalez_0006.jpg,/home/anitadonato/tcc/tcc/data/lfw/lfw-funneled/Fernando_Gonzalez/Fernando_Gonzalez_0008.jpg,0.55248630178335,1
/home/anitadonato/tcc/tcc/data/lfw/lfw-funneled/Fernando_Gonzalez/Fernando_Gonzalez_0009.jpg,/home/anitadonato/tcc/tcc/data/lfw/lfw-funneled/Fernando_Gonzalez/Fernando_Gonzalez_0008.jpg,0.57588274060747,1
/home/anitadonato/tcc/tcc/data/lfw/lfw-funneled/Nia_Vardalos/Nia_Vardalos_0004.jpg,/home/anitadonato/tcc/tcc/data/lfw/lfw-funneled/Nia_Vardalos/Nia_Vardalos_0005.jpg,0.4188821484469394,1
/home/anitadonato/tcc/tcc/data/lfw/lfw-funneled/Nia_Vardalos/Nia_Vardalos_0004.jpg,/home/anitadonato/tcc/tcc/data/lfw/lfw-funneled/Nia_Vardalos/Nia_Vardalos_0001.jpg,0.39320243667345167,1
/home/anitadonato/tcc/tcc/data/lfw/lfw-funneled/Nia_Vardalos/Nia_Vardalos_0004.jpg,/home/anitadonato/tcc/tcc/data/lfw/lfw-funneled/Nia_Vardalos/Nia_Vardalos_0003.jpg,0.5242422339342748,1
/home/anitadonato/tcc/tcc/data/lfw/lfw-funneled/Nia_Vardalos/Nia_Vardalos_0004.jpg,/home/anitadonato/tcc/tcc/data/lfw/lfw-funneled/Nia_Vardalos/Nia_Vardalos_0002.jpg,0.3515815308596692,1
/home/anitadonato/tcc/tcc/data/lfw/lfw-funneled/Nia_Vardalos/Nia_Vardalos_0005.jpg,/home/anitadonato/tcc/tcc/data/lfw/lfw-funneled/Nia_Vardalos/Nia_Vardalos_0001.jpg,0.3417573350593793,1
/home/anitadonato/tcc/tcc/data/lfw/lfw-funneled/Nia_Vardalos/Nia_Vardalos_0005.jpg,/home/anitadonato/tcc/tcc/data/lfw/lfw-funneled/Nia_Vardalos/Nia_Vardalos_0003.jpg,0.4445830408864223,1
/home/anitadonato/tcc/tcc/data/lfw/lfw-funneled/Nia_Vardalos/Nia_Vardalos_0005.jpg,/home/anitadonato/tcc/tcc/data/lfw/lfw-funneled/Nia_Vardalos/Nia_Vardalos_0002.jpg,0.349480848264589,1
/home/anitadonato/tcc/tcc/data/lfw/lfw-funneled/Nia_Vardalos/Nia_Vardalos_0001.jpg,/home/anitadonato/tcc/tcc/data/lfw/lfw-funneled/Nia_Vardalos/Nia_Vardalos_0003.jpg,0.39162461501296786,1
/home/anitadonato/tcc/tcc/data/lfw/lfw-funneled/Nia_Vardalos/Nia_Vardalos_0001.jpg,/home/anitadonato/tcc/tcc/data/lfw/lfw-funneled/Nia_Vardalos/Nia_Vardalos_0002.jpg,0.2714556796152551,1
/home/anitadonato/tcc/tcc/data/lfw/lfw-funneled/Nia_Vardalos/Nia_Vardalos_0003.jpg,/home/anitadonato/tcc/tcc/data/lfw/lfw-funneled/Nia_Vardalos/Nia_Vardalos_0002.jpg,0.45949162228440926,1
/home/anitadonato/tcc/tcc/data/lfw/lfw-funneled/Silvan_Shalom/Silvan_Shalom_0001.jpg,/home/anitadonato/tcc/tcc/data/lfw/lfw-funneled/Silvan_Shalom/Silvan_Shalom_0004.jpg,0.617609111749162,1
/home/anitadonato/tcc/tcc/data/lfw/lfw-funneled/Silvan_Shalom/Silvan_Shalom_0001.jpg,/home/anitadonato/tcc/tcc/data/lfw/lfw-funneled/Silvan_Shalom/Silvan_Shalom_0002.jpg,0.4236431422100496,1
/home/anitadonato/tcc/tcc/data/lfw/lfw-funneled/Silvan_Shalom/Silvan_Shalom_0001.jpg,/home/anitadonato/tcc/tcc/data/lfw/lfw-funneled/Silvan_Shalom/Silvan_Shalom_0006.jpg,0.4304039656956695,1
/home/anitadonato/tcc/tcc/data/lfw/lfw-funneled/Silvan_Shalom/Silvan_Shalom_0001.jpg,/home/anitadonato/tcc/tcc/data/lfw/lfw-funneled/Silvan_Shalom/Silvan_Shalom_0005.jpg,0.46205777851869795,1
/home/anitadonato/tcc/tcc/data/lfw/lfw-funneled/Silvan_Shalom/Silvan_Shalom_0004.jpg,/home/anitadonato/tcc/tcc/data/lfw/lfw-funneled/Silvan_Shalom/Silvan_Shalom_0002.jpg,0.6368819405905503,1
/home/anitadonato/tcc/tcc/data/lfw/lfw-funneled/Silvan_Shalom/Silvan_Shalom_0004.jpg,/home/anitadonato/tcc/tcc/data/lfw/lfw-funneled/Silvan_Shalom/Silvan_Shalom_0006.jpg,0.6238634058053804,1
/home/anitadonato/tcc/tcc/data/lfw/lfw-funneled/Silvan_Shalom/Silvan_Shalom_0004.jpg,/home/anitadonato/tcc/tcc/data/lfw/lfw-funneled/Silvan_Shalom/Silvan_Shalom_0005.jpg,0.6315735214441671,1
/home/anitadonato/tcc/tcc/data/lfw/lfw-funneled/Silvan_Shalom/Silvan_Shalom_0002.jpg,/home/anitadonato/tcc/tcc/data/lfw/lfw-funneled/Silvan_Shalom/Silvan_Shalom_0006.jpg,0.3917423551693188,1
/home/anitadonato/tcc/tcc/data/lfw/lfw-funneled/Silvan_Shalom/Silvan_Shalom_0002.jpg,/home/anitadonato/tcc/tcc/data/lfw/lfw-funneled/Silvan_Shalom/Silvan_Shalom_0005.jpg,0.37394782348033684,1
/home/anitadonato/tcc/tcc/data/lfw/lfw-funneled/Silvan_Shalom/Silvan_Shalom_0006.jpg,/home/anitadonato/tcc/tcc/data/lfw/lfw-funneled/Silvan_Shalom/Silvan_Shalom_0005.jpg,0.2847685985698434,1
/home/anitadonato/tcc/tcc/data/lfw/lfw-funneled/Rainer_Schuettler/Rainer_Schuettler_0001.jpg,/home/anitadonato/tcc/tcc/data/lfw/lfw-funneled/Rainer_Schuettler/Rainer_Schuettler_0002.jpg,0.476602993693658,1
/home/anitadonato/tcc/tcc/data/lfw/lfw-funneled/Rainer_Schuettler/Rainer_Schuettler_0001.jpg,/home/anitadonato/tcc/tcc/data/lfw/lfw-funneled/Rainer_Schuettler/Rainer_Schuettler_0005.jpg,0.5346033970748336,1
/home/anitadonato/tcc/tcc/data/lfw/lfw-funneled/Rainer_Schuettler/Rainer_Schuettler_0001.jpg,/home/anitadonato/tcc/tcc/data/lfw/lfw-funneled/Rainer_Schuettler/Rainer_Schuettler_0004.jpg,0.5430448820842744,1
/home/anitadonato/tcc/tcc/data/lfw/lfw-funneled/Rainer_Schuettler/Rainer_Schuettler_0001.jpg,/home/anitadonato/tcc/tcc/data/lfw/lfw-funneled/Rainer_Schuettler/Rainer_Schuettler_0003.jpg,0.5824261443389714,1
/home/anitadonato/tcc/tcc/data/lfw/lfw-funneled/Rainer_Schuettler/Rainer_Schuettler_0002.jpg,/home/anitadonato/tcc/tcc/data/lfw/lfw-funneled/Rainer_Schuettler/Rainer_Schuettler_0005.jpg,0.5001806665715468,1
/home/anitadonato/tcc/tcc/data/lfw/lfw-funneled/Rainer_Schuettler/Rainer_Schuettler_0002.jpg,/home/anitadonato/tcc/tcc/data/lfw/lfw-funneled/Rainer_Schuettler/Rainer_Schuettler_0004.jpg,0.5727256463374443,1
/home/anitadonato/tcc/tcc/data/lfw/lfw-funneled/Rainer_Schuettler/Rainer_Schuettler_0002.jpg,/home/anitadonato/tcc/tcc/data/lfw/lfw-funneled/Rainer_Schuettler/Rainer_Schuettler_0003.jpg,0.5091289317229714,1
/home/anitadonato/tcc/tcc/data/lfw/lfw-funneled/Rainer_Schuettler/Rainer_Schuettler_0005.jpg,/home/anitadonato/tcc/tcc/data/lfw/lfw-funneled/Rainer_Schuettler/Rainer_Schuettler_0004.jpg,0.5183921187118768,1
/home/anitadonato/tcc/tcc/data/lfw/lfw-funneled/Rainer_Schuettler/Rainer_Schuettler_0005.jpg,/home/anitadonato/tcc/tcc/data/lfw/lfw-funneled/Rainer_Schuettler/Rainer_Schuettler_0003.jpg,0.5291789028089745,1
/home/anitadonato/tcc/tcc/data/lfw/lfw-funneled/Rainer_Schuettler/Rainer_Schuettler_0004.jpg,/home/anitadonato/tcc/tcc/data/lfw/lfw-funneled/Rainer_Schuettler/Rainer_Schuettler_0003.jpg,0.5137377976444383,1
/home/anitadonato/tcc/tcc/data/lfw/lfw-funneled/Martin_McGuinness/Martin_McGuinness_0004.jpg,/home/anitadonato/tcc/tcc/data/lfw/lfw-funneled/Martin_McGuinness/Martin_McGuinness_0003.jpg,0.3140221408509949,1
/home/anitadonato/tcc/tcc/data/lfw/lfw-funneled/Martin_McGuinness/Martin_McGuinness_0004.jpg,/home/anitadonato/tcc/tcc/data/lfw/lfw-funneled/Martin_McGuinness/Martin_McGuinness_0002.jpg,0.3550883078450062,1
/home/anitadonato/tcc/tcc/data/lfw/lfw-funneled/Martin_McGuinness/Martin_McGuinness_0004.jpg,/home/anitadonato/tcc/tcc/data/lfw/lfw-funneled/Martin_McGuinness/Martin_McGuinness_0005.jpg,0.4336979537193144,1
/home/anitadonato/tcc/tcc/data/lfw/lfw-funneled/Martin_McGuinness/Martin_McGuinness_0004.jpg,/home/anitadonato/tcc/tcc/data/lfw/lfw-funneled/Martin_McGuinness/Martin_McGuinness_0001.jpg,0.3593430164835243,1
/home/anitadonato/tcc/tcc/data/lfw/lfw-funneled/Martin_McGuinness/Martin_McGuinness_0003.jpg,/home/anitadonato/tcc/tcc/data/lfw/lfw-funneled/Martin_McGuinness/Martin_McGuinness_0002.jpg,0.4047269882121436,1
/home/anitadonato/tcc/tcc/data/lfw/lfw-funneled/Martin_McGuinness/Martin_McGuinness_0003.jpg,/home/anitadonato/tcc/tcc/data/lfw/lfw-funneled/Martin_McGuinness/Martin_McGuinness_0005.jpg,0.4298776428008111,1
/home/anitadonato/tcc/tcc/data/lfw/lfw-funneled/Martin_McGuinness/Martin_McGuinness_0003.jpg,/home/anitadonato/tcc/tcc/data/lfw/lfw-funneled/Martin_McGuinness/Martin_McGuinness_0001.jpg,0.39512146270177523,1
/home/anitadonato/tcc/tcc/data/lfw/lfw-funneled/Martin_McGuinness/Martin_McGuinness_0002.jpg,/home/anitadonato/tcc/tcc/data/lfw/lfw-funneled/Martin_McGuinness/Martin_McGuinness_0005.jpg,0.4023575817144558,1
/home/anitadonato/tcc/tcc/data/lfw/lfw-funneled/Martin_McGuinness/Martin_McGuinness_0002.jpg,/home/anitadonato/tcc/tcc/data/lfw/lfw-funneled/Martin_McGuinness/Martin_McGuinness_0001.jpg,0.34196646266949793,1
/home/anitadonato/tcc/tcc/data/lfw/lfw-funneled/Martin_McGuinness/Martin_McGuinness_0005.jpg,/home/anitadonato/tcc/tcc/data/lfw/lfw-funneled/Martin_McGuinness/Martin_McGuinness_0001.jpg,0.4131875259748625,1
/home/anitadonato/tcc/tcc/data/lfw/lfw-funneled/Jose_Maria_Aznar/Jose_Maria_Aznar_0006.jpg,/home/anitadonato/tcc/tcc/data/lfw/lfw-funneled/Jose_Maria_Aznar/Jose_Maria_Aznar_0016.jpg,0.46533195373799907,1
/home/anitadonato/tcc/tcc/data/lfw/lfw-funneled/Jose_Maria_Aznar/Jose_Maria_Aznar_0006.jpg,/home/anitadonato/tcc/tcc/data/lfw/lfw-funneled/Jose_Maria_Aznar/Jose_Maria_Aznar_0015.jpg,0.4585944513839348,1
/home/anitadonato/tcc/tcc/data/lfw/lfw-funneled/Jose_Maria_Aznar/Jose_Maria_Aznar_0006.jpg,/home/anitadonato/tcc/tcc/data/lfw/lfw-funneled/Jose_Maria_Aznar/Jose_Maria_Aznar_0009.jpg,0.46747319347800853,1
/home/anitadonato/tcc/tcc/data/lfw/lfw-funneled/Jose_Maria_Aznar/Jose_Maria_Aznar_0006.jpg,/home/anitadonato/tcc/tcc/data/lfw/lfw-funneled/Jose_Maria_Aznar/Jose_Maria_Aznar_0008.jpg,0.40268427497624487,1
/home/anitadonato/tcc/tcc/data/lfw/lfw-funneled/Jose_Maria_Aznar/Jose_Maria_Aznar_0016.jpg,/home/anitadonato/tcc/tcc/data/lfw/lfw-funneled/Jose_Maria_Aznar/Jose_Maria_Aznar_0015.jpg,0.416064870580396,1
/home/anitadonato/tcc/tcc/data/lfw/lfw-funneled/Jose_Maria_Aznar/Jose_Maria_Aznar_0016.jpg,/home/anitadonato/tcc/tcc/data/lfw/lfw-funneled/Jose_Maria_Aznar/Jose_Maria_Aznar_0009.jpg,0.4027459232552372,1
/home/anitadonato/tcc/tcc/data/lfw/lfw-funneled/Jose_Maria_Aznar/Jose_Maria_Aznar_0016.jpg,/home/anitadonato/tcc/tcc/data/lfw/lfw-funneled/Jose_Maria_Aznar/Jose_Maria_Aznar_0008.jpg,0.48302702575932543,1
/home/anitadonato/tcc/tcc/data/lfw/lfw-funneled/Jose_Maria_Aznar/Jose_Maria_Aznar_0015.jpg,/home/anitadonato/tcc/tcc/data/lfw/lfw-funneled/Jose_Maria_Aznar/Jose_Maria_Aznar_0009.jpg,0.48582481917790893,1
/home/anitadonato/tcc/tcc/data/lfw/lfw-funneled/Jose_Maria_Aznar/Jose_Maria_Aznar_0015.jpg,/home/anitadonato/tcc/tcc/data/lfw/lfw-funneled/Jose_Maria_Aznar/Jose_Maria_Aznar_0008.jpg,0.45357749015716514,1
/home/anitadonato/tcc/tcc/data/lfw/lfw-funneled/Jose_Maria_Aznar/Jose_Maria_Aznar_0009.jpg,/home/anitadonato/tcc/tcc/data/lfw/lfw-funneled/Jose_Maria_Aznar/Jose_Maria_Aznar_0008.jpg,0.4522379063808205,1
/home/anitadonato/tcc/tcc/data/lfw/lfw-funneled/Lindsay_Davenport/Lindsay_Davenport_0021.jpg,/home/anitadonato/tcc/tcc/data/lfw/lfw-funneled/Lindsay_Davenport/Lindsay_Davenport_0009.jpg,0.4188655969932014,1
/home/anitadonato/tcc/tcc/data/lfw/lfw-funneled/Lindsay_Davenport/Lindsay_Davenport_0021.jpg,/home/anitadonato/tcc/tcc/data/lfw/lfw-funneled/Lindsay_Davenport/Lindsay_Davenport_0017.jpg,0.4685625088541694,1
/home/anitadonato/tcc/tcc/data/lfw/lfw-funneled/Lindsay_Davenport/Lindsay_Davenport_0021.jpg,/home/anitadonato/tcc/tcc/data/lfw/lfw-funneled/Lindsay_Davenport/Lindsay_Davenport_0016.jpg,0.47784355712975746,1
/home/anitadonato/tcc/tcc/data/lfw/lfw-funneled/Lindsay_Davenport/Lindsay_Davenport_0021.jpg,/home/anitadonato/tcc/tcc/data/lfw/lfw-funneled/Lindsay_Davenport/Lindsay_Davenport_0008.jpg,0.4770290037488642,1
/home/anitadonato/tcc/tcc/data/lfw/lfw-funneled/Lindsay_Davenport/Lindsay_Davenport_0009.jpg,/home/anitadonato/tcc/tcc/data/lfw/lfw-funneled/Lindsay_Davenport/Lindsay_Davenport_0017.jpg,0.4484179090108624,1
/home/anitadonato/tcc/tcc/data/lfw/lfw-funneled/Lindsay_Davenport/Lindsay_Davenport_0009.jpg,/home/anitadonato/tcc/tcc/data/lfw/lfw-funneled/Lindsay_Davenport/Lindsay_Davenport_0016.jpg,0.4331874515683296,1
/home/anitadonato/tcc/tcc/data/lfw/lfw-funneled/Lindsay_Davenport/Lindsay_Davenport_0009.jpg,/home/anitadonato/tcc/tcc/data/lfw/lfw-funneled/Lindsay_Davenport/Lindsay_Davenport_0008.jpg,0.36054886973617745,1
/home/anitadonato/tcc/tcc/data/lfw/lfw-funneled/Lindsay_Davenport/Lindsay_Davenport_0017.jpg,/home/anitadonato/tcc/tcc/data/lfw/lfw-funneled/Lindsay_Davenport/Lindsay_Davenport_0016.jpg,0.5108298844643288,1
/home/anitadonato/tcc/tcc/data/lfw/lfw-funneled/Lindsay_Davenport/Lindsay_Davenport_0017.jpg,/home/anitadonato/tcc/tcc/data/lfw/lfw-funneled/Lindsay_Davenport/Lindsay_Davenport_0008.jpg,0.39881477047718394,1
/home/anitadonato/tcc/tcc/data/lfw/lfw-funneled/Lindsay_Davenport/Lindsay_Davenport_0016.jpg,/home/anitadonato/tcc/tcc/data/lfw/lfw-funneled/Lindsay_Davenport/Lindsay_Davenport_0008.jpg,0.46192891195766744,1
/home/anitadonato/tcc/tcc/data/lfw/lfw-funneled/Clara_Harris/Clara_Harris_0003.jpg,/home/anitadonato/tcc/tcc/data/lfw/lfw-funneled/Clara_Harris/Clara_Harris_0004.jpg,0.45039521689557155,1
/home/anitadonato/tcc/tcc/data/lfw/lfw-funneled/Clara_Harris/Clara_Harris_0003.jpg,/home/anitadonato/tcc/tcc/data/lfw/lfw-funneled/Clara_Harris/Clara_Harris_0001.jpg,0.28798470431663953,1
/home/anitadonato/tcc/tcc/data/lfw/lfw-funneled/Clara_Harris/Clara_Harris_0003.jpg,/home/anitadonato/tcc/tcc/data/lfw/lfw-funneled/Clara_Harris/Clara_Harris_0002.jpg,0.3757938944743437,1
/home/anitadonato/tcc/tcc/data/lfw/lfw-funneled/Clara_Harris/Clara_Harris_0003.jpg,/home/anitadonato/tcc/tcc/data/lfw/lfw-funneled/Clara_Harris/Clara_Harris_0005.jpg,0.474872689113774,1
/home/anitadonato/tcc/tcc/data/lfw/lfw-funneled/Clara_Harris/Clara_Harris_0004.jpg,/home/anitadonato/tcc/tcc/data/lfw/lfw-funneled/Clara_Harris/Clara_Harris_0001.jpg,0.492227445017965,1
/home/anitadonato/tcc/tcc/data/lfw/lfw-funneled/Clara_Harris/Clara_Harris_0004.jpg,/home/anitadonato/tcc/tcc/data/lfw/lfw-funneled/Clara_Harris/Clara_Harris_0002.jpg,0.38567660914750845,1
/home/anitadonato/tcc/tcc/data/lfw/lfw-funneled/Clara_Harris/Clara_Harris_0004.jpg,/home/anitadonato/tcc/tcc/data/lfw/lfw-funneled/Clara_Harris/Clara_Harris_0005.jpg,0.513182946526412,1
/home/anitadonato/tcc/tcc/data/lfw/lfw-funneled/Clara_Harris/Clara_Harris_0001.jpg,/home/anitadonato/tcc/tcc/data/lfw/lfw-funneled/Clara_Harris/Clara_Harris_0002.jpg,0.38347838815104274,1
/home/anitadonato/tcc/tcc/data/lfw/lfw-funneled/Clara_Harris/Clara_Harris_0001.jpg,/home/anitadonato/tcc/tcc/data/lfw/lfw-funneled/Clara_Harris/Clara_Harris_0005.jpg,0.5004506160565263,1
/home/anitadonato/tcc/tcc/data/lfw/lfw-funneled/Clara_Harris/Clara_Harris_0002.jpg,/home/anitadonato/tcc/tcc/data/lfw/lfw-funneled/Clara_Harris/Clara_Harris_0005.jpg,0.505305186569453,1
/home/anitadonato/tcc/tcc/data/lfw/lfw-funneled/Susan_Sarandon/Susan_Sarandon_0003.jpg,/home/anitadonato/tcc/tcc/data/lfw/lfw-funneled/Susan_Sarandon/Susan_Sarandon_0006.jpg,0.541178360134156,1
/home/anitadonato/tcc/tcc/data/lfw/lfw-funneled/Susan_Sarandon/Susan_Sarandon_0003.jpg,/home/anitadonato/tcc/tcc/data/lfw/lfw-funneled/Susan_Sarandon/Susan_Sarandon_0005.jpg,0.4615431144720599,1
/home/anitadonato/tcc/tcc/data/lfw/lfw-funneled/Susan_Sarandon/Susan_Sarandon_0003.jpg,/home/anitadonato/tcc/tcc/data/lfw/lfw-funneled/Susan_Sarandon/Susan_Sarandon_0004.jpg,0.5801941842532619,1
/home/anitadonato/tcc/tcc/data/lfw/lfw-funneled/Susan_Sarandon/Susan_Sarandon_0003.jpg,/home/anitadonato/tcc/tcc/data/lfw/lfw-funneled/Susan_Sarandon/Susan_Sarandon_0001.jpg,0.4919843589243872,1
/home/anitadonato/tcc/tcc/data/lfw/lfw-funneled/Susan_Sarandon/Susan_Sarandon_0006.jpg,/home/anitadonato/tcc/tcc/data/lfw/lfw-funneled/Susan_Sarandon/Susan_Sarandon_0005.jpg,0.5220703802616671,1
/home/anitadonato/tcc/tcc/data/lfw/lfw-funneled/Susan_Sarandon/Susan_Sarandon_0006.jpg,/home/anitadonato/tcc/tcc/data/lfw/lfw-funneled/Susan_Sarandon/Susan_Sarandon_0004.jpg,0.5600880981093953,1
/home/anitadonato/tcc/tcc/data/lfw/lfw-funneled/Susan_Sarandon/Susan_Sarandon_0006.jpg,/home/anitadonato/tcc/tcc/data/lfw/lfw-funneled/Susan_Sarandon/Susan_Sarandon_0001.jpg,0.5640903811296251,1
/home/anitadonato/tcc/tcc/data/lfw/lfw-funneled/Susan_Sarandon/Susan_Sarandon_0005.jpg,/home/anitadonato/tcc/tcc/data/lfw/lfw-funneled/Susan_Sarandon/Susan_Sarandon_0004.jpg,0.5192255526792985,1
/home/anitadonato/tcc/tcc/data/lfw/lfw-funneled/Susan_Sarandon/Susan_Sarandon_0005.jpg,/home/anitadonato/tcc/tcc/data/lfw/lfw-funneled/Susan_Sarandon/Susan_Sarandon_0001.jpg,0.4606803327561182,1
/home/anitadonato/tcc/tcc/data/lfw/lfw-funneled/Susan_Sarandon/Susan_Sarandon_0004.jpg,/home/anitadonato/tcc/tcc/data/lfw/lfw-funneled/Susan_Sarandon/Susan_Sarandon_0001.jpg,0.5599407501651762,1
/home/anitadonato/tcc/tcc/data/lfw/lfw-funneled/Xavier_Malisse/Xavier_Malisse_0002.jpg,/home/anitadonato/tcc/tcc/data/lfw/lfw-funneled/Xavier_Malisse/Xavier_Malisse_0005.jpg,0.406063057018965,1
/home/anitadonato/tcc/tcc/data/lfw/lfw-funneled/Xavier_Malisse/Xavier_Malisse_0002.jpg,/home/anitadonato/tcc/tcc/data/lfw/lfw-funneled/Xavier_Malisse/Xavier_Malisse_0001.jpg,0.42443250551102013,1
/home/anitadonato/tcc/tcc/data/lfw/lfw-funneled/Xavier_Malisse/Xavier_Malisse_0002.jpg,/home/anitadonato/tcc/tcc/data/lfw/lfw-funneled/Xavier_Malisse/Xavier_Malisse_0004.jpg,0.4189076600440274,1
/home/anitadonato/tcc/tcc/data/lfw/lfw-funneled/Xavier_Malisse/Xavier_Malisse_0002.jpg,/home/anitadonato/tcc/tcc/data/lfw/lfw-funneled/Xavier_Malisse/Xavier_Malisse_0003.jpg,0.47225465557396035,1
/home/anitadonato/tcc/tcc/data/lfw/lfw-funneled/Xavier_Malisse/Xavier_Malisse_0005.jpg,/home/anitadonato/tcc/tcc/data/lfw/lfw-funneled/Xavier_Malisse/Xavier_Malisse_0001.jpg,0.288744499409355,1
/home/anitadonato/tcc/tcc/data/lfw/lfw-funneled/Xavier_Malisse/Xavier_Malisse_0005.jpg,/home/anitadonato/tcc/tcc/data/lfw/lfw-funneled/Xavier_Malisse/Xavier_Malisse_0004.jpg,0.3254016306173927,1
/home/anitadonato/tcc/tcc/data/lfw/lfw-funneled/Xavier_Malisse/Xavier_Malisse_0005.jpg,/home/anitadonato/tcc/tcc/data/lfw/lfw-funneled/Xavier_Malisse/Xavier_Malisse_0003.jpg,0.4246086207178021,1
/home/anitadonato/tcc/tcc/data/lfw/lfw-funneled/Xavier_Malisse/Xavier_Malisse_0001.jpg,/home/anitadonato/tcc/tcc/data/lfw/lfw-funneled/Xavier_Malisse/Xavier_Malisse_0004.jpg,0.33695846606811214,1
/home/anitadonato/tcc/tcc/data/lfw/lfw-funneled/Xavier_Malisse/Xavier_Malisse_0001.jpg,/home/anitadonato/tcc/tcc/data/lfw/lfw-funneled/Xavier_Malisse/Xavier_Malisse_0003.jpg,0.5064292357652405,1
/home/anitadonato/tcc/tcc/data/lfw/lfw-funneled/Xavier_Malisse/Xavier_Malisse_0004.jpg,/home/anitadonato/tcc/tcc/data/lfw/lfw-funneled/Xavier_Malisse/Xavier_Malisse_0003.jpg,0.4937364264586892,1
/home/anitadonato/tcc/tcc/data/lfw/lfw-funneled/Gonzalo_Sanchez_de_Lozada/Gonzalo_Sanchez_de_Lozada_0012.jpg,/home/anitadonato/tcc/tcc/data/lfw/lfw-funneled/Gonzalo_Sanchez_de_Lozada/Gonzalo_Sanchez_de_Lozada_0004.jpg,0.3545929843982356,1
/home/anitadonato/tcc/tcc/data/lfw/lfw-funneled/Gonzalo_Sanchez_de_Lozada/Gonzalo_Sanchez_de_Lozada_0012.jpg,/home/anitadonato/tcc/tcc/data/lfw/lfw-funneled/Gonzalo_Sanchez_de_Lozada/Gonzalo_Sanchez_de_Lozada_0002.jpg,0.5363495005152147,1
/home/anitadonato/tcc/tcc/data/lfw/lfw-funneled/Gonzalo_Sanchez_de_Lozada/Gonzalo_Sanchez_de_Lozada_0012.jpg,/home/anitadonato/tcc/tcc/data/lfw/lfw-funneled/Gonzalo_Sanchez_de_Lozada/Gonzalo_Sanchez_de_Lozada_0007.jpg,0.3857899686727588,1
/home/anitadonato/tcc/tcc/data/lfw/lfw-funneled/Gonzalo_Sanchez_de_Lozada/Gonzalo_Sanchez_de_Lozada_0012.jpg,/home/anitadonato/tcc/tcc/data/lfw/lfw-funneled/Gonzalo_Sanchez_de_Lozada/Gonzalo_Sanchez_de_Lozada_0009.jpg,0.42731846692159786,1
/home/anitadonato/tcc/tcc/data/lfw/lfw-funneled/Gonzalo_Sanchez_de_Lozada/Gonzalo_Sanchez_de_Lozada_0004.jpg,/home/anitadonato/tcc/tcc/data/lfw/lfw-funneled/Gonzalo_Sanchez_de_Lozada/Gonzalo_Sanchez_de_Lozada_0002.jpg,0.47468878796998887,1
/home/anitadonato/tcc/tcc/data/lfw/lfw-funneled/Gonzalo_Sanchez_de_Lozada/Gonzalo_Sanchez_de_Lozada_0004.jpg,/home/anitadonato/tcc/tcc/data/lfw/lfw-funneled/Gonzalo_Sanchez_de_Lozada/Gonzalo_Sanchez_de_Lozada_0007.jpg,0.48504701991989424,1
/home/anitadonato/tcc/tcc/data/lfw/lfw-funneled/Gonzalo_Sanchez_de_Lozada/Gonzalo_Sanchez_de_Lozada_0004.jpg,/home/anitadonato/tcc/tcc/data/lfw/lfw-funneled/Gonzalo_Sanchez_de_Lozada/Gonzalo_Sanchez_de_Lozada_0009.jpg,0.4314306699207899,1
/home/anitadonato/tcc/tcc/data/lfw/lfw-funneled/Gonzalo_Sanchez_de_Lozada/Gonzalo_Sanchez_de_Lozada_0002.jpg,/home/anitadonato/tcc/tcc/data/lfw/lfw-funneled/Gonzalo_Sanchez_de_Lozada/Gonzalo_Sanchez_de_Lozada_0007.jpg,0.4794208109263487,1
/home/anitadonato/tcc/tcc/data/lfw/lfw-funneled/Gonzalo_Sanchez_de_Lozada/Gonzalo_Sanchez_de_Lozada_0002.jpg,/home/anitadonato/tcc/tcc/data/lfw/lfw-funneled/Gonzalo_Sanchez_de_Lozada/Gonzalo_Sanchez_de_Lozada_0009.jpg,0.4344687153577787,1
/home/anitadonato/tcc/tcc/data/lfw/lfw-funneled/Gonzalo_Sanchez_de_Lozada/Gonzalo_Sanchez_de_Lozada_0007.jpg,/home/anitadonato/tcc/tcc/data/lfw/lfw-funneled/Gonzalo_Sanchez_de_Lozada/Gonzalo_Sanchez_de_Lozada_0009.jpg,0.46669983354009653,1
/home/anitadonato/tcc/tcc/data/lfw/lfw-funneled/Vanessa_Redgrave/Vanessa_Redgrave_0003.jpg,/home/anitadonato/tcc/tcc/data/lfw/lfw-funneled/Vanessa_Redgrave/Vanessa_Redgrave_0004.jpg,0.3327717690838562,1
/home/anitadonato/tcc/tcc/data/lfw/lfw-funneled/Vanessa_Redgrave/Vanessa_Redgrave_0003.jpg,/home/anitadonato/tcc/tcc/data/lfw/lfw-funneled/Vanessa_Redgrave/Vanessa_Redgrave_0002.jpg,0.3874157610927128,1
/home/anitadonato/tcc/tcc/data/lfw/lfw-funneled/Vanessa_Redgrave/Vanessa_Redgrave_0003.jpg,/home/anitadonato/tcc/tcc/data/lfw/lfw-funneled/Vanessa_Redgrave/Vanessa_Redgrave_0001.jpg,0.49764583385490857,1
/home/anitadonato/tcc/tcc/data/lfw/lfw-funneled/Vanessa_Redgrave/Vanessa_Redgrave_0003.jpg,/home/anitadonato/tcc/tcc/data/lfw/lfw-funneled/Vanessa_Redgrave/Vanessa_Redgrave_0005.jpg,0.339582170618504,1
/home/anitadonato/tcc/tcc/data/lfw/lfw-funneled/Vanessa_Redgrave/Vanessa_Redgrave_0004.jpg,/home/anitadonato/tcc/tcc/data/lfw/lfw-funneled/Vanessa_Redgrave/Vanessa_Redgrave_0002.jpg,0.3738103963268197,1
/home/anitadonato/tcc/tcc/data/lfw/lfw-funneled/Vanessa_Redgrave/Vanessa_Redgrave_0004.jpg,/home/anitadonato/tcc/tcc/data/lfw/lfw-funneled/Vanessa_Redgrave/Vanessa_Redgrave_0001.jpg,0.45683304897387067,1
/home/anitadonato/tcc/tcc/data/lfw/lfw-funneled/Vanessa_Redgrave/Vanessa_Redgrave_0004.jpg,/home/anitadonato/tcc/tcc/data/lfw/lfw-funneled/Vanessa_Redgrave/Vanessa_Redgrave_0005.jpg,0.3427311645762036,1
/home/anitadonato/tcc/tcc/data/lfw/lfw-funneled/Vanessa_Redgrave/Vanessa_Redgrave_0002.jpg,/home/anitadonato/tcc/tcc/data/lfw/lfw-funneled/Vanessa_Redgrave/Vanessa_Redgrave_0001.jpg,0.531794334461979,1
/home/anitadonato/tcc/tcc/data/lfw/lfw-funneled/Vanessa_Redgrave/Vanessa_Redgrave_0002.jpg,/home/anitadonato/tcc/tcc/data/lfw/lfw-funneled/Vanessa_Redgrave/Vanessa_Redgrave_0005.jpg,0.38941688060120827,1
/home/anitadonato/tcc/tcc/data/lfw/lfw-funneled/Vanessa_Redgrave/Vanessa_Redgrave_0001.jpg,/home/anitadonato/tcc/tcc/data/lfw/lfw-funneled/Vanessa_Redgrave/Vanessa_Redgrave_0005.jpg,0.427206106690311,1
/home/anitadonato/tcc/tcc/data/lfw/lfw-funneled/Mike_Weir/Mike_Weir_0007.jpg,/home/anitadonato/tcc/tcc/data/lfw/lfw-funneled/Mike_Weir/Mike_Weir_0011.jpg,0.5198267301626945,1
/home/anitadonato/tcc/tcc/data/lfw/lfw-funneled/Mike_Weir/Mike_Weir_0007.jpg,/home/anitadonato/tcc/tcc/data/lfw/lfw-funneled/Mike_Weir/Mike_Weir_0001.jpg,0.48316331003144264,1
/home/anitadonato/tcc/tcc/data/lfw/lfw-funneled/Mike_Weir/Mike_Weir_0007.jpg,/home/anitadonato/tcc/tcc/data/lfw/lfw-funneled/Mike_Weir/Mike_Weir_0010.jpg,0.5453038934791435,1
/home/anitadonato/tcc/tcc/data/lfw/lfw-funneled/Mike_Weir/Mike_Weir_0007.jpg,/home/anitadonato/tcc/tcc/data/lfw/lfw-funneled/Mike_Weir/Mike_Weir_0004.jpg,0.47727567864243625,1
/home/anitadonato/tcc/tcc/data/lfw/lfw-funneled/Mike_Weir/Mike_Weir_0011.jpg,/home/anitadonato/tcc/tcc/data/lfw/lfw-funneled/Mike_Weir/Mike_Weir_0001.jpg,0.6166183814834836,1
/home/anitadonato/tcc/tcc/data/lfw/lfw-funneled/Mike_Weir/Mike_Weir_0011.jpg,/home/anitadonato/tcc/tcc/data/lfw/lfw-funneled/Mike_Weir/Mike_Weir_0010.jpg,0.5495146288135638,1
/home/anitadonato/tcc/tcc/data/lfw/lfw-funneled/Mike_Weir/Mike_Weir_0011.jpg,/home/anitadonato/tcc/tcc/data/lfw/lfw-funneled/Mike_Weir/Mike_Weir_0004.jpg,0.5647826051714425,1
/home/anitadonato/tcc/tcc/data/lfw/lfw-funneled/Mike_Weir/Mike_Weir_0001.jpg,/home/anitadonato/tcc/tcc/data/lfw/lfw-funneled/Mike_Weir/Mike_Weir_0010.jpg,0.4489320009463542,1
/home/anitadonato/tcc/tcc/data/lfw/lfw-funneled/Mike_Weir/Mike_Weir_0001.jpg,/home/anitadonato/tcc/tcc/data/lfw/lfw-funneled/Mike_Weir/Mike_Weir_0004.jpg,0.46462890491980363,1
/home/anitadonato/tcc/tcc/data/lfw/lfw-funneled/Mike_Weir/Mike_Weir_0010.jpg,/home/anitadonato/tcc/tcc/data/lfw/lfw-funneled/Mike_Weir/Mike_Weir_0004.jpg,0.4556645009826352,1
/home/anitadonato/tcc/tcc/data/lfw/lfw-funneled/Habib_Rizieq/Habib_Rizieq_0001.jpg,/home/anitadonato/tcc/tcc/data/lfw/lfw-funneled/Habib_Rizieq/Habib_Rizieq_0003.jpg,0.459434314375857,1
/home/anitadonato/tcc/tcc/data/lfw/lfw-funneled/Habib_Rizieq/Habib_Rizieq_0001.jpg,/home/anitadonato/tcc/tcc/data/lfw/lfw-funneled/Habib_Rizieq/Habib_Rizieq_0002.jpg,0.4341396699627473,1
/home/anitadonato/tcc/tcc/data/lfw/lfw-funneled/Habib_Rizieq/Habib_Rizieq_0001.jpg,/home/anitadonato/tcc/tcc/data/lfw/lfw-funneled/Habib_Rizieq/Habib_Rizieq_0004.jpg,0.4476177529636183,1
/home/anitadonato/tcc/tcc/data/lfw/lfw-funneled/Habib_Rizieq/Habib_Rizieq_0001.jpg,/home/anitadonato/tcc/tcc/data/lfw/lfw-funneled/Habib_Rizieq/Habib_Rizieq_0005.jpg,0.5110380314481161,1
/home/anitadonato/tcc/tcc/data/lfw/lfw-funneled/Habib_Rizieq/Habib_Rizieq_0003.jpg,/home/anitadonato/tcc/tcc/data/lfw/lfw-funneled/Habib_Rizieq/Habib_Rizieq_0002.jpg,0.38343266844411467,1
/home/anitadonato/tcc/tcc/data/lfw/lfw-funneled/Habib_Rizieq/Habib_Rizieq_0003.jpg,/home/anitadonato/tcc/tcc/data/lfw/lfw-funneled/Habib_Rizieq/Habib_Rizieq_0004.jpg,0.371867687186602,1
/home/anitadonato/tcc/tcc/data/lfw/lfw-funneled/Habib_Rizieq/Habib_Rizieq_0003.jpg,/home/anitadonato/tcc/tcc/data/lfw/lfw-funneled/Habib_Rizieq/Habib_Rizieq_0005.jpg,0.34257936597164645,1
/home/anitadonato/tcc/tcc/data/lfw/lfw-funneled/Habib_Rizieq/Habib_Rizieq_0002.jpg,/home/anitadonato/tcc/tcc/data/lfw/lfw-funneled/Habib_Rizieq/Habib_Rizieq_0004.jpg,0.37806860948452975,1
/home/anitadonato/tcc/tcc/data/lfw/lfw-funneled/Habib_Rizieq/Habib_Rizieq_0002.jpg,/home/anitadonato/tcc/tcc/data/lfw/lfw-funneled/Habib_Rizieq/Habib_Rizieq_0005.jpg,0.39286167439108677,1
/home/anitadonato/tcc/tcc/data/lfw/lfw-funneled/Habib_Rizieq/Habib_Rizieq_0004.jpg,/home/anitadonato/tcc/tcc/data/lfw/lfw-funneled/Habib_Rizieq/Habib_Rizieq_0005.jpg,0.3617480941951855,1
/home/anitadonato/tcc/tcc/data/lfw/lfw-funneled/Paradorn_Srichaphan/Paradorn_Srichaphan_0010.jpg,/home/anitadonato/tcc/tcc/data/lfw/lfw-funneled/Paradorn_Srichaphan/Paradorn_Srichaphan_0004.jpg,0.5289424618183581,1
/home/anitadonato/tcc/tcc/data/lfw/lfw-funneled/Paradorn_Srichaphan/Paradorn_Srichaphan_0010.jpg,/home/anitadonato/tcc/tcc/data/lfw/lfw-funneled/Paradorn_Srichaphan/Paradorn_Srichaphan_0008.jpg,0.38312917989518036,1
/home/anitadonato/tcc/tcc/data/lfw/lfw-funneled/Paradorn_Srichaphan/Paradorn_Srichaphan_0010.jpg,/home/anitadonato/tcc/tcc/data/lfw/lfw-funneled/Paradorn_Srichaphan/Paradorn_Srichaphan_0002.jpg,0.38586466375437484,1
/home/anitadonato/tcc/tcc/data/lfw/lfw-funneled/Paradorn_Srichaphan/Paradorn_Srichaphan_0004.jpg,/home/anitadonato/tcc/tcc/data/lfw/lfw-funneled/Paradorn_Srichaphan/Paradorn_Srichaphan_0008.jpg,0.5317960119290839,1
/home/anitadonato/tcc/tcc/data/lfw/lfw-funneled/Paradorn_Srichaphan/Paradorn_Srichaphan_0004.jpg,/home/anitadonato/tcc/tcc/data/lfw/lfw-funneled/Paradorn_Srichaphan/Paradorn_Srichaphan_0002.jpg,0.5827187624626002,1
/home/anitadonato/tcc/tcc/data/lfw/lfw-funneled/Paradorn_Srichaphan/Paradorn_Srichaphan_0008.jpg,/home/anitadonato/tcc/tcc/data/lfw/lfw-funneled/Paradorn_Srichaphan/Paradorn_Srichaphan_0002.jpg,0.43488467438474226,1
/home/anitadonato/tcc/tcc/data/lfw/lfw-funneled/Kim_Dae-jung/Kim_Dae-jung_0005.jpg,/home/anitadonato/tcc/tcc/data/lfw/lfw-funneled/Kim_Dae-jung/Kim_Dae-jung_0004.jpg,0.2966469880817483,1
/home/anitadonato/tcc/tcc/data/lfw/lfw-funneled/Kim_Dae-jung/Kim_Dae-jung_0005.jpg,/home/anitadonato/tcc/tcc/data/lfw/lfw-funneled/Kim_Dae-jung/Kim_Dae-jung_0007.jpg,0.32869748897350637,1
/home/anitadonato/tcc/tcc/data/lfw/lfw-funneled/Kim_Dae-jung/Kim_Dae-jung_0005.jpg,/home/anitadonato/tcc/tcc/data/lfw/lfw-funneled/Kim_Dae-jung/Kim_Dae-jung_0001.jpg,0.3581131150260221,1
/home/anitadonato/tcc/tcc/data/lfw/lfw-funneled/Kim_Dae-jung/Kim_Dae-jung_0005.jpg,/home/anitadonato/tcc/tcc/data/lfw/lfw-funneled/Kim_Dae-jung/Kim_Dae-jung_0006.jpg,0.38415718092846585,1
/home/anitadonato/tcc/tcc/data/lfw/lfw-funneled/Kim_Dae-jung/Kim_Dae-jung_0004.jpg,/home/anitadonato/tcc/tcc/data/lfw/lfw-funneled/Kim_Dae-jung/Kim_Dae-jung_0007.jpg,0.33944150520770905,1
/home/anitadonato/tcc/tcc/data/lfw/lfw-funneled/Kim_Dae-jung/Kim_Dae-jung_0004.jpg,/home/anitadonato/tcc/tcc/data/lfw/lfw-funneled/Kim_Dae-jung/Kim_Dae-jung_0001.jpg,0.38771955091188987,1
/home/anitadonato/tcc/tcc/data/lfw/lfw-funneled/Kim_Dae-jung/Kim_Dae-jung_0004.jpg,/home/anitadonato/tcc/tcc/data/lfw/lfw-funneled/Kim_Dae-jung/Kim_Dae-jung_0006.jpg,0.42422226050960965,1
/home/anitadonato/tcc/tcc/data/lfw/lfw-funneled/Kim_Dae-jung/Kim_Dae-jung_0007.jpg,/home/anitadonato/tcc/tcc/data/lfw/lfw-funneled/Kim_Dae-jung/Kim_Dae-jung_0001.jpg,0.2827168166028101,1
/home/anitadonato/tcc/tcc/data/lfw/lfw-funneled/Kim_Dae-jung/Kim_Dae-jung_0007.jpg,/home/anitadonato/tcc/tcc/data/lfw/lfw-funneled/Kim_Dae-jung/Kim_Dae-jung_0006.jpg,0.4025889984916474,1
/home/anitadonato/tcc/tcc/data/lfw/lfw-funneled/Kim_Dae-jung/Kim_Dae-jung_0001.jpg,/home/anitadonato/tcc/tcc/data/lfw/lfw-funneled/Kim_Dae-jung/Kim_Dae-jung_0006.jpg,0.3569561546677414,1
/home/anitadonato/tcc/tcc/data/lfw/lfw-funneled/Pamela_Anderson/Pamela_Anderson_0003.jpg,/home/anitadonato/tcc/tcc/data/lfw/lfw-funneled/Pamela_Anderson/Pamela_Anderson_0004.jpg,0.5078887494641102,1
/home/anitadonato/tcc/tcc/data/lfw/lfw-funneled/Pamela_Anderson/Pamela_Anderson_0003.jpg,/home/anitadonato/tcc/tcc/data/lfw/lfw-funneled/Pamela_Anderson/Pamela_Anderson_0005.jpg,0.385698794402723,1
/home/anitadonato/tcc/tcc/data/lfw/lfw-funneled/Pamela_Anderson/Pamela_Anderson_0003.jpg,/home/anitadonato/tcc/tcc/data/lfw/lfw-funneled/Pamela_Anderson/Pamela_Anderson_0001.jpg,0.5084659979762655,1
/home/anitadonato/tcc/tcc/data/lfw/lfw-funneled/Pamela_Anderson/Pamela_Anderson_0003.jpg,/home/anitadonato/tcc/tcc/data/lfw/lfw-funneled/Pamela_Anderson/Pamela_Anderson_0002.jpg,0.4032147462540093,1
/home/anitadonato/tcc/tcc/data/lfw/lfw-funneled/Pamela_Anderson/Pamela_Anderson_0004.jpg,/home/anitadonato/tcc/tcc/data/lfw/lfw-funneled/Pamela_Anderson/Pamela_Anderson_0005.jpg,0.4758967727406165,1
/home/anitadonato/tcc/tcc/data/lfw/lfw-funneled/Pamela_Anderson/Pamela_Anderson_0004.jpg,/home/anitadonato/tcc/tcc/data/lfw/lfw-funneled/Pamela_Anderson/Pamela_Anderson_0001.jpg,0.45774802679967974,1
/home/anitadonato/tcc/tcc/data/lfw/lfw-funneled/Pamela_Anderson/Pamela_Anderson_0004.jpg,/home/anitadonato/tcc/tcc/data/lfw/lfw-funneled/Pamela_Anderson/Pamela_Anderson_0002.jpg,0.46671346033676625,1
/home/anitadonato/tcc/tcc/data/lfw/lfw-funneled/Pamela_Anderson/Pamela_Anderson_0005.jpg,/home/anitadonato/tcc/tcc/data/lfw/lfw-funneled/Pamela_Anderson/Pamela_Anderson_0001.jpg,0.4913404421017751,1
/home/anitadonato/tcc/tcc/data/lfw/lfw-funneled/Pamela_Anderson/Pamela_Anderson_0005.jpg,/home/anitadonato/tcc/tcc/data/lfw/lfw-funneled/Pamela_Anderson/Pamela_Anderson_0002.jpg,0.4534203958554202,1
/home/anitadonato/tcc/tcc/data/lfw/lfw-funneled/Pamela_Anderson/Pamela_Anderson_0001.jpg,/home/anitadonato/tcc/tcc/data/lfw/lfw-funneled/Pamela_Anderson/Pamela_Anderson_0002.jpg,0.5323298539914825,1
/home/anitadonato/tcc/tcc/data/lfw/lfw-funneled/Joseph_Biden/Joseph_Biden_0002.jpg,/home/anitadonato/tcc/tcc/data/lfw/lfw-funneled/Joseph_Biden/Joseph_Biden_0001.jpg,0.5608734930813327,1
/home/anitadonato/tcc/tcc/data/lfw/lfw-funneled/Joseph_Biden/Joseph_Biden_0002.jpg,/home/anitadonato/tcc/tcc/data/lfw/lfw-funneled/Joseph_Biden/Joseph_Biden_0005.jpg,0.5446635114069461,1
/home/anitadonato/tcc/tcc/data/lfw/lfw-funneled/Joseph_Biden/Joseph_Biden_0002.jpg,/home/anitadonato/tcc/tcc/data/lfw/lfw-funneled/Joseph_Biden/Joseph_Biden_0004.jpg,0.5508418630312953,1
/home/anitadonato/tcc/tcc/data/lfw/lfw-funneled/Joseph_Biden/Joseph_Biden_0002.jpg,/home/anitadonato/tcc/tcc/data/lfw/lfw-funneled/Joseph_Biden/Joseph_Biden_0003.jpg,0.5693169562414689,1
/home/anitadonato/tcc/tcc/data/lfw/lfw-funneled/Joseph_Biden/Joseph_Biden_0001.jpg,/home/anitadonato/tcc/tcc/data/lfw/lfw-funneled/Joseph_Biden/Joseph_Biden_0005.jpg,0.4728666937087836,1
/home/anitadonato/tcc/tcc/data/lfw/lfw-funneled/Joseph_Biden/Joseph_Biden_0001.jpg,/home/anitadonato/tcc/tcc/data/lfw/lfw-funneled/Joseph_Biden/Joseph_Biden_0004.jpg,0.36857817234412676,1
/home/anitadonato/tcc/tcc/data/lfw/lfw-funneled/Joseph_Biden/Joseph_Biden_0001.jpg,/home/anitadonato/tcc/tcc/data/lfw/lfw-funneled/Joseph_Biden/Joseph_Biden_0003.jpg,0.4421316028206902,1
/home/anitadonato/tcc/tcc/data/lfw/lfw-funneled/Joseph_Biden/Joseph_Biden_0005.jpg,/home/anitadonato/tcc/tcc/data/lfw/lfw-funneled/Joseph_Biden/Joseph_Biden_0004.jpg,0.4162253635564837,1
/home/anitadonato/tcc/tcc/data/lfw/lfw-funneled/Joseph_Biden/Joseph_Biden_0005.jpg,/home/anitadonato/tcc/tcc/data/lfw/lfw-funneled/Joseph_Biden/Joseph_Biden_0003.jpg,0.3726043804074243,1
/home/anitadonato/tcc/tcc/data/lfw/lfw-funneled/Joseph_Biden/Joseph_Biden_0004.jpg,/home/anitadonato/tcc/tcc/data/lfw/lfw-funneled/Joseph_Biden/Joseph_Biden_0003.jpg,0.3402351892339945,1
/home/anitadonato/tcc/tcc/data/lfw/lfw-funneled/Sheryl_Crow/Sheryl_Crow_0007.jpg,/home/anitadonato/tcc/tcc/data/lfw/lfw-funneled/Sheryl_Crow/Sheryl_Crow_0002.jpg,0.44775338860594605,1
/home/anitadonato/tcc/tcc/data/lfw/lfw-funneled/Sheryl_Crow/Sheryl_Crow_0007.jpg,/home/anitadonato/tcc/tcc/data/lfw/lfw-funneled/Sheryl_Crow/Sheryl_Crow_0004.jpg,0.2632549435785931,1
/home/anitadonato/tcc/tcc/data/lfw/lfw-funneled/Sheryl_Crow/Sheryl_Crow_0007.jpg,/home/anitadonato/tcc/tcc/data/lfw/lfw-funneled/Sheryl_Crow/Sheryl_Crow_0008.jpg,0.40548957322612506,1
/home/anitadonato/tcc/tcc/data/lfw/lfw-funneled/Sheryl_Crow/Sheryl_Crow_0007.jpg,/home/anitadonato/tcc/tcc/data/lfw/lfw-funneled/Sheryl_Crow/Sheryl_Crow_0001.jpg,0.4373654164297959,1
/home/anitadonato/tcc/tcc/data/lfw/lfw-funneled/Sheryl_Crow/Sheryl_Crow_0002.jpg,/home/anitadonato/tcc/tcc/data/lfw/lfw-funneled/Sheryl_Crow/Sheryl_Crow_0004.jpg,0.406890173712082,1
/home/anitadonato/tcc/tcc/data/lfw/lfw-funneled/Sheryl_Crow/Sheryl_Crow_0002.jpg,/home/anitadonato/tcc/tcc/data/lfw/lfw-funneled/Sheryl_Crow/Sheryl_Crow_0008.jpg,0.43649635106085494,1
/home/anitadonato/tcc/tcc/data/lfw/lfw-funneled/Sheryl_Crow/Sheryl_Crow_0002.jpg,/home/anitadonato/tcc/tcc/data/lfw/lfw-funneled/Sheryl_Crow/Sheryl_Crow_0001.jpg,0.47647811319131567,1
/home/anitadonato/tcc/tcc/data/lfw/lfw-funneled/Sheryl_Crow/Sheryl_Crow_0004.jpg,/home/anitadonato/tcc/tcc/data/lfw/lfw-funneled/Sheryl_Crow/Sheryl_Crow_0008.jpg,0.38707547167608286,1
/home/anitadonato/tcc/tcc/data/lfw/lfw-funneled/Sheryl_Crow/Sheryl_Crow_0004.jpg,/home/anitadonato/tcc/tcc/data/lfw/lfw-funneled/Sheryl_Crow/Sheryl_Crow_0001.jpg,0.47873449479209546,1
/home/anitadonato/tcc/tcc/data/lfw/lfw-funneled/Sheryl_Crow/Sheryl_Crow_0008.jpg,/home/anitadonato/tcc/tcc/data/lfw/lfw-funneled/Sheryl_Crow/Sheryl_Crow_0001.jpg,0.45074468498409453,1
/home/anitadonato/tcc/tcc/data/lfw/lfw-funneled/Richard_Gere/Richard_Gere_0007.jpg,/home/anitadonato/tcc/tcc/data/lfw/lfw-funneled/Richard_Gere/Richard_Gere_0006.jpg,0.435602887360406,1
/home/anitadonato/tcc/tcc/data/lfw/lfw-funneled/Richard_Gere/Richard_Gere_0007.jpg,/home/anitadonato/tcc/tcc/data/lfw/lfw-funneled/Richard_Gere/Richard_Gere_0002.jpg,0.29370407423094796,1
/home/anitadonato/tcc/tcc/data/lfw/lfw-funneled/Richard_Gere/Richard_Gere_0007.jpg,/home/anitadonato/tcc/tcc/data/lfw/lfw-funneled/Richard_Gere/Richard_Gere_0004.jpg,0.3890284422009544,1
/home/anitadonato/tcc/tcc/data/lfw/lfw-funneled/Richard_Gere/Richard_Gere_0006.jpg,/home/anitadonato/tcc/tcc/data/lfw/lfw-funneled/Richard_Gere/Richard_Gere_0002.jpg,0.43730297095422466,1
/home/anitadonato/tcc/tcc/data/lfw/lfw-funneled/Richard_Gere/Richard_Gere_0006.jpg,/home/anitadonato/tcc/tcc/data/lfw/lfw-funneled/Richard_Gere/Richard_Gere_0004.jpg,0.43694290531482366,1
/home/anitadonato/tcc/tcc/data/lfw/lfw-funneled/Richard_Gere/Richard_Gere_0002.jpg,/home/anitadonato/tcc/tcc/data/lfw/lfw-funneled/Richard_Gere/Richard_Gere_0004.jpg,0.37362688422867074,1
/home/anitadonato/tcc/tcc/data/lfw/lfw-funneled/Christine_Baumgartner/Christine_Baumgartner_0003.jpg,/home/anitadonato/tcc/tcc/data/lfw/lfw-funneled/Christine_Baumgartner/Christine_Baumgartner_0005.jpg,0.5170475047604634,1
/home/anitadonato/tcc/tcc/data/lfw/lfw-funneled/Christine_Baumgartner/Christine_Baumgartner_0003.jpg,/home/anitadonato/tcc/tcc/data/lfw/lfw-funneled/Christine_Baumgartner/Christine_Baumgartner_0002.jpg,0.5207988710570327,1
/home/anitadonato/tcc/tcc/data/lfw/lfw-funneled/Christine_Baumgartner/Christine_Baumgartner_0003.jpg,/home/anitadonato/tcc/tcc/data/lfw/lfw-funneled/Christine_Baumgartner/Christine_Baumgartner_0004.jpg,0.5350483293650554,1
/home/anitadonato/tcc/tcc/data/lfw/lfw-funneled/Christine_Baumgartner/Christine_Baumgartner_0003.jpg,/home/anitadonato/tcc/tcc/data/lfw/lfw-funneled/Christine_Baumgartner/Christine_Baumgartner_0001.jpg,0.46655955093510676,1
/home/anitadonato/tcc/tcc/data/lfw/lfw-funneled/Christine_Baumgartner/Christine_Baumgartner_0005.jpg,/home/anitadonato/tcc/tcc/data/lfw/lfw-funneled/Christine_Baumgartner/Christine_Baumgartner_0002.jpg,0.5727723763434743,1
/home/anitadonato/tcc/tcc/data/lfw/lfw-funneled/Christine_Baumgartner/Christine_Baumgartner_0005.jpg,/home/anitadonato/tcc/tcc/data/lfw/lfw-funneled/Christine_Baumgartner/Christine_Baumgartner_0004.jpg,0.4012435553068068,1
/home/anitadonato/tcc/tcc/data/lfw/lfw-funneled/Christine_Baumgartner/Christine_Baumgartner_0005.jpg,/home/anitadonato/tcc/tcc/data/lfw/lfw-funneled/Christine_Baumgartner/Christine_Baumgartner_0001.jpg,0.3554406894340659,1
/home/anitadonato/tcc/tcc/data/lfw/lfw-funneled/Christine_Baumgartner/Christine_Baumgartner_0002.jpg,/home/anitadonato/tcc/tcc/data/lfw/lfw-funneled/Christine_Baumgartner/Christine_Baumgartner_0004.jpg,0.4481881331000923,1
/home/anitadonato/tcc/tcc/data/lfw/lfw-funneled/Christine_Baumgartner/Christine_Baumgartner_0002.jpg,/home/anitadonato/tcc/tcc/data/lfw/lfw-funneled/Christine_Baumgartner/Christine_Baumgartner_0001.jpg,0.48438283066043775,1
/home/anitadonato/tcc/tcc/data/lfw/lfw-funneled/Christine_Baumgartner/Christine_Baumgartner_0004.jpg,/home/anitadonato/tcc/tcc/data/lfw/lfw-funneled/Christine_Baumgartner/Christine_Baumgartner_0001.jpg,0.3412184770416724,1
/home/anitadonato/tcc/tcc/data/lfw/lfw-funneled/Meryl_Streep/Meryl_Streep_0005.jpg,/home/anitadonato/tcc/tcc/data/lfw/lfw-funneled/Meryl_Streep/Meryl_Streep_0014.jpg,0.37971475991568526,1
/home/anitadonato/tcc/tcc/data/lfw/lfw-funneled/Meryl_Streep/Meryl_Streep_0005.jpg,/home/anitadonato/tcc/tcc/data/lfw/lfw-funneled/Meryl_Streep/Meryl_Streep_0002.jpg,0.3920701947095582,1
/home/anitadonato/tcc/tcc/data/lfw/lfw-funneled/Meryl_Streep/Meryl_Streep_0005.jpg,/home/anitadonato/tcc/tcc/data/lfw/lfw-funneled/Meryl_Streep/Meryl_Streep_0008.jpg,0.37290928473944157,1
/home/anitadonato/tcc/tcc/data/lfw/lfw-funneled/Meryl_Streep/Meryl_Streep_0005.jpg,/home/anitadonato/tcc/tcc/data/lfw/lfw-funneled/Meryl_Streep/Meryl_Streep_0001.jpg,0.4805470072520719,1
/home/anitadonato/tcc/tcc/data/lfw/lfw-funneled/Meryl_Streep/Meryl_Streep_0014.jpg,/home/anitadonato/tcc/tcc/data/lfw/lfw-funneled/Meryl_Streep/Meryl_Streep_0002.jpg,0.40073175849678777,1
/home/anitadonato/tcc/tcc/data/lfw/lfw-funneled/Meryl_Streep/Meryl_Streep_0014.jpg,/home/anitadonato/tcc/tcc/data/lfw/lfw-funneled/Meryl_Streep/Meryl_Streep_0008.jpg,0.2835914752309714,1
/home/anitadonato/tcc/tcc/data/lfw/lfw-funneled/Meryl_Streep/Meryl_Streep_0014.jpg,/home/anitadonato/tcc/tcc/data/lfw/lfw-funneled/Meryl_Streep/Meryl_Streep_0001.jpg,0.47757163044247813,1
/home/anitadonato/tcc/tcc/data/lfw/lfw-funneled/Meryl_Streep/Meryl_Streep_0002.jpg,/home/anitadonato/tcc/tcc/data/lfw/lfw-funneled/Meryl_Streep/Meryl_Streep_0008.jpg,0.3980466404120815,1
/home/anitadonato/tcc/tcc/data/lfw/lfw-funneled/Meryl_Streep/Meryl_Streep_0002.jpg,/home/anitadonato/tcc/tcc/data/lfw/lfw-funneled/Meryl_Streep/Meryl_Streep_0001.jpg,0.4154546043177956,1
/home/anitadonato/tcc/tcc/data/lfw/lfw-funneled/Meryl_Streep/Meryl_Streep_0008.jpg,/home/anitadonato/tcc/tcc/data/lfw/lfw-funneled/Meryl_Streep/Meryl_Streep_0001.jpg,0.4377888476496692,1
/home/anitadonato/tcc/tcc/data/lfw/lfw-funneled/Mark_Hurlbert/Mark_Hurlbert_0005.jpg,/home/anitadonato/tcc/tcc/data/lfw/lfw-funneled/Mark_Hurlbert/Mark_Hurlbert_0001.jpg,0.42666907530465853,1
/home/anitadonato/tcc/tcc/data/lfw/lfw-funneled/Mark_Hurlbert/Mark_Hurlbert_0005.jpg,/home/anitadonato/tcc/tcc/data/lfw/lfw-funneled/Mark_Hurlbert/Mark_Hurlbert_0002.jpg,0.3658783439919629,1
/home/anitadonato/tcc/tcc/data/lfw/lfw-funneled/Mark_Hurlbert/Mark_Hurlbert_0005.jpg,/home/anitadonato/tcc/tcc/data/lfw/lfw-funneled/Mark_Hurlbert/Mark_Hurlbert_0004.jpg,0.4024286345047638,1
/home/anitadonato/tcc/tcc/data/lfw/lfw-funneled/Mark_Hurlbert/Mark_Hurlbert_0005.jpg,/home/anitadonato/tcc/tcc/data/lfw/lfw-funneled/Mark_Hurlbert/Mark_Hurlbert_0003.jpg,0.3584912666761161,1
/home/anitadonato/tcc/tcc/data/lfw/lfw-funneled/Mark_Hurlbert/Mark_Hurlbert_0001.jpg,/home/anitadonato/tcc/tcc/data/lfw/lfw-funneled/Mark_Hurlbert/Mark_Hurlbert_0002.jpg,0.44042092972318647,1
/home/anitadonato/tcc/tcc/data/lfw/lfw-funneled/Mark_Hurlbert/Mark_Hurlbert_0001.jpg,/home/anitadonato/tcc/tcc/data/lfw/lfw-funneled/Mark_Hurlbert/Mark_Hurlbert_0004.jpg,0.4669265351477204,1
/home/anitadonato/tcc/tcc/data/lfw/lfw-funneled/Mark_Hurlbert/Mark_Hurlbert_0001.jpg,/home/anitadonato/tcc/tcc/data/lfw/lfw-funneled/Mark_Hurlbert/Mark_Hurlbert_0003.jpg,0.4079178700251379,1
/home/anitadonato/tcc/tcc/data/lfw/lfw-funneled/Mark_Hurlbert/Mark_Hurlbert_0002.jpg,/home/anitadonato/tcc/tcc/data/lfw/lfw-funneled/Mark_Hurlbert/Mark_Hurlbert_0004.jpg,0.2806491502371798,1
/home/anitadonato/tcc/tcc/data/lfw/lfw-funneled/Mark_Hurlbert/Mark_Hurlbert_0002.jpg,/home/anitadonato/tcc/tcc/data/lfw/lfw-funneled/Mark_Hurlbert/Mark_Hurlbert_0003.jpg,0.3064037264869905,1
/home/anitadonato/tcc/tcc/data/lfw/lfw-funneled/Mark_Hurlbert/Mark_Hurlbert_0004.jpg,/home/anitadonato/tcc/tcc/data/lfw/lfw-funneled/Mark_Hurlbert/Mark_Hurlbert_0003.jpg,0.2867400259676716,1
/home/anitadonato/tcc/tcc/data/lfw/lfw-funneled/Bob_Graham/Bob_Graham_0006.jpg,/home/anitadonato/tcc/tcc/data/lfw/lfw-funneled/Bob_Graham/Bob_Graham_0001.jpg,0.42626299695740455,1
/home/anitadonato/tcc/tcc/data/lfw/lfw-funneled/Bob_Graham/Bob_Graham_0006.jpg,/home/anitadonato/tcc/tcc/data/lfw/lfw-funneled/Bob_Graham/Bob_Graham_0005.jpg,0.4866162277260014,1
/home/anitadonato/tcc/tcc/data/lfw/lfw-funneled/Bob_Graham/Bob_Graham_0006.jpg,/home/anitadonato/tcc/tcc/data/lfw/lfw-funneled/Bob_Graham/Bob_Graham_0004.jpg,0.5313376929848338,1
/home/anitadonato/tcc/tcc/data/lfw/lfw-funneled/Bob_Graham/Bob_Graham_0006.jpg,/home/anitadonato/tcc/tcc/data/lfw/lfw-funneled/Bob_Graham/Bob_Graham_0003.jpg,0.46229829804361566,1
/home/anitadonato/tcc/tcc/data/lfw/lfw-funneled/Bob_Graham/Bob_Graham_0001.jpg,/home/anitadonato/tcc/tcc/data/lfw/lfw-funneled/Bob_Graham/Bob_Graham_0005.jpg,0.4077866689012052,1
/home/anitadonato/tcc/tcc/data/lfw/lfw-funneled/Bob_Graham/Bob_Graham_0001.jpg,/home/anitadonato/tcc/tcc/data/lfw/lfw-funneled/Bob_Graham/Bob_Graham_0004.jpg,0.3654600126375004,1
/home/anitadonato/tcc/tcc/data/lfw/lfw-funneled/Bob_Graham/Bob_Graham_0001.jpg,/home/anitadonato/tcc/tcc/data/lfw/lfw-funneled/Bob_Graham/Bob_Graham_0003.jpg,0.34469617706096733,1
/home/anitadonato/tcc/tcc/data/lfw/lfw-funneled/Bob_Graham/Bob_Graham_0005.jpg,/home/anitadonato/tcc/tcc/data/lfw/lfw-funneled/Bob_Graham/Bob_Graham_0004.jpg,0.40765127271191487,1
/home/anitadonato/tcc/tcc/data/lfw/lfw-funneled/Bob_Graham/Bob_Graham_0005.jpg,/home/anitadonato/tcc/tcc/data/lfw/lfw-funneled/Bob_Graham/Bob_Graham_0003.jpg,0.41103648237113455,1
/home/anitadonato/tcc/tcc/data/lfw/lfw-funneled/Bob_Graham/Bob_Graham_0004.jpg,/home/anitadonato/tcc/tcc/data/lfw/lfw-funneled/Bob_Graham/Bob_Graham_0003.jpg,0.3750165804498598,1
/home/anitadonato/tcc/tcc/data/lfw/lfw-funneled/Antonio_Banderas/Antonio_Banderas_0001.jpg,/home/anitadonato/tcc/tcc/data/lfw/lfw-funneled/Antonio_Banderas/Antonio_Banderas_0002.jpg,0.44331599784849035,1
/home/anitadonato/tcc/tcc/data/lfw/lfw-funneled/Antonio_Banderas/Antonio_Banderas_0001.jpg,/home/anitadonato/tcc/tcc/data/lfw/lfw-funneled/Antonio_Banderas/Antonio_Banderas_0005.jpg,0.47217925186919185,1
/home/anitadonato/tcc/tcc/data/lfw/lfw-funneled/Antonio_Banderas/Antonio_Banderas_0001.jpg,/home/anitadonato/tcc/tcc/data/lfw/lfw-funneled/Antonio_Banderas/Antonio_Banderas_0003.jpg,0.6080435756539982,1
/home/anitadonato/tcc/tcc/data/lfw/lfw-funneled/Antonio_Banderas/Antonio_Banderas_0001.jpg,/home/anitadonato/tcc/tcc/data/lfw/lfw-funneled/Antonio_Banderas/Antonio_Banderas_0004.jpg,0.6424432548316444,1
/home/anitadonato/tcc/tcc/data/lfw/lfw-funneled/Antonio_Banderas/Antonio_Banderas_0002.jpg,/home/anitadonato/tcc/tcc/data/lfw/lfw-funneled/Antonio_Banderas/Antonio_Banderas_0005.jpg,0.4695898757047184,1
/home/anitadonato/tcc/tcc/data/lfw/lfw-funneled/Antonio_Banderas/Antonio_Banderas_0002.jpg,/home/anitadonato/tcc/tcc/data/lfw/lfw-funneled/Antonio_Banderas/Antonio_Banderas_0003.jpg,0.603891972444143,1
/home/anitadonato/tcc/tcc/data/lfw/lfw-funneled/Antonio_Banderas/Antonio_Banderas_0002.jpg,/home/anitadonato/tcc/tcc/data/lfw/lfw-funneled/Antonio_Banderas/Antonio_Banderas_0004.jpg,0.5958568332740679,1
/home/anitadonato/tcc/tcc/data/lfw/lfw-funneled/Antonio_Banderas/Antonio_Banderas_0005.jpg,/home/anitadonato/tcc/tcc/data/lfw/lfw-funneled/Antonio_Banderas/Antonio_Banderas_0003.jpg,0.5013185273169186,1
/home/anitadonato/tcc/tcc/data/lfw/lfw-funneled/Antonio_Banderas/Antonio_Banderas_0005.jpg,/home/anitadonato/tcc/tcc/data/lfw/lfw-funneled/Antonio_Banderas/Antonio_Banderas_0004.jpg,0.47397637199705217,1
/home/anitadonato/tcc/tcc/data/lfw/lfw-funneled/Antonio_Banderas/Antonio_Banderas_0003.jpg,/home/anitadonato/tcc/tcc/data/lfw/lfw-funneled/Antonio_Banderas/Antonio_Banderas_0004.jpg,0.5866212724673356,1
/home/anitadonato/tcc/tcc/data/lfw/lfw-funneled/Carlos_Menem/Carlos_Menem_0004.jpg,/home/anitadonato/tcc/tcc/data/lfw/lfw-funneled/Carlos_Menem/Carlos_Menem_0019.jpg,0.4111157768436251,1
/home/anitadonato/tcc/tcc/data/lfw/lfw-funneled/Carlos_Menem/Carlos_Menem_0004.jpg,/home/anitadonato/tcc/tcc/data/lfw/lfw-funneled/Carlos_Menem/Carlos_Menem_0007.jpg,0.42019691248257157,1
/home/anitadonato/tcc/tcc/data/lfw/lfw-funneled/Carlos_Menem/Carlos_Menem_0004.jpg,/home/anitadonato/tcc/tcc/data/lfw/lfw-funneled/Carlos_Menem/Carlos_Menem_0015.jpg,0.3774306893859649,1
/home/anitadonato/tcc/tcc/data/lfw/lfw-funneled/Carlos_Menem/Carlos_Menem_0004.jpg,/home/anitadonato/tcc/tcc/data/lfw/lfw-funneled/Carlos_Menem/Carlos_Menem_0009.jpg,0.37549007066884454,1
/home/anitadonato/tcc/tcc/data/lfw/lfw-funneled/Carlos_Menem/Carlos_Menem_0019.jpg,/home/anitadonato/tcc/tcc/data/lfw/lfw-funneled/Carlos_Menem/Carlos_Menem_0007.jpg,0.4100720071845167,1
/home/anitadonato/tcc/tcc/data/lfw/lfw-funneled/Carlos_Menem/Carlos_Menem_0019.jpg,/home/anitadonato/tcc/tcc/data/lfw/lfw-funneled/Carlos_Menem/Carlos_Menem_0015.jpg,0.44155975538488057,1
/home/anitadonato/tcc/tcc/data/lfw/lfw-funneled/Carlos_Menem/Carlos_Menem_0019.jpg,/home/anitadonato/tcc/tcc/data/lfw/lfw-funneled/Carlos_Menem/Carlos_Menem_0009.jpg,0.41352253198073197,1
/home/anitadonato/tcc/tcc/data/lfw/lfw-funneled/Carlos_Menem/Carlos_Menem_0007.jpg,/home/anitadonato/tcc/tcc/data/lfw/lfw-funneled/Carlos_Menem/Carlos_Menem_0015.jpg,0.30897605850585425,1
/home/anitadonato/tcc/tcc/data/lfw/lfw-funneled/Carlos_Menem/Carlos_Menem_0007.jpg,/home/anitadonato/tcc/tcc/data/lfw/lfw-funneled/Carlos_Menem/Carlos_Menem_0009.jpg,0.3828814581297776,1
/home/anitadonato/tcc/tcc/data/lfw/lfw-funneled/Carlos_Menem/Carlos_Menem_0015.jpg,/home/anitadonato/tcc/tcc/data/lfw/lfw-funneled/Carlos_Menem/Carlos_Menem_0009.jpg,0.35484476321321323,1
/home/anitadonato/tcc/tcc/data/lfw/lfw-funneled/Colin_Montgomerie/Colin_Montgomerie_0003.jpg,/home/anitadonato/tcc/tcc/data/lfw/lfw-funneled/Colin_Montgomerie/Colin_Montgomerie_0002.jpg,0.4563998983993032,1
/home/anitadonato/tcc/tcc/data/lfw/lfw-funneled/Colin_Montgomerie/Colin_Montgomerie_0003.jpg,/home/anitadonato/tcc/tcc/data/lfw/lfw-funneled/Colin_Montgomerie/Colin_Montgomerie_0005.jpg,0.4503953638459121,1
/home/anitadonato/tcc/tcc/data/lfw/lfw-funneled/Colin_Montgomerie/Colin_Montgomerie_0003.jpg,/home/anitadonato/tcc/tcc/data/lfw/lfw-funneled/Colin_Montgomerie/Colin_Montgomerie_0001.jpg,0.3892384188829432,1
/home/anitadonato/tcc/tcc/data/lfw/lfw-funneled/Colin_Montgomerie/Colin_Montgomerie_0002.jpg,/home/anitadonato/tcc/tcc/data/lfw/lfw-funneled/Colin_Montgomerie/Colin_Montgomerie_0005.jpg,0.39523550080518643,1
/home/anitadonato/tcc/tcc/data/lfw/lfw-funneled/Colin_Montgomerie/Colin_Montgomerie_0002.jpg,/home/anitadonato/tcc/tcc/data/lfw/lfw-funneled/Colin_Montgomerie/Colin_Montgomerie_0001.jpg,0.4571863895170498,1
/home/anitadonato/tcc/tcc/data/lfw/lfw-funneled/Colin_Montgomerie/Colin_Montgomerie_0005.jpg,/home/anitadonato/tcc/tcc/data/lfw/lfw-funneled/Colin_Montgomerie/Colin_Montgomerie_0001.jpg,0.407967919028986,1
/home/anitadonato/tcc/tcc/data/lfw/lfw-funneled/Tom_Harkin/Tom_Harkin_0003.jpg,/home/anitadonato/tcc/tcc/data/lfw/lfw-funneled/Tom_Harkin/Tom_Harkin_0001.jpg,0.3755286421928302,1
/home/anitadonato/tcc/tcc/data/lfw/lfw-funneled/Tom_Harkin/Tom_Harkin_0003.jpg,/home/anitadonato/tcc/tcc/data/lfw/lfw-funneled/Tom_Harkin/Tom_Harkin_0005.jpg,0.46954311654383013,1
/home/anitadonato/tcc/tcc/data/lfw/lfw-funneled/Tom_Harkin/Tom_Harkin_0003.jpg,/home/anitadonato/tcc/tcc/data/lfw/lfw-funneled/Tom_Harkin/Tom_Harkin_0004.jpg,0.382808615424883,1
/home/anitadonato/tcc/tcc/data/lfw/lfw-funneled/Tom_Harkin/Tom_Harkin_0003.jpg,/home/anitadonato/tcc/tcc/data/lfw/lfw-funneled/Tom_Harkin/Tom_Harkin_0002.jpg,0.39543581945374984,1
/home/anitadonato/tcc/tcc/data/lfw/lfw-funneled/Tom_Harkin/Tom_Harkin_0001.jpg,/home/anitadonato/tcc/tcc/data/lfw/lfw-funneled/Tom_Harkin/Tom_Harkin_0005.jpg,0.5022164434820025,1
/home/anitadonato/tcc/tcc/data/lfw/lfw-funneled/Tom_Harkin/Tom_Harkin_0001.jpg,/home/anitadonato/tcc/tcc/data/lfw/lfw-funneled/Tom_Harkin/Tom_Harkin_0004.jpg,0.44673817581058595,1
/home/anitadonato/tcc/tcc/data/lfw/lfw-funneled/Tom_Harkin/Tom_Harkin_0001.jpg,/home/anitadonato/tcc/tcc/data/lfw/lfw-funneled/Tom_Harkin/Tom_Harkin_0002.jpg,0.40936347850291743,1
/home/anitadonato/tcc/tcc/data/lfw/lfw-funneled/Tom_Harkin/Tom_Harkin_0005.jpg,/home/anitadonato/tcc/tcc/data/lfw/lfw-funneled/Tom_Harkin/Tom_Harkin_0004.jpg,0.44887910298248157,1
/home/anitadonato/tcc/tcc/data/lfw/lfw-funneled/Tom_Harkin/Tom_Harkin_0005.jpg,/home/anitadonato/tcc/tcc/data/lfw/lfw-funneled/Tom_Harkin/Tom_Harkin_0002.jpg,0.44681833294612444,1
/home/anitadonato/tcc/tcc/data/lfw/lfw-funneled/Tom_Harkin/Tom_Harkin_0004.jpg,/home/anitadonato/tcc/tcc/data/lfw/lfw-funneled/Tom_Harkin/Tom_Harkin_0002.jpg,0.4740170741574589,1
/home/anitadonato/tcc/tcc/data/lfw/lfw-funneled/Tom_Daschle/Tom_Daschle_0019.jpg,/home/anitadonato/tcc/tcc/data/lfw/lfw-funneled/Tom_Daschle/Tom_Daschle_0022.jpg,0.40549712278433225,1
/home/anitadonato/tcc/tcc/data/lfw/lfw-funneled/Tom_Daschle/Tom_Daschle_0019.jpg,/home/anitadonato/tcc/tcc/data/lfw/lfw-funneled/Tom_Daschle/Tom_Daschle_0013.jpg,0.40232500579912583,1
/home/anitadonato/tcc/tcc/data/lfw/lfw-funneled/Tom_Daschle/Tom_Daschle_0019.jpg,/home/anitadonato/tcc/tcc/data/lfw/lfw-funneled/Tom_Daschle/Tom_Daschle_0023.jpg,0.42784399078136215,1
/home/anitadonato/tcc/tcc/data/lfw/lfw-funneled/Tom_Daschle/Tom_Daschle_0019.jpg,/home/anitadonato/tcc/tcc/data/lfw/lfw-funneled/Tom_Daschle/Tom_Daschle_0007.jpg,0.46404017325363095,1
/home/anitadonato/tcc/tcc/data/lfw/lfw-funneled/Tom_Daschle/Tom_Daschle_0022.jpg,/home/anitadonato/tcc/tcc/data/lfw/lfw-funneled/Tom_Daschle/Tom_Daschle_0013.jpg,0.3642851316133252,1
/home/anitadonato/tcc/tcc/data/lfw/lfw-funneled/Tom_Daschle/Tom_Daschle_0022.jpg,/home/anitadonato/tcc/tcc/data/lfw/lfw-funneled/Tom_Daschle/Tom_Daschle_0023.jpg,0.4055321039490871,1
/home/anitadonato/tcc/tcc/data/lfw/lfw-funneled/Tom_Daschle/Tom_Daschle_0022.jpg,/home/anitadonato/tcc/tcc/data/lfw/lfw-funneled/Tom_Daschle/Tom_Daschle_0007.jpg,0.4129539683120071,1
/home/anitadonato/tcc/tcc/data/lfw/lfw-funneled/Tom_Daschle/Tom_Daschle_0013.jpg,/home/anitadonato/tcc/tcc/data/lfw/lfw-funneled/Tom_Daschle/Tom_Daschle_0023.jpg,0.43065767845627595,1
/home/anitadonato/tcc/tcc/data/lfw/lfw-funneled/Tom_Daschle/Tom_Daschle_0013.jpg,/home/anitadonato/tcc/tcc/data/lfw/lfw-funneled/Tom_Daschle/Tom_Daschle_0007.jpg,0.4063287326289236,1
/home/anitadonato/tcc/tcc/data/lfw/lfw-funneled/Tom_Daschle/Tom_Daschle_0023.jpg,/home/anitadonato/tcc/tcc/data/lfw/lfw-funneled/Tom_Daschle/Tom_Daschle_0007.jpg,0.4391219846423899,1
/home/anitadonato/tcc/tcc/data/lfw/lfw-funneled/Atal_Bihari_Vajpayee/Atal_Bihari_Vajpayee_0003.jpg,/home/anitadonato/tcc/tcc/data/lfw/lfw-funneled/Atal_Bihari_Vajpayee/Atal_Bihari_Vajpayee_0019.jpg,0.5339180071516018,1
/home/anitadonato/tcc/tcc/data/lfw/lfw-funneled/Atal_Bihari_Vajpayee/Atal_Bihari_Vajpayee_0003.jpg,/home/anitadonato/tcc/tcc/data/lfw/lfw-funneled/Atal_Bihari_Vajpayee/Atal_Bihari_Vajpayee_0023.jpg,0.3921449955063155,1
/home/anitadonato/tcc/tcc/data/lfw/lfw-funneled/Atal_Bihari_Vajpayee/Atal_Bihari_Vajpayee_0003.jpg,/home/anitadonato/tcc/tcc/data/lfw/lfw-funneled/Atal_Bihari_Vajpayee/Atal_Bihari_Vajpayee_0021.jpg,0.48078567244342035,1
/home/anitadonato/tcc/tcc/data/lfw/lfw-funneled/Atal_Bihari_Vajpayee/Atal_Bihari_Vajpayee_0003.jpg,/home/anitadonato/tcc/tcc/data/lfw/lfw-funneled/Atal_Bihari_Vajpayee/Atal_Bihari_Vajpayee_0008.jpg,0.2020613076446207,1
/home/anitadonato/tcc/tcc/data/lfw/lfw-funneled/Atal_Bihari_Vajpayee/Atal_Bihari_Vajpayee_0019.jpg,/home/anitadonato/tcc/tcc/data/lfw/lfw-funneled/Atal_Bihari_Vajpayee/Atal_Bihari_Vajpayee_0023.jpg,0.5090224697139741,1
/home/anitadonato/tcc/tcc/data/lfw/lfw-funneled/Atal_Bihari_Vajpayee/Atal_Bihari_Vajpayee_0019.jpg,/home/anitadonato/tcc/tcc/data/lfw/lfw-funneled/Atal_Bihari_Vajpayee/Atal_Bihari_Vajpayee_0021.jpg,0.4907258753559065,1
/home/anitadonato/tcc/tcc/data/lfw/lfw-funneled/Atal_Bihari_Vajpayee/Atal_Bihari_Vajpayee_0019.jpg,/home/anitadonato/tcc/tcc/data/lfw/lfw-funneled/Atal_Bihari_Vajpayee/Atal_Bihari_Vajpayee_0008.jpg,0.5180422652445932,1
/home/anitadonato/tcc/tcc/data/lfw/lfw-funneled/Atal_Bihari_Vajpayee/Atal_Bihari_Vajpayee_0023.jpg,/home/anitadonato/tcc/tcc/data/lfw/lfw-funneled/Atal_Bihari_Vajpayee/Atal_Bihari_Vajpayee_0021.jpg,0.4142276735327525,1
/home/anitadonato/tcc/tcc/data/lfw/lfw-funneled/Atal_Bihari_Vajpayee/Atal_Bihari_Vajpayee_0023.jpg,/home/anitadonato/tcc/tcc/data/lfw/lfw-funneled/Atal_Bihari_Vajpayee/Atal_Bihari_Vajpayee_0008.jpg,0.3893608110594211,1
/home/anitadonato/tcc/tcc/data/lfw/lfw-funneled/Atal_Bihari_Vajpayee/Atal_Bihari_Vajpayee_0021.jpg,/home/anitadonato/tcc/tcc/data/lfw/lfw-funneled/Atal_Bihari_Vajpayee/Atal_Bihari_Vajpayee_0008.jpg,0.49395809646107225,1
/home/anitadonato/tcc/tcc/data/lfw/lfw-funneled/John_Travolta/John_Travolta_0001.jpg,/home/anitadonato/tcc/tcc/data/lfw/lfw-funneled/John_Travolta/John_Travolta_0006.jpg,0.48539882798262346,1
/home/anitadonato/tcc/tcc/data/lfw/lfw-funneled/John_Travolta/John_Travolta_0001.jpg,/home/anitadonato/tcc/tcc/data/lfw/lfw-funneled/John_Travolta/John_Travolta_0003.jpg,0.4489987793203737,1
/home/anitadonato/tcc/tcc/data/lfw/lfw-funneled/John_Travolta/John_Travolta_0001.jpg,/home/anitadonato/tcc/tcc/data/lfw/lfw-funneled/John_Travolta/John_Travolta_0007.jpg,0.4211331786630837,1
/home/anitadonato/tcc/tcc/data/lfw/lfw-funneled/John_Travolta/John_Travolta_0001.jpg,/home/anitadonato/tcc/tcc/data/lfw/lfw-funneled/John_Travolta/John_Travolta_0005.jpg,0.46704430121564894,1
/home/anitadonato/tcc/tcc/data/lfw/lfw-funneled/John_Travolta/John_Travolta_0006.jpg,/home/anitadonato/tcc/tcc/data/lfw/lfw-funneled/John_Travolta/John_Travolta_0003.jpg,0.6163624234810121,1
/home/anitadonato/tcc/tcc/data/lfw/lfw-funneled/John_Travolta/John_Travolta_0006.jpg,/home/anitadonato/tcc/tcc/data/lfw/lfw-funneled/John_Travolta/John_Travolta_0007.jpg,0.5548584438933346,1
/home/anitadonato/tcc/tcc/data/lfw/lfw-funneled/John_Travolta/John_Travolta_0006.jpg,/home/anitadonato/tcc/tcc/data/lfw/lfw-funneled/John_Travolta/John_Travolta_0005.jpg,0.47546394575619044,1
/home/anitadonato/tcc/tcc/data/lfw/lfw-funneled/John_Travolta/John_Travolta_0003.jpg,/home/anitadonato/tcc/tcc/data/lfw/lfw-funneled/John_Travolta/John_Travolta_0007.jpg,0.41308615601832804,1
/home/anitadonato/tcc/tcc/data/lfw/lfw-funneled/John_Travolta/John_Travolta_0003.jpg,/home/anitadonato/tcc/tcc/data/lfw/lfw-funneled/John_Travolta/John_Travolta_0005.jpg,0.5199923990636991,1
/home/anitadonato/tcc/tcc/data/lfw/lfw-funneled/John_Travolta/John_Travolta_0007.jpg,/home/anitadonato/tcc/tcc/data/lfw/lfw-funneled/John_Travolta/John_Travolta_0005.jpg,0.5339913504863925,1
/home/anitadonato/tcc/tcc/data/lfw/lfw-funneled/John_Snow/John_Snow_0002.jpg,/home/anitadonato/tcc/tcc/data/lfw/lfw-funneled/John_Snow/John_Snow_0012.jpg,0.5739209433544638,1
/home/anitadonato/tcc/tcc/data/lfw/lfw-funneled/John_Snow/John_Snow_0002.jpg,/home/anitadonato/tcc/tcc/data/lfw/lfw-funneled/John_Snow/John_Snow_0009.jpg,0.3893718261171785,1
/home/anitadonato/tcc/tcc/data/lfw/lfw-funneled/John_Snow/John_Snow_0002.jpg,/home/anitadonato/tcc/tcc/data/lfw/lfw-funneled/John_Snow/John_Snow_0007.jpg,0.5064092846137414,1
/home/anitadonato/tcc/tcc/data/lfw/lfw-funneled/John_Snow/John_Snow_0002.jpg,/home/anitadonato/tcc/tcc/data/lfw/lfw-funneled/John_Snow/John_Snow_0011.jpg,0.44198175571072357,1
/home/anitadonato/tcc/tcc/data/lfw/lfw-funneled/John_Snow/John_Snow_0012.jpg,/home/anitadonato/tcc/tcc/data/lfw/lfw-funneled/John_Snow/John_Snow_0009.jpg,0.5372038135422942,1
/home/anitadonato/tcc/tcc/data/lfw/lfw-funneled/John_Snow/John_Snow_0012.jpg,/home/anitadonato/tcc/tcc/data/lfw/lfw-funneled/John_Snow/John_Snow_0007.jpg,0.5726931005376361,1
/home/anitadonato/tcc/tcc/data/lfw/lfw-funneled/John_Snow/John_Snow_0012.jpg,/home/anitadonato/tcc/tcc/data/lfw/lfw-funneled/John_Snow/John_Snow_0011.jpg,0.4600498421917226,1
/home/anitadonato/tcc/tcc/data/lfw/lfw-funneled/John_Snow/John_Snow_0009.jpg,/home/anitadonato/tcc/tcc/data/lfw/lfw-funneled/John_Snow/John_Snow_0007.jpg,0.4216186191782523,1
/home/anitadonato/tcc/tcc/data/lfw/lfw-funneled/John_Snow/John_Snow_0009.jpg,/home/anitadonato/tcc/tcc/data/lfw/lfw-funneled/John_Snow/John_Snow_0011.jpg,0.4196608361229099,1
/home/anitadonato/tcc/tcc/data/lfw/lfw-funneled/John_Snow/John_Snow_0007.jpg,/home/anitadonato/tcc/tcc/data/lfw/lfw-funneled/John_Snow/John_Snow_0011.jpg,0.49148776203745753,1
/home/anitadonato/tcc/tcc/data/lfw/lfw-funneled/Ludivine_Sagnier/Ludivine_Sagnier_0003.jpg,/home/anitadonato/tcc/tcc/data/lfw/lfw-funneled/Ludivine_Sagnier/Ludivine_Sagnier_0001.jpg,0.45054861286527265,1
/home/anitadonato/tcc/tcc/data/lfw/lfw-funneled/Ludivine_Sagnier/Ludivine_Sagnier_0003.jpg,/home/anitadonato/tcc/tcc/data/lfw/lfw-funneled/Ludivine_Sagnier/Ludivine_Sagnier_0005.jpg,0.5545835108034226,1
/home/anitadonato/tcc/tcc/data/lfw/lfw-funneled/Ludivine_Sagnier/Ludivine_Sagnier_0003.jpg,/home/anitadonato/tcc/tcc/data/lfw/lfw-funneled/Ludivine_Sagnier/Ludivine_Sagnier_0002.jpg,0.429423351985226,1
/home/anitadonato/tcc/tcc/data/lfw/lfw-funneled/Ludivine_Sagnier/Ludivine_Sagnier_0003.jpg,/home/anitadonato/tcc/tcc/data/lfw/lfw-funneled/Ludivine_Sagnier/Ludivine_Sagnier_0004.jpg,0.40219161070364745,1
/home/anitadonato/tcc/tcc/data/lfw/lfw-funneled/Ludivine_Sagnier/Ludivine_Sagnier_0001.jpg,/home/anitadonato/tcc/tcc/data/lfw/lfw-funneled/Ludivine_Sagnier/Ludivine_Sagnier_0005.jpg,0.5747548493431954,1
/home/anitadonato/tcc/tcc/data/lfw/lfw-funneled/Ludivine_Sagnier/Ludivine_Sagnier_0001.jpg,/home/anitadonato/tcc/tcc/data/lfw/lfw-funneled/Ludivine_Sagnier/Ludivine_Sagnier_0002.jpg,0.47286229985266753,1
/home/anitadonato/tcc/tcc/data/lfw/lfw-funneled/Ludivine_Sagnier/Ludivine_Sagnier_0001.jpg,/home/anitadonato/tcc/tcc/data/lfw/lfw-funneled/Ludivine_Sagnier/Ludivine_Sagnier_0004.jpg,0.4921061625227942,1
/home/anitadonato/tcc/tcc/data/lfw/lfw-funneled/Ludivine_Sagnier/Ludivine_Sagnier_0005.jpg,/home/anitadonato/tcc/tcc/data/lfw/lfw-funneled/Ludivine_Sagnier/Ludivine_Sagnier_0002.jpg,0.39875598278399194,1
/home/anitadonato/tcc/tcc/data/lfw/lfw-funneled/Ludivine_Sagnier/Ludivine_Sagnier_0005.jpg,/home/anitadonato/tcc/tcc/data/lfw/lfw-funneled/Ludivine_Sagnier/Ludivine_Sagnier_0004.jpg,0.5380470448689328,1
/home/anitadonato/tcc/tcc/data/lfw/lfw-funneled/Ludivine_Sagnier/Ludivine_Sagnier_0002.jpg,/home/anitadonato/tcc/tcc/data/lfw/lfw-funneled/Ludivine_Sagnier/Ludivine_Sagnier_0004.jpg,0.44438837218099325,1
/home/anitadonato/tcc/tcc/data/lfw/lfw-funneled/Michelle_Yeoh/Michelle_Yeoh_0004.jpg,/home/anitadonato/tcc/tcc/data/lfw/lfw-funneled/Michelle_Yeoh/Michelle_Yeoh_0005.jpg,0.44193803567349665,1
/home/anitadonato/tcc/tcc/data/lfw/lfw-funneled/Michelle_Yeoh/Michelle_Yeoh_0004.jpg,/home/anitadonato/tcc/tcc/data/lfw/lfw-funneled/Michelle_Yeoh/Michelle_Yeoh_0001.jpg,0.39790717377873364,1
/home/anitadonato/tcc/tcc/data/lfw/lfw-funneled/Michelle_Yeoh/Michelle_Yeoh_0004.jpg,/home/anitadonato/tcc/tcc/data/lfw/lfw-funneled/Michelle_Yeoh/Michelle_Yeoh_0002.jpg,0.4580291383824641,1
/home/anitadonato/tcc/tcc/data/lfw/lfw-funneled/Michelle_Yeoh/Michelle_Yeoh_0004.jpg,/home/anitadonato/tcc/tcc/data/lfw/lfw-funneled/Michelle_Yeoh/Michelle_Yeoh_0003.jpg,0.37265621242229974,1
/home/anitadonato/tcc/tcc/data/lfw/lfw-funneled/Michelle_Yeoh/Michelle_Yeoh_0005.jpg,/home/anitadonato/tcc/tcc/data/lfw/lfw-funneled/Michelle_Yeoh/Michelle_Yeoh_0001.jpg,0.42056518000434956,1
/home/anitadonato/tcc/tcc/data/lfw/lfw-funneled/Michelle_Yeoh/Michelle_Yeoh_0005.jpg,/home/anitadonato/tcc/tcc/data/lfw/lfw-funneled/Michelle_Yeoh/Michelle_Yeoh_0002.jpg,0.47991687681612477,1
/home/anitadonato/tcc/tcc/data/lfw/lfw-funneled/Michelle_Yeoh/Michelle_Yeoh_0005.jpg,/home/anitadonato/tcc/tcc/data/lfw/lfw-funneled/Michelle_Yeoh/Michelle_Yeoh_0003.jpg,0.38371979790034544,1
/home/anitadonato/tcc/tcc/data/lfw/lfw-funneled/Michelle_Yeoh/Michelle_Yeoh_0001.jpg,/home/anitadonato/tcc/tcc/data/lfw/lfw-funneled/Michelle_Yeoh/Michelle_Yeoh_0002.jpg,0.45630397990976806,1
/home/anitadonato/tcc/tcc/data/lfw/lfw-funneled/Michelle_Yeoh/Michelle_Yeoh_0001.jpg,/home/anitadonato/tcc/tcc/data/lfw/lfw-funneled/Michelle_Yeoh/Michelle_Yeoh_0003.jpg,0.39407494679516886,1
/home/anitadonato/tcc/tcc/data/lfw/lfw-funneled/Michelle_Yeoh/Michelle_Yeoh_0002.jpg,/home/anitadonato/tcc/tcc/data/lfw/lfw-funneled/Michelle_Yeoh/Michelle_Yeoh_0003.jpg,0.4233991658099816,1
/home/anitadonato/tcc/tcc/data/lfw/lfw-funneled/Grant_Hackett/Grant_Hackett_0004.jpg,/home/anitadonato/tcc/tcc/data/lfw/lfw-funneled/Grant_Hackett/Grant_Hackett_0002.jpg,0.34340126537638926,1
/home/anitadonato/tcc/tcc/data/lfw/lfw-funneled/Grant_Hackett/Grant_Hackett_0004.jpg,/home/anitadonato/tcc/tcc/data/lfw/lfw-funneled/Grant_Hackett/Grant_Hackett_0005.jpg,0.36770431407099313,1
/home/anitadonato/tcc/tcc/data/lfw/lfw-funneled/Grant_Hackett/Grant_Hackett_0004.jpg,/home/anitadonato/tcc/tcc/data/lfw/lfw-funneled/Grant_Hackett/Grant_Hackett_0001.jpg,0.31006679557488137,1
/home/anitadonato/tcc/tcc/data/lfw/lfw-funneled/Grant_Hackett/Grant_Hackett_0004.jpg,/home/anitadonato/tcc/tcc/data/lfw/lfw-funneled/Grant_Hackett/Grant_Hackett_0003.jpg,0.36414987438869195,1
/home/anitadonato/tcc/tcc/data/lfw/lfw-funneled/Grant_Hackett/Grant_Hackett_0002.jpg,/home/anitadonato/tcc/tcc/data/lfw/lfw-funneled/Grant_Hackett/Grant_Hackett_0005.jpg,0.3024046694460415,1
/home/anitadonato/tcc/tcc/data/lfw/lfw-funneled/Grant_Hackett/Grant_Hackett_0002.jpg,/home/anitadonato/tcc/tcc/data/lfw/lfw-funneled/Grant_Hackett/Grant_Hackett_0001.jpg,0.2898683797866278,1
/home/anitadonato/tcc/tcc/data/lfw/lfw-funneled/Grant_Hackett/Grant_Hackett_0002.jpg,/home/anitadonato/tcc/tcc/data/lfw/lfw-funneled/Grant_Hackett/Grant_Hackett_0003.jpg,0.3475505341960419,1
/home/anitadonato/tcc/tcc/data/lfw/lfw-funneled/Grant_Hackett/Grant_Hackett_0005.jpg,/home/anitadonato/tcc/tcc/data/lfw/lfw-funneled/Grant_Hackett/Grant_Hackett_0001.jpg,0.3682609993263983,1
/home/anitadonato/tcc/tcc/data/lfw/lfw-funneled/Grant_Hackett/Grant_Hackett_0005.jpg,/home/anitadonato/tcc/tcc/data/lfw/lfw-funneled/Grant_Hackett/Grant_Hackett_0003.jpg,0.3747527080890108,1
/home/anitadonato/tcc/tcc/data/lfw/lfw-funneled/Grant_Hackett/Grant_Hackett_0001.jpg,/home/anitadonato/tcc/tcc/data/lfw/lfw-funneled/Grant_Hackett/Grant_Hackett_0003.jpg,0.3538653408723938,1
/home/anitadonato/tcc/tcc/data/lfw/lfw-funneled/Al_Sharpton/Al_Sharpton_0005.jpg,/home/anitadonato/tcc/tcc/data/lfw/lfw-funneled/Al_Sharpton/Al_Sharpton_0007.jpg,0.3342667486490553,1
/home/anitadonato/tcc/tcc/data/lfw/lfw-funneled/Al_Sharpton/Al_Sharpton_0005.jpg,/home/anitadonato/tcc/tcc/data/lfw/lfw-funneled/Al_Sharpton/Al_Sharpton_0004.jpg,0.4262840038543085,1
/home/anitadonato/tcc/tcc/data/lfw/lfw-funneled/Al_Sharpton/Al_Sharpton_0005.jpg,/home/anitadonato/tcc/tcc/data/lfw/lfw-funneled/Al_Sharpton/Al_Sharpton_0006.jpg,0.35790541158894884,1
/home/anitadonato/tcc/tcc/data/lfw/lfw-funneled/Al_Sharpton/Al_Sharpton_0005.jpg,/home/anitadonato/tcc/tcc/data/lfw/lfw-funneled/Al_Sharpton/Al_Sharpton_0002.jpg,0.30647529764701575,1
/home/anitadonato/tcc/tcc/data/lfw/lfw-funneled/Al_Sharpton/Al_Sharpton_0007.jpg,/home/anitadonato/tcc/tcc/data/lfw/lfw-funneled/Al_Sharpton/Al_Sharpton_0004.jpg,0.38097373670697465,1
/home/anitadonato/tcc/tcc/data/lfw/lfw-funneled/Al_Sharpton/Al_Sharpton_0007.jpg,/home/anitadonato/tcc/tcc/data/lfw/lfw-funneled/Al_Sharpton/Al_Sharpton_0006.jpg,0.3734831872805611,1
/home/anitadonato/tcc/tcc/data/lfw/lfw-funneled/Al_Sharpton/Al_Sharpton_0007.jpg,/home/anitadonato/tcc/tcc/data/lfw/lfw-funneled/Al_Sharpton/Al_Sharpton_0002.jpg,0.3729679913949293,1
/home/anitadonato/tcc/tcc/data/lfw/lfw-funneled/Al_Sharpton/Al_Sharpton_0004.jpg,/home/anitadonato/tcc/tcc/data/lfw/lfw-funneled/Al_Sharpton/Al_Sharpton_0006.jpg,0.43820265095642075,1
/home/anitadonato/tcc/tcc/data/lfw/lfw-funneled/Al_Sharpton/Al_Sharpton_0004.jpg,/home/anitadonato/tcc/tcc/data/lfw/lfw-funneled/Al_Sharpton/Al_Sharpton_0002.jpg,0.3705042271708953,1
/home/anitadonato/tcc/tcc/data/lfw/lfw-funneled/Al_Sharpton/Al_Sharpton_0006.jpg,/home/anitadonato/tcc/tcc/data/lfw/lfw-funneled/Al_Sharpton/Al_Sharpton_0002.jpg,0.313095691067409,1
/home/anitadonato/tcc/tcc/data/lfw/lfw-funneled/Carmen_Electra/Carmen_Electra_0006.jpg,/home/anitadonato/tcc/tcc/data/lfw/lfw-funneled/Carmen_Electra/Carmen_Electra_0005.jpg,0.3700046271038,1
/home/anitadonato/tcc/tcc/data/lfw/lfw-funneled/Carmen_Electra/Carmen_Electra_0006.jpg,/home/anitadonato/tcc/tcc/data/lfw/lfw-funneled/Carmen_Electra/Carmen_Electra_0003.jpg,0.38416813786428894,1
/home/anitadonato/tcc/tcc/data/lfw/lfw-funneled/Carmen_Electra/Carmen_Electra_0006.jpg,/home/anitadonato/tcc/tcc/data/lfw/lfw-funneled/Carmen_Electra/Carmen_Electra_0002.jpg,0.4169321583808165,1
/home/anitadonato/tcc/tcc/data/lfw/lfw-funneled/Carmen_Electra/Carmen_Electra_0006.jpg,/home/anitadonato/tcc/tcc/data/lfw/lfw-funneled/Carmen_Electra/Carmen_Electra_0001.jpg,0.43916567120489075,1
/home/anitadonato/tcc/tcc/data/lfw/lfw-funneled/Carmen_Electra/Carmen_Electra_0005.jpg,/home/anitadonato/tcc/tcc/data/lfw/lfw-funneled/Carmen_Electra/Carmen_Electra_0003.jpg,0.39969260727614464,1
/home/anitadonato/tcc/tcc/data/lfw/lfw-funneled/Carmen_Electra/Carmen_Electra_0005.jpg,/home/anitadonato/tcc/tcc/data/lfw/lfw-funneled/Carmen_Electra/Carmen_Electra_0002.jpg,0.38927058980962254,1
/home/anitadonato/tcc/tcc/data/lfw/lfw-funneled/Carmen_Electra/Carmen_Electra_0005.jpg,/home/anitadonato/tcc/tcc/data/lfw/lfw-funneled/Carmen_Electra/Carmen_Electra_0001.jpg,0.41554233992057515,1
/home/anitadonato/tcc/tcc/data/lfw/lfw-funneled/Carmen_Electra/Carmen_Electra_0003.jpg,/home/anitadonato/tcc/tcc/data/lfw/lfw-funneled/Carmen_Electra/Carmen_Electra_0002.jpg,0.4505346734314362,1
/home/anitadonato/tcc/tcc/data/lfw/lfw-funneled/Carmen_Electra/Carmen_Electra_0003.jpg,/home/anitadonato/tcc/tcc/data/lfw/lfw-funneled/Carmen_Electra/Carmen_Electra_0001.jpg,0.5167181686389076,1
/home/anitadonato/tcc/tcc/data/lfw/lfw-funneled/Carmen_Electra/Carmen_Electra_0002.jpg,/home/anitadonato/tcc/tcc/data/lfw/lfw-funneled/Carmen_Electra/Carmen_Electra_0001.jpg,0.48303730285981383,1
/home/anitadonato/tcc/tcc/data/lfw/lfw-funneled/Steve_Lavin/Steve_Lavin_0001.jpg,/home/anitadonato/tcc/tcc/data/lfw/lfw-funneled/Steve_Lavin/Steve_Lavin_0003.jpg,0.398298752056569,1
/home/anitadonato/tcc/tcc/data/lfw/lfw-funneled/Steve_Lavin/Steve_Lavin_0001.jpg,/home/anitadonato/tcc/tcc/data/lfw/lfw-funneled/Steve_Lavin/Steve_Lavin_0004.jpg,0.4188864635733282,1
/home/anitadonato/tcc/tcc/data/lfw/lfw-funneled/Steve_Lavin/Steve_Lavin_0001.jpg,/home/anitadonato/tcc/tcc/data/lfw/lfw-funneled/Steve_Lavin/Steve_Lavin_0006.jpg,0.49946916552811205,1
/home/anitadonato/tcc/tcc/data/lfw/lfw-funneled/Steve_Lavin/Steve_Lavin_0001.jpg,/home/anitadonato/tcc/tcc/data/lfw/lfw-funneled/Steve_Lavin/Steve_Lavin_0002.jpg,0.4701695200177035,1
/home/anitadonato/tcc/tcc/data/lfw/lfw-funneled/Steve_Lavin/Steve_Lavin_0003.jpg,/home/anitadonato/tcc/tcc/data/lfw/lfw-funneled/Steve_Lavin/Steve_Lavin_0004.jpg,0.32632694570762605,1
/home/anitadonato/tcc/tcc/data/lfw/lfw-funneled/Steve_Lavin/Steve_Lavin_0003.jpg,/home/anitadonato/tcc/tcc/data/lfw/lfw-funneled/Steve_Lavin/Steve_Lavin_0006.jpg,0.3767585643627701,1
/home/anitadonato/tcc/tcc/data/lfw/lfw-funneled/Steve_Lavin/Steve_Lavin_0003.jpg,/home/anitadonato/tcc/tcc/data/lfw/lfw-funneled/Steve_Lavin/Steve_Lavin_0002.jpg,0.3608739820057363,1
/home/anitadonato/tcc/tcc/data/lfw/lfw-funneled/Steve_Lavin/Steve_Lavin_0004.jpg,/home/anitadonato/tcc/tcc/data/lfw/lfw-funneled/Steve_Lavin/Steve_Lavin_0006.jpg,0.41798626028866326,1
/home/anitadonato/tcc/tcc/data/lfw/lfw-funneled/Steve_Lavin/Steve_Lavin_0004.jpg,/home/anitadonato/tcc/tcc/data/lfw/lfw-funneled/Steve_Lavin/Steve_Lavin_0002.jpg,0.4849284690007535,1
/home/anitadonato/tcc/tcc/data/lfw/lfw-funneled/Steve_Lavin/Steve_Lavin_0006.jpg,/home/anitadonato/tcc/tcc/data/lfw/lfw-funneled/Steve_Lavin/Steve_Lavin_0002.jpg,0.4925408958064825,1
/home/anitadonato/tcc/tcc/data/lfw/lfw-funneled/Roh_Moo-hyun/Roh_Moo-hyun_0025.jpg,/home/anitadonato/tcc/tcc/data/lfw/lfw-funneled/Roh_Moo-hyun/Roh_Moo-hyun_0022.jpg,0.33421403388413407,1
/home/anitadonato/tcc/tcc/data/lfw/lfw-funneled/Roh_Moo-hyun/Roh_Moo-hyun_0025.jpg,/home/anitadonato/tcc/tcc/data/lfw/lfw-funneled/Roh_Moo-hyun/Roh_Moo-hyun_0002.jpg,0.3308273151851222,1
/home/anitadonato/tcc/tcc/data/lfw/lfw-funneled/Roh_Moo-hyun/Roh_Moo-hyun_0025.jpg,/home/anitadonato/tcc/tcc/data/lfw/lfw-funneled/Roh_Moo-hyun/Roh_Moo-hyun_0032.jpg,0.3405085539234296,1
/home/anitadonato/tcc/tcc/data/lfw/lfw-funneled/Roh_Moo-hyun/Roh_Moo-hyun_0025.jpg,/home/anitadonato/tcc/tcc/data/lfw/lfw-funneled/Roh_Moo-hyun/Roh_Moo-hyun_0021.jpg,0.3173897962883978,1
/home/anitadonato/tcc/tcc/data/lfw/lfw-funneled/Roh_Moo-hyun/Roh_Moo-hyun_0022.jpg,/home/anitadonato/tcc/tcc/data/lfw/lfw-funneled/Roh_Moo-hyun/Roh_Moo-hyun_0002.jpg,0.2673118184106636,1
/home/anitadonato/tcc/tcc/data/lfw/lfw-funneled/Roh_Moo-hyun/Roh_Moo-hyun_0022.jpg,/home/anitadonato/tcc/tcc/data/lfw/lfw-funneled/Roh_Moo-hyun/Roh_Moo-hyun_0032.jpg,0.24603418937812088,1
/home/anitadonato/tcc/tcc/data/lfw/lfw-funneled/Roh_Moo-hyun/Roh_Moo-hyun_0022.jpg,/home/anitadonato/tcc/tcc/data/lfw/lfw-funneled/Roh_Moo-hyun/Roh_Moo-hyun_0021.jpg,0.2766752623254463,1
/home/anitadonato/tcc/tcc/data/lfw/lfw-funneled/Roh_Moo-hyun/Roh_Moo-hyun_0002.jpg,/home/anitadonato/tcc/tcc/data/lfw/lfw-funneled/Roh_Moo-hyun/Roh_Moo-hyun_0032.jpg,0.28671528459721163,1
/home/anitadonato/tcc/tcc/data/lfw/lfw-funneled/Roh_Moo-hyun/Roh_Moo-hyun_0002.jpg,/home/anitadonato/tcc/tcc/data/lfw/lfw-funneled/Roh_Moo-hyun/Roh_Moo-hyun_0021.jpg,0.22846144082892075,1
/home/anitadonato/tcc/tcc/data/lfw/lfw-funneled/Roh_Moo-hyun/Roh_Moo-hyun_0032.jpg,/home/anitadonato/tcc/tcc/data/lfw/lfw-funneled/Roh_Moo-hyun/Roh_Moo-hyun_0021.jpg,0.2834509482242341,1
/home/anitadonato/tcc/tcc/data/lfw/lfw-funneled/Tom_Cruise/Tom_Cruise_0003.jpg,/home/anitadonato/tcc/tcc/data/lfw/lfw-funneled/Tom_Cruise/Tom_Cruise_0008.jpg,0.3893344018898634,1
/home/anitadonato/tcc/tcc/data/lfw/lfw-funneled/Tom_Cruise/Tom_Cruise_0003.jpg,/home/anitadonato/tcc/tcc/data/lfw/lfw-funneled/Tom_Cruise/Tom_Cruise_0004.jpg,0.5396508872094049,1
/home/anitadonato/tcc/tcc/data/lfw/lfw-funneled/Tom_Cruise/Tom_Cruise_0003.jpg,/home/anitadonato/tcc/tcc/data/lfw/lfw-funneled/Tom_Cruise/Tom_Cruise_0010.jpg,0.4231600596080986,1
/home/anitadonato/tcc/tcc/data/lfw/lfw-funneled/Tom_Cruise/Tom_Cruise_0003.jpg,/home/anitadonato/tcc/tcc/data/lfw/lfw-funneled/Tom_Cruise/Tom_Cruise_0007.jpg,0.5328797231311204,1
/home/anitadonato/tcc/tcc/data/lfw/lfw-funneled/Tom_Cruise/Tom_Cruise_0008.jpg,/home/anitadonato/tcc/tcc/data/lfw/lfw-funneled/Tom_Cruise/Tom_Cruise_0004.jpg,0.4608511603020916,1
/home/anitadonato/tcc/tcc/data/lfw/lfw-funneled/Tom_Cruise/Tom_Cruise_0008.jpg,/home/anitadonato/tcc/tcc/data/lfw/lfw-funneled/Tom_Cruise/Tom_Cruise_0010.jpg,0.38449978944423463,1
/home/anitadonato/tcc/tcc/data/lfw/lfw-funneled/Tom_Cruise/Tom_Cruise_0008.jpg,/home/anitadonato/tcc/tcc/data/lfw/lfw-funneled/Tom_Cruise/Tom_Cruise_0007.jpg,0.49849218949716695,1
/home/anitadonato/tcc/tcc/data/lfw/lfw-funneled/Tom_Cruise/Tom_Cruise_0004.jpg,/home/anitadonato/tcc/tcc/data/lfw/lfw-funneled/Tom_Cruise/Tom_Cruise_0010.jpg,0.5148282171168709,1
/home/anitadonato/tcc/tcc/data/lfw/lfw-funneled/Tom_Cruise/Tom_Cruise_0004.jpg,/home/anitadonato/tcc/tcc/data/lfw/lfw-funneled/Tom_Cruise/Tom_Cruise_0007.jpg,0.514104549418492,1
/home/anitadonato/tcc/tcc/data/lfw/lfw-funneled/Tom_Cruise/Tom_Cruise_0010.jpg,/home/anitadonato/tcc/tcc/data/lfw/lfw-funneled/Tom_Cruise/Tom_Cruise_0007.jpg,0.4071264105583176,1
/home/anitadonato/tcc/tcc/data/lfw/lfw-funneled/Zhu_Rongji/Zhu_Rongji_0006.jpg,/home/anitadonato/tcc/tcc/data/lfw/lfw-funneled/Zhu_Rongji/Zhu_Rongji_0005.jpg,0.26046504179349056,1
/home/anitadonato/tcc/tcc/data/lfw/lfw-funneled/Zhu_Rongji/Zhu_Rongji_0006.jpg,/home/anitadonato/tcc/tcc/data/lfw/lfw-funneled/Zhu_Rongji/Zhu_Rongji_0008.jpg,0.3475990196169413,1
/home/anitadonato/tcc/tcc/data/lfw/lfw-funneled/Zhu_Rongji/Zhu_Rongji_0006.jpg,/home/anitadonato/tcc/tcc/data/lfw/lfw-funneled/Zhu_Rongji/Zhu_Rongji_0009.jpg,0.33109968007661855,1
/home/anitadonato/tcc/tcc/data/lfw/lfw-funneled/Zhu_Rongji/Zhu_Rongji_0006.jpg,/home/anitadonato/tcc/tcc/data/lfw/lfw-funneled/Zhu_Rongji/Zhu_Rongji_0003.jpg,0.322086484367522,1
/home/anitadonato/tcc/tcc/data/lfw/lfw-funneled/Zhu_Rongji/Zhu_Rongji_0005.jpg,/home/anitadonato/tcc/tcc/data/lfw/lfw-funneled/Zhu_Rongji/Zhu_Rongji_0008.jpg,0.3524032478333973,1
/home/anitadonato/tcc/tcc/data/lfw/lfw-funneled/Zhu_Rongji/Zhu_Rongji_0005.jpg,/home/anitadonato/tcc/tcc/data/lfw/lfw-funneled/Zhu_Rongji/Zhu_Rongji_0009.jpg,0.35894889944670777,1
/home/anitadonato/tcc/tcc/data/lfw/lfw-funneled/Zhu_Rongji/Zhu_Rongji_0005.jpg,/home/anitadonato/tcc/tcc/data/lfw/lfw-funneled/Zhu_Rongji/Zhu_Rongji_0003.jpg,0.2934042279922496,1
/home/anitadonato/tcc/tcc/data/lfw/lfw-funneled/Zhu_Rongji/Zhu_Rongji_0008.jpg,/home/anitadonato/tcc/tcc/data/lfw/lfw-funneled/Zhu_Rongji/Zhu_Rongji_0009.jpg,0.29781871998359993,1
/home/anitadonato/tcc/tcc/data/lfw/lfw-funneled/Zhu_Rongji/Zhu_Rongji_0008.jpg,/home/anitadonato/tcc/tcc/data/lfw/lfw-funneled/Zhu_Rongji/Zhu_Rongji_0003.jpg,0.2672202467115653,1
/home/anitadonato/tcc/tcc/data/lfw/lfw-funneled/Zhu_Rongji/Zhu_Rongji_0009.jpg,/home/anitadonato/tcc/tcc/data/lfw/lfw-funneled/Zhu_Rongji/Zhu_Rongji_0003.jpg,0.29394605764205356,1
/home/anitadonato/tcc/tcc/data/lfw/lfw-funneled/Silvio_Berlusconi/Silvio_Berlusconi_0001.jpg,/home/anitadonato/tcc/tcc/data/lfw/lfw-funneled/Silvio_Berlusconi/Silvio_Berlusconi_0013.jpg,0.5463912840275457,1
/home/anitadonato/tcc/tcc/data/lfw/lfw-funneled/Silvio_Berlusconi/Silvio_Berlusconi_0001.jpg,/home/anitadonato/tcc/tcc/data/lfw/lfw-funneled/Silvio_Berlusconi/Silvio_Berlusconi_0006.jpg,0.48019565486585314,1
/home/anitadonato/tcc/tcc/data/lfw/lfw-funneled/Silvio_Berlusconi/Silvio_Berlusconi_0001.jpg,/home/anitadonato/tcc/tcc/data/lfw/lfw-funneled/Silvio_Berlusconi/Silvio_Berlusconi_0016.jpg,0.523941552099287,1
/home/anitadonato/tcc/tcc/data/lfw/lfw-funneled/Silvio_Berlusconi/Silvio_Berlusconi_0001.jpg,/home/anitadonato/tcc/tcc/data/lfw/lfw-funneled/Silvio_Berlusconi/Silvio_Berlusconi_0027.jpg,0.5129886380223372,1
/home/anitadonato/tcc/tcc/data/lfw/lfw-funneled/Silvio_Berlusconi/Silvio_Berlusconi_0013.jpg,/home/anitadonato/tcc/tcc/data/lfw/lfw-funneled/Silvio_Berlusconi/Silvio_Berlusconi_0006.jpg,0.4824719380610307,1
/home/anitadonato/tcc/tcc/data/lfw/lfw-funneled/Silvio_Berlusconi/Silvio_Berlusconi_0013.jpg,/home/anitadonato/tcc/tcc/data/lfw/lfw-funneled/Silvio_Berlusconi/Silvio_Berlusconi_0016.jpg,0.5270458472217373,1
/home/anitadonato/tcc/tcc/data/lfw/lfw-funneled/Silvio_Berlusconi/Silvio_Berlusconi_0013.jpg,/home/anitadonato/tcc/tcc/data/lfw/lfw-funneled/Silvio_Berlusconi/Silvio_Berlusconi_0027.jpg,0.5171579379614999,1
/home/anitadonato/tcc/tcc/data/lfw/lfw-funneled/Silvio_Berlusconi/Silvio_Berlusconi_0006.jpg,/home/anitadonato/tcc/tcc/data/lfw/lfw-funneled/Silvio_Berlusconi/Silvio_Berlusconi_0016.jpg,0.525300370033713,1
/home/anitadonato/tcc/tcc/data/lfw/lfw-funneled/Silvio_Berlusconi/Silvio_Berlusconi_0006.jpg,/home/anitadonato/tcc/tcc/data/lfw/lfw-funneled/Silvio_Berlusconi/Silvio_Berlusconi_0027.jpg,0.5348057794070785,1
/home/anitadonato/tcc/tcc/data/lfw/lfw-funneled/Silvio_Berlusconi/Silvio_Berlusconi_0016.jpg,/home/anitadonato/tcc/tcc/data/lfw/lfw-funneled/Silvio_Berlusconi/Silvio_Berlusconi_0027.jpg,0.46756239574027,1
/home/anitadonato/tcc/tcc/data/lfw/lfw-funneled/Kofi_Annan/Kofi_Annan_0032.jpg,/home/anitadonato/tcc/tcc/data/lfw/lfw-funneled/Kofi_Annan/Kofi_Annan_0016.jpg,0.4799639603956132,1
/home/anitadonato/tcc/tcc/data/lfw/lfw-funneled/Kofi_Annan/Kofi_Annan_0032.jpg,/home/anitadonato/tcc/tcc/data/lfw/lfw-funneled/Kofi_Annan/Kofi_Annan_0031.jpg,0.31905349883463063,1
/home/anitadonato/tcc/tcc/data/lfw/lfw-funneled/Kofi_Annan/Kofi_Annan_0032.jpg,/home/anitadonato/tcc/tcc/data/lfw/lfw-funneled/Kofi_Annan/Kofi_Annan_0029.jpg,0.3901665161909736,1
/home/anitadonato/tcc/tcc/data/lfw/lfw-funneled/Kofi_Annan/Kofi_Annan_0032.jpg,/home/anitadonato/tcc/tcc/data/lfw/lfw-funneled/Kofi_Annan/Kofi_Annan_0002.jpg,0.35444154531665706,1
/home/anitadonato/tcc/tcc/data/lfw/lfw-funneled/Kofi_Annan/Kofi_Annan_0016.jpg,/home/anitadonato/tcc/tcc/data/lfw/lfw-funneled/Kofi_Annan/Kofi_Annan_0031.jpg,0.4198151689978858,1
/home/anitadonato/tcc/tcc/data/lfw/lfw-funneled/Kofi_Annan/Kofi_Annan_0016.jpg,/home/anitadonato/tcc/tcc/data/lfw/lfw-funneled/Kofi_Annan/Kofi_Annan_0029.jpg,0.4546403953771255,1
/home/anitadonato/tcc/tcc/data/lfw/lfw-funneled/Kofi_Annan/Kofi_Annan_0016.jpg,/home/anitadonato/tcc/tcc/data/lfw/lfw-funneled/Kofi_Annan/Kofi_Annan_0002.jpg,0.35111686118616875,1
/home/anitadonato/tcc/tcc/data/lfw/lfw-funneled/Kofi_Annan/Kofi_Annan_0031.jpg,/home/anitadonato/tcc/tcc/data/lfw/lfw-funneled/Kofi_Annan/Kofi_Annan_0029.jpg,0.37982329590114106,1
/home/anitadonato/tcc/tcc/data/lfw/lfw-funneled/Kofi_Annan/Kofi_Annan_0031.jpg,/home/anitadonato/tcc/tcc/data/lfw/lfw-funneled/Kofi_Annan/Kofi_Annan_0002.jpg,0.32802457725382234,1
/home/anitadonato/tcc/tcc/data/lfw/lfw-funneled/Kofi_Annan/Kofi_Annan_0029.jpg,/home/anitadonato/tcc/tcc/data/lfw/lfw-funneled/Kofi_Annan/Kofi_Annan_0002.jpg,0.39340106548542614,1
/home/anitadonato/tcc/tcc/data/lfw/lfw-funneled/Condoleezza_Rice/Condoleezza_Rice_0002.jpg,/home/anitadonato/tcc/tcc/data/lfw/lfw-funneled/Condoleezza_Rice/Condoleezza_Rice_0005.jpg,0.34677900441816784,1
/home/anitadonato/tcc/tcc/data/lfw/lfw-funneled/Condoleezza_Rice/Condoleezza_Rice_0002.jpg,/home/anitadonato/tcc/tcc/data/lfw/lfw-funneled/Condoleezza_Rice/Condoleezza_Rice_0004.jpg,0.3283043634564093,1
/home/anitadonato/tcc/tcc/data/lfw/lfw-funneled/Condoleezza_Rice/Condoleezza_Rice_0002.jpg,/home/anitadonato/tcc/tcc/data/lfw/lfw-funneled/Condoleezza_Rice/Condoleezza_Rice_0007.jpg,0.3628186709831486,1
/home/anitadonato/tcc/tcc/data/lfw/lfw-funneled/Condoleezza_Rice/Condoleezza_Rice_0002.jpg,/home/anitadonato/tcc/tcc/data/lfw/lfw-funneled/Condoleezza_Rice/Condoleezza_Rice_0006.jpg,0.36196842715179184,1
/home/anitadonato/tcc/tcc/data/lfw/lfw-funneled/Condoleezza_Rice/Condoleezza_Rice_0005.jpg,/home/anitadonato/tcc/tcc/data/lfw/lfw-funneled/Condoleezza_Rice/Condoleezza_Rice_0004.jpg,0.23055410251645642,1
/home/anitadonato/tcc/tcc/data/lfw/lfw-funneled/Condoleezza_Rice/Condoleezza_Rice_0005.jpg,/home/anitadonato/tcc/tcc/data/lfw/lfw-funneled/Condoleezza_Rice/Condoleezza_Rice_0007.jpg,0.40804478809349726,1
/home/anitadonato/tcc/tcc/data/lfw/lfw-funneled/Condoleezza_Rice/Condoleezza_Rice_0005.jpg,/home/anitadonato/tcc/tcc/data/lfw/lfw-funneled/Condoleezza_Rice/Condoleezza_Rice_0006.jpg,0.36849023634959216,1
/home/anitadonato/tcc/tcc/data/lfw/lfw-funneled/Condoleezza_Rice/Condoleezza_Rice_0004.jpg,/home/anitadonato/tcc/tcc/data/lfw/lfw-funneled/Condoleezza_Rice/Condoleezza_Rice_0007.jpg,0.4278857952826815,1
/home/anitadonato/tcc/tcc/data/lfw/lfw-funneled/Condoleezza_Rice/Condoleezza_Rice_0004.jpg,/home/anitadonato/tcc/tcc/data/lfw/lfw-funneled/Condoleezza_Rice/Condoleezza_Rice_0006.jpg,0.29073353123305384,1
/home/anitadonato/tcc/tcc/data/lfw/lfw-funneled/Condoleezza_Rice/Condoleezza_Rice_0007.jpg,/home/anitadonato/tcc/tcc/data/lfw/lfw-funneled/Condoleezza_Rice/Condoleezza_Rice_0006.jpg,0.49585877061681854,1
/home/anitadonato/tcc/tcc/data/lfw/lfw-funneled/Russell_Simmons/Russell_Simmons_0002.jpg,/home/anitadonato/tcc/tcc/data/lfw/lfw-funneled/Russell_Simmons/Russell_Simmons_0003.jpg,0.38783657602545685,1
/home/anitadonato/tcc/tcc/data/lfw/lfw-funneled/Russell_Simmons/Russell_Simmons_0002.jpg,/home/anitadonato/tcc/tcc/data/lfw/lfw-funneled/Russell_Simmons/Russell_Simmons_0004.jpg,0.3391304425235882,1
/home/anitadonato/tcc/tcc/data/lfw/lfw-funneled/Russell_Simmons/Russell_Simmons_0002.jpg,/home/anitadonato/tcc/tcc/data/lfw/lfw-funneled/Russell_Simmons/Russell_Simmons_0005.jpg,0.33615478356184597,1
/home/anitadonato/tcc/tcc/data/lfw/lfw-funneled/Russell_Simmons/Russell_Simmons_0002.jpg,/home/anitadonato/tcc/tcc/data/lfw/lfw-funneled/Russell_Simmons/Russell_Simmons_0001.jpg,0.37185813979456317,1
/home/anitadonato/tcc/tcc/data/lfw/lfw-funneled/Russell_Simmons/Russell_Simmons_0003.jpg,/home/anitadonato/tcc/tcc/data/lfw/lfw-funneled/Russell_Simmons/Russell_Simmons_0004.jpg,0.3958620503817289,1
/home/anitadonato/tcc/tcc/data/lfw/lfw-funneled/Russell_Simmons/Russell_Simmons_0003.jpg,/home/anitadonato/tcc/tcc/data/lfw/lfw-funneled/Russell_Simmons/Russell_Simmons_0005.jpg,0.31045964889729566,1
/home/anitadonato/tcc/tcc/data/lfw/lfw-funneled/Russell_Simmons/Russell_Simmons_0003.jpg,/home/anitadonato/tcc/tcc/data/lfw/lfw-funneled/Russell_Simmons/Russell_Simmons_0001.jpg,0.383515510875298,1
/home/anitadonato/tcc/tcc/data/lfw/lfw-funneled/Russell_Simmons/Russell_Simmons_0004.jpg,/home/anitadonato/tcc/tcc/data/lfw/lfw-funneled/Russell_Simmons/Russell_Simmons_0005.jpg,0.36754160306787764,1
/home/anitadonato/tcc/tcc/data/lfw/lfw-funneled/Russell_Simmons/Russell_Simmons_0004.jpg,/home/anitadonato/tcc/tcc/data/lfw/lfw-funneled/Russell_Simmons/Russell_Simmons_0001.jpg,0.37363107182550903,1
/home/anitadonato/tcc/tcc/data/lfw/lfw-funneled/Russell_Simmons/Russell_Simmons_0005.jpg,/home/anitadonato/tcc/tcc/data/lfw/lfw-funneled/Russell_Simmons/Russell_Simmons_0001.jpg,0.3248907491610896,1
/home/anitadonato/tcc/tcc/data/lfw/lfw-funneled/Adrien_Brody/Adrien_Brody_0009.jpg,/home/anitadonato/tcc/tcc/data/lfw/lfw-funneled/Adrien_Brody/Adrien_Brody_0012.jpg,0.4533894039897059,1
/home/anitadonato/tcc/tcc/data/lfw/lfw-funneled/Adrien_Brody/Adrien_Brody_0009.jpg,/home/anitadonato/tcc/tcc/data/lfw/lfw-funneled/Adrien_Brody/Adrien_Brody_0006.jpg,0.48920200510690903,1
/home/anitadonato/tcc/tcc/data/lfw/lfw-funneled/Adrien_Brody/Adrien_Brody_0009.jpg,/home/anitadonato/tcc/tcc/data/lfw/lfw-funneled/Adrien_Brody/Adrien_Brody_0007.jpg,0.46682483277176023,1
/home/anitadonato/tcc/tcc/data/lfw/lfw-funneled/Adrien_Brody/Adrien_Brody_0009.jpg,/home/anitadonato/tcc/tcc/data/lfw/lfw-funneled/Adrien_Brody/Adrien_Brody_0010.jpg,0.3066935685936918,1
/home/anitadonato/tcc/tcc/data/lfw/lfw-funneled/Adrien_Brody/Adrien_Brody_0012.jpg,/home/anitadonato/tcc/tcc/data/lfw/lfw-funneled/Adrien_Brody/Adrien_Brody_0006.jpg,0.4533070961394418,1
/home/anitadonato/tcc/tcc/data/lfw/lfw-funneled/Adrien_Brody/Adrien_Brody_0012.jpg,/home/anitadonato/tcc/tcc/data/lfw/lfw-funneled/Adrien_Brody/Adrien_Brody_0007.jpg,0.4674854896772753,1
/home/anitadonato/tcc/tcc/data/lfw/lfw-funneled/Adrien_Brody/Adrien_Brody_0012.jpg,/home/anitadonato/tcc/tcc/data/lfw/lfw-funneled/Adrien_Brody/Adrien_Brody_0010.jpg,0.42952624877268275,1
/home/anitadonato/tcc/tcc/data/lfw/lfw-funneled/Adrien_Brody/Adrien_Brody_0006.jpg,/home/anitadonato/tcc/tcc/data/lfw/lfw-funneled/Adrien_Brody/Adrien_Brody_0007.jpg,0.43174702332071213,1
/home/anitadonato/tcc/tcc/data/lfw/lfw-funneled/Adrien_Brody/Adrien_Brody_0006.jpg,/home/anitadonato/tcc/tcc/data/lfw/lfw-funneled/Adrien_Brody/Adrien_Brody_0010.jpg,0.4681109567187363,1
/home/anitadonato/tcc/tcc/data/lfw/lfw-funneled/Adrien_Brody/Adrien_Brody_0007.jpg,/home/anitadonato/tcc/tcc/data/lfw/lfw-funneled/Adrien_Brody/Adrien_Brody_0010.jpg,0.48187241664286334,1
/home/anitadonato/tcc/tcc/data/lfw/lfw-funneled/Paul_ONeill/Paul_ONeill_0006.jpg,/home/anitadonato/tcc/tcc/data/lfw/lfw-funneled/Paul_ONeill/Paul_ONeill_0008.jpg,0.38834295935276747,1
/home/anitadonato/tcc/tcc/data/lfw/lfw-funneled/Paul_ONeill/Paul_ONeill_0006.jpg,/home/anitadonato/tcc/tcc/data/lfw/lfw-funneled/Paul_ONeill/Paul_ONeill_0003.jpg,0.420292000611225,1
/home/anitadonato/tcc/tcc/data/lfw/lfw-funneled/Paul_ONeill/Paul_ONeill_0006.jpg,/home/anitadonato/tcc/tcc/data/lfw/lfw-funneled/Paul_ONeill/Paul_ONeill_0007.jpg,0.4257402164967863,1
/home/anitadonato/tcc/tcc/data/lfw/lfw-funneled/Paul_ONeill/Paul_ONeill_0006.jpg,/home/anitadonato/tcc/tcc/data/lfw/lfw-funneled/Paul_ONeill/Paul_ONeill_0009.jpg,0.4578375725126994,1
/home/anitadonato/tcc/tcc/data/lfw/lfw-funneled/Paul_ONeill/Paul_ONeill_0008.jpg,/home/anitadonato/tcc/tcc/data/lfw/lfw-funneled/Paul_ONeill/Paul_ONeill_0003.jpg,0.5034004864026302,1
/home/anitadonato/tcc/tcc/data/lfw/lfw-funneled/Paul_ONeill/Paul_ONeill_0008.jpg,/home/anitadonato/tcc/tcc/data/lfw/lfw-funneled/Paul_ONeill/Paul_ONeill_0007.jpg,0.3995789328808818,1
/home/anitadonato/tcc/tcc/data/lfw/lfw-funneled/Paul_ONeill/Paul_ONeill_0008.jpg,/home/anitadonato/tcc/tcc/data/lfw/lfw-funneled/Paul_ONeill/Paul_ONeill_0009.jpg,0.521855677076507,1
/home/anitadonato/tcc/tcc/data/lfw/lfw-funneled/Paul_ONeill/Paul_ONeill_0003.jpg,/home/anitadonato/tcc/tcc/data/lfw/lfw-funneled/Paul_ONeill/Paul_ONeill_0007.jpg,0.43665203381356504,1
/home/anitadonato/tcc/tcc/data/lfw/lfw-funneled/Paul_ONeill/Paul_ONeill_0003.jpg,/home/anitadonato/tcc/tcc/data/lfw/lfw-funneled/Paul_ONeill/Paul_ONeill_0009.jpg,0.44970012836193357,1
/home/anitadonato/tcc/tcc/data/lfw/lfw-funneled/Paul_ONeill/Paul_ONeill_0007.jpg,/home/anitadonato/tcc/tcc/data/lfw/lfw-funneled/Paul_ONeill/Paul_ONeill_0009.jpg,0.46780356483440866,1
/home/anitadonato/tcc/tcc/data/lfw/lfw-funneled/Martin_Scorsese/Martin_Scorsese_0002.jpg,/home/anitadonato/tcc/tcc/data/lfw/lfw-funneled/Martin_Scorsese/Martin_Scorsese_0001.jpg,0.40493986112967284,1
/home/anitadonato/tcc/tcc/data/lfw/lfw-funneled/Martin_Scorsese/Martin_Scorsese_0002.jpg,/home/anitadonato/tcc/tcc/data/lfw/lfw-funneled/Martin_Scorsese/Martin_Scorsese_0007.jpg,0.4460777301466369,1
/home/anitadonato/tcc/tcc/data/lfw/lfw-funneled/Martin_Scorsese/Martin_Scorsese_0002.jpg,/home/anitadonato/tcc/tcc/data/lfw/lfw-funneled/Martin_Scorsese/Martin_Scorsese_0003.jpg,0.3698868625916646,1
/home/anitadonato/tcc/tcc/data/lfw/lfw-funneled/Martin_Scorsese/Martin_Scorsese_0002.jpg,/home/anitadonato/tcc/tcc/data/lfw/lfw-funneled/Martin_Scorsese/Martin_Scorsese_0006.jpg,0.38444521725097264,1
/home/anitadonato/tcc/tcc/data/lfw/lfw-funneled/Martin_Scorsese/Martin_Scorsese_0001.jpg,/home/anitadonato/tcc/tcc/data/lfw/lfw-funneled/Martin_Scorsese/Martin_Scorsese_0007.jpg,0.5000193970923733,1
/home/anitadonato/tcc/tcc/data/lfw/lfw-funneled/Martin_Scorsese/Martin_Scorsese_0001.jpg,/home/anitadonato/tcc/tcc/data/lfw/lfw-funneled/Martin_Scorsese/Martin_Scorsese_0003.jpg,0.4091206105328038,1
/home/anitadonato/tcc/tcc/data/lfw/lfw-funneled/Martin_Scorsese/Martin_Scorsese_0001.jpg,/home/anitadonato/tcc/tcc/data/lfw/lfw-funneled/Martin_Scorsese/Martin_Scorsese_0006.jpg,0.39050706054046636,1
/home/anitadonato/tcc/tcc/data/lfw/lfw-funneled/Martin_Scorsese/Martin_Scorsese_0007.jpg,/home/anitadonato/tcc/tcc/data/lfw/lfw-funneled/Martin_Scorsese/Martin_Scorsese_0003.jpg,0.3986890417997462,1
/home/anitadonato/tcc/tcc/data/lfw/lfw-funneled/Martin_Scorsese/Martin_Scorsese_0007.jpg,/home/anitadonato/tcc/tcc/data/lfw/lfw-funneled/Martin_Scorsese/Martin_Scorsese_0006.jpg,0.44718814206411917,1
/home/anitadonato/tcc/tcc/data/lfw/lfw-funneled/Martin_Scorsese/Martin_Scorsese_0003.jpg,/home/anitadonato/tcc/tcc/data/lfw/lfw-funneled/Martin_Scorsese/Martin_Scorsese_0006.jpg,0.3524747028361574,1
/home/anitadonato/tcc/tcc/data/lfw/lfw-funneled/Denzel_Washington/Denzel_Washington_0005.jpg,/home/anitadonato/tcc/tcc/data/lfw/lfw-funneled/Denzel_Washington/Denzel_Washington_0002.jpg,0.4797203141247429,1
/home/anitadonato/tcc/tcc/data/lfw/lfw-funneled/Denzel_Washington/Denzel_Washington_0005.jpg,/home/anitadonato/tcc/tcc/data/lfw/lfw-funneled/Denzel_Washington/Denzel_Washington_0001.jpg,0.4060954094395077,1
/home/anitadonato/tcc/tcc/data/lfw/lfw-funneled/Denzel_Washington/Denzel_Washington_0005.jpg,/home/anitadonato/tcc/tcc/data/lfw/lfw-funneled/Denzel_Washington/Denzel_Washington_0003.jpg,0.3913809165096792,1
/home/anitadonato/tcc/tcc/data/lfw/lfw-funneled/Denzel_Washington/Denzel_Washington_0005.jpg,/home/anitadonato/tcc/tcc/data/lfw/lfw-funneled/Denzel_Washington/Denzel_Washington_0004.jpg,0.5997553344846206,1
/home/anitadonato/tcc/tcc/data/lfw/lfw-funneled/Denzel_Washington/Denzel_Washington_0002.jpg,/home/anitadonato/tcc/tcc/data/lfw/lfw-funneled/Denzel_Washington/Denzel_Washington_0001.jpg,0.46867284561747286,1
/home/anitadonato/tcc/tcc/data/lfw/lfw-funneled/Denzel_Washington/Denzel_Washington_0002.jpg,/home/anitadonato/tcc/tcc/data/lfw/lfw-funneled/Denzel_Washington/Denzel_Washington_0003.jpg,0.47866771034506894,1
/home/anitadonato/tcc/tcc/data/lfw/lfw-funneled/Denzel_Washington/Denzel_Washington_0002.jpg,/home/anitadonato/tcc/tcc/data/lfw/lfw-funneled/Denzel_Washington/Denzel_Washington_0004.jpg,0.5479721460764908,1
/home/anitadonato/tcc/tcc/data/lfw/lfw-funneled/Denzel_Washington/Denzel_Washington_0001.jpg,/home/anitadonato/tcc/tcc/data/lfw/lfw-funneled/Denzel_Washington/Denzel_Washington_0003.jpg,0.376132509324897,1
/home/anitadonato/tcc/tcc/data/lfw/lfw-funneled/Denzel_Washington/Denzel_Washington_0001.jpg,/home/anitadonato/tcc/tcc/data/lfw/lfw-funneled/Denzel_Washington/Denzel_Washington_0004.jpg,0.5260291467909134,1
/home/anitadonato/tcc/tcc/data/lfw/lfw-funneled/Denzel_Washington/Denzel_Washington_0003.jpg,/home/anitadonato/tcc/tcc/data/lfw/lfw-funneled/Denzel_Washington/Denzel_Washington_0004.jpg,0.6016947887620869,1
/home/anitadonato/tcc/tcc/data/lfw/lfw-funneled/Megawati_Sukarnoputri/Megawati_Sukarnoputri_0018.jpg,/home/anitadonato/tcc/tcc/data/lfw/lfw-funneled/Megawati_Sukarnoputri/Megawati_Sukarnoputri_0019.jpg,0.41681107644831017,1
/home/anitadonato/tcc/tcc/data/lfw/lfw-funneled/Megawati_Sukarnoputri/Megawati_Sukarnoputri_0018.jpg,/home/anitadonato/tcc/tcc/data/lfw/lfw-funneled/Megawati_Sukarnoputri/Megawati_Sukarnoputri_0007.jpg,0.3346093082181431,1
/home/anitadonato/tcc/tcc/data/lfw/lfw-funneled/Megawati_Sukarnoputri/Megawati_Sukarnoputri_0018.jpg,/home/anitadonato/tcc/tcc/data/lfw/lfw-funneled/Megawati_Sukarnoputri/Megawati_Sukarnoputri_0013.jpg,0.3113352941361853,1
/home/anitadonato/tcc/tcc/data/lfw/lfw-funneled/Megawati_Sukarnoputri/Megawati_Sukarnoputri_0018.jpg,/home/anitadonato/tcc/tcc/data/lfw/lfw-funneled/Megawati_Sukarnoputri/Megawati_Sukarnoputri_0015.jpg,0.4587206300214426,1
/home/anitadonato/tcc/tcc/data/lfw/lfw-funneled/Megawati_Sukarnoputri/Megawati_Sukarnoputri_0019.jpg,/home/anitadonato/tcc/tcc/data/lfw/lfw-funneled/Megawati_Sukarnoputri/Megawati_Sukarnoputri_0007.jpg,0.4207231015027359,1
/home/anitadonato/tcc/tcc/data/lfw/lfw-funneled/Megawati_Sukarnoputri/Megawati_Sukarnoputri_0019.jpg,/home/anitadonato/tcc/tcc/data/lfw/lfw-funneled/Megawati_Sukarnoputri/Megawati_Sukarnoputri_0013.jpg,0.4120316652106855,1
/home/anitadonato/tcc/tcc/data/lfw/lfw-funneled/Megawati_Sukarnoputri/Megawati_Sukarnoputri_0019.jpg,/home/anitadonato/tcc/tcc/data/lfw/lfw-funneled/Megawati_Sukarnoputri/Megawati_Sukarnoputri_0015.jpg,0.31674566835354956,1
/home/anitadonato/tcc/tcc/data/lfw/lfw-funneled/Megawati_Sukarnoputri/Megawati_Sukarnoputri_0007.jpg,/home/anitadonato/tcc/tcc/data/lfw/lfw-funneled/Megawati_Sukarnoputri/Megawati_Sukarnoputri_0013.jpg,0.4346757314746555,1
/home/anitadonato/tcc/tcc/data/lfw/lfw-funneled/Megawati_Sukarnoputri/Megawati_Sukarnoputri_0007.jpg,/home/anitadonato/tcc/tcc/data/lfw/lfw-funneled/Megawati_Sukarnoputri/Megawati_Sukarnoputri_0015.jpg,0.48156766395832445,1
/home/anitadonato/tcc/tcc/data/lfw/lfw-funneled/Megawati_Sukarnoputri/Megawati_Sukarnoputri_0013.jpg,/home/anitadonato/tcc/tcc/data/lfw/lfw-funneled/Megawati_Sukarnoputri/Megawati_Sukarnoputri_0015.jpg,0.41071210944194075,1
/home/anitadonato/tcc/tcc/data/lfw/lfw-funneled/Cameron_Diaz/Cameron_Diaz_0003.jpg,/home/anitadonato/tcc/tcc/data/lfw/lfw-funneled/Cameron_Diaz/Cameron_Diaz_0002.jpg,0.4678198531597694,1
/home/anitadonato/tcc/tcc/data/lfw/lfw-funneled/Cameron_Diaz/Cameron_Diaz_0003.jpg,/home/anitadonato/tcc/tcc/data/lfw/lfw-funneled/Cameron_Diaz/Cameron_Diaz_0006.jpg,0.4822006835192335,1
/home/anitadonato/tcc/tcc/data/lfw/lfw-funneled/Cameron_Diaz/Cameron_Diaz_0003.jpg,/home/anitadonato/tcc/tcc/data/lfw/lfw-funneled/Cameron_Diaz/Cameron_Diaz_0001.jpg,0.4567603525575073,1
/home/anitadonato/tcc/tcc/data/lfw/lfw-funneled/Cameron_Diaz/Cameron_Diaz_0003.jpg,/home/anitadonato/tcc/tcc/data/lfw/lfw-funneled/Cameron_Diaz/Cameron_Diaz_0004.jpg,0.44325698249200296,1
/home/anitadonato/tcc/tcc/data/lfw/lfw-funneled/Cameron_Diaz/Cameron_Diaz_0002.jpg,/home/anitadonato/tcc/tcc/data/lfw/lfw-funneled/Cameron_Diaz/Cameron_Diaz_0006.jpg,0.4908502801960879,1
/home/anitadonato/tcc/tcc/data/lfw/lfw-funneled/Cameron_Diaz/Cameron_Diaz_0002.jpg,/home/anitadonato/tcc/tcc/data/lfw/lfw-funneled/Cameron_Diaz/Cameron_Diaz_0001.jpg,0.4984266201760998,1
/home/anitadonato/tcc/tcc/data/lfw/lfw-funneled/Cameron_Diaz/Cameron_Diaz_0002.jpg,/home/anitadonato/tcc/tcc/data/lfw/lfw-funneled/Cameron_Diaz/Cameron_Diaz_0004.jpg,0.508489374690692,1
/home/anitadonato/tcc/tcc/data/lfw/lfw-funneled/Cameron_Diaz/Cameron_Diaz_0006.jpg,/home/anitadonato/tcc/tcc/data/lfw/lfw-funneled/Cameron_Diaz/Cameron_Diaz_0001.jpg,0.5757492515586154,1
/home/anitadonato/tcc/tcc/data/lfw/lfw-funneled/Cameron_Diaz/Cameron_Diaz_0006.jpg,/home/anitadonato/tcc/tcc/data/lfw/lfw-funneled/Cameron_Diaz/Cameron_Diaz_0004.jpg,0.45372560864247685,1
/home/anitadonato/tcc/tcc/data/lfw/lfw-funneled/Cameron_Diaz/Cameron_Diaz_0001.jpg,/home/anitadonato/tcc/tcc/data/lfw/lfw-funneled/Cameron_Diaz/Cameron_Diaz_0004.jpg,0.46014890505207384,1
/home/anitadonato/tcc/tcc/data/lfw/lfw-funneled/JK_Rowling/JK_Rowling_0003.jpg,/home/anitadonato/tcc/tcc/data/lfw/lfw-funneled/JK_Rowling/JK_Rowling_0001.jpg,0.4791492855068504,1
/home/anitadonato/tcc/tcc/data/lfw/lfw-funneled/JK_Rowling/JK_Rowling_0003.jpg,/home/anitadonato/tcc/tcc/data/lfw/lfw-funneled/JK_Rowling/JK_Rowling_0005.jpg,0.4336666718236596,1
/home/anitadonato/tcc/tcc/data/lfw/lfw-funneled/JK_Rowling/JK_Rowling_0003.jpg,/home/anitadonato/tcc/tcc/data/lfw/lfw-funneled/JK_Rowling/JK_Rowling_0006.jpg,0.5874909098610068,1
/home/anitadonato/tcc/tcc/data/lfw/lfw-funneled/JK_Rowling/JK_Rowling_0003.jpg,/home/anitadonato/tcc/tcc/data/lfw/lfw-funneled/JK_Rowling/JK_Rowling_0002.jpg,0.42213626516944197,1
/home/anitadonato/tcc/tcc/data/lfw/lfw-funneled/JK_Rowling/JK_Rowling_0001.jpg,/home/anitadonato/tcc/tcc/data/lfw/lfw-funneled/JK_Rowling/JK_Rowling_0005.jpg,0.4140371567470263,1
/home/anitadonato/tcc/tcc/data/lfw/lfw-funneled/JK_Rowling/JK_Rowling_0001.jpg,/home/anitadonato/tcc/tcc/data/lfw/lfw-funneled/JK_Rowling/JK_Rowling_0006.jpg,0.611330103054,1
/home/anitadonato/tcc/tcc/data/lfw/lfw-funneled/JK_Rowling/JK_Rowling_0001.jpg,/home/anitadonato/tcc/tcc/data/lfw/lfw-funneled/JK_Rowling/JK_Rowling_0002.jpg,0.4701279325571935,1
/home/anitadonato/tcc/tcc/data/lfw/lfw-funneled/JK_Rowling/JK_Rowling_0005.jpg,/home/anitadonato/tcc/tcc/data/lfw/lfw-funneled/JK_Rowling/JK_Rowling_0006.jpg,0.6485164033028997,1
/home/anitadonato/tcc/tcc/data/lfw/lfw-funneled/JK_Rowling/JK_Rowling_0005.jpg,/home/anitadonato/tcc/tcc/data/lfw/lfw-funneled/JK_Rowling/JK_Rowling_0002.jpg,0.43807231770829413,1
/home/anitadonato/tcc/tcc/data/lfw/lfw-funneled/JK_Rowling/JK_Rowling_0006.jpg,/home/anitadonato/tcc/tcc/data/lfw/lfw-funneled/JK_Rowling/JK_Rowling_0002.jpg,0.5403742247654468,1
/home/anitadonato/tcc/tcc/data/lfw/lfw-funneled/Michael_Schumacher/Michael_Schumacher_0005.jpg,/home/anitadonato/tcc/tcc/data/lfw/lfw-funneled/Michael_Schumacher/Michael_Schumacher_0016.jpg,0.4225505764127931,1
/home/anitadonato/tcc/tcc/data/lfw/lfw-funneled/Michael_Schumacher/Michael_Schumacher_0005.jpg,/home/anitadonato/tcc/tcc/data/lfw/lfw-funneled/Michael_Schumacher/Michael_Schumacher_0004.jpg,0.38494708088611257,1
/home/anitadonato/tcc/tcc/data/lfw/lfw-funneled/Michael_Schumacher/Michael_Schumacher_0005.jpg,/home/anitadonato/tcc/tcc/data/lfw/lfw-funneled/Michael_Schumacher/Michael_Schumacher_0014.jpg,0.5627113178956112,1
/home/anitadonato/tcc/tcc/data/lfw/lfw-funneled/Michael_Schumacher/Michael_Schumacher_0005.jpg,/home/anitadonato/tcc/tcc/data/lfw/lfw-funneled/Michael_Schumacher/Michael_Schumacher_0001.jpg,0.39116817144603067,1
/home/anitadonato/tcc/tcc/data/lfw/lfw-funneled/Michael_Schumacher/Michael_Schumacher_0016.jpg,/home/anitadonato/tcc/tcc/data/lfw/lfw-funneled/Michael_Schumacher/Michael_Schumacher_0004.jpg,0.4173053085447819,1
/home/anitadonato/tcc/tcc/data/lfw/lfw-funneled/Michael_Schumacher/Michael_Schumacher_0016.jpg,/home/anitadonato/tcc/tcc/data/lfw/lfw-funneled/Michael_Schumacher/Michael_Schumacher_0014.jpg,0.5573653868805993,1
/home/anitadonato/tcc/tcc/data/lfw/lfw-funneled/Michael_Schumacher/Michael_Schumacher_0016.jpg,/home/anitadonato/tcc/tcc/data/lfw/lfw-funneled/Michael_Schumacher/Michael_Schumacher_0001.jpg,0.4439821287175252,1
/home/anitadonato/tcc/tcc/data/lfw/lfw-funneled/Michael_Schumacher/Michael_Schumacher_0004.jpg,/home/anitadonato/tcc/tcc/data/lfw/lfw-funneled/Michael_Schumacher/Michael_Schumacher_0014.jpg,0.5143245559424213,1
/home/anitadonato/tcc/tcc/data/lfw/lfw-funneled/Michael_Schumacher/Michael_Schumacher_0004.jpg,/home/anitadonato/tcc/tcc/data/lfw/lfw-funneled/Michael_Schumacher/Michael_Schumacher_0001.jpg,0.36089263409626243,1
/home/anitadonato/tcc/tcc/data/lfw/lfw-funneled/Michael_Schumacher/Michael_Schumacher_0014.jpg,/home/anitadonato/tcc/tcc/data/lfw/lfw-funneled/Michael_Schumacher/Michael_Schumacher_0001.jpg,0.5426017111120046,1
/home/anitadonato/tcc/tcc/data/lfw/lfw-funneled/Valery_Giscard_dEstaing/Valery_Giscard_dEstaing_0005.jpg,/home/anitadonato/tcc/tcc/data/lfw/lfw-funneled/Valery_Giscard_dEstaing/Valery_Giscard_dEstaing_0003.jpg,0.3890413212965658,1
/home/anitadonato/tcc/tcc/data/lfw/lfw-funneled/Valery_Giscard_dEstaing/Valery_Giscard_dEstaing_0005.jpg,/home/anitadonato/tcc/tcc/data/lfw/lfw-funneled/Valery_Giscard_dEstaing/Valery_Giscard_dEstaing_0004.jpg,0.37784339172891973,1
/home/anitadonato/tcc/tcc/data/lfw/lfw-funneled/Valery_Giscard_dEstaing/Valery_Giscard_dEstaing_0005.jpg,/home/anitadonato/tcc/tcc/data/lfw/lfw-funneled/Valery_Giscard_dEstaing/Valery_Giscard_dEstaing_0002.jpg,0.45739715218221566,1
/home/anitadonato/tcc/tcc/data/lfw/lfw-funneled/Valery_Giscard_dEstaing/Valery_Giscard_dEstaing_0005.jpg,/home/anitadonato/tcc/tcc/data/lfw/lfw-funneled/Valery_Giscard_dEstaing/Valery_Giscard_dEstaing_0006.jpg,0.4741607464352453,1
/home/anitadonato/tcc/tcc/data/lfw/lfw-funneled/Valery_Giscard_dEstaing/Valery_Giscard_dEstaing_0003.jpg,/home/anitadonato/tcc/tcc/data/lfw/lfw-funneled/Valery_Giscard_dEstaing/Valery_Giscard_dEstaing_0004.jpg,0.3670464556147143,1
/home/anitadonato/tcc/tcc/data/lfw/lfw-funneled/Valery_Giscard_dEstaing/Valery_Giscard_dEstaing_0003.jpg,/home/anitadonato/tcc/tcc/data/lfw/lfw-funneled/Valery_Giscard_dEstaing/Valery_Giscard_dEstaing_0002.jpg,0.40220019428113457,1
/home/anitadonato/tcc/tcc/data/lfw/lfw-funneled/Valery_Giscard_dEstaing/Valery_Giscard_dEstaing_0003.jpg,/home/anitadonato/tcc/tcc/data/lfw/lfw-funneled/Valery_Giscard_dEstaing/Valery_Giscard_dEstaing_0006.jpg,0.42782124890153533,1
/home/anitadonato/tcc/tcc/data/lfw/lfw-funneled/Valery_Giscard_dEstaing/Valery_Giscard_dEstaing_0004.jpg,/home/anitadonato/tcc/tcc/data/lfw/lfw-funneled/Valery_Giscard_dEstaing/Valery_Giscard_dEstaing_0002.jpg,0.47630624046585346,1
/home/anitadonato/tcc/tcc/data/lfw/lfw-funneled/Valery_Giscard_dEstaing/Valery_Giscard_dEstaing_0004.jpg,/home/anitadonato/tcc/tcc/data/lfw/lfw-funneled/Valery_Giscard_dEstaing/Valery_Giscard_dEstaing_0006.jpg,0.3963281945263926,1
/home/anitadonato/tcc/tcc/data/lfw/lfw-funneled/Valery_Giscard_dEstaing/Valery_Giscard_dEstaing_0002.jpg,/home/anitadonato/tcc/tcc/data/lfw/lfw-funneled/Valery_Giscard_dEstaing/Valery_Giscard_dEstaing_0006.jpg,0.5016933062304926,1
/home/anitadonato/tcc/tcc/data/lfw/lfw-funneled/Nicanor_Duarte_Frutos/Nicanor_Duarte_Frutos_0006.jpg,/home/anitadonato/tcc/tcc/data/lfw/lfw-funneled/Nicanor_Duarte_Frutos/Nicanor_Duarte_Frutos_0003.jpg,0.4130300486904177,1
/home/anitadonato/tcc/tcc/data/lfw/lfw-funneled/Nicanor_Duarte_Frutos/Nicanor_Duarte_Frutos_0006.jpg,/home/anitadonato/tcc/tcc/data/lfw/lfw-funneled/Nicanor_Duarte_Frutos/Nicanor_Duarte_Frutos_0001.jpg,0.4087027688240238,1
/home/anitadonato/tcc/tcc/data/lfw/lfw-funneled/Nicanor_Duarte_Frutos/Nicanor_Duarte_Frutos_0006.jpg,/home/anitadonato/tcc/tcc/data/lfw/lfw-funneled/Nicanor_Duarte_Frutos/Nicanor_Duarte_Frutos_0005.jpg,0.42875400868748703,1
/home/anitadonato/tcc/tcc/data/lfw/lfw-funneled/Nicanor_Duarte_Frutos/Nicanor_Duarte_Frutos_0006.jpg,/home/anitadonato/tcc/tcc/data/lfw/lfw-funneled/Nicanor_Duarte_Frutos/Nicanor_Duarte_Frutos_0007.jpg,0.2609243992540441,1
/home/anitadonato/tcc/tcc/data/lfw/lfw-funneled/Nicanor_Duarte_Frutos/Nicanor_Duarte_Frutos_0003.jpg,/home/anitadonato/tcc/tcc/data/lfw/lfw-funneled/Nicanor_Duarte_Frutos/Nicanor_Duarte_Frutos_0001.jpg,0.38050731201225585,1
/home/anitadonato/tcc/tcc/data/lfw/lfw-funneled/Nicanor_Duarte_Frutos/Nicanor_Duarte_Frutos_0003.jpg,/home/anitadonato/tcc/tcc/data/lfw/lfw-funneled/Nicanor_Duarte_Frutos/Nicanor_Duarte_Frutos_0005.jpg,0.4256584717797161,1
/home/anitadonato/tcc/tcc/data/lfw/lfw-funneled/Nicanor_Duarte_Frutos/Nicanor_Duarte_Frutos_0003.jpg,/home/anitadonato/tcc/tcc/data/lfw/lfw-funneled/Nicanor_Duarte_Frutos/Nicanor_Duarte_Frutos_0007.jpg,0.3589293485062845,1
/home/anitadonato/tcc/tcc/data/lfw/lfw-funneled/Nicanor_Duarte_Frutos/Nicanor_Duarte_Frutos_0001.jpg,/home/anitadonato/tcc/tcc/data/lfw/lfw-funneled/Nicanor_Duarte_Frutos/Nicanor_Duarte_Frutos_0005.jpg,0.3827082113940618,1
/home/anitadonato/tcc/tcc/data/lfw/lfw-funneled/Nicanor_Duarte_Frutos/Nicanor_Duarte_Frutos_0001.jpg,/home/anitadonato/tcc/tcc/data/lfw/lfw-funneled/Nicanor_Duarte_Frutos/Nicanor_Duarte_Frutos_0007.jpg,0.33636302530919393,1
/home/anitadonato/tcc/tcc/data/lfw/lfw-funneled/Nicanor_Duarte_Frutos/Nicanor_Duarte_Frutos_0005.jpg,/home/anitadonato/tcc/tcc/data/lfw/lfw-funneled/Nicanor_Duarte_Frutos/Nicanor_Duarte_Frutos_0007.jpg,0.3960127437293234,1
/home/anitadonato/tcc/tcc/data/lfw/lfw-funneled/John_Manley/John_Manley_0004.jpg,/home/anitadonato/tcc/tcc/data/lfw/lfw-funneled/John_Manley/John_Manley_0001.jpg,0.5093219147262878,1
/home/anitadonato/tcc/tcc/data/lfw/lfw-funneled/John_Manley/John_Manley_0004.jpg,/home/anitadonato/tcc/tcc/data/lfw/lfw-funneled/John_Manley/John_Manley_0007.jpg,0.5224691086571576,1
/home/anitadonato/tcc/tcc/data/lfw/lfw-funneled/John_Manley/John_Manley_0004.jpg,/home/anitadonato/tcc/tcc/data/lfw/lfw-funneled/John_Manley/John_Manley_0002.jpg,0.60005060394028,1
/home/anitadonato/tcc/tcc/data/lfw/lfw-funneled/John_Manley/John_Manley_0001.jpg,/home/anitadonato/tcc/tcc/data/lfw/lfw-funneled/John_Manley/John_Manley_0007.jpg,0.4124160630809781,1
/home/anitadonato/tcc/tcc/data/lfw/lfw-funneled/John_Manley/John_Manley_0001.jpg,/home/anitadonato/tcc/tcc/data/lfw/lfw-funneled/John_Manley/John_Manley_0002.jpg,0.43314722345940543,1
/home/anitadonato/tcc/tcc/data/lfw/lfw-funneled/John_Manley/John_Manley_0007.jpg,/home/anitadonato/tcc/tcc/data/lfw/lfw-funneled/John_Manley/John_Manley_0002.jpg,0.38436390914604324,1
/home/anitadonato/tcc/tcc/data/lfw/lfw-funneled/Cruz_Bustamante/Cruz_Bustamante_0001.jpg,/home/anitadonato/tcc/tcc/data/lfw/lfw-funneled/Cruz_Bustamante/Cruz_Bustamante_0005.jpg,0.39216958005820474,1
/home/anitadonato/tcc/tcc/data/lfw/lfw-funneled/Cruz_Bustamante/Cruz_Bustamante_0001.jpg,/home/anitadonato/tcc/tcc/data/lfw/lfw-funneled/Cruz_Bustamante/Cruz_Bustamante_0004.jpg,0.3889334697509924,1
/home/anitadonato/tcc/tcc/data/lfw/lfw-funneled/Cruz_Bustamante/Cruz_Bustamante_0001.jpg,/home/anitadonato/tcc/tcc/data/lfw/lfw-funneled/Cruz_Bustamante/Cruz_Bustamante_0003.jpg,0.46874475219372413,1
/home/anitadonato/tcc/tcc/data/lfw/lfw-funneled/Cruz_Bustamante/Cruz_Bustamante_0001.jpg,/home/anitadonato/tcc/tcc/data/lfw/lfw-funneled/Cruz_Bustamante/Cruz_Bustamante_0002.jpg,0.4349403109428876,1
/home/anitadonato/tcc/tcc/data/lfw/lfw-funneled/Cruz_Bustamante/Cruz_Bustamante_0005.jpg,/home/anitadonato/tcc/tcc/data/lfw/lfw-funneled/Cruz_Bustamante/Cruz_Bustamante_0004.jpg,0.38102588404511867,1
/home/anitadonato/tcc/tcc/data/lfw/lfw-funneled/Cruz_Bustamante/Cruz_Bustamante_0005.jpg,/home/anitadonato/tcc/tcc/data/lfw/lfw-funneled/Cruz_Bustamante/Cruz_Bustamante_0003.jpg,0.39186980473275307,1
/home/anitadonato/tcc/tcc/data/lfw/lfw-funneled/Cruz_Bustamante/Cruz_Bustamante_0005.jpg,/home/anitadonato/tcc/tcc/data/lfw/lfw-funneled/Cruz_Bustamante/Cruz_Bustamante_0002.jpg,0.42526345835525275,1
/home/anitadonato/tcc/tcc/data/lfw/lfw-funneled/Cruz_Bustamante/Cruz_Bustamante_0004.jpg,/home/anitadonato/tcc/tcc/data/lfw/lfw-funneled/Cruz_Bustamante/Cruz_Bustamante_0003.jpg,0.3963801291413254,1
/home/anitadonato/tcc/tcc/data/lfw/lfw-funneled/Cruz_Bustamante/Cruz_Bustamante_0004.jpg,/home/anitadonato/tcc/tcc/data/lfw/lfw-funneled/Cruz_Bustamante/Cruz_Bustamante_0002.jpg,0.38085150723081945,1
/home/anitadonato/tcc/tcc/data/lfw/lfw-funneled/Cruz_Bustamante/Cruz_Bustamante_0003.jpg,/home/anitadonato/tcc/tcc/data/lfw/lfw-funneled/Cruz_Bustamante/Cruz_Bustamante_0002.jpg,0.5137572178916816,1
/home/anitadonato/tcc/tcc/data/lfw/lfw-funneled/Abdullah_Gul/Abdullah_Gul_0003.jpg,/home/anitadonato/tcc/tcc/data/lfw/lfw-funneled/Abdullah_Gul/Abdullah_Gul_0008.jpg,0.3475087703462601,1
/home/anitadonato/tcc/tcc/data/lfw/lfw-funneled/Abdullah_Gul/Abdullah_Gul_0003.jpg,/home/anitadonato/tcc/tcc/data/lfw/lfw-funneled/Abdullah_Gul/Abdullah_Gul_0004.jpg,0.31021389102153063,1
/home/anitadonato/tcc/tcc/data/lfw/lfw-funneled/Abdullah_Gul/Abdullah_Gul_0003.jpg,/home/anitadonato/tcc/tcc/data/lfw/lfw-funneled/Abdullah_Gul/Abdullah_Gul_0014.jpg,0.34069460373252564,1
/home/anitadonato/tcc/tcc/data/lfw/lfw-funneled/Abdullah_Gul/Abdullah_Gul_0003.jpg,/home/anitadonato/tcc/tcc/data/lfw/lfw-funneled/Abdullah_Gul/Abdullah_Gul_0010.jpg,0.350392346766336,1
/home/anitadonato/tcc/tcc/data/lfw/lfw-funneled/Abdullah_Gul/Abdullah_Gul_0008.jpg,/home/anitadonato/tcc/tcc/data/lfw/lfw-funneled/Abdullah_Gul/Abdullah_Gul_0004.jpg,0.35320947777258427,1
/home/anitadonato/tcc/tcc/data/lfw/lfw-funneled/Abdullah_Gul/Abdullah_Gul_0008.jpg,/home/anitadonato/tcc/tcc/data/lfw/lfw-funneled/Abdullah_Gul/Abdullah_Gul_0014.jpg,0.2992313534650815,1
/home/anitadonato/tcc/tcc/data/lfw/lfw-funneled/Abdullah_Gul/Abdullah_Gul_0008.jpg,/home/anitadonato/tcc/tcc/data/lfw/lfw-funneled/Abdullah_Gul/Abdullah_Gul_0010.jpg,0.21670151315835784,1
/home/anitadonato/tcc/tcc/data/lfw/lfw-funneled/Abdullah_Gul/Abdullah_Gul_0004.jpg,/home/anitadonato/tcc/tcc/data/lfw/lfw-funneled/Abdullah_Gul/Abdullah_Gul_0014.jpg,0.29615934039923436,1
/home/anitadonato/tcc/tcc/data/lfw/lfw-funneled/Abdullah_Gul/Abdullah_Gul_0004.jpg,/home/anitadonato/tcc/tcc/data/lfw/lfw-funneled/Abdullah_Gul/Abdullah_Gul_0010.jpg,0.30683596918663647,1
/home/anitadonato/tcc/tcc/data/lfw/lfw-funneled/Abdullah_Gul/Abdullah_Gul_0014.jpg,/home/anitadonato/tcc/tcc/data/lfw/lfw-funneled/Abdullah_Gul/Abdullah_Gul_0010.jpg,0.29651626113548235,1
/home/anitadonato/tcc/tcc/data/lfw/lfw-funneled/Jean-David_Levitte/Jean-David_Levitte_0010.jpg,/home/anitadonato/tcc/tcc/data/lfw/lfw-funneled/Jean-David_Levitte/Jean-David_Levitte_0004.jpg,0.48217391906404294,1
/home/anitadonato/tcc/tcc/data/lfw/lfw-funneled/Jean-David_Levitte/Jean-David_Levitte_0010.jpg,/home/anitadonato/tcc/tcc/data/lfw/lfw-funneled/Jean-David_Levitte/Jean-David_Levitte_0007.jpg,0.41156504253803594,1
/home/anitadonato/tcc/tcc/data/lfw/lfw-funneled/Jean-David_Levitte/Jean-David_Levitte_0010.jpg,/home/anitadonato/tcc/tcc/data/lfw/lfw-funneled/Jean-David_Levitte/Jean-David_Levitte_0009.jpg,0.44068890588823983,1
/home/anitadonato/tcc/tcc/data/lfw/lfw-funneled/Jean-David_Levitte/Jean-David_Levitte_0010.jpg,/home/anitadonato/tcc/tcc/data/lfw/lfw-funneled/Jean-David_Levitte/Jean-David_Levitte_0008.jpg,0.44699405594789515,1
/home/anitadonato/tcc/tcc/data/lfw/lfw-funneled/Jean-David_Levitte/Jean-David_Levitte_0004.jpg,/home/anitadonato/tcc/tcc/data/lfw/lfw-funneled/Jean-David_Levitte/Jean-David_Levitte_0007.jpg,0.492564947710209,1
/home/anitadonato/tcc/tcc/data/lfw/lfw-funneled/Jean-David_Levitte/Jean-David_Levitte_0004.jpg,/home/anitadonato/tcc/tcc/data/lfw/lfw-funneled/Jean-David_Levitte/Jean-David_Levitte_0009.jpg,0.44989463052570133,1
/home/anitadonato/tcc/tcc/data/lfw/lfw-funneled/Jean-David_Levitte/Jean-David_Levitte_0004.jpg,/home/anitadonato/tcc/tcc/data/lfw/lfw-funneled/Jean-David_Levitte/Jean-David_Levitte_0008.jpg,0.38688865398988587,1
/home/anitadonato/tcc/tcc/data/lfw/lfw-funneled/Jean-David_Levitte/Jean-David_Levitte_0007.jpg,/home/anitadonato/tcc/tcc/data/lfw/lfw-funneled/Jean-David_Levitte/Jean-David_Levitte_0009.jpg,0.37302696807320257,1
/home/anitadonato/tcc/tcc/data/lfw/lfw-funneled/Jean-David_Levitte/Jean-David_Levitte_0007.jpg,/home/anitadonato/tcc/tcc/data/lfw/lfw-funneled/Jean-David_Levitte/Jean-David_Levitte_0008.jpg,0.41568495945448874,1
/home/anitadonato/tcc/tcc/data/lfw/lfw-funneled/Jean-David_Levitte/Jean-David_Levitte_0009.jpg,/home/anitadonato/tcc/tcc/data/lfw/lfw-funneled/Jean-David_Levitte/Jean-David_Levitte_0008.jpg,0.42960205912304567,1
/home/anitadonato/tcc/tcc/data/lfw/lfw-funneled/Maria_Soledad_Alvear_Valenzuela/Maria_Soledad_Alvear_Valenzuela_0003.jpg,/home/anitadonato/tcc/tcc/data/lfw/lfw-funneled/Maria_Soledad_Alvear_Valenzuela/Maria_Soledad_Alvear_Valenzuela_0004.jpg,0.30931846175445893,1
/home/anitadonato/tcc/tcc/data/lfw/lfw-funneled/Maria_Soledad_Alvear_Valenzuela/Maria_Soledad_Alvear_Valenzuela_0003.jpg,/home/anitadonato/tcc/tcc/data/lfw/lfw-funneled/Maria_Soledad_Alvear_Valenzuela/Maria_Soledad_Alvear_Valenzuela_0002.jpg,0.47098205233588203,1
/home/anitadonato/tcc/tcc/data/lfw/lfw-funneled/Maria_Soledad_Alvear_Valenzuela/Maria_Soledad_Alvear_Valenzuela_0003.jpg,/home/anitadonato/tcc/tcc/data/lfw/lfw-funneled/Maria_Soledad_Alvear_Valenzuela/Maria_Soledad_Alvear_Valenzuela_0001.jpg,0.4808435849499357,1
/home/anitadonato/tcc/tcc/data/lfw/lfw-funneled/Maria_Soledad_Alvear_Valenzuela/Maria_Soledad_Alvear_Valenzuela_0003.jpg,/home/anitadonato/tcc/tcc/data/lfw/lfw-funneled/Maria_Soledad_Alvear_Valenzuela/Maria_Soledad_Alvear_Valenzuela_0005.jpg,0.3528384381566538,1
/home/anitadonato/tcc/tcc/data/lfw/lfw-funneled/Maria_Soledad_Alvear_Valenzuela/Maria_Soledad_Alvear_Valenzuela_0004.jpg,/home/anitadonato/tcc/tcc/data/lfw/lfw-funneled/Maria_Soledad_Alvear_Valenzuela/Maria_Soledad_Alvear_Valenzuela_0002.jpg,0.5206539619791294,1
/home/anitadonato/tcc/tcc/data/lfw/lfw-funneled/Maria_Soledad_Alvear_Valenzuela/Maria_Soledad_Alvear_Valenzuela_0004.jpg,/home/anitadonato/tcc/tcc/data/lfw/lfw-funneled/Maria_Soledad_Alvear_Valenzuela/Maria_Soledad_Alvear_Valenzuela_0001.jpg,0.5215869264326866,1
/home/anitadonato/tcc/tcc/data/lfw/lfw-funneled/Maria_Soledad_Alvear_Valenzuela/Maria_Soledad_Alvear_Valenzuela_0004.jpg,/home/anitadonato/tcc/tcc/data/lfw/lfw-funneled/Maria_Soledad_Alvear_Valenzuela/Maria_Soledad_Alvear_Valenzuela_0005.jpg,0.2995341905079194,1
/home/anitadonato/tcc/tcc/data/lfw/lfw-funneled/Maria_Soledad_Alvear_Valenzuela/Maria_Soledad_Alvear_Valenzuela_0002.jpg,/home/anitadonato/tcc/tcc/data/lfw/lfw-funneled/Maria_Soledad_Alvear_Valenzuela/Maria_Soledad_Alvear_Valenzuela_0001.jpg,0.5457953154373817,1
/home/anitadonato/tcc/tcc/data/lfw/lfw-funneled/Maria_Soledad_Alvear_Valenzuela/Maria_Soledad_Alvear_Valenzuela_0002.jpg,/home/anitadonato/tcc/tcc/data/lfw/lfw-funneled/Maria_Soledad_Alvear_Valenzuela/Maria_Soledad_Alvear_Valenzuela_0005.jpg,0.49793876263075715,1
/home/anitadonato/tcc/tcc/data/lfw/lfw-funneled/Maria_Soledad_Alvear_Valenzuela/Maria_Soledad_Alvear_Valenzuela_0001.jpg,/home/anitadonato/tcc/tcc/data/lfw/lfw-funneled/Maria_Soledad_Alvear_Valenzuela/Maria_Soledad_Alvear_Valenzuela_0005.jpg,0.5535946309597266,1
/home/anitadonato/tcc/tcc/data/lfw/lfw-funneled/Alejandro_Toledo/Alejandro_Toledo_0014.jpg,/home/anitadonato/tcc/tcc/data/lfw/lfw-funneled/Alejandro_Toledo/Alejandro_Toledo_0017.jpg,0.4925265536249292,1
/home/anitadonato/tcc/tcc/data/lfw/lfw-funneled/Alejandro_Toledo/Alejandro_Toledo_0014.jpg,/home/anitadonato/tcc/tcc/data/lfw/lfw-funneled/Alejandro_Toledo/Alejandro_Toledo_0006.jpg,0.44923275542760055,1
/home/anitadonato/tcc/tcc/data/lfw/lfw-funneled/Alejandro_Toledo/Alejandro_Toledo_0014.jpg,/home/anitadonato/tcc/tcc/data/lfw/lfw-funneled/Alejandro_Toledo/Alejandro_Toledo_0011.jpg,0.33709444773548297,1
/home/anitadonato/tcc/tcc/data/lfw/lfw-funneled/Alejandro_Toledo/Alejandro_Toledo_0014.jpg,/home/anitadonato/tcc/tcc/data/lfw/lfw-funneled/Alejandro_Toledo/Alejandro_Toledo_0016.jpg,0.384479265149146,1
/home/anitadonato/tcc/tcc/data/lfw/lfw-funneled/Alejandro_Toledo/Alejandro_Toledo_0017.jpg,/home/anitadonato/tcc/tcc/data/lfw/lfw-funneled/Alejandro_Toledo/Alejandro_Toledo_0006.jpg,0.4748739805945354,1
/home/anitadonato/tcc/tcc/data/lfw/lfw-funneled/Alejandro_Toledo/Alejandro_Toledo_0017.jpg,/home/anitadonato/tcc/tcc/data/lfw/lfw-funneled/Alejandro_Toledo/Alejandro_Toledo_0011.jpg,0.5061551377013781,1
/home/anitadonato/tcc/tcc/data/lfw/lfw-funneled/Alejandro_Toledo/Alejandro_Toledo_0017.jpg,/home/anitadonato/tcc/tcc/data/lfw/lfw-funneled/Alejandro_Toledo/Alejandro_Toledo_0016.jpg,0.46662831971102187,1
/home/anitadonato/tcc/tcc/data/lfw/lfw-funneled/Alejandro_Toledo/Alejandro_Toledo_0006.jpg,/home/anitadonato/tcc/tcc/data/lfw/lfw-funneled/Alejandro_Toledo/Alejandro_Toledo_0011.jpg,0.48736446687708634,1
/home/anitadonato/tcc/tcc/data/lfw/lfw-funneled/Alejandro_Toledo/Alejandro_Toledo_0006.jpg,/home/anitadonato/tcc/tcc/data/lfw/lfw-funneled/Alejandro_Toledo/Alejandro_Toledo_0016.jpg,0.48945309429603956,1
/home/anitadonato/tcc/tcc/data/lfw/lfw-funneled/Alejandro_Toledo/Alejandro_Toledo_0011.jpg,/home/anitadonato/tcc/tcc/data/lfw/lfw-funneled/Alejandro_Toledo/Alejandro_Toledo_0016.jpg,0.40642491830698474,1
/home/anitadonato/tcc/tcc/data/lfw/lfw-funneled/Mohamed_ElBaradei/Mohamed_ElBaradei_0003.jpg,/home/anitadonato/tcc/tcc/data/lfw/lfw-funneled/Mohamed_ElBaradei/Mohamed_ElBaradei_0005.jpg,0.39033670827942324,1
/home/anitadonato/tcc/tcc/data/lfw/lfw-funneled/Mohamed_ElBaradei/Mohamed_ElBaradei_0003.jpg,/home/anitadonato/tcc/tcc/data/lfw/lfw-funneled/Mohamed_ElBaradei/Mohamed_ElBaradei_0001.jpg,0.38676825460858066,1
/home/anitadonato/tcc/tcc/data/lfw/lfw-funneled/Mohamed_ElBaradei/Mohamed_ElBaradei_0003.jpg,/home/anitadonato/tcc/tcc/data/lfw/lfw-funneled/Mohamed_ElBaradei/Mohamed_ElBaradei_0002.jpg,0.32540939245009776,1
/home/anitadonato/tcc/tcc/data/lfw/lfw-funneled/Mohamed_ElBaradei/Mohamed_ElBaradei_0003.jpg,/home/anitadonato/tcc/tcc/data/lfw/lfw-funneled/Mohamed_ElBaradei/Mohamed_ElBaradei_0006.jpg,0.26515467744577864,1
/home/anitadonato/tcc/tcc/data/lfw/lfw-funneled/Mohamed_ElBaradei/Mohamed_ElBaradei_0005.jpg,/home/anitadonato/tcc/tcc/data/lfw/lfw-funneled/Mohamed_ElBaradei/Mohamed_ElBaradei_0001.jpg,0.3892745804051152,1
/home/anitadonato/tcc/tcc/data/lfw/lfw-funneled/Mohamed_ElBaradei/Mohamed_ElBaradei_0005.jpg,/home/anitadonato/tcc/tcc/data/lfw/lfw-funneled/Mohamed_ElBaradei/Mohamed_ElBaradei_0002.jpg,0.33979426977271754,1
/home/anitadonato/tcc/tcc/data/lfw/lfw-funneled/Mohamed_ElBaradei/Mohamed_ElBaradei_0005.jpg,/home/anitadonato/tcc/tcc/data/lfw/lfw-funneled/Mohamed_ElBaradei/Mohamed_ElBaradei_0006.jpg,0.35666346750306444,1
/home/anitadonato/tcc/tcc/data/lfw/lfw-funneled/Mohamed_ElBaradei/Mohamed_ElBaradei_0001.jpg,/home/anitadonato/tcc/tcc/data/lfw/lfw-funneled/Mohamed_ElBaradei/Mohamed_ElBaradei_0002.jpg,0.37723991729325923,1
/home/anitadonato/tcc/tcc/data/lfw/lfw-funneled/Mohamed_ElBaradei/Mohamed_ElBaradei_0001.jpg,/home/anitadonato/tcc/tcc/data/lfw/lfw-funneled/Mohamed_ElBaradei/Mohamed_ElBaradei_0006.jpg,0.3489249097056295,1
/home/anitadonato/tcc/tcc/data/lfw/lfw-funneled/Mohamed_ElBaradei/Mohamed_ElBaradei_0002.jpg,/home/anitadonato/tcc/tcc/data/lfw/lfw-funneled/Mohamed_ElBaradei/Mohamed_ElBaradei_0006.jpg,0.28038990803005714,1
/home/anitadonato/tcc/tcc/data/lfw/lfw-funneled/Paul_McCartney/Paul_McCartney_0004.jpg,/home/anitadonato/tcc/tcc/data/lfw/lfw-funneled/Paul_McCartney/Paul_McCartney_0007.jpg,0.39104859528009356,1
/home/anitadonato/tcc/tcc/data/lfw/lfw-funneled/Paul_McCartney/Paul_McCartney_0004.jpg,/home/anitadonato/tcc/tcc/data/lfw/lfw-funneled/Paul_McCartney/Paul_McCartney_0005.jpg,0.41080730656841474,1
/home/anitadonato/tcc/tcc/data/lfw/lfw-funneled/Paul_McCartney/Paul_McCartney_0004.jpg,/home/anitadonato/tcc/tcc/data/lfw/lfw-funneled/Paul_McCartney/Paul_McCartney_0006.jpg,0.4021824860366894,1
/home/anitadonato/tcc/tcc/data/lfw/lfw-funneled/Paul_McCartney/Paul_McCartney_0004.jpg,/home/anitadonato/tcc/tcc/data/lfw/lfw-funneled/Paul_McCartney/Paul_McCartney_0002.jpg,0.37048752641645444,1
/home/anitadonato/tcc/tcc/data/lfw/lfw-funneled/Paul_McCartney/Paul_McCartney_0007.jpg,/home/anitadonato/tcc/tcc/data/lfw/lfw-funneled/Paul_McCartney/Paul_McCartney_0005.jpg,0.38240652828540933,1
/home/anitadonato/tcc/tcc/data/lfw/lfw-funneled/Paul_McCartney/Paul_McCartney_0007.jpg,/home/anitadonato/tcc/tcc/data/lfw/lfw-funneled/Paul_McCartney/Paul_McCartney_0006.jpg,0.3681834452150865,1
/home/anitadonato/tcc/tcc/data/lfw/lfw-funneled/Paul_McCartney/Paul_McCartney_0007.jpg,/home/anitadonato/tcc/tcc/data/lfw/lfw-funneled/Paul_McCartney/Paul_McCartney_0002.jpg,0.43730350057112116,1
/home/anitadonato/tcc/tcc/data/lfw/lfw-funneled/Paul_McCartney/Paul_McCartney_0005.jpg,/home/anitadonato/tcc/tcc/data/lfw/lfw-funneled/Paul_McCartney/Paul_McCartney_0006.jpg,0.38880423057198854,1
/home/anitadonato/tcc/tcc/data/lfw/lfw-funneled/Paul_McCartney/Paul_McCartney_0005.jpg,/home/anitadonato/tcc/tcc/data/lfw/lfw-funneled/Paul_McCartney/Paul_McCartney_0002.jpg,0.4818817692144295,1
/home/anitadonato/tcc/tcc/data/lfw/lfw-funneled/Paul_McCartney/Paul_McCartney_0006.jpg,/home/anitadonato/tcc/tcc/data/lfw/lfw-funneled/Paul_McCartney/Paul_McCartney_0002.jpg,0.46664803995961823,1
/home/anitadonato/tcc/tcc/data/lfw/lfw-funneled/Kurt_Warner/Kurt_Warner_0001.jpg,/home/anitadonato/tcc/tcc/data/lfw/lfw-funneled/Kurt_Warner/Kurt_Warner_0002.jpg,0.4730248714736234,1
/home/anitadonato/tcc/tcc/data/lfw/lfw-funneled/Kurt_Warner/Kurt_Warner_0001.jpg,/home/anitadonato/tcc/tcc/data/lfw/lfw-funneled/Kurt_Warner/Kurt_Warner_0004.jpg,0.4496029234434946,1
/home/anitadonato/tcc/tcc/data/lfw/lfw-funneled/Kurt_Warner/Kurt_Warner_0001.jpg,/home/anitadonato/tcc/tcc/data/lfw/lfw-funneled/Kurt_Warner/Kurt_Warner_0003.jpg,0.5243813860410639,1
/home/anitadonato/tcc/tcc/data/lfw/lfw-funneled/Kurt_Warner/Kurt_Warner_0001.jpg,/home/anitadonato/tcc/tcc/data/lfw/lfw-funneled/Kurt_Warner/Kurt_Warner_0005.jpg,0.4166622254852742,1
/home/anitadonato/tcc/tcc/data/lfw/lfw-funneled/Kurt_Warner/Kurt_Warner_0002.jpg,/home/anitadonato/tcc/tcc/data/lfw/lfw-funneled/Kurt_Warner/Kurt_Warner_0004.jpg,0.2872128863695631,1
/home/anitadonato/tcc/tcc/data/lfw/lfw-funneled/Kurt_Warner/Kurt_Warner_0002.jpg,/home/anitadonato/tcc/tcc/data/lfw/lfw-funneled/Kurt_Warner/Kurt_Warner_0003.jpg,0.47888346118047403,1
/home/anitadonato/tcc/tcc/data/lfw/lfw-funneled/Kurt_Warner/Kurt_Warner_0002.jpg,/home/anitadonato/tcc/tcc/data/lfw/lfw-funneled/Kurt_Warner/Kurt_Warner_0005.jpg,0.30681412891212595,1
/home/anitadonato/tcc/tcc/data/lfw/lfw-funneled/Kurt_Warner/Kurt_Warner_0004.jpg,/home/anitadonato/tcc/tcc/data/lfw/lfw-funneled/Kurt_Warner/Kurt_Warner_0003.jpg,0.5122118795769908,1
/home/anitadonato/tcc/tcc/data/lfw/lfw-funneled/Kurt_Warner/Kurt_Warner_0004.jpg,/home/anitadonato/tcc/tcc/data/lfw/lfw-funneled/Kurt_Warner/Kurt_Warner_0005.jpg,0.3899788703543216,1
/home/anitadonato/tcc/tcc/data/lfw/lfw-funneled/Kurt_Warner/Kurt_Warner_0003.jpg,/home/anitadonato/tcc/tcc/data/lfw/lfw-funneled/Kurt_Warner/Kurt_Warner_0005.jpg,0.47394260630533114,1
/home/anitadonato/tcc/tcc/data/lfw/lfw-funneled/Tung_Chee-hwa/Tung_Chee-hwa_0002.jpg,/home/anitadonato/tcc/tcc/data/lfw/lfw-funneled/Tung_Chee-hwa/Tung_Chee-hwa_0004.jpg,0.3798992965128895,1
/home/anitadonato/tcc/tcc/data/lfw/lfw-funneled/Tung_Chee-hwa/Tung_Chee-hwa_0002.jpg,/home/anitadonato/tcc/tcc/data/lfw/lfw-funneled/Tung_Chee-hwa/Tung_Chee-hwa_0003.jpg,0.2900309630832417,1
/home/anitadonato/tcc/tcc/data/lfw/lfw-funneled/Tung_Chee-hwa/Tung_Chee-hwa_0002.jpg,/home/anitadonato/tcc/tcc/data/lfw/lfw-funneled/Tung_Chee-hwa/Tung_Chee-hwa_0006.jpg,0.3919389906258689,1
/home/anitadonato/tcc/tcc/data/lfw/lfw-funneled/Tung_Chee-hwa/Tung_Chee-hwa_0002.jpg,/home/anitadonato/tcc/tcc/data/lfw/lfw-funneled/Tung_Chee-hwa/Tung_Chee-hwa_0005.jpg,0.3370150977665438,1
/home/anitadonato/tcc/tcc/data/lfw/lfw-funneled/Tung_Chee-hwa/Tung_Chee-hwa_0004.jpg,/home/anitadonato/tcc/tcc/data/lfw/lfw-funneled/Tung_Chee-hwa/Tung_Chee-hwa_0003.jpg,0.4037465038626246,1
/home/anitadonato/tcc/tcc/data/lfw/lfw-funneled/Tung_Chee-hwa/Tung_Chee-hwa_0004.jpg,/home/anitadonato/tcc/tcc/data/lfw/lfw-funneled/Tung_Chee-hwa/Tung_Chee-hwa_0006.jpg,0.4211847511027505,1
/home/anitadonato/tcc/tcc/data/lfw/lfw-funneled/Tung_Chee-hwa/Tung_Chee-hwa_0004.jpg,/home/anitadonato/tcc/tcc/data/lfw/lfw-funneled/Tung_Chee-hwa/Tung_Chee-hwa_0005.jpg,0.2693696493023698,1
/home/anitadonato/tcc/tcc/data/lfw/lfw-funneled/Tung_Chee-hwa/Tung_Chee-hwa_0003.jpg,/home/anitadonato/tcc/tcc/data/lfw/lfw-funneled/Tung_Chee-hwa/Tung_Chee-hwa_0006.jpg,0.37130807407588096,1
/home/anitadonato/tcc/tcc/data/lfw/lfw-funneled/Tung_Chee-hwa/Tung_Chee-hwa_0003.jpg,/home/anitadonato/tcc/tcc/data/lfw/lfw-funneled/Tung_Chee-hwa/Tung_Chee-hwa_0005.jpg,0.34753733522063335,1
/home/anitadonato/tcc/tcc/data/lfw/lfw-funneled/Tung_Chee-hwa/Tung_Chee-hwa_0006.jpg,/home/anitadonato/tcc/tcc/data/lfw/lfw-funneled/Tung_Chee-hwa/Tung_Chee-hwa_0005.jpg,0.4018741813951478,1
/home/anitadonato/tcc/tcc/data/lfw/lfw-funneled/Kalpana_Chawla/Kalpana_Chawla_0002.jpg,/home/anitadonato/tcc/tcc/data/lfw/lfw-funneled/Kalpana_Chawla/Kalpana_Chawla_0004.jpg,0.3334863706971003,1
/home/anitadonato/tcc/tcc/data/lfw/lfw-funneled/Kalpana_Chawla/Kalpana_Chawla_0002.jpg,/home/anitadonato/tcc/tcc/data/lfw/lfw-funneled/Kalpana_Chawla/Kalpana_Chawla_0001.jpg,0.3910225455222098,1
/home/anitadonato/tcc/tcc/data/lfw/lfw-funneled/Kalpana_Chawla/Kalpana_Chawla_0002.jpg,/home/anitadonato/tcc/tcc/data/lfw/lfw-funneled/Kalpana_Chawla/Kalpana_Chawla_0003.jpg,0.3769551394828289,1
/home/anitadonato/tcc/tcc/data/lfw/lfw-funneled/Kalpana_Chawla/Kalpana_Chawla_0002.jpg,/home/anitadonato/tcc/tcc/data/lfw/lfw-funneled/Kalpana_Chawla/Kalpana_Chawla_0005.jpg,0.4032130655865296,1
/home/anitadonato/tcc/tcc/data/lfw/lfw-funneled/Kalpana_Chawla/Kalpana_Chawla_0004.jpg,/home/anitadonato/tcc/tcc/data/lfw/lfw-funneled/Kalpana_Chawla/Kalpana_Chawla_0001.jpg,0.33680567246415055,1
/home/anitadonato/tcc/tcc/data/lfw/lfw-funneled/Kalpana_Chawla/Kalpana_Chawla_0004.jpg,/home/anitadonato/tcc/tcc/data/lfw/lfw-funneled/Kalpana_Chawla/Kalpana_Chawla_0003.jpg,0.3743740943001407,1
/home/anitadonato/tcc/tcc/data/lfw/lfw-funneled/Kalpana_Chawla/Kalpana_Chawla_0004.jpg,/home/anitadonato/tcc/tcc/data/lfw/lfw-funneled/Kalpana_Chawla/Kalpana_Chawla_0005.jpg,0.2514054543724795,1
/home/anitadonato/tcc/tcc/data/lfw/lfw-funneled/Kalpana_Chawla/Kalpana_Chawla_0001.jpg,/home/anitadonato/tcc/tcc/data/lfw/lfw-funneled/Kalpana_Chawla/Kalpana_Chawla_0003.jpg,0.3503131626474806,1
/home/anitadonato/tcc/tcc/data/lfw/lfw-funneled/Kalpana_Chawla/Kalpana_Chawla_0001.jpg,/home/anitadonato/tcc/tcc/data/lfw/lfw-funneled/Kalpana_Chawla/Kalpana_Chawla_0005.jpg,0.33550812161389704,1
/home/anitadonato/tcc/tcc/data/lfw/lfw-funneled/Kalpana_Chawla/Kalpana_Chawla_0003.jpg,/home/anitadonato/tcc/tcc/data/lfw/lfw-funneled/Kalpana_Chawla/Kalpana_Chawla_0005.jpg,0.3550616913645666,1
/home/anitadonato/tcc/tcc/data/lfw/lfw-funneled/Juan_Pablo_Montoya/Juan_Pablo_Montoya_0005.jpg,/home/anitadonato/tcc/tcc/data/lfw/lfw-funneled/Juan_Pablo_Montoya/Juan_Pablo_Montoya_0007.jpg,0.5819293552654834,1
/home/anitadonato/tcc/tcc/data/lfw/lfw-funneled/Juan_Pablo_Montoya/Juan_Pablo_Montoya_0005.jpg,/home/anitadonato/tcc/tcc/data/lfw/lfw-funneled/Juan_Pablo_Montoya/Juan_Pablo_Montoya_0002.jpg,0.5608949831871871,1
/home/anitadonato/tcc/tcc/data/lfw/lfw-funneled/Juan_Pablo_Montoya/Juan_Pablo_Montoya_0005.jpg,/home/anitadonato/tcc/tcc/data/lfw/lfw-funneled/Juan_Pablo_Montoya/Juan_Pablo_Montoya_0001.jpg,0.5387323104571113,1
/home/anitadonato/tcc/tcc/data/lfw/lfw-funneled/Juan_Pablo_Montoya/Juan_Pablo_Montoya_0005.jpg,/home/anitadonato/tcc/tcc/data/lfw/lfw-funneled/Juan_Pablo_Montoya/Juan_Pablo_Montoya_0008.jpg,0.5966057467875461,1
/home/anitadonato/tcc/tcc/data/lfw/lfw-funneled/Juan_Pablo_Montoya/Juan_Pablo_Montoya_0007.jpg,/home/anitadonato/tcc/tcc/data/lfw/lfw-funneled/Juan_Pablo_Montoya/Juan_Pablo_Montoya_0002.jpg,0.5675796245339605,1
/home/anitadonato/tcc/tcc/data/lfw/lfw-funneled/Juan_Pablo_Montoya/Juan_Pablo_Montoya_0007.jpg,/home/anitadonato/tcc/tcc/data/lfw/lfw-funneled/Juan_Pablo_Montoya/Juan_Pablo_Montoya_0001.jpg,0.5282383261797354,1
/home/anitadonato/tcc/tcc/data/lfw/lfw-funneled/Juan_Pablo_Montoya/Juan_Pablo_Montoya_0007.jpg,/home/anitadonato/tcc/tcc/data/lfw/lfw-funneled/Juan_Pablo_Montoya/Juan_Pablo_Montoya_0008.jpg,0.38889269231142165,1
/home/anitadonato/tcc/tcc/data/lfw/lfw-funneled/Juan_Pablo_Montoya/Juan_Pablo_Montoya_0002.jpg,/home/anitadonato/tcc/tcc/data/lfw/lfw-funneled/Juan_Pablo_Montoya/Juan_Pablo_Montoya_0001.jpg,0.4986544471506872,1
/home/anitadonato/tcc/tcc/data/lfw/lfw-funneled/Juan_Pablo_Montoya/Juan_Pablo_Montoya_0002.jpg,/home/anitadonato/tcc/tcc/data/lfw/lfw-funneled/Juan_Pablo_Montoya/Juan_Pablo_Montoya_0008.jpg,0.6233512504279686,1
/home/anitadonato/tcc/tcc/data/lfw/lfw-funneled/Juan_Pablo_Montoya/Juan_Pablo_Montoya_0001.jpg,/home/anitadonato/tcc/tcc/data/lfw/lfw-funneled/Juan_Pablo_Montoya/Juan_Pablo_Montoya_0008.jpg,0.5246466841645587,1
/home/anitadonato/tcc/tcc/data/lfw/lfw-funneled/Michael_Chiklis/Michael_Chiklis_0002.jpg,/home/anitadonato/tcc/tcc/data/lfw/lfw-funneled/Michael_Chiklis/Michael_Chiklis_0003.jpg,0.5052128106709982,1
/home/anitadonato/tcc/tcc/data/lfw/lfw-funneled/Michael_Chiklis/Michael_Chiklis_0002.jpg,/home/anitadonato/tcc/tcc/data/lfw/lfw-funneled/Michael_Chiklis/Michael_Chiklis_0004.jpg,0.43078481616694875,1
/home/anitadonato/tcc/tcc/data/lfw/lfw-funneled/Michael_Chiklis/Michael_Chiklis_0002.jpg,/home/anitadonato/tcc/tcc/data/lfw/lfw-funneled/Michael_Chiklis/Michael_Chiklis_0005.jpg,0.45415262963315994,1
/home/anitadonato/tcc/tcc/data/lfw/lfw-funneled/Michael_Chiklis/Michael_Chiklis_0002.jpg,/home/anitadonato/tcc/tcc/data/lfw/lfw-funneled/Michael_Chiklis/Michael_Chiklis_0001.jpg,0.38177165874848973,1
/home/anitadonato/tcc/tcc/data/lfw/lfw-funneled/Michael_Chiklis/Michael_Chiklis_0003.jpg,/home/anitadonato/tcc/tcc/data/lfw/lfw-funneled/Michael_Chiklis/Michael_Chiklis_0004.jpg,0.49971639251295685,1
/home/anitadonato/tcc/tcc/data/lfw/lfw-funneled/Michael_Chiklis/Michael_Chiklis_0003.jpg,/home/anitadonato/tcc/tcc/data/lfw/lfw-funneled/Michael_Chiklis/Michael_Chiklis_0005.jpg,0.4711654077034904,1
/home/anitadonato/tcc/tcc/data/lfw/lfw-funneled/Michael_Chiklis/Michael_Chiklis_0003.jpg,/home/anitadonato/tcc/tcc/data/lfw/lfw-funneled/Michael_Chiklis/Michael_Chiklis_0001.jpg,0.4373348296488832,1
/home/anitadonato/tcc/tcc/data/lfw/lfw-funneled/Michael_Chiklis/Michael_Chiklis_0004.jpg,/home/anitadonato/tcc/tcc/data/lfw/lfw-funneled/Michael_Chiklis/Michael_Chiklis_0005.jpg,0.4810345314827163,1
/home/anitadonato/tcc/tcc/data/lfw/lfw-funneled/Michael_Chiklis/Michael_Chiklis_0004.jpg,/home/anitadonato/tcc/tcc/data/lfw/lfw-funneled/Michael_Chiklis/Michael_Chiklis_0001.jpg,0.4051828791272821,1
/home/anitadonato/tcc/tcc/data/lfw/lfw-funneled/Michael_Chiklis/Michael_Chiklis_0005.jpg,/home/anitadonato/tcc/tcc/data/lfw/lfw-funneled/Michael_Chiklis/Michael_Chiklis_0001.jpg,0.4521090364236352,1
/home/anitadonato/tcc/tcc/data/lfw/lfw-funneled/Catherine_Zeta-Jones/Catherine_Zeta-Jones_0002.jpg,/home/anitadonato/tcc/tcc/data/lfw/lfw-funneled/Catherine_Zeta-Jones/Catherine_Zeta-Jones_0008.jpg,0.4901441336235741,1
/home/anitadonato/tcc/tcc/data/lfw/lfw-funneled/Catherine_Zeta-Jones/Catherine_Zeta-Jones_0002.jpg,/home/anitadonato/tcc/tcc/data/lfw/lfw-funneled/Catherine_Zeta-Jones/Catherine_Zeta-Jones_0005.jpg,0.4990347712185689,1
/home/anitadonato/tcc/tcc/data/lfw/lfw-funneled/Catherine_Zeta-Jones/Catherine_Zeta-Jones_0002.jpg,/home/anitadonato/tcc/tcc/data/lfw/lfw-funneled/Catherine_Zeta-Jones/Catherine_Zeta-Jones_0007.jpg,0.5151092729538085,1
/home/anitadonato/tcc/tcc/data/lfw/lfw-funneled/Catherine_Zeta-Jones/Catherine_Zeta-Jones_0002.jpg,/home/anitadonato/tcc/tcc/data/lfw/lfw-funneled/Catherine_Zeta-Jones/Catherine_Zeta-Jones_0003.jpg,0.4286787838217781,1
/home/anitadonato/tcc/tcc/data/lfw/lfw-funneled/Catherine_Zeta-Jones/Catherine_Zeta-Jones_0008.jpg,/home/anitadonato/tcc/tcc/data/lfw/lfw-funneled/Catherine_Zeta-Jones/Catherine_Zeta-Jones_0005.jpg,0.5433396675413,1
/home/anitadonato/tcc/tcc/data/lfw/lfw-funneled/Catherine_Zeta-Jones/Catherine_Zeta-Jones_0008.jpg,/home/anitadonato/tcc/tcc/data/lfw/lfw-funneled/Catherine_Zeta-Jones/Catherine_Zeta-Jones_0007.jpg,0.4750570960606158,1
/home/anitadonato/tcc/tcc/data/lfw/lfw-funneled/Catherine_Zeta-Jones/Catherine_Zeta-Jones_0008.jpg,/home/anitadonato/tcc/tcc/data/lfw/lfw-funneled/Catherine_Zeta-Jones/Catherine_Zeta-Jones_0003.jpg,0.477031673905047,1
/home/anitadonato/tcc/tcc/data/lfw/lfw-funneled/Catherine_Zeta-Jones/Catherine_Zeta-Jones_0005.jpg,/home/anitadonato/tcc/tcc/data/lfw/lfw-funneled/Catherine_Zeta-Jones/Catherine_Zeta-Jones_0007.jpg,0.456226022473914,1
/home/anitadonato/tcc/tcc/data/lfw/lfw-funneled/Catherine_Zeta-Jones/Catherine_Zeta-Jones_0005.jpg,/home/anitadonato/tcc/tcc/data/lfw/lfw-funneled/Catherine_Zeta-Jones/Catherine_Zeta-Jones_0003.jpg,0.5585884802355024,1
/home/anitadonato/tcc/tcc/data/lfw/lfw-funneled/Catherine_Zeta-Jones/Catherine_Zeta-Jones_0007.jpg,/home/anitadonato/tcc/tcc/data/lfw/lfw-funneled/Catherine_Zeta-Jones/Catherine_Zeta-Jones_0003.jpg,0.4869580751280476,1
/home/anitadonato/tcc/tcc/data/lfw/lfw-funneled/Amelie_Mauresmo/Amelie_Mauresmo_0017.jpg,/home/anitadonato/tcc/tcc/data/lfw/lfw-funneled/Amelie_Mauresmo/Amelie_Mauresmo_0018.jpg,0.39562297364034826,1
/home/anitadonato/tcc/tcc/data/lfw/lfw-funneled/Amelie_Mauresmo/Amelie_Mauresmo_0017.jpg,/home/anitadonato/tcc/tcc/data/lfw/lfw-funneled/Amelie_Mauresmo/Amelie_Mauresmo_0016.jpg,0.4059969630393297,1
/home/anitadonato/tcc/tcc/data/lfw/lfw-funneled/Amelie_Mauresmo/Amelie_Mauresmo_0017.jpg,/home/anitadonato/tcc/tcc/data/lfw/lfw-funneled/Amelie_Mauresmo/Amelie_Mauresmo_0015.jpg,0.4315524669495767,1
/home/anitadonato/tcc/tcc/data/lfw/lfw-funneled/Amelie_Mauresmo/Amelie_Mauresmo_0017.jpg,/home/anitadonato/tcc/tcc/data/lfw/lfw-funneled/Amelie_Mauresmo/Amelie_Mauresmo_0003.jpg,0.36433259584129973,1
/home/anitadonato/tcc/tcc/data/lfw/lfw-funneled/Amelie_Mauresmo/Amelie_Mauresmo_0018.jpg,/home/anitadonato/tcc/tcc/data/lfw/lfw-funneled/Amelie_Mauresmo/Amelie_Mauresmo_0016.jpg,0.4859333660293273,1
/home/anitadonato/tcc/tcc/data/lfw/lfw-funneled/Amelie_Mauresmo/Amelie_Mauresmo_0018.jpg,/home/anitadonato/tcc/tcc/data/lfw/lfw-funneled/Amelie_Mauresmo/Amelie_Mauresmo_0015.jpg,0.5729190336218524,1
/home/anitadonato/tcc/tcc/data/lfw/lfw-funneled/Amelie_Mauresmo/Amelie_Mauresmo_0018.jpg,/home/anitadonato/tcc/tcc/data/lfw/lfw-funneled/Amelie_Mauresmo/Amelie_Mauresmo_0003.jpg,0.4918727210582936,1
/home/anitadonato/tcc/tcc/data/lfw/lfw-funneled/Amelie_Mauresmo/Amelie_Mauresmo_0016.jpg,/home/anitadonato/tcc/tcc/data/lfw/lfw-funneled/Amelie_Mauresmo/Amelie_Mauresmo_0015.jpg,0.49238893324299365,1
/home/anitadonato/tcc/tcc/data/lfw/lfw-funneled/Amelie_Mauresmo/Amelie_Mauresmo_0016.jpg,/home/anitadonato/tcc/tcc/data/lfw/lfw-funneled/Amelie_Mauresmo/Amelie_Mauresmo_0003.jpg,0.41871128627134574,1
/home/anitadonato/tcc/tcc/data/lfw/lfw-funneled/Amelie_Mauresmo/Amelie_Mauresmo_0015.jpg,/home/anitadonato/tcc/tcc/data/lfw/lfw-funneled/Amelie_Mauresmo/Amelie_Mauresmo_0003.jpg,0.43653904558788315,1
/home/anitadonato/tcc/tcc/data/lfw/lfw-funneled/Maria_Shriver/Maria_Shriver_0001.jpg,/home/anitadonato/tcc/tcc/data/lfw/lfw-funneled/Maria_Shriver/Maria_Shriver_0004.jpg,0.45665483410610397,1
/home/anitadonato/tcc/tcc/data/lfw/lfw-funneled/Maria_Shriver/Maria_Shriver_0001.jpg,/home/anitadonato/tcc/tcc/data/lfw/lfw-funneled/Maria_Shriver/Maria_Shriver_0006.jpg,0.48961940422364786,1
/home/anitadonato/tcc/tcc/data/lfw/lfw-funneled/Maria_Shriver/Maria_Shriver_0001.jpg,/home/anitadonato/tcc/tcc/data/lfw/lfw-funneled/Maria_Shriver/Maria_Shriver_0003.jpg,0.5013569008306163,1
/home/anitadonato/tcc/tcc/data/lfw/lfw-funneled/Maria_Shriver/Maria_Shriver_0001.jpg,/home/anitadonato/tcc/tcc/data/lfw/lfw-funneled/Maria_Shriver/Maria_Shriver_0005.jpg,0.4799547435216001,1
/home/anitadonato/tcc/tcc/data/lfw/lfw-funneled/Maria_Shriver/Maria_Shriver_0004.jpg,/home/anitadonato/tcc/tcc/data/lfw/lfw-funneled/Maria_Shriver/Maria_Shriver_0006.jpg,0.4382741707522799,1
/home/anitadonato/tcc/tcc/data/lfw/lfw-funneled/Maria_Shriver/Maria_Shriver_0004.jpg,/home/anitadonato/tcc/tcc/data/lfw/lfw-funneled/Maria_Shriver/Maria_Shriver_0003.jpg,0.47482952066744827,1
/home/anitadonato/tcc/tcc/data/lfw/lfw-funneled/Maria_Shriver/Maria_Shriver_0004.jpg,/home/anitadonato/tcc/tcc/data/lfw/lfw-funneled/Maria_Shriver/Maria_Shriver_0005.jpg,0.523684764751348,1
/home/anitadonato/tcc/tcc/data/lfw/lfw-funneled/Maria_Shriver/Maria_Shriver_0006.jpg,/home/anitadonato/tcc/tcc/data/lfw/lfw-funneled/Maria_Shriver/Maria_Shriver_0003.jpg,0.4594924322905099,1
/home/anitadonato/tcc/tcc/data/lfw/lfw-funneled/Maria_Shriver/Maria_Shriver_0006.jpg,/home/anitadonato/tcc/tcc/data/lfw/lfw-funneled/Maria_Shriver/Maria_Shriver_0005.jpg,0.4980236054373023,1
/home/anitadonato/tcc/tcc/data/lfw/lfw-funneled/Maria_Shriver/Maria_Shriver_0003.jpg,/home/anitadonato/tcc/tcc/data/lfw/lfw-funneled/Maria_Shriver/Maria_Shriver_0005.jpg,0.5327777890270695,1
/home/anitadonato/tcc/tcc/data/lfw/lfw-funneled/Martha_Stewart/Martha_Stewart_0001.jpg,/home/anitadonato/tcc/tcc/data/lfw/lfw-funneled/Martha_Stewart/Martha_Stewart_0005.jpg,0.48778999234731035,1
/home/anitadonato/tcc/tcc/data/lfw/lfw-funneled/Martha_Stewart/Martha_Stewart_0001.jpg,/home/anitadonato/tcc/tcc/data/lfw/lfw-funneled/Martha_Stewart/Martha_Stewart_0004.jpg,0.43341256412704793,1
/home/anitadonato/tcc/tcc/data/lfw/lfw-funneled/Martha_Stewart/Martha_Stewart_0001.jpg,/home/anitadonato/tcc/tcc/data/lfw/lfw-funneled/Martha_Stewart/Martha_Stewart_0003.jpg,0.4412417967340145,1
/home/anitadonato/tcc/tcc/data/lfw/lfw-funneled/Martha_Stewart/Martha_Stewart_0001.jpg,/home/anitadonato/tcc/tcc/data/lfw/lfw-funneled/Martha_Stewart/Martha_Stewart_0002.jpg,0.47408171307417424,1
/home/anitadonato/tcc/tcc/data/lfw/lfw-funneled/Martha_Stewart/Martha_Stewart_0005.jpg,/home/anitadonato/tcc/tcc/data/lfw/lfw-funneled/Martha_Stewart/Martha_Stewart_0004.jpg,0.4225052339891055,1
/home/anitadonato/tcc/tcc/data/lfw/lfw-funneled/Martha_Stewart/Martha_Stewart_0005.jpg,/home/anitadonato/tcc/tcc/data/lfw/lfw-funneled/Martha_Stewart/Martha_Stewart_0003.jpg,0.5134672482065766,1
/home/anitadonato/tcc/tcc/data/lfw/lfw-funneled/Martha_Stewart/Martha_Stewart_0005.jpg,/home/anitadonato/tcc/tcc/data/lfw/lfw-funneled/Martha_Stewart/Martha_Stewart_0002.jpg,0.41873421658809484,1
/home/anitadonato/tcc/tcc/data/lfw/lfw-funneled/Martha_Stewart/Martha_Stewart_0004.jpg,/home/anitadonato/tcc/tcc/data/lfw/lfw-funneled/Martha_Stewart/Martha_Stewart_0003.jpg,0.29927717413569793,1
/home/anitadonato/tcc/tcc/data/lfw/lfw-funneled/Martha_Stewart/Martha_Stewart_0004.jpg,/home/anitadonato/tcc/tcc/data/lfw/lfw-funneled/Martha_Stewart/Martha_Stewart_0002.jpg,0.32611403442660264,1
/home/anitadonato/tcc/tcc/data/lfw/lfw-funneled/Martha_Stewart/Martha_Stewart_0003.jpg,/home/anitadonato/tcc/tcc/data/lfw/lfw-funneled/Martha_Stewart/Martha_Stewart_0002.jpg,0.37028537449919774,1
/home/anitadonato/tcc/tcc/data/lfw/lfw-funneled/Hosni_Mubarak/Hosni_Mubarak_0001.jpg,/home/anitadonato/tcc/tcc/data/lfw/lfw-funneled/Hosni_Mubarak/Hosni_Mubarak_0003.jpg,0.30368474290831365,1
/home/anitadonato/tcc/tcc/data/lfw/lfw-funneled/Hosni_Mubarak/Hosni_Mubarak_0001.jpg,/home/anitadonato/tcc/tcc/data/lfw/lfw-funneled/Hosni_Mubarak/Hosni_Mubarak_0004.jpg,0.41723804754525456,1
/home/anitadonato/tcc/tcc/data/lfw/lfw-funneled/Hosni_Mubarak/Hosni_Mubarak_0001.jpg,/home/anitadonato/tcc/tcc/data/lfw/lfw-funneled/Hosni_Mubarak/Hosni_Mubarak_0005.jpg,0.25930412730345437,1
/home/anitadonato/tcc/tcc/data/lfw/lfw-funneled/Hosni_Mubarak/Hosni_Mubarak_0001.jpg,/home/anitadonato/tcc/tcc/data/lfw/lfw-funneled/Hosni_Mubarak/Hosni_Mubarak_0007.jpg,0.43631813742131675,1
/home/anitadonato/tcc/tcc/data/lfw/lfw-funneled/Hosni_Mubarak/Hosni_Mubarak_0003.jpg,/home/anitadonato/tcc/tcc/data/lfw/lfw-funneled/Hosni_Mubarak/Hosni_Mubarak_0004.jpg,0.4503645376521489,1
/home/anitadonato/tcc/tcc/data/lfw/lfw-funneled/Hosni_Mubarak/Hosni_Mubarak_0003.jpg,/home/anitadonato/tcc/tcc/data/lfw/lfw-funneled/Hosni_Mubarak/Hosni_Mubarak_0005.jpg,0.31236647290576286,1
/home/anitadonato/tcc/tcc/data/lfw/lfw-funneled/Hosni_Mubarak/Hosni_Mubarak_0003.jpg,/home/anitadonato/tcc/tcc/data/lfw/lfw-funneled/Hosni_Mubarak/Hosni_Mubarak_0007.jpg,0.42155857292329,1
/home/anitadonato/tcc/tcc/data/lfw/lfw-funneled/Hosni_Mubarak/Hosni_Mubarak_0004.jpg,/home/anitadonato/tcc/tcc/data/lfw/lfw-funneled/Hosni_Mubarak/Hosni_Mubarak_0005.jpg,0.4087026297713395,1
/home/anitadonato/tcc/tcc/data/lfw/lfw-funneled/Hosni_Mubarak/Hosni_Mubarak_0004.jpg,/home/anitadonato/tcc/tcc/data/lfw/lfw-funneled/Hosni_Mubarak/Hosni_Mubarak_0007.jpg,0.45461926755401755,1
/home/anitadonato/tcc/tcc/data/lfw/lfw-funneled/Hosni_Mubarak/Hosni_Mubarak_0005.jpg,/home/anitadonato/tcc/tcc/data/lfw/lfw-funneled/Hosni_Mubarak/Hosni_Mubarak_0007.jpg,0.41394513398985955,1
/home/anitadonato/tcc/tcc/data/lfw/lfw-funneled/Luis_Horna/Luis_Horna_0003.jpg,/home/anitadonato/tcc/tcc/data/lfw/lfw-funneled/Luis_Horna/Luis_Horna_0004.jpg,0.4352656270638852,1
/home/anitadonato/tcc/tcc/data/lfw/lfw-funneled/Luis_Horna/Luis_Horna_0003.jpg,/home/anitadonato/tcc/tcc/data/lfw/lfw-funneled/Luis_Horna/Luis_Horna_0006.jpg,0.3878271491327163,1
/home/anitadonato/tcc/tcc/data/lfw/lfw-funneled/Luis_Horna/Luis_Horna_0003.jpg,/home/anitadonato/tcc/tcc/data/lfw/lfw-funneled/Luis_Horna/Luis_Horna_0005.jpg,0.415012491916868,1
/home/anitadonato/tcc/tcc/data/lfw/lfw-funneled/Luis_Horna/Luis_Horna_0004.jpg,/home/anitadonato/tcc/tcc/data/lfw/lfw-funneled/Luis_Horna/Luis_Horna_0006.jpg,0.33292290288608173,1
/home/anitadonato/tcc/tcc/data/lfw/lfw-funneled/Luis_Horna/Luis_Horna_0004.jpg,/home/anitadonato/tcc/tcc/data/lfw/lfw-funneled/Luis_Horna/Luis_Horna_0005.jpg,0.29106923929629985,1
/home/anitadonato/tcc/tcc/data/lfw/lfw-funneled/Luis_Horna/Luis_Horna_0006.jpg,/home/anitadonato/tcc/tcc/data/lfw/lfw-funneled/Luis_Horna/Luis_Horna_0005.jpg,0.3327250013318438,1
/home/anitadonato/tcc/tcc/data/lfw/lfw-funneled/Angela_Merkel/Angela_Merkel_0001.jpg,/home/anitadonato/tcc/tcc/data/lfw/lfw-funneled/Angela_Merkel/Angela_Merkel_0004.jpg,0.43199742875164665,1
/home/anitadonato/tcc/tcc/data/lfw/lfw-funneled/Angela_Merkel/Angela_Merkel_0001.jpg,/home/anitadonato/tcc/tcc/data/lfw/lfw-funneled/Angela_Merkel/Angela_Merkel_0002.jpg,0.43951346130664126,1
/home/anitadonato/tcc/tcc/data/lfw/lfw-funneled/Angela_Merkel/Angela_Merkel_0001.jpg,/home/anitadonato/tcc/tcc/data/lfw/lfw-funneled/Angela_Merkel/Angela_Merkel_0003.jpg,0.4929211603079546,1
/home/anitadonato/tcc/tcc/data/lfw/lfw-funneled/Angela_Merkel/Angela_Merkel_0001.jpg,/home/anitadonato/tcc/tcc/data/lfw/lfw-funneled/Angela_Merkel/Angela_Merkel_0005.jpg,0.38599617988561175,1
/home/anitadonato/tcc/tcc/data/lfw/lfw-funneled/Angela_Merkel/Angela_Merkel_0004.jpg,/home/anitadonato/tcc/tcc/data/lfw/lfw-funneled/Angela_Merkel/Angela_Merkel_0002.jpg,0.3915408211718567,1
/home/anitadonato/tcc/tcc/data/lfw/lfw-funneled/Angela_Merkel/Angela_Merkel_0004.jpg,/home/anitadonato/tcc/tcc/data/lfw/lfw-funneled/Angela_Merkel/Angela_Merkel_0003.jpg,0.4615137936407003,1
/home/anitadonato/tcc/tcc/data/lfw/lfw-funneled/Angela_Merkel/Angela_Merkel_0004.jpg,/home/anitadonato/tcc/tcc/data/lfw/lfw-funneled/Angela_Merkel/Angela_Merkel_0005.jpg,0.4388470211948713,1
/home/anitadonato/tcc/tcc/data/lfw/lfw-funneled/Angela_Merkel/Angela_Merkel_0002.jpg,/home/anitadonato/tcc/tcc/data/lfw/lfw-funneled/Angela_Merkel/Angela_Merkel_0003.jpg,0.4165755354136975,1
/home/anitadonato/tcc/tcc/data/lfw/lfw-funneled/Angela_Merkel/Angela_Merkel_0002.jpg,/home/anitadonato/tcc/tcc/data/lfw/lfw-funneled/Angela_Merkel/Angela_Merkel_0005.jpg,0.5221809465364823,1
/home/anitadonato/tcc/tcc/data/lfw/lfw-funneled/Angela_Merkel/Angela_Merkel_0003.jpg,/home/anitadonato/tcc/tcc/data/lfw/lfw-funneled/Angela_Merkel/Angela_Merkel_0005.jpg,0.5117015611054331,1
/home/anitadonato/tcc/tcc/data/lfw/lfw-funneled/Angelina_Jolie/Angelina_Jolie_0011.jpg,/home/anitadonato/tcc/tcc/data/lfw/lfw-funneled/Angelina_Jolie/Angelina_Jolie_0004.jpg,0.5446220151591459,1
/home/anitadonato/tcc/tcc/data/lfw/lfw-funneled/Angelina_Jolie/Angelina_Jolie_0011.jpg,/home/anitadonato/tcc/tcc/data/lfw/lfw-funneled/Angelina_Jolie/Angelina_Jolie_0006.jpg,0.5053976793960301,1
/home/anitadonato/tcc/tcc/data/lfw/lfw-funneled/Angelina_Jolie/Angelina_Jolie_0011.jpg,/home/anitadonato/tcc/tcc/data/lfw/lfw-funneled/Angelina_Jolie/Angelina_Jolie_0020.jpg,0.5175618685479184,1
/home/anitadonato/tcc/tcc/data/lfw/lfw-funneled/Angelina_Jolie/Angelina_Jolie_0011.jpg,/home/anitadonato/tcc/tcc/data/lfw/lfw-funneled/Angelina_Jolie/Angelina_Jolie_0014.jpg,0.5245724635195143,1
/home/anitadonato/tcc/tcc/data/lfw/lfw-funneled/Angelina_Jolie/Angelina_Jolie_0004.jpg,/home/anitadonato/tcc/tcc/data/lfw/lfw-funneled/Angelina_Jolie/Angelina_Jolie_0006.jpg,0.49714683675520227,1
/home/anitadonato/tcc/tcc/data/lfw/lfw-funneled/Angelina_Jolie/Angelina_Jolie_0004.jpg,/home/anitadonato/tcc/tcc/data/lfw/lfw-funneled/Angelina_Jolie/Angelina_Jolie_0020.jpg,0.426894121792011,1
/home/anitadonato/tcc/tcc/data/lfw/lfw-funneled/Angelina_Jolie/Angelina_Jolie_0004.jpg,/home/anitadonato/tcc/tcc/data/lfw/lfw-funneled/Angelina_Jolie/Angelina_Jolie_0014.jpg,0.5677310205660836,1
/home/anitadonato/tcc/tcc/data/lfw/lfw-funneled/Angelina_Jolie/Angelina_Jolie_0006.jpg,/home/anitadonato/tcc/tcc/data/lfw/lfw-funneled/Angelina_Jolie/Angelina_Jolie_0020.jpg,0.4093863969188025,1
/home/anitadonato/tcc/tcc/data/lfw/lfw-funneled/Angelina_Jolie/Angelina_Jolie_0006.jpg,/home/anitadonato/tcc/tcc/data/lfw/lfw-funneled/Angelina_Jolie/Angelina_Jolie_0014.jpg,0.3897231229247815,1
/home/anitadonato/tcc/tcc/data/lfw/lfw-funneled/Angelina_Jolie/Angelina_Jolie_0020.jpg,/home/anitadonato/tcc/tcc/data/lfw/lfw-funneled/Angelina_Jolie/Angelina_Jolie_0014.jpg,0.4273165644053192,1
/home/anitadonato/tcc/tcc/data/lfw/lfw-funneled/John_Bolton/John_Bolton_0016.jpg,/home/anitadonato/tcc/tcc/data/lfw/lfw-funneled/John_Bolton/John_Bolton_0010.jpg,0.4211596328420317,1
/home/anitadonato/tcc/tcc/data/lfw/lfw-funneled/John_Bolton/John_Bolton_0016.jpg,/home/anitadonato/tcc/tcc/data/lfw/lfw-funneled/John_Bolton/John_Bolton_0011.jpg,0.4349421074936584,1
/home/anitadonato/tcc/tcc/data/lfw/lfw-funneled/John_Bolton/John_Bolton_0016.jpg,/home/anitadonato/tcc/tcc/data/lfw/lfw-funneled/John_Bolton/John_Bolton_0007.jpg,0.38586434165843103,1
/home/anitadonato/tcc/tcc/data/lfw/lfw-funneled/John_Bolton/John_Bolton_0016.jpg,/home/anitadonato/tcc/tcc/data/lfw/lfw-funneled/John_Bolton/John_Bolton_0013.jpg,0.40838174778716296,1
/home/anitadonato/tcc/tcc/data/lfw/lfw-funneled/John_Bolton/John_Bolton_0010.jpg,/home/anitadonato/tcc/tcc/data/lfw/lfw-funneled/John_Bolton/John_Bolton_0011.jpg,0.3324184431957603,1
/home/anitadonato/tcc/tcc/data/lfw/lfw-funneled/John_Bolton/John_Bolton_0010.jpg,/home/anitadonato/tcc/tcc/data/lfw/lfw-funneled/John_Bolton/John_Bolton_0007.jpg,0.4250893135435143,1
/home/anitadonato/tcc/tcc/data/lfw/lfw-funneled/John_Bolton/John_Bolton_0010.jpg,/home/anitadonato/tcc/tcc/data/lfw/lfw-funneled/John_Bolton/John_Bolton_0013.jpg,0.40240929223259575,1
/home/anitadonato/tcc/tcc/data/lfw/lfw-funneled/John_Bolton/John_Bolton_0011.jpg,/home/anitadonato/tcc/tcc/data/lfw/lfw-funneled/John_Bolton/John_Bolton_0007.jpg,0.462376978730936,1
/home/anitadonato/tcc/tcc/data/lfw/lfw-funneled/John_Bolton/John_Bolton_0011.jpg,/home/anitadonato/tcc/tcc/data/lfw/lfw-funneled/John_Bolton/John_Bolton_0013.jpg,0.40641745598267726,1
/home/anitadonato/tcc/tcc/data/lfw/lfw-funneled/John_Bolton/John_Bolton_0007.jpg,/home/anitadonato/tcc/tcc/data/lfw/lfw-funneled/John_Bolton/John_Bolton_0013.jpg,0.3818458119957796,1
/home/anitadonato/tcc/tcc/data/lfw/lfw-funneled/Gloria_Macapagal_Arroyo/Gloria_Macapagal_Arroyo_0036.jpg,/home/anitadonato/tcc/tcc/data/lfw/lfw-funneled/Gloria_Macapagal_Arroyo/Gloria_Macapagal_Arroyo_0003.jpg,0.46392135265613227,1
/home/anitadonato/tcc/tcc/data/lfw/lfw-funneled/Gloria_Macapagal_Arroyo/Gloria_Macapagal_Arroyo_0036.jpg,/home/anitadonato/tcc/tcc/data/lfw/lfw-funneled/Gloria_Macapagal_Arroyo/Gloria_Macapagal_Arroyo_0030.jpg,0.4819576781562251,1
/home/anitadonato/tcc/tcc/data/lfw/lfw-funneled/Gloria_Macapagal_Arroyo/Gloria_Macapagal_Arroyo_0036.jpg,/home/anitadonato/tcc/tcc/data/lfw/lfw-funneled/Gloria_Macapagal_Arroyo/Gloria_Macapagal_Arroyo_0006.jpg,0.4252785112385092,1
/home/anitadonato/tcc/tcc/data/lfw/lfw-funneled/Gloria_Macapagal_Arroyo/Gloria_Macapagal_Arroyo_0036.jpg,/home/anitadonato/tcc/tcc/data/lfw/lfw-funneled/Gloria_Macapagal_Arroyo/Gloria_Macapagal_Arroyo_0021.jpg,0.48027538039992407,1
/home/anitadonato/tcc/tcc/data/lfw/lfw-funneled/Gloria_Macapagal_Arroyo/Gloria_Macapagal_Arroyo_0003.jpg,/home/anitadonato/tcc/tcc/data/lfw/lfw-funneled/Gloria_Macapagal_Arroyo/Gloria_Macapagal_Arroyo_0030.jpg,0.553430607441675,1
/home/anitadonato/tcc/tcc/data/lfw/lfw-funneled/Gloria_Macapagal_Arroyo/Gloria_Macapagal_Arroyo_0003.jpg,/home/anitadonato/tcc/tcc/data/lfw/lfw-funneled/Gloria_Macapagal_Arroyo/Gloria_Macapagal_Arroyo_0006.jpg,0.4006631854254596,1
/home/anitadonato/tcc/tcc/data/lfw/lfw-funneled/Gloria_Macapagal_Arroyo/Gloria_Macapagal_Arroyo_0003.jpg,/home/anitadonato/tcc/tcc/data/lfw/lfw-funneled/Gloria_Macapagal_Arroyo/Gloria_Macapagal_Arroyo_0021.jpg,0.4980323464942661,1
/home/anitadonato/tcc/tcc/data/lfw/lfw-funneled/Gloria_Macapagal_Arroyo/Gloria_Macapagal_Arroyo_0030.jpg,/home/anitadonato/tcc/tcc/data/lfw/lfw-funneled/Gloria_Macapagal_Arroyo/Gloria_Macapagal_Arroyo_0006.jpg,0.4680124872231085,1
/home/anitadonato/tcc/tcc/data/lfw/lfw-funneled/Gloria_Macapagal_Arroyo/Gloria_Macapagal_Arroyo_0030.jpg,/home/anitadonato/tcc/tcc/data/lfw/lfw-funneled/Gloria_Macapagal_Arroyo/Gloria_Macapagal_Arroyo_0021.jpg,0.49126325150169486,1
/home/anitadonato/tcc/tcc/data/lfw/lfw-funneled/Gloria_Macapagal_Arroyo/Gloria_Macapagal_Arroyo_0006.jpg,/home/anitadonato/tcc/tcc/data/lfw/lfw-funneled/Gloria_Macapagal_Arroyo/Gloria_Macapagal_Arroyo_0021.jpg,0.36392303216442345,1
/home/anitadonato/tcc/tcc/data/lfw/lfw-funneled/Julie_Gerberding/Julie_Gerberding_0005.jpg,/home/anitadonato/tcc/tcc/data/lfw/lfw-funneled/Julie_Gerberding/Julie_Gerberding_0006.jpg,0.2853221193349776,1
/home/anitadonato/tcc/tcc/data/lfw/lfw-funneled/Julie_Gerberding/Julie_Gerberding_0005.jpg,/home/anitadonato/tcc/tcc/data/lfw/lfw-funneled/Julie_Gerberding/Julie_Gerberding_0002.jpg,0.33414425746195264,1
/home/anitadonato/tcc/tcc/data/lfw/lfw-funneled/Julie_Gerberding/Julie_Gerberding_0005.jpg,/home/anitadonato/tcc/tcc/data/lfw/lfw-funneled/Julie_Gerberding/Julie_Gerberding_0007.jpg,0.33142843615914375,1
/home/anitadonato/tcc/tcc/data/lfw/lfw-funneled/Julie_Gerberding/Julie_Gerberding_0005.jpg,/home/anitadonato/tcc/tcc/data/lfw/lfw-funneled/Julie_Gerberding/Julie_Gerberding_0009.jpg,0.2947816202963006,1
/home/anitadonato/tcc/tcc/data/lfw/lfw-funneled/Julie_Gerberding/Julie_Gerberding_0006.jpg,/home/anitadonato/tcc/tcc/data/lfw/lfw-funneled/Julie_Gerberding/Julie_Gerberding_0002.jpg,0.35746332291562477,1
/home/anitadonato/tcc/tcc/data/lfw/lfw-funneled/Julie_Gerberding/Julie_Gerberding_0006.jpg,/home/anitadonato/tcc/tcc/data/lfw/lfw-funneled/Julie_Gerberding/Julie_Gerberding_0007.jpg,0.3970049056034062,1
/home/anitadonato/tcc/tcc/data/lfw/lfw-funneled/Julie_Gerberding/Julie_Gerberding_0006.jpg,/home/anitadonato/tcc/tcc/data/lfw/lfw-funneled/Julie_Gerberding/Julie_Gerberding_0009.jpg,0.3234576951925469,1
/home/anitadonato/tcc/tcc/data/lfw/lfw-funneled/Julie_Gerberding/Julie_Gerberding_0002.jpg,/home/anitadonato/tcc/tcc/data/lfw/lfw-funneled/Julie_Gerberding/Julie_Gerberding_0007.jpg,0.37088029172151077,1
/home/anitadonato/tcc/tcc/data/lfw/lfw-funneled/Julie_Gerberding/Julie_Gerberding_0002.jpg,/home/anitadonato/tcc/tcc/data/lfw/lfw-funneled/Julie_Gerberding/Julie_Gerberding_0009.jpg,0.3257525968288229,1
/home/anitadonato/tcc/tcc/data/lfw/lfw-funneled/Julie_Gerberding/Julie_Gerberding_0007.jpg,/home/anitadonato/tcc/tcc/data/lfw/lfw-funneled/Julie_Gerberding/Julie_Gerberding_0009.jpg,0.37744144101321797,1
/home/anitadonato/tcc/tcc/data/lfw/lfw-funneled/Andre_Agassi/Andre_Agassi_0001.jpg,/home/anitadonato/tcc/tcc/data/lfw/lfw-funneled/Andre_Agassi/Andre_Agassi_0035.jpg,0.34610365863722103,1
/home/anitadonato/tcc/tcc/data/lfw/lfw-funneled/Andre_Agassi/Andre_Agassi_0001.jpg,/home/anitadonato/tcc/tcc/data/lfw/lfw-funneled/Andre_Agassi/Andre_Agassi_0030.jpg,0.4261848275693584,1
/home/anitadonato/tcc/tcc/data/lfw/lfw-funneled/Andre_Agassi/Andre_Agassi_0001.jpg,/home/anitadonato/tcc/tcc/data/lfw/lfw-funneled/Andre_Agassi/Andre_Agassi_0027.jpg,0.3766111155602909,1
/home/anitadonato/tcc/tcc/data/lfw/lfw-funneled/Andre_Agassi/Andre_Agassi_0001.jpg,/home/anitadonato/tcc/tcc/data/lfw/lfw-funneled/Andre_Agassi/Andre_Agassi_0004.jpg,0.5088713854533827,1
/home/anitadonato/tcc/tcc/data/lfw/lfw-funneled/Andre_Agassi/Andre_Agassi_0035.jpg,/home/anitadonato/tcc/tcc/data/lfw/lfw-funneled/Andre_Agassi/Andre_Agassi_0030.jpg,0.38323575085309564,1
/home/anitadonato/tcc/tcc/data/lfw/lfw-funneled/Andre_Agassi/Andre_Agassi_0035.jpg,/home/anitadonato/tcc/tcc/data/lfw/lfw-funneled/Andre_Agassi/Andre_Agassi_0027.jpg,0.3388217369775258,1
/home/anitadonato/tcc/tcc/data/lfw/lfw-funneled/Andre_Agassi/Andre_Agassi_0035.jpg,/home/anitadonato/tcc/tcc/data/lfw/lfw-funneled/Andre_Agassi/Andre_Agassi_0004.jpg,0.41912444456033643,1
/home/anitadonato/tcc/tcc/data/lfw/lfw-funneled/Andre_Agassi/Andre_Agassi_0030.jpg,/home/anitadonato/tcc/tcc/data/lfw/lfw-funneled/Andre_Agassi/Andre_Agassi_0027.jpg,0.3908972250922962,1
/home/anitadonato/tcc/tcc/data/lfw/lfw-funneled/Andre_Agassi/Andre_Agassi_0030.jpg,/home/anitadonato/tcc/tcc/data/lfw/lfw-funneled/Andre_Agassi/Andre_Agassi_0004.jpg,0.450176503800724,1
/home/anitadonato/tcc/tcc/data/lfw/lfw-funneled/Andre_Agassi/Andre_Agassi_0027.jpg,/home/anitadonato/tcc/tcc/data/lfw/lfw-funneled/Andre_Agassi/Andre_Agassi_0004.jpg,0.434067508475998,1
/home/anitadonato/tcc/tcc/data/lfw/lfw-funneled/Rob_Marshall/Rob_Marshall_0002.jpg,/home/anitadonato/tcc/tcc/data/lfw/lfw-funneled/Rob_Marshall/Rob_Marshall_0005.jpg,0.3623790962773138,1
/home/anitadonato/tcc/tcc/data/lfw/lfw-funneled/Rob_Marshall/Rob_Marshall_0002.jpg,/home/anitadonato/tcc/tcc/data/lfw/lfw-funneled/Rob_Marshall/Rob_Marshall_0003.jpg,0.3623983527396007,1
/home/anitadonato/tcc/tcc/data/lfw/lfw-funneled/Rob_Marshall/Rob_Marshall_0002.jpg,/home/anitadonato/tcc/tcc/data/lfw/lfw-funneled/Rob_Marshall/Rob_Marshall_0004.jpg,0.35604527873740777,1
/home/anitadonato/tcc/tcc/data/lfw/lfw-funneled/Rob_Marshall/Rob_Marshall_0002.jpg,/home/anitadonato/tcc/tcc/data/lfw/lfw-funneled/Rob_Marshall/Rob_Marshall_0006.jpg,0.3370762178856712,1
/home/anitadonato/tcc/tcc/data/lfw/lfw-funneled/Rob_Marshall/Rob_Marshall_0005.jpg,/home/anitadonato/tcc/tcc/data/lfw/lfw-funneled/Rob_Marshall/Rob_Marshall_0003.jpg,0.33766493347232573,1
/home/anitadonato/tcc/tcc/data/lfw/lfw-funneled/Rob_Marshall/Rob_Marshall_0005.jpg,/home/anitadonato/tcc/tcc/data/lfw/lfw-funneled/Rob_Marshall/Rob_Marshall_0004.jpg,0.26626232816539863,1
/home/anitadonato/tcc/tcc/data/lfw/lfw-funneled/Rob_Marshall/Rob_Marshall_0005.jpg,/home/anitadonato/tcc/tcc/data/lfw/lfw-funneled/Rob_Marshall/Rob_Marshall_0006.jpg,0.3576014547163585,1
/home/anitadonato/tcc/tcc/data/lfw/lfw-funneled/Rob_Marshall/Rob_Marshall_0003.jpg,/home/anitadonato/tcc/tcc/data/lfw/lfw-funneled/Rob_Marshall/Rob_Marshall_0004.jpg,0.2774809891253017,1
/home/anitadonato/tcc/tcc/data/lfw/lfw-funneled/Rob_Marshall/Rob_Marshall_0003.jpg,/home/anitadonato/tcc/tcc/data/lfw/lfw-funneled/Rob_Marshall/Rob_Marshall_0006.jpg,0.38415170493071127,1
/home/anitadonato/tcc/tcc/data/lfw/lfw-funneled/Rob_Marshall/Rob_Marshall_0004.jpg,/home/anitadonato/tcc/tcc/data/lfw/lfw-funneled/Rob_Marshall/Rob_Marshall_0006.jpg,0.3052660923933549,1
/home/anitadonato/tcc/tcc/data/lfw/lfw-funneled/Trent_Lott/Trent_Lott_0015.jpg,/home/anitadonato/tcc/tcc/data/lfw/lfw-funneled/Trent_Lott/Trent_Lott_0013.jpg,0.4563049827515218,1
/home/anitadonato/tcc/tcc/data/lfw/lfw-funneled/Trent_Lott/Trent_Lott_0015.jpg,/home/anitadonato/tcc/tcc/data/lfw/lfw-funneled/Trent_Lott/Trent_Lott_0001.jpg,0.4545247776869853,1
/home/anitadonato/tcc/tcc/data/lfw/lfw-funneled/Trent_Lott/Trent_Lott_0015.jpg,/home/anitadonato/tcc/tcc/data/lfw/lfw-funneled/Trent_Lott/Trent_Lott_0004.jpg,0.49077255611144827,1
/home/anitadonato/tcc/tcc/data/lfw/lfw-funneled/Trent_Lott/Trent_Lott_0015.jpg,/home/anitadonato/tcc/tcc/data/lfw/lfw-funneled/Trent_Lott/Trent_Lott_0005.jpg,0.45234552817194384,1
/home/anitadonato/tcc/tcc/data/lfw/lfw-funneled/Trent_Lott/Trent_Lott_0013.jpg,/home/anitadonato/tcc/tcc/data/lfw/lfw-funneled/Trent_Lott/Trent_Lott_0001.jpg,0.3666922275533819,1
/home/anitadonato/tcc/tcc/data/lfw/lfw-funneled/Trent_Lott/Trent_Lott_0013.jpg,/home/anitadonato/tcc/tcc/data/lfw/lfw-funneled/Trent_Lott/Trent_Lott_0004.jpg,0.4425748902882606,1
/home/anitadonato/tcc/tcc/data/lfw/lfw-funneled/Trent_Lott/Trent_Lott_0013.jpg,/home/anitadonato/tcc/tcc/data/lfw/lfw-funneled/Trent_Lott/Trent_Lott_0005.jpg,0.38985806749532315,1
/home/anitadonato/tcc/tcc/data/lfw/lfw-funneled/Trent_Lott/Trent_Lott_0001.jpg,/home/anitadonato/tcc/tcc/data/lfw/lfw-funneled/Trent_Lott/Trent_Lott_0004.jpg,0.41095455465440056,1
/home/anitadonato/tcc/tcc/data/lfw/lfw-funneled/Trent_Lott/Trent_Lott_0001.jpg,/home/anitadonato/tcc/tcc/data/lfw/lfw-funneled/Trent_Lott/Trent_Lott_0005.jpg,0.372914281339867,1
/home/anitadonato/tcc/tcc/data/lfw/lfw-funneled/Trent_Lott/Trent_Lott_0004.jpg,/home/anitadonato/tcc/tcc/data/lfw/lfw-funneled/Trent_Lott/Trent_Lott_0005.jpg,0.45450871313142077,1
/home/anitadonato/tcc/tcc/data/lfw/lfw-funneled/John_Stockton/John_Stockton_0005.jpg,/home/anitadonato/tcc/tcc/data/lfw/lfw-funneled/John_Stockton/John_Stockton_0002.jpg,0.4056383671797687,1
/home/anitadonato/tcc/tcc/data/lfw/lfw-funneled/John_Stockton/John_Stockton_0005.jpg,/home/anitadonato/tcc/tcc/data/lfw/lfw-funneled/John_Stockton/John_Stockton_0004.jpg,0.4014571712391338,1
/home/anitadonato/tcc/tcc/data/lfw/lfw-funneled/John_Stockton/John_Stockton_0005.jpg,/home/anitadonato/tcc/tcc/data/lfw/lfw-funneled/John_Stockton/John_Stockton_0003.jpg,0.4747952018806363,1
/home/anitadonato/tcc/tcc/data/lfw/lfw-funneled/John_Stockton/John_Stockton_0005.jpg,/home/anitadonato/tcc/tcc/data/lfw/lfw-funneled/John_Stockton/John_Stockton_0001.jpg,0.4741987510509359,1
/home/anitadonato/tcc/tcc/data/lfw/lfw-funneled/John_Stockton/John_Stockton_0002.jpg,/home/anitadonato/tcc/tcc/data/lfw/lfw-funneled/John_Stockton/John_Stockton_0004.jpg,0.43125978415501826,1
/home/anitadonato/tcc/tcc/data/lfw/lfw-funneled/John_Stockton/John_Stockton_0002.jpg,/home/anitadonato/tcc/tcc/data/lfw/lfw-funneled/John_Stockton/John_Stockton_0003.jpg,0.45212434240472915,1
/home/anitadonato/tcc/tcc/data/lfw/lfw-funneled/John_Stockton/John_Stockton_0002.jpg,/home/anitadonato/tcc/tcc/data/lfw/lfw-funneled/John_Stockton/John_Stockton_0001.jpg,0.5138496468818373,1
/home/anitadonato/tcc/tcc/data/lfw/lfw-funneled/John_Stockton/John_Stockton_0004.jpg,/home/anitadonato/tcc/tcc/data/lfw/lfw-funneled/John_Stockton/John_Stockton_0003.jpg,0.4488984923813276,1
/home/anitadonato/tcc/tcc/data/lfw/lfw-funneled/John_Stockton/John_Stockton_0004.jpg,/home/anitadonato/tcc/tcc/data/lfw/lfw-funneled/John_Stockton/John_Stockton_0001.jpg,0.5033523467554676,1
/home/anitadonato/tcc/tcc/data/lfw/lfw-funneled/John_Stockton/John_Stockton_0003.jpg,/home/anitadonato/tcc/tcc/data/lfw/lfw-funneled/John_Stockton/John_Stockton_0001.jpg,0.45226240177947236,1
/home/anitadonato/tcc/tcc/data/lfw/lfw-funneled/Natalie_Maines/Natalie_Maines_0001.jpg,/home/anitadonato/tcc/tcc/data/lfw/lfw-funneled/Natalie_Maines/Natalie_Maines_0005.jpg,0.4957575260797871,1
/home/anitadonato/tcc/tcc/data/lfw/lfw-funneled/Natalie_Maines/Natalie_Maines_0001.jpg,/home/anitadonato/tcc/tcc/data/lfw/lfw-funneled/Natalie_Maines/Natalie_Maines_0003.jpg,0.5038424681467087,1
/home/anitadonato/tcc/tcc/data/lfw/lfw-funneled/Natalie_Maines/Natalie_Maines_0001.jpg,/home/anitadonato/tcc/tcc/data/lfw/lfw-funneled/Natalie_Maines/Natalie_Maines_0004.jpg,0.45735090590780225,1
/home/anitadonato/tcc/tcc/data/lfw/lfw-funneled/Natalie_Maines/Natalie_Maines_0001.jpg,/home/anitadonato/tcc/tcc/data/lfw/lfw-funneled/Natalie_Maines/Natalie_Maines_0002.jpg,0.5044917169783393,1
/home/anitadonato/tcc/tcc/data/lfw/lfw-funneled/Natalie_Maines/Natalie_Maines_0005.jpg,/home/anitadonato/tcc/tcc/data/lfw/lfw-funneled/Natalie_Maines/Natalie_Maines_0003.jpg,0.4636548689765645,1
/home/anitadonato/tcc/tcc/data/lfw/lfw-funneled/Natalie_Maines/Natalie_Maines_0005.jpg,/home/anitadonato/tcc/tcc/data/lfw/lfw-funneled/Natalie_Maines/Natalie_Maines_0004.jpg,0.5059398594510225,1
/home/anitadonato/tcc/tcc/data/lfw/lfw-funneled/Natalie_Maines/Natalie_Maines_0005.jpg,/home/anitadonato/tcc/tcc/data/lfw/lfw-funneled/Natalie_Maines/Natalie_Maines_0002.jpg,0.5120600204256436,1
/home/anitadonato/tcc/tcc/data/lfw/lfw-funneled/Natalie_Maines/Natalie_Maines_0003.jpg,/home/anitadonato/tcc/tcc/data/lfw/lfw-funneled/Natalie_Maines/Natalie_Maines_0004.jpg,0.42256947577181575,1
/home/anitadonato/tcc/tcc/data/lfw/lfw-funneled/Natalie_Maines/Natalie_Maines_0003.jpg,/home/anitadonato/tcc/tcc/data/lfw/lfw-funneled/Natalie_Maines/Natalie_Maines_0002.jpg,0.4119148980295571,1
/home/anitadonato/tcc/tcc/data/lfw/lfw-funneled/Natalie_Maines/Natalie_Maines_0004.jpg,/home/anitadonato/tcc/tcc/data/lfw/lfw-funneled/Natalie_Maines/Natalie_Maines_0002.jpg,0.3929652790059689,1
/home/anitadonato/tcc/tcc/data/lfw/lfw-funneled/Robert_Zoellick/Robert_Zoellick_0003.jpg,/home/anitadonato/tcc/tcc/data/lfw/lfw-funneled/Robert_Zoellick/Robert_Zoellick_0001.jpg,0.5233724497797637,1
/home/anitadonato/tcc/tcc/data/lfw/lfw-funneled/Robert_Zoellick/Robert_Zoellick_0003.jpg,/home/anitadonato/tcc/tcc/data/lfw/lfw-funneled/Robert_Zoellick/Robert_Zoellick_0004.jpg,0.25498788059169575,1
/home/anitadonato/tcc/tcc/data/lfw/lfw-funneled/Robert_Zoellick/Robert_Zoellick_0003.jpg,/home/anitadonato/tcc/tcc/data/lfw/lfw-funneled/Robert_Zoellick/Robert_Zoellick_0006.jpg,0.43221167323198706,1
/home/anitadonato/tcc/tcc/data/lfw/lfw-funneled/Robert_Zoellick/Robert_Zoellick_0001.jpg,/home/anitadonato/tcc/tcc/data/lfw/lfw-funneled/Robert_Zoellick/Robert_Zoellick_0004.jpg,0.5301839682954493,1
/home/anitadonato/tcc/tcc/data/lfw/lfw-funneled/Robert_Zoellick/Robert_Zoellick_0001.jpg,/home/anitadonato/tcc/tcc/data/lfw/lfw-funneled/Robert_Zoellick/Robert_Zoellick_0006.jpg,0.5088440964436011,1
/home/anitadonato/tcc/tcc/data/lfw/lfw-funneled/Robert_Zoellick/Robert_Zoellick_0004.jpg,/home/anitadonato/tcc/tcc/data/lfw/lfw-funneled/Robert_Zoellick/Robert_Zoellick_0006.jpg,0.382464449673178,1
/home/anitadonato/tcc/tcc/data/lfw/lfw-funneled/Jean_Chretien/Jean_Chretien_0015.jpg,/home/anitadonato/tcc/tcc/data/lfw/lfw-funneled/Jean_Chretien/Jean_Chretien_0054.jpg,0.37017481824550974,1
/home/anitadonato/tcc/tcc/data/lfw/lfw-funneled/Jean_Chretien/Jean_Chretien_0015.jpg,/home/anitadonato/tcc/tcc/data/lfw/lfw-funneled/Jean_Chretien/Jean_Chretien_0008.jpg,0.4679902970259417,1
/home/anitadonato/tcc/tcc/data/lfw/lfw-funneled/Jean_Chretien/Jean_Chretien_0015.jpg,/home/anitadonato/tcc/tcc/data/lfw/lfw-funneled/Jean_Chretien/Jean_Chretien_0030.jpg,0.5047096942157056,1
/home/anitadonato/tcc/tcc/data/lfw/lfw-funneled/Jean_Chretien/Jean_Chretien_0015.jpg,/home/anitadonato/tcc/tcc/data/lfw/lfw-funneled/Jean_Chretien/Jean_Chretien_0042.jpg,0.4364997876972645,1
/home/anitadonato/tcc/tcc/data/lfw/lfw-funneled/Jean_Chretien/Jean_Chretien_0054.jpg,/home/anitadonato/tcc/tcc/data/lfw/lfw-funneled/Jean_Chretien/Jean_Chretien_0008.jpg,0.3885849373655356,1
/home/anitadonato/tcc/tcc/data/lfw/lfw-funneled/Jean_Chretien/Jean_Chretien_0054.jpg,/home/anitadonato/tcc/tcc/data/lfw/lfw-funneled/Jean_Chretien/Jean_Chretien_0030.jpg,0.5173922340324947,1
/home/anitadonato/tcc/tcc/data/lfw/lfw-funneled/Jean_Chretien/Jean_Chretien_0054.jpg,/home/anitadonato/tcc/tcc/data/lfw/lfw-funneled/Jean_Chretien/Jean_Chretien_0042.jpg,0.43410579215837636,1
/home/anitadonato/tcc/tcc/data/lfw/lfw-funneled/Jean_Chretien/Jean_Chretien_0008.jpg,/home/anitadonato/tcc/tcc/data/lfw/lfw-funneled/Jean_Chretien/Jean_Chretien_0030.jpg,0.33145257278825946,1
/home/anitadonato/tcc/tcc/data/lfw/lfw-funneled/Jean_Chretien/Jean_Chretien_0008.jpg,/home/anitadonato/tcc/tcc/data/lfw/lfw-funneled/Jean_Chretien/Jean_Chretien_0042.jpg,0.3366601764428877,1
/home/anitadonato/tcc/tcc/data/lfw/lfw-funneled/Jean_Chretien/Jean_Chretien_0030.jpg,/home/anitadonato/tcc/tcc/data/lfw/lfw-funneled/Jean_Chretien/Jean_Chretien_0042.jpg,0.40391570760047896,1
/home/anitadonato/tcc/tcc/data/lfw/lfw-funneled/Gerhard_Schroeder/Gerhard_Schroeder_0107.jpg,/home/anitadonato/tcc/tcc/data/lfw/lfw-funneled/Gerhard_Schroeder/Gerhard_Schroeder_0020.jpg,0.5144333339699236,1
/home/anitadonato/tcc/tcc/data/lfw/lfw-funneled/Gerhard_Schroeder/Gerhard_Schroeder_0107.jpg,/home/anitadonato/tcc/tcc/data/lfw/lfw-funneled/Gerhard_Schroeder/Gerhard_Schroeder_0064.jpg,0.42423819236775623,1
/home/anitadonato/tcc/tcc/data/lfw/lfw-funneled/Gerhard_Schroeder/Gerhard_Schroeder_0107.jpg,/home/anitadonato/tcc/tcc/data/lfw/lfw-funneled/Gerhard_Schroeder/Gerhard_Schroeder_0092.jpg,0.5475067085640972,1
/home/anitadonato/tcc/tcc/data/lfw/lfw-funneled/Gerhard_Schroeder/Gerhard_Schroeder_0107.jpg,/home/anitadonato/tcc/tcc/data/lfw/lfw-funneled/Gerhard_Schroeder/Gerhard_Schroeder_0038.jpg,0.5154430402423803,1
/home/anitadonato/tcc/tcc/data/lfw/lfw-funneled/Gerhard_Schroeder/Gerhard_Schroeder_0020.jpg,/home/anitadonato/tcc/tcc/data/lfw/lfw-funneled/Gerhard_Schroeder/Gerhard_Schroeder_0064.jpg,0.42441386916185536,1
/home/anitadonato/tcc/tcc/data/lfw/lfw-funneled/Gerhard_Schroeder/Gerhard_Schroeder_0020.jpg,/home/anitadonato/tcc/tcc/data/lfw/lfw-funneled/Gerhard_Schroeder/Gerhard_Schroeder_0092.jpg,0.4498899975307697,1
/home/anitadonato/tcc/tcc/data/lfw/lfw-funneled/Gerhard_Schroeder/Gerhard_Schroeder_0020.jpg,/home/anitadonato/tcc/tcc/data/lfw/lfw-funneled/Gerhard_Schroeder/Gerhard_Schroeder_0038.jpg,0.5442354667963824,1
/home/anitadonato/tcc/tcc/data/lfw/lfw-funneled/Gerhard_Schroeder/Gerhard_Schroeder_0064.jpg,/home/anitadonato/tcc/tcc/data/lfw/lfw-funneled/Gerhard_Schroeder/Gerhard_Schroeder_0092.jpg,0.47609324403847814,1
/home/anitadonato/tcc/tcc/data/lfw/lfw-funneled/Gerhard_Schroeder/Gerhard_Schroeder_0064.jpg,/home/anitadonato/tcc/tcc/data/lfw/lfw-funneled/Gerhard_Schroeder/Gerhard_Schroeder_0038.jpg,0.5401657205973381,1
/home/anitadonato/tcc/tcc/data/lfw/lfw-funneled/Gerhard_Schroeder/Gerhard_Schroeder_0092.jpg,/home/anitadonato/tcc/tcc/data/lfw/lfw-funneled/Gerhard_Schroeder/Gerhard_Schroeder_0038.jpg,0.5764089223908853,1
/home/anitadonato/tcc/tcc/data/lfw/lfw-funneled/Yasser_Arafat/Yasser_Arafat_0005.jpg,/home/anitadonato/tcc/tcc/data/lfw/lfw-funneled/Yasser_Arafat/Yasser_Arafat_0004.jpg,0.36935627269849725,1
/home/anitadonato/tcc/tcc/data/lfw/lfw-funneled/Yasser_Arafat/Yasser_Arafat_0005.jpg,/home/anitadonato/tcc/tcc/data/lfw/lfw-funneled/Yasser_Arafat/Yasser_Arafat_0006.jpg,0.43395013130018356,1
/home/anitadonato/tcc/tcc/data/lfw/lfw-funneled/Yasser_Arafat/Yasser_Arafat_0005.jpg,/home/anitadonato/tcc/tcc/data/lfw/lfw-funneled/Yasser_Arafat/Yasser_Arafat_0002.jpg,0.3512902292630853,1
/home/anitadonato/tcc/tcc/data/lfw/lfw-funneled/Yasser_Arafat/Yasser_Arafat_0004.jpg,/home/anitadonato/tcc/tcc/data/lfw/lfw-funneled/Yasser_Arafat/Yasser_Arafat_0006.jpg,0.5053326737504293,1
/home/anitadonato/tcc/tcc/data/lfw/lfw-funneled/Yasser_Arafat/Yasser_Arafat_0004.jpg,/home/anitadonato/tcc/tcc/data/lfw/lfw-funneled/Yasser_Arafat/Yasser_Arafat_0002.jpg,0.4012706624634551,1
/home/anitadonato/tcc/tcc/data/lfw/lfw-funneled/Yasser_Arafat/Yasser_Arafat_0006.jpg,/home/anitadonato/tcc/tcc/data/lfw/lfw-funneled/Yasser_Arafat/Yasser_Arafat_0002.jpg,0.3967405113499719,1
/home/anitadonato/tcc/tcc/data/lfw/lfw-funneled/Bill_McBride/Bill_McBride_0008.jpg,/home/anitadonato/tcc/tcc/data/lfw/lfw-funneled/Bill_McBride/Bill_McBride_0009.jpg,0.4778175812612881,1
/home/anitadonato/tcc/tcc/data/lfw/lfw-funneled/Bill_McBride/Bill_McBride_0008.jpg,/home/anitadonato/tcc/tcc/data/lfw/lfw-funneled/Bill_McBride/Bill_McBride_0003.jpg,0.47221894880269943,1
/home/anitadonato/tcc/tcc/data/lfw/lfw-funneled/Bill_McBride/Bill_McBride_0008.jpg,/home/anitadonato/tcc/tcc/data/lfw/lfw-funneled/Bill_McBride/Bill_McBride_0004.jpg,0.4518056368487789,1
/home/anitadonato/tcc/tcc/data/lfw/lfw-funneled/Bill_McBride/Bill_McBride_0008.jpg,/home/anitadonato/tcc/tcc/data/lfw/lfw-funneled/Bill_McBride/Bill_McBride_0002.jpg,0.46894223756756387,1
/home/anitadonato/tcc/tcc/data/lfw/lfw-funneled/Bill_McBride/Bill_McBride_0009.jpg,/home/anitadonato/tcc/tcc/data/lfw/lfw-funneled/Bill_McBride/Bill_McBride_0003.jpg,0.41266444672103914,1
/home/anitadonato/tcc/tcc/data/lfw/lfw-funneled/Bill_McBride/Bill_McBride_0009.jpg,/home/anitadonato/tcc/tcc/data/lfw/lfw-funneled/Bill_McBride/Bill_McBride_0004.jpg,0.397329486118675,1
/home/anitadonato/tcc/tcc/data/lfw/lfw-funneled/Bill_McBride/Bill_McBride_0009.jpg,/home/anitadonato/tcc/tcc/data/lfw/lfw-funneled/Bill_McBride/Bill_McBride_0002.jpg,0.4399093916848298,1
/home/anitadonato/tcc/tcc/data/lfw/lfw-funneled/Bill_McBride/Bill_McBride_0003.jpg,/home/anitadonato/tcc/tcc/data/lfw/lfw-funneled/Bill_McBride/Bill_McBride_0004.jpg,0.47701728858785764,1
/home/anitadonato/tcc/tcc/data/lfw/lfw-funneled/Bill_McBride/Bill_McBride_0003.jpg,/home/anitadonato/tcc/tcc/data/lfw/lfw-funneled/Bill_McBride/Bill_McBride_0002.jpg,0.5776217134956773,1
/home/anitadonato/tcc/tcc/data/lfw/lfw-funneled/Bill_McBride/Bill_McBride_0004.jpg,/home/anitadonato/tcc/tcc/data/lfw/lfw-funneled/Bill_McBride/Bill_McBride_0002.jpg,0.4229417080451345,1
/home/anitadonato/tcc/tcc/data/lfw/lfw-funneled/Charlton_Heston/Charlton_Heston_0005.jpg,/home/anitadonato/tcc/tcc/data/lfw/lfw-funneled/Charlton_Heston/Charlton_Heston_0006.jpg,0.5784505049730059,1
/home/anitadonato/tcc/tcc/data/lfw/lfw-funneled/Charlton_Heston/Charlton_Heston_0005.jpg,/home/anitadonato/tcc/tcc/data/lfw/lfw-funneled/Charlton_Heston/Charlton_Heston_0002.jpg,0.4742006225818778,1
/home/anitadonato/tcc/tcc/data/lfw/lfw-funneled/Charlton_Heston/Charlton_Heston_0005.jpg,/home/anitadonato/tcc/tcc/data/lfw/lfw-funneled/Charlton_Heston/Charlton_Heston_0001.jpg,0.5208597724734966,1
/home/anitadonato/tcc/tcc/data/lfw/lfw-funneled/Charlton_Heston/Charlton_Heston_0005.jpg,/home/anitadonato/tcc/tcc/data/lfw/lfw-funneled/Charlton_Heston/Charlton_Heston_0004.jpg,0.5257124196726476,1
/home/anitadonato/tcc/tcc/data/lfw/lfw-funneled/Charlton_Heston/Charlton_Heston_0006.jpg,/home/anitadonato/tcc/tcc/data/lfw/lfw-funneled/Charlton_Heston/Charlton_Heston_0002.jpg,0.5805175974279103,1
/home/anitadonato/tcc/tcc/data/lfw/lfw-funneled/Charlton_Heston/Charlton_Heston_0006.jpg,/home/anitadonato/tcc/tcc/data/lfw/lfw-funneled/Charlton_Heston/Charlton_Heston_0001.jpg,0.5067168187705754,1
/home/anitadonato/tcc/tcc/data/lfw/lfw-funneled/Charlton_Heston/Charlton_Heston_0006.jpg,/home/anitadonato/tcc/tcc/data/lfw/lfw-funneled/Charlton_Heston/Charlton_Heston_0004.jpg,0.5026079553370073,1
/home/anitadonato/tcc/tcc/data/lfw/lfw-funneled/Charlton_Heston/Charlton_Heston_0002.jpg,/home/anitadonato/tcc/tcc/data/lfw/lfw-funneled/Charlton_Heston/Charlton_Heston_0001.jpg,0.5699373710313761,1
/home/anitadonato/tcc/tcc/data/lfw/lfw-funneled/Charlton_Heston/Charlton_Heston_0002.jpg,/home/anitadonato/tcc/tcc/data/lfw/lfw-funneled/Charlton_Heston/Charlton_Heston_0004.jpg,0.513157973319163,1
/home/anitadonato/tcc/tcc/data/lfw/lfw-funneled/Charlton_Heston/Charlton_Heston_0001.jpg,/home/anitadonato/tcc/tcc/data/lfw/lfw-funneled/Charlton_Heston/Charlton_Heston_0004.jpg,0.36439061035198395,1
/home/anitadonato/tcc/tcc/data/lfw/lfw-funneled/Sylvester_Stallone/Sylvester_Stallone_0007.jpg,/home/anitadonato/tcc/tcc/data/lfw/lfw-funneled/Sylvester_Stallone/Sylvester_Stallone_0006.jpg,0.4917197738770844,1
/home/anitadonato/tcc/tcc/data/lfw/lfw-funneled/Sylvester_Stallone/Sylvester_Stallone_0007.jpg,/home/anitadonato/tcc/tcc/data/lfw/lfw-funneled/Sylvester_Stallone/Sylvester_Stallone_0009.jpg,0.4591034836485404,1
/home/anitadonato/tcc/tcc/data/lfw/lfw-funneled/Sylvester_Stallone/Sylvester_Stallone_0007.jpg,/home/anitadonato/tcc/tcc/data/lfw/lfw-funneled/Sylvester_Stallone/Sylvester_Stallone_0005.jpg,0.4468013219545613,1
/home/anitadonato/tcc/tcc/data/lfw/lfw-funneled/Sylvester_Stallone/Sylvester_Stallone_0007.jpg,/home/anitadonato/tcc/tcc/data/lfw/lfw-funneled/Sylvester_Stallone/Sylvester_Stallone_0003.jpg,0.5138052800368827,1
/home/anitadonato/tcc/tcc/data/lfw/lfw-funneled/Sylvester_Stallone/Sylvester_Stallone_0006.jpg,/home/anitadonato/tcc/tcc/data/lfw/lfw-funneled/Sylvester_Stallone/Sylvester_Stallone_0009.jpg,0.39391653256322673,1
/home/anitadonato/tcc/tcc/data/lfw/lfw-funneled/Sylvester_Stallone/Sylvester_Stallone_0006.jpg,/home/anitadonato/tcc/tcc/data/lfw/lfw-funneled/Sylvester_Stallone/Sylvester_Stallone_0005.jpg,0.3418931690528478,1
/home/anitadonato/tcc/tcc/data/lfw/lfw-funneled/Sylvester_Stallone/Sylvester_Stallone_0006.jpg,/home/anitadonato/tcc/tcc/data/lfw/lfw-funneled/Sylvester_Stallone/Sylvester_Stallone_0003.jpg,0.3837475924072383,1
/home/anitadonato/tcc/tcc/data/lfw/lfw-funneled/Sylvester_Stallone/Sylvester_Stallone_0009.jpg,/home/anitadonato/tcc/tcc/data/lfw/lfw-funneled/Sylvester_Stallone/Sylvester_Stallone_0005.jpg,0.44849718926467763,1
/home/anitadonato/tcc/tcc/data/lfw/lfw-funneled/Sylvester_Stallone/Sylvester_Stallone_0009.jpg,/home/anitadonato/tcc/tcc/data/lfw/lfw-funneled/Sylvester_Stallone/Sylvester_Stallone_0003.jpg,0.44195395061379095,1
/home/anitadonato/tcc/tcc/data/lfw/lfw-funneled/Sylvester_Stallone/Sylvester_Stallone_0005.jpg,/home/anitadonato/tcc/tcc/data/lfw/lfw-funneled/Sylvester_Stallone/Sylvester_Stallone_0003.jpg,0.41481565191509273,1
/home/anitadonato/tcc/tcc/data/lfw/lfw-funneled/Kristanna_Loken/Kristanna_Loken_0001.jpg,/home/anitadonato/tcc/tcc/data/lfw/lfw-funneled/Kristanna_Loken/Kristanna_Loken_0003.jpg,0.440985811169825,1
/home/anitadonato/tcc/tcc/data/lfw/lfw-funneled/Kristanna_Loken/Kristanna_Loken_0001.jpg,/home/anitadonato/tcc/tcc/data/lfw/lfw-funneled/Kristanna_Loken/Kristanna_Loken_0004.jpg,0.47272541384857397,1
/home/anitadonato/tcc/tcc/data/lfw/lfw-funneled/Kristanna_Loken/Kristanna_Loken_0001.jpg,/home/anitadonato/tcc/tcc/data/lfw/lfw-funneled/Kristanna_Loken/Kristanna_Loken_0002.jpg,0.4449307818917951,1
/home/anitadonato/tcc/tcc/data/lfw/lfw-funneled/Kristanna_Loken/Kristanna_Loken_0001.jpg,/home/anitadonato/tcc/tcc/data/lfw/lfw-funneled/Kristanna_Loken/Kristanna_Loken_0005.jpg,0.3669653085911744,1
/home/anitadonato/tcc/tcc/data/lfw/lfw-funneled/Kristanna_Loken/Kristanna_Loken_0003.jpg,/home/anitadonato/tcc/tcc/data/lfw/lfw-funneled/Kristanna_Loken/Kristanna_Loken_0004.jpg,0.6304984606420567,1
/home/anitadonato/tcc/tcc/data/lfw/lfw-funneled/Kristanna_Loken/Kristanna_Loken_0003.jpg,/home/anitadonato/tcc/tcc/data/lfw/lfw-funneled/Kristanna_Loken/Kristanna_Loken_0002.jpg,0.5402430561057627,1
/home/anitadonato/tcc/tcc/data/lfw/lfw-funneled/Kristanna_Loken/Kristanna_Loken_0003.jpg,/home/anitadonato/tcc/tcc/data/lfw/lfw-funneled/Kristanna_Loken/Kristanna_Loken_0005.jpg,0.4954623348297121,1
/home/anitadonato/tcc/tcc/data/lfw/lfw-funneled/Kristanna_Loken/Kristanna_Loken_0004.jpg,/home/anitadonato/tcc/tcc/data/lfw/lfw-funneled/Kristanna_Loken/Kristanna_Loken_0002.jpg,0.42492747547080956,1
/home/anitadonato/tcc/tcc/data/lfw/lfw-funneled/Kristanna_Loken/Kristanna_Loken_0004.jpg,/home/anitadonato/tcc/tcc/data/lfw/lfw-funneled/Kristanna_Loken/Kristanna_Loken_0005.jpg,0.4074925534813025,1
/home/anitadonato/tcc/tcc/data/lfw/lfw-funneled/Kristanna_Loken/Kristanna_Loken_0002.jpg,/home/anitadonato/tcc/tcc/data/lfw/lfw-funneled/Kristanna_Loken/Kristanna_Loken_0005.jpg,0.41499471251210296,1
/home/anitadonato/tcc/tcc/data/lfw/lfw-funneled/Jacques_Chirac/Jacques_Chirac_0029.jpg,/home/anitadonato/tcc/tcc/data/lfw/lfw-funneled/Jacques_Chirac/Jacques_Chirac_0035.jpg,0.4636695793444616,1
/home/anitadonato/tcc/tcc/data/lfw/lfw-funneled/Jacques_Chirac/Jacques_Chirac_0029.jpg,/home/anitadonato/tcc/tcc/data/lfw/lfw-funneled/Jacques_Chirac/Jacques_Chirac_0031.jpg,0.48091691052079577,1
/home/anitadonato/tcc/tcc/data/lfw/lfw-funneled/Jacques_Chirac/Jacques_Chirac_0029.jpg,/home/anitadonato/tcc/tcc/data/lfw/lfw-funneled/Jacques_Chirac/Jacques_Chirac_0023.jpg,0.49541861820263405,1
/home/anitadonato/tcc/tcc/data/lfw/lfw-funneled/Jacques_Chirac/Jacques_Chirac_0035.jpg,/home/anitadonato/tcc/tcc/data/lfw/lfw-funneled/Jacques_Chirac/Jacques_Chirac_0031.jpg,0.3991372217935372,1
/home/anitadonato/tcc/tcc/data/lfw/lfw-funneled/Jacques_Chirac/Jacques_Chirac_0035.jpg,/home/anitadonato/tcc/tcc/data/lfw/lfw-funneled/Jacques_Chirac/Jacques_Chirac_0023.jpg,0.35087634985595273,1
/home/anitadonato/tcc/tcc/data/lfw/lfw-funneled/Jacques_Chirac/Jacques_Chirac_0031.jpg,/home/anitadonato/tcc/tcc/data/lfw/lfw-funneled/Jacques_Chirac/Jacques_Chirac_0023.jpg,0.38485584427169117,1
/home/anitadonato/tcc/tcc/data/lfw/lfw-funneled/Princess_Caroline/Princess_Caroline_0003.jpg,/home/anitadonato/tcc/tcc/data/lfw/lfw-funneled/Princess_Caroline/Princess_Caroline_0004.jpg,0.488158512770965,1
/home/anitadonato/tcc/tcc/data/lfw/lfw-funneled/Princess_Caroline/Princess_Caroline_0003.jpg,/home/anitadonato/tcc/tcc/data/lfw/lfw-funneled/Princess_Caroline/Princess_Caroline_0002.jpg,0.4718324142559933,1
/home/anitadonato/tcc/tcc/data/lfw/lfw-funneled/Princess_Caroline/Princess_Caroline_0003.jpg,/home/anitadonato/tcc/tcc/data/lfw/lfw-funneled/Princess_Caroline/Princess_Caroline_0005.jpg,0.4806798945173268,1
/home/anitadonato/tcc/tcc/data/lfw/lfw-funneled/Princess_Caroline/Princess_Caroline_0003.jpg,/home/anitadonato/tcc/tcc/data/lfw/lfw-funneled/Princess_Caroline/Princess_Caroline_0001.jpg,0.45718088711467725,1
/home/anitadonato/tcc/tcc/data/lfw/lfw-funneled/Princess_Caroline/Princess_Caroline_0004.jpg,/home/anitadonato/tcc/tcc/data/lfw/lfw-funneled/Princess_Caroline/Princess_Caroline_0002.jpg,0.45775884537141676,1
/home/anitadonato/tcc/tcc/data/lfw/lfw-funneled/Princess_Caroline/Princess_Caroline_0004.jpg,/home/anitadonato/tcc/tcc/data/lfw/lfw-funneled/Princess_Caroline/Princess_Caroline_0005.jpg,0.48786523242535157,1
/home/anitadonato/tcc/tcc/data/lfw/lfw-funneled/Princess_Caroline/Princess_Caroline_0004.jpg,/home/anitadonato/tcc/tcc/data/lfw/lfw-funneled/Princess_Caroline/Princess_Caroline_0001.jpg,0.36074581703439534,1
/home/anitadonato/tcc/tcc/data/lfw/lfw-funneled/Princess_Caroline/Princess_Caroline_0002.jpg,/home/anitadonato/tcc/tcc/data/lfw/lfw-funneled/Princess_Caroline/Princess_Caroline_0005.jpg,0.5177256461820262,1
/home/anitadonato/tcc/tcc/data/lfw/lfw-funneled/Princess_Caroline/Princess_Caroline_0002.jpg,/home/anitadonato/tcc/tcc/data/lfw/lfw-funneled/Princess_Caroline/Princess_Caroline_0001.jpg,0.3531563022309389,1
/home/anitadonato/tcc/tcc/data/lfw/lfw-funneled/Princess_Caroline/Princess_Caroline_0005.jpg,/home/anitadonato/tcc/tcc/data/lfw/lfw-funneled/Princess_Caroline/Princess_Caroline_0001.jpg,0.483942698045481,1
/home/anitadonato/tcc/tcc/data/lfw/lfw-funneled/Michael_Powell/Michael_Powell_0002.jpg,/home/anitadonato/tcc/tcc/data/lfw/lfw-funneled/Michael_Powell/Michael_Powell_0004.jpg,0.36945534699737015,1
/home/anitadonato/tcc/tcc/data/lfw/lfw-funneled/Michael_Powell/Michael_Powell_0002.jpg,/home/anitadonato/tcc/tcc/data/lfw/lfw-funneled/Michael_Powell/Michael_Powell_0001.jpg,0.4758444004487349,1
/home/anitadonato/tcc/tcc/data/lfw/lfw-funneled/Michael_Powell/Michael_Powell_0002.jpg,/home/anitadonato/tcc/tcc/data/lfw/lfw-funneled/Michael_Powell/Michael_Powell_0005.jpg,0.5309947571938328,1
/home/anitadonato/tcc/tcc/data/lfw/lfw-funneled/Michael_Powell/Michael_Powell_0002.jpg,/home/anitadonato/tcc/tcc/data/lfw/lfw-funneled/Michael_Powell/Michael_Powell_0003.jpg,0.3203680760152209,1
/home/anitadonato/tcc/tcc/data/lfw/lfw-funneled/Michael_Powell/Michael_Powell_0004.jpg,/home/anitadonato/tcc/tcc/data/lfw/lfw-funneled/Michael_Powell/Michael_Powell_0001.jpg,0.5054757101740155,1
/home/anitadonato/tcc/tcc/data/lfw/lfw-funneled/Michael_Powell/Michael_Powell_0004.jpg,/home/anitadonato/tcc/tcc/data/lfw/lfw-funneled/Michael_Powell/Michael_Powell_0005.jpg,0.5273645994665579,1
/home/anitadonato/tcc/tcc/data/lfw/lfw-funneled/Michael_Powell/Michael_Powell_0004.jpg,/home/anitadonato/tcc/tcc/data/lfw/lfw-funneled/Michael_Powell/Michael_Powell_0003.jpg,0.44106641183998746,1
/home/anitadonato/tcc/tcc/data/lfw/lfw-funneled/Michael_Powell/Michael_Powell_0001.jpg,/home/anitadonato/tcc/tcc/data/lfw/lfw-funneled/Michael_Powell/Michael_Powell_0005.jpg,0.44627206564478006,1
/home/anitadonato/tcc/tcc/data/lfw/lfw-funneled/Michael_Powell/Michael_Powell_0001.jpg,/home/anitadonato/tcc/tcc/data/lfw/lfw-funneled/Michael_Powell/Michael_Powell_0003.jpg,0.44764630530479455,1
/home/anitadonato/tcc/tcc/data/lfw/lfw-funneled/Michael_Powell/Michael_Powell_0005.jpg,/home/anitadonato/tcc/tcc/data/lfw/lfw-funneled/Michael_Powell/Michael_Powell_0003.jpg,0.555364356549918,1
/home/anitadonato/tcc/tcc/data/lfw/lfw-funneled/Erika_Harold/Erika_Harold_0004.jpg,/home/anitadonato/tcc/tcc/data/lfw/lfw-funneled/Jean_Chretien/Jean_Chretien_0004.jpg,0.860388358685351,0
/home/anitadonato/tcc/tcc/data/lfw/lfw-funneled/Arminio_Fraga/Arminio_Fraga_0002.jpg,/home/anitadonato/tcc/tcc/data/lfw/lfw-funneled/Tung_Chee-hwa/Tung_Chee-hwa_0004.jpg,0.9810889980809635,0
/home/anitadonato/tcc/tcc/data/lfw/lfw-funneled/Bulent_Ecevit/Bulent_Ecevit_0005.jpg,/home/anitadonato/tcc/tcc/data/lfw/lfw-funneled/LeBron_James/LeBron_James_0005.jpg,0.857390228005951,0
/home/anitadonato/tcc/tcc/data/lfw/lfw-funneled/Bernard_Law/Bernard_Law_0004.jpg,/home/anitadonato/tcc/tcc/data/lfw/lfw-funneled/Elizabeth_Smart/Elizabeth_Smart_0001.jpg,0.8400192451603823,0
/home/anitadonato/tcc/tcc/data/lfw/lfw-funneled/Atal_Bihari_Vajpayee/Atal_Bihari_Vajpayee_0001.jpg,/home/anitadonato/tcc/tcc/data/lfw/lfw-funneled/Vanessa_Redgrave/Vanessa_Redgrave_0002.jpg,0.8593395430310721,0
/home/anitadonato/tcc/tcc/data/lfw/lfw-funneled/Ben_Affleck/Ben_Affleck_0002.jpg,/home/anitadonato/tcc/tcc/data/lfw/lfw-funneled/Paul_McCartney/Paul_McCartney_0001.jpg,0.7884320115614234,0
/home/anitadonato/tcc/tcc/data/lfw/lfw-funneled/Kim_Dae-jung/Kim_Dae-jung_0003.jpg,/home/anitadonato/tcc/tcc/data/lfw/lfw-funneled/Roger_Federer/Roger_Federer_0005.jpg,0.8852818952247637,0
/home/anitadonato/tcc/tcc/data/lfw/lfw-funneled/Hosni_Mubarak/Hosni_Mubarak_0001.jpg,/home/anitadonato/tcc/tcc/data/lfw/lfw-funneled/Jan_Ullrich/Jan_Ullrich_0003.jpg,0.8527795280670409,0
/home/anitadonato/tcc/tcc/data/lfw/lfw-funneled/Michael_Chiklis/Michael_Chiklis_0004.jpg,/home/anitadonato/tcc/tcc/data/lfw/lfw-funneled/John_Snow/John_Snow_0003.jpg,0.7249851257518447,0
/home/anitadonato/tcc/tcc/data/lfw/lfw-funneled/John_Manley/John_Manley_0004.jpg,/home/anitadonato/tcc/tcc/data/lfw/lfw-funneled/Julie_Gerberding/Julie_Gerberding_0005.jpg,0.7948658710111203,0
/home/anitadonato/tcc/tcc/data/lfw/lfw-funneled/Bulent_Ecevit/Bulent_Ecevit_0001.jpg,/home/anitadonato/tcc/tcc/data/lfw/lfw-funneled/Valery_Giscard_dEstaing/Valery_Giscard_dEstaing_0002.jpg,0.8118781899283918,0
/home/anitadonato/tcc/tcc/data/lfw/lfw-funneled/Cruz_Bustamante/Cruz_Bustamante_0003.jpg,/home/anitadonato/tcc/tcc/data/lfw/lfw-funneled/Maria_Shriver/Maria_Shriver_0002.jpg,0.8930402176969215,0
/home/anitadonato/tcc/tcc/data/lfw/lfw-funneled/Gerhard_Schroeder/Gerhard_Schroeder_0004.jpg,/home/anitadonato/tcc/tcc/data/lfw/lfw-funneled/Amelia_Vega/Amelia_Vega_0001.jpg,0.9415690005291767,0
/home/anitadonato/tcc/tcc/data/lfw/lfw-funneled/Charlton_Heston/Charlton_Heston_0001.jpg,/home/anitadonato/tcc/tcc/data/lfw/lfw-funneled/Abdullah_Gul/Abdullah_Gul_0004.jpg,0.7919848574367242,0
/home/anitadonato/tcc/tcc/data/lfw/lfw-funneled/Fidel_Castro/Fidel_Castro_0003.jpg,/home/anitadonato/tcc/tcc/data/lfw/lfw-funneled/Hosni_Mubarak/Hosni_Mubarak_0001.jpg,0.778613573426248,0
/home/anitadonato/tcc/tcc/data/lfw/lfw-funneled/Yoko_Ono/Yoko_Ono_0001.jpg,/home/anitadonato/tcc/tcc/data/lfw/lfw-funneled/Robert_Blake/Robert_Blake_0003.jpg,0.7717642721105855,0
/home/anitadonato/tcc/tcc/data/lfw/lfw-funneled/Lleyton_Hewitt/Lleyton_Hewitt_0004.jpg,/home/anitadonato/tcc/tcc/data/lfw/lfw-funneled/Nancy_Pelosi/Nancy_Pelosi_0002.jpg,0.7407790901191931,0
/home/anitadonato/tcc/tcc/data/lfw/lfw-funneled/John_Allen_Muhammad/John_Allen_Muhammad_0004.jpg,/home/anitadonato/tcc/tcc/data/lfw/lfw-funneled/John_Travolta/John_Travolta_0005.jpg,0.8817986849581247,0
/home/anitadonato/tcc/tcc/data/lfw/lfw-funneled/Amelie_Mauresmo/Amelie_Mauresmo_0002.jpg,/home/anitadonato/tcc/tcc/data/lfw/lfw-funneled/John_Paul_II/John_Paul_II_0002.jpg,0.810084731947074,0
/home/anitadonato/tcc/tcc/data/lfw/lfw-funneled/George_Robertson/George_Robertson_0004.jpg,/home/anitadonato/tcc/tcc/data/lfw/lfw-funneled/JK_Rowling/JK_Rowling_0005.jpg,0.8594450341144341,0
/home/anitadonato/tcc/tcc/data/lfw/lfw-funneled/Amelie_Mauresmo/Amelie_Mauresmo_0004.jpg,/home/anitadonato/tcc/tcc/data/lfw/lfw-funneled/Queen_Rania/Queen_Rania_0005.jpg,0.841848737831903,0
/home/anitadonato/tcc/tcc/data/lfw/lfw-funneled/Costas_Simitis/Costas_Simitis_0004.jpg,/home/anitadonato/tcc/tcc/data/lfw/lfw-funneled/Ian_Thorpe/Ian_Thorpe_0003.jpg,0.7531938679025899,0
/home/anitadonato/tcc/tcc/data/lfw/lfw-funneled/Mike_Weir/Mike_Weir_0001.jpg,/home/anitadonato/tcc/tcc/data/lfw/lfw-funneled/Benjamin_Netanyahu/Benjamin_Netanyahu_0004.jpg,0.7859461793133146,0
/home/anitadonato/tcc/tcc/data/lfw/lfw-funneled/Thabo_Mbeki/Thabo_Mbeki_0005.jpg,/home/anitadonato/tcc/tcc/data/lfw/lfw-funneled/Catherine_Zeta-Jones/Catherine_Zeta-Jones_0002.jpg,0.9822432471192415,0
/home/anitadonato/tcc/tcc/data/lfw/lfw-funneled/Bob_Hope/Bob_Hope_0003.jpg,/home/anitadonato/tcc/tcc/data/lfw/lfw-funneled/Susan_Sarandon/Susan_Sarandon_0005.jpg,0.8413119902798079,0
/home/anitadonato/tcc/tcc/data/lfw/lfw-funneled/Richard_Gephardt/Richard_Gephardt_0004.jpg,/home/anitadonato/tcc/tcc/data/lfw/lfw-funneled/Jean-David_Levitte/Jean-David_Levitte_0003.jpg,0.7729423543525521,0
/home/anitadonato/tcc/tcc/data/lfw/lfw-funneled/Vanessa_Redgrave/Vanessa_Redgrave_0002.jpg,/home/anitadonato/tcc/tcc/data/lfw/lfw-funneled/John_Ashcroft/John_Ashcroft_0004.jpg,0.7464760087990691,0
/home/anitadonato/tcc/tcc/data/lfw/lfw-funneled/Sheryl_Crow/Sheryl_Crow_0002.jpg,/home/anitadonato/tcc/tcc/data/lfw/lfw-funneled/Robert_De_Niro/Robert_De_Niro_0004.jpg,0.880464031008613,0
/home/anitadonato/tcc/tcc/data/lfw/lfw-funneled/Silvio_Berlusconi/Silvio_Berlusconi_0005.jpg,/home/anitadonato/tcc/tcc/data/lfw/lfw-funneled/Lleyton_Hewitt/Lleyton_Hewitt_0003.jpg,0.6516735860993847,0
/home/anitadonato/tcc/tcc/data/lfw/lfw-funneled/Angela_Merkel/Angela_Merkel_0001.jpg,/home/anitadonato/tcc/tcc/data/lfw/lfw-funneled/Li_Peng/Li_Peng_0004.jpg,0.7942017756756362,0
/home/anitadonato/tcc/tcc/data/lfw/lfw-funneled/Sourav_Ganguly/Sourav_Ganguly_0005.jpg,/home/anitadonato/tcc/tcc/data/lfw/lfw-funneled/Alvaro_Uribe/Alvaro_Uribe_0001.jpg,0.7287646776323369,0
/home/anitadonato/tcc/tcc/data/lfw/lfw-funneled/Cameron_Diaz/Cameron_Diaz_0004.jpg,/home/anitadonato/tcc/tcc/data/lfw/lfw-funneled/Jean_Chretien/Jean_Chretien_0003.jpg,0.8944014264952659,0
/home/anitadonato/tcc/tcc/data/lfw/lfw-funneled/Princess_Caroline/Princess_Caroline_0005.jpg,/home/anitadonato/tcc/tcc/data/lfw/lfw-funneled/Muhammad_Saeed_al-Sahhaf/Muhammad_Saeed_al-Sahhaf_0003.jpg,0.8877231263076824,0
/home/anitadonato/tcc/tcc/data/lfw/lfw-funneled/John_Negroponte/John_Negroponte_0002.jpg,/home/anitadonato/tcc/tcc/data/lfw/lfw-funneled/Abdullah_Gul/Abdullah_Gul_0005.jpg,0.713566777560762,0
/home/anitadonato/tcc/tcc/data/lfw/lfw-funneled/Eduardo_Duhalde/Eduardo_Duhalde_0002.jpg,/home/anitadonato/tcc/tcc/data/lfw/lfw-funneled/Catherine_Zeta-Jones/Catherine_Zeta-Jones_0001.jpg,0.9566705560857188,0
/home/anitadonato/tcc/tcc/data/lfw/lfw-funneled/John_Manley/John_Manley_0001.jpg,/home/anitadonato/tcc/tcc/data/lfw/lfw-funneled/Alejandro_Toledo/Alejandro_Toledo_0003.jpg,0.8046288150951666,0
/home/anitadonato/tcc/tcc/data/lfw/lfw-funneled/Clara_Harris/Clara_Harris_0005.jpg,/home/anitadonato/tcc/tcc/data/lfw/lfw-funneled/Thaksin_Shinawatra/Thaksin_Shinawatra_0003.jpg,0.846942448466259,0
/home/anitadonato/tcc/tcc/data/lfw/lfw-funneled/John_Stockton/John_Stockton_0001.jpg,/home/anitadonato/tcc/tcc/data/lfw/lfw-funneled/Paul_Burrell/Paul_Burrell_0003.jpg,0.8083907038536438,0
/home/anitadonato/tcc/tcc/data/lfw/lfw-funneled/Robert_Blake/Robert_Blake_0004.jpg,/home/anitadonato/tcc/tcc/data/lfw/lfw-funneled/Gerhard_Schroeder/Gerhard_Schroeder_0002.jpg,0.7521769637460062,0
/home/anitadonato/tcc/tcc/data/lfw/lfw-funneled/Hal_Gehman/Hal_Gehman_0005.jpg,/home/anitadonato/tcc/tcc/data/lfw/lfw-funneled/Paul_Burrell/Paul_Burrell_0003.jpg,0.818412135885441,0
/home/anitadonato/tcc/tcc/data/lfw/lfw-funneled/John_Travolta/John_Travolta_0003.jpg,/home/anitadonato/tcc/tcc/data/lfw/lfw-funneled/Bob_Graham/Bob_Graham_0002.jpg,0.8416190033946991,0
/home/anitadonato/tcc/tcc/data/lfw/lfw-funneled/Benjamin_Netanyahu/Benjamin_Netanyahu_0003.jpg,/home/anitadonato/tcc/tcc/data/lfw/lfw-funneled/Sheryl_Crow/Sheryl_Crow_0003.jpg,0.8125488386253875,0
/home/anitadonato/tcc/tcc/data/lfw/lfw-funneled/William_Ford_Jr/William_Ford_Jr_0001.jpg,/home/anitadonato/tcc/tcc/data/lfw/lfw-funneled/Paradorn_Srichaphan/Paradorn_Srichaphan_0002.jpg,0.8354112682731161,0
/home/anitadonato/tcc/tcc/data/lfw/lfw-funneled/Bill_McBride/Bill_McBride_0004.jpg,/home/anitadonato/tcc/tcc/data/lfw/lfw-funneled/Bill_Gates/Bill_Gates_0005.jpg,0.816978195588709,0
/home/anitadonato/tcc/tcc/data/lfw/lfw-funneled/Hans_Blix/Hans_Blix_0004.jpg,/home/anitadonato/tcc/tcc/data/lfw/lfw-funneled/Amelia_Vega/Amelia_Vega_0001.jpg,0.9552322746496761,0
/home/anitadonato/tcc/tcc/data/lfw/lfw-funneled/Roger_Federer/Roger_Federer_0001.jpg,/home/anitadonato/tcc/tcc/data/lfw/lfw-funneled/Ludivine_Sagnier/Ludivine_Sagnier_0004.jpg,0.8629758228037215,0
/home/anitadonato/tcc/tcc/data/lfw/lfw-funneled/Zinedine_Zidane/Zinedine_Zidane_0003.jpg,/home/anitadonato/tcc/tcc/data/lfw/lfw-funneled/Michael_Chiklis/Michael_Chiklis_0005.jpg,0.8614137477945759,0
/home/anitadonato/tcc/tcc/data/lfw/lfw-funneled/Jean-Pierre_Raffarin/Jean-Pierre_Raffarin_0003.jpg,/home/anitadonato/tcc/tcc/data/lfw/lfw-funneled/Jean-David_Levitte/Jean-David_Levitte_0001.jpg,0.8903233750866592,0
/home/anitadonato/tcc/tcc/data/lfw/lfw-funneled/Michael_Chiklis/Michael_Chiklis_0004.jpg,/home/anitadonato/tcc/tcc/data/lfw/lfw-funneled/Ian_Thorpe/Ian_Thorpe_0001.jpg,0.8578686088403645,0
/home/anitadonato/tcc/tcc/data/lfw/lfw-funneled/Valery_Giscard_dEstaing/Valery_Giscard_dEstaing_0003.jpg,/home/anitadonato/tcc/tcc/data/lfw/lfw-funneled/Roh_Moo-hyun/Roh_Moo-hyun_0005.jpg,0.8854067026284045,0
/home/anitadonato/tcc/tcc/data/lfw/lfw-funneled/John_Negroponte/John_Negroponte_0001.jpg,/home/anitadonato/tcc/tcc/data/lfw/lfw-funneled/Alejandro_Toledo/Alejandro_Toledo_0004.jpg,0.7651146126410899,0
/home/anitadonato/tcc/tcc/data/lfw/lfw-funneled/Angela_Merkel/Angela_Merkel_0004.jpg,/home/anitadonato/tcc/tcc/data/lfw/lfw-funneled/John_Ashcroft/John_Ashcroft_0001.jpg,0.7870012807161961,0
/home/anitadonato/tcc/tcc/data/lfw/lfw-funneled/Ai_Sugiyama/Ai_Sugiyama_0001.jpg,/home/anitadonato/tcc/tcc/data/lfw/lfw-funneled/Yoko_Ono/Yoko_Ono_0003.jpg,0.5703575642242993,0
/home/anitadonato/tcc/tcc/data/lfw/lfw-funneled/Meryl_Streep/Meryl_Streep_0001.jpg,/home/anitadonato/tcc/tcc/data/lfw/lfw-funneled/William_Ford_Jr/William_Ford_Jr_0002.jpg,0.9422721160728141,0
/home/anitadonato/tcc/tcc/data/lfw/lfw-funneled/Ludivine_Sagnier/Ludivine_Sagnier_0004.jpg,/home/anitadonato/tcc/tcc/data/lfw/lfw-funneled/Hillary_Clinton/Hillary_Clinton_0004.jpg,0.7816721873762145,0
/home/anitadonato/tcc/tcc/data/lfw/lfw-funneled/Zinedine_Zidane/Zinedine_Zidane_0005.jpg,/home/anitadonato/tcc/tcc/data/lfw/lfw-funneled/Juan_Pablo_Montoya/Juan_Pablo_Montoya_0004.jpg,0.9365816448880586,0
/home/anitadonato/tcc/tcc/data/lfw/lfw-funneled/Adrien_Brody/Adrien_Brody_0002.jpg,/home/anitadonato/tcc/tcc/data/lfw/lfw-funneled/Jean_Chretien/Jean_Chretien_0004.jpg,0.8406499568024344,0
/home/anitadonato/tcc/tcc/data/lfw/lfw-funneled/Paul_McCartney/Paul_McCartney_0004.jpg,/home/anitadonato/tcc/tcc/data/lfw/lfw-funneled/Elizabeth_Smart/Elizabeth_Smart_0005.jpg,0.8467319455657202,0
/home/anitadonato/tcc/tcc/data/lfw/lfw-funneled/Ben_Affleck/Ben_Affleck_0001.jpg,/home/anitadonato/tcc/tcc/data/lfw/lfw-funneled/Victoria_Clarke/Victoria_Clarke_0003.jpg,0.881622709879817,0
/home/anitadonato/tcc/tcc/data/lfw/lfw-funneled/Cesar_Gaviria/Cesar_Gaviria_0004.jpg,/home/anitadonato/tcc/tcc/data/lfw/lfw-funneled/Susan_Sarandon/Susan_Sarandon_0002.jpg,0.8456205140218693,0
/home/anitadonato/tcc/tcc/data/lfw/lfw-funneled/Salma_Hayek/Salma_Hayek_0003.jpg,/home/anitadonato/tcc/tcc/data/lfw/lfw-funneled/Elizabeth_Smart/Elizabeth_Smart_0005.jpg,0.7564514044434035,0
/home/anitadonato/tcc/tcc/data/lfw/lfw-funneled/Alejandro_Toledo/Alejandro_Toledo_0001.jpg,/home/anitadonato/tcc/tcc/data/lfw/lfw-funneled/Lleyton_Hewitt/Lleyton_Hewitt_0004.jpg,0.780486072572334,0
/home/anitadonato/tcc/tcc/data/lfw/lfw-funneled/Sourav_Ganguly/Sourav_Ganguly_0001.jpg,/home/anitadonato/tcc/tcc/data/lfw/lfw-funneled/Joe_Lieberman/Joe_Lieberman_0004.jpg,0.8694741396551581,0
/home/anitadonato/tcc/tcc/data/lfw/lfw-funneled/Amelia_Vega/Amelia_Vega_0002.jpg,/home/anitadonato/tcc/tcc/data/lfw/lfw-funneled/Tung_Chee-hwa/Tung_Chee-hwa_0005.jpg,0.8350059296474369,0
/home/anitadonato/tcc/tcc/data/lfw/lfw-funneled/Goldie_Hawn/Goldie_Hawn_0003.jpg,/home/anitadonato/tcc/tcc/data/lfw/lfw-funneled/Mohammed_Al-Douri/Mohammed_Al-Douri_0002.jpg,0.927140324457771,0
/home/anitadonato/tcc/tcc/data/lfw/lfw-funneled/LeBron_James/LeBron_James_0002.jpg,/home/anitadonato/tcc/tcc/data/lfw/lfw-funneled/Tom_Cruise/Tom_Cruise_0001.jpg,0.8873871259592692,0
/home/anitadonato/tcc/tcc/data/lfw/lfw-funneled/Sylvester_Stallone/Sylvester_Stallone_0002.jpg,/home/anitadonato/tcc/tcc/data/lfw/lfw-funneled/Carmen_Electra/Carmen_Electra_0005.jpg,1.0131985978714895,0
/home/anitadonato/tcc/tcc/data/lfw/lfw-funneled/Cesar_Gaviria/Cesar_Gaviria_0003.jpg,/home/anitadonato/tcc/tcc/data/lfw/lfw-funneled/Ian_Thorpe/Ian_Thorpe_0002.jpg,0.8091008842183983,0
/home/anitadonato/tcc/tcc/data/lfw/lfw-funneled/Martin_Scorsese/Martin_Scorsese_0003.jpg,/home/anitadonato/tcc/tcc/data/lfw/lfw-funneled/Richard_Myers/Richard_Myers_0002.jpg,0.915639103861128,0
/home/anitadonato/tcc/tcc/data/lfw/lfw-funneled/Paul_Burrell/Paul_Burrell_0003.jpg,/home/anitadonato/tcc/tcc/data/lfw/lfw-funneled/Michelle_Yeoh/Michelle_Yeoh_0002.jpg,0.9120558577212997,0
/home/anitadonato/tcc/tcc/data/lfw/lfw-funneled/Sharon_Stone/Sharon_Stone_0001.jpg,/home/anitadonato/tcc/tcc/data/lfw/lfw-funneled/Tung_Chee-hwa/Tung_Chee-hwa_0002.jpg,0.8847310803567411,0
/home/anitadonato/tcc/tcc/data/lfw/lfw-funneled/Tiger_Woods/Tiger_Woods_0002.jpg,/home/anitadonato/tcc/tcc/data/lfw/lfw-funneled/Lleyton_Hewitt/Lleyton_Hewitt_0005.jpg,0.8018412615478725,0
/home/anitadonato/tcc/tcc/data/lfw/lfw-funneled/Halle_Berry/Halle_Berry_0002.jpg,/home/anitadonato/tcc/tcc/data/lfw/lfw-funneled/Heidi_Klum/Heidi_Klum_0003.jpg,0.7684968274822561,0
/home/anitadonato/tcc/tcc/data/lfw/lfw-funneled/Billy_Crystal/Billy_Crystal_0004.jpg,/home/anitadonato/tcc/tcc/data/lfw/lfw-funneled/LeBron_James/LeBron_James_0005.jpg,0.7588088449037169,0
/home/anitadonato/tcc/tcc/data/lfw/lfw-funneled/William_Ford_Jr/William_Ford_Jr_0001.jpg,/home/anitadonato/tcc/tcc/data/lfw/lfw-funneled/Jean_Chretien/Jean_Chretien_0004.jpg,0.8236584113480274,0
/home/anitadonato/tcc/tcc/data/lfw/lfw-funneled/Xavier_Malisse/Xavier_Malisse_0003.jpg,/home/anitadonato/tcc/tcc/data/lfw/lfw-funneled/Michael_Powell/Michael_Powell_0005.jpg,0.7762485154820155,0
/home/anitadonato/tcc/tcc/data/lfw/lfw-funneled/Paul_ONeill/Paul_ONeill_0004.jpg,/home/anitadonato/tcc/tcc/data/lfw/lfw-funneled/Robert_De_Niro/Robert_De_Niro_0005.jpg,0.769636711834883,0
/home/anitadonato/tcc/tcc/data/lfw/lfw-funneled/John_Negroponte/John_Negroponte_0001.jpg,/home/anitadonato/tcc/tcc/data/lfw/lfw-funneled/Michael_Schumacher/Michael_Schumacher_0005.jpg,0.6845728579756584,0
/home/anitadonato/tcc/tcc/data/lfw/lfw-funneled/John_Ashcroft/John_Ashcroft_0001.jpg,/home/anitadonato/tcc/tcc/data/lfw/lfw-funneled/Mike_Weir/Mike_Weir_0001.jpg,0.7789986174973972,0
/home/anitadonato/tcc/tcc/data/lfw/lfw-funneled/Joseph_Biden/Joseph_Biden_0004.jpg,/home/anitadonato/tcc/tcc/data/lfw/lfw-funneled/Juan_Carlos_Ferrero/Juan_Carlos_Ferrero_0001.jpg,0.8581678821687716,0
/home/anitadonato/tcc/tcc/data/lfw/lfw-funneled/Christine_Baumgartner/Christine_Baumgartner_0004.jpg,/home/anitadonato/tcc/tcc/data/lfw/lfw-funneled/Gloria_Macapagal_Arroyo/Gloria_Macapagal_Arroyo_0001.jpg,0.8713189652089743,0
/home/anitadonato/tcc/tcc/data/lfw/lfw-funneled/George_Robertson/George_Robertson_0005.jpg,/home/anitadonato/tcc/tcc/data/lfw/lfw-funneled/Halle_Berry/Halle_Berry_0002.jpg,1.0528815950994093,0
/home/anitadonato/tcc/tcc/data/lfw/lfw-funneled/Ana_Palacio/Ana_Palacio_0003.jpg,/home/anitadonato/tcc/tcc/data/lfw/lfw-funneled/LeBron_James/LeBron_James_0005.jpg,0.9422697795465739,0
/home/anitadonato/tcc/tcc/data/lfw/lfw-funneled/Abdullah_Gul/Abdullah_Gul_0005.jpg,/home/anitadonato/tcc/tcc/data/lfw/lfw-funneled/Russell_Simmons/Russell_Simmons_0003.jpg,0.8977008312033148,0
/home/anitadonato/tcc/tcc/data/lfw/lfw-funneled/Jean-Pierre_Raffarin/Jean-Pierre_Raffarin_0005.jpg,/home/anitadonato/tcc/tcc/data/lfw/lfw-funneled/Martin_Scorsese/Martin_Scorsese_0003.jpg,0.7257914033963198,0
/home/anitadonato/tcc/tcc/data/lfw/lfw-funneled/Vanessa_Redgrave/Vanessa_Redgrave_0005.jpg,/home/anitadonato/tcc/tcc/data/lfw/lfw-funneled/Antonio_Banderas/Antonio_Banderas_0004.jpg,0.8116122622495193,0
/home/anitadonato/tcc/tcc/data/lfw/lfw-funneled/Elizabeth_Smart/Elizabeth_Smart_0001.jpg,/home/anitadonato/tcc/tcc/data/lfw/lfw-funneled/Angela_Merkel/Angela_Merkel_0005.jpg,0.7532961755959957,0
/home/anitadonato/tcc/tcc/data/lfw/lfw-funneled/Andre_Agassi/Andre_Agassi_0004.jpg,/home/anitadonato/tcc/tcc/data/lfw/lfw-funneled/Cesar_Gaviria/Cesar_Gaviria_0004.jpg,0.7871830736325464,0
/home/anitadonato/tcc/tcc/data/lfw/lfw-funneled/Muhammad_Saeed_al-Sahhaf/Muhammad_Saeed_al-Sahhaf_0003.jpg,/home/anitadonato/tcc/tcc/data/lfw/lfw-funneled/Fernando_Gonzalez/Fernando_Gonzalez_0004.jpg,0.8708453334842463,0
/home/anitadonato/tcc/tcc/data/lfw/lfw-funneled/Juan_Carlos_Ferrero/Juan_Carlos_Ferrero_0001.jpg,/home/anitadonato/tcc/tcc/data/lfw/lfw-funneled/Nia_Vardalos/Nia_Vardalos_0003.jpg,0.8742822034046274,0
/home/anitadonato/tcc/tcc/data/lfw/lfw-funneled/Martin_McGuinness/Martin_McGuinness_0003.jpg,/home/anitadonato/tcc/tcc/data/lfw/lfw-funneled/Jiri_Novak/Jiri_Novak_0003.jpg,0.7664837927624469,0
/home/anitadonato/tcc/tcc/data/lfw/lfw-funneled/Jennifer_Lopez/Jennifer_Lopez_0004.jpg,/home/anitadonato/tcc/tcc/data/lfw/lfw-funneled/Maria_Shriver/Maria_Shriver_0001.jpg,0.8684057543881674,0
/home/anitadonato/tcc/tcc/data/lfw/lfw-funneled/Amelia_Vega/Amelia_Vega_0001.jpg,/home/anitadonato/tcc/tcc/data/lfw/lfw-funneled/Matthew_Perry/Matthew_Perry_0004.jpg,0.9315551738451302,0
/home/anitadonato/tcc/tcc/data/lfw/lfw-funneled/Natalie_Coughlin/Natalie_Coughlin_0003.jpg,/home/anitadonato/tcc/tcc/data/lfw/lfw-funneled/Jean_Chretien/Jean_Chretien_0002.jpg,0.9594837807393997,0
/home/anitadonato/tcc/tcc/data/lfw/lfw-funneled/Steve_Lavin/Steve_Lavin_0005.jpg,/home/anitadonato/tcc/tcc/data/lfw/lfw-funneled/Kevin_Costner/Kevin_Costner_0005.jpg,0.6467391166048911,0
/home/anitadonato/tcc/tcc/data/lfw/lfw-funneled/Roh_Moo-hyun/Roh_Moo-hyun_0001.jpg,/home/anitadonato/tcc/tcc/data/lfw/lfw-funneled/Bernard_Law/Bernard_Law_0004.jpg,0.8377613602560962,0
/home/anitadonato/tcc/tcc/data/lfw/lfw-funneled/Roy_Moore/Roy_Moore_0004.jpg,/home/anitadonato/tcc/tcc/data/lfw/lfw-funneled/Kalpana_Chawla/Kalpana_Chawla_0001.jpg,0.7994727774805456,0
/home/anitadonato/tcc/tcc/data/lfw/lfw-funneled/Thabo_Mbeki/Thabo_Mbeki_0003.jpg,/home/anitadonato/tcc/tcc/data/lfw/lfw-funneled/Denzel_Washington/Denzel_Washington_0003.jpg,0.6430185523582606,0
/home/anitadonato/tcc/tcc/data/lfw/lfw-funneled/Spencer_Abraham/Spencer_Abraham_0005.jpg,/home/anitadonato/tcc/tcc/data/lfw/lfw-funneled/Kofi_Annan/Kofi_Annan_0002.jpg,0.803853402532863,0
/home/anitadonato/tcc/tcc/data/lfw/lfw-funneled/Jennifer_Lopez/Jennifer_Lopez_0004.jpg,/home/anitadonato/tcc/tcc/data/lfw/lfw-funneled/Kurt_Warner/Kurt_Warner_0002.jpg,0.8755481964239987,0
/home/anitadonato/tcc/tcc/data/lfw/lfw-funneled/Robert_De_Niro/Robert_De_Niro_0005.jpg,/home/anitadonato/tcc/tcc/data/lfw/lfw-funneled/Yashwant_Sinha/Yashwant_Sinha_0003.jpg,0.7616346284005074,0
/home/anitadonato/tcc/tcc/data/lfw/lfw-funneled/William_Ford_Jr/William_Ford_Jr_0003.jpg,/home/anitadonato/tcc/tcc/data/lfw/lfw-funneled/Sylvester_Stallone/Sylvester_Stallone_0005.jpg,0.6313364410405812,0
/home/anitadonato/tcc/tcc/data/lfw/lfw-funneled/Bill_Gates/Bill_Gates_0005.jpg,/home/anitadonato/tcc/tcc/data/lfw/lfw-funneled/Martin_McGuinness/Martin_McGuinness_0005.jpg,0.7834796398435011,0
/home/anitadonato/tcc/tcc/data/lfw/lfw-funneled/Michael_Schumacher/Michael_Schumacher_0005.jpg,/home/anitadonato/tcc/tcc/data/lfw/lfw-funneled/Michael_Chiklis/Michael_Chiklis_0001.jpg,0.7755192042536199,0
/home/anitadonato/tcc/tcc/data/lfw/lfw-funneled/Cameron_Diaz/Cameron_Diaz_0003.jpg,/home/anitadonato/tcc/tcc/data/lfw/lfw-funneled/Kurt_Warner/Kurt_Warner_0001.jpg,0.9008924711681898,0
/home/anitadonato/tcc/tcc/data/lfw/lfw-funneled/John_Paul_II/John_Paul_II_0003.jpg,/home/anitadonato/tcc/tcc/data/lfw/lfw-funneled/Hugh_Grant/Hugh_Grant_0003.jpg,0.8462801489956049,0
/home/anitadonato/tcc/tcc/data/lfw/lfw-funneled/Yashwant_Sinha/Yashwant_Sinha_0002.jpg,/home/anitadonato/tcc/tcc/data/lfw/lfw-funneled/Carlos_Moya/Carlos_Moya_0002.jpg,0.9147206781356354,0
/home/anitadonato/tcc/tcc/data/lfw/lfw-funneled/Tom_Cruise/Tom_Cruise_0004.jpg,/home/anitadonato/tcc/tcc/data/lfw/lfw-funneled/Kurt_Warner/Kurt_Warner_0001.jpg,0.6888397697962085,0
/home/anitadonato/tcc/tcc/data/lfw/lfw-funneled/Costas_Simitis/Costas_Simitis_0001.jpg,/home/anitadonato/tcc/tcc/data/lfw/lfw-funneled/Robert_Zoellick/Robert_Zoellick_0001.jpg,0.838825449174647,0
/home/anitadonato/tcc/tcc/data/lfw/lfw-funneled/Gerhard_Schroeder/Gerhard_Schroeder_0002.jpg,/home/anitadonato/tcc/tcc/data/lfw/lfw-funneled/John_Travolta/John_Travolta_0004.jpg,0.7886606635408945,0
/home/anitadonato/tcc/tcc/data/lfw/lfw-funneled/Silvan_Shalom/Silvan_Shalom_0003.jpg,/home/anitadonato/tcc/tcc/data/lfw/lfw-funneled/Vanessa_Redgrave/Vanessa_Redgrave_0002.jpg,0.8592279717177997,0
/home/anitadonato/tcc/tcc/data/lfw/lfw-funneled/Zinedine_Zidane/Zinedine_Zidane_0003.jpg,/home/anitadonato/tcc/tcc/data/lfw/lfw-funneled/John_Howard/John_Howard_0005.jpg,0.711525135465404,0
/home/anitadonato/tcc/tcc/data/lfw/lfw-funneled/Martin_Scorsese/Martin_Scorsese_0001.jpg,/home/anitadonato/tcc/tcc/data/lfw/lfw-funneled/Matthew_Perry/Matthew_Perry_0002.jpg,0.8234734556236086,0
/home/anitadonato/tcc/tcc/data/lfw/lfw-funneled/Tommy_Franks/Tommy_Franks_0005.jpg,/home/anitadonato/tcc/tcc/data/lfw/lfw-funneled/Bill_McBride/Bill_McBride_0001.jpg,0.8289085969466601,0
/home/anitadonato/tcc/tcc/data/lfw/lfw-funneled/Michael_Chiklis/Michael_Chiklis_0003.jpg,/home/anitadonato/tcc/tcc/data/lfw/lfw-funneled/George_Robertson/George_Robertson_0004.jpg,0.7744989877532656,0
/home/anitadonato/tcc/tcc/data/lfw/lfw-funneled/Tung_Chee-hwa/Tung_Chee-hwa_0004.jpg,/home/anitadonato/tcc/tcc/data/lfw/lfw-funneled/Rainer_Schuettler/Rainer_Schuettler_0005.jpg,0.8878173799236787,0
/home/anitadonato/tcc/tcc/data/lfw/lfw-funneled/Susan_Sarandon/Susan_Sarandon_0003.jpg,/home/anitadonato/tcc/tcc/data/lfw/lfw-funneled/Nia_Vardalos/Nia_Vardalos_0002.jpg,0.7705450421273934,0
/home/anitadonato/tcc/tcc/data/lfw/lfw-funneled/Bill_McBride/Bill_McBride_0001.jpg,/home/anitadonato/tcc/tcc/data/lfw/lfw-funneled/Colin_Montgomerie/Colin_Montgomerie_0003.jpg,0.6447880954175065,0
/home/anitadonato/tcc/tcc/data/lfw/lfw-funneled/Jose_Maria_Aznar/Jose_Maria_Aznar_0003.jpg,/home/anitadonato/tcc/tcc/data/lfw/lfw-funneled/Sharon_Stone/Sharon_Stone_0005.jpg,1.0046880392708797,0
/home/anitadonato/tcc/tcc/data/lfw/lfw-funneled/Richard_Gere/Richard_Gere_0003.jpg,/home/anitadonato/tcc/tcc/data/lfw/lfw-funneled/Atal_Bihari_Vajpayee/Atal_Bihari_Vajpayee_0001.jpg,0.7967477931263278,0
/home/anitadonato/tcc/tcc/data/lfw/lfw-funneled/John_Negroponte/John_Negroponte_0005.jpg,/home/anitadonato/tcc/tcc/data/lfw/lfw-funneled/Jan_Ullrich/Jan_Ullrich_0001.jpg,0.8034378689713297,0
/home/anitadonato/tcc/tcc/data/lfw/lfw-funneled/Carlos_Moya/Carlos_Moya_0003.jpg,/home/anitadonato/tcc/tcc/data/lfw/lfw-funneled/Ann_Veneman/Ann_Veneman_0002.jpg,0.9787586233926566,0
/home/anitadonato/tcc/tcc/data/lfw/lfw-funneled/Kristanna_Loken/Kristanna_Loken_0003.jpg,/home/anitadonato/tcc/tcc/data/lfw/lfw-funneled/Ai_Sugiyama/Ai_Sugiyama_0003.jpg,0.8244760462382357,0
/home/anitadonato/tcc/tcc/data/lfw/lfw-funneled/Robert_Blake/Robert_Blake_0001.jpg,/home/anitadonato/tcc/tcc/data/lfw/lfw-funneled/Kate_Hudson/Kate_Hudson_0004.jpg,0.9306423762088799,0
/home/anitadonato/tcc/tcc/data/lfw/lfw-funneled/Gerhard_Schroeder/Gerhard_Schroeder_0002.jpg,/home/anitadonato/tcc/tcc/data/lfw/lfw-funneled/Jose_Maria_Aznar/Jose_Maria_Aznar_0002.jpg,0.696938233021494,0
/home/anitadonato/tcc/tcc/data/lfw/lfw-funneled/Jean-Pierre_Raffarin/Jean-Pierre_Raffarin_0002.jpg,/home/anitadonato/tcc/tcc/data/lfw/lfw-funneled/John_Snow/John_Snow_0005.jpg,0.6663529418491464,0
/home/anitadonato/tcc/tcc/data/lfw/lfw-funneled/Roh_Moo-hyun/Roh_Moo-hyun_0003.jpg,/home/anitadonato/tcc/tcc/data/lfw/lfw-funneled/Juan_Pablo_Montoya/Juan_Pablo_Montoya_0001.jpg,0.9006546054202076,0
/home/anitadonato/tcc/tcc/data/lfw/lfw-funneled/Jan_Ullrich/Jan_Ullrich_0001.jpg,/home/anitadonato/tcc/tcc/data/lfw/lfw-funneled/Robert_Zoellick/Robert_Zoellick_0004.jpg,0.797752045394518,0
/home/anitadonato/tcc/tcc/data/lfw/lfw-funneled/Heidi_Klum/Heidi_Klum_0001.jpg,/home/anitadonato/tcc/tcc/data/lfw/lfw-funneled/Mike_Weir/Mike_Weir_0003.jpg,0.8183702599401901,0
/home/anitadonato/tcc/tcc/data/lfw/lfw-funneled/Kofi_Annan/Kofi_Annan_0005.jpg,/home/anitadonato/tcc/tcc/data/lfw/lfw-funneled/Martin_McGuinness/Martin_McGuinness_0004.jpg,0.8812233766910601,0
/home/anitadonato/tcc/tcc/data/lfw/lfw-funneled/John_Bolton/John_Bolton_0004.jpg,/home/anitadonato/tcc/tcc/data/lfw/lfw-funneled/Jean-David_Levitte/Jean-David_Levitte_0003.jpg,0.6225041670416936,0
/home/anitadonato/tcc/tcc/data/lfw/lfw-funneled/William_Ford_Jr/William_Ford_Jr_0001.jpg,/home/anitadonato/tcc/tcc/data/lfw/lfw-funneled/Hamid_Karzai/Hamid_Karzai_0003.jpg,0.776937082870711,0
/home/anitadonato/tcc/tcc/data/lfw/lfw-funneled/Jennifer_Capriati/Jennifer_Capriati_0004.jpg,/home/anitadonato/tcc/tcc/data/lfw/lfw-funneled/Valery_Giscard_dEstaing/Valery_Giscard_dEstaing_0003.jpg,0.9070650608615032,0
/home/anitadonato/tcc/tcc/data/lfw/lfw-funneled/Pedro_Malan/Pedro_Malan_0001.jpg,/home/anitadonato/tcc/tcc/data/lfw/lfw-funneled/Lindsay_Davenport/Lindsay_Davenport_0002.jpg,0.8390152977875843,0
/home/anitadonato/tcc/tcc/data/lfw/lfw-funneled/Lindsay_Davenport/Lindsay_Davenport_0004.jpg,/home/anitadonato/tcc/tcc/data/lfw/lfw-funneled/Adrien_Brody/Adrien_Brody_0005.jpg,0.9580602892318568,0
/home/anitadonato/tcc/tcc/data/lfw/lfw-funneled/George_Robertson/George_Robertson_0003.jpg,/home/anitadonato/tcc/tcc/data/lfw/lfw-funneled/Jan_Ullrich/Jan_Ullrich_0003.jpg,0.8886776348751217,0
/home/anitadonato/tcc/tcc/data/lfw/lfw-funneled/John_Negroponte/John_Negroponte_0002.jpg,/home/anitadonato/tcc/tcc/data/lfw/lfw-funneled/Peter_Struck/Peter_Struck_0001.jpg,0.7952273944815748,0
/home/anitadonato/tcc/tcc/data/lfw/lfw-funneled/Carlos_Menem/Carlos_Menem_0001.jpg,/home/anitadonato/tcc/tcc/data/lfw/lfw-funneled/Abdullah_Gul/Abdullah_Gul_0005.jpg,0.7674258009882136,0
/home/anitadonato/tcc/tcc/data/lfw/lfw-funneled/Carlos_Menem/Carlos_Menem_0003.jpg,/home/anitadonato/tcc/tcc/data/lfw/lfw-funneled/Jeremy_Greenstock/Jeremy_Greenstock_0003.jpg,0.8112317131872392,0
/home/anitadonato/tcc/tcc/data/lfw/lfw-funneled/Trent_Lott/Trent_Lott_0002.jpg,/home/anitadonato/tcc/tcc/data/lfw/lfw-funneled/Alejandro_Toledo/Alejandro_Toledo_0002.jpg,0.734271911326841,0
/home/anitadonato/tcc/tcc/data/lfw/lfw-funneled/Spencer_Abraham/Spencer_Abraham_0003.jpg,/home/anitadonato/tcc/tcc/data/lfw/lfw-funneled/Sergey_Lavrov/Sergey_Lavrov_0002.jpg,0.7515325069347233,0
/home/anitadonato/tcc/tcc/data/lfw/lfw-funneled/Woody_Allen/Woody_Allen_0002.jpg,/home/anitadonato/tcc/tcc/data/lfw/lfw-funneled/Megawati_Sukarnoputri/Megawati_Sukarnoputri_0001.jpg,0.8820350671363424,0
/home/anitadonato/tcc/tcc/data/lfw/lfw-funneled/Vladimir_Putin/Vladimir_Putin_0004.jpg,/home/anitadonato/tcc/tcc/data/lfw/lfw-funneled/Jacques_Chirac/Jacques_Chirac_0004.jpg,0.8165815273140407,0
/home/anitadonato/tcc/tcc/data/lfw/lfw-funneled/Bill_McBride/Bill_McBride_0005.jpg,/home/anitadonato/tcc/tcc/data/lfw/lfw-funneled/Tom_Cruise/Tom_Cruise_0004.jpg,0.788316474543137,0
/home/anitadonato/tcc/tcc/data/lfw/lfw-funneled/Amelie_Mauresmo/Amelie_Mauresmo_0005.jpg,/home/anitadonato/tcc/tcc/data/lfw/lfw-funneled/Tom_Cruise/Tom_Cruise_0003.jpg,0.6855731753814688,0
/home/anitadonato/tcc/tcc/data/lfw/lfw-funneled/John_Manley/John_Manley_0002.jpg,/home/anitadonato/tcc/tcc/data/lfw/lfw-funneled/Jiri_Novak/Jiri_Novak_0004.jpg,0.7159282318633218,0
/home/anitadonato/tcc/tcc/data/lfw/lfw-funneled/Ana_Guevara/Ana_Guevara_0004.jpg,/home/anitadonato/tcc/tcc/data/lfw/lfw-funneled/Kim_Dae-jung/Kim_Dae-jung_0003.jpg,0.9072972989528233,0
/home/anitadonato/tcc/tcc/data/lfw/lfw-funneled/Sourav_Ganguly/Sourav_Ganguly_0001.jpg,/home/anitadonato/tcc/tcc/data/lfw/lfw-funneled/Paul_ONeill/Paul_ONeill_0003.jpg,0.7579879690441069,0
/home/anitadonato/tcc/tcc/data/lfw/lfw-funneled/Antonio_Banderas/Antonio_Banderas_0003.jpg,/home/anitadonato/tcc/tcc/data/lfw/lfw-funneled/Bob_Hope/Bob_Hope_0004.jpg,0.669199863274482,0
/home/anitadonato/tcc/tcc/data/lfw/lfw-funneled/Gonzalo_Sanchez_de_Lozada/Gonzalo_Sanchez_de_Lozada_0001.jpg,/home/anitadonato/tcc/tcc/data/lfw/lfw-funneled/Bulent_Ecevit/Bulent_Ecevit_0003.jpg,0.7035197896557601,0
/home/anitadonato/tcc/tcc/data/lfw/lfw-funneled/Thabo_Mbeki/Thabo_Mbeki_0001.jpg,/home/anitadonato/tcc/tcc/data/lfw/lfw-funneled/Frank_Solich/Frank_Solich_0005.jpg,0.7939268939314199,0
/home/anitadonato/tcc/tcc/data/lfw/lfw-funneled/Martin_Scorsese/Martin_Scorsese_0004.jpg,/home/anitadonato/tcc/tcc/data/lfw/lfw-funneled/Antonio_Banderas/Antonio_Banderas_0004.jpg,0.6401396725476027,0
/home/anitadonato/tcc/tcc/data/lfw/lfw-funneled/Condoleezza_Rice/Condoleezza_Rice_0001.jpg,/home/anitadonato/tcc/tcc/data/lfw/lfw-funneled/Carmen_Electra/Carmen_Electra_0004.jpg,0.8944383149489975,0
/home/anitadonato/tcc/tcc/data/lfw/lfw-funneled/Silvio_Berlusconi/Silvio_Berlusconi_0002.jpg,/home/anitadonato/tcc/tcc/data/lfw/lfw-funneled/Mohamed_ElBaradei/Mohamed_ElBaradei_0003.jpg,0.7155058718376875,0
/home/anitadonato/tcc/tcc/data/lfw/lfw-funneled/Megawati_Sukarnoputri/Megawati_Sukarnoputri_0005.jpg,/home/anitadonato/tcc/tcc/data/lfw/lfw-funneled/Pamela_Anderson/Pamela_Anderson_0002.jpg,0.9668663794482533,0
/home/anitadonato/tcc/tcc/data/lfw/lfw-funneled/Kevin_Costner/Kevin_Costner_0001.jpg,/home/anitadonato/tcc/tcc/data/lfw/lfw-funneled/Gonzalo_Sanchez_de_Lozada/Gonzalo_Sanchez_de_Lozada_0003.jpg,0.7597617563524373,0
/home/anitadonato/tcc/tcc/data/lfw/lfw-funneled/Gloria_Macapagal_Arroyo/Gloria_Macapagal_Arroyo_0005.jpg,/home/anitadonato/tcc/tcc/data/lfw/lfw-funneled/Matthew_Perry/Matthew_Perry_0002.jpg,0.8887289254722334,0
/home/anitadonato/tcc/tcc/data/lfw/lfw-funneled/Rudolph_Giuliani/Rudolph_Giuliani_0004.jpg,/home/anitadonato/tcc/tcc/data/lfw/lfw-funneled/Norm_Coleman/Norm_Coleman_0004.jpg,0.83309449217469,0
/home/anitadonato/tcc/tcc/data/lfw/lfw-funneled/Atal_Bihari_Vajpayee/Atal_Bihari_Vajpayee_0005.jpg,/home/anitadonato/tcc/tcc/data/lfw/lfw-funneled/Tom_Daschle/Tom_Daschle_0002.jpg,0.8172005266847346,0
/home/anitadonato/tcc/tcc/data/lfw/lfw-funneled/Hans_Blix/Hans_Blix_0003.jpg,/home/anitadonato/tcc/tcc/data/lfw/lfw-funneled/Nancy_Pelosi/Nancy_Pelosi_0004.jpg,0.9078128653124764,0
/home/anitadonato/tcc/tcc/data/lfw/lfw-funneled/Ben_Affleck/Ben_Affleck_0003.jpg,/home/anitadonato/tcc/tcc/data/lfw/lfw-funneled/Princess_Caroline/Princess_Caroline_0005.jpg,0.7827736099614057,0
/home/anitadonato/tcc/tcc/data/lfw/lfw-funneled/Billy_Crystal/Billy_Crystal_0003.jpg,/home/anitadonato/tcc/tcc/data/lfw/lfw-funneled/Cruz_Bustamante/Cruz_Bustamante_0001.jpg,0.7569745676639781,0
/home/anitadonato/tcc/tcc/data/lfw/lfw-funneled/Bernard_Law/Bernard_Law_0005.jpg,/home/anitadonato/tcc/tcc/data/lfw/lfw-funneled/Natalie_Coughlin/Natalie_Coughlin_0004.jpg,0.8080893478203907,0
/home/anitadonato/tcc/tcc/data/lfw/lfw-funneled/Britney_Spears/Britney_Spears_0005.jpg,/home/anitadonato/tcc/tcc/data/lfw/lfw-funneled/Eduardo_Duhalde/Eduardo_Duhalde_0002.jpg,0.9507495550447824,0
/home/anitadonato/tcc/tcc/data/lfw/lfw-funneled/Peter_Struck/Peter_Struck_0005.jpg,/home/anitadonato/tcc/tcc/data/lfw/lfw-funneled/George_Robertson/George_Robertson_0002.jpg,0.7234187049309614,0
/home/anitadonato/tcc/tcc/data/lfw/lfw-funneled/Yashwant_Sinha/Yashwant_Sinha_0004.jpg,/home/anitadonato/tcc/tcc/data/lfw/lfw-funneled/John_Howard/John_Howard_0002.jpg,0.7020338831828588,0
/home/anitadonato/tcc/tcc/data/lfw/lfw-funneled/Martin_Scorsese/Martin_Scorsese_0001.jpg,/home/anitadonato/tcc/tcc/data/lfw/lfw-funneled/John_Bolton/John_Bolton_0003.jpg,0.833654722677564,0
/home/anitadonato/tcc/tcc/data/lfw/lfw-funneled/Roh_Moo-hyun/Roh_Moo-hyun_0003.jpg,/home/anitadonato/tcc/tcc/data/lfw/lfw-funneled/Tony_Blair/Tony_Blair_0002.jpg,0.760284707782396,0
/home/anitadonato/tcc/tcc/data/lfw/lfw-funneled/Juan_Pablo_Montoya/Juan_Pablo_Montoya_0005.jpg,/home/anitadonato/tcc/tcc/data/lfw/lfw-funneled/Angela_Merkel/Angela_Merkel_0001.jpg,0.7974746078263936,0
/home/anitadonato/tcc/tcc/data/lfw/lfw-funneled/Alejandro_Toledo/Alejandro_Toledo_0004.jpg,/home/anitadonato/tcc/tcc/data/lfw/lfw-funneled/Juan_Pablo_Montoya/Juan_Pablo_Montoya_0005.jpg,0.7094296245639826,0
/home/anitadonato/tcc/tcc/data/lfw/lfw-funneled/Salma_Hayek/Salma_Hayek_0003.jpg,/home/anitadonato/tcc/tcc/data/lfw/lfw-funneled/Heidi_Klum/Heidi_Klum_0003.jpg,0.7936548264601725,0
/home/anitadonato/tcc/tcc/data/lfw/lfw-funneled/John_Paul_II/John_Paul_II_0003.jpg,/home/anitadonato/tcc/tcc/data/lfw/lfw-funneled/Mike_Myers/Mike_Myers_0004.jpg,0.7614667165269929,0
/home/anitadonato/tcc/tcc/data/lfw/lfw-funneled/Jeremy_Greenstock/Jeremy_Greenstock_0002.jpg,/home/anitadonato/tcc/tcc/data/lfw/lfw-funneled/Bill_Gates/Bill_Gates_0002.jpg,0.7485080423178638,0
/home/anitadonato/tcc/tcc/data/lfw/lfw-funneled/Frank_Solich/Frank_Solich_0001.jpg,/home/anitadonato/tcc/tcc/data/lfw/lfw-funneled/Li_Peng/Li_Peng_0005.jpg,0.9464880576508813,0
/home/anitadonato/tcc/tcc/data/lfw/lfw-funneled/Jacques_Chirac/Jacques_Chirac_0005.jpg,/home/anitadonato/tcc/tcc/data/lfw/lfw-funneled/Michelle_Yeoh/Michelle_Yeoh_0001.jpg,0.9101562732167914,0
/home/anitadonato/tcc/tcc/data/lfw/lfw-funneled/Tung_Chee-hwa/Tung_Chee-hwa_0005.jpg,/home/anitadonato/tcc/tcc/data/lfw/lfw-funneled/Winona_Ryder/Winona_Ryder_0002.jpg,0.8548318140852523,0
/home/anitadonato/tcc/tcc/data/lfw/lfw-funneled/Martin_Scorsese/Martin_Scorsese_0002.jpg,/home/anitadonato/tcc/tcc/data/lfw/lfw-funneled/Tony_Blair/Tony_Blair_0002.jpg,0.890879803261366,0
/home/anitadonato/tcc/tcc/data/lfw/lfw-funneled/John_Paul_II/John_Paul_II_0005.jpg,/home/anitadonato/tcc/tcc/data/lfw/lfw-funneled/Hosni_Mubarak/Hosni_Mubarak_0002.jpg,0.7246486388693204,0
/home/anitadonato/tcc/tcc/data/lfw/lfw-funneled/Andre_Agassi/Andre_Agassi_0001.jpg,/home/anitadonato/tcc/tcc/data/lfw/lfw-funneled/Clara_Harris/Clara_Harris_0004.jpg,0.8748641527913417,0
/home/anitadonato/tcc/tcc/data/lfw/lfw-funneled/Hans_Blix/Hans_Blix_0002.jpg,/home/anitadonato/tcc/tcc/data/lfw/lfw-funneled/Catherine_Zeta-Jones/Catherine_Zeta-Jones_0004.jpg,0.8326610232858526,0
/home/anitadonato/tcc/tcc/data/lfw/lfw-funneled/JK_Rowling/JK_Rowling_0004.jpg,/home/anitadonato/tcc/tcc/data/lfw/lfw-funneled/Britney_Spears/Britney_Spears_0002.jpg,0.8503419341546682,0
/home/anitadonato/tcc/tcc/data/lfw/lfw-funneled/John_Snow/John_Snow_0003.jpg,/home/anitadonato/tcc/tcc/data/lfw/lfw-funneled/Queen_Rania/Queen_Rania_0004.jpg,0.957957394778084,0
/home/anitadonato/tcc/tcc/data/lfw/lfw-funneled/Jeremy_Greenstock/Jeremy_Greenstock_0005.jpg,/home/anitadonato/tcc/tcc/data/lfw/lfw-funneled/Zinedine_Zidane/Zinedine_Zidane_0004.jpg,0.7353305117514601,0
/home/anitadonato/tcc/tcc/data/lfw/lfw-funneled/Habib_Rizieq/Habib_Rizieq_0003.jpg,/home/anitadonato/tcc/tcc/data/lfw/lfw-funneled/Kristanna_Loken/Kristanna_Loken_0004.jpg,0.9449834348104729,0
/home/anitadonato/tcc/tcc/data/lfw/lfw-funneled/Bob_Graham/Bob_Graham_0004.jpg,/home/anitadonato/tcc/tcc/data/lfw/lfw-funneled/John_Travolta/John_Travolta_0002.jpg,0.7654540262250668,0
/home/anitadonato/tcc/tcc/data/lfw/lfw-funneled/Hal_Gehman/Hal_Gehman_0002.jpg,/home/anitadonato/tcc/tcc/data/lfw/lfw-funneled/Megawati_Sukarnoputri/Megawati_Sukarnoputri_0003.jpg,1.0469627694831514,0
/home/anitadonato/tcc/tcc/data/lfw/lfw-funneled/Billy_Crystal/Billy_Crystal_0004.jpg,/home/anitadonato/tcc/tcc/data/lfw/lfw-funneled/Maria_Soledad_Alvear_Valenzuela/Maria_Soledad_Alvear_Valenzuela_0003.jpg,0.8583388030437265,0
/home/anitadonato/tcc/tcc/data/lfw/lfw-funneled/Carmen_Electra/Carmen_Electra_0005.jpg,/home/anitadonato/tcc/tcc/data/lfw/lfw-funneled/Spencer_Abraham/Spencer_Abraham_0001.jpg,0.8571081568904175,0
/home/anitadonato/tcc/tcc/data/lfw/lfw-funneled/Britney_Spears/Britney_Spears_0002.jpg,/home/anitadonato/tcc/tcc/data/lfw/lfw-funneled/Matthew_Perry/Matthew_Perry_0003.jpg,0.9791643155685419,0
/home/anitadonato/tcc/tcc/data/lfw/lfw-funneled/Amelia_Vega/Amelia_Vega_0004.jpg,/home/anitadonato/tcc/tcc/data/lfw/lfw-funneled/John_Negroponte/John_Negroponte_0003.jpg,0.9382732108473336,0
/home/anitadonato/tcc/tcc/data/lfw/lfw-funneled/Geoff_Hoon/Geoff_Hoon_0001.jpg,/home/anitadonato/tcc/tcc/data/lfw/lfw-funneled/Nia_Vardalos/Nia_Vardalos_0004.jpg,0.9100019948882224,0
/home/anitadonato/tcc/tcc/data/lfw/lfw-funneled/Bob_Graham/Bob_Graham_0002.jpg,/home/anitadonato/tcc/tcc/data/lfw/lfw-funneled/Nancy_Pelosi/Nancy_Pelosi_0004.jpg,0.8929350746636431,0
/home/anitadonato/tcc/tcc/data/lfw/lfw-funneled/George_Robertson/George_Robertson_0002.jpg,/home/anitadonato/tcc/tcc/data/lfw/lfw-funneled/Nancy_Pelosi/Nancy_Pelosi_0001.jpg,0.8482715609297815,0
/home/anitadonato/tcc/tcc/data/lfw/lfw-funneled/Erika_Harold/Erika_Harold_0003.jpg,/home/anitadonato/tcc/tcc/data/lfw/lfw-funneled/Elizabeth_Smart/Elizabeth_Smart_0002.jpg,0.6688308200723826,0
/home/anitadonato/tcc/tcc/data/lfw/lfw-funneled/Ai_Sugiyama/Ai_Sugiyama_0003.jpg,/home/anitadonato/tcc/tcc/data/lfw/lfw-funneled/Bulent_Ecevit/Bulent_Ecevit_0004.jpg,0.6978271331442727,0
/home/anitadonato/tcc/tcc/data/lfw/lfw-funneled/Luis_Horna/Luis_Horna_0004.jpg,/home/anitadonato/tcc/tcc/data/lfw/lfw-funneled/Ai_Sugiyama/Ai_Sugiyama_0004.jpg,0.8743701818143192,0
/home/anitadonato/tcc/tcc/data/lfw/lfw-funneled/Michael_Schumacher/Michael_Schumacher_0001.jpg,/home/anitadonato/tcc/tcc/data/lfw/lfw-funneled/Carlos_Moya/Carlos_Moya_0001.jpg,0.8314998060367653,0
/home/anitadonato/tcc/tcc/data/lfw/lfw-funneled/Benjamin_Netanyahu/Benjamin_Netanyahu_0002.jpg,/home/anitadonato/tcc/tcc/data/lfw/lfw-funneled/Cesar_Gaviria/Cesar_Gaviria_0005.jpg,0.7091561077561612,0
/home/anitadonato/tcc/tcc/data/lfw/lfw-funneled/Trent_Lott/Trent_Lott_0005.jpg,/home/anitadonato/tcc/tcc/data/lfw/lfw-funneled/Cameron_Diaz/Cameron_Diaz_0004.jpg,0.9416580811790206,0
/home/anitadonato/tcc/tcc/data/lfw/lfw-funneled/Sharon_Stone/Sharon_Stone_0003.jpg,/home/anitadonato/tcc/tcc/data/lfw/lfw-funneled/Princess_Caroline/Princess_Caroline_0002.jpg,0.7391495362637197,0
/home/anitadonato/tcc/tcc/data/lfw/lfw-funneled/John_Ashcroft/John_Ashcroft_0001.jpg,/home/anitadonato/tcc/tcc/data/lfw/lfw-funneled/Fujio_Cho/Fujio_Cho_0002.jpg,0.7453475779289909,0
/home/anitadonato/tcc/tcc/data/lfw/lfw-funneled/Silvan_Shalom/Silvan_Shalom_0005.jpg,/home/anitadonato/tcc/tcc/data/lfw/lfw-funneled/Jean-David_Levitte/Jean-David_Levitte_0004.jpg,0.7702664256616847,0
/home/anitadonato/tcc/tcc/data/lfw/lfw-funneled/Ana_Palacio/Ana_Palacio_0004.jpg,/home/anitadonato/tcc/tcc/data/lfw/lfw-funneled/Sharon_Stone/Sharon_Stone_0005.jpg,0.7826455718107471,0
/home/anitadonato/tcc/tcc/data/lfw/lfw-funneled/Ludivine_Sagnier/Ludivine_Sagnier_0005.jpg,/home/anitadonato/tcc/tcc/data/lfw/lfw-funneled/Heidi_Klum/Heidi_Klum_0005.jpg,0.8452240036218798,0
/home/anitadonato/tcc/tcc/data/lfw/lfw-funneled/Queen_Rania/Queen_Rania_0002.jpg,/home/anitadonato/tcc/tcc/data/lfw/lfw-funneled/Julie_Gerberding/Julie_Gerberding_0003.jpg,0.8525895409146809,0
/home/anitadonato/tcc/tcc/data/lfw/lfw-funneled/Queen_Rania/Queen_Rania_0004.jpg,/home/anitadonato/tcc/tcc/data/lfw/lfw-funneled/Silvio_Berlusconi/Silvio_Berlusconi_0002.jpg,0.9622018760420329,0
/home/anitadonato/tcc/tcc/data/lfw/lfw-funneled/Kalpana_Chawla/Kalpana_Chawla_0001.jpg,/home/anitadonato/tcc/tcc/data/lfw/lfw-funneled/Juan_Pablo_Montoya/Juan_Pablo_Montoya_0005.jpg,0.615435556312757,0
/home/anitadonato/tcc/tcc/data/lfw/lfw-funneled/Salma_Hayek/Salma_Hayek_0005.jpg,/home/anitadonato/tcc/tcc/data/lfw/lfw-funneled/Ana_Guevara/Ana_Guevara_0005.jpg,0.7525346947644695,0
/home/anitadonato/tcc/tcc/data/lfw/lfw-funneled/Antonio_Banderas/Antonio_Banderas_0001.jpg,/home/anitadonato/tcc/tcc/data/lfw/lfw-funneled/Carmen_Electra/Carmen_Electra_0004.jpg,0.974228406618273,0
/home/anitadonato/tcc/tcc/data/lfw/lfw-funneled/Kim_Dae-jung/Kim_Dae-jung_0004.jpg,/home/anitadonato/tcc/tcc/data/lfw/lfw-funneled/Yoko_Ono/Yoko_Ono_0003.jpg,0.551532736858694,0
/home/anitadonato/tcc/tcc/data/lfw/lfw-funneled/Eduardo_Duhalde/Eduardo_Duhalde_0001.jpg,/home/anitadonato/tcc/tcc/data/lfw/lfw-funneled/Gerhard_Schroeder/Gerhard_Schroeder_0003.jpg,0.7658331751224725,0
/home/anitadonato/tcc/tcc/data/lfw/lfw-funneled/Ana_Guevara/Ana_Guevara_0002.jpg,/home/anitadonato/tcc/tcc/data/lfw/lfw-funneled/Mike_Martz/Mike_Martz_0001.jpg,0.8224197259745368,0
/home/anitadonato/tcc/tcc/data/lfw/lfw-funneled/Jacques_Chirac/Jacques_Chirac_0003.jpg,/home/anitadonato/tcc/tcc/data/lfw/lfw-funneled/Condoleezza_Rice/Condoleezza_Rice_0002.jpg,1.0087489963864082,0
/home/anitadonato/tcc/tcc/data/lfw/lfw-funneled/Yoko_Ono/Yoko_Ono_0005.jpg,/home/anitadonato/tcc/tcc/data/lfw/lfw-funneled/Roy_Moore/Roy_Moore_0003.jpg,0.8022458905221602,0
/home/anitadonato/tcc/tcc/data/lfw/lfw-funneled/Maria_Soledad_Alvear_Valenzuela/Maria_Soledad_Alvear_Valenzuela_0004.jpg,/home/anitadonato/tcc/tcc/data/lfw/lfw-funneled/Woody_Allen/Woody_Allen_0004.jpg,0.7782273095633057,0
/home/anitadonato/tcc/tcc/data/lfw/lfw-funneled/Cruz_Bustamante/Cruz_Bustamante_0002.jpg,/home/anitadonato/tcc/tcc/data/lfw/lfw-funneled/John_Paul_II/John_Paul_II_0001.jpg,0.8217294774998075,0
/home/anitadonato/tcc/tcc/data/lfw/lfw-funneled/Julie_Gerberding/Julie_Gerberding_0004.jpg,/home/anitadonato/tcc/tcc/data/lfw/lfw-funneled/Princess_Caroline/Princess_Caroline_0001.jpg,0.6487293200793881,0
/home/anitadonato/tcc/tcc/data/lfw/lfw-funneled/Li_Peng/Li_Peng_0001.jpg,/home/anitadonato/tcc/tcc/data/lfw/lfw-funneled/Hal_Gehman/Hal_Gehman_0002.jpg,0.873157975365025,0
/home/anitadonato/tcc/tcc/data/lfw/lfw-funneled/Rudolph_Giuliani/Rudolph_Giuliani_0003.jpg,/home/anitadonato/tcc/tcc/data/lfw/lfw-funneled/Jiri_Novak/Jiri_Novak_0005.jpg,0.7543590222153896,0
/home/anitadonato/tcc/tcc/data/lfw/lfw-funneled/Jan_Ullrich/Jan_Ullrich_0004.jpg,/home/anitadonato/tcc/tcc/data/lfw/lfw-funneled/Grant_Hackett/Grant_Hackett_0003.jpg,0.7100814948548111,0
/home/anitadonato/tcc/tcc/data/lfw/lfw-funneled/Bulent_Ecevit/Bulent_Ecevit_0002.jpg,/home/anitadonato/tcc/tcc/data/lfw/lfw-funneled/Yasser_Arafat/Yasser_Arafat_0003.jpg,0.6641034950234314,0
/home/anitadonato/tcc/tcc/data/lfw/lfw-funneled/Lleyton_Hewitt/Lleyton_Hewitt_0001.jpg,/home/anitadonato/tcc/tcc/data/lfw/lfw-funneled/Michael_Powell/Michael_Powell_0003.jpg,0.7041242475980706,0
/home/anitadonato/tcc/tcc/data/lfw/lfw-funneled/Hugh_Grant/Hugh_Grant_0003.jpg,/home/anitadonato/tcc/tcc/data/lfw/lfw-funneled/Fujio_Cho/Fujio_Cho_0004.jpg,0.9098776064883626,0
/home/anitadonato/tcc/tcc/data/lfw/lfw-funneled/Juan_Carlos_Ferrero/Juan_Carlos_Ferrero_0004.jpg,/home/anitadonato/tcc/tcc/data/lfw/lfw-funneled/Jean_Chretien/Jean_Chretien_0004.jpg,0.7501279513712243,0
/home/anitadonato/tcc/tcc/data/lfw/lfw-funneled/Winona_Ryder/Winona_Ryder_0004.jpg,/home/anitadonato/tcc/tcc/data/lfw/lfw-funneled/Boris_Becker/Boris_Becker_0004.jpg,0.9639475117556285,0
/home/anitadonato/tcc/tcc/data/lfw/lfw-funneled/Zinedine_Zidane/Zinedine_Zidane_0003.jpg,/home/anitadonato/tcc/tcc/data/lfw/lfw-funneled/Tom_Harkin/Tom_Harkin_0001.jpg,0.811171397358253,0
/home/anitadonato/tcc/tcc/data/lfw/lfw-funneled/Trent_Lott/Trent_Lott_0001.jpg,/home/anitadonato/tcc/tcc/data/lfw/lfw-funneled/Rainer_Schuettler/Rainer_Schuettler_0004.jpg,0.7379470592793537,0
/home/anitadonato/tcc/tcc/data/lfw/lfw-funneled/Megawati_Sukarnoputri/Megawati_Sukarnoputri_0005.jpg,/home/anitadonato/tcc/tcc/data/lfw/lfw-funneled/John_Paul_II/John_Paul_II_0003.jpg,0.89697829983099,0
/home/anitadonato/tcc/tcc/data/lfw/lfw-funneled/Halle_Berry/Halle_Berry_0001.jpg,/home/anitadonato/tcc/tcc/data/lfw/lfw-funneled/Spencer_Abraham/Spencer_Abraham_0003.jpg,0.9037549343480749,0
/home/anitadonato/tcc/tcc/data/lfw/lfw-funneled/Tung_Chee-hwa/Tung_Chee-hwa_0003.jpg,/home/anitadonato/tcc/tcc/data/lfw/lfw-funneled/Li_Peng/Li_Peng_0004.jpg,0.6974339836847104,0
/home/anitadonato/tcc/tcc/data/lfw/lfw-funneled/Megawati_Sukarnoputri/Megawati_Sukarnoputri_0004.jpg,/home/anitadonato/tcc/tcc/data/lfw/lfw-funneled/Julie_Gerberding/Julie_Gerberding_0002.jpg,0.9751681962611422,0
/home/anitadonato/tcc/tcc/data/lfw/lfw-funneled/Martha_Stewart/Martha_Stewart_0003.jpg,/home/anitadonato/tcc/tcc/data/lfw/lfw-funneled/Susan_Sarandon/Susan_Sarandon_0004.jpg,0.7150919925558129,0
/home/anitadonato/tcc/tcc/data/lfw/lfw-funneled/Rudolph_Giuliani/Rudolph_Giuliani_0003.jpg,/home/anitadonato/tcc/tcc/data/lfw/lfw-funneled/Trent_Lott/Trent_Lott_0005.jpg,0.6904210189931617,0
/home/anitadonato/tcc/tcc/data/lfw/lfw-funneled/Lindsay_Davenport/Lindsay_Davenport_0001.jpg,/home/anitadonato/tcc/tcc/data/lfw/lfw-funneled/Sourav_Ganguly/Sourav_Ganguly_0001.jpg,0.8305421976034014,0
/home/anitadonato/tcc/tcc/data/lfw/lfw-funneled/Juan_Pablo_Montoya/Juan_Pablo_Montoya_0004.jpg,/home/anitadonato/tcc/tcc/data/lfw/lfw-funneled/Jean-David_Levitte/Jean-David_Levitte_0003.jpg,0.9527548079795246,0
/home/anitadonato/tcc/tcc/data/lfw/lfw-funneled/Colin_Montgomerie/Colin_Montgomerie_0002.jpg,/home/anitadonato/tcc/tcc/data/lfw/lfw-funneled/Gerhard_Schroeder/Gerhard_Schroeder_0001.jpg,0.6989132848631051,0
/home/anitadonato/tcc/tcc/data/lfw/lfw-funneled/Costas_Simitis/Costas_Simitis_0004.jpg,/home/anitadonato/tcc/tcc/data/lfw/lfw-funneled/Cameron_Diaz/Cameron_Diaz_0001.jpg,0.9182543245162091,0
/home/anitadonato/tcc/tcc/data/lfw/lfw-funneled/LeBron_James/LeBron_James_0002.jpg,/home/anitadonato/tcc/tcc/data/lfw/lfw-funneled/Ana_Guevara/Ana_Guevara_0003.jpg,0.8212633950807703,0
/home/anitadonato/tcc/tcc/data/lfw/lfw-funneled/Salma_Hayek/Salma_Hayek_0005.jpg,/home/anitadonato/tcc/tcc/data/lfw/lfw-funneled/Arminio_Fraga/Arminio_Fraga_0001.jpg,0.9385646286059058,0
/home/anitadonato/tcc/tcc/data/lfw/lfw-funneled/Megawati_Sukarnoputri/Megawati_Sukarnoputri_0004.jpg,/home/anitadonato/tcc/tcc/data/lfw/lfw-funneled/Jennifer_Lopez/Jennifer_Lopez_0003.jpg,0.6999067080254948,0
/home/anitadonato/tcc/tcc/data/lfw/lfw-funneled/Nancy_Pelosi/Nancy_Pelosi_0001.jpg,/home/anitadonato/tcc/tcc/data/lfw/lfw-funneled/Susan_Sarandon/Susan_Sarandon_0005.jpg,0.740323295597116,0
/home/anitadonato/tcc/tcc/data/lfw/lfw-funneled/Ai_Sugiyama/Ai_Sugiyama_0003.jpg,/home/anitadonato/tcc/tcc/data/lfw/lfw-funneled/John_Travolta/John_Travolta_0004.jpg,0.889449089092721,0
/home/anitadonato/tcc/tcc/data/lfw/lfw-funneled/Jiri_Novak/Jiri_Novak_0003.jpg,/home/anitadonato/tcc/tcc/data/lfw/lfw-funneled/Mohamed_ElBaradei/Mohamed_ElBaradei_0002.jpg,0.8305222856113202,0
/home/anitadonato/tcc/tcc/data/lfw/lfw-funneled/William_Ford_Jr/William_Ford_Jr_0002.jpg,/home/anitadonato/tcc/tcc/data/lfw/lfw-funneled/Geoff_Hoon/Geoff_Hoon_0004.jpg,0.7756635125852058,0
/home/anitadonato/tcc/tcc/data/lfw/lfw-funneled/Tom_Harkin/Tom_Harkin_0005.jpg,/home/anitadonato/tcc/tcc/data/lfw/lfw-funneled/George_Lopez/George_Lopez_0001.jpg,0.7791517623015983,0
/home/anitadonato/tcc/tcc/data/lfw/lfw-funneled/Roger_Federer/Roger_Federer_0003.jpg,/home/anitadonato/tcc/tcc/data/lfw/lfw-funneled/Princess_Caroline/Princess_Caroline_0004.jpg,0.8868399798045129,0
/home/anitadonato/tcc/tcc/data/lfw/lfw-funneled/Mike_Myers/Mike_Myers_0003.jpg,/home/anitadonato/tcc/tcc/data/lfw/lfw-funneled/JK_Rowling/JK_Rowling_0004.jpg,0.8872104169597326,0
/home/anitadonato/tcc/tcc/data/lfw/lfw-funneled/Hal_Gehman/Hal_Gehman_0002.jpg,/home/anitadonato/tcc/tcc/data/lfw/lfw-funneled/Fujio_Cho/Fujio_Cho_0001.jpg,0.8687492035880238,0
/home/anitadonato/tcc/tcc/data/lfw/lfw-funneled/Gonzalo_Sanchez_de_Lozada/Gonzalo_Sanchez_de_Lozada_0004.jpg,/home/anitadonato/tcc/tcc/data/lfw/lfw-funneled/Woody_Allen/Woody_Allen_0001.jpg,0.7361501379252054,0
/home/anitadonato/tcc/tcc/data/lfw/lfw-funneled/Amelie_Mauresmo/Amelie_Mauresmo_0003.jpg,/home/anitadonato/tcc/tcc/data/lfw/lfw-funneled/Erika_Harold/Erika_Harold_0001.jpg,0.8759650452478936,0
/home/anitadonato/tcc/tcc/data/lfw/lfw-funneled/Al_Sharpton/Al_Sharpton_0003.jpg,/home/anitadonato/tcc/tcc/data/lfw/lfw-funneled/Michelle_Yeoh/Michelle_Yeoh_0003.jpg,0.8862337501992288,0
/home/anitadonato/tcc/tcc/data/lfw/lfw-funneled/Tommy_Franks/Tommy_Franks_0002.jpg,/home/anitadonato/tcc/tcc/data/lfw/lfw-funneled/Gloria_Macapagal_Arroyo/Gloria_Macapagal_Arroyo_0003.jpg,0.8786572172408523,0
/home/anitadonato/tcc/tcc/data/lfw/lfw-funneled/Carlos_Menem/Carlos_Menem_0001.jpg,/home/anitadonato/tcc/tcc/data/lfw/lfw-funneled/Bill_Gates/Bill_Gates_0002.jpg,0.7829113659890581,0
/home/anitadonato/tcc/tcc/data/lfw/lfw-funneled/Ai_Sugiyama/Ai_Sugiyama_0004.jpg,/home/anitadonato/tcc/tcc/data/lfw/lfw-funneled/Renee_Zellweger/Renee_Zellweger_0001.jpg,0.7730306707046226,0
/home/anitadonato/tcc/tcc/data/lfw/lfw-funneled/Salma_Hayek/Salma_Hayek_0005.jpg,/home/anitadonato/tcc/tcc/data/lfw/lfw-funneled/Carmen_Electra/Carmen_Electra_0003.jpg,0.7129101940448136,0
/home/anitadonato/tcc/tcc/data/lfw/lfw-funneled/Paradorn_Srichaphan/Paradorn_Srichaphan_0002.jpg,/home/anitadonato/tcc/tcc/data/lfw/lfw-funneled/Carmen_Electra/Carmen_Electra_0005.jpg,0.9210263139674366,0
/home/anitadonato/tcc/tcc/data/lfw/lfw-funneled/Pedro_Malan/Pedro_Malan_0003.jpg,/home/anitadonato/tcc/tcc/data/lfw/lfw-funneled/Ana_Palacio/Ana_Palacio_0004.jpg,0.729174242650617,0
/home/anitadonato/tcc/tcc/data/lfw/lfw-funneled/Julie_Gerberding/Julie_Gerberding_0004.jpg,/home/anitadonato/tcc/tcc/data/lfw/lfw-funneled/Andre_Agassi/Andre_Agassi_0005.jpg,0.8210568671708073,0
/home/anitadonato/tcc/tcc/data/lfw/lfw-funneled/Fernando_Gonzalez/Fernando_Gonzalez_0004.jpg,/home/anitadonato/tcc/tcc/data/lfw/lfw-funneled/Kristanna_Loken/Kristanna_Loken_0005.jpg,0.8286660449129811,0
/home/anitadonato/tcc/tcc/data/lfw/lfw-funneled/Bob_Hope/Bob_Hope_0003.jpg,/home/anitadonato/tcc/tcc/data/lfw/lfw-funneled/LeBron_James/LeBron_James_0001.jpg,0.9021250466007499,0
/home/anitadonato/tcc/tcc/data/lfw/lfw-funneled/Gonzalo_Sanchez_de_Lozada/Gonzalo_Sanchez_de_Lozada_0005.jpg,/home/anitadonato/tcc/tcc/data/lfw/lfw-funneled/Paradorn_Srichaphan/Paradorn_Srichaphan_0003.jpg,0.8494611934731059,0
/home/anitadonato/tcc/tcc/data/lfw/lfw-funneled/LeBron_James/LeBron_James_0005.jpg,/home/anitadonato/tcc/tcc/data/lfw/lfw-funneled/Michael_Powell/Michael_Powell_0005.jpg,0.7856402419628304,0
/home/anitadonato/tcc/tcc/data/lfw/lfw-funneled/John_Paul_II/John_Paul_II_0002.jpg,/home/anitadonato/tcc/tcc/data/lfw/lfw-funneled/Kristanna_Loken/Kristanna_Loken_0004.jpg,0.9074815790436558,0
/home/anitadonato/tcc/tcc/data/lfw/lfw-funneled/Bob_Graham/Bob_Graham_0001.jpg,/home/anitadonato/tcc/tcc/data/lfw/lfw-funneled/Paul_Martin/Paul_Martin_0005.jpg,0.6794568191025885,0
/home/anitadonato/tcc/tcc/data/lfw/lfw-funneled/Jennifer_Lopez/Jennifer_Lopez_0002.jpg,/home/anitadonato/tcc/tcc/data/lfw/lfw-funneled/John_Ashcroft/John_Ashcroft_0002.jpg,0.8737013516182416,0
/home/anitadonato/tcc/tcc/data/lfw/lfw-funneled/Halle_Berry/Halle_Berry_0002.jpg,/home/anitadonato/tcc/tcc/data/lfw/lfw-funneled/John_Bolton/John_Bolton_0003.jpg,0.9963726104623261,0
/home/anitadonato/tcc/tcc/data/lfw/lfw-funneled/Tom_Harkin/Tom_Harkin_0001.jpg,/home/anitadonato/tcc/tcc/data/lfw/lfw-funneled/Britney_Spears/Britney_Spears_0003.jpg,0.9284249318557588,0
/home/anitadonato/tcc/tcc/data/lfw/lfw-funneled/Pervez_Musharraf/Pervez_Musharraf_0005.jpg,/home/anitadonato/tcc/tcc/data/lfw/lfw-funneled/Abdullah_Gul/Abdullah_Gul_0003.jpg,0.8236250143775998,0
/home/anitadonato/tcc/tcc/data/lfw/lfw-funneled/LeBron_James/LeBron_James_0003.jpg,/home/anitadonato/tcc/tcc/data/lfw/lfw-funneled/John_Manley/John_Manley_0005.jpg,0.7923320579425532,0
/home/anitadonato/tcc/tcc/data/lfw/lfw-funneled/John_Snow/John_Snow_0005.jpg,/home/anitadonato/tcc/tcc/data/lfw/lfw-funneled/Amelia_Vega/Amelia_Vega_0002.jpg,0.9800427536191669,0
/home/anitadonato/tcc/tcc/data/lfw/lfw-funneled/Paul_ONeill/Paul_ONeill_0002.jpg,/home/anitadonato/tcc/tcc/data/lfw/lfw-funneled/Condoleezza_Rice/Condoleezza_Rice_0002.jpg,0.899488988545655,0
/home/anitadonato/tcc/tcc/data/lfw/lfw-funneled/Kurt_Warner/Kurt_Warner_0005.jpg,/home/anitadonato/tcc/tcc/data/lfw/lfw-funneled/Nicanor_Duarte_Frutos/Nicanor_Duarte_Frutos_0003.jpg,0.7937223005208002,0
/home/anitadonato/tcc/tcc/data/lfw/lfw-funneled/Tom_Cruise/Tom_Cruise_0001.jpg,/home/anitadonato/tcc/tcc/data/lfw/lfw-funneled/Rudolph_Giuliani/Rudolph_Giuliani_0001.jpg,0.9156685843786546,0
/home/anitadonato/tcc/tcc/data/lfw/lfw-funneled/Yoko_Ono/Yoko_Ono_0005.jpg,/home/anitadonato/tcc/tcc/data/lfw/lfw-funneled/Maria_Soledad_Alvear_Valenzuela/Maria_Soledad_Alvear_Valenzuela_0003.jpg,0.7204784425350292,0
/home/anitadonato/tcc/tcc/data/lfw/lfw-funneled/Mohamed_ElBaradei/Mohamed_ElBaradei_0005.jpg,/home/anitadonato/tcc/tcc/data/lfw/lfw-funneled/Liza_Minnelli/Liza_Minnelli_0004.jpg,0.9572453579513837,0
/home/anitadonato/tcc/tcc/data/lfw/lfw-funneled/Valery_Giscard_dEstaing/Valery_Giscard_dEstaing_0001.jpg,/home/anitadonato/tcc/tcc/data/lfw/lfw-funneled/Jean-David_Levitte/Jean-David_Levitte_0004.jpg,0.7208574766732434,0
/home/anitadonato/tcc/tcc/data/lfw/lfw-funneled/John_Manley/John_Manley_0003.jpg,/home/anitadonato/tcc/tcc/data/lfw/lfw-funneled/Grant_Hackett/Grant_Hackett_0003.jpg,0.7246406110660942,0
/home/anitadonato/tcc/tcc/data/lfw/lfw-funneled/Sheryl_Crow/Sheryl_Crow_0004.jpg,/home/anitadonato/tcc/tcc/data/lfw/lfw-funneled/John_Allen_Muhammad/John_Allen_Muhammad_0003.jpg,0.9849628170363685,0
/home/anitadonato/tcc/tcc/data/lfw/lfw-funneled/Vanessa_Redgrave/Vanessa_Redgrave_0001.jpg,/home/anitadonato/tcc/tcc/data/lfw/lfw-funneled/Bob_Hope/Bob_Hope_0002.jpg,0.7051082592010882,0
/home/anitadonato/tcc/tcc/data/lfw/lfw-funneled/Clara_Harris/Clara_Harris_0004.jpg,/home/anitadonato/tcc/tcc/data/lfw/lfw-funneled/Nia_Vardalos/Nia_Vardalos_0004.jpg,0.8313291010844562,0
/home/anitadonato/tcc/tcc/data/lfw/lfw-funneled/Ann_Veneman/Ann_Veneman_0005.jpg,/home/anitadonato/tcc/tcc/data/lfw/lfw-funneled/David_Trimble/David_Trimble_0002.jpg,0.8048204750472451,0
/home/anitadonato/tcc/tcc/data/lfw/lfw-funneled/Jiri_Novak/Jiri_Novak_0003.jpg,/home/anitadonato/tcc/tcc/data/lfw/lfw-funneled/Julie_Gerberding/Julie_Gerberding_0003.jpg,0.7994811802182185,0
/home/anitadonato/tcc/tcc/data/lfw/lfw-funneled/Juan_Carlos_Ferrero/Juan_Carlos_Ferrero_0003.jpg,/home/anitadonato/tcc/tcc/data/lfw/lfw-funneled/Paul_Burrell/Paul_Burrell_0005.jpg,0.7861604671727628,0
/home/anitadonato/tcc/tcc/data/lfw/lfw-funneled/Roh_Moo-hyun/Roh_Moo-hyun_0003.jpg,/home/anitadonato/tcc/tcc/data/lfw/lfw-funneled/Robert_De_Niro/Robert_De_Niro_0002.jpg,0.8453137662271466,0
/home/anitadonato/tcc/tcc/data/lfw/lfw-funneled/Paradorn_Srichaphan/Paradorn_Srichaphan_0003.jpg,/home/anitadonato/tcc/tcc/data/lfw/lfw-funneled/Fujio_Cho/Fujio_Cho_0004.jpg,0.6701502808360723,0
/home/anitadonato/tcc/tcc/data/lfw/lfw-funneled/Norm_Coleman/Norm_Coleman_0001.jpg,/home/anitadonato/tcc/tcc/data/lfw/lfw-funneled/Costas_Simitis/Costas_Simitis_0001.jpg,0.7405032575413483,0
/home/anitadonato/tcc/tcc/data/lfw/lfw-funneled/Tom_Crean/Tom_Crean_0005.jpg,/home/anitadonato/tcc/tcc/data/lfw/lfw-funneled/Arminio_Fraga/Arminio_Fraga_0004.jpg,0.8267309372665376,0
/home/anitadonato/tcc/tcc/data/lfw/lfw-funneled/Norm_Coleman/Norm_Coleman_0003.jpg,/home/anitadonato/tcc/tcc/data/lfw/lfw-funneled/Tommy_Franks/Tommy_Franks_0005.jpg,0.6849633997038805,0
/home/anitadonato/tcc/tcc/data/lfw/lfw-funneled/Andre_Agassi/Andre_Agassi_0002.jpg,/home/anitadonato/tcc/tcc/data/lfw/lfw-funneled/Jiri_Novak/Jiri_Novak_0002.jpg,0.8017525599275976,0
/home/anitadonato/tcc/tcc/data/lfw/lfw-funneled/David_Anderson/David_Anderson_0001.jpg,/home/anitadonato/tcc/tcc/data/lfw/lfw-funneled/Mark_Hurlbert/Mark_Hurlbert_0001.jpg,0.7978745319807636,0
/home/anitadonato/tcc/tcc/data/lfw/lfw-funneled/Walter_Mondale/Walter_Mondale_0004.jpg,/home/anitadonato/tcc/tcc/data/lfw/lfw-funneled/Antonio_Banderas/Antonio_Banderas_0002.jpg,0.8572851603680292,0
/home/anitadonato/tcc/tcc/data/lfw/lfw-funneled/Cesar_Gaviria/Cesar_Gaviria_0003.jpg,/home/anitadonato/tcc/tcc/data/lfw/lfw-funneled/Russell_Simmons/Russell_Simmons_0001.jpg,0.8136042053594572,0
/home/anitadonato/tcc/tcc/data/lfw/lfw-funneled/Mohammed_Al-Douri/Mohammed_Al-Douri_0004.jpg,/home/anitadonato/tcc/tcc/data/lfw/lfw-funneled/Britney_Spears/Britney_Spears_0005.jpg,0.9437267392448371,0
/home/anitadonato/tcc/tcc/data/lfw/lfw-funneled/Paul_McCartney/Paul_McCartney_0004.jpg,/home/anitadonato/tcc/tcc/data/lfw/lfw-funneled/Michael_Chiklis/Michael_Chiklis_0003.jpg,0.7024514676828484,0
/home/anitadonato/tcc/tcc/data/lfw/lfw-funneled/Ludivine_Sagnier/Ludivine_Sagnier_0001.jpg,/home/anitadonato/tcc/tcc/data/lfw/lfw-funneled/Alvaro_Uribe/Alvaro_Uribe_0004.jpg,0.8193602314783581,0
/home/anitadonato/tcc/tcc/data/lfw/lfw-funneled/Hillary_Clinton/Hillary_Clinton_0003.jpg,/home/anitadonato/tcc/tcc/data/lfw/lfw-funneled/Roger_Federer/Roger_Federer_0004.jpg,0.8711034610891952,0
/home/anitadonato/tcc/tcc/data/lfw/lfw-funneled/Hans_Blix/Hans_Blix_0004.jpg,/home/anitadonato/tcc/tcc/data/lfw/lfw-funneled/Yoko_Ono/Yoko_Ono_0001.jpg,0.8095475084175013,0
/home/anitadonato/tcc/tcc/data/lfw/lfw-funneled/Zhu_Rongji/Zhu_Rongji_0002.jpg,/home/anitadonato/tcc/tcc/data/lfw/lfw-funneled/Roh_Moo-hyun/Roh_Moo-hyun_0003.jpg,0.5887064799718958,0
/home/anitadonato/tcc/tcc/data/lfw/lfw-funneled/Carmen_Electra/Carmen_Electra_0001.jpg,/home/anitadonato/tcc/tcc/data/lfw/lfw-funneled/Thabo_Mbeki/Thabo_Mbeki_0004.jpg,1.0805555519538874,0
/home/anitadonato/tcc/tcc/data/lfw/lfw-funneled/Antonio_Banderas/Antonio_Banderas_0005.jpg,/home/anitadonato/tcc/tcc/data/lfw/lfw-funneled/Gonzalo_Sanchez_de_Lozada/Gonzalo_Sanchez_de_Lozada_0003.jpg,0.7213757253330116,0
/home/anitadonato/tcc/tcc/data/lfw/lfw-funneled/Nicanor_Duarte_Frutos/Nicanor_Duarte_Frutos_0005.jpg,/home/anitadonato/tcc/tcc/data/lfw/lfw-funneled/Amelie_Mauresmo/Amelie_Mauresmo_0001.jpg,0.8267148217302774,0
/home/anitadonato/tcc/tcc/data/lfw/lfw-funneled/LeBron_James/LeBron_James_0004.jpg,/home/anitadonato/tcc/tcc/data/lfw/lfw-funneled/Natalie_Coughlin/Natalie_Coughlin_0003.jpg,0.8922702607275553,0
/home/anitadonato/tcc/tcc/data/lfw/lfw-funneled/Winona_Ryder/Winona_Ryder_0003.jpg,/home/anitadonato/tcc/tcc/data/lfw/lfw-funneled/Steve_Lavin/Steve_Lavin_0002.jpg,1.0853010564606946,0
/home/anitadonato/tcc/tcc/data/lfw/lfw-funneled/Pervez_Musharraf/Pervez_Musharraf_0005.jpg,/home/anitadonato/tcc/tcc/data/lfw/lfw-funneled/Megawati_Sukarnoputri/Megawati_Sukarnoputri_0004.jpg,0.8187503781388338,0
/home/anitadonato/tcc/tcc/data/lfw/lfw-funneled/Bob_Graham/Bob_Graham_0001.jpg,/home/anitadonato/tcc/tcc/data/lfw/lfw-funneled/Rudolph_Giuliani/Rudolph_Giuliani_0001.jpg,0.8188141009506898,0
/home/anitadonato/tcc/tcc/data/lfw/lfw-funneled/Ai_Sugiyama/Ai_Sugiyama_0003.jpg,/home/anitadonato/tcc/tcc/data/lfw/lfw-funneled/Gloria_Macapagal_Arroyo/Gloria_Macapagal_Arroyo_0004.jpg,0.5918090791405805,0
/home/anitadonato/tcc/tcc/data/lfw/lfw-funneled/Tom_Harkin/Tom_Harkin_0002.jpg,/home/anitadonato/tcc/tcc/data/lfw/lfw-funneled/Vanessa_Redgrave/Vanessa_Redgrave_0005.jpg,0.8988427406069565,0
/home/anitadonato/tcc/tcc/data/lfw/lfw-funneled/Colin_Montgomerie/Colin_Montgomerie_0003.jpg,/home/anitadonato/tcc/tcc/data/lfw/lfw-funneled/Ai_Sugiyama/Ai_Sugiyama_0005.jpg,0.861684698439453,0
/home/anitadonato/tcc/tcc/data/lfw/lfw-funneled/Erika_Harold/Erika_Harold_0004.jpg,/home/anitadonato/tcc/tcc/data/lfw/lfw-funneled/Colin_Powell/Colin_Powell_0005.jpg,0.9020479488050794,0
/home/anitadonato/tcc/tcc/data/lfw/lfw-funneled/Antonio_Banderas/Antonio_Banderas_0005.jpg,/home/anitadonato/tcc/tcc/data/lfw/lfw-funneled/Carlos_Menem/Carlos_Menem_0004.jpg,0.6317321269279128,0
/home/anitadonato/tcc/tcc/data/lfw/lfw-funneled/John_Bolton/John_Bolton_0003.jpg,/home/anitadonato/tcc/tcc/data/lfw/lfw-funneled/Tom_Cruise/Tom_Cruise_0004.jpg,0.8549309224531333,0
/home/anitadonato/tcc/tcc/data/lfw/lfw-funneled/Heidi_Klum/Heidi_Klum_0003.jpg,/home/anitadonato/tcc/tcc/data/lfw/lfw-funneled/Zinedine_Zidane/Zinedine_Zidane_0001.jpg,0.9189363675017014,0
/home/anitadonato/tcc/tcc/data/lfw/lfw-funneled/Nia_Vardalos/Nia_Vardalos_0003.jpg,/home/anitadonato/tcc/tcc/data/lfw/lfw-funneled/Russell_Simmons/Russell_Simmons_0001.jpg,1.0351353960238014,0
/home/anitadonato/tcc/tcc/data/lfw/lfw-funneled/Martin_Scorsese/Martin_Scorsese_0003.jpg,/home/anitadonato/tcc/tcc/data/lfw/lfw-funneled/Pamela_Anderson/Pamela_Anderson_0005.jpg,0.867394634774146,0
/home/anitadonato/tcc/tcc/data/lfw/lfw-funneled/Kofi_Annan/Kofi_Annan_0001.jpg,/home/anitadonato/tcc/tcc/data/lfw/lfw-funneled/Muhammad_Saeed_al-Sahhaf/Muhammad_Saeed_al-Sahhaf_0005.jpg,0.8992589892707825,0
/home/anitadonato/tcc/tcc/data/lfw/lfw-funneled/Joseph_Biden/Joseph_Biden_0005.jpg,/home/anitadonato/tcc/tcc/data/lfw/lfw-funneled/Jennifer_Capriati/Jennifer_Capriati_0005.jpg,0.8608308814754515,0
/home/anitadonato/tcc/tcc/data/lfw/lfw-funneled/Princess_Caroline/Princess_Caroline_0002.jpg,/home/anitadonato/tcc/tcc/data/lfw/lfw-funneled/Jean-Pierre_Raffarin/Jean-Pierre_Raffarin_0002.jpg,0.9853017405145899,0
/home/anitadonato/tcc/tcc/data/lfw/lfw-funneled/Thaksin_Shinawatra/Thaksin_Shinawatra_0001.jpg,/home/anitadonato/tcc/tcc/data/lfw/lfw-funneled/Silvio_Berlusconi/Silvio_Berlusconi_0002.jpg,0.8261692446500054,0
/home/anitadonato/tcc/tcc/data/lfw/lfw-funneled/Heidi_Klum/Heidi_Klum_0003.jpg,/home/anitadonato/tcc/tcc/data/lfw/lfw-funneled/Clara_Harris/Clara_Harris_0004.jpg,0.7821328077366756,0
/home/anitadonato/tcc/tcc/data/lfw/lfw-funneled/Wayne_Ferreira/Wayne_Ferreira_0002.jpg,/home/anitadonato/tcc/tcc/data/lfw/lfw-funneled/Fernando_Gonzalez/Fernando_Gonzalez_0004.jpg,0.9176661391806086,0
/home/anitadonato/tcc/tcc/data/lfw/lfw-funneled/Bob_Graham/Bob_Graham_0005.jpg,/home/anitadonato/tcc/tcc/data/lfw/lfw-funneled/Princess_Caroline/Princess_Caroline_0004.jpg,0.8642278656631751,0
/home/anitadonato/tcc/tcc/data/lfw/lfw-funneled/Natalie_Maines/Natalie_Maines_0001.jpg,/home/anitadonato/tcc/tcc/data/lfw/lfw-funneled/Trent_Lott/Trent_Lott_0002.jpg,0.9620291678390717,0
/home/anitadonato/tcc/tcc/data/lfw/lfw-funneled/Tom_Harkin/Tom_Harkin_0005.jpg,/home/anitadonato/tcc/tcc/data/lfw/lfw-funneled/Liza_Minnelli/Liza_Minnelli_0003.jpg,0.9007160266126663,0
/home/anitadonato/tcc/tcc/data/lfw/lfw-funneled/Tung_Chee-hwa/Tung_Chee-hwa_0005.jpg,/home/anitadonato/tcc/tcc/data/lfw/lfw-funneled/Joseph_Biden/Joseph_Biden_0004.jpg,0.7582808825193794,0
/home/anitadonato/tcc/tcc/data/lfw/lfw-funneled/Jiri_Novak/Jiri_Novak_0004.jpg,/home/anitadonato/tcc/tcc/data/lfw/lfw-funneled/Woody_Allen/Woody_Allen_0005.jpg,0.7986860497137277,0
/home/anitadonato/tcc/tcc/data/lfw/lfw-funneled/David_Trimble/David_Trimble_0003.jpg,/home/anitadonato/tcc/tcc/data/lfw/lfw-funneled/Grant_Hackett/Grant_Hackett_0003.jpg,0.8599013001089266,0
/home/anitadonato/tcc/tcc/data/lfw/lfw-funneled/JK_Rowling/JK_Rowling_0002.jpg,/home/anitadonato/tcc/tcc/data/lfw/lfw-funneled/Sheryl_Crow/Sheryl_Crow_0002.jpg,0.8319285532515691,0
/home/anitadonato/tcc/tcc/data/lfw/lfw-funneled/Victoria_Clarke/Victoria_Clarke_0003.jpg,/home/anitadonato/tcc/tcc/data/lfw/lfw-funneled/Steve_Lavin/Steve_Lavin_0002.jpg,0.9638773986996662,0
/home/anitadonato/tcc/tcc/data/lfw/lfw-funneled/Richard_Gephardt/Richard_Gephardt_0003.jpg,/home/anitadonato/tcc/tcc/data/lfw/lfw-funneled/Jacques_Chirac/Jacques_Chirac_0002.jpg,0.6985216516278052,0
/home/anitadonato/tcc/tcc/data/lfw/lfw-funneled/Martha_Stewart/Martha_Stewart_0004.jpg,/home/anitadonato/tcc/tcc/data/lfw/lfw-funneled/Angelina_Jolie/Angelina_Jolie_0003.jpg,0.8081711131640547,0
/home/anitadonato/tcc/tcc/data/lfw/lfw-funneled/Joseph_Biden/Joseph_Biden_0005.jpg,/home/anitadonato/tcc/tcc/data/lfw/lfw-funneled/Yashwant_Sinha/Yashwant_Sinha_0003.jpg,0.8275239065646788,0
/home/anitadonato/tcc/tcc/data/lfw/lfw-funneled/Thabo_Mbeki/Thabo_Mbeki_0005.jpg,/home/anitadonato/tcc/tcc/data/lfw/lfw-funneled/Fujio_Cho/Fujio_Cho_0005.jpg,0.7526023374625019,0
/home/anitadonato/tcc/tcc/data/lfw/lfw-funneled/Jean-Pierre_Raffarin/Jean-Pierre_Raffarin_0003.jpg,/home/anitadonato/tcc/tcc/data/lfw/lfw-funneled/Jan_Ullrich/Jan_Ullrich_0002.jpg,0.9332635214000587,0
/home/anitadonato/tcc/tcc/data/lfw/lfw-funneled/Tom_Crean/Tom_Crean_0003.jpg,/home/anitadonato/tcc/tcc/data/lfw/lfw-funneled/Rudolph_Giuliani/Rudolph_Giuliani_0001.jpg,0.8144029875278892,0
/home/anitadonato/tcc/tcc/data/lfw/lfw-funneled/Mike_Martz/Mike_Martz_0003.jpg,/home/anitadonato/tcc/tcc/data/lfw/lfw-funneled/Susan_Sarandon/Susan_Sarandon_0004.jpg,0.8989610316862937,0
/home/anitadonato/tcc/tcc/data/lfw/lfw-funneled/Mike_Myers/Mike_Myers_0005.jpg,/home/anitadonato/tcc/tcc/data/lfw/lfw-funneled/Hal_Gehman/Hal_Gehman_0003.jpg,0.8595367965487225,0
/home/anitadonato/tcc/tcc/data/lfw/lfw-funneled/Robert_De_Niro/Robert_De_Niro_0005.jpg,/home/anitadonato/tcc/tcc/data/lfw/lfw-funneled/Michael_Schumacher/Michael_Schumacher_0002.jpg,0.7957281373857493,0
/home/anitadonato/tcc/tcc/data/lfw/lfw-funneled/John_Allen_Muhammad/John_Allen_Muhammad_0005.jpg,/home/anitadonato/tcc/tcc/data/lfw/lfw-funneled/Mohammed_Al-Douri/Mohammed_Al-Douri_0002.jpg,0.711622513825177,0
/home/anitadonato/tcc/tcc/data/lfw/lfw-funneled/Jean-David_Levitte/Jean-David_Levitte_0001.jpg,/home/anitadonato/tcc/tcc/data/lfw/lfw-funneled/Ian_Thorpe/Ian_Thorpe_0001.jpg,0.8114638744859118,0
/home/anitadonato/tcc/tcc/data/lfw/lfw-funneled/Fernando_Gonzalez/Fernando_Gonzalez_0004.jpg,/home/anitadonato/tcc/tcc/data/lfw/lfw-funneled/Bernard_Law/Bernard_Law_0001.jpg,0.7582042285022021,0
/home/anitadonato/tcc/tcc/data/lfw/lfw-funneled/Amelie_Mauresmo/Amelie_Mauresmo_0002.jpg,/home/anitadonato/tcc/tcc/data/lfw/lfw-funneled/Jacques_Chirac/Jacques_Chirac_0001.jpg,0.8359240088046631,0
/home/anitadonato/tcc/tcc/data/lfw/lfw-funneled/Al_Sharpton/Al_Sharpton_0004.jpg,/home/anitadonato/tcc/tcc/data/lfw/lfw-funneled/Tommy_Franks/Tommy_Franks_0004.jpg,0.8105932891090742,0
/home/anitadonato/tcc/tcc/data/lfw/lfw-funneled/Joseph_Biden/Joseph_Biden_0002.jpg,/home/anitadonato/tcc/tcc/data/lfw/lfw-funneled/Mohamed_ElBaradei/Mohamed_ElBaradei_0003.jpg,0.6988628184249978,0
/home/anitadonato/tcc/tcc/data/lfw/lfw-funneled/Halle_Berry/Halle_Berry_0001.jpg,/home/anitadonato/tcc/tcc/data/lfw/lfw-funneled/Thabo_Mbeki/Thabo_Mbeki_0001.jpg,0.8008637462702374,0
/home/anitadonato/tcc/tcc/data/lfw/lfw-funneled/Mohamed_ElBaradei/Mohamed_ElBaradei_0002.jpg,/home/anitadonato/tcc/tcc/data/lfw/lfw-funneled/Silvio_Berlusconi/Silvio_Berlusconi_0005.jpg,0.7352126380732671,0
/home/anitadonato/tcc/tcc/data/lfw/lfw-funneled/Robert_Zoellick/Robert_Zoellick_0001.jpg,/home/anitadonato/tcc/tcc/data/lfw/lfw-funneled/Rob_Marshall/Rob_Marshall_0002.jpg,0.8843079723332468,0
/home/anitadonato/tcc/tcc/data/lfw/lfw-funneled/Nia_Vardalos/Nia_Vardalos_0001.jpg,/home/anitadonato/tcc/tcc/data/lfw/lfw-funneled/Vladimir_Putin/Vladimir_Putin_0004.jpg,0.9420745571676841,0
/home/anitadonato/tcc/tcc/data/lfw/lfw-funneled/Meryl_Streep/Meryl_Streep_0003.jpg,/home/anitadonato/tcc/tcc/data/lfw/lfw-funneled/Boris_Becker/Boris_Becker_0001.jpg,0.8546548882619516,0
/home/anitadonato/tcc/tcc/data/lfw/lfw-funneled/Alvaro_Uribe/Alvaro_Uribe_0005.jpg,/home/anitadonato/tcc/tcc/data/lfw/lfw-funneled/Richard_Gephardt/Richard_Gephardt_0005.jpg,0.9416716261144378,0
/home/anitadonato/tcc/tcc/data/lfw/lfw-funneled/Robert_De_Niro/Robert_De_Niro_0003.jpg,/home/anitadonato/tcc/tcc/data/lfw/lfw-funneled/Peter_Struck/Peter_Struck_0004.jpg,0.7937659130186988,0
/home/anitadonato/tcc/tcc/data/lfw/lfw-funneled/Maria_Soledad_Alvear_Valenzuela/Maria_Soledad_Alvear_Valenzuela_0005.jpg,/home/anitadonato/tcc/tcc/data/lfw/lfw-funneled/Grant_Hackett/Grant_Hackett_0004.jpg,0.9680751100926089,0
/home/anitadonato/tcc/tcc/data/lfw/lfw-funneled/Hillary_Clinton/Hillary_Clinton_0004.jpg,/home/anitadonato/tcc/tcc/data/lfw/lfw-funneled/Antonio_Banderas/Antonio_Banderas_0003.jpg,0.9781951868894792,0
/home/anitadonato/tcc/tcc/data/lfw/lfw-funneled/Jeremy_Greenstock/Jeremy_Greenstock_0003.jpg,/home/anitadonato/tcc/tcc/data/lfw/lfw-funneled/Sharon_Stone/Sharon_Stone_0002.jpg,0.9039442235218956,0
/home/anitadonato/tcc/tcc/data/lfw/lfw-funneled/John_Stockton/John_Stockton_0003.jpg,/home/anitadonato/tcc/tcc/data/lfw/lfw-funneled/Mike_Weir/Mike_Weir_0002.jpg,0.7075537853384284,0
/home/anitadonato/tcc/tcc/data/lfw/lfw-funneled/Tiger_Woods/Tiger_Woods_0003.jpg,/home/anitadonato/tcc/tcc/data/lfw/lfw-funneled/Natalie_Maines/Natalie_Maines_0003.jpg,1.0546219463541313,0
/home/anitadonato/tcc/tcc/data/lfw/lfw-funneled/Zhu_Rongji/Zhu_Rongji_0002.jpg,/home/anitadonato/tcc/tcc/data/lfw/lfw-funneled/Michael_Chiklis/Michael_Chiklis_0002.jpg,0.8854124183001433,0
/home/anitadonato/tcc/tcc/data/lfw/lfw-funneled/JK_Rowling/JK_Rowling_0004.jpg,/home/anitadonato/tcc/tcc/data/lfw/lfw-funneled/Jean-David_Levitte/Jean-David_Levitte_0004.jpg,0.9208571528703594,0
/home/anitadonato/tcc/tcc/data/lfw/lfw-funneled/Colin_Montgomerie/Colin_Montgomerie_0001.jpg,/home/anitadonato/tcc/tcc/data/lfw/lfw-funneled/Robert_Blake/Robert_Blake_0004.jpg,0.8846962685699808,0
/home/anitadonato/tcc/tcc/data/lfw/lfw-funneled/Juan_Pablo_Montoya/Juan_Pablo_Montoya_0002.jpg,/home/anitadonato/tcc/tcc/data/lfw/lfw-funneled/Natalie_Coughlin/Natalie_Coughlin_0002.jpg,0.8939449928366879,0
/home/anitadonato/tcc/tcc/data/lfw/lfw-funneled/Joseph_Biden/Joseph_Biden_0002.jpg,/home/anitadonato/tcc/tcc/data/lfw/lfw-funneled/Halle_Berry/Halle_Berry_0001.jpg,0.9577513253875807,0
/home/anitadonato/tcc/tcc/data/lfw/lfw-funneled/Anna_Kournikova/Anna_Kournikova_0002.jpg,/home/anitadonato/tcc/tcc/data/lfw/lfw-funneled/Arminio_Fraga/Arminio_Fraga_0004.jpg,0.8929693915201242,0
/home/anitadonato/tcc/tcc/data/lfw/lfw-funneled/Yasser_Arafat/Yasser_Arafat_0003.jpg,/home/anitadonato/tcc/tcc/data/lfw/lfw-funneled/George_HW_Bush/George_HW_Bush_0003.jpg,0.7656619927080595,0
/home/anitadonato/tcc/tcc/data/lfw/lfw-funneled/Russell_Simmons/Russell_Simmons_0005.jpg,/home/anitadonato/tcc/tcc/data/lfw/lfw-funneled/Rob_Marshall/Rob_Marshall_0001.jpg,0.9560136456978944,0
/home/anitadonato/tcc/tcc/data/lfw/lfw-funneled/Anna_Kournikova/Anna_Kournikova_0003.jpg,/home/anitadonato/tcc/tcc/data/lfw/lfw-funneled/Paul_McCartney/Paul_McCartney_0002.jpg,0.843400656259778,0
/home/anitadonato/tcc/tcc/data/lfw/lfw-funneled/Kevin_Costner/Kevin_Costner_0001.jpg,/home/anitadonato/tcc/tcc/data/lfw/lfw-funneled/Kalpana_Chawla/Kalpana_Chawla_0004.jpg,0.9089865874018365,0
/home/anitadonato/tcc/tcc/data/lfw/lfw-funneled/David_Anderson/David_Anderson_0004.jpg,/home/anitadonato/tcc/tcc/data/lfw/lfw-funneled/Tommy_Franks/Tommy_Franks_0005.jpg,0.7037208255564171,0
/home/anitadonato/tcc/tcc/data/lfw/lfw-funneled/Angelina_Jolie/Angelina_Jolie_0003.jpg,/home/anitadonato/tcc/tcc/data/lfw/lfw-funneled/Jacques_Chirac/Jacques_Chirac_0001.jpg,1.0377051313725645,0
/home/anitadonato/tcc/tcc/data/lfw/lfw-funneled/Jean-David_Levitte/Jean-David_Levitte_0003.jpg,/home/anitadonato/tcc/tcc/data/lfw/lfw-funneled/Li_Peng/Li_Peng_0005.jpg,0.7549779827415096,0
/home/anitadonato/tcc/tcc/data/lfw/lfw-funneled/John_Negroponte/John_Negroponte_0004.jpg,/home/anitadonato/tcc/tcc/data/lfw/lfw-funneled/Hillary_Clinton/Hillary_Clinton_0002.jpg,0.9924867203342113,0
/home/anitadonato/tcc/tcc/data/lfw/lfw-funneled/Vanessa_Redgrave/Vanessa_Redgrave_0005.jpg,/home/anitadonato/tcc/tcc/data/lfw/lfw-funneled/Gerhard_Schroeder/Gerhard_Schroeder_0003.jpg,0.8680134211282239,0
/home/anitadonato/tcc/tcc/data/lfw/lfw-funneled/Nia_Vardalos/Nia_Vardalos_0005.jpg,/home/anitadonato/tcc/tcc/data/lfw/lfw-funneled/Angela_Merkel/Angela_Merkel_0004.jpg,0.6452594849523736,0
/home/anitadonato/tcc/tcc/data/lfw/lfw-funneled/Bill_McBride/Bill_McBride_0002.jpg,/home/anitadonato/tcc/tcc/data/lfw/lfw-funneled/Ludivine_Sagnier/Ludivine_Sagnier_0002.jpg,0.8842756985184916,0
/home/anitadonato/tcc/tcc/data/lfw/lfw-funneled/Amelie_Mauresmo/Amelie_Mauresmo_0005.jpg,/home/anitadonato/tcc/tcc/data/lfw/lfw-funneled/Bill_McBride/Bill_McBride_0001.jpg,0.7621361008782709,0
/home/anitadonato/tcc/tcc/data/lfw/lfw-funneled/Atal_Bihari_Vajpayee/Atal_Bihari_Vajpayee_0005.jpg,/home/anitadonato/tcc/tcc/data/lfw/lfw-funneled/Xavier_Malisse/Xavier_Malisse_0003.jpg,0.8749670662251781,0
/home/anitadonato/tcc/tcc/data/lfw/lfw-funneled/Frank_Solich/Frank_Solich_0001.jpg,/home/anitadonato/tcc/tcc/data/lfw/lfw-funneled/Tom_Cruise/Tom_Cruise_0001.jpg,0.7478707628398699,0
/home/anitadonato/tcc/tcc/data/lfw/lfw-funneled/Al_Sharpton/Al_Sharpton_0002.jpg,/home/anitadonato/tcc/tcc/data/lfw/lfw-funneled/Antonio_Banderas/Antonio_Banderas_0005.jpg,0.8288251376506015,0
/home/anitadonato/tcc/tcc/data/lfw/lfw-funneled/Ludivine_Sagnier/Ludivine_Sagnier_0002.jpg,/home/anitadonato/tcc/tcc/data/lfw/lfw-funneled/Wayne_Ferreira/Wayne_Ferreira_0003.jpg,0.8289808234833038,0
/home/anitadonato/tcc/tcc/data/lfw/lfw-funneled/Tom_Daschle/Tom_Daschle_0001.jpg,/home/anitadonato/tcc/tcc/data/lfw/lfw-funneled/Susan_Sarandon/Susan_Sarandon_0002.jpg,0.9284067828652516,0
/home/anitadonato/tcc/tcc/data/lfw/lfw-funneled/Julie_Gerberding/Julie_Gerberding_0004.jpg,/home/anitadonato/tcc/tcc/data/lfw/lfw-funneled/Russell_Simmons/Russell_Simmons_0001.jpg,0.9910325970509348,0
/home/anitadonato/tcc/tcc/data/lfw/lfw-funneled/Carlos_Menem/Carlos_Menem_0001.jpg,/home/anitadonato/tcc/tcc/data/lfw/lfw-funneled/Xavier_Malisse/Xavier_Malisse_0004.jpg,0.83886392513365,0
/home/anitadonato/tcc/tcc/data/lfw/lfw-funneled/Tom_Cruise/Tom_Cruise_0005.jpg,/home/anitadonato/tcc/tcc/data/lfw/lfw-funneled/Paul_Martin/Paul_Martin_0004.jpg,0.7229675613084465,0
/home/anitadonato/tcc/tcc/data/lfw/lfw-funneled/Michael_Chiklis/Michael_Chiklis_0001.jpg,/home/anitadonato/tcc/tcc/data/lfw/lfw-funneled/David_Anderson/David_Anderson_0004.jpg,0.8943363470761764,0
/home/anitadonato/tcc/tcc/data/lfw/lfw-funneled/Benjamin_Netanyahu/Benjamin_Netanyahu_0002.jpg,/home/anitadonato/tcc/tcc/data/lfw/lfw-funneled/Richard_Myers/Richard_Myers_0005.jpg,0.6320287210639199,0
/home/anitadonato/tcc/tcc/data/lfw/lfw-funneled/Bob_Hope/Bob_Hope_0004.jpg,/home/anitadonato/tcc/tcc/data/lfw/lfw-funneled/Yoko_Ono/Yoko_Ono_0003.jpg,0.8454874639623836,0
/home/anitadonato/tcc/tcc/data/lfw/lfw-funneled/Angela_Merkel/Angela_Merkel_0005.jpg,/home/anitadonato/tcc/tcc/data/lfw/lfw-funneled/Ana_Palacio/Ana_Palacio_0001.jpg,0.6485683789194987,0
/home/anitadonato/tcc/tcc/data/lfw/lfw-funneled/Ana_Guevara/Ana_Guevara_0001.jpg,/home/anitadonato/tcc/tcc/data/lfw/lfw-funneled/Kim_Dae-jung/Kim_Dae-jung_0003.jpg,0.9014471984670952,0
/home/anitadonato/tcc/tcc/data/lfw/lfw-funneled/Ben_Affleck/Ben_Affleck_0002.jpg,/home/anitadonato/tcc/tcc/data/lfw/lfw-funneled/John_Paul_II/John_Paul_II_0004.jpg,0.7340721745606515,0
/home/anitadonato/tcc/tcc/data/lfw/lfw-funneled/Nancy_Pelosi/Nancy_Pelosi_0004.jpg,/home/anitadonato/tcc/tcc/data/lfw/lfw-funneled/Jean-Pierre_Raffarin/Jean-Pierre_Raffarin_0004.jpg,0.9585403045111859,0
/home/anitadonato/tcc/tcc/data/lfw/lfw-funneled/Tony_Blair/Tony_Blair_0005.jpg,/home/anitadonato/tcc/tcc/data/lfw/lfw-funneled/George_Robertson/George_Robertson_0002.jpg,0.8328871689848031,0
/home/anitadonato/tcc/tcc/data/lfw/lfw-funneled/Paul_McCartney/Paul_McCartney_0001.jpg,/home/anitadonato/tcc/tcc/data/lfw/lfw-funneled/Yashwant_Sinha/Yashwant_Sinha_0002.jpg,0.8083723813668358,0
/home/anitadonato/tcc/tcc/data/lfw/lfw-funneled/Ludivine_Sagnier/Ludivine_Sagnier_0005.jpg,/home/anitadonato/tcc/tcc/data/lfw/lfw-funneled/Walter_Mondale/Walter_Mondale_0002.jpg,0.7754026783523433,0
/home/anitadonato/tcc/tcc/data/lfw/lfw-funneled/Trent_Lott/Trent_Lott_0001.jpg,/home/anitadonato/tcc/tcc/data/lfw/lfw-funneled/Bill_Gates/Bill_Gates_0001.jpg,0.776339713209807,0
/home/anitadonato/tcc/tcc/data/lfw/lfw-funneled/Richard_Gephardt/Richard_Gephardt_0005.jpg,/home/anitadonato/tcc/tcc/data/lfw/lfw-funneled/Habib_Rizieq/Habib_Rizieq_0004.jpg,0.8237262599858564,0
/home/anitadonato/tcc/tcc/data/lfw/lfw-funneled/John_Snow/John_Snow_0002.jpg,/home/anitadonato/tcc/tcc/data/lfw/lfw-funneled/Jean-Pierre_Raffarin/Jean-Pierre_Raffarin_0002.jpg,0.7107418234160467,0
/home/anitadonato/tcc/tcc/data/lfw/lfw-funneled/Mike_Weir/Mike_Weir_0002.jpg,/home/anitadonato/tcc/tcc/data/lfw/lfw-funneled/Mike_Martz/Mike_Martz_0003.jpg,0.7944299680565902,0
/home/anitadonato/tcc/tcc/data/lfw/lfw-funneled/Joe_Lieberman/Joe_Lieberman_0001.jpg,/home/anitadonato/tcc/tcc/data/lfw/lfw-funneled/Rob_Marshall/Rob_Marshall_0001.jpg,0.8807185111612149,0
/home/anitadonato/tcc/tcc/data/lfw/lfw-funneled/Tung_Chee-hwa/Tung_Chee-hwa_0005.jpg,/home/anitadonato/tcc/tcc/data/lfw/lfw-funneled/Silvan_Shalom/Silvan_Shalom_0001.jpg,0.9124382093999588,0
/home/anitadonato/tcc/tcc/data/lfw/lfw-funneled/Queen_Rania/Queen_Rania_0001.jpg,/home/anitadonato/tcc/tcc/data/lfw/lfw-funneled/Ann_Veneman/Ann_Veneman_0001.jpg,0.923911195136595,0
/home/anitadonato/tcc/tcc/data/lfw/lfw-funneled/Martin_Scorsese/Martin_Scorsese_0004.jpg,/home/anitadonato/tcc/tcc/data/lfw/lfw-funneled/Thaksin_Shinawatra/Thaksin_Shinawatra_0005.jpg,0.8294622427503725,0
/home/anitadonato/tcc/tcc/data/lfw/lfw-funneled/Michael_Chiklis/Michael_Chiklis_0001.jpg,/home/anitadonato/tcc/tcc/data/lfw/lfw-funneled/Angelina_Jolie/Angelina_Jolie_0002.jpg,0.8843713835561274,0
/home/anitadonato/tcc/tcc/data/lfw/lfw-funneled/Robert_Zoellick/Robert_Zoellick_0004.jpg,/home/anitadonato/tcc/tcc/data/lfw/lfw-funneled/Yoko_Ono/Yoko_Ono_0004.jpg,0.8733333138155545,0
/home/anitadonato/tcc/tcc/data/lfw/lfw-funneled/Ian_Thorpe/Ian_Thorpe_0002.jpg,/home/anitadonato/tcc/tcc/data/lfw/lfw-funneled/Michelle_Yeoh/Michelle_Yeoh_0001.jpg,0.8821244446653126,0
/home/anitadonato/tcc/tcc/data/lfw/lfw-funneled/Ai_Sugiyama/Ai_Sugiyama_0003.jpg,/home/anitadonato/tcc/tcc/data/lfw/lfw-funneled/Bob_Graham/Bob_Graham_0002.jpg,0.7966326317392739,0
/home/anitadonato/tcc/tcc/data/lfw/lfw-funneled/John_Stockton/John_Stockton_0003.jpg,/home/anitadonato/tcc/tcc/data/lfw/lfw-funneled/Kofi_Annan/Kofi_Annan_0005.jpg,0.9417885972748223,0
/home/anitadonato/tcc/tcc/data/lfw/lfw-funneled/Denzel_Washington/Denzel_Washington_0003.jpg,/home/anitadonato/tcc/tcc/data/lfw/lfw-funneled/Jacques_Chirac/Jacques_Chirac_0002.jpg,0.868901227210072,0
/home/anitadonato/tcc/tcc/data/lfw/lfw-funneled/John_Ashcroft/John_Ashcroft_0005.jpg,/home/anitadonato/tcc/tcc/data/lfw/lfw-funneled/Costas_Simitis/Costas_Simitis_0002.jpg,0.6297826037940484,0
/home/anitadonato/tcc/tcc/data/lfw/lfw-funneled/Fernando_Gonzalez/Fernando_Gonzalez_0003.jpg,/home/anitadonato/tcc/tcc/data/lfw/lfw-funneled/Richard_Gephardt/Richard_Gephardt_0001.jpg,0.8462451513717499,0
/home/anitadonato/tcc/tcc/data/lfw/lfw-funneled/Steve_Lavin/Steve_Lavin_0002.jpg,/home/anitadonato/tcc/tcc/data/lfw/lfw-funneled/Paul_ONeill/Paul_ONeill_0004.jpg,0.8812569033079932,0
/home/anitadonato/tcc/tcc/data/lfw/lfw-funneled/Steve_Lavin/Steve_Lavin_0001.jpg,/home/anitadonato/tcc/tcc/data/lfw/lfw-funneled/Meryl_Streep/Meryl_Streep_0003.jpg,0.8680065715886939,0
/home/anitadonato/tcc/tcc/data/lfw/lfw-funneled/Maria_Soledad_Alvear_Valenzuela/Maria_Soledad_Alvear_Valenzuela_0004.jpg,/home/anitadonato/tcc/tcc/data/lfw/lfw-funneled/Juan_Pablo_Montoya/Juan_Pablo_Montoya_0005.jpg,0.8654137332068331,0
/home/anitadonato/tcc/tcc/data/lfw/lfw-funneled/Erika_Harold/Erika_Harold_0004.jpg,/home/anitadonato/tcc/tcc/data/lfw/lfw-funneled/Luis_Horna/Luis_Horna_0004.jpg,0.7630347226867515,0
/home/anitadonato/tcc/tcc/data/lfw/lfw-funneled/Wayne_Ferreira/Wayne_Ferreira_0004.jpg,/home/anitadonato/tcc/tcc/data/lfw/lfw-funneled/Richard_Gephardt/Richard_Gephardt_0002.jpg,0.6574094075706093,0
/home/anitadonato/tcc/tcc/data/lfw/lfw-funneled/Bill_McBride/Bill_McBride_0004.jpg,/home/anitadonato/tcc/tcc/data/lfw/lfw-funneled/Ludivine_Sagnier/Ludivine_Sagnier_0002.jpg,0.8474406130328423,0
/home/anitadonato/tcc/tcc/data/lfw/lfw-funneled/Bill_Gates/Bill_Gates_0002.jpg,/home/anitadonato/tcc/tcc/data/lfw/lfw-funneled/Richard_Gephardt/Richard_Gephardt_0004.jpg,0.7354331941960541,0
/home/anitadonato/tcc/tcc/data/lfw/lfw-funneled/Paul_Martin/Paul_Martin_0004.jpg,/home/anitadonato/tcc/tcc/data/lfw/lfw-funneled/Roh_Moo-hyun/Roh_Moo-hyun_0004.jpg,0.9071602167496644,0
/home/anitadonato/tcc/tcc/data/lfw/lfw-funneled/Steve_Lavin/Steve_Lavin_0002.jpg,/home/anitadonato/tcc/tcc/data/lfw/lfw-funneled/John_Travolta/John_Travolta_0004.jpg,0.801673531871378,0
/home/anitadonato/tcc/tcc/data/lfw/lfw-funneled/John_Allen_Muhammad/John_Allen_Muhammad_0002.jpg,/home/anitadonato/tcc/tcc/data/lfw/lfw-funneled/Benjamin_Netanyahu/Benjamin_Netanyahu_0003.jpg,0.8628168775974219,0
/home/anitadonato/tcc/tcc/data/lfw/lfw-funneled/Alejandro_Toledo/Alejandro_Toledo_0004.jpg,/home/anitadonato/tcc/tcc/data/lfw/lfw-funneled/George_Robertson/George_Robertson_0003.jpg,0.7066814065698205,0
/home/anitadonato/tcc/tcc/data/lfw/lfw-funneled/Amelia_Vega/Amelia_Vega_0002.jpg,/home/anitadonato/tcc/tcc/data/lfw/lfw-funneled/Ludivine_Sagnier/Ludivine_Sagnier_0001.jpg,0.8491660541165651,0
/home/anitadonato/tcc/tcc/data/lfw/lfw-funneled/George_HW_Bush/George_HW_Bush_0005.jpg,/home/anitadonato/tcc/tcc/data/lfw/lfw-funneled/Tony_Blair/Tony_Blair_0005.jpg,0.6584829527583042,0
/home/anitadonato/tcc/tcc/data/lfw/lfw-funneled/Rudolph_Giuliani/Rudolph_Giuliani_0002.jpg,/home/anitadonato/tcc/tcc/data/lfw/lfw-funneled/Bob_Hope/Bob_Hope_0005.jpg,0.782937626603854,0
/home/anitadonato/tcc/tcc/data/lfw/lfw-funneled/Rob_Marshall/Rob_Marshall_0005.jpg,/home/anitadonato/tcc/tcc/data/lfw/lfw-funneled/Juan_Pablo_Montoya/Juan_Pablo_Montoya_0002.jpg,0.7344069334076594,0
/home/anitadonato/tcc/tcc/data/lfw/lfw-funneled/Joseph_Biden/Joseph_Biden_0003.jpg,/home/anitadonato/tcc/tcc/data/lfw/lfw-funneled/Liza_Minnelli/Liza_Minnelli_0003.jpg,0.9382588487877525,0
/home/anitadonato/tcc/tcc/data/lfw/lfw-funneled/Tiger_Woods/Tiger_Woods_0002.jpg,/home/anitadonato/tcc/tcc/data/lfw/lfw-funneled/Mike_Myers/Mike_Myers_0001.jpg,0.8329534997003688,0
/home/anitadonato/tcc/tcc/data/lfw/lfw-funneled/Gerhard_Schroeder/Gerhard_Schroeder_0004.jpg,/home/anitadonato/tcc/tcc/data/lfw/lfw-funneled/Bill_McBride/Bill_McBride_0002.jpg,0.5864490601024805,0
/home/anitadonato/tcc/tcc/data/lfw/lfw-funneled/Queen_Rania/Queen_Rania_0003.jpg,/home/anitadonato/tcc/tcc/data/lfw/lfw-funneled/Carmen_Electra/Carmen_Electra_0003.jpg,0.840746562433598,0
/home/anitadonato/tcc/tcc/data/lfw/lfw-funneled/Jean-Pierre_Raffarin/Jean-Pierre_Raffarin_0005.jpg,/home/anitadonato/tcc/tcc/data/lfw/lfw-funneled/Paradorn_Srichaphan/Paradorn_Srichaphan_0003.jpg,0.8658722240903425,0
/home/anitadonato/tcc/tcc/data/lfw/lfw-funneled/David_Anderson/David_Anderson_0003.jpg,/home/anitadonato/tcc/tcc/data/lfw/lfw-funneled/Anna_Kournikova/Anna_Kournikova_0005.jpg,0.8392248359714927,0
/home/anitadonato/tcc/tcc/data/lfw/lfw-funneled/Mark_Hurlbert/Mark_Hurlbert_0001.jpg,/home/anitadonato/tcc/tcc/data/lfw/lfw-funneled/Paradorn_Srichaphan/Paradorn_Srichaphan_0004.jpg,0.9272404327925224,0
/home/anitadonato/tcc/tcc/data/lfw/lfw-funneled/Charlton_Heston/Charlton_Heston_0002.jpg,/home/anitadonato/tcc/tcc/data/lfw/lfw-funneled/Erika_Harold/Erika_Harold_0003.jpg,0.9563157228531469,0
/home/anitadonato/tcc/tcc/data/lfw/lfw-funneled/Jiri_Novak/Jiri_Novak_0001.jpg,/home/anitadonato/tcc/tcc/data/lfw/lfw-funneled/Fernando_Gonzalez/Fernando_Gonzalez_0005.jpg,0.6907492116179752,0
/home/anitadonato/tcc/tcc/data/lfw/lfw-funneled/John_Negroponte/John_Negroponte_0002.jpg,/home/anitadonato/tcc/tcc/data/lfw/lfw-funneled/Robert_Zoellick/Robert_Zoellick_0001.jpg,0.8862118846005594,0
/home/anitadonato/tcc/tcc/data/lfw/lfw-funneled/Anna_Kournikova/Anna_Kournikova_0005.jpg,/home/anitadonato/tcc/tcc/data/lfw/lfw-funneled/Carmen_Electra/Carmen_Electra_0005.jpg,0.7847295524050273,0
/home/anitadonato/tcc/tcc/data/lfw/lfw-funneled/Andre_Agassi/Andre_Agassi_0003.jpg,/home/anitadonato/tcc/tcc/data/lfw/lfw-funneled/Nia_Vardalos/Nia_Vardalos_0002.jpg,0.8468338022090699,0
/home/anitadonato/tcc/tcc/data/lfw/lfw-funneled/Pervez_Musharraf/Pervez_Musharraf_0002.jpg,/home/anitadonato/tcc/tcc/data/lfw/lfw-funneled/Bernard_Law/Bernard_Law_0004.jpg,0.7972313397230751,0
/home/anitadonato/tcc/tcc/data/lfw/lfw-funneled/Zhu_Rongji/Zhu_Rongji_0004.jpg,/home/anitadonato/tcc/tcc/data/lfw/lfw-funneled/John_Allen_Muhammad/John_Allen_Muhammad_0005.jpg,0.8807902448768692,0
/home/anitadonato/tcc/tcc/data/lfw/lfw-funneled/Paul_McCartney/Paul_McCartney_0003.jpg,/home/anitadonato/tcc/tcc/data/lfw/lfw-funneled/Maria_Shriver/Maria_Shriver_0003.jpg,0.8309719165684175,0
/home/anitadonato/tcc/tcc/data/lfw/lfw-funneled/Sylvester_Stallone/Sylvester_Stallone_0004.jpg,/home/anitadonato/tcc/tcc/data/lfw/lfw-funneled/Christine_Baumgartner/Christine_Baumgartner_0004.jpg,0.8378506836146324,0
/home/anitadonato/tcc/tcc/data/lfw/lfw-funneled/Jennifer_Capriati/Jennifer_Capriati_0003.jpg,/home/anitadonato/tcc/tcc/data/lfw/lfw-funneled/John_Stockton/John_Stockton_0002.jpg,0.828327104040678,0
/home/anitadonato/tcc/tcc/data/lfw/lfw-funneled/Ai_Sugiyama/Ai_Sugiyama_0005.jpg,/home/anitadonato/tcc/tcc/data/lfw/lfw-funneled/Andre_Agassi/Andre_Agassi_0004.jpg,0.8911215434305384,0
/home/anitadonato/tcc/tcc/data/lfw/lfw-funneled/Boris_Becker/Boris_Becker_0001.jpg,/home/anitadonato/tcc/tcc/data/lfw/lfw-funneled/Michelle_Yeoh/Michelle_Yeoh_0005.jpg,0.8700467798690827,0
/home/anitadonato/tcc/tcc/data/lfw/lfw-funneled/Thaksin_Shinawatra/Thaksin_Shinawatra_0001.jpg,/home/anitadonato/tcc/tcc/data/lfw/lfw-funneled/Frank_Solich/Frank_Solich_0001.jpg,1.0077757419163995,0
/home/anitadonato/tcc/tcc/data/lfw/lfw-funneled/Fernando_Gonzalez/Fernando_Gonzalez_0002.jpg,/home/anitadonato/tcc/tcc/data/lfw/lfw-funneled/Ai_Sugiyama/Ai_Sugiyama_0001.jpg,0.9938113846488,0
/home/anitadonato/tcc/tcc/data/lfw/lfw-funneled/John_Bolton/John_Bolton_0001.jpg,/home/anitadonato/tcc/tcc/data/lfw/lfw-funneled/Wayne_Ferreira/Wayne_Ferreira_0002.jpg,0.7980782330065315,0
/home/anitadonato/tcc/tcc/data/lfw/lfw-funneled/Antonio_Banderas/Antonio_Banderas_0003.jpg,/home/anitadonato/tcc/tcc/data/lfw/lfw-funneled/Vanessa_Redgrave/Vanessa_Redgrave_0001.jpg,0.9034452628794057,0
/home/anitadonato/tcc/tcc/data/lfw/lfw-funneled/Valery_Giscard_dEstaing/Valery_Giscard_dEstaing_0005.jpg,/home/anitadonato/tcc/tcc/data/lfw/lfw-funneled/Jean-David_Levitte/Jean-David_Levitte_0004.jpg,0.7303599772440575,0
/home/anitadonato/tcc/tcc/data/lfw/lfw-funneled/Kurt_Warner/Kurt_Warner_0001.jpg,/home/anitadonato/tcc/tcc/data/lfw/lfw-funneled/Richard_Gere/Richard_Gere_0001.jpg,0.7346865004862917,0
/home/anitadonato/tcc/tcc/data/lfw/lfw-funneled/John_Snow/John_Snow_0004.jpg,/home/anitadonato/tcc/tcc/data/lfw/lfw-funneled/Carmen_Electra/Carmen_Electra_0001.jpg,0.9106050821775598,0
/home/anitadonato/tcc/tcc/data/lfw/lfw-funneled/Heidi_Klum/Heidi_Klum_0003.jpg,/home/anitadonato/tcc/tcc/data/lfw/lfw-funneled/John_Travolta/John_Travolta_0005.jpg,0.8923925930669928,0
/home/anitadonato/tcc/tcc/data/lfw/lfw-funneled/Thabo_Mbeki/Thabo_Mbeki_0005.jpg,/home/anitadonato/tcc/tcc/data/lfw/lfw-funneled/Heidi_Klum/Heidi_Klum_0004.jpg,0.9855725275333128,0
/home/anitadonato/tcc/tcc/data/lfw/lfw-funneled/Vladimir_Putin/Vladimir_Putin_0001.jpg,/home/anitadonato/tcc/tcc/data/lfw/lfw-funneled/Robert_De_Niro/Robert_De_Niro_0005.jpg,0.6777547883225137,0
/home/anitadonato/tcc/tcc/data/lfw/lfw-funneled/Wayne_Ferreira/Wayne_Ferreira_0002.jpg,/home/anitadonato/tcc/tcc/data/lfw/lfw-funneled/Queen_Rania/Queen_Rania_0005.jpg,0.925986701946598,0
/home/anitadonato/tcc/tcc/data/lfw/lfw-funneled/Atal_Bihari_Vajpayee/Atal_Bihari_Vajpayee_0003.jpg,/home/anitadonato/tcc/tcc/data/lfw/lfw-funneled/Eduardo_Duhalde/Eduardo_Duhalde_0003.jpg,0.6721736048314719,0
/home/anitadonato/tcc/tcc/data/lfw/lfw-funneled/Jan_Ullrich/Jan_Ullrich_0003.jpg,/home/anitadonato/tcc/tcc/data/lfw/lfw-funneled/George_Robertson/George_Robertson_0004.jpg,0.8434442796044683,0
/home/anitadonato/tcc/tcc/data/lfw/lfw-funneled/Mike_Weir/Mike_Weir_0002.jpg,/home/anitadonato/tcc/tcc/data/lfw/lfw-funneled/Tom_Cruise/Tom_Cruise_0002.jpg,0.7802088378703932,0
/home/anitadonato/tcc/tcc/data/lfw/lfw-funneled/Richard_Gephardt/Richard_Gephardt_0001.jpg,/home/anitadonato/tcc/tcc/data/lfw/lfw-funneled/Maria_Shriver/Maria_Shriver_0001.jpg,0.8696482559526955,0
/home/anitadonato/tcc/tcc/data/lfw/lfw-funneled/Amelia_Vega/Amelia_Vega_0004.jpg,/home/anitadonato/tcc/tcc/data/lfw/lfw-funneled/Hamid_Karzai/Hamid_Karzai_0004.jpg,0.8713021600276762,0
/home/anitadonato/tcc/tcc/data/lfw/lfw-funneled/Carmen_Electra/Carmen_Electra_0001.jpg,/home/anitadonato/tcc/tcc/data/lfw/lfw-funneled/Pamela_Anderson/Pamela_Anderson_0001.jpg,0.7260979609277827,0
/home/anitadonato/tcc/tcc/data/lfw/lfw-funneled/Angela_Merkel/Angela_Merkel_0001.jpg,/home/anitadonato/tcc/tcc/data/lfw/lfw-funneled/Jennifer_Capriati/Jennifer_Capriati_0004.jpg,0.8491657743230578,0
/home/anitadonato/tcc/tcc/data/lfw/lfw-funneled/Lindsay_Davenport/Lindsay_Davenport_0003.jpg,/home/anitadonato/tcc/tcc/data/lfw/lfw-funneled/Alejandro_Toledo/Alejandro_Toledo_0005.jpg,0.8311550327584564,0
/home/anitadonato/tcc/tcc/data/lfw/lfw-funneled/Natalie_Coughlin/Natalie_Coughlin_0001.jpg,/home/anitadonato/tcc/tcc/data/lfw/lfw-funneled/John_Travolta/John_Travolta_0002.jpg,0.8701998920800764,0
/home/anitadonato/tcc/tcc/data/lfw/lfw-funneled/Mike_Myers/Mike_Myers_0005.jpg,/home/anitadonato/tcc/tcc/data/lfw/lfw-funneled/Hosni_Mubarak/Hosni_Mubarak_0004.jpg,0.7834553707703484,0
/home/anitadonato/tcc/tcc/data/lfw/lfw-funneled/Hugh_Grant/Hugh_Grant_0001.jpg,/home/anitadonato/tcc/tcc/data/lfw/lfw-funneled/Yoko_Ono/Yoko_Ono_0003.jpg,0.8888535969693611,0
/home/anitadonato/tcc/tcc/data/lfw/lfw-funneled/Grant_Hackett/Grant_Hackett_0001.jpg,/home/anitadonato/tcc/tcc/data/lfw/lfw-funneled/Tom_Cruise/Tom_Cruise_0002.jpg,0.7274580269577056,0
/home/anitadonato/tcc/tcc/data/lfw/lfw-funneled/Jiri_Novak/Jiri_Novak_0002.jpg,/home/anitadonato/tcc/tcc/data/lfw/lfw-funneled/Heidi_Klum/Heidi_Klum_0005.jpg,0.8609336363158022,0
/home/anitadonato/tcc/tcc/data/lfw/lfw-funneled/Costas_Simitis/Costas_Simitis_0004.jpg,/home/anitadonato/tcc/tcc/data/lfw/lfw-funneled/Yasser_Arafat/Yasser_Arafat_0001.jpg,0.7028816913547955,0
/home/anitadonato/tcc/tcc/data/lfw/lfw-funneled/Richard_Gephardt/Richard_Gephardt_0005.jpg,/home/anitadonato/tcc/tcc/data/lfw/lfw-funneled/Colin_Powell/Colin_Powell_0002.jpg,0.6547144016798583,0
/home/anitadonato/tcc/tcc/data/lfw/lfw-funneled/Zhu_Rongji/Zhu_Rongji_0005.jpg,/home/anitadonato/tcc/tcc/data/lfw/lfw-funneled/George_Lopez/George_Lopez_0003.jpg,0.7254660169588945,0
/home/anitadonato/tcc/tcc/data/lfw/lfw-funneled/Arminio_Fraga/Arminio_Fraga_0002.jpg,/home/anitadonato/tcc/tcc/data/lfw/lfw-funneled/Bill_McBride/Bill_McBride_0001.jpg,0.8483896252825771,0
/home/anitadonato/tcc/tcc/data/lfw/lfw-funneled/Bob_Graham/Bob_Graham_0003.jpg,/home/anitadonato/tcc/tcc/data/lfw/lfw-funneled/Jean_Chretien/Jean_Chretien_0001.jpg,0.6839574799558803,0
/home/anitadonato/tcc/tcc/data/lfw/lfw-funneled/Elizabeth_Smart/Elizabeth_Smart_0002.jpg,/home/anitadonato/tcc/tcc/data/lfw/lfw-funneled/Lindsay_Davenport/Lindsay_Davenport_0001.jpg,0.713402444016321,0
/home/anitadonato/tcc/tcc/data/lfw/lfw-funneled/David_Trimble/David_Trimble_0005.jpg,/home/anitadonato/tcc/tcc/data/lfw/lfw-funneled/Megawati_Sukarnoputri/Megawati_Sukarnoputri_0005.jpg,0.9421655038623996,0
/home/anitadonato/tcc/tcc/data/lfw/lfw-funneled/Jan_Ullrich/Jan_Ullrich_0003.jpg,/home/anitadonato/tcc/tcc/data/lfw/lfw-funneled/Princess_Caroline/Princess_Caroline_0001.jpg,0.7053094436388213,0
/home/anitadonato/tcc/tcc/data/lfw/lfw-funneled/Abdullah_Gul/Abdullah_Gul_0004.jpg,/home/anitadonato/tcc/tcc/data/lfw/lfw-funneled/Hugh_Grant/Hugh_Grant_0004.jpg,0.8670547696452225,0
/home/anitadonato/tcc/tcc/data/lfw/lfw-funneled/Muhammad_Saeed_al-Sahhaf/Muhammad_Saeed_al-Sahhaf_0005.jpg,/home/anitadonato/tcc/tcc/data/lfw/lfw-funneled/Lleyton_Hewitt/Lleyton_Hewitt_0004.jpg,0.7897527002584431,0
/home/anitadonato/tcc/tcc/data/lfw/lfw-funneled/Jose_Maria_Aznar/Jose_Maria_Aznar_0005.jpg,/home/anitadonato/tcc/tcc/data/lfw/lfw-funneled/Boris_Becker/Boris_Becker_0004.jpg,0.8366309718205877,0
/home/anitadonato/tcc/tcc/data/lfw/lfw-funneled/Matthew_Perry/Matthew_Perry_0005.jpg,/home/anitadonato/tcc/tcc/data/lfw/lfw-funneled/Jacques_Chirac/Jacques_Chirac_0003.jpg,0.8551893823692532,0
/home/anitadonato/tcc/tcc/data/lfw/lfw-funneled/Norm_Coleman/Norm_Coleman_0001.jpg,/home/anitadonato/tcc/tcc/data/lfw/lfw-funneled/Gloria_Macapagal_Arroyo/Gloria_Macapagal_Arroyo_0001.jpg,0.8080499074020809,0
/home/anitadonato/tcc/tcc/data/lfw/lfw-funneled/George_HW_Bush/George_HW_Bush_0004.jpg,/home/anitadonato/tcc/tcc/data/lfw/lfw-funneled/Jennifer_Lopez/Jennifer_Lopez_0002.jpg,0.9370699752666312,0
/home/anitadonato/tcc/tcc/data/lfw/lfw-funneled/Robert_Zoellick/Robert_Zoellick_0003.jpg,/home/anitadonato/tcc/tcc/data/lfw/lfw-funneled/George_Lopez/George_Lopez_0003.jpg,0.8603175325506045,0
/home/anitadonato/tcc/tcc/data/lfw/lfw-funneled/Robert_De_Niro/Robert_De_Niro_0001.jpg,/home/anitadonato/tcc/tcc/data/lfw/lfw-funneled/Amelia_Vega/Amelia_Vega_0003.jpg,0.8951241080619045,0
/home/anitadonato/tcc/tcc/data/lfw/lfw-funneled/Susan_Sarandon/Susan_Sarandon_0003.jpg,/home/anitadonato/tcc/tcc/data/lfw/lfw-funneled/Salma_Hayek/Salma_Hayek_0001.jpg,0.7835761315059304,0
/home/anitadonato/tcc/tcc/data/lfw/lfw-funneled/Paul_Burrell/Paul_Burrell_0002.jpg,/home/anitadonato/tcc/tcc/data/lfw/lfw-funneled/Pedro_Malan/Pedro_Malan_0004.jpg,0.7591264138867473,0
/home/anitadonato/tcc/tcc/data/lfw/lfw-funneled/Xavier_Malisse/Xavier_Malisse_0005.jpg,/home/anitadonato/tcc/tcc/data/lfw/lfw-funneled/Steve_Lavin/Steve_Lavin_0005.jpg,0.7613457344889861,0
/home/anitadonato/tcc/tcc/data/lfw/lfw-funneled/Ben_Affleck/Ben_Affleck_0001.jpg,/home/anitadonato/tcc/tcc/data/lfw/lfw-funneled/Spencer_Abraham/Spencer_Abraham_0001.jpg,0.8009491408206338,0
/home/anitadonato/tcc/tcc/data/lfw/lfw-funneled/Roy_Moore/Roy_Moore_0001.jpg,/home/anitadonato/tcc/tcc/data/lfw/lfw-funneled/Carmen_Electra/Carmen_Electra_0005.jpg,1.0630986593129452,0
/home/anitadonato/tcc/tcc/data/lfw/lfw-funneled/Denzel_Washington/Denzel_Washington_0004.jpg,/home/anitadonato/tcc/tcc/data/lfw/lfw-funneled/Robert_Blake/Robert_Blake_0001.jpg,0.7571676585536806,0
/home/anitadonato/tcc/tcc/data/lfw/lfw-funneled/Tom_Crean/Tom_Crean_0004.jpg,/home/anitadonato/tcc/tcc/data/lfw/lfw-funneled/Fernando_Gonzalez/Fernando_Gonzalez_0001.jpg,0.7804525578461982,0
/home/anitadonato/tcc/tcc/data/lfw/lfw-funneled/Rob_Marshall/Rob_Marshall_0002.jpg,/home/anitadonato/tcc/tcc/data/lfw/lfw-funneled/Roh_Moo-hyun/Roh_Moo-hyun_0005.jpg,0.8809641810267574,0
/home/anitadonato/tcc/tcc/data/lfw/lfw-funneled/Tom_Daschle/Tom_Daschle_0004.jpg,/home/anitadonato/tcc/tcc/data/lfw/lfw-funneled/Jennifer_Capriati/Jennifer_Capriati_0002.jpg,0.8698141738430538,0
/home/anitadonato/tcc/tcc/data/lfw/lfw-funneled/Ai_Sugiyama/Ai_Sugiyama_0003.jpg,/home/anitadonato/tcc/tcc/data/lfw/lfw-funneled/George_HW_Bush/George_HW_Bush_0003.jpg,0.8340318398805887,0
/home/anitadonato/tcc/tcc/data/lfw/lfw-funneled/Meryl_Streep/Meryl_Streep_0001.jpg,/home/anitadonato/tcc/tcc/data/lfw/lfw-funneled/Sergey_Lavrov/Sergey_Lavrov_0002.jpg,0.9057780749096693,0
/home/anitadonato/tcc/tcc/data/lfw/lfw-funneled/Lindsay_Davenport/Lindsay_Davenport_0004.jpg,/home/anitadonato/tcc/tcc/data/lfw/lfw-funneled/Sourav_Ganguly/Sourav_Ganguly_0003.jpg,0.843894243714905,0
/home/anitadonato/tcc/tcc/data/lfw/lfw-funneled/Sheryl_Crow/Sheryl_Crow_0003.jpg,/home/anitadonato/tcc/tcc/data/lfw/lfw-funneled/Frank_Solich/Frank_Solich_0003.jpg,0.8570192503040404,0
/home/anitadonato/tcc/tcc/data/lfw/lfw-funneled/Norm_Coleman/Norm_Coleman_0004.jpg,/home/anitadonato/tcc/tcc/data/lfw/lfw-funneled/Andre_Agassi/Andre_Agassi_0005.jpg,0.7231367523358478,0
/home/anitadonato/tcc/tcc/data/lfw/lfw-funneled/Michael_Schumacher/Michael_Schumacher_0004.jpg,/home/anitadonato/tcc/tcc/data/lfw/lfw-funneled/Pervez_Musharraf/Pervez_Musharraf_0001.jpg,0.7814882517154176,0
/home/anitadonato/tcc/tcc/data/lfw/lfw-funneled/Hillary_Clinton/Hillary_Clinton_0001.jpg,/home/anitadonato/tcc/tcc/data/lfw/lfw-funneled/John_Ashcroft/John_Ashcroft_0004.jpg,0.8663904940060484,0
/home/anitadonato/tcc/tcc/data/lfw/lfw-funneled/Peter_Struck/Peter_Struck_0004.jpg,/home/anitadonato/tcc/tcc/data/lfw/lfw-funneled/Valery_Giscard_dEstaing/Valery_Giscard_dEstaing_0003.jpg,0.7883070026110879,0
/home/anitadonato/tcc/tcc/data/lfw/lfw-funneled/Clara_Harris/Clara_Harris_0004.jpg,/home/anitadonato/tcc/tcc/data/lfw/lfw-funneled/Peter_Struck/Peter_Struck_0005.jpg,0.8003736008501481,0
/home/anitadonato/tcc/tcc/data/lfw/lfw-funneled/Hillary_Clinton/Hillary_Clinton_0003.jpg,/home/anitadonato/tcc/tcc/data/lfw/lfw-funneled/Richard_Gephardt/Richard_Gephardt_0005.jpg,0.9251140165598234,0
/home/anitadonato/tcc/tcc/data/lfw/lfw-funneled/Hosni_Mubarak/Hosni_Mubarak_0004.jpg,/home/anitadonato/tcc/tcc/data/lfw/lfw-funneled/Hal_Gehman/Hal_Gehman_0003.jpg,0.8763646485575958,0
/home/anitadonato/tcc/tcc/data/lfw/lfw-funneled/Vladimir_Putin/Vladimir_Putin_0003.jpg,/home/anitadonato/tcc/tcc/data/lfw/lfw-funneled/Jan_Ullrich/Jan_Ullrich_0003.jpg,0.8247101119486285,0
/home/anitadonato/tcc/tcc/data/lfw/lfw-funneled/Natalie_Maines/Natalie_Maines_0004.jpg,/home/anitadonato/tcc/tcc/data/lfw/lfw-funneled/Hosni_Mubarak/Hosni_Mubarak_0005.jpg,0.9978229958132023,0
/home/anitadonato/tcc/tcc/data/lfw/lfw-funneled/John_Allen_Muhammad/John_Allen_Muhammad_0004.jpg,/home/anitadonato/tcc/tcc/data/lfw/lfw-funneled/Robert_Blake/Robert_Blake_0003.jpg,0.8271548590315789,0
/home/anitadonato/tcc/tcc/data/lfw/lfw-funneled/Walter_Mondale/Walter_Mondale_0001.jpg,/home/anitadonato/tcc/tcc/data/lfw/lfw-funneled/Hans_Blix/Hans_Blix_0005.jpg,0.7580120171154479,0
/home/anitadonato/tcc/tcc/data/lfw/lfw-funneled/Hal_Gehman/Hal_Gehman_0005.jpg,/home/anitadonato/tcc/tcc/data/lfw/lfw-funneled/Paul_ONeill/Paul_ONeill_0002.jpg,0.6395451597163204,0
/home/anitadonato/tcc/tcc/data/lfw/lfw-funneled/Amelie_Mauresmo/Amelie_Mauresmo_0005.jpg,/home/anitadonato/tcc/tcc/data/lfw/lfw-funneled/Kristanna_Loken/Kristanna_Loken_0001.jpg,0.843785421187624,0
/home/anitadonato/tcc/tcc/data/lfw/lfw-funneled/Trent_Lott/Trent_Lott_0002.jpg,/home/anitadonato/tcc/tcc/data/lfw/lfw-funneled/Habib_Rizieq/Habib_Rizieq_0004.jpg,0.7792250814003914,0
/home/anitadonato/tcc/tcc/data/lfw/lfw-funneled/Tom_Crean/Tom_Crean_0001.jpg,/home/anitadonato/tcc/tcc/data/lfw/lfw-funneled/Hosni_Mubarak/Hosni_Mubarak_0004.jpg,0.6625452277272968,0
/home/anitadonato/tcc/tcc/data/lfw/lfw-funneled/Michael_Chiklis/Michael_Chiklis_0002.jpg,/home/anitadonato/tcc/tcc/data/lfw/lfw-funneled/Mark_Hurlbert/Mark_Hurlbert_0003.jpg,0.6919446460512577,0
/home/anitadonato/tcc/tcc/data/lfw/lfw-funneled/Queen_Rania/Queen_Rania_0002.jpg,/home/anitadonato/tcc/tcc/data/lfw/lfw-funneled/Eduardo_Duhalde/Eduardo_Duhalde_0004.jpg,0.9368576641240091,0
/home/anitadonato/tcc/tcc/data/lfw/lfw-funneled/Tony_Blair/Tony_Blair_0004.jpg,/home/anitadonato/tcc/tcc/data/lfw/lfw-funneled/Bob_Hope/Bob_Hope_0005.jpg,0.7445975399512134,0
/home/anitadonato/tcc/tcc/data/lfw/lfw-funneled/Joseph_Biden/Joseph_Biden_0004.jpg,/home/anitadonato/tcc/tcc/data/lfw/lfw-funneled/Russell_Simmons/Russell_Simmons_0005.jpg,0.808297363431465,0
/home/anitadonato/tcc/tcc/data/lfw/lfw-funneled/Antonio_Banderas/Antonio_Banderas_0004.jpg,/home/anitadonato/tcc/tcc/data/lfw/lfw-funneled/Hosni_Mubarak/Hosni_Mubarak_0005.jpg,0.8129936163247767,0
/home/anitadonato/tcc/tcc/data/lfw/lfw-funneled/Bulent_Ecevit/Bulent_Ecevit_0005.jpg,/home/anitadonato/tcc/tcc/data/lfw/lfw-funneled/Salma_Hayek/Salma_Hayek_0005.jpg,0.8617149289537905,0
/home/anitadonato/tcc/tcc/data/lfw/lfw-funneled/Jean-David_Levitte/Jean-David_Levitte_0001.jpg,/home/anitadonato/tcc/tcc/data/lfw/lfw-funneled/Matthew_Perry/Matthew_Perry_0002.jpg,0.8072916735625207,0
/home/anitadonato/tcc/tcc/data/lfw/lfw-funneled/Kurt_Warner/Kurt_Warner_0003.jpg,/home/anitadonato/tcc/tcc/data/lfw/lfw-funneled/Kalpana_Chawla/Kalpana_Chawla_0002.jpg,0.8129568353939234,0
/home/anitadonato/tcc/tcc/data/lfw/lfw-funneled/Alejandro_Toledo/Alejandro_Toledo_0001.jpg,/home/anitadonato/tcc/tcc/data/lfw/lfw-funneled/JK_Rowling/JK_Rowling_0005.jpg,0.8227235123804192,0
/home/anitadonato/tcc/tcc/data/lfw/lfw-funneled/Alejandro_Toledo/Alejandro_Toledo_0004.jpg,/home/anitadonato/tcc/tcc/data/lfw/lfw-funneled/Catherine_Zeta-Jones/Catherine_Zeta-Jones_0003.jpg,0.9431234384989292,0
/home/anitadonato/tcc/tcc/data/lfw/lfw-funneled/Jose_Maria_Aznar/Jose_Maria_Aznar_0001.jpg,/home/anitadonato/tcc/tcc/data/lfw/lfw-funneled/Robert_De_Niro/Robert_De_Niro_0001.jpg,0.7754588378343573,0
/home/anitadonato/tcc/tcc/data/lfw/lfw-funneled/Anna_Kournikova/Anna_Kournikova_0005.jpg,/home/anitadonato/tcc/tcc/data/lfw/lfw-funneled/John_Negroponte/John_Negroponte_0005.jpg,0.8968890656515982,0
/home/anitadonato/tcc/tcc/data/lfw/lfw-funneled/Steve_Lavin/Steve_Lavin_0005.jpg,/home/anitadonato/tcc/tcc/data/lfw/lfw-funneled/Condoleezza_Rice/Condoleezza_Rice_0002.jpg,0.9935032504038976,0
/home/anitadonato/tcc/tcc/data/lfw/lfw-funneled/Xavier_Malisse/Xavier_Malisse_0004.jpg,/home/anitadonato/tcc/tcc/data/lfw/lfw-funneled/Nancy_Pelosi/Nancy_Pelosi_0004.jpg,0.9027197096614799,0
/home/anitadonato/tcc/tcc/data/lfw/lfw-funneled/Jacques_Chirac/Jacques_Chirac_0005.jpg,/home/anitadonato/tcc/tcc/data/lfw/lfw-funneled/Catherine_Zeta-Jones/Catherine_Zeta-Jones_0005.jpg,0.8712678001870582,0
/home/anitadonato/tcc/tcc/data/lfw/lfw-funneled/Wayne_Ferreira/Wayne_Ferreira_0001.jpg,/home/anitadonato/tcc/tcc/data/lfw/lfw-funneled/Mike_Martz/Mike_Martz_0004.jpg,0.7503904005035438,0
/home/anitadonato/tcc/tcc/data/lfw/lfw-funneled/Spencer_Abraham/Spencer_Abraham_0004.jpg,/home/anitadonato/tcc/tcc/data/lfw/lfw-funneled/Li_Peng/Li_Peng_0001.jpg,0.767529285685692,0
/home/anitadonato/tcc/tcc/data/lfw/lfw-funneled/William_Ford_Jr/William_Ford_Jr_0002.jpg,/home/anitadonato/tcc/tcc/data/lfw/lfw-funneled/Trent_Lott/Trent_Lott_0003.jpg,0.7865418104661898,0
/home/anitadonato/tcc/tcc/data/lfw/lfw-funneled/John_Howard/John_Howard_0004.jpg,/home/anitadonato/tcc/tcc/data/lfw/lfw-funneled/David_Trimble/David_Trimble_0002.jpg,0.6712213019932288,0
/home/anitadonato/tcc/tcc/data/lfw/lfw-funneled/Tom_Daschle/Tom_Daschle_0003.jpg,/home/anitadonato/tcc/tcc/data/lfw/lfw-funneled/Sheryl_Crow/Sheryl_Crow_0004.jpg,0.9222340837726526,0
/home/anitadonato/tcc/tcc/data/lfw/lfw-funneled/Natalie_Coughlin/Natalie_Coughlin_0004.jpg,/home/anitadonato/tcc/tcc/data/lfw/lfw-funneled/Clara_Harris/Clara_Harris_0003.jpg,0.7759632802897984,0
/home/anitadonato/tcc/tcc/data/lfw/lfw-funneled/Ana_Guevara/Ana_Guevara_0001.jpg,/home/anitadonato/tcc/tcc/data/lfw/lfw-funneled/Richard_Gephardt/Richard_Gephardt_0001.jpg,0.8095648560215923,0
/home/anitadonato/tcc/tcc/data/lfw/lfw-funneled/Goldie_Hawn/Goldie_Hawn_0001.jpg,/home/anitadonato/tcc/tcc/data/lfw/lfw-funneled/David_Trimble/David_Trimble_0002.jpg,0.9718549736923892,0
/home/anitadonato/tcc/tcc/data/lfw/lfw-funneled/Carmen_Electra/Carmen_Electra_0003.jpg,/home/anitadonato/tcc/tcc/data/lfw/lfw-funneled/Tommy_Franks/Tommy_Franks_0005.jpg,1.0406604371443209,0
/home/anitadonato/tcc/tcc/data/lfw/lfw-funneled/Martin_McGuinness/Martin_McGuinness_0002.jpg,/home/anitadonato/tcc/tcc/data/lfw/lfw-funneled/Habib_Rizieq/Habib_Rizieq_0004.jpg,0.7221296176401085,0
/home/anitadonato/tcc/tcc/data/lfw/lfw-funneled/Cruz_Bustamante/Cruz_Bustamante_0002.jpg,/home/anitadonato/tcc/tcc/data/lfw/lfw-funneled/Boris_Becker/Boris_Becker_0004.jpg,0.9460075942762692,0
/home/anitadonato/tcc/tcc/data/lfw/lfw-funneled/Jan_Ullrich/Jan_Ullrich_0005.jpg,/home/anitadonato/tcc/tcc/data/lfw/lfw-funneled/Christine_Todd_Whitman/Christine_Todd_Whitman_0002.jpg,0.8139456153676127,0
/home/anitadonato/tcc/tcc/data/lfw/lfw-funneled/Gonzalo_Sanchez_de_Lozada/Gonzalo_Sanchez_de_Lozada_0004.jpg,/home/anitadonato/tcc/tcc/data/lfw/lfw-funneled/Paul_ONeill/Paul_ONeill_0004.jpg,0.6689561099554456,0
/home/anitadonato/tcc/tcc/data/lfw/lfw-funneled/Carlos_Moya/Carlos_Moya_0002.jpg,/home/anitadonato/tcc/tcc/data/lfw/lfw-funneled/Angelina_Jolie/Angelina_Jolie_0002.jpg,0.9866317627302424,0
/home/anitadonato/tcc/tcc/data/lfw/lfw-funneled/Victoria_Clarke/Victoria_Clarke_0001.jpg,/home/anitadonato/tcc/tcc/data/lfw/lfw-funneled/Yasser_Arafat/Yasser_Arafat_0005.jpg,0.9278140156434936,0
/home/anitadonato/tcc/tcc/data/lfw/lfw-funneled/Spencer_Abraham/Spencer_Abraham_0002.jpg,/home/anitadonato/tcc/tcc/data/lfw/lfw-funneled/Ludivine_Sagnier/Ludivine_Sagnier_0003.jpg,0.9963982909072296,0
/home/anitadonato/tcc/tcc/data/lfw/lfw-funneled/Robert_Blake/Robert_Blake_0004.jpg,/home/anitadonato/tcc/tcc/data/lfw/lfw-funneled/Pervez_Musharraf/Pervez_Musharraf_0001.jpg,0.6969937974811811,0
/home/anitadonato/tcc/tcc/data/lfw/lfw-funneled/Roger_Federer/Roger_Federer_0004.jpg,/home/anitadonato/tcc/tcc/data/lfw/lfw-funneled/Juan_Pablo_Montoya/Juan_Pablo_Montoya_0005.jpg,0.6426364835774947,0
/home/anitadonato/tcc/tcc/data/lfw/lfw-funneled/Jean-David_Levitte/Jean-David_Levitte_0005.jpg,/home/anitadonato/tcc/tcc/data/lfw/lfw-funneled/Jiri_Novak/Jiri_Novak_0004.jpg,0.7757067647402236,0
/home/anitadonato/tcc/tcc/data/lfw/lfw-funneled/JK_Rowling/JK_Rowling_0005.jpg,/home/anitadonato/tcc/tcc/data/lfw/lfw-funneled/Walter_Mondale/Walter_Mondale_0001.jpg,0.8512357574299981,0
/home/anitadonato/tcc/tcc/data/lfw/lfw-funneled/Yashwant_Sinha/Yashwant_Sinha_0004.jpg,/home/anitadonato/tcc/tcc/data/lfw/lfw-funneled/Roy_Moore/Roy_Moore_0005.jpg,0.7697147365884247,0
/home/anitadonato/tcc/tcc/data/lfw/lfw-funneled/Woody_Allen/Woody_Allen_0003.jpg,/home/anitadonato/tcc/tcc/data/lfw/lfw-funneled/Michael_Chiklis/Michael_Chiklis_0005.jpg,0.8438207210771999,0
/home/anitadonato/tcc/tcc/data/lfw/lfw-funneled/Paul_ONeill/Paul_ONeill_0002.jpg,/home/anitadonato/tcc/tcc/data/lfw/lfw-funneled/Matthew_Perry/Matthew_Perry_0003.jpg,0.8176400275200983,0
/home/anitadonato/tcc/tcc/data/lfw/lfw-funneled/Kate_Hudson/Kate_Hudson_0003.jpg,/home/anitadonato/tcc/tcc/data/lfw/lfw-funneled/Queen_Rania/Queen_Rania_0001.jpg,0.8756387395961798,0
/home/anitadonato/tcc/tcc/data/lfw/lfw-funneled/John_Paul_II/John_Paul_II_0002.jpg,/home/anitadonato/tcc/tcc/data/lfw/lfw-funneled/Nancy_Pelosi/Nancy_Pelosi_0005.jpg,0.8228719447341363,0
/home/anitadonato/tcc/tcc/data/lfw/lfw-funneled/George_Lopez/George_Lopez_0005.jpg,/home/anitadonato/tcc/tcc/data/lfw/lfw-funneled/Silvan_Shalom/Silvan_Shalom_0002.jpg,0.7102198040746502,0
/home/anitadonato/tcc/tcc/data/lfw/lfw-funneled/Kofi_Annan/Kofi_Annan_0004.jpg,/home/anitadonato/tcc/tcc/data/lfw/lfw-funneled/Arminio_Fraga/Arminio_Fraga_0002.jpg,0.9406849037329877,0
/home/anitadonato/tcc/tcc/data/lfw/lfw-funneled/Steve_Lavin/Steve_Lavin_0004.jpg,/home/anitadonato/tcc/tcc/data/lfw/lfw-funneled/Fidel_Castro/Fidel_Castro_0003.jpg,0.810850821523737,0
/home/anitadonato/tcc/tcc/data/lfw/lfw-funneled/Ai_Sugiyama/Ai_Sugiyama_0003.jpg,/home/anitadonato/tcc/tcc/data/lfw/lfw-funneled/Boris_Becker/Boris_Becker_0004.jpg,0.9075116771010462,0
/home/anitadonato/tcc/tcc/data/lfw/lfw-funneled/Valery_Giscard_dEstaing/Valery_Giscard_dEstaing_0003.jpg,/home/anitadonato/tcc/tcc/data/lfw/lfw-funneled/Billy_Crystal/Billy_Crystal_0001.jpg,0.7752836751923025,0
/home/anitadonato/tcc/tcc/data/lfw/lfw-funneled/Richard_Gere/Richard_Gere_0002.jpg,/home/anitadonato/tcc/tcc/data/lfw/lfw-funneled/Hillary_Clinton/Hillary_Clinton_0004.jpg,0.909219989988747,0
/home/anitadonato/tcc/tcc/data/lfw/lfw-funneled/Roh_Moo-hyun/Roh_Moo-hyun_0004.jpg,/home/anitadonato/tcc/tcc/data/lfw/lfw-funneled/Antonio_Banderas/Antonio_Banderas_0004.jpg,0.7946029309512653,0
/home/anitadonato/tcc/tcc/data/lfw/lfw-funneled/Maria_Shriver/Maria_Shriver_0004.jpg,/home/anitadonato/tcc/tcc/data/lfw/lfw-funneled/Christine_Baumgartner/Christine_Baumgartner_0004.jpg,0.7786256922038493,0
/home/anitadonato/tcc/tcc/data/lfw/lfw-funneled/Christine_Baumgartner/Christine_Baumgartner_0001.jpg,/home/anitadonato/tcc/tcc/data/lfw/lfw-funneled/Fidel_Castro/Fidel_Castro_0005.jpg,0.9303252210243724,0
/home/anitadonato/tcc/tcc/data/lfw/lfw-funneled/Christine_Todd_Whitman/Christine_Todd_Whitman_0002.jpg,/home/anitadonato/tcc/tcc/data/lfw/lfw-funneled/Charlton_Heston/Charlton_Heston_0003.jpg,0.770347287399778,0
/home/anitadonato/tcc/tcc/data/lfw/lfw-funneled/Thaksin_Shinawatra/Thaksin_Shinawatra_0002.jpg,/home/anitadonato/tcc/tcc/data/lfw/lfw-funneled/Sourav_Ganguly/Sourav_Ganguly_0005.jpg,0.8046710683513336,0
/home/anitadonato/tcc/tcc/data/lfw/lfw-funneled/Thabo_Mbeki/Thabo_Mbeki_0004.jpg,/home/anitadonato/tcc/tcc/data/lfw/lfw-funneled/Jennifer_Capriati/Jennifer_Capriati_0005.jpg,0.9747820557167018,0
/home/anitadonato/tcc/tcc/data/lfw/lfw-funneled/Jean_Chretien/Jean_Chretien_0004.jpg,/home/anitadonato/tcc/tcc/data/lfw/lfw-funneled/Jacques_Chirac/Jacques_Chirac_0005.jpg,0.6837160894795163,0
/home/anitadonato/tcc/tcc/data/lfw/lfw-funneled/Carlos_Menem/Carlos_Menem_0005.jpg,/home/anitadonato/tcc/tcc/data/lfw/lfw-funneled/Sharon_Stone/Sharon_Stone_0001.jpg,0.9174740919281621,0
/home/anitadonato/tcc/tcc/data/lfw/lfw-funneled/George_HW_Bush/George_HW_Bush_0005.jpg,/home/anitadonato/tcc/tcc/data/lfw/lfw-funneled/Princess_Caroline/Princess_Caroline_0003.jpg,0.8874023397253341,0
/home/anitadonato/tcc/tcc/data/lfw/lfw-funneled/Michelle_Yeoh/Michelle_Yeoh_0001.jpg,/home/anitadonato/tcc/tcc/data/lfw/lfw-funneled/Bill_McBride/Bill_McBride_0004.jpg,0.9194809440169713,0
/home/anitadonato/tcc/tcc/data/lfw/lfw-funneled/Grant_Hackett/Grant_Hackett_0004.jpg,/home/anitadonato/tcc/tcc/data/lfw/lfw-funneled/Cesar_Gaviria/Cesar_Gaviria_0001.jpg,0.7585415627861584,0
/home/anitadonato/tcc/tcc/data/lfw/lfw-funneled/Natalie_Maines/Natalie_Maines_0002.jpg,/home/anitadonato/tcc/tcc/data/lfw/lfw-funneled/Paul_McCartney/Paul_McCartney_0003.jpg,0.874354144265276,0
/home/anitadonato/tcc/tcc/data/lfw/lfw-funneled/Thaksin_Shinawatra/Thaksin_Shinawatra_0003.jpg,/home/anitadonato/tcc/tcc/data/lfw/lfw-funneled/Gonzalo_Sanchez_de_Lozada/Gonzalo_Sanchez_de_Lozada_0003.jpg,0.8222968125309039,0
/home/anitadonato/tcc/tcc/data/lfw/lfw-funneled/Pedro_Malan/Pedro_Malan_0001.jpg,/home/anitadonato/tcc/tcc/data/lfw/lfw-funneled/Clara_Harris/Clara_Harris_0002.jpg,0.8767750837522895,0
/home/anitadonato/tcc/tcc/data/lfw/lfw-funneled/Liza_Minnelli/Liza_Minnelli_0005.jpg,/home/anitadonato/tcc/tcc/data/lfw/lfw-funneled/Natalie_Maines/Natalie_Maines_0003.jpg,0.7810054059565515,0
/home/anitadonato/tcc/tcc/data/lfw/lfw-funneled/John_Bolton/John_Bolton_0004.jpg,/home/anitadonato/tcc/tcc/data/lfw/lfw-funneled/JK_Rowling/JK_Rowling_0002.jpg,0.8736118498782562,0
/home/anitadonato/tcc/tcc/data/lfw/lfw-funneled/Michael_Schumacher/Michael_Schumacher_0002.jpg,/home/anitadonato/tcc/tcc/data/lfw/lfw-funneled/Ai_Sugiyama/Ai_Sugiyama_0002.jpg,0.7973081007126561,0
/home/anitadonato/tcc/tcc/data/lfw/lfw-funneled/Kevin_Costner/Kevin_Costner_0003.jpg,/home/anitadonato/tcc/tcc/data/lfw/lfw-funneled/Zhu_Rongji/Zhu_Rongji_0005.jpg,0.9402353045432561,0
/home/anitadonato/tcc/tcc/data/lfw/lfw-funneled/Victoria_Clarke/Victoria_Clarke_0005.jpg,/home/anitadonato/tcc/tcc/data/lfw/lfw-funneled/Martin_Scorsese/Martin_Scorsese_0002.jpg,0.92166762319502,0
/home/anitadonato/tcc/tcc/data/lfw/lfw-funneled/Halle_Berry/Halle_Berry_0003.jpg,/home/anitadonato/tcc/tcc/data/lfw/lfw-funneled/Angelina_Jolie/Angelina_Jolie_0003.jpg,0.7719379055539632,0
/home/anitadonato/tcc/tcc/data/lfw/lfw-funneled/Silvio_Berlusconi/Silvio_Berlusconi_0005.jpg,/home/anitadonato/tcc/tcc/data/lfw/lfw-funneled/George_HW_Bush/George_HW_Bush_0001.jpg,0.7928960946037604,0
/home/anitadonato/tcc/tcc/data/lfw/lfw-funneled/Hillary_Clinton/Hillary_Clinton_0004.jpg,/home/anitadonato/tcc/tcc/data/lfw/lfw-funneled/Yasser_Arafat/Yasser_Arafat_0001.jpg,0.8203856887319538,0
/home/anitadonato/tcc/tcc/data/lfw/lfw-funneled/Sourav_Ganguly/Sourav_Ganguly_0002.jpg,/home/anitadonato/tcc/tcc/data/lfw/lfw-funneled/Paul_McCartney/Paul_McCartney_0002.jpg,0.777885617772323,0
/home/anitadonato/tcc/tcc/data/lfw/lfw-funneled/Norm_Coleman/Norm_Coleman_0003.jpg,/home/anitadonato/tcc/tcc/data/lfw/lfw-funneled/Sergey_Lavrov/Sergey_Lavrov_0002.jpg,0.7680650686448561,0
/home/anitadonato/tcc/tcc/data/lfw/lfw-funneled/Charlton_Heston/Charlton_Heston_0004.jpg,/home/anitadonato/tcc/tcc/data/lfw/lfw-funneled/Catherine_Zeta-Jones/Catherine_Zeta-Jones_0004.jpg,0.9595599397781135,0
/home/anitadonato/tcc/tcc/data/lfw/lfw-funneled/Costas_Simitis/Costas_Simitis_0003.jpg,/home/anitadonato/tcc/tcc/data/lfw/lfw-funneled/Kofi_Annan/Kofi_Annan_0004.jpg,0.9686690540146796,0
/home/anitadonato/tcc/tcc/data/lfw/lfw-funneled/Tony_Blair/Tony_Blair_0001.jpg,/home/anitadonato/tcc/tcc/data/lfw/lfw-funneled/Gonzalo_Sanchez_de_Lozada/Gonzalo_Sanchez_de_Lozada_0001.jpg,0.8735053161486604,0
/home/anitadonato/tcc/tcc/data/lfw/lfw-funneled/Hamid_Karzai/Hamid_Karzai_0003.jpg,/home/anitadonato/tcc/tcc/data/lfw/lfw-funneled/Colin_Montgomerie/Colin_Montgomerie_0003.jpg,0.8408073139873619,0
/home/anitadonato/tcc/tcc/data/lfw/lfw-funneled/Richard_Myers/Richard_Myers_0001.jpg,/home/anitadonato/tcc/tcc/data/lfw/lfw-funneled/Princess_Caroline/Princess_Caroline_0004.jpg,0.8776094616554292,0
/home/anitadonato/tcc/tcc/data/lfw/lfw-funneled/Abdullah_Gul/Abdullah_Gul_0003.jpg,/home/anitadonato/tcc/tcc/data/lfw/lfw-funneled/Kalpana_Chawla/Kalpana_Chawla_0001.jpg,0.6556377713141748,0
/home/anitadonato/tcc/tcc/data/lfw/lfw-funneled/John_Snow/John_Snow_0002.jpg,/home/anitadonato/tcc/tcc/data/lfw/lfw-funneled/Jan_Ullrich/Jan_Ullrich_0004.jpg,0.726440075043875,0
/home/anitadonato/tcc/tcc/data/lfw/lfw-funneled/Mike_Myers/Mike_Myers_0003.jpg,/home/anitadonato/tcc/tcc/data/lfw/lfw-funneled/Meryl_Streep/Meryl_Streep_0003.jpg,0.9159260841257366,0
/home/anitadonato/tcc/tcc/data/lfw/lfw-funneled/Britney_Spears/Britney_Spears_0005.jpg,/home/anitadonato/tcc/tcc/data/lfw/lfw-funneled/Winona_Ryder/Winona_Ryder_0005.jpg,0.8075840596219823,0
/home/anitadonato/tcc/tcc/data/lfw/lfw-funneled/Paul_Burrell/Paul_Burrell_0004.jpg,/home/anitadonato/tcc/tcc/data/lfw/lfw-funneled/Tom_Cruise/Tom_Cruise_0003.jpg,0.863333799488485,0
/home/anitadonato/tcc/tcc/data/lfw/lfw-funneled/Amelie_Mauresmo/Amelie_Mauresmo_0001.jpg,/home/anitadonato/tcc/tcc/data/lfw/lfw-funneled/Sylvester_Stallone/Sylvester_Stallone_0001.jpg,0.7447037599138481,0
/home/anitadonato/tcc/tcc/data/lfw/lfw-funneled/Elizabeth_Smart/Elizabeth_Smart_0004.jpg,/home/anitadonato/tcc/tcc/data/lfw/lfw-funneled/John_Manley/John_Manley_0001.jpg,0.7962274671958366,0
/home/anitadonato/tcc/tcc/data/lfw/lfw-funneled/Fujio_Cho/Fujio_Cho_0004.jpg,/home/anitadonato/tcc/tcc/data/lfw/lfw-funneled/Tommy_Franks/Tommy_Franks_0004.jpg,0.8516206496504359,0
/home/anitadonato/tcc/tcc/data/lfw/lfw-funneled/Richard_Myers/Richard_Myers_0002.jpg,/home/anitadonato/tcc/tcc/data/lfw/lfw-funneled/Martin_McGuinness/Martin_McGuinness_0002.jpg,0.7415457073635677,0
/home/anitadonato/tcc/tcc/data/lfw/lfw-funneled/Mohamed_ElBaradei/Mohamed_ElBaradei_0002.jpg,/home/anitadonato/tcc/tcc/data/lfw/lfw-funneled/John_Ashcroft/John_Ashcroft_0003.jpg,0.7729017868297609,0
/home/anitadonato/tcc/tcc/data/lfw/lfw-funneled/Amelia_Vega/Amelia_Vega_0003.jpg,/home/anitadonato/tcc/tcc/data/lfw/lfw-funneled/Paul_McCartney/Paul_McCartney_0003.jpg,0.867820317492542,0
/home/anitadonato/tcc/tcc/data/lfw/lfw-funneled/Matthew_Perry/Matthew_Perry_0002.jpg,/home/anitadonato/tcc/tcc/data/lfw/lfw-funneled/Nancy_Pelosi/Nancy_Pelosi_0001.jpg,0.8856884118919454,0
/home/anitadonato/tcc/tcc/data/lfw/lfw-funneled/Jan_Ullrich/Jan_Ullrich_0003.jpg,/home/anitadonato/tcc/tcc/data/lfw/lfw-funneled/John_Manley/John_Manley_0002.jpg,0.7028489238045148,0
/home/anitadonato/tcc/tcc/data/lfw/lfw-funneled/Martin_McGuinness/Martin_McGuinness_0001.jpg,/home/anitadonato/tcc/tcc/data/lfw/lfw-funneled/Paul_McCartney/Paul_McCartney_0001.jpg,0.8055376591561831,0
/home/anitadonato/tcc/tcc/data/lfw/lfw-funneled/Richard_Myers/Richard_Myers_0004.jpg,/home/anitadonato/tcc/tcc/data/lfw/lfw-funneled/Mike_Myers/Mike_Myers_0001.jpg,0.7206699499472657,0
/home/anitadonato/tcc/tcc/data/lfw/lfw-funneled/Paul_Burrell/Paul_Burrell_0002.jpg,/home/anitadonato/tcc/tcc/data/lfw/lfw-funneled/Paul_ONeill/Paul_ONeill_0005.jpg,0.7223658980039566,0
/home/anitadonato/tcc/tcc/data/lfw/lfw-funneled/Amelie_Mauresmo/Amelie_Mauresmo_0001.jpg,/home/anitadonato/tcc/tcc/data/lfw/lfw-funneled/Susan_Sarandon/Susan_Sarandon_0001.jpg,0.7704189735566062,0
/home/anitadonato/tcc/tcc/data/lfw/lfw-funneled/Luis_Horna/Luis_Horna_0001.jpg,/home/anitadonato/tcc/tcc/data/lfw/lfw-funneled/David_Trimble/David_Trimble_0004.jpg,0.839600174544305,0
/home/anitadonato/tcc/tcc/data/lfw/lfw-funneled/Hosni_Mubarak/Hosni_Mubarak_0004.jpg,/home/anitadonato/tcc/tcc/data/lfw/lfw-funneled/Paul_Burrell/Paul_Burrell_0001.jpg,0.7698086381341316,0
/home/anitadonato/tcc/tcc/data/lfw/lfw-funneled/Muhammad_Saeed_al-Sahhaf/Muhammad_Saeed_al-Sahhaf_0001.jpg,/home/anitadonato/tcc/tcc/data/lfw/lfw-funneled/Arminio_Fraga/Arminio_Fraga_0001.jpg,0.7481210974697148,0
/home/anitadonato/tcc/tcc/data/lfw/lfw-funneled/Spencer_Abraham/Spencer_Abraham_0003.jpg,/home/anitadonato/tcc/tcc/data/lfw/lfw-funneled/Jiri_Novak/Jiri_Novak_0003.jpg,0.8137336044713794,0
/home/anitadonato/tcc/tcc/data/lfw/lfw-funneled/Ai_Sugiyama/Ai_Sugiyama_0002.jpg,/home/anitadonato/tcc/tcc/data/lfw/lfw-funneled/Jean-Pierre_Raffarin/Jean-Pierre_Raffarin_0002.jpg,0.782687875627487,0
/home/anitadonato/tcc/tcc/data/lfw/lfw-funneled/Ana_Guevara/Ana_Guevara_0005.jpg,/home/anitadonato/tcc/tcc/data/lfw/lfw-funneled/John_Travolta/John_Travolta_0001.jpg,0.8961468869336789,0
/home/anitadonato/tcc/tcc/data/lfw/lfw-funneled/JK_Rowling/JK_Rowling_0002.jpg,/home/anitadonato/tcc/tcc/data/lfw/lfw-funneled/Mohamed_ElBaradei/Mohamed_ElBaradei_0004.jpg,0.9308159957567,0
/home/anitadonato/tcc/tcc/data/lfw/lfw-funneled/Yashwant_Sinha/Yashwant_Sinha_0002.jpg,/home/anitadonato/tcc/tcc/data/lfw/lfw-funneled/Andre_Agassi/Andre_Agassi_0002.jpg,0.6684727213364728,0
/home/anitadonato/tcc/tcc/data/lfw/lfw-funneled/Fernando_Gonzalez/Fernando_Gonzalez_0004.jpg,/home/anitadonato/tcc/tcc/data/lfw/lfw-funneled/Michael_Schumacher/Michael_Schumacher_0002.jpg,0.882270743335262,0
/home/anitadonato/tcc/tcc/data/lfw/lfw-funneled/Pedro_Malan/Pedro_Malan_0002.jpg,/home/anitadonato/tcc/tcc/data/lfw/lfw-funneled/Elizabeth_Smart/Elizabeth_Smart_0001.jpg,0.8594567820069146,0
/home/anitadonato/tcc/tcc/data/lfw/lfw-funneled/Adrien_Brody/Adrien_Brody_0004.jpg,/home/anitadonato/tcc/tcc/data/lfw/lfw-funneled/Trent_Lott/Trent_Lott_0003.jpg,0.8837030778818292,0
/home/anitadonato/tcc/tcc/data/lfw/lfw-funneled/Martin_McGuinness/Martin_McGuinness_0002.jpg,/home/anitadonato/tcc/tcc/data/lfw/lfw-funneled/Jiri_Novak/Jiri_Novak_0002.jpg,0.7726018104636171,0
/home/anitadonato/tcc/tcc/data/lfw/lfw-funneled/Sourav_Ganguly/Sourav_Ganguly_0001.jpg,/home/anitadonato/tcc/tcc/data/lfw/lfw-funneled/Alejandro_Toledo/Alejandro_Toledo_0002.jpg,0.7127249830759221,0
/home/anitadonato/tcc/tcc/data/lfw/lfw-funneled/Carmen_Electra/Carmen_Electra_0005.jpg,/home/anitadonato/tcc/tcc/data/lfw/lfw-funneled/Denzel_Washington/Denzel_Washington_0005.jpg,1.0922511380949722,0
/home/anitadonato/tcc/tcc/data/lfw/lfw-funneled/Britney_Spears/Britney_Spears_0001.jpg,/home/anitadonato/tcc/tcc/data/lfw/lfw-funneled/Michael_Powell/Michael_Powell_0003.jpg,0.9281744175540566,0
/home/anitadonato/tcc/tcc/data/lfw/lfw-funneled/Ann_Veneman/Ann_Veneman_0005.jpg,/home/anitadonato/tcc/tcc/data/lfw/lfw-funneled/Tom_Harkin/Tom_Harkin_0005.jpg,0.8718599680182892,0
/home/anitadonato/tcc/tcc/data/lfw/lfw-funneled/Joe_Lieberman/Joe_Lieberman_0004.jpg,/home/anitadonato/tcc/tcc/data/lfw/lfw-funneled/Gerhard_Schroeder/Gerhard_Schroeder_0003.jpg,0.8721053683112188,0
/home/anitadonato/tcc/tcc/data/lfw/lfw-funneled/Alejandro_Toledo/Alejandro_Toledo_0002.jpg,/home/anitadonato/tcc/tcc/data/lfw/lfw-funneled/Billy_Crystal/Billy_Crystal_0004.jpg,0.7450163131913038,0
/home/anitadonato/tcc/tcc/data/lfw/lfw-funneled/Arminio_Fraga/Arminio_Fraga_0002.jpg,/home/anitadonato/tcc/tcc/data/lfw/lfw-funneled/Sharon_Stone/Sharon_Stone_0004.jpg,0.8402781245282881,0
/home/anitadonato/tcc/tcc/data/lfw/lfw-funneled/Jean-David_Levitte/Jean-David_Levitte_0001.jpg,/home/anitadonato/tcc/tcc/data/lfw/lfw-funneled/Martin_Scorsese/Martin_Scorsese_0005.jpg,0.8057686938864372,0
/home/anitadonato/tcc/tcc/data/lfw/lfw-funneled/Tiger_Woods/Tiger_Woods_0003.jpg,/home/anitadonato/tcc/tcc/data/lfw/lfw-funneled/Salma_Hayek/Salma_Hayek_0002.jpg,0.9546575629311331,0
/home/anitadonato/tcc/tcc/data/lfw/lfw-funneled/George_Lopez/George_Lopez_0004.jpg,/home/anitadonato/tcc/tcc/data/lfw/lfw-funneled/Zhu_Rongji/Zhu_Rongji_0003.jpg,0.8258043366524143,0
/home/anitadonato/tcc/tcc/data/lfw/lfw-funneled/Grant_Hackett/Grant_Hackett_0002.jpg,/home/anitadonato/tcc/tcc/data/lfw/lfw-funneled/Amelie_Mauresmo/Amelie_Mauresmo_0004.jpg,0.678088068596727,0
/home/anitadonato/tcc/tcc/data/lfw/lfw-funneled/Jacques_Chirac/Jacques_Chirac_0001.jpg,/home/anitadonato/tcc/tcc/data/lfw/lfw-funneled/Bob_Hope/Bob_Hope_0005.jpg,0.6627102302637073,0
/home/anitadonato/tcc/tcc/data/lfw/lfw-funneled/Ana_Guevara/Ana_Guevara_0003.jpg,/home/anitadonato/tcc/tcc/data/lfw/lfw-funneled/Tiger_Woods/Tiger_Woods_0002.jpg,0.8580746062008867,0
/home/anitadonato/tcc/tcc/data/lfw/lfw-funneled/Rudolph_Giuliani/Rudolph_Giuliani_0004.jpg,/home/anitadonato/tcc/tcc/data/lfw/lfw-funneled/Kevin_Costner/Kevin_Costner_0005.jpg,0.683529955999664,0
/home/anitadonato/tcc/tcc/data/lfw/lfw-funneled/Thabo_Mbeki/Thabo_Mbeki_0005.jpg,/home/anitadonato/tcc/tcc/data/lfw/lfw-funneled/John_Manley/John_Manley_0004.jpg,0.7799725447989317,0
/home/anitadonato/tcc/tcc/data/lfw/lfw-funneled/Rainer_Schuettler/Rainer_Schuettler_0004.jpg,/home/anitadonato/tcc/tcc/data/lfw/lfw-funneled/Angela_Merkel/Angela_Merkel_0001.jpg,0.9039847826425116,0
/home/anitadonato/tcc/tcc/data/lfw/lfw-funneled/Jean-David_Levitte/Jean-David_Levitte_0005.jpg,/home/anitadonato/tcc/tcc/data/lfw/lfw-funneled/Ludivine_Sagnier/Ludivine_Sagnier_0005.jpg,1.0163773735906516,0
/home/anitadonato/tcc/tcc/data/lfw/lfw-funneled/Jennifer_Lopez/Jennifer_Lopez_0001.jpg,/home/anitadonato/tcc/tcc/data/lfw/lfw-funneled/Victoria_Clarke/Victoria_Clarke_0003.jpg,0.9103914991797086,0
/home/anitadonato/tcc/tcc/data/lfw/lfw-funneled/George_Robertson/George_Robertson_0002.jpg,/home/anitadonato/tcc/tcc/data/lfw/lfw-funneled/Carlos_Menem/Carlos_Menem_0002.jpg,0.8988804662101829,0
/home/anitadonato/tcc/tcc/data/lfw/lfw-funneled/Ludivine_Sagnier/Ludivine_Sagnier_0004.jpg,/home/anitadonato/tcc/tcc/data/lfw/lfw-funneled/Robert_Blake/Robert_Blake_0005.jpg,1.0279152212699818,0
/home/anitadonato/tcc/tcc/data/lfw/lfw-funneled/Abdullah_Gul/Abdullah_Gul_0001.jpg,/home/anitadonato/tcc/tcc/data/lfw/lfw-funneled/Sylvester_Stallone/Sylvester_Stallone_0003.jpg,0.7205493100285185,0
/home/anitadonato/tcc/tcc/data/lfw/lfw-funneled/John_Allen_Muhammad/John_Allen_Muhammad_0004.jpg,/home/anitadonato/tcc/tcc/data/lfw/lfw-funneled/Pedro_Malan/Pedro_Malan_0001.jpg,0.7471657797377942,0
/home/anitadonato/tcc/tcc/data/lfw/lfw-funneled/Vanessa_Redgrave/Vanessa_Redgrave_0005.jpg,/home/anitadonato/tcc/tcc/data/lfw/lfw-funneled/JK_Rowling/JK_Rowling_0001.jpg,0.7000272832381955,0
/home/anitadonato/tcc/tcc/data/lfw/lfw-funneled/John_Howard/John_Howard_0002.jpg,/home/anitadonato/tcc/tcc/data/lfw/lfw-funneled/Kalpana_Chawla/Kalpana_Chawla_0001.jpg,0.8997350872661766,0
/home/anitadonato/tcc/tcc/data/lfw/lfw-funneled/Tiger_Woods/Tiger_Woods_0002.jpg,/home/anitadonato/tcc/tcc/data/lfw/lfw-funneled/John_Bolton/John_Bolton_0001.jpg,0.8469353772939141,0
/home/anitadonato/tcc/tcc/data/lfw/lfw-funneled/Colin_Powell/Colin_Powell_0003.jpg,/home/anitadonato/tcc/tcc/data/lfw/lfw-funneled/Mark_Hurlbert/Mark_Hurlbert_0005.jpg,0.9781411767462488,0
/home/anitadonato/tcc/tcc/data/lfw/lfw-funneled/Tom_Harkin/Tom_Harkin_0003.jpg,/home/anitadonato/tcc/tcc/data/lfw/lfw-funneled/Andre_Agassi/Andre_Agassi_0002.jpg,0.7581740065122738,0
/home/anitadonato/tcc/tcc/data/lfw/lfw-funneled/Nancy_Pelosi/Nancy_Pelosi_0003.jpg,/home/anitadonato/tcc/tcc/data/lfw/lfw-funneled/LeBron_James/LeBron_James_0001.jpg,1.0211859298204868,0
/home/anitadonato/tcc/tcc/data/lfw/lfw-funneled/Jacques_Chirac/Jacques_Chirac_0003.jpg,/home/anitadonato/tcc/tcc/data/lfw/lfw-funneled/Christine_Todd_Whitman/Christine_Todd_Whitman_0004.jpg,0.8576064255663146,0
/home/anitadonato/tcc/tcc/data/lfw/lfw-funneled/Hugh_Grant/Hugh_Grant_0001.jpg,/home/anitadonato/tcc/tcc/data/lfw/lfw-funneled/Atal_Bihari_Vajpayee/Atal_Bihari_Vajpayee_0003.jpg,0.9904679472368892,0
/home/anitadonato/tcc/tcc/data/lfw/lfw-funneled/Gloria_Macapagal_Arroyo/Gloria_Macapagal_Arroyo_0001.jpg,/home/anitadonato/tcc/tcc/data/lfw/lfw-funneled/Kofi_Annan/Kofi_Annan_0004.jpg,0.999440111836813,0
/home/anitadonato/tcc/tcc/data/lfw/lfw-funneled/Vanessa_Redgrave/Vanessa_Redgrave_0003.jpg,/home/anitadonato/tcc/tcc/data/lfw/lfw-funneled/Carlos_Menem/Carlos_Menem_0001.jpg,0.8883148847650776,0
/home/anitadonato/tcc/tcc/data/lfw/lfw-funneled/Mark_Hurlbert/Mark_Hurlbert_0002.jpg,/home/anitadonato/tcc/tcc/data/lfw/lfw-funneled/Zhu_Rongji/Zhu_Rongji_0003.jpg,0.9498901555625443,0
/home/anitadonato/tcc/tcc/data/lfw/lfw-funneled/Tommy_Franks/Tommy_Franks_0001.jpg,/home/anitadonato/tcc/tcc/data/lfw/lfw-funneled/Benjamin_Netanyahu/Benjamin_Netanyahu_0005.jpg,0.7731421598748223,0
/home/anitadonato/tcc/tcc/data/lfw/lfw-funneled/Michael_Chiklis/Michael_Chiklis_0001.jpg,/home/anitadonato/tcc/tcc/data/lfw/lfw-funneled/Rob_Marshall/Rob_Marshall_0002.jpg,0.8416777869214718,0
/home/anitadonato/tcc/tcc/data/lfw/lfw-funneled/Robert_Zoellick/Robert_Zoellick_0001.jpg,/home/anitadonato/tcc/tcc/data/lfw/lfw-funneled/Carlos_Menem/Carlos_Menem_0001.jpg,0.8703432945962921,0
/home/anitadonato/tcc/tcc/data/lfw/lfw-funneled/Tiger_Woods/Tiger_Woods_0001.jpg,/home/anitadonato/tcc/tcc/data/lfw/lfw-funneled/John_Allen_Muhammad/John_Allen_Muhammad_0004.jpg,0.7417299253004079,0
/home/anitadonato/tcc/tcc/data/lfw/lfw-funneled/Hans_Blix/Hans_Blix_0002.jpg,/home/anitadonato/tcc/tcc/data/lfw/lfw-funneled/Arminio_Fraga/Arminio_Fraga_0002.jpg,0.7541658642117274,0
/home/anitadonato/tcc/tcc/data/lfw/lfw-funneled/Bulent_Ecevit/Bulent_Ecevit_0004.jpg,/home/anitadonato/tcc/tcc/data/lfw/lfw-funneled/Carmen_Electra/Carmen_Electra_0002.jpg,0.9862292865104902,0
/home/anitadonato/tcc/tcc/data/lfw/lfw-funneled/Halle_Berry/Halle_Berry_0004.jpg,/home/anitadonato/tcc/tcc/data/lfw/lfw-funneled/Norm_Coleman/Norm_Coleman_0003.jpg,0.8143297849697079,0
/home/anitadonato/tcc/tcc/data/lfw/lfw-funneled/Hugh_Grant/Hugh_Grant_0005.jpg,/home/anitadonato/tcc/tcc/data/lfw/lfw-funneled/Frank_Solich/Frank_Solich_0003.jpg,0.7838754439784232,0
/home/anitadonato/tcc/tcc/data/lfw/lfw-funneled/Kate_Hudson/Kate_Hudson_0001.jpg,/home/anitadonato/tcc/tcc/data/lfw/lfw-funneled/Bob_Graham/Bob_Graham_0002.jpg,0.9249431918899138,0
/home/anitadonato/tcc/tcc/data/lfw/lfw-funneled/Bill_Gates/Bill_Gates_0001.jpg,/home/anitadonato/tcc/tcc/data/lfw/lfw-funneled/Tom_Harkin/Tom_Harkin_0004.jpg,0.7678645983379968,0
/home/anitadonato/tcc/tcc/data/lfw/lfw-funneled/Ana_Guevara/Ana_Guevara_0003.jpg,/home/anitadonato/tcc/tcc/data/lfw/lfw-funneled/Paradorn_Srichaphan/Paradorn_Srichaphan_0003.jpg,0.8080392287022092,0
/home/anitadonato/tcc/tcc/data/lfw/lfw-funneled/Robert_Blake/Robert_Blake_0005.jpg,/home/anitadonato/tcc/tcc/data/lfw/lfw-funneled/Pedro_Malan/Pedro_Malan_0004.jpg,0.7682175145887452,0
/home/anitadonato/tcc/tcc/data/lfw/lfw-funneled/Alvaro_Uribe/Alvaro_Uribe_0002.jpg,/home/anitadonato/tcc/tcc/data/lfw/lfw-funneled/Zinedine_Zidane/Zinedine_Zidane_0003.jpg,0.7355527959863495,0
/home/anitadonato/tcc/tcc/data/lfw/lfw-funneled/Tom_Cruise/Tom_Cruise_0005.jpg,/home/anitadonato/tcc/tcc/data/lfw/lfw-funneled/John_Ashcroft/John_Ashcroft_0002.jpg,0.8579338083213155,0
/home/anitadonato/tcc/tcc/data/lfw/lfw-funneled/Habib_Rizieq/Habib_Rizieq_0005.jpg,/home/anitadonato/tcc/tcc/data/lfw/lfw-funneled/Zinedine_Zidane/Zinedine_Zidane_0004.jpg,0.8073647081859351,0
/home/anitadonato/tcc/tcc/data/lfw/lfw-funneled/Jacques_Chirac/Jacques_Chirac_0002.jpg,/home/anitadonato/tcc/tcc/data/lfw/lfw-funneled/Princess_Caroline/Princess_Caroline_0005.jpg,0.8794163978723629,0
/home/anitadonato/tcc/tcc/data/lfw/lfw-funneled/Charlton_Heston/Charlton_Heston_0002.jpg,/home/anitadonato/tcc/tcc/data/lfw/lfw-funneled/John_Allen_Muhammad/John_Allen_Muhammad_0001.jpg,0.9245655776384715,0
/home/anitadonato/tcc/tcc/data/lfw/lfw-funneled/Ben_Affleck/Ben_Affleck_0002.jpg,/home/anitadonato/tcc/tcc/data/lfw/lfw-funneled/Geoff_Hoon/Geoff_Hoon_0005.jpg,0.7569626484228673,0
/home/anitadonato/tcc/tcc/data/lfw/lfw-funneled/Mike_Martz/Mike_Martz_0001.jpg,/home/anitadonato/tcc/tcc/data/lfw/lfw-funneled/Abdullah_Gul/Abdullah_Gul_0003.jpg,0.7715541403831906,0
/home/anitadonato/tcc/tcc/data/lfw/lfw-funneled/Richard_Myers/Richard_Myers_0004.jpg,/home/anitadonato/tcc/tcc/data/lfw/lfw-funneled/Charlton_Heston/Charlton_Heston_0003.jpg,0.6079329243520785,0
/home/anitadonato/tcc/tcc/data/lfw/lfw-funneled/Spencer_Abraham/Spencer_Abraham_0005.jpg,/home/anitadonato/tcc/tcc/data/lfw/lfw-funneled/Ann_Veneman/Ann_Veneman_0002.jpg,0.8710903379143176,0
/home/anitadonato/tcc/tcc/data/lfw/lfw-funneled/Silvan_Shalom/Silvan_Shalom_0001.jpg,/home/anitadonato/tcc/tcc/data/lfw/lfw-funneled/Christine_Baumgartner/Christine_Baumgartner_0002.jpg,0.861983062283568,0
/home/anitadonato/tcc/tcc/data/lfw/lfw-funneled/Gloria_Macapagal_Arroyo/Gloria_Macapagal_Arroyo_0001.jpg,/home/anitadonato/tcc/tcc/data/lfw/lfw-funneled/Victoria_Clarke/Victoria_Clarke_0001.jpg,0.8882613688076794,0
/home/anitadonato/tcc/tcc/data/lfw/lfw-funneled/Ian_Thorpe/Ian_Thorpe_0004.jpg,/home/anitadonato/tcc/tcc/data/lfw/lfw-funneled/Tom_Daschle/Tom_Daschle_0003.jpg,0.8451142466920574,0
/home/anitadonato/tcc/tcc/data/lfw/lfw-funneled/Mike_Weir/Mike_Weir_0001.jpg,/home/anitadonato/tcc/tcc/data/lfw/lfw-funneled/Gerhard_Schroeder/Gerhard_Schroeder_0005.jpg,0.8097402238124102,0
/home/anitadonato/tcc/tcc/data/lfw/lfw-funneled/Natalie_Coughlin/Natalie_Coughlin_0002.jpg,/home/anitadonato/tcc/tcc/data/lfw/lfw-funneled/Antonio_Banderas/Antonio_Banderas_0004.jpg,0.8917278773737594,0
/home/anitadonato/tcc/tcc/data/lfw/lfw-funneled/Frank_Solich/Frank_Solich_0005.jpg,/home/anitadonato/tcc/tcc/data/lfw/lfw-funneled/Paul_ONeill/Paul_ONeill_0001.jpg,0.7412327088482735,0
/home/anitadonato/tcc/tcc/data/lfw/lfw-funneled/Lindsay_Davenport/Lindsay_Davenport_0002.jpg,/home/anitadonato/tcc/tcc/data/lfw/lfw-funneled/Tung_Chee-hwa/Tung_Chee-hwa_0002.jpg,0.868270265111658,0
/home/anitadonato/tcc/tcc/data/lfw/lfw-funneled/Tom_Crean/Tom_Crean_0003.jpg,/home/anitadonato/tcc/tcc/data/lfw/lfw-funneled/Anna_Kournikova/Anna_Kournikova_0004.jpg,0.7766800437422315,0
/home/anitadonato/tcc/tcc/data/lfw/lfw-funneled/Angela_Merkel/Angela_Merkel_0003.jpg,/home/anitadonato/tcc/tcc/data/lfw/lfw-funneled/Natalie_Maines/Natalie_Maines_0003.jpg,0.8102899598864105,0
/home/anitadonato/tcc/tcc/data/lfw/lfw-funneled/Gonzalo_Sanchez_de_Lozada/Gonzalo_Sanchez_de_Lozada_0002.jpg,/home/anitadonato/tcc/tcc/data/lfw/lfw-funneled/Hugh_Grant/Hugh_Grant_0001.jpg,0.9252971665778709,0
/home/anitadonato/tcc/tcc/data/lfw/lfw-funneled/Hal_Gehman/Hal_Gehman_0005.jpg,/home/anitadonato/tcc/tcc/data/lfw/lfw-funneled/Hillary_Clinton/Hillary_Clinton_0001.jpg,0.7771756499285072,0
/home/anitadonato/tcc/tcc/data/lfw/lfw-funneled/Jennifer_Lopez/Jennifer_Lopez_0002.jpg,/home/anitadonato/tcc/tcc/data/lfw/lfw-funneled/Robert_De_Niro/Robert_De_Niro_0004.jpg,0.8505884178191417,0
/home/anitadonato/tcc/tcc/data/lfw/lfw-funneled/Paradorn_Srichaphan/Paradorn_Srichaphan_0004.jpg,/home/anitadonato/tcc/tcc/data/lfw/lfw-funneled/Jiri_Novak/Jiri_Novak_0001.jpg,0.9224161230486568,0
/home/anitadonato/tcc/tcc/data/lfw/lfw-funneled/Ludivine_Sagnier/Ludivine_Sagnier_0002.jpg,/home/anitadonato/tcc/tcc/data/lfw/lfw-funneled/Lleyton_Hewitt/Lleyton_Hewitt_0004.jpg,0.8956731578097666,0
/home/anitadonato/tcc/tcc/data/lfw/lfw-funneled/David_Anderson/David_Anderson_0003.jpg,/home/anitadonato/tcc/tcc/data/lfw/lfw-funneled/Habib_Rizieq/Habib_Rizieq_0001.jpg,0.8871191241488394,0
/home/anitadonato/tcc/tcc/data/lfw/lfw-funneled/Amelia_Vega/Amelia_Vega_0003.jpg,/home/anitadonato/tcc/tcc/data/lfw/lfw-funneled/Tommy_Franks/Tommy_Franks_0005.jpg,0.9505529422689788,0
/home/anitadonato/tcc/tcc/data/lfw/lfw-funneled/Rudolph_Giuliani/Rudolph_Giuliani_0003.jpg,/home/anitadonato/tcc/tcc/data/lfw/lfw-funneled/Cesar_Gaviria/Cesar_Gaviria_0002.jpg,0.8208373508370309,0
/home/anitadonato/tcc/tcc/data/lfw/lfw-funneled/Amelia_Vega/Amelia_Vega_0002.jpg,/home/anitadonato/tcc/tcc/data/lfw/lfw-funneled/Gloria_Macapagal_Arroyo/Gloria_Macapagal_Arroyo_0003.jpg,0.6750283808767478,0
/home/anitadonato/tcc/tcc/data/lfw/lfw-funneled/Jan_Ullrich/Jan_Ullrich_0001.jpg,/home/anitadonato/tcc/tcc/data/lfw/lfw-funneled/Colin_Montgomerie/Colin_Montgomerie_0003.jpg,0.7586135077412156,0
/home/anitadonato/tcc/tcc/data/lfw/lfw-funneled/Anna_Kournikova/Anna_Kournikova_0001.jpg,/home/anitadonato/tcc/tcc/data/lfw/lfw-funneled/Woody_Allen/Woody_Allen_0004.jpg,0.8781013486847354,0
/home/anitadonato/tcc/tcc/data/lfw/lfw-funneled/Gonzalo_Sanchez_de_Lozada/Gonzalo_Sanchez_de_Lozada_0005.jpg,/home/anitadonato/tcc/tcc/data/lfw/lfw-funneled/Steve_Lavin/Steve_Lavin_0002.jpg,0.7480792303467195,0
/home/anitadonato/tcc/tcc/data/lfw/lfw-funneled/Natalie_Coughlin/Natalie_Coughlin_0001.jpg,/home/anitadonato/tcc/tcc/data/lfw/lfw-funneled/Habib_Rizieq/Habib_Rizieq_0002.jpg,0.8731882085168914,0
/home/anitadonato/tcc/tcc/data/lfw/lfw-funneled/Fujio_Cho/Fujio_Cho_0001.jpg,/home/anitadonato/tcc/tcc/data/lfw/lfw-funneled/Tiger_Woods/Tiger_Woods_0002.jpg,0.7792595953490906,0
/home/anitadonato/tcc/tcc/data/lfw/lfw-funneled/Paul_Burrell/Paul_Burrell_0004.jpg,/home/anitadonato/tcc/tcc/data/lfw/lfw-funneled/Pervez_Musharraf/Pervez_Musharraf_0003.jpg,0.7079105344869836,0
/home/anitadonato/tcc/tcc/data/lfw/lfw-funneled/Maria_Shriver/Maria_Shriver_0001.jpg,/home/anitadonato/tcc/tcc/data/lfw/lfw-funneled/Cruz_Bustamante/Cruz_Bustamante_0005.jpg,0.787694558031382,0
/home/anitadonato/tcc/tcc/data/lfw/lfw-funneled/Adrien_Brody/Adrien_Brody_0001.jpg,/home/anitadonato/tcc/tcc/data/lfw/lfw-funneled/Anna_Kournikova/Anna_Kournikova_0001.jpg,1.0150918852044695,0
/home/anitadonato/tcc/tcc/data/lfw/lfw-funneled/Ana_Palacio/Ana_Palacio_0004.jpg,/home/anitadonato/tcc/tcc/data/lfw/lfw-funneled/Pervez_Musharraf/Pervez_Musharraf_0002.jpg,0.7762043137879269,0
/home/anitadonato/tcc/tcc/data/lfw/lfw-funneled/Amelia_Vega/Amelia_Vega_0001.jpg,/home/anitadonato/tcc/tcc/data/lfw/lfw-funneled/Bernard_Law/Bernard_Law_0001.jpg,0.9597233129673493,0
/home/anitadonato/tcc/tcc/data/lfw/lfw-funneled/Habib_Rizieq/Habib_Rizieq_0002.jpg,/home/anitadonato/tcc/tcc/data/lfw/lfw-funneled/Mohammed_Al-Douri/Mohammed_Al-Douri_0005.jpg,0.8093721030042297,0
/home/anitadonato/tcc/tcc/data/lfw/lfw-funneled/Jose_Maria_Aznar/Jose_Maria_Aznar_0004.jpg,/home/anitadonato/tcc/tcc/data/lfw/lfw-funneled/Rob_Marshall/Rob_Marshall_0004.jpg,0.6743513117571284,0
/home/anitadonato/tcc/tcc/data/lfw/lfw-funneled/Christine_Todd_Whitman/Christine_Todd_Whitman_0004.jpg,/home/anitadonato/tcc/tcc/data/lfw/lfw-funneled/Jean-Pierre_Raffarin/Jean-Pierre_Raffarin_0002.jpg,0.8215951462836381,0
/home/anitadonato/tcc/tcc/data/lfw/lfw-funneled/Roy_Moore/Roy_Moore_0002.jpg,/home/anitadonato/tcc/tcc/data/lfw/lfw-funneled/Mike_Myers/Mike_Myers_0003.jpg,0.7742422018068864,0
/home/anitadonato/tcc/tcc/data/lfw/lfw-funneled/Victoria_Clarke/Victoria_Clarke_0002.jpg,/home/anitadonato/tcc/tcc/data/lfw/lfw-funneled/Xavier_Malisse/Xavier_Malisse_0001.jpg,0.8912097279410442,0
/home/anitadonato/tcc/tcc/data/lfw/lfw-funneled/Michael_Schumacher/Michael_Schumacher_0005.jpg,/home/anitadonato/tcc/tcc/data/lfw/lfw-funneled/Valery_Giscard_dEstaing/Valery_Giscard_dEstaing_0002.jpg,0.7608943133581,0
/home/anitadonato/tcc/tcc/data/lfw/lfw-funneled/Alejandro_Toledo/Alejandro_Toledo_0004.jpg,/home/anitadonato/tcc/tcc/data/lfw/lfw-funneled/Li_Peng/Li_Peng_0004.jpg,0.668621195537635,0
/home/anitadonato/tcc/tcc/data/lfw/lfw-funneled/Al_Sharpton/Al_Sharpton_0001.jpg,/home/anitadonato/tcc/tcc/data/lfw/lfw-funneled/Joseph_Biden/Joseph_Biden_0001.jpg,0.7754363870056817,0
/home/anitadonato/tcc/tcc/data/lfw/lfw-funneled/Victoria_Clarke/Victoria_Clarke_0002.jpg,/home/anitadonato/tcc/tcc/data/lfw/lfw-funneled/Arminio_Fraga/Arminio_Fraga_0004.jpg,0.8664997961452092,0
/home/anitadonato/tcc/tcc/data/lfw/lfw-funneled/Hal_Gehman/Hal_Gehman_0005.jpg,/home/anitadonato/tcc/tcc/data/lfw/lfw-funneled/Maria_Soledad_Alvear_Valenzuela/Maria_Soledad_Alvear_Valenzuela_0002.jpg,0.8999085739490018,0
/home/anitadonato/tcc/tcc/data/lfw/lfw-funneled/Cruz_Bustamante/Cruz_Bustamante_0001.jpg,/home/anitadonato/tcc/tcc/data/lfw/lfw-funneled/Grant_Hackett/Grant_Hackett_0004.jpg,0.8008906609295128,0
/home/anitadonato/tcc/tcc/data/lfw/lfw-funneled/Gloria_Macapagal_Arroyo/Gloria_Macapagal_Arroyo_0004.jpg,/home/anitadonato/tcc/tcc/data/lfw/lfw-funneled/Lleyton_Hewitt/Lleyton_Hewitt_0005.jpg,0.9981301842399914,0
/home/anitadonato/tcc/tcc/data/lfw/lfw-funneled/Halle_Berry/Halle_Berry_0003.jpg,/home/anitadonato/tcc/tcc/data/lfw/lfw-funneled/George_Lopez/George_Lopez_0002.jpg,0.6691405157809457,0
/home/anitadonato/tcc/tcc/data/lfw/lfw-funneled/Geoff_Hoon/Geoff_Hoon_0005.jpg,/home/anitadonato/tcc/tcc/data/lfw/lfw-funneled/Erika_Harold/Erika_Harold_0002.jpg,0.926132134784971,0
/home/anitadonato/tcc/tcc/data/lfw/lfw-funneled/Christine_Todd_Whitman/Christine_Todd_Whitman_0003.jpg,/home/anitadonato/tcc/tcc/data/lfw/lfw-funneled/Michael_Powell/Michael_Powell_0001.jpg,0.9123001880497137,0
/home/anitadonato/tcc/tcc/data/lfw/lfw-funneled/Kim_Dae-jung/Kim_Dae-jung_0003.jpg,/home/anitadonato/tcc/tcc/data/lfw/lfw-funneled/John_Travolta/John_Travolta_0005.jpg,0.7840879638474417,0
/home/anitadonato/tcc/tcc/data/lfw/lfw-funneled/Ian_Thorpe/Ian_Thorpe_0001.jpg,/home/anitadonato/tcc/tcc/data/lfw/lfw-funneled/Tommy_Franks/Tommy_Franks_0002.jpg,0.7959191915084856,0
/home/anitadonato/tcc/tcc/data/lfw/lfw-funneled/Kurt_Warner/Kurt_Warner_0003.jpg,/home/anitadonato/tcc/tcc/data/lfw/lfw-funneled/Queen_Rania/Queen_Rania_0005.jpg,0.8946134119162092,0
/home/anitadonato/tcc/tcc/data/lfw/lfw-funneled/Natalie_Maines/Natalie_Maines_0002.jpg,/home/anitadonato/tcc/tcc/data/lfw/lfw-funneled/Paul_Martin/Paul_Martin_0005.jpg,0.944370960600857,0
/home/anitadonato/tcc/tcc/data/lfw/lfw-funneled/George_Lopez/George_Lopez_0002.jpg,/home/anitadonato/tcc/tcc/data/lfw/lfw-funneled/Roy_Moore/Roy_Moore_0002.jpg,0.8078886493464094,0
/home/anitadonato/tcc/tcc/data/lfw/lfw-funneled/Renee_Zellweger/Renee_Zellweger_0003.jpg,/home/anitadonato/tcc/tcc/data/lfw/lfw-funneled/Paul_ONeill/Paul_ONeill_0003.jpg,0.9036839727152428,0
/home/anitadonato/tcc/tcc/data/lfw/lfw-funneled/Paul_ONeill/Paul_ONeill_0003.jpg,/home/anitadonato/tcc/tcc/data/lfw/lfw-funneled/Christine_Todd_Whitman/Christine_Todd_Whitman_0005.jpg,0.8569377011498336,0
/home/anitadonato/tcc/tcc/data/lfw/lfw-funneled/Tom_Cruise/Tom_Cruise_0005.jpg,/home/anitadonato/tcc/tcc/data/lfw/lfw-funneled/Costas_Simitis/Costas_Simitis_0002.jpg,0.8934312063460517,0
/home/anitadonato/tcc/tcc/data/lfw/lfw-funneled/Meryl_Streep/Meryl_Streep_0003.jpg,/home/anitadonato/tcc/tcc/data/lfw/lfw-funneled/Michelle_Yeoh/Michelle_Yeoh_0002.jpg,0.8036880668625995,0
/home/anitadonato/tcc/tcc/data/lfw/lfw-funneled/Christine_Baumgartner/Christine_Baumgartner_0001.jpg,/home/anitadonato/tcc/tcc/data/lfw/lfw-funneled/Bulent_Ecevit/Bulent_Ecevit_0001.jpg,0.9071183302361785,0
/home/anitadonato/tcc/tcc/data/lfw/lfw-funneled/Ian_Thorpe/Ian_Thorpe_0002.jpg,/home/anitadonato/tcc/tcc/data/lfw/lfw-funneled/Megawati_Sukarnoputri/Megawati_Sukarnoputri_0001.jpg,0.7714708076394383,0
/home/anitadonato/tcc/tcc/data/lfw/lfw-funneled/Atal_Bihari_Vajpayee/Atal_Bihari_Vajpayee_0001.jpg,/home/anitadonato/tcc/tcc/data/lfw/lfw-funneled/Joseph_Biden/Joseph_Biden_0003.jpg,0.7992662476158917,0
/home/anitadonato/tcc/tcc/data/lfw/lfw-funneled/Michael_Schumacher/Michael_Schumacher_0002.jpg,/home/anitadonato/tcc/tcc/data/lfw/lfw-funneled/Hal_Gehman/Hal_Gehman_0003.jpg,0.7840372955598641,0
/home/anitadonato/tcc/tcc/data/lfw/lfw-funneled/Julie_Gerberding/Julie_Gerberding_0003.jpg,/home/anitadonato/tcc/tcc/data/lfw/lfw-funneled/Vladimir_Putin/Vladimir_Putin_0001.jpg,0.9217893065608926,0
/home/anitadonato/tcc/tcc/data/lfw/lfw-funneled/Goldie_Hawn/Goldie_Hawn_0005.jpg,/home/anitadonato/tcc/tcc/data/lfw/lfw-funneled/Sergey_Lavrov/Sergey_Lavrov_0002.jpg,0.9296033694021575,0
/home/anitadonato/tcc/tcc/data/lfw/lfw-funneled/Princess_Caroline/Princess_Caroline_0005.jpg,/home/anitadonato/tcc/tcc/data/lfw/lfw-funneled/Sharon_Stone/Sharon_Stone_0003.jpg,0.8164189137256749,0
/home/anitadonato/tcc/tcc/data/lfw/lfw-funneled/Bob_Hope/Bob_Hope_0004.jpg,/home/anitadonato/tcc/tcc/data/lfw/lfw-funneled/Nancy_Pelosi/Nancy_Pelosi_0005.jpg,0.8650215068571148,0
/home/anitadonato/tcc/tcc/data/lfw/lfw-funneled/Elizabeth_Smart/Elizabeth_Smart_0003.jpg,/home/anitadonato/tcc/tcc/data/lfw/lfw-funneled/Winona_Ryder/Winona_Ryder_0003.jpg,0.8286846730877522,0
/home/anitadonato/tcc/tcc/data/lfw/lfw-funneled/Hillary_Clinton/Hillary_Clinton_0004.jpg,/home/anitadonato/tcc/tcc/data/lfw/lfw-funneled/Tommy_Franks/Tommy_Franks_0004.jpg,0.8343712858950376,0
/home/anitadonato/tcc/tcc/data/lfw/lfw-funneled/Mohamed_ElBaradei/Mohamed_ElBaradei_0002.jpg,/home/anitadonato/tcc/tcc/data/lfw/lfw-funneled/Erika_Harold/Erika_Harold_0005.jpg,0.8573815290644671,0
/home/anitadonato/tcc/tcc/data/lfw/lfw-funneled/Hosni_Mubarak/Hosni_Mubarak_0003.jpg,/home/anitadonato/tcc/tcc/data/lfw/lfw-funneled/Michael_Schumacher/Michael_Schumacher_0002.jpg,0.786418285184928,0
/home/anitadonato/tcc/tcc/data/lfw/lfw-funneled/Kalpana_Chawla/Kalpana_Chawla_0002.jpg,/home/anitadonato/tcc/tcc/data/lfw/lfw-funneled/Adrien_Brody/Adrien_Brody_0004.jpg,0.830202219976571,0
/home/anitadonato/tcc/tcc/data/lfw/lfw-funneled/David_Anderson/David_Anderson_0003.jpg,/home/anitadonato/tcc/tcc/data/lfw/lfw-funneled/John_Stockton/John_Stockton_0002.jpg,0.7720687825162523,0
/home/anitadonato/tcc/tcc/data/lfw/lfw-funneled/Vladimir_Putin/Vladimir_Putin_0001.jpg,/home/anitadonato/tcc/tcc/data/lfw/lfw-funneled/Trent_Lott/Trent_Lott_0005.jpg,0.7090023246094918,0
/home/anitadonato/tcc/tcc/data/lfw/lfw-funneled/Walter_Mondale/Walter_Mondale_0005.jpg,/home/anitadonato/tcc/tcc/data/lfw/lfw-funneled/Jacques_Chirac/Jacques_Chirac_0001.jpg,0.6943893710589405,0
/home/anitadonato/tcc/tcc/data/lfw/lfw-funneled/John_Paul_II/John_Paul_II_0003.jpg,/home/anitadonato/tcc/tcc/data/lfw/lfw-funneled/Megawati_Sukarnoputri/Megawati_Sukarnoputri_0005.jpg,0.89697829983099,0
/home/anitadonato/tcc/tcc/data/lfw/lfw-funneled/John_Negroponte/John_Negroponte_0005.jpg,/home/anitadonato/tcc/tcc/data/lfw/lfw-funneled/Jean-David_Levitte/Jean-David_Levitte_0001.jpg,0.8338179988387012,0
/home/anitadonato/tcc/tcc/data/lfw/lfw-funneled/Mark_Hurlbert/Mark_Hurlbert_0003.jpg,/home/anitadonato/tcc/tcc/data/lfw/lfw-funneled/Costas_Simitis/Costas_Simitis_0001.jpg,0.7271342830539761,0
/home/anitadonato/tcc/tcc/data/lfw/lfw-funneled/Renee_Zellweger/Renee_Zellweger_0003.jpg,/home/anitadonato/tcc/tcc/data/lfw/lfw-funneled/Mike_Martz/Mike_Martz_0002.jpg,0.8246884331658216,0
/home/anitadonato/tcc/tcc/data/lfw/lfw-funneled/Abdullah_Gul/Abdullah_Gul_0003.jpg,/home/anitadonato/tcc/tcc/data/lfw/lfw-funneled/Pedro_Malan/Pedro_Malan_0004.jpg,0.7937177432795882,0
/home/anitadonato/tcc/tcc/data/lfw/lfw-funneled/Alvaro_Uribe/Alvaro_Uribe_0002.jpg,/home/anitadonato/tcc/tcc/data/lfw/lfw-funneled/Roger_Federer/Roger_Federer_0002.jpg,0.7955426189883404,0
/home/anitadonato/tcc/tcc/data/lfw/lfw-funneled/Hosni_Mubarak/Hosni_Mubarak_0003.jpg,/home/anitadonato/tcc/tcc/data/lfw/lfw-funneled/Ana_Guevara/Ana_Guevara_0003.jpg,0.7525616969220328,0
/home/anitadonato/tcc/tcc/data/lfw/lfw-funneled/Robert_De_Niro/Robert_De_Niro_0001.jpg,/home/anitadonato/tcc/tcc/data/lfw/lfw-funneled/Andre_Agassi/Andre_Agassi_0001.jpg,0.7273557088535908,0
/home/anitadonato/tcc/tcc/data/lfw/lfw-funneled/Arminio_Fraga/Arminio_Fraga_0004.jpg,/home/anitadonato/tcc/tcc/data/lfw/lfw-funneled/Clara_Harris/Clara_Harris_0002.jpg,0.8310920259184855,0
/home/anitadonato/tcc/tcc/data/lfw/lfw-funneled/Fernando_Gonzalez/Fernando_Gonzalez_0004.jpg,/home/anitadonato/tcc/tcc/data/lfw/lfw-funneled/Meryl_Streep/Meryl_Streep_0003.jpg,0.9179694407476204,0
/home/anitadonato/tcc/tcc/data/lfw/lfw-funneled/Grant_Hackett/Grant_Hackett_0001.jpg,/home/anitadonato/tcc/tcc/data/lfw/lfw-funneled/Tony_Blair/Tony_Blair_0004.jpg,0.7008854148929694,0
/home/anitadonato/tcc/tcc/data/lfw/lfw-funneled/Kofi_Annan/Kofi_Annan_0002.jpg,/home/anitadonato/tcc/tcc/data/lfw/lfw-funneled/Mohamed_ElBaradei/Mohamed_ElBaradei_0002.jpg,0.859814670604876,0
/home/anitadonato/tcc/tcc/data/lfw/lfw-funneled/Gonzalo_Sanchez_de_Lozada/Gonzalo_Sanchez_de_Lozada_0001.jpg,/home/anitadonato/tcc/tcc/data/lfw/lfw-funneled/Bob_Hope/Bob_Hope_0003.jpg,0.7537658678021475,0
/home/anitadonato/tcc/tcc/data/lfw/lfw-funneled/Goldie_Hawn/Goldie_Hawn_0003.jpg,/home/anitadonato/tcc/tcc/data/lfw/lfw-funneled/Erika_Harold/Erika_Harold_0001.jpg,0.8010759061042726,0
/home/anitadonato/tcc/tcc/data/lfw/lfw-funneled/Bob_Hope/Bob_Hope_0002.jpg,/home/anitadonato/tcc/tcc/data/lfw/lfw-funneled/David_Trimble/David_Trimble_0004.jpg,0.9051401990476463,0
/home/anitadonato/tcc/tcc/data/lfw/lfw-funneled/Colin_Powell/Colin_Powell_0001.jpg,/home/anitadonato/tcc/tcc/data/lfw/lfw-funneled/John_Stockton/John_Stockton_0005.jpg,0.8270000559985036,0
/home/anitadonato/tcc/tcc/data/lfw/lfw-funneled/Amelia_Vega/Amelia_Vega_0005.jpg,/home/anitadonato/tcc/tcc/data/lfw/lfw-funneled/Winona_Ryder/Winona_Ryder_0005.jpg,0.7199714341600444,0
/home/anitadonato/tcc/tcc/data/lfw/lfw-funneled/Sheryl_Crow/Sheryl_Crow_0001.jpg,/home/anitadonato/tcc/tcc/data/lfw/lfw-funneled/Angelina_Jolie/Angelina_Jolie_0004.jpg,0.7585445667235784,0
/home/anitadonato/tcc/tcc/data/lfw/lfw-funneled/Paul_McCartney/Paul_McCartney_0005.jpg,/home/anitadonato/tcc/tcc/data/lfw/lfw-funneled/Fidel_Castro/Fidel_Castro_0004.jpg,0.7327274458225866,0
/home/anitadonato/tcc/tcc/data/lfw/lfw-funneled/Tommy_Franks/Tommy_Franks_0001.jpg,/home/anitadonato/tcc/tcc/data/lfw/lfw-funneled/Billy_Crystal/Billy_Crystal_0003.jpg,0.7427323931169576,0
/home/anitadonato/tcc/tcc/data/lfw/lfw-funneled/Ann_Veneman/Ann_Veneman_0004.jpg,/home/anitadonato/tcc/tcc/data/lfw/lfw-funneled/Joe_Lieberman/Joe_Lieberman_0005.jpg,0.8068341159150417,0
/home/anitadonato/tcc/tcc/data/lfw/lfw-funneled/Andre_Agassi/Andre_Agassi_0005.jpg,/home/anitadonato/tcc/tcc/data/lfw/lfw-funneled/Trent_Lott/Trent_Lott_0003.jpg,0.7851425635012265,0
/home/anitadonato/tcc/tcc/data/lfw/lfw-funneled/Tung_Chee-hwa/Tung_Chee-hwa_0003.jpg,/home/anitadonato/tcc/tcc/data/lfw/lfw-funneled/Britney_Spears/Britney_Spears_0002.jpg,0.8770683881716632,0
/home/anitadonato/tcc/tcc/data/lfw/lfw-funneled/Natalie_Coughlin/Natalie_Coughlin_0004.jpg,/home/anitadonato/tcc/tcc/data/lfw/lfw-funneled/Mohammed_Al-Douri/Mohammed_Al-Douri_0005.jpg,0.9413288488039006,0
/home/anitadonato/tcc/tcc/data/lfw/lfw-funneled/Al_Sharpton/Al_Sharpton_0002.jpg,/home/anitadonato/tcc/tcc/data/lfw/lfw-funneled/Christine_Baumgartner/Christine_Baumgartner_0001.jpg,0.9369026224782897,0
/home/anitadonato/tcc/tcc/data/lfw/lfw-funneled/Salma_Hayek/Salma_Hayek_0004.jpg,/home/anitadonato/tcc/tcc/data/lfw/lfw-funneled/Richard_Myers/Richard_Myers_0001.jpg,1.0190011070152525,0
/home/anitadonato/tcc/tcc/data/lfw/lfw-funneled/Li_Peng/Li_Peng_0005.jpg,/home/anitadonato/tcc/tcc/data/lfw/lfw-funneled/Tung_Chee-hwa/Tung_Chee-hwa_0004.jpg,0.6463619206491795,0
/home/anitadonato/tcc/tcc/data/lfw/lfw-funneled/Hal_Gehman/Hal_Gehman_0001.jpg,/home/anitadonato/tcc/tcc/data/lfw/lfw-funneled/Natalie_Coughlin/Natalie_Coughlin_0002.jpg,0.8081145137955182,0
/home/anitadonato/tcc/tcc/data/lfw/lfw-funneled/Jennifer_Capriati/Jennifer_Capriati_0003.jpg,/home/anitadonato/tcc/tcc/data/lfw/lfw-funneled/Jean-David_Levitte/Jean-David_Levitte_0001.jpg,0.8176916468861738,0
/home/anitadonato/tcc/tcc/data/lfw/lfw-funneled/Pamela_Anderson/Pamela_Anderson_0003.jpg,/home/anitadonato/tcc/tcc/data/lfw/lfw-funneled/William_Ford_Jr/William_Ford_Jr_0004.jpg,0.9683264172247855,0
/home/anitadonato/tcc/tcc/data/lfw/lfw-funneled/Kim_Dae-jung/Kim_Dae-jung_0003.jpg,/home/anitadonato/tcc/tcc/data/lfw/lfw-funneled/Christine_Baumgartner/Christine_Baumgartner_0001.jpg,0.9291635969485639,0
/home/anitadonato/tcc/tcc/data/lfw/lfw-funneled/Maria_Soledad_Alvear_Valenzuela/Maria_Soledad_Alvear_Valenzuela_0004.jpg,/home/anitadonato/tcc/tcc/data/lfw/lfw-funneled/Grant_Hackett/Grant_Hackett_0002.jpg,0.9053217882606953,0
/home/anitadonato/tcc/tcc/data/lfw/lfw-funneled/Zinedine_Zidane/Zinedine_Zidane_0003.jpg,/home/anitadonato/tcc/tcc/data/lfw/lfw-funneled/Jean-Pierre_Raffarin/Jean-Pierre_Raffarin_0002.jpg,0.8279323657802201,0
/home/anitadonato/tcc/tcc/data/lfw/lfw-funneled/Xavier_Malisse/Xavier_Malisse_0003.jpg,/home/anitadonato/tcc/tcc/data/lfw/lfw-funneled/Yoko_Ono/Yoko_Ono_0004.jpg,0.8979078043945079,0
/home/anitadonato/tcc/tcc/data/lfw/lfw-funneled/Paradorn_Srichaphan/Paradorn_Srichaphan_0002.jpg,/home/anitadonato/tcc/tcc/data/lfw/lfw-funneled/Roger_Federer/Roger_Federer_0003.jpg,0.8363165292616198,0
/home/anitadonato/tcc/tcc/data/lfw/lfw-funneled/Tom_Cruise/Tom_Cruise_0002.jpg,/home/anitadonato/tcc/tcc/data/lfw/lfw-funneled/Kevin_Costner/Kevin_Costner_0001.jpg,0.714386307696465,0
/home/anitadonato/tcc/tcc/data/lfw/lfw-funneled/Matthew_Perry/Matthew_Perry_0003.jpg,/home/anitadonato/tcc/tcc/data/lfw/lfw-funneled/Juan_Pablo_Montoya/Juan_Pablo_Montoya_0005.jpg,0.6180419295575132,0
/home/anitadonato/tcc/tcc/data/lfw/lfw-funneled/Fernando_Gonzalez/Fernando_Gonzalez_0005.jpg,/home/anitadonato/tcc/tcc/data/lfw/lfw-funneled/Bill_McBride/Bill_McBride_0002.jpg,0.8907899189874413,0
/home/anitadonato/tcc/tcc/data/lfw/lfw-funneled/Carmen_Electra/Carmen_Electra_0004.jpg,/home/anitadonato/tcc/tcc/data/lfw/lfw-funneled/Kevin_Costner/Kevin_Costner_0005.jpg,0.9560042611170544,0
/home/anitadonato/tcc/tcc/data/lfw/lfw-funneled/Silvan_Shalom/Silvan_Shalom_0004.jpg,/home/anitadonato/tcc/tcc/data/lfw/lfw-funneled/Ludivine_Sagnier/Ludivine_Sagnier_0005.jpg,0.969638178802199,0
/home/anitadonato/tcc/tcc/data/lfw/lfw-funneled/Renee_Zellweger/Renee_Zellweger_0003.jpg,/home/anitadonato/tcc/tcc/data/lfw/lfw-funneled/Pamela_Anderson/Pamela_Anderson_0001.jpg,0.7707874036100865,0
/home/anitadonato/tcc/tcc/data/lfw/lfw-funneled/Jan_Ullrich/Jan_Ullrich_0001.jpg,/home/anitadonato/tcc/tcc/data/lfw/lfw-funneled/Gloria_Macapagal_Arroyo/Gloria_Macapagal_Arroyo_0005.jpg,0.9881954797084924,0
/home/anitadonato/tcc/tcc/data/lfw/lfw-funneled/Silvio_Berlusconi/Silvio_Berlusconi_0005.jpg,/home/anitadonato/tcc/tcc/data/lfw/lfw-funneled/Tom_Harkin/Tom_Harkin_0005.jpg,0.7796823289685532,0
/home/anitadonato/tcc/tcc/data/lfw/lfw-funneled/Sergey_Lavrov/Sergey_Lavrov_0004.jpg,/home/anitadonato/tcc/tcc/data/lfw/lfw-funneled/Kate_Hudson/Kate_Hudson_0002.jpg,1.0438191966013037,0
/home/anitadonato/tcc/tcc/data/lfw/lfw-funneled/Fidel_Castro/Fidel_Castro_0002.jpg,/home/anitadonato/tcc/tcc/data/lfw/lfw-funneled/Mike_Myers/Mike_Myers_0002.jpg,0.7789127968124178,0
/home/anitadonato/tcc/tcc/data/lfw/lfw-funneled/Rudolph_Giuliani/Rudolph_Giuliani_0001.jpg,/home/anitadonato/tcc/tcc/data/lfw/lfw-funneled/Rainer_Schuettler/Rainer_Schuettler_0004.jpg,0.7081472085085363,0
/home/anitadonato/tcc/tcc/data/lfw/lfw-funneled/Hal_Gehman/Hal_Gehman_0002.jpg,/home/anitadonato/tcc/tcc/data/lfw/lfw-funneled/John_Manley/John_Manley_0005.jpg,0.6926126046155401,0
/home/anitadonato/tcc/tcc/data/lfw/lfw-funneled/Anna_Kournikova/Anna_Kournikova_0001.jpg,/home/anitadonato/tcc/tcc/data/lfw/lfw-funneled/Erika_Harold/Erika_Harold_0001.jpg,0.7064529654852563,0
/home/anitadonato/tcc/tcc/data/lfw/lfw-funneled/George_Lopez/George_Lopez_0004.jpg,/home/anitadonato/tcc/tcc/data/lfw/lfw-funneled/Steve_Lavin/Steve_Lavin_0005.jpg,0.908108935638969,0
/home/anitadonato/tcc/tcc/data/lfw/lfw-funneled/Robert_Blake/Robert_Blake_0005.jpg,/home/anitadonato/tcc/tcc/data/lfw/lfw-funneled/Sourav_Ganguly/Sourav_Ganguly_0004.jpg,0.7876793298714868,0
/home/anitadonato/tcc/tcc/data/lfw/lfw-funneled/Tiger_Woods/Tiger_Woods_0005.jpg,/home/anitadonato/tcc/tcc/data/lfw/lfw-funneled/Angela_Merkel/Angela_Merkel_0005.jpg,0.9899214345212685,0
/home/anitadonato/tcc/tcc/data/lfw/lfw-funneled/Tom_Daschle/Tom_Daschle_0001.jpg,/home/anitadonato/tcc/tcc/data/lfw/lfw-funneled/Silvan_Shalom/Silvan_Shalom_0004.jpg,0.758637215407184,0
/home/anitadonato/tcc/tcc/data/lfw/lfw-funneled/Wayne_Ferreira/Wayne_Ferreira_0005.jpg,/home/anitadonato/tcc/tcc/data/lfw/lfw-funneled/Sergey_Lavrov/Sergey_Lavrov_0005.jpg,0.9101963860019804,0
/home/anitadonato/tcc/tcc/data/lfw/lfw-funneled/Russell_Simmons/Russell_Simmons_0001.jpg,/home/anitadonato/tcc/tcc/data/lfw/lfw-funneled/Charlton_Heston/Charlton_Heston_0001.jpg,0.8379957465573508,0
/home/anitadonato/tcc/tcc/data/lfw/lfw-funneled/Tom_Cruise/Tom_Cruise_0001.jpg,/home/anitadonato/tcc/tcc/data/lfw/lfw-funneled/Michael_Powell/Michael_Powell_0003.jpg,0.8232570691880969,0
/home/anitadonato/tcc/tcc/data/lfw/lfw-funneled/Ludivine_Sagnier/Ludivine_Sagnier_0004.jpg,/home/anitadonato/tcc/tcc/data/lfw/lfw-funneled/Mike_Martz/Mike_Martz_0003.jpg,0.9335025237883022,0
/home/anitadonato/tcc/tcc/data/lfw/lfw-funneled/Arminio_Fraga/Arminio_Fraga_0004.jpg,/home/anitadonato/tcc/tcc/data/lfw/lfw-funneled/Paul_McCartney/Paul_McCartney_0005.jpg,0.8459803040723927,0
/home/anitadonato/tcc/tcc/data/lfw/lfw-funneled/Cameron_Diaz/Cameron_Diaz_0001.jpg,/home/anitadonato/tcc/tcc/data/lfw/lfw-funneled/Pamela_Anderson/Pamela_Anderson_0002.jpg,0.8306045069407605,0
/home/anitadonato/tcc/tcc/data/lfw/lfw-funneled/Sourav_Ganguly/Sourav_Ganguly_0002.jpg,/home/anitadonato/tcc/tcc/data/lfw/lfw-funneled/Hamid_Karzai/Hamid_Karzai_0005.jpg,0.7433623435087681,0
/home/anitadonato/tcc/tcc/data/lfw/lfw-funneled/Cameron_Diaz/Cameron_Diaz_0004.jpg,/home/anitadonato/tcc/tcc/data/lfw/lfw-funneled/Amelie_Mauresmo/Amelie_Mauresmo_0001.jpg,0.8191311053560234,0
/home/anitadonato/tcc/tcc/data/lfw/lfw-funneled/Jan_Ullrich/Jan_Ullrich_0002.jpg,/home/anitadonato/tcc/tcc/data/lfw/lfw-funneled/Bernard_Law/Bernard_Law_0001.jpg,0.7440921290660658,0
/home/anitadonato/tcc/tcc/data/lfw/lfw-funneled/Jean_Chretien/Jean_Chretien_0003.jpg,/home/anitadonato/tcc/tcc/data/lfw/lfw-funneled/Pamela_Anderson/Pamela_Anderson_0003.jpg,0.864489184188966,0
/home/anitadonato/tcc/tcc/data/lfw/lfw-funneled/Goldie_Hawn/Goldie_Hawn_0003.jpg,/home/anitadonato/tcc/tcc/data/lfw/lfw-funneled/Winona_Ryder/Winona_Ryder_0003.jpg,0.6788447858700004,0
/home/anitadonato/tcc/tcc/data/lfw/lfw-funneled/Victoria_Clarke/Victoria_Clarke_0001.jpg,/home/anitadonato/tcc/tcc/data/lfw/lfw-funneled/Christine_Baumgartner/Christine_Baumgartner_0002.jpg,0.8004180714408914,0
/home/anitadonato/tcc/tcc/data/lfw/lfw-funneled/Hillary_Clinton/Hillary_Clinton_0004.jpg,/home/anitadonato/tcc/tcc/data/lfw/lfw-funneled/Richard_Gephardt/Richard_Gephardt_0003.jpg,0.8699527917532557,0
/home/anitadonato/tcc/tcc/data/lfw/lfw-funneled/George_HW_Bush/George_HW_Bush_0004.jpg,/home/anitadonato/tcc/tcc/data/lfw/lfw-funneled/Trent_Lott/Trent_Lott_0005.jpg,0.6565165623129695,0
/home/anitadonato/tcc/tcc/data/lfw/lfw-funneled/Alejandro_Toledo/Alejandro_Toledo_0002.jpg,/home/anitadonato/tcc/tcc/data/lfw/lfw-funneled/Pedro_Malan/Pedro_Malan_0004.jpg,0.7236633031846035,0
/home/anitadonato/tcc/tcc/data/lfw/lfw-funneled/Mike_Myers/Mike_Myers_0004.jpg,/home/anitadonato/tcc/tcc/data/lfw/lfw-funneled/Ben_Affleck/Ben_Affleck_0005.jpg,0.7769942089179417,0
/home/anitadonato/tcc/tcc/data/lfw/lfw-funneled/Nancy_Pelosi/Nancy_Pelosi_0005.jpg,/home/anitadonato/tcc/tcc/data/lfw/lfw-funneled/Paul_Martin/Paul_Martin_0002.jpg,0.8958433735299624,0
/home/anitadonato/tcc/tcc/data/lfw/lfw-funneled/Ana_Palacio/Ana_Palacio_0005.jpg,/home/anitadonato/tcc/tcc/data/lfw/lfw-funneled/John_Howard/John_Howard_0004.jpg,0.7231675709581454,0
/home/anitadonato/tcc/tcc/data/lfw/lfw-funneled/Hillary_Clinton/Hillary_Clinton_0005.jpg,/home/anitadonato/tcc/tcc/data/lfw/lfw-funneled/Michael_Powell/Michael_Powell_0005.jpg,0.884152521005412,0
/home/anitadonato/tcc/tcc/data/lfw/lfw-funneled/Christine_Todd_Whitman/Christine_Todd_Whitman_0002.jpg,/home/anitadonato/tcc/tcc/data/lfw/lfw-funneled/Woody_Allen/Woody_Allen_0002.jpg,0.7030695075436769,0
/home/anitadonato/tcc/tcc/data/lfw/lfw-funneled/Paul_Martin/Paul_Martin_0001.jpg,/home/anitadonato/tcc/tcc/data/lfw/lfw-funneled/Norm_Coleman/Norm_Coleman_0004.jpg,0.8857762187044466,0
/home/anitadonato/tcc/tcc/data/lfw/lfw-funneled/Mohammed_Al-Douri/Mohammed_Al-Douri_0002.jpg,/home/anitadonato/tcc/tcc/data/lfw/lfw-funneled/Salma_Hayek/Salma_Hayek_0003.jpg,0.941706188891207,0
/home/anitadonato/tcc/tcc/data/lfw/lfw-funneled/Zinedine_Zidane/Zinedine_Zidane_0005.jpg,/home/anitadonato/tcc/tcc/data/lfw/lfw-funneled/Habib_Rizieq/Habib_Rizieq_0004.jpg,0.8387058099704827,0
/home/anitadonato/tcc/tcc/data/lfw/lfw-funneled/Abdullah_Gul/Abdullah_Gul_0001.jpg,/home/anitadonato/tcc/tcc/data/lfw/lfw-funneled/Fujio_Cho/Fujio_Cho_0002.jpg,0.8178077297768812,0
/home/anitadonato/tcc/tcc/data/lfw/lfw-funneled/Nancy_Pelosi/Nancy_Pelosi_0005.jpg,/home/anitadonato/tcc/tcc/data/lfw/lfw-funneled/Christine_Baumgartner/Christine_Baumgartner_0004.jpg,0.8380569320374752,0
/home/anitadonato/tcc/tcc/data/lfw/lfw-funneled/Vladimir_Putin/Vladimir_Putin_0005.jpg,/home/anitadonato/tcc/tcc/data/lfw/lfw-funneled/Pamela_Anderson/Pamela_Anderson_0005.jpg,0.9097967803354357,0
/home/anitadonato/tcc/tcc/data/lfw/lfw-funneled/Yashwant_Sinha/Yashwant_Sinha_0002.jpg,/home/anitadonato/tcc/tcc/data/lfw/lfw-funneled/Mike_Martz/Mike_Martz_0003.jpg,0.6514997874144887,0
/home/anitadonato/tcc/tcc/data/lfw/lfw-funneled/Gerhard_Schroeder/Gerhard_Schroeder_0001.jpg,/home/anitadonato/tcc/tcc/data/lfw/lfw-funneled/Martha_Stewart/Martha_Stewart_0003.jpg,0.9411601782822222,0
/home/anitadonato/tcc/tcc/data/lfw/lfw-funneled/Christine_Todd_Whitman/Christine_Todd_Whitman_0001.jpg,/home/anitadonato/tcc/tcc/data/lfw/lfw-funneled/Arminio_Fraga/Arminio_Fraga_0002.jpg,0.7663443256048506,0
/home/anitadonato/tcc/tcc/data/lfw/lfw-funneled/Silvio_Berlusconi/Silvio_Berlusconi_0002.jpg,/home/anitadonato/tcc/tcc/data/lfw/lfw-funneled/Michael_Powell/Michael_Powell_0002.jpg,0.8049249150943444,0
/home/anitadonato/tcc/tcc/data/lfw/lfw-funneled/Alejandro_Toledo/Alejandro_Toledo_0002.jpg,/home/anitadonato/tcc/tcc/data/lfw/lfw-funneled/Bill_Gates/Bill_Gates_0003.jpg,0.7164574433012935,0
/home/anitadonato/tcc/tcc/data/lfw/lfw-funneled/Mohamed_ElBaradei/Mohamed_ElBaradei_0005.jpg,/home/anitadonato/tcc/tcc/data/lfw/lfw-funneled/Ben_Affleck/Ben_Affleck_0001.jpg,0.8292705287267302,0
/home/anitadonato/tcc/tcc/data/lfw/lfw-funneled/Michael_Powell/Michael_Powell_0001.jpg,/home/anitadonato/tcc/tcc/data/lfw/lfw-funneled/Kristanna_Loken/Kristanna_Loken_0004.jpg,0.8949702483152584,0
/home/anitadonato/tcc/tcc/data/lfw/lfw-funneled/Paul_Burrell/Paul_Burrell_0002.jpg,/home/anitadonato/tcc/tcc/data/lfw/lfw-funneled/Alejandro_Toledo/Alejandro_Toledo_0005.jpg,0.7773956306338193,0
/home/anitadonato/tcc/tcc/data/lfw/lfw-funneled/Alvaro_Uribe/Alvaro_Uribe_0003.jpg,/home/anitadonato/tcc/tcc/data/lfw/lfw-funneled/Bill_Gates/Bill_Gates_0005.jpg,0.7495426491184674,0
/home/anitadonato/tcc/tcc/data/lfw/lfw-funneled/David_Anderson/David_Anderson_0003.jpg,/home/anitadonato/tcc/tcc/data/lfw/lfw-funneled/Gloria_Macapagal_Arroyo/Gloria_Macapagal_Arroyo_0004.jpg,1.0121243588361282,0
/home/anitadonato/tcc/tcc/data/lfw/lfw-funneled/Tony_Blair/Tony_Blair_0004.jpg,/home/anitadonato/tcc/tcc/data/lfw/lfw-funneled/Yashwant_Sinha/Yashwant_Sinha_0003.jpg,0.5909817063855949,0
/home/anitadonato/tcc/tcc/data/lfw/lfw-funneled/Cesar_Gaviria/Cesar_Gaviria_0003.jpg,/home/anitadonato/tcc/tcc/data/lfw/lfw-funneled/Paradorn_Srichaphan/Paradorn_Srichaphan_0005.jpg,0.8422645710619733,0
/home/anitadonato/tcc/tcc/data/lfw/lfw-funneled/Nicanor_Duarte_Frutos/Nicanor_Duarte_Frutos_0005.jpg,/home/anitadonato/tcc/tcc/data/lfw/lfw-funneled/Jan_Ullrich/Jan_Ullrich_0001.jpg,0.9354613903854225,0
/home/anitadonato/tcc/tcc/data/lfw/lfw-funneled/Carlos_Moya/Carlos_Moya_0003.jpg,/home/anitadonato/tcc/tcc/data/lfw/lfw-funneled/Carlos_Menem/Carlos_Menem_0005.jpg,0.8521315102610397,0
/home/anitadonato/tcc/tcc/data/lfw/lfw-funneled/Alejandro_Toledo/Alejandro_Toledo_0005.jpg,/home/anitadonato/tcc/tcc/data/lfw/lfw-funneled/Martin_Scorsese/Martin_Scorsese_0003.jpg,0.7732301280123189,0
/home/anitadonato/tcc/tcc/data/lfw/lfw-funneled/Richard_Gephardt/Richard_Gephardt_0001.jpg,/home/anitadonato/tcc/tcc/data/lfw/lfw-funneled/Maria_Shriver/Maria_Shriver_0004.jpg,0.8087551437862533,0
/home/anitadonato/tcc/tcc/data/lfw/lfw-funneled/Ana_Palacio/Ana_Palacio_0003.jpg,/home/anitadonato/tcc/tcc/data/lfw/lfw-funneled/Winona_Ryder/Winona_Ryder_0003.jpg,0.7922299207650906,0
/home/anitadonato/tcc/tcc/data/lfw/lfw-funneled/Sourav_Ganguly/Sourav_Ganguly_0003.jpg,/home/anitadonato/tcc/tcc/data/lfw/lfw-funneled/Anna_Kournikova/Anna_Kournikova_0002.jpg,0.8772008652381621,0
/home/anitadonato/tcc/tcc/data/lfw/lfw-funneled/Wayne_Ferreira/Wayne_Ferreira_0002.jpg,/home/anitadonato/tcc/tcc/data/lfw/lfw-funneled/Tom_Harkin/Tom_Harkin_0001.jpg,0.7502952296679171,0
/home/anitadonato/tcc/tcc/data/lfw/lfw-funneled/Denzel_Washington/Denzel_Washington_0003.jpg,/home/anitadonato/tcc/tcc/data/lfw/lfw-funneled/Hamid_Karzai/Hamid_Karzai_0002.jpg,0.811528724252324,0
/home/anitadonato/tcc/tcc/data/lfw/lfw-funneled/Andre_Agassi/Andre_Agassi_0004.jpg,/home/anitadonato/tcc/tcc/data/lfw/lfw-funneled/Geoff_Hoon/Geoff_Hoon_0003.jpg,0.705314508492838,0
/home/anitadonato/tcc/tcc/data/lfw/lfw-funneled/Anna_Kournikova/Anna_Kournikova_0004.jpg,/home/anitadonato/tcc/tcc/data/lfw/lfw-funneled/Silvan_Shalom/Silvan_Shalom_0004.jpg,0.7155293657035887,0
/home/anitadonato/tcc/tcc/data/lfw/lfw-funneled/Natalie_Maines/Natalie_Maines_0005.jpg,/home/anitadonato/tcc/tcc/data/lfw/lfw-funneled/Bulent_Ecevit/Bulent_Ecevit_0005.jpg,1.0304651108719405,0
/home/anitadonato/tcc/tcc/data/lfw/lfw-funneled/Joe_Lieberman/Joe_Lieberman_0002.jpg,/home/anitadonato/tcc/tcc/data/lfw/lfw-funneled/David_Trimble/David_Trimble_0005.jpg,0.7981960781613459,0
/home/anitadonato/tcc/tcc/data/lfw/lfw-funneled/Jean-David_Levitte/Jean-David_Levitte_0003.jpg,/home/anitadonato/tcc/tcc/data/lfw/lfw-funneled/Pamela_Anderson/Pamela_Anderson_0005.jpg,0.9094326579870196,0
/home/anitadonato/tcc/tcc/data/lfw/lfw-funneled/Richard_Gephardt/Richard_Gephardt_0005.jpg,/home/anitadonato/tcc/tcc/data/lfw/lfw-funneled/Jennifer_Capriati/Jennifer_Capriati_0002.jpg,0.8020627124296664,0
/home/anitadonato/tcc/tcc/data/lfw/lfw-funneled/Li_Peng/Li_Peng_0004.jpg,/home/anitadonato/tcc/tcc/data/lfw/lfw-funneled/Natalie_Coughlin/Natalie_Coughlin_0002.jpg,0.8320672747792549,0
/home/anitadonato/tcc/tcc/data/lfw/lfw-funneled/Amelie_Mauresmo/Amelie_Mauresmo_0001.jpg,/home/anitadonato/tcc/tcc/data/lfw/lfw-funneled/Peter_Struck/Peter_Struck_0002.jpg,0.7447375435401776,0
/home/anitadonato/tcc/tcc/data/lfw/lfw-funneled/Roy_Moore/Roy_Moore_0003.jpg,/home/anitadonato/tcc/tcc/data/lfw/lfw-funneled/Bill_Gates/Bill_Gates_0004.jpg,0.7915909996953633,0
/home/anitadonato/tcc/tcc/data/lfw/lfw-funneled/Bernard_Law/Bernard_Law_0003.jpg,/home/anitadonato/tcc/tcc/data/lfw/lfw-funneled/Nancy_Pelosi/Nancy_Pelosi_0005.jpg,0.8388957141202756,0
/home/anitadonato/tcc/tcc/data/lfw/lfw-funneled/Li_Peng/Li_Peng_0001.jpg,/home/anitadonato/tcc/tcc/data/lfw/lfw-funneled/Habib_Rizieq/Habib_Rizieq_0004.jpg,0.5882922303322996,0
/home/anitadonato/tcc/tcc/data/lfw/lfw-funneled/Billy_Crystal/Billy_Crystal_0005.jpg,/home/anitadonato/tcc/tcc/data/lfw/lfw-funneled/Abdullah_Gul/Abdullah_Gul_0005.jpg,0.7823100446358657,0
/home/anitadonato/tcc/tcc/data/lfw/lfw-funneled/Valery_Giscard_dEstaing/Valery_Giscard_dEstaing_0004.jpg,/home/anitadonato/tcc/tcc/data/lfw/lfw-funneled/Bob_Hope/Bob_Hope_0002.jpg,0.8701914189535518,0
/home/anitadonato/tcc/tcc/data/lfw/lfw-funneled/Bob_Graham/Bob_Graham_0004.jpg,/home/anitadonato/tcc/tcc/data/lfw/lfw-funneled/Kate_Hudson/Kate_Hudson_0005.jpg,0.889414688092764,0
/home/anitadonato/tcc/tcc/data/lfw/lfw-funneled/Richard_Gephardt/Richard_Gephardt_0001.jpg,/home/anitadonato/tcc/tcc/data/lfw/lfw-funneled/Fernando_Gonzalez/Fernando_Gonzalez_0002.jpg,0.8471931204597075,0
/home/anitadonato/tcc/tcc/data/lfw/lfw-funneled/Ai_Sugiyama/Ai_Sugiyama_0003.jpg,/home/anitadonato/tcc/tcc/data/lfw/lfw-funneled/Hal_Gehman/Hal_Gehman_0004.jpg,0.7680951003436637,0
/home/anitadonato/tcc/tcc/data/lfw/lfw-funneled/Zhu_Rongji/Zhu_Rongji_0002.jpg,/home/anitadonato/tcc/tcc/data/lfw/lfw-funneled/Mike_Weir/Mike_Weir_0003.jpg,0.8053855498203469,0
/home/anitadonato/tcc/tcc/data/lfw/lfw-funneled/Julie_Gerberding/Julie_Gerberding_0001.jpg,/home/anitadonato/tcc/tcc/data/lfw/lfw-funneled/John_Paul_II/John_Paul_II_0004.jpg,0.7505369983711573,0
/home/anitadonato/tcc/tcc/data/lfw/lfw-funneled/Peter_Struck/Peter_Struck_0002.jpg,/home/anitadonato/tcc/tcc/data/lfw/lfw-funneled/Cruz_Bustamante/Cruz_Bustamante_0003.jpg,0.868479044157062,0
/home/anitadonato/tcc/tcc/data/lfw/lfw-funneled/Abdullah_Gul/Abdullah_Gul_0001.jpg,/home/anitadonato/tcc/tcc/data/lfw/lfw-funneled/Paul_Martin/Paul_Martin_0004.jpg,0.7967123923748597,0
/home/anitadonato/tcc/tcc/data/lfw/lfw-funneled/Sourav_Ganguly/Sourav_Ganguly_0002.jpg,/home/anitadonato/tcc/tcc/data/lfw/lfw-funneled/Liza_Minnelli/Liza_Minnelli_0005.jpg,0.8427280482417566,0
/home/anitadonato/tcc/tcc/data/lfw/lfw-funneled/Sylvester_Stallone/Sylvester_Stallone_0004.jpg,/home/anitadonato/tcc/tcc/data/lfw/lfw-funneled/Tommy_Franks/Tommy_Franks_0001.jpg,0.6728910016280498,0
/home/anitadonato/tcc/tcc/data/lfw/lfw-funneled/Paul_Burrell/Paul_Burrell_0004.jpg,/home/anitadonato/tcc/tcc/data/lfw/lfw-funneled/Michael_Schumacher/Michael_Schumacher_0004.jpg,0.7840415045718765,0
/home/anitadonato/tcc/tcc/data/lfw/lfw-funneled/Hamid_Karzai/Hamid_Karzai_0004.jpg,/home/anitadonato/tcc/tcc/data/lfw/lfw-funneled/Martin_McGuinness/Martin_McGuinness_0004.jpg,0.8861781621635377,0
/home/anitadonato/tcc/tcc/data/lfw/lfw-funneled/Carlos_Moya/Carlos_Moya_0005.jpg,/home/anitadonato/tcc/tcc/data/lfw/lfw-funneled/Bulent_Ecevit/Bulent_Ecevit_0002.jpg,0.867998293644164,0
/home/anitadonato/tcc/tcc/data/lfw/lfw-funneled/John_Stockton/John_Stockton_0001.jpg,/home/anitadonato/tcc/tcc/data/lfw/lfw-funneled/Nancy_Pelosi/Nancy_Pelosi_0003.jpg,0.8729340372867839,0
/home/anitadonato/tcc/tcc/data/lfw/lfw-funneled/Bill_McBride/Bill_McBride_0002.jpg,/home/anitadonato/tcc/tcc/data/lfw/lfw-funneled/John_Travolta/John_Travolta_0001.jpg,0.8476163978717038,0
/home/anitadonato/tcc/tcc/data/lfw/lfw-funneled/Catherine_Zeta-Jones/Catherine_Zeta-Jones_0002.jpg,/home/anitadonato/tcc/tcc/data/lfw/lfw-funneled/Carlos_Moya/Carlos_Moya_0002.jpg,0.9322735039074169,0
/home/anitadonato/tcc/tcc/data/lfw/lfw-funneled/Hosni_Mubarak/Hosni_Mubarak_0003.jpg,/home/anitadonato/tcc/tcc/data/lfw/lfw-funneled/Mike_Martz/Mike_Martz_0002.jpg,0.730932904855027,0
/home/anitadonato/tcc/tcc/data/lfw/lfw-funneled/Spencer_Abraham/Spencer_Abraham_0005.jpg,/home/anitadonato/tcc/tcc/data/lfw/lfw-funneled/Arminio_Fraga/Arminio_Fraga_0005.jpg,0.8652614167669374,0
/home/anitadonato/tcc/tcc/data/lfw/lfw-funneled/David_Anderson/David_Anderson_0001.jpg,/home/anitadonato/tcc/tcc/data/lfw/lfw-funneled/Fidel_Castro/Fidel_Castro_0001.jpg,0.6761657338894265,0
/home/anitadonato/tcc/tcc/data/lfw/lfw-funneled/Richard_Gephardt/Richard_Gephardt_0004.jpg,/home/anitadonato/tcc/tcc/data/lfw/lfw-funneled/Tom_Crean/Tom_Crean_0005.jpg,0.7873900875338301,0
/home/anitadonato/tcc/tcc/data/lfw/lfw-funneled/Martin_Scorsese/Martin_Scorsese_0003.jpg,/home/anitadonato/tcc/tcc/data/lfw/lfw-funneled/Atal_Bihari_Vajpayee/Atal_Bihari_Vajpayee_0004.jpg,0.6639658005234437,0
/home/anitadonato/tcc/tcc/data/lfw/lfw-funneled/Maria_Shriver/Maria_Shriver_0003.jpg,/home/anitadonato/tcc/tcc/data/lfw/lfw-funneled/Hillary_Clinton/Hillary_Clinton_0004.jpg,0.9635411729291039,0
/home/anitadonato/tcc/tcc/data/lfw/lfw-funneled/Lleyton_Hewitt/Lleyton_Hewitt_0002.jpg,/home/anitadonato/tcc/tcc/data/lfw/lfw-funneled/Yasser_Arafat/Yasser_Arafat_0002.jpg,0.849014266831278,0
/home/anitadonato/tcc/tcc/data/lfw/lfw-funneled/Hamid_Karzai/Hamid_Karzai_0002.jpg,/home/anitadonato/tcc/tcc/data/lfw/lfw-funneled/Heidi_Klum/Heidi_Klum_0002.jpg,0.9614970238356892,0
/home/anitadonato/tcc/tcc/data/lfw/lfw-funneled/Trent_Lott/Trent_Lott_0002.jpg,/home/anitadonato/tcc/tcc/data/lfw/lfw-funneled/Paul_Burrell/Paul_Burrell_0001.jpg,0.7385800202787987,0
/home/anitadonato/tcc/tcc/data/lfw/lfw-funneled/Adrien_Brody/Adrien_Brody_0002.jpg,/home/anitadonato/tcc/tcc/data/lfw/lfw-funneled/Antonio_Banderas/Antonio_Banderas_0001.jpg,0.7835890432575876,0
/home/anitadonato/tcc/tcc/data/lfw/lfw-funneled/Hans_Blix/Hans_Blix_0001.jpg,/home/anitadonato/tcc/tcc/data/lfw/lfw-funneled/Gloria_Macapagal_Arroyo/Gloria_Macapagal_Arroyo_0004.jpg,0.9293894113273955,0
/home/anitadonato/tcc/tcc/data/lfw/lfw-funneled/Jean-David_Levitte/Jean-David_Levitte_0005.jpg,/home/anitadonato/tcc/tcc/data/lfw/lfw-funneled/Benjamin_Netanyahu/Benjamin_Netanyahu_0005.jpg,0.6365327419410303,0
/home/anitadonato/tcc/tcc/data/lfw/lfw-funneled/Mohammed_Al-Douri/Mohammed_Al-Douri_0001.jpg,/home/anitadonato/tcc/tcc/data/lfw/lfw-funneled/Martin_Scorsese/Martin_Scorsese_0001.jpg,0.8221176097978692,0
/home/anitadonato/tcc/tcc/data/lfw/lfw-funneled/Paul_McCartney/Paul_McCartney_0001.jpg,/home/anitadonato/tcc/tcc/data/lfw/lfw-funneled/Goldie_Hawn/Goldie_Hawn_0001.jpg,0.8747279254660139,0
/home/anitadonato/tcc/tcc/data/lfw/lfw-funneled/Nia_Vardalos/Nia_Vardalos_0004.jpg,/home/anitadonato/tcc/tcc/data/lfw/lfw-funneled/Susan_Sarandon/Susan_Sarandon_0001.jpg,0.7505217092667871,0
/home/anitadonato/tcc/tcc/data/lfw/lfw-funneled/Al_Sharpton/Al_Sharpton_0004.jpg,/home/anitadonato/tcc/tcc/data/lfw/lfw-funneled/Eduardo_Duhalde/Eduardo_Duhalde_0002.jpg,0.7488295026906837,0
/home/anitadonato/tcc/tcc/data/lfw/lfw-funneled/Ann_Veneman/Ann_Veneman_0001.jpg,/home/anitadonato/tcc/tcc/data/lfw/lfw-funneled/Hosni_Mubarak/Hosni_Mubarak_0003.jpg,0.8916264016570054,0
/home/anitadonato/tcc/tcc/data/lfw/lfw-funneled/Silvan_Shalom/Silvan_Shalom_0001.jpg,/home/anitadonato/tcc/tcc/data/lfw/lfw-funneled/Tung_Chee-hwa/Tung_Chee-hwa_0005.jpg,0.9124382093999588,0
/home/anitadonato/tcc/tcc/data/lfw/lfw-funneled/Hugh_Grant/Hugh_Grant_0005.jpg,/home/anitadonato/tcc/tcc/data/lfw/lfw-funneled/Nicanor_Duarte_Frutos/Nicanor_Duarte_Frutos_0002.jpg,0.8215999299915197,0
/home/anitadonato/tcc/tcc/data/lfw/lfw-funneled/Silvan_Shalom/Silvan_Shalom_0005.jpg,/home/anitadonato/tcc/tcc/data/lfw/lfw-funneled/Spencer_Abraham/Spencer_Abraham_0005.jpg,0.7915399132009852,0
/home/anitadonato/tcc/tcc/data/lfw/lfw-funneled/Kate_Hudson/Kate_Hudson_0001.jpg,/home/anitadonato/tcc/tcc/data/lfw/lfw-funneled/Britney_Spears/Britney_Spears_0001.jpg,0.7382757393229987,0
/home/anitadonato/tcc/tcc/data/lfw/lfw-funneled/Mark_Hurlbert/Mark_Hurlbert_0005.jpg,/home/anitadonato/tcc/tcc/data/lfw/lfw-funneled/Pervez_Musharraf/Pervez_Musharraf_0002.jpg,0.8160650666823042,0
/home/anitadonato/tcc/tcc/data/lfw/lfw-funneled/Michael_Powell/Michael_Powell_0005.jpg,/home/anitadonato/tcc/tcc/data/lfw/lfw-funneled/Roger_Federer/Roger_Federer_0002.jpg,0.7616159759448412,0
/home/anitadonato/tcc/tcc/data/lfw/lfw-funneled/Lleyton_Hewitt/Lleyton_Hewitt_0004.jpg,/home/anitadonato/tcc/tcc/data/lfw/lfw-funneled/Angelina_Jolie/Angelina_Jolie_0003.jpg,0.9661866448706495,0
/home/anitadonato/tcc/tcc/data/lfw/lfw-funneled/Colin_Powell/Colin_Powell_0005.jpg,/home/anitadonato/tcc/tcc/data/lfw/lfw-funneled/Rudolph_Giuliani/Rudolph_Giuliani_0004.jpg,0.8651193896158793,0
/home/anitadonato/tcc/tcc/data/lfw/lfw-funneled/Liza_Minnelli/Liza_Minnelli_0004.jpg,/home/anitadonato/tcc/tcc/data/lfw/lfw-funneled/Martha_Stewart/Martha_Stewart_0003.jpg,0.7536093335671271,0
/home/anitadonato/tcc/tcc/data/lfw/lfw-funneled/Renee_Zellweger/Renee_Zellweger_0001.jpg,/home/anitadonato/tcc/tcc/data/lfw/lfw-funneled/Richard_Myers/Richard_Myers_0001.jpg,0.8541385951789643,0
/home/anitadonato/tcc/tcc/data/lfw/lfw-funneled/Sharon_Stone/Sharon_Stone_0004.jpg,/home/anitadonato/tcc/tcc/data/lfw/lfw-funneled/Silvio_Berlusconi/Silvio_Berlusconi_0002.jpg,0.9426343575360516,0
/home/anitadonato/tcc/tcc/data/lfw/lfw-funneled/Amelia_Vega/Amelia_Vega_0005.jpg,/home/anitadonato/tcc/tcc/data/lfw/lfw-funneled/Michael_Powell/Michael_Powell_0001.jpg,0.9704028911581678,0
/home/anitadonato/tcc/tcc/data/lfw/lfw-funneled/Rob_Marshall/Rob_Marshall_0003.jpg,/home/anitadonato/tcc/tcc/data/lfw/lfw-funneled/Elizabeth_Smart/Elizabeth_Smart_0002.jpg,0.9509906293014098,0
/home/anitadonato/tcc/tcc/data/lfw/lfw-funneled/Vanessa_Redgrave/Vanessa_Redgrave_0003.jpg,/home/anitadonato/tcc/tcc/data/lfw/lfw-funneled/Li_Peng/Li_Peng_0004.jpg,0.8047383060824279,0
/home/anitadonato/tcc/tcc/data/lfw/lfw-funneled/Mohammed_Al-Douri/Mohammed_Al-Douri_0002.jpg,/home/anitadonato/tcc/tcc/data/lfw/lfw-funneled/Elizabeth_Smart/Elizabeth_Smart_0001.jpg,0.8876031989417374,0
/home/anitadonato/tcc/tcc/data/lfw/lfw-funneled/Tom_Crean/Tom_Crean_0003.jpg,/home/anitadonato/tcc/tcc/data/lfw/lfw-funneled/Salma_Hayek/Salma_Hayek_0004.jpg,0.8738503804190321,0
/home/anitadonato/tcc/tcc/data/lfw/lfw-funneled/Robert_Zoellick/Robert_Zoellick_0001.jpg,/home/anitadonato/tcc/tcc/data/lfw/lfw-funneled/William_Ford_Jr/William_Ford_Jr_0001.jpg,0.7735605798974682,0
/home/anitadonato/tcc/tcc/data/lfw/lfw-funneled/Alvaro_Uribe/Alvaro_Uribe_0002.jpg,/home/anitadonato/tcc/tcc/data/lfw/lfw-funneled/Ai_Sugiyama/Ai_Sugiyama_0003.jpg,0.8655018829764707,0
/home/anitadonato/tcc/tcc/data/lfw/lfw-funneled/Lleyton_Hewitt/Lleyton_Hewitt_0005.jpg,/home/anitadonato/tcc/tcc/data/lfw/lfw-funneled/Clara_Harris/Clara_Harris_0003.jpg,0.823368540507774,0
/home/anitadonato/tcc/tcc/data/lfw/lfw-funneled/John_Stockton/John_Stockton_0003.jpg,/home/anitadonato/tcc/tcc/data/lfw/lfw-funneled/Amelia_Vega/Amelia_Vega_0003.jpg,0.8671021303636499,0
/home/anitadonato/tcc/tcc/data/lfw/lfw-funneled/John_Paul_II/John_Paul_II_0004.jpg,/home/anitadonato/tcc/tcc/data/lfw/lfw-funneled/William_Ford_Jr/William_Ford_Jr_0004.jpg,0.7825624032533058,0
/home/anitadonato/tcc/tcc/data/lfw/lfw-funneled/Vanessa_Redgrave/Vanessa_Redgrave_0004.jpg,/home/anitadonato/tcc/tcc/data/lfw/lfw-funneled/Hugh_Grant/Hugh_Grant_0004.jpg,0.7837114579292553,0
/home/anitadonato/tcc/tcc/data/lfw/lfw-funneled/Silvan_Shalom/Silvan_Shalom_0002.jpg,/home/anitadonato/tcc/tcc/data/lfw/lfw-funneled/Mohamed_ElBaradei/Mohamed_ElBaradei_0001.jpg,0.7412955712872928,0
/home/anitadonato/tcc/tcc/data/lfw/lfw-funneled/Spencer_Abraham/Spencer_Abraham_0005.jpg,/home/anitadonato/tcc/tcc/data/lfw/lfw-funneled/Nia_Vardalos/Nia_Vardalos_0004.jpg,0.8291615958413556,0
/home/anitadonato/tcc/tcc/data/lfw/lfw-funneled/Zhu_Rongji/Zhu_Rongji_0004.jpg,/home/anitadonato/tcc/tcc/data/lfw/lfw-funneled/Catherine_Zeta-Jones/Catherine_Zeta-Jones_0002.jpg,0.9281209738087242,0
/home/anitadonato/tcc/tcc/data/lfw/lfw-funneled/JK_Rowling/JK_Rowling_0003.jpg,/home/anitadonato/tcc/tcc/data/lfw/lfw-funneled/Jean-Pierre_Raffarin/Jean-Pierre_Raffarin_0005.jpg,0.7390157736330702,0
/home/anitadonato/tcc/tcc/data/lfw/lfw-funneled/Christine_Todd_Whitman/Christine_Todd_Whitman_0002.jpg,/home/anitadonato/tcc/tcc/data/lfw/lfw-funneled/Maria_Shriver/Maria_Shriver_0004.jpg,0.7781900721464668,0
/home/anitadonato/tcc/tcc/data/lfw/lfw-funneled/Richard_Gere/Richard_Gere_0004.jpg,/home/anitadonato/tcc/tcc/data/lfw/lfw-funneled/Sharon_Stone/Sharon_Stone_0004.jpg,0.9564512241368762,0
/home/anitadonato/tcc/tcc/data/lfw/lfw-funneled/Yoko_Ono/Yoko_Ono_0003.jpg,/home/anitadonato/tcc/tcc/data/lfw/lfw-funneled/Ana_Palacio/Ana_Palacio_0003.jpg,0.7392239527224868,0
/home/anitadonato/tcc/tcc/data/lfw/lfw-funneled/Tiger_Woods/Tiger_Woods_0005.jpg,/home/anitadonato/tcc/tcc/data/lfw/lfw-funneled/Angelina_Jolie/Angelina_Jolie_0005.jpg,0.8274483749549507,0
/home/anitadonato/tcc/tcc/data/lfw/lfw-funneled/Rob_Marshall/Rob_Marshall_0002.jpg,/home/anitadonato/tcc/tcc/data/lfw/lfw-funneled/Tom_Cruise/Tom_Cruise_0003.jpg,0.7850152592732925,0
/home/anitadonato/tcc/tcc/data/lfw/lfw-funneled/Tom_Harkin/Tom_Harkin_0005.jpg,/home/anitadonato/tcc/tcc/data/lfw/lfw-funneled/Tom_Daschle/Tom_Daschle_0001.jpg,0.776480610038828,0
/home/anitadonato/tcc/tcc/data/lfw/lfw-funneled/Jose_Maria_Aznar/Jose_Maria_Aznar_0002.jpg,/home/anitadonato/tcc/tcc/data/lfw/lfw-funneled/Tung_Chee-hwa/Tung_Chee-hwa_0004.jpg,0.8884277719596486,0
/home/anitadonato/tcc/tcc/data/lfw/lfw-funneled/Mike_Martz/Mike_Martz_0004.jpg,/home/anitadonato/tcc/tcc/data/lfw/lfw-funneled/Tung_Chee-hwa/Tung_Chee-hwa_0002.jpg,0.8843495186283579,0
/home/anitadonato/tcc/tcc/data/lfw/lfw-funneled/Steve_Lavin/Steve_Lavin_0001.jpg,/home/anitadonato/tcc/tcc/data/lfw/lfw-funneled/JK_Rowling/JK_Rowling_0001.jpg,0.8331167894473515,0
/home/anitadonato/tcc/tcc/data/lfw/lfw-funneled/Maria_Soledad_Alvear_Valenzuela/Maria_Soledad_Alvear_Valenzuela_0005.jpg,/home/anitadonato/tcc/tcc/data/lfw/lfw-funneled/Tommy_Franks/Tommy_Franks_0004.jpg,0.8432664285534676,0
/home/anitadonato/tcc/tcc/data/lfw/lfw-funneled/Meryl_Streep/Meryl_Streep_0001.jpg,/home/anitadonato/tcc/tcc/data/lfw/lfw-funneled/Fidel_Castro/Fidel_Castro_0004.jpg,0.8216670891403531,0
/home/anitadonato/tcc/tcc/data/lfw/lfw-funneled/Halle_Berry/Halle_Berry_0003.jpg,/home/anitadonato/tcc/tcc/data/lfw/lfw-funneled/Queen_Rania/Queen_Rania_0003.jpg,0.6875509986636945,0
/home/anitadonato/tcc/tcc/data/lfw/lfw-funneled/Mohammed_Al-Douri/Mohammed_Al-Douri_0002.jpg,/home/anitadonato/tcc/tcc/data/lfw/lfw-funneled/Antonio_Banderas/Antonio_Banderas_0005.jpg,0.7567598515691969,0
/home/anitadonato/tcc/tcc/data/lfw/lfw-funneled/Maria_Soledad_Alvear_Valenzuela/Maria_Soledad_Alvear_Valenzuela_0004.jpg,/home/anitadonato/tcc/tcc/data/lfw/lfw-funneled/Tony_Blair/Tony_Blair_0002.jpg,0.8082199235128513,0
/home/anitadonato/tcc/tcc/data/lfw/lfw-funneled/George_Robertson/George_Robertson_0004.jpg,/home/anitadonato/tcc/tcc/data/lfw/lfw-funneled/Mike_Weir/Mike_Weir_0005.jpg,0.964054757876955,0
/home/anitadonato/tcc/tcc/data/lfw/lfw-funneled/Xavier_Malisse/Xavier_Malisse_0004.jpg,/home/anitadonato/tcc/tcc/data/lfw/lfw-funneled/Pedro_Malan/Pedro_Malan_0004.jpg,0.7893592900972194,0
/home/anitadonato/tcc/tcc/data/lfw/lfw-funneled/Jiri_Novak/Jiri_Novak_0004.jpg,/home/anitadonato/tcc/tcc/data/lfw/lfw-funneled/Kate_Hudson/Kate_Hudson_0001.jpg,0.9213715419072027,0
/home/anitadonato/tcc/tcc/data/lfw/lfw-funneled/Spencer_Abraham/Spencer_Abraham_0004.jpg,/home/anitadonato/tcc/tcc/data/lfw/lfw-funneled/Hamid_Karzai/Hamid_Karzai_0001.jpg,0.7179901771304606,0
/home/anitadonato/tcc/tcc/data/lfw/lfw-funneled/Steve_Lavin/Steve_Lavin_0001.jpg,/home/anitadonato/tcc/tcc/data/lfw/lfw-funneled/Al_Sharpton/Al_Sharpton_0001.jpg,0.8443532110813976,0
/home/anitadonato/tcc/tcc/data/lfw/lfw-funneled/Megawati_Sukarnoputri/Megawati_Sukarnoputri_0003.jpg,/home/anitadonato/tcc/tcc/data/lfw/lfw-funneled/Valery_Giscard_dEstaing/Valery_Giscard_dEstaing_0005.jpg,0.954084858305594,0
/home/anitadonato/tcc/tcc/data/lfw/lfw-funneled/Roh_Moo-hyun/Roh_Moo-hyun_0004.jpg,/home/anitadonato/tcc/tcc/data/lfw/lfw-funneled/Ann_Veneman/Ann_Veneman_0003.jpg,0.8005095649574203,0
/home/anitadonato/tcc/tcc/data/lfw/lfw-funneled/Hans_Blix/Hans_Blix_0002.jpg,/home/anitadonato/tcc/tcc/data/lfw/lfw-funneled/Billy_Crystal/Billy_Crystal_0004.jpg,0.7106665272184469,0
/home/anitadonato/tcc/tcc/data/lfw/lfw-funneled/Bernard_Law/Bernard_Law_0005.jpg,/home/anitadonato/tcc/tcc/data/lfw/lfw-funneled/Roh_Moo-hyun/Roh_Moo-hyun_0005.jpg,0.9248626096094699,0
/home/anitadonato/tcc/tcc/data/lfw/lfw-funneled/Pamela_Anderson/Pamela_Anderson_0003.jpg,/home/anitadonato/tcc/tcc/data/lfw/lfw-funneled/Julie_Gerberding/Julie_Gerberding_0004.jpg,0.8445307684441152,0
/home/anitadonato/tcc/tcc/data/lfw/lfw-funneled/William_Ford_Jr/William_Ford_Jr_0002.jpg,/home/anitadonato/tcc/tcc/data/lfw/lfw-funneled/Natalie_Coughlin/Natalie_Coughlin_0001.jpg,0.8009637019011744,0
/home/anitadonato/tcc/tcc/data/lfw/lfw-funneled/David_Trimble/David_Trimble_0003.jpg,/home/anitadonato/tcc/tcc/data/lfw/lfw-funneled/Roy_Moore/Roy_Moore_0005.jpg,0.7196856598715883,0
/home/anitadonato/tcc/tcc/data/lfw/lfw-funneled/Tom_Daschle/Tom_Daschle_0001.jpg,/home/anitadonato/tcc/tcc/data/lfw/lfw-funneled/Nancy_Pelosi/Nancy_Pelosi_0001.jpg,0.9179377022820574,0
/home/anitadonato/tcc/tcc/data/lfw/lfw-funneled/Fidel_Castro/Fidel_Castro_0002.jpg,/home/anitadonato/tcc/tcc/data/lfw/lfw-funneled/Meryl_Streep/Meryl_Streep_0004.jpg,0.9202947396847118,0
/home/anitadonato/tcc/tcc/data/lfw/lfw-funneled/Robert_De_Niro/Robert_De_Niro_0005.jpg,/home/anitadonato/tcc/tcc/data/lfw/lfw-funneled/Benjamin_Netanyahu/Benjamin_Netanyahu_0002.jpg,0.7698635567074259,0
/home/anitadonato/tcc/tcc/data/lfw/lfw-funneled/Joe_Lieberman/Joe_Lieberman_0004.jpg,/home/anitadonato/tcc/tcc/data/lfw/lfw-funneled/Kate_Hudson/Kate_Hudson_0002.jpg,0.9995491376719374,0
/home/anitadonato/tcc/tcc/data/lfw/lfw-funneled/Mike_Weir/Mike_Weir_0003.jpg,/home/anitadonato/tcc/tcc/data/lfw/lfw-funneled/Joe_Lieberman/Joe_Lieberman_0001.jpg,0.9055098302005827,0
/home/anitadonato/tcc/tcc/data/lfw/lfw-funneled/Bill_McBride/Bill_McBride_0001.jpg,/home/anitadonato/tcc/tcc/data/lfw/lfw-funneled/Nia_Vardalos/Nia_Vardalos_0005.jpg,0.8372763626205175,0
/home/anitadonato/tcc/tcc/data/lfw/lfw-funneled/Fujio_Cho/Fujio_Cho_0004.jpg,/home/anitadonato/tcc/tcc/data/lfw/lfw-funneled/Jacques_Chirac/Jacques_Chirac_0004.jpg,0.7685247290374027,0
/home/anitadonato/tcc/tcc/data/lfw/lfw-funneled/Kurt_Warner/Kurt_Warner_0005.jpg,/home/anitadonato/tcc/tcc/data/lfw/lfw-funneled/Adrien_Brody/Adrien_Brody_0002.jpg,0.8318165979675732,0
/home/anitadonato/tcc/tcc/data/lfw/lfw-funneled/Mark_Hurlbert/Mark_Hurlbert_0005.jpg,/home/anitadonato/tcc/tcc/data/lfw/lfw-funneled/Carlos_Moya/Carlos_Moya_0001.jpg,0.8119817982868827,0
/home/anitadonato/tcc/tcc/data/lfw/lfw-funneled/Carmen_Electra/Carmen_Electra_0005.jpg,/home/anitadonato/tcc/tcc/data/lfw/lfw-funneled/Jose_Maria_Aznar/Jose_Maria_Aznar_0004.jpg,0.9518623444018769,0
/home/anitadonato/tcc/tcc/data/lfw/lfw-funneled/Carlos_Menem/Carlos_Menem_0002.jpg,/home/anitadonato/tcc/tcc/data/lfw/lfw-funneled/Michael_Powell/Michael_Powell_0005.jpg,0.7463340970344385,0
/home/anitadonato/tcc/tcc/data/lfw/lfw-funneled/Woody_Allen/Woody_Allen_0002.jpg,/home/anitadonato/tcc/tcc/data/lfw/lfw-funneled/John_Stockton/John_Stockton_0001.jpg,0.7709491527366822,0
/home/anitadonato/tcc/tcc/data/lfw/lfw-funneled/George_Lopez/George_Lopez_0005.jpg,/home/anitadonato/tcc/tcc/data/lfw/lfw-funneled/Kurt_Warner/Kurt_Warner_0005.jpg,0.7631681935735414,0
/home/anitadonato/tcc/tcc/data/lfw/lfw-funneled/Halle_Berry/Halle_Berry_0004.jpg,/home/anitadonato/tcc/tcc/data/lfw/lfw-funneled/Antonio_Banderas/Antonio_Banderas_0004.jpg,0.8337474977410305,0
/home/anitadonato/tcc/tcc/data/lfw/lfw-funneled/Cameron_Diaz/Cameron_Diaz_0002.jpg,/home/anitadonato/tcc/tcc/data/lfw/lfw-funneled/Hosni_Mubarak/Hosni_Mubarak_0003.jpg,0.9502176325193947,0
/home/anitadonato/tcc/tcc/data/lfw/lfw-funneled/Jan_Ullrich/Jan_Ullrich_0003.jpg,/home/anitadonato/tcc/tcc/data/lfw/lfw-funneled/David_Trimble/David_Trimble_0004.jpg,0.7996651578453104,0
/home/anitadonato/tcc/tcc/data/lfw/lfw-funneled/Hillary_Clinton/Hillary_Clinton_0004.jpg,/home/anitadonato/tcc/tcc/data/lfw/lfw-funneled/Ai_Sugiyama/Ai_Sugiyama_0005.jpg,0.7264695060474211,0
/home/anitadonato/tcc/tcc/data/lfw/lfw-funneled/Angela_Merkel/Angela_Merkel_0005.jpg,/home/anitadonato/tcc/tcc/data/lfw/lfw-funneled/Gerhard_Schroeder/Gerhard_Schroeder_0003.jpg,0.8087497406651947,0
/home/anitadonato/tcc/tcc/data/lfw/lfw-funneled/Angela_Merkel/Angela_Merkel_0003.jpg,/home/anitadonato/tcc/tcc/data/lfw/lfw-funneled/Al_Sharpton/Al_Sharpton_0005.jpg,1.044959295417097,0
/home/anitadonato/tcc/tcc/data/lfw/lfw-funneled/Cruz_Bustamante/Cruz_Bustamante_0002.jpg,/home/anitadonato/tcc/tcc/data/lfw/lfw-funneled/Cesar_Gaviria/Cesar_Gaviria_0002.jpg,0.7625736614716323,0
/home/anitadonato/tcc/tcc/data/lfw/lfw-funneled/Nicanor_Duarte_Frutos/Nicanor_Duarte_Frutos_0003.jpg,/home/anitadonato/tcc/tcc/data/lfw/lfw-funneled/Gloria_Macapagal_Arroyo/Gloria_Macapagal_Arroyo_0003.jpg,0.8149366455310062,0
/home/anitadonato/tcc/tcc/data/lfw/lfw-funneled/Michael_Chiklis/Michael_Chiklis_0002.jpg,/home/anitadonato/tcc/tcc/data/lfw/lfw-funneled/Paul_Burrell/Paul_Burrell_0005.jpg,0.6856175293115567,0
/home/anitadonato/tcc/tcc/data/lfw/lfw-funneled/Michelle_Yeoh/Michelle_Yeoh_0003.jpg,/home/anitadonato/tcc/tcc/data/lfw/lfw-funneled/Hosni_Mubarak/Hosni_Mubarak_0001.jpg,0.8074846004313613,0
/home/anitadonato/tcc/tcc/data/lfw/lfw-funneled/Charlton_Heston/Charlton_Heston_0005.jpg,/home/anitadonato/tcc/tcc/data/lfw/lfw-funneled/Roy_Moore/Roy_Moore_0004.jpg,0.8899318204623318,0
/home/anitadonato/tcc/tcc/data/lfw/lfw-funneled/Russell_Simmons/Russell_Simmons_0004.jpg,/home/anitadonato/tcc/tcc/data/lfw/lfw-funneled/Silvio_Berlusconi/Silvio_Berlusconi_0005.jpg,0.7567105701120361,0
/home/anitadonato/tcc/tcc/data/lfw/lfw-funneled/Thabo_Mbeki/Thabo_Mbeki_0001.jpg,/home/anitadonato/tcc/tcc/data/lfw/lfw-funneled/Rainer_Schuettler/Rainer_Schuettler_0005.jpg,0.816826573566514,0
/home/anitadonato/tcc/tcc/data/lfw/lfw-funneled/Robert_De_Niro/Robert_De_Niro_0004.jpg,/home/anitadonato/tcc/tcc/data/lfw/lfw-funneled/Geoff_Hoon/Geoff_Hoon_0002.jpg,0.700216135349466,0
/home/anitadonato/tcc/tcc/data/lfw/lfw-funneled/Billy_Crystal/Billy_Crystal_0001.jpg,/home/anitadonato/tcc/tcc/data/lfw/lfw-funneled/Juan_Pablo_Montoya/Juan_Pablo_Montoya_0002.jpg,0.8195512915901497,0
/home/anitadonato/tcc/tcc/data/lfw/lfw-funneled/Amelie_Mauresmo/Amelie_Mauresmo_0002.jpg,/home/anitadonato/tcc/tcc/data/lfw/lfw-funneled/Eduardo_Duhalde/Eduardo_Duhalde_0001.jpg,0.8100532418517935,0
/home/anitadonato/tcc/tcc/data/lfw/lfw-funneled/Martha_Stewart/Martha_Stewart_0002.jpg,/home/anitadonato/tcc/tcc/data/lfw/lfw-funneled/Li_Peng/Li_Peng_0005.jpg,0.8780881270882925,0
/home/anitadonato/tcc/tcc/data/lfw/lfw-funneled/Thaksin_Shinawatra/Thaksin_Shinawatra_0004.jpg,/home/anitadonato/tcc/tcc/data/lfw/lfw-funneled/Lleyton_Hewitt/Lleyton_Hewitt_0001.jpg,0.7841928754313259,0
/home/anitadonato/tcc/tcc/data/lfw/lfw-funneled/Michael_Schumacher/Michael_Schumacher_0005.jpg,/home/anitadonato/tcc/tcc/data/lfw/lfw-funneled/Michael_Chiklis/Michael_Chiklis_0002.jpg,0.7684329937267701,0
/home/anitadonato/tcc/tcc/data/lfw/lfw-funneled/Jean_Chretien/Jean_Chretien_0005.jpg,/home/anitadonato/tcc/tcc/data/lfw/lfw-funneled/Alejandro_Toledo/Alejandro_Toledo_0004.jpg,0.7479215520941377,0
/home/anitadonato/tcc/tcc/data/lfw/lfw-funneled/Renee_Zellweger/Renee_Zellweger_0003.jpg,/home/anitadonato/tcc/tcc/data/lfw/lfw-funneled/Carlos_Menem/Carlos_Menem_0001.jpg,0.8505595677777278,0
/home/anitadonato/tcc/tcc/data/lfw/lfw-funneled/Jean-Pierre_Raffarin/Jean-Pierre_Raffarin_0004.jpg,/home/anitadonato/tcc/tcc/data/lfw/lfw-funneled/George_Lopez/George_Lopez_0003.jpg,0.7333031418388265,0
/home/anitadonato/tcc/tcc/data/lfw/lfw-funneled/Carmen_Electra/Carmen_Electra_0001.jpg,/home/anitadonato/tcc/tcc/data/lfw/lfw-funneled/Billy_Crystal/Billy_Crystal_0003.jpg,0.932538234272631,0
/home/anitadonato/tcc/tcc/data/lfw/lfw-funneled/Hal_Gehman/Hal_Gehman_0004.jpg,/home/anitadonato/tcc/tcc/data/lfw/lfw-funneled/Valery_Giscard_dEstaing/Valery_Giscard_dEstaing_0002.jpg,0.7057775185827465,0
/home/anitadonato/tcc/tcc/data/lfw/lfw-funneled/Abdullah_Gul/Abdullah_Gul_0003.jpg,/home/anitadonato/tcc/tcc/data/lfw/lfw-funneled/Angelina_Jolie/Angelina_Jolie_0005.jpg,0.8473211933952112,0
/home/anitadonato/tcc/tcc/data/lfw/lfw-funneled/Grant_Hackett/Grant_Hackett_0005.jpg,/home/anitadonato/tcc/tcc/data/lfw/lfw-funneled/Robert_Zoellick/Robert_Zoellick_0002.jpg,0.8553826922166805,0
/home/anitadonato/tcc/tcc/data/lfw/lfw-funneled/Princess_Caroline/Princess_Caroline_0002.jpg,/home/anitadonato/tcc/tcc/data/lfw/lfw-funneled/Rob_Marshall/Rob_Marshall_0003.jpg,0.8231629325668794,0
/home/anitadonato/tcc/tcc/data/lfw/lfw-funneled/Xavier_Malisse/Xavier_Malisse_0001.jpg,/home/anitadonato/tcc/tcc/data/lfw/lfw-funneled/Vladimir_Putin/Vladimir_Putin_0002.jpg,0.7565078987873449,0
/home/anitadonato/tcc/tcc/data/lfw/lfw-funneled/Woody_Allen/Woody_Allen_0005.jpg,/home/anitadonato/tcc/tcc/data/lfw/lfw-funneled/Natalie_Maines/Natalie_Maines_0001.jpg,1.0160636674334065,0
/home/anitadonato/tcc/tcc/data/lfw/lfw-funneled/Tony_Blair/Tony_Blair_0004.jpg,/home/anitadonato/tcc/tcc/data/lfw/lfw-funneled/Rudolph_Giuliani/Rudolph_Giuliani_0003.jpg,0.7515664650880945,0
/home/anitadonato/tcc/tcc/data/lfw/lfw-funneled/Steve_Lavin/Steve_Lavin_0002.jpg,/home/anitadonato/tcc/tcc/data/lfw/lfw-funneled/Roger_Federer/Roger_Federer_0002.jpg,0.7984866255979043,0
/home/anitadonato/tcc/tcc/data/lfw/lfw-funneled/Russell_Simmons/Russell_Simmons_0001.jpg,/home/anitadonato/tcc/tcc/data/lfw/lfw-funneled/Benjamin_Netanyahu/Benjamin_Netanyahu_0003.jpg,0.8309033533570422,0
/home/anitadonato/tcc/tcc/data/lfw/lfw-funneled/Paradorn_Srichaphan/Paradorn_Srichaphan_0002.jpg,/home/anitadonato/tcc/tcc/data/lfw/lfw-funneled/John_Bolton/John_Bolton_0001.jpg,0.859989118688454,0
/home/anitadonato/tcc/tcc/data/lfw/lfw-funneled/Jennifer_Lopez/Jennifer_Lopez_0005.jpg,/home/anitadonato/tcc/tcc/data/lfw/lfw-funneled/Halle_Berry/Halle_Berry_0001.jpg,0.7442389407597897,0
/home/anitadonato/tcc/tcc/data/lfw/lfw-funneled/Princess_Caroline/Princess_Caroline_0005.jpg,/home/anitadonato/tcc/tcc/data/lfw/lfw-funneled/John_Manley/John_Manley_0003.jpg,0.842063904180163,0
/home/anitadonato/tcc/tcc/data/lfw/lfw-funneled/Christine_Baumgartner/Christine_Baumgartner_0005.jpg,/home/anitadonato/tcc/tcc/data/lfw/lfw-funneled/Silvio_Berlusconi/Silvio_Berlusconi_0003.jpg,0.953895448896258,0
/home/anitadonato/tcc/tcc/data/lfw/lfw-funneled/Bob_Hope/Bob_Hope_0003.jpg,/home/anitadonato/tcc/tcc/data/lfw/lfw-funneled/John_Bolton/John_Bolton_0005.jpg,0.7170534785734858,0
/home/anitadonato/tcc/tcc/data/lfw/lfw-funneled/John_Negroponte/John_Negroponte_0005.jpg,/home/anitadonato/tcc/tcc/data/lfw/lfw-funneled/Boris_Becker/Boris_Becker_0001.jpg,0.7602209745006041,0
/home/anitadonato/tcc/tcc/data/lfw/lfw-funneled/Antonio_Banderas/Antonio_Banderas_0004.jpg,/home/anitadonato/tcc/tcc/data/lfw/lfw-funneled/Tommy_Franks/Tommy_Franks_0005.jpg,0.8525315205312622,0
/home/anitadonato/tcc/tcc/data/lfw/lfw-funneled/Ludivine_Sagnier/Ludivine_Sagnier_0001.jpg,/home/anitadonato/tcc/tcc/data/lfw/lfw-funneled/Hamid_Karzai/Hamid_Karzai_0003.jpg,0.9276799681851166,0
/home/anitadonato/tcc/tcc/data/lfw/lfw-funneled/John_Negroponte/John_Negroponte_0003.jpg,/home/anitadonato/tcc/tcc/data/lfw/lfw-funneled/Mike_Myers/Mike_Myers_0003.jpg,0.7323476957930672,0
/home/anitadonato/tcc/tcc/data/lfw/lfw-funneled/Salma_Hayek/Salma_Hayek_0002.jpg,/home/anitadonato/tcc/tcc/data/lfw/lfw-funneled/Li_Peng/Li_Peng_0005.jpg,0.9212372633417756,0
/home/anitadonato/tcc/tcc/data/lfw/lfw-funneled/John_Travolta/John_Travolta_0005.jpg,/home/anitadonato/tcc/tcc/data/lfw/lfw-funneled/Pamela_Anderson/Pamela_Anderson_0001.jpg,0.9151460491813483,0
/home/anitadonato/tcc/tcc/data/lfw/lfw-funneled/William_Ford_Jr/William_Ford_Jr_0003.jpg,/home/anitadonato/tcc/tcc/data/lfw/lfw-funneled/Juan_Pablo_Montoya/Juan_Pablo_Montoya_0004.jpg,0.7719706951054837,0
/home/anitadonato/tcc/tcc/data/lfw/lfw-funneled/Queen_Rania/Queen_Rania_0005.jpg,/home/anitadonato/tcc/tcc/data/lfw/lfw-funneled/Maria_Soledad_Alvear_Valenzuela/Maria_Soledad_Alvear_Valenzuela_0005.jpg,0.887996844176832,0
/home/anitadonato/tcc/tcc/data/lfw/lfw-funneled/John_Allen_Muhammad/John_Allen_Muhammad_0003.jpg,/home/anitadonato/tcc/tcc/data/lfw/lfw-funneled/Rudolph_Giuliani/Rudolph_Giuliani_0004.jpg,0.9145206608440388,0
/home/anitadonato/tcc/tcc/data/lfw/lfw-funneled/William_Ford_Jr/William_Ford_Jr_0003.jpg,/home/anitadonato/tcc/tcc/data/lfw/lfw-funneled/Arminio_Fraga/Arminio_Fraga_0005.jpg,0.6763822393995967,0
/home/anitadonato/tcc/tcc/data/lfw/lfw-funneled/Rob_Marshall/Rob_Marshall_0001.jpg,/home/anitadonato/tcc/tcc/data/lfw/lfw-funneled/Britney_Spears/Britney_Spears_0005.jpg,1.0047051355887537,0
/home/anitadonato/tcc/tcc/data/lfw/lfw-funneled/Jacques_Chirac/Jacques_Chirac_0005.jpg,/home/anitadonato/tcc/tcc/data/lfw/lfw-funneled/Nancy_Pelosi/Nancy_Pelosi_0005.jpg,0.9040346248994612,0
/home/anitadonato/tcc/tcc/data/lfw/lfw-funneled/Xavier_Malisse/Xavier_Malisse_0001.jpg,/home/anitadonato/tcc/tcc/data/lfw/lfw-funneled/Richard_Gere/Richard_Gere_0003.jpg,0.7470988761565127,0
/home/anitadonato/tcc/tcc/data/lfw/lfw-funneled/Mohamed_ElBaradei/Mohamed_ElBaradei_0003.jpg,/home/anitadonato/tcc/tcc/data/lfw/lfw-funneled/Jeremy_Greenstock/Jeremy_Greenstock_0005.jpg,0.8184730661080732,0
/home/anitadonato/tcc/tcc/data/lfw/lfw-funneled/Matthew_Perry/Matthew_Perry_0002.jpg,/home/anitadonato/tcc/tcc/data/lfw/lfw-funneled/Natalie_Coughlin/Natalie_Coughlin_0005.jpg,0.8697396098813692,0
/home/anitadonato/tcc/tcc/data/lfw/lfw-funneled/John_Snow/John_Snow_0001.jpg,/home/anitadonato/tcc/tcc/data/lfw/lfw-funneled/Carlos_Moya/Carlos_Moya_0002.jpg,0.7998280574099752,0
/home/anitadonato/tcc/tcc/data/lfw/lfw-funneled/Juan_Pablo_Montoya/Juan_Pablo_Montoya_0002.jpg,/home/anitadonato/tcc/tcc/data/lfw/lfw-funneled/Cruz_Bustamante/Cruz_Bustamante_0004.jpg,0.7123500761598439,0
/home/anitadonato/tcc/tcc/data/lfw/lfw-funneled/Spencer_Abraham/Spencer_Abraham_0005.jpg,/home/anitadonato/tcc/tcc/data/lfw/lfw-funneled/Ann_Veneman/Ann_Veneman_0004.jpg,0.9141226739315236,0
/home/anitadonato/tcc/tcc/data/lfw/lfw-funneled/Alejandro_Toledo/Alejandro_Toledo_0002.jpg,/home/anitadonato/tcc/tcc/data/lfw/lfw-funneled/Bob_Hope/Bob_Hope_0001.jpg,0.7819894832815575,0
/home/anitadonato/tcc/tcc/data/lfw/lfw-funneled/Mike_Weir/Mike_Weir_0003.jpg,/home/anitadonato/tcc/tcc/data/lfw/lfw-funneled/Julie_Gerberding/Julie_Gerberding_0001.jpg,0.8886879092491391,0
/home/anitadonato/tcc/tcc/data/lfw/lfw-funneled/Pedro_Malan/Pedro_Malan_0001.jpg,/home/anitadonato/tcc/tcc/data/lfw/lfw-funneled/Bob_Hope/Bob_Hope_0002.jpg,0.8693852087649977,0
/home/anitadonato/tcc/tcc/data/lfw/lfw-funneled/Eduardo_Duhalde/Eduardo_Duhalde_0001.jpg,/home/anitadonato/tcc/tcc/data/lfw/lfw-funneled/Steve_Lavin/Steve_Lavin_0005.jpg,0.7323448490354807,0
/home/anitadonato/tcc/tcc/data/lfw/lfw-funneled/Muhammad_Saeed_al-Sahhaf/Muhammad_Saeed_al-Sahhaf_0004.jpg,/home/anitadonato/tcc/tcc/data/lfw/lfw-funneled/Anna_Kournikova/Anna_Kournikova_0004.jpg,0.7647167687207994,0
/home/anitadonato/tcc/tcc/data/lfw/lfw-funneled/Gonzalo_Sanchez_de_Lozada/Gonzalo_Sanchez_de_Lozada_0004.jpg,/home/anitadonato/tcc/tcc/data/lfw/lfw-funneled/Cruz_Bustamante/Cruz_Bustamante_0004.jpg,0.6715202780212415,0
/home/anitadonato/tcc/tcc/data/lfw/lfw-funneled/Jiri_Novak/Jiri_Novak_0004.jpg,/home/anitadonato/tcc/tcc/data/lfw/lfw-funneled/Heidi_Klum/Heidi_Klum_0001.jpg,0.798922430488925,0
/home/anitadonato/tcc/tcc/data/lfw/lfw-funneled/John_Snow/John_Snow_0005.jpg,/home/anitadonato/tcc/tcc/data/lfw/lfw-funneled/Carlos_Moya/Carlos_Moya_0001.jpg,0.7837330256213833,0
/home/anitadonato/tcc/tcc/data/lfw/lfw-funneled/Bill_McBride/Bill_McBride_0005.jpg,/home/anitadonato/tcc/tcc/data/lfw/lfw-funneled/Jean_Chretien/Jean_Chretien_0001.jpg,0.7497342029469135,0
/home/anitadonato/tcc/tcc/data/lfw/lfw-funneled/Angela_Merkel/Angela_Merkel_0003.jpg,/home/anitadonato/tcc/tcc/data/lfw/lfw-funneled/Bob_Hope/Bob_Hope_0005.jpg,0.8826323731938099,0
/home/anitadonato/tcc/tcc/data/lfw/lfw-funneled/Robert_De_Niro/Robert_De_Niro_0003.jpg,/home/anitadonato/tcc/tcc/data/lfw/lfw-funneled/Tom_Crean/Tom_Crean_0005.jpg,0.8485301780950587,0
/home/anitadonato/tcc/tcc/data/lfw/lfw-funneled/Pedro_Malan/Pedro_Malan_0004.jpg,/home/anitadonato/tcc/tcc/data/lfw/lfw-funneled/Britney_Spears/Britney_Spears_0004.jpg,0.8895724821117931,0
/home/anitadonato/tcc/tcc/data/lfw/lfw-funneled/Jan_Ullrich/Jan_Ullrich_0001.jpg,/home/anitadonato/tcc/tcc/data/lfw/lfw-funneled/Tung_Chee-hwa/Tung_Chee-hwa_0004.jpg,0.9563943976444633,0
/home/anitadonato/tcc/tcc/data/lfw/lfw-funneled/Tommy_Franks/Tommy_Franks_0002.jpg,/home/anitadonato/tcc/tcc/data/lfw/lfw-funneled/John_Snow/John_Snow_0002.jpg,0.7890717551470531,0
/home/anitadonato/tcc/tcc/data/lfw/lfw-funneled/Gerhard_Schroeder/Gerhard_Schroeder_0005.jpg,/home/anitadonato/tcc/tcc/data/lfw/lfw-funneled/Walter_Mondale/Walter_Mondale_0003.jpg,0.7024287859988035,0
/home/anitadonato/tcc/tcc/data/lfw/lfw-funneled/Abdullah_Gul/Abdullah_Gul_0003.jpg,/home/anitadonato/tcc/tcc/data/lfw/lfw-funneled/Costas_Simitis/Costas_Simitis_0003.jpg,0.7774343544913235,0
/home/anitadonato/tcc/tcc/data/lfw/lfw-funneled/Alvaro_Uribe/Alvaro_Uribe_0005.jpg,/home/anitadonato/tcc/tcc/data/lfw/lfw-funneled/Carmen_Electra/Carmen_Electra_0002.jpg,0.8405291526130022,0
/home/anitadonato/tcc/tcc/data/lfw/lfw-funneled/Fujio_Cho/Fujio_Cho_0001.jpg,/home/anitadonato/tcc/tcc/data/lfw/lfw-funneled/Rudolph_Giuliani/Rudolph_Giuliani_0005.jpg,0.7758563668787967,0
/home/anitadonato/tcc/tcc/data/lfw/lfw-funneled/Martin_Scorsese/Martin_Scorsese_0005.jpg,/home/anitadonato/tcc/tcc/data/lfw/lfw-funneled/Walter_Mondale/Walter_Mondale_0005.jpg,0.7122336127587099,0
/home/anitadonato/tcc/tcc/data/lfw/lfw-funneled/Matthew_Perry/Matthew_Perry_0002.jpg,/home/anitadonato/tcc/tcc/data/lfw/lfw-funneled/David_Anderson/David_Anderson_0003.jpg,0.7828432973986909,0
/home/anitadonato/tcc/tcc/data/lfw/lfw-funneled/Mike_Myers/Mike_Myers_0005.jpg,/home/anitadonato/tcc/tcc/data/lfw/lfw-funneled/Fernando_Gonzalez/Fernando_Gonzalez_0002.jpg,0.7958494631187344,0
/home/anitadonato/tcc/tcc/data/lfw/lfw-funneled/Colin_Powell/Colin_Powell_0002.jpg,/home/anitadonato/tcc/tcc/data/lfw/lfw-funneled/Boris_Becker/Boris_Becker_0005.jpg,0.8755410564964976,0
/home/anitadonato/tcc/tcc/data/lfw/lfw-funneled/Eduardo_Duhalde/Eduardo_Duhalde_0001.jpg,/home/anitadonato/tcc/tcc/data/lfw/lfw-funneled/Jeremy_Greenstock/Jeremy_Greenstock_0002.jpg,0.6898978738958139,0
/home/anitadonato/tcc/tcc/data/lfw/lfw-funneled/Juan_Pablo_Montoya/Juan_Pablo_Montoya_0001.jpg,/home/anitadonato/tcc/tcc/data/lfw/lfw-funneled/Zhu_Rongji/Zhu_Rongji_0005.jpg,0.7686969259829457,0
/home/anitadonato/tcc/tcc/data/lfw/lfw-funneled/Habib_Rizieq/Habib_Rizieq_0005.jpg,/home/anitadonato/tcc/tcc/data/lfw/lfw-funneled/Alejandro_Toledo/Alejandro_Toledo_0001.jpg,0.7752431909220144,0
/home/anitadonato/tcc/tcc/data/lfw/lfw-funneled/Tom_Crean/Tom_Crean_0001.jpg,/home/anitadonato/tcc/tcc/data/lfw/lfw-funneled/Juan_Pablo_Montoya/Juan_Pablo_Montoya_0003.jpg,0.7203457769890136,0
/home/anitadonato/tcc/tcc/data/lfw/lfw-funneled/Elizabeth_Smart/Elizabeth_Smart_0005.jpg,/home/anitadonato/tcc/tcc/data/lfw/lfw-funneled/Pervez_Musharraf/Pervez_Musharraf_0004.jpg,0.8567164247582401,0
/home/anitadonato/tcc/tcc/data/lfw/lfw-funneled/Bernard_Law/Bernard_Law_0002.jpg,/home/anitadonato/tcc/tcc/data/lfw/lfw-funneled/Lleyton_Hewitt/Lleyton_Hewitt_0002.jpg,0.7658693071504313,0
/home/anitadonato/tcc/tcc/data/lfw/lfw-funneled/Elizabeth_Smart/Elizabeth_Smart_0005.jpg,/home/anitadonato/tcc/tcc/data/lfw/lfw-funneled/Britney_Spears/Britney_Spears_0001.jpg,0.7912520340553063,0
/home/anitadonato/tcc/tcc/data/lfw/lfw-funneled/Jeremy_Greenstock/Jeremy_Greenstock_0004.jpg,/home/anitadonato/tcc/tcc/data/lfw/lfw-funneled/Erika_Harold/Erika_Harold_0004.jpg,0.8464999709577212,0
/home/anitadonato/tcc/tcc/data/lfw/lfw-funneled/Bernard_Law/Bernard_Law_0003.jpg,/home/anitadonato/tcc/tcc/data/lfw/lfw-funneled/Michael_Schumacher/Michael_Schumacher_0005.jpg,0.7901020540541713,0
/home/anitadonato/tcc/tcc/data/lfw/lfw-funneled/Jennifer_Lopez/Jennifer_Lopez_0005.jpg,/home/anitadonato/tcc/tcc/data/lfw/lfw-funneled/Tom_Cruise/Tom_Cruise_0003.jpg,0.9477402845975955,0
/home/anitadonato/tcc/tcc/data/lfw/lfw-funneled/Jiri_Novak/Jiri_Novak_0002.jpg,/home/anitadonato/tcc/tcc/data/lfw/lfw-funneled/Martin_McGuinness/Martin_McGuinness_0001.jpg,0.8144008853285615,0
/home/anitadonato/tcc/tcc/data/lfw/lfw-funneled/Jiri_Novak/Jiri_Novak_0002.jpg,/home/anitadonato/tcc/tcc/data/lfw/lfw-funneled/Norm_Coleman/Norm_Coleman_0004.jpg,0.8588724803716202,0
/home/anitadonato/tcc/tcc/data/lfw/lfw-funneled/Sourav_Ganguly/Sourav_Ganguly_0002.jpg,/home/anitadonato/tcc/tcc/data/lfw/lfw-funneled/Salma_Hayek/Salma_Hayek_0003.jpg,0.7933178457836967,0
/home/anitadonato/tcc/tcc/data/lfw/lfw-funneled/Joseph_Biden/Joseph_Biden_0004.jpg,/home/anitadonato/tcc/tcc/data/lfw/lfw-funneled/Habib_Rizieq/Habib_Rizieq_0003.jpg,0.8161358517729922,0
/home/anitadonato/tcc/tcc/data/lfw/lfw-funneled/Princess_Caroline/Princess_Caroline_0004.jpg,/home/anitadonato/tcc/tcc/data/lfw/lfw-funneled/David_Anderson/David_Anderson_0005.jpg,0.9333354106126693,0
/home/anitadonato/tcc/tcc/data/lfw/lfw-funneled/Robert_De_Niro/Robert_De_Niro_0005.jpg,/home/anitadonato/tcc/tcc/data/lfw/lfw-funneled/Woody_Allen/Woody_Allen_0001.jpg,0.7278046003479683,0
/home/anitadonato/tcc/tcc/data/lfw/lfw-funneled/Victoria_Clarke/Victoria_Clarke_0005.jpg,/home/anitadonato/tcc/tcc/data/lfw/lfw-funneled/Ai_Sugiyama/Ai_Sugiyama_0002.jpg,0.8207730497161139,0
/home/anitadonato/tcc/tcc/data/lfw/lfw-funneled/Roger_Federer/Roger_Federer_0001.jpg,/home/anitadonato/tcc/tcc/data/lfw/lfw-funneled/John_Stockton/John_Stockton_0001.jpg,0.6298295948186627,0
/home/anitadonato/tcc/tcc/data/lfw/lfw-funneled/Heidi_Klum/Heidi_Klum_0001.jpg,/home/anitadonato/tcc/tcc/data/lfw/lfw-funneled/Antonio_Banderas/Antonio_Banderas_0005.jpg,0.9411021012324149,0
/home/anitadonato/tcc/tcc/data/lfw/lfw-funneled/Condoleezza_Rice/Condoleezza_Rice_0005.jpg,/home/anitadonato/tcc/tcc/data/lfw/lfw-funneled/Hamid_Karzai/Hamid_Karzai_0002.jpg,0.9317297631511636,0
/home/anitadonato/tcc/tcc/data/lfw/lfw-funneled/Bulent_Ecevit/Bulent_Ecevit_0003.jpg,/home/anitadonato/tcc/tcc/data/lfw/lfw-funneled/Carmen_Electra/Carmen_Electra_0005.jpg,1.052103559326341,0
/home/anitadonato/tcc/tcc/data/lfw/lfw-funneled/Michelle_Yeoh/Michelle_Yeoh_0002.jpg,/home/anitadonato/tcc/tcc/data/lfw/lfw-funneled/Kim_Dae-jung/Kim_Dae-jung_0003.jpg,0.6750802098896489,0
/home/anitadonato/tcc/tcc/data/lfw/lfw-funneled/Walter_Mondale/Walter_Mondale_0005.jpg,/home/anitadonato/tcc/tcc/data/lfw/lfw-funneled/Bill_Gates/Bill_Gates_0003.jpg,0.6015796149410613,0
/home/anitadonato/tcc/tcc/data/lfw/lfw-funneled/Hillary_Clinton/Hillary_Clinton_0005.jpg,/home/anitadonato/tcc/tcc/data/lfw/lfw-funneled/Habib_Rizieq/Habib_Rizieq_0005.jpg,0.9054767069418576,0
/home/anitadonato/tcc/tcc/data/lfw/lfw-funneled/Amelia_Vega/Amelia_Vega_0003.jpg,/home/anitadonato/tcc/tcc/data/lfw/lfw-funneled/Jan_Ullrich/Jan_Ullrich_0005.jpg,0.9611892795477284,0
/home/anitadonato/tcc/tcc/data/lfw/lfw-funneled/Alvaro_Uribe/Alvaro_Uribe_0002.jpg,/home/anitadonato/tcc/tcc/data/lfw/lfw-funneled/Tung_Chee-hwa/Tung_Chee-hwa_0005.jpg,0.9504762247111574,0
/home/anitadonato/tcc/tcc/data/lfw/lfw-funneled/Maria_Shriver/Maria_Shriver_0005.jpg,/home/anitadonato/tcc/tcc/data/lfw/lfw-funneled/Fidel_Castro/Fidel_Castro_0002.jpg,0.9684953106171005,0
/home/anitadonato/tcc/tcc/data/lfw/lfw-funneled/Xavier_Malisse/Xavier_Malisse_0002.jpg,/home/anitadonato/tcc/tcc/data/lfw/lfw-funneled/Tommy_Franks/Tommy_Franks_0005.jpg,0.8470983678063299,0
/home/anitadonato/tcc/tcc/data/lfw/lfw-funneled/Tom_Cruise/Tom_Cruise_0002.jpg,/home/anitadonato/tcc/tcc/data/lfw/lfw-funneled/Kurt_Warner/Kurt_Warner_0004.jpg,0.7710329626328483,0
/home/anitadonato/tcc/tcc/data/lfw/lfw-funneled/Lleyton_Hewitt/Lleyton_Hewitt_0002.jpg,/home/anitadonato/tcc/tcc/data/lfw/lfw-funneled/Rudolph_Giuliani/Rudolph_Giuliani_0004.jpg,0.7167403959475455,0
/home/anitadonato/tcc/tcc/data/lfw/lfw-funneled/Ian_Thorpe/Ian_Thorpe_0003.jpg,/home/anitadonato/tcc/tcc/data/lfw/lfw-funneled/Ana_Palacio/Ana_Palacio_0003.jpg,0.8256534090694124,0
/home/anitadonato/tcc/tcc/data/lfw/lfw-funneled/Ian_Thorpe/Ian_Thorpe_0002.jpg,/home/anitadonato/tcc/tcc/data/lfw/lfw-funneled/Rudolph_Giuliani/Rudolph_Giuliani_0005.jpg,0.8402345980956565,0
/home/anitadonato/tcc/tcc/data/lfw/lfw-funneled/Salma_Hayek/Salma_Hayek_0004.jpg,/home/anitadonato/tcc/tcc/data/lfw/lfw-funneled/George_Lopez/George_Lopez_0004.jpg,0.78480837721947,0
/home/anitadonato/tcc/tcc/data/lfw/lfw-funneled/Yoko_Ono/Yoko_Ono_0003.jpg,/home/anitadonato/tcc/tcc/data/lfw/lfw-funneled/Rudolph_Giuliani/Rudolph_Giuliani_0001.jpg,0.8053359655601422,0
/home/anitadonato/tcc/tcc/data/lfw/lfw-funneled/Angelina_Jolie/Angelina_Jolie_0003.jpg,/home/anitadonato/tcc/tcc/data/lfw/lfw-funneled/Tom_Daschle/Tom_Daschle_0003.jpg,0.9707412552457289,0
/home/anitadonato/tcc/tcc/data/lfw/lfw-funneled/Condoleezza_Rice/Condoleezza_Rice_0005.jpg,/home/anitadonato/tcc/tcc/data/lfw/lfw-funneled/Grant_Hackett/Grant_Hackett_0002.jpg,0.9490181949126112,0
/home/anitadonato/tcc/tcc/data/lfw/lfw-funneled/Tony_Blair/Tony_Blair_0004.jpg,/home/anitadonato/tcc/tcc/data/lfw/lfw-funneled/Paul_McCartney/Paul_McCartney_0003.jpg,0.7818911363287799,0
/home/anitadonato/tcc/tcc/data/lfw/lfw-funneled/Adrien_Brody/Adrien_Brody_0001.jpg,/home/anitadonato/tcc/tcc/data/lfw/lfw-funneled/Paul_McCartney/Paul_McCartney_0005.jpg,0.8585687283081209,0
/home/anitadonato/tcc/tcc/data/lfw/lfw-funneled/Eduardo_Duhalde/Eduardo_Duhalde_0002.jpg,/home/anitadonato/tcc/tcc/data/lfw/lfw-funneled/Tony_Blair/Tony_Blair_0005.jpg,0.8310843407405436,0
/home/anitadonato/tcc/tcc/data/lfw/lfw-funneled/Hamid_Karzai/Hamid_Karzai_0003.jpg,/home/anitadonato/tcc/tcc/data/lfw/lfw-funneled/Roy_Moore/Roy_Moore_0004.jpg,0.8264996828070912,0
/home/anitadonato/tcc/tcc/data/lfw/lfw-funneled/Sheryl_Crow/Sheryl_Crow_0001.jpg,/home/anitadonato/tcc/tcc/data/lfw/lfw-funneled/Megawati_Sukarnoputri/Megawati_Sukarnoputri_0005.jpg,0.8590229943651271,0
/home/anitadonato/tcc/tcc/data/lfw/lfw-funneled/Ai_Sugiyama/Ai_Sugiyama_0002.jpg,/home/anitadonato/tcc/tcc/data/lfw/lfw-funneled/Clara_Harris/Clara_Harris_0002.jpg,0.7237612315174929,0
/home/anitadonato/tcc/tcc/data/lfw/lfw-funneled/Frank_Solich/Frank_Solich_0003.jpg,/home/anitadonato/tcc/tcc/data/lfw/lfw-funneled/Colin_Montgomerie/Colin_Montgomerie_0002.jpg,0.7713117235457384,0
/home/anitadonato/tcc/tcc/data/lfw/lfw-funneled/Wayne_Ferreira/Wayne_Ferreira_0002.jpg,/home/anitadonato/tcc/tcc/data/lfw/lfw-funneled/Boris_Becker/Boris_Becker_0003.jpg,0.6780579657494109,0
/home/anitadonato/tcc/tcc/data/lfw/lfw-funneled/Megawati_Sukarnoputri/Megawati_Sukarnoputri_0001.jpg,/home/anitadonato/tcc/tcc/data/lfw/lfw-funneled/Julie_Gerberding/Julie_Gerberding_0002.jpg,0.9625191602318831,0
/home/anitadonato/tcc/tcc/data/lfw/lfw-funneled/Nia_Vardalos/Nia_Vardalos_0001.jpg,/home/anitadonato/tcc/tcc/data/lfw/lfw-funneled/Bernard_Law/Bernard_Law_0004.jpg,0.9401491922095802,0
/home/anitadonato/tcc/tcc/data/lfw/lfw-funneled/Michael_Chiklis/Michael_Chiklis_0004.jpg,/home/anitadonato/tcc/tcc/data/lfw/lfw-funneled/Joseph_Biden/Joseph_Biden_0002.jpg,0.7713795964643633,0
/home/anitadonato/tcc/tcc/data/lfw/lfw-funneled/Paul_ONeill/Paul_ONeill_0004.jpg,/home/anitadonato/tcc/tcc/data/lfw/lfw-funneled/Colin_Powell/Colin_Powell_0001.jpg,0.7405662291060351,0
/home/anitadonato/tcc/tcc/data/lfw/lfw-funneled/John_Allen_Muhammad/John_Allen_Muhammad_0002.jpg,/home/anitadonato/tcc/tcc/data/lfw/lfw-funneled/Yoko_Ono/Yoko_Ono_0005.jpg,0.9174845078134476,0
/home/anitadonato/tcc/tcc/data/lfw/lfw-funneled/Paul_ONeill/Paul_ONeill_0002.jpg,/home/anitadonato/tcc/tcc/data/lfw/lfw-funneled/Colin_Powell/Colin_Powell_0005.jpg,0.7216299828267096,0
/home/anitadonato/tcc/tcc/data/lfw/lfw-funneled/Rudolph_Giuliani/Rudolph_Giuliani_0002.jpg,/home/anitadonato/tcc/tcc/data/lfw/lfw-funneled/Silvio_Berlusconi/Silvio_Berlusconi_0001.jpg,0.7964345831423478,0
/home/anitadonato/tcc/tcc/data/lfw/lfw-funneled/Fidel_Castro/Fidel_Castro_0002.jpg,/home/anitadonato/tcc/tcc/data/lfw/lfw-funneled/Anna_Kournikova/Anna_Kournikova_0005.jpg,0.8897301920677089,0
/home/anitadonato/tcc/tcc/data/lfw/lfw-funneled/Hamid_Karzai/Hamid_Karzai_0005.jpg,/home/anitadonato/tcc/tcc/data/lfw/lfw-funneled/Denzel_Washington/Denzel_Washington_0001.jpg,0.8596541851888015,0
/home/anitadonato/tcc/tcc/data/lfw/lfw-funneled/Andre_Agassi/Andre_Agassi_0003.jpg,/home/anitadonato/tcc/tcc/data/lfw/lfw-funneled/Trent_Lott/Trent_Lott_0001.jpg,0.8787060720478828,0
/home/anitadonato/tcc/tcc/data/lfw/lfw-funneled/Cesar_Gaviria/Cesar_Gaviria_0005.jpg,/home/anitadonato/tcc/tcc/data/lfw/lfw-funneled/Xavier_Malisse/Xavier_Malisse_0004.jpg,0.8881800788700567,0
/home/anitadonato/tcc/tcc/data/lfw/lfw-funneled/Sheryl_Crow/Sheryl_Crow_0002.jpg,/home/anitadonato/tcc/tcc/data/lfw/lfw-funneled/Jennifer_Capriati/Jennifer_Capriati_0004.jpg,0.661800176247923,0
/home/anitadonato/tcc/tcc/data/lfw/lfw-funneled/Denzel_Washington/Denzel_Washington_0005.jpg,/home/anitadonato/tcc/tcc/data/lfw/lfw-funneled/Costas_Simitis/Costas_Simitis_0002.jpg,0.865784969033727,0
/home/anitadonato/tcc/tcc/data/lfw/lfw-funneled/Nicanor_Duarte_Frutos/Nicanor_Duarte_Frutos_0005.jpg,/home/anitadonato/tcc/tcc/data/lfw/lfw-funneled/Kurt_Warner/Kurt_Warner_0003.jpg,0.8582945467553312,0
/home/anitadonato/tcc/tcc/data/lfw/lfw-funneled/Fidel_Castro/Fidel_Castro_0003.jpg,/home/anitadonato/tcc/tcc/data/lfw/lfw-funneled/Rob_Marshall/Rob_Marshall_0004.jpg,0.8289940876539793,0
/home/anitadonato/tcc/tcc/data/lfw/lfw-funneled/Martin_Scorsese/Martin_Scorsese_0001.jpg,/home/anitadonato/tcc/tcc/data/lfw/lfw-funneled/Paul_ONeill/Paul_ONeill_0002.jpg,0.6878164878597,0
/home/anitadonato/tcc/tcc/data/lfw/lfw-funneled/Tony_Blair/Tony_Blair_0002.jpg,/home/anitadonato/tcc/tcc/data/lfw/lfw-funneled/Arminio_Fraga/Arminio_Fraga_0001.jpg,0.6936479282375442,0
/home/anitadonato/tcc/tcc/data/lfw/lfw-funneled/Heidi_Klum/Heidi_Klum_0005.jpg,/home/anitadonato/tcc/tcc/data/lfw/lfw-funneled/Hal_Gehman/Hal_Gehman_0005.jpg,0.9077090688025566,0
/home/anitadonato/tcc/tcc/data/lfw/lfw-funneled/Maria_Shriver/Maria_Shriver_0002.jpg,/home/anitadonato/tcc/tcc/data/lfw/lfw-funneled/Silvan_Shalom/Silvan_Shalom_0005.jpg,0.8958521249705274,0
/home/anitadonato/tcc/tcc/data/lfw/lfw-funneled/Natalie_Coughlin/Natalie_Coughlin_0004.jpg,/home/anitadonato/tcc/tcc/data/lfw/lfw-funneled/Vladimir_Putin/Vladimir_Putin_0005.jpg,0.9061341995739155,0
/home/anitadonato/tcc/tcc/data/lfw/lfw-funneled/Denzel_Washington/Denzel_Washington_0005.jpg,/home/anitadonato/tcc/tcc/data/lfw/lfw-funneled/Bulent_Ecevit/Bulent_Ecevit_0005.jpg,0.8931645071865005,0
/home/anitadonato/tcc/tcc/data/lfw/lfw-funneled/Yasser_Arafat/Yasser_Arafat_0001.jpg,/home/anitadonato/tcc/tcc/data/lfw/lfw-funneled/Kate_Hudson/Kate_Hudson_0004.jpg,0.8493516592918272,0
/home/anitadonato/tcc/tcc/data/lfw/lfw-funneled/Kurt_Warner/Kurt_Warner_0005.jpg,/home/anitadonato/tcc/tcc/data/lfw/lfw-funneled/Paul_Burrell/Paul_Burrell_0005.jpg,0.789245329676043,0
/home/anitadonato/tcc/tcc/data/lfw/lfw-funneled/Richard_Myers/Richard_Myers_0004.jpg,/home/anitadonato/tcc/tcc/data/lfw/lfw-funneled/Princess_Caroline/Princess_Caroline_0005.jpg,0.8519854414411809,0
/home/anitadonato/tcc/tcc/data/lfw/lfw-funneled/Silvan_Shalom/Silvan_Shalom_0001.jpg,/home/anitadonato/tcc/tcc/data/lfw/lfw-funneled/Zinedine_Zidane/Zinedine_Zidane_0005.jpg,0.8224108227096624,0
/home/anitadonato/tcc/tcc/data/lfw/lfw-funneled/Martin_McGuinness/Martin_McGuinness_0004.jpg,/home/anitadonato/tcc/tcc/data/lfw/lfw-funneled/Muhammad_Saeed_al-Sahhaf/Muhammad_Saeed_al-Sahhaf_0004.jpg,0.7175918390199879,0
/home/anitadonato/tcc/tcc/data/lfw/lfw-funneled/Yashwant_Sinha/Yashwant_Sinha_0005.jpg,/home/anitadonato/tcc/tcc/data/lfw/lfw-funneled/Adrien_Brody/Adrien_Brody_0001.jpg,0.8774671390963162,0
/home/anitadonato/tcc/tcc/data/lfw/lfw-funneled/Rainer_Schuettler/Rainer_Schuettler_0003.jpg,/home/anitadonato/tcc/tcc/data/lfw/lfw-funneled/Hillary_Clinton/Hillary_Clinton_0004.jpg,0.8224308041615833,0
/home/anitadonato/tcc/tcc/data/lfw/lfw-funneled/Kristanna_Loken/Kristanna_Loken_0001.jpg,/home/anitadonato/tcc/tcc/data/lfw/lfw-funneled/Ian_Thorpe/Ian_Thorpe_0003.jpg,0.9223788255713401,0
/home/anitadonato/tcc/tcc/data/lfw/lfw-funneled/Denzel_Washington/Denzel_Washington_0004.jpg,/home/anitadonato/tcc/tcc/data/lfw/lfw-funneled/Grant_Hackett/Grant_Hackett_0003.jpg,0.8873174518058397,0
/home/anitadonato/tcc/tcc/data/lfw/lfw-funneled/Joe_Lieberman/Joe_Lieberman_0001.jpg,/home/anitadonato/tcc/tcc/data/lfw/lfw-funneled/Carlos_Moya/Carlos_Moya_0005.jpg,0.9329591268646968,0
/home/anitadonato/tcc/tcc/data/lfw/lfw-funneled/Tom_Daschle/Tom_Daschle_0005.jpg,/home/anitadonato/tcc/tcc/data/lfw/lfw-funneled/Kate_Hudson/Kate_Hudson_0001.jpg,0.9736259335869866,0
/home/anitadonato/tcc/tcc/data/lfw/lfw-funneled/Tony_Blair/Tony_Blair_0002.jpg,/home/anitadonato/tcc/tcc/data/lfw/lfw-funneled/Paul_McCartney/Paul_McCartney_0003.jpg,0.7536893908591892,0
/home/anitadonato/tcc/tcc/data/lfw/lfw-funneled/Ben_Affleck/Ben_Affleck_0001.jpg,/home/anitadonato/tcc/tcc/data/lfw/lfw-funneled/Salma_Hayek/Salma_Hayek_0002.jpg,0.9390359493284175,0
/home/anitadonato/tcc/tcc/data/lfw/lfw-funneled/Martin_McGuinness/Martin_McGuinness_0005.jpg,/home/anitadonato/tcc/tcc/data/lfw/lfw-funneled/Mohamed_ElBaradei/Mohamed_ElBaradei_0003.jpg,0.8261712782789943,0
/home/anitadonato/tcc/tcc/data/lfw/lfw-funneled/Anna_Kournikova/Anna_Kournikova_0004.jpg,/home/anitadonato/tcc/tcc/data/lfw/lfw-funneled/Ludivine_Sagnier/Ludivine_Sagnier_0005.jpg,0.8598433427639177,0
/home/anitadonato/tcc/tcc/data/lfw/lfw-funneled/Hans_Blix/Hans_Blix_0003.jpg,/home/anitadonato/tcc/tcc/data/lfw/lfw-funneled/JK_Rowling/JK_Rowling_0004.jpg,0.9547784594021889,0
/home/anitadonato/tcc/tcc/data/lfw/lfw-funneled/Bill_McBride/Bill_McBride_0004.jpg,/home/anitadonato/tcc/tcc/data/lfw/lfw-funneled/Ann_Veneman/Ann_Veneman_0005.jpg,0.8133719817591766,0
/home/anitadonato/tcc/tcc/data/lfw/lfw-funneled/Steve_Lavin/Steve_Lavin_0002.jpg,/home/anitadonato/tcc/tcc/data/lfw/lfw-funneled/Sheryl_Crow/Sheryl_Crow_0003.jpg,0.9073603109928986,0
/home/anitadonato/tcc/tcc/data/lfw/lfw-funneled/Roh_Moo-hyun/Roh_Moo-hyun_0004.jpg,/home/anitadonato/tcc/tcc/data/lfw/lfw-funneled/Steve_Lavin/Steve_Lavin_0003.jpg,0.9651477295455837,0
/home/anitadonato/tcc/tcc/data/lfw/lfw-funneled/David_Anderson/David_Anderson_0003.jpg,/home/anitadonato/tcc/tcc/data/lfw/lfw-funneled/Kofi_Annan/Kofi_Annan_0004.jpg,0.9064931071365266,0
/home/anitadonato/tcc/tcc/data/lfw/lfw-funneled/Natalie_Maines/Natalie_Maines_0001.jpg,/home/anitadonato/tcc/tcc/data/lfw/lfw-funneled/Ai_Sugiyama/Ai_Sugiyama_0002.jpg,0.9983954526100038,0
/home/anitadonato/tcc/tcc/data/lfw/lfw-funneled/Xavier_Malisse/Xavier_Malisse_0002.jpg,/home/anitadonato/tcc/tcc/data/lfw/lfw-funneled/Angela_Merkel/Angela_Merkel_0001.jpg,0.892419133132291,0
/home/anitadonato/tcc/tcc/data/lfw/lfw-funneled/Mike_Myers/Mike_Myers_0004.jpg,/home/anitadonato/tcc/tcc/data/lfw/lfw-funneled/Carlos_Menem/Carlos_Menem_0003.jpg,0.663760040873707,0
/home/anitadonato/tcc/tcc/data/lfw/lfw-funneled/Al_Sharpton/Al_Sharpton_0001.jpg,/home/anitadonato/tcc/tcc/data/lfw/lfw-funneled/Michael_Schumacher/Michael_Schumacher_0002.jpg,0.8697954613222484,0
/home/anitadonato/tcc/tcc/data/lfw/lfw-funneled/George_Lopez/George_Lopez_0001.jpg,/home/anitadonato/tcc/tcc/data/lfw/lfw-funneled/Abdullah_Gul/Abdullah_Gul_0001.jpg,0.7874186289429311,0
/home/anitadonato/tcc/tcc/data/lfw/lfw-funneled/Sergey_Lavrov/Sergey_Lavrov_0005.jpg,/home/anitadonato/tcc/tcc/data/lfw/lfw-funneled/Kim_Dae-jung/Kim_Dae-jung_0004.jpg,0.8212273784360246,0
/home/anitadonato/tcc/tcc/data/lfw/lfw-funneled/Pedro_Malan/Pedro_Malan_0003.jpg,/home/anitadonato/tcc/tcc/data/lfw/lfw-funneled/Ana_Palacio/Ana_Palacio_0002.jpg,0.7998150647973878,0
/home/anitadonato/tcc/tcc/data/lfw/lfw-funneled/Zinedine_Zidane/Zinedine_Zidane_0005.jpg,/home/anitadonato/tcc/tcc/data/lfw/lfw-funneled/George_Robertson/George_Robertson_0001.jpg,0.8139240883287876,0
/home/anitadonato/tcc/tcc/data/lfw/lfw-funneled/Rob_Marshall/Rob_Marshall_0004.jpg,/home/anitadonato/tcc/tcc/data/lfw/lfw-funneled/Arminio_Fraga/Arminio_Fraga_0005.jpg,0.8841730078471055,0
/home/anitadonato/tcc/tcc/data/lfw/lfw-funneled/Paul_McCartney/Paul_McCartney_0003.jpg,/home/anitadonato/tcc/tcc/data/lfw/lfw-funneled/Tom_Daschle/Tom_Daschle_0005.jpg,0.7886305192593923,0
/home/anitadonato/tcc/tcc/data/lfw/lfw-funneled/Paul_Martin/Paul_Martin_0002.jpg,/home/anitadonato/tcc/tcc/data/lfw/lfw-funneled/Princess_Caroline/Princess_Caroline_0004.jpg,0.8903405455059717,0
/home/anitadonato/tcc/tcc/data/lfw/lfw-funneled/Clara_Harris/Clara_Harris_0002.jpg,/home/anitadonato/tcc/tcc/data/lfw/lfw-funneled/Alvaro_Uribe/Alvaro_Uribe_0005.jpg,0.810846136738871,0
/home/anitadonato/tcc/tcc/data/lfw/lfw-funneled/Thabo_Mbeki/Thabo_Mbeki_0001.jpg,/home/anitadonato/tcc/tcc/data/lfw/lfw-funneled/Jeremy_Greenstock/Jeremy_Greenstock_0005.jpg,0.8587809114619431,0
/home/anitadonato/tcc/tcc/data/lfw/lfw-funneled/Carlos_Menem/Carlos_Menem_0002.jpg,/home/anitadonato/tcc/tcc/data/lfw/lfw-funneled/Tom_Harkin/Tom_Harkin_0005.jpg,0.7030746675748349,0
/home/anitadonato/tcc/tcc/data/lfw/lfw-funneled/Jennifer_Capriati/Jennifer_Capriati_0001.jpg,/home/anitadonato/tcc/tcc/data/lfw/lfw-funneled/Michael_Chiklis/Michael_Chiklis_0003.jpg,0.8339520150863722,0
/home/anitadonato/tcc/tcc/data/lfw/lfw-funneled/Queen_Rania/Queen_Rania_0001.jpg,/home/anitadonato/tcc/tcc/data/lfw/lfw-funneled/Paul_McCartney/Paul_McCartney_0002.jpg,0.8692756383172763,0
/home/anitadonato/tcc/tcc/data/lfw/lfw-funneled/Pedro_Malan/Pedro_Malan_0004.jpg,/home/anitadonato/tcc/tcc/data/lfw/lfw-funneled/Sourav_Ganguly/Sourav_Ganguly_0003.jpg,0.8246706510034693,0
/home/anitadonato/tcc/tcc/data/lfw/lfw-funneled/Juan_Pablo_Montoya/Juan_Pablo_Montoya_0004.jpg,/home/anitadonato/tcc/tcc/data/lfw/lfw-funneled/Jan_Ullrich/Jan_Ullrich_0005.jpg,0.8566976928250827,0
/home/anitadonato/tcc/tcc/data/lfw/lfw-funneled/Hal_Gehman/Hal_Gehman_0001.jpg,/home/anitadonato/tcc/tcc/data/lfw/lfw-funneled/Tom_Harkin/Tom_Harkin_0001.jpg,0.7704827793654698,0
/home/anitadonato/tcc/tcc/data/lfw/lfw-funneled/Amelia_Vega/Amelia_Vega_0003.jpg,/home/anitadonato/tcc/tcc/data/lfw/lfw-funneled/Al_Sharpton/Al_Sharpton_0005.jpg,1.0055199077504948,0
/home/anitadonato/tcc/tcc/data/lfw/lfw-funneled/Russell_Simmons/Russell_Simmons_0003.jpg,/home/anitadonato/tcc/tcc/data/lfw/lfw-funneled/Yashwant_Sinha/Yashwant_Sinha_0003.jpg,0.8208396183840893,0
/home/anitadonato/tcc/tcc/data/lfw/lfw-funneled/Bill_Gates/Bill_Gates_0002.jpg,/home/anitadonato/tcc/tcc/data/lfw/lfw-funneled/Cameron_Diaz/Cameron_Diaz_0004.jpg,0.8337848662051432,0
/home/anitadonato/tcc/tcc/data/lfw/lfw-funneled/Hamid_Karzai/Hamid_Karzai_0001.jpg,/home/anitadonato/tcc/tcc/data/lfw/lfw-funneled/Kofi_Annan/Kofi_Annan_0003.jpg,0.863486565378085,0
/home/anitadonato/tcc/tcc/data/lfw/lfw-funneled/Woody_Allen/Woody_Allen_0005.jpg,/home/anitadonato/tcc/tcc/data/lfw/lfw-funneled/Ben_Affleck/Ben_Affleck_0001.jpg,0.7429787965567122,0
/home/anitadonato/tcc/tcc/data/lfw/lfw-funneled/Roh_Moo-hyun/Roh_Moo-hyun_0005.jpg,/home/anitadonato/tcc/tcc/data/lfw/lfw-funneled/Bob_Hope/Bob_Hope_0003.jpg,0.9368550510759734,0
/home/anitadonato/tcc/tcc/data/lfw/lfw-funneled/David_Trimble/David_Trimble_0005.jpg,/home/anitadonato/tcc/tcc/data/lfw/lfw-funneled/William_Ford_Jr/William_Ford_Jr_0003.jpg,0.8246718854619499,0
/home/anitadonato/tcc/tcc/data/lfw/lfw-funneled/Ludivine_Sagnier/Ludivine_Sagnier_0003.jpg,/home/anitadonato/tcc/tcc/data/lfw/lfw-funneled/Kofi_Annan/Kofi_Annan_0004.jpg,1.0580423500268588,0
/home/anitadonato/tcc/tcc/data/lfw/lfw-funneled/Tony_Blair/Tony_Blair_0004.jpg,/home/anitadonato/tcc/tcc/data/lfw/lfw-funneled/Tom_Cruise/Tom_Cruise_0002.jpg,0.8100111364562486,0
/home/anitadonato/tcc/tcc/data/lfw/lfw-funneled/Bill_McBride/Bill_McBride_0004.jpg,/home/anitadonato/tcc/tcc/data/lfw/lfw-funneled/Winona_Ryder/Winona_Ryder_0004.jpg,1.0017937214818309,0
/home/anitadonato/tcc/tcc/data/lfw/lfw-funneled/Adrien_Brody/Adrien_Brody_0004.jpg,/home/anitadonato/tcc/tcc/data/lfw/lfw-funneled/Christine_Todd_Whitman/Christine_Todd_Whitman_0001.jpg,0.9177990843589611,0
/home/anitadonato/tcc/tcc/data/lfw/lfw-funneled/Anna_Kournikova/Anna_Kournikova_0004.jpg,/home/anitadonato/tcc/tcc/data/lfw/lfw-funneled/Ana_Guevara/Ana_Guevara_0002.jpg,0.7911703226872885,0
/home/anitadonato/tcc/tcc/data/lfw/lfw-funneled/Catherine_Zeta-Jones/Catherine_Zeta-Jones_0002.jpg,/home/anitadonato/tcc/tcc/data/lfw/lfw-funneled/Angela_Merkel/Angela_Merkel_0003.jpg,0.83693719476318,0
/home/anitadonato/tcc/tcc/data/lfw/lfw-funneled/Fernando_Gonzalez/Fernando_Gonzalez_0005.jpg,/home/anitadonato/tcc/tcc/data/lfw/lfw-funneled/Roy_Moore/Roy_Moore_0005.jpg,0.8743559048809391,0
/home/anitadonato/tcc/tcc/data/lfw/lfw-funneled/Alvaro_Uribe/Alvaro_Uribe_0003.jpg,/home/anitadonato/tcc/tcc/data/lfw/lfw-funneled/Angela_Merkel/Angela_Merkel_0002.jpg,0.8966773755591753,0
/home/anitadonato/tcc/tcc/data/lfw/lfw-funneled/Thabo_Mbeki/Thabo_Mbeki_0004.jpg,/home/anitadonato/tcc/tcc/data/lfw/lfw-funneled/Amelia_Vega/Amelia_Vega_0003.jpg,1.1486718480196967,0
/home/anitadonato/tcc/tcc/data/lfw/lfw-funneled/Frank_Solich/Frank_Solich_0002.jpg,/home/anitadonato/tcc/tcc/data/lfw/lfw-funneled/Carmen_Electra/Carmen_Electra_0004.jpg,1.0496508766018007,0
/home/anitadonato/tcc/tcc/data/lfw/lfw-funneled/Jiri_Novak/Jiri_Novak_0002.jpg,/home/anitadonato/tcc/tcc/data/lfw/lfw-funneled/Roy_Moore/Roy_Moore_0005.jpg,0.8211181933159449,0
/home/anitadonato/tcc/tcc/data/lfw/lfw-funneled/Natalie_Maines/Natalie_Maines_0002.jpg,/home/anitadonato/tcc/tcc/data/lfw/lfw-funneled/Hal_Gehman/Hal_Gehman_0002.jpg,0.8976388459050133,0
/home/anitadonato/tcc/tcc/data/lfw/lfw-funneled/Roger_Federer/Roger_Federer_0002.jpg,/home/anitadonato/tcc/tcc/data/lfw/lfw-funneled/Ann_Veneman/Ann_Veneman_0002.jpg,0.8501688890756827,0
/home/anitadonato/tcc/tcc/data/lfw/lfw-funneled/Norm_Coleman/Norm_Coleman_0003.jpg,/home/anitadonato/tcc/tcc/data/lfw/lfw-funneled/Valery_Giscard_dEstaing/Valery_Giscard_dEstaing_0002.jpg,0.7922346736758102,0
/home/anitadonato/tcc/tcc/data/lfw/lfw-funneled/Michael_Powell/Michael_Powell_0001.jpg,/home/anitadonato/tcc/tcc/data/lfw/lfw-funneled/Robert_De_Niro/Robert_De_Niro_0001.jpg,0.8739099372949088,0
/home/anitadonato/tcc/tcc/data/lfw/lfw-funneled/Catherine_Zeta-Jones/Catherine_Zeta-Jones_0004.jpg,/home/anitadonato/tcc/tcc/data/lfw/lfw-funneled/Tung_Chee-hwa/Tung_Chee-hwa_0005.jpg,0.9118172493789305,0
/home/anitadonato/tcc/tcc/data/lfw/lfw-funneled/Carlos_Moya/Carlos_Moya_0005.jpg,/home/anitadonato/tcc/tcc/data/lfw/lfw-funneled/Sylvester_Stallone/Sylvester_Stallone_0001.jpg,0.8452799690582774,0
/home/anitadonato/tcc/tcc/data/lfw/lfw-funneled/Sheryl_Crow/Sheryl_Crow_0005.jpg,/home/anitadonato/tcc/tcc/data/lfw/lfw-funneled/Nancy_Pelosi/Nancy_Pelosi_0003.jpg,0.8364219775693591,0
/home/anitadonato/tcc/tcc/data/lfw/lfw-funneled/Meryl_Streep/Meryl_Streep_0003.jpg,/home/anitadonato/tcc/tcc/data/lfw/lfw-funneled/Kofi_Annan/Kofi_Annan_0004.jpg,0.9983175088397861,0
/home/anitadonato/tcc/tcc/data/lfw/lfw-funneled/John_Paul_II/John_Paul_II_0005.jpg,/home/anitadonato/tcc/tcc/data/lfw/lfw-funneled/Sylvester_Stallone/Sylvester_Stallone_0003.jpg,0.722736233981872,0
/home/anitadonato/tcc/tcc/data/lfw/lfw-funneled/Jan_Ullrich/Jan_Ullrich_0005.jpg,/home/anitadonato/tcc/tcc/data/lfw/lfw-funneled/John_Negroponte/John_Negroponte_0002.jpg,0.7835369963612171,0
/home/anitadonato/tcc/tcc/data/lfw/lfw-funneled/Billy_Crystal/Billy_Crystal_0004.jpg,/home/anitadonato/tcc/tcc/data/lfw/lfw-funneled/Atal_Bihari_Vajpayee/Atal_Bihari_Vajpayee_0004.jpg,0.7451843672861465,0
/home/anitadonato/tcc/tcc/data/lfw/lfw-funneled/Michelle_Yeoh/Michelle_Yeoh_0005.jpg,/home/anitadonato/tcc/tcc/data/lfw/lfw-funneled/Thaksin_Shinawatra/Thaksin_Shinawatra_0003.jpg,0.6516567223611197,0
/home/anitadonato/tcc/tcc/data/lfw/lfw-funneled/Walter_Mondale/Walter_Mondale_0002.jpg,/home/anitadonato/tcc/tcc/data/lfw/lfw-funneled/Maria_Shriver/Maria_Shriver_0004.jpg,0.8044582461452615,0
/home/anitadonato/tcc/tcc/data/lfw/lfw-funneled/Kate_Hudson/Kate_Hudson_0005.jpg,/home/anitadonato/tcc/tcc/data/lfw/lfw-funneled/Luis_Horna/Luis_Horna_0004.jpg,0.9897728385422392,0
/home/anitadonato/tcc/tcc/data/lfw/lfw-funneled/Jiri_Novak/Jiri_Novak_0001.jpg,/home/anitadonato/tcc/tcc/data/lfw/lfw-funneled/Martha_Stewart/Martha_Stewart_0001.jpg,0.8110380415661405,0
/home/anitadonato/tcc/tcc/data/lfw/lfw-funneled/Michael_Chiklis/Michael_Chiklis_0004.jpg,/home/anitadonato/tcc/tcc/data/lfw/lfw-funneled/Liza_Minnelli/Liza_Minnelli_0005.jpg,0.9110193215446895,0
/home/anitadonato/tcc/tcc/data/lfw/lfw-funneled/Elizabeth_Smart/Elizabeth_Smart_0003.jpg,/home/anitadonato/tcc/tcc/data/lfw/lfw-funneled/Robert_Blake/Robert_Blake_0005.jpg,0.8500060922162999,0
/home/anitadonato/tcc/tcc/data/lfw/lfw-funneled/Anna_Kournikova/Anna_Kournikova_0005.jpg,/home/anitadonato/tcc/tcc/data/lfw/lfw-funneled/Boris_Becker/Boris_Becker_0003.jpg,0.7499229627725398,0
/home/anitadonato/tcc/tcc/data/lfw/lfw-funneled/Renee_Zellweger/Renee_Zellweger_0004.jpg,/home/anitadonato/tcc/tcc/data/lfw/lfw-funneled/George_HW_Bush/George_HW_Bush_0005.jpg,0.9574478662557508,0
/home/anitadonato/tcc/tcc/data/lfw/lfw-funneled/David_Trimble/David_Trimble_0002.jpg,/home/anitadonato/tcc/tcc/data/lfw/lfw-funneled/Hans_Blix/Hans_Blix_0004.jpg,0.6251358385381903,0
/home/anitadonato/tcc/tcc/data/lfw/lfw-funneled/Rainer_Schuettler/Rainer_Schuettler_0004.jpg,/home/anitadonato/tcc/tcc/data/lfw/lfw-funneled/Liza_Minnelli/Liza_Minnelli_0003.jpg,0.9303785657990127,0
/home/anitadonato/tcc/tcc/data/lfw/lfw-funneled/Hans_Blix/Hans_Blix_0003.jpg,/home/anitadonato/tcc/tcc/data/lfw/lfw-funneled/Juan_Carlos_Ferrero/Juan_Carlos_Ferrero_0004.jpg,0.8774026153194777,0
/home/anitadonato/tcc/tcc/data/lfw/lfw-funneled/John_Paul_II/John_Paul_II_0002.jpg,/home/anitadonato/tcc/tcc/data/lfw/lfw-funneled/Silvio_Berlusconi/Silvio_Berlusconi_0005.jpg,0.7380971283654704,0
/home/anitadonato/tcc/tcc/data/lfw/lfw-funneled/Maria_Shriver/Maria_Shriver_0001.jpg,/home/anitadonato/tcc/tcc/data/lfw/lfw-funneled/Muhammad_Saeed_al-Sahhaf/Muhammad_Saeed_al-Sahhaf_0003.jpg,0.8692054270031065,0
/home/anitadonato/tcc/tcc/data/lfw/lfw-funneled/Renee_Zellweger/Renee_Zellweger_0004.jpg,/home/anitadonato/tcc/tcc/data/lfw/lfw-funneled/Steve_Lavin/Steve_Lavin_0004.jpg,0.9393244624955005,0
/home/anitadonato/tcc/tcc/data/lfw/lfw-funneled/Pervez_Musharraf/Pervez_Musharraf_0002.jpg,/home/anitadonato/tcc/tcc/data/lfw/lfw-funneled/Sergey_Lavrov/Sergey_Lavrov_0004.jpg,0.8133127009410502,0
/home/anitadonato/tcc/tcc/data/lfw/lfw-funneled/Alvaro_Uribe/Alvaro_Uribe_0004.jpg,/home/anitadonato/tcc/tcc/data/lfw/lfw-funneled/Vladimir_Putin/Vladimir_Putin_0004.jpg,0.7525458127183764,0
/home/anitadonato/tcc/tcc/data/lfw/lfw-funneled/Hillary_Clinton/Hillary_Clinton_0005.jpg,/home/anitadonato/tcc/tcc/data/lfw/lfw-funneled/Cruz_Bustamante/Cruz_Bustamante_0005.jpg,0.934579337710385,0
/home/anitadonato/tcc/tcc/data/lfw/lfw-funneled/Andre_Agassi/Andre_Agassi_0004.jpg,/home/anitadonato/tcc/tcc/data/lfw/lfw-funneled/Jiri_Novak/Jiri_Novak_0003.jpg,0.7442427898853187,0
/home/anitadonato/tcc/tcc/data/lfw/lfw-funneled/Eduardo_Duhalde/Eduardo_Duhalde_0005.jpg,/home/anitadonato/tcc/tcc/data/lfw/lfw-funneled/Roh_Moo-hyun/Roh_Moo-hyun_0001.jpg,0.8416160664809115,0
/home/anitadonato/tcc/tcc/data/lfw/lfw-funneled/Jan_Ullrich/Jan_Ullrich_0002.jpg,/home/anitadonato/tcc/tcc/data/lfw/lfw-funneled/Elizabeth_Smart/Elizabeth_Smart_0001.jpg,0.8028385948628071,0
/home/anitadonato/tcc/tcc/data/lfw/lfw-funneled/Cesar_Gaviria/Cesar_Gaviria_0004.jpg,/home/anitadonato/tcc/tcc/data/lfw/lfw-funneled/Benjamin_Netanyahu/Benjamin_Netanyahu_0001.jpg,0.7030792841319314,0
/home/anitadonato/tcc/tcc/data/lfw/lfw-funneled/Gonzalo_Sanchez_de_Lozada/Gonzalo_Sanchez_de_Lozada_0003.jpg,/home/anitadonato/tcc/tcc/data/lfw/lfw-funneled/Jean_Chretien/Jean_Chretien_0003.jpg,0.6751798678387552,0
/home/anitadonato/tcc/tcc/data/lfw/lfw-funneled/Salma_Hayek/Salma_Hayek_0005.jpg,/home/anitadonato/tcc/tcc/data/lfw/lfw-funneled/Roh_Moo-hyun/Roh_Moo-hyun_0003.jpg,0.971577777804897,0
/home/anitadonato/tcc/tcc/data/lfw/lfw-funneled/Mike_Martz/Mike_Martz_0004.jpg,/home/anitadonato/tcc/tcc/data/lfw/lfw-funneled/Goldie_Hawn/Goldie_Hawn_0001.jpg,0.8953982344006336,0
/home/anitadonato/tcc/tcc/data/lfw/lfw-funneled/Yashwant_Sinha/Yashwant_Sinha_0005.jpg,/home/anitadonato/tcc/tcc/data/lfw/lfw-funneled/Catherine_Zeta-Jones/Catherine_Zeta-Jones_0002.jpg,0.8848977069315471,0
/home/anitadonato/tcc/tcc/data/lfw/lfw-funneled/Kofi_Annan/Kofi_Annan_0005.jpg,/home/anitadonato/tcc/tcc/data/lfw/lfw-funneled/Mohamed_ElBaradei/Mohamed_ElBaradei_0002.jpg,0.8624666464605212,0
/home/anitadonato/tcc/tcc/data/lfw/lfw-funneled/Michael_Powell/Michael_Powell_0003.jpg,/home/anitadonato/tcc/tcc/data/lfw/lfw-funneled/Britney_Spears/Britney_Spears_0003.jpg,0.8809179278381352,0
/home/anitadonato/tcc/tcc/data/lfw/lfw-funneled/Michael_Chiklis/Michael_Chiklis_0004.jpg,/home/anitadonato/tcc/tcc/data/lfw/lfw-funneled/Carlos_Menem/Carlos_Menem_0004.jpg,0.8155244329836857,0
/home/anitadonato/tcc/tcc/data/lfw/lfw-funneled/George_Robertson/George_Robertson_0005.jpg,/home/anitadonato/tcc/tcc/data/lfw/lfw-funneled/Jean-Pierre_Raffarin/Jean-Pierre_Raffarin_0003.jpg,0.6845369864472964,0
/home/anitadonato/tcc/tcc/data/lfw/lfw-funneled/Habib_Rizieq/Habib_Rizieq_0002.jpg,/home/anitadonato/tcc/tcc/data/lfw/lfw-funneled/Cruz_Bustamante/Cruz_Bustamante_0002.jpg,0.6698184404434036,0
/home/anitadonato/tcc/tcc/data/lfw/lfw-funneled/Jean-David_Levitte/Jean-David_Levitte_0004.jpg,/home/anitadonato/tcc/tcc/data/lfw/lfw-funneled/Winona_Ryder/Winona_Ryder_0005.jpg,0.9449373867134594,0
/home/anitadonato/tcc/tcc/data/lfw/lfw-funneled/Silvio_Berlusconi/Silvio_Berlusconi_0001.jpg,/home/anitadonato/tcc/tcc/data/lfw/lfw-funneled/Hamid_Karzai/Hamid_Karzai_0001.jpg,0.9149004610475222,0
/home/anitadonato/tcc/tcc/data/lfw/lfw-funneled/Colin_Powell/Colin_Powell_0002.jpg,/home/anitadonato/tcc/tcc/data/lfw/lfw-funneled/David_Trimble/David_Trimble_0003.jpg,0.7394266356257452,0
/home/anitadonato/tcc/tcc/data/lfw/lfw-funneled/Erika_Harold/Erika_Harold_0003.jpg,/home/anitadonato/tcc/tcc/data/lfw/lfw-funneled/Paul_McCartney/Paul_McCartney_0003.jpg,0.9040004734548593,0
/home/anitadonato/tcc/tcc/data/lfw/lfw-funneled/Megawati_Sukarnoputri/Megawati_Sukarnoputri_0004.jpg,/home/anitadonato/tcc/tcc/data/lfw/lfw-funneled/Alejandro_Toledo/Alejandro_Toledo_0003.jpg,0.8183979990392816,0
/home/anitadonato/tcc/tcc/data/lfw/lfw-funneled/Susan_Sarandon/Susan_Sarandon_0003.jpg,/home/anitadonato/tcc/tcc/data/lfw/lfw-funneled/Michael_Powell/Michael_Powell_0005.jpg,0.8999518380277641,0
/home/anitadonato/tcc/tcc/data/lfw/lfw-funneled/Tom_Daschle/Tom_Daschle_0004.jpg,/home/anitadonato/tcc/tcc/data/lfw/lfw-funneled/Gonzalo_Sanchez_de_Lozada/Gonzalo_Sanchez_de_Lozada_0002.jpg,0.7260512782260883,0
/home/anitadonato/tcc/tcc/data/lfw/lfw-funneled/Boris_Becker/Boris_Becker_0002.jpg,/home/anitadonato/tcc/tcc/data/lfw/lfw-funneled/Goldie_Hawn/Goldie_Hawn_0002.jpg,0.6990999810245091,0
/home/anitadonato/tcc/tcc/data/lfw/lfw-funneled/Fidel_Castro/Fidel_Castro_0001.jpg,/home/anitadonato/tcc/tcc/data/lfw/lfw-funneled/Jan_Ullrich/Jan_Ullrich_0001.jpg,0.7831619708120491,0
/home/anitadonato/tcc/tcc/data/lfw/lfw-funneled/Ana_Palacio/Ana_Palacio_0005.jpg,/home/anitadonato/tcc/tcc/data/lfw/lfw-funneled/Pamela_Anderson/Pamela_Anderson_0001.jpg,0.8795490195321714,0
/home/anitadonato/tcc/tcc/data/lfw/lfw-funneled/Geoff_Hoon/Geoff_Hoon_0004.jpg,/home/anitadonato/tcc/tcc/data/lfw/lfw-funneled/Jacques_Chirac/Jacques_Chirac_0005.jpg,0.7865137691080237,0
/home/anitadonato/tcc/tcc/data/lfw/lfw-funneled/Sylvester_Stallone/Sylvester_Stallone_0001.jpg,/home/anitadonato/tcc/tcc/data/lfw/lfw-funneled/Matthew_Perry/Matthew_Perry_0003.jpg,0.6480982809512496,0
/home/anitadonato/tcc/tcc/data/lfw/lfw-funneled/Valery_Giscard_dEstaing/Valery_Giscard_dEstaing_0001.jpg,/home/anitadonato/tcc/tcc/data/lfw/lfw-funneled/Jennifer_Lopez/Jennifer_Lopez_0004.jpg,1.0041320691813955,0
/home/anitadonato/tcc/tcc/data/lfw/lfw-funneled/John_Howard/John_Howard_0002.jpg,/home/anitadonato/tcc/tcc/data/lfw/lfw-funneled/Muhammad_Saeed_al-Sahhaf/Muhammad_Saeed_al-Sahhaf_0003.jpg,0.6921447472696425,0
/home/anitadonato/tcc/tcc/data/lfw/lfw-funneled/Susan_Sarandon/Susan_Sarandon_0002.jpg,/home/anitadonato/tcc/tcc/data/lfw/lfw-funneled/John_Manley/John_Manley_0002.jpg,0.7215906298844299,0
/home/anitadonato/tcc/tcc/data/lfw/lfw-funneled/Atal_Bihari_Vajpayee/Atal_Bihari_Vajpayee_0001.jpg,/home/anitadonato/tcc/tcc/data/lfw/lfw-funneled/Jennifer_Capriati/Jennifer_Capriati_0001.jpg,0.7957863785320229,0
/home/anitadonato/tcc/tcc/data/lfw/lfw-funneled/Tung_Chee-hwa/Tung_Chee-hwa_0003.jpg,/home/anitadonato/tcc/tcc/data/lfw/lfw-funneled/Lleyton_Hewitt/Lleyton_Hewitt_0004.jpg,0.8055429567063495,0
/home/anitadonato/tcc/tcc/data/lfw/lfw-funneled/Paradorn_Srichaphan/Paradorn_Srichaphan_0003.jpg,/home/anitadonato/tcc/tcc/data/lfw/lfw-funneled/Michelle_Yeoh/Michelle_Yeoh_0005.jpg,0.7047085033084094,0
/home/anitadonato/tcc/tcc/data/lfw/lfw-funneled/Susan_Sarandon/Susan_Sarandon_0005.jpg,/home/anitadonato/tcc/tcc/data/lfw/lfw-funneled/Hillary_Clinton/Hillary_Clinton_0002.jpg,0.7344911531192125,0
/home/anitadonato/tcc/tcc/data/lfw/lfw-funneled/Paul_ONeill/Paul_ONeill_0004.jpg,/home/anitadonato/tcc/tcc/data/lfw/lfw-funneled/Martin_Scorsese/Martin_Scorsese_0005.jpg,0.770037872686751,0
/home/anitadonato/tcc/tcc/data/lfw/lfw-funneled/Lindsay_Davenport/Lindsay_Davenport_0005.jpg,/home/anitadonato/tcc/tcc/data/lfw/lfw-funneled/Atal_Bihari_Vajpayee/Atal_Bihari_Vajpayee_0003.jpg,0.8464805086305401,0
/home/anitadonato/tcc/tcc/data/lfw/lfw-funneled/Mike_Martz/Mike_Martz_0005.jpg,/home/anitadonato/tcc/tcc/data/lfw/lfw-funneled/Sheryl_Crow/Sheryl_Crow_0002.jpg,0.9072936343243985,0
/home/anitadonato/tcc/tcc/data/lfw/lfw-funneled/Pedro_Malan/Pedro_Malan_0003.jpg,/home/anitadonato/tcc/tcc/data/lfw/lfw-funneled/Susan_Sarandon/Susan_Sarandon_0003.jpg,0.8857305558169918,0
/home/anitadonato/tcc/tcc/data/lfw/lfw-funneled/Fernando_Gonzalez/Fernando_Gonzalez_0002.jpg,/home/anitadonato/tcc/tcc/data/lfw/lfw-funneled/Anna_Kournikova/Anna_Kournikova_0003.jpg,0.9304395896753885,0
/home/anitadonato/tcc/tcc/data/lfw/lfw-funneled/Alvaro_Uribe/Alvaro_Uribe_0005.jpg,/home/anitadonato/tcc/tcc/data/lfw/lfw-funneled/Richard_Myers/Richard_Myers_0002.jpg,0.9727807999590509,0
/home/anitadonato/tcc/tcc/data/lfw/lfw-funneled/Mike_Martz/Mike_Martz_0004.jpg,/home/anitadonato/tcc/tcc/data/lfw/lfw-funneled/Thabo_Mbeki/Thabo_Mbeki_0005.jpg,0.9034554621802805,0
/home/anitadonato/tcc/tcc/data/lfw/lfw-funneled/Alvaro_Uribe/Alvaro_Uribe_0004.jpg,/home/anitadonato/tcc/tcc/data/lfw/lfw-funneled/Martha_Stewart/Martha_Stewart_0004.jpg,0.9124294176129494,0
/home/anitadonato/tcc/tcc/data/lfw/lfw-funneled/Richard_Gephardt/Richard_Gephardt_0004.jpg,/home/anitadonato/tcc/tcc/data/lfw/lfw-funneled/Alvaro_Uribe/Alvaro_Uribe_0003.jpg,0.7493608681365784,0
/home/anitadonato/tcc/tcc/data/lfw/lfw-funneled/Martin_Scorsese/Martin_Scorsese_0001.jpg,/home/anitadonato/tcc/tcc/data/lfw/lfw-funneled/Ian_Thorpe/Ian_Thorpe_0005.jpg,0.8448251515155285,0
/home/anitadonato/tcc/tcc/data/lfw/lfw-funneled/Nancy_Pelosi/Nancy_Pelosi_0004.jpg,/home/anitadonato/tcc/tcc/data/lfw/lfw-funneled/Joe_Lieberman/Joe_Lieberman_0005.jpg,0.8773769468750708,0
/home/anitadonato/tcc/tcc/data/lfw/lfw-funneled/Lindsay_Davenport/Lindsay_Davenport_0002.jpg,/home/anitadonato/tcc/tcc/data/lfw/lfw-funneled/Jan_Ullrich/Jan_Ullrich_0002.jpg,0.7702699771330014,0
/home/anitadonato/tcc/tcc/data/lfw/lfw-funneled/Julie_Gerberding/Julie_Gerberding_0004.jpg,/home/anitadonato/tcc/tcc/data/lfw/lfw-funneled/Natalie_Maines/Natalie_Maines_0004.jpg,0.7492822015484265,0
/home/anitadonato/tcc/tcc/data/lfw/lfw-funneled/John_Negroponte/John_Negroponte_0001.jpg,/home/anitadonato/tcc/tcc/data/lfw/lfw-funneled/Roger_Federer/Roger_Federer_0004.jpg,0.8189500578861899,0
/home/anitadonato/tcc/tcc/data/lfw/lfw-funneled/John_Manley/John_Manley_0005.jpg,/home/anitadonato/tcc/tcc/data/lfw/lfw-funneled/Queen_Rania/Queen_Rania_0005.jpg,0.9862630512369777,0
/home/anitadonato/tcc/tcc/data/lfw/lfw-funneled/Hosni_Mubarak/Hosni_Mubarak_0003.jpg,/home/anitadonato/tcc/tcc/data/lfw/lfw-funneled/Maria_Shriver/Maria_Shriver_0003.jpg,0.8851186115492161,0
/home/anitadonato/tcc/tcc/data/lfw/lfw-funneled/Mohamed_ElBaradei/Mohamed_ElBaradei_0005.jpg,/home/anitadonato/tcc/tcc/data/lfw/lfw-funneled/Jean_Chretien/Jean_Chretien_0003.jpg,0.8723708612447592,0
/home/anitadonato/tcc/tcc/data/lfw/lfw-funneled/Fernando_Gonzalez/Fernando_Gonzalez_0001.jpg,/home/anitadonato/tcc/tcc/data/lfw/lfw-funneled/Joe_Lieberman/Joe_Lieberman_0002.jpg,0.8578422583281212,0
/home/anitadonato/tcc/tcc/data/lfw/lfw-funneled/Hillary_Clinton/Hillary_Clinton_0001.jpg,/home/anitadonato/tcc/tcc/data/lfw/lfw-funneled/Tom_Crean/Tom_Crean_0004.jpg,0.8749554034850061,0
/home/anitadonato/tcc/tcc/data/lfw/lfw-funneled/Valery_Giscard_dEstaing/Valery_Giscard_dEstaing_0003.jpg,/home/anitadonato/tcc/tcc/data/lfw/lfw-funneled/Gonzalo_Sanchez_de_Lozada/Gonzalo_Sanchez_de_Lozada_0005.jpg,0.7508929872687754,0
/home/anitadonato/tcc/tcc/data/lfw/lfw-funneled/Christine_Baumgartner/Christine_Baumgartner_0003.jpg,/home/anitadonato/tcc/tcc/data/lfw/lfw-funneled/Joe_Lieberman/Joe_Lieberman_0001.jpg,0.9049283943047131,0
/home/anitadonato/tcc/tcc/data/lfw/lfw-funneled/Wayne_Ferreira/Wayne_Ferreira_0005.jpg,/home/anitadonato/tcc/tcc/data/lfw/lfw-funneled/Mohammed_Al-Douri/Mohammed_Al-Douri_0001.jpg,0.7892139937629641,0
/home/anitadonato/tcc/tcc/data/lfw/lfw-funneled/Boris_Becker/Boris_Becker_0003.jpg,/home/anitadonato/tcc/tcc/data/lfw/lfw-funneled/Spencer_Abraham/Spencer_Abraham_0003.jpg,0.9932308079132524,0
/home/anitadonato/tcc/tcc/data/lfw/lfw-funneled/LeBron_James/LeBron_James_0004.jpg,/home/anitadonato/tcc/tcc/data/lfw/lfw-funneled/Julie_Gerberding/Julie_Gerberding_0001.jpg,0.9624659031947035,0
/home/anitadonato/tcc/tcc/data/lfw/lfw-funneled/Ian_Thorpe/Ian_Thorpe_0002.jpg,/home/anitadonato/tcc/tcc/data/lfw/lfw-funneled/Amelia_Vega/Amelia_Vega_0001.jpg,0.821123228958764,0
/home/anitadonato/tcc/tcc/data/lfw/lfw-funneled/Meryl_Streep/Meryl_Streep_0003.jpg,/home/anitadonato/tcc/tcc/data/lfw/lfw-funneled/Cesar_Gaviria/Cesar_Gaviria_0004.jpg,0.9650774990767128,0
/home/anitadonato/tcc/tcc/data/lfw/lfw-funneled/John_Howard/John_Howard_0003.jpg,/home/anitadonato/tcc/tcc/data/lfw/lfw-funneled/Mark_Hurlbert/Mark_Hurlbert_0004.jpg,0.8345814928738282,0
/home/anitadonato/tcc/tcc/data/lfw/lfw-funneled/Luis_Horna/Luis_Horna_0003.jpg,/home/anitadonato/tcc/tcc/data/lfw/lfw-funneled/Thaksin_Shinawatra/Thaksin_Shinawatra_0001.jpg,0.8804123806306497,0
/home/anitadonato/tcc/tcc/data/lfw/lfw-funneled/Yasser_Arafat/Yasser_Arafat_0001.jpg,/home/anitadonato/tcc/tcc/data/lfw/lfw-funneled/Sergey_Lavrov/Sergey_Lavrov_0003.jpg,0.73737883806316,0
/home/anitadonato/tcc/tcc/data/lfw/lfw-funneled/Princess_Caroline/Princess_Caroline_0001.jpg,/home/anitadonato/tcc/tcc/data/lfw/lfw-funneled/Walter_Mondale/Walter_Mondale_0005.jpg,0.929169829597534,0
/home/anitadonato/tcc/tcc/data/lfw/lfw-funneled/Kim_Dae-jung/Kim_Dae-jung_0002.jpg,/home/anitadonato/tcc/tcc/data/lfw/lfw-funneled/John_Paul_II/John_Paul_II_0003.jpg,0.8538850938331959,0
/home/anitadonato/tcc/tcc/data/lfw/lfw-funneled/Jean-Pierre_Raffarin/Jean-Pierre_Raffarin_0001.jpg,/home/anitadonato/tcc/tcc/data/lfw/lfw-funneled/Tiger_Woods/Tiger_Woods_0002.jpg,0.8490398398660703,0
/home/anitadonato/tcc/tcc/data/lfw/lfw-funneled/Arminio_Fraga/Arminio_Fraga_0004.jpg,/home/anitadonato/tcc/tcc/data/lfw/lfw-funneled/Jacques_Chirac/Jacques_Chirac_0002.jpg,0.8415617423088079,0
/home/anitadonato/tcc/tcc/data/lfw/lfw-funneled/Natalie_Maines/Natalie_Maines_0002.jpg,/home/anitadonato/tcc/tcc/data/lfw/lfw-funneled/Thaksin_Shinawatra/Thaksin_Shinawatra_0004.jpg,0.954835660131047,0
/home/anitadonato/tcc/tcc/data/lfw/lfw-funneled/Natalie_Maines/Natalie_Maines_0001.jpg,/home/anitadonato/tcc/tcc/data/lfw/lfw-funneled/Jacques_Chirac/Jacques_Chirac_0005.jpg,0.9487245677381803,0
/home/anitadonato/tcc/tcc/data/lfw/lfw-funneled/Kalpana_Chawla/Kalpana_Chawla_0004.jpg,/home/anitadonato/tcc/tcc/data/lfw/lfw-funneled/Liza_Minnelli/Liza_Minnelli_0004.jpg,0.788044167513405,0
/home/anitadonato/tcc/tcc/data/lfw/lfw-funneled/Amelie_Mauresmo/Amelie_Mauresmo_0003.jpg,/home/anitadonato/tcc/tcc/data/lfw/lfw-funneled/John_Howard/John_Howard_0002.jpg,0.774772609863529,0
/home/anitadonato/tcc/tcc/data/lfw/lfw-funneled/Cruz_Bustamante/Cruz_Bustamante_0001.jpg,/home/anitadonato/tcc/tcc/data/lfw/lfw-funneled/Trent_Lott/Trent_Lott_0005.jpg,0.8063315813411237,0
/home/anitadonato/tcc/tcc/data/lfw/lfw-funneled/Tom_Daschle/Tom_Daschle_0003.jpg,/home/anitadonato/tcc/tcc/data/lfw/lfw-funneled/Fujio_Cho/Fujio_Cho_0004.jpg,0.891517123116571,0
/home/anitadonato/tcc/tcc/data/lfw/lfw-funneled/Jean-David_Levitte/Jean-David_Levitte_0002.jpg,/home/anitadonato/tcc/tcc/data/lfw/lfw-funneled/Richard_Gephardt/Richard_Gephardt_0003.jpg,0.7883717539992632,0
/home/anitadonato/tcc/tcc/data/lfw/lfw-funneled/Billy_Crystal/Billy_Crystal_0002.jpg,/home/anitadonato/tcc/tcc/data/lfw/lfw-funneled/Kalpana_Chawla/Kalpana_Chawla_0001.jpg,0.7605632852971784,0
/home/anitadonato/tcc/tcc/data/lfw/lfw-funneled/Renee_Zellweger/Renee_Zellweger_0004.jpg,/home/anitadonato/tcc/tcc/data/lfw/lfw-funneled/Abdullah_Gul/Abdullah_Gul_0003.jpg,0.9928072046506327,0
/home/anitadonato/tcc/tcc/data/lfw/lfw-funneled/Tiger_Woods/Tiger_Woods_0003.jpg,/home/anitadonato/tcc/tcc/data/lfw/lfw-funneled/Fidel_Castro/Fidel_Castro_0005.jpg,0.9529122479294109,0
/home/anitadonato/tcc/tcc/data/lfw/lfw-funneled/Kate_Hudson/Kate_Hudson_0002.jpg,/home/anitadonato/tcc/tcc/data/lfw/lfw-funneled/Jan_Ullrich/Jan_Ullrich_0001.jpg,0.9240090172759,0
/home/anitadonato/tcc/tcc/data/lfw/lfw-funneled/Rudolph_Giuliani/Rudolph_Giuliani_0004.jpg,/home/anitadonato/tcc/tcc/data/lfw/lfw-funneled/Condoleezza_Rice/Condoleezza_Rice_0005.jpg,1.0315946986869913,0
/home/anitadonato/tcc/tcc/data/lfw/lfw-funneled/Jennifer_Lopez/Jennifer_Lopez_0001.jpg,/home/anitadonato/tcc/tcc/data/lfw/lfw-funneled/Nancy_Pelosi/Nancy_Pelosi_0002.jpg,0.7822479925675765,0
/home/anitadonato/tcc/tcc/data/lfw/lfw-funneled/Tommy_Franks/Tommy_Franks_0001.jpg,/home/anitadonato/tcc/tcc/data/lfw/lfw-funneled/Mark_Hurlbert/Mark_Hurlbert_0005.jpg,0.7375061653413524,0
/home/anitadonato/tcc/tcc/data/lfw/lfw-funneled/Winona_Ryder/Winona_Ryder_0001.jpg,/home/anitadonato/tcc/tcc/data/lfw/lfw-funneled/Charlton_Heston/Charlton_Heston_0001.jpg,0.9118698588984635,0
/home/anitadonato/tcc/tcc/data/lfw/lfw-funneled/Lleyton_Hewitt/Lleyton_Hewitt_0002.jpg,/home/anitadonato/tcc/tcc/data/lfw/lfw-funneled/Alejandro_Toledo/Alejandro_Toledo_0005.jpg,0.8513420740429625,0
/home/anitadonato/tcc/tcc/data/lfw/lfw-funneled/Robert_De_Niro/Robert_De_Niro_0004.jpg,/home/anitadonato/tcc/tcc/data/lfw/lfw-funneled/LeBron_James/LeBron_James_0002.jpg,0.9033629001678233,0
/home/anitadonato/tcc/tcc/data/lfw/lfw-funneled/Erika_Harold/Erika_Harold_0003.jpg,/home/anitadonato/tcc/tcc/data/lfw/lfw-funneled/Steve_Lavin/Steve_Lavin_0004.jpg,0.9795355630513569,0
/home/anitadonato/tcc/tcc/data/lfw/lfw-funneled/John_Stockton/John_Stockton_0001.jpg,/home/anitadonato/tcc/tcc/data/lfw/lfw-funneled/Jeremy_Greenstock/Jeremy_Greenstock_0004.jpg,0.7132541865846228,0
/home/anitadonato/tcc/tcc/data/lfw/lfw-funneled/Lleyton_Hewitt/Lleyton_Hewitt_0002.jpg,/home/anitadonato/tcc/tcc/data/lfw/lfw-funneled/Rob_Marshall/Rob_Marshall_0003.jpg,0.8633677852806583,0
/home/anitadonato/tcc/tcc/data/lfw/lfw-funneled/Li_Peng/Li_Peng_0004.jpg,/home/anitadonato/tcc/tcc/data/lfw/lfw-funneled/Michelle_Yeoh/Michelle_Yeoh_0002.jpg,0.8372218282303165,0
/home/anitadonato/tcc/tcc/data/lfw/lfw-funneled/Zhu_Rongji/Zhu_Rongji_0005.jpg,/home/anitadonato/tcc/tcc/data/lfw/lfw-funneled/Boris_Becker/Boris_Becker_0003.jpg,0.936468972517302,0
/home/anitadonato/tcc/tcc/data/lfw/lfw-funneled/Halle_Berry/Halle_Berry_0004.jpg,/home/anitadonato/tcc/tcc/data/lfw/lfw-funneled/John_Stockton/John_Stockton_0003.jpg,0.9564871897614567,0
/home/anitadonato/tcc/tcc/data/lfw/lfw-funneled/Denzel_Washington/Denzel_Washington_0002.jpg,/home/anitadonato/tcc/tcc/data/lfw/lfw-funneled/Carmen_Electra/Carmen_Electra_0001.jpg,1.0589390400812966,0
/home/anitadonato/tcc/tcc/data/lfw/lfw-funneled/John_Travolta/John_Travolta_0004.jpg,/home/anitadonato/tcc/tcc/data/lfw/lfw-funneled/Jennifer_Lopez/Jennifer_Lopez_0003.jpg,0.9630091308173948,0
/home/anitadonato/tcc/tcc/data/lfw/lfw-funneled/Roger_Federer/Roger_Federer_0003.jpg,/home/anitadonato/tcc/tcc/data/lfw/lfw-funneled/Michelle_Yeoh/Michelle_Yeoh_0004.jpg,0.9215076455034386,0
/home/anitadonato/tcc/tcc/data/lfw/lfw-funneled/Richard_Myers/Richard_Myers_0005.jpg,/home/anitadonato/tcc/tcc/data/lfw/lfw-funneled/Princess_Caroline/Princess_Caroline_0004.jpg,0.8515022657754174,0
/home/anitadonato/tcc/tcc/data/lfw/lfw-funneled/John_Stockton/John_Stockton_0001.jpg,/home/anitadonato/tcc/tcc/data/lfw/lfw-funneled/Boris_Becker/Boris_Becker_0005.jpg,0.8309101165329782,0
/home/anitadonato/tcc/tcc/data/lfw/lfw-funneled/Hans_Blix/Hans_Blix_0005.jpg,/home/anitadonato/tcc/tcc/data/lfw/lfw-funneled/Princess_Caroline/Princess_Caroline_0002.jpg,0.7757492131996744,0
/home/anitadonato/tcc/tcc/data/lfw/lfw-funneled/Halle_Berry/Halle_Berry_0001.jpg,/home/anitadonato/tcc/tcc/data/lfw/lfw-funneled/Andre_Agassi/Andre_Agassi_0005.jpg,0.8060481887968497,0
/home/anitadonato/tcc/tcc/data/lfw/lfw-funneled/George_Lopez/George_Lopez_0005.jpg,/home/anitadonato/tcc/tcc/data/lfw/lfw-funneled/Joe_Lieberman/Joe_Lieberman_0004.jpg,0.7598551633145441,0
/home/anitadonato/tcc/tcc/data/lfw/lfw-funneled/Kristanna_Loken/Kristanna_Loken_0002.jpg,/home/anitadonato/tcc/tcc/data/lfw/lfw-funneled/Carmen_Electra/Carmen_Electra_0005.jpg,0.6702233352511012,0
/home/anitadonato/tcc/tcc/data/lfw/lfw-funneled/Britney_Spears/Britney_Spears_0004.jpg,/home/anitadonato/tcc/tcc/data/lfw/lfw-funneled/Halle_Berry/Halle_Berry_0003.jpg,0.7263118590986779,0
/home/anitadonato/tcc/tcc/data/lfw/lfw-funneled/Sharon_Stone/Sharon_Stone_0005.jpg,/home/anitadonato/tcc/tcc/data/lfw/lfw-funneled/Natalie_Coughlin/Natalie_Coughlin_0001.jpg,0.7008673777482374,0
/home/anitadonato/tcc/tcc/data/lfw/lfw-funneled/Yoko_Ono/Yoko_Ono_0002.jpg,/home/anitadonato/tcc/tcc/data/lfw/lfw-funneled/Paul_Burrell/Paul_Burrell_0001.jpg,0.8779679703747908,0
/home/anitadonato/tcc/tcc/data/lfw/lfw-funneled/Hal_Gehman/Hal_Gehman_0004.jpg,/home/anitadonato/tcc/tcc/data/lfw/lfw-funneled/Robert_De_Niro/Robert_De_Niro_0002.jpg,0.7823175192956768,0
/home/anitadonato/tcc/tcc/data/lfw/lfw-funneled/Elizabeth_Smart/Elizabeth_Smart_0005.jpg,/home/anitadonato/tcc/tcc/data/lfw/lfw-funneled/Thaksin_Shinawatra/Thaksin_Shinawatra_0004.jpg,0.7907734477162847,0
/home/anitadonato/tcc/tcc/data/lfw/lfw-funneled/Kurt_Warner/Kurt_Warner_0005.jpg,/home/anitadonato/tcc/tcc/data/lfw/lfw-funneled/Christine_Baumgartner/Christine_Baumgartner_0005.jpg,0.7954730978696164,0
/home/anitadonato/tcc/tcc/data/lfw/lfw-funneled/Angela_Merkel/Angela_Merkel_0003.jpg,/home/anitadonato/tcc/tcc/data/lfw/lfw-funneled/Paul_ONeill/Paul_ONeill_0001.jpg,0.8467411049286183,0
/home/anitadonato/tcc/tcc/data/lfw/lfw-funneled/Hans_Blix/Hans_Blix_0005.jpg,/home/anitadonato/tcc/tcc/data/lfw/lfw-funneled/John_Negroponte/John_Negroponte_0001.jpg,0.7848845515577869,0
/home/anitadonato/tcc/tcc/data/lfw/lfw-funneled/Tiger_Woods/Tiger_Woods_0004.jpg,/home/anitadonato/tcc/tcc/data/lfw/lfw-funneled/Liza_Minnelli/Liza_Minnelli_0001.jpg,1.0508841734014598,0
/home/anitadonato/tcc/tcc/data/lfw/lfw-funneled/Paradorn_Srichaphan/Paradorn_Srichaphan_0001.jpg,/home/anitadonato/tcc/tcc/data/lfw/lfw-funneled/Jean-David_Levitte/Jean-David_Levitte_0003.jpg,0.8738657088930812,0
/home/anitadonato/tcc/tcc/data/lfw/lfw-funneled/Steve_Lavin/Steve_Lavin_0004.jpg,/home/anitadonato/tcc/tcc/data/lfw/lfw-funneled/Jean_Chretien/Jean_Chretien_0003.jpg,0.7516943193912149,0
/home/anitadonato/tcc/tcc/data/lfw/lfw-funneled/John_Bolton/John_Bolton_0005.jpg,/home/anitadonato/tcc/tcc/data/lfw/lfw-funneled/Paul_Martin/Paul_Martin_0003.jpg,0.7283021586755435,0
/home/anitadonato/tcc/tcc/data/lfw/lfw-funneled/John_Travolta/John_Travolta_0001.jpg,/home/anitadonato/tcc/tcc/data/lfw/lfw-funneled/Rudolph_Giuliani/Rudolph_Giuliani_0003.jpg,0.8713269823752657,0
/home/anitadonato/tcc/tcc/data/lfw/lfw-funneled/Frank_Solich/Frank_Solich_0005.jpg,/home/anitadonato/tcc/tcc/data/lfw/lfw-funneled/Cesar_Gaviria/Cesar_Gaviria_0001.jpg,0.8380190104650638,0
/home/anitadonato/tcc/tcc/data/lfw/lfw-funneled/Elizabeth_Smart/Elizabeth_Smart_0002.jpg,/home/anitadonato/tcc/tcc/data/lfw/lfw-funneled/Rob_Marshall/Rob_Marshall_0005.jpg,0.9161119206500916,0
/home/anitadonato/tcc/tcc/data/lfw/lfw-funneled/Arminio_Fraga/Arminio_Fraga_0002.jpg,/home/anitadonato/tcc/tcc/data/lfw/lfw-funneled/Joe_Lieberman/Joe_Lieberman_0005.jpg,0.7757677829031525,0
/home/anitadonato/tcc/tcc/data/lfw/lfw-funneled/Kurt_Warner/Kurt_Warner_0005.jpg,/home/anitadonato/tcc/tcc/data/lfw/lfw-funneled/Norm_Coleman/Norm_Coleman_0002.jpg,0.7917039286995579,0
/home/anitadonato/tcc/tcc/data/lfw/lfw-funneled/Steve_Lavin/Steve_Lavin_0005.jpg,/home/anitadonato/tcc/tcc/data/lfw/lfw-funneled/Gerhard_Schroeder/Gerhard_Schroeder_0004.jpg,0.780085751377176,0
/home/anitadonato/tcc/tcc/data/lfw/lfw-funneled/Gerhard_Schroeder/Gerhard_Schroeder_0005.jpg,/home/anitadonato/tcc/tcc/data/lfw/lfw-funneled/Robert_De_Niro/Robert_De_Niro_0003.jpg,0.841121581151139,0
/home/anitadonato/tcc/tcc/data/lfw/lfw-funneled/Michael_Chiklis/Michael_Chiklis_0004.jpg,/home/anitadonato/tcc/tcc/data/lfw/lfw-funneled/Mike_Weir/Mike_Weir_0001.jpg,0.8424457356202052,0
/home/anitadonato/tcc/tcc/data/lfw/lfw-funneled/Fidel_Castro/Fidel_Castro_0005.jpg,/home/anitadonato/tcc/tcc/data/lfw/lfw-funneled/John_Paul_II/John_Paul_II_0004.jpg,0.7734380112265642,0
/home/anitadonato/tcc/tcc/data/lfw/lfw-funneled/Antonio_Banderas/Antonio_Banderas_0002.jpg,/home/anitadonato/tcc/tcc/data/lfw/lfw-funneled/Winona_Ryder/Winona_Ryder_0005.jpg,0.8940252407951923,0
/home/anitadonato/tcc/tcc/data/lfw/lfw-funneled/Denzel_Washington/Denzel_Washington_0003.jpg,/home/anitadonato/tcc/tcc/data/lfw/lfw-funneled/Susan_Sarandon/Susan_Sarandon_0003.jpg,0.9837192661025903,0
/home/anitadonato/tcc/tcc/data/lfw/lfw-funneled/Al_Sharpton/Al_Sharpton_0003.jpg,/home/anitadonato/tcc/tcc/data/lfw/lfw-funneled/Robert_Blake/Robert_Blake_0004.jpg,0.7285744661493381,0
/home/anitadonato/tcc/tcc/data/lfw/lfw-funneled/Sylvester_Stallone/Sylvester_Stallone_0004.jpg,/home/anitadonato/tcc/tcc/data/lfw/lfw-funneled/Abdullah_Gul/Abdullah_Gul_0003.jpg,0.7590706102789126,0
/home/anitadonato/tcc/tcc/data/lfw/lfw-funneled/Cameron_Diaz/Cameron_Diaz_0005.jpg,/home/anitadonato/tcc/tcc/data/lfw/lfw-funneled/Queen_Rania/Queen_Rania_0005.jpg,0.898413461575392,0
/home/anitadonato/tcc/tcc/data/lfw/lfw-funneled/Mike_Myers/Mike_Myers_0005.jpg,/home/anitadonato/tcc/tcc/data/lfw/lfw-funneled/Tony_Blair/Tony_Blair_0003.jpg,0.6948159936171915,0
/home/anitadonato/tcc/tcc/data/lfw/lfw-funneled/Salma_Hayek/Salma_Hayek_0004.jpg,/home/anitadonato/tcc/tcc/data/lfw/lfw-funneled/Gonzalo_Sanchez_de_Lozada/Gonzalo_Sanchez_de_Lozada_0004.jpg,0.9533608361267897,0
/home/anitadonato/tcc/tcc/data/lfw/lfw-funneled/Richard_Myers/Richard_Myers_0001.jpg,/home/anitadonato/tcc/tcc/data/lfw/lfw-funneled/Rob_Marshall/Rob_Marshall_0003.jpg,0.7608934605673061,0
/home/anitadonato/tcc/tcc/data/lfw/lfw-funneled/Martin_Scorsese/Martin_Scorsese_0005.jpg,/home/anitadonato/tcc/tcc/data/lfw/lfw-funneled/Heidi_Klum/Heidi_Klum_0002.jpg,0.9769503600486361,0
/home/anitadonato/tcc/tcc/data/lfw/lfw-funneled/John_Ashcroft/John_Ashcroft_0003.jpg,/home/anitadonato/tcc/tcc/data/lfw/lfw-funneled/Carlos_Moya/Carlos_Moya_0002.jpg,0.9345946750990823,0
/home/anitadonato/tcc/tcc/data/lfw/lfw-funneled/Mike_Myers/Mike_Myers_0001.jpg,/home/anitadonato/tcc/tcc/data/lfw/lfw-funneled/Jiri_Novak/Jiri_Novak_0003.jpg,0.8029105138585833,0
/home/anitadonato/tcc/tcc/data/lfw/lfw-funneled/Carmen_Electra/Carmen_Electra_0005.jpg,/home/anitadonato/tcc/tcc/data/lfw/lfw-funneled/Carlos_Menem/Carlos_Menem_0005.jpg,0.9820243664218139,0
/home/anitadonato/tcc/tcc/data/lfw/lfw-funneled/Silvio_Berlusconi/Silvio_Berlusconi_0001.jpg,/home/anitadonato/tcc/tcc/data/lfw/lfw-funneled/Jennifer_Lopez/Jennifer_Lopez_0001.jpg,0.8858277653763557,0
/home/anitadonato/tcc/tcc/data/lfw/lfw-funneled/Mike_Weir/Mike_Weir_0002.jpg,/home/anitadonato/tcc/tcc/data/lfw/lfw-funneled/Lleyton_Hewitt/Lleyton_Hewitt_0002.jpg,0.745127277794785,0
/home/anitadonato/tcc/tcc/data/lfw/lfw-funneled/Roger_Federer/Roger_Federer_0005.jpg,/home/anitadonato/tcc/tcc/data/lfw/lfw-funneled/Hans_Blix/Hans_Blix_0002.jpg,0.8205824324841893,0
/home/anitadonato/tcc/tcc/data/lfw/lfw-funneled/Ian_Thorpe/Ian_Thorpe_0003.jpg,/home/anitadonato/tcc/tcc/data/lfw/lfw-funneled/Benjamin_Netanyahu/Benjamin_Netanyahu_0001.jpg,0.8214930281936733,0
/home/anitadonato/tcc/tcc/data/lfw/lfw-funneled/Silvio_Berlusconi/Silvio_Berlusconi_0005.jpg,/home/anitadonato/tcc/tcc/data/lfw/lfw-funneled/Juan_Carlos_Ferrero/Juan_Carlos_Ferrero_0002.jpg,0.7710721276094188,0
/home/anitadonato/tcc/tcc/data/lfw/lfw-funneled/John_Stockton/John_Stockton_0003.jpg,/home/anitadonato/tcc/tcc/data/lfw/lfw-funneled/Frank_Solich/Frank_Solich_0004.jpg,0.8592082648459403,0
/home/anitadonato/tcc/tcc/data/lfw/lfw-funneled/Woody_Allen/Woody_Allen_0005.jpg,/home/anitadonato/tcc/tcc/data/lfw/lfw-funneled/Richard_Gere/Richard_Gere_0001.jpg,0.637832051746329,0
/home/anitadonato/tcc/tcc/data/lfw/lfw-funneled/Martin_Scorsese/Martin_Scorsese_0003.jpg,/home/anitadonato/tcc/tcc/data/lfw/lfw-funneled/Maria_Soledad_Alvear_Valenzuela/Maria_Soledad_Alvear_Valenzuela_0001.jpg,0.8259308038287614,0
/home/anitadonato/tcc/tcc/data/lfw/lfw-funneled/John_Stockton/John_Stockton_0004.jpg,/home/anitadonato/tcc/tcc/data/lfw/lfw-funneled/Kofi_Annan/Kofi_Annan_0001.jpg,0.9153852896928436,0
/home/anitadonato/tcc/tcc/data/lfw/lfw-funneled/Michael_Powell/Michael_Powell_0003.jpg,/home/anitadonato/tcc/tcc/data/lfw/lfw-funneled/Paul_Martin/Paul_Martin_0003.jpg,0.7347649859224803,0
/home/anitadonato/tcc/tcc/data/lfw/lfw-funneled/Lindsay_Davenport/Lindsay_Davenport_0001.jpg,/home/anitadonato/tcc/tcc/data/lfw/lfw-funneled/Nia_Vardalos/Nia_Vardalos_0002.jpg,0.6924326448254837,0
/home/anitadonato/tcc/tcc/data/lfw/lfw-funneled/Gerhard_Schroeder/Gerhard_Schroeder_0005.jpg,/home/anitadonato/tcc/tcc/data/lfw/lfw-funneled/Paul_McCartney/Paul_McCartney_0001.jpg,0.6136145722584733,0
/home/anitadonato/tcc/tcc/data/lfw/lfw-funneled/Abdullah_Gul/Abdullah_Gul_0004.jpg,/home/anitadonato/tcc/tcc/data/lfw/lfw-funneled/Michael_Powell/Michael_Powell_0001.jpg,0.6621703725531186,0
/home/anitadonato/tcc/tcc/data/lfw/lfw-funneled/David_Anderson/David_Anderson_0001.jpg,/home/anitadonato/tcc/tcc/data/lfw/lfw-funneled/Atal_Bihari_Vajpayee/Atal_Bihari_Vajpayee_0003.jpg,0.8999950928444521,0
/home/anitadonato/tcc/tcc/data/lfw/lfw-funneled/Michelle_Yeoh/Michelle_Yeoh_0002.jpg,/home/anitadonato/tcc/tcc/data/lfw/lfw-funneled/Tom_Cruise/Tom_Cruise_0003.jpg,1.0043335877387654,0
/home/anitadonato/tcc/tcc/data/lfw/lfw-funneled/Mohammed_Al-Douri/Mohammed_Al-Douri_0004.jpg,/home/anitadonato/tcc/tcc/data/lfw/lfw-funneled/Michael_Chiklis/Michael_Chiklis_0004.jpg,0.7289950380475853,0
/home/anitadonato/tcc/tcc/data/lfw/lfw-funneled/Yasser_Arafat/Yasser_Arafat_0005.jpg,/home/anitadonato/tcc/tcc/data/lfw/lfw-funneled/Martin_Scorsese/Martin_Scorsese_0005.jpg,0.7777695537117282,0
/home/anitadonato/tcc/tcc/data/lfw/lfw-funneled/Walter_Mondale/Walter_Mondale_0002.jpg,/home/anitadonato/tcc/tcc/data/lfw/lfw-funneled/Sergey_Lavrov/Sergey_Lavrov_0003.jpg,0.7998095548581137,0
/home/anitadonato/tcc/tcc/data/lfw/lfw-funneled/Matthew_Perry/Matthew_Perry_0005.jpg,/home/anitadonato/tcc/tcc/data/lfw/lfw-funneled/Pamela_Anderson/Pamela_Anderson_0001.jpg,0.9070950834146688,0
/home/anitadonato/tcc/tcc/data/lfw/lfw-funneled/Al_Sharpton/Al_Sharpton_0003.jpg,/home/anitadonato/tcc/tcc/data/lfw/lfw-funneled/Juan_Carlos_Ferrero/Juan_Carlos_Ferrero_0001.jpg,0.9232394126083697,0
/home/anitadonato/tcc/tcc/data/lfw/lfw-funneled/Juan_Carlos_Ferrero/Juan_Carlos_Ferrero_0004.jpg,/home/anitadonato/tcc/tcc/data/lfw/lfw-funneled/Bob_Graham/Bob_Graham_0002.jpg,0.8472242783403897,0
/home/anitadonato/tcc/tcc/data/lfw/lfw-funneled/Sylvester_Stallone/Sylvester_Stallone_0004.jpg,/home/anitadonato/tcc/tcc/data/lfw/lfw-funneled/Hillary_Clinton/Hillary_Clinton_0005.jpg,0.755440370673095,0
/home/anitadonato/tcc/tcc/data/lfw/lfw-funneled/Pervez_Musharraf/Pervez_Musharraf_0005.jpg,/home/anitadonato/tcc/tcc/data/lfw/lfw-funneled/Roh_Moo-hyun/Roh_Moo-hyun_0005.jpg,0.8096339011163312,0
/home/anitadonato/tcc/tcc/data/lfw/lfw-funneled/Norm_Coleman/Norm_Coleman_0001.jpg,/home/anitadonato/tcc/tcc/data/lfw/lfw-funneled/John_Allen_Muhammad/John_Allen_Muhammad_0003.jpg,0.7561093630897028,0
/home/anitadonato/tcc/tcc/data/lfw/lfw-funneled/Princess_Caroline/Princess_Caroline_0003.jpg,/home/anitadonato/tcc/tcc/data/lfw/lfw-funneled/Jose_Maria_Aznar/Jose_Maria_Aznar_0005.jpg,0.8327149853948302,0
/home/anitadonato/tcc/tcc/data/lfw/lfw-funneled/Pedro_Malan/Pedro_Malan_0004.jpg,/home/anitadonato/tcc/tcc/data/lfw/lfw-funneled/Sharon_Stone/Sharon_Stone_0004.jpg,0.8684289284172936,0
/home/anitadonato/tcc/tcc/data/lfw/lfw-funneled/Hans_Blix/Hans_Blix_0002.jpg,/home/anitadonato/tcc/tcc/data/lfw/lfw-funneled/Yashwant_Sinha/Yashwant_Sinha_0003.jpg,0.799822066127767,0
/home/anitadonato/tcc/tcc/data/lfw/lfw-funneled/Mike_Martz/Mike_Martz_0001.jpg,/home/anitadonato/tcc/tcc/data/lfw/lfw-funneled/Martin_Scorsese/Martin_Scorsese_0003.jpg,0.7455789502718094,0
/home/anitadonato/tcc/tcc/data/lfw/lfw-funneled/Jennifer_Capriati/Jennifer_Capriati_0005.jpg,/home/anitadonato/tcc/tcc/data/lfw/lfw-funneled/Yashwant_Sinha/Yashwant_Sinha_0004.jpg,0.7958588584368437,0
/home/anitadonato/tcc/tcc/data/lfw/lfw-funneled/Nicanor_Duarte_Frutos/Nicanor_Duarte_Frutos_0004.jpg,/home/anitadonato/tcc/tcc/data/lfw/lfw-funneled/Sergey_Lavrov/Sergey_Lavrov_0001.jpg,0.7361855941450535,0
/home/anitadonato/tcc/tcc/data/lfw/lfw-funneled/Ian_Thorpe/Ian_Thorpe_0003.jpg,/home/anitadonato/tcc/tcc/data/lfw/lfw-funneled/Hal_Gehman/Hal_Gehman_0002.jpg,0.8976755747472329,0
/home/anitadonato/tcc/tcc/data/lfw/lfw-funneled/Bill_McBride/Bill_McBride_0001.jpg,/home/anitadonato/tcc/tcc/data/lfw/lfw-funneled/Trent_Lott/Trent_Lott_0001.jpg,0.6948000663268431,0
/home/anitadonato/tcc/tcc/data/lfw/lfw-funneled/Robert_Zoellick/Robert_Zoellick_0002.jpg,/home/anitadonato/tcc/tcc/data/lfw/lfw-funneled/Billy_Crystal/Billy_Crystal_0005.jpg,0.7125724701016352,0
/home/anitadonato/tcc/tcc/data/lfw/lfw-funneled/Sergey_Lavrov/Sergey_Lavrov_0001.jpg,/home/anitadonato/tcc/tcc/data/lfw/lfw-funneled/Thabo_Mbeki/Thabo_Mbeki_0003.jpg,0.8419506174258417,0
/home/anitadonato/tcc/tcc/data/lfw/lfw-funneled/Hosni_Mubarak/Hosni_Mubarak_0003.jpg,/home/anitadonato/tcc/tcc/data/lfw/lfw-funneled/Sharon_Stone/Sharon_Stone_0004.jpg,0.8642996813448725,0
/home/anitadonato/tcc/tcc/data/lfw/lfw-funneled/Kim_Dae-jung/Kim_Dae-jung_0003.jpg,/home/anitadonato/tcc/tcc/data/lfw/lfw-funneled/Goldie_Hawn/Goldie_Hawn_0002.jpg,0.8267947244856126,0
/home/anitadonato/tcc/tcc/data/lfw/lfw-funneled/Robert_Zoellick/Robert_Zoellick_0002.jpg,/home/anitadonato/tcc/tcc/data/lfw/lfw-funneled/Ludivine_Sagnier/Ludivine_Sagnier_0002.jpg,0.8352069898447186,0
/home/anitadonato/tcc/tcc/data/lfw/lfw-funneled/Grant_Hackett/Grant_Hackett_0003.jpg,/home/anitadonato/tcc/tcc/data/lfw/lfw-funneled/Tom_Daschle/Tom_Daschle_0005.jpg,0.8436487328800831,0
/home/anitadonato/tcc/tcc/data/lfw/lfw-funneled/Sheryl_Crow/Sheryl_Crow_0002.jpg,/home/anitadonato/tcc/tcc/data/lfw/lfw-funneled/Nicanor_Duarte_Frutos/Nicanor_Duarte_Frutos_0001.jpg,0.8678359510230029,0
/home/anitadonato/tcc/tcc/data/lfw/lfw-funneled/Tony_Blair/Tony_Blair_0005.jpg,/home/anitadonato/tcc/tcc/data/lfw/lfw-funneled/Russell_Simmons/Russell_Simmons_0001.jpg,0.7970596759624821,0
/home/anitadonato/tcc/tcc/data/lfw/lfw-funneled/Benjamin_Netanyahu/Benjamin_Netanyahu_0001.jpg,/home/anitadonato/tcc/tcc/data/lfw/lfw-funneled/Jennifer_Capriati/Jennifer_Capriati_0003.jpg,0.8249188886076225,0
/home/anitadonato/tcc/tcc/data/lfw/lfw-funneled/Hal_Gehman/Hal_Gehman_0005.jpg,/home/anitadonato/tcc/tcc/data/lfw/lfw-funneled/Luis_Horna/Luis_Horna_0003.jpg,0.6838413292252414,0
/home/anitadonato/tcc/tcc/data/lfw/lfw-funneled/Billy_Crystal/Billy_Crystal_0001.jpg,/home/anitadonato/tcc/tcc/data/lfw/lfw-funneled/Paradorn_Srichaphan/Paradorn_Srichaphan_0001.jpg,0.8091433737773517,0
/home/anitadonato/tcc/tcc/data/lfw/lfw-funneled/George_Lopez/George_Lopez_0003.jpg,/home/anitadonato/tcc/tcc/data/lfw/lfw-funneled/Tung_Chee-hwa/Tung_Chee-hwa_0003.jpg,0.7482842147057681,0
/home/anitadonato/tcc/tcc/data/lfw/lfw-funneled/Robert_De_Niro/Robert_De_Niro_0003.jpg,/home/anitadonato/tcc/tcc/data/lfw/lfw-funneled/Heidi_Klum/Heidi_Klum_0004.jpg,0.9688941542468903,0
/home/anitadonato/tcc/tcc/data/lfw/lfw-funneled/Ian_Thorpe/Ian_Thorpe_0005.jpg,/home/anitadonato/tcc/tcc/data/lfw/lfw-funneled/Jean-Pierre_Raffarin/Jean-Pierre_Raffarin_0001.jpg,0.8480420512609111,0
/home/anitadonato/tcc/tcc/data/lfw/lfw-funneled/Pedro_Malan/Pedro_Malan_0002.jpg,/home/anitadonato/tcc/tcc/data/lfw/lfw-funneled/Boris_Becker/Boris_Becker_0005.jpg,0.9096754898869477,0
/home/anitadonato/tcc/tcc/data/lfw/lfw-funneled/Mike_Weir/Mike_Weir_0001.jpg,/home/anitadonato/tcc/tcc/data/lfw/lfw-funneled/Roh_Moo-hyun/Roh_Moo-hyun_0001.jpg,0.8843816183018235,0
/home/anitadonato/tcc/tcc/data/lfw/lfw-funneled/Norm_Coleman/Norm_Coleman_0003.jpg,/home/anitadonato/tcc/tcc/data/lfw/lfw-funneled/John_Travolta/John_Travolta_0003.jpg,0.6998894176864456,0
/home/anitadonato/tcc/tcc/data/lfw/lfw-funneled/Christine_Baumgartner/Christine_Baumgartner_0002.jpg,/home/anitadonato/tcc/tcc/data/lfw/lfw-funneled/Walter_Mondale/Walter_Mondale_0001.jpg,0.938732548561578,0
/home/anitadonato/tcc/tcc/data/lfw/lfw-funneled/Mike_Martz/Mike_Martz_0003.jpg,/home/anitadonato/tcc/tcc/data/lfw/lfw-funneled/Maria_Shriver/Maria_Shriver_0003.jpg,0.861661955877533,0
/home/anitadonato/tcc/tcc/data/lfw/lfw-funneled/John_Manley/John_Manley_0002.jpg,/home/anitadonato/tcc/tcc/data/lfw/lfw-funneled/John_Ashcroft/John_Ashcroft_0005.jpg,0.6900241182998192,0
/home/anitadonato/tcc/tcc/data/lfw/lfw-funneled/Sourav_Ganguly/Sourav_Ganguly_0003.jpg,/home/anitadonato/tcc/tcc/data/lfw/lfw-funneled/Kevin_Costner/Kevin_Costner_0004.jpg,0.8463352723974357,0
/home/anitadonato/tcc/tcc/data/lfw/lfw-funneled/Christine_Todd_Whitman/Christine_Todd_Whitman_0003.jpg,/home/anitadonato/tcc/tcc/data/lfw/lfw-funneled/Steve_Lavin/Steve_Lavin_0002.jpg,0.9133782700592291,0
/home/anitadonato/tcc/tcc/data/lfw/lfw-funneled/Wayne_Ferreira/Wayne_Ferreira_0004.jpg,/home/anitadonato/tcc/tcc/data/lfw/lfw-funneled/David_Trimble/David_Trimble_0002.jpg,0.7356070815182296,0
/home/anitadonato/tcc/tcc/data/lfw/lfw-funneled/Pedro_Malan/Pedro_Malan_0004.jpg,/home/anitadonato/tcc/tcc/data/lfw/lfw-funneled/Trent_Lott/Trent_Lott_0005.jpg,0.7090712123081168,0
/home/anitadonato/tcc/tcc/data/lfw/lfw-funneled/Catherine_Zeta-Jones/Catherine_Zeta-Jones_0002.jpg,/home/anitadonato/tcc/tcc/data/lfw/lfw-funneled/JK_Rowling/JK_Rowling_0004.jpg,0.7719122758665876,0
/home/anitadonato/tcc/tcc/data/lfw/lfw-funneled/Queen_Rania/Queen_Rania_0002.jpg,/home/anitadonato/tcc/tcc/data/lfw/lfw-funneled/Silvio_Berlusconi/Silvio_Berlusconi_0004.jpg,1.016873186716846,0
/home/anitadonato/tcc/tcc/data/lfw/lfw-funneled/John_Howard/John_Howard_0003.jpg,/home/anitadonato/tcc/tcc/data/lfw/lfw-funneled/Megawati_Sukarnoputri/Megawati_Sukarnoputri_0004.jpg,0.898332377199698,0
/home/anitadonato/tcc/tcc/data/lfw/lfw-funneled/Michelle_Yeoh/Michelle_Yeoh_0002.jpg,/home/anitadonato/tcc/tcc/data/lfw/lfw-funneled/Paul_Burrell/Paul_Burrell_0002.jpg,0.9379231488797668,0
/home/anitadonato/tcc/tcc/data/lfw/lfw-funneled/Condoleezza_Rice/Condoleezza_Rice_0002.jpg,/home/anitadonato/tcc/tcc/data/lfw/lfw-funneled/Michelle_Yeoh/Michelle_Yeoh_0002.jpg,0.890884587433788,0
/home/anitadonato/tcc/tcc/data/lfw/lfw-funneled/John_Howard/John_Howard_0005.jpg,/home/anitadonato/tcc/tcc/data/lfw/lfw-funneled/Martha_Stewart/Martha_Stewart_0002.jpg,0.8739126894704498,0
/home/anitadonato/tcc/tcc/data/lfw/lfw-funneled/Jose_Maria_Aznar/Jose_Maria_Aznar_0002.jpg,/home/anitadonato/tcc/tcc/data/lfw/lfw-funneled/Jacques_Chirac/Jacques_Chirac_0005.jpg,0.7908311470670232,0
/home/anitadonato/tcc/tcc/data/lfw/lfw-funneled/Tommy_Franks/Tommy_Franks_0001.jpg,/home/anitadonato/tcc/tcc/data/lfw/lfw-funneled/Erika_Harold/Erika_Harold_0005.jpg,0.9429740971685926,0
/home/anitadonato/tcc/tcc/data/lfw/lfw-funneled/John_Snow/John_Snow_0001.jpg,/home/anitadonato/tcc/tcc/data/lfw/lfw-funneled/Andre_Agassi/Andre_Agassi_0002.jpg,0.8212308431835214,0
/home/anitadonato/tcc/tcc/data/lfw/lfw-funneled/Erika_Harold/Erika_Harold_0001.jpg,/home/anitadonato/tcc/tcc/data/lfw/lfw-funneled/Sergey_Lavrov/Sergey_Lavrov_0003.jpg,0.8289907290053392,0
/home/anitadonato/tcc/tcc/data/lfw/lfw-funneled/Fernando_Gonzalez/Fernando_Gonzalez_0004.jpg,/home/anitadonato/tcc/tcc/data/lfw/lfw-funneled/John_Ashcroft/John_Ashcroft_0003.jpg,0.8894275113887512,0
/home/anitadonato/tcc/tcc/data/lfw/lfw-funneled/Wayne_Ferreira/Wayne_Ferreira_0002.jpg,/home/anitadonato/tcc/tcc/data/lfw/lfw-funneled/Michael_Powell/Michael_Powell_0001.jpg,0.9880200952954963,0
/home/anitadonato/tcc/tcc/data/lfw/lfw-funneled/Paul_Burrell/Paul_Burrell_0001.jpg,/home/anitadonato/tcc/tcc/data/lfw/lfw-funneled/Boris_Becker/Boris_Becker_0005.jpg,0.8367700605809222,0
/home/anitadonato/tcc/tcc/data/lfw/lfw-funneled/Michael_Schumacher/Michael_Schumacher_0005.jpg,/home/anitadonato/tcc/tcc/data/lfw/lfw-funneled/George_HW_Bush/George_HW_Bush_0005.jpg,0.7671734236059857,0
/home/anitadonato/tcc/tcc/data/lfw/lfw-funneled/JK_Rowling/JK_Rowling_0005.jpg,/home/anitadonato/tcc/tcc/data/lfw/lfw-funneled/Ian_Thorpe/Ian_Thorpe_0002.jpg,0.8775790315483145,0
/home/anitadonato/tcc/tcc/data/lfw/lfw-funneled/Ian_Thorpe/Ian_Thorpe_0001.jpg,/home/anitadonato/tcc/tcc/data/lfw/lfw-funneled/Maria_Shriver/Maria_Shriver_0003.jpg,0.8631874817988614,0
/home/anitadonato/tcc/tcc/data/lfw/lfw-funneled/George_Robertson/George_Robertson_0004.jpg,/home/anitadonato/tcc/tcc/data/lfw/lfw-funneled/Martha_Stewart/Martha_Stewart_0002.jpg,0.8139100220997957,0
/home/anitadonato/tcc/tcc/data/lfw/lfw-funneled/Bob_Graham/Bob_Graham_0004.jpg,/home/anitadonato/tcc/tcc/data/lfw/lfw-funneled/Megawati_Sukarnoputri/Megawati_Sukarnoputri_0003.jpg,0.9362969325969511,0
/home/anitadonato/tcc/tcc/data/lfw/lfw-funneled/Boris_Becker/Boris_Becker_0004.jpg,/home/anitadonato/tcc/tcc/data/lfw/lfw-funneled/George_Lopez/George_Lopez_0004.jpg,0.9470004589469309,0
/home/anitadonato/tcc/tcc/data/lfw/lfw-funneled/Ai_Sugiyama/Ai_Sugiyama_0002.jpg,/home/anitadonato/tcc/tcc/data/lfw/lfw-funneled/Colin_Powell/Colin_Powell_0002.jpg,0.8308883411665029,0
/home/anitadonato/tcc/tcc/data/lfw/lfw-funneled/Thaksin_Shinawatra/Thaksin_Shinawatra_0001.jpg,/home/anitadonato/tcc/tcc/data/lfw/lfw-funneled/Ben_Affleck/Ben_Affleck_0003.jpg,0.9147448133140078,0
/home/anitadonato/tcc/tcc/data/lfw/lfw-funneled/Fernando_Gonzalez/Fernando_Gonzalez_0002.jpg,/home/anitadonato/tcc/tcc/data/lfw/lfw-funneled/John_Negroponte/John_Negroponte_0002.jpg,0.9428180499789778,0
/home/anitadonato/tcc/tcc/data/lfw/lfw-funneled/Ana_Palacio/Ana_Palacio_0004.jpg,/home/anitadonato/tcc/tcc/data/lfw/lfw-funneled/Vladimir_Putin/Vladimir_Putin_0005.jpg,0.8266358129793812,0
/home/anitadonato/tcc/tcc/data/lfw/lfw-funneled/Christine_Baumgartner/Christine_Baumgartner_0003.jpg,/home/anitadonato/tcc/tcc/data/lfw/lfw-funneled/Martha_Stewart/Martha_Stewart_0004.jpg,0.8283639274987802,0
/home/anitadonato/tcc/tcc/data/lfw/lfw-funneled/Norm_Coleman/Norm_Coleman_0004.jpg,/home/anitadonato/tcc/tcc/data/lfw/lfw-funneled/Martin_McGuinness/Martin_McGuinness_0001.jpg,0.8243039996353797,0
/home/anitadonato/tcc/tcc/data/lfw/lfw-funneled/Cameron_Diaz/Cameron_Diaz_0004.jpg,/home/anitadonato/tcc/tcc/data/lfw/lfw-funneled/Natalie_Maines/Natalie_Maines_0003.jpg,0.7589635011754886,0
/home/anitadonato/tcc/tcc/data/lfw/lfw-funneled/Walter_Mondale/Walter_Mondale_0005.jpg,/home/anitadonato/tcc/tcc/data/lfw/lfw-funneled/JK_Rowling/JK_Rowling_0005.jpg,0.8879839582222526,0
/home/anitadonato/tcc/tcc/data/lfw/lfw-funneled/Ludivine_Sagnier/Ludivine_Sagnier_0001.jpg,/home/anitadonato/tcc/tcc/data/lfw/lfw-funneled/Atal_Bihari_Vajpayee/Atal_Bihari_Vajpayee_0005.jpg,0.9461583141830137,0
/home/anitadonato/tcc/tcc/data/lfw/lfw-funneled/Robert_De_Niro/Robert_De_Niro_0004.jpg,/home/anitadonato/tcc/tcc/data/lfw/lfw-funneled/Gonzalo_Sanchez_de_Lozada/Gonzalo_Sanchez_de_Lozada_0001.jpg,0.7468176699160904,0
/home/anitadonato/tcc/tcc/data/lfw/lfw-funneled/John_Allen_Muhammad/John_Allen_Muhammad_0005.jpg,/home/anitadonato/tcc/tcc/data/lfw/lfw-funneled/Tom_Harkin/Tom_Harkin_0004.jpg,0.9485174153199564,0
/home/anitadonato/tcc/tcc/data/lfw/lfw-funneled/Natalie_Maines/Natalie_Maines_0005.jpg,/home/anitadonato/tcc/tcc/data/lfw/lfw-funneled/Rudolph_Giuliani/Rudolph_Giuliani_0004.jpg,1.0038382311106413,0
/home/anitadonato/tcc/tcc/data/lfw/lfw-funneled/Tom_Harkin/Tom_Harkin_0001.jpg,/home/anitadonato/tcc/tcc/data/lfw/lfw-funneled/Sylvester_Stallone/Sylvester_Stallone_0002.jpg,0.7684844996517436,0
/home/anitadonato/tcc/tcc/data/lfw/lfw-funneled/Tom_Crean/Tom_Crean_0004.jpg,/home/anitadonato/tcc/tcc/data/lfw/lfw-funneled/Clara_Harris/Clara_Harris_0003.jpg,0.8222986210788125,0
/home/anitadonato/tcc/tcc/data/lfw/lfw-funneled/Princess_Caroline/Princess_Caroline_0004.jpg,/home/anitadonato/tcc/tcc/data/lfw/lfw-funneled/Thabo_Mbeki/Thabo_Mbeki_0002.jpg,0.8993213724429874,0
/home/anitadonato/tcc/tcc/data/lfw/lfw-funneled/Rainer_Schuettler/Rainer_Schuettler_0005.jpg,/home/anitadonato/tcc/tcc/data/lfw/lfw-funneled/Li_Peng/Li_Peng_0001.jpg,0.8288847727784376,0
/home/anitadonato/tcc/tcc/data/lfw/lfw-funneled/Martha_Stewart/Martha_Stewart_0002.jpg,/home/anitadonato/tcc/tcc/data/lfw/lfw-funneled/Tom_Harkin/Tom_Harkin_0004.jpg,0.8664111046164633,0
/home/anitadonato/tcc/tcc/data/lfw/lfw-funneled/Alejandro_Toledo/Alejandro_Toledo_0001.jpg,/home/anitadonato/tcc/tcc/data/lfw/lfw-funneled/Gonzalo_Sanchez_de_Lozada/Gonzalo_Sanchez_de_Lozada_0005.jpg,0.6999624409132632,0
/home/anitadonato/tcc/tcc/data/lfw/lfw-funneled/Sharon_Stone/Sharon_Stone_0005.jpg,/home/anitadonato/tcc/tcc/data/lfw/lfw-funneled/John_Paul_II/John_Paul_II_0005.jpg,0.9292641177221665,0
/home/anitadonato/tcc/tcc/data/lfw/lfw-funneled/Hillary_Clinton/Hillary_Clinton_0004.jpg,/home/anitadonato/tcc/tcc/data/lfw/lfw-funneled/Walter_Mondale/Walter_Mondale_0003.jpg,0.8251903537755192,0
/home/anitadonato/tcc/tcc/data/lfw/lfw-funneled/Gonzalo_Sanchez_de_Lozada/Gonzalo_Sanchez_de_Lozada_0002.jpg,/home/anitadonato/tcc/tcc/data/lfw/lfw-funneled/Geoff_Hoon/Geoff_Hoon_0004.jpg,0.7766085757487995,0
/home/anitadonato/tcc/tcc/data/lfw/lfw-funneled/Paul_ONeill/Paul_ONeill_0002.jpg,/home/anitadonato/tcc/tcc/data/lfw/lfw-funneled/Gloria_Macapagal_Arroyo/Gloria_Macapagal_Arroyo_0004.jpg,0.8929167974817074,0
/home/anitadonato/tcc/tcc/data/lfw/lfw-funneled/Amelia_Vega/Amelia_Vega_0003.jpg,/home/anitadonato/tcc/tcc/data/lfw/lfw-funneled/Eduardo_Duhalde/Eduardo_Duhalde_0002.jpg,0.9621469109279749,0
/home/anitadonato/tcc/tcc/data/lfw/lfw-funneled/Julie_Gerberding/Julie_Gerberding_0001.jpg,/home/anitadonato/tcc/tcc/data/lfw/lfw-funneled/John_Stockton/John_Stockton_0001.jpg,0.9306717657498316,0
/home/anitadonato/tcc/tcc/data/lfw/lfw-funneled/William_Ford_Jr/William_Ford_Jr_0004.jpg,/home/anitadonato/tcc/tcc/data/lfw/lfw-funneled/Angelina_Jolie/Angelina_Jolie_0003.jpg,0.9702752670272935,0
/home/anitadonato/tcc/tcc/data/lfw/lfw-funneled/Matthew_Perry/Matthew_Perry_0004.jpg,/home/anitadonato/tcc/tcc/data/lfw/lfw-funneled/Atal_Bihari_Vajpayee/Atal_Bihari_Vajpayee_0005.jpg,0.8381854392611523,0
/home/anitadonato/tcc/tcc/data/lfw/lfw-funneled/JK_Rowling/JK_Rowling_0004.jpg,/home/anitadonato/tcc/tcc/data/lfw/lfw-funneled/Tommy_Franks/Tommy_Franks_0005.jpg,0.8767657036428226,0
/home/anitadonato/tcc/tcc/data/lfw/lfw-funneled/Jean-Pierre_Raffarin/Jean-Pierre_Raffarin_0002.jpg,/home/anitadonato/tcc/tcc/data/lfw/lfw-funneled/Yoko_Ono/Yoko_Ono_0003.jpg,0.8017041102917591,0
/home/anitadonato/tcc/tcc/data/lfw/lfw-funneled/Tom_Cruise/Tom_Cruise_0002.jpg,/home/anitadonato/tcc/tcc/data/lfw/lfw-funneled/Kurt_Warner/Kurt_Warner_0002.jpg,0.7785254788857604,0
/home/anitadonato/tcc/tcc/data/lfw/lfw-funneled/Sergey_Lavrov/Sergey_Lavrov_0001.jpg,/home/anitadonato/tcc/tcc/data/lfw/lfw-funneled/Vladimir_Putin/Vladimir_Putin_0004.jpg,0.8015524833434446,0
/home/anitadonato/tcc/tcc/data/lfw/lfw-funneled/David_Anderson/David_Anderson_0004.jpg,/home/anitadonato/tcc/tcc/data/lfw/lfw-funneled/John_Howard/John_Howard_0003.jpg,0.7280474688346313,0
/home/anitadonato/tcc/tcc/data/lfw/lfw-funneled/John_Manley/John_Manley_0001.jpg,/home/anitadonato/tcc/tcc/data/lfw/lfw-funneled/John_Paul_II/John_Paul_II_0002.jpg,0.7139861790365448,0
/home/anitadonato/tcc/tcc/data/lfw/lfw-funneled/Tiger_Woods/Tiger_Woods_0004.jpg,/home/anitadonato/tcc/tcc/data/lfw/lfw-funneled/Mike_Weir/Mike_Weir_0004.jpg,0.8419290581257991,0
/home/anitadonato/tcc/tcc/data/lfw/lfw-funneled/Grant_Hackett/Grant_Hackett_0005.jpg,/home/anitadonato/tcc/tcc/data/lfw/lfw-funneled/Carlos_Moya/Carlos_Moya_0004.jpg,0.8342226227646541,0
/home/anitadonato/tcc/tcc/data/lfw/lfw-funneled/Renee_Zellweger/Renee_Zellweger_0005.jpg,/home/anitadonato/tcc/tcc/data/lfw/lfw-funneled/Cesar_Gaviria/Cesar_Gaviria_0004.jpg,0.9124743317361325,0
/home/anitadonato/tcc/tcc/data/lfw/lfw-funneled/Vanessa_Redgrave/Vanessa_Redgrave_0004.jpg,/home/anitadonato/tcc/tcc/data/lfw/lfw-funneled/Ben_Affleck/Ben_Affleck_0001.jpg,0.7942316999229984,0
/home/anitadonato/tcc/tcc/data/lfw/lfw-funneled/Denzel_Washington/Denzel_Washington_0002.jpg,/home/anitadonato/tcc/tcc/data/lfw/lfw-funneled/Carlos_Moya/Carlos_Moya_0005.jpg,0.8873212622142579,0
/home/anitadonato/tcc/tcc/data/lfw/lfw-funneled/Victoria_Clarke/Victoria_Clarke_0005.jpg,/home/anitadonato/tcc/tcc/data/lfw/lfw-funneled/Valery_Giscard_dEstaing/Valery_Giscard_dEstaing_0002.jpg,0.8845276883894538,0
/home/anitadonato/tcc/tcc/data/lfw/lfw-funneled/Mohammed_Al-Douri/Mohammed_Al-Douri_0002.jpg,/home/anitadonato/tcc/tcc/data/lfw/lfw-funneled/Boris_Becker/Boris_Becker_0001.jpg,0.7368082340787211,0
/home/anitadonato/tcc/tcc/data/lfw/lfw-funneled/Thaksin_Shinawatra/Thaksin_Shinawatra_0005.jpg,/home/anitadonato/tcc/tcc/data/lfw/lfw-funneled/Kalpana_Chawla/Kalpana_Chawla_0005.jpg,0.7922272569233313,0
/home/anitadonato/tcc/tcc/data/lfw/lfw-funneled/Richard_Gephardt/Richard_Gephardt_0001.jpg,/home/anitadonato/tcc/tcc/data/lfw/lfw-funneled/Bernard_Law/Bernard_Law_0001.jpg,0.6009683116214354,0
/home/anitadonato/tcc/tcc/data/lfw/lfw-funneled/Robert_De_Niro/Robert_De_Niro_0002.jpg,/home/anitadonato/tcc/tcc/data/lfw/lfw-funneled/Nia_Vardalos/Nia_Vardalos_0002.jpg,0.8882223368677908,0
/home/anitadonato/tcc/tcc/data/lfw/lfw-funneled/Michael_Chiklis/Michael_Chiklis_0005.jpg,/home/anitadonato/tcc/tcc/data/lfw/lfw-funneled/Britney_Spears/Britney_Spears_0005.jpg,0.860597265662111,0
/home/anitadonato/tcc/tcc/data/lfw/lfw-funneled/Silvio_Berlusconi/Silvio_Berlusconi_0002.jpg,/home/anitadonato/tcc/tcc/data/lfw/lfw-funneled/Roh_Moo-hyun/Roh_Moo-hyun_0004.jpg,0.8165586006272186,0
/home/anitadonato/tcc/tcc/data/lfw/lfw-funneled/Gerhard_Schroeder/Gerhard_Schroeder_0003.jpg,/home/anitadonato/tcc/tcc/data/lfw/lfw-funneled/Condoleezza_Rice/Condoleezza_Rice_0001.jpg,0.8829494140526124,0
/home/anitadonato/tcc/tcc/data/lfw/lfw-funneled/Amelia_Vega/Amelia_Vega_0003.jpg,/home/anitadonato/tcc/tcc/data/lfw/lfw-funneled/Kristanna_Loken/Kristanna_Loken_0003.jpg,0.7936356473628473,0
/home/anitadonato/tcc/tcc/data/lfw/lfw-funneled/Zinedine_Zidane/Zinedine_Zidane_0001.jpg,/home/anitadonato/tcc/tcc/data/lfw/lfw-funneled/Jean-Pierre_Raffarin/Jean-Pierre_Raffarin_0004.jpg,0.8572438149600056,0
/home/anitadonato/tcc/tcc/data/lfw/lfw-funneled/Al_Sharpton/Al_Sharpton_0003.jpg,/home/anitadonato/tcc/tcc/data/lfw/lfw-funneled/Ana_Palacio/Ana_Palacio_0004.jpg,0.9505066350036241,0
/home/anitadonato/tcc/tcc/data/lfw/lfw-funneled/Hillary_Clinton/Hillary_Clinton_0003.jpg,/home/anitadonato/tcc/tcc/data/lfw/lfw-funneled/Fujio_Cho/Fujio_Cho_0003.jpg,0.8714676489286134,0
/home/anitadonato/tcc/tcc/data/lfw/lfw-funneled/Atal_Bihari_Vajpayee/Atal_Bihari_Vajpayee_0005.jpg,/home/anitadonato/tcc/tcc/data/lfw/lfw-funneled/Fernando_Gonzalez/Fernando_Gonzalez_0002.jpg,0.8538017043166107,0
/home/anitadonato/tcc/tcc/data/lfw/lfw-funneled/Luis_Horna/Luis_Horna_0005.jpg,/home/anitadonato/tcc/tcc/data/lfw/lfw-funneled/Liza_Minnelli/Liza_Minnelli_0001.jpg,0.9316906500059762,0
/home/anitadonato/tcc/tcc/data/lfw/lfw-funneled/Robert_De_Niro/Robert_De_Niro_0005.jpg,/home/anitadonato/tcc/tcc/data/lfw/lfw-funneled/Silvio_Berlusconi/Silvio_Berlusconi_0001.jpg,0.7935973422471376,0
/home/anitadonato/tcc/tcc/data/lfw/lfw-funneled/Sheryl_Crow/Sheryl_Crow_0005.jpg,/home/anitadonato/tcc/tcc/data/lfw/lfw-funneled/Rob_Marshall/Rob_Marshall_0003.jpg,0.8122146672159484,0
/home/anitadonato/tcc/tcc/data/lfw/lfw-funneled/Martin_McGuinness/Martin_McGuinness_0003.jpg,/home/anitadonato/tcc/tcc/data/lfw/lfw-funneled/Cameron_Diaz/Cameron_Diaz_0003.jpg,0.8634690420334226,0
/home/anitadonato/tcc/tcc/data/lfw/lfw-funneled/Atal_Bihari_Vajpayee/Atal_Bihari_Vajpayee_0005.jpg,/home/anitadonato/tcc/tcc/data/lfw/lfw-funneled/Kofi_Annan/Kofi_Annan_0003.jpg,0.8412254867880037,0
/home/anitadonato/tcc/tcc/data/lfw/lfw-funneled/Paul_Burrell/Paul_Burrell_0005.jpg,/home/anitadonato/tcc/tcc/data/lfw/lfw-funneled/Michael_Schumacher/Michael_Schumacher_0004.jpg,0.7481341805762113,0
/home/anitadonato/tcc/tcc/data/lfw/lfw-funneled/Tom_Daschle/Tom_Daschle_0004.jpg,/home/anitadonato/tcc/tcc/data/lfw/lfw-funneled/Trent_Lott/Trent_Lott_0004.jpg,0.6525148616897316,0
/home/anitadonato/tcc/tcc/data/lfw/lfw-funneled/John_Paul_II/John_Paul_II_0002.jpg,/home/anitadonato/tcc/tcc/data/lfw/lfw-funneled/JK_Rowling/JK_Rowling_0003.jpg,0.8894373965322762,0
/home/anitadonato/tcc/tcc/data/lfw/lfw-funneled/Jeremy_Greenstock/Jeremy_Greenstock_0001.jpg,/home/anitadonato/tcc/tcc/data/lfw/lfw-funneled/Richard_Myers/Richard_Myers_0001.jpg,0.7439869595319111,0
/home/anitadonato/tcc/tcc/data/lfw/lfw-funneled/Paradorn_Srichaphan/Paradorn_Srichaphan_0001.jpg,/home/anitadonato/tcc/tcc/data/lfw/lfw-funneled/John_Manley/John_Manley_0002.jpg,0.9225982711031518,0
/home/anitadonato/tcc/tcc/data/lfw/lfw-funneled/Michael_Schumacher/Michael_Schumacher_0004.jpg,/home/anitadonato/tcc/tcc/data/lfw/lfw-funneled/Nia_Vardalos/Nia_Vardalos_0001.jpg,0.6490204070571362,0
/home/anitadonato/tcc/tcc/data/lfw/lfw-funneled/Peter_Struck/Peter_Struck_0005.jpg,/home/anitadonato/tcc/tcc/data/lfw/lfw-funneled/Yashwant_Sinha/Yashwant_Sinha_0002.jpg,0.5743501129938706,0
/home/anitadonato/tcc/tcc/data/lfw/lfw-funneled/Alvaro_Uribe/Alvaro_Uribe_0002.jpg,/home/anitadonato/tcc/tcc/data/lfw/lfw-funneled/Jean-David_Levitte/Jean-David_Levitte_0003.jpg,0.5622193583292414,0
/home/anitadonato/tcc/tcc/data/lfw/lfw-funneled/Benjamin_Netanyahu/Benjamin_Netanyahu_0003.jpg,/home/anitadonato/tcc/tcc/data/lfw/lfw-funneled/Ana_Guevara/Ana_Guevara_0003.jpg,0.8262513312047098,0
/home/anitadonato/tcc/tcc/data/lfw/lfw-funneled/Antonio_Banderas/Antonio_Banderas_0003.jpg,/home/anitadonato/tcc/tcc/data/lfw/lfw-funneled/Al_Sharpton/Al_Sharpton_0001.jpg,0.8462586893105872,0
/home/anitadonato/tcc/tcc/data/lfw/lfw-funneled/William_Ford_Jr/William_Ford_Jr_0003.jpg,/home/anitadonato/tcc/tcc/data/lfw/lfw-funneled/Maria_Shriver/Maria_Shriver_0003.jpg,0.9987857298402439,0
/home/anitadonato/tcc/tcc/data/lfw/lfw-funneled/Jan_Ullrich/Jan_Ullrich_0005.jpg,/home/anitadonato/tcc/tcc/data/lfw/lfw-funneled/Rob_Marshall/Rob_Marshall_0005.jpg,0.8035088387287774,0
/home/anitadonato/tcc/tcc/data/lfw/lfw-funneled/Christine_Todd_Whitman/Christine_Todd_Whitman_0002.jpg,/home/anitadonato/tcc/tcc/data/lfw/lfw-funneled/Woody_Allen/Woody_Allen_0003.jpg,0.6872403258352141,0
/home/anitadonato/tcc/tcc/data/lfw/lfw-funneled/Winona_Ryder/Winona_Ryder_0004.jpg,/home/anitadonato/tcc/tcc/data/lfw/lfw-funneled/Michael_Chiklis/Michael_Chiklis_0004.jpg,0.9299964286221339,0
/home/anitadonato/tcc/tcc/data/lfw/lfw-funneled/Bulent_Ecevit/Bulent_Ecevit_0002.jpg,/home/anitadonato/tcc/tcc/data/lfw/lfw-funneled/Alejandro_Toledo/Alejandro_Toledo_0004.jpg,0.6628790619483297,0
/home/anitadonato/tcc/tcc/data/lfw/lfw-funneled/Jennifer_Lopez/Jennifer_Lopez_0004.jpg,/home/anitadonato/tcc/tcc/data/lfw/lfw-funneled/John_Manley/John_Manley_0005.jpg,0.9419325687769075,0
/home/anitadonato/tcc/tcc/data/lfw/lfw-funneled/Peter_Struck/Peter_Struck_0004.jpg,/home/anitadonato/tcc/tcc/data/lfw/lfw-funneled/Habib_Rizieq/Habib_Rizieq_0001.jpg,0.9196723158730042,0
/home/anitadonato/tcc/tcc/data/lfw/lfw-funneled/Tom_Daschle/Tom_Daschle_0005.jpg,/home/anitadonato/tcc/tcc/data/lfw/lfw-funneled/Richard_Gephardt/Richard_Gephardt_0003.jpg,0.7007242721164603,0
/home/anitadonato/tcc/tcc/data/lfw/lfw-funneled/Steve_Lavin/Steve_Lavin_0001.jpg,/home/anitadonato/tcc/tcc/data/lfw/lfw-funneled/Ludivine_Sagnier/Ludivine_Sagnier_0002.jpg,0.8689270160924091,0
/home/anitadonato/tcc/tcc/data/lfw/lfw-funneled/Kofi_Annan/Kofi_Annan_0003.jpg,/home/anitadonato/tcc/tcc/data/lfw/lfw-funneled/Maria_Shriver/Maria_Shriver_0003.jpg,1.034742564572019,0
/home/anitadonato/tcc/tcc/data/lfw/lfw-funneled/Ana_Palacio/Ana_Palacio_0003.jpg,/home/anitadonato/tcc/tcc/data/lfw/lfw-funneled/Wayne_Ferreira/Wayne_Ferreira_0001.jpg,0.9302376243236741,0
/home/anitadonato/tcc/tcc/data/lfw/lfw-funneled/Winona_Ryder/Winona_Ryder_0005.jpg,/home/anitadonato/tcc/tcc/data/lfw/lfw-funneled/Tony_Blair/Tony_Blair_0002.jpg,0.8738073902540983,0
/home/anitadonato/tcc/tcc/data/lfw/lfw-funneled/Silvio_Berlusconi/Silvio_Berlusconi_0004.jpg,/home/anitadonato/tcc/tcc/data/lfw/lfw-funneled/Cameron_Diaz/Cameron_Diaz_0002.jpg,0.9400985951474294,0
/home/anitadonato/tcc/tcc/data/lfw/lfw-funneled/Martin_Scorsese/Martin_Scorsese_0003.jpg,/home/anitadonato/tcc/tcc/data/lfw/lfw-funneled/William_Ford_Jr/William_Ford_Jr_0003.jpg,0.8096433313715738,0
/home/anitadonato/tcc/tcc/data/lfw/lfw-funneled/John_Bolton/John_Bolton_0003.jpg,/home/anitadonato/tcc/tcc/data/lfw/lfw-funneled/Thaksin_Shinawatra/Thaksin_Shinawatra_0004.jpg,0.927952474354641,0
/home/anitadonato/tcc/tcc/data/lfw/lfw-funneled/Pedro_Malan/Pedro_Malan_0002.jpg,/home/anitadonato/tcc/tcc/data/lfw/lfw-funneled/Mark_Hurlbert/Mark_Hurlbert_0003.jpg,0.9938995311001191,0
/home/anitadonato/tcc/tcc/data/lfw/lfw-funneled/Gonzalo_Sanchez_de_Lozada/Gonzalo_Sanchez_de_Lozada_0002.jpg,/home/anitadonato/tcc/tcc/data/lfw/lfw-funneled/John_Ashcroft/John_Ashcroft_0005.jpg,0.8230874170407446,0
/home/anitadonato/tcc/tcc/data/lfw/lfw-funneled/John_Ashcroft/John_Ashcroft_0001.jpg,/home/anitadonato/tcc/tcc/data/lfw/lfw-funneled/Woody_Allen/Woody_Allen_0003.jpg,0.76775887589654,0
/home/anitadonato/tcc/tcc/data/lfw/lfw-funneled/Bulent_Ecevit/Bulent_Ecevit_0002.jpg,/home/anitadonato/tcc/tcc/data/lfw/lfw-funneled/Michael_Powell/Michael_Powell_0001.jpg,0.7756085414206587,0
/home/anitadonato/tcc/tcc/data/lfw/lfw-funneled/Susan_Sarandon/Susan_Sarandon_0001.jpg,/home/anitadonato/tcc/tcc/data/lfw/lfw-funneled/Antonio_Banderas/Antonio_Banderas_0004.jpg,0.8822040378844392,0
/home/anitadonato/tcc/tcc/data/lfw/lfw-funneled/Bob_Graham/Bob_Graham_0002.jpg,/home/anitadonato/tcc/tcc/data/lfw/lfw-funneled/Jennifer_Lopez/Jennifer_Lopez_0003.jpg,0.9815956248570017,0
/home/anitadonato/tcc/tcc/data/lfw/lfw-funneled/Sheryl_Crow/Sheryl_Crow_0005.jpg,/home/anitadonato/tcc/tcc/data/lfw/lfw-funneled/John_Stockton/John_Stockton_0003.jpg,0.8465528351831239,0
/home/anitadonato/tcc/tcc/data/lfw/lfw-funneled/Princess_Caroline/Princess_Caroline_0002.jpg,/home/anitadonato/tcc/tcc/data/lfw/lfw-funneled/Robert_Blake/Robert_Blake_0001.jpg,0.8344856710595375,0
/home/anitadonato/tcc/tcc/data/lfw/lfw-funneled/Tom_Harkin/Tom_Harkin_0002.jpg,/home/anitadonato/tcc/tcc/data/lfw/lfw-funneled/Catherine_Zeta-Jones/Catherine_Zeta-Jones_0002.jpg,1.03470085666158,0
/home/anitadonato/tcc/tcc/data/lfw/lfw-funneled/Rob_Marshall/Rob_Marshall_0004.jpg,/home/anitadonato/tcc/tcc/data/lfw/lfw-funneled/Bulent_Ecevit/Bulent_Ecevit_0004.jpg,0.7824928290953923,0
/home/anitadonato/tcc/tcc/data/lfw/lfw-funneled/Gloria_Macapagal_Arroyo/Gloria_Macapagal_Arroyo_0001.jpg,/home/anitadonato/tcc/tcc/data/lfw/lfw-funneled/Tom_Daschle/Tom_Daschle_0001.jpg,1.0150369507739792,0
/home/anitadonato/tcc/tcc/data/lfw/lfw-funneled/John_Howard/John_Howard_0005.jpg,/home/anitadonato/tcc/tcc/data/lfw/lfw-funneled/Yoko_Ono/Yoko_Ono_0001.jpg,0.7275129469408412,0
/home/anitadonato/tcc/tcc/data/lfw/lfw-funneled/Peter_Struck/Peter_Struck_0001.jpg,/home/anitadonato/tcc/tcc/data/lfw/lfw-funneled/Paradorn_Srichaphan/Paradorn_Srichaphan_0001.jpg,0.8595357551809195,0
/home/anitadonato/tcc/tcc/data/lfw/lfw-funneled/Tom_Daschle/Tom_Daschle_0003.jpg,/home/anitadonato/tcc/tcc/data/lfw/lfw-funneled/Kristanna_Loken/Kristanna_Loken_0001.jpg,0.9383072895209653,0
/home/anitadonato/tcc/tcc/data/lfw/lfw-funneled/Kofi_Annan/Kofi_Annan_0003.jpg,/home/anitadonato/tcc/tcc/data/lfw/lfw-funneled/Charlton_Heston/Charlton_Heston_0002.jpg,0.9315164020150589,0
/home/anitadonato/tcc/tcc/data/lfw/lfw-funneled/Halle_Berry/Halle_Berry_0002.jpg,/home/anitadonato/tcc/tcc/data/lfw/lfw-funneled/Hal_Gehman/Hal_Gehman_0003.jpg,0.8917714462662376,0
/home/anitadonato/tcc/tcc/data/lfw/lfw-funneled/Sourav_Ganguly/Sourav_Ganguly_0003.jpg,/home/anitadonato/tcc/tcc/data/lfw/lfw-funneled/John_Snow/John_Snow_0004.jpg,0.8545161371354287,0
/home/anitadonato/tcc/tcc/data/lfw/lfw-funneled/Juan_Pablo_Montoya/Juan_Pablo_Montoya_0003.jpg,/home/anitadonato/tcc/tcc/data/lfw/lfw-funneled/Kate_Hudson/Kate_Hudson_0002.jpg,0.9970930669263425,0
/home/anitadonato/tcc/tcc/data/lfw/lfw-funneled/Tommy_Franks/Tommy_Franks_0001.jpg,/home/anitadonato/tcc/tcc/data/lfw/lfw-funneled/Sourav_Ganguly/Sourav_Ganguly_0001.jpg,0.7346182664941978,0
/home/anitadonato/tcc/tcc/data/lfw/lfw-funneled/Nicanor_Duarte_Frutos/Nicanor_Duarte_Frutos_0005.jpg,/home/anitadonato/tcc/tcc/data/lfw/lfw-funneled/Roh_Moo-hyun/Roh_Moo-hyun_0001.jpg,0.7560986768259305,0
/home/anitadonato/tcc/tcc/data/lfw/lfw-funneled/Ann_Veneman/Ann_Veneman_0003.jpg,/home/anitadonato/tcc/tcc/data/lfw/lfw-funneled/Michelle_Yeoh/Michelle_Yeoh_0005.jpg,0.8485412177345207,0
/home/anitadonato/tcc/tcc/data/lfw/lfw-funneled/Erika_Harold/Erika_Harold_0002.jpg,/home/anitadonato/tcc/tcc/data/lfw/lfw-funneled/Hugh_Grant/Hugh_Grant_0003.jpg,0.8854280874837397,0
/home/anitadonato/tcc/tcc/data/lfw/lfw-funneled/Silvio_Berlusconi/Silvio_Berlusconi_0002.jpg,/home/anitadonato/tcc/tcc/data/lfw/lfw-funneled/John_Allen_Muhammad/John_Allen_Muhammad_0001.jpg,0.917390547833538,0
/home/anitadonato/tcc/tcc/data/lfw/lfw-funneled/John_Howard/John_Howard_0003.jpg,/home/anitadonato/tcc/tcc/data/lfw/lfw-funneled/JK_Rowling/JK_Rowling_0005.jpg,0.8872636730782181,0
/home/anitadonato/tcc/tcc/data/lfw/lfw-funneled/Susan_Sarandon/Susan_Sarandon_0002.jpg,/home/anitadonato/tcc/tcc/data/lfw/lfw-funneled/Mohammed_Al-Douri/Mohammed_Al-Douri_0001.jpg,0.8851392103940406,0
/home/anitadonato/tcc/tcc/data/lfw/lfw-funneled/Kim_Dae-jung/Kim_Dae-jung_0001.jpg,/home/anitadonato/tcc/tcc/data/lfw/lfw-funneled/Michael_Chiklis/Michael_Chiklis_0001.jpg,0.9075553247595886,0
/home/anitadonato/tcc/tcc/data/lfw/lfw-funneled/Arminio_Fraga/Arminio_Fraga_0001.jpg,/home/anitadonato/tcc/tcc/data/lfw/lfw-funneled/Billy_Crystal/Billy_Crystal_0004.jpg,0.7792806861085715,0
/home/anitadonato/tcc/tcc/data/lfw/lfw-funneled/Walter_Mondale/Walter_Mondale_0005.jpg,/home/anitadonato/tcc/tcc/data/lfw/lfw-funneled/Vladimir_Putin/Vladimir_Putin_0005.jpg,0.8091312032179744,0
/home/anitadonato/tcc/tcc/data/lfw/lfw-funneled/Cruz_Bustamante/Cruz_Bustamante_0004.jpg,/home/anitadonato/tcc/tcc/data/lfw/lfw-funneled/Martha_Stewart/Martha_Stewart_0005.jpg,0.8678676548586343,0
/home/anitadonato/tcc/tcc/data/lfw/lfw-funneled/Lleyton_Hewitt/Lleyton_Hewitt_0003.jpg,/home/anitadonato/tcc/tcc/data/lfw/lfw-funneled/John_Howard/John_Howard_0002.jpg,0.5913580094644242,0
/home/anitadonato/tcc/tcc/data/lfw/lfw-funneled/Gloria_Macapagal_Arroyo/Gloria_Macapagal_Arroyo_0005.jpg,/home/anitadonato/tcc/tcc/data/lfw/lfw-funneled/Charlton_Heston/Charlton_Heston_0001.jpg,0.8384424926298868,0
/home/anitadonato/tcc/tcc/data/lfw/lfw-funneled/Bill_McBride/Bill_McBride_0004.jpg,/home/anitadonato/tcc/tcc/data/lfw/lfw-funneled/Sylvester_Stallone/Sylvester_Stallone_0005.jpg,0.8235917383420839,0
/home/anitadonato/tcc/tcc/data/lfw/lfw-funneled/Paul_Burrell/Paul_Burrell_0004.jpg,/home/anitadonato/tcc/tcc/data/lfw/lfw-funneled/Amelia_Vega/Amelia_Vega_0001.jpg,1.032303737852769,0
/home/anitadonato/tcc/tcc/data/lfw/lfw-funneled/Vanessa_Redgrave/Vanessa_Redgrave_0004.jpg,/home/anitadonato/tcc/tcc/data/lfw/lfw-funneled/John_Howard/John_Howard_0004.jpg,0.8765820676605929,0
/home/anitadonato/tcc/tcc/data/lfw/lfw-funneled/Ian_Thorpe/Ian_Thorpe_0002.jpg,/home/anitadonato/tcc/tcc/data/lfw/lfw-funneled/Bill_Gates/Bill_Gates_0005.jpg,0.7155683491071664,0
/home/anitadonato/tcc/tcc/data/lfw/lfw-funneled/Anna_Kournikova/Anna_Kournikova_0004.jpg,/home/anitadonato/tcc/tcc/data/lfw/lfw-funneled/Hans_Blix/Hans_Blix_0002.jpg,0.8125159582483269,0
/home/anitadonato/tcc/tcc/data/lfw/lfw-funneled/Angela_Merkel/Angela_Merkel_0003.jpg,/home/anitadonato/tcc/tcc/data/lfw/lfw-funneled/Kalpana_Chawla/Kalpana_Chawla_0003.jpg,0.9232310779126988,0
/home/anitadonato/tcc/tcc/data/lfw/lfw-funneled/Vanessa_Redgrave/Vanessa_Redgrave_0001.jpg,/home/anitadonato/tcc/tcc/data/lfw/lfw-funneled/Richard_Gere/Richard_Gere_0001.jpg,0.864493235649496,0
/home/anitadonato/tcc/tcc/data/lfw/lfw-funneled/Pamela_Anderson/Pamela_Anderson_0003.jpg,/home/anitadonato/tcc/tcc/data/lfw/lfw-funneled/Sharon_Stone/Sharon_Stone_0004.jpg,0.7821321153634263,0
/home/anitadonato/tcc/tcc/data/lfw/lfw-funneled/Habib_Rizieq/Habib_Rizieq_0003.jpg,/home/anitadonato/tcc/tcc/data/lfw/lfw-funneled/Jennifer_Capriati/Jennifer_Capriati_0003.jpg,0.8028845631845622,0
/home/anitadonato/tcc/tcc/data/lfw/lfw-funneled/Megawati_Sukarnoputri/Megawati_Sukarnoputri_0002.jpg,/home/anitadonato/tcc/tcc/data/lfw/lfw-funneled/Kofi_Annan/Kofi_Annan_0005.jpg,0.9900467670586234,0
/home/anitadonato/tcc/tcc/data/lfw/lfw-funneled/Spencer_Abraham/Spencer_Abraham_0001.jpg,/home/anitadonato/tcc/tcc/data/lfw/lfw-funneled/Hamid_Karzai/Hamid_Karzai_0003.jpg,0.6927219929567536,0
/home/anitadonato/tcc/tcc/data/lfw/lfw-funneled/Steve_Lavin/Steve_Lavin_0001.jpg,/home/anitadonato/tcc/tcc/data/lfw/lfw-funneled/Mohamed_ElBaradei/Mohamed_ElBaradei_0003.jpg,0.7950892061227062,0
/home/anitadonato/tcc/tcc/data/lfw/lfw-funneled/John_Snow/John_Snow_0004.jpg,/home/anitadonato/tcc/tcc/data/lfw/lfw-funneled/Habib_Rizieq/Habib_Rizieq_0005.jpg,0.811938248367711,0
/home/anitadonato/tcc/tcc/data/lfw/lfw-funneled/Fernando_Gonzalez/Fernando_Gonzalez_0005.jpg,/home/anitadonato/tcc/tcc/data/lfw/lfw-funneled/Queen_Rania/Queen_Rania_0002.jpg,0.9049395599022595,0
/home/anitadonato/tcc/tcc/data/lfw/lfw-funneled/Ana_Palacio/Ana_Palacio_0002.jpg,/home/anitadonato/tcc/tcc/data/lfw/lfw-funneled/David_Trimble/David_Trimble_0005.jpg,0.863983146354585,0
/home/anitadonato/tcc/tcc/data/lfw/lfw-funneled/Jose_Maria_Aznar/Jose_Maria_Aznar_0005.jpg,/home/anitadonato/tcc/tcc/data/lfw/lfw-funneled/Lindsay_Davenport/Lindsay_Davenport_0003.jpg,0.9282539737363613,0
/home/anitadonato/tcc/tcc/data/lfw/lfw-funneled/Grant_Hackett/Grant_Hackett_0002.jpg,/home/anitadonato/tcc/tcc/data/lfw/lfw-funneled/Hosni_Mubarak/Hosni_Mubarak_0002.jpg,0.7882509773692216,0
/home/anitadonato/tcc/tcc/data/lfw/lfw-funneled/Habib_Rizieq/Habib_Rizieq_0005.jpg,/home/anitadonato/tcc/tcc/data/lfw/lfw-funneled/Robert_Blake/Robert_Blake_0001.jpg,0.726985882145869,0
/home/anitadonato/tcc/tcc/data/lfw/lfw-funneled/Susan_Sarandon/Susan_Sarandon_0003.jpg,/home/anitadonato/tcc/tcc/data/lfw/lfw-funneled/Vladimir_Putin/Vladimir_Putin_0004.jpg,0.8548765157680913,0
/home/anitadonato/tcc/tcc/data/lfw/lfw-funneled/Ana_Guevara/Ana_Guevara_0001.jpg,/home/anitadonato/tcc/tcc/data/lfw/lfw-funneled/Denzel_Washington/Denzel_Washington_0005.jpg,0.8178733695669613,0
/home/anitadonato/tcc/tcc/data/lfw/lfw-funneled/Jacques_Chirac/Jacques_Chirac_0003.jpg,/home/anitadonato/tcc/tcc/data/lfw/lfw-funneled/Jean-Pierre_Raffarin/Jean-Pierre_Raffarin_0004.jpg,0.8525134501239319,0
/home/anitadonato/tcc/tcc/data/lfw/lfw-funneled/Cesar_Gaviria/Cesar_Gaviria_0005.jpg,/home/anitadonato/tcc/tcc/data/lfw/lfw-funneled/Ai_Sugiyama/Ai_Sugiyama_0001.jpg,0.8694566837766784,0
/home/anitadonato/tcc/tcc/data/lfw/lfw-funneled/Bill_McBride/Bill_McBride_0002.jpg,/home/anitadonato/tcc/tcc/data/lfw/lfw-funneled/Sergey_Lavrov/Sergey_Lavrov_0004.jpg,0.7832365821673801,0
/home/anitadonato/tcc/tcc/data/lfw/lfw-funneled/John_Snow/John_Snow_0004.jpg,/home/anitadonato/tcc/tcc/data/lfw/lfw-funneled/Tom_Crean/Tom_Crean_0005.jpg,0.8347401955906475,0
/home/anitadonato/tcc/tcc/data/lfw/lfw-funneled/Kofi_Annan/Kofi_Annan_0002.jpg,/home/anitadonato/tcc/tcc/data/lfw/lfw-funneled/Xavier_Malisse/Xavier_Malisse_0002.jpg,0.9405929099820198,0
/home/anitadonato/tcc/tcc/data/lfw/lfw-funneled/Amelie_Mauresmo/Amelie_Mauresmo_0003.jpg,/home/anitadonato/tcc/tcc/data/lfw/lfw-funneled/Erika_Harold/Erika_Harold_0005.jpg,0.8919007739166994,0
/home/anitadonato/tcc/tcc/data/lfw/lfw-funneled/Catherine_Zeta-Jones/Catherine_Zeta-Jones_0004.jpg,/home/anitadonato/tcc/tcc/data/lfw/lfw-funneled/John_Ashcroft/John_Ashcroft_0003.jpg,0.8891026238281916,0
/home/anitadonato/tcc/tcc/data/lfw/lfw-funneled/Pedro_Malan/Pedro_Malan_0001.jpg,/home/anitadonato/tcc/tcc/data/lfw/lfw-funneled/Russell_Simmons/Russell_Simmons_0005.jpg,0.7341419264871172,0
/home/anitadonato/tcc/tcc/data/lfw/lfw-funneled/Carlos_Menem/Carlos_Menem_0002.jpg,/home/anitadonato/tcc/tcc/data/lfw/lfw-funneled/Hamid_Karzai/Hamid_Karzai_0003.jpg,0.7579081823387007,0
/home/anitadonato/tcc/tcc/data/lfw/lfw-funneled/Kevin_Costner/Kevin_Costner_0005.jpg,/home/anitadonato/tcc/tcc/data/lfw/lfw-funneled/Zinedine_Zidane/Zinedine_Zidane_0001.jpg,0.6530879298812562,0
/home/anitadonato/tcc/tcc/data/lfw/lfw-funneled/Richard_Myers/Richard_Myers_0005.jpg,/home/anitadonato/tcc/tcc/data/lfw/lfw-funneled/Angelina_Jolie/Angelina_Jolie_0003.jpg,0.9482440151253969,0
/home/anitadonato/tcc/tcc/data/lfw/lfw-funneled/Sharon_Stone/Sharon_Stone_0001.jpg,/home/anitadonato/tcc/tcc/data/lfw/lfw-funneled/Britney_Spears/Britney_Spears_0002.jpg,0.7344307784499817,0
/home/anitadonato/tcc/tcc/data/lfw/lfw-funneled/Jose_Maria_Aznar/Jose_Maria_Aznar_0005.jpg,/home/anitadonato/tcc/tcc/data/lfw/lfw-funneled/Angela_Merkel/Angela_Merkel_0004.jpg,0.9013849996786144,0
/home/anitadonato/tcc/tcc/data/lfw/lfw-funneled/John_Manley/John_Manley_0004.jpg,/home/anitadonato/tcc/tcc/data/lfw/lfw-funneled/Erika_Harold/Erika_Harold_0004.jpg,0.8285736822468459,0
/home/anitadonato/tcc/tcc/data/lfw/lfw-funneled/Jean-Pierre_Raffarin/Jean-Pierre_Raffarin_0005.jpg,/home/anitadonato/tcc/tcc/data/lfw/lfw-funneled/Lindsay_Davenport/Lindsay_Davenport_0002.jpg,0.8651279464878912,0
/home/anitadonato/tcc/tcc/data/lfw/lfw-funneled/Tung_Chee-hwa/Tung_Chee-hwa_0004.jpg,/home/anitadonato/tcc/tcc/data/lfw/lfw-funneled/Woody_Allen/Woody_Allen_0002.jpg,0.8836794246217355,0
/home/anitadonato/tcc/tcc/data/lfw/lfw-funneled/Joe_Lieberman/Joe_Lieberman_0004.jpg,/home/anitadonato/tcc/tcc/data/lfw/lfw-funneled/Steve_Lavin/Steve_Lavin_0003.jpg,0.9710666267175241,0
/home/anitadonato/tcc/tcc/data/lfw/lfw-funneled/Nia_Vardalos/Nia_Vardalos_0003.jpg,/home/anitadonato/tcc/tcc/data/lfw/lfw-funneled/Jennifer_Lopez/Jennifer_Lopez_0002.jpg,0.8115026035238474,0
/home/anitadonato/tcc/tcc/data/lfw/lfw-funneled/Hillary_Clinton/Hillary_Clinton_0001.jpg,/home/anitadonato/tcc/tcc/data/lfw/lfw-funneled/Alvaro_Uribe/Alvaro_Uribe_0001.jpg,0.9223668468205211,0
/home/anitadonato/tcc/tcc/data/lfw/lfw-funneled/Costas_Simitis/Costas_Simitis_0004.jpg,/home/anitadonato/tcc/tcc/data/lfw/lfw-funneled/Andre_Agassi/Andre_Agassi_0004.jpg,0.7564164359519419,0
/home/anitadonato/tcc/tcc/data/lfw/lfw-funneled/Hillary_Clinton/Hillary_Clinton_0002.jpg,/home/anitadonato/tcc/tcc/data/lfw/lfw-funneled/Matthew_Perry/Matthew_Perry_0004.jpg,0.8419764653089077,0
/home/anitadonato/tcc/tcc/data/lfw/lfw-funneled/Vanessa_Redgrave/Vanessa_Redgrave_0005.jpg,/home/anitadonato/tcc/tcc/data/lfw/lfw-funneled/Luis_Horna/Luis_Horna_0004.jpg,0.9226371687310669,0
/home/anitadonato/tcc/tcc/data/lfw/lfw-funneled/Nicanor_Duarte_Frutos/Nicanor_Duarte_Frutos_0004.jpg,/home/anitadonato/tcc/tcc/data/lfw/lfw-funneled/John_Paul_II/John_Paul_II_0005.jpg,0.7689467015875805,0
/home/anitadonato/tcc/tcc/data/lfw/lfw-funneled/Rainer_Schuettler/Rainer_Schuettler_0004.jpg,/home/anitadonato/tcc/tcc/data/lfw/lfw-funneled/Carmen_Electra/Carmen_Electra_0004.jpg,0.9480619228940523,0
/home/anitadonato/tcc/tcc/data/lfw/lfw-funneled/Roy_Moore/Roy_Moore_0002.jpg,/home/anitadonato/tcc/tcc/data/lfw/lfw-funneled/Bill_Gates/Bill_Gates_0004.jpg,0.8229719063401936,0
/home/anitadonato/tcc/tcc/data/lfw/lfw-funneled/Megawati_Sukarnoputri/Megawati_Sukarnoputri_0005.jpg,/home/anitadonato/tcc/tcc/data/lfw/lfw-funneled/Carlos_Moya/Carlos_Moya_0004.jpg,0.9979458264944073,0
/home/anitadonato/tcc/tcc/data/lfw/lfw-funneled/John_Stockton/John_Stockton_0005.jpg,/home/anitadonato/tcc/tcc/data/lfw/lfw-funneled/Renee_Zellweger/Renee_Zellweger_0003.jpg,0.8919381384076261,0
/home/anitadonato/tcc/tcc/data/lfw/lfw-funneled/Fernando_Gonzalez/Fernando_Gonzalez_0005.jpg,/home/anitadonato/tcc/tcc/data/lfw/lfw-funneled/Grant_Hackett/Grant_Hackett_0003.jpg,0.6911200706912968,0
/home/anitadonato/tcc/tcc/data/lfw/lfw-funneled/Thaksin_Shinawatra/Thaksin_Shinawatra_0005.jpg,/home/anitadonato/tcc/tcc/data/lfw/lfw-funneled/Bulent_Ecevit/Bulent_Ecevit_0004.jpg,0.7499092460727536,0
/home/anitadonato/tcc/tcc/data/lfw/lfw-funneled/Angelina_Jolie/Angelina_Jolie_0001.jpg,/home/anitadonato/tcc/tcc/data/lfw/lfw-funneled/Zinedine_Zidane/Zinedine_Zidane_0005.jpg,0.9864285354771707,0
/home/anitadonato/tcc/tcc/data/lfw/lfw-funneled/Sheryl_Crow/Sheryl_Crow_0001.jpg,/home/anitadonato/tcc/tcc/data/lfw/lfw-funneled/Martha_Stewart/Martha_Stewart_0002.jpg,0.7969587753047515,0
/home/anitadonato/tcc/tcc/data/lfw/lfw-funneled/Trent_Lott/Trent_Lott_0005.jpg,/home/anitadonato/tcc/tcc/data/lfw/lfw-funneled/John_Stockton/John_Stockton_0003.jpg,0.6910932347835826,0
/home/anitadonato/tcc/tcc/data/lfw/lfw-funneled/Paradorn_Srichaphan/Paradorn_Srichaphan_0001.jpg,/home/anitadonato/tcc/tcc/data/lfw/lfw-funneled/Tom_Harkin/Tom_Harkin_0005.jpg,0.9752583301840401,0
/home/anitadonato/tcc/tcc/data/lfw/lfw-funneled/JK_Rowling/JK_Rowling_0002.jpg,/home/anitadonato/tcc/tcc/data/lfw/lfw-funneled/Pedro_Malan/Pedro_Malan_0004.jpg,0.8315211032748996,0
/home/anitadonato/tcc/tcc/data/lfw/lfw-funneled/Condoleezza_Rice/Condoleezza_Rice_0005.jpg,/home/anitadonato/tcc/tcc/data/lfw/lfw-funneled/John_Howard/John_Howard_0001.jpg,0.9396243792738806,0
/home/anitadonato/tcc/tcc/data/lfw/lfw-funneled/David_Trimble/David_Trimble_0001.jpg,/home/anitadonato/tcc/tcc/data/lfw/lfw-funneled/John_Snow/John_Snow_0004.jpg,0.7027409778727512,0
/home/anitadonato/tcc/tcc/data/lfw/lfw-funneled/Vanessa_Redgrave/Vanessa_Redgrave_0004.jpg,/home/anitadonato/tcc/tcc/data/lfw/lfw-funneled/Colin_Montgomerie/Colin_Montgomerie_0005.jpg,0.8826509374619156,0
/home/anitadonato/tcc/tcc/data/lfw/lfw-funneled/John_Stockton/John_Stockton_0004.jpg,/home/anitadonato/tcc/tcc/data/lfw/lfw-funneled/Bernard_Law/Bernard_Law_0003.jpg,0.8220092778468416,0
/home/anitadonato/tcc/tcc/data/lfw/lfw-funneled/Li_Peng/Li_Peng_0002.jpg,/home/anitadonato/tcc/tcc/data/lfw/lfw-funneled/Tom_Crean/Tom_Crean_0001.jpg,0.8512860238081194,0
/home/anitadonato/tcc/tcc/data/lfw/lfw-funneled/Hosni_Mubarak/Hosni_Mubarak_0003.jpg,/home/anitadonato/tcc/tcc/data/lfw/lfw-funneled/Martin_Scorsese/Martin_Scorsese_0005.jpg,0.7746621230661402,0
/home/anitadonato/tcc/tcc/data/lfw/lfw-funneled/Anna_Kournikova/Anna_Kournikova_0004.jpg,/home/anitadonato/tcc/tcc/data/lfw/lfw-funneled/Kevin_Costner/Kevin_Costner_0005.jpg,0.7334264166767027,0
/home/anitadonato/tcc/tcc/data/lfw/lfw-funneled/Jennifer_Capriati/Jennifer_Capriati_0001.jpg,/home/anitadonato/tcc/tcc/data/lfw/lfw-funneled/Silvio_Berlusconi/Silvio_Berlusconi_0003.jpg,0.8463818792052704,0
/home/anitadonato/tcc/tcc/data/lfw/lfw-funneled/Natalie_Maines/Natalie_Maines_0001.jpg,/home/anitadonato/tcc/tcc/data/lfw/lfw-funneled/Nicanor_Duarte_Frutos/Nicanor_Duarte_Frutos_0003.jpg,0.9591372256441008,0
/home/anitadonato/tcc/tcc/data/lfw/lfw-funneled/Richard_Gere/Richard_Gere_0002.jpg,/home/anitadonato/tcc/tcc/data/lfw/lfw-funneled/Matthew_Perry/Matthew_Perry_0005.jpg,0.8259446802682232,0
/home/anitadonato/tcc/tcc/data/lfw/lfw-funneled/Frank_Solich/Frank_Solich_0003.jpg,/home/anitadonato/tcc/tcc/data/lfw/lfw-funneled/Victoria_Clarke/Victoria_Clarke_0002.jpg,0.8880521544224868,0
/home/anitadonato/tcc/tcc/data/lfw/lfw-funneled/Michael_Schumacher/Michael_Schumacher_0003.jpg,/home/anitadonato/tcc/tcc/data/lfw/lfw-funneled/Victoria_Clarke/Victoria_Clarke_0003.jpg,0.6721728896597486,0
/home/anitadonato/tcc/tcc/data/lfw/lfw-funneled/Woody_Allen/Woody_Allen_0002.jpg,/home/anitadonato/tcc/tcc/data/lfw/lfw-funneled/Paul_ONeill/Paul_ONeill_0004.jpg,0.7355857637550359,0
/home/anitadonato/tcc/tcc/data/lfw/lfw-funneled/Zinedine_Zidane/Zinedine_Zidane_0003.jpg,/home/anitadonato/tcc/tcc/data/lfw/lfw-funneled/Woody_Allen/Woody_Allen_0002.jpg,0.7869445905748685,0
/home/anitadonato/tcc/tcc/data/lfw/lfw-funneled/David_Trimble/David_Trimble_0002.jpg,/home/anitadonato/tcc/tcc/data/lfw/lfw-funneled/Matthew_Perry/Matthew_Perry_0005.jpg,0.6615098305533135,0
/home/anitadonato/tcc/tcc/data/lfw/lfw-funneled/Jennifer_Lopez/Jennifer_Lopez_0004.jpg,/home/anitadonato/tcc/tcc/data/lfw/lfw-funneled/Meryl_Streep/Meryl_Streep_0004.jpg,0.8621312541498763,0
/home/anitadonato/tcc/tcc/data/lfw/lfw-funneled/Renee_Zellweger/Renee_Zellweger_0004.jpg,/home/anitadonato/tcc/tcc/data/lfw/lfw-funneled/Tung_Chee-hwa/Tung_Chee-hwa_0002.jpg,0.8506813758374585,0
/home/anitadonato/tcc/tcc/data/lfw/lfw-funneled/Liza_Minnelli/Liza_Minnelli_0003.jpg,/home/anitadonato/tcc/tcc/data/lfw/lfw-funneled/Kofi_Annan/Kofi_Annan_0001.jpg,0.8649865501398581,0
/home/anitadonato/tcc/tcc/data/lfw/lfw-funneled/Maria_Soledad_Alvear_Valenzuela/Maria_Soledad_Alvear_Valenzuela_0001.jpg,/home/anitadonato/tcc/tcc/data/lfw/lfw-funneled/Roger_Federer/Roger_Federer_0001.jpg,0.9411229751971383,0
/home/anitadonato/tcc/tcc/data/lfw/lfw-funneled/Fidel_Castro/Fidel_Castro_0004.jpg,/home/anitadonato/tcc/tcc/data/lfw/lfw-funneled/Habib_Rizieq/Habib_Rizieq_0004.jpg,0.6331374089592325,0
/home/anitadonato/tcc/tcc/data/lfw/lfw-funneled/John_Ashcroft/John_Ashcroft_0005.jpg,/home/anitadonato/tcc/tcc/data/lfw/lfw-funneled/Pamela_Anderson/Pamela_Anderson_0002.jpg,1.0252535232299158,0
/home/anitadonato/tcc/tcc/data/lfw/lfw-funneled/Jean-Pierre_Raffarin/Jean-Pierre_Raffarin_0004.jpg,/home/anitadonato/tcc/tcc/data/lfw/lfw-funneled/Amelie_Mauresmo/Amelie_Mauresmo_0004.jpg,0.7840495712657001,0
/home/anitadonato/tcc/tcc/data/lfw/lfw-funneled/Roger_Federer/Roger_Federer_0005.jpg,/home/anitadonato/tcc/tcc/data/lfw/lfw-funneled/Sergey_Lavrov/Sergey_Lavrov_0004.jpg,0.76725908283342,0
/home/anitadonato/tcc/tcc/data/lfw/lfw-funneled/Tiger_Woods/Tiger_Woods_0004.jpg,/home/anitadonato/tcc/tcc/data/lfw/lfw-funneled/Thabo_Mbeki/Thabo_Mbeki_0004.jpg,0.7926292666833085,0
/home/anitadonato/tcc/tcc/data/lfw/lfw-funneled/Catherine_Zeta-Jones/Catherine_Zeta-Jones_0005.jpg,/home/anitadonato/tcc/tcc/data/lfw/lfw-funneled/Jiri_Novak/Jiri_Novak_0001.jpg,0.8223530370945281,0
/home/anitadonato/tcc/tcc/data/lfw/lfw-funneled/Natalie_Coughlin/Natalie_Coughlin_0003.jpg,/home/anitadonato/tcc/tcc/data/lfw/lfw-funneled/John_Snow/John_Snow_0004.jpg,0.7625928904148588,0
/home/anitadonato/tcc/tcc/data/lfw/lfw-funneled/JK_Rowling/JK_Rowling_0003.jpg,/home/anitadonato/tcc/tcc/data/lfw/lfw-funneled/Mohamed_ElBaradei/Mohamed_ElBaradei_0003.jpg,0.8912027478884504,0
/home/anitadonato/tcc/tcc/data/lfw/lfw-funneled/Hugh_Grant/Hugh_Grant_0001.jpg,/home/anitadonato/tcc/tcc/data/lfw/lfw-funneled/George_HW_Bush/George_HW_Bush_0003.jpg,0.7843246483701725,0
/home/anitadonato/tcc/tcc/data/lfw/lfw-funneled/Paul_McCartney/Paul_McCartney_0004.jpg,/home/anitadonato/tcc/tcc/data/lfw/lfw-funneled/Russell_Simmons/Russell_Simmons_0004.jpg,0.8373917172845834,0
/home/anitadonato/tcc/tcc/data/lfw/lfw-funneled/Jacques_Chirac/Jacques_Chirac_0002.jpg,/home/anitadonato/tcc/tcc/data/lfw/lfw-funneled/Michael_Chiklis/Michael_Chiklis_0005.jpg,0.7751859312011986,0
/home/anitadonato/tcc/tcc/data/lfw/lfw-funneled/Jacques_Chirac/Jacques_Chirac_0005.jpg,/home/anitadonato/tcc/tcc/data/lfw/lfw-funneled/Jeremy_Greenstock/Jeremy_Greenstock_0003.jpg,0.6537414849160206,0
/home/anitadonato/tcc/tcc/data/lfw/lfw-funneled/Catherine_Zeta-Jones/Catherine_Zeta-Jones_0002.jpg,/home/anitadonato/tcc/tcc/data/lfw/lfw-funneled/Martha_Stewart/Martha_Stewart_0003.jpg,0.7887495955499942,0
/home/anitadonato/tcc/tcc/data/lfw/lfw-funneled/Al_Sharpton/Al_Sharpton_0001.jpg,/home/anitadonato/tcc/tcc/data/lfw/lfw-funneled/Alvaro_Uribe/Alvaro_Uribe_0001.jpg,0.8412326254954308,0
/home/anitadonato/tcc/tcc/data/lfw/lfw-funneled/Tiger_Woods/Tiger_Woods_0001.jpg,/home/anitadonato/tcc/tcc/data/lfw/lfw-funneled/Fernando_Gonzalez/Fernando_Gonzalez_0005.jpg,0.8279196378929432,0
/home/anitadonato/tcc/tcc/data/lfw/lfw-funneled/Spencer_Abraham/Spencer_Abraham_0004.jpg,/home/anitadonato/tcc/tcc/data/lfw/lfw-funneled/Maria_Shriver/Maria_Shriver_0003.jpg,0.8737289429745416,0
/home/anitadonato/tcc/tcc/data/lfw/lfw-funneled/John_Negroponte/John_Negroponte_0003.jpg,/home/anitadonato/tcc/tcc/data/lfw/lfw-funneled/Rob_Marshall/Rob_Marshall_0003.jpg,0.8879092099797512,0
/home/anitadonato/tcc/tcc/data/lfw/lfw-funneled/Jeremy_Greenstock/Jeremy_Greenstock_0001.jpg,/home/anitadonato/tcc/tcc/data/lfw/lfw-funneled/Thaksin_Shinawatra/Thaksin_Shinawatra_0005.jpg,0.90161312857044,0
/home/anitadonato/tcc/tcc/data/lfw/lfw-funneled/Amelia_Vega/Amelia_Vega_0005.jpg,/home/anitadonato/tcc/tcc/data/lfw/lfw-funneled/Paul_Martin/Paul_Martin_0002.jpg,0.9606847945970286,0
/home/anitadonato/tcc/tcc/data/lfw/lfw-funneled/Denzel_Washington/Denzel_Washington_0001.jpg,/home/anitadonato/tcc/tcc/data/lfw/lfw-funneled/Jean-David_Levitte/Jean-David_Levitte_0001.jpg,0.8017770333745304,0
/home/anitadonato/tcc/tcc/data/lfw/lfw-funneled/Pedro_Malan/Pedro_Malan_0002.jpg,/home/anitadonato/tcc/tcc/data/lfw/lfw-funneled/Megawati_Sukarnoputri/Megawati_Sukarnoputri_0004.jpg,0.7110851440390591,0
/home/anitadonato/tcc/tcc/data/lfw/lfw-funneled/Kurt_Warner/Kurt_Warner_0005.jpg,/home/anitadonato/tcc/tcc/data/lfw/lfw-funneled/Sylvester_Stallone/Sylvester_Stallone_0002.jpg,0.6391226805214001,0
/home/anitadonato/tcc/tcc/data/lfw/lfw-funneled/Sharon_Stone/Sharon_Stone_0002.jpg,/home/anitadonato/tcc/tcc/data/lfw/lfw-funneled/Luis_Horna/Luis_Horna_0003.jpg,0.994152983464354,0
/home/anitadonato/tcc/tcc/data/lfw/lfw-funneled/Li_Peng/Li_Peng_0001.jpg,/home/anitadonato/tcc/tcc/data/lfw/lfw-funneled/Paradorn_Srichaphan/Paradorn_Srichaphan_0004.jpg,0.7683436774229994,0
/home/anitadonato/tcc/tcc/data/lfw/lfw-funneled/Sourav_Ganguly/Sourav_Ganguly_0004.jpg,/home/anitadonato/tcc/tcc/data/lfw/lfw-funneled/Kristanna_Loken/Kristanna_Loken_0003.jpg,0.8865908290501122,0
/home/anitadonato/tcc/tcc/data/lfw/lfw-funneled/Benjamin_Netanyahu/Benjamin_Netanyahu_0001.jpg,/home/anitadonato/tcc/tcc/data/lfw/lfw-funneled/Colin_Powell/Colin_Powell_0003.jpg,0.8634524961922714,0
/home/anitadonato/tcc/tcc/data/lfw/lfw-funneled/Princess_Caroline/Princess_Caroline_0004.jpg,/home/anitadonato/tcc/tcc/data/lfw/lfw-funneled/Kevin_Costner/Kevin_Costner_0004.jpg,0.818418041825301,0
/home/anitadonato/tcc/tcc/data/lfw/lfw-funneled/Peter_Struck/Peter_Struck_0003.jpg,/home/anitadonato/tcc/tcc/data/lfw/lfw-funneled/Kevin_Costner/Kevin_Costner_0003.jpg,0.7978786107869223,0
/home/anitadonato/tcc/tcc/data/lfw/lfw-funneled/Vladimir_Putin/Vladimir_Putin_0001.jpg,/home/anitadonato/tcc/tcc/data/lfw/lfw-funneled/Clara_Harris/Clara_Harris_0004.jpg,0.9144185396562324,0
/home/anitadonato/tcc/tcc/data/lfw/lfw-funneled/Hal_Gehman/Hal_Gehman_0004.jpg,/home/anitadonato/tcc/tcc/data/lfw/lfw-funneled/JK_Rowling/JK_Rowling_0002.jpg,0.8652589674809668,0
/home/anitadonato/tcc/tcc/data/lfw/lfw-funneled/Alejandro_Toledo/Alejandro_Toledo_0001.jpg,/home/anitadonato/tcc/tcc/data/lfw/lfw-funneled/Christine_Baumgartner/Christine_Baumgartner_0002.jpg,1.013586324303674,0
/home/anitadonato/tcc/tcc/data/lfw/lfw-funneled/Michelle_Yeoh/Michelle_Yeoh_0004.jpg,/home/anitadonato/tcc/tcc/data/lfw/lfw-funneled/Kristanna_Loken/Kristanna_Loken_0002.jpg,0.7563735805401669,0
/home/anitadonato/tcc/tcc/data/lfw/lfw-funneled/Michael_Schumacher/Michael_Schumacher_0001.jpg,/home/anitadonato/tcc/tcc/data/lfw/lfw-funneled/Maria_Soledad_Alvear_Valenzuela/Maria_Soledad_Alvear_Valenzuela_0004.jpg,0.7288876170509632,0
/home/anitadonato/tcc/tcc/data/lfw/lfw-funneled/Julie_Gerberding/Julie_Gerberding_0001.jpg,/home/anitadonato/tcc/tcc/data/lfw/lfw-funneled/Anna_Kournikova/Anna_Kournikova_0001.jpg,0.8989839533422093,0
/home/anitadonato/tcc/tcc/data/lfw/lfw-funneled/Bob_Hope/Bob_Hope_0003.jpg,/home/anitadonato/tcc/tcc/data/lfw/lfw-funneled/Silvio_Berlusconi/Silvio_Berlusconi_0004.jpg,0.711737122681907,0
/home/anitadonato/tcc/tcc/data/lfw/lfw-funneled/Heidi_Klum/Heidi_Klum_0002.jpg,/home/anitadonato/tcc/tcc/data/lfw/lfw-funneled/Mark_Hurlbert/Mark_Hurlbert_0001.jpg,0.8460830202700284,0
/home/anitadonato/tcc/tcc/data/lfw/lfw-funneled/Bulent_Ecevit/Bulent_Ecevit_0004.jpg,/home/anitadonato/tcc/tcc/data/lfw/lfw-funneled/Kalpana_Chawla/Kalpana_Chawla_0003.jpg,0.8061695146624281,0
/home/anitadonato/tcc/tcc/data/lfw/lfw-funneled/Wayne_Ferreira/Wayne_Ferreira_0003.jpg,/home/anitadonato/tcc/tcc/data/lfw/lfw-funneled/Angela_Merkel/Angela_Merkel_0004.jpg,0.9719988828241126,0
/home/anitadonato/tcc/tcc/data/lfw/lfw-funneled/Kofi_Annan/Kofi_Annan_0005.jpg,/home/anitadonato/tcc/tcc/data/lfw/lfw-funneled/Richard_Myers/Richard_Myers_0004.jpg,0.8768462751234082,0
/home/anitadonato/tcc/tcc/data/lfw/lfw-funneled/Joseph_Biden/Joseph_Biden_0004.jpg,/home/anitadonato/tcc/tcc/data/lfw/lfw-funneled/Lindsay_Davenport/Lindsay_Davenport_0001.jpg,0.8677267090152873,0
/home/anitadonato/tcc/tcc/data/lfw/lfw-funneled/Michelle_Yeoh/Michelle_Yeoh_0001.jpg,/home/anitadonato/tcc/tcc/data/lfw/lfw-funneled/Bill_Gates/Bill_Gates_0004.jpg,0.7963617705527416,0
/home/anitadonato/tcc/tcc/data/lfw/lfw-funneled/Martha_Stewart/Martha_Stewart_0004.jpg,/home/anitadonato/tcc/tcc/data/lfw/lfw-funneled/Michael_Powell/Michael_Powell_0001.jpg,1.0232481292316153,0
/home/anitadonato/tcc/tcc/data/lfw/lfw-funneled/Zhu_Rongji/Zhu_Rongji_0003.jpg,/home/anitadonato/tcc/tcc/data/lfw/lfw-funneled/Ludivine_Sagnier/Ludivine_Sagnier_0003.jpg,0.8764965420089198,0
/home/anitadonato/tcc/tcc/data/lfw/lfw-funneled/Amelie_Mauresmo/Amelie_Mauresmo_0004.jpg,/home/anitadonato/tcc/tcc/data/lfw/lfw-funneled/John_Ashcroft/John_Ashcroft_0001.jpg,0.7644735476841671,0
/home/anitadonato/tcc/tcc/data/lfw/lfw-funneled/Cruz_Bustamante/Cruz_Bustamante_0001.jpg,/home/anitadonato/tcc/tcc/data/lfw/lfw-funneled/Alejandro_Toledo/Alejandro_Toledo_0003.jpg,0.8480091499776679,0
/home/anitadonato/tcc/tcc/data/lfw/lfw-funneled/John_Snow/John_Snow_0001.jpg,/home/anitadonato/tcc/tcc/data/lfw/lfw-funneled/David_Trimble/David_Trimble_0004.jpg,0.7537415773497488,0
/home/anitadonato/tcc/tcc/data/lfw/lfw-funneled/Charlton_Heston/Charlton_Heston_0003.jpg,/home/anitadonato/tcc/tcc/data/lfw/lfw-funneled/Kristanna_Loken/Kristanna_Loken_0002.jpg,0.9666318492140491,0
/home/anitadonato/tcc/tcc/data/lfw/lfw-funneled/Vladimir_Putin/Vladimir_Putin_0001.jpg,/home/anitadonato/tcc/tcc/data/lfw/lfw-funneled/Carmen_Electra/Carmen_Electra_0004.jpg,0.9874795385978007,0
/home/anitadonato/tcc/tcc/data/lfw/lfw-funneled/Tung_Chee-hwa/Tung_Chee-hwa_0003.jpg,/home/anitadonato/tcc/tcc/data/lfw/lfw-funneled/Joe_Lieberman/Joe_Lieberman_0004.jpg,0.772341765121489,0
/home/anitadonato/tcc/tcc/data/lfw/lfw-funneled/Robert_De_Niro/Robert_De_Niro_0003.jpg,/home/anitadonato/tcc/tcc/data/lfw/lfw-funneled/Cruz_Bustamante/Cruz_Bustamante_0004.jpg,0.7118050301881511,0
/home/anitadonato/tcc/tcc/data/lfw/lfw-funneled/Matthew_Perry/Matthew_Perry_0004.jpg,/home/anitadonato/tcc/tcc/data/lfw/lfw-funneled/Cruz_Bustamante/Cruz_Bustamante_0002.jpg,0.8077459844160666,0
/home/anitadonato/tcc/tcc/data/lfw/lfw-funneled/Ai_Sugiyama/Ai_Sugiyama_0002.jpg,/home/anitadonato/tcc/tcc/data/lfw/lfw-funneled/Bulent_Ecevit/Bulent_Ecevit_0001.jpg,0.6738538770993032,0
/home/anitadonato/tcc/tcc/data/lfw/lfw-funneled/Andre_Agassi/Andre_Agassi_0002.jpg,/home/anitadonato/tcc/tcc/data/lfw/lfw-funneled/Paul_ONeill/Paul_ONeill_0004.jpg,0.7862818970295207,0
/home/anitadonato/tcc/tcc/data/lfw/lfw-funneled/George_Lopez/George_Lopez_0005.jpg,/home/anitadonato/tcc/tcc/data/lfw/lfw-funneled/Ana_Palacio/Ana_Palacio_0003.jpg,0.8669598181568369,0
/home/anitadonato/tcc/tcc/data/lfw/lfw-funneled/Mark_Hurlbert/Mark_Hurlbert_0004.jpg,/home/anitadonato/tcc/tcc/data/lfw/lfw-funneled/John_Snow/John_Snow_0001.jpg,0.7188572708563548,0
/home/anitadonato/tcc/tcc/data/lfw/lfw-funneled/Bulent_Ecevit/Bulent_Ecevit_0001.jpg,/home/anitadonato/tcc/tcc/data/lfw/lfw-funneled/Winona_Ryder/Winona_Ryder_0003.jpg,0.9556199222683431,0
/home/anitadonato/tcc/tcc/data/lfw/lfw-funneled/Andre_Agassi/Andre_Agassi_0004.jpg,/home/anitadonato/tcc/tcc/data/lfw/lfw-funneled/Rudolph_Giuliani/Rudolph_Giuliani_0001.jpg,0.6949989873632381,0
/home/anitadonato/tcc/tcc/data/lfw/lfw-funneled/Mike_Myers/Mike_Myers_0005.jpg,/home/anitadonato/tcc/tcc/data/lfw/lfw-funneled/Paul_McCartney/Paul_McCartney_0004.jpg,0.7801634892102741,0
/home/anitadonato/tcc/tcc/data/lfw/lfw-funneled/Catherine_Zeta-Jones/Catherine_Zeta-Jones_0002.jpg,/home/anitadonato/tcc/tcc/data/lfw/lfw-funneled/Ludivine_Sagnier/Ludivine_Sagnier_0005.jpg,0.854526105605733,0
/home/anitadonato/tcc/tcc/data/lfw/lfw-funneled/Ian_Thorpe/Ian_Thorpe_0001.jpg,/home/anitadonato/tcc/tcc/data/lfw/lfw-funneled/Bob_Hope/Bob_Hope_0002.jpg,0.8764626821943389,0
/home/anitadonato/tcc/tcc/data/lfw/lfw-funneled/Christine_Baumgartner/Christine_Baumgartner_0001.jpg,/home/anitadonato/tcc/tcc/data/lfw/lfw-funneled/Paul_McCartney/Paul_McCartney_0004.jpg,0.7783468798058548,0
/home/anitadonato/tcc/tcc/data/lfw/lfw-funneled/Valery_Giscard_dEstaing/Valery_Giscard_dEstaing_0002.jpg,/home/anitadonato/tcc/tcc/data/lfw/lfw-funneled/Yoko_Ono/Yoko_Ono_0002.jpg,0.8220279295499283,0
/home/anitadonato/tcc/tcc/data/lfw/lfw-funneled/Tiger_Woods/Tiger_Woods_0001.jpg,/home/anitadonato/tcc/tcc/data/lfw/lfw-funneled/Woody_Allen/Woody_Allen_0003.jpg,0.9406409027418201,0
/home/anitadonato/tcc/tcc/data/lfw/lfw-funneled/Natalie_Coughlin/Natalie_Coughlin_0005.jpg,/home/anitadonato/tcc/tcc/data/lfw/lfw-funneled/Vanessa_Redgrave/Vanessa_Redgrave_0002.jpg,0.7400944407849556,0
/home/anitadonato/tcc/tcc/data/lfw/lfw-funneled/Paul_ONeill/Paul_ONeill_0001.jpg,/home/anitadonato/tcc/tcc/data/lfw/lfw-funneled/Ana_Palacio/Ana_Palacio_0001.jpg,0.8382369983714093,0
/home/anitadonato/tcc/tcc/data/lfw/lfw-funneled/Mark_Hurlbert/Mark_Hurlbert_0005.jpg,/home/anitadonato/tcc/tcc/data/lfw/lfw-funneled/Martin_Scorsese/Martin_Scorsese_0002.jpg,0.7871060132565034,0
/home/anitadonato/tcc/tcc/data/lfw/lfw-funneled/Ana_Palacio/Ana_Palacio_0004.jpg,/home/anitadonato/tcc/tcc/data/lfw/lfw-funneled/Hal_Gehman/Hal_Gehman_0003.jpg,0.8118194537612777,0
/home/anitadonato/tcc/tcc/data/lfw/lfw-funneled/Natalie_Maines/Natalie_Maines_0004.jpg,/home/anitadonato/tcc/tcc/data/lfw/lfw-funneled/Catherine_Zeta-Jones/Catherine_Zeta-Jones_0003.jpg,0.8011602047867571,0
/home/anitadonato/tcc/tcc/data/lfw/lfw-funneled/Kate_Hudson/Kate_Hudson_0005.jpg,/home/anitadonato/tcc/tcc/data/lfw/lfw-funneled/Maria_Shriver/Maria_Shriver_0005.jpg,0.8311386988872834,0
/home/anitadonato/tcc/tcc/data/lfw/lfw-funneled/Ai_Sugiyama/Ai_Sugiyama_0002.jpg,/home/anitadonato/tcc/tcc/data/lfw/lfw-funneled/Halle_Berry/Halle_Berry_0001.jpg,0.8570018895718758,0
/home/anitadonato/tcc/tcc/data/lfw/lfw-funneled/Paul_ONeill/Paul_ONeill_0003.jpg,/home/anitadonato/tcc/tcc/data/lfw/lfw-funneled/Woody_Allen/Woody_Allen_0001.jpg,0.8276911737685423,0
/home/anitadonato/tcc/tcc/data/lfw/lfw-funneled/Kate_Hudson/Kate_Hudson_0002.jpg,/home/anitadonato/tcc/tcc/data/lfw/lfw-funneled/Sourav_Ganguly/Sourav_Ganguly_0004.jpg,0.9499603535391865,0
/home/anitadonato/tcc/tcc/data/lfw/lfw-funneled/Jennifer_Capriati/Jennifer_Capriati_0003.jpg,/home/anitadonato/tcc/tcc/data/lfw/lfw-funneled/Luis_Horna/Luis_Horna_0005.jpg,0.7418359706239636,0
/home/anitadonato/tcc/tcc/data/lfw/lfw-funneled/Fidel_Castro/Fidel_Castro_0002.jpg,/home/anitadonato/tcc/tcc/data/lfw/lfw-funneled/Clara_Harris/Clara_Harris_0005.jpg,0.906451138872194,0
/home/anitadonato/tcc/tcc/data/lfw/lfw-funneled/Rudolph_Giuliani/Rudolph_Giuliani_0001.jpg,/home/anitadonato/tcc/tcc/data/lfw/lfw-funneled/Hillary_Clinton/Hillary_Clinton_0005.jpg,0.8078671837842984,0
/home/anitadonato/tcc/tcc/data/lfw/lfw-funneled/Tony_Blair/Tony_Blair_0002.jpg,/home/anitadonato/tcc/tcc/data/lfw/lfw-funneled/Michael_Powell/Michael_Powell_0001.jpg,0.6907294231644863,0
/home/anitadonato/tcc/tcc/data/lfw/lfw-funneled/Richard_Gere/Richard_Gere_0001.jpg,/home/anitadonato/tcc/tcc/data/lfw/lfw-funneled/George_Robertson/George_Robertson_0001.jpg,0.764162846943174,0
/home/anitadonato/tcc/tcc/data/lfw/lfw-funneled/Vladimir_Putin/Vladimir_Putin_0005.jpg,/home/anitadonato/tcc/tcc/data/lfw/lfw-funneled/Pedro_Malan/Pedro_Malan_0003.jpg,0.7748216095125067,0
/home/anitadonato/tcc/tcc/data/lfw/lfw-funneled/Nia_Vardalos/Nia_Vardalos_0004.jpg,/home/anitadonato/tcc/tcc/data/lfw/lfw-funneled/Hosni_Mubarak/Hosni_Mubarak_0002.jpg,0.8206222922353937,0
/home/anitadonato/tcc/tcc/data/lfw/lfw-funneled/Ann_Veneman/Ann_Veneman_0003.jpg,/home/anitadonato/tcc/tcc/data/lfw/lfw-funneled/Costas_Simitis/Costas_Simitis_0005.jpg,0.9103332993832219,0
/home/anitadonato/tcc/tcc/data/lfw/lfw-funneled/Gonzalo_Sanchez_de_Lozada/Gonzalo_Sanchez_de_Lozada_0002.jpg,/home/anitadonato/tcc/tcc/data/lfw/lfw-funneled/Fernando_Gonzalez/Fernando_Gonzalez_0002.jpg,0.915640868445524,0
/home/anitadonato/tcc/tcc/data/lfw/lfw-funneled/JK_Rowling/JK_Rowling_0001.jpg,/home/anitadonato/tcc/tcc/data/lfw/lfw-funneled/Hosni_Mubarak/Hosni_Mubarak_0005.jpg,0.8631757506381046,0
/home/anitadonato/tcc/tcc/data/lfw/lfw-funneled/John_Paul_II/John_Paul_II_0004.jpg,/home/anitadonato/tcc/tcc/data/lfw/lfw-funneled/Julie_Gerberding/Julie_Gerberding_0005.jpg,0.806135559647393,0
/home/anitadonato/tcc/tcc/data/lfw/lfw-funneled/Pedro_Malan/Pedro_Malan_0003.jpg,/home/anitadonato/tcc/tcc/data/lfw/lfw-funneled/John_Manley/John_Manley_0003.jpg,0.8039732857853755,0
/home/anitadonato/tcc/tcc/data/lfw/lfw-funneled/Silvan_Shalom/Silvan_Shalom_0005.jpg,/home/anitadonato/tcc/tcc/data/lfw/lfw-funneled/Carlos_Moya/Carlos_Moya_0002.jpg,0.9412315924341571,0
/home/anitadonato/tcc/tcc/data/lfw/lfw-funneled/Jeremy_Greenstock/Jeremy_Greenstock_0005.jpg,/home/anitadonato/tcc/tcc/data/lfw/lfw-funneled/Kate_Hudson/Kate_Hudson_0001.jpg,0.9669398897902588,0
/home/anitadonato/tcc/tcc/data/lfw/lfw-funneled/Valery_Giscard_dEstaing/Valery_Giscard_dEstaing_0005.jpg,/home/anitadonato/tcc/tcc/data/lfw/lfw-funneled/Salma_Hayek/Salma_Hayek_0005.jpg,0.9408321556184186,0
/home/anitadonato/tcc/tcc/data/lfw/lfw-funneled/John_Negroponte/John_Negroponte_0002.jpg,/home/anitadonato/tcc/tcc/data/lfw/lfw-funneled/Habib_Rizieq/Habib_Rizieq_0003.jpg,0.7821978989033835,0
/home/anitadonato/tcc/tcc/data/lfw/lfw-funneled/Billy_Crystal/Billy_Crystal_0001.jpg,/home/anitadonato/tcc/tcc/data/lfw/lfw-funneled/Jeremy_Greenstock/Jeremy_Greenstock_0002.jpg,0.8118470578351678,0
/home/anitadonato/tcc/tcc/data/lfw/lfw-funneled/Maria_Shriver/Maria_Shriver_0004.jpg,/home/anitadonato/tcc/tcc/data/lfw/lfw-funneled/Pamela_Anderson/Pamela_Anderson_0002.jpg,0.7840082590002961,0
/home/anitadonato/tcc/tcc/data/lfw/lfw-funneled/Tommy_Franks/Tommy_Franks_0001.jpg,/home/anitadonato/tcc/tcc/data/lfw/lfw-funneled/Juan_Pablo_Montoya/Juan_Pablo_Montoya_0001.jpg,0.7157484544841062,0
/home/anitadonato/tcc/tcc/data/lfw/lfw-funneled/Alejandro_Toledo/Alejandro_Toledo_0003.jpg,/home/anitadonato/tcc/tcc/data/lfw/lfw-funneled/Hans_Blix/Hans_Blix_0002.jpg,0.7480900224865861,0
/home/anitadonato/tcc/tcc/data/lfw/lfw-funneled/Lindsay_Davenport/Lindsay_Davenport_0003.jpg,/home/anitadonato/tcc/tcc/data/lfw/lfw-funneled/Eduardo_Duhalde/Eduardo_Duhalde_0005.jpg,0.9032257544626433,0
/home/anitadonato/tcc/tcc/data/lfw/lfw-funneled/Charlton_Heston/Charlton_Heston_0001.jpg,/home/anitadonato/tcc/tcc/data/lfw/lfw-funneled/Vanessa_Redgrave/Vanessa_Redgrave_0001.jpg,0.8387549129557273,0
/home/anitadonato/tcc/tcc/data/lfw/lfw-funneled/Tommy_Franks/Tommy_Franks_0004.jpg,/home/anitadonato/tcc/tcc/data/lfw/lfw-funneled/Christine_Todd_Whitman/Christine_Todd_Whitman_0005.jpg,0.7768000228885281,0
/home/anitadonato/tcc/tcc/data/lfw/lfw-funneled/William_Ford_Jr/William_Ford_Jr_0002.jpg,/home/anitadonato/tcc/tcc/data/lfw/lfw-funneled/Bob_Hope/Bob_Hope_0004.jpg,0.810847313616853,0
/home/anitadonato/tcc/tcc/data/lfw/lfw-funneled/Paul_ONeill/Paul_ONeill_0003.jpg,/home/anitadonato/tcc/tcc/data/lfw/lfw-funneled/Condoleezza_Rice/Condoleezza_Rice_0004.jpg,0.896848851664167,0
/home/anitadonato/tcc/tcc/data/lfw/lfw-funneled/Pervez_Musharraf/Pervez_Musharraf_0003.jpg,/home/anitadonato/tcc/tcc/data/lfw/lfw-funneled/Gerhard_Schroeder/Gerhard_Schroeder_0002.jpg,0.7670577249899818,0
/home/anitadonato/tcc/tcc/data/lfw/lfw-funneled/Michael_Powell/Michael_Powell_0003.jpg,/home/anitadonato/tcc/tcc/data/lfw/lfw-funneled/Sharon_Stone/Sharon_Stone_0002.jpg,0.9141174507563555,0
/home/anitadonato/tcc/tcc/data/lfw/lfw-funneled/Elizabeth_Smart/Elizabeth_Smart_0004.jpg,/home/anitadonato/tcc/tcc/data/lfw/lfw-funneled/Renee_Zellweger/Renee_Zellweger_0002.jpg,0.6171756462437704,0
/home/anitadonato/tcc/tcc/data/lfw/lfw-funneled/Tony_Blair/Tony_Blair_0001.jpg,/home/anitadonato/tcc/tcc/data/lfw/lfw-funneled/John_Negroponte/John_Negroponte_0004.jpg,0.7997264652411946,0
/home/anitadonato/tcc/tcc/data/lfw/lfw-funneled/Russell_Simmons/Russell_Simmons_0001.jpg,/home/anitadonato/tcc/tcc/data/lfw/lfw-funneled/Richard_Gere/Richard_Gere_0004.jpg,0.9614962475033186,0
/home/anitadonato/tcc/tcc/data/lfw/lfw-funneled/Sergey_Lavrov/Sergey_Lavrov_0005.jpg,/home/anitadonato/tcc/tcc/data/lfw/lfw-funneled/Cesar_Gaviria/Cesar_Gaviria_0004.jpg,0.6564462546604287,0
/home/anitadonato/tcc/tcc/data/lfw/lfw-funneled/Vladimir_Putin/Vladimir_Putin_0003.jpg,/home/anitadonato/tcc/tcc/data/lfw/lfw-funneled/George_Lopez/George_Lopez_0002.jpg,0.876845294629095,0
/home/anitadonato/tcc/tcc/data/lfw/lfw-funneled/Mike_Weir/Mike_Weir_0002.jpg,/home/anitadonato/tcc/tcc/data/lfw/lfw-funneled/Andre_Agassi/Andre_Agassi_0003.jpg,0.7040388243988012,0
/home/anitadonato/tcc/tcc/data/lfw/lfw-funneled/Hugh_Grant/Hugh_Grant_0003.jpg,/home/anitadonato/tcc/tcc/data/lfw/lfw-funneled/Hal_Gehman/Hal_Gehman_0002.jpg,0.7475686726164502,0
/home/anitadonato/tcc/tcc/data/lfw/lfw-funneled/Thaksin_Shinawatra/Thaksin_Shinawatra_0005.jpg,/home/anitadonato/tcc/tcc/data/lfw/lfw-funneled/Hosni_Mubarak/Hosni_Mubarak_0001.jpg,0.627045209183867,0
/home/anitadonato/tcc/tcc/data/lfw/lfw-funneled/Victoria_Clarke/Victoria_Clarke_0001.jpg,/home/anitadonato/tcc/tcc/data/lfw/lfw-funneled/Hillary_Clinton/Hillary_Clinton_0004.jpg,0.7633458515650515,0
/home/anitadonato/tcc/tcc/data/lfw/lfw-funneled/Mike_Weir/Mike_Weir_0002.jpg,/home/anitadonato/tcc/tcc/data/lfw/lfw-funneled/Silvan_Shalom/Silvan_Shalom_0003.jpg,0.7684045597808759,0
/home/anitadonato/tcc/tcc/data/lfw/lfw-funneled/John_Negroponte/John_Negroponte_0005.jpg,/home/anitadonato/tcc/tcc/data/lfw/lfw-funneled/Li_Peng/Li_Peng_0002.jpg,0.8847714596478415,0
/home/anitadonato/tcc/tcc/data/lfw/lfw-funneled/Jean-David_Levitte/Jean-David_Levitte_0002.jpg,/home/anitadonato/tcc/tcc/data/lfw/lfw-funneled/JK_Rowling/JK_Rowling_0005.jpg,0.8417822727377147,0
/home/anitadonato/tcc/tcc/data/lfw/lfw-funneled/Carmen_Electra/Carmen_Electra_0001.jpg,/home/anitadonato/tcc/tcc/data/lfw/lfw-funneled/Muhammad_Saeed_al-Sahhaf/Muhammad_Saeed_al-Sahhaf_0004.jpg,0.978777513932712,0
/home/anitadonato/tcc/tcc/data/lfw/lfw-funneled/Tom_Daschle/Tom_Daschle_0002.jpg,/home/anitadonato/tcc/tcc/data/lfw/lfw-funneled/Christine_Baumgartner/Christine_Baumgartner_0005.jpg,0.9522569259328854,0
/home/anitadonato/tcc/tcc/data/lfw/lfw-funneled/Pamela_Anderson/Pamela_Anderson_0003.jpg,/home/anitadonato/tcc/tcc/data/lfw/lfw-funneled/Habib_Rizieq/Habib_Rizieq_0001.jpg,0.8985651809221474,0
/home/anitadonato/tcc/tcc/data/lfw/lfw-funneled/Trent_Lott/Trent_Lott_0002.jpg,/home/anitadonato/tcc/tcc/data/lfw/lfw-funneled/Martin_McGuinness/Martin_McGuinness_0002.jpg,0.5797044827129935,0
/home/anitadonato/tcc/tcc/data/lfw/lfw-funneled/Robert_Blake/Robert_Blake_0005.jpg,/home/anitadonato/tcc/tcc/data/lfw/lfw-funneled/Lindsay_Davenport/Lindsay_Davenport_0002.jpg,0.8319364840365305,0
/home/anitadonato/tcc/tcc/data/lfw/lfw-funneled/Paul_ONeill/Paul_ONeill_0005.jpg,/home/anitadonato/tcc/tcc/data/lfw/lfw-funneled/Wayne_Ferreira/Wayne_Ferreira_0001.jpg,0.7332854548803577,0
/home/anitadonato/tcc/tcc/data/lfw/lfw-funneled/Nia_Vardalos/Nia_Vardalos_0001.jpg,/home/anitadonato/tcc/tcc/data/lfw/lfw-funneled/Yoko_Ono/Yoko_Ono_0004.jpg,0.8645796658087701,0
/home/anitadonato/tcc/tcc/data/lfw/lfw-funneled/John_Stockton/John_Stockton_0005.jpg,/home/anitadonato/tcc/tcc/data/lfw/lfw-funneled/Kristanna_Loken/Kristanna_Loken_0001.jpg,0.9959280948902873,0
/home/anitadonato/tcc/tcc/data/lfw/lfw-funneled/Rainer_Schuettler/Rainer_Schuettler_0004.jpg,/home/anitadonato/tcc/tcc/data/lfw/lfw-funneled/John_Travolta/John_Travolta_0004.jpg,0.7967867333931469,0
/home/anitadonato/tcc/tcc/data/lfw/lfw-funneled/Luis_Horna/Luis_Horna_0004.jpg,/home/anitadonato/tcc/tcc/data/lfw/lfw-funneled/Elizabeth_Smart/Elizabeth_Smart_0004.jpg,0.8338514761230993,0
/home/anitadonato/tcc/tcc/data/lfw/lfw-funneled/Queen_Rania/Queen_Rania_0005.jpg,/home/anitadonato/tcc/tcc/data/lfw/lfw-funneled/Matthew_Perry/Matthew_Perry_0001.jpg,0.8555821409342027,0
/home/anitadonato/tcc/tcc/data/lfw/lfw-funneled/Hosni_Mubarak/Hosni_Mubarak_0004.jpg,/home/anitadonato/tcc/tcc/data/lfw/lfw-funneled/John_Stockton/John_Stockton_0002.jpg,0.7861554085350199,0
/home/anitadonato/tcc/tcc/data/lfw/lfw-funneled/Paul_Burrell/Paul_Burrell_0003.jpg,/home/anitadonato/tcc/tcc/data/lfw/lfw-funneled/Lleyton_Hewitt/Lleyton_Hewitt_0002.jpg,0.6914732610987673,0
/home/anitadonato/tcc/tcc/data/lfw/lfw-funneled/Alejandro_Toledo/Alejandro_Toledo_0001.jpg,/home/anitadonato/tcc/tcc/data/lfw/lfw-funneled/Amelia_Vega/Amelia_Vega_0004.jpg,0.9036249186177276,0
/home/anitadonato/tcc/tcc/data/lfw/lfw-funneled/Juan_Pablo_Montoya/Juan_Pablo_Montoya_0002.jpg,/home/anitadonato/tcc/tcc/data/lfw/lfw-funneled/David_Anderson/David_Anderson_0004.jpg,0.7627699971233883,0
/home/anitadonato/tcc/tcc/data/lfw/lfw-funneled/Silvio_Berlusconi/Silvio_Berlusconi_0005.jpg,/home/anitadonato/tcc/tcc/data/lfw/lfw-funneled/Gerhard_Schroeder/Gerhard_Schroeder_0001.jpg,0.7839623479561757,0
/home/anitadonato/tcc/tcc/data/lfw/lfw-funneled/Vanessa_Redgrave/Vanessa_Redgrave_0002.jpg,/home/anitadonato/tcc/tcc/data/lfw/lfw-funneled/Habib_Rizieq/Habib_Rizieq_0004.jpg,0.8490639943947778,0
/home/anitadonato/tcc/tcc/data/lfw/lfw-funneled/Boris_Becker/Boris_Becker_0004.jpg,/home/anitadonato/tcc/tcc/data/lfw/lfw-funneled/Zinedine_Zidane/Zinedine_Zidane_0001.jpg,0.8673616271260651,0
/home/anitadonato/tcc/tcc/data/lfw/lfw-funneled/John_Manley/John_Manley_0004.jpg,/home/anitadonato/tcc/tcc/data/lfw/lfw-funneled/Bob_Hope/Bob_Hope_0003.jpg,0.6922552619000049,0
/home/anitadonato/tcc/tcc/data/lfw/lfw-funneled/John_Travolta/John_Travolta_0003.jpg,/home/anitadonato/tcc/tcc/data/lfw/lfw-funneled/Thaksin_Shinawatra/Thaksin_Shinawatra_0004.jpg,0.8202226330880599,0
/home/anitadonato/tcc/tcc/data/lfw/lfw-funneled/Yasser_Arafat/Yasser_Arafat_0005.jpg,/home/anitadonato/tcc/tcc/data/lfw/lfw-funneled/Hugh_Grant/Hugh_Grant_0005.jpg,0.8374796953398976,0
/home/anitadonato/tcc/tcc/data/lfw/lfw-funneled/Kofi_Annan/Kofi_Annan_0001.jpg,/home/anitadonato/tcc/tcc/data/lfw/lfw-funneled/Liza_Minnelli/Liza_Minnelli_0005.jpg,0.9317015791451724,0
/home/anitadonato/tcc/tcc/data/lfw/lfw-funneled/Peter_Struck/Peter_Struck_0001.jpg,/home/anitadonato/tcc/tcc/data/lfw/lfw-funneled/Natalie_Maines/Natalie_Maines_0005.jpg,0.7770369162893249,0
/home/anitadonato/tcc/tcc/data/lfw/lfw-funneled/Michael_Chiklis/Michael_Chiklis_0001.jpg,/home/anitadonato/tcc/tcc/data/lfw/lfw-funneled/Hans_Blix/Hans_Blix_0001.jpg,0.7890928941640503,0
/home/anitadonato/tcc/tcc/data/lfw/lfw-funneled/Arminio_Fraga/Arminio_Fraga_0004.jpg,/home/anitadonato/tcc/tcc/data/lfw/lfw-funneled/Hans_Blix/Hans_Blix_0005.jpg,0.7518878124974985,0
/home/anitadonato/tcc/tcc/data/lfw/lfw-funneled/Rudolph_Giuliani/Rudolph_Giuliani_0003.jpg,/home/anitadonato/tcc/tcc/data/lfw/lfw-funneled/Hans_Blix/Hans_Blix_0002.jpg,0.7443013523488623,0
/home/anitadonato/tcc/tcc/data/lfw/lfw-funneled/Alejandro_Toledo/Alejandro_Toledo_0001.jpg,/home/anitadonato/tcc/tcc/data/lfw/lfw-funneled/Roh_Moo-hyun/Roh_Moo-hyun_0005.jpg,0.7232687782603233,0
/home/anitadonato/tcc/tcc/data/lfw/lfw-funneled/John_Bolton/John_Bolton_0002.jpg,/home/anitadonato/tcc/tcc/data/lfw/lfw-funneled/Princess_Caroline/Princess_Caroline_0002.jpg,0.8251760233941503,0
/home/anitadonato/tcc/tcc/data/lfw/lfw-funneled/Peter_Struck/Peter_Struck_0005.jpg,/home/anitadonato/tcc/tcc/data/lfw/lfw-funneled/Queen_Rania/Queen_Rania_0001.jpg,0.9500049332464159,0
/home/anitadonato/tcc/tcc/data/lfw/lfw-funneled/Mohamed_ElBaradei/Mohamed_ElBaradei_0005.jpg,/home/anitadonato/tcc/tcc/data/lfw/lfw-funneled/Joseph_Biden/Joseph_Biden_0002.jpg,0.6817193044837989,0
/home/anitadonato/tcc/tcc/data/lfw/lfw-funneled/Yasser_Arafat/Yasser_Arafat_0002.jpg,/home/anitadonato/tcc/tcc/data/lfw/lfw-funneled/Jean_Chretien/Jean_Chretien_0003.jpg,0.6505547777387677,0
/home/anitadonato/tcc/tcc/data/lfw/lfw-funneled/Roy_Moore/Roy_Moore_0005.jpg,/home/anitadonato/tcc/tcc/data/lfw/lfw-funneled/George_HW_Bush/George_HW_Bush_0004.jpg,0.8341072207373169,0
/home/anitadonato/tcc/tcc/data/lfw/lfw-funneled/Sourav_Ganguly/Sourav_Ganguly_0001.jpg,/home/anitadonato/tcc/tcc/data/lfw/lfw-funneled/Billy_Crystal/Billy_Crystal_0003.jpg,0.7688031643383788,0
/home/anitadonato/tcc/tcc/data/lfw/lfw-funneled/Mike_Martz/Mike_Martz_0004.jpg,/home/anitadonato/tcc/tcc/data/lfw/lfw-funneled/Gonzalo_Sanchez_de_Lozada/Gonzalo_Sanchez_de_Lozada_0005.jpg,0.7070023919139208,0
/home/anitadonato/tcc/tcc/data/lfw/lfw-funneled/Atal_Bihari_Vajpayee/Atal_Bihari_Vajpayee_0004.jpg,/home/anitadonato/tcc/tcc/data/lfw/lfw-funneled/Fujio_Cho/Fujio_Cho_0005.jpg,0.7490781709735599,0
/home/anitadonato/tcc/tcc/data/lfw/lfw-funneled/Catherine_Zeta-Jones/Catherine_Zeta-Jones_0003.jpg,/home/anitadonato/tcc/tcc/data/lfw/lfw-funneled/John_Snow/John_Snow_0004.jpg,0.808071980166306,0
/home/anitadonato/tcc/tcc/data/lfw/lfw-funneled/Valery_Giscard_dEstaing/Valery_Giscard_dEstaing_0001.jpg,/home/anitadonato/tcc/tcc/data/lfw/lfw-funneled/Zinedine_Zidane/Zinedine_Zidane_0002.jpg,0.7812385500712192,0
/home/anitadonato/tcc/tcc/data/lfw/lfw-funneled/Mike_Weir/Mike_Weir_0001.jpg,/home/anitadonato/tcc/tcc/data/lfw/lfw-funneled/Pedro_Malan/Pedro_Malan_0004.jpg,0.8176174221178575,0
/home/anitadonato/tcc/tcc/data/lfw/lfw-funneled/Vladimir_Putin/Vladimir_Putin_0001.jpg,/home/anitadonato/tcc/tcc/data/lfw/lfw-funneled/Thabo_Mbeki/Thabo_Mbeki_0001.jpg,0.7985170610635232,0
/home/anitadonato/tcc/tcc/data/lfw/lfw-funneled/Fidel_Castro/Fidel_Castro_0001.jpg,/home/anitadonato/tcc/tcc/data/lfw/lfw-funneled/Sourav_Ganguly/Sourav_Ganguly_0002.jpg,0.7729481266775092,0
/home/anitadonato/tcc/tcc/data/lfw/lfw-funneled/Mark_Hurlbert/Mark_Hurlbert_0002.jpg,/home/anitadonato/tcc/tcc/data/lfw/lfw-funneled/Wayne_Ferreira/Wayne_Ferreira_0005.jpg,0.7043719630676274,0
/home/anitadonato/tcc/tcc/data/lfw/lfw-funneled/John_Manley/John_Manley_0003.jpg,/home/anitadonato/tcc/tcc/data/lfw/lfw-funneled/Goldie_Hawn/Goldie_Hawn_0004.jpg,0.8063558794869046,0
/home/anitadonato/tcc/tcc/data/lfw/lfw-funneled/Amelie_Mauresmo/Amelie_Mauresmo_0002.jpg,/home/anitadonato/tcc/tcc/data/lfw/lfw-funneled/Michelle_Yeoh/Michelle_Yeoh_0004.jpg,1.0144942253225957,0
/home/anitadonato/tcc/tcc/data/lfw/lfw-funneled/Mike_Martz/Mike_Martz_0004.jpg,/home/anitadonato/tcc/tcc/data/lfw/lfw-funneled/Silvan_Shalom/Silvan_Shalom_0001.jpg,0.7205678929444606,0
/home/anitadonato/tcc/tcc/data/lfw/lfw-funneled/Tom_Crean/Tom_Crean_0001.jpg,/home/anitadonato/tcc/tcc/data/lfw/lfw-funneled/Joe_Lieberman/Joe_Lieberman_0001.jpg,0.803443170877395,0
/home/anitadonato/tcc/tcc/data/lfw/lfw-funneled/Ian_Thorpe/Ian_Thorpe_0003.jpg,/home/anitadonato/tcc/tcc/data/lfw/lfw-funneled/Tom_Daschle/Tom_Daschle_0004.jpg,0.8577927976279809,0
/home/anitadonato/tcc/tcc/data/lfw/lfw-funneled/Condoleezza_Rice/Condoleezza_Rice_0003.jpg,/home/anitadonato/tcc/tcc/data/lfw/lfw-funneled/David_Trimble/David_Trimble_0004.jpg,1.0155713205193384,0
/home/anitadonato/tcc/tcc/data/lfw/lfw-funneled/Paul_ONeill/Paul_ONeill_0005.jpg,/home/anitadonato/tcc/tcc/data/lfw/lfw-funneled/Kalpana_Chawla/Kalpana_Chawla_0005.jpg,0.7432263115042106,0
/home/anitadonato/tcc/tcc/data/lfw/lfw-funneled/Susan_Sarandon/Susan_Sarandon_0003.jpg,/home/anitadonato/tcc/tcc/data/lfw/lfw-funneled/Mike_Weir/Mike_Weir_0005.jpg,0.9286392407752703,0
/home/anitadonato/tcc/tcc/data/lfw/lfw-funneled/Paul_Burrell/Paul_Burrell_0002.jpg,/home/anitadonato/tcc/tcc/data/lfw/lfw-funneled/David_Anderson/David_Anderson_0003.jpg,0.7798019461145281,0
/home/anitadonato/tcc/tcc/data/lfw/lfw-funneled/Muhammad_Saeed_al-Sahhaf/Muhammad_Saeed_al-Sahhaf_0003.jpg,/home/anitadonato/tcc/tcc/data/lfw/lfw-funneled/Sheryl_Crow/Sheryl_Crow_0003.jpg,0.8461731602912389,0
/home/anitadonato/tcc/tcc/data/lfw/lfw-funneled/Jacques_Chirac/Jacques_Chirac_0002.jpg,/home/anitadonato/tcc/tcc/data/lfw/lfw-funneled/Mohammed_Al-Douri/Mohammed_Al-Douri_0003.jpg,0.7817277658126234,0
/home/anitadonato/tcc/tcc/data/lfw/lfw-funneled/Britney_Spears/Britney_Spears_0002.jpg,/home/anitadonato/tcc/tcc/data/lfw/lfw-funneled/Vanessa_Redgrave/Vanessa_Redgrave_0005.jpg,0.8738499921295818,0
/home/anitadonato/tcc/tcc/data/lfw/lfw-funneled/Colin_Powell/Colin_Powell_0005.jpg,/home/anitadonato/tcc/tcc/data/lfw/lfw-funneled/Gloria_Macapagal_Arroyo/Gloria_Macapagal_Arroyo_0003.jpg,0.8362084941649515,0
/home/anitadonato/tcc/tcc/data/lfw/lfw-funneled/John_Paul_II/John_Paul_II_0002.jpg,/home/anitadonato/tcc/tcc/data/lfw/lfw-funneled/Woody_Allen/Woody_Allen_0002.jpg,0.8275527421745441,0
/home/anitadonato/tcc/tcc/data/lfw/lfw-funneled/Renee_Zellweger/Renee_Zellweger_0001.jpg,/home/anitadonato/tcc/tcc/data/lfw/lfw-funneled/William_Ford_Jr/William_Ford_Jr_0003.jpg,0.7975250576082782,0
/home/anitadonato/tcc/tcc/data/lfw/lfw-funneled/Kofi_Annan/Kofi_Annan_0004.jpg,/home/anitadonato/tcc/tcc/data/lfw/lfw-funneled/LeBron_James/LeBron_James_0003.jpg,0.6226262881156593,0
/home/anitadonato/tcc/tcc/data/lfw/lfw-funneled/Zinedine_Zidane/Zinedine_Zidane_0002.jpg,/home/anitadonato/tcc/tcc/data/lfw/lfw-funneled/Boris_Becker/Boris_Becker_0005.jpg,0.8970765221071391,0
/home/anitadonato/tcc/tcc/data/lfw/lfw-funneled/John_Bolton/John_Bolton_0003.jpg,/home/anitadonato/tcc/tcc/data/lfw/lfw-funneled/Thaksin_Shinawatra/Thaksin_Shinawatra_0003.jpg,0.9528507711454564,0
/home/anitadonato/tcc/tcc/data/lfw/lfw-funneled/Sergey_Lavrov/Sergey_Lavrov_0004.jpg,/home/anitadonato/tcc/tcc/data/lfw/lfw-funneled/Nancy_Pelosi/Nancy_Pelosi_0005.jpg,0.9059549523340492,0
/home/anitadonato/tcc/tcc/data/lfw/lfw-funneled/Colin_Powell/Colin_Powell_0003.jpg,/home/anitadonato/tcc/tcc/data/lfw/lfw-funneled/John_Snow/John_Snow_0001.jpg,0.7622101948573278,0
/home/anitadonato/tcc/tcc/data/lfw/lfw-funneled/Geoff_Hoon/Geoff_Hoon_0004.jpg,/home/anitadonato/tcc/tcc/data/lfw/lfw-funneled/Hamid_Karzai/Hamid_Karzai_0002.jpg,0.7961429930811834,0
/home/anitadonato/tcc/tcc/data/lfw/lfw-funneled/Mike_Weir/Mike_Weir_0002.jpg,/home/anitadonato/tcc/tcc/data/lfw/lfw-funneled/Erika_Harold/Erika_Harold_0001.jpg,0.9131306041352237,0
/home/anitadonato/tcc/tcc/data/lfw/lfw-funneled/Alejandro_Toledo/Alejandro_Toledo_0003.jpg,/home/anitadonato/tcc/tcc/data/lfw/lfw-funneled/Angelina_Jolie/Angelina_Jolie_0004.jpg,0.9131006332610679,0
/home/anitadonato/tcc/tcc/data/lfw/lfw-funneled/Tom_Crean/Tom_Crean_0005.jpg,/home/anitadonato/tcc/tcc/data/lfw/lfw-funneled/Bill_McBride/Bill_McBride_0002.jpg,0.7632739021515867,0
/home/anitadonato/tcc/tcc/data/lfw/lfw-funneled/Tom_Cruise/Tom_Cruise_0004.jpg,/home/anitadonato/tcc/tcc/data/lfw/lfw-funneled/Trent_Lott/Trent_Lott_0003.jpg,0.8247068408039077,0
/home/anitadonato/tcc/tcc/data/lfw/lfw-funneled/Martha_Stewart/Martha_Stewart_0004.jpg,/home/anitadonato/tcc/tcc/data/lfw/lfw-funneled/Sharon_Stone/Sharon_Stone_0001.jpg,0.6983637061653977,0
/home/anitadonato/tcc/tcc/data/lfw/lfw-funneled/Ai_Sugiyama/Ai_Sugiyama_0005.jpg,/home/anitadonato/tcc/tcc/data/lfw/lfw-funneled/Catherine_Zeta-Jones/Catherine_Zeta-Jones_0001.jpg,0.7648272117177272,0
/home/anitadonato/tcc/tcc/data/lfw/lfw-funneled/David_Anderson/David_Anderson_0004.jpg,/home/anitadonato/tcc/tcc/data/lfw/lfw-funneled/Geoff_Hoon/Geoff_Hoon_0005.jpg,0.7846540285457918,0
/home/anitadonato/tcc/tcc/data/lfw/lfw-funneled/John_Negroponte/John_Negroponte_0003.jpg,/home/anitadonato/tcc/tcc/data/lfw/lfw-funneled/Xavier_Malisse/Xavier_Malisse_0001.jpg,0.8764398443243353,0
/home/anitadonato/tcc/tcc/data/lfw/lfw-funneled/Robert_Blake/Robert_Blake_0005.jpg,/home/anitadonato/tcc/tcc/data/lfw/lfw-funneled/Paul_Martin/Paul_Martin_0002.jpg,0.7810010808219087,0
/home/anitadonato/tcc/tcc/data/lfw/lfw-funneled/Russell_Simmons/Russell_Simmons_0002.jpg,/home/anitadonato/tcc/tcc/data/lfw/lfw-funneled/Atal_Bihari_Vajpayee/Atal_Bihari_Vajpayee_0003.jpg,0.9517341591937655,0
/home/anitadonato/tcc/tcc/data/lfw/lfw-funneled/Pervez_Musharraf/Pervez_Musharraf_0001.jpg,/home/anitadonato/tcc/tcc/data/lfw/lfw-funneled/Goldie_Hawn/Goldie_Hawn_0005.jpg,0.9354734731829162,0
/home/anitadonato/tcc/tcc/data/lfw/lfw-funneled/Xavier_Malisse/Xavier_Malisse_0001.jpg,/home/anitadonato/tcc/tcc/data/lfw/lfw-funneled/Catherine_Zeta-Jones/Catherine_Zeta-Jones_0005.jpg,0.8665846945102027,0
/home/anitadonato/tcc/tcc/data/lfw/lfw-funneled/Walter_Mondale/Walter_Mondale_0004.jpg,/home/anitadonato/tcc/tcc/data/lfw/lfw-funneled/Jeremy_Greenstock/Jeremy_Greenstock_0003.jpg,0.7352452642707669,0
/home/anitadonato/tcc/tcc/data/lfw/lfw-funneled/Megawati_Sukarnoputri/Megawati_Sukarnoputri_0001.jpg,/home/anitadonato/tcc/tcc/data/lfw/lfw-funneled/Carlos_Menem/Carlos_Menem_0003.jpg,0.8692723996935257,0
/home/anitadonato/tcc/tcc/data/lfw/lfw-funneled/Jan_Ullrich/Jan_Ullrich_0004.jpg,/home/anitadonato/tcc/tcc/data/lfw/lfw-funneled/Sergey_Lavrov/Sergey_Lavrov_0003.jpg,0.7441956829549804,0
/home/anitadonato/tcc/tcc/data/lfw/lfw-funneled/Arminio_Fraga/Arminio_Fraga_0001.jpg,/home/anitadonato/tcc/tcc/data/lfw/lfw-funneled/Nancy_Pelosi/Nancy_Pelosi_0003.jpg,0.7930377626441684,0
/home/anitadonato/tcc/tcc/data/lfw/lfw-funneled/Mike_Martz/Mike_Martz_0003.jpg,/home/anitadonato/tcc/tcc/data/lfw/lfw-funneled/Yashwant_Sinha/Yashwant_Sinha_0004.jpg,0.7365099383814848,0
/home/anitadonato/tcc/tcc/data/lfw/lfw-funneled/Roh_Moo-hyun/Roh_Moo-hyun_0002.jpg,/home/anitadonato/tcc/tcc/data/lfw/lfw-funneled/Pedro_Malan/Pedro_Malan_0004.jpg,0.7854545797480375,0
/home/anitadonato/tcc/tcc/data/lfw/lfw-funneled/Robert_Zoellick/Robert_Zoellick_0004.jpg,/home/anitadonato/tcc/tcc/data/lfw/lfw-funneled/Nia_Vardalos/Nia_Vardalos_0003.jpg,0.9220809854746318,0
/home/anitadonato/tcc/tcc/data/lfw/lfw-funneled/Colin_Powell/Colin_Powell_0004.jpg,/home/anitadonato/tcc/tcc/data/lfw/lfw-funneled/Trent_Lott/Trent_Lott_0004.jpg,0.7732470145148012,0
/home/anitadonato/tcc/tcc/data/lfw/lfw-funneled/Ai_Sugiyama/Ai_Sugiyama_0005.jpg,/home/anitadonato/tcc/tcc/data/lfw/lfw-funneled/Adrien_Brody/Adrien_Brody_0001.jpg,0.9012809383236464,0
/home/anitadonato/tcc/tcc/data/lfw/lfw-funneled/Costas_Simitis/Costas_Simitis_0003.jpg,/home/anitadonato/tcc/tcc/data/lfw/lfw-funneled/Liza_Minnelli/Liza_Minnelli_0004.jpg,0.8965837017406683,0
/home/anitadonato/tcc/tcc/data/lfw/lfw-funneled/Atal_Bihari_Vajpayee/Atal_Bihari_Vajpayee_0001.jpg,/home/anitadonato/tcc/tcc/data/lfw/lfw-funneled/Peter_Struck/Peter_Struck_0005.jpg,0.7209661135982826,0
/home/anitadonato/tcc/tcc/data/lfw/lfw-funneled/Bill_McBride/Bill_McBride_0001.jpg,/home/anitadonato/tcc/tcc/data/lfw/lfw-funneled/Tony_Blair/Tony_Blair_0001.jpg,0.7300730483896527,0
/home/anitadonato/tcc/tcc/data/lfw/lfw-funneled/Ben_Affleck/Ben_Affleck_0003.jpg,/home/anitadonato/tcc/tcc/data/lfw/lfw-funneled/Jean-David_Levitte/Jean-David_Levitte_0004.jpg,0.9047599354494722,0
/home/anitadonato/tcc/tcc/data/lfw/lfw-funneled/Woody_Allen/Woody_Allen_0004.jpg,/home/anitadonato/tcc/tcc/data/lfw/lfw-funneled/Steve_Lavin/Steve_Lavin_0005.jpg,0.6877822521403979,0
/home/anitadonato/tcc/tcc/data/lfw/lfw-funneled/Bill_McBride/Bill_McBride_0002.jpg,/home/anitadonato/tcc/tcc/data/lfw/lfw-funneled/Ai_Sugiyama/Ai_Sugiyama_0002.jpg,0.8637559160126416,0
/home/anitadonato/tcc/tcc/data/lfw/lfw-funneled/Jean-Pierre_Raffarin/Jean-Pierre_Raffarin_0005.jpg,/home/anitadonato/tcc/tcc/data/lfw/lfw-funneled/Tom_Crean/Tom_Crean_0004.jpg,0.7651766883797658,0
/home/anitadonato/tcc/tcc/data/lfw/lfw-funneled/Rudolph_Giuliani/Rudolph_Giuliani_0005.jpg,/home/anitadonato/tcc/tcc/data/lfw/lfw-funneled/John_Ashcroft/John_Ashcroft_0003.jpg,0.8692746314594048,0
/home/anitadonato/tcc/tcc/data/lfw/lfw-funneled/Meryl_Streep/Meryl_Streep_0004.jpg,/home/anitadonato/tcc/tcc/data/lfw/lfw-funneled/Roh_Moo-hyun/Roh_Moo-hyun_0002.jpg,0.9504514718152627,0
/home/anitadonato/tcc/tcc/data/lfw/lfw-funneled/Richard_Gephardt/Richard_Gephardt_0004.jpg,/home/anitadonato/tcc/tcc/data/lfw/lfw-funneled/Jean-David_Levitte/Jean-David_Levitte_0001.jpg,0.712980181821707,0
/home/anitadonato/tcc/tcc/data/lfw/lfw-funneled/Paul_McCartney/Paul_McCartney_0003.jpg,/home/anitadonato/tcc/tcc/data/lfw/lfw-funneled/Kalpana_Chawla/Kalpana_Chawla_0004.jpg,0.7729948995845791,0
/home/anitadonato/tcc/tcc/data/lfw/lfw-funneled/Vladimir_Putin/Vladimir_Putin_0002.jpg,/home/anitadonato/tcc/tcc/data/lfw/lfw-funneled/Christine_Baumgartner/Christine_Baumgartner_0001.jpg,0.9120904677980539,0
/home/anitadonato/tcc/tcc/data/lfw/lfw-funneled/Kate_Hudson/Kate_Hudson_0003.jpg,/home/anitadonato/tcc/tcc/data/lfw/lfw-funneled/Sylvester_Stallone/Sylvester_Stallone_0004.jpg,0.8930880273101267,0
/home/anitadonato/tcc/tcc/data/lfw/lfw-funneled/Ana_Guevara/Ana_Guevara_0003.jpg,/home/anitadonato/tcc/tcc/data/lfw/lfw-funneled/Denzel_Washington/Denzel_Washington_0005.jpg,0.8191698645359111,0
/home/anitadonato/tcc/tcc/data/lfw/lfw-funneled/Sheryl_Crow/Sheryl_Crow_0004.jpg,/home/anitadonato/tcc/tcc/data/lfw/lfw-funneled/Tom_Cruise/Tom_Cruise_0003.jpg,0.9161958258394447,0
/home/anitadonato/tcc/tcc/data/lfw/lfw-funneled/John_Manley/John_Manley_0004.jpg,/home/anitadonato/tcc/tcc/data/lfw/lfw-funneled/Maria_Shriver/Maria_Shriver_0001.jpg,0.8041005503398863,0
/home/anitadonato/tcc/tcc/data/lfw/lfw-funneled/Nancy_Pelosi/Nancy_Pelosi_0005.jpg,/home/anitadonato/tcc/tcc/data/lfw/lfw-funneled/Colin_Montgomerie/Colin_Montgomerie_0001.jpg,0.8243137895705959,0
/home/anitadonato/tcc/tcc/data/lfw/lfw-funneled/Anna_Kournikova/Anna_Kournikova_0005.jpg,/home/anitadonato/tcc/tcc/data/lfw/lfw-funneled/Colin_Powell/Colin_Powell_0001.jpg,0.7097192020227511,0
/home/anitadonato/tcc/tcc/data/lfw/lfw-funneled/Sergey_Lavrov/Sergey_Lavrov_0004.jpg,/home/anitadonato/tcc/tcc/data/lfw/lfw-funneled/Erika_Harold/Erika_Harold_0002.jpg,0.8125926496324206,0
/home/anitadonato/tcc/tcc/data/lfw/lfw-funneled/Lleyton_Hewitt/Lleyton_Hewitt_0001.jpg,/home/anitadonato/tcc/tcc/data/lfw/lfw-funneled/Colin_Powell/Colin_Powell_0003.jpg,0.8327302317697927,0
/home/anitadonato/tcc/tcc/data/lfw/lfw-funneled/Salma_Hayek/Salma_Hayek_0003.jpg,/home/anitadonato/tcc/tcc/data/lfw/lfw-funneled/Silvan_Shalom/Silvan_Shalom_0001.jpg,0.8746049203737835,0
/home/anitadonato/tcc/tcc/data/lfw/lfw-funneled/Tom_Crean/Tom_Crean_0001.jpg,/home/anitadonato/tcc/tcc/data/lfw/lfw-funneled/John_Travolta/John_Travolta_0005.jpg,0.7505470393642883,0
/home/anitadonato/tcc/tcc/data/lfw/lfw-funneled/Jeremy_Greenstock/Jeremy_Greenstock_0002.jpg,/home/anitadonato/tcc/tcc/data/lfw/lfw-funneled/Kristanna_Loken/Kristanna_Loken_0001.jpg,0.9265181298489714,0
/home/anitadonato/tcc/tcc/data/lfw/lfw-funneled/Denzel_Washington/Denzel_Washington_0002.jpg,/home/anitadonato/tcc/tcc/data/lfw/lfw-funneled/Yasser_Arafat/Yasser_Arafat_0005.jpg,0.7997744404962143,0
/home/anitadonato/tcc/tcc/data/lfw/lfw-funneled/Halle_Berry/Halle_Berry_0003.jpg,/home/anitadonato/tcc/tcc/data/lfw/lfw-funneled/Jiri_Novak/Jiri_Novak_0003.jpg,0.8924954078383828,0
/home/anitadonato/tcc/tcc/data/lfw/lfw-funneled/Maria_Shriver/Maria_Shriver_0003.jpg,/home/anitadonato/tcc/tcc/data/lfw/lfw-funneled/Luis_Horna/Luis_Horna_0001.jpg,0.9879370192730874,0
/home/anitadonato/tcc/tcc/data/lfw/lfw-funneled/John_Snow/John_Snow_0003.jpg,/home/anitadonato/tcc/tcc/data/lfw/lfw-funneled/Condoleezza_Rice/Condoleezza_Rice_0002.jpg,0.8862406108719929,0
/home/anitadonato/tcc/tcc/data/lfw/lfw-funneled/Tiger_Woods/Tiger_Woods_0005.jpg,/home/anitadonato/tcc/tcc/data/lfw/lfw-funneled/Ai_Sugiyama/Ai_Sugiyama_0003.jpg,0.8150896817390021,0
/home/anitadonato/tcc/tcc/data/lfw/lfw-funneled/Nancy_Pelosi/Nancy_Pelosi_0004.jpg,/home/anitadonato/tcc/tcc/data/lfw/lfw-funneled/Michael_Powell/Michael_Powell_0004.jpg,0.9062688565757635,0
/home/anitadonato/tcc/tcc/data/lfw/lfw-funneled/David_Trimble/David_Trimble_0001.jpg,/home/anitadonato/tcc/tcc/data/lfw/lfw-funneled/Colin_Powell/Colin_Powell_0002.jpg,0.8236565810879165,0
/home/anitadonato/tcc/tcc/data/lfw/lfw-funneled/Jennifer_Lopez/Jennifer_Lopez_0002.jpg,/home/anitadonato/tcc/tcc/data/lfw/lfw-funneled/Bob_Graham/Bob_Graham_0002.jpg,0.9215278858225723,0
/home/anitadonato/tcc/tcc/data/lfw/lfw-funneled/Roh_Moo-hyun/Roh_Moo-hyun_0005.jpg,/home/anitadonato/tcc/tcc/data/lfw/lfw-funneled/Michael_Schumacher/Michael_Schumacher_0005.jpg,0.9011575114777729,0
/home/anitadonato/tcc/tcc/data/lfw/lfw-funneled/Gloria_Macapagal_Arroyo/Gloria_Macapagal_Arroyo_0001.jpg,/home/anitadonato/tcc/tcc/data/lfw/lfw-funneled/Carmen_Electra/Carmen_Electra_0004.jpg,0.8801433979068688,0
/home/anitadonato/tcc/tcc/data/lfw/lfw-funneled/Mike_Weir/Mike_Weir_0001.jpg,/home/anitadonato/tcc/tcc/data/lfw/lfw-funneled/Frank_Solich/Frank_Solich_0002.jpg,0.8124830886648134,0
/home/anitadonato/tcc/tcc/data/lfw/lfw-funneled/Heidi_Klum/Heidi_Klum_0003.jpg,/home/anitadonato/tcc/tcc/data/lfw/lfw-funneled/Joseph_Biden/Joseph_Biden_0003.jpg,0.9342112097245404,0
/home/anitadonato/tcc/tcc/data/lfw/lfw-funneled/Martha_Stewart/Martha_Stewart_0002.jpg,/home/anitadonato/tcc/tcc/data/lfw/lfw-funneled/Salma_Hayek/Salma_Hayek_0004.jpg,0.8452902010019209,0
/home/anitadonato/tcc/tcc/data/lfw/lfw-funneled/Martin_Scorsese/Martin_Scorsese_0003.jpg,/home/anitadonato/tcc/tcc/data/lfw/lfw-funneled/Tom_Daschle/Tom_Daschle_0002.jpg,0.8406088974438147,0
/home/anitadonato/tcc/tcc/data/lfw/lfw-funneled/John_Bolton/John_Bolton_0001.jpg,/home/anitadonato/tcc/tcc/data/lfw/lfw-funneled/John_Ashcroft/John_Ashcroft_0001.jpg,0.7901576050617096,0
/home/anitadonato/tcc/tcc/data/lfw/lfw-funneled/John_Negroponte/John_Negroponte_0002.jpg,/home/anitadonato/tcc/tcc/data/lfw/lfw-funneled/LeBron_James/LeBron_James_0002.jpg,0.9743386696013683,0
/home/anitadonato/tcc/tcc/data/lfw/lfw-funneled/David_Anderson/David_Anderson_0002.jpg,/home/anitadonato/tcc/tcc/data/lfw/lfw-funneled/LeBron_James/LeBron_James_0002.jpg,0.9153802797352404,0
/home/anitadonato/tcc/tcc/data/lfw/lfw-funneled/George_Robertson/George_Robertson_0001.jpg,/home/anitadonato/tcc/tcc/data/lfw/lfw-funneled/Rainer_Schuettler/Rainer_Schuettler_0001.jpg,0.7688020216704275,0
/home/anitadonato/tcc/tcc/data/lfw/lfw-funneled/Heidi_Klum/Heidi_Klum_0004.jpg,/home/anitadonato/tcc/tcc/data/lfw/lfw-funneled/Princess_Caroline/Princess_Caroline_0004.jpg,0.8099216327108353,0
/home/anitadonato/tcc/tcc/data/lfw/lfw-funneled/Rudolph_Giuliani/Rudolph_Giuliani_0001.jpg,/home/anitadonato/tcc/tcc/data/lfw/lfw-funneled/Pervez_Musharraf/Pervez_Musharraf_0001.jpg,0.7747034143884363,0
/home/anitadonato/tcc/tcc/data/lfw/lfw-funneled/Kurt_Warner/Kurt_Warner_0005.jpg,/home/anitadonato/tcc/tcc/data/lfw/lfw-funneled/Colin_Montgomerie/Colin_Montgomerie_0001.jpg,0.7346747940889263,0
/home/anitadonato/tcc/tcc/data/lfw/lfw-funneled/Kim_Dae-jung/Kim_Dae-jung_0003.jpg,/home/anitadonato/tcc/tcc/data/lfw/lfw-funneled/Kate_Hudson/Kate_Hudson_0001.jpg,0.8872222875944021,0
/home/anitadonato/tcc/tcc/data/lfw/lfw-funneled/Ana_Palacio/Ana_Palacio_0001.jpg,/home/anitadonato/tcc/tcc/data/lfw/lfw-funneled/John_Ashcroft/John_Ashcroft_0001.jpg,0.7581068858740193,0
/home/anitadonato/tcc/tcc/data/lfw/lfw-funneled/Fujio_Cho/Fujio_Cho_0002.jpg,/home/anitadonato/tcc/tcc/data/lfw/lfw-funneled/Megawati_Sukarnoputri/Megawati_Sukarnoputri_0005.jpg,0.6579264689834888,0
/home/anitadonato/tcc/tcc/data/lfw/lfw-funneled/Hal_Gehman/Hal_Gehman_0003.jpg,/home/anitadonato/tcc/tcc/data/lfw/lfw-funneled/Boris_Becker/Boris_Becker_0001.jpg,0.7806139518464308,0
/home/anitadonato/tcc/tcc/data/lfw/lfw-funneled/Amelia_Vega/Amelia_Vega_0003.jpg,/home/anitadonato/tcc/tcc/data/lfw/lfw-funneled/Sergey_Lavrov/Sergey_Lavrov_0005.jpg,0.9704485818876948,0
/home/anitadonato/tcc/tcc/data/lfw/lfw-funneled/Yashwant_Sinha/Yashwant_Sinha_0002.jpg,/home/anitadonato/tcc/tcc/data/lfw/lfw-funneled/Roy_Moore/Roy_Moore_0005.jpg,0.7618735071622381,0
/home/anitadonato/tcc/tcc/data/lfw/lfw-funneled/Michael_Powell/Michael_Powell_0005.jpg,/home/anitadonato/tcc/tcc/data/lfw/lfw-funneled/Trent_Lott/Trent_Lott_0002.jpg,0.731374203092256,0
/home/anitadonato/tcc/tcc/data/lfw/lfw-funneled/Antonio_Banderas/Antonio_Banderas_0001.jpg,/home/anitadonato/tcc/tcc/data/lfw/lfw-funneled/Zhu_Rongji/Zhu_Rongji_0001.jpg,0.842749536379428,0
/home/anitadonato/tcc/tcc/data/lfw/lfw-funneled/Condoleezza_Rice/Condoleezza_Rice_0001.jpg,/home/anitadonato/tcc/tcc/data/lfw/lfw-funneled/Sylvester_Stallone/Sylvester_Stallone_0005.jpg,0.8879996765673537,0
/home/anitadonato/tcc/tcc/data/lfw/lfw-funneled/Cesar_Gaviria/Cesar_Gaviria_0002.jpg,/home/anitadonato/tcc/tcc/data/lfw/lfw-funneled/Julie_Gerberding/Julie_Gerberding_0003.jpg,0.8657808079001533,0
/home/anitadonato/tcc/tcc/data/lfw/lfw-funneled/Jennifer_Capriati/Jennifer_Capriati_0005.jpg,/home/anitadonato/tcc/tcc/data/lfw/lfw-funneled/Bill_McBride/Bill_McBride_0001.jpg,0.8031279305488098,0
/home/anitadonato/tcc/tcc/data/lfw/lfw-funneled/Rob_Marshall/Rob_Marshall_0002.jpg,/home/anitadonato/tcc/tcc/data/lfw/lfw-funneled/Elizabeth_Smart/Elizabeth_Smart_0005.jpg,0.9012035586284011,0
/home/anitadonato/tcc/tcc/data/lfw/lfw-funneled/John_Bolton/John_Bolton_0003.jpg,/home/anitadonato/tcc/tcc/data/lfw/lfw-funneled/Pamela_Anderson/Pamela_Anderson_0005.jpg,0.9410793471448187,0
/home/anitadonato/tcc/tcc/data/lfw/lfw-funneled/Boris_Becker/Boris_Becker_0001.jpg,/home/anitadonato/tcc/tcc/data/lfw/lfw-funneled/Clara_Harris/Clara_Harris_0002.jpg,0.7954347321310661,0
/home/anitadonato/tcc/tcc/data/lfw/lfw-funneled/Roy_Moore/Roy_Moore_0004.jpg,/home/anitadonato/tcc/tcc/data/lfw/lfw-funneled/Jean-Pierre_Raffarin/Jean-Pierre_Raffarin_0002.jpg,0.7774523244161426,0
/home/anitadonato/tcc/tcc/data/lfw/lfw-funneled/Charlton_Heston/Charlton_Heston_0001.jpg,/home/anitadonato/tcc/tcc/data/lfw/lfw-funneled/Jiri_Novak/Jiri_Novak_0004.jpg,0.6827454162068727,0
/home/anitadonato/tcc/tcc/data/lfw/lfw-funneled/Sharon_Stone/Sharon_Stone_0002.jpg,/home/anitadonato/tcc/tcc/data/lfw/lfw-funneled/Tom_Daschle/Tom_Daschle_0004.jpg,1.0150536104578578,0
/home/anitadonato/tcc/tcc/data/lfw/lfw-funneled/Sylvester_Stallone/Sylvester_Stallone_0003.jpg,/home/anitadonato/tcc/tcc/data/lfw/lfw-funneled/Salma_Hayek/Salma_Hayek_0005.jpg,0.9048830346072535,0
/home/anitadonato/tcc/tcc/data/lfw/lfw-funneled/Andre_Agassi/Andre_Agassi_0001.jpg,/home/anitadonato/tcc/tcc/data/lfw/lfw-funneled/Rudolph_Giuliani/Rudolph_Giuliani_0003.jpg,0.7279546556931358,0
/home/anitadonato/tcc/tcc/data/lfw/lfw-funneled/Meryl_Streep/Meryl_Streep_0004.jpg,/home/anitadonato/tcc/tcc/data/lfw/lfw-funneled/William_Ford_Jr/William_Ford_Jr_0003.jpg,0.9810927936806666,0
/home/anitadonato/tcc/tcc/data/lfw/lfw-funneled/Vanessa_Redgrave/Vanessa_Redgrave_0003.jpg,/home/anitadonato/tcc/tcc/data/lfw/lfw-funneled/Denzel_Washington/Denzel_Washington_0004.jpg,0.9741375606672769,0
/home/anitadonato/tcc/tcc/data/lfw/lfw-funneled/Bill_Gates/Bill_Gates_0004.jpg,/home/anitadonato/tcc/tcc/data/lfw/lfw-funneled/Carmen_Electra/Carmen_Electra_0003.jpg,0.9673382060272159,0
/home/anitadonato/tcc/tcc/data/lfw/lfw-funneled/Martin_McGuinness/Martin_McGuinness_0001.jpg,/home/anitadonato/tcc/tcc/data/lfw/lfw-funneled/Joe_Lieberman/Joe_Lieberman_0004.jpg,0.7370838732644645,0
/home/anitadonato/tcc/tcc/data/lfw/lfw-funneled/Catherine_Zeta-Jones/Catherine_Zeta-Jones_0002.jpg,/home/anitadonato/tcc/tcc/data/lfw/lfw-funneled/Zinedine_Zidane/Zinedine_Zidane_0001.jpg,0.8994464763044848,0
/home/anitadonato/tcc/tcc/data/lfw/lfw-funneled/Michael_Chiklis/Michael_Chiklis_0001.jpg,/home/anitadonato/tcc/tcc/data/lfw/lfw-funneled/Christine_Baumgartner/Christine_Baumgartner_0004.jpg,0.8414534256128237,0
/home/anitadonato/tcc/tcc/data/lfw/lfw-funneled/Clara_Harris/Clara_Harris_0001.jpg,/home/anitadonato/tcc/tcc/data/lfw/lfw-funneled/Tom_Daschle/Tom_Daschle_0001.jpg,0.8740112315142651,0
/home/anitadonato/tcc/tcc/data/lfw/lfw-funneled/Costas_Simitis/Costas_Simitis_0004.jpg,/home/anitadonato/tcc/tcc/data/lfw/lfw-funneled/Jan_Ullrich/Jan_Ullrich_0005.jpg,0.7560427007385848,0
/home/anitadonato/tcc/tcc/data/lfw/lfw-funneled/Spencer_Abraham/Spencer_Abraham_0002.jpg,/home/anitadonato/tcc/tcc/data/lfw/lfw-funneled/Robert_Zoellick/Robert_Zoellick_0001.jpg,0.7690627758532632,0
/home/anitadonato/tcc/tcc/data/lfw/lfw-funneled/Hans_Blix/Hans_Blix_0003.jpg,/home/anitadonato/tcc/tcc/data/lfw/lfw-funneled/Pervez_Musharraf/Pervez_Musharraf_0002.jpg,0.8524508337194139,0
/home/anitadonato/tcc/tcc/data/lfw/lfw-funneled/Martin_Scorsese/Martin_Scorsese_0001.jpg,/home/anitadonato/tcc/tcc/data/lfw/lfw-funneled/Hamid_Karzai/Hamid_Karzai_0002.jpg,0.8222527330084415,0
/home/anitadonato/tcc/tcc/data/lfw/lfw-funneled/Rainer_Schuettler/Rainer_Schuettler_0004.jpg,/home/anitadonato/tcc/tcc/data/lfw/lfw-funneled/Rob_Marshall/Rob_Marshall_0003.jpg,0.6760157925534747,0
/home/anitadonato/tcc/tcc/data/lfw/lfw-funneled/Sylvester_Stallone/Sylvester_Stallone_0005.jpg,/home/anitadonato/tcc/tcc/data/lfw/lfw-funneled/Gloria_Macapagal_Arroyo/Gloria_Macapagal_Arroyo_0005.jpg,0.9065420665422191,0
/home/anitadonato/tcc/tcc/data/lfw/lfw-funneled/Hugh_Grant/Hugh_Grant_0004.jpg,/home/anitadonato/tcc/tcc/data/lfw/lfw-funneled/Bill_McBride/Bill_McBride_0003.jpg,0.8162110365371974,0
/home/anitadonato/tcc/tcc/data/lfw/lfw-funneled/Pamela_Anderson/Pamela_Anderson_0005.jpg,/home/anitadonato/tcc/tcc/data/lfw/lfw-funneled/Kalpana_Chawla/Kalpana_Chawla_0004.jpg,0.8507781878680845,0
/home/anitadonato/tcc/tcc/data/lfw/lfw-funneled/Richard_Gere/Richard_Gere_0003.jpg,/home/anitadonato/tcc/tcc/data/lfw/lfw-funneled/Carlos_Menem/Carlos_Menem_0002.jpg,0.7628809672766022,0
/home/anitadonato/tcc/tcc/data/lfw/lfw-funneled/Kristanna_Loken/Kristanna_Loken_0001.jpg,/home/anitadonato/tcc/tcc/data/lfw/lfw-funneled/Vanessa_Redgrave/Vanessa_Redgrave_0001.jpg,0.7636405907943307,0
/home/anitadonato/tcc/tcc/data/lfw/lfw-funneled/Eduardo_Duhalde/Eduardo_Duhalde_0004.jpg,/home/anitadonato/tcc/tcc/data/lfw/lfw-funneled/Christine_Baumgartner/Christine_Baumgartner_0002.jpg,0.9382277519608122,0
/home/anitadonato/tcc/tcc/data/lfw/lfw-funneled/John_Manley/John_Manley_0001.jpg,/home/anitadonato/tcc/tcc/data/lfw/lfw-funneled/Hillary_Clinton/Hillary_Clinton_0001.jpg,0.8491071524497812,0
/home/anitadonato/tcc/tcc/data/lfw/lfw-funneled/Natalie_Maines/Natalie_Maines_0001.jpg,/home/anitadonato/tcc/tcc/data/lfw/lfw-funneled/Billy_Crystal/Billy_Crystal_0004.jpg,0.8574812853262768,0
/home/anitadonato/tcc/tcc/data/lfw/lfw-funneled/Catherine_Zeta-Jones/Catherine_Zeta-Jones_0002.jpg,/home/anitadonato/tcc/tcc/data/lfw/lfw-funneled/Geoff_Hoon/Geoff_Hoon_0004.jpg,0.9922656151712868,0
/home/anitadonato/tcc/tcc/data/lfw/lfw-funneled/Megawati_Sukarnoputri/Megawati_Sukarnoputri_0003.jpg,/home/anitadonato/tcc/tcc/data/lfw/lfw-funneled/Catherine_Zeta-Jones/Catherine_Zeta-Jones_0002.jpg,0.8730516204717464,0
/home/anitadonato/tcc/tcc/data/lfw/lfw-funneled/John_Ashcroft/John_Ashcroft_0005.jpg,/home/anitadonato/tcc/tcc/data/lfw/lfw-funneled/Nicanor_Duarte_Frutos/Nicanor_Duarte_Frutos_0001.jpg,0.687351222538346,0
/home/anitadonato/tcc/tcc/data/lfw/lfw-funneled/Charlton_Heston/Charlton_Heston_0005.jpg,/home/anitadonato/tcc/tcc/data/lfw/lfw-funneled/Frank_Solich/Frank_Solich_0004.jpg,0.7878156164990078,0
/home/anitadonato/tcc/tcc/data/lfw/lfw-funneled/Paradorn_Srichaphan/Paradorn_Srichaphan_0003.jpg,/home/anitadonato/tcc/tcc/data/lfw/lfw-funneled/Hal_Gehman/Hal_Gehman_0004.jpg,0.889461494574077,0
/home/anitadonato/tcc/tcc/data/lfw/lfw-funneled/Christine_Baumgartner/Christine_Baumgartner_0003.jpg,/home/anitadonato/tcc/tcc/data/lfw/lfw-funneled/Antonio_Banderas/Antonio_Banderas_0005.jpg,0.8150407378240778,0
/home/anitadonato/tcc/tcc/data/lfw/lfw-funneled/David_Trimble/David_Trimble_0005.jpg,/home/anitadonato/tcc/tcc/data/lfw/lfw-funneled/Michelle_Yeoh/Michelle_Yeoh_0001.jpg,0.8298905235565684,0
/home/anitadonato/tcc/tcc/data/lfw/lfw-funneled/Sylvester_Stallone/Sylvester_Stallone_0004.jpg,/home/anitadonato/tcc/tcc/data/lfw/lfw-funneled/Thaksin_Shinawatra/Thaksin_Shinawatra_0001.jpg,0.849832720340055,0
/home/anitadonato/tcc/tcc/data/lfw/lfw-funneled/Arminio_Fraga/Arminio_Fraga_0003.jpg,/home/anitadonato/tcc/tcc/data/lfw/lfw-funneled/Gonzalo_Sanchez_de_Lozada/Gonzalo_Sanchez_de_Lozada_0004.jpg,0.914417618241839,0
/home/anitadonato/tcc/tcc/data/lfw/lfw-funneled/Susan_Sarandon/Susan_Sarandon_0001.jpg,/home/anitadonato/tcc/tcc/data/lfw/lfw-funneled/Mike_Weir/Mike_Weir_0001.jpg,0.8719290276504613,0
/home/anitadonato/tcc/tcc/data/lfw/lfw-funneled/Vladimir_Putin/Vladimir_Putin_0003.jpg,/home/anitadonato/tcc/tcc/data/lfw/lfw-funneled/Steve_Lavin/Steve_Lavin_0002.jpg,0.9051281130399883,0
/home/anitadonato/tcc/tcc/data/lfw/lfw-funneled/Christine_Baumgartner/Christine_Baumgartner_0002.jpg,/home/anitadonato/tcc/tcc/data/lfw/lfw-funneled/Jose_Maria_Aznar/Jose_Maria_Aznar_0003.jpg,0.8813831663095635,0
/home/anitadonato/tcc/tcc/data/lfw/lfw-funneled/Julie_Gerberding/Julie_Gerberding_0004.jpg,/home/anitadonato/tcc/tcc/data/lfw/lfw-funneled/George_Lopez/George_Lopez_0001.jpg,0.8599411232366584,0
/home/anitadonato/tcc/tcc/data/lfw/lfw-funneled/Zhu_Rongji/Zhu_Rongji_0004.jpg,/home/anitadonato/tcc/tcc/data/lfw/lfw-funneled/Michael_Chiklis/Michael_Chiklis_0005.jpg,0.8535920153909998,0
/home/anitadonato/tcc/tcc/data/lfw/lfw-funneled/Maria_Shriver/Maria_Shriver_0005.jpg,/home/anitadonato/tcc/tcc/data/lfw/lfw-funneled/Michelle_Yeoh/Michelle_Yeoh_0004.jpg,0.9432503563593868,0
/home/anitadonato/tcc/tcc/data/lfw/lfw-funneled/Pamela_Anderson/Pamela_Anderson_0002.jpg,/home/anitadonato/tcc/tcc/data/lfw/lfw-funneled/Roh_Moo-hyun/Roh_Moo-hyun_0005.jpg,1.0159596131554105,0
/home/anitadonato/tcc/tcc/data/lfw/lfw-funneled/Paul_Martin/Paul_Martin_0003.jpg,/home/anitadonato/tcc/tcc/data/lfw/lfw-funneled/Walter_Mondale/Walter_Mondale_0004.jpg,0.7486597904882462,0
/home/anitadonato/tcc/tcc/data/lfw/lfw-funneled/Paul_ONeill/Paul_ONeill_0005.jpg,/home/anitadonato/tcc/tcc/data/lfw/lfw-funneled/Tony_Blair/Tony_Blair_0003.jpg,0.8067326247735256,0
/home/anitadonato/tcc/tcc/data/lfw/lfw-funneled/Kristanna_Loken/Kristanna_Loken_0003.jpg,/home/anitadonato/tcc/tcc/data/lfw/lfw-funneled/Britney_Spears/Britney_Spears_0001.jpg,0.7885935979003699,0
/home/anitadonato/tcc/tcc/data/lfw/lfw-funneled/Christine_Todd_Whitman/Christine_Todd_Whitman_0001.jpg,/home/anitadonato/tcc/tcc/data/lfw/lfw-funneled/Paul_ONeill/Paul_ONeill_0002.jpg,0.8274177678366876,0
/home/anitadonato/tcc/tcc/data/lfw/lfw-funneled/Hans_Blix/Hans_Blix_0005.jpg,/home/anitadonato/tcc/tcc/data/lfw/lfw-funneled/Yashwant_Sinha/Yashwant_Sinha_0001.jpg,0.7364145120190281,0
/home/anitadonato/tcc/tcc/data/lfw/lfw-funneled/Sylvester_Stallone/Sylvester_Stallone_0003.jpg,/home/anitadonato/tcc/tcc/data/lfw/lfw-funneled/John_Manley/John_Manley_0004.jpg,0.6971943237710914,0
/home/anitadonato/tcc/tcc/data/lfw/lfw-funneled/Natalie_Coughlin/Natalie_Coughlin_0003.jpg,/home/anitadonato/tcc/tcc/data/lfw/lfw-funneled/Martin_McGuinness/Martin_McGuinness_0003.jpg,0.8429978759508137,0
/home/anitadonato/tcc/tcc/data/lfw/lfw-funneled/Fernando_Gonzalez/Fernando_Gonzalez_0001.jpg,/home/anitadonato/tcc/tcc/data/lfw/lfw-funneled/Yashwant_Sinha/Yashwant_Sinha_0002.jpg,0.7501367483823904,0
/home/anitadonato/tcc/tcc/data/lfw/lfw-funneled/Norm_Coleman/Norm_Coleman_0003.jpg,/home/anitadonato/tcc/tcc/data/lfw/lfw-funneled/Renee_Zellweger/Renee_Zellweger_0005.jpg,0.81514809865145,0
/home/anitadonato/tcc/tcc/data/lfw/lfw-funneled/Matthew_Perry/Matthew_Perry_0001.jpg,/home/anitadonato/tcc/tcc/data/lfw/lfw-funneled/Martha_Stewart/Martha_Stewart_0003.jpg,0.8212388576289399,0
/home/anitadonato/tcc/tcc/data/lfw/lfw-funneled/William_Ford_Jr/William_Ford_Jr_0002.jpg,/home/anitadonato/tcc/tcc/data/lfw/lfw-funneled/Winona_Ryder/Winona_Ryder_0001.jpg,0.8798504570632454,0
/home/anitadonato/tcc/tcc/data/lfw/lfw-funneled/Ludivine_Sagnier/Ludivine_Sagnier_0001.jpg,/home/anitadonato/tcc/tcc/data/lfw/lfw-funneled/Robert_Blake/Robert_Blake_0004.jpg,0.9311090765679755,0
/home/anitadonato/tcc/tcc/data/lfw/lfw-funneled/Kurt_Warner/Kurt_Warner_0005.jpg,/home/anitadonato/tcc/tcc/data/lfw/lfw-funneled/Rainer_Schuettler/Rainer_Schuettler_0005.jpg,0.796880942439675,0
/home/anitadonato/tcc/tcc/data/lfw/lfw-funneled/Silvan_Shalom/Silvan_Shalom_0001.jpg,/home/anitadonato/tcc/tcc/data/lfw/lfw-funneled/George_HW_Bush/George_HW_Bush_0004.jpg,0.806076877825494,0
/home/anitadonato/tcc/tcc/data/lfw/lfw-funneled/Adrien_Brody/Adrien_Brody_0003.jpg,/home/anitadonato/tcc/tcc/data/lfw/lfw-funneled/Goldie_Hawn/Goldie_Hawn_0004.jpg,0.9368561450769737,0
/home/anitadonato/tcc/tcc/data/lfw/lfw-funneled/Silvio_Berlusconi/Silvio_Berlusconi_0003.jpg,/home/anitadonato/tcc/tcc/data/lfw/lfw-funneled/George_Lopez/George_Lopez_0005.jpg,0.7185841087234666,0
/home/anitadonato/tcc/tcc/data/lfw/lfw-funneled/Elizabeth_Smart/Elizabeth_Smart_0001.jpg,/home/anitadonato/tcc/tcc/data/lfw/lfw-funneled/Christine_Baumgartner/Christine_Baumgartner_0002.jpg,0.7703168826985228,0
/home/anitadonato/tcc/tcc/data/lfw/lfw-funneled/Winona_Ryder/Winona_Ryder_0005.jpg,/home/anitadonato/tcc/tcc/data/lfw/lfw-funneled/Mark_Hurlbert/Mark_Hurlbert_0003.jpg,0.9911804355413971,0
/home/anitadonato/tcc/tcc/data/lfw/lfw-funneled/Fidel_Castro/Fidel_Castro_0003.jpg,/home/anitadonato/tcc/tcc/data/lfw/lfw-funneled/Michael_Schumacher/Michael_Schumacher_0003.jpg,0.8992000543410332,0
/home/anitadonato/tcc/tcc/data/lfw/lfw-funneled/Lindsay_Davenport/Lindsay_Davenport_0004.jpg,/home/anitadonato/tcc/tcc/data/lfw/lfw-funneled/Hal_Gehman/Hal_Gehman_0001.jpg,0.7908952947913522,0
/home/anitadonato/tcc/tcc/data/lfw/lfw-funneled/Ludivine_Sagnier/Ludivine_Sagnier_0003.jpg,/home/anitadonato/tcc/tcc/data/lfw/lfw-funneled/Mike_Myers/Mike_Myers_0003.jpg,0.9090336209372359,0
/home/anitadonato/tcc/tcc/data/lfw/lfw-funneled/Mohammed_Al-Douri/Mohammed_Al-Douri_0005.jpg,/home/anitadonato/tcc/tcc/data/lfw/lfw-funneled/Richard_Gephardt/Richard_Gephardt_0004.jpg,0.8328841923838488,0
/home/anitadonato/tcc/tcc/data/lfw/lfw-funneled/Bill_Gates/Bill_Gates_0001.jpg,/home/anitadonato/tcc/tcc/data/lfw/lfw-funneled/Nicanor_Duarte_Frutos/Nicanor_Duarte_Frutos_0005.jpg,0.7736065936168337,0
/home/anitadonato/tcc/tcc/data/lfw/lfw-funneled/Natalie_Coughlin/Natalie_Coughlin_0003.jpg,/home/anitadonato/tcc/tcc/data/lfw/lfw-funneled/Paul_ONeill/Paul_ONeill_0003.jpg,0.9008618897616999,0
/home/anitadonato/tcc/tcc/data/lfw/lfw-funneled/Ana_Guevara/Ana_Guevara_0005.jpg,/home/anitadonato/tcc/tcc/data/lfw/lfw-funneled/Zhu_Rongji/Zhu_Rongji_0004.jpg,0.8508353733045274,0
/home/anitadonato/tcc/tcc/data/lfw/lfw-funneled/Martin_McGuinness/Martin_McGuinness_0003.jpg,/home/anitadonato/tcc/tcc/data/lfw/lfw-funneled/Liza_Minnelli/Liza_Minnelli_0001.jpg,0.9557220938731271,0
/home/anitadonato/tcc/tcc/data/lfw/lfw-funneled/Mohamed_ElBaradei/Mohamed_ElBaradei_0005.jpg,/home/anitadonato/tcc/tcc/data/lfw/lfw-funneled/John_Ashcroft/John_Ashcroft_0003.jpg,0.772677217539109,0
/home/anitadonato/tcc/tcc/data/lfw/lfw-funneled/Jose_Maria_Aznar/Jose_Maria_Aznar_0005.jpg,/home/anitadonato/tcc/tcc/data/lfw/lfw-funneled/Tung_Chee-hwa/Tung_Chee-hwa_0003.jpg,0.9292698175633161,0
/home/anitadonato/tcc/tcc/data/lfw/lfw-funneled/Hal_Gehman/Hal_Gehman_0004.jpg,/home/anitadonato/tcc/tcc/data/lfw/lfw-funneled/Nia_Vardalos/Nia_Vardalos_0003.jpg,0.8121298837077876,0
/home/anitadonato/tcc/tcc/data/lfw/lfw-funneled/Nicanor_Duarte_Frutos/Nicanor_Duarte_Frutos_0004.jpg,/home/anitadonato/tcc/tcc/data/lfw/lfw-funneled/Colin_Montgomerie/Colin_Montgomerie_0005.jpg,0.7867547440632541,0
/home/anitadonato/tcc/tcc/data/lfw/lfw-funneled/John_Paul_II/John_Paul_II_0005.jpg,/home/anitadonato/tcc/tcc/data/lfw/lfw-funneled/Heidi_Klum/Heidi_Klum_0002.jpg,0.9071764876549406,0
/home/anitadonato/tcc/tcc/data/lfw/lfw-funneled/Kofi_Annan/Kofi_Annan_0002.jpg,/home/anitadonato/tcc/tcc/data/lfw/lfw-funneled/Mark_Hurlbert/Mark_Hurlbert_0004.jpg,0.8737338293890825,0
/home/anitadonato/tcc/tcc/data/lfw/lfw-funneled/George_HW_Bush/George_HW_Bush_0005.jpg,/home/anitadonato/tcc/tcc/data/lfw/lfw-funneled/Jean-David_Levitte/Jean-David_Levitte_0005.jpg,0.6475157851755853,0
/home/anitadonato/tcc/tcc/data/lfw/lfw-funneled/Kristanna_Loken/Kristanna_Loken_0005.jpg,/home/anitadonato/tcc/tcc/data/lfw/lfw-funneled/Lindsay_Davenport/Lindsay_Davenport_0001.jpg,0.7503374547196385,0
/home/anitadonato/tcc/tcc/data/lfw/lfw-funneled/Tom_Daschle/Tom_Daschle_0003.jpg,/home/anitadonato/tcc/tcc/data/lfw/lfw-funneled/Hal_Gehman/Hal_Gehman_0004.jpg,0.7399944370293554,0
/home/anitadonato/tcc/tcc/data/lfw/lfw-funneled/Sergey_Lavrov/Sergey_Lavrov_0002.jpg,/home/anitadonato/tcc/tcc/data/lfw/lfw-funneled/Queen_Rania/Queen_Rania_0003.jpg,0.9902024126273792,0
/home/anitadonato/tcc/tcc/data/lfw/lfw-funneled/Lindsay_Davenport/Lindsay_Davenport_0003.jpg,/home/anitadonato/tcc/tcc/data/lfw/lfw-funneled/Fernando_Gonzalez/Fernando_Gonzalez_0001.jpg,0.8359823955648525,0
/home/anitadonato/tcc/tcc/data/lfw/lfw-funneled/Abdullah_Gul/Abdullah_Gul_0004.jpg,/home/anitadonato/tcc/tcc/data/lfw/lfw-funneled/Ann_Veneman/Ann_Veneman_0003.jpg,0.8607488393811383,0
/home/anitadonato/tcc/tcc/data/lfw/lfw-funneled/Thabo_Mbeki/Thabo_Mbeki_0002.jpg,/home/anitadonato/tcc/tcc/data/lfw/lfw-funneled/Alejandro_Toledo/Alejandro_Toledo_0003.jpg,0.8443051835760357,0
/home/anitadonato/tcc/tcc/data/lfw/lfw-funneled/Maria_Shriver/Maria_Shriver_0002.jpg,/home/anitadonato/tcc/tcc/data/lfw/lfw-funneled/Denzel_Washington/Denzel_Washington_0004.jpg,0.9556836888792422,0
/home/anitadonato/tcc/tcc/data/lfw/lfw-funneled/Queen_Rania/Queen_Rania_0002.jpg,/home/anitadonato/tcc/tcc/data/lfw/lfw-funneled/William_Ford_Jr/William_Ford_Jr_0002.jpg,0.9508682177704666,0
/home/anitadonato/tcc/tcc/data/lfw/lfw-funneled/Christine_Todd_Whitman/Christine_Todd_Whitman_0003.jpg,/home/anitadonato/tcc/tcc/data/lfw/lfw-funneled/John_Allen_Muhammad/John_Allen_Muhammad_0004.jpg,1.0209106275909974,0
/home/anitadonato/tcc/tcc/data/lfw/lfw-funneled/Richard_Gere/Richard_Gere_0004.jpg,/home/anitadonato/tcc/tcc/data/lfw/lfw-funneled/Roh_Moo-hyun/Roh_Moo-hyun_0004.jpg,0.8645488571698888,0
/home/anitadonato/tcc/tcc/data/lfw/lfw-funneled/Alejandro_Toledo/Alejandro_Toledo_0002.jpg,/home/anitadonato/tcc/tcc/data/lfw/lfw-funneled/Bulent_Ecevit/Bulent_Ecevit_0002.jpg,0.6792723756579442,0
/home/anitadonato/tcc/tcc/data/lfw/lfw-funneled/Hugh_Grant/Hugh_Grant_0001.jpg,/home/anitadonato/tcc/tcc/data/lfw/lfw-funneled/Hillary_Clinton/Hillary_Clinton_0003.jpg,0.8104540798078763,0
/home/anitadonato/tcc/tcc/data/lfw/lfw-funneled/Victoria_Clarke/Victoria_Clarke_0005.jpg,/home/anitadonato/tcc/tcc/data/lfw/lfw-funneled/Kurt_Warner/Kurt_Warner_0002.jpg,0.9316981078645008,0
/home/anitadonato/tcc/tcc/data/lfw/lfw-funneled/Maria_Soledad_Alvear_Valenzuela/Maria_Soledad_Alvear_Valenzuela_0004.jpg,/home/anitadonato/tcc/tcc/data/lfw/lfw-funneled/Rudolph_Giuliani/Rudolph_Giuliani_0001.jpg,0.8595865672581149,0
/home/anitadonato/tcc/tcc/data/lfw/lfw-funneled/Paul_Martin/Paul_Martin_0003.jpg,/home/anitadonato/tcc/tcc/data/lfw/lfw-funneled/Matthew_Perry/Matthew_Perry_0005.jpg,0.8178151519162491,0
/home/anitadonato/tcc/tcc/data/lfw/lfw-funneled/Richard_Gephardt/Richard_Gephardt_0004.jpg,/home/anitadonato/tcc/tcc/data/lfw/lfw-funneled/Ana_Palacio/Ana_Palacio_0003.jpg,0.7773103701586113,0
/home/anitadonato/tcc/tcc/data/lfw/lfw-funneled/Juan_Pablo_Montoya/Juan_Pablo_Montoya_0001.jpg,/home/anitadonato/tcc/tcc/data/lfw/lfw-funneled/Kurt_Warner/Kurt_Warner_0004.jpg,0.7933899453330863,0
/home/anitadonato/tcc/tcc/data/lfw/lfw-funneled/Rob_Marshall/Rob_Marshall_0002.jpg,/home/anitadonato/tcc/tcc/data/lfw/lfw-funneled/Ai_Sugiyama/Ai_Sugiyama_0001.jpg,0.8857086744329736,0
/home/anitadonato/tcc/tcc/data/lfw/lfw-funneled/Silvio_Berlusconi/Silvio_Berlusconi_0005.jpg,/home/anitadonato/tcc/tcc/data/lfw/lfw-funneled/Natalie_Maines/Natalie_Maines_0001.jpg,0.9283370637676611,0
/home/anitadonato/tcc/tcc/data/lfw/lfw-funneled/Tom_Daschle/Tom_Daschle_0005.jpg,/home/anitadonato/tcc/tcc/data/lfw/lfw-funneled/Kalpana_Chawla/Kalpana_Chawla_0005.jpg,0.7676439409961068,0
/home/anitadonato/tcc/tcc/data/lfw/lfw-funneled/Eduardo_Duhalde/Eduardo_Duhalde_0001.jpg,/home/anitadonato/tcc/tcc/data/lfw/lfw-funneled/Mark_Hurlbert/Mark_Hurlbert_0002.jpg,0.7854724415164804,0
/home/anitadonato/tcc/tcc/data/lfw/lfw-funneled/Denzel_Washington/Denzel_Washington_0003.jpg,/home/anitadonato/tcc/tcc/data/lfw/lfw-funneled/Fujio_Cho/Fujio_Cho_0003.jpg,0.9236419727134986,0
/home/anitadonato/tcc/tcc/data/lfw/lfw-funneled/Russell_Simmons/Russell_Simmons_0004.jpg,/home/anitadonato/tcc/tcc/data/lfw/lfw-funneled/Natalie_Maines/Natalie_Maines_0002.jpg,1.0269690491227896,0
/home/anitadonato/tcc/tcc/data/lfw/lfw-funneled/Rainer_Schuettler/Rainer_Schuettler_0002.jpg,/home/anitadonato/tcc/tcc/data/lfw/lfw-funneled/Cesar_Gaviria/Cesar_Gaviria_0001.jpg,0.8543530920346456,0
/home/anitadonato/tcc/tcc/data/lfw/lfw-funneled/Woody_Allen/Woody_Allen_0003.jpg,/home/anitadonato/tcc/tcc/data/lfw/lfw-funneled/Mike_Myers/Mike_Myers_0004.jpg,0.8731911846407914,0
/home/anitadonato/tcc/tcc/data/lfw/lfw-funneled/Ben_Affleck/Ben_Affleck_0005.jpg,/home/anitadonato/tcc/tcc/data/lfw/lfw-funneled/Benjamin_Netanyahu/Benjamin_Netanyahu_0001.jpg,0.75710033020068,0
/home/anitadonato/tcc/tcc/data/lfw/lfw-funneled/Christine_Baumgartner/Christine_Baumgartner_0003.jpg,/home/anitadonato/tcc/tcc/data/lfw/lfw-funneled/John_Snow/John_Snow_0001.jpg,0.9014948894729707,0
/home/anitadonato/tcc/tcc/data/lfw/lfw-funneled/Erika_Harold/Erika_Harold_0004.jpg,/home/anitadonato/tcc/tcc/data/lfw/lfw-funneled/Grant_Hackett/Grant_Hackett_0004.jpg,0.8220158153707607,0
/home/anitadonato/tcc/tcc/data/lfw/lfw-funneled/Amelie_Mauresmo/Amelie_Mauresmo_0003.jpg,/home/anitadonato/tcc/tcc/data/lfw/lfw-funneled/Norm_Coleman/Norm_Coleman_0002.jpg,0.7296321712340224,0
/home/anitadonato/tcc/tcc/data/lfw/lfw-funneled/Salma_Hayek/Salma_Hayek_0003.jpg,/home/anitadonato/tcc/tcc/data/lfw/lfw-funneled/Pamela_Anderson/Pamela_Anderson_0003.jpg,0.8786172717862064,0
/home/anitadonato/tcc/tcc/data/lfw/lfw-funneled/Goldie_Hawn/Goldie_Hawn_0005.jpg,/home/anitadonato/tcc/tcc/data/lfw/lfw-funneled/Alejandro_Toledo/Alejandro_Toledo_0001.jpg,0.9024713481892389,0
/home/anitadonato/tcc/tcc/data/lfw/lfw-funneled/Robert_Zoellick/Robert_Zoellick_0001.jpg,/home/anitadonato/tcc/tcc/data/lfw/lfw-funneled/Tung_Chee-hwa/Tung_Chee-hwa_0002.jpg,0.9179800883246209,0
/home/anitadonato/tcc/tcc/data/lfw/lfw-funneled/Eduardo_Duhalde/Eduardo_Duhalde_0004.jpg,/home/anitadonato/tcc/tcc/data/lfw/lfw-funneled/Carmen_Electra/Carmen_Electra_0003.jpg,0.9662622617526749,0
/home/anitadonato/tcc/tcc/data/lfw/lfw-funneled/Jean-David_Levitte/Jean-David_Levitte_0003.jpg,/home/anitadonato/tcc/tcc/data/lfw/lfw-funneled/Angela_Merkel/Angela_Merkel_0001.jpg,0.8911267077107249,0
/home/anitadonato/tcc/tcc/data/lfw/lfw-funneled/John_Snow/John_Snow_0004.jpg,/home/anitadonato/tcc/tcc/data/lfw/lfw-funneled/Renee_Zellweger/Renee_Zellweger_0004.jpg,0.801830126714161,0
/home/anitadonato/tcc/tcc/data/lfw/lfw-funneled/Alvaro_Uribe/Alvaro_Uribe_0003.jpg,/home/anitadonato/tcc/tcc/data/lfw/lfw-funneled/Walter_Mondale/Walter_Mondale_0003.jpg,0.8490539847626701,0
/home/anitadonato/tcc/tcc/data/lfw/lfw-funneled/Amelia_Vega/Amelia_Vega_0002.jpg,/home/anitadonato/tcc/tcc/data/lfw/lfw-funneled/Bill_McBride/Bill_McBride_0003.jpg,0.8564854393860247,0
/home/anitadonato/tcc/tcc/data/lfw/lfw-funneled/Liza_Minnelli/Liza_Minnelli_0004.jpg,/home/anitadonato/tcc/tcc/data/lfw/lfw-funneled/Colin_Powell/Colin_Powell_0003.jpg,0.9264045975141203,0
/home/anitadonato/tcc/tcc/data/lfw/lfw-funneled/Kristanna_Loken/Kristanna_Loken_0004.jpg,/home/anitadonato/tcc/tcc/data/lfw/lfw-funneled/Maria_Soledad_Alvear_Valenzuela/Maria_Soledad_Alvear_Valenzuela_0001.jpg,0.7938272407338942,0
/home/anitadonato/tcc/tcc/data/lfw/lfw-funneled/Sourav_Ganguly/Sourav_Ganguly_0004.jpg,/home/anitadonato/tcc/tcc/data/lfw/lfw-funneled/George_Robertson/George_Robertson_0004.jpg,0.8182213612327331,0
/home/anitadonato/tcc/tcc/data/lfw/lfw-funneled/Natalie_Maines/Natalie_Maines_0003.jpg,/home/anitadonato/tcc/tcc/data/lfw/lfw-funneled/Fernando_Gonzalez/Fernando_Gonzalez_0004.jpg,0.9053652150126754,0
/home/anitadonato/tcc/tcc/data/lfw/lfw-funneled/Elizabeth_Smart/Elizabeth_Smart_0003.jpg,/home/anitadonato/tcc/tcc/data/lfw/lfw-funneled/Colin_Powell/Colin_Powell_0005.jpg,0.8768796347813426,0
/home/anitadonato/tcc/tcc/data/lfw/lfw-funneled/Ana_Palacio/Ana_Palacio_0004.jpg,/home/anitadonato/tcc/tcc/data/lfw/lfw-funneled/Roy_Moore/Roy_Moore_0005.jpg,0.8031177274558954,0
/home/anitadonato/tcc/tcc/data/lfw/lfw-funneled/Trent_Lott/Trent_Lott_0003.jpg,/home/anitadonato/tcc/tcc/data/lfw/lfw-funneled/Al_Sharpton/Al_Sharpton_0004.jpg,0.7931584832167128,0
/home/anitadonato/tcc/tcc/data/lfw/lfw-funneled/Hosni_Mubarak/Hosni_Mubarak_0001.jpg,/home/anitadonato/tcc/tcc/data/lfw/lfw-funneled/Christine_Todd_Whitman/Christine_Todd_Whitman_0002.jpg,0.8655234697564202,0
/home/anitadonato/tcc/tcc/data/lfw/lfw-funneled/Cruz_Bustamante/Cruz_Bustamante_0002.jpg,/home/anitadonato/tcc/tcc/data/lfw/lfw-funneled/Susan_Sarandon/Susan_Sarandon_0001.jpg,0.9523059151907172,0
/home/anitadonato/tcc/tcc/data/lfw/lfw-funneled/Juan_Carlos_Ferrero/Juan_Carlos_Ferrero_0003.jpg,/home/anitadonato/tcc/tcc/data/lfw/lfw-funneled/Hal_Gehman/Hal_Gehman_0003.jpg,0.7178813794707254,0
/home/anitadonato/tcc/tcc/data/lfw/lfw-funneled/Kofi_Annan/Kofi_Annan_0001.jpg,/home/anitadonato/tcc/tcc/data/lfw/lfw-funneled/Matthew_Perry/Matthew_Perry_0002.jpg,0.8990325572210138,0
/home/anitadonato/tcc/tcc/data/lfw/lfw-funneled/Norm_Coleman/Norm_Coleman_0002.jpg,/home/anitadonato/tcc/tcc/data/lfw/lfw-funneled/Tom_Harkin/Tom_Harkin_0005.jpg,0.7471357072062842,0
/home/anitadonato/tcc/tcc/data/lfw/lfw-funneled/Maria_Shriver/Maria_Shriver_0003.jpg,/home/anitadonato/tcc/tcc/data/lfw/lfw-funneled/Fernando_Gonzalez/Fernando_Gonzalez_0004.jpg,0.8570707845866427,0
/home/anitadonato/tcc/tcc/data/lfw/lfw-funneled/Joseph_Biden/Joseph_Biden_0002.jpg,/home/anitadonato/tcc/tcc/data/lfw/lfw-funneled/Natalie_Maines/Natalie_Maines_0003.jpg,0.9799156155604934,0
/home/anitadonato/tcc/tcc/data/lfw/lfw-funneled/Woody_Allen/Woody_Allen_0005.jpg,/home/anitadonato/tcc/tcc/data/lfw/lfw-funneled/Maria_Shriver/Maria_Shriver_0003.jpg,0.9597482155074784,0
/home/anitadonato/tcc/tcc/data/lfw/lfw-funneled/Britney_Spears/Britney_Spears_0001.jpg,/home/anitadonato/tcc/tcc/data/lfw/lfw-funneled/Pervez_Musharraf/Pervez_Musharraf_0004.jpg,0.9572950742480774,0
/home/anitadonato/tcc/tcc/data/lfw/lfw-funneled/Zinedine_Zidane/Zinedine_Zidane_0004.jpg,/home/anitadonato/tcc/tcc/data/lfw/lfw-funneled/John_Paul_II/John_Paul_II_0004.jpg,0.670590231536896,0
/home/anitadonato/tcc/tcc/data/lfw/lfw-funneled/Silvio_Berlusconi/Silvio_Berlusconi_0001.jpg,/home/anitadonato/tcc/tcc/data/lfw/lfw-funneled/Bill_Gates/Bill_Gates_0001.jpg,0.7876599789824654,0
/home/anitadonato/tcc/tcc/data/lfw/lfw-funneled/Steve_Lavin/Steve_Lavin_0005.jpg,/home/anitadonato/tcc/tcc/data/lfw/lfw-funneled/Alejandro_Toledo/Alejandro_Toledo_0002.jpg,0.7523268400688385,0
/home/anitadonato/tcc/tcc/data/lfw/lfw-funneled/Pedro_Malan/Pedro_Malan_0002.jpg,/home/anitadonato/tcc/tcc/data/lfw/lfw-funneled/Habib_Rizieq/Habib_Rizieq_0003.jpg,0.7503077592585004,0
/home/anitadonato/tcc/tcc/data/lfw/lfw-funneled/Valery_Giscard_dEstaing/Valery_Giscard_dEstaing_0005.jpg,/home/anitadonato/tcc/tcc/data/lfw/lfw-funneled/Martin_McGuinness/Martin_McGuinness_0003.jpg,0.7585209683662928,0
/home/anitadonato/tcc/tcc/data/lfw/lfw-funneled/Wayne_Ferreira/Wayne_Ferreira_0003.jpg,/home/anitadonato/tcc/tcc/data/lfw/lfw-funneled/Pedro_Malan/Pedro_Malan_0002.jpg,0.7971230861217065,0
/home/anitadonato/tcc/tcc/data/lfw/lfw-funneled/Zhu_Rongji/Zhu_Rongji_0001.jpg,/home/anitadonato/tcc/tcc/data/lfw/lfw-funneled/Kate_Hudson/Kate_Hudson_0005.jpg,0.9241055321207967,0
/home/anitadonato/tcc/tcc/data/lfw/lfw-funneled/Lindsay_Davenport/Lindsay_Davenport_0004.jpg,/home/anitadonato/tcc/tcc/data/lfw/lfw-funneled/Jacques_Chirac/Jacques_Chirac_0004.jpg,0.8064205425173671,0
/home/anitadonato/tcc/tcc/data/lfw/lfw-funneled/Kate_Hudson/Kate_Hudson_0002.jpg,/home/anitadonato/tcc/tcc/data/lfw/lfw-funneled/Bill_Gates/Bill_Gates_0002.jpg,0.8675590661782155,0
/home/anitadonato/tcc/tcc/data/lfw/lfw-funneled/George_HW_Bush/George_HW_Bush_0004.jpg,/home/anitadonato/tcc/tcc/data/lfw/lfw-funneled/Thabo_Mbeki/Thabo_Mbeki_0004.jpg,0.8959394812901862,0
/home/anitadonato/tcc/tcc/data/lfw/lfw-funneled/Paul_Burrell/Paul_Burrell_0002.jpg,/home/anitadonato/tcc/tcc/data/lfw/lfw-funneled/Jose_Maria_Aznar/Jose_Maria_Aznar_0005.jpg,0.9724389163922099,0
/home/anitadonato/tcc/tcc/data/lfw/lfw-funneled/Cesar_Gaviria/Cesar_Gaviria_0002.jpg,/home/anitadonato/tcc/tcc/data/lfw/lfw-funneled/Britney_Spears/Britney_Spears_0004.jpg,0.914533463095481,0
/home/anitadonato/tcc/tcc/data/lfw/lfw-funneled/John_Paul_II/John_Paul_II_0002.jpg,/home/anitadonato/tcc/tcc/data/lfw/lfw-funneled/Ben_Affleck/Ben_Affleck_0001.jpg,0.7387742768947246,0
/home/anitadonato/tcc/tcc/data/lfw/lfw-funneled/Tom_Crean/Tom_Crean_0002.jpg,/home/anitadonato/tcc/tcc/data/lfw/lfw-funneled/Roger_Federer/Roger_Federer_0005.jpg,0.8548567027941669,0
/home/anitadonato/tcc/tcc/data/lfw/lfw-funneled/Gonzalo_Sanchez_de_Lozada/Gonzalo_Sanchez_de_Lozada_0003.jpg,/home/anitadonato/tcc/tcc/data/lfw/lfw-funneled/Norm_Coleman/Norm_Coleman_0005.jpg,0.7023313125634391,0
/home/anitadonato/tcc/tcc/data/lfw/lfw-funneled/Maria_Shriver/Maria_Shriver_0004.jpg,/home/anitadonato/tcc/tcc/data/lfw/lfw-funneled/Alejandro_Toledo/Alejandro_Toledo_0001.jpg,1.0030750185232233,0
/home/anitadonato/tcc/tcc/data/lfw/lfw-funneled/Alvaro_Uribe/Alvaro_Uribe_0002.jpg,/home/anitadonato/tcc/tcc/data/lfw/lfw-funneled/Kim_Dae-jung/Kim_Dae-jung_0003.jpg,0.8453747955144233,0
/home/anitadonato/tcc/tcc/data/lfw/lfw-funneled/Hosni_Mubarak/Hosni_Mubarak_0002.jpg,/home/anitadonato/tcc/tcc/data/lfw/lfw-funneled/Jan_Ullrich/Jan_Ullrich_0004.jpg,0.8309275981404081,0
/home/anitadonato/tcc/tcc/data/lfw/lfw-funneled/John_Bolton/John_Bolton_0005.jpg,/home/anitadonato/tcc/tcc/data/lfw/lfw-funneled/Rainer_Schuettler/Rainer_Schuettler_0003.jpg,0.7475563849950794,0
/home/anitadonato/tcc/tcc/data/lfw/lfw-funneled/Bob_Hope/Bob_Hope_0005.jpg,/home/anitadonato/tcc/tcc/data/lfw/lfw-funneled/Natalie_Coughlin/Natalie_Coughlin_0001.jpg,0.9270980175819117,0
/home/anitadonato/tcc/tcc/data/lfw/lfw-funneled/Billy_Crystal/Billy_Crystal_0002.jpg,/home/anitadonato/tcc/tcc/data/lfw/lfw-funneled/Peter_Struck/Peter_Struck_0004.jpg,0.7246638086537501,0
/home/anitadonato/tcc/tcc/data/lfw/lfw-funneled/Roy_Moore/Roy_Moore_0005.jpg,/home/anitadonato/tcc/tcc/data/lfw/lfw-funneled/Cameron_Diaz/Cameron_Diaz_0001.jpg,0.8386317393276994,0
/home/anitadonato/tcc/tcc/data/lfw/lfw-funneled/Carlos_Moya/Carlos_Moya_0005.jpg,/home/anitadonato/tcc/tcc/data/lfw/lfw-funneled/Eduardo_Duhalde/Eduardo_Duhalde_0005.jpg,0.7959248059050626,0
/home/anitadonato/tcc/tcc/data/lfw/lfw-funneled/Jean-Pierre_Raffarin/Jean-Pierre_Raffarin_0004.jpg,/home/anitadonato/tcc/tcc/data/lfw/lfw-funneled/John_Ashcroft/John_Ashcroft_0003.jpg,0.8811126827549401,0
/home/anitadonato/tcc/tcc/data/lfw/lfw-funneled/Paul_Burrell/Paul_Burrell_0001.jpg,/home/anitadonato/tcc/tcc/data/lfw/lfw-funneled/Roh_Moo-hyun/Roh_Moo-hyun_0005.jpg,0.9119402718945513,0
/home/anitadonato/tcc/tcc/data/lfw/lfw-funneled/Vladimir_Putin/Vladimir_Putin_0002.jpg,/home/anitadonato/tcc/tcc/data/lfw/lfw-funneled/Anna_Kournikova/Anna_Kournikova_0005.jpg,0.7668814614380355,0
/home/anitadonato/tcc/tcc/data/lfw/lfw-funneled/Meryl_Streep/Meryl_Streep_0004.jpg,/home/anitadonato/tcc/tcc/data/lfw/lfw-funneled/Winona_Ryder/Winona_Ryder_0002.jpg,0.7418459198811528,0
/home/anitadonato/tcc/tcc/data/lfw/lfw-funneled/Pedro_Malan/Pedro_Malan_0005.jpg,/home/anitadonato/tcc/tcc/data/lfw/lfw-funneled/Erika_Harold/Erika_Harold_0004.jpg,0.7733507678578426,0
/home/anitadonato/tcc/tcc/data/lfw/lfw-funneled/Costas_Simitis/Costas_Simitis_0001.jpg,/home/anitadonato/tcc/tcc/data/lfw/lfw-funneled/Anna_Kournikova/Anna_Kournikova_0003.jpg,0.8656859449185482,0
/home/anitadonato/tcc/tcc/data/lfw/lfw-funneled/Yoko_Ono/Yoko_Ono_0004.jpg,/home/anitadonato/tcc/tcc/data/lfw/lfw-funneled/LeBron_James/LeBron_James_0003.jpg,0.9031409734990635,0
