img1_path,img2_path,score,label
/home/anitadonato/tcc/tcc/data/lfw/lfw-funneled/Richard_Myers/Richard_Myers_0004.jpg,/home/anitadonato/tcc/tcc/data/lfw/lfw-funneled/Richard_Myers/Richard_Myers_0001.jpg,0.33117966343376337,1
/home/anitadonato/tcc/tcc/data/lfw/lfw-funneled/Richard_Myers/Richard_Myers_0004.jpg,/home/anitadonato/tcc/tcc/data/lfw/lfw-funneled/Richard_Myers/Richard_Myers_0009.jpg,0.40786532564334677,1
/home/anitadonato/tcc/tcc/data/lfw/lfw-funneled/Richard_Myers/Richard_Myers_0004.jpg,/home/anitadonato/tcc/tcc/data/lfw/lfw-funneled/Richard_Myers/Richard_Myers_0018.jpg,0.2989966659425348,1
/home/anitadonato/tcc/tcc/data/lfw/lfw-funneled/Richard_Myers/Richard_Myers_0004.jpg,/home/anitadonato/tcc/tcc/data/lfw/lfw-funneled/Richard_Myers/Richard_Myers_0015.jpg,0.3227892541857751,1
/home/anitadonato/tcc/tcc/data/lfw/lfw-funneled/Richard_Myers/Richard_Myers_0001.jpg,/home/anitadonato/tcc/tcc/data/lfw/lfw-funneled/Richard_Myers/Richard_Myers_0009.jpg,0.411133497465752,1
/home/anitadonato/tcc/tcc/data/lfw/lfw-funneled/Richard_Myers/Richard_Myers_0001.jpg,/home/anitadonato/tcc/tcc/data/lfw/lfw-funneled/Richard_Myers/Richard_Myers_0018.jpg,0.34791335494002673,1
/home/anitadonato/tcc/tcc/data/lfw/lfw-funneled/Richard_Myers/Richard_Myers_0001.jpg,/home/anitadonato/tcc/tcc/data/lfw/lfw-funneled/Richard_Myers/Richard_Myers_0015.jpg,0.2705089799572806,1
/home/anitadonato/tcc/tcc/data/lfw/lfw-funneled/Richard_Myers/Richard_Myers_0009.jpg,/home/anitadonato/tcc/tcc/data/lfw/lfw-funneled/Richard_Myers/Richard_Myers_0018.jpg,0.3750189011815669,1
/home/anitadonato/tcc/tcc/data/lfw/lfw-funneled/Richard_Myers/Richard_Myers_0009.jpg,/home/anitadonato/tcc/tcc/data/lfw/lfw-funneled/Richard_Myers/Richard_Myers_0015.jpg,0.3366092303796274,1
/home/anitadonato/tcc/tcc/data/lfw/lfw-funneled/Richard_Myers/Richard_Myers_0018.jpg,/home/anitadonato/tcc/tcc/data/lfw/lfw-funneled/Richard_Myers/Richard_Myers_0015.jpg,0.39506233335144225,1
/home/anitadonato/tcc/tcc/data/lfw/lfw-funneled/Carlos_Moya/Carlos_Moya_0005.jpg,/home/anitadonato/tcc/tcc/data/lfw/lfw-funneled/Carlos_Moya/Carlos_Moya_0004.jpg,0.5074086084295655,1
/home/anitadonato/tcc/tcc/data/lfw/lfw-funneled/Carlos_Moya/Carlos_Moya_0005.jpg,/home/anitadonato/tcc/tcc/data/lfw/lfw-funneled/Carlos_Moya/Carlos_Moya_0003.jpg,0.28912951356417604,1
/home/anitadonato/tcc/tcc/data/lfw/lfw-funneled/Carlos_Moya/Carlos_Moya_0005.jpg,/home/anitadonato/tcc/tcc/data/lfw/lfw-funneled/Carlos_Moya/Carlos_Moya_0014.jpg,0.5639858261391839,1
/home/anitadonato/tcc/tcc/data/lfw/lfw-funneled/Carlos_Moya/Carlos_Moya_0005.jpg,/home/anitadonato/tcc/tcc/data/lfw/lfw-funneled/Carlos_Moya/Carlos_Moya_0001.jpg,0.4922833883082013,1
/home/anitadonato/tcc/tcc/data/lfw/lfw-funneled/Carlos_Moya/Carlos_Moya_0004.jpg,/home/anitadonato/tcc/tcc/data/lfw/lfw-funneled/Carlos_Moya/Carlos_Moya_0003.jpg,0.4217143566103907,1
/home/anitadonato/tcc/tcc/data/lfw/lfw-funneled/Carlos_Moya/Carlos_Moya_0004.jpg,/home/anitadonato/tcc/tcc/data/lfw/lfw-funneled/Carlos_Moya/Carlos_Moya_0014.jpg,0.39392629312887995,1
/home/anitadonato/tcc/tcc/data/lfw/lfw-funneled/Carlos_Moya/Carlos_Moya_0004.jpg,/home/anitadonato/tcc/tcc/data/lfw/lfw-funneled/Carlos_Moya/Carlos_Moya_0001.jpg,0.409686214581776,1
/home/anitadonato/tcc/tcc/data/lfw/lfw-funneled/Carlos_Moya/Carlos_Moya_0003.jpg,/home/anitadonato/tcc/tcc/data/lfw/lfw-funneled/Carlos_Moya/Carlos_Moya_0014.jpg,0.5762781376765067,1
/home/anitadonato/tcc/tcc/data/lfw/lfw-funneled/Carlos_Moya/Carlos_Moya_0003.jpg,/home/anitadonato/tcc/tcc/data/lfw/lfw-funneled/Carlos_Moya/Carlos_Moya_0001.jpg,0.49918161197055866,1
/home/anitadonato/tcc/tcc/data/lfw/lfw-funneled/Carlos_Moya/Carlos_Moya_0014.jpg,/home/anitadonato/tcc/tcc/data/lfw/lfw-funneled/Carlos_Moya/Carlos_Moya_0001.jpg,0.46369443687788947,1
/home/anitadonato/tcc/tcc/data/lfw/lfw-funneled/Alvaro_Uribe/Alvaro_Uribe_0002.jpg,/home/anitadonato/tcc/tcc/data/lfw/lfw-funneled/Alvaro_Uribe/Alvaro_Uribe_0006.jpg,0.6612759621009224,1
/home/anitadonato/tcc/tcc/data/lfw/lfw-funneled/Alvaro_Uribe/Alvaro_Uribe_0002.jpg,/home/anitadonato/tcc/tcc/data/lfw/lfw-funneled/Alvaro_Uribe/Alvaro_Uribe_0014.jpg,0.667156634110843,1
/home/anitadonato/tcc/tcc/data/lfw/lfw-funneled/Alvaro_Uribe/Alvaro_Uribe_0002.jpg,/home/anitadonato/tcc/tcc/data/lfw/lfw-funneled/Alvaro_Uribe/Alvaro_Uribe_0015.jpg,0.5837326039938004,1
/home/anitadonato/tcc/tcc/data/lfw/lfw-funneled/Alvaro_Uribe/Alvaro_Uribe_0002.jpg,/home/anitadonato/tcc/tcc/data/lfw/lfw-funneled/Alvaro_Uribe/Alvaro_Uribe_0033.jpg,0.6737315680258739,1
/home/anitadonato/tcc/tcc/data/lfw/lfw-funneled/Alvaro_Uribe/Alvaro_Uribe_0006.jpg,/home/anitadonato/tcc/tcc/data/lfw/lfw-funneled/Alvaro_Uribe/Alvaro_Uribe_0014.jpg,0.2422704095852286,1
/home/anitadonato/tcc/tcc/data/lfw/lfw-funneled/Alvaro_Uribe/Alvaro_Uribe_0006.jpg,/home/anitadonato/tcc/tcc/data/lfw/lfw-funneled/Alvaro_Uribe/Alvaro_Uribe_0015.jpg,0.5008173511601749,1
/home/anitadonato/tcc/tcc/data/lfw/lfw-funneled/Alvaro_Uribe/Alvaro_Uribe_0006.jpg,/home/anitadonato/tcc/tcc/data/lfw/lfw-funneled/Alvaro_Uribe/Alvaro_Uribe_0033.jpg,0.5401503406966228,1
/home/anitadonato/tcc/tcc/data/lfw/lfw-funneled/Alvaro_Uribe/Alvaro_Uribe_0014.jpg,/home/anitadonato/tcc/tcc/data/lfw/lfw-funneled/Alvaro_Uribe/Alvaro_Uribe_0015.jpg,0.5052278948080653,1
/home/anitadonato/tcc/tcc/data/lfw/lfw-funneled/Alvaro_Uribe/Alvaro_Uribe_0014.jpg,/home/anitadonato/tcc/tcc/data/lfw/lfw-funneled/Alvaro_Uribe/Alvaro_Uribe_0033.jpg,0.6613389481970482,1
/home/anitadonato/tcc/tcc/data/lfw/lfw-funneled/Alvaro_Uribe/Alvaro_Uribe_0015.jpg,/home/anitadonato/tcc/tcc/data/lfw/lfw-funneled/Alvaro_Uribe/Alvaro_Uribe_0033.jpg,0.5116599632324924,1
/home/anitadonato/tcc/tcc/data/lfw/lfw-funneled/Tiger_Woods/Tiger_Woods_0020.jpg,/home/anitadonato/tcc/tcc/data/lfw/lfw-funneled/Tiger_Woods/Tiger_Woods_0001.jpg,0.6848534936164234,1
/home/anitadonato/tcc/tcc/data/lfw/lfw-funneled/Tiger_Woods/Tiger_Woods_0020.jpg,/home/anitadonato/tcc/tcc/data/lfw/lfw-funneled/Tiger_Woods/Tiger_Woods_0018.jpg,0.8123346206274061,1
/home/anitadonato/tcc/tcc/data/lfw/lfw-funneled/Tiger_Woods/Tiger_Woods_0020.jpg,/home/anitadonato/tcc/tcc/data/lfw/lfw-funneled/Tiger_Woods/Tiger_Woods_0007.jpg,0.6186858214572963,1
/home/anitadonato/tcc/tcc/data/lfw/lfw-funneled/Tiger_Woods/Tiger_Woods_0020.jpg,/home/anitadonato/tcc/tcc/data/lfw/lfw-funneled/Tiger_Woods/Tiger_Woods_0023.jpg,0.7385059314603533,1
/home/anitadonato/tcc/tcc/data/lfw/lfw-funneled/Tiger_Woods/Tiger_Woods_0001.jpg,/home/anitadonato/tcc/tcc/data/lfw/lfw-funneled/Tiger_Woods/Tiger_Woods_0018.jpg,0.4083162369116582,1
/home/anitadonato/tcc/tcc/data/lfw/lfw-funneled/Tiger_Woods/Tiger_Woods_0001.jpg,/home/anitadonato/tcc/tcc/data/lfw/lfw-funneled/Tiger_Woods/Tiger_Woods_0007.jpg,0.4000279774723864,1
/home/anitadonato/tcc/tcc/data/lfw/lfw-funneled/Tiger_Woods/Tiger_Woods_0001.jpg,/home/anitadonato/tcc/tcc/data/lfw/lfw-funneled/Tiger_Woods/Tiger_Woods_0023.jpg,0.43182806245367944,1
/home/anitadonato/tcc/tcc/data/lfw/lfw-funneled/Tiger_Woods/Tiger_Woods_0018.jpg,/home/anitadonato/tcc/tcc/data/lfw/lfw-funneled/Tiger_Woods/Tiger_Woods_0007.jpg,0.50034863520184,1
/home/anitadonato/tcc/tcc/data/lfw/lfw-funneled/Tiger_Woods/Tiger_Woods_0018.jpg,/home/anitadonato/tcc/tcc/data/lfw/lfw-funneled/Tiger_Woods/Tiger_Woods_0023.jpg,0.44894549269546913,1
/home/anitadonato/tcc/tcc/data/lfw/lfw-funneled/Tiger_Woods/Tiger_Woods_0007.jpg,/home/anitadonato/tcc/tcc/data/lfw/lfw-funneled/Tiger_Woods/Tiger_Woods_0023.jpg,0.3970901723578487,1
/home/anitadonato/tcc/tcc/data/lfw/lfw-funneled/Heidi_Klum/Heidi_Klum_0005.jpg,/home/anitadonato/tcc/tcc/data/lfw/lfw-funneled/Heidi_Klum/Heidi_Klum_0004.jpg,0.4686115500808332,1
/home/anitadonato/tcc/tcc/data/lfw/lfw-funneled/Heidi_Klum/Heidi_Klum_0005.jpg,/home/anitadonato/tcc/tcc/data/lfw/lfw-funneled/Heidi_Klum/Heidi_Klum_0001.jpg,0.5998994006832505,1
/home/anitadonato/tcc/tcc/data/lfw/lfw-funneled/Heidi_Klum/Heidi_Klum_0005.jpg,/home/anitadonato/tcc/tcc/data/lfw/lfw-funneled/Heidi_Klum/Heidi_Klum_0002.jpg,0.5328310816811542,1
/home/anitadonato/tcc/tcc/data/lfw/lfw-funneled/Heidi_Klum/Heidi_Klum_0005.jpg,/home/anitadonato/tcc/tcc/data/lfw/lfw-funneled/Heidi_Klum/Heidi_Klum_0003.jpg,0.5987134881380621,1
/home/anitadonato/tcc/tcc/data/lfw/lfw-funneled/Heidi_Klum/Heidi_Klum_0004.jpg,/home/anitadonato/tcc/tcc/data/lfw/lfw-funneled/Heidi_Klum/Heidi_Klum_0001.jpg,0.44054947121600285,1
/home/anitadonato/tcc/tcc/data/lfw/lfw-funneled/Heidi_Klum/Heidi_Klum_0004.jpg,/home/anitadonato/tcc/tcc/data/lfw/lfw-funneled/Heidi_Klum/Heidi_Klum_0002.jpg,0.5929834073851195,1
/home/anitadonato/tcc/tcc/data/lfw/lfw-funneled/Heidi_Klum/Heidi_Klum_0004.jpg,/home/anitadonato/tcc/tcc/data/lfw/lfw-funneled/Heidi_Klum/Heidi_Klum_0003.jpg,0.5597411488656653,1
/home/anitadonato/tcc/tcc/data/lfw/lfw-funneled/Heidi_Klum/Heidi_Klum_0001.jpg,/home/anitadonato/tcc/tcc/data/lfw/lfw-funneled/Heidi_Klum/Heidi_Klum_0002.jpg,0.5945365551273749,1
/home/anitadonato/tcc/tcc/data/lfw/lfw-funneled/Heidi_Klum/Heidi_Klum_0001.jpg,/home/anitadonato/tcc/tcc/data/lfw/lfw-funneled/Heidi_Klum/Heidi_Klum_0003.jpg,0.4914206440101596,1
/home/anitadonato/tcc/tcc/data/lfw/lfw-funneled/Heidi_Klum/Heidi_Klum_0002.jpg,/home/anitadonato/tcc/tcc/data/lfw/lfw-funneled/Heidi_Klum/Heidi_Klum_0003.jpg,0.5167952936776823,1
/home/anitadonato/tcc/tcc/data/lfw/lfw-funneled/Goldie_Hawn/Goldie_Hawn_0007.jpg,/home/anitadonato/tcc/tcc/data/lfw/lfw-funneled/Goldie_Hawn/Goldie_Hawn_0001.jpg,0.6003241319155554,1
/home/anitadonato/tcc/tcc/data/lfw/lfw-funneled/Goldie_Hawn/Goldie_Hawn_0007.jpg,/home/anitadonato/tcc/tcc/data/lfw/lfw-funneled/Goldie_Hawn/Goldie_Hawn_0002.jpg,0.4786778760589865,1
/home/anitadonato/tcc/tcc/data/lfw/lfw-funneled/Goldie_Hawn/Goldie_Hawn_0007.jpg,/home/anitadonato/tcc/tcc/data/lfw/lfw-funneled/Goldie_Hawn/Goldie_Hawn_0004.jpg,0.36732997480864515,1
/home/anitadonato/tcc/tcc/data/lfw/lfw-funneled/Goldie_Hawn/Goldie_Hawn_0007.jpg,/home/anitadonato/tcc/tcc/data/lfw/lfw-funneled/Goldie_Hawn/Goldie_Hawn_0005.jpg,0.549832045671093,1
/home/anitadonato/tcc/tcc/data/lfw/lfw-funneled/Goldie_Hawn/Goldie_Hawn_0001.jpg,/home/anitadonato/tcc/tcc/data/lfw/lfw-funneled/Goldie_Hawn/Goldie_Hawn_0002.jpg,0.5530448423768537,1
/home/anitadonato/tcc/tcc/data/lfw/lfw-funneled/Goldie_Hawn/Goldie_Hawn_0001.jpg,/home/anitadonato/tcc/tcc/data/lfw/lfw-funneled/Goldie_Hawn/Goldie_Hawn_0004.jpg,0.6715754363537302,1
/home/anitadonato/tcc/tcc/data/lfw/lfw-funneled/Goldie_Hawn/Goldie_Hawn_0001.jpg,/home/anitadonato/tcc/tcc/data/lfw/lfw-funneled/Goldie_Hawn/Goldie_Hawn_0005.jpg,0.6732857247954933,1
/home/anitadonato/tcc/tcc/data/lfw/lfw-funneled/Goldie_Hawn/Goldie_Hawn_0002.jpg,/home/anitadonato/tcc/tcc/data/lfw/lfw-funneled/Goldie_Hawn/Goldie_Hawn_0004.jpg,0.6056740748440835,1
/home/anitadonato/tcc/tcc/data/lfw/lfw-funneled/Goldie_Hawn/Goldie_Hawn_0002.jpg,/home/anitadonato/tcc/tcc/data/lfw/lfw-funneled/Goldie_Hawn/Goldie_Hawn_0005.jpg,0.7306481168624586,1
/home/anitadonato/tcc/tcc/data/lfw/lfw-funneled/Goldie_Hawn/Goldie_Hawn_0004.jpg,/home/anitadonato/tcc/tcc/data/lfw/lfw-funneled/Goldie_Hawn/Goldie_Hawn_0005.jpg,0.4537779649809289,1
/home/anitadonato/tcc/tcc/data/lfw/lfw-funneled/Geoff_Hoon/Geoff_Hoon_0003.jpg,/home/anitadonato/tcc/tcc/data/lfw/lfw-funneled/Geoff_Hoon/Geoff_Hoon_0002.jpg,0.4591966123828968,1
/home/anitadonato/tcc/tcc/data/lfw/lfw-funneled/Geoff_Hoon/Geoff_Hoon_0003.jpg,/home/anitadonato/tcc/tcc/data/lfw/lfw-funneled/Geoff_Hoon/Geoff_Hoon_0006.jpg,0.4836563370984668,1
/home/anitadonato/tcc/tcc/data/lfw/lfw-funneled/Geoff_Hoon/Geoff_Hoon_0003.jpg,/home/anitadonato/tcc/tcc/data/lfw/lfw-funneled/Geoff_Hoon/Geoff_Hoon_0007.jpg,0.527600131306114,1
/home/anitadonato/tcc/tcc/data/lfw/lfw-funneled/Geoff_Hoon/Geoff_Hoon_0003.jpg,/home/anitadonato/tcc/tcc/data/lfw/lfw-funneled/Geoff_Hoon/Geoff_Hoon_0001.jpg,0.6071870946183333,1
/home/anitadonato/tcc/tcc/data/lfw/lfw-funneled/Geoff_Hoon/Geoff_Hoon_0002.jpg,/home/anitadonato/tcc/tcc/data/lfw/lfw-funneled/Geoff_Hoon/Geoff_Hoon_0006.jpg,0.34644230566931755,1
/home/anitadonato/tcc/tcc/data/lfw/lfw-funneled/Geoff_Hoon/Geoff_Hoon_0002.jpg,/home/anitadonato/tcc/tcc/data/lfw/lfw-funneled/Geoff_Hoon/Geoff_Hoon_0007.jpg,0.39565572509460367,1
/home/anitadonato/tcc/tcc/data/lfw/lfw-funneled/Geoff_Hoon/Geoff_Hoon_0002.jpg,/home/anitadonato/tcc/tcc/data/lfw/lfw-funneled/Geoff_Hoon/Geoff_Hoon_0001.jpg,0.5435801797841631,1
/home/anitadonato/tcc/tcc/data/lfw/lfw-funneled/Geoff_Hoon/Geoff_Hoon_0006.jpg,/home/anitadonato/tcc/tcc/data/lfw/lfw-funneled/Geoff_Hoon/Geoff_Hoon_0007.jpg,0.4534997668107954,1
/home/anitadonato/tcc/tcc/data/lfw/lfw-funneled/Geoff_Hoon/Geoff_Hoon_0006.jpg,/home/anitadonato/tcc/tcc/data/lfw/lfw-funneled/Geoff_Hoon/Geoff_Hoon_0001.jpg,0.597178217879241,1
/home/anitadonato/tcc/tcc/data/lfw/lfw-funneled/Geoff_Hoon/Geoff_Hoon_0007.jpg,/home/anitadonato/tcc/tcc/data/lfw/lfw-funneled/Geoff_Hoon/Geoff_Hoon_0001.jpg,0.6510434192125141,1
/home/anitadonato/tcc/tcc/data/lfw/lfw-funneled/Christine_Todd_Whitman/Christine_Todd_Whitman_0001.jpg,/home/anitadonato/tcc/tcc/data/lfw/lfw-funneled/Christine_Todd_Whitman/Christine_Todd_Whitman_0004.jpg,0.24951180291148578,1
/home/anitadonato/tcc/tcc/data/lfw/lfw-funneled/Christine_Todd_Whitman/Christine_Todd_Whitman_0001.jpg,/home/anitadonato/tcc/tcc/data/lfw/lfw-funneled/Christine_Todd_Whitman/Christine_Todd_Whitman_0006.jpg,0.4537317806629272,1
/home/anitadonato/tcc/tcc/data/lfw/lfw-funneled/Christine_Todd_Whitman/Christine_Todd_Whitman_0001.jpg,/home/anitadonato/tcc/tcc/data/lfw/lfw-funneled/Christine_Todd_Whitman/Christine_Todd_Whitman_0002.jpg,0.6702634516716446,1
/home/anitadonato/tcc/tcc/data/lfw/lfw-funneled/Christine_Todd_Whitman/Christine_Todd_Whitman_0001.jpg,/home/anitadonato/tcc/tcc/data/lfw/lfw-funneled/Christine_Todd_Whitman/Christine_Todd_Whitman_0003.jpg,0.35701365860576095,1
/home/anitadonato/tcc/tcc/data/lfw/lfw-funneled/Christine_Todd_Whitman/Christine_Todd_Whitman_0004.jpg,/home/anitadonato/tcc/tcc/data/lfw/lfw-funneled/Christine_Todd_Whitman/Christine_Todd_Whitman_0006.jpg,0.40638456550831414,1
/home/anitadonato/tcc/tcc/data/lfw/lfw-funneled/Christine_Todd_Whitman/Christine_Todd_Whitman_0004.jpg,/home/anitadonato/tcc/tcc/data/lfw/lfw-funneled/Christine_Todd_Whitman/Christine_Todd_Whitman_0002.jpg,0.6741102971482184,1
/home/anitadonato/tcc/tcc/data/lfw/lfw-funneled/Christine_Todd_Whitman/Christine_Todd_Whitman_0004.jpg,/home/anitadonato/tcc/tcc/data/lfw/lfw-funneled/Christine_Todd_Whitman/Christine_Todd_Whitman_0003.jpg,0.2920405871286543,1
/home/anitadonato/tcc/tcc/data/lfw/lfw-funneled/Christine_Todd_Whitman/Christine_Todd_Whitman_0006.jpg,/home/anitadonato/tcc/tcc/data/lfw/lfw-funneled/Christine_Todd_Whitman/Christine_Todd_Whitman_0002.jpg,0.703503429070977,1
/home/anitadonato/tcc/tcc/data/lfw/lfw-funneled/Christine_Todd_Whitman/Christine_Todd_Whitman_0006.jpg,/home/anitadonato/tcc/tcc/data/lfw/lfw-funneled/Christine_Todd_Whitman/Christine_Todd_Whitman_0003.jpg,0.33104043286226503,1
/home/anitadonato/tcc/tcc/data/lfw/lfw-funneled/Christine_Todd_Whitman/Christine_Todd_Whitman_0002.jpg,/home/anitadonato/tcc/tcc/data/lfw/lfw-funneled/Christine_Todd_Whitman/Christine_Todd_Whitman_0003.jpg,0.6693583272865835,1
/home/anitadonato/tcc/tcc/data/lfw/lfw-funneled/Thaksin_Shinawatra/Thaksin_Shinawatra_0005.jpg,/home/anitadonato/tcc/tcc/data/lfw/lfw-funneled/Thaksin_Shinawatra/Thaksin_Shinawatra_0003.jpg,0.39366842353104614,1
/home/anitadonato/tcc/tcc/data/lfw/lfw-funneled/Thaksin_Shinawatra/Thaksin_Shinawatra_0005.jpg,/home/anitadonato/tcc/tcc/data/lfw/lfw-funneled/Thaksin_Shinawatra/Thaksin_Shinawatra_0001.jpg,0.39148090056604634,1
/home/anitadonato/tcc/tcc/data/lfw/lfw-funneled/Thaksin_Shinawatra/Thaksin_Shinawatra_0005.jpg,/home/anitadonato/tcc/tcc/data/lfw/lfw-funneled/Thaksin_Shinawatra/Thaksin_Shinawatra_0006.jpg,0.4110576510922357,1
/home/anitadonato/tcc/tcc/data/lfw/lfw-funneled/Thaksin_Shinawatra/Thaksin_Shinawatra_0005.jpg,/home/anitadonato/tcc/tcc/data/lfw/lfw-funneled/Thaksin_Shinawatra/Thaksin_Shinawatra_0002.jpg,0.34293529020381086,1
/home/anitadonato/tcc/tcc/data/lfw/lfw-funneled/Thaksin_Shinawatra/Thaksin_Shinawatra_0003.jpg,/home/anitadonato/tcc/tcc/data/lfw/lfw-funneled/Thaksin_Shinawatra/Thaksin_Shinawatra_0001.jpg,0.34492145359039184,1
/home/anitadonato/tcc/tcc/data/lfw/lfw-funneled/Thaksin_Shinawatra/Thaksin_Shinawatra_0003.jpg,/home/anitadonato/tcc/tcc/data/lfw/lfw-funneled/Thaksin_Shinawatra/Thaksin_Shinawatra_0006.jpg,0.31862038694744976,1
/home/anitadonato/tcc/tcc/data/lfw/lfw-funneled/Thaksin_Shinawatra/Thaksin_Shinawatra_0003.jpg,/home/anitadonato/tcc/tcc/data/lfw/lfw-funneled/Thaksin_Shinawatra/Thaksin_Shinawatra_0002.jpg,0.2896162837760168,1
/home/anitadonato/tcc/tcc/data/lfw/lfw-funneled/Thaksin_Shinawatra/Thaksin_Shinawatra_0001.jpg,/home/anitadonato/tcc/tcc/data/lfw/lfw-funneled/Thaksin_Shinawatra/Thaksin_Shinawatra_0006.jpg,0.4688804100009696,1
/home/anitadonato/tcc/tcc/data/lfw/lfw-funneled/Thaksin_Shinawatra/Thaksin_Shinawatra_0001.jpg,/home/anitadonato/tcc/tcc/data/lfw/lfw-funneled/Thaksin_Shinawatra/Thaksin_Shinawatra_0002.jpg,0.3057180356919369,1
/home/anitadonato/tcc/tcc/data/lfw/lfw-funneled/Thaksin_Shinawatra/Thaksin_Shinawatra_0006.jpg,/home/anitadonato/tcc/tcc/data/lfw/lfw-funneled/Thaksin_Shinawatra/Thaksin_Shinawatra_0002.jpg,0.38534042906584776,1
/home/anitadonato/tcc/tcc/data/lfw/lfw-funneled/Bulent_Ecevit/Bulent_Ecevit_0005.jpg,/home/anitadonato/tcc/tcc/data/lfw/lfw-funneled/Bulent_Ecevit/Bulent_Ecevit_0001.jpg,0.440661223398628,1
/home/anitadonato/tcc/tcc/data/lfw/lfw-funneled/Bulent_Ecevit/Bulent_Ecevit_0005.jpg,/home/anitadonato/tcc/tcc/data/lfw/lfw-funneled/Bulent_Ecevit/Bulent_Ecevit_0004.jpg,0.19548030941208883,1
/home/anitadonato/tcc/tcc/data/lfw/lfw-funneled/Bulent_Ecevit/Bulent_Ecevit_0005.jpg,/home/anitadonato/tcc/tcc/data/lfw/lfw-funneled/Bulent_Ecevit/Bulent_Ecevit_0006.jpg,0.3762410613752556,1
/home/anitadonato/tcc/tcc/data/lfw/lfw-funneled/Bulent_Ecevit/Bulent_Ecevit_0005.jpg,/home/anitadonato/tcc/tcc/data/lfw/lfw-funneled/Bulent_Ecevit/Bulent_Ecevit_0002.jpg,0.1586371417668555,1
/home/anitadonato/tcc/tcc/data/lfw/lfw-funneled/Bulent_Ecevit/Bulent_Ecevit_0001.jpg,/home/anitadonato/tcc/tcc/data/lfw/lfw-funneled/Bulent_Ecevit/Bulent_Ecevit_0004.jpg,0.4036840708772673,1
/home/anitadonato/tcc/tcc/data/lfw/lfw-funneled/Bulent_Ecevit/Bulent_Ecevit_0001.jpg,/home/anitadonato/tcc/tcc/data/lfw/lfw-funneled/Bulent_Ecevit/Bulent_Ecevit_0006.jpg,0.5703173739980176,1
/home/anitadonato/tcc/tcc/data/lfw/lfw-funneled/Bulent_Ecevit/Bulent_Ecevit_0001.jpg,/home/anitadonato/tcc/tcc/data/lfw/lfw-funneled/Bulent_Ecevit/Bulent_Ecevit_0002.jpg,0.40271633289746545,1
/home/anitadonato/tcc/tcc/data/lfw/lfw-funneled/Bulent_Ecevit/Bulent_Ecevit_0004.jpg,/home/anitadonato/tcc/tcc/data/lfw/lfw-funneled/Bulent_Ecevit/Bulent_Ecevit_0006.jpg,0.4299912199821062,1
/home/anitadonato/tcc/tcc/data/lfw/lfw-funneled/Bulent_Ecevit/Bulent_Ecevit_0004.jpg,/home/anitadonato/tcc/tcc/data/lfw/lfw-funneled/Bulent_Ecevit/Bulent_Ecevit_0002.jpg,0.12539645455740833,1
/home/anitadonato/tcc/tcc/data/lfw/lfw-funneled/Bulent_Ecevit/Bulent_Ecevit_0006.jpg,/home/anitadonato/tcc/tcc/data/lfw/lfw-funneled/Bulent_Ecevit/Bulent_Ecevit_0002.jpg,0.4840156225723955,1
/home/anitadonato/tcc/tcc/data/lfw/lfw-funneled/Rudolph_Giuliani/Rudolph_Giuliani_0021.jpg,/home/anitadonato/tcc/tcc/data/lfw/lfw-funneled/Rudolph_Giuliani/Rudolph_Giuliani_0020.jpg,0.4703197699270629,1
/home/anitadonato/tcc/tcc/data/lfw/lfw-funneled/Rudolph_Giuliani/Rudolph_Giuliani_0021.jpg,/home/anitadonato/tcc/tcc/data/lfw/lfw-funneled/Rudolph_Giuliani/Rudolph_Giuliani_0012.jpg,0.6792068956854465,1
/home/anitadonato/tcc/tcc/data/lfw/lfw-funneled/Rudolph_Giuliani/Rudolph_Giuliani_0021.jpg,/home/anitadonato/tcc/tcc/data/lfw/lfw-funneled/Rudolph_Giuliani/Rudolph_Giuliani_0019.jpg,0.30953884331292125,1
/home/anitadonato/tcc/tcc/data/lfw/lfw-funneled/Rudolph_Giuliani/Rudolph_Giuliani_0021.jpg,/home/anitadonato/tcc/tcc/data/lfw/lfw-funneled/Rudolph_Giuliani/Rudolph_Giuliani_0007.jpg,0.5878066802215882,1
/home/anitadonato/tcc/tcc/data/lfw/lfw-funneled/Rudolph_Giuliani/Rudolph_Giuliani_0020.jpg,/home/anitadonato/tcc/tcc/data/lfw/lfw-funneled/Rudolph_Giuliani/Rudolph_Giuliani_0012.jpg,0.6714035308457628,1
/home/anitadonato/tcc/tcc/data/lfw/lfw-funneled/Rudolph_Giuliani/Rudolph_Giuliani_0020.jpg,/home/anitadonato/tcc/tcc/data/lfw/lfw-funneled/Rudolph_Giuliani/Rudolph_Giuliani_0019.jpg,0.45815121336765297,1
/home/anitadonato/tcc/tcc/data/lfw/lfw-funneled/Rudolph_Giuliani/Rudolph_Giuliani_0020.jpg,/home/anitadonato/tcc/tcc/data/lfw/lfw-funneled/Rudolph_Giuliani/Rudolph_Giuliani_0007.jpg,0.5386231835495112,1
/home/anitadonato/tcc/tcc/data/lfw/lfw-funneled/Rudolph_Giuliani/Rudolph_Giuliani_0012.jpg,/home/anitadonato/tcc/tcc/data/lfw/lfw-funneled/Rudolph_Giuliani/Rudolph_Giuliani_0019.jpg,0.7667702199621147,1
/home/anitadonato/tcc/tcc/data/lfw/lfw-funneled/Rudolph_Giuliani/Rudolph_Giuliani_0012.jpg,/home/anitadonato/tcc/tcc/data/lfw/lfw-funneled/Rudolph_Giuliani/Rudolph_Giuliani_0007.jpg,0.6588841224570634,1
/home/anitadonato/tcc/tcc/data/lfw/lfw-funneled/Rudolph_Giuliani/Rudolph_Giuliani_0019.jpg,/home/anitadonato/tcc/tcc/data/lfw/lfw-funneled/Rudolph_Giuliani/Rudolph_Giuliani_0007.jpg,0.5556367852556714,1
/home/anitadonato/tcc/tcc/data/lfw/lfw-funneled/Yoko_Ono/Yoko_Ono_0006.jpg,/home/anitadonato/tcc/tcc/data/lfw/lfw-funneled/Yoko_Ono/Yoko_Ono_0001.jpg,0.5923863259708597,1
/home/anitadonato/tcc/tcc/data/lfw/lfw-funneled/Yoko_Ono/Yoko_Ono_0006.jpg,/home/anitadonato/tcc/tcc/data/lfw/lfw-funneled/Yoko_Ono/Yoko_Ono_0005.jpg,0.5568410525391724,1
/home/anitadonato/tcc/tcc/data/lfw/lfw-funneled/Yoko_Ono/Yoko_Ono_0006.jpg,/home/anitadonato/tcc/tcc/data/lfw/lfw-funneled/Yoko_Ono/Yoko_Ono_0003.jpg,0.4661789609346829,1
/home/anitadonato/tcc/tcc/data/lfw/lfw-funneled/Yoko_Ono/Yoko_Ono_0006.jpg,/home/anitadonato/tcc/tcc/data/lfw/lfw-funneled/Yoko_Ono/Yoko_Ono_0004.jpg,0.8896101845693151,1
/home/anitadonato/tcc/tcc/data/lfw/lfw-funneled/Yoko_Ono/Yoko_Ono_0001.jpg,/home/anitadonato/tcc/tcc/data/lfw/lfw-funneled/Yoko_Ono/Yoko_Ono_0005.jpg,0.568718878422547,1
/home/anitadonato/tcc/tcc/data/lfw/lfw-funneled/Yoko_Ono/Yoko_Ono_0001.jpg,/home/anitadonato/tcc/tcc/data/lfw/lfw-funneled/Yoko_Ono/Yoko_Ono_0003.jpg,0.4794595989800613,1
/home/anitadonato/tcc/tcc/data/lfw/lfw-funneled/Yoko_Ono/Yoko_Ono_0001.jpg,/home/anitadonato/tcc/tcc/data/lfw/lfw-funneled/Yoko_Ono/Yoko_Ono_0004.jpg,0.8740622103734879,1
/home/anitadonato/tcc/tcc/data/lfw/lfw-funneled/Yoko_Ono/Yoko_Ono_0005.jpg,/home/anitadonato/tcc/tcc/data/lfw/lfw-funneled/Yoko_Ono/Yoko_Ono_0003.jpg,0.31780658244953086,1
/home/anitadonato/tcc/tcc/data/lfw/lfw-funneled/Yoko_Ono/Yoko_Ono_0005.jpg,/home/anitadonato/tcc/tcc/data/lfw/lfw-funneled/Yoko_Ono/Yoko_Ono_0004.jpg,0.9222732578368618,1
/home/anitadonato/tcc/tcc/data/lfw/lfw-funneled/Yoko_Ono/Yoko_Ono_0003.jpg,/home/anitadonato/tcc/tcc/data/lfw/lfw-funneled/Yoko_Ono/Yoko_Ono_0004.jpg,0.892028301051406,1
/home/anitadonato/tcc/tcc/data/lfw/lfw-funneled/Mohammed_Al-Douri/Mohammed_Al-Douri_0013.jpg,/home/anitadonato/tcc/tcc/data/lfw/lfw-funneled/Mohammed_Al-Douri/Mohammed_Al-Douri_0005.jpg,0.4214015360654897,1
/home/anitadonato/tcc/tcc/data/lfw/lfw-funneled/Mohammed_Al-Douri/Mohammed_Al-Douri_0013.jpg,/home/anitadonato/tcc/tcc/data/lfw/lfw-funneled/Mohammed_Al-Douri/Mohammed_Al-Douri_0002.jpg,0.38523359407028845,1
/home/anitadonato/tcc/tcc/data/lfw/lfw-funneled/Mohammed_Al-Douri/Mohammed_Al-Douri_0013.jpg,/home/anitadonato/tcc/tcc/data/lfw/lfw-funneled/Mohammed_Al-Douri/Mohammed_Al-Douri_0004.jpg,0.5096927022274285,1
/home/anitadonato/tcc/tcc/data/lfw/lfw-funneled/Mohammed_Al-Douri/Mohammed_Al-Douri_0013.jpg,/home/anitadonato/tcc/tcc/data/lfw/lfw-funneled/Mohammed_Al-Douri/Mohammed_Al-Douri_0015.jpg,0.42698553823930274,1
/home/anitadonato/tcc/tcc/data/lfw/lfw-funneled/Mohammed_Al-Douri/Mohammed_Al-Douri_0005.jpg,/home/anitadonato/tcc/tcc/data/lfw/lfw-funneled/Mohammed_Al-Douri/Mohammed_Al-Douri_0002.jpg,0.2489183990042172,1
/home/anitadonato/tcc/tcc/data/lfw/lfw-funneled/Mohammed_Al-Douri/Mohammed_Al-Douri_0005.jpg,/home/anitadonato/tcc/tcc/data/lfw/lfw-funneled/Mohammed_Al-Douri/Mohammed_Al-Douri_0004.jpg,0.39815665644942244,1
/home/anitadonato/tcc/tcc/data/lfw/lfw-funneled/Mohammed_Al-Douri/Mohammed_Al-Douri_0005.jpg,/home/anitadonato/tcc/tcc/data/lfw/lfw-funneled/Mohammed_Al-Douri/Mohammed_Al-Douri_0015.jpg,0.3826395384038024,1
/home/anitadonato/tcc/tcc/data/lfw/lfw-funneled/Mohammed_Al-Douri/Mohammed_Al-Douri_0002.jpg,/home/anitadonato/tcc/tcc/data/lfw/lfw-funneled/Mohammed_Al-Douri/Mohammed_Al-Douri_0004.jpg,0.5180670578588593,1
/home/anitadonato/tcc/tcc/data/lfw/lfw-funneled/Mohammed_Al-Douri/Mohammed_Al-Douri_0002.jpg,/home/anitadonato/tcc/tcc/data/lfw/lfw-funneled/Mohammed_Al-Douri/Mohammed_Al-Douri_0015.jpg,0.31212671159947325,1
/home/anitadonato/tcc/tcc/data/lfw/lfw-funneled/Mohammed_Al-Douri/Mohammed_Al-Douri_0004.jpg,/home/anitadonato/tcc/tcc/data/lfw/lfw-funneled/Mohammed_Al-Douri/Mohammed_Al-Douri_0015.jpg,0.4220425166438604,1
/home/anitadonato/tcc/tcc/data/lfw/lfw-funneled/Billy_Crystal/Billy_Crystal_0004.jpg,/home/anitadonato/tcc/tcc/data/lfw/lfw-funneled/Billy_Crystal/Billy_Crystal_0003.jpg,0.5174615410822855,1
/home/anitadonato/tcc/tcc/data/lfw/lfw-funneled/Billy_Crystal/Billy_Crystal_0004.jpg,/home/anitadonato/tcc/tcc/data/lfw/lfw-funneled/Billy_Crystal/Billy_Crystal_0006.jpg,0.49476144374916176,1
/home/anitadonato/tcc/tcc/data/lfw/lfw-funneled/Billy_Crystal/Billy_Crystal_0004.jpg,/home/anitadonato/tcc/tcc/data/lfw/lfw-funneled/Billy_Crystal/Billy_Crystal_0005.jpg,0.6359203633613637,1
/home/anitadonato/tcc/tcc/data/lfw/lfw-funneled/Billy_Crystal/Billy_Crystal_0004.jpg,/home/anitadonato/tcc/tcc/data/lfw/lfw-funneled/Billy_Crystal/Billy_Crystal_0002.jpg,0.5960352229168486,1
/home/anitadonato/tcc/tcc/data/lfw/lfw-funneled/Billy_Crystal/Billy_Crystal_0003.jpg,/home/anitadonato/tcc/tcc/data/lfw/lfw-funneled/Billy_Crystal/Billy_Crystal_0006.jpg,0.6191375335439027,1
/home/anitadonato/tcc/tcc/data/lfw/lfw-funneled/Billy_Crystal/Billy_Crystal_0003.jpg,/home/anitadonato/tcc/tcc/data/lfw/lfw-funneled/Billy_Crystal/Billy_Crystal_0005.jpg,0.605397871229565,1
/home/anitadonato/tcc/tcc/data/lfw/lfw-funneled/Billy_Crystal/Billy_Crystal_0003.jpg,/home/anitadonato/tcc/tcc/data/lfw/lfw-funneled/Billy_Crystal/Billy_Crystal_0002.jpg,0.5380353280207089,1
/home/anitadonato/tcc/tcc/data/lfw/lfw-funneled/Billy_Crystal/Billy_Crystal_0006.jpg,/home/anitadonato/tcc/tcc/data/lfw/lfw-funneled/Billy_Crystal/Billy_Crystal_0005.jpg,0.4943694483191279,1
/home/anitadonato/tcc/tcc/data/lfw/lfw-funneled/Billy_Crystal/Billy_Crystal_0006.jpg,/home/anitadonato/tcc/tcc/data/lfw/lfw-funneled/Billy_Crystal/Billy_Crystal_0002.jpg,0.6002426016732575,1
/home/anitadonato/tcc/tcc/data/lfw/lfw-funneled/Billy_Crystal/Billy_Crystal_0005.jpg,/home/anitadonato/tcc/tcc/data/lfw/lfw-funneled/Billy_Crystal/Billy_Crystal_0002.jpg,0.4122360828326883,1
/home/anitadonato/tcc/tcc/data/lfw/lfw-funneled/Paul_Martin/Paul_Martin_0003.jpg,/home/anitadonato/tcc/tcc/data/lfw/lfw-funneled/Paul_Martin/Paul_Martin_0008.jpg,0.627395112704531,1
/home/anitadonato/tcc/tcc/data/lfw/lfw-funneled/Paul_Martin/Paul_Martin_0003.jpg,/home/anitadonato/tcc/tcc/data/lfw/lfw-funneled/Paul_Martin/Paul_Martin_0007.jpg,0.5290702362243866,1
/home/anitadonato/tcc/tcc/data/lfw/lfw-funneled/Paul_Martin/Paul_Martin_0003.jpg,/home/anitadonato/tcc/tcc/data/lfw/lfw-funneled/Paul_Martin/Paul_Martin_0002.jpg,0.5445385356896832,1
/home/anitadonato/tcc/tcc/data/lfw/lfw-funneled/Paul_Martin/Paul_Martin_0003.jpg,/home/anitadonato/tcc/tcc/data/lfw/lfw-funneled/Paul_Martin/Paul_Martin_0006.jpg,0.5554445995878112,1
/home/anitadonato/tcc/tcc/data/lfw/lfw-funneled/Paul_Martin/Paul_Martin_0008.jpg,/home/anitadonato/tcc/tcc/data/lfw/lfw-funneled/Paul_Martin/Paul_Martin_0007.jpg,0.5901728533340985,1
/home/anitadonato/tcc/tcc/data/lfw/lfw-funneled/Paul_Martin/Paul_Martin_0008.jpg,/home/anitadonato/tcc/tcc/data/lfw/lfw-funneled/Paul_Martin/Paul_Martin_0002.jpg,0.5469002942423236,1
/home/anitadonato/tcc/tcc/data/lfw/lfw-funneled/Paul_Martin/Paul_Martin_0008.jpg,/home/anitadonato/tcc/tcc/data/lfw/lfw-funneled/Paul_Martin/Paul_Martin_0006.jpg,0.702339641792312,1
/home/anitadonato/tcc/tcc/data/lfw/lfw-funneled/Paul_Martin/Paul_Martin_0007.jpg,/home/anitadonato/tcc/tcc/data/lfw/lfw-funneled/Paul_Martin/Paul_Martin_0002.jpg,0.6095961341383794,1
/home/anitadonato/tcc/tcc/data/lfw/lfw-funneled/Paul_Martin/Paul_Martin_0007.jpg,/home/anitadonato/tcc/tcc/data/lfw/lfw-funneled/Paul_Martin/Paul_Martin_0006.jpg,0.5635080422858878,1
/home/anitadonato/tcc/tcc/data/lfw/lfw-funneled/Paul_Martin/Paul_Martin_0002.jpg,/home/anitadonato/tcc/tcc/data/lfw/lfw-funneled/Paul_Martin/Paul_Martin_0006.jpg,0.6827192126971984,1
/home/anitadonato/tcc/tcc/data/lfw/lfw-funneled/Kevin_Costner/Kevin_Costner_0002.jpg,/home/anitadonato/tcc/tcc/data/lfw/lfw-funneled/Kevin_Costner/Kevin_Costner_0005.jpg,0.6327304495383789,1
/home/anitadonato/tcc/tcc/data/lfw/lfw-funneled/Kevin_Costner/Kevin_Costner_0002.jpg,/home/anitadonato/tcc/tcc/data/lfw/lfw-funneled/Kevin_Costner/Kevin_Costner_0006.jpg,0.6872237379866819,1
/home/anitadonato/tcc/tcc/data/lfw/lfw-funneled/Kevin_Costner/Kevin_Costner_0002.jpg,/home/anitadonato/tcc/tcc/data/lfw/lfw-funneled/Kevin_Costner/Kevin_Costner_0008.jpg,0.752385221476227,1
/home/anitadonato/tcc/tcc/data/lfw/lfw-funneled/Kevin_Costner/Kevin_Costner_0002.jpg,/home/anitadonato/tcc/tcc/data/lfw/lfw-funneled/Kevin_Costner/Kevin_Costner_0007.jpg,0.8170090703757587,1
/home/anitadonato/tcc/tcc/data/lfw/lfw-funneled/Kevin_Costner/Kevin_Costner_0005.jpg,/home/anitadonato/tcc/tcc/data/lfw/lfw-funneled/Kevin_Costner/Kevin_Costner_0006.jpg,0.359682527306626,1
/home/anitadonato/tcc/tcc/data/lfw/lfw-funneled/Kevin_Costner/Kevin_Costner_0005.jpg,/home/anitadonato/tcc/tcc/data/lfw/lfw-funneled/Kevin_Costner/Kevin_Costner_0008.jpg,0.4706867494862187,1
/home/anitadonato/tcc/tcc/data/lfw/lfw-funneled/Kevin_Costner/Kevin_Costner_0005.jpg,/home/anitadonato/tcc/tcc/data/lfw/lfw-funneled/Kevin_Costner/Kevin_Costner_0007.jpg,0.6913734961428222,1
/home/anitadonato/tcc/tcc/data/lfw/lfw-funneled/Kevin_Costner/Kevin_Costner_0006.jpg,/home/anitadonato/tcc/tcc/data/lfw/lfw-funneled/Kevin_Costner/Kevin_Costner_0008.jpg,0.3098128894647083,1
/home/anitadonato/tcc/tcc/data/lfw/lfw-funneled/Kevin_Costner/Kevin_Costner_0006.jpg,/home/anitadonato/tcc/tcc/data/lfw/lfw-funneled/Kevin_Costner/Kevin_Costner_0007.jpg,0.49944272021683966,1
/home/anitadonato/tcc/tcc/data/lfw/lfw-funneled/Kevin_Costner/Kevin_Costner_0008.jpg,/home/anitadonato/tcc/tcc/data/lfw/lfw-funneled/Kevin_Costner/Kevin_Costner_0007.jpg,0.5735707891056163,1
/home/anitadonato/tcc/tcc/data/lfw/lfw-funneled/Ana_Palacio/Ana_Palacio_0003.jpg,/home/anitadonato/tcc/tcc/data/lfw/lfw-funneled/Ana_Palacio/Ana_Palacio_0004.jpg,0.5712375688943385,1
/home/anitadonato/tcc/tcc/data/lfw/lfw-funneled/Ana_Palacio/Ana_Palacio_0003.jpg,/home/anitadonato/tcc/tcc/data/lfw/lfw-funneled/Ana_Palacio/Ana_Palacio_0007.jpg,0.43313045523777804,1
/home/anitadonato/tcc/tcc/data/lfw/lfw-funneled/Ana_Palacio/Ana_Palacio_0003.jpg,/home/anitadonato/tcc/tcc/data/lfw/lfw-funneled/Ana_Palacio/Ana_Palacio_0008.jpg,0.4110002443488159,1
/home/anitadonato/tcc/tcc/data/lfw/lfw-funneled/Ana_Palacio/Ana_Palacio_0003.jpg,/home/anitadonato/tcc/tcc/data/lfw/lfw-funneled/Ana_Palacio/Ana_Palacio_0002.jpg,0.4889925814650624,1
/home/anitadonato/tcc/tcc/data/lfw/lfw-funneled/Ana_Palacio/Ana_Palacio_0004.jpg,/home/anitadonato/tcc/tcc/data/lfw/lfw-funneled/Ana_Palacio/Ana_Palacio_0007.jpg,0.6893565173423453,1
/home/anitadonato/tcc/tcc/data/lfw/lfw-funneled/Ana_Palacio/Ana_Palacio_0004.jpg,/home/anitadonato/tcc/tcc/data/lfw/lfw-funneled/Ana_Palacio/Ana_Palacio_0008.jpg,0.6103276459964083,1
/home/anitadonato/tcc/tcc/data/lfw/lfw-funneled/Ana_Palacio/Ana_Palacio_0004.jpg,/home/anitadonato/tcc/tcc/data/lfw/lfw-funneled/Ana_Palacio/Ana_Palacio_0002.jpg,0.6703601585584534,1
/home/anitadonato/tcc/tcc/data/lfw/lfw-funneled/Ana_Palacio/Ana_Palacio_0007.jpg,/home/anitadonato/tcc/tcc/data/lfw/lfw-funneled/Ana_Palacio/Ana_Palacio_0008.jpg,0.5910108286274194,1
/home/anitadonato/tcc/tcc/data/lfw/lfw-funneled/Ana_Palacio/Ana_Palacio_0007.jpg,/home/anitadonato/tcc/tcc/data/lfw/lfw-funneled/Ana_Palacio/Ana_Palacio_0002.jpg,0.644140986822773,1
/home/anitadonato/tcc/tcc/data/lfw/lfw-funneled/Ana_Palacio/Ana_Palacio_0008.jpg,/home/anitadonato/tcc/tcc/data/lfw/lfw-funneled/Ana_Palacio/Ana_Palacio_0002.jpg,0.6162918408926422,1
/home/anitadonato/tcc/tcc/data/lfw/lfw-funneled/Ana_Guevara/Ana_Guevara_0006.jpg,/home/anitadonato/tcc/tcc/data/lfw/lfw-funneled/Ana_Guevara/Ana_Guevara_0003.jpg,0.4017138895662028,1
/home/anitadonato/tcc/tcc/data/lfw/lfw-funneled/Ana_Guevara/Ana_Guevara_0006.jpg,/home/anitadonato/tcc/tcc/data/lfw/lfw-funneled/Ana_Guevara/Ana_Guevara_0001.jpg,0.41246482936983897,1
/home/anitadonato/tcc/tcc/data/lfw/lfw-funneled/Ana_Guevara/Ana_Guevara_0006.jpg,/home/anitadonato/tcc/tcc/data/lfw/lfw-funneled/Ana_Guevara/Ana_Guevara_0002.jpg,0.38910805057788456,1
/home/anitadonato/tcc/tcc/data/lfw/lfw-funneled/Ana_Guevara/Ana_Guevara_0006.jpg,/home/anitadonato/tcc/tcc/data/lfw/lfw-funneled/Ana_Guevara/Ana_Guevara_0005.jpg,0.2977268236361257,1
/home/anitadonato/tcc/tcc/data/lfw/lfw-funneled/Ana_Guevara/Ana_Guevara_0003.jpg,/home/anitadonato/tcc/tcc/data/lfw/lfw-funneled/Ana_Guevara/Ana_Guevara_0001.jpg,0.5700176675696126,1
/home/anitadonato/tcc/tcc/data/lfw/lfw-funneled/Ana_Guevara/Ana_Guevara_0003.jpg,/home/anitadonato/tcc/tcc/data/lfw/lfw-funneled/Ana_Guevara/Ana_Guevara_0002.jpg,0.26101869994831295,1
/home/anitadonato/tcc/tcc/data/lfw/lfw-funneled/Ana_Guevara/Ana_Guevara_0003.jpg,/home/anitadonato/tcc/tcc/data/lfw/lfw-funneled/Ana_Guevara/Ana_Guevara_0005.jpg,0.4384575366297331,1
/home/anitadonato/tcc/tcc/data/lfw/lfw-funneled/Ana_Guevara/Ana_Guevara_0001.jpg,/home/anitadonato/tcc/tcc/data/lfw/lfw-funneled/Ana_Guevara/Ana_Guevara_0002.jpg,0.48839904507827125,1
/home/anitadonato/tcc/tcc/data/lfw/lfw-funneled/Ana_Guevara/Ana_Guevara_0001.jpg,/home/anitadonato/tcc/tcc/data/lfw/lfw-funneled/Ana_Guevara/Ana_Guevara_0005.jpg,0.44381132718243255,1
/home/anitadonato/tcc/tcc/data/lfw/lfw-funneled/Ana_Guevara/Ana_Guevara_0002.jpg,/home/anitadonato/tcc/tcc/data/lfw/lfw-funneled/Ana_Guevara/Ana_Guevara_0005.jpg,0.4671462383972126,1
/home/anitadonato/tcc/tcc/data/lfw/lfw-funneled/Bob_Hope/Bob_Hope_0006.jpg,/home/anitadonato/tcc/tcc/data/lfw/lfw-funneled/Bob_Hope/Bob_Hope_0004.jpg,0.7975926617442193,1
/home/anitadonato/tcc/tcc/data/lfw/lfw-funneled/Bob_Hope/Bob_Hope_0006.jpg,/home/anitadonato/tcc/tcc/data/lfw/lfw-funneled/Bob_Hope/Bob_Hope_0003.jpg,0.7378955626724352,1
/home/anitadonato/tcc/tcc/data/lfw/lfw-funneled/Bob_Hope/Bob_Hope_0006.jpg,/home/anitadonato/tcc/tcc/data/lfw/lfw-funneled/Bob_Hope/Bob_Hope_0001.jpg,0.6683667960888411,1
/home/anitadonato/tcc/tcc/data/lfw/lfw-funneled/Bob_Hope/Bob_Hope_0006.jpg,/home/anitadonato/tcc/tcc/data/lfw/lfw-funneled/Bob_Hope/Bob_Hope_0002.jpg,0.7376706872182484,1
/home/anitadonato/tcc/tcc/data/lfw/lfw-funneled/Bob_Hope/Bob_Hope_0004.jpg,/home/anitadonato/tcc/tcc/data/lfw/lfw-funneled/Bob_Hope/Bob_Hope_0003.jpg,0.6796405285015927,1
/home/anitadonato/tcc/tcc/data/lfw/lfw-funneled/Bob_Hope/Bob_Hope_0004.jpg,/home/anitadonato/tcc/tcc/data/lfw/lfw-funneled/Bob_Hope/Bob_Hope_0001.jpg,0.7077807566455596,1
/home/anitadonato/tcc/tcc/data/lfw/lfw-funneled/Bob_Hope/Bob_Hope_0004.jpg,/home/anitadonato/tcc/tcc/data/lfw/lfw-funneled/Bob_Hope/Bob_Hope_0002.jpg,0.5037076423669942,1
/home/anitadonato/tcc/tcc/data/lfw/lfw-funneled/Bob_Hope/Bob_Hope_0003.jpg,/home/anitadonato/tcc/tcc/data/lfw/lfw-funneled/Bob_Hope/Bob_Hope_0001.jpg,0.4682564521745427,1
/home/anitadonato/tcc/tcc/data/lfw/lfw-funneled/Bob_Hope/Bob_Hope_0003.jpg,/home/anitadonato/tcc/tcc/data/lfw/lfw-funneled/Bob_Hope/Bob_Hope_0002.jpg,0.4422278078160363,1
/home/anitadonato/tcc/tcc/data/lfw/lfw-funneled/Bob_Hope/Bob_Hope_0001.jpg,/home/anitadonato/tcc/tcc/data/lfw/lfw-funneled/Bob_Hope/Bob_Hope_0002.jpg,0.6210372793701823,1
/home/anitadonato/tcc/tcc/data/lfw/lfw-funneled/Frank_Solich/Frank_Solich_0005.jpg,/home/anitadonato/tcc/tcc/data/lfw/lfw-funneled/Frank_Solich/Frank_Solich_0003.jpg,0.3334688856826584,1
/home/anitadonato/tcc/tcc/data/lfw/lfw-funneled/Frank_Solich/Frank_Solich_0005.jpg,/home/anitadonato/tcc/tcc/data/lfw/lfw-funneled/Frank_Solich/Frank_Solich_0001.jpg,0.18073591417274548,1
/home/anitadonato/tcc/tcc/data/lfw/lfw-funneled/Frank_Solich/Frank_Solich_0005.jpg,/home/anitadonato/tcc/tcc/data/lfw/lfw-funneled/Frank_Solich/Frank_Solich_0002.jpg,0.17025572642779685,1
/home/anitadonato/tcc/tcc/data/lfw/lfw-funneled/Frank_Solich/Frank_Solich_0005.jpg,/home/anitadonato/tcc/tcc/data/lfw/lfw-funneled/Frank_Solich/Frank_Solich_0004.jpg,0.34462110978636007,1
/home/anitadonato/tcc/tcc/data/lfw/lfw-funneled/Frank_Solich/Frank_Solich_0003.jpg,/home/anitadonato/tcc/tcc/data/lfw/lfw-funneled/Frank_Solich/Frank_Solich_0001.jpg,0.39226850619955933,1
/home/anitadonato/tcc/tcc/data/lfw/lfw-funneled/Frank_Solich/Frank_Solich_0003.jpg,/home/anitadonato/tcc/tcc/data/lfw/lfw-funneled/Frank_Solich/Frank_Solich_0002.jpg,0.29107706686852863,1
/home/anitadonato/tcc/tcc/data/lfw/lfw-funneled/Frank_Solich/Frank_Solich_0003.jpg,/home/anitadonato/tcc/tcc/data/lfw/lfw-funneled/Frank_Solich/Frank_Solich_0004.jpg,0.43431607899533564,1
/home/anitadonato/tcc/tcc/data/lfw/lfw-funneled/Frank_Solich/Frank_Solich_0001.jpg,/home/anitadonato/tcc/tcc/data/lfw/lfw-funneled/Frank_Solich/Frank_Solich_0002.jpg,0.2272655195658263,1
/home/anitadonato/tcc/tcc/data/lfw/lfw-funneled/Frank_Solich/Frank_Solich_0001.jpg,/home/anitadonato/tcc/tcc/data/lfw/lfw-funneled/Frank_Solich/Frank_Solich_0004.jpg,0.3475801620726552,1
/home/anitadonato/tcc/tcc/data/lfw/lfw-funneled/Frank_Solich/Frank_Solich_0002.jpg,/home/anitadonato/tcc/tcc/data/lfw/lfw-funneled/Frank_Solich/Frank_Solich_0004.jpg,0.3513368998754347,1
/home/anitadonato/tcc/tcc/data/lfw/lfw-funneled/George_Robertson/George_Robertson_0021.jpg,/home/anitadonato/tcc/tcc/data/lfw/lfw-funneled/George_Robertson/George_Robertson_0015.jpg,0.24542204189934336,1
/home/anitadonato/tcc/tcc/data/lfw/lfw-funneled/George_Robertson/George_Robertson_0021.jpg,/home/anitadonato/tcc/tcc/data/lfw/lfw-funneled/George_Robertson/George_Robertson_0005.jpg,0.34728379267110676,1
/home/anitadonato/tcc/tcc/data/lfw/lfw-funneled/George_Robertson/George_Robertson_0021.jpg,/home/anitadonato/tcc/tcc/data/lfw/lfw-funneled/George_Robertson/George_Robertson_0009.jpg,0.33793520295820134,1
/home/anitadonato/tcc/tcc/data/lfw/lfw-funneled/George_Robertson/George_Robertson_0021.jpg,/home/anitadonato/tcc/tcc/data/lfw/lfw-funneled/George_Robertson/George_Robertson_0008.jpg,0.34120153639914197,1
/home/anitadonato/tcc/tcc/data/lfw/lfw-funneled/George_Robertson/George_Robertson_0015.jpg,/home/anitadonato/tcc/tcc/data/lfw/lfw-funneled/George_Robertson/George_Robertson_0005.jpg,0.39502583747480713,1
/home/anitadonato/tcc/tcc/data/lfw/lfw-funneled/George_Robertson/George_Robertson_0015.jpg,/home/anitadonato/tcc/tcc/data/lfw/lfw-funneled/George_Robertson/George_Robertson_0009.jpg,0.380447546996049,1
/home/anitadonato/tcc/tcc/data/lfw/lfw-funneled/George_Robertson/George_Robertson_0015.jpg,/home/anitadonato/tcc/tcc/data/lfw/lfw-funneled/George_Robertson/George_Robertson_0008.jpg,0.3587550795409137,1
/home/anitadonato/tcc/tcc/data/lfw/lfw-funneled/George_Robertson/George_Robertson_0005.jpg,/home/anitadonato/tcc/tcc/data/lfw/lfw-funneled/George_Robertson/George_Robertson_0009.jpg,0.3553803722434954,1
/home/anitadonato/tcc/tcc/data/lfw/lfw-funneled/George_Robertson/George_Robertson_0005.jpg,/home/anitadonato/tcc/tcc/data/lfw/lfw-funneled/George_Robertson/George_Robertson_0008.jpg,0.27993071708929473,1
/home/anitadonato/tcc/tcc/data/lfw/lfw-funneled/George_Robertson/George_Robertson_0009.jpg,/home/anitadonato/tcc/tcc/data/lfw/lfw-funneled/George_Robertson/George_Robertson_0008.jpg,0.38191966872790006,1
/home/anitadonato/tcc/tcc/data/lfw/lfw-funneled/Matthew_Perry/Matthew_Perry_0006.jpg,/home/anitadonato/tcc/tcc/data/lfw/lfw-funneled/Matthew_Perry/Matthew_Perry_0005.jpg,0.46912119080943226,1
/home/anitadonato/tcc/tcc/data/lfw/lfw-funneled/Matthew_Perry/Matthew_Perry_0006.jpg,/home/anitadonato/tcc/tcc/data/lfw/lfw-funneled/Matthew_Perry/Matthew_Perry_0007.jpg,0.5780250159763468,1
/home/anitadonato/tcc/tcc/data/lfw/lfw-funneled/Matthew_Perry/Matthew_Perry_0006.jpg,/home/anitadonato/tcc/tcc/data/lfw/lfw-funneled/Matthew_Perry/Matthew_Perry_0003.jpg,0.7380063573076436,1
/home/anitadonato/tcc/tcc/data/lfw/lfw-funneled/Matthew_Perry/Matthew_Perry_0006.jpg,/home/anitadonato/tcc/tcc/data/lfw/lfw-funneled/Matthew_Perry/Matthew_Perry_0004.jpg,0.6281208322254377,1
/home/anitadonato/tcc/tcc/data/lfw/lfw-funneled/Matthew_Perry/Matthew_Perry_0005.jpg,/home/anitadonato/tcc/tcc/data/lfw/lfw-funneled/Matthew_Perry/Matthew_Perry_0007.jpg,0.3768994112140315,1
/home/anitadonato/tcc/tcc/data/lfw/lfw-funneled/Matthew_Perry/Matthew_Perry_0005.jpg,/home/anitadonato/tcc/tcc/data/lfw/lfw-funneled/Matthew_Perry/Matthew_Perry_0003.jpg,0.6236703723744653,1
/home/anitadonato/tcc/tcc/data/lfw/lfw-funneled/Matthew_Perry/Matthew_Perry_0005.jpg,/home/anitadonato/tcc/tcc/data/lfw/lfw-funneled/Matthew_Perry/Matthew_Perry_0004.jpg,0.6332068308766099,1
/home/anitadonato/tcc/tcc/data/lfw/lfw-funneled/Matthew_Perry/Matthew_Perry_0007.jpg,/home/anitadonato/tcc/tcc/data/lfw/lfw-funneled/Matthew_Perry/Matthew_Perry_0003.jpg,0.6068022084691322,1
/home/anitadonato/tcc/tcc/data/lfw/lfw-funneled/Matthew_Perry/Matthew_Perry_0007.jpg,/home/anitadonato/tcc/tcc/data/lfw/lfw-funneled/Matthew_Perry/Matthew_Perry_0004.jpg,0.5041312785858085,1
/home/anitadonato/tcc/tcc/data/lfw/lfw-funneled/Matthew_Perry/Matthew_Perry_0003.jpg,/home/anitadonato/tcc/tcc/data/lfw/lfw-funneled/Matthew_Perry/Matthew_Perry_0004.jpg,0.848712701340399,1
/home/anitadonato/tcc/tcc/data/lfw/lfw-funneled/Pedro_Malan/Pedro_Malan_0005.jpg,/home/anitadonato/tcc/tcc/data/lfw/lfw-funneled/Pedro_Malan/Pedro_Malan_0004.jpg,0.27805671523721276,1
/home/anitadonato/tcc/tcc/data/lfw/lfw-funneled/Pedro_Malan/Pedro_Malan_0005.jpg,/home/anitadonato/tcc/tcc/data/lfw/lfw-funneled/Pedro_Malan/Pedro_Malan_0003.jpg,0.3956477455967603,1
/home/anitadonato/tcc/tcc/data/lfw/lfw-funneled/Pedro_Malan/Pedro_Malan_0005.jpg,/home/anitadonato/tcc/tcc/data/lfw/lfw-funneled/Pedro_Malan/Pedro_Malan_0002.jpg,0.24508475704635735,1
/home/anitadonato/tcc/tcc/data/lfw/lfw-funneled/Pedro_Malan/Pedro_Malan_0005.jpg,/home/anitadonato/tcc/tcc/data/lfw/lfw-funneled/Pedro_Malan/Pedro_Malan_0001.jpg,0.45416768047255807,1
/home/anitadonato/tcc/tcc/data/lfw/lfw-funneled/Pedro_Malan/Pedro_Malan_0004.jpg,/home/anitadonato/tcc/tcc/data/lfw/lfw-funneled/Pedro_Malan/Pedro_Malan_0003.jpg,0.4544349155035865,1
/home/anitadonato/tcc/tcc/data/lfw/lfw-funneled/Pedro_Malan/Pedro_Malan_0004.jpg,/home/anitadonato/tcc/tcc/data/lfw/lfw-funneled/Pedro_Malan/Pedro_Malan_0002.jpg,0.41573415907753386,1
/home/anitadonato/tcc/tcc/data/lfw/lfw-funneled/Pedro_Malan/Pedro_Malan_0004.jpg,/home/anitadonato/tcc/tcc/data/lfw/lfw-funneled/Pedro_Malan/Pedro_Malan_0001.jpg,0.4809514996818519,1
/home/anitadonato/tcc/tcc/data/lfw/lfw-funneled/Pedro_Malan/Pedro_Malan_0003.jpg,/home/anitadonato/tcc/tcc/data/lfw/lfw-funneled/Pedro_Malan/Pedro_Malan_0002.jpg,0.44150399744667246,1
/home/anitadonato/tcc/tcc/data/lfw/lfw-funneled/Pedro_Malan/Pedro_Malan_0003.jpg,/home/anitadonato/tcc/tcc/data/lfw/lfw-funneled/Pedro_Malan/Pedro_Malan_0001.jpg,0.4980038095046033,1
/home/anitadonato/tcc/tcc/data/lfw/lfw-funneled/Pedro_Malan/Pedro_Malan_0002.jpg,/home/anitadonato/tcc/tcc/data/lfw/lfw-funneled/Pedro_Malan/Pedro_Malan_0001.jpg,0.568154821166736,1
/home/anitadonato/tcc/tcc/data/lfw/lfw-funneled/Amelia_Vega/Amelia_Vega_0002.jpg,/home/anitadonato/tcc/tcc/data/lfw/lfw-funneled/Amelia_Vega/Amelia_Vega_0007.jpg,0.5142307182057031,1
/home/anitadonato/tcc/tcc/data/lfw/lfw-funneled/Amelia_Vega/Amelia_Vega_0002.jpg,/home/anitadonato/tcc/tcc/data/lfw/lfw-funneled/Amelia_Vega/Amelia_Vega_0005.jpg,0.42086761271491735,1
/home/anitadonato/tcc/tcc/data/lfw/lfw-funneled/Amelia_Vega/Amelia_Vega_0002.jpg,/home/anitadonato/tcc/tcc/data/lfw/lfw-funneled/Amelia_Vega/Amelia_Vega_0004.jpg,0.40013705806137445,1
/home/anitadonato/tcc/tcc/data/lfw/lfw-funneled/Amelia_Vega/Amelia_Vega_0002.jpg,/home/anitadonato/tcc/tcc/data/lfw/lfw-funneled/Amelia_Vega/Amelia_Vega_0001.jpg,0.3663712086112869,1
/home/anitadonato/tcc/tcc/data/lfw/lfw-funneled/Amelia_Vega/Amelia_Vega_0007.jpg,/home/anitadonato/tcc/tcc/data/lfw/lfw-funneled/Amelia_Vega/Amelia_Vega_0005.jpg,0.38526752953371335,1
/home/anitadonato/tcc/tcc/data/lfw/lfw-funneled/Amelia_Vega/Amelia_Vega_0007.jpg,/home/anitadonato/tcc/tcc/data/lfw/lfw-funneled/Amelia_Vega/Amelia_Vega_0004.jpg,0.37161160132171256,1
/home/anitadonato/tcc/tcc/data/lfw/lfw-funneled/Amelia_Vega/Amelia_Vega_0007.jpg,/home/anitadonato/tcc/tcc/data/lfw/lfw-funneled/Amelia_Vega/Amelia_Vega_0001.jpg,0.3961948464159577,1
/home/anitadonato/tcc/tcc/data/lfw/lfw-funneled/Amelia_Vega/Amelia_Vega_0005.jpg,/home/anitadonato/tcc/tcc/data/lfw/lfw-funneled/Amelia_Vega/Amelia_Vega_0004.jpg,0.3017407605554897,1
/home/anitadonato/tcc/tcc/data/lfw/lfw-funneled/Amelia_Vega/Amelia_Vega_0005.jpg,/home/anitadonato/tcc/tcc/data/lfw/lfw-funneled/Amelia_Vega/Amelia_Vega_0001.jpg,0.244941538453457,1
/home/anitadonato/tcc/tcc/data/lfw/lfw-funneled/Amelia_Vega/Amelia_Vega_0004.jpg,/home/anitadonato/tcc/tcc/data/lfw/lfw-funneled/Amelia_Vega/Amelia_Vega_0001.jpg,0.2313507996825689,1
/home/anitadonato/tcc/tcc/data/lfw/lfw-funneled/Natalie_Coughlin/Natalie_Coughlin_0001.jpg,/home/anitadonato/tcc/tcc/data/lfw/lfw-funneled/Natalie_Coughlin/Natalie_Coughlin_0006.jpg,0.27192468783161483,1
/home/anitadonato/tcc/tcc/data/lfw/lfw-funneled/Natalie_Coughlin/Natalie_Coughlin_0001.jpg,/home/anitadonato/tcc/tcc/data/lfw/lfw-funneled/Natalie_Coughlin/Natalie_Coughlin_0002.jpg,0.4228132847984756,1
/home/anitadonato/tcc/tcc/data/lfw/lfw-funneled/Natalie_Coughlin/Natalie_Coughlin_0001.jpg,/home/anitadonato/tcc/tcc/data/lfw/lfw-funneled/Natalie_Coughlin/Natalie_Coughlin_0003.jpg,0.4148040283509701,1
/home/anitadonato/tcc/tcc/data/lfw/lfw-funneled/Natalie_Coughlin/Natalie_Coughlin_0001.jpg,/home/anitadonato/tcc/tcc/data/lfw/lfw-funneled/Natalie_Coughlin/Natalie_Coughlin_0005.jpg,0.27348447796147257,1
/home/anitadonato/tcc/tcc/data/lfw/lfw-funneled/Natalie_Coughlin/Natalie_Coughlin_0006.jpg,/home/anitadonato/tcc/tcc/data/lfw/lfw-funneled/Natalie_Coughlin/Natalie_Coughlin_0002.jpg,0.34317357266611503,1
/home/anitadonato/tcc/tcc/data/lfw/lfw-funneled/Natalie_Coughlin/Natalie_Coughlin_0006.jpg,/home/anitadonato/tcc/tcc/data/lfw/lfw-funneled/Natalie_Coughlin/Natalie_Coughlin_0003.jpg,0.5209516774594385,1
/home/anitadonato/tcc/tcc/data/lfw/lfw-funneled/Natalie_Coughlin/Natalie_Coughlin_0006.jpg,/home/anitadonato/tcc/tcc/data/lfw/lfw-funneled/Natalie_Coughlin/Natalie_Coughlin_0005.jpg,0.11923667356374212,1
/home/anitadonato/tcc/tcc/data/lfw/lfw-funneled/Natalie_Coughlin/Natalie_Coughlin_0002.jpg,/home/anitadonato/tcc/tcc/data/lfw/lfw-funneled/Natalie_Coughlin/Natalie_Coughlin_0003.jpg,0.5550767943621733,1
/home/anitadonato/tcc/tcc/data/lfw/lfw-funneled/Natalie_Coughlin/Natalie_Coughlin_0002.jpg,/home/anitadonato/tcc/tcc/data/lfw/lfw-funneled/Natalie_Coughlin/Natalie_Coughlin_0005.jpg,0.3542452483985138,1
/home/anitadonato/tcc/tcc/data/lfw/lfw-funneled/Natalie_Coughlin/Natalie_Coughlin_0003.jpg,/home/anitadonato/tcc/tcc/data/lfw/lfw-funneled/Natalie_Coughlin/Natalie_Coughlin_0005.jpg,0.47092288488629697,1
/home/anitadonato/tcc/tcc/data/lfw/lfw-funneled/Elizabeth_Smart/Elizabeth_Smart_0004.jpg,/home/anitadonato/tcc/tcc/data/lfw/lfw-funneled/Elizabeth_Smart/Elizabeth_Smart_0001.jpg,0.546964246414215,1
/home/anitadonato/tcc/tcc/data/lfw/lfw-funneled/Elizabeth_Smart/Elizabeth_Smart_0004.jpg,/home/anitadonato/tcc/tcc/data/lfw/lfw-funneled/Elizabeth_Smart/Elizabeth_Smart_0002.jpg,0.5321095976418757,1
/home/anitadonato/tcc/tcc/data/lfw/lfw-funneled/Elizabeth_Smart/Elizabeth_Smart_0004.jpg,/home/anitadonato/tcc/tcc/data/lfw/lfw-funneled/Elizabeth_Smart/Elizabeth_Smart_0003.jpg,0.5526423813744281,1
/home/anitadonato/tcc/tcc/data/lfw/lfw-funneled/Elizabeth_Smart/Elizabeth_Smart_0004.jpg,/home/anitadonato/tcc/tcc/data/lfw/lfw-funneled/Elizabeth_Smart/Elizabeth_Smart_0005.jpg,0.1341211826456058,1
/home/anitadonato/tcc/tcc/data/lfw/lfw-funneled/Elizabeth_Smart/Elizabeth_Smart_0001.jpg,/home/anitadonato/tcc/tcc/data/lfw/lfw-funneled/Elizabeth_Smart/Elizabeth_Smart_0002.jpg,0.2917623640003071,1
/home/anitadonato/tcc/tcc/data/lfw/lfw-funneled/Elizabeth_Smart/Elizabeth_Smart_0001.jpg,/home/anitadonato/tcc/tcc/data/lfw/lfw-funneled/Elizabeth_Smart/Elizabeth_Smart_0003.jpg,0.5178972599736764,1
/home/anitadonato/tcc/tcc/data/lfw/lfw-funneled/Elizabeth_Smart/Elizabeth_Smart_0001.jpg,/home/anitadonato/tcc/tcc/data/lfw/lfw-funneled/Elizabeth_Smart/Elizabeth_Smart_0005.jpg,0.5292263434566669,1
/home/anitadonato/tcc/tcc/data/lfw/lfw-funneled/Elizabeth_Smart/Elizabeth_Smart_0002.jpg,/home/anitadonato/tcc/tcc/data/lfw/lfw-funneled/Elizabeth_Smart/Elizabeth_Smart_0003.jpg,0.5917116192205107,1
/home/anitadonato/tcc/tcc/data/lfw/lfw-funneled/Elizabeth_Smart/Elizabeth_Smart_0002.jpg,/home/anitadonato/tcc/tcc/data/lfw/lfw-funneled/Elizabeth_Smart/Elizabeth_Smart_0005.jpg,0.5630327011591126,1
/home/anitadonato/tcc/tcc/data/lfw/lfw-funneled/Elizabeth_Smart/Elizabeth_Smart_0003.jpg,/home/anitadonato/tcc/tcc/data/lfw/lfw-funneled/Elizabeth_Smart/Elizabeth_Smart_0005.jpg,0.5589261548389738,1
/home/anitadonato/tcc/tcc/data/lfw/lfw-funneled/Spencer_Abraham/Spencer_Abraham_0017.jpg,/home/anitadonato/tcc/tcc/data/lfw/lfw-funneled/Spencer_Abraham/Spencer_Abraham_0009.jpg,0.5376333119847071,1
/home/anitadonato/tcc/tcc/data/lfw/lfw-funneled/Spencer_Abraham/Spencer_Abraham_0017.jpg,/home/anitadonato/tcc/tcc/data/lfw/lfw-funneled/Spencer_Abraham/Spencer_Abraham_0016.jpg,0.4850307502371546,1
/home/anitadonato/tcc/tcc/data/lfw/lfw-funneled/Spencer_Abraham/Spencer_Abraham_0017.jpg,/home/anitadonato/tcc/tcc/data/lfw/lfw-funneled/Spencer_Abraham/Spencer_Abraham_0014.jpg,0.44308827469157763,1
/home/anitadonato/tcc/tcc/data/lfw/lfw-funneled/Spencer_Abraham/Spencer_Abraham_0017.jpg,/home/anitadonato/tcc/tcc/data/lfw/lfw-funneled/Spencer_Abraham/Spencer_Abraham_0001.jpg,0.5816791871831399,1
/home/anitadonato/tcc/tcc/data/lfw/lfw-funneled/Spencer_Abraham/Spencer_Abraham_0009.jpg,/home/anitadonato/tcc/tcc/data/lfw/lfw-funneled/Spencer_Abraham/Spencer_Abraham_0016.jpg,0.428928349282507,1
/home/anitadonato/tcc/tcc/data/lfw/lfw-funneled/Spencer_Abraham/Spencer_Abraham_0009.jpg,/home/anitadonato/tcc/tcc/data/lfw/lfw-funneled/Spencer_Abraham/Spencer_Abraham_0014.jpg,0.45151803777314514,1
/home/anitadonato/tcc/tcc/data/lfw/lfw-funneled/Spencer_Abraham/Spencer_Abraham_0009.jpg,/home/anitadonato/tcc/tcc/data/lfw/lfw-funneled/Spencer_Abraham/Spencer_Abraham_0001.jpg,0.40637732761953216,1
/home/anitadonato/tcc/tcc/data/lfw/lfw-funneled/Spencer_Abraham/Spencer_Abraham_0016.jpg,/home/anitadonato/tcc/tcc/data/lfw/lfw-funneled/Spencer_Abraham/Spencer_Abraham_0014.jpg,0.3418546520542527,1
/home/anitadonato/tcc/tcc/data/lfw/lfw-funneled/Spencer_Abraham/Spencer_Abraham_0016.jpg,/home/anitadonato/tcc/tcc/data/lfw/lfw-funneled/Spencer_Abraham/Spencer_Abraham_0001.jpg,0.4041221610338417,1
/home/anitadonato/tcc/tcc/data/lfw/lfw-funneled/Spencer_Abraham/Spencer_Abraham_0014.jpg,/home/anitadonato/tcc/tcc/data/lfw/lfw-funneled/Spencer_Abraham/Spencer_Abraham_0001.jpg,0.36234827867226715,1
/home/anitadonato/tcc/tcc/data/lfw/lfw-funneled/Robert_De_Niro/Robert_De_Niro_0006.jpg,/home/anitadonato/tcc/tcc/data/lfw/lfw-funneled/Robert_De_Niro/Robert_De_Niro_0001.jpg,0.5474793111780814,1
/home/anitadonato/tcc/tcc/data/lfw/lfw-funneled/Robert_De_Niro/Robert_De_Niro_0006.jpg,/home/anitadonato/tcc/tcc/data/lfw/lfw-funneled/Robert_De_Niro/Robert_De_Niro_0003.jpg,0.5159712109510266,1
/home/anitadonato/tcc/tcc/data/lfw/lfw-funneled/Robert_De_Niro/Robert_De_Niro_0006.jpg,/home/anitadonato/tcc/tcc/data/lfw/lfw-funneled/Robert_De_Niro/Robert_De_Niro_0004.jpg,0.460529396230952,1
/home/anitadonato/tcc/tcc/data/lfw/lfw-funneled/Robert_De_Niro/Robert_De_Niro_0006.jpg,/home/anitadonato/tcc/tcc/data/lfw/lfw-funneled/Robert_De_Niro/Robert_De_Niro_0002.jpg,0.46494285990525686,1
/home/anitadonato/tcc/tcc/data/lfw/lfw-funneled/Robert_De_Niro/Robert_De_Niro_0001.jpg,/home/anitadonato/tcc/tcc/data/lfw/lfw-funneled/Robert_De_Niro/Robert_De_Niro_0003.jpg,0.4134924021582953,1
/home/anitadonato/tcc/tcc/data/lfw/lfw-funneled/Robert_De_Niro/Robert_De_Niro_0001.jpg,/home/anitadonato/tcc/tcc/data/lfw/lfw-funneled/Robert_De_Niro/Robert_De_Niro_0004.jpg,0.49579723980657286,1
/home/anitadonato/tcc/tcc/data/lfw/lfw-funneled/Robert_De_Niro/Robert_De_Niro_0001.jpg,/home/anitadonato/tcc/tcc/data/lfw/lfw-funneled/Robert_De_Niro/Robert_De_Niro_0002.jpg,0.4871195938367153,1
/home/anitadonato/tcc/tcc/data/lfw/lfw-funneled/Robert_De_Niro/Robert_De_Niro_0003.jpg,/home/anitadonato/tcc/tcc/data/lfw/lfw-funneled/Robert_De_Niro/Robert_De_Niro_0004.jpg,0.4324182169397631,1
/home/anitadonato/tcc/tcc/data/lfw/lfw-funneled/Robert_De_Niro/Robert_De_Niro_0003.jpg,/home/anitadonato/tcc/tcc/data/lfw/lfw-funneled/Robert_De_Niro/Robert_De_Niro_0002.jpg,0.2563098732871487,1
/home/anitadonato/tcc/tcc/data/lfw/lfw-funneled/Robert_De_Niro/Robert_De_Niro_0004.jpg,/home/anitadonato/tcc/tcc/data/lfw/lfw-funneled/Robert_De_Niro/Robert_De_Niro_0002.jpg,0.5623801678317364,1
/home/anitadonato/tcc/tcc/data/lfw/lfw-funneled/Sharon_Stone/Sharon_Stone_0001.jpg,/home/anitadonato/tcc/tcc/data/lfw/lfw-funneled/Sharon_Stone/Sharon_Stone_0003.jpg,0.627132516068733,1
/home/anitadonato/tcc/tcc/data/lfw/lfw-funneled/Sharon_Stone/Sharon_Stone_0001.jpg,/home/anitadonato/tcc/tcc/data/lfw/lfw-funneled/Sharon_Stone/Sharon_Stone_0002.jpg,0.5568385469902255,1
/home/anitadonato/tcc/tcc/data/lfw/lfw-funneled/Sharon_Stone/Sharon_Stone_0001.jpg,/home/anitadonato/tcc/tcc/data/lfw/lfw-funneled/Sharon_Stone/Sharon_Stone_0005.jpg,0.6535691811111516,1
/home/anitadonato/tcc/tcc/data/lfw/lfw-funneled/Sharon_Stone/Sharon_Stone_0001.jpg,/home/anitadonato/tcc/tcc/data/lfw/lfw-funneled/Sharon_Stone/Sharon_Stone_0004.jpg,0.5699123627678507,1
/home/anitadonato/tcc/tcc/data/lfw/lfw-funneled/Sharon_Stone/Sharon_Stone_0003.jpg,/home/anitadonato/tcc/tcc/data/lfw/lfw-funneled/Sharon_Stone/Sharon_Stone_0002.jpg,0.17818253789865368,1
/home/anitadonato/tcc/tcc/data/lfw/lfw-funneled/Sharon_Stone/Sharon_Stone_0003.jpg,/home/anitadonato/tcc/tcc/data/lfw/lfw-funneled/Sharon_Stone/Sharon_Stone_0005.jpg,0.5130276686444952,1
/home/anitadonato/tcc/tcc/data/lfw/lfw-funneled/Sharon_Stone/Sharon_Stone_0003.jpg,/home/anitadonato/tcc/tcc/data/lfw/lfw-funneled/Sharon_Stone/Sharon_Stone_0004.jpg,0.47571236254234794,1
/home/anitadonato/tcc/tcc/data/lfw/lfw-funneled/Sharon_Stone/Sharon_Stone_0002.jpg,/home/anitadonato/tcc/tcc/data/lfw/lfw-funneled/Sharon_Stone/Sharon_Stone_0005.jpg,0.4004241826469128,1
/home/anitadonato/tcc/tcc/data/lfw/lfw-funneled/Sharon_Stone/Sharon_Stone_0002.jpg,/home/anitadonato/tcc/tcc/data/lfw/lfw-funneled/Sharon_Stone/Sharon_Stone_0004.jpg,0.4763591221971283,1
/home/anitadonato/tcc/tcc/data/lfw/lfw-funneled/Sharon_Stone/Sharon_Stone_0005.jpg,/home/anitadonato/tcc/tcc/data/lfw/lfw-funneled/Sharon_Stone/Sharon_Stone_0004.jpg,0.5639840393270515,1
/home/anitadonato/tcc/tcc/data/lfw/lfw-funneled/William_Ford_Jr/William_Ford_Jr_0001.jpg,/home/anitadonato/tcc/tcc/data/lfw/lfw-funneled/William_Ford_Jr/William_Ford_Jr_0006.jpg,0.7483842765354327,1
/home/anitadonato/tcc/tcc/data/lfw/lfw-funneled/William_Ford_Jr/William_Ford_Jr_0001.jpg,/home/anitadonato/tcc/tcc/data/lfw/lfw-funneled/William_Ford_Jr/William_Ford_Jr_0003.jpg,0.5817749354952912,1
/home/anitadonato/tcc/tcc/data/lfw/lfw-funneled/William_Ford_Jr/William_Ford_Jr_0001.jpg,/home/anitadonato/tcc/tcc/data/lfw/lfw-funneled/William_Ford_Jr/William_Ford_Jr_0002.jpg,0.35814902028836104,1
/home/anitadonato/tcc/tcc/data/lfw/lfw-funneled/William_Ford_Jr/William_Ford_Jr_0001.jpg,/home/anitadonato/tcc/tcc/data/lfw/lfw-funneled/William_Ford_Jr/William_Ford_Jr_0005.jpg,0.46318080110673177,1
/home/anitadonato/tcc/tcc/data/lfw/lfw-funneled/William_Ford_Jr/William_Ford_Jr_0006.jpg,/home/anitadonato/tcc/tcc/data/lfw/lfw-funneled/William_Ford_Jr/William_Ford_Jr_0003.jpg,0.729213914947913,1
/home/anitadonato/tcc/tcc/data/lfw/lfw-funneled/William_Ford_Jr/William_Ford_Jr_0006.jpg,/home/anitadonato/tcc/tcc/data/lfw/lfw-funneled/William_Ford_Jr/William_Ford_Jr_0002.jpg,0.7220187865069416,1
/home/anitadonato/tcc/tcc/data/lfw/lfw-funneled/William_Ford_Jr/William_Ford_Jr_0006.jpg,/home/anitadonato/tcc/tcc/data/lfw/lfw-funneled/William_Ford_Jr/William_Ford_Jr_0005.jpg,0.6720531551643265,1
/home/anitadonato/tcc/tcc/data/lfw/lfw-funneled/William_Ford_Jr/William_Ford_Jr_0003.jpg,/home/anitadonato/tcc/tcc/data/lfw/lfw-funneled/William_Ford_Jr/William_Ford_Jr_0002.jpg,0.4957533726382587,1
/home/anitadonato/tcc/tcc/data/lfw/lfw-funneled/William_Ford_Jr/William_Ford_Jr_0003.jpg,/home/anitadonato/tcc/tcc/data/lfw/lfw-funneled/William_Ford_Jr/William_Ford_Jr_0005.jpg,0.477176654575177,1
/home/anitadonato/tcc/tcc/data/lfw/lfw-funneled/William_Ford_Jr/William_Ford_Jr_0002.jpg,/home/anitadonato/tcc/tcc/data/lfw/lfw-funneled/William_Ford_Jr/William_Ford_Jr_0005.jpg,0.35489431477080857,1
/home/anitadonato/tcc/tcc/data/lfw/lfw-funneled/Kate_Hudson/Kate_Hudson_0002.jpg,/home/anitadonato/tcc/tcc/data/lfw/lfw-funneled/Kate_Hudson/Kate_Hudson_0005.jpg,0.8618053872944084,1
/home/anitadonato/tcc/tcc/data/lfw/lfw-funneled/Kate_Hudson/Kate_Hudson_0002.jpg,/home/anitadonato/tcc/tcc/data/lfw/lfw-funneled/Kate_Hudson/Kate_Hudson_0007.jpg,0.7167319069585819,1
/home/anitadonato/tcc/tcc/data/lfw/lfw-funneled/Kate_Hudson/Kate_Hudson_0002.jpg,/home/anitadonato/tcc/tcc/data/lfw/lfw-funneled/Kate_Hudson/Kate_Hudson_0006.jpg,0.834535366658685,1
/home/anitadonato/tcc/tcc/data/lfw/lfw-funneled/Kate_Hudson/Kate_Hudson_0002.jpg,/home/anitadonato/tcc/tcc/data/lfw/lfw-funneled/Kate_Hudson/Kate_Hudson_0008.jpg,0.7547833808108214,1
/home/anitadonato/tcc/tcc/data/lfw/lfw-funneled/Kate_Hudson/Kate_Hudson_0005.jpg,/home/anitadonato/tcc/tcc/data/lfw/lfw-funneled/Kate_Hudson/Kate_Hudson_0007.jpg,0.7180464747542337,1
/home/anitadonato/tcc/tcc/data/lfw/lfw-funneled/Kate_Hudson/Kate_Hudson_0005.jpg,/home/anitadonato/tcc/tcc/data/lfw/lfw-funneled/Kate_Hudson/Kate_Hudson_0006.jpg,0.6989242949616943,1
/home/anitadonato/tcc/tcc/data/lfw/lfw-funneled/Kate_Hudson/Kate_Hudson_0005.jpg,/home/anitadonato/tcc/tcc/data/lfw/lfw-funneled/Kate_Hudson/Kate_Hudson_0008.jpg,0.6713187571877154,1
/home/anitadonato/tcc/tcc/data/lfw/lfw-funneled/Kate_Hudson/Kate_Hudson_0007.jpg,/home/anitadonato/tcc/tcc/data/lfw/lfw-funneled/Kate_Hudson/Kate_Hudson_0006.jpg,0.4872192760289136,1
/home/anitadonato/tcc/tcc/data/lfw/lfw-funneled/Kate_Hudson/Kate_Hudson_0007.jpg,/home/anitadonato/tcc/tcc/data/lfw/lfw-funneled/Kate_Hudson/Kate_Hudson_0008.jpg,0.6292780972057702,1
/home/anitadonato/tcc/tcc/data/lfw/lfw-funneled/Kate_Hudson/Kate_Hudson_0006.jpg,/home/anitadonato/tcc/tcc/data/lfw/lfw-funneled/Kate_Hudson/Kate_Hudson_0008.jpg,0.40665909517794696,1
/home/anitadonato/tcc/tcc/data/lfw/lfw-funneled/Fujio_Cho/Fujio_Cho_0005.jpg,/home/anitadonato/tcc/tcc/data/lfw/lfw-funneled/Fujio_Cho/Fujio_Cho_0002.jpg,0.3460209517715346,1
/home/anitadonato/tcc/tcc/data/lfw/lfw-funneled/Fujio_Cho/Fujio_Cho_0005.jpg,/home/anitadonato/tcc/tcc/data/lfw/lfw-funneled/Fujio_Cho/Fujio_Cho_0006.jpg,0.4253567966415498,1
/home/anitadonato/tcc/tcc/data/lfw/lfw-funneled/Fujio_Cho/Fujio_Cho_0005.jpg,/home/anitadonato/tcc/tcc/data/lfw/lfw-funneled/Fujio_Cho/Fujio_Cho_0004.jpg,0.27248959214772606,1
/home/anitadonato/tcc/tcc/data/lfw/lfw-funneled/Fujio_Cho/Fujio_Cho_0005.jpg,/home/anitadonato/tcc/tcc/data/lfw/lfw-funneled/Fujio_Cho/Fujio_Cho_0001.jpg,0.3330147456775031,1
/home/anitadonato/tcc/tcc/data/lfw/lfw-funneled/Fujio_Cho/Fujio_Cho_0002.jpg,/home/anitadonato/tcc/tcc/data/lfw/lfw-funneled/Fujio_Cho/Fujio_Cho_0006.jpg,0.3510479420196323,1
/home/anitadonato/tcc/tcc/data/lfw/lfw-funneled/Fujio_Cho/Fujio_Cho_0002.jpg,/home/anitadonato/tcc/tcc/data/lfw/lfw-funneled/Fujio_Cho/Fujio_Cho_0004.jpg,0.4596055940970242,1
/home/anitadonato/tcc/tcc/data/lfw/lfw-funneled/Fujio_Cho/Fujio_Cho_0002.jpg,/home/anitadonato/tcc/tcc/data/lfw/lfw-funneled/Fujio_Cho/Fujio_Cho_0001.jpg,0.3406835876588431,1
/home/anitadonato/tcc/tcc/data/lfw/lfw-funneled/Fujio_Cho/Fujio_Cho_0006.jpg,/home/anitadonato/tcc/tcc/data/lfw/lfw-funneled/Fujio_Cho/Fujio_Cho_0004.jpg,0.3725733500955788,1
/home/anitadonato/tcc/tcc/data/lfw/lfw-funneled/Fujio_Cho/Fujio_Cho_0006.jpg,/home/anitadonato/tcc/tcc/data/lfw/lfw-funneled/Fujio_Cho/Fujio_Cho_0001.jpg,0.5061816017850852,1
/home/anitadonato/tcc/tcc/data/lfw/lfw-funneled/Fujio_Cho/Fujio_Cho_0004.jpg,/home/anitadonato/tcc/tcc/data/lfw/lfw-funneled/Fujio_Cho/Fujio_Cho_0001.jpg,0.4925291332655044,1
/home/anitadonato/tcc/tcc/data/lfw/lfw-funneled/LeBron_James/LeBron_James_0005.jpg,/home/anitadonato/tcc/tcc/data/lfw/lfw-funneled/LeBron_James/LeBron_James_0001.jpg,0.6009992191128015,1
/home/anitadonato/tcc/tcc/data/lfw/lfw-funneled/LeBron_James/LeBron_James_0005.jpg,/home/anitadonato/tcc/tcc/data/lfw/lfw-funneled/LeBron_James/LeBron_James_0003.jpg,0.5400565773990615,1
/home/anitadonato/tcc/tcc/data/lfw/lfw-funneled/LeBron_James/LeBron_James_0005.jpg,/home/anitadonato/tcc/tcc/data/lfw/lfw-funneled/LeBron_James/LeBron_James_0002.jpg,0.4995856880239955,1
/home/anitadonato/tcc/tcc/data/lfw/lfw-funneled/LeBron_James/LeBron_James_0005.jpg,/home/anitadonato/tcc/tcc/data/lfw/lfw-funneled/LeBron_James/LeBron_James_0004.jpg,0.6815480385682082,1
/home/anitadonato/tcc/tcc/data/lfw/lfw-funneled/LeBron_James/LeBron_James_0001.jpg,/home/anitadonato/tcc/tcc/data/lfw/lfw-funneled/LeBron_James/LeBron_James_0003.jpg,0.5681362473596528,1
/home/anitadonato/tcc/tcc/data/lfw/lfw-funneled/LeBron_James/LeBron_James_0001.jpg,/home/anitadonato/tcc/tcc/data/lfw/lfw-funneled/LeBron_James/LeBron_James_0002.jpg,0.3607709123193652,1
/home/anitadonato/tcc/tcc/data/lfw/lfw-funneled/LeBron_James/LeBron_James_0001.jpg,/home/anitadonato/tcc/tcc/data/lfw/lfw-funneled/LeBron_James/LeBron_James_0004.jpg,0.6639186641150232,1
/home/anitadonato/tcc/tcc/data/lfw/lfw-funneled/LeBron_James/LeBron_James_0003.jpg,/home/anitadonato/tcc/tcc/data/lfw/lfw-funneled/LeBron_James/LeBron_James_0002.jpg,0.3988850473821345,1
/home/anitadonato/tcc/tcc/data/lfw/lfw-funneled/LeBron_James/LeBron_James_0003.jpg,/home/anitadonato/tcc/tcc/data/lfw/lfw-funneled/LeBron_James/LeBron_James_0004.jpg,0.4480245578685693,1
/home/anitadonato/tcc/tcc/data/lfw/lfw-funneled/LeBron_James/LeBron_James_0002.jpg,/home/anitadonato/tcc/tcc/data/lfw/lfw-funneled/LeBron_James/LeBron_James_0004.jpg,0.648992793126276,1
/home/anitadonato/tcc/tcc/data/lfw/lfw-funneled/Paul_Burrell/Paul_Burrell_0001.jpg,/home/anitadonato/tcc/tcc/data/lfw/lfw-funneled/Paul_Burrell/Paul_Burrell_0002.jpg,0.1819417457087732,1
/home/anitadonato/tcc/tcc/data/lfw/lfw-funneled/Paul_Burrell/Paul_Burrell_0001.jpg,/home/anitadonato/tcc/tcc/data/lfw/lfw-funneled/Paul_Burrell/Paul_Burrell_0006.jpg,0.3249090360209682,1
/home/anitadonato/tcc/tcc/data/lfw/lfw-funneled/Paul_Burrell/Paul_Burrell_0001.jpg,/home/anitadonato/tcc/tcc/data/lfw/lfw-funneled/Paul_Burrell/Paul_Burrell_0005.jpg,0.19558226075446883,1
/home/anitadonato/tcc/tcc/data/lfw/lfw-funneled/Paul_Burrell/Paul_Burrell_0001.jpg,/home/anitadonato/tcc/tcc/data/lfw/lfw-funneled/Paul_Burrell/Paul_Burrell_0010.jpg,0.25764075940026565,1
/home/anitadonato/tcc/tcc/data/lfw/lfw-funneled/Paul_Burrell/Paul_Burrell_0002.jpg,/home/anitadonato/tcc/tcc/data/lfw/lfw-funneled/Paul_Burrell/Paul_Burrell_0006.jpg,0.3305531947056748,1
/home/anitadonato/tcc/tcc/data/lfw/lfw-funneled/Paul_Burrell/Paul_Burrell_0002.jpg,/home/anitadonato/tcc/tcc/data/lfw/lfw-funneled/Paul_Burrell/Paul_Burrell_0005.jpg,0.19488660689022663,1
/home/anitadonato/tcc/tcc/data/lfw/lfw-funneled/Paul_Burrell/Paul_Burrell_0002.jpg,/home/anitadonato/tcc/tcc/data/lfw/lfw-funneled/Paul_Burrell/Paul_Burrell_0010.jpg,0.1972366652829023,1
/home/anitadonato/tcc/tcc/data/lfw/lfw-funneled/Paul_Burrell/Paul_Burrell_0006.jpg,/home/anitadonato/tcc/tcc/data/lfw/lfw-funneled/Paul_Burrell/Paul_Burrell_0005.jpg,0.42886947345676296,1
/home/anitadonato/tcc/tcc/data/lfw/lfw-funneled/Paul_Burrell/Paul_Burrell_0006.jpg,/home/anitadonato/tcc/tcc/data/lfw/lfw-funneled/Paul_Burrell/Paul_Burrell_0010.jpg,0.1940269597071741,1
/home/anitadonato/tcc/tcc/data/lfw/lfw-funneled/Paul_Burrell/Paul_Burrell_0005.jpg,/home/anitadonato/tcc/tcc/data/lfw/lfw-funneled/Paul_Burrell/Paul_Burrell_0010.jpg,0.3316631095441699,1
/home/anitadonato/tcc/tcc/data/lfw/lfw-funneled/Hillary_Clinton/Hillary_Clinton_0001.jpg,/home/anitadonato/tcc/tcc/data/lfw/lfw-funneled/Hillary_Clinton/Hillary_Clinton_0004.jpg,0.3520574484340493,1
/home/anitadonato/tcc/tcc/data/lfw/lfw-funneled/Hillary_Clinton/Hillary_Clinton_0001.jpg,/home/anitadonato/tcc/tcc/data/lfw/lfw-funneled/Hillary_Clinton/Hillary_Clinton_0010.jpg,0.49008718485591385,1
/home/anitadonato/tcc/tcc/data/lfw/lfw-funneled/Hillary_Clinton/Hillary_Clinton_0001.jpg,/home/anitadonato/tcc/tcc/data/lfw/lfw-funneled/Hillary_Clinton/Hillary_Clinton_0002.jpg,0.44771971260424825,1
/home/anitadonato/tcc/tcc/data/lfw/lfw-funneled/Hillary_Clinton/Hillary_Clinton_0001.jpg,/home/anitadonato/tcc/tcc/data/lfw/lfw-funneled/Hillary_Clinton/Hillary_Clinton_0011.jpg,0.49866937196011096,1
/home/anitadonato/tcc/tcc/data/lfw/lfw-funneled/Hillary_Clinton/Hillary_Clinton_0004.jpg,/home/anitadonato/tcc/tcc/data/lfw/lfw-funneled/Hillary_Clinton/Hillary_Clinton_0010.jpg,0.4117392735475708,1
/home/anitadonato/tcc/tcc/data/lfw/lfw-funneled/Hillary_Clinton/Hillary_Clinton_0004.jpg,/home/anitadonato/tcc/tcc/data/lfw/lfw-funneled/Hillary_Clinton/Hillary_Clinton_0002.jpg,0.5798725832120941,1
/home/anitadonato/tcc/tcc/data/lfw/lfw-funneled/Hillary_Clinton/Hillary_Clinton_0004.jpg,/home/anitadonato/tcc/tcc/data/lfw/lfw-funneled/Hillary_Clinton/Hillary_Clinton_0011.jpg,0.38250732730287795,1
/home/anitadonato/tcc/tcc/data/lfw/lfw-funneled/Hillary_Clinton/Hillary_Clinton_0010.jpg,/home/anitadonato/tcc/tcc/data/lfw/lfw-funneled/Hillary_Clinton/Hillary_Clinton_0002.jpg,0.6281781465614292,1
/home/anitadonato/tcc/tcc/data/lfw/lfw-funneled/Hillary_Clinton/Hillary_Clinton_0010.jpg,/home/anitadonato/tcc/tcc/data/lfw/lfw-funneled/Hillary_Clinton/Hillary_Clinton_0011.jpg,0.36306377301009085,1
/home/anitadonato/tcc/tcc/data/lfw/lfw-funneled/Hillary_Clinton/Hillary_Clinton_0002.jpg,/home/anitadonato/tcc/tcc/data/lfw/lfw-funneled/Hillary_Clinton/Hillary_Clinton_0011.jpg,0.5573394084627845,1
/home/anitadonato/tcc/tcc/data/lfw/lfw-funneled/Ai_Sugiyama/Ai_Sugiyama_0004.jpg,/home/anitadonato/tcc/tcc/data/lfw/lfw-funneled/Ai_Sugiyama/Ai_Sugiyama_0001.jpg,0.5380980011421495,1
/home/anitadonato/tcc/tcc/data/lfw/lfw-funneled/Ai_Sugiyama/Ai_Sugiyama_0004.jpg,/home/anitadonato/tcc/tcc/data/lfw/lfw-funneled/Ai_Sugiyama/Ai_Sugiyama_0003.jpg,0.5640731987016046,1
/home/anitadonato/tcc/tcc/data/lfw/lfw-funneled/Ai_Sugiyama/Ai_Sugiyama_0004.jpg,/home/anitadonato/tcc/tcc/data/lfw/lfw-funneled/Ai_Sugiyama/Ai_Sugiyama_0005.jpg,0.5258389075233552,1
/home/anitadonato/tcc/tcc/data/lfw/lfw-funneled/Ai_Sugiyama/Ai_Sugiyama_0004.jpg,/home/anitadonato/tcc/tcc/data/lfw/lfw-funneled/Ai_Sugiyama/Ai_Sugiyama_0002.jpg,0.4407341872856724,1
/home/anitadonato/tcc/tcc/data/lfw/lfw-funneled/Ai_Sugiyama/Ai_Sugiyama_0001.jpg,/home/anitadonato/tcc/tcc/data/lfw/lfw-funneled/Ai_Sugiyama/Ai_Sugiyama_0003.jpg,0.3135472697050865,1
/home/anitadonato/tcc/tcc/data/lfw/lfw-funneled/Ai_Sugiyama/Ai_Sugiyama_0001.jpg,/home/anitadonato/tcc/tcc/data/lfw/lfw-funneled/Ai_Sugiyama/Ai_Sugiyama_0005.jpg,0.5253699427240262,1
/home/anitadonato/tcc/tcc/data/lfw/lfw-funneled/Ai_Sugiyama/Ai_Sugiyama_0001.jpg,/home/anitadonato/tcc/tcc/data/lfw/lfw-funneled/Ai_Sugiyama/Ai_Sugiyama_0002.jpg,0.24970688344647007,1
/home/anitadonato/tcc/tcc/data/lfw/lfw-funneled/Ai_Sugiyama/Ai_Sugiyama_0003.jpg,/home/anitadonato/tcc/tcc/data/lfw/lfw-funneled/Ai_Sugiyama/Ai_Sugiyama_0005.jpg,0.5422250042141459,1
/home/anitadonato/tcc/tcc/data/lfw/lfw-funneled/Ai_Sugiyama/Ai_Sugiyama_0003.jpg,/home/anitadonato/tcc/tcc/data/lfw/lfw-funneled/Ai_Sugiyama/Ai_Sugiyama_0002.jpg,0.28964736341459385,1
/home/anitadonato/tcc/tcc/data/lfw/lfw-funneled/Ai_Sugiyama/Ai_Sugiyama_0005.jpg,/home/anitadonato/tcc/tcc/data/lfw/lfw-funneled/Ai_Sugiyama/Ai_Sugiyama_0002.jpg,0.5454974886438306,1
/home/anitadonato/tcc/tcc/data/lfw/lfw-funneled/Costas_Simitis/Costas_Simitis_0006.jpg,/home/anitadonato/tcc/tcc/data/lfw/lfw-funneled/Costas_Simitis/Costas_Simitis_0004.jpg,0.3888831217733726,1
/home/anitadonato/tcc/tcc/data/lfw/lfw-funneled/Costas_Simitis/Costas_Simitis_0006.jpg,/home/anitadonato/tcc/tcc/data/lfw/lfw-funneled/Costas_Simitis/Costas_Simitis_0002.jpg,0.6049956520392226,1
/home/anitadonato/tcc/tcc/data/lfw/lfw-funneled/Costas_Simitis/Costas_Simitis_0006.jpg,/home/anitadonato/tcc/tcc/data/lfw/lfw-funneled/Costas_Simitis/Costas_Simitis_0005.jpg,0.31820851600059785,1
/home/anitadonato/tcc/tcc/data/lfw/lfw-funneled/Costas_Simitis/Costas_Simitis_0006.jpg,/home/anitadonato/tcc/tcc/data/lfw/lfw-funneled/Costas_Simitis/Costas_Simitis_0003.jpg,0.44203094870558757,1
/home/anitadonato/tcc/tcc/data/lfw/lfw-funneled/Costas_Simitis/Costas_Simitis_0004.jpg,/home/anitadonato/tcc/tcc/data/lfw/lfw-funneled/Costas_Simitis/Costas_Simitis_0002.jpg,0.5330752536472494,1
/home/anitadonato/tcc/tcc/data/lfw/lfw-funneled/Costas_Simitis/Costas_Simitis_0004.jpg,/home/anitadonato/tcc/tcc/data/lfw/lfw-funneled/Costas_Simitis/Costas_Simitis_0005.jpg,0.34706830431821045,1
/home/anitadonato/tcc/tcc/data/lfw/lfw-funneled/Costas_Simitis/Costas_Simitis_0004.jpg,/home/anitadonato/tcc/tcc/data/lfw/lfw-funneled/Costas_Simitis/Costas_Simitis_0003.jpg,0.5206257756621708,1
/home/anitadonato/tcc/tcc/data/lfw/lfw-funneled/Costas_Simitis/Costas_Simitis_0002.jpg,/home/anitadonato/tcc/tcc/data/lfw/lfw-funneled/Costas_Simitis/Costas_Simitis_0005.jpg,0.5367990627473478,1
/home/anitadonato/tcc/tcc/data/lfw/lfw-funneled/Costas_Simitis/Costas_Simitis_0002.jpg,/home/anitadonato/tcc/tcc/data/lfw/lfw-funneled/Costas_Simitis/Costas_Simitis_0003.jpg,0.6402395326735506,1
/home/anitadonato/tcc/tcc/data/lfw/lfw-funneled/Costas_Simitis/Costas_Simitis_0005.jpg,/home/anitadonato/tcc/tcc/data/lfw/lfw-funneled/Costas_Simitis/Costas_Simitis_0003.jpg,0.5449301339089132,1
/home/anitadonato/tcc/tcc/data/lfw/lfw-funneled/Sergey_Lavrov/Sergey_Lavrov_0004.jpg,/home/anitadonato/tcc/tcc/data/lfw/lfw-funneled/Sergey_Lavrov/Sergey_Lavrov_0009.jpg,0.4225616667919927,1
/home/anitadonato/tcc/tcc/data/lfw/lfw-funneled/Sergey_Lavrov/Sergey_Lavrov_0004.jpg,/home/anitadonato/tcc/tcc/data/lfw/lfw-funneled/Sergey_Lavrov/Sergey_Lavrov_0011.jpg,0.4829566042489025,1
/home/anitadonato/tcc/tcc/data/lfw/lfw-funneled/Sergey_Lavrov/Sergey_Lavrov_0004.jpg,/home/anitadonato/tcc/tcc/data/lfw/lfw-funneled/Sergey_Lavrov/Sergey_Lavrov_0005.jpg,0.23661268819350512,1
/home/anitadonato/tcc/tcc/data/lfw/lfw-funneled/Sergey_Lavrov/Sergey_Lavrov_0004.jpg,/home/anitadonato/tcc/tcc/data/lfw/lfw-funneled/Sergey_Lavrov/Sergey_Lavrov_0010.jpg,0.6456343292076807,1
/home/anitadonato/tcc/tcc/data/lfw/lfw-funneled/Sergey_Lavrov/Sergey_Lavrov_0009.jpg,/home/anitadonato/tcc/tcc/data/lfw/lfw-funneled/Sergey_Lavrov/Sergey_Lavrov_0011.jpg,0.47499487006010743,1
/home/anitadonato/tcc/tcc/data/lfw/lfw-funneled/Sergey_Lavrov/Sergey_Lavrov_0009.jpg,/home/anitadonato/tcc/tcc/data/lfw/lfw-funneled/Sergey_Lavrov/Sergey_Lavrov_0005.jpg,0.27842422376392706,1
/home/anitadonato/tcc/tcc/data/lfw/lfw-funneled/Sergey_Lavrov/Sergey_Lavrov_0009.jpg,/home/anitadonato/tcc/tcc/data/lfw/lfw-funneled/Sergey_Lavrov/Sergey_Lavrov_0010.jpg,0.6169134662099376,1
/home/anitadonato/tcc/tcc/data/lfw/lfw-funneled/Sergey_Lavrov/Sergey_Lavrov_0011.jpg,/home/anitadonato/tcc/tcc/data/lfw/lfw-funneled/Sergey_Lavrov/Sergey_Lavrov_0005.jpg,0.41449707607756126,1
/home/anitadonato/tcc/tcc/data/lfw/lfw-funneled/Sergey_Lavrov/Sergey_Lavrov_0011.jpg,/home/anitadonato/tcc/tcc/data/lfw/lfw-funneled/Sergey_Lavrov/Sergey_Lavrov_0010.jpg,0.31060806562756293,1
/home/anitadonato/tcc/tcc/data/lfw/lfw-funneled/Sergey_Lavrov/Sergey_Lavrov_0005.jpg,/home/anitadonato/tcc/tcc/data/lfw/lfw-funneled/Sergey_Lavrov/Sergey_Lavrov_0010.jpg,0.5046723398772197,1
/home/anitadonato/tcc/tcc/data/lfw/lfw-funneled/Wayne_Ferreira/Wayne_Ferreira_0003.jpg,/home/anitadonato/tcc/tcc/data/lfw/lfw-funneled/Wayne_Ferreira/Wayne_Ferreira_0004.jpg,0.4966655923212846,1
/home/anitadonato/tcc/tcc/data/lfw/lfw-funneled/Wayne_Ferreira/Wayne_Ferreira_0003.jpg,/home/anitadonato/tcc/tcc/data/lfw/lfw-funneled/Wayne_Ferreira/Wayne_Ferreira_0005.jpg,0.38234964635591606,1
/home/anitadonato/tcc/tcc/data/lfw/lfw-funneled/Wayne_Ferreira/Wayne_Ferreira_0003.jpg,/home/anitadonato/tcc/tcc/data/lfw/lfw-funneled/Wayne_Ferreira/Wayne_Ferreira_0002.jpg,0.4104347213698404,1
/home/anitadonato/tcc/tcc/data/lfw/lfw-funneled/Wayne_Ferreira/Wayne_Ferreira_0003.jpg,/home/anitadonato/tcc/tcc/data/lfw/lfw-funneled/Wayne_Ferreira/Wayne_Ferreira_0001.jpg,0.4829427502280105,1
/home/anitadonato/tcc/tcc/data/lfw/lfw-funneled/Wayne_Ferreira/Wayne_Ferreira_0004.jpg,/home/anitadonato/tcc/tcc/data/lfw/lfw-funneled/Wayne_Ferreira/Wayne_Ferreira_0005.jpg,0.46900452972787643,1
/home/anitadonato/tcc/tcc/data/lfw/lfw-funneled/Wayne_Ferreira/Wayne_Ferreira_0004.jpg,/home/anitadonato/tcc/tcc/data/lfw/lfw-funneled/Wayne_Ferreira/Wayne_Ferreira_0002.jpg,0.5735296184101049,1
/home/anitadonato/tcc/tcc/data/lfw/lfw-funneled/Wayne_Ferreira/Wayne_Ferreira_0004.jpg,/home/anitadonato/tcc/tcc/data/lfw/lfw-funneled/Wayne_Ferreira/Wayne_Ferreira_0001.jpg,0.4973168887102859,1
/home/anitadonato/tcc/tcc/data/lfw/lfw-funneled/Wayne_Ferreira/Wayne_Ferreira_0005.jpg,/home/anitadonato/tcc/tcc/data/lfw/lfw-funneled/Wayne_Ferreira/Wayne_Ferreira_0002.jpg,0.40320561726047355,1
/home/anitadonato/tcc/tcc/data/lfw/lfw-funneled/Wayne_Ferreira/Wayne_Ferreira_0005.jpg,/home/anitadonato/tcc/tcc/data/lfw/lfw-funneled/Wayne_Ferreira/Wayne_Ferreira_0001.jpg,0.38206253504010024,1
/home/anitadonato/tcc/tcc/data/lfw/lfw-funneled/Wayne_Ferreira/Wayne_Ferreira_0002.jpg,/home/anitadonato/tcc/tcc/data/lfw/lfw-funneled/Wayne_Ferreira/Wayne_Ferreira_0001.jpg,0.4038978818296699,1
/home/anitadonato/tcc/tcc/data/lfw/lfw-funneled/Jennifer_Lopez/Jennifer_Lopez_0008.jpg,/home/anitadonato/tcc/tcc/data/lfw/lfw-funneled/Jennifer_Lopez/Jennifer_Lopez_0021.jpg,0.58536090496937,1
/home/anitadonato/tcc/tcc/data/lfw/lfw-funneled/Jennifer_Lopez/Jennifer_Lopez_0008.jpg,/home/anitadonato/tcc/tcc/data/lfw/lfw-funneled/Jennifer_Lopez/Jennifer_Lopez_0003.jpg,0.5327797904553007,1
/home/anitadonato/tcc/tcc/data/lfw/lfw-funneled/Jennifer_Lopez/Jennifer_Lopez_0008.jpg,/home/anitadonato/tcc/tcc/data/lfw/lfw-funneled/Jennifer_Lopez/Jennifer_Lopez_0011.jpg,0.4049109739465775,1
/home/anitadonato/tcc/tcc/data/lfw/lfw-funneled/Jennifer_Lopez/Jennifer_Lopez_0008.jpg,/home/anitadonato/tcc/tcc/data/lfw/lfw-funneled/Jennifer_Lopez/Jennifer_Lopez_0001.jpg,0.61863962112781,1
/home/anitadonato/tcc/tcc/data/lfw/lfw-funneled/Jennifer_Lopez/Jennifer_Lopez_0021.jpg,/home/anitadonato/tcc/tcc/data/lfw/lfw-funneled/Jennifer_Lopez/Jennifer_Lopez_0003.jpg,0.6490890932117954,1
/home/anitadonato/tcc/tcc/data/lfw/lfw-funneled/Jennifer_Lopez/Jennifer_Lopez_0021.jpg,/home/anitadonato/tcc/tcc/data/lfw/lfw-funneled/Jennifer_Lopez/Jennifer_Lopez_0011.jpg,0.6905721132057874,1
/home/anitadonato/tcc/tcc/data/lfw/lfw-funneled/Jennifer_Lopez/Jennifer_Lopez_0021.jpg,/home/anitadonato/tcc/tcc/data/lfw/lfw-funneled/Jennifer_Lopez/Jennifer_Lopez_0001.jpg,0.6329155076721114,1
/home/anitadonato/tcc/tcc/data/lfw/lfw-funneled/Jennifer_Lopez/Jennifer_Lopez_0003.jpg,/home/anitadonato/tcc/tcc/data/lfw/lfw-funneled/Jennifer_Lopez/Jennifer_Lopez_0011.jpg,0.5385221072118069,1
/home/anitadonato/tcc/tcc/data/lfw/lfw-funneled/Jennifer_Lopez/Jennifer_Lopez_0003.jpg,/home/anitadonato/tcc/tcc/data/lfw/lfw-funneled/Jennifer_Lopez/Jennifer_Lopez_0001.jpg,0.47723613662394493,1
/home/anitadonato/tcc/tcc/data/lfw/lfw-funneled/Jennifer_Lopez/Jennifer_Lopez_0011.jpg,/home/anitadonato/tcc/tcc/data/lfw/lfw-funneled/Jennifer_Lopez/Jennifer_Lopez_0001.jpg,0.6603893989660904,1
/home/anitadonato/tcc/tcc/data/lfw/lfw-funneled/Tommy_Franks/Tommy_Franks_0008.jpg,/home/anitadonato/tcc/tcc/data/lfw/lfw-funneled/Tommy_Franks/Tommy_Franks_0010.jpg,0.5881508499137582,1
/home/anitadonato/tcc/tcc/data/lfw/lfw-funneled/Tommy_Franks/Tommy_Franks_0008.jpg,/home/anitadonato/tcc/tcc/data/lfw/lfw-funneled/Tommy_Franks/Tommy_Franks_0004.jpg,0.5898741435780422,1
/home/anitadonato/tcc/tcc/data/lfw/lfw-funneled/Tommy_Franks/Tommy_Franks_0008.jpg,/home/anitadonato/tcc/tcc/data/lfw/lfw-funneled/Tommy_Franks/Tommy_Franks_0001.jpg,0.5221991536224779,1
/home/anitadonato/tcc/tcc/data/lfw/lfw-funneled/Tommy_Franks/Tommy_Franks_0008.jpg,/home/anitadonato/tcc/tcc/data/lfw/lfw-funneled/Tommy_Franks/Tommy_Franks_0002.jpg,0.5560428807152342,1
/home/anitadonato/tcc/tcc/data/lfw/lfw-funneled/Tommy_Franks/Tommy_Franks_0010.jpg,/home/anitadonato/tcc/tcc/data/lfw/lfw-funneled/Tommy_Franks/Tommy_Franks_0004.jpg,0.561755345641243,1
/home/anitadonato/tcc/tcc/data/lfw/lfw-funneled/Tommy_Franks/Tommy_Franks_0010.jpg,/home/anitadonato/tcc/tcc/data/lfw/lfw-funneled/Tommy_Franks/Tommy_Franks_0001.jpg,0.43670567536157456,1
/home/anitadonato/tcc/tcc/data/lfw/lfw-funneled/Tommy_Franks/Tommy_Franks_0010.jpg,/home/anitadonato/tcc/tcc/data/lfw/lfw-funneled/Tommy_Franks/Tommy_Franks_0002.jpg,0.755049726227415,1
/home/anitadonato/tcc/tcc/data/lfw/lfw-funneled/Tommy_Franks/Tommy_Franks_0004.jpg,/home/anitadonato/tcc/tcc/data/lfw/lfw-funneled/Tommy_Franks/Tommy_Franks_0001.jpg,0.3065161309290416,1
/home/anitadonato/tcc/tcc/data/lfw/lfw-funneled/Tommy_Franks/Tommy_Franks_0004.jpg,/home/anitadonato/tcc/tcc/data/lfw/lfw-funneled/Tommy_Franks/Tommy_Franks_0002.jpg,0.7535364002307694,1
/home/anitadonato/tcc/tcc/data/lfw/lfw-funneled/Tommy_Franks/Tommy_Franks_0001.jpg,/home/anitadonato/tcc/tcc/data/lfw/lfw-funneled/Tommy_Franks/Tommy_Franks_0002.jpg,0.7541560164345031,1
/home/anitadonato/tcc/tcc/data/lfw/lfw-funneled/Colin_Powell/Colin_Powell_0182.jpg,/home/anitadonato/tcc/tcc/data/lfw/lfw-funneled/Colin_Powell/Colin_Powell_0162.jpg,0.41771942145437535,1
/home/anitadonato/tcc/tcc/data/lfw/lfw-funneled/Colin_Powell/Colin_Powell_0182.jpg,/home/anitadonato/tcc/tcc/data/lfw/lfw-funneled/Colin_Powell/Colin_Powell_0016.jpg,0.3210615508690514,1
/home/anitadonato/tcc/tcc/data/lfw/lfw-funneled/Colin_Powell/Colin_Powell_0182.jpg,/home/anitadonato/tcc/tcc/data/lfw/lfw-funneled/Colin_Powell/Colin_Powell_0059.jpg,0.43501505541118923,1
/home/anitadonato/tcc/tcc/data/lfw/lfw-funneled/Colin_Powell/Colin_Powell_0182.jpg,/home/anitadonato/tcc/tcc/data/lfw/lfw-funneled/Colin_Powell/Colin_Powell_0018.jpg,0.34996705919326443,1
/home/anitadonato/tcc/tcc/data/lfw/lfw-funneled/Colin_Powell/Colin_Powell_0162.jpg,/home/anitadonato/tcc/tcc/data/lfw/lfw-funneled/Colin_Powell/Colin_Powell_0016.jpg,0.13680614439955896,1
/home/anitadonato/tcc/tcc/data/lfw/lfw-funneled/Colin_Powell/Colin_Powell_0162.jpg,/home/anitadonato/tcc/tcc/data/lfw/lfw-funneled/Colin_Powell/Colin_Powell_0059.jpg,0.3675037373163126,1
/home/anitadonato/tcc/tcc/data/lfw/lfw-funneled/Colin_Powell/Colin_Powell_0162.jpg,/home/anitadonato/tcc/tcc/data/lfw/lfw-funneled/Colin_Powell/Colin_Powell_0018.jpg,0.2823960301007131,1
/home/anitadonato/tcc/tcc/data/lfw/lfw-funneled/Colin_Powell/Colin_Powell_0016.jpg,/home/anitadonato/tcc/tcc/data/lfw/lfw-funneled/Colin_Powell/Colin_Powell_0059.jpg,0.2631671708051645,1
/home/anitadonato/tcc/tcc/data/lfw/lfw-funneled/Colin_Powell/Colin_Powell_0016.jpg,/home/anitadonato/tcc/tcc/data/lfw/lfw-funneled/Colin_Powell/Colin_Powell_0018.jpg,0.19204345025771152,1
/home/anitadonato/tcc/tcc/data/lfw/lfw-funneled/Colin_Powell/Colin_Powell_0059.jpg,/home/anitadonato/tcc/tcc/data/lfw/lfw-funneled/Colin_Powell/Colin_Powell_0018.jpg,0.3408411653190897,1
/home/anitadonato/tcc/tcc/data/lfw/lfw-funneled/Fidel_Castro/Fidel_Castro_0002.jpg,/home/anitadonato/tcc/tcc/data/lfw/lfw-funneled/Fidel_Castro/Fidel_Castro_0011.jpg,0.8989084376507454,1
/home/anitadonato/tcc/tcc/data/lfw/lfw-funneled/Fidel_Castro/Fidel_Castro_0002.jpg,/home/anitadonato/tcc/tcc/data/lfw/lfw-funneled/Fidel_Castro/Fidel_Castro_0003.jpg,0.5053647145576279,1
/home/anitadonato/tcc/tcc/data/lfw/lfw-funneled/Fidel_Castro/Fidel_Castro_0002.jpg,/home/anitadonato/tcc/tcc/data/lfw/lfw-funneled/Fidel_Castro/Fidel_Castro_0009.jpg,0.47734541857730683,1
/home/anitadonato/tcc/tcc/data/lfw/lfw-funneled/Fidel_Castro/Fidel_Castro_0002.jpg,/home/anitadonato/tcc/tcc/data/lfw/lfw-funneled/Fidel_Castro/Fidel_Castro_0004.jpg,0.6150519624969386,1
/home/anitadonato/tcc/tcc/data/lfw/lfw-funneled/Fidel_Castro/Fidel_Castro_0011.jpg,/home/anitadonato/tcc/tcc/data/lfw/lfw-funneled/Fidel_Castro/Fidel_Castro_0003.jpg,0.9382581225111876,1
/home/anitadonato/tcc/tcc/data/lfw/lfw-funneled/Fidel_Castro/Fidel_Castro_0011.jpg,/home/anitadonato/tcc/tcc/data/lfw/lfw-funneled/Fidel_Castro/Fidel_Castro_0009.jpg,0.9382651405166959,1
/home/anitadonato/tcc/tcc/data/lfw/lfw-funneled/Fidel_Castro/Fidel_Castro_0011.jpg,/home/anitadonato/tcc/tcc/data/lfw/lfw-funneled/Fidel_Castro/Fidel_Castro_0004.jpg,0.897327097732503,1
/home/anitadonato/tcc/tcc/data/lfw/lfw-funneled/Fidel_Castro/Fidel_Castro_0003.jpg,/home/anitadonato/tcc/tcc/data/lfw/lfw-funneled/Fidel_Castro/Fidel_Castro_0009.jpg,0.5694660673105778,1
/home/anitadonato/tcc/tcc/data/lfw/lfw-funneled/Fidel_Castro/Fidel_Castro_0003.jpg,/home/anitadonato/tcc/tcc/data/lfw/lfw-funneled/Fidel_Castro/Fidel_Castro_0004.jpg,0.36836665470088037,1
/home/anitadonato/tcc/tcc/data/lfw/lfw-funneled/Fidel_Castro/Fidel_Castro_0009.jpg,/home/anitadonato/tcc/tcc/data/lfw/lfw-funneled/Fidel_Castro/Fidel_Castro_0004.jpg,0.705559002105586,1
/home/anitadonato/tcc/tcc/data/lfw/lfw-funneled/Jennifer_Capriati/Jennifer_Capriati_0018.jpg,/home/anitadonato/tcc/tcc/data/lfw/lfw-funneled/Jennifer_Capriati/Jennifer_Capriati_0032.jpg,0.783487621568738,1
/home/anitadonato/tcc/tcc/data/lfw/lfw-funneled/Jennifer_Capriati/Jennifer_Capriati_0018.jpg,/home/anitadonato/tcc/tcc/data/lfw/lfw-funneled/Jennifer_Capriati/Jennifer_Capriati_0014.jpg,0.683816023770828,1
/home/anitadonato/tcc/tcc/data/lfw/lfw-funneled/Jennifer_Capriati/Jennifer_Capriati_0018.jpg,/home/anitadonato/tcc/tcc/data/lfw/lfw-funneled/Jennifer_Capriati/Jennifer_Capriati_0035.jpg,0.5262823090110872,1
/home/anitadonato/tcc/tcc/data/lfw/lfw-funneled/Jennifer_Capriati/Jennifer_Capriati_0018.jpg,/home/anitadonato/tcc/tcc/data/lfw/lfw-funneled/Jennifer_Capriati/Jennifer_Capriati_0009.jpg,0.3493645170009173,1
/home/anitadonato/tcc/tcc/data/lfw/lfw-funneled/Jennifer_Capriati/Jennifer_Capriati_0032.jpg,/home/anitadonato/tcc/tcc/data/lfw/lfw-funneled/Jennifer_Capriati/Jennifer_Capriati_0014.jpg,0.5378755649383841,1
/home/anitadonato/tcc/tcc/data/lfw/lfw-funneled/Jennifer_Capriati/Jennifer_Capriati_0032.jpg,/home/anitadonato/tcc/tcc/data/lfw/lfw-funneled/Jennifer_Capriati/Jennifer_Capriati_0035.jpg,0.7860919263841961,1
/home/anitadonato/tcc/tcc/data/lfw/lfw-funneled/Jennifer_Capriati/Jennifer_Capriati_0032.jpg,/home/anitadonato/tcc/tcc/data/lfw/lfw-funneled/Jennifer_Capriati/Jennifer_Capriati_0009.jpg,0.6464235333692372,1
/home/anitadonato/tcc/tcc/data/lfw/lfw-funneled/Jennifer_Capriati/Jennifer_Capriati_0014.jpg,/home/anitadonato/tcc/tcc/data/lfw/lfw-funneled/Jennifer_Capriati/Jennifer_Capriati_0035.jpg,0.7903225723101744,1
/home/anitadonato/tcc/tcc/data/lfw/lfw-funneled/Jennifer_Capriati/Jennifer_Capriati_0014.jpg,/home/anitadonato/tcc/tcc/data/lfw/lfw-funneled/Jennifer_Capriati/Jennifer_Capriati_0009.jpg,0.6777973755782475,1
/home/anitadonato/tcc/tcc/data/lfw/lfw-funneled/Jennifer_Capriati/Jennifer_Capriati_0035.jpg,/home/anitadonato/tcc/tcc/data/lfw/lfw-funneled/Jennifer_Capriati/Jennifer_Capriati_0009.jpg,0.5192816191213774,1
/home/anitadonato/tcc/tcc/data/lfw/lfw-funneled/Woody_Allen/Woody_Allen_0005.jpg,/home/anitadonato/tcc/tcc/data/lfw/lfw-funneled/Woody_Allen/Woody_Allen_0004.jpg,0.5384129667674179,1
/home/anitadonato/tcc/tcc/data/lfw/lfw-funneled/Woody_Allen/Woody_Allen_0005.jpg,/home/anitadonato/tcc/tcc/data/lfw/lfw-funneled/Woody_Allen/Woody_Allen_0001.jpg,0.8556719814226286,1
/home/anitadonato/tcc/tcc/data/lfw/lfw-funneled/Woody_Allen/Woody_Allen_0005.jpg,/home/anitadonato/tcc/tcc/data/lfw/lfw-funneled/Woody_Allen/Woody_Allen_0002.jpg,0.43791887894508985,1
/home/anitadonato/tcc/tcc/data/lfw/lfw-funneled/Woody_Allen/Woody_Allen_0005.jpg,/home/anitadonato/tcc/tcc/data/lfw/lfw-funneled/Woody_Allen/Woody_Allen_0003.jpg,0.3940683671895805,1
/home/anitadonato/tcc/tcc/data/lfw/lfw-funneled/Woody_Allen/Woody_Allen_0004.jpg,/home/anitadonato/tcc/tcc/data/lfw/lfw-funneled/Woody_Allen/Woody_Allen_0001.jpg,0.7862274007261759,1
/home/anitadonato/tcc/tcc/data/lfw/lfw-funneled/Woody_Allen/Woody_Allen_0004.jpg,/home/anitadonato/tcc/tcc/data/lfw/lfw-funneled/Woody_Allen/Woody_Allen_0002.jpg,0.5779448500884892,1
/home/anitadonato/tcc/tcc/data/lfw/lfw-funneled/Woody_Allen/Woody_Allen_0004.jpg,/home/anitadonato/tcc/tcc/data/lfw/lfw-funneled/Woody_Allen/Woody_Allen_0003.jpg,0.3936650660370864,1
/home/anitadonato/tcc/tcc/data/lfw/lfw-funneled/Woody_Allen/Woody_Allen_0001.jpg,/home/anitadonato/tcc/tcc/data/lfw/lfw-funneled/Woody_Allen/Woody_Allen_0002.jpg,0.891458241105052,1
/home/anitadonato/tcc/tcc/data/lfw/lfw-funneled/Woody_Allen/Woody_Allen_0001.jpg,/home/anitadonato/tcc/tcc/data/lfw/lfw-funneled/Woody_Allen/Woody_Allen_0003.jpg,0.7476927573995766,1
/home/anitadonato/tcc/tcc/data/lfw/lfw-funneled/Woody_Allen/Woody_Allen_0002.jpg,/home/anitadonato/tcc/tcc/data/lfw/lfw-funneled/Woody_Allen/Woody_Allen_0003.jpg,0.43175250881946836,1
/home/anitadonato/tcc/tcc/data/lfw/lfw-funneled/Vladimir_Putin/Vladimir_Putin_0013.jpg,/home/anitadonato/tcc/tcc/data/lfw/lfw-funneled/Vladimir_Putin/Vladimir_Putin_0007.jpg,0.5305175746427055,1
/home/anitadonato/tcc/tcc/data/lfw/lfw-funneled/Vladimir_Putin/Vladimir_Putin_0013.jpg,/home/anitadonato/tcc/tcc/data/lfw/lfw-funneled/Vladimir_Putin/Vladimir_Putin_0043.jpg,0.6017471764708516,1
/home/anitadonato/tcc/tcc/data/lfw/lfw-funneled/Vladimir_Putin/Vladimir_Putin_0013.jpg,/home/anitadonato/tcc/tcc/data/lfw/lfw-funneled/Vladimir_Putin/Vladimir_Putin_0028.jpg,0.47514816256509773,1
/home/anitadonato/tcc/tcc/data/lfw/lfw-funneled/Vladimir_Putin/Vladimir_Putin_0013.jpg,/home/anitadonato/tcc/tcc/data/lfw/lfw-funneled/Vladimir_Putin/Vladimir_Putin_0023.jpg,0.440787324686035,1
/home/anitadonato/tcc/tcc/data/lfw/lfw-funneled/Vladimir_Putin/Vladimir_Putin_0007.jpg,/home/anitadonato/tcc/tcc/data/lfw/lfw-funneled/Vladimir_Putin/Vladimir_Putin_0043.jpg,0.6638023935688662,1
/home/anitadonato/tcc/tcc/data/lfw/lfw-funneled/Vladimir_Putin/Vladimir_Putin_0007.jpg,/home/anitadonato/tcc/tcc/data/lfw/lfw-funneled/Vladimir_Putin/Vladimir_Putin_0028.jpg,0.3235220452221722,1
/home/anitadonato/tcc/tcc/data/lfw/lfw-funneled/Vladimir_Putin/Vladimir_Putin_0007.jpg,/home/anitadonato/tcc/tcc/data/lfw/lfw-funneled/Vladimir_Putin/Vladimir_Putin_0023.jpg,0.5778153563324834,1
/home/anitadonato/tcc/tcc/data/lfw/lfw-funneled/Vladimir_Putin/Vladimir_Putin_0043.jpg,/home/anitadonato/tcc/tcc/data/lfw/lfw-funneled/Vladimir_Putin/Vladimir_Putin_0028.jpg,0.6005758415209563,1
/home/anitadonato/tcc/tcc/data/lfw/lfw-funneled/Vladimir_Putin/Vladimir_Putin_0043.jpg,/home/anitadonato/tcc/tcc/data/lfw/lfw-funneled/Vladimir_Putin/Vladimir_Putin_0023.jpg,0.5410124048635734,1
/home/anitadonato/tcc/tcc/data/lfw/lfw-funneled/Vladimir_Putin/Vladimir_Putin_0028.jpg,/home/anitadonato/tcc/tcc/data/lfw/lfw-funneled/Vladimir_Putin/Vladimir_Putin_0023.jpg,0.33973611814043714,1
/home/anitadonato/tcc/tcc/data/lfw/lfw-funneled/John_Paul_II/John_Paul_II_0007.jpg,/home/anitadonato/tcc/tcc/data/lfw/lfw-funneled/John_Paul_II/John_Paul_II_0011.jpg,0.4380739079093451,1
/home/anitadonato/tcc/tcc/data/lfw/lfw-funneled/John_Paul_II/John_Paul_II_0007.jpg,/home/anitadonato/tcc/tcc/data/lfw/lfw-funneled/John_Paul_II/John_Paul_II_0008.jpg,0.5753867503188779,1
/home/anitadonato/tcc/tcc/data/lfw/lfw-funneled/John_Paul_II/John_Paul_II_0007.jpg,/home/anitadonato/tcc/tcc/data/lfw/lfw-funneled/John_Paul_II/John_Paul_II_0001.jpg,0.32553881016579944,1
/home/anitadonato/tcc/tcc/data/lfw/lfw-funneled/John_Paul_II/John_Paul_II_0007.jpg,/home/anitadonato/tcc/tcc/data/lfw/lfw-funneled/John_Paul_II/John_Paul_II_0006.jpg,0.13783841209919656,1
/home/anitadonato/tcc/tcc/data/lfw/lfw-funneled/John_Paul_II/John_Paul_II_0011.jpg,/home/anitadonato/tcc/tcc/data/lfw/lfw-funneled/John_Paul_II/John_Paul_II_0008.jpg,0.21460618699529044,1
/home/anitadonato/tcc/tcc/data/lfw/lfw-funneled/John_Paul_II/John_Paul_II_0011.jpg,/home/anitadonato/tcc/tcc/data/lfw/lfw-funneled/John_Paul_II/John_Paul_II_0001.jpg,0.3610774880498797,1
/home/anitadonato/tcc/tcc/data/lfw/lfw-funneled/John_Paul_II/John_Paul_II_0011.jpg,/home/anitadonato/tcc/tcc/data/lfw/lfw-funneled/John_Paul_II/John_Paul_II_0006.jpg,0.34527009426187016,1
/home/anitadonato/tcc/tcc/data/lfw/lfw-funneled/John_Paul_II/John_Paul_II_0008.jpg,/home/anitadonato/tcc/tcc/data/lfw/lfw-funneled/John_Paul_II/John_Paul_II_0001.jpg,0.36922438772912003,1
/home/anitadonato/tcc/tcc/data/lfw/lfw-funneled/John_Paul_II/John_Paul_II_0008.jpg,/home/anitadonato/tcc/tcc/data/lfw/lfw-funneled/John_Paul_II/John_Paul_II_0006.jpg,0.4336330077964914,1
/home/anitadonato/tcc/tcc/data/lfw/lfw-funneled/John_Paul_II/John_Paul_II_0001.jpg,/home/anitadonato/tcc/tcc/data/lfw/lfw-funneled/John_Paul_II/John_Paul_II_0006.jpg,0.23945155006132013,1
/home/anitadonato/tcc/tcc/data/lfw/lfw-funneled/Boris_Becker/Boris_Becker_0006.jpg,/home/anitadonato/tcc/tcc/data/lfw/lfw-funneled/Boris_Becker/Boris_Becker_0001.jpg,0.35055850665053656,1
/home/anitadonato/tcc/tcc/data/lfw/lfw-funneled/Boris_Becker/Boris_Becker_0006.jpg,/home/anitadonato/tcc/tcc/data/lfw/lfw-funneled/Boris_Becker/Boris_Becker_0005.jpg,0.5550905675944877,1
/home/anitadonato/tcc/tcc/data/lfw/lfw-funneled/Boris_Becker/Boris_Becker_0006.jpg,/home/anitadonato/tcc/tcc/data/lfw/lfw-funneled/Boris_Becker/Boris_Becker_0002.jpg,0.5840302009671114,1
/home/anitadonato/tcc/tcc/data/lfw/lfw-funneled/Boris_Becker/Boris_Becker_0006.jpg,/home/anitadonato/tcc/tcc/data/lfw/lfw-funneled/Boris_Becker/Boris_Becker_0003.jpg,0.577811421124237,1
/home/anitadonato/tcc/tcc/data/lfw/lfw-funneled/Boris_Becker/Boris_Becker_0001.jpg,/home/anitadonato/tcc/tcc/data/lfw/lfw-funneled/Boris_Becker/Boris_Becker_0005.jpg,0.3637573831508788,1
/home/anitadonato/tcc/tcc/data/lfw/lfw-funneled/Boris_Becker/Boris_Becker_0001.jpg,/home/anitadonato/tcc/tcc/data/lfw/lfw-funneled/Boris_Becker/Boris_Becker_0002.jpg,0.5021233151576634,1
/home/anitadonato/tcc/tcc/data/lfw/lfw-funneled/Boris_Becker/Boris_Becker_0001.jpg,/home/anitadonato/tcc/tcc/data/lfw/lfw-funneled/Boris_Becker/Boris_Becker_0003.jpg,0.4538160958321773,1
/home/anitadonato/tcc/tcc/data/lfw/lfw-funneled/Boris_Becker/Boris_Becker_0005.jpg,/home/anitadonato/tcc/tcc/data/lfw/lfw-funneled/Boris_Becker/Boris_Becker_0002.jpg,0.48307121883596815,1
/home/anitadonato/tcc/tcc/data/lfw/lfw-funneled/Boris_Becker/Boris_Becker_0005.jpg,/home/anitadonato/tcc/tcc/data/lfw/lfw-funneled/Boris_Becker/Boris_Becker_0003.jpg,0.3632430162603567,1
/home/anitadonato/tcc/tcc/data/lfw/lfw-funneled/Boris_Becker/Boris_Becker_0002.jpg,/home/anitadonato/tcc/tcc/data/lfw/lfw-funneled/Boris_Becker/Boris_Becker_0003.jpg,0.4232827966557742,1
/home/anitadonato/tcc/tcc/data/lfw/lfw-funneled/Joe_Lieberman/Joe_Lieberman_0013.jpg,/home/anitadonato/tcc/tcc/data/lfw/lfw-funneled/Joe_Lieberman/Joe_Lieberman_0002.jpg,0.3858643364684343,1
/home/anitadonato/tcc/tcc/data/lfw/lfw-funneled/Joe_Lieberman/Joe_Lieberman_0013.jpg,/home/anitadonato/tcc/tcc/data/lfw/lfw-funneled/Joe_Lieberman/Joe_Lieberman_0004.jpg,0.5837358602674065,1
/home/anitadonato/tcc/tcc/data/lfw/lfw-funneled/Joe_Lieberman/Joe_Lieberman_0013.jpg,/home/anitadonato/tcc/tcc/data/lfw/lfw-funneled/Joe_Lieberman/Joe_Lieberman_0011.jpg,0.33896795693988,1
/home/anitadonato/tcc/tcc/data/lfw/lfw-funneled/Joe_Lieberman/Joe_Lieberman_0013.jpg,/home/anitadonato/tcc/tcc/data/lfw/lfw-funneled/Joe_Lieberman/Joe_Lieberman_0010.jpg,0.4945285073823267,1
/home/anitadonato/tcc/tcc/data/lfw/lfw-funneled/Joe_Lieberman/Joe_Lieberman_0002.jpg,/home/anitadonato/tcc/tcc/data/lfw/lfw-funneled/Joe_Lieberman/Joe_Lieberman_0004.jpg,0.5411881568201535,1
/home/anitadonato/tcc/tcc/data/lfw/lfw-funneled/Joe_Lieberman/Joe_Lieberman_0002.jpg,/home/anitadonato/tcc/tcc/data/lfw/lfw-funneled/Joe_Lieberman/Joe_Lieberman_0011.jpg,0.3785735631172762,1
/home/anitadonato/tcc/tcc/data/lfw/lfw-funneled/Joe_Lieberman/Joe_Lieberman_0002.jpg,/home/anitadonato/tcc/tcc/data/lfw/lfw-funneled/Joe_Lieberman/Joe_Lieberman_0010.jpg,0.3158345856129562,1
/home/anitadonato/tcc/tcc/data/lfw/lfw-funneled/Joe_Lieberman/Joe_Lieberman_0004.jpg,/home/anitadonato/tcc/tcc/data/lfw/lfw-funneled/Joe_Lieberman/Joe_Lieberman_0011.jpg,0.6101789171093315,1
/home/anitadonato/tcc/tcc/data/lfw/lfw-funneled/Joe_Lieberman/Joe_Lieberman_0004.jpg,/home/anitadonato/tcc/tcc/data/lfw/lfw-funneled/Joe_Lieberman/Joe_Lieberman_0010.jpg,0.5935520758949765,1
/home/anitadonato/tcc/tcc/data/lfw/lfw-funneled/Joe_Lieberman/Joe_Lieberman_0011.jpg,/home/anitadonato/tcc/tcc/data/lfw/lfw-funneled/Joe_Lieberman/Joe_Lieberman_0010.jpg,0.3602963065002136,1
/home/anitadonato/tcc/tcc/data/lfw/lfw-funneled/Jeremy_Greenstock/Jeremy_Greenstock_0018.jpg,/home/anitadonato/tcc/tcc/data/lfw/lfw-funneled/Jeremy_Greenstock/Jeremy_Greenstock_0015.jpg,0.42943112614632695,1
/home/anitadonato/tcc/tcc/data/lfw/lfw-funneled/Jeremy_Greenstock/Jeremy_Greenstock_0018.jpg,/home/anitadonato/tcc/tcc/data/lfw/lfw-funneled/Jeremy_Greenstock/Jeremy_Greenstock_0005.jpg,0.3092600366927494,1
/home/anitadonato/tcc/tcc/data/lfw/lfw-funneled/Jeremy_Greenstock/Jeremy_Greenstock_0018.jpg,/home/anitadonato/tcc/tcc/data/lfw/lfw-funneled/Jeremy_Greenstock/Jeremy_Greenstock_0014.jpg,0.25004480229583925,1
/home/anitadonato/tcc/tcc/data/lfw/lfw-funneled/Jeremy_Greenstock/Jeremy_Greenstock_0018.jpg,/home/anitadonato/tcc/tcc/data/lfw/lfw-funneled/Jeremy_Greenstock/Jeremy_Greenstock_0006.jpg,0.26929774442680454,1
/home/anitadonato/tcc/tcc/data/lfw/lfw-funneled/Jeremy_Greenstock/Jeremy_Greenstock_0015.jpg,/home/anitadonato/tcc/tcc/data/lfw/lfw-funneled/Jeremy_Greenstock/Jeremy_Greenstock_0005.jpg,0.39612092734771376,1
/home/anitadonato/tcc/tcc/data/lfw/lfw-funneled/Jeremy_Greenstock/Jeremy_Greenstock_0015.jpg,/home/anitadonato/tcc/tcc/data/lfw/lfw-funneled/Jeremy_Greenstock/Jeremy_Greenstock_0014.jpg,0.2696665287064993,1
/home/anitadonato/tcc/tcc/data/lfw/lfw-funneled/Jeremy_Greenstock/Jeremy_Greenstock_0015.jpg,/home/anitadonato/tcc/tcc/data/lfw/lfw-funneled/Jeremy_Greenstock/Jeremy_Greenstock_0006.jpg,0.4614098688818148,1
/home/anitadonato/tcc/tcc/data/lfw/lfw-funneled/Jeremy_Greenstock/Jeremy_Greenstock_0005.jpg,/home/anitadonato/tcc/tcc/data/lfw/lfw-funneled/Jeremy_Greenstock/Jeremy_Greenstock_0014.jpg,0.24811886718245602,1
/home/anitadonato/tcc/tcc/data/lfw/lfw-funneled/Jeremy_Greenstock/Jeremy_Greenstock_0005.jpg,/home/anitadonato/tcc/tcc/data/lfw/lfw-funneled/Jeremy_Greenstock/Jeremy_Greenstock_0006.jpg,0.34010612117660355,1
/home/anitadonato/tcc/tcc/data/lfw/lfw-funneled/Jeremy_Greenstock/Jeremy_Greenstock_0014.jpg,/home/anitadonato/tcc/tcc/data/lfw/lfw-funneled/Jeremy_Greenstock/Jeremy_Greenstock_0006.jpg,0.2828680141225216,1
/home/anitadonato/tcc/tcc/data/lfw/lfw-funneled/Pervez_Musharraf/Pervez_Musharraf_0009.jpg,/home/anitadonato/tcc/tcc/data/lfw/lfw-funneled/Pervez_Musharraf/Pervez_Musharraf_0015.jpg,0.3784773091674176,1
/home/anitadonato/tcc/tcc/data/lfw/lfw-funneled/Pervez_Musharraf/Pervez_Musharraf_0009.jpg,/home/anitadonato/tcc/tcc/data/lfw/lfw-funneled/Pervez_Musharraf/Pervez_Musharraf_0008.jpg,0.5480924692733291,1
/home/anitadonato/tcc/tcc/data/lfw/lfw-funneled/Pervez_Musharraf/Pervez_Musharraf_0009.jpg,/home/anitadonato/tcc/tcc/data/lfw/lfw-funneled/Pervez_Musharraf/Pervez_Musharraf_0014.jpg,0.7575909321293921,1
/home/anitadonato/tcc/tcc/data/lfw/lfw-funneled/Pervez_Musharraf/Pervez_Musharraf_0009.jpg,/home/anitadonato/tcc/tcc/data/lfw/lfw-funneled/Pervez_Musharraf/Pervez_Musharraf_0002.jpg,0.5173835057939158,1
/home/anitadonato/tcc/tcc/data/lfw/lfw-funneled/Pervez_Musharraf/Pervez_Musharraf_0015.jpg,/home/anitadonato/tcc/tcc/data/lfw/lfw-funneled/Pervez_Musharraf/Pervez_Musharraf_0008.jpg,0.4829424057110825,1
/home/anitadonato/tcc/tcc/data/lfw/lfw-funneled/Pervez_Musharraf/Pervez_Musharraf_0015.jpg,/home/anitadonato/tcc/tcc/data/lfw/lfw-funneled/Pervez_Musharraf/Pervez_Musharraf_0014.jpg,0.6759243524719605,1
/home/anitadonato/tcc/tcc/data/lfw/lfw-funneled/Pervez_Musharraf/Pervez_Musharraf_0015.jpg,/home/anitadonato/tcc/tcc/data/lfw/lfw-funneled/Pervez_Musharraf/Pervez_Musharraf_0002.jpg,0.5249844598466901,1
/home/anitadonato/tcc/tcc/data/lfw/lfw-funneled/Pervez_Musharraf/Pervez_Musharraf_0008.jpg,/home/anitadonato/tcc/tcc/data/lfw/lfw-funneled/Pervez_Musharraf/Pervez_Musharraf_0014.jpg,0.5659999566421896,1
/home/anitadonato/tcc/tcc/data/lfw/lfw-funneled/Pervez_Musharraf/Pervez_Musharraf_0008.jpg,/home/anitadonato/tcc/tcc/data/lfw/lfw-funneled/Pervez_Musharraf/Pervez_Musharraf_0002.jpg,0.7192977716911546,1
/home/anitadonato/tcc/tcc/data/lfw/lfw-funneled/Pervez_Musharraf/Pervez_Musharraf_0014.jpg,/home/anitadonato/tcc/tcc/data/lfw/lfw-funneled/Pervez_Musharraf/Pervez_Musharraf_0002.jpg,0.8044476281839198,1
/home/anitadonato/tcc/tcc/data/lfw/lfw-funneled/Hal_Gehman/Hal_Gehman_0004.jpg,/home/anitadonato/tcc/tcc/data/lfw/lfw-funneled/Hal_Gehman/Hal_Gehman_0001.jpg,0.567265887062322,1
/home/anitadonato/tcc/tcc/data/lfw/lfw-funneled/Hal_Gehman/Hal_Gehman_0004.jpg,/home/anitadonato/tcc/tcc/data/lfw/lfw-funneled/Hal_Gehman/Hal_Gehman_0005.jpg,0.5547225782768145,1
/home/anitadonato/tcc/tcc/data/lfw/lfw-funneled/Hal_Gehman/Hal_Gehman_0004.jpg,/home/anitadonato/tcc/tcc/data/lfw/lfw-funneled/Hal_Gehman/Hal_Gehman_0003.jpg,0.3554240268901703,1
/home/anitadonato/tcc/tcc/data/lfw/lfw-funneled/Hal_Gehman/Hal_Gehman_0004.jpg,/home/anitadonato/tcc/tcc/data/lfw/lfw-funneled/Hal_Gehman/Hal_Gehman_0002.jpg,0.43718695258996376,1
/home/anitadonato/tcc/tcc/data/lfw/lfw-funneled/Hal_Gehman/Hal_Gehman_0001.jpg,/home/anitadonato/tcc/tcc/data/lfw/lfw-funneled/Hal_Gehman/Hal_Gehman_0005.jpg,0.44308887929878293,1
/home/anitadonato/tcc/tcc/data/lfw/lfw-funneled/Hal_Gehman/Hal_Gehman_0001.jpg,/home/anitadonato/tcc/tcc/data/lfw/lfw-funneled/Hal_Gehman/Hal_Gehman_0003.jpg,0.451524637391322,1
/home/anitadonato/tcc/tcc/data/lfw/lfw-funneled/Hal_Gehman/Hal_Gehman_0001.jpg,/home/anitadonato/tcc/tcc/data/lfw/lfw-funneled/Hal_Gehman/Hal_Gehman_0002.jpg,0.47763913868294616,1
/home/anitadonato/tcc/tcc/data/lfw/lfw-funneled/Hal_Gehman/Hal_Gehman_0005.jpg,/home/anitadonato/tcc/tcc/data/lfw/lfw-funneled/Hal_Gehman/Hal_Gehman_0003.jpg,0.378286707855937,1
/home/anitadonato/tcc/tcc/data/lfw/lfw-funneled/Hal_Gehman/Hal_Gehman_0005.jpg,/home/anitadonato/tcc/tcc/data/lfw/lfw-funneled/Hal_Gehman/Hal_Gehman_0002.jpg,0.36077576298969916,1
/home/anitadonato/tcc/tcc/data/lfw/lfw-funneled/Hal_Gehman/Hal_Gehman_0003.jpg,/home/anitadonato/tcc/tcc/data/lfw/lfw-funneled/Hal_Gehman/Hal_Gehman_0002.jpg,0.2293465250113791,1
/home/anitadonato/tcc/tcc/data/lfw/lfw-funneled/Ann_Veneman/Ann_Veneman_0004.jpg,/home/anitadonato/tcc/tcc/data/lfw/lfw-funneled/Ann_Veneman/Ann_Veneman_0003.jpg,0.39122513245007395,1
/home/anitadonato/tcc/tcc/data/lfw/lfw-funneled/Ann_Veneman/Ann_Veneman_0004.jpg,/home/anitadonato/tcc/tcc/data/lfw/lfw-funneled/Ann_Veneman/Ann_Veneman_0007.jpg,0.5824561610131493,1
/home/anitadonato/tcc/tcc/data/lfw/lfw-funneled/Ann_Veneman/Ann_Veneman_0004.jpg,/home/anitadonato/tcc/tcc/data/lfw/lfw-funneled/Ann_Veneman/Ann_Veneman_0008.jpg,0.5154410002660302,1
/home/anitadonato/tcc/tcc/data/lfw/lfw-funneled/Ann_Veneman/Ann_Veneman_0004.jpg,/home/anitadonato/tcc/tcc/data/lfw/lfw-funneled/Ann_Veneman/Ann_Veneman_0011.jpg,0.5923286168767106,1
/home/anitadonato/tcc/tcc/data/lfw/lfw-funneled/Ann_Veneman/Ann_Veneman_0003.jpg,/home/anitadonato/tcc/tcc/data/lfw/lfw-funneled/Ann_Veneman/Ann_Veneman_0007.jpg,0.3482268821838982,1
/home/anitadonato/tcc/tcc/data/lfw/lfw-funneled/Ann_Veneman/Ann_Veneman_0003.jpg,/home/anitadonato/tcc/tcc/data/lfw/lfw-funneled/Ann_Veneman/Ann_Veneman_0008.jpg,0.2872155752474477,1
/home/anitadonato/tcc/tcc/data/lfw/lfw-funneled/Ann_Veneman/Ann_Veneman_0003.jpg,/home/anitadonato/tcc/tcc/data/lfw/lfw-funneled/Ann_Veneman/Ann_Veneman_0011.jpg,0.39979406439689935,1
/home/anitadonato/tcc/tcc/data/lfw/lfw-funneled/Ann_Veneman/Ann_Veneman_0007.jpg,/home/anitadonato/tcc/tcc/data/lfw/lfw-funneled/Ann_Veneman/Ann_Veneman_0008.jpg,0.13144471391850054,1
/home/anitadonato/tcc/tcc/data/lfw/lfw-funneled/Ann_Veneman/Ann_Veneman_0007.jpg,/home/anitadonato/tcc/tcc/data/lfw/lfw-funneled/Ann_Veneman/Ann_Veneman_0011.jpg,0.4693645854588425,1
/home/anitadonato/tcc/tcc/data/lfw/lfw-funneled/Ann_Veneman/Ann_Veneman_0008.jpg,/home/anitadonato/tcc/tcc/data/lfw/lfw-funneled/Ann_Veneman/Ann_Veneman_0011.jpg,0.4570786098293299,1
/home/anitadonato/tcc/tcc/data/lfw/lfw-funneled/Liza_Minnelli/Liza_Minnelli_0002.jpg,/home/anitadonato/tcc/tcc/data/lfw/lfw-funneled/Liza_Minnelli/Liza_Minnelli_0004.jpg,0.5586702888412121,1
/home/anitadonato/tcc/tcc/data/lfw/lfw-funneled/Liza_Minnelli/Liza_Minnelli_0002.jpg,/home/anitadonato/tcc/tcc/data/lfw/lfw-funneled/Liza_Minnelli/Liza_Minnelli_0001.jpg,0.45929616735297096,1
/home/anitadonato/tcc/tcc/data/lfw/lfw-funneled/Liza_Minnelli/Liza_Minnelli_0002.jpg,/home/anitadonato/tcc/tcc/data/lfw/lfw-funneled/Liza_Minnelli/Liza_Minnelli_0007.jpg,0.5486362682080625,1
/home/anitadonato/tcc/tcc/data/lfw/lfw-funneled/Liza_Minnelli/Liza_Minnelli_0002.jpg,/home/anitadonato/tcc/tcc/data/lfw/lfw-funneled/Liza_Minnelli/Liza_Minnelli_0006.jpg,0.5594416408946111,1
/home/anitadonato/tcc/tcc/data/lfw/lfw-funneled/Liza_Minnelli/Liza_Minnelli_0004.jpg,/home/anitadonato/tcc/tcc/data/lfw/lfw-funneled/Liza_Minnelli/Liza_Minnelli_0001.jpg,0.42194410706846763,1
/home/anitadonato/tcc/tcc/data/lfw/lfw-funneled/Liza_Minnelli/Liza_Minnelli_0004.jpg,/home/anitadonato/tcc/tcc/data/lfw/lfw-funneled/Liza_Minnelli/Liza_Minnelli_0007.jpg,0.27894364620893,1
/home/anitadonato/tcc/tcc/data/lfw/lfw-funneled/Liza_Minnelli/Liza_Minnelli_0004.jpg,/home/anitadonato/tcc/tcc/data/lfw/lfw-funneled/Liza_Minnelli/Liza_Minnelli_0006.jpg,0.3463032422054745,1
/home/anitadonato/tcc/tcc/data/lfw/lfw-funneled/Liza_Minnelli/Liza_Minnelli_0001.jpg,/home/anitadonato/tcc/tcc/data/lfw/lfw-funneled/Liza_Minnelli/Liza_Minnelli_0007.jpg,0.3007485612757612,1
/home/anitadonato/tcc/tcc/data/lfw/lfw-funneled/Liza_Minnelli/Liza_Minnelli_0001.jpg,/home/anitadonato/tcc/tcc/data/lfw/lfw-funneled/Liza_Minnelli/Liza_Minnelli_0006.jpg,0.2973885156278635,1
/home/anitadonato/tcc/tcc/data/lfw/lfw-funneled/Liza_Minnelli/Liza_Minnelli_0007.jpg,/home/anitadonato/tcc/tcc/data/lfw/lfw-funneled/Liza_Minnelli/Liza_Minnelli_0006.jpg,0.17006402714918045,1
/home/anitadonato/tcc/tcc/data/lfw/lfw-funneled/Mike_Myers/Mike_Myers_0001.jpg,/home/anitadonato/tcc/tcc/data/lfw/lfw-funneled/Mike_Myers/Mike_Myers_0004.jpg,0.5748953000031125,1
/home/anitadonato/tcc/tcc/data/lfw/lfw-funneled/Mike_Myers/Mike_Myers_0001.jpg,/home/anitadonato/tcc/tcc/data/lfw/lfw-funneled/Mike_Myers/Mike_Myers_0003.jpg,0.6659758819398081,1
/home/anitadonato/tcc/tcc/data/lfw/lfw-funneled/Mike_Myers/Mike_Myers_0001.jpg,/home/anitadonato/tcc/tcc/data/lfw/lfw-funneled/Mike_Myers/Mike_Myers_0006.jpg,0.5669026888416837,1
/home/anitadonato/tcc/tcc/data/lfw/lfw-funneled/Mike_Myers/Mike_Myers_0001.jpg,/home/anitadonato/tcc/tcc/data/lfw/lfw-funneled/Mike_Myers/Mike_Myers_0002.jpg,0.5074174801068307,1
/home/anitadonato/tcc/tcc/data/lfw/lfw-funneled/Mike_Myers/Mike_Myers_0004.jpg,/home/anitadonato/tcc/tcc/data/lfw/lfw-funneled/Mike_Myers/Mike_Myers_0003.jpg,0.539085288543403,1
/home/anitadonato/tcc/tcc/data/lfw/lfw-funneled/Mike_Myers/Mike_Myers_0004.jpg,/home/anitadonato/tcc/tcc/data/lfw/lfw-funneled/Mike_Myers/Mike_Myers_0006.jpg,0.2744376842894981,1
/home/anitadonato/tcc/tcc/data/lfw/lfw-funneled/Mike_Myers/Mike_Myers_0004.jpg,/home/anitadonato/tcc/tcc/data/lfw/lfw-funneled/Mike_Myers/Mike_Myers_0002.jpg,0.521066638030151,1
/home/anitadonato/tcc/tcc/data/lfw/lfw-funneled/Mike_Myers/Mike_Myers_0003.jpg,/home/anitadonato/tcc/tcc/data/lfw/lfw-funneled/Mike_Myers/Mike_Myers_0006.jpg,0.4994382970854183,1
/home/anitadonato/tcc/tcc/data/lfw/lfw-funneled/Mike_Myers/Mike_Myers_0003.jpg,/home/anitadonato/tcc/tcc/data/lfw/lfw-funneled/Mike_Myers/Mike_Myers_0002.jpg,0.6753496264309453,1
/home/anitadonato/tcc/tcc/data/lfw/lfw-funneled/Mike_Myers/Mike_Myers_0006.jpg,/home/anitadonato/tcc/tcc/data/lfw/lfw-funneled/Mike_Myers/Mike_Myers_0002.jpg,0.47125826944744553,1
/home/anitadonato/tcc/tcc/data/lfw/lfw-funneled/Cesar_Gaviria/Cesar_Gaviria_0007.jpg,/home/anitadonato/tcc/tcc/data/lfw/lfw-funneled/Cesar_Gaviria/Cesar_Gaviria_0006.jpg,0.4045271267116811,1
/home/anitadonato/tcc/tcc/data/lfw/lfw-funneled/Cesar_Gaviria/Cesar_Gaviria_0007.jpg,/home/anitadonato/tcc/tcc/data/lfw/lfw-funneled/Cesar_Gaviria/Cesar_Gaviria_0008.jpg,0.28955791234909,1
/home/anitadonato/tcc/tcc/data/lfw/lfw-funneled/Cesar_Gaviria/Cesar_Gaviria_0007.jpg,/home/anitadonato/tcc/tcc/data/lfw/lfw-funneled/Cesar_Gaviria/Cesar_Gaviria_0005.jpg,0.41185504441264065,1
/home/anitadonato/tcc/tcc/data/lfw/lfw-funneled/Cesar_Gaviria/Cesar_Gaviria_0007.jpg,/home/anitadonato/tcc/tcc/data/lfw/lfw-funneled/Cesar_Gaviria/Cesar_Gaviria_0004.jpg,0.301710654109578,1
/home/anitadonato/tcc/tcc/data/lfw/lfw-funneled/Cesar_Gaviria/Cesar_Gaviria_0006.jpg,/home/anitadonato/tcc/tcc/data/lfw/lfw-funneled/Cesar_Gaviria/Cesar_Gaviria_0008.jpg,0.4258627275149258,1
/home/anitadonato/tcc/tcc/data/lfw/lfw-funneled/Cesar_Gaviria/Cesar_Gaviria_0006.jpg,/home/anitadonato/tcc/tcc/data/lfw/lfw-funneled/Cesar_Gaviria/Cesar_Gaviria_0005.jpg,0.07077692401973112,1
/home/anitadonato/tcc/tcc/data/lfw/lfw-funneled/Cesar_Gaviria/Cesar_Gaviria_0006.jpg,/home/anitadonato/tcc/tcc/data/lfw/lfw-funneled/Cesar_Gaviria/Cesar_Gaviria_0004.jpg,0.4021476682085594,1
/home/anitadonato/tcc/tcc/data/lfw/lfw-funneled/Cesar_Gaviria/Cesar_Gaviria_0008.jpg,/home/anitadonato/tcc/tcc/data/lfw/lfw-funneled/Cesar_Gaviria/Cesar_Gaviria_0005.jpg,0.44729042083730153,1
/home/anitadonato/tcc/tcc/data/lfw/lfw-funneled/Cesar_Gaviria/Cesar_Gaviria_0008.jpg,/home/anitadonato/tcc/tcc/data/lfw/lfw-funneled/Cesar_Gaviria/Cesar_Gaviria_0004.jpg,0.28674848794082397,1
/home/anitadonato/tcc/tcc/data/lfw/lfw-funneled/Cesar_Gaviria/Cesar_Gaviria_0005.jpg,/home/anitadonato/tcc/tcc/data/lfw/lfw-funneled/Cesar_Gaviria/Cesar_Gaviria_0004.jpg,0.3764355231422202,1
/home/anitadonato/tcc/tcc/data/lfw/lfw-funneled/John_Negroponte/John_Negroponte_0005.jpg,/home/anitadonato/tcc/tcc/data/lfw/lfw-funneled/John_Negroponte/John_Negroponte_0007.jpg,0.23513842266453733,1
/home/anitadonato/tcc/tcc/data/lfw/lfw-funneled/John_Negroponte/John_Negroponte_0005.jpg,/home/anitadonato/tcc/tcc/data/lfw/lfw-funneled/John_Negroponte/John_Negroponte_0010.jpg,0.29723057967346256,1
/home/anitadonato/tcc/tcc/data/lfw/lfw-funneled/John_Negroponte/John_Negroponte_0005.jpg,/home/anitadonato/tcc/tcc/data/lfw/lfw-funneled/John_Negroponte/John_Negroponte_0031.jpg,0.2874729062473047,1
/home/anitadonato/tcc/tcc/data/lfw/lfw-funneled/John_Negroponte/John_Negroponte_0005.jpg,/home/anitadonato/tcc/tcc/data/lfw/lfw-funneled/John_Negroponte/John_Negroponte_0002.jpg,0.49587395170458837,1
/home/anitadonato/tcc/tcc/data/lfw/lfw-funneled/John_Negroponte/John_Negroponte_0007.jpg,/home/anitadonato/tcc/tcc/data/lfw/lfw-funneled/John_Negroponte/John_Negroponte_0010.jpg,0.21072080511711033,1
/home/anitadonato/tcc/tcc/data/lfw/lfw-funneled/John_Negroponte/John_Negroponte_0007.jpg,/home/anitadonato/tcc/tcc/data/lfw/lfw-funneled/John_Negroponte/John_Negroponte_0031.jpg,0.3062849363384339,1
/home/anitadonato/tcc/tcc/data/lfw/lfw-funneled/John_Negroponte/John_Negroponte_0007.jpg,/home/anitadonato/tcc/tcc/data/lfw/lfw-funneled/John_Negroponte/John_Negroponte_0002.jpg,0.3808370139191156,1
/home/anitadonato/tcc/tcc/data/lfw/lfw-funneled/John_Negroponte/John_Negroponte_0010.jpg,/home/anitadonato/tcc/tcc/data/lfw/lfw-funneled/John_Negroponte/John_Negroponte_0031.jpg,0.20651122674167677,1
/home/anitadonato/tcc/tcc/data/lfw/lfw-funneled/John_Negroponte/John_Negroponte_0010.jpg,/home/anitadonato/tcc/tcc/data/lfw/lfw-funneled/John_Negroponte/John_Negroponte_0002.jpg,0.45586674777560876,1
/home/anitadonato/tcc/tcc/data/lfw/lfw-funneled/John_Negroponte/John_Negroponte_0031.jpg,/home/anitadonato/tcc/tcc/data/lfw/lfw-funneled/John_Negroponte/John_Negroponte_0002.jpg,0.39621455654219584,1
/home/anitadonato/tcc/tcc/data/lfw/lfw-funneled/Bill_Gates/Bill_Gates_0002.jpg,/home/anitadonato/tcc/tcc/data/lfw/lfw-funneled/Bill_Gates/Bill_Gates_0011.jpg,0.40819082136630247,1
/home/anitadonato/tcc/tcc/data/lfw/lfw-funneled/Bill_Gates/Bill_Gates_0002.jpg,/home/anitadonato/tcc/tcc/data/lfw/lfw-funneled/Bill_Gates/Bill_Gates_0001.jpg,0.5254738492534379,1
/home/anitadonato/tcc/tcc/data/lfw/lfw-funneled/Bill_Gates/Bill_Gates_0002.jpg,/home/anitadonato/tcc/tcc/data/lfw/lfw-funneled/Bill_Gates/Bill_Gates_0015.jpg,0.5912673358395619,1
/home/anitadonato/tcc/tcc/data/lfw/lfw-funneled/Bill_Gates/Bill_Gates_0002.jpg,/home/anitadonato/tcc/tcc/data/lfw/lfw-funneled/Bill_Gates/Bill_Gates_0010.jpg,0.5667888700151028,1
/home/anitadonato/tcc/tcc/data/lfw/lfw-funneled/Bill_Gates/Bill_Gates_0011.jpg,/home/anitadonato/tcc/tcc/data/lfw/lfw-funneled/Bill_Gates/Bill_Gates_0001.jpg,0.5628489842609896,1
/home/anitadonato/tcc/tcc/data/lfw/lfw-funneled/Bill_Gates/Bill_Gates_0011.jpg,/home/anitadonato/tcc/tcc/data/lfw/lfw-funneled/Bill_Gates/Bill_Gates_0015.jpg,0.4521094917139874,1
/home/anitadonato/tcc/tcc/data/lfw/lfw-funneled/Bill_Gates/Bill_Gates_0011.jpg,/home/anitadonato/tcc/tcc/data/lfw/lfw-funneled/Bill_Gates/Bill_Gates_0010.jpg,0.2809298675909855,1
/home/anitadonato/tcc/tcc/data/lfw/lfw-funneled/Bill_Gates/Bill_Gates_0001.jpg,/home/anitadonato/tcc/tcc/data/lfw/lfw-funneled/Bill_Gates/Bill_Gates_0015.jpg,0.4149389781176862,1
/home/anitadonato/tcc/tcc/data/lfw/lfw-funneled/Bill_Gates/Bill_Gates_0001.jpg,/home/anitadonato/tcc/tcc/data/lfw/lfw-funneled/Bill_Gates/Bill_Gates_0010.jpg,0.6857574684834491,1
/home/anitadonato/tcc/tcc/data/lfw/lfw-funneled/Bill_Gates/Bill_Gates_0015.jpg,/home/anitadonato/tcc/tcc/data/lfw/lfw-funneled/Bill_Gates/Bill_Gates_0010.jpg,0.5653636587393187,1
/home/anitadonato/tcc/tcc/data/lfw/lfw-funneled/Muhammad_Saeed_al-Sahhaf/Muhammad_Saeed_al-Sahhaf_0004.jpg,/home/anitadonato/tcc/tcc/data/lfw/lfw-funneled/Muhammad_Saeed_al-Sahhaf/Muhammad_Saeed_al-Sahhaf_0002.jpg,0.43207629293711813,1
/home/anitadonato/tcc/tcc/data/lfw/lfw-funneled/Muhammad_Saeed_al-Sahhaf/Muhammad_Saeed_al-Sahhaf_0004.jpg,/home/anitadonato/tcc/tcc/data/lfw/lfw-funneled/Muhammad_Saeed_al-Sahhaf/Muhammad_Saeed_al-Sahhaf_0001.jpg,0.47420365198165615,1
/home/anitadonato/tcc/tcc/data/lfw/lfw-funneled/Muhammad_Saeed_al-Sahhaf/Muhammad_Saeed_al-Sahhaf_0004.jpg,/home/anitadonato/tcc/tcc/data/lfw/lfw-funneled/Muhammad_Saeed_al-Sahhaf/Muhammad_Saeed_al-Sahhaf_0003.jpg,0.5305057510290121,1
/home/anitadonato/tcc/tcc/data/lfw/lfw-funneled/Muhammad_Saeed_al-Sahhaf/Muhammad_Saeed_al-Sahhaf_0004.jpg,/home/anitadonato/tcc/tcc/data/lfw/lfw-funneled/Muhammad_Saeed_al-Sahhaf/Muhammad_Saeed_al-Sahhaf_0005.jpg,0.3047204556460491,1
/home/anitadonato/tcc/tcc/data/lfw/lfw-funneled/Muhammad_Saeed_al-Sahhaf/Muhammad_Saeed_al-Sahhaf_0002.jpg,/home/anitadonato/tcc/tcc/data/lfw/lfw-funneled/Muhammad_Saeed_al-Sahhaf/Muhammad_Saeed_al-Sahhaf_0001.jpg,0.2571251590399479,1
/home/anitadonato/tcc/tcc/data/lfw/lfw-funneled/Muhammad_Saeed_al-Sahhaf/Muhammad_Saeed_al-Sahhaf_0002.jpg,/home/anitadonato/tcc/tcc/data/lfw/lfw-funneled/Muhammad_Saeed_al-Sahhaf/Muhammad_Saeed_al-Sahhaf_0003.jpg,0.5184572876048187,1
/home/anitadonato/tcc/tcc/data/lfw/lfw-funneled/Muhammad_Saeed_al-Sahhaf/Muhammad_Saeed_al-Sahhaf_0002.jpg,/home/anitadonato/tcc/tcc/data/lfw/lfw-funneled/Muhammad_Saeed_al-Sahhaf/Muhammad_Saeed_al-Sahhaf_0005.jpg,0.4488602408252089,1
/home/anitadonato/tcc/tcc/data/lfw/lfw-funneled/Muhammad_Saeed_al-Sahhaf/Muhammad_Saeed_al-Sahhaf_0001.jpg,/home/anitadonato/tcc/tcc/data/lfw/lfw-funneled/Muhammad_Saeed_al-Sahhaf/Muhammad_Saeed_al-Sahhaf_0003.jpg,0.5087302461001799,1
/home/anitadonato/tcc/tcc/data/lfw/lfw-funneled/Muhammad_Saeed_al-Sahhaf/Muhammad_Saeed_al-Sahhaf_0001.jpg,/home/anitadonato/tcc/tcc/data/lfw/lfw-funneled/Muhammad_Saeed_al-Sahhaf/Muhammad_Saeed_al-Sahhaf_0005.jpg,0.4531055622311202,1
/home/anitadonato/tcc/tcc/data/lfw/lfw-funneled/Muhammad_Saeed_al-Sahhaf/Muhammad_Saeed_al-Sahhaf_0003.jpg,/home/anitadonato/tcc/tcc/data/lfw/lfw-funneled/Muhammad_Saeed_al-Sahhaf/Muhammad_Saeed_al-Sahhaf_0005.jpg,0.43115112477855555,1
/home/anitadonato/tcc/tcc/data/lfw/lfw-funneled/Ian_Thorpe/Ian_Thorpe_0002.jpg,/home/anitadonato/tcc/tcc/data/lfw/lfw-funneled/Ian_Thorpe/Ian_Thorpe_0010.jpg,0.6365320524526565,1
/home/anitadonato/tcc/tcc/data/lfw/lfw-funneled/Ian_Thorpe/Ian_Thorpe_0002.jpg,/home/anitadonato/tcc/tcc/data/lfw/lfw-funneled/Ian_Thorpe/Ian_Thorpe_0004.jpg,0.5749820611863232,1
/home/anitadonato/tcc/tcc/data/lfw/lfw-funneled/Ian_Thorpe/Ian_Thorpe_0002.jpg,/home/anitadonato/tcc/tcc/data/lfw/lfw-funneled/Ian_Thorpe/Ian_Thorpe_0008.jpg,0.6182158223395635,1
/home/anitadonato/tcc/tcc/data/lfw/lfw-funneled/Ian_Thorpe/Ian_Thorpe_0002.jpg,/home/anitadonato/tcc/tcc/data/lfw/lfw-funneled/Ian_Thorpe/Ian_Thorpe_0001.jpg,0.6034305704369285,1
/home/anitadonato/tcc/tcc/data/lfw/lfw-funneled/Ian_Thorpe/Ian_Thorpe_0010.jpg,/home/anitadonato/tcc/tcc/data/lfw/lfw-funneled/Ian_Thorpe/Ian_Thorpe_0004.jpg,0.4500110855714584,1
/home/anitadonato/tcc/tcc/data/lfw/lfw-funneled/Ian_Thorpe/Ian_Thorpe_0010.jpg,/home/anitadonato/tcc/tcc/data/lfw/lfw-funneled/Ian_Thorpe/Ian_Thorpe_0008.jpg,0.5720446515932404,1
/home/anitadonato/tcc/tcc/data/lfw/lfw-funneled/Ian_Thorpe/Ian_Thorpe_0010.jpg,/home/anitadonato/tcc/tcc/data/lfw/lfw-funneled/Ian_Thorpe/Ian_Thorpe_0001.jpg,0.49983414125936865,1
/home/anitadonato/tcc/tcc/data/lfw/lfw-funneled/Ian_Thorpe/Ian_Thorpe_0004.jpg,/home/anitadonato/tcc/tcc/data/lfw/lfw-funneled/Ian_Thorpe/Ian_Thorpe_0008.jpg,0.4753908020193196,1
/home/anitadonato/tcc/tcc/data/lfw/lfw-funneled/Ian_Thorpe/Ian_Thorpe_0004.jpg,/home/anitadonato/tcc/tcc/data/lfw/lfw-funneled/Ian_Thorpe/Ian_Thorpe_0001.jpg,0.5168323827667534,1
/home/anitadonato/tcc/tcc/data/lfw/lfw-funneled/Ian_Thorpe/Ian_Thorpe_0008.jpg,/home/anitadonato/tcc/tcc/data/lfw/lfw-funneled/Ian_Thorpe/Ian_Thorpe_0001.jpg,0.3473005314746007,1
/home/anitadonato/tcc/tcc/data/lfw/lfw-funneled/Renee_Zellweger/Renee_Zellweger_0008.jpg,/home/anitadonato/tcc/tcc/data/lfw/lfw-funneled/Renee_Zellweger/Renee_Zellweger_0002.jpg,0.223121215942245,1
/home/anitadonato/tcc/tcc/data/lfw/lfw-funneled/Renee_Zellweger/Renee_Zellweger_0008.jpg,/home/anitadonato/tcc/tcc/data/lfw/lfw-funneled/Renee_Zellweger/Renee_Zellweger_0010.jpg,0.48539102021281766,1
/home/anitadonato/tcc/tcc/data/lfw/lfw-funneled/Renee_Zellweger/Renee_Zellweger_0008.jpg,/home/anitadonato/tcc/tcc/data/lfw/lfw-funneled/Renee_Zellweger/Renee_Zellweger_0016.jpg,0.44326015969247123,1
/home/anitadonato/tcc/tcc/data/lfw/lfw-funneled/Renee_Zellweger/Renee_Zellweger_0008.jpg,/home/anitadonato/tcc/tcc/data/lfw/lfw-funneled/Renee_Zellweger/Renee_Zellweger_0007.jpg,0.5616115977813807,1
/home/anitadonato/tcc/tcc/data/lfw/lfw-funneled/Renee_Zellweger/Renee_Zellweger_0002.jpg,/home/anitadonato/tcc/tcc/data/lfw/lfw-funneled/Renee_Zellweger/Renee_Zellweger_0010.jpg,0.5704029952363404,1
/home/anitadonato/tcc/tcc/data/lfw/lfw-funneled/Renee_Zellweger/Renee_Zellweger_0002.jpg,/home/anitadonato/tcc/tcc/data/lfw/lfw-funneled/Renee_Zellweger/Renee_Zellweger_0016.jpg,0.4187942660795362,1
/home/anitadonato/tcc/tcc/data/lfw/lfw-funneled/Renee_Zellweger/Renee_Zellweger_0002.jpg,/home/anitadonato/tcc/tcc/data/lfw/lfw-funneled/Renee_Zellweger/Renee_Zellweger_0007.jpg,0.6371524176013827,1
/home/anitadonato/tcc/tcc/data/lfw/lfw-funneled/Renee_Zellweger/Renee_Zellweger_0010.jpg,/home/anitadonato/tcc/tcc/data/lfw/lfw-funneled/Renee_Zellweger/Renee_Zellweger_0016.jpg,0.5412344920841179,1
/home/anitadonato/tcc/tcc/data/lfw/lfw-funneled/Renee_Zellweger/Renee_Zellweger_0010.jpg,/home/anitadonato/tcc/tcc/data/lfw/lfw-funneled/Renee_Zellweger/Renee_Zellweger_0007.jpg,0.49630657421374735,1
/home/anitadonato/tcc/tcc/data/lfw/lfw-funneled/Renee_Zellweger/Renee_Zellweger_0016.jpg,/home/anitadonato/tcc/tcc/data/lfw/lfw-funneled/Renee_Zellweger/Renee_Zellweger_0007.jpg,0.5897580777031177,1
/home/anitadonato/tcc/tcc/data/lfw/lfw-funneled/Queen_Rania/Queen_Rania_0005.jpg,/home/anitadonato/tcc/tcc/data/lfw/lfw-funneled/Queen_Rania/Queen_Rania_0003.jpg,0.4770302284793555,1
/home/anitadonato/tcc/tcc/data/lfw/lfw-funneled/Queen_Rania/Queen_Rania_0005.jpg,/home/anitadonato/tcc/tcc/data/lfw/lfw-funneled/Queen_Rania/Queen_Rania_0002.jpg,0.508713200687174,1
/home/anitadonato/tcc/tcc/data/lfw/lfw-funneled/Queen_Rania/Queen_Rania_0005.jpg,/home/anitadonato/tcc/tcc/data/lfw/lfw-funneled/Queen_Rania/Queen_Rania_0001.jpg,0.5038499838744178,1
/home/anitadonato/tcc/tcc/data/lfw/lfw-funneled/Queen_Rania/Queen_Rania_0005.jpg,/home/anitadonato/tcc/tcc/data/lfw/lfw-funneled/Queen_Rania/Queen_Rania_0004.jpg,0.542185683367159,1
/home/anitadonato/tcc/tcc/data/lfw/lfw-funneled/Queen_Rania/Queen_Rania_0003.jpg,/home/anitadonato/tcc/tcc/data/lfw/lfw-funneled/Queen_Rania/Queen_Rania_0002.jpg,0.41656783552348364,1
/home/anitadonato/tcc/tcc/data/lfw/lfw-funneled/Queen_Rania/Queen_Rania_0003.jpg,/home/anitadonato/tcc/tcc/data/lfw/lfw-funneled/Queen_Rania/Queen_Rania_0001.jpg,0.42251198278328683,1
/home/anitadonato/tcc/tcc/data/lfw/lfw-funneled/Queen_Rania/Queen_Rania_0003.jpg,/home/anitadonato/tcc/tcc/data/lfw/lfw-funneled/Queen_Rania/Queen_Rania_0004.jpg,0.45893031184839506,1
/home/anitadonato/tcc/tcc/data/lfw/lfw-funneled/Queen_Rania/Queen_Rania_0002.jpg,/home/anitadonato/tcc/tcc/data/lfw/lfw-funneled/Queen_Rania/Queen_Rania_0001.jpg,0.25588360931896137,1
/home/anitadonato/tcc/tcc/data/lfw/lfw-funneled/Queen_Rania/Queen_Rania_0002.jpg,/home/anitadonato/tcc/tcc/data/lfw/lfw-funneled/Queen_Rania/Queen_Rania_0004.jpg,0.7465818835869624,1
/home/anitadonato/tcc/tcc/data/lfw/lfw-funneled/Queen_Rania/Queen_Rania_0001.jpg,/home/anitadonato/tcc/tcc/data/lfw/lfw-funneled/Queen_Rania/Queen_Rania_0004.jpg,0.6978037420218179,1
/home/anitadonato/tcc/tcc/data/lfw/lfw-funneled/John_Allen_Muhammad/John_Allen_Muhammad_0004.jpg,/home/anitadonato/tcc/tcc/data/lfw/lfw-funneled/John_Allen_Muhammad/John_Allen_Muhammad_0005.jpg,0.21051027509763853,1
/home/anitadonato/tcc/tcc/data/lfw/lfw-funneled/John_Allen_Muhammad/John_Allen_Muhammad_0004.jpg,/home/anitadonato/tcc/tcc/data/lfw/lfw-funneled/John_Allen_Muhammad/John_Allen_Muhammad_0007.jpg,0.25274435220941116,1
/home/anitadonato/tcc/tcc/data/lfw/lfw-funneled/John_Allen_Muhammad/John_Allen_Muhammad_0004.jpg,/home/anitadonato/tcc/tcc/data/lfw/lfw-funneled/John_Allen_Muhammad/John_Allen_Muhammad_0003.jpg,0.16632973172136034,1
/home/anitadonato/tcc/tcc/data/lfw/lfw-funneled/John_Allen_Muhammad/John_Allen_Muhammad_0004.jpg,/home/anitadonato/tcc/tcc/data/lfw/lfw-funneled/John_Allen_Muhammad/John_Allen_Muhammad_0006.jpg,0.8502926961998478,1
/home/anitadonato/tcc/tcc/data/lfw/lfw-funneled/John_Allen_Muhammad/John_Allen_Muhammad_0005.jpg,/home/anitadonato/tcc/tcc/data/lfw/lfw-funneled/John_Allen_Muhammad/John_Allen_Muhammad_0007.jpg,0.28825450971168276,1
/home/anitadonato/tcc/tcc/data/lfw/lfw-funneled/John_Allen_Muhammad/John_Allen_Muhammad_0005.jpg,/home/anitadonato/tcc/tcc/data/lfw/lfw-funneled/John_Allen_Muhammad/John_Allen_Muhammad_0003.jpg,0.13450412829301317,1
/home/anitadonato/tcc/tcc/data/lfw/lfw-funneled/John_Allen_Muhammad/John_Allen_Muhammad_0005.jpg,/home/anitadonato/tcc/tcc/data/lfw/lfw-funneled/John_Allen_Muhammad/John_Allen_Muhammad_0006.jpg,0.8615817466527728,1
/home/anitadonato/tcc/tcc/data/lfw/lfw-funneled/John_Allen_Muhammad/John_Allen_Muhammad_0007.jpg,/home/anitadonato/tcc/tcc/data/lfw/lfw-funneled/John_Allen_Muhammad/John_Allen_Muhammad_0003.jpg,0.2517481171760405,1
/home/anitadonato/tcc/tcc/data/lfw/lfw-funneled/John_Allen_Muhammad/John_Allen_Muhammad_0007.jpg,/home/anitadonato/tcc/tcc/data/lfw/lfw-funneled/John_Allen_Muhammad/John_Allen_Muhammad_0006.jpg,0.8592986549694154,1
/home/anitadonato/tcc/tcc/data/lfw/lfw-funneled/John_Allen_Muhammad/John_Allen_Muhammad_0003.jpg,/home/anitadonato/tcc/tcc/data/lfw/lfw-funneled/John_Allen_Muhammad/John_Allen_Muhammad_0006.jpg,0.8525606807718387,1
/home/anitadonato/tcc/tcc/data/lfw/lfw-funneled/Norm_Coleman/Norm_Coleman_0006.jpg,/home/anitadonato/tcc/tcc/data/lfw/lfw-funneled/Norm_Coleman/Norm_Coleman_0003.jpg,0.33255571145023577,1
/home/anitadonato/tcc/tcc/data/lfw/lfw-funneled/Norm_Coleman/Norm_Coleman_0006.jpg,/home/anitadonato/tcc/tcc/data/lfw/lfw-funneled/Norm_Coleman/Norm_Coleman_0004.jpg,0.5375431461511067,1
/home/anitadonato/tcc/tcc/data/lfw/lfw-funneled/Norm_Coleman/Norm_Coleman_0006.jpg,/home/anitadonato/tcc/tcc/data/lfw/lfw-funneled/Norm_Coleman/Norm_Coleman_0007.jpg,0.49882859238771504,1
/home/anitadonato/tcc/tcc/data/lfw/lfw-funneled/Norm_Coleman/Norm_Coleman_0006.jpg,/home/anitadonato/tcc/tcc/data/lfw/lfw-funneled/Norm_Coleman/Norm_Coleman_0001.jpg,0.4451883783895637,1
/home/anitadonato/tcc/tcc/data/lfw/lfw-funneled/Norm_Coleman/Norm_Coleman_0003.jpg,/home/anitadonato/tcc/tcc/data/lfw/lfw-funneled/Norm_Coleman/Norm_Coleman_0004.jpg,0.4333188202273037,1
/home/anitadonato/tcc/tcc/data/lfw/lfw-funneled/Norm_Coleman/Norm_Coleman_0003.jpg,/home/anitadonato/tcc/tcc/data/lfw/lfw-funneled/Norm_Coleman/Norm_Coleman_0007.jpg,0.39402596835088344,1
/home/anitadonato/tcc/tcc/data/lfw/lfw-funneled/Norm_Coleman/Norm_Coleman_0003.jpg,/home/anitadonato/tcc/tcc/data/lfw/lfw-funneled/Norm_Coleman/Norm_Coleman_0001.jpg,0.4754614893045379,1
/home/anitadonato/tcc/tcc/data/lfw/lfw-funneled/Norm_Coleman/Norm_Coleman_0004.jpg,/home/anitadonato/tcc/tcc/data/lfw/lfw-funneled/Norm_Coleman/Norm_Coleman_0007.jpg,0.3850182388683999,1
/home/anitadonato/tcc/tcc/data/lfw/lfw-funneled/Norm_Coleman/Norm_Coleman_0004.jpg,/home/anitadonato/tcc/tcc/data/lfw/lfw-funneled/Norm_Coleman/Norm_Coleman_0001.jpg,0.5018912803614173,1
/home/anitadonato/tcc/tcc/data/lfw/lfw-funneled/Norm_Coleman/Norm_Coleman_0007.jpg,/home/anitadonato/tcc/tcc/data/lfw/lfw-funneled/Norm_Coleman/Norm_Coleman_0001.jpg,0.42452441831566257,1
/home/anitadonato/tcc/tcc/data/lfw/lfw-funneled/Eduardo_Duhalde/Eduardo_Duhalde_0001.jpg,/home/anitadonato/tcc/tcc/data/lfw/lfw-funneled/Eduardo_Duhalde/Eduardo_Duhalde_0008.jpg,0.4322107983546234,1
/home/anitadonato/tcc/tcc/data/lfw/lfw-funneled/Eduardo_Duhalde/Eduardo_Duhalde_0001.jpg,/home/anitadonato/tcc/tcc/data/lfw/lfw-funneled/Eduardo_Duhalde/Eduardo_Duhalde_0010.jpg,0.4505344529661639,1
/home/anitadonato/tcc/tcc/data/lfw/lfw-funneled/Eduardo_Duhalde/Eduardo_Duhalde_0001.jpg,/home/anitadonato/tcc/tcc/data/lfw/lfw-funneled/Eduardo_Duhalde/Eduardo_Duhalde_0012.jpg,0.5029500984534793,1
/home/anitadonato/tcc/tcc/data/lfw/lfw-funneled/Eduardo_Duhalde/Eduardo_Duhalde_0001.jpg,/home/anitadonato/tcc/tcc/data/lfw/lfw-funneled/Eduardo_Duhalde/Eduardo_Duhalde_0002.jpg,0.8684522711038886,1
/home/anitadonato/tcc/tcc/data/lfw/lfw-funneled/Eduardo_Duhalde/Eduardo_Duhalde_0008.jpg,/home/anitadonato/tcc/tcc/data/lfw/lfw-funneled/Eduardo_Duhalde/Eduardo_Duhalde_0010.jpg,0.6060629013802257,1
/home/anitadonato/tcc/tcc/data/lfw/lfw-funneled/Eduardo_Duhalde/Eduardo_Duhalde_0008.jpg,/home/anitadonato/tcc/tcc/data/lfw/lfw-funneled/Eduardo_Duhalde/Eduardo_Duhalde_0012.jpg,0.5150221754549098,1
/home/anitadonato/tcc/tcc/data/lfw/lfw-funneled/Eduardo_Duhalde/Eduardo_Duhalde_0008.jpg,/home/anitadonato/tcc/tcc/data/lfw/lfw-funneled/Eduardo_Duhalde/Eduardo_Duhalde_0002.jpg,0.8181704447264386,1
/home/anitadonato/tcc/tcc/data/lfw/lfw-funneled/Eduardo_Duhalde/Eduardo_Duhalde_0010.jpg,/home/anitadonato/tcc/tcc/data/lfw/lfw-funneled/Eduardo_Duhalde/Eduardo_Duhalde_0012.jpg,0.5581376559638673,1
/home/anitadonato/tcc/tcc/data/lfw/lfw-funneled/Eduardo_Duhalde/Eduardo_Duhalde_0010.jpg,/home/anitadonato/tcc/tcc/data/lfw/lfw-funneled/Eduardo_Duhalde/Eduardo_Duhalde_0002.jpg,0.7926297094466925,1
/home/anitadonato/tcc/tcc/data/lfw/lfw-funneled/Eduardo_Duhalde/Eduardo_Duhalde_0012.jpg,/home/anitadonato/tcc/tcc/data/lfw/lfw-funneled/Eduardo_Duhalde/Eduardo_Duhalde_0002.jpg,0.7953584334442045,1
/home/anitadonato/tcc/tcc/data/lfw/lfw-funneled/Benjamin_Netanyahu/Benjamin_Netanyahu_0001.jpg,/home/anitadonato/tcc/tcc/data/lfw/lfw-funneled/Benjamin_Netanyahu/Benjamin_Netanyahu_0002.jpg,0.568989813615603,1
/home/anitadonato/tcc/tcc/data/lfw/lfw-funneled/Benjamin_Netanyahu/Benjamin_Netanyahu_0001.jpg,/home/anitadonato/tcc/tcc/data/lfw/lfw-funneled/Benjamin_Netanyahu/Benjamin_Netanyahu_0003.jpg,0.573889654202937,1
/home/anitadonato/tcc/tcc/data/lfw/lfw-funneled/Benjamin_Netanyahu/Benjamin_Netanyahu_0001.jpg,/home/anitadonato/tcc/tcc/data/lfw/lfw-funneled/Benjamin_Netanyahu/Benjamin_Netanyahu_0004.jpg,0.5086233136500445,1
/home/anitadonato/tcc/tcc/data/lfw/lfw-funneled/Benjamin_Netanyahu/Benjamin_Netanyahu_0001.jpg,/home/anitadonato/tcc/tcc/data/lfw/lfw-funneled/Benjamin_Netanyahu/Benjamin_Netanyahu_0005.jpg,0.6054276814791799,1
/home/anitadonato/tcc/tcc/data/lfw/lfw-funneled/Benjamin_Netanyahu/Benjamin_Netanyahu_0002.jpg,/home/anitadonato/tcc/tcc/data/lfw/lfw-funneled/Benjamin_Netanyahu/Benjamin_Netanyahu_0003.jpg,0.3315487963350169,1
/home/anitadonato/tcc/tcc/data/lfw/lfw-funneled/Benjamin_Netanyahu/Benjamin_Netanyahu_0002.jpg,/home/anitadonato/tcc/tcc/data/lfw/lfw-funneled/Benjamin_Netanyahu/Benjamin_Netanyahu_0004.jpg,0.3825181789879367,1
/home/anitadonato/tcc/tcc/data/lfw/lfw-funneled/Benjamin_Netanyahu/Benjamin_Netanyahu_0002.jpg,/home/anitadonato/tcc/tcc/data/lfw/lfw-funneled/Benjamin_Netanyahu/Benjamin_Netanyahu_0005.jpg,0.43475466810654206,1
/home/anitadonato/tcc/tcc/data/lfw/lfw-funneled/Benjamin_Netanyahu/Benjamin_Netanyahu_0003.jpg,/home/anitadonato/tcc/tcc/data/lfw/lfw-funneled/Benjamin_Netanyahu/Benjamin_Netanyahu_0004.jpg,0.46164910763147626,1
/home/anitadonato/tcc/tcc/data/lfw/lfw-funneled/Benjamin_Netanyahu/Benjamin_Netanyahu_0003.jpg,/home/anitadonato/tcc/tcc/data/lfw/lfw-funneled/Benjamin_Netanyahu/Benjamin_Netanyahu_0005.jpg,0.5830558520811613,1
/home/anitadonato/tcc/tcc/data/lfw/lfw-funneled/Benjamin_Netanyahu/Benjamin_Netanyahu_0004.jpg,/home/anitadonato/tcc/tcc/data/lfw/lfw-funneled/Benjamin_Netanyahu/Benjamin_Netanyahu_0005.jpg,0.45995258103079106,1
/home/anitadonato/tcc/tcc/data/lfw/lfw-funneled/Anna_Kournikova/Anna_Kournikova_0006.jpg,/home/anitadonato/tcc/tcc/data/lfw/lfw-funneled/Anna_Kournikova/Anna_Kournikova_0002.jpg,0.734678500719306,1
/home/anitadonato/tcc/tcc/data/lfw/lfw-funneled/Anna_Kournikova/Anna_Kournikova_0006.jpg,/home/anitadonato/tcc/tcc/data/lfw/lfw-funneled/Anna_Kournikova/Anna_Kournikova_0004.jpg,0.6127909225776556,1
/home/anitadonato/tcc/tcc/data/lfw/lfw-funneled/Anna_Kournikova/Anna_Kournikova_0006.jpg,/home/anitadonato/tcc/tcc/data/lfw/lfw-funneled/Anna_Kournikova/Anna_Kournikova_0012.jpg,0.6490410901733943,1
/home/anitadonato/tcc/tcc/data/lfw/lfw-funneled/Anna_Kournikova/Anna_Kournikova_0006.jpg,/home/anitadonato/tcc/tcc/data/lfw/lfw-funneled/Anna_Kournikova/Anna_Kournikova_0005.jpg,0.546192652434817,1
/home/anitadonato/tcc/tcc/data/lfw/lfw-funneled/Anna_Kournikova/Anna_Kournikova_0002.jpg,/home/anitadonato/tcc/tcc/data/lfw/lfw-funneled/Anna_Kournikova/Anna_Kournikova_0004.jpg,0.7149850363640546,1
/home/anitadonato/tcc/tcc/data/lfw/lfw-funneled/Anna_Kournikova/Anna_Kournikova_0002.jpg,/home/anitadonato/tcc/tcc/data/lfw/lfw-funneled/Anna_Kournikova/Anna_Kournikova_0012.jpg,0.5880584643976634,1
/home/anitadonato/tcc/tcc/data/lfw/lfw-funneled/Anna_Kournikova/Anna_Kournikova_0002.jpg,/home/anitadonato/tcc/tcc/data/lfw/lfw-funneled/Anna_Kournikova/Anna_Kournikova_0005.jpg,0.6934246758324842,1
/home/anitadonato/tcc/tcc/data/lfw/lfw-funneled/Anna_Kournikova/Anna_Kournikova_0004.jpg,/home/anitadonato/tcc/tcc/data/lfw/lfw-funneled/Anna_Kournikova/Anna_Kournikova_0012.jpg,0.8134186961898053,1
/home/anitadonato/tcc/tcc/data/lfw/lfw-funneled/Anna_Kournikova/Anna_Kournikova_0004.jpg,/home/anitadonato/tcc/tcc/data/lfw/lfw-funneled/Anna_Kournikova/Anna_Kournikova_0005.jpg,0.42931829604204574,1
/home/anitadonato/tcc/tcc/data/lfw/lfw-funneled/Anna_Kournikova/Anna_Kournikova_0012.jpg,/home/anitadonato/tcc/tcc/data/lfw/lfw-funneled/Anna_Kournikova/Anna_Kournikova_0005.jpg,0.7874009429856043,1
/home/anitadonato/tcc/tcc/data/lfw/lfw-funneled/Roger_Federer/Roger_Federer_0003.jpg,/home/anitadonato/tcc/tcc/data/lfw/lfw-funneled/Roger_Federer/Roger_Federer_0008.jpg,0.49593179420131894,1
/home/anitadonato/tcc/tcc/data/lfw/lfw-funneled/Roger_Federer/Roger_Federer_0003.jpg,/home/anitadonato/tcc/tcc/data/lfw/lfw-funneled/Roger_Federer/Roger_Federer_0009.jpg,0.5883517035673409,1
/home/anitadonato/tcc/tcc/data/lfw/lfw-funneled/Roger_Federer/Roger_Federer_0003.jpg,/home/anitadonato/tcc/tcc/data/lfw/lfw-funneled/Roger_Federer/Roger_Federer_0005.jpg,0.7314067112689755,1
/home/anitadonato/tcc/tcc/data/lfw/lfw-funneled/Roger_Federer/Roger_Federer_0003.jpg,/home/anitadonato/tcc/tcc/data/lfw/lfw-funneled/Roger_Federer/Roger_Federer_0010.jpg,0.42798537161080064,1
/home/anitadonato/tcc/tcc/data/lfw/lfw-funneled/Roger_Federer/Roger_Federer_0008.jpg,/home/anitadonato/tcc/tcc/data/lfw/lfw-funneled/Roger_Federer/Roger_Federer_0009.jpg,0.6086111935904805,1
/home/anitadonato/tcc/tcc/data/lfw/lfw-funneled/Roger_Federer/Roger_Federer_0008.jpg,/home/anitadonato/tcc/tcc/data/lfw/lfw-funneled/Roger_Federer/Roger_Federer_0005.jpg,0.48796965741526543,1
/home/anitadonato/tcc/tcc/data/lfw/lfw-funneled/Roger_Federer/Roger_Federer_0008.jpg,/home/anitadonato/tcc/tcc/data/lfw/lfw-funneled/Roger_Federer/Roger_Federer_0010.jpg,0.4043845939754962,1
/home/anitadonato/tcc/tcc/data/lfw/lfw-funneled/Roger_Federer/Roger_Federer_0009.jpg,/home/anitadonato/tcc/tcc/data/lfw/lfw-funneled/Roger_Federer/Roger_Federer_0005.jpg,0.7459812092426982,1
/home/anitadonato/tcc/tcc/data/lfw/lfw-funneled/Roger_Federer/Roger_Federer_0009.jpg,/home/anitadonato/tcc/tcc/data/lfw/lfw-funneled/Roger_Federer/Roger_Federer_0010.jpg,0.5782346043400813,1
/home/anitadonato/tcc/tcc/data/lfw/lfw-funneled/Roger_Federer/Roger_Federer_0005.jpg,/home/anitadonato/tcc/tcc/data/lfw/lfw-funneled/Roger_Federer/Roger_Federer_0010.jpg,0.5055453470051431,1
/home/anitadonato/tcc/tcc/data/lfw/lfw-funneled/George_HW_Bush/George_HW_Bush_0013.jpg,/home/anitadonato/tcc/tcc/data/lfw/lfw-funneled/George_HW_Bush/George_HW_Bush_0011.jpg,0.3528640489053376,1
/home/anitadonato/tcc/tcc/data/lfw/lfw-funneled/George_HW_Bush/George_HW_Bush_0013.jpg,/home/anitadonato/tcc/tcc/data/lfw/lfw-funneled/George_HW_Bush/George_HW_Bush_0009.jpg,0.370214834026505,1
/home/anitadonato/tcc/tcc/data/lfw/lfw-funneled/George_HW_Bush/George_HW_Bush_0013.jpg,/home/anitadonato/tcc/tcc/data/lfw/lfw-funneled/George_HW_Bush/George_HW_Bush_0001.jpg,0.5465344116739537,1
/home/anitadonato/tcc/tcc/data/lfw/lfw-funneled/George_HW_Bush/George_HW_Bush_0013.jpg,/home/anitadonato/tcc/tcc/data/lfw/lfw-funneled/George_HW_Bush/George_HW_Bush_0012.jpg,0.4620231847641678,1
/home/anitadonato/tcc/tcc/data/lfw/lfw-funneled/George_HW_Bush/George_HW_Bush_0011.jpg,/home/anitadonato/tcc/tcc/data/lfw/lfw-funneled/George_HW_Bush/George_HW_Bush_0009.jpg,0.30506013690148204,1
/home/anitadonato/tcc/tcc/data/lfw/lfw-funneled/George_HW_Bush/George_HW_Bush_0011.jpg,/home/anitadonato/tcc/tcc/data/lfw/lfw-funneled/George_HW_Bush/George_HW_Bush_0001.jpg,0.41937406528111165,1
/home/anitadonato/tcc/tcc/data/lfw/lfw-funneled/George_HW_Bush/George_HW_Bush_0011.jpg,/home/anitadonato/tcc/tcc/data/lfw/lfw-funneled/George_HW_Bush/George_HW_Bush_0012.jpg,0.4747159443808838,1
/home/anitadonato/tcc/tcc/data/lfw/lfw-funneled/George_HW_Bush/George_HW_Bush_0009.jpg,/home/anitadonato/tcc/tcc/data/lfw/lfw-funneled/George_HW_Bush/George_HW_Bush_0001.jpg,0.5370524905916347,1
/home/anitadonato/tcc/tcc/data/lfw/lfw-funneled/George_HW_Bush/George_HW_Bush_0009.jpg,/home/anitadonato/tcc/tcc/data/lfw/lfw-funneled/George_HW_Bush/George_HW_Bush_0012.jpg,0.5208665463888408,1
/home/anitadonato/tcc/tcc/data/lfw/lfw-funneled/George_HW_Bush/George_HW_Bush_0001.jpg,/home/anitadonato/tcc/tcc/data/lfw/lfw-funneled/George_HW_Bush/George_HW_Bush_0012.jpg,0.6958165435660917,1
/home/anitadonato/tcc/tcc/data/lfw/lfw-funneled/Hugh_Grant/Hugh_Grant_0005.jpg,/home/anitadonato/tcc/tcc/data/lfw/lfw-funneled/Hugh_Grant/Hugh_Grant_0002.jpg,0.6294993425254982,1
/home/anitadonato/tcc/tcc/data/lfw/lfw-funneled/Hugh_Grant/Hugh_Grant_0005.jpg,/home/anitadonato/tcc/tcc/data/lfw/lfw-funneled/Hugh_Grant/Hugh_Grant_0008.jpg,0.43406613525003834,1
/home/anitadonato/tcc/tcc/data/lfw/lfw-funneled/Hugh_Grant/Hugh_Grant_0005.jpg,/home/anitadonato/tcc/tcc/data/lfw/lfw-funneled/Hugh_Grant/Hugh_Grant_0003.jpg,0.6109578176754538,1
/home/anitadonato/tcc/tcc/data/lfw/lfw-funneled/Hugh_Grant/Hugh_Grant_0005.jpg,/home/anitadonato/tcc/tcc/data/lfw/lfw-funneled/Hugh_Grant/Hugh_Grant_0001.jpg,0.5062091467710308,1
/home/anitadonato/tcc/tcc/data/lfw/lfw-funneled/Hugh_Grant/Hugh_Grant_0002.jpg,/home/anitadonato/tcc/tcc/data/lfw/lfw-funneled/Hugh_Grant/Hugh_Grant_0008.jpg,0.7053618591922163,1
/home/anitadonato/tcc/tcc/data/lfw/lfw-funneled/Hugh_Grant/Hugh_Grant_0002.jpg,/home/anitadonato/tcc/tcc/data/lfw/lfw-funneled/Hugh_Grant/Hugh_Grant_0003.jpg,0.5309964878725,1
/home/anitadonato/tcc/tcc/data/lfw/lfw-funneled/Hugh_Grant/Hugh_Grant_0002.jpg,/home/anitadonato/tcc/tcc/data/lfw/lfw-funneled/Hugh_Grant/Hugh_Grant_0001.jpg,0.5090560414179284,1
/home/anitadonato/tcc/tcc/data/lfw/lfw-funneled/Hugh_Grant/Hugh_Grant_0008.jpg,/home/anitadonato/tcc/tcc/data/lfw/lfw-funneled/Hugh_Grant/Hugh_Grant_0003.jpg,0.6850959500424463,1
/home/anitadonato/tcc/tcc/data/lfw/lfw-funneled/Hugh_Grant/Hugh_Grant_0008.jpg,/home/anitadonato/tcc/tcc/data/lfw/lfw-funneled/Hugh_Grant/Hugh_Grant_0001.jpg,0.4773469686376711,1
/home/anitadonato/tcc/tcc/data/lfw/lfw-funneled/Hugh_Grant/Hugh_Grant_0003.jpg,/home/anitadonato/tcc/tcc/data/lfw/lfw-funneled/Hugh_Grant/Hugh_Grant_0001.jpg,0.3843919036610157,1
/home/anitadonato/tcc/tcc/data/lfw/lfw-funneled/Sourav_Ganguly/Sourav_Ganguly_0001.jpg,/home/anitadonato/tcc/tcc/data/lfw/lfw-funneled/Sourav_Ganguly/Sourav_Ganguly_0002.jpg,0.48173959167233193,1
/home/anitadonato/tcc/tcc/data/lfw/lfw-funneled/Sourav_Ganguly/Sourav_Ganguly_0001.jpg,/home/anitadonato/tcc/tcc/data/lfw/lfw-funneled/Sourav_Ganguly/Sourav_Ganguly_0004.jpg,0.6556180534119607,1
/home/anitadonato/tcc/tcc/data/lfw/lfw-funneled/Sourav_Ganguly/Sourav_Ganguly_0001.jpg,/home/anitadonato/tcc/tcc/data/lfw/lfw-funneled/Sourav_Ganguly/Sourav_Ganguly_0003.jpg,0.6636556758439363,1
/home/anitadonato/tcc/tcc/data/lfw/lfw-funneled/Sourav_Ganguly/Sourav_Ganguly_0001.jpg,/home/anitadonato/tcc/tcc/data/lfw/lfw-funneled/Sourav_Ganguly/Sourav_Ganguly_0005.jpg,0.7255489992090263,1
/home/anitadonato/tcc/tcc/data/lfw/lfw-funneled/Sourav_Ganguly/Sourav_Ganguly_0002.jpg,/home/anitadonato/tcc/tcc/data/lfw/lfw-funneled/Sourav_Ganguly/Sourav_Ganguly_0004.jpg,0.5406733657026949,1
/home/anitadonato/tcc/tcc/data/lfw/lfw-funneled/Sourav_Ganguly/Sourav_Ganguly_0002.jpg,/home/anitadonato/tcc/tcc/data/lfw/lfw-funneled/Sourav_Ganguly/Sourav_Ganguly_0003.jpg,0.4896981268238392,1
/home/anitadonato/tcc/tcc/data/lfw/lfw-funneled/Sourav_Ganguly/Sourav_Ganguly_0002.jpg,/home/anitadonato/tcc/tcc/data/lfw/lfw-funneled/Sourav_Ganguly/Sourav_Ganguly_0005.jpg,0.6394446796280766,1
/home/anitadonato/tcc/tcc/data/lfw/lfw-funneled/Sourav_Ganguly/Sourav_Ganguly_0004.jpg,/home/anitadonato/tcc/tcc/data/lfw/lfw-funneled/Sourav_Ganguly/Sourav_Ganguly_0003.jpg,0.48231644957678144,1
/home/anitadonato/tcc/tcc/data/lfw/lfw-funneled/Sourav_Ganguly/Sourav_Ganguly_0004.jpg,/home/anitadonato/tcc/tcc/data/lfw/lfw-funneled/Sourav_Ganguly/Sourav_Ganguly_0005.jpg,0.38797326673908383,1
/home/anitadonato/tcc/tcc/data/lfw/lfw-funneled/Sourav_Ganguly/Sourav_Ganguly_0003.jpg,/home/anitadonato/tcc/tcc/data/lfw/lfw-funneled/Sourav_Ganguly/Sourav_Ganguly_0005.jpg,0.5952966808545006,1
/home/anitadonato/tcc/tcc/data/lfw/lfw-funneled/Victoria_Clarke/Victoria_Clarke_0003.jpg,/home/anitadonato/tcc/tcc/data/lfw/lfw-funneled/Victoria_Clarke/Victoria_Clarke_0002.jpg,0.35654740725559386,1
/home/anitadonato/tcc/tcc/data/lfw/lfw-funneled/Victoria_Clarke/Victoria_Clarke_0003.jpg,/home/anitadonato/tcc/tcc/data/lfw/lfw-funneled/Victoria_Clarke/Victoria_Clarke_0005.jpg,0.19816874952509933,1
/home/anitadonato/tcc/tcc/data/lfw/lfw-funneled/Victoria_Clarke/Victoria_Clarke_0003.jpg,/home/anitadonato/tcc/tcc/data/lfw/lfw-funneled/Victoria_Clarke/Victoria_Clarke_0004.jpg,0.32815825564783296,1
/home/anitadonato/tcc/tcc/data/lfw/lfw-funneled/Victoria_Clarke/Victoria_Clarke_0003.jpg,/home/anitadonato/tcc/tcc/data/lfw/lfw-funneled/Victoria_Clarke/Victoria_Clarke_0001.jpg,0.4765186902056805,1
/home/anitadonato/tcc/tcc/data/lfw/lfw-funneled/Victoria_Clarke/Victoria_Clarke_0002.jpg,/home/anitadonato/tcc/tcc/data/lfw/lfw-funneled/Victoria_Clarke/Victoria_Clarke_0005.jpg,0.36943013686713333,1
/home/anitadonato/tcc/tcc/data/lfw/lfw-funneled/Victoria_Clarke/Victoria_Clarke_0002.jpg,/home/anitadonato/tcc/tcc/data/lfw/lfw-funneled/Victoria_Clarke/Victoria_Clarke_0004.jpg,0.47697759378292837,1
/home/anitadonato/tcc/tcc/data/lfw/lfw-funneled/Victoria_Clarke/Victoria_Clarke_0002.jpg,/home/anitadonato/tcc/tcc/data/lfw/lfw-funneled/Victoria_Clarke/Victoria_Clarke_0001.jpg,0.3677323796887896,1
/home/anitadonato/tcc/tcc/data/lfw/lfw-funneled/Victoria_Clarke/Victoria_Clarke_0005.jpg,/home/anitadonato/tcc/tcc/data/lfw/lfw-funneled/Victoria_Clarke/Victoria_Clarke_0004.jpg,0.4023942336288584,1
/home/anitadonato/tcc/tcc/data/lfw/lfw-funneled/Victoria_Clarke/Victoria_Clarke_0005.jpg,/home/anitadonato/tcc/tcc/data/lfw/lfw-funneled/Victoria_Clarke/Victoria_Clarke_0001.jpg,0.44833868972001767,1
/home/anitadonato/tcc/tcc/data/lfw/lfw-funneled/Victoria_Clarke/Victoria_Clarke_0004.jpg,/home/anitadonato/tcc/tcc/data/lfw/lfw-funneled/Victoria_Clarke/Victoria_Clarke_0001.jpg,0.5423371848355181,1
/home/anitadonato/tcc/tcc/data/lfw/lfw-funneled/Britney_Spears/Britney_Spears_0005.jpg,/home/anitadonato/tcc/tcc/data/lfw/lfw-funneled/Britney_Spears/Britney_Spears_0001.jpg,0.4874837439032256,1
/home/anitadonato/tcc/tcc/data/lfw/lfw-funneled/Britney_Spears/Britney_Spears_0005.jpg,/home/anitadonato/tcc/tcc/data/lfw/lfw-funneled/Britney_Spears/Britney_Spears_0002.jpg,0.41380495930852024,1
/home/anitadonato/tcc/tcc/data/lfw/lfw-funneled/Britney_Spears/Britney_Spears_0005.jpg,/home/anitadonato/tcc/tcc/data/lfw/lfw-funneled/Britney_Spears/Britney_Spears_0011.jpg,0.8932602694233851,1
/home/anitadonato/tcc/tcc/data/lfw/lfw-funneled/Britney_Spears/Britney_Spears_0005.jpg,/home/anitadonato/tcc/tcc/data/lfw/lfw-funneled/Britney_Spears/Britney_Spears_0007.jpg,0.8236119635601025,1
/home/anitadonato/tcc/tcc/data/lfw/lfw-funneled/Britney_Spears/Britney_Spears_0001.jpg,/home/anitadonato/tcc/tcc/data/lfw/lfw-funneled/Britney_Spears/Britney_Spears_0002.jpg,0.18511510438054446,1
/home/anitadonato/tcc/tcc/data/lfw/lfw-funneled/Britney_Spears/Britney_Spears_0001.jpg,/home/anitadonato/tcc/tcc/data/lfw/lfw-funneled/Britney_Spears/Britney_Spears_0011.jpg,0.8243135198468707,1
/home/anitadonato/tcc/tcc/data/lfw/lfw-funneled/Britney_Spears/Britney_Spears_0001.jpg,/home/anitadonato/tcc/tcc/data/lfw/lfw-funneled/Britney_Spears/Britney_Spears_0007.jpg,0.7706068913305633,1
/home/anitadonato/tcc/tcc/data/lfw/lfw-funneled/Britney_Spears/Britney_Spears_0002.jpg,/home/anitadonato/tcc/tcc/data/lfw/lfw-funneled/Britney_Spears/Britney_Spears_0011.jpg,0.8571323465805806,1
/home/anitadonato/tcc/tcc/data/lfw/lfw-funneled/Britney_Spears/Britney_Spears_0002.jpg,/home/anitadonato/tcc/tcc/data/lfw/lfw-funneled/Britney_Spears/Britney_Spears_0007.jpg,0.7826924075290915,1
/home/anitadonato/tcc/tcc/data/lfw/lfw-funneled/Britney_Spears/Britney_Spears_0011.jpg,/home/anitadonato/tcc/tcc/data/lfw/lfw-funneled/Britney_Spears/Britney_Spears_0007.jpg,0.40875414566183654,1
/home/anitadonato/tcc/tcc/data/lfw/lfw-funneled/Thabo_Mbeki/Thabo_Mbeki_0003.jpg,/home/anitadonato/tcc/tcc/data/lfw/lfw-funneled/Thabo_Mbeki/Thabo_Mbeki_0001.jpg,0.5760484306012393,1
/home/anitadonato/tcc/tcc/data/lfw/lfw-funneled/Thabo_Mbeki/Thabo_Mbeki_0003.jpg,/home/anitadonato/tcc/tcc/data/lfw/lfw-funneled/Thabo_Mbeki/Thabo_Mbeki_0004.jpg,0.4380488318524641,1
/home/anitadonato/tcc/tcc/data/lfw/lfw-funneled/Thabo_Mbeki/Thabo_Mbeki_0003.jpg,/home/anitadonato/tcc/tcc/data/lfw/lfw-funneled/Thabo_Mbeki/Thabo_Mbeki_0002.jpg,0.40887056449473713,1
/home/anitadonato/tcc/tcc/data/lfw/lfw-funneled/Thabo_Mbeki/Thabo_Mbeki_0003.jpg,/home/anitadonato/tcc/tcc/data/lfw/lfw-funneled/Thabo_Mbeki/Thabo_Mbeki_0005.jpg,0.3770210009995545,1
/home/anitadonato/tcc/tcc/data/lfw/lfw-funneled/Thabo_Mbeki/Thabo_Mbeki_0001.jpg,/home/anitadonato/tcc/tcc/data/lfw/lfw-funneled/Thabo_Mbeki/Thabo_Mbeki_0004.jpg,0.5514457602907055,1
/home/anitadonato/tcc/tcc/data/lfw/lfw-funneled/Thabo_Mbeki/Thabo_Mbeki_0001.jpg,/home/anitadonato/tcc/tcc/data/lfw/lfw-funneled/Thabo_Mbeki/Thabo_Mbeki_0002.jpg,0.655254477534761,1
/home/anitadonato/tcc/tcc/data/lfw/lfw-funneled/Thabo_Mbeki/Thabo_Mbeki_0001.jpg,/home/anitadonato/tcc/tcc/data/lfw/lfw-funneled/Thabo_Mbeki/Thabo_Mbeki_0005.jpg,0.7032745048072149,1
/home/anitadonato/tcc/tcc/data/lfw/lfw-funneled/Thabo_Mbeki/Thabo_Mbeki_0004.jpg,/home/anitadonato/tcc/tcc/data/lfw/lfw-funneled/Thabo_Mbeki/Thabo_Mbeki_0002.jpg,0.4411906837003694,1
/home/anitadonato/tcc/tcc/data/lfw/lfw-funneled/Thabo_Mbeki/Thabo_Mbeki_0004.jpg,/home/anitadonato/tcc/tcc/data/lfw/lfw-funneled/Thabo_Mbeki/Thabo_Mbeki_0005.jpg,0.3826670215913901,1
/home/anitadonato/tcc/tcc/data/lfw/lfw-funneled/Thabo_Mbeki/Thabo_Mbeki_0002.jpg,/home/anitadonato/tcc/tcc/data/lfw/lfw-funneled/Thabo_Mbeki/Thabo_Mbeki_0005.jpg,0.4475326038170172,1
/home/anitadonato/tcc/tcc/data/lfw/lfw-funneled/Tom_Crean/Tom_Crean_0003.jpg,/home/anitadonato/tcc/tcc/data/lfw/lfw-funneled/Tom_Crean/Tom_Crean_0002.jpg,0.39312539823709014,1
/home/anitadonato/tcc/tcc/data/lfw/lfw-funneled/Tom_Crean/Tom_Crean_0003.jpg,/home/anitadonato/tcc/tcc/data/lfw/lfw-funneled/Tom_Crean/Tom_Crean_0005.jpg,0.3886137272083664,1
/home/anitadonato/tcc/tcc/data/lfw/lfw-funneled/Tom_Crean/Tom_Crean_0003.jpg,/home/anitadonato/tcc/tcc/data/lfw/lfw-funneled/Tom_Crean/Tom_Crean_0004.jpg,0.5915716252936285,1
/home/anitadonato/tcc/tcc/data/lfw/lfw-funneled/Tom_Crean/Tom_Crean_0003.jpg,/home/anitadonato/tcc/tcc/data/lfw/lfw-funneled/Tom_Crean/Tom_Crean_0001.jpg,0.4935068990337732,1
/home/anitadonato/tcc/tcc/data/lfw/lfw-funneled/Tom_Crean/Tom_Crean_0002.jpg,/home/anitadonato/tcc/tcc/data/lfw/lfw-funneled/Tom_Crean/Tom_Crean_0005.jpg,0.4975507479063963,1
/home/anitadonato/tcc/tcc/data/lfw/lfw-funneled/Tom_Crean/Tom_Crean_0002.jpg,/home/anitadonato/tcc/tcc/data/lfw/lfw-funneled/Tom_Crean/Tom_Crean_0004.jpg,0.6610519258014569,1
/home/anitadonato/tcc/tcc/data/lfw/lfw-funneled/Tom_Crean/Tom_Crean_0002.jpg,/home/anitadonato/tcc/tcc/data/lfw/lfw-funneled/Tom_Crean/Tom_Crean_0001.jpg,0.6471169564842104,1
/home/anitadonato/tcc/tcc/data/lfw/lfw-funneled/Tom_Crean/Tom_Crean_0005.jpg,/home/anitadonato/tcc/tcc/data/lfw/lfw-funneled/Tom_Crean/Tom_Crean_0004.jpg,0.6150417265049846,1
/home/anitadonato/tcc/tcc/data/lfw/lfw-funneled/Tom_Crean/Tom_Crean_0005.jpg,/home/anitadonato/tcc/tcc/data/lfw/lfw-funneled/Tom_Crean/Tom_Crean_0001.jpg,0.43843633587673425,1
/home/anitadonato/tcc/tcc/data/lfw/lfw-funneled/Tom_Crean/Tom_Crean_0004.jpg,/home/anitadonato/tcc/tcc/data/lfw/lfw-funneled/Tom_Crean/Tom_Crean_0001.jpg,0.49361566912404553,1
/home/anitadonato/tcc/tcc/data/lfw/lfw-funneled/Li_Peng/Li_Peng_0009.jpg,/home/anitadonato/tcc/tcc/data/lfw/lfw-funneled/Li_Peng/Li_Peng_0001.jpg,0.5693437240386359,1
/home/anitadonato/tcc/tcc/data/lfw/lfw-funneled/Li_Peng/Li_Peng_0009.jpg,/home/anitadonato/tcc/tcc/data/lfw/lfw-funneled/Li_Peng/Li_Peng_0008.jpg,0.4058340131399961,1
/home/anitadonato/tcc/tcc/data/lfw/lfw-funneled/Li_Peng/Li_Peng_0009.jpg,/home/anitadonato/tcc/tcc/data/lfw/lfw-funneled/Li_Peng/Li_Peng_0007.jpg,0.41202872917565037,1
/home/anitadonato/tcc/tcc/data/lfw/lfw-funneled/Li_Peng/Li_Peng_0009.jpg,/home/anitadonato/tcc/tcc/data/lfw/lfw-funneled/Li_Peng/Li_Peng_0002.jpg,0.41490999909728676,1
/home/anitadonato/tcc/tcc/data/lfw/lfw-funneled/Li_Peng/Li_Peng_0001.jpg,/home/anitadonato/tcc/tcc/data/lfw/lfw-funneled/Li_Peng/Li_Peng_0008.jpg,0.5207015529012465,1
/home/anitadonato/tcc/tcc/data/lfw/lfw-funneled/Li_Peng/Li_Peng_0001.jpg,/home/anitadonato/tcc/tcc/data/lfw/lfw-funneled/Li_Peng/Li_Peng_0007.jpg,0.27917727840290996,1
/home/anitadonato/tcc/tcc/data/lfw/lfw-funneled/Li_Peng/Li_Peng_0001.jpg,/home/anitadonato/tcc/tcc/data/lfw/lfw-funneled/Li_Peng/Li_Peng_0002.jpg,0.5101493836026361,1
/home/anitadonato/tcc/tcc/data/lfw/lfw-funneled/Li_Peng/Li_Peng_0008.jpg,/home/anitadonato/tcc/tcc/data/lfw/lfw-funneled/Li_Peng/Li_Peng_0007.jpg,0.4539026826692182,1
/home/anitadonato/tcc/tcc/data/lfw/lfw-funneled/Li_Peng/Li_Peng_0008.jpg,/home/anitadonato/tcc/tcc/data/lfw/lfw-funneled/Li_Peng/Li_Peng_0002.jpg,0.3787781929428332,1
/home/anitadonato/tcc/tcc/data/lfw/lfw-funneled/Li_Peng/Li_Peng_0007.jpg,/home/anitadonato/tcc/tcc/data/lfw/lfw-funneled/Li_Peng/Li_Peng_0002.jpg,0.29326681115117126,1
/home/anitadonato/tcc/tcc/data/lfw/lfw-funneled/Richard_Gephardt/Richard_Gephardt_0009.jpg,/home/anitadonato/tcc/tcc/data/lfw/lfw-funneled/Richard_Gephardt/Richard_Gephardt_0001.jpg,0.24085909996416466,1
/home/anitadonato/tcc/tcc/data/lfw/lfw-funneled/Richard_Gephardt/Richard_Gephardt_0009.jpg,/home/anitadonato/tcc/tcc/data/lfw/lfw-funneled/Richard_Gephardt/Richard_Gephardt_0006.jpg,0.2875022947587905,1
/home/anitadonato/tcc/tcc/data/lfw/lfw-funneled/Richard_Gephardt/Richard_Gephardt_0009.jpg,/home/anitadonato/tcc/tcc/data/lfw/lfw-funneled/Richard_Gephardt/Richard_Gephardt_0003.jpg,0.29007590130451977,1
/home/anitadonato/tcc/tcc/data/lfw/lfw-funneled/Richard_Gephardt/Richard_Gephardt_0009.jpg,/home/anitadonato/tcc/tcc/data/lfw/lfw-funneled/Richard_Gephardt/Richard_Gephardt_0004.jpg,0.20256565567586027,1
/home/anitadonato/tcc/tcc/data/lfw/lfw-funneled/Richard_Gephardt/Richard_Gephardt_0001.jpg,/home/anitadonato/tcc/tcc/data/lfw/lfw-funneled/Richard_Gephardt/Richard_Gephardt_0006.jpg,0.2743167452132379,1
/home/anitadonato/tcc/tcc/data/lfw/lfw-funneled/Richard_Gephardt/Richard_Gephardt_0001.jpg,/home/anitadonato/tcc/tcc/data/lfw/lfw-funneled/Richard_Gephardt/Richard_Gephardt_0003.jpg,0.3894421470125179,1
/home/anitadonato/tcc/tcc/data/lfw/lfw-funneled/Richard_Gephardt/Richard_Gephardt_0001.jpg,/home/anitadonato/tcc/tcc/data/lfw/lfw-funneled/Richard_Gephardt/Richard_Gephardt_0004.jpg,0.28002557988551746,1
/home/anitadonato/tcc/tcc/data/lfw/lfw-funneled/Richard_Gephardt/Richard_Gephardt_0006.jpg,/home/anitadonato/tcc/tcc/data/lfw/lfw-funneled/Richard_Gephardt/Richard_Gephardt_0003.jpg,0.33993146348169967,1
/home/anitadonato/tcc/tcc/data/lfw/lfw-funneled/Richard_Gephardt/Richard_Gephardt_0006.jpg,/home/anitadonato/tcc/tcc/data/lfw/lfw-funneled/Richard_Gephardt/Richard_Gephardt_0004.jpg,0.2070303386786564,1
/home/anitadonato/tcc/tcc/data/lfw/lfw-funneled/Richard_Gephardt/Richard_Gephardt_0003.jpg,/home/anitadonato/tcc/tcc/data/lfw/lfw-funneled/Richard_Gephardt/Richard_Gephardt_0004.jpg,0.24710436759588073,1
/home/anitadonato/tcc/tcc/data/lfw/lfw-funneled/John_Ashcroft/John_Ashcroft_0009.jpg,/home/anitadonato/tcc/tcc/data/lfw/lfw-funneled/John_Ashcroft/John_Ashcroft_0003.jpg,0.21650970262427405,1
/home/anitadonato/tcc/tcc/data/lfw/lfw-funneled/John_Ashcroft/John_Ashcroft_0009.jpg,/home/anitadonato/tcc/tcc/data/lfw/lfw-funneled/John_Ashcroft/John_Ashcroft_0020.jpg,0.37239924646731504,1
/home/anitadonato/tcc/tcc/data/lfw/lfw-funneled/John_Ashcroft/John_Ashcroft_0009.jpg,/home/anitadonato/tcc/tcc/data/lfw/lfw-funneled/John_Ashcroft/John_Ashcroft_0024.jpg,0.3952393648205158,1
/home/anitadonato/tcc/tcc/data/lfw/lfw-funneled/John_Ashcroft/John_Ashcroft_0009.jpg,/home/anitadonato/tcc/tcc/data/lfw/lfw-funneled/John_Ashcroft/John_Ashcroft_0051.jpg,0.30831561300138954,1
/home/anitadonato/tcc/tcc/data/lfw/lfw-funneled/John_Ashcroft/John_Ashcroft_0003.jpg,/home/anitadonato/tcc/tcc/data/lfw/lfw-funneled/John_Ashcroft/John_Ashcroft_0020.jpg,0.3796278503790459,1
/home/anitadonato/tcc/tcc/data/lfw/lfw-funneled/John_Ashcroft/John_Ashcroft_0003.jpg,/home/anitadonato/tcc/tcc/data/lfw/lfw-funneled/John_Ashcroft/John_Ashcroft_0024.jpg,0.40854647051688187,1
/home/anitadonato/tcc/tcc/data/lfw/lfw-funneled/John_Ashcroft/John_Ashcroft_0003.jpg,/home/anitadonato/tcc/tcc/data/lfw/lfw-funneled/John_Ashcroft/John_Ashcroft_0051.jpg,0.3291606384441512,1
/home/anitadonato/tcc/tcc/data/lfw/lfw-funneled/John_Ashcroft/John_Ashcroft_0020.jpg,/home/anitadonato/tcc/tcc/data/lfw/lfw-funneled/John_Ashcroft/John_Ashcroft_0024.jpg,0.4417269555333726,1
/home/anitadonato/tcc/tcc/data/lfw/lfw-funneled/John_Ashcroft/John_Ashcroft_0020.jpg,/home/anitadonato/tcc/tcc/data/lfw/lfw-funneled/John_Ashcroft/John_Ashcroft_0051.jpg,0.3419279377541573,1
/home/anitadonato/tcc/tcc/data/lfw/lfw-funneled/John_Ashcroft/John_Ashcroft_0024.jpg,/home/anitadonato/tcc/tcc/data/lfw/lfw-funneled/John_Ashcroft/John_Ashcroft_0051.jpg,0.40693135569697403,1
/home/anitadonato/tcc/tcc/data/lfw/lfw-funneled/David_Anderson/David_Anderson_0001.jpg,/home/anitadonato/tcc/tcc/data/lfw/lfw-funneled/David_Anderson/David_Anderson_0003.jpg,0.5082016189658912,1
/home/anitadonato/tcc/tcc/data/lfw/lfw-funneled/David_Anderson/David_Anderson_0001.jpg,/home/anitadonato/tcc/tcc/data/lfw/lfw-funneled/David_Anderson/David_Anderson_0005.jpg,0.2759819253951502,1
/home/anitadonato/tcc/tcc/data/lfw/lfw-funneled/David_Anderson/David_Anderson_0001.jpg,/home/anitadonato/tcc/tcc/data/lfw/lfw-funneled/David_Anderson/David_Anderson_0004.jpg,0.7229875394058038,1
/home/anitadonato/tcc/tcc/data/lfw/lfw-funneled/David_Anderson/David_Anderson_0001.jpg,/home/anitadonato/tcc/tcc/data/lfw/lfw-funneled/David_Anderson/David_Anderson_0002.jpg,0.49209493352247646,1
/home/anitadonato/tcc/tcc/data/lfw/lfw-funneled/David_Anderson/David_Anderson_0003.jpg,/home/anitadonato/tcc/tcc/data/lfw/lfw-funneled/David_Anderson/David_Anderson_0005.jpg,0.5338088570596988,1
/home/anitadonato/tcc/tcc/data/lfw/lfw-funneled/David_Anderson/David_Anderson_0003.jpg,/home/anitadonato/tcc/tcc/data/lfw/lfw-funneled/David_Anderson/David_Anderson_0004.jpg,0.7681664039287366,1
/home/anitadonato/tcc/tcc/data/lfw/lfw-funneled/David_Anderson/David_Anderson_0003.jpg,/home/anitadonato/tcc/tcc/data/lfw/lfw-funneled/David_Anderson/David_Anderson_0002.jpg,0.5144761480013738,1
/home/anitadonato/tcc/tcc/data/lfw/lfw-funneled/David_Anderson/David_Anderson_0005.jpg,/home/anitadonato/tcc/tcc/data/lfw/lfw-funneled/David_Anderson/David_Anderson_0004.jpg,0.7597399404988812,1
/home/anitadonato/tcc/tcc/data/lfw/lfw-funneled/David_Anderson/David_Anderson_0005.jpg,/home/anitadonato/tcc/tcc/data/lfw/lfw-funneled/David_Anderson/David_Anderson_0002.jpg,0.5371363686975448,1
/home/anitadonato/tcc/tcc/data/lfw/lfw-funneled/David_Anderson/David_Anderson_0004.jpg,/home/anitadonato/tcc/tcc/data/lfw/lfw-funneled/David_Anderson/David_Anderson_0002.jpg,0.5853149296660951,1
/home/anitadonato/tcc/tcc/data/lfw/lfw-funneled/John_Howard/John_Howard_0012.jpg,/home/anitadonato/tcc/tcc/data/lfw/lfw-funneled/John_Howard/John_Howard_0018.jpg,0.44276263073218725,1
/home/anitadonato/tcc/tcc/data/lfw/lfw-funneled/John_Howard/John_Howard_0012.jpg,/home/anitadonato/tcc/tcc/data/lfw/lfw-funneled/John_Howard/John_Howard_0014.jpg,0.4636083849615197,1
/home/anitadonato/tcc/tcc/data/lfw/lfw-funneled/John_Howard/John_Howard_0012.jpg,/home/anitadonato/tcc/tcc/data/lfw/lfw-funneled/John_Howard/John_Howard_0005.jpg,0.3547738387067252,1
/home/anitadonato/tcc/tcc/data/lfw/lfw-funneled/John_Howard/John_Howard_0012.jpg,/home/anitadonato/tcc/tcc/data/lfw/lfw-funneled/John_Howard/John_Howard_0015.jpg,0.20691541623385468,1
/home/anitadonato/tcc/tcc/data/lfw/lfw-funneled/John_Howard/John_Howard_0018.jpg,/home/anitadonato/tcc/tcc/data/lfw/lfw-funneled/John_Howard/John_Howard_0014.jpg,0.5930252400472955,1
/home/anitadonato/tcc/tcc/data/lfw/lfw-funneled/John_Howard/John_Howard_0018.jpg,/home/anitadonato/tcc/tcc/data/lfw/lfw-funneled/John_Howard/John_Howard_0005.jpg,0.6446898252652382,1
/home/anitadonato/tcc/tcc/data/lfw/lfw-funneled/John_Howard/John_Howard_0018.jpg,/home/anitadonato/tcc/tcc/data/lfw/lfw-funneled/John_Howard/John_Howard_0015.jpg,0.5564248260591381,1
/home/anitadonato/tcc/tcc/data/lfw/lfw-funneled/John_Howard/John_Howard_0014.jpg,/home/anitadonato/tcc/tcc/data/lfw/lfw-funneled/John_Howard/John_Howard_0005.jpg,0.533042654921536,1
/home/anitadonato/tcc/tcc/data/lfw/lfw-funneled/John_Howard/John_Howard_0014.jpg,/home/anitadonato/tcc/tcc/data/lfw/lfw-funneled/John_Howard/John_Howard_0015.jpg,0.5666657299767484,1
/home/anitadonato/tcc/tcc/data/lfw/lfw-funneled/John_Howard/John_Howard_0005.jpg,/home/anitadonato/tcc/tcc/data/lfw/lfw-funneled/John_Howard/John_Howard_0015.jpg,0.41786151988421383,1
/home/anitadonato/tcc/tcc/data/lfw/lfw-funneled/Jiri_Novak/Jiri_Novak_0004.jpg,/home/anitadonato/tcc/tcc/data/lfw/lfw-funneled/Jiri_Novak/Jiri_Novak_0003.jpg,0.3455502594014591,1
/home/anitadonato/tcc/tcc/data/lfw/lfw-funneled/Jiri_Novak/Jiri_Novak_0004.jpg,/home/anitadonato/tcc/tcc/data/lfw/lfw-funneled/Jiri_Novak/Jiri_Novak_0010.jpg,0.24669751134317908,1
/home/anitadonato/tcc/tcc/data/lfw/lfw-funneled/Jiri_Novak/Jiri_Novak_0004.jpg,/home/anitadonato/tcc/tcc/data/lfw/lfw-funneled/Jiri_Novak/Jiri_Novak_0007.jpg,0.37091349142522223,1
/home/anitadonato/tcc/tcc/data/lfw/lfw-funneled/Jiri_Novak/Jiri_Novak_0004.jpg,/home/anitadonato/tcc/tcc/data/lfw/lfw-funneled/Jiri_Novak/Jiri_Novak_0001.jpg,0.4168610286327149,1
/home/anitadonato/tcc/tcc/data/lfw/lfw-funneled/Jiri_Novak/Jiri_Novak_0003.jpg,/home/anitadonato/tcc/tcc/data/lfw/lfw-funneled/Jiri_Novak/Jiri_Novak_0010.jpg,0.3714626058975765,1
/home/anitadonato/tcc/tcc/data/lfw/lfw-funneled/Jiri_Novak/Jiri_Novak_0003.jpg,/home/anitadonato/tcc/tcc/data/lfw/lfw-funneled/Jiri_Novak/Jiri_Novak_0007.jpg,0.4305895477756252,1
/home/anitadonato/tcc/tcc/data/lfw/lfw-funneled/Jiri_Novak/Jiri_Novak_0003.jpg,/home/anitadonato/tcc/tcc/data/lfw/lfw-funneled/Jiri_Novak/Jiri_Novak_0001.jpg,0.48607971216648016,1
/home/anitadonato/tcc/tcc/data/lfw/lfw-funneled/Jiri_Novak/Jiri_Novak_0010.jpg,/home/anitadonato/tcc/tcc/data/lfw/lfw-funneled/Jiri_Novak/Jiri_Novak_0007.jpg,0.30618900984729003,1
/home/anitadonato/tcc/tcc/data/lfw/lfw-funneled/Jiri_Novak/Jiri_Novak_0010.jpg,/home/anitadonato/tcc/tcc/data/lfw/lfw-funneled/Jiri_Novak/Jiri_Novak_0001.jpg,0.35129659386139445,1
/home/anitadonato/tcc/tcc/data/lfw/lfw-funneled/Jiri_Novak/Jiri_Novak_0007.jpg,/home/anitadonato/tcc/tcc/data/lfw/lfw-funneled/Jiri_Novak/Jiri_Novak_0001.jpg,0.36590719006774886,1
/home/anitadonato/tcc/tcc/data/lfw/lfw-funneled/Erika_Harold/Erika_Harold_0002.jpg,/home/anitadonato/tcc/tcc/data/lfw/lfw-funneled/Erika_Harold/Erika_Harold_0003.jpg,0.8685096338407621,1
/home/anitadonato/tcc/tcc/data/lfw/lfw-funneled/Erika_Harold/Erika_Harold_0002.jpg,/home/anitadonato/tcc/tcc/data/lfw/lfw-funneled/Erika_Harold/Erika_Harold_0005.jpg,0.23317588897369634,1
/home/anitadonato/tcc/tcc/data/lfw/lfw-funneled/Erika_Harold/Erika_Harold_0002.jpg,/home/anitadonato/tcc/tcc/data/lfw/lfw-funneled/Erika_Harold/Erika_Harold_0001.jpg,0.45940144195135435,1
/home/anitadonato/tcc/tcc/data/lfw/lfw-funneled/Erika_Harold/Erika_Harold_0002.jpg,/home/anitadonato/tcc/tcc/data/lfw/lfw-funneled/Erika_Harold/Erika_Harold_0004.jpg,0.3670214311439012,1
/home/anitadonato/tcc/tcc/data/lfw/lfw-funneled/Erika_Harold/Erika_Harold_0003.jpg,/home/anitadonato/tcc/tcc/data/lfw/lfw-funneled/Erika_Harold/Erika_Harold_0005.jpg,0.8699606913473424,1
/home/anitadonato/tcc/tcc/data/lfw/lfw-funneled/Erika_Harold/Erika_Harold_0003.jpg,/home/anitadonato/tcc/tcc/data/lfw/lfw-funneled/Erika_Harold/Erika_Harold_0001.jpg,0.8127318800868661,1
/home/anitadonato/tcc/tcc/data/lfw/lfw-funneled/Erika_Harold/Erika_Harold_0003.jpg,/home/anitadonato/tcc/tcc/data/lfw/lfw-funneled/Erika_Harold/Erika_Harold_0004.jpg,0.7556810622105183,1
/home/anitadonato/tcc/tcc/data/lfw/lfw-funneled/Erika_Harold/Erika_Harold_0005.jpg,/home/anitadonato/tcc/tcc/data/lfw/lfw-funneled/Erika_Harold/Erika_Harold_0001.jpg,0.3592050107808191,1
/home/anitadonato/tcc/tcc/data/lfw/lfw-funneled/Erika_Harold/Erika_Harold_0005.jpg,/home/anitadonato/tcc/tcc/data/lfw/lfw-funneled/Erika_Harold/Erika_Harold_0004.jpg,0.2993357204786192,1
/home/anitadonato/tcc/tcc/data/lfw/lfw-funneled/Erika_Harold/Erika_Harold_0001.jpg,/home/anitadonato/tcc/tcc/data/lfw/lfw-funneled/Erika_Harold/Erika_Harold_0004.jpg,0.4527897039646438,1
/home/anitadonato/tcc/tcc/data/lfw/lfw-funneled/Halle_Berry/Halle_Berry_0006.jpg,/home/anitadonato/tcc/tcc/data/lfw/lfw-funneled/Halle_Berry/Halle_Berry_0013.jpg,0.5336894758482577,1
/home/anitadonato/tcc/tcc/data/lfw/lfw-funneled/Halle_Berry/Halle_Berry_0006.jpg,/home/anitadonato/tcc/tcc/data/lfw/lfw-funneled/Halle_Berry/Halle_Berry_0012.jpg,0.4382627964080621,1
/home/anitadonato/tcc/tcc/data/lfw/lfw-funneled/Halle_Berry/Halle_Berry_0006.jpg,/home/anitadonato/tcc/tcc/data/lfw/lfw-funneled/Halle_Berry/Halle_Berry_0002.jpg,0.45277629998178126,1
/home/anitadonato/tcc/tcc/data/lfw/lfw-funneled/Halle_Berry/Halle_Berry_0006.jpg,/home/anitadonato/tcc/tcc/data/lfw/lfw-funneled/Halle_Berry/Halle_Berry_0007.jpg,0.3246496184718535,1
/home/anitadonato/tcc/tcc/data/lfw/lfw-funneled/Halle_Berry/Halle_Berry_0013.jpg,/home/anitadonato/tcc/tcc/data/lfw/lfw-funneled/Halle_Berry/Halle_Berry_0012.jpg,0.41840432338801214,1
/home/anitadonato/tcc/tcc/data/lfw/lfw-funneled/Halle_Berry/Halle_Berry_0013.jpg,/home/anitadonato/tcc/tcc/data/lfw/lfw-funneled/Halle_Berry/Halle_Berry_0002.jpg,0.684171839662747,1
/home/anitadonato/tcc/tcc/data/lfw/lfw-funneled/Halle_Berry/Halle_Berry_0013.jpg,/home/anitadonato/tcc/tcc/data/lfw/lfw-funneled/Halle_Berry/Halle_Berry_0007.jpg,0.5415065469773488,1
/home/anitadonato/tcc/tcc/data/lfw/lfw-funneled/Halle_Berry/Halle_Berry_0012.jpg,/home/anitadonato/tcc/tcc/data/lfw/lfw-funneled/Halle_Berry/Halle_Berry_0002.jpg,0.3406200961107857,1
/home/anitadonato/tcc/tcc/data/lfw/lfw-funneled/Halle_Berry/Halle_Berry_0012.jpg,/home/anitadonato/tcc/tcc/data/lfw/lfw-funneled/Halle_Berry/Halle_Berry_0007.jpg,0.42821907016482474,1
/home/anitadonato/tcc/tcc/data/lfw/lfw-funneled/Halle_Berry/Halle_Berry_0002.jpg,/home/anitadonato/tcc/tcc/data/lfw/lfw-funneled/Halle_Berry/Halle_Berry_0007.jpg,0.45594169575067056,1
/home/anitadonato/tcc/tcc/data/lfw/lfw-funneled/Robert_Blake/Robert_Blake_0001.jpg,/home/anitadonato/tcc/tcc/data/lfw/lfw-funneled/Robert_Blake/Robert_Blake_0007.jpg,0.5346384698886586,1
/home/anitadonato/tcc/tcc/data/lfw/lfw-funneled/Robert_Blake/Robert_Blake_0001.jpg,/home/anitadonato/tcc/tcc/data/lfw/lfw-funneled/Robert_Blake/Robert_Blake_0004.jpg,0.6284319749409593,1
/home/anitadonato/tcc/tcc/data/lfw/lfw-funneled/Robert_Blake/Robert_Blake_0001.jpg,/home/anitadonato/tcc/tcc/data/lfw/lfw-funneled/Robert_Blake/Robert_Blake_0002.jpg,0.6747536147722701,1
/home/anitadonato/tcc/tcc/data/lfw/lfw-funneled/Robert_Blake/Robert_Blake_0001.jpg,/home/anitadonato/tcc/tcc/data/lfw/lfw-funneled/Robert_Blake/Robert_Blake_0005.jpg,0.2287179378982097,1
/home/anitadonato/tcc/tcc/data/lfw/lfw-funneled/Robert_Blake/Robert_Blake_0007.jpg,/home/anitadonato/tcc/tcc/data/lfw/lfw-funneled/Robert_Blake/Robert_Blake_0004.jpg,0.579852034230104,1
/home/anitadonato/tcc/tcc/data/lfw/lfw-funneled/Robert_Blake/Robert_Blake_0007.jpg,/home/anitadonato/tcc/tcc/data/lfw/lfw-funneled/Robert_Blake/Robert_Blake_0002.jpg,0.584986873308942,1
/home/anitadonato/tcc/tcc/data/lfw/lfw-funneled/Robert_Blake/Robert_Blake_0007.jpg,/home/anitadonato/tcc/tcc/data/lfw/lfw-funneled/Robert_Blake/Robert_Blake_0005.jpg,0.4257924953187878,1
/home/anitadonato/tcc/tcc/data/lfw/lfw-funneled/Robert_Blake/Robert_Blake_0004.jpg,/home/anitadonato/tcc/tcc/data/lfw/lfw-funneled/Robert_Blake/Robert_Blake_0002.jpg,0.11252972288446661,1
/home/anitadonato/tcc/tcc/data/lfw/lfw-funneled/Robert_Blake/Robert_Blake_0004.jpg,/home/anitadonato/tcc/tcc/data/lfw/lfw-funneled/Robert_Blake/Robert_Blake_0005.jpg,0.5623299442495096,1
/home/anitadonato/tcc/tcc/data/lfw/lfw-funneled/Robert_Blake/Robert_Blake_0002.jpg,/home/anitadonato/tcc/tcc/data/lfw/lfw-funneled/Robert_Blake/Robert_Blake_0005.jpg,0.6054433832086881,1
/home/anitadonato/tcc/tcc/data/lfw/lfw-funneled/Bernard_Law/Bernard_Law_0004.jpg,/home/anitadonato/tcc/tcc/data/lfw/lfw-funneled/Bernard_Law/Bernard_Law_0003.jpg,0.3627614717604444,1
/home/anitadonato/tcc/tcc/data/lfw/lfw-funneled/Bernard_Law/Bernard_Law_0004.jpg,/home/anitadonato/tcc/tcc/data/lfw/lfw-funneled/Bernard_Law/Bernard_Law_0002.jpg,0.22400425000993052,1
/home/anitadonato/tcc/tcc/data/lfw/lfw-funneled/Bernard_Law/Bernard_Law_0004.jpg,/home/anitadonato/tcc/tcc/data/lfw/lfw-funneled/Bernard_Law/Bernard_Law_0001.jpg,0.33577482360843136,1
/home/anitadonato/tcc/tcc/data/lfw/lfw-funneled/Bernard_Law/Bernard_Law_0004.jpg,/home/anitadonato/tcc/tcc/data/lfw/lfw-funneled/Bernard_Law/Bernard_Law_0005.jpg,0.2658318365632869,1
/home/anitadonato/tcc/tcc/data/lfw/lfw-funneled/Bernard_Law/Bernard_Law_0003.jpg,/home/anitadonato/tcc/tcc/data/lfw/lfw-funneled/Bernard_Law/Bernard_Law_0002.jpg,0.326209477605514,1
/home/anitadonato/tcc/tcc/data/lfw/lfw-funneled/Bernard_Law/Bernard_Law_0003.jpg,/home/anitadonato/tcc/tcc/data/lfw/lfw-funneled/Bernard_Law/Bernard_Law_0001.jpg,0.36205553817692426,1
/home/anitadonato/tcc/tcc/data/lfw/lfw-funneled/Bernard_Law/Bernard_Law_0003.jpg,/home/anitadonato/tcc/tcc/data/lfw/lfw-funneled/Bernard_Law/Bernard_Law_0005.jpg,0.49640644545574386,1
/home/anitadonato/tcc/tcc/data/lfw/lfw-funneled/Bernard_Law/Bernard_Law_0002.jpg,/home/anitadonato/tcc/tcc/data/lfw/lfw-funneled/Bernard_Law/Bernard_Law_0001.jpg,0.29511715965117236,1
/home/anitadonato/tcc/tcc/data/lfw/lfw-funneled/Bernard_Law/Bernard_Law_0002.jpg,/home/anitadonato/tcc/tcc/data/lfw/lfw-funneled/Bernard_Law/Bernard_Law_0005.jpg,0.38185983156829073,1
/home/anitadonato/tcc/tcc/data/lfw/lfw-funneled/Bernard_Law/Bernard_Law_0001.jpg,/home/anitadonato/tcc/tcc/data/lfw/lfw-funneled/Bernard_Law/Bernard_Law_0005.jpg,0.3624009901586791,1
/home/anitadonato/tcc/tcc/data/lfw/lfw-funneled/Peter_Struck/Peter_Struck_0001.jpg,/home/anitadonato/tcc/tcc/data/lfw/lfw-funneled/Peter_Struck/Peter_Struck_0002.jpg,0.3748130096198532,1
/home/anitadonato/tcc/tcc/data/lfw/lfw-funneled/Peter_Struck/Peter_Struck_0001.jpg,/home/anitadonato/tcc/tcc/data/lfw/lfw-funneled/Peter_Struck/Peter_Struck_0004.jpg,0.3132800673933094,1
/home/anitadonato/tcc/tcc/data/lfw/lfw-funneled/Peter_Struck/Peter_Struck_0001.jpg,/home/anitadonato/tcc/tcc/data/lfw/lfw-funneled/Peter_Struck/Peter_Struck_0003.jpg,0.3988801788688051,1
/home/anitadonato/tcc/tcc/data/lfw/lfw-funneled/Peter_Struck/Peter_Struck_0001.jpg,/home/anitadonato/tcc/tcc/data/lfw/lfw-funneled/Peter_Struck/Peter_Struck_0005.jpg,0.4611912988919352,1
/home/anitadonato/tcc/tcc/data/lfw/lfw-funneled/Peter_Struck/Peter_Struck_0002.jpg,/home/anitadonato/tcc/tcc/data/lfw/lfw-funneled/Peter_Struck/Peter_Struck_0004.jpg,0.2702736510992517,1
/home/anitadonato/tcc/tcc/data/lfw/lfw-funneled/Peter_Struck/Peter_Struck_0002.jpg,/home/anitadonato/tcc/tcc/data/lfw/lfw-funneled/Peter_Struck/Peter_Struck_0003.jpg,0.30521129828553206,1
/home/anitadonato/tcc/tcc/data/lfw/lfw-funneled/Peter_Struck/Peter_Struck_0002.jpg,/home/anitadonato/tcc/tcc/data/lfw/lfw-funneled/Peter_Struck/Peter_Struck_0005.jpg,0.4819821998145828,1
/home/anitadonato/tcc/tcc/data/lfw/lfw-funneled/Peter_Struck/Peter_Struck_0004.jpg,/home/anitadonato/tcc/tcc/data/lfw/lfw-funneled/Peter_Struck/Peter_Struck_0003.jpg,0.40687019392110646,1
/home/anitadonato/tcc/tcc/data/lfw/lfw-funneled/Peter_Struck/Peter_Struck_0004.jpg,/home/anitadonato/tcc/tcc/data/lfw/lfw-funneled/Peter_Struck/Peter_Struck_0005.jpg,0.44335172891249985,1
/home/anitadonato/tcc/tcc/data/lfw/lfw-funneled/Peter_Struck/Peter_Struck_0003.jpg,/home/anitadonato/tcc/tcc/data/lfw/lfw-funneled/Peter_Struck/Peter_Struck_0005.jpg,0.540652633203295,1
/home/anitadonato/tcc/tcc/data/lfw/lfw-funneled/Winona_Ryder/Winona_Ryder_0003.jpg,/home/anitadonato/tcc/tcc/data/lfw/lfw-funneled/Winona_Ryder/Winona_Ryder_0009.jpg,0.43024407140877075,1
/home/anitadonato/tcc/tcc/data/lfw/lfw-funneled/Winona_Ryder/Winona_Ryder_0003.jpg,/home/anitadonato/tcc/tcc/data/lfw/lfw-funneled/Winona_Ryder/Winona_Ryder_0012.jpg,0.42901617796943126,1
/home/anitadonato/tcc/tcc/data/lfw/lfw-funneled/Winona_Ryder/Winona_Ryder_0003.jpg,/home/anitadonato/tcc/tcc/data/lfw/lfw-funneled/Winona_Ryder/Winona_Ryder_0021.jpg,0.6286849685998203,1
/home/anitadonato/tcc/tcc/data/lfw/lfw-funneled/Winona_Ryder/Winona_Ryder_0003.jpg,/home/anitadonato/tcc/tcc/data/lfw/lfw-funneled/Winona_Ryder/Winona_Ryder_0017.jpg,0.5475646020600411,1
/home/anitadonato/tcc/tcc/data/lfw/lfw-funneled/Winona_Ryder/Winona_Ryder_0009.jpg,/home/anitadonato/tcc/tcc/data/lfw/lfw-funneled/Winona_Ryder/Winona_Ryder_0012.jpg,0.38530144924551735,1
/home/anitadonato/tcc/tcc/data/lfw/lfw-funneled/Winona_Ryder/Winona_Ryder_0009.jpg,/home/anitadonato/tcc/tcc/data/lfw/lfw-funneled/Winona_Ryder/Winona_Ryder_0021.jpg,0.5646900292166767,1
/home/anitadonato/tcc/tcc/data/lfw/lfw-funneled/Winona_Ryder/Winona_Ryder_0009.jpg,/home/anitadonato/tcc/tcc/data/lfw/lfw-funneled/Winona_Ryder/Winona_Ryder_0017.jpg,0.5365249613516245,1
/home/anitadonato/tcc/tcc/data/lfw/lfw-funneled/Winona_Ryder/Winona_Ryder_0012.jpg,/home/anitadonato/tcc/tcc/data/lfw/lfw-funneled/Winona_Ryder/Winona_Ryder_0021.jpg,0.43300113324513967,1
/home/anitadonato/tcc/tcc/data/lfw/lfw-funneled/Winona_Ryder/Winona_Ryder_0012.jpg,/home/anitadonato/tcc/tcc/data/lfw/lfw-funneled/Winona_Ryder/Winona_Ryder_0017.jpg,0.4158384653533155,1
/home/anitadonato/tcc/tcc/data/lfw/lfw-funneled/Winona_Ryder/Winona_Ryder_0021.jpg,/home/anitadonato/tcc/tcc/data/lfw/lfw-funneled/Winona_Ryder/Winona_Ryder_0017.jpg,0.5027968892113187,1
/home/anitadonato/tcc/tcc/data/lfw/lfw-funneled/David_Trimble/David_Trimble_0004.jpg,/home/anitadonato/tcc/tcc/data/lfw/lfw-funneled/David_Trimble/David_Trimble_0003.jpg,0.3835541947845993,1
/home/anitadonato/tcc/tcc/data/lfw/lfw-funneled/David_Trimble/David_Trimble_0004.jpg,/home/anitadonato/tcc/tcc/data/lfw/lfw-funneled/David_Trimble/David_Trimble_0001.jpg,0.3226917115145709,1
/home/anitadonato/tcc/tcc/data/lfw/lfw-funneled/David_Trimble/David_Trimble_0004.jpg,/home/anitadonato/tcc/tcc/data/lfw/lfw-funneled/David_Trimble/David_Trimble_0005.jpg,0.41834720981439266,1
/home/anitadonato/tcc/tcc/data/lfw/lfw-funneled/David_Trimble/David_Trimble_0004.jpg,/home/anitadonato/tcc/tcc/data/lfw/lfw-funneled/David_Trimble/David_Trimble_0002.jpg,0.29837349939051083,1
/home/anitadonato/tcc/tcc/data/lfw/lfw-funneled/David_Trimble/David_Trimble_0003.jpg,/home/anitadonato/tcc/tcc/data/lfw/lfw-funneled/David_Trimble/David_Trimble_0001.jpg,0.41887423380328803,1
/home/anitadonato/tcc/tcc/data/lfw/lfw-funneled/David_Trimble/David_Trimble_0003.jpg,/home/anitadonato/tcc/tcc/data/lfw/lfw-funneled/David_Trimble/David_Trimble_0005.jpg,0.5291587307589414,1
/home/anitadonato/tcc/tcc/data/lfw/lfw-funneled/David_Trimble/David_Trimble_0003.jpg,/home/anitadonato/tcc/tcc/data/lfw/lfw-funneled/David_Trimble/David_Trimble_0002.jpg,0.4552722785675628,1
/home/anitadonato/tcc/tcc/data/lfw/lfw-funneled/David_Trimble/David_Trimble_0001.jpg,/home/anitadonato/tcc/tcc/data/lfw/lfw-funneled/David_Trimble/David_Trimble_0005.jpg,0.2954212975673265,1
/home/anitadonato/tcc/tcc/data/lfw/lfw-funneled/David_Trimble/David_Trimble_0001.jpg,/home/anitadonato/tcc/tcc/data/lfw/lfw-funneled/David_Trimble/David_Trimble_0002.jpg,0.2901537525287563,1
/home/anitadonato/tcc/tcc/data/lfw/lfw-funneled/David_Trimble/David_Trimble_0005.jpg,/home/anitadonato/tcc/tcc/data/lfw/lfw-funneled/David_Trimble/David_Trimble_0002.jpg,0.17648888519396466,1
/home/anitadonato/tcc/tcc/data/lfw/lfw-funneled/Mike_Martz/Mike_Martz_0002.jpg,/home/anitadonato/tcc/tcc/data/lfw/lfw-funneled/Mike_Martz/Mike_Martz_0005.jpg,0.2442741448913427,1
/home/anitadonato/tcc/tcc/data/lfw/lfw-funneled/Mike_Martz/Mike_Martz_0002.jpg,/home/anitadonato/tcc/tcc/data/lfw/lfw-funneled/Mike_Martz/Mike_Martz_0003.jpg,0.34244878286560065,1
/home/anitadonato/tcc/tcc/data/lfw/lfw-funneled/Mike_Martz/Mike_Martz_0002.jpg,/home/anitadonato/tcc/tcc/data/lfw/lfw-funneled/Mike_Martz/Mike_Martz_0001.jpg,0.22073729083024785,1
/home/anitadonato/tcc/tcc/data/lfw/lfw-funneled/Mike_Martz/Mike_Martz_0002.jpg,/home/anitadonato/tcc/tcc/data/lfw/lfw-funneled/Mike_Martz/Mike_Martz_0004.jpg,0.18535927792619022,1
/home/anitadonato/tcc/tcc/data/lfw/lfw-funneled/Mike_Martz/Mike_Martz_0005.jpg,/home/anitadonato/tcc/tcc/data/lfw/lfw-funneled/Mike_Martz/Mike_Martz_0003.jpg,0.41910123136335287,1
/home/anitadonato/tcc/tcc/data/lfw/lfw-funneled/Mike_Martz/Mike_Martz_0005.jpg,/home/anitadonato/tcc/tcc/data/lfw/lfw-funneled/Mike_Martz/Mike_Martz_0001.jpg,0.3360322262686123,1
/home/anitadonato/tcc/tcc/data/lfw/lfw-funneled/Mike_Martz/Mike_Martz_0005.jpg,/home/anitadonato/tcc/tcc/data/lfw/lfw-funneled/Mike_Martz/Mike_Martz_0004.jpg,0.25154511930029666,1
/home/anitadonato/tcc/tcc/data/lfw/lfw-funneled/Mike_Martz/Mike_Martz_0003.jpg,/home/anitadonato/tcc/tcc/data/lfw/lfw-funneled/Mike_Martz/Mike_Martz_0001.jpg,0.29470458266019073,1
/home/anitadonato/tcc/tcc/data/lfw/lfw-funneled/Mike_Martz/Mike_Martz_0003.jpg,/home/anitadonato/tcc/tcc/data/lfw/lfw-funneled/Mike_Martz/Mike_Martz_0004.jpg,0.3321459924748582,1
/home/anitadonato/tcc/tcc/data/lfw/lfw-funneled/Mike_Martz/Mike_Martz_0001.jpg,/home/anitadonato/tcc/tcc/data/lfw/lfw-funneled/Mike_Martz/Mike_Martz_0004.jpg,0.18556158597668404,1
/home/anitadonato/tcc/tcc/data/lfw/lfw-funneled/Yashwant_Sinha/Yashwant_Sinha_0005.jpg,/home/anitadonato/tcc/tcc/data/lfw/lfw-funneled/Yashwant_Sinha/Yashwant_Sinha_0004.jpg,0.38192842293020735,1
/home/anitadonato/tcc/tcc/data/lfw/lfw-funneled/Yashwant_Sinha/Yashwant_Sinha_0005.jpg,/home/anitadonato/tcc/tcc/data/lfw/lfw-funneled/Yashwant_Sinha/Yashwant_Sinha_0003.jpg,0.18903175997510124,1
/home/anitadonato/tcc/tcc/data/lfw/lfw-funneled/Yashwant_Sinha/Yashwant_Sinha_0005.jpg,/home/anitadonato/tcc/tcc/data/lfw/lfw-funneled/Yashwant_Sinha/Yashwant_Sinha_0007.jpg,0.40600800108503354,1
/home/anitadonato/tcc/tcc/data/lfw/lfw-funneled/Yashwant_Sinha/Yashwant_Sinha_0005.jpg,/home/anitadonato/tcc/tcc/data/lfw/lfw-funneled/Yashwant_Sinha/Yashwant_Sinha_0002.jpg,0.43591903631526285,1
/home/anitadonato/tcc/tcc/data/lfw/lfw-funneled/Yashwant_Sinha/Yashwant_Sinha_0004.jpg,/home/anitadonato/tcc/tcc/data/lfw/lfw-funneled/Yashwant_Sinha/Yashwant_Sinha_0003.jpg,0.4174571625802811,1
/home/anitadonato/tcc/tcc/data/lfw/lfw-funneled/Yashwant_Sinha/Yashwant_Sinha_0004.jpg,/home/anitadonato/tcc/tcc/data/lfw/lfw-funneled/Yashwant_Sinha/Yashwant_Sinha_0007.jpg,0.5661311400920757,1
/home/anitadonato/tcc/tcc/data/lfw/lfw-funneled/Yashwant_Sinha/Yashwant_Sinha_0004.jpg,/home/anitadonato/tcc/tcc/data/lfw/lfw-funneled/Yashwant_Sinha/Yashwant_Sinha_0002.jpg,0.39215835103670493,1
/home/anitadonato/tcc/tcc/data/lfw/lfw-funneled/Yashwant_Sinha/Yashwant_Sinha_0003.jpg,/home/anitadonato/tcc/tcc/data/lfw/lfw-funneled/Yashwant_Sinha/Yashwant_Sinha_0007.jpg,0.380197982912298,1
/home/anitadonato/tcc/tcc/data/lfw/lfw-funneled/Yashwant_Sinha/Yashwant_Sinha_0003.jpg,/home/anitadonato/tcc/tcc/data/lfw/lfw-funneled/Yashwant_Sinha/Yashwant_Sinha_0002.jpg,0.5435802180512959,1
/home/anitadonato/tcc/tcc/data/lfw/lfw-funneled/Yashwant_Sinha/Yashwant_Sinha_0007.jpg,/home/anitadonato/tcc/tcc/data/lfw/lfw-funneled/Yashwant_Sinha/Yashwant_Sinha_0002.jpg,0.6303369383822041,1
/home/anitadonato/tcc/tcc/data/lfw/lfw-funneled/Roy_Moore/Roy_Moore_0005.jpg,/home/anitadonato/tcc/tcc/data/lfw/lfw-funneled/Roy_Moore/Roy_Moore_0006.jpg,0.7181259653401695,1
/home/anitadonato/tcc/tcc/data/lfw/lfw-funneled/Roy_Moore/Roy_Moore_0005.jpg,/home/anitadonato/tcc/tcc/data/lfw/lfw-funneled/Roy_Moore/Roy_Moore_0001.jpg,0.5665389461399116,1
/home/anitadonato/tcc/tcc/data/lfw/lfw-funneled/Roy_Moore/Roy_Moore_0005.jpg,/home/anitadonato/tcc/tcc/data/lfw/lfw-funneled/Roy_Moore/Roy_Moore_0002.jpg,0.550236199000472,1
/home/anitadonato/tcc/tcc/data/lfw/lfw-funneled/Roy_Moore/Roy_Moore_0005.jpg,/home/anitadonato/tcc/tcc/data/lfw/lfw-funneled/Roy_Moore/Roy_Moore_0004.jpg,0.8889478875133943,1
/home/anitadonato/tcc/tcc/data/lfw/lfw-funneled/Roy_Moore/Roy_Moore_0006.jpg,/home/anitadonato/tcc/tcc/data/lfw/lfw-funneled/Roy_Moore/Roy_Moore_0001.jpg,0.8081863713534656,1
/home/anitadonato/tcc/tcc/data/lfw/lfw-funneled/Roy_Moore/Roy_Moore_0006.jpg,/home/anitadonato/tcc/tcc/data/lfw/lfw-funneled/Roy_Moore/Roy_Moore_0002.jpg,0.7817890312798144,1
/home/anitadonato/tcc/tcc/data/lfw/lfw-funneled/Roy_Moore/Roy_Moore_0006.jpg,/home/anitadonato/tcc/tcc/data/lfw/lfw-funneled/Roy_Moore/Roy_Moore_0004.jpg,0.6803232253304701,1
/home/anitadonato/tcc/tcc/data/lfw/lfw-funneled/Roy_Moore/Roy_Moore_0001.jpg,/home/anitadonato/tcc/tcc/data/lfw/lfw-funneled/Roy_Moore/Roy_Moore_0002.jpg,0.4155455877007681,1
/home/anitadonato/tcc/tcc/data/lfw/lfw-funneled/Roy_Moore/Roy_Moore_0001.jpg,/home/anitadonato/tcc/tcc/data/lfw/lfw-funneled/Roy_Moore/Roy_Moore_0004.jpg,0.9027539336863954,1
/home/anitadonato/tcc/tcc/data/lfw/lfw-funneled/Roy_Moore/Roy_Moore_0002.jpg,/home/anitadonato/tcc/tcc/data/lfw/lfw-funneled/Roy_Moore/Roy_Moore_0004.jpg,0.9055573352049746,1
/home/anitadonato/tcc/tcc/data/lfw/lfw-funneled/Lleyton_Hewitt/Lleyton_Hewitt_0017.jpg,/home/anitadonato/tcc/tcc/data/lfw/lfw-funneled/Lleyton_Hewitt/Lleyton_Hewitt_0003.jpg,0.3875210189604211,1
/home/anitadonato/tcc/tcc/data/lfw/lfw-funneled/Lleyton_Hewitt/Lleyton_Hewitt_0017.jpg,/home/anitadonato/tcc/tcc/data/lfw/lfw-funneled/Lleyton_Hewitt/Lleyton_Hewitt_0028.jpg,0.674889441675737,1
/home/anitadonato/tcc/tcc/data/lfw/lfw-funneled/Lleyton_Hewitt/Lleyton_Hewitt_0017.jpg,/home/anitadonato/tcc/tcc/data/lfw/lfw-funneled/Lleyton_Hewitt/Lleyton_Hewitt_0001.jpg,0.5532761913172777,1
/home/anitadonato/tcc/tcc/data/lfw/lfw-funneled/Lleyton_Hewitt/Lleyton_Hewitt_0017.jpg,/home/anitadonato/tcc/tcc/data/lfw/lfw-funneled/Lleyton_Hewitt/Lleyton_Hewitt_0034.jpg,0.4746550399891839,1
/home/anitadonato/tcc/tcc/data/lfw/lfw-funneled/Lleyton_Hewitt/Lleyton_Hewitt_0003.jpg,/home/anitadonato/tcc/tcc/data/lfw/lfw-funneled/Lleyton_Hewitt/Lleyton_Hewitt_0028.jpg,0.7406303038775366,1
/home/anitadonato/tcc/tcc/data/lfw/lfw-funneled/Lleyton_Hewitt/Lleyton_Hewitt_0003.jpg,/home/anitadonato/tcc/tcc/data/lfw/lfw-funneled/Lleyton_Hewitt/Lleyton_Hewitt_0001.jpg,0.48533696376611835,1
/home/anitadonato/tcc/tcc/data/lfw/lfw-funneled/Lleyton_Hewitt/Lleyton_Hewitt_0003.jpg,/home/anitadonato/tcc/tcc/data/lfw/lfw-funneled/Lleyton_Hewitt/Lleyton_Hewitt_0034.jpg,0.38293042127367516,1
/home/anitadonato/tcc/tcc/data/lfw/lfw-funneled/Lleyton_Hewitt/Lleyton_Hewitt_0028.jpg,/home/anitadonato/tcc/tcc/data/lfw/lfw-funneled/Lleyton_Hewitt/Lleyton_Hewitt_0001.jpg,0.5134849395587207,1
/home/anitadonato/tcc/tcc/data/lfw/lfw-funneled/Lleyton_Hewitt/Lleyton_Hewitt_0028.jpg,/home/anitadonato/tcc/tcc/data/lfw/lfw-funneled/Lleyton_Hewitt/Lleyton_Hewitt_0034.jpg,0.7547760910907838,1
/home/anitadonato/tcc/tcc/data/lfw/lfw-funneled/Lleyton_Hewitt/Lleyton_Hewitt_0001.jpg,/home/anitadonato/tcc/tcc/data/lfw/lfw-funneled/Lleyton_Hewitt/Lleyton_Hewitt_0034.jpg,0.5637767543892638,1
/home/anitadonato/tcc/tcc/data/lfw/lfw-funneled/Salma_Hayek/Salma_Hayek_0013.jpg,/home/anitadonato/tcc/tcc/data/lfw/lfw-funneled/Salma_Hayek/Salma_Hayek_0009.jpg,0.5192274262184358,1
/home/anitadonato/tcc/tcc/data/lfw/lfw-funneled/Salma_Hayek/Salma_Hayek_0013.jpg,/home/anitadonato/tcc/tcc/data/lfw/lfw-funneled/Salma_Hayek/Salma_Hayek_0011.jpg,0.6149198838101038,1
/home/anitadonato/tcc/tcc/data/lfw/lfw-funneled/Salma_Hayek/Salma_Hayek_0013.jpg,/home/anitadonato/tcc/tcc/data/lfw/lfw-funneled/Salma_Hayek/Salma_Hayek_0004.jpg,0.5588592025427845,1
/home/anitadonato/tcc/tcc/data/lfw/lfw-funneled/Salma_Hayek/Salma_Hayek_0013.jpg,/home/anitadonato/tcc/tcc/data/lfw/lfw-funneled/Salma_Hayek/Salma_Hayek_0006.jpg,0.7258460294920381,1
/home/anitadonato/tcc/tcc/data/lfw/lfw-funneled/Salma_Hayek/Salma_Hayek_0009.jpg,/home/anitadonato/tcc/tcc/data/lfw/lfw-funneled/Salma_Hayek/Salma_Hayek_0011.jpg,0.6131265557149859,1
/home/anitadonato/tcc/tcc/data/lfw/lfw-funneled/Salma_Hayek/Salma_Hayek_0009.jpg,/home/anitadonato/tcc/tcc/data/lfw/lfw-funneled/Salma_Hayek/Salma_Hayek_0004.jpg,0.5753062061183193,1
/home/anitadonato/tcc/tcc/data/lfw/lfw-funneled/Salma_Hayek/Salma_Hayek_0009.jpg,/home/anitadonato/tcc/tcc/data/lfw/lfw-funneled/Salma_Hayek/Salma_Hayek_0006.jpg,0.6497998646324925,1
/home/anitadonato/tcc/tcc/data/lfw/lfw-funneled/Salma_Hayek/Salma_Hayek_0011.jpg,/home/anitadonato/tcc/tcc/data/lfw/lfw-funneled/Salma_Hayek/Salma_Hayek_0004.jpg,0.45456660272237515,1
/home/anitadonato/tcc/tcc/data/lfw/lfw-funneled/Salma_Hayek/Salma_Hayek_0011.jpg,/home/anitadonato/tcc/tcc/data/lfw/lfw-funneled/Salma_Hayek/Salma_Hayek_0006.jpg,0.5489538226157383,1
/home/anitadonato/tcc/tcc/data/lfw/lfw-funneled/Salma_Hayek/Salma_Hayek_0004.jpg,/home/anitadonato/tcc/tcc/data/lfw/lfw-funneled/Salma_Hayek/Salma_Hayek_0006.jpg,0.5772807829697673,1
/home/anitadonato/tcc/tcc/data/lfw/lfw-funneled/Hans_Blix/Hans_Blix_0028.jpg,/home/anitadonato/tcc/tcc/data/lfw/lfw-funneled/Hans_Blix/Hans_Blix_0005.jpg,0.33768031330361303,1
/home/anitadonato/tcc/tcc/data/lfw/lfw-funneled/Hans_Blix/Hans_Blix_0028.jpg,/home/anitadonato/tcc/tcc/data/lfw/lfw-funneled/Hans_Blix/Hans_Blix_0022.jpg,0.5417711394473252,1
/home/anitadonato/tcc/tcc/data/lfw/lfw-funneled/Hans_Blix/Hans_Blix_0028.jpg,/home/anitadonato/tcc/tcc/data/lfw/lfw-funneled/Hans_Blix/Hans_Blix_0021.jpg,0.2559491384799427,1
/home/anitadonato/tcc/tcc/data/lfw/lfw-funneled/Hans_Blix/Hans_Blix_0028.jpg,/home/anitadonato/tcc/tcc/data/lfw/lfw-funneled/Hans_Blix/Hans_Blix_0008.jpg,0.2723512921267657,1
/home/anitadonato/tcc/tcc/data/lfw/lfw-funneled/Hans_Blix/Hans_Blix_0005.jpg,/home/anitadonato/tcc/tcc/data/lfw/lfw-funneled/Hans_Blix/Hans_Blix_0022.jpg,0.39453345804559947,1
/home/anitadonato/tcc/tcc/data/lfw/lfw-funneled/Hans_Blix/Hans_Blix_0005.jpg,/home/anitadonato/tcc/tcc/data/lfw/lfw-funneled/Hans_Blix/Hans_Blix_0021.jpg,0.3560003009790724,1
/home/anitadonato/tcc/tcc/data/lfw/lfw-funneled/Hans_Blix/Hans_Blix_0005.jpg,/home/anitadonato/tcc/tcc/data/lfw/lfw-funneled/Hans_Blix/Hans_Blix_0008.jpg,0.3077564802632612,1
/home/anitadonato/tcc/tcc/data/lfw/lfw-funneled/Hans_Blix/Hans_Blix_0022.jpg,/home/anitadonato/tcc/tcc/data/lfw/lfw-funneled/Hans_Blix/Hans_Blix_0021.jpg,0.42458640326379227,1
/home/anitadonato/tcc/tcc/data/lfw/lfw-funneled/Hans_Blix/Hans_Blix_0022.jpg,/home/anitadonato/tcc/tcc/data/lfw/lfw-funneled/Hans_Blix/Hans_Blix_0008.jpg,0.37491416327201454,1
/home/anitadonato/tcc/tcc/data/lfw/lfw-funneled/Hans_Blix/Hans_Blix_0021.jpg,/home/anitadonato/tcc/tcc/data/lfw/lfw-funneled/Hans_Blix/Hans_Blix_0008.jpg,0.24831658138094725,1
/home/anitadonato/tcc/tcc/data/lfw/lfw-funneled/Zinedine_Zidane/Zinedine_Zidane_0006.jpg,/home/anitadonato/tcc/tcc/data/lfw/lfw-funneled/Zinedine_Zidane/Zinedine_Zidane_0003.jpg,0.602154053542213,1
/home/anitadonato/tcc/tcc/data/lfw/lfw-funneled/Zinedine_Zidane/Zinedine_Zidane_0006.jpg,/home/anitadonato/tcc/tcc/data/lfw/lfw-funneled/Zinedine_Zidane/Zinedine_Zidane_0005.jpg,0.6123225491008581,1
/home/anitadonato/tcc/tcc/data/lfw/lfw-funneled/Zinedine_Zidane/Zinedine_Zidane_0006.jpg,/home/anitadonato/tcc/tcc/data/lfw/lfw-funneled/Zinedine_Zidane/Zinedine_Zidane_0004.jpg,0.6040157992625266,1
/home/anitadonato/tcc/tcc/data/lfw/lfw-funneled/Zinedine_Zidane/Zinedine_Zidane_0006.jpg,/home/anitadonato/tcc/tcc/data/lfw/lfw-funneled/Zinedine_Zidane/Zinedine_Zidane_0002.jpg,0.5197984478386347,1
/home/anitadonato/tcc/tcc/data/lfw/lfw-funneled/Zinedine_Zidane/Zinedine_Zidane_0003.jpg,/home/anitadonato/tcc/tcc/data/lfw/lfw-funneled/Zinedine_Zidane/Zinedine_Zidane_0005.jpg,0.3850128230065757,1
/home/anitadonato/tcc/tcc/data/lfw/lfw-funneled/Zinedine_Zidane/Zinedine_Zidane_0003.jpg,/home/anitadonato/tcc/tcc/data/lfw/lfw-funneled/Zinedine_Zidane/Zinedine_Zidane_0004.jpg,0.4394430418624501,1
/home/anitadonato/tcc/tcc/data/lfw/lfw-funneled/Zinedine_Zidane/Zinedine_Zidane_0003.jpg,/home/anitadonato/tcc/tcc/data/lfw/lfw-funneled/Zinedine_Zidane/Zinedine_Zidane_0002.jpg,0.44195556436848027,1
/home/anitadonato/tcc/tcc/data/lfw/lfw-funneled/Zinedine_Zidane/Zinedine_Zidane_0005.jpg,/home/anitadonato/tcc/tcc/data/lfw/lfw-funneled/Zinedine_Zidane/Zinedine_Zidane_0004.jpg,0.20649307841134468,1
/home/anitadonato/tcc/tcc/data/lfw/lfw-funneled/Zinedine_Zidane/Zinedine_Zidane_0005.jpg,/home/anitadonato/tcc/tcc/data/lfw/lfw-funneled/Zinedine_Zidane/Zinedine_Zidane_0002.jpg,0.4869514849148815,1
/home/anitadonato/tcc/tcc/data/lfw/lfw-funneled/Zinedine_Zidane/Zinedine_Zidane_0004.jpg,/home/anitadonato/tcc/tcc/data/lfw/lfw-funneled/Zinedine_Zidane/Zinedine_Zidane_0002.jpg,0.5075835776459815,1
/home/anitadonato/tcc/tcc/data/lfw/lfw-funneled/Nancy_Pelosi/Nancy_Pelosi_0006.jpg,/home/anitadonato/tcc/tcc/data/lfw/lfw-funneled/Nancy_Pelosi/Nancy_Pelosi_0007.jpg,0.3355680463766787,1
/home/anitadonato/tcc/tcc/data/lfw/lfw-funneled/Nancy_Pelosi/Nancy_Pelosi_0006.jpg,/home/anitadonato/tcc/tcc/data/lfw/lfw-funneled/Nancy_Pelosi/Nancy_Pelosi_0012.jpg,0.5762454760659632,1
/home/anitadonato/tcc/tcc/data/lfw/lfw-funneled/Nancy_Pelosi/Nancy_Pelosi_0006.jpg,/home/anitadonato/tcc/tcc/data/lfw/lfw-funneled/Nancy_Pelosi/Nancy_Pelosi_0005.jpg,0.431795798924443,1
/home/anitadonato/tcc/tcc/data/lfw/lfw-funneled/Nancy_Pelosi/Nancy_Pelosi_0006.jpg,/home/anitadonato/tcc/tcc/data/lfw/lfw-funneled/Nancy_Pelosi/Nancy_Pelosi_0009.jpg,0.44206703256220026,1
/home/anitadonato/tcc/tcc/data/lfw/lfw-funneled/Nancy_Pelosi/Nancy_Pelosi_0007.jpg,/home/anitadonato/tcc/tcc/data/lfw/lfw-funneled/Nancy_Pelosi/Nancy_Pelosi_0012.jpg,0.4949599821168682,1
/home/anitadonato/tcc/tcc/data/lfw/lfw-funneled/Nancy_Pelosi/Nancy_Pelosi_0007.jpg,/home/anitadonato/tcc/tcc/data/lfw/lfw-funneled/Nancy_Pelosi/Nancy_Pelosi_0005.jpg,0.41721439109394776,1
/home/anitadonato/tcc/tcc/data/lfw/lfw-funneled/Nancy_Pelosi/Nancy_Pelosi_0007.jpg,/home/anitadonato/tcc/tcc/data/lfw/lfw-funneled/Nancy_Pelosi/Nancy_Pelosi_0009.jpg,0.46356918128269187,1
/home/anitadonato/tcc/tcc/data/lfw/lfw-funneled/Nancy_Pelosi/Nancy_Pelosi_0012.jpg,/home/anitadonato/tcc/tcc/data/lfw/lfw-funneled/Nancy_Pelosi/Nancy_Pelosi_0005.jpg,0.3766415492970788,1
/home/anitadonato/tcc/tcc/data/lfw/lfw-funneled/Nancy_Pelosi/Nancy_Pelosi_0012.jpg,/home/anitadonato/tcc/tcc/data/lfw/lfw-funneled/Nancy_Pelosi/Nancy_Pelosi_0009.jpg,0.2914918580229986,1
/home/anitadonato/tcc/tcc/data/lfw/lfw-funneled/Nancy_Pelosi/Nancy_Pelosi_0005.jpg,/home/anitadonato/tcc/tcc/data/lfw/lfw-funneled/Nancy_Pelosi/Nancy_Pelosi_0009.jpg,0.3698309445526923,1
/home/anitadonato/tcc/tcc/data/lfw/lfw-funneled/Tony_Blair/Tony_Blair_0033.jpg,/home/anitadonato/tcc/tcc/data/lfw/lfw-funneled/Tony_Blair/Tony_Blair_0050.jpg,0.6368423486382521,1
/home/anitadonato/tcc/tcc/data/lfw/lfw-funneled/Tony_Blair/Tony_Blair_0033.jpg,/home/anitadonato/tcc/tcc/data/lfw/lfw-funneled/Tony_Blair/Tony_Blair_0108.jpg,0.8079681550081477,1
/home/anitadonato/tcc/tcc/data/lfw/lfw-funneled/Tony_Blair/Tony_Blair_0033.jpg,/home/anitadonato/tcc/tcc/data/lfw/lfw-funneled/Tony_Blair/Tony_Blair_0098.jpg,0.4641891380872599,1
/home/anitadonato/tcc/tcc/data/lfw/lfw-funneled/Tony_Blair/Tony_Blair_0033.jpg,/home/anitadonato/tcc/tcc/data/lfw/lfw-funneled/Tony_Blair/Tony_Blair_0045.jpg,0.6252386866302428,1
/home/anitadonato/tcc/tcc/data/lfw/lfw-funneled/Tony_Blair/Tony_Blair_0050.jpg,/home/anitadonato/tcc/tcc/data/lfw/lfw-funneled/Tony_Blair/Tony_Blair_0108.jpg,0.7050033973486316,1
/home/anitadonato/tcc/tcc/data/lfw/lfw-funneled/Tony_Blair/Tony_Blair_0050.jpg,/home/anitadonato/tcc/tcc/data/lfw/lfw-funneled/Tony_Blair/Tony_Blair_0098.jpg,0.47486261041463174,1
/home/anitadonato/tcc/tcc/data/lfw/lfw-funneled/Tony_Blair/Tony_Blair_0050.jpg,/home/anitadonato/tcc/tcc/data/lfw/lfw-funneled/Tony_Blair/Tony_Blair_0045.jpg,0.7571044739479736,1
/home/anitadonato/tcc/tcc/data/lfw/lfw-funneled/Tony_Blair/Tony_Blair_0108.jpg,/home/anitadonato/tcc/tcc/data/lfw/lfw-funneled/Tony_Blair/Tony_Blair_0098.jpg,0.812844279378497,1
/home/anitadonato/tcc/tcc/data/lfw/lfw-funneled/Tony_Blair/Tony_Blair_0108.jpg,/home/anitadonato/tcc/tcc/data/lfw/lfw-funneled/Tony_Blair/Tony_Blair_0045.jpg,0.8863118651984028,1
/home/anitadonato/tcc/tcc/data/lfw/lfw-funneled/Tony_Blair/Tony_Blair_0098.jpg,/home/anitadonato/tcc/tcc/data/lfw/lfw-funneled/Tony_Blair/Tony_Blair_0045.jpg,0.6085589918897214,1
/home/anitadonato/tcc/tcc/data/lfw/lfw-funneled/Jean-Pierre_Raffarin/Jean-Pierre_Raffarin_0005.jpg,/home/anitadonato/tcc/tcc/data/lfw/lfw-funneled/Jean-Pierre_Raffarin/Jean-Pierre_Raffarin_0007.jpg,0.4701588327115327,1
/home/anitadonato/tcc/tcc/data/lfw/lfw-funneled/Jean-Pierre_Raffarin/Jean-Pierre_Raffarin_0005.jpg,/home/anitadonato/tcc/tcc/data/lfw/lfw-funneled/Jean-Pierre_Raffarin/Jean-Pierre_Raffarin_0003.jpg,0.5764531325424982,1
/home/anitadonato/tcc/tcc/data/lfw/lfw-funneled/Jean-Pierre_Raffarin/Jean-Pierre_Raffarin_0005.jpg,/home/anitadonato/tcc/tcc/data/lfw/lfw-funneled/Jean-Pierre_Raffarin/Jean-Pierre_Raffarin_0004.jpg,0.3936514888699657,1
/home/anitadonato/tcc/tcc/data/lfw/lfw-funneled/Jean-Pierre_Raffarin/Jean-Pierre_Raffarin_0005.jpg,/home/anitadonato/tcc/tcc/data/lfw/lfw-funneled/Jean-Pierre_Raffarin/Jean-Pierre_Raffarin_0006.jpg,0.6678130433605476,1
/home/anitadonato/tcc/tcc/data/lfw/lfw-funneled/Jean-Pierre_Raffarin/Jean-Pierre_Raffarin_0007.jpg,/home/anitadonato/tcc/tcc/data/lfw/lfw-funneled/Jean-Pierre_Raffarin/Jean-Pierre_Raffarin_0003.jpg,0.7141207210249957,1
/home/anitadonato/tcc/tcc/data/lfw/lfw-funneled/Jean-Pierre_Raffarin/Jean-Pierre_Raffarin_0007.jpg,/home/anitadonato/tcc/tcc/data/lfw/lfw-funneled/Jean-Pierre_Raffarin/Jean-Pierre_Raffarin_0004.jpg,0.6099498822801523,1
/home/anitadonato/tcc/tcc/data/lfw/lfw-funneled/Jean-Pierre_Raffarin/Jean-Pierre_Raffarin_0007.jpg,/home/anitadonato/tcc/tcc/data/lfw/lfw-funneled/Jean-Pierre_Raffarin/Jean-Pierre_Raffarin_0006.jpg,0.40738204502456066,1
/home/anitadonato/tcc/tcc/data/lfw/lfw-funneled/Jean-Pierre_Raffarin/Jean-Pierre_Raffarin_0003.jpg,/home/anitadonato/tcc/tcc/data/lfw/lfw-funneled/Jean-Pierre_Raffarin/Jean-Pierre_Raffarin_0004.jpg,0.5474874237135474,1
/home/anitadonato/tcc/tcc/data/lfw/lfw-funneled/Jean-Pierre_Raffarin/Jean-Pierre_Raffarin_0003.jpg,/home/anitadonato/tcc/tcc/data/lfw/lfw-funneled/Jean-Pierre_Raffarin/Jean-Pierre_Raffarin_0006.jpg,0.7562436995135047,1
/home/anitadonato/tcc/tcc/data/lfw/lfw-funneled/Jean-Pierre_Raffarin/Jean-Pierre_Raffarin_0004.jpg,/home/anitadonato/tcc/tcc/data/lfw/lfw-funneled/Jean-Pierre_Raffarin/Jean-Pierre_Raffarin_0006.jpg,0.6527474179968427,1
/home/anitadonato/tcc/tcc/data/lfw/lfw-funneled/Arminio_Fraga/Arminio_Fraga_0001.jpg,/home/anitadonato/tcc/tcc/data/lfw/lfw-funneled/Arminio_Fraga/Arminio_Fraga_0003.jpg,0.9397476567975412,1
/home/anitadonato/tcc/tcc/data/lfw/lfw-funneled/Arminio_Fraga/Arminio_Fraga_0001.jpg,/home/anitadonato/tcc/tcc/data/lfw/lfw-funneled/Arminio_Fraga/Arminio_Fraga_0005.jpg,0.9050584524958697,1
/home/anitadonato/tcc/tcc/data/lfw/lfw-funneled/Arminio_Fraga/Arminio_Fraga_0001.jpg,/home/anitadonato/tcc/tcc/data/lfw/lfw-funneled/Arminio_Fraga/Arminio_Fraga_0006.jpg,0.948598045999121,1
/home/anitadonato/tcc/tcc/data/lfw/lfw-funneled/Arminio_Fraga/Arminio_Fraga_0001.jpg,/home/anitadonato/tcc/tcc/data/lfw/lfw-funneled/Arminio_Fraga/Arminio_Fraga_0002.jpg,0.8962494813295305,1
/home/anitadonato/tcc/tcc/data/lfw/lfw-funneled/Arminio_Fraga/Arminio_Fraga_0003.jpg,/home/anitadonato/tcc/tcc/data/lfw/lfw-funneled/Arminio_Fraga/Arminio_Fraga_0005.jpg,0.2337330277801768,1
/home/anitadonato/tcc/tcc/data/lfw/lfw-funneled/Arminio_Fraga/Arminio_Fraga_0003.jpg,/home/anitadonato/tcc/tcc/data/lfw/lfw-funneled/Arminio_Fraga/Arminio_Fraga_0006.jpg,0.22537440726405678,1
/home/anitadonato/tcc/tcc/data/lfw/lfw-funneled/Arminio_Fraga/Arminio_Fraga_0003.jpg,/home/anitadonato/tcc/tcc/data/lfw/lfw-funneled/Arminio_Fraga/Arminio_Fraga_0002.jpg,0.40760537639644256,1
/home/anitadonato/tcc/tcc/data/lfw/lfw-funneled/Arminio_Fraga/Arminio_Fraga_0005.jpg,/home/anitadonato/tcc/tcc/data/lfw/lfw-funneled/Arminio_Fraga/Arminio_Fraga_0006.jpg,0.31929123746081167,1
/home/anitadonato/tcc/tcc/data/lfw/lfw-funneled/Arminio_Fraga/Arminio_Fraga_0005.jpg,/home/anitadonato/tcc/tcc/data/lfw/lfw-funneled/Arminio_Fraga/Arminio_Fraga_0002.jpg,0.35409077435132186,1
/home/anitadonato/tcc/tcc/data/lfw/lfw-funneled/Arminio_Fraga/Arminio_Fraga_0006.jpg,/home/anitadonato/tcc/tcc/data/lfw/lfw-funneled/Arminio_Fraga/Arminio_Fraga_0002.jpg,0.4559081024178794,1
/home/anitadonato/tcc/tcc/data/lfw/lfw-funneled/George_Lopez/George_Lopez_0005.jpg,/home/anitadonato/tcc/tcc/data/lfw/lfw-funneled/George_Lopez/George_Lopez_0003.jpg,0.5288413513782761,1
/home/anitadonato/tcc/tcc/data/lfw/lfw-funneled/George_Lopez/George_Lopez_0005.jpg,/home/anitadonato/tcc/tcc/data/lfw/lfw-funneled/George_Lopez/George_Lopez_0002.jpg,0.4959465801233115,1
/home/anitadonato/tcc/tcc/data/lfw/lfw-funneled/George_Lopez/George_Lopez_0005.jpg,/home/anitadonato/tcc/tcc/data/lfw/lfw-funneled/George_Lopez/George_Lopez_0004.jpg,0.25775757036623037,1
/home/anitadonato/tcc/tcc/data/lfw/lfw-funneled/George_Lopez/George_Lopez_0005.jpg,/home/anitadonato/tcc/tcc/data/lfw/lfw-funneled/George_Lopez/George_Lopez_0001.jpg,0.40722791092701005,1
/home/anitadonato/tcc/tcc/data/lfw/lfw-funneled/George_Lopez/George_Lopez_0003.jpg,/home/anitadonato/tcc/tcc/data/lfw/lfw-funneled/George_Lopez/George_Lopez_0002.jpg,0.5329846195954154,1
/home/anitadonato/tcc/tcc/data/lfw/lfw-funneled/George_Lopez/George_Lopez_0003.jpg,/home/anitadonato/tcc/tcc/data/lfw/lfw-funneled/George_Lopez/George_Lopez_0004.jpg,0.6788944156760912,1
/home/anitadonato/tcc/tcc/data/lfw/lfw-funneled/George_Lopez/George_Lopez_0003.jpg,/home/anitadonato/tcc/tcc/data/lfw/lfw-funneled/George_Lopez/George_Lopez_0001.jpg,0.4557411184650203,1
/home/anitadonato/tcc/tcc/data/lfw/lfw-funneled/George_Lopez/George_Lopez_0002.jpg,/home/anitadonato/tcc/tcc/data/lfw/lfw-funneled/George_Lopez/George_Lopez_0004.jpg,0.6021466977322805,1
/home/anitadonato/tcc/tcc/data/lfw/lfw-funneled/George_Lopez/George_Lopez_0002.jpg,/home/anitadonato/tcc/tcc/data/lfw/lfw-funneled/George_Lopez/George_Lopez_0001.jpg,0.4794082975017012,1
/home/anitadonato/tcc/tcc/data/lfw/lfw-funneled/George_Lopez/George_Lopez_0004.jpg,/home/anitadonato/tcc/tcc/data/lfw/lfw-funneled/George_Lopez/George_Lopez_0001.jpg,0.5188373858351285,1
/home/anitadonato/tcc/tcc/data/lfw/lfw-funneled/Walter_Mondale/Walter_Mondale_0004.jpg,/home/anitadonato/tcc/tcc/data/lfw/lfw-funneled/Walter_Mondale/Walter_Mondale_0009.jpg,0.3564269789026412,1
/home/anitadonato/tcc/tcc/data/lfw/lfw-funneled/Walter_Mondale/Walter_Mondale_0004.jpg,/home/anitadonato/tcc/tcc/data/lfw/lfw-funneled/Walter_Mondale/Walter_Mondale_0008.jpg,0.5730107039893353,1
/home/anitadonato/tcc/tcc/data/lfw/lfw-funneled/Walter_Mondale/Walter_Mondale_0004.jpg,/home/anitadonato/tcc/tcc/data/lfw/lfw-funneled/Walter_Mondale/Walter_Mondale_0007.jpg,0.3622276417449706,1
/home/anitadonato/tcc/tcc/data/lfw/lfw-funneled/Walter_Mondale/Walter_Mondale_0004.jpg,/home/anitadonato/tcc/tcc/data/lfw/lfw-funneled/Walter_Mondale/Walter_Mondale_0006.jpg,0.7701291901174476,1
/home/anitadonato/tcc/tcc/data/lfw/lfw-funneled/Walter_Mondale/Walter_Mondale_0009.jpg,/home/anitadonato/tcc/tcc/data/lfw/lfw-funneled/Walter_Mondale/Walter_Mondale_0008.jpg,0.3935177921794205,1
/home/anitadonato/tcc/tcc/data/lfw/lfw-funneled/Walter_Mondale/Walter_Mondale_0009.jpg,/home/anitadonato/tcc/tcc/data/lfw/lfw-funneled/Walter_Mondale/Walter_Mondale_0007.jpg,0.2504338058162937,1
/home/anitadonato/tcc/tcc/data/lfw/lfw-funneled/Walter_Mondale/Walter_Mondale_0009.jpg,/home/anitadonato/tcc/tcc/data/lfw/lfw-funneled/Walter_Mondale/Walter_Mondale_0006.jpg,0.7806993495292449,1
/home/anitadonato/tcc/tcc/data/lfw/lfw-funneled/Walter_Mondale/Walter_Mondale_0008.jpg,/home/anitadonato/tcc/tcc/data/lfw/lfw-funneled/Walter_Mondale/Walter_Mondale_0007.jpg,0.3829547749679326,1
/home/anitadonato/tcc/tcc/data/lfw/lfw-funneled/Walter_Mondale/Walter_Mondale_0008.jpg,/home/anitadonato/tcc/tcc/data/lfw/lfw-funneled/Walter_Mondale/Walter_Mondale_0006.jpg,0.6307692750946234,1
/home/anitadonato/tcc/tcc/data/lfw/lfw-funneled/Walter_Mondale/Walter_Mondale_0007.jpg,/home/anitadonato/tcc/tcc/data/lfw/lfw-funneled/Walter_Mondale/Walter_Mondale_0006.jpg,0.7624191947835359,1
/home/anitadonato/tcc/tcc/data/lfw/lfw-funneled/Jan_Ullrich/Jan_Ullrich_0002.jpg,/home/anitadonato/tcc/tcc/data/lfw/lfw-funneled/Jan_Ullrich/Jan_Ullrich_0001.jpg,0.5915621178587473,1
/home/anitadonato/tcc/tcc/data/lfw/lfw-funneled/Jan_Ullrich/Jan_Ullrich_0002.jpg,/home/anitadonato/tcc/tcc/data/lfw/lfw-funneled/Jan_Ullrich/Jan_Ullrich_0003.jpg,0.07198915045676446,1
/home/anitadonato/tcc/tcc/data/lfw/lfw-funneled/Jan_Ullrich/Jan_Ullrich_0002.jpg,/home/anitadonato/tcc/tcc/data/lfw/lfw-funneled/Jan_Ullrich/Jan_Ullrich_0004.jpg,0.3031479828817366,1
/home/anitadonato/tcc/tcc/data/lfw/lfw-funneled/Jan_Ullrich/Jan_Ullrich_0002.jpg,/home/anitadonato/tcc/tcc/data/lfw/lfw-funneled/Jan_Ullrich/Jan_Ullrich_0006.jpg,0.44557708029738374,1
/home/anitadonato/tcc/tcc/data/lfw/lfw-funneled/Jan_Ullrich/Jan_Ullrich_0001.jpg,/home/anitadonato/tcc/tcc/data/lfw/lfw-funneled/Jan_Ullrich/Jan_Ullrich_0003.jpg,0.6144618231617058,1
/home/anitadonato/tcc/tcc/data/lfw/lfw-funneled/Jan_Ullrich/Jan_Ullrich_0001.jpg,/home/anitadonato/tcc/tcc/data/lfw/lfw-funneled/Jan_Ullrich/Jan_Ullrich_0004.jpg,0.5762832223350445,1
/home/anitadonato/tcc/tcc/data/lfw/lfw-funneled/Jan_Ullrich/Jan_Ullrich_0001.jpg,/home/anitadonato/tcc/tcc/data/lfw/lfw-funneled/Jan_Ullrich/Jan_Ullrich_0006.jpg,0.5857795405740882,1
/home/anitadonato/tcc/tcc/data/lfw/lfw-funneled/Jan_Ullrich/Jan_Ullrich_0003.jpg,/home/anitadonato/tcc/tcc/data/lfw/lfw-funneled/Jan_Ullrich/Jan_Ullrich_0004.jpg,0.3346226900576882,1
/home/anitadonato/tcc/tcc/data/lfw/lfw-funneled/Jan_Ullrich/Jan_Ullrich_0003.jpg,/home/anitadonato/tcc/tcc/data/lfw/lfw-funneled/Jan_Ullrich/Jan_Ullrich_0006.jpg,0.4947547908793476,1
/home/anitadonato/tcc/tcc/data/lfw/lfw-funneled/Jan_Ullrich/Jan_Ullrich_0004.jpg,/home/anitadonato/tcc/tcc/data/lfw/lfw-funneled/Jan_Ullrich/Jan_Ullrich_0006.jpg,0.5756273598262519,1
/home/anitadonato/tcc/tcc/data/lfw/lfw-funneled/Juan_Carlos_Ferrero/Juan_Carlos_Ferrero_0003.jpg,/home/anitadonato/tcc/tcc/data/lfw/lfw-funneled/Juan_Carlos_Ferrero/Juan_Carlos_Ferrero_0027.jpg,0.7058661485475335,1
/home/anitadonato/tcc/tcc/data/lfw/lfw-funneled/Juan_Carlos_Ferrero/Juan_Carlos_Ferrero_0003.jpg,/home/anitadonato/tcc/tcc/data/lfw/lfw-funneled/Juan_Carlos_Ferrero/Juan_Carlos_Ferrero_0025.jpg,0.7479390445665551,1
/home/anitadonato/tcc/tcc/data/lfw/lfw-funneled/Juan_Carlos_Ferrero/Juan_Carlos_Ferrero_0003.jpg,/home/anitadonato/tcc/tcc/data/lfw/lfw-funneled/Juan_Carlos_Ferrero/Juan_Carlos_Ferrero_0008.jpg,0.8109388715577861,1
/home/anitadonato/tcc/tcc/data/lfw/lfw-funneled/Juan_Carlos_Ferrero/Juan_Carlos_Ferrero_0003.jpg,/home/anitadonato/tcc/tcc/data/lfw/lfw-funneled/Juan_Carlos_Ferrero/Juan_Carlos_Ferrero_0022.jpg,0.6471902817830526,1
/home/anitadonato/tcc/tcc/data/lfw/lfw-funneled/Juan_Carlos_Ferrero/Juan_Carlos_Ferrero_0027.jpg,/home/anitadonato/tcc/tcc/data/lfw/lfw-funneled/Juan_Carlos_Ferrero/Juan_Carlos_Ferrero_0025.jpg,0.48419681269376236,1
/home/anitadonato/tcc/tcc/data/lfw/lfw-funneled/Juan_Carlos_Ferrero/Juan_Carlos_Ferrero_0027.jpg,/home/anitadonato/tcc/tcc/data/lfw/lfw-funneled/Juan_Carlos_Ferrero/Juan_Carlos_Ferrero_0008.jpg,0.732592896314495,1
/home/anitadonato/tcc/tcc/data/lfw/lfw-funneled/Juan_Carlos_Ferrero/Juan_Carlos_Ferrero_0027.jpg,/home/anitadonato/tcc/tcc/data/lfw/lfw-funneled/Juan_Carlos_Ferrero/Juan_Carlos_Ferrero_0022.jpg,0.8138766734455126,1
/home/anitadonato/tcc/tcc/data/lfw/lfw-funneled/Juan_Carlos_Ferrero/Juan_Carlos_Ferrero_0025.jpg,/home/anitadonato/tcc/tcc/data/lfw/lfw-funneled/Juan_Carlos_Ferrero/Juan_Carlos_Ferrero_0008.jpg,0.7935017289951933,1
/home/anitadonato/tcc/tcc/data/lfw/lfw-funneled/Juan_Carlos_Ferrero/Juan_Carlos_Ferrero_0025.jpg,/home/anitadonato/tcc/tcc/data/lfw/lfw-funneled/Juan_Carlos_Ferrero/Juan_Carlos_Ferrero_0022.jpg,0.8327403818302861,1
/home/anitadonato/tcc/tcc/data/lfw/lfw-funneled/Juan_Carlos_Ferrero/Juan_Carlos_Ferrero_0008.jpg,/home/anitadonato/tcc/tcc/data/lfw/lfw-funneled/Juan_Carlos_Ferrero/Juan_Carlos_Ferrero_0022.jpg,0.9182453337495395,1
/home/anitadonato/tcc/tcc/data/lfw/lfw-funneled/Hamid_Karzai/Hamid_Karzai_0010.jpg,/home/anitadonato/tcc/tcc/data/lfw/lfw-funneled/Hamid_Karzai/Hamid_Karzai_0008.jpg,0.3675635584793323,1
/home/anitadonato/tcc/tcc/data/lfw/lfw-funneled/Hamid_Karzai/Hamid_Karzai_0010.jpg,/home/anitadonato/tcc/tcc/data/lfw/lfw-funneled/Hamid_Karzai/Hamid_Karzai_0007.jpg,0.5316499927917844,1
/home/anitadonato/tcc/tcc/data/lfw/lfw-funneled/Hamid_Karzai/Hamid_Karzai_0010.jpg,/home/anitadonato/tcc/tcc/data/lfw/lfw-funneled/Hamid_Karzai/Hamid_Karzai_0005.jpg,0.4944222197289132,1
/home/anitadonato/tcc/tcc/data/lfw/lfw-funneled/Hamid_Karzai/Hamid_Karzai_0010.jpg,/home/anitadonato/tcc/tcc/data/lfw/lfw-funneled/Hamid_Karzai/Hamid_Karzai_0001.jpg,0.4935121369238422,1
/home/anitadonato/tcc/tcc/data/lfw/lfw-funneled/Hamid_Karzai/Hamid_Karzai_0008.jpg,/home/anitadonato/tcc/tcc/data/lfw/lfw-funneled/Hamid_Karzai/Hamid_Karzai_0007.jpg,0.4435905088221549,1
/home/anitadonato/tcc/tcc/data/lfw/lfw-funneled/Hamid_Karzai/Hamid_Karzai_0008.jpg,/home/anitadonato/tcc/tcc/data/lfw/lfw-funneled/Hamid_Karzai/Hamid_Karzai_0005.jpg,0.5292534581247235,1
/home/anitadonato/tcc/tcc/data/lfw/lfw-funneled/Hamid_Karzai/Hamid_Karzai_0008.jpg,/home/anitadonato/tcc/tcc/data/lfw/lfw-funneled/Hamid_Karzai/Hamid_Karzai_0001.jpg,0.4542081720378437,1
/home/anitadonato/tcc/tcc/data/lfw/lfw-funneled/Hamid_Karzai/Hamid_Karzai_0007.jpg,/home/anitadonato/tcc/tcc/data/lfw/lfw-funneled/Hamid_Karzai/Hamid_Karzai_0005.jpg,0.5497342135933858,1
/home/anitadonato/tcc/tcc/data/lfw/lfw-funneled/Hamid_Karzai/Hamid_Karzai_0007.jpg,/home/anitadonato/tcc/tcc/data/lfw/lfw-funneled/Hamid_Karzai/Hamid_Karzai_0001.jpg,0.611733494920186,1
/home/anitadonato/tcc/tcc/data/lfw/lfw-funneled/Hamid_Karzai/Hamid_Karzai_0005.jpg,/home/anitadonato/tcc/tcc/data/lfw/lfw-funneled/Hamid_Karzai/Hamid_Karzai_0001.jpg,0.5120257812264615,1
/home/anitadonato/tcc/tcc/data/lfw/lfw-funneled/Ben_Affleck/Ben_Affleck_0001.jpg,/home/anitadonato/tcc/tcc/data/lfw/lfw-funneled/Ben_Affleck/Ben_Affleck_0002.jpg,0.44325929572526357,1
/home/anitadonato/tcc/tcc/data/lfw/lfw-funneled/Ben_Affleck/Ben_Affleck_0001.jpg,/home/anitadonato/tcc/tcc/data/lfw/lfw-funneled/Ben_Affleck/Ben_Affleck_0004.jpg,0.6814058578596704,1
/home/anitadonato/tcc/tcc/data/lfw/lfw-funneled/Ben_Affleck/Ben_Affleck_0001.jpg,/home/anitadonato/tcc/tcc/data/lfw/lfw-funneled/Ben_Affleck/Ben_Affleck_0007.jpg,0.48585015713147517,1
/home/anitadonato/tcc/tcc/data/lfw/lfw-funneled/Ben_Affleck/Ben_Affleck_0001.jpg,/home/anitadonato/tcc/tcc/data/lfw/lfw-funneled/Ben_Affleck/Ben_Affleck_0006.jpg,0.5384702266988088,1
/home/anitadonato/tcc/tcc/data/lfw/lfw-funneled/Ben_Affleck/Ben_Affleck_0002.jpg,/home/anitadonato/tcc/tcc/data/lfw/lfw-funneled/Ben_Affleck/Ben_Affleck_0004.jpg,0.5935453845710643,1
/home/anitadonato/tcc/tcc/data/lfw/lfw-funneled/Ben_Affleck/Ben_Affleck_0002.jpg,/home/anitadonato/tcc/tcc/data/lfw/lfw-funneled/Ben_Affleck/Ben_Affleck_0007.jpg,0.6153792028307579,1
/home/anitadonato/tcc/tcc/data/lfw/lfw-funneled/Ben_Affleck/Ben_Affleck_0002.jpg,/home/anitadonato/tcc/tcc/data/lfw/lfw-funneled/Ben_Affleck/Ben_Affleck_0006.jpg,0.5034236742175665,1
/home/anitadonato/tcc/tcc/data/lfw/lfw-funneled/Ben_Affleck/Ben_Affleck_0004.jpg,/home/anitadonato/tcc/tcc/data/lfw/lfw-funneled/Ben_Affleck/Ben_Affleck_0007.jpg,0.7640103403013273,1
/home/anitadonato/tcc/tcc/data/lfw/lfw-funneled/Ben_Affleck/Ben_Affleck_0004.jpg,/home/anitadonato/tcc/tcc/data/lfw/lfw-funneled/Ben_Affleck/Ben_Affleck_0006.jpg,0.41728099339075253,1
/home/anitadonato/tcc/tcc/data/lfw/lfw-funneled/Ben_Affleck/Ben_Affleck_0007.jpg,/home/anitadonato/tcc/tcc/data/lfw/lfw-funneled/Ben_Affleck/Ben_Affleck_0006.jpg,0.7129950511379584,1
/home/anitadonato/tcc/tcc/data/lfw/lfw-funneled/Fernando_Gonzalez/Fernando_Gonzalez_0007.jpg,/home/anitadonato/tcc/tcc/data/lfw/lfw-funneled/Fernando_Gonzalez/Fernando_Gonzalez_0004.jpg,0.7071043578279371,1
/home/anitadonato/tcc/tcc/data/lfw/lfw-funneled/Fernando_Gonzalez/Fernando_Gonzalez_0007.jpg,/home/anitadonato/tcc/tcc/data/lfw/lfw-funneled/Fernando_Gonzalez/Fernando_Gonzalez_0006.jpg,0.6394085831314178,1
/home/anitadonato/tcc/tcc/data/lfw/lfw-funneled/Fernando_Gonzalez/Fernando_Gonzalez_0007.jpg,/home/anitadonato/tcc/tcc/data/lfw/lfw-funneled/Fernando_Gonzalez/Fernando_Gonzalez_0009.jpg,0.5429052971381311,1
/home/anitadonato/tcc/tcc/data/lfw/lfw-funneled/Fernando_Gonzalez/Fernando_Gonzalez_0007.jpg,/home/anitadonato/tcc/tcc/data/lfw/lfw-funneled/Fernando_Gonzalez/Fernando_Gonzalez_0008.jpg,0.47545529667342756,1
/home/anitadonato/tcc/tcc/data/lfw/lfw-funneled/Fernando_Gonzalez/Fernando_Gonzalez_0004.jpg,/home/anitadonato/tcc/tcc/data/lfw/lfw-funneled/Fernando_Gonzalez/Fernando_Gonzalez_0006.jpg,0.43483463921637966,1
/home/anitadonato/tcc/tcc/data/lfw/lfw-funneled/Fernando_Gonzalez/Fernando_Gonzalez_0004.jpg,/home/anitadonato/tcc/tcc/data/lfw/lfw-funneled/Fernando_Gonzalez/Fernando_Gonzalez_0009.jpg,0.33705754926649534,1
/home/anitadonato/tcc/tcc/data/lfw/lfw-funneled/Fernando_Gonzalez/Fernando_Gonzalez_0004.jpg,/home/anitadonato/tcc/tcc/data/lfw/lfw-funneled/Fernando_Gonzalez/Fernando_Gonzalez_0008.jpg,0.7131882866826973,1
/home/anitadonato/tcc/tcc/data/lfw/lfw-funneled/Fernando_Gonzalez/Fernando_Gonzalez_0006.jpg,/home/anitadonato/tcc/tcc/data/lfw/lfw-funneled/Fernando_Gonzalez/Fernando_Gonzalez_0009.jpg,0.41093828721376857,1
/home/anitadonato/tcc/tcc/data/lfw/lfw-funneled/Fernando_Gonzalez/Fernando_Gonzalez_0006.jpg,/home/anitadonato/tcc/tcc/data/lfw/lfw-funneled/Fernando_Gonzalez/Fernando_Gonzalez_0008.jpg,0.7057664032371831,1
/home/anitadonato/tcc/tcc/data/lfw/lfw-funneled/Fernando_Gonzalez/Fernando_Gonzalez_0009.jpg,/home/anitadonato/tcc/tcc/data/lfw/lfw-funneled/Fernando_Gonzalez/Fernando_Gonzalez_0008.jpg,0.6429423712825088,1
/home/anitadonato/tcc/tcc/data/lfw/lfw-funneled/Nia_Vardalos/Nia_Vardalos_0004.jpg,/home/anitadonato/tcc/tcc/data/lfw/lfw-funneled/Nia_Vardalos/Nia_Vardalos_0005.jpg,0.8990434145431025,1
/home/anitadonato/tcc/tcc/data/lfw/lfw-funneled/Nia_Vardalos/Nia_Vardalos_0004.jpg,/home/anitadonato/tcc/tcc/data/lfw/lfw-funneled/Nia_Vardalos/Nia_Vardalos_0001.jpg,0.941584965280116,1
/home/anitadonato/tcc/tcc/data/lfw/lfw-funneled/Nia_Vardalos/Nia_Vardalos_0004.jpg,/home/anitadonato/tcc/tcc/data/lfw/lfw-funneled/Nia_Vardalos/Nia_Vardalos_0003.jpg,0.9195627353116058,1
/home/anitadonato/tcc/tcc/data/lfw/lfw-funneled/Nia_Vardalos/Nia_Vardalos_0004.jpg,/home/anitadonato/tcc/tcc/data/lfw/lfw-funneled/Nia_Vardalos/Nia_Vardalos_0002.jpg,0.9395751888327356,1
/home/anitadonato/tcc/tcc/data/lfw/lfw-funneled/Nia_Vardalos/Nia_Vardalos_0005.jpg,/home/anitadonato/tcc/tcc/data/lfw/lfw-funneled/Nia_Vardalos/Nia_Vardalos_0001.jpg,0.5301066840225236,1
/home/anitadonato/tcc/tcc/data/lfw/lfw-funneled/Nia_Vardalos/Nia_Vardalos_0005.jpg,/home/anitadonato/tcc/tcc/data/lfw/lfw-funneled/Nia_Vardalos/Nia_Vardalos_0003.jpg,0.5123874088562488,1
/home/anitadonato/tcc/tcc/data/lfw/lfw-funneled/Nia_Vardalos/Nia_Vardalos_0005.jpg,/home/anitadonato/tcc/tcc/data/lfw/lfw-funneled/Nia_Vardalos/Nia_Vardalos_0002.jpg,0.35538771850876527,1
/home/anitadonato/tcc/tcc/data/lfw/lfw-funneled/Nia_Vardalos/Nia_Vardalos_0001.jpg,/home/anitadonato/tcc/tcc/data/lfw/lfw-funneled/Nia_Vardalos/Nia_Vardalos_0003.jpg,0.5438628482780264,1
/home/anitadonato/tcc/tcc/data/lfw/lfw-funneled/Nia_Vardalos/Nia_Vardalos_0001.jpg,/home/anitadonato/tcc/tcc/data/lfw/lfw-funneled/Nia_Vardalos/Nia_Vardalos_0002.jpg,0.3418677594692521,1
/home/anitadonato/tcc/tcc/data/lfw/lfw-funneled/Nia_Vardalos/Nia_Vardalos_0003.jpg,/home/anitadonato/tcc/tcc/data/lfw/lfw-funneled/Nia_Vardalos/Nia_Vardalos_0002.jpg,0.5611344453612614,1
/home/anitadonato/tcc/tcc/data/lfw/lfw-funneled/Silvan_Shalom/Silvan_Shalom_0001.jpg,/home/anitadonato/tcc/tcc/data/lfw/lfw-funneled/Silvan_Shalom/Silvan_Shalom_0004.jpg,0.47913954608772824,1
/home/anitadonato/tcc/tcc/data/lfw/lfw-funneled/Silvan_Shalom/Silvan_Shalom_0001.jpg,/home/anitadonato/tcc/tcc/data/lfw/lfw-funneled/Silvan_Shalom/Silvan_Shalom_0002.jpg,0.39512849949537576,1
/home/anitadonato/tcc/tcc/data/lfw/lfw-funneled/Silvan_Shalom/Silvan_Shalom_0001.jpg,/home/anitadonato/tcc/tcc/data/lfw/lfw-funneled/Silvan_Shalom/Silvan_Shalom_0006.jpg,0.36404779716636826,1
/home/anitadonato/tcc/tcc/data/lfw/lfw-funneled/Silvan_Shalom/Silvan_Shalom_0001.jpg,/home/anitadonato/tcc/tcc/data/lfw/lfw-funneled/Silvan_Shalom/Silvan_Shalom_0005.jpg,0.3666244651075422,1
/home/anitadonato/tcc/tcc/data/lfw/lfw-funneled/Silvan_Shalom/Silvan_Shalom_0004.jpg,/home/anitadonato/tcc/tcc/data/lfw/lfw-funneled/Silvan_Shalom/Silvan_Shalom_0002.jpg,0.5320929651061697,1
/home/anitadonato/tcc/tcc/data/lfw/lfw-funneled/Silvan_Shalom/Silvan_Shalom_0004.jpg,/home/anitadonato/tcc/tcc/data/lfw/lfw-funneled/Silvan_Shalom/Silvan_Shalom_0006.jpg,0.5937771404470129,1
/home/anitadonato/tcc/tcc/data/lfw/lfw-funneled/Silvan_Shalom/Silvan_Shalom_0004.jpg,/home/anitadonato/tcc/tcc/data/lfw/lfw-funneled/Silvan_Shalom/Silvan_Shalom_0005.jpg,0.6328700589970734,1
/home/anitadonato/tcc/tcc/data/lfw/lfw-funneled/Silvan_Shalom/Silvan_Shalom_0002.jpg,/home/anitadonato/tcc/tcc/data/lfw/lfw-funneled/Silvan_Shalom/Silvan_Shalom_0006.jpg,0.3978300559905855,1
/home/anitadonato/tcc/tcc/data/lfw/lfw-funneled/Silvan_Shalom/Silvan_Shalom_0002.jpg,/home/anitadonato/tcc/tcc/data/lfw/lfw-funneled/Silvan_Shalom/Silvan_Shalom_0005.jpg,0.42127438812642914,1
/home/anitadonato/tcc/tcc/data/lfw/lfw-funneled/Silvan_Shalom/Silvan_Shalom_0006.jpg,/home/anitadonato/tcc/tcc/data/lfw/lfw-funneled/Silvan_Shalom/Silvan_Shalom_0005.jpg,0.14757832528505155,1
/home/anitadonato/tcc/tcc/data/lfw/lfw-funneled/Rainer_Schuettler/Rainer_Schuettler_0001.jpg,/home/anitadonato/tcc/tcc/data/lfw/lfw-funneled/Rainer_Schuettler/Rainer_Schuettler_0002.jpg,0.383967483286873,1
/home/anitadonato/tcc/tcc/data/lfw/lfw-funneled/Rainer_Schuettler/Rainer_Schuettler_0001.jpg,/home/anitadonato/tcc/tcc/data/lfw/lfw-funneled/Rainer_Schuettler/Rainer_Schuettler_0005.jpg,0.5185622160399275,1
/home/anitadonato/tcc/tcc/data/lfw/lfw-funneled/Rainer_Schuettler/Rainer_Schuettler_0001.jpg,/home/anitadonato/tcc/tcc/data/lfw/lfw-funneled/Rainer_Schuettler/Rainer_Schuettler_0004.jpg,0.69845413258743,1
/home/anitadonato/tcc/tcc/data/lfw/lfw-funneled/Rainer_Schuettler/Rainer_Schuettler_0001.jpg,/home/anitadonato/tcc/tcc/data/lfw/lfw-funneled/Rainer_Schuettler/Rainer_Schuettler_0003.jpg,0.7327920913169915,1
/home/anitadonato/tcc/tcc/data/lfw/lfw-funneled/Rainer_Schuettler/Rainer_Schuettler_0002.jpg,/home/anitadonato/tcc/tcc/data/lfw/lfw-funneled/Rainer_Schuettler/Rainer_Schuettler_0005.jpg,0.5459642041211328,1
/home/anitadonato/tcc/tcc/data/lfw/lfw-funneled/Rainer_Schuettler/Rainer_Schuettler_0002.jpg,/home/anitadonato/tcc/tcc/data/lfw/lfw-funneled/Rainer_Schuettler/Rainer_Schuettler_0004.jpg,0.6979532536973925,1
/home/anitadonato/tcc/tcc/data/lfw/lfw-funneled/Rainer_Schuettler/Rainer_Schuettler_0002.jpg,/home/anitadonato/tcc/tcc/data/lfw/lfw-funneled/Rainer_Schuettler/Rainer_Schuettler_0003.jpg,0.7080786782500631,1
/home/anitadonato/tcc/tcc/data/lfw/lfw-funneled/Rainer_Schuettler/Rainer_Schuettler_0005.jpg,/home/anitadonato/tcc/tcc/data/lfw/lfw-funneled/Rainer_Schuettler/Rainer_Schuettler_0004.jpg,0.5481180684597328,1
/home/anitadonato/tcc/tcc/data/lfw/lfw-funneled/Rainer_Schuettler/Rainer_Schuettler_0005.jpg,/home/anitadonato/tcc/tcc/data/lfw/lfw-funneled/Rainer_Schuettler/Rainer_Schuettler_0003.jpg,0.5190765244205582,1
/home/anitadonato/tcc/tcc/data/lfw/lfw-funneled/Rainer_Schuettler/Rainer_Schuettler_0004.jpg,/home/anitadonato/tcc/tcc/data/lfw/lfw-funneled/Rainer_Schuettler/Rainer_Schuettler_0003.jpg,0.4951271988308594,1
/home/anitadonato/tcc/tcc/data/lfw/lfw-funneled/Martin_McGuinness/Martin_McGuinness_0004.jpg,/home/anitadonato/tcc/tcc/data/lfw/lfw-funneled/Martin_McGuinness/Martin_McGuinness_0003.jpg,0.37125059541366123,1
/home/anitadonato/tcc/tcc/data/lfw/lfw-funneled/Martin_McGuinness/Martin_McGuinness_0004.jpg,/home/anitadonato/tcc/tcc/data/lfw/lfw-funneled/Martin_McGuinness/Martin_McGuinness_0002.jpg,0.39907692294371666,1
/home/anitadonato/tcc/tcc/data/lfw/lfw-funneled/Martin_McGuinness/Martin_McGuinness_0004.jpg,/home/anitadonato/tcc/tcc/data/lfw/lfw-funneled/Martin_McGuinness/Martin_McGuinness_0005.jpg,0.37868760120053735,1
/home/anitadonato/tcc/tcc/data/lfw/lfw-funneled/Martin_McGuinness/Martin_McGuinness_0004.jpg,/home/anitadonato/tcc/tcc/data/lfw/lfw-funneled/Martin_McGuinness/Martin_McGuinness_0001.jpg,0.32670688086741484,1
/home/anitadonato/tcc/tcc/data/lfw/lfw-funneled/Martin_McGuinness/Martin_McGuinness_0003.jpg,/home/anitadonato/tcc/tcc/data/lfw/lfw-funneled/Martin_McGuinness/Martin_McGuinness_0002.jpg,0.5042043325913135,1
/home/anitadonato/tcc/tcc/data/lfw/lfw-funneled/Martin_McGuinness/Martin_McGuinness_0003.jpg,/home/anitadonato/tcc/tcc/data/lfw/lfw-funneled/Martin_McGuinness/Martin_McGuinness_0005.jpg,0.5572221953984818,1
/home/anitadonato/tcc/tcc/data/lfw/lfw-funneled/Martin_McGuinness/Martin_McGuinness_0003.jpg,/home/anitadonato/tcc/tcc/data/lfw/lfw-funneled/Martin_McGuinness/Martin_McGuinness_0001.jpg,0.33528679817057494,1
/home/anitadonato/tcc/tcc/data/lfw/lfw-funneled/Martin_McGuinness/Martin_McGuinness_0002.jpg,/home/anitadonato/tcc/tcc/data/lfw/lfw-funneled/Martin_McGuinness/Martin_McGuinness_0005.jpg,0.5600213630597046,1
/home/anitadonato/tcc/tcc/data/lfw/lfw-funneled/Martin_McGuinness/Martin_McGuinness_0002.jpg,/home/anitadonato/tcc/tcc/data/lfw/lfw-funneled/Martin_McGuinness/Martin_McGuinness_0001.jpg,0.31176568289403606,1
/home/anitadonato/tcc/tcc/data/lfw/lfw-funneled/Martin_McGuinness/Martin_McGuinness_0005.jpg,/home/anitadonato/tcc/tcc/data/lfw/lfw-funneled/Martin_McGuinness/Martin_McGuinness_0001.jpg,0.4470359937347701,1
/home/anitadonato/tcc/tcc/data/lfw/lfw-funneled/Jose_Maria_Aznar/Jose_Maria_Aznar_0006.jpg,/home/anitadonato/tcc/tcc/data/lfw/lfw-funneled/Jose_Maria_Aznar/Jose_Maria_Aznar_0016.jpg,0.5502051563187371,1
/home/anitadonato/tcc/tcc/data/lfw/lfw-funneled/Jose_Maria_Aznar/Jose_Maria_Aznar_0006.jpg,/home/anitadonato/tcc/tcc/data/lfw/lfw-funneled/Jose_Maria_Aznar/Jose_Maria_Aznar_0015.jpg,0.580214238237903,1
/home/anitadonato/tcc/tcc/data/lfw/lfw-funneled/Jose_Maria_Aznar/Jose_Maria_Aznar_0006.jpg,/home/anitadonato/tcc/tcc/data/lfw/lfw-funneled/Jose_Maria_Aznar/Jose_Maria_Aznar_0009.jpg,0.6833032043796404,1
/home/anitadonato/tcc/tcc/data/lfw/lfw-funneled/Jose_Maria_Aznar/Jose_Maria_Aznar_0006.jpg,/home/anitadonato/tcc/tcc/data/lfw/lfw-funneled/Jose_Maria_Aznar/Jose_Maria_Aznar_0008.jpg,0.5587108378326477,1
/home/anitadonato/tcc/tcc/data/lfw/lfw-funneled/Jose_Maria_Aznar/Jose_Maria_Aznar_0016.jpg,/home/anitadonato/tcc/tcc/data/lfw/lfw-funneled/Jose_Maria_Aznar/Jose_Maria_Aznar_0015.jpg,0.5004823742908577,1
/home/anitadonato/tcc/tcc/data/lfw/lfw-funneled/Jose_Maria_Aznar/Jose_Maria_Aznar_0016.jpg,/home/anitadonato/tcc/tcc/data/lfw/lfw-funneled/Jose_Maria_Aznar/Jose_Maria_Aznar_0009.jpg,0.27605066136263956,1
/home/anitadonato/tcc/tcc/data/lfw/lfw-funneled/Jose_Maria_Aznar/Jose_Maria_Aznar_0016.jpg,/home/anitadonato/tcc/tcc/data/lfw/lfw-funneled/Jose_Maria_Aznar/Jose_Maria_Aznar_0008.jpg,0.523101059356694,1
/home/anitadonato/tcc/tcc/data/lfw/lfw-funneled/Jose_Maria_Aznar/Jose_Maria_Aznar_0015.jpg,/home/anitadonato/tcc/tcc/data/lfw/lfw-funneled/Jose_Maria_Aznar/Jose_Maria_Aznar_0009.jpg,0.44642313843363435,1
/home/anitadonato/tcc/tcc/data/lfw/lfw-funneled/Jose_Maria_Aznar/Jose_Maria_Aznar_0015.jpg,/home/anitadonato/tcc/tcc/data/lfw/lfw-funneled/Jose_Maria_Aznar/Jose_Maria_Aznar_0008.jpg,0.3409398813680373,1
/home/anitadonato/tcc/tcc/data/lfw/lfw-funneled/Jose_Maria_Aznar/Jose_Maria_Aznar_0009.jpg,/home/anitadonato/tcc/tcc/data/lfw/lfw-funneled/Jose_Maria_Aznar/Jose_Maria_Aznar_0008.jpg,0.39408533993911987,1
/home/anitadonato/tcc/tcc/data/lfw/lfw-funneled/Lindsay_Davenport/Lindsay_Davenport_0021.jpg,/home/anitadonato/tcc/tcc/data/lfw/lfw-funneled/Lindsay_Davenport/Lindsay_Davenport_0009.jpg,0.5785702279121665,1
/home/anitadonato/tcc/tcc/data/lfw/lfw-funneled/Lindsay_Davenport/Lindsay_Davenport_0021.jpg,/home/anitadonato/tcc/tcc/data/lfw/lfw-funneled/Lindsay_Davenport/Lindsay_Davenport_0017.jpg,0.5091191453812769,1
/home/anitadonato/tcc/tcc/data/lfw/lfw-funneled/Lindsay_Davenport/Lindsay_Davenport_0021.jpg,/home/anitadonato/tcc/tcc/data/lfw/lfw-funneled/Lindsay_Davenport/Lindsay_Davenport_0016.jpg,0.6601492331080765,1
/home/anitadonato/tcc/tcc/data/lfw/lfw-funneled/Lindsay_Davenport/Lindsay_Davenport_0021.jpg,/home/anitadonato/tcc/tcc/data/lfw/lfw-funneled/Lindsay_Davenport/Lindsay_Davenport_0008.jpg,0.6870581089750244,1
/home/anitadonato/tcc/tcc/data/lfw/lfw-funneled/Lindsay_Davenport/Lindsay_Davenport_0009.jpg,/home/anitadonato/tcc/tcc/data/lfw/lfw-funneled/Lindsay_Davenport/Lindsay_Davenport_0017.jpg,0.37054695584770814,1
/home/anitadonato/tcc/tcc/data/lfw/lfw-funneled/Lindsay_Davenport/Lindsay_Davenport_0009.jpg,/home/anitadonato/tcc/tcc/data/lfw/lfw-funneled/Lindsay_Davenport/Lindsay_Davenport_0016.jpg,0.4932023475037488,1
/home/anitadonato/tcc/tcc/data/lfw/lfw-funneled/Lindsay_Davenport/Lindsay_Davenport_0009.jpg,/home/anitadonato/tcc/tcc/data/lfw/lfw-funneled/Lindsay_Davenport/Lindsay_Davenport_0008.jpg,0.21670656246252562,1
/home/anitadonato/tcc/tcc/data/lfw/lfw-funneled/Lindsay_Davenport/Lindsay_Davenport_0017.jpg,/home/anitadonato/tcc/tcc/data/lfw/lfw-funneled/Lindsay_Davenport/Lindsay_Davenport_0016.jpg,0.6909973206163278,1
/home/anitadonato/tcc/tcc/data/lfw/lfw-funneled/Lindsay_Davenport/Lindsay_Davenport_0017.jpg,/home/anitadonato/tcc/tcc/data/lfw/lfw-funneled/Lindsay_Davenport/Lindsay_Davenport_0008.jpg,0.4346087857712494,1
/home/anitadonato/tcc/tcc/data/lfw/lfw-funneled/Lindsay_Davenport/Lindsay_Davenport_0016.jpg,/home/anitadonato/tcc/tcc/data/lfw/lfw-funneled/Lindsay_Davenport/Lindsay_Davenport_0008.jpg,0.5467708145587846,1
/home/anitadonato/tcc/tcc/data/lfw/lfw-funneled/Clara_Harris/Clara_Harris_0003.jpg,/home/anitadonato/tcc/tcc/data/lfw/lfw-funneled/Clara_Harris/Clara_Harris_0004.jpg,0.4445257314197125,1
/home/anitadonato/tcc/tcc/data/lfw/lfw-funneled/Clara_Harris/Clara_Harris_0003.jpg,/home/anitadonato/tcc/tcc/data/lfw/lfw-funneled/Clara_Harris/Clara_Harris_0001.jpg,0.1922252771202384,1
/home/anitadonato/tcc/tcc/data/lfw/lfw-funneled/Clara_Harris/Clara_Harris_0003.jpg,/home/anitadonato/tcc/tcc/data/lfw/lfw-funneled/Clara_Harris/Clara_Harris_0002.jpg,0.4433157728827438,1
/home/anitadonato/tcc/tcc/data/lfw/lfw-funneled/Clara_Harris/Clara_Harris_0003.jpg,/home/anitadonato/tcc/tcc/data/lfw/lfw-funneled/Clara_Harris/Clara_Harris_0005.jpg,0.3635618513296893,1
/home/anitadonato/tcc/tcc/data/lfw/lfw-funneled/Clara_Harris/Clara_Harris_0004.jpg,/home/anitadonato/tcc/tcc/data/lfw/lfw-funneled/Clara_Harris/Clara_Harris_0001.jpg,0.5024211050486039,1
/home/anitadonato/tcc/tcc/data/lfw/lfw-funneled/Clara_Harris/Clara_Harris_0004.jpg,/home/anitadonato/tcc/tcc/data/lfw/lfw-funneled/Clara_Harris/Clara_Harris_0002.jpg,0.4564583136653253,1
/home/anitadonato/tcc/tcc/data/lfw/lfw-funneled/Clara_Harris/Clara_Harris_0004.jpg,/home/anitadonato/tcc/tcc/data/lfw/lfw-funneled/Clara_Harris/Clara_Harris_0005.jpg,0.38523799941163583,1
/home/anitadonato/tcc/tcc/data/lfw/lfw-funneled/Clara_Harris/Clara_Harris_0001.jpg,/home/anitadonato/tcc/tcc/data/lfw/lfw-funneled/Clara_Harris/Clara_Harris_0002.jpg,0.5027426411289206,1
/home/anitadonato/tcc/tcc/data/lfw/lfw-funneled/Clara_Harris/Clara_Harris_0001.jpg,/home/anitadonato/tcc/tcc/data/lfw/lfw-funneled/Clara_Harris/Clara_Harris_0005.jpg,0.3840611800175603,1
/home/anitadonato/tcc/tcc/data/lfw/lfw-funneled/Clara_Harris/Clara_Harris_0002.jpg,/home/anitadonato/tcc/tcc/data/lfw/lfw-funneled/Clara_Harris/Clara_Harris_0005.jpg,0.5198256760957953,1
/home/anitadonato/tcc/tcc/data/lfw/lfw-funneled/Susan_Sarandon/Susan_Sarandon_0003.jpg,/home/anitadonato/tcc/tcc/data/lfw/lfw-funneled/Susan_Sarandon/Susan_Sarandon_0006.jpg,0.6005132483203134,1
/home/anitadonato/tcc/tcc/data/lfw/lfw-funneled/Susan_Sarandon/Susan_Sarandon_0003.jpg,/home/anitadonato/tcc/tcc/data/lfw/lfw-funneled/Susan_Sarandon/Susan_Sarandon_0005.jpg,0.35553144368000744,1
/home/anitadonato/tcc/tcc/data/lfw/lfw-funneled/Susan_Sarandon/Susan_Sarandon_0003.jpg,/home/anitadonato/tcc/tcc/data/lfw/lfw-funneled/Susan_Sarandon/Susan_Sarandon_0004.jpg,0.6722349013871276,1
/home/anitadonato/tcc/tcc/data/lfw/lfw-funneled/Susan_Sarandon/Susan_Sarandon_0003.jpg,/home/anitadonato/tcc/tcc/data/lfw/lfw-funneled/Susan_Sarandon/Susan_Sarandon_0001.jpg,0.4346487907592611,1
/home/anitadonato/tcc/tcc/data/lfw/lfw-funneled/Susan_Sarandon/Susan_Sarandon_0006.jpg,/home/anitadonato/tcc/tcc/data/lfw/lfw-funneled/Susan_Sarandon/Susan_Sarandon_0005.jpg,0.5956819600908154,1
/home/anitadonato/tcc/tcc/data/lfw/lfw-funneled/Susan_Sarandon/Susan_Sarandon_0006.jpg,/home/anitadonato/tcc/tcc/data/lfw/lfw-funneled/Susan_Sarandon/Susan_Sarandon_0004.jpg,0.7609926182375413,1
/home/anitadonato/tcc/tcc/data/lfw/lfw-funneled/Susan_Sarandon/Susan_Sarandon_0006.jpg,/home/anitadonato/tcc/tcc/data/lfw/lfw-funneled/Susan_Sarandon/Susan_Sarandon_0001.jpg,0.7341440693530473,1
/home/anitadonato/tcc/tcc/data/lfw/lfw-funneled/Susan_Sarandon/Susan_Sarandon_0005.jpg,/home/anitadonato/tcc/tcc/data/lfw/lfw-funneled/Susan_Sarandon/Susan_Sarandon_0004.jpg,0.5673420604459297,1
/home/anitadonato/tcc/tcc/data/lfw/lfw-funneled/Susan_Sarandon/Susan_Sarandon_0005.jpg,/home/anitadonato/tcc/tcc/data/lfw/lfw-funneled/Susan_Sarandon/Susan_Sarandon_0001.jpg,0.5489037645495838,1
/home/anitadonato/tcc/tcc/data/lfw/lfw-funneled/Susan_Sarandon/Susan_Sarandon_0004.jpg,/home/anitadonato/tcc/tcc/data/lfw/lfw-funneled/Susan_Sarandon/Susan_Sarandon_0001.jpg,0.7326223107263189,1
/home/anitadonato/tcc/tcc/data/lfw/lfw-funneled/Xavier_Malisse/Xavier_Malisse_0002.jpg,/home/anitadonato/tcc/tcc/data/lfw/lfw-funneled/Xavier_Malisse/Xavier_Malisse_0005.jpg,0.44687397973193244,1
/home/anitadonato/tcc/tcc/data/lfw/lfw-funneled/Xavier_Malisse/Xavier_Malisse_0002.jpg,/home/anitadonato/tcc/tcc/data/lfw/lfw-funneled/Xavier_Malisse/Xavier_Malisse_0001.jpg,0.38383843266002526,1
/home/anitadonato/tcc/tcc/data/lfw/lfw-funneled/Xavier_Malisse/Xavier_Malisse_0002.jpg,/home/anitadonato/tcc/tcc/data/lfw/lfw-funneled/Xavier_Malisse/Xavier_Malisse_0004.jpg,0.3543699371409619,1
/home/anitadonato/tcc/tcc/data/lfw/lfw-funneled/Xavier_Malisse/Xavier_Malisse_0002.jpg,/home/anitadonato/tcc/tcc/data/lfw/lfw-funneled/Xavier_Malisse/Xavier_Malisse_0003.jpg,0.5048677464954846,1
/home/anitadonato/tcc/tcc/data/lfw/lfw-funneled/Xavier_Malisse/Xavier_Malisse_0005.jpg,/home/anitadonato/tcc/tcc/data/lfw/lfw-funneled/Xavier_Malisse/Xavier_Malisse_0001.jpg,0.31079830472229886,1
/home/anitadonato/tcc/tcc/data/lfw/lfw-funneled/Xavier_Malisse/Xavier_Malisse_0005.jpg,/home/anitadonato/tcc/tcc/data/lfw/lfw-funneled/Xavier_Malisse/Xavier_Malisse_0004.jpg,0.4086393020382828,1
/home/anitadonato/tcc/tcc/data/lfw/lfw-funneled/Xavier_Malisse/Xavier_Malisse_0005.jpg,/home/anitadonato/tcc/tcc/data/lfw/lfw-funneled/Xavier_Malisse/Xavier_Malisse_0003.jpg,0.4302448957567021,1
/home/anitadonato/tcc/tcc/data/lfw/lfw-funneled/Xavier_Malisse/Xavier_Malisse_0001.jpg,/home/anitadonato/tcc/tcc/data/lfw/lfw-funneled/Xavier_Malisse/Xavier_Malisse_0004.jpg,0.32955867195058275,1
/home/anitadonato/tcc/tcc/data/lfw/lfw-funneled/Xavier_Malisse/Xavier_Malisse_0001.jpg,/home/anitadonato/tcc/tcc/data/lfw/lfw-funneled/Xavier_Malisse/Xavier_Malisse_0003.jpg,0.4461502106449099,1
/home/anitadonato/tcc/tcc/data/lfw/lfw-funneled/Xavier_Malisse/Xavier_Malisse_0004.jpg,/home/anitadonato/tcc/tcc/data/lfw/lfw-funneled/Xavier_Malisse/Xavier_Malisse_0003.jpg,0.4982591716335939,1
/home/anitadonato/tcc/tcc/data/lfw/lfw-funneled/Gonzalo_Sanchez_de_Lozada/Gonzalo_Sanchez_de_Lozada_0012.jpg,/home/anitadonato/tcc/tcc/data/lfw/lfw-funneled/Gonzalo_Sanchez_de_Lozada/Gonzalo_Sanchez_de_Lozada_0004.jpg,0.4344029439230067,1
/home/anitadonato/tcc/tcc/data/lfw/lfw-funneled/Gonzalo_Sanchez_de_Lozada/Gonzalo_Sanchez_de_Lozada_0012.jpg,/home/anitadonato/tcc/tcc/data/lfw/lfw-funneled/Gonzalo_Sanchez_de_Lozada/Gonzalo_Sanchez_de_Lozada_0002.jpg,0.5712420963483784,1
/home/anitadonato/tcc/tcc/data/lfw/lfw-funneled/Gonzalo_Sanchez_de_Lozada/Gonzalo_Sanchez_de_Lozada_0012.jpg,/home/anitadonato/tcc/tcc/data/lfw/lfw-funneled/Gonzalo_Sanchez_de_Lozada/Gonzalo_Sanchez_de_Lozada_0007.jpg,0.8677454675155458,1
/home/anitadonato/tcc/tcc/data/lfw/lfw-funneled/Gonzalo_Sanchez_de_Lozada/Gonzalo_Sanchez_de_Lozada_0012.jpg,/home/anitadonato/tcc/tcc/data/lfw/lfw-funneled/Gonzalo_Sanchez_de_Lozada/Gonzalo_Sanchez_de_Lozada_0009.jpg,0.87039355600029,1
/home/anitadonato/tcc/tcc/data/lfw/lfw-funneled/Gonzalo_Sanchez_de_Lozada/Gonzalo_Sanchez_de_Lozada_0004.jpg,/home/anitadonato/tcc/tcc/data/lfw/lfw-funneled/Gonzalo_Sanchez_de_Lozada/Gonzalo_Sanchez_de_Lozada_0002.jpg,0.5312674741969738,1
/home/anitadonato/tcc/tcc/data/lfw/lfw-funneled/Gonzalo_Sanchez_de_Lozada/Gonzalo_Sanchez_de_Lozada_0004.jpg,/home/anitadonato/tcc/tcc/data/lfw/lfw-funneled/Gonzalo_Sanchez_de_Lozada/Gonzalo_Sanchez_de_Lozada_0007.jpg,0.9508068636745756,1
/home/anitadonato/tcc/tcc/data/lfw/lfw-funneled/Gonzalo_Sanchez_de_Lozada/Gonzalo_Sanchez_de_Lozada_0004.jpg,/home/anitadonato/tcc/tcc/data/lfw/lfw-funneled/Gonzalo_Sanchez_de_Lozada/Gonzalo_Sanchez_de_Lozada_0009.jpg,0.8320644741076673,1
/home/anitadonato/tcc/tcc/data/lfw/lfw-funneled/Gonzalo_Sanchez_de_Lozada/Gonzalo_Sanchez_de_Lozada_0002.jpg,/home/anitadonato/tcc/tcc/data/lfw/lfw-funneled/Gonzalo_Sanchez_de_Lozada/Gonzalo_Sanchez_de_Lozada_0007.jpg,0.7371580175563848,1
/home/anitadonato/tcc/tcc/data/lfw/lfw-funneled/Gonzalo_Sanchez_de_Lozada/Gonzalo_Sanchez_de_Lozada_0002.jpg,/home/anitadonato/tcc/tcc/data/lfw/lfw-funneled/Gonzalo_Sanchez_de_Lozada/Gonzalo_Sanchez_de_Lozada_0009.jpg,0.8502656123845903,1
/home/anitadonato/tcc/tcc/data/lfw/lfw-funneled/Gonzalo_Sanchez_de_Lozada/Gonzalo_Sanchez_de_Lozada_0007.jpg,/home/anitadonato/tcc/tcc/data/lfw/lfw-funneled/Gonzalo_Sanchez_de_Lozada/Gonzalo_Sanchez_de_Lozada_0009.jpg,0.8814180151018319,1
/home/anitadonato/tcc/tcc/data/lfw/lfw-funneled/Vanessa_Redgrave/Vanessa_Redgrave_0003.jpg,/home/anitadonato/tcc/tcc/data/lfw/lfw-funneled/Vanessa_Redgrave/Vanessa_Redgrave_0004.jpg,0.17559513323463372,1
/home/anitadonato/tcc/tcc/data/lfw/lfw-funneled/Vanessa_Redgrave/Vanessa_Redgrave_0003.jpg,/home/anitadonato/tcc/tcc/data/lfw/lfw-funneled/Vanessa_Redgrave/Vanessa_Redgrave_0002.jpg,0.3376929372620999,1
/home/anitadonato/tcc/tcc/data/lfw/lfw-funneled/Vanessa_Redgrave/Vanessa_Redgrave_0003.jpg,/home/anitadonato/tcc/tcc/data/lfw/lfw-funneled/Vanessa_Redgrave/Vanessa_Redgrave_0001.jpg,0.4757942505194295,1
/home/anitadonato/tcc/tcc/data/lfw/lfw-funneled/Vanessa_Redgrave/Vanessa_Redgrave_0003.jpg,/home/anitadonato/tcc/tcc/data/lfw/lfw-funneled/Vanessa_Redgrave/Vanessa_Redgrave_0005.jpg,0.3278326448304614,1
/home/anitadonato/tcc/tcc/data/lfw/lfw-funneled/Vanessa_Redgrave/Vanessa_Redgrave_0004.jpg,/home/anitadonato/tcc/tcc/data/lfw/lfw-funneled/Vanessa_Redgrave/Vanessa_Redgrave_0002.jpg,0.31554166547384055,1
/home/anitadonato/tcc/tcc/data/lfw/lfw-funneled/Vanessa_Redgrave/Vanessa_Redgrave_0004.jpg,/home/anitadonato/tcc/tcc/data/lfw/lfw-funneled/Vanessa_Redgrave/Vanessa_Redgrave_0001.jpg,0.3979478030379817,1
/home/anitadonato/tcc/tcc/data/lfw/lfw-funneled/Vanessa_Redgrave/Vanessa_Redgrave_0004.jpg,/home/anitadonato/tcc/tcc/data/lfw/lfw-funneled/Vanessa_Redgrave/Vanessa_Redgrave_0005.jpg,0.3432890642625116,1
/home/anitadonato/tcc/tcc/data/lfw/lfw-funneled/Vanessa_Redgrave/Vanessa_Redgrave_0002.jpg,/home/anitadonato/tcc/tcc/data/lfw/lfw-funneled/Vanessa_Redgrave/Vanessa_Redgrave_0001.jpg,0.4590698666116979,1
/home/anitadonato/tcc/tcc/data/lfw/lfw-funneled/Vanessa_Redgrave/Vanessa_Redgrave_0002.jpg,/home/anitadonato/tcc/tcc/data/lfw/lfw-funneled/Vanessa_Redgrave/Vanessa_Redgrave_0005.jpg,0.346375791514838,1
/home/anitadonato/tcc/tcc/data/lfw/lfw-funneled/Vanessa_Redgrave/Vanessa_Redgrave_0001.jpg,/home/anitadonato/tcc/tcc/data/lfw/lfw-funneled/Vanessa_Redgrave/Vanessa_Redgrave_0005.jpg,0.4483150277556367,1
/home/anitadonato/tcc/tcc/data/lfw/lfw-funneled/Mike_Weir/Mike_Weir_0007.jpg,/home/anitadonato/tcc/tcc/data/lfw/lfw-funneled/Mike_Weir/Mike_Weir_0011.jpg,0.7590321961605492,1
/home/anitadonato/tcc/tcc/data/lfw/lfw-funneled/Mike_Weir/Mike_Weir_0007.jpg,/home/anitadonato/tcc/tcc/data/lfw/lfw-funneled/Mike_Weir/Mike_Weir_0001.jpg,0.5460463937310229,1
/home/anitadonato/tcc/tcc/data/lfw/lfw-funneled/Mike_Weir/Mike_Weir_0007.jpg,/home/anitadonato/tcc/tcc/data/lfw/lfw-funneled/Mike_Weir/Mike_Weir_0010.jpg,0.6589515300726438,1
/home/anitadonato/tcc/tcc/data/lfw/lfw-funneled/Mike_Weir/Mike_Weir_0007.jpg,/home/anitadonato/tcc/tcc/data/lfw/lfw-funneled/Mike_Weir/Mike_Weir_0004.jpg,0.5276289356904447,1
/home/anitadonato/tcc/tcc/data/lfw/lfw-funneled/Mike_Weir/Mike_Weir_0011.jpg,/home/anitadonato/tcc/tcc/data/lfw/lfw-funneled/Mike_Weir/Mike_Weir_0001.jpg,0.7910310903525603,1
/home/anitadonato/tcc/tcc/data/lfw/lfw-funneled/Mike_Weir/Mike_Weir_0011.jpg,/home/anitadonato/tcc/tcc/data/lfw/lfw-funneled/Mike_Weir/Mike_Weir_0010.jpg,0.6665392907274532,1
/home/anitadonato/tcc/tcc/data/lfw/lfw-funneled/Mike_Weir/Mike_Weir_0011.jpg,/home/anitadonato/tcc/tcc/data/lfw/lfw-funneled/Mike_Weir/Mike_Weir_0004.jpg,0.7614677517636171,1
/home/anitadonato/tcc/tcc/data/lfw/lfw-funneled/Mike_Weir/Mike_Weir_0001.jpg,/home/anitadonato/tcc/tcc/data/lfw/lfw-funneled/Mike_Weir/Mike_Weir_0010.jpg,0.42851179674396755,1
/home/anitadonato/tcc/tcc/data/lfw/lfw-funneled/Mike_Weir/Mike_Weir_0001.jpg,/home/anitadonato/tcc/tcc/data/lfw/lfw-funneled/Mike_Weir/Mike_Weir_0004.jpg,0.6331070876892861,1
/home/anitadonato/tcc/tcc/data/lfw/lfw-funneled/Mike_Weir/Mike_Weir_0010.jpg,/home/anitadonato/tcc/tcc/data/lfw/lfw-funneled/Mike_Weir/Mike_Weir_0004.jpg,0.5166403346992223,1
/home/anitadonato/tcc/tcc/data/lfw/lfw-funneled/Habib_Rizieq/Habib_Rizieq_0001.jpg,/home/anitadonato/tcc/tcc/data/lfw/lfw-funneled/Habib_Rizieq/Habib_Rizieq_0003.jpg,0.5660744348101361,1
/home/anitadonato/tcc/tcc/data/lfw/lfw-funneled/Habib_Rizieq/Habib_Rizieq_0001.jpg,/home/anitadonato/tcc/tcc/data/lfw/lfw-funneled/Habib_Rizieq/Habib_Rizieq_0002.jpg,0.5142217928313286,1
/home/anitadonato/tcc/tcc/data/lfw/lfw-funneled/Habib_Rizieq/Habib_Rizieq_0001.jpg,/home/anitadonato/tcc/tcc/data/lfw/lfw-funneled/Habib_Rizieq/Habib_Rizieq_0004.jpg,0.4264738555356914,1
/home/anitadonato/tcc/tcc/data/lfw/lfw-funneled/Habib_Rizieq/Habib_Rizieq_0001.jpg,/home/anitadonato/tcc/tcc/data/lfw/lfw-funneled/Habib_Rizieq/Habib_Rizieq_0005.jpg,0.5558806754011429,1
/home/anitadonato/tcc/tcc/data/lfw/lfw-funneled/Habib_Rizieq/Habib_Rizieq_0003.jpg,/home/anitadonato/tcc/tcc/data/lfw/lfw-funneled/Habib_Rizieq/Habib_Rizieq_0002.jpg,0.3295030326888784,1
/home/anitadonato/tcc/tcc/data/lfw/lfw-funneled/Habib_Rizieq/Habib_Rizieq_0003.jpg,/home/anitadonato/tcc/tcc/data/lfw/lfw-funneled/Habib_Rizieq/Habib_Rizieq_0004.jpg,0.4920489643032052,1
/home/anitadonato/tcc/tcc/data/lfw/lfw-funneled/Habib_Rizieq/Habib_Rizieq_0003.jpg,/home/anitadonato/tcc/tcc/data/lfw/lfw-funneled/Habib_Rizieq/Habib_Rizieq_0005.jpg,0.30430026534623533,1
/home/anitadonato/tcc/tcc/data/lfw/lfw-funneled/Habib_Rizieq/Habib_Rizieq_0002.jpg,/home/anitadonato/tcc/tcc/data/lfw/lfw-funneled/Habib_Rizieq/Habib_Rizieq_0004.jpg,0.3887899062229294,1
/home/anitadonato/tcc/tcc/data/lfw/lfw-funneled/Habib_Rizieq/Habib_Rizieq_0002.jpg,/home/anitadonato/tcc/tcc/data/lfw/lfw-funneled/Habib_Rizieq/Habib_Rizieq_0005.jpg,0.27481640207656266,1
/home/anitadonato/tcc/tcc/data/lfw/lfw-funneled/Habib_Rizieq/Habib_Rizieq_0004.jpg,/home/anitadonato/tcc/tcc/data/lfw/lfw-funneled/Habib_Rizieq/Habib_Rizieq_0005.jpg,0.472581834502089,1
/home/anitadonato/tcc/tcc/data/lfw/lfw-funneled/Paradorn_Srichaphan/Paradorn_Srichaphan_0009.jpg,/home/anitadonato/tcc/tcc/data/lfw/lfw-funneled/Paradorn_Srichaphan/Paradorn_Srichaphan_0010.jpg,0.7133901075326283,1
/home/anitadonato/tcc/tcc/data/lfw/lfw-funneled/Paradorn_Srichaphan/Paradorn_Srichaphan_0009.jpg,/home/anitadonato/tcc/tcc/data/lfw/lfw-funneled/Paradorn_Srichaphan/Paradorn_Srichaphan_0004.jpg,0.7020604628841054,1
/home/anitadonato/tcc/tcc/data/lfw/lfw-funneled/Paradorn_Srichaphan/Paradorn_Srichaphan_0009.jpg,/home/anitadonato/tcc/tcc/data/lfw/lfw-funneled/Paradorn_Srichaphan/Paradorn_Srichaphan_0008.jpg,0.4904252730876957,1
/home/anitadonato/tcc/tcc/data/lfw/lfw-funneled/Paradorn_Srichaphan/Paradorn_Srichaphan_0009.jpg,/home/anitadonato/tcc/tcc/data/lfw/lfw-funneled/Paradorn_Srichaphan/Paradorn_Srichaphan_0002.jpg,0.7405782613378464,1
/home/anitadonato/tcc/tcc/data/lfw/lfw-funneled/Paradorn_Srichaphan/Paradorn_Srichaphan_0010.jpg,/home/anitadonato/tcc/tcc/data/lfw/lfw-funneled/Paradorn_Srichaphan/Paradorn_Srichaphan_0004.jpg,0.5339299724430357,1
/home/anitadonato/tcc/tcc/data/lfw/lfw-funneled/Paradorn_Srichaphan/Paradorn_Srichaphan_0010.jpg,/home/anitadonato/tcc/tcc/data/lfw/lfw-funneled/Paradorn_Srichaphan/Paradorn_Srichaphan_0008.jpg,0.3922507426572599,1
/home/anitadonato/tcc/tcc/data/lfw/lfw-funneled/Paradorn_Srichaphan/Paradorn_Srichaphan_0010.jpg,/home/anitadonato/tcc/tcc/data/lfw/lfw-funneled/Paradorn_Srichaphan/Paradorn_Srichaphan_0002.jpg,0.40021220533535684,1
/home/anitadonato/tcc/tcc/data/lfw/lfw-funneled/Paradorn_Srichaphan/Paradorn_Srichaphan_0004.jpg,/home/anitadonato/tcc/tcc/data/lfw/lfw-funneled/Paradorn_Srichaphan/Paradorn_Srichaphan_0008.jpg,0.558982986081155,1
/home/anitadonato/tcc/tcc/data/lfw/lfw-funneled/Paradorn_Srichaphan/Paradorn_Srichaphan_0004.jpg,/home/anitadonato/tcc/tcc/data/lfw/lfw-funneled/Paradorn_Srichaphan/Paradorn_Srichaphan_0002.jpg,0.6971520053738304,1
/home/anitadonato/tcc/tcc/data/lfw/lfw-funneled/Paradorn_Srichaphan/Paradorn_Srichaphan_0008.jpg,/home/anitadonato/tcc/tcc/data/lfw/lfw-funneled/Paradorn_Srichaphan/Paradorn_Srichaphan_0002.jpg,0.6052416080067966,1
/home/anitadonato/tcc/tcc/data/lfw/lfw-funneled/Kim_Dae-jung/Kim_Dae-jung_0005.jpg,/home/anitadonato/tcc/tcc/data/lfw/lfw-funneled/Kim_Dae-jung/Kim_Dae-jung_0004.jpg,0.16605440545667627,1
/home/anitadonato/tcc/tcc/data/lfw/lfw-funneled/Kim_Dae-jung/Kim_Dae-jung_0005.jpg,/home/anitadonato/tcc/tcc/data/lfw/lfw-funneled/Kim_Dae-jung/Kim_Dae-jung_0007.jpg,0.25541480170239605,1
/home/anitadonato/tcc/tcc/data/lfw/lfw-funneled/Kim_Dae-jung/Kim_Dae-jung_0005.jpg,/home/anitadonato/tcc/tcc/data/lfw/lfw-funneled/Kim_Dae-jung/Kim_Dae-jung_0001.jpg,0.21804507307902543,1
/home/anitadonato/tcc/tcc/data/lfw/lfw-funneled/Kim_Dae-jung/Kim_Dae-jung_0005.jpg,/home/anitadonato/tcc/tcc/data/lfw/lfw-funneled/Kim_Dae-jung/Kim_Dae-jung_0006.jpg,0.2020922867467454,1
/home/anitadonato/tcc/tcc/data/lfw/lfw-funneled/Kim_Dae-jung/Kim_Dae-jung_0004.jpg,/home/anitadonato/tcc/tcc/data/lfw/lfw-funneled/Kim_Dae-jung/Kim_Dae-jung_0007.jpg,0.3621610770593354,1
/home/anitadonato/tcc/tcc/data/lfw/lfw-funneled/Kim_Dae-jung/Kim_Dae-jung_0004.jpg,/home/anitadonato/tcc/tcc/data/lfw/lfw-funneled/Kim_Dae-jung/Kim_Dae-jung_0001.jpg,0.25283113950964153,1
/home/anitadonato/tcc/tcc/data/lfw/lfw-funneled/Kim_Dae-jung/Kim_Dae-jung_0004.jpg,/home/anitadonato/tcc/tcc/data/lfw/lfw-funneled/Kim_Dae-jung/Kim_Dae-jung_0006.jpg,0.2594674885420629,1
/home/anitadonato/tcc/tcc/data/lfw/lfw-funneled/Kim_Dae-jung/Kim_Dae-jung_0007.jpg,/home/anitadonato/tcc/tcc/data/lfw/lfw-funneled/Kim_Dae-jung/Kim_Dae-jung_0001.jpg,0.3341305529669535,1
/home/anitadonato/tcc/tcc/data/lfw/lfw-funneled/Kim_Dae-jung/Kim_Dae-jung_0007.jpg,/home/anitadonato/tcc/tcc/data/lfw/lfw-funneled/Kim_Dae-jung/Kim_Dae-jung_0006.jpg,0.34681217126019437,1
/home/anitadonato/tcc/tcc/data/lfw/lfw-funneled/Kim_Dae-jung/Kim_Dae-jung_0001.jpg,/home/anitadonato/tcc/tcc/data/lfw/lfw-funneled/Kim_Dae-jung/Kim_Dae-jung_0006.jpg,0.176330589671863,1
/home/anitadonato/tcc/tcc/data/lfw/lfw-funneled/Pamela_Anderson/Pamela_Anderson_0003.jpg,/home/anitadonato/tcc/tcc/data/lfw/lfw-funneled/Pamela_Anderson/Pamela_Anderson_0004.jpg,0.7619309398224895,1
/home/anitadonato/tcc/tcc/data/lfw/lfw-funneled/Pamela_Anderson/Pamela_Anderson_0003.jpg,/home/anitadonato/tcc/tcc/data/lfw/lfw-funneled/Pamela_Anderson/Pamela_Anderson_0005.jpg,0.39763927572889113,1
/home/anitadonato/tcc/tcc/data/lfw/lfw-funneled/Pamela_Anderson/Pamela_Anderson_0003.jpg,/home/anitadonato/tcc/tcc/data/lfw/lfw-funneled/Pamela_Anderson/Pamela_Anderson_0001.jpg,0.5989016930736946,1
/home/anitadonato/tcc/tcc/data/lfw/lfw-funneled/Pamela_Anderson/Pamela_Anderson_0003.jpg,/home/anitadonato/tcc/tcc/data/lfw/lfw-funneled/Pamela_Anderson/Pamela_Anderson_0002.jpg,0.46284269440621795,1
/home/anitadonato/tcc/tcc/data/lfw/lfw-funneled/Pamela_Anderson/Pamela_Anderson_0004.jpg,/home/anitadonato/tcc/tcc/data/lfw/lfw-funneled/Pamela_Anderson/Pamela_Anderson_0005.jpg,0.6556284518004342,1
/home/anitadonato/tcc/tcc/data/lfw/lfw-funneled/Pamela_Anderson/Pamela_Anderson_0004.jpg,/home/anitadonato/tcc/tcc/data/lfw/lfw-funneled/Pamela_Anderson/Pamela_Anderson_0001.jpg,0.6583934151994334,1
/home/anitadonato/tcc/tcc/data/lfw/lfw-funneled/Pamela_Anderson/Pamela_Anderson_0004.jpg,/home/anitadonato/tcc/tcc/data/lfw/lfw-funneled/Pamela_Anderson/Pamela_Anderson_0002.jpg,0.6426459232049421,1
/home/anitadonato/tcc/tcc/data/lfw/lfw-funneled/Pamela_Anderson/Pamela_Anderson_0005.jpg,/home/anitadonato/tcc/tcc/data/lfw/lfw-funneled/Pamela_Anderson/Pamela_Anderson_0001.jpg,0.6211536969988646,1
/home/anitadonato/tcc/tcc/data/lfw/lfw-funneled/Pamela_Anderson/Pamela_Anderson_0005.jpg,/home/anitadonato/tcc/tcc/data/lfw/lfw-funneled/Pamela_Anderson/Pamela_Anderson_0002.jpg,0.43720818059198907,1
/home/anitadonato/tcc/tcc/data/lfw/lfw-funneled/Pamela_Anderson/Pamela_Anderson_0001.jpg,/home/anitadonato/tcc/tcc/data/lfw/lfw-funneled/Pamela_Anderson/Pamela_Anderson_0002.jpg,0.6036467887874893,1
/home/anitadonato/tcc/tcc/data/lfw/lfw-funneled/Joseph_Biden/Joseph_Biden_0002.jpg,/home/anitadonato/tcc/tcc/data/lfw/lfw-funneled/Joseph_Biden/Joseph_Biden_0001.jpg,0.8838010033824553,1
/home/anitadonato/tcc/tcc/data/lfw/lfw-funneled/Joseph_Biden/Joseph_Biden_0002.jpg,/home/anitadonato/tcc/tcc/data/lfw/lfw-funneled/Joseph_Biden/Joseph_Biden_0005.jpg,0.7192936541358248,1
/home/anitadonato/tcc/tcc/data/lfw/lfw-funneled/Joseph_Biden/Joseph_Biden_0002.jpg,/home/anitadonato/tcc/tcc/data/lfw/lfw-funneled/Joseph_Biden/Joseph_Biden_0004.jpg,0.8076109374952261,1
/home/anitadonato/tcc/tcc/data/lfw/lfw-funneled/Joseph_Biden/Joseph_Biden_0002.jpg,/home/anitadonato/tcc/tcc/data/lfw/lfw-funneled/Joseph_Biden/Joseph_Biden_0003.jpg,0.7489612696031164,1
/home/anitadonato/tcc/tcc/data/lfw/lfw-funneled/Joseph_Biden/Joseph_Biden_0001.jpg,/home/anitadonato/tcc/tcc/data/lfw/lfw-funneled/Joseph_Biden/Joseph_Biden_0005.jpg,0.5667882572775013,1
/home/anitadonato/tcc/tcc/data/lfw/lfw-funneled/Joseph_Biden/Joseph_Biden_0001.jpg,/home/anitadonato/tcc/tcc/data/lfw/lfw-funneled/Joseph_Biden/Joseph_Biden_0004.jpg,0.5047744536846758,1
/home/anitadonato/tcc/tcc/data/lfw/lfw-funneled/Joseph_Biden/Joseph_Biden_0001.jpg,/home/anitadonato/tcc/tcc/data/lfw/lfw-funneled/Joseph_Biden/Joseph_Biden_0003.jpg,0.5743489828717638,1
/home/anitadonato/tcc/tcc/data/lfw/lfw-funneled/Joseph_Biden/Joseph_Biden_0005.jpg,/home/anitadonato/tcc/tcc/data/lfw/lfw-funneled/Joseph_Biden/Joseph_Biden_0004.jpg,0.2914949196281025,1
/home/anitadonato/tcc/tcc/data/lfw/lfw-funneled/Joseph_Biden/Joseph_Biden_0005.jpg,/home/anitadonato/tcc/tcc/data/lfw/lfw-funneled/Joseph_Biden/Joseph_Biden_0003.jpg,0.3244433600812505,1
/home/anitadonato/tcc/tcc/data/lfw/lfw-funneled/Joseph_Biden/Joseph_Biden_0004.jpg,/home/anitadonato/tcc/tcc/data/lfw/lfw-funneled/Joseph_Biden/Joseph_Biden_0003.jpg,0.31144977525472084,1
/home/anitadonato/tcc/tcc/data/lfw/lfw-funneled/Sheryl_Crow/Sheryl_Crow_0007.jpg,/home/anitadonato/tcc/tcc/data/lfw/lfw-funneled/Sheryl_Crow/Sheryl_Crow_0002.jpg,0.5185275546602963,1
/home/anitadonato/tcc/tcc/data/lfw/lfw-funneled/Sheryl_Crow/Sheryl_Crow_0007.jpg,/home/anitadonato/tcc/tcc/data/lfw/lfw-funneled/Sheryl_Crow/Sheryl_Crow_0004.jpg,0.07245299122214155,1
/home/anitadonato/tcc/tcc/data/lfw/lfw-funneled/Sheryl_Crow/Sheryl_Crow_0007.jpg,/home/anitadonato/tcc/tcc/data/lfw/lfw-funneled/Sheryl_Crow/Sheryl_Crow_0008.jpg,0.2579094750817231,1
/home/anitadonato/tcc/tcc/data/lfw/lfw-funneled/Sheryl_Crow/Sheryl_Crow_0007.jpg,/home/anitadonato/tcc/tcc/data/lfw/lfw-funneled/Sheryl_Crow/Sheryl_Crow_0001.jpg,0.6358122037717919,1
/home/anitadonato/tcc/tcc/data/lfw/lfw-funneled/Sheryl_Crow/Sheryl_Crow_0002.jpg,/home/anitadonato/tcc/tcc/data/lfw/lfw-funneled/Sheryl_Crow/Sheryl_Crow_0004.jpg,0.47867572968394245,1
/home/anitadonato/tcc/tcc/data/lfw/lfw-funneled/Sheryl_Crow/Sheryl_Crow_0002.jpg,/home/anitadonato/tcc/tcc/data/lfw/lfw-funneled/Sheryl_Crow/Sheryl_Crow_0008.jpg,0.46514987556542065,1
/home/anitadonato/tcc/tcc/data/lfw/lfw-funneled/Sheryl_Crow/Sheryl_Crow_0002.jpg,/home/anitadonato/tcc/tcc/data/lfw/lfw-funneled/Sheryl_Crow/Sheryl_Crow_0001.jpg,0.5948697505303069,1
/home/anitadonato/tcc/tcc/data/lfw/lfw-funneled/Sheryl_Crow/Sheryl_Crow_0004.jpg,/home/anitadonato/tcc/tcc/data/lfw/lfw-funneled/Sheryl_Crow/Sheryl_Crow_0008.jpg,0.3153084548270536,1
/home/anitadonato/tcc/tcc/data/lfw/lfw-funneled/Sheryl_Crow/Sheryl_Crow_0004.jpg,/home/anitadonato/tcc/tcc/data/lfw/lfw-funneled/Sheryl_Crow/Sheryl_Crow_0001.jpg,0.6687104555785853,1
/home/anitadonato/tcc/tcc/data/lfw/lfw-funneled/Sheryl_Crow/Sheryl_Crow_0008.jpg,/home/anitadonato/tcc/tcc/data/lfw/lfw-funneled/Sheryl_Crow/Sheryl_Crow_0001.jpg,0.49971945420772224,1
/home/anitadonato/tcc/tcc/data/lfw/lfw-funneled/Richard_Gere/Richard_Gere_0005.jpg,/home/anitadonato/tcc/tcc/data/lfw/lfw-funneled/Richard_Gere/Richard_Gere_0007.jpg,0.7253593745140006,1
/home/anitadonato/tcc/tcc/data/lfw/lfw-funneled/Richard_Gere/Richard_Gere_0005.jpg,/home/anitadonato/tcc/tcc/data/lfw/lfw-funneled/Richard_Gere/Richard_Gere_0006.jpg,0.681823666522005,1
/home/anitadonato/tcc/tcc/data/lfw/lfw-funneled/Richard_Gere/Richard_Gere_0005.jpg,/home/anitadonato/tcc/tcc/data/lfw/lfw-funneled/Richard_Gere/Richard_Gere_0002.jpg,0.6217596623753997,1
/home/anitadonato/tcc/tcc/data/lfw/lfw-funneled/Richard_Gere/Richard_Gere_0005.jpg,/home/anitadonato/tcc/tcc/data/lfw/lfw-funneled/Richard_Gere/Richard_Gere_0004.jpg,0.5744487199402804,1
/home/anitadonato/tcc/tcc/data/lfw/lfw-funneled/Richard_Gere/Richard_Gere_0007.jpg,/home/anitadonato/tcc/tcc/data/lfw/lfw-funneled/Richard_Gere/Richard_Gere_0006.jpg,0.6385351082179486,1
/home/anitadonato/tcc/tcc/data/lfw/lfw-funneled/Richard_Gere/Richard_Gere_0007.jpg,/home/anitadonato/tcc/tcc/data/lfw/lfw-funneled/Richard_Gere/Richard_Gere_0002.jpg,0.36187435952944313,1
/home/anitadonato/tcc/tcc/data/lfw/lfw-funneled/Richard_Gere/Richard_Gere_0007.jpg,/home/anitadonato/tcc/tcc/data/lfw/lfw-funneled/Richard_Gere/Richard_Gere_0004.jpg,0.476376211386751,1
/home/anitadonato/tcc/tcc/data/lfw/lfw-funneled/Richard_Gere/Richard_Gere_0006.jpg,/home/anitadonato/tcc/tcc/data/lfw/lfw-funneled/Richard_Gere/Richard_Gere_0002.jpg,0.5866103190657344,1
/home/anitadonato/tcc/tcc/data/lfw/lfw-funneled/Richard_Gere/Richard_Gere_0006.jpg,/home/anitadonato/tcc/tcc/data/lfw/lfw-funneled/Richard_Gere/Richard_Gere_0004.jpg,0.5715376159046595,1
/home/anitadonato/tcc/tcc/data/lfw/lfw-funneled/Richard_Gere/Richard_Gere_0002.jpg,/home/anitadonato/tcc/tcc/data/lfw/lfw-funneled/Richard_Gere/Richard_Gere_0004.jpg,0.287874471789217,1
/home/anitadonato/tcc/tcc/data/lfw/lfw-funneled/Christine_Baumgartner/Christine_Baumgartner_0003.jpg,/home/anitadonato/tcc/tcc/data/lfw/lfw-funneled/Christine_Baumgartner/Christine_Baumgartner_0005.jpg,0.7031517063354933,1
/home/anitadonato/tcc/tcc/data/lfw/lfw-funneled/Christine_Baumgartner/Christine_Baumgartner_0003.jpg,/home/anitadonato/tcc/tcc/data/lfw/lfw-funneled/Christine_Baumgartner/Christine_Baumgartner_0002.jpg,0.5829186457155793,1
/home/anitadonato/tcc/tcc/data/lfw/lfw-funneled/Christine_Baumgartner/Christine_Baumgartner_0003.jpg,/home/anitadonato/tcc/tcc/data/lfw/lfw-funneled/Christine_Baumgartner/Christine_Baumgartner_0004.jpg,0.7455319712659175,1
/home/anitadonato/tcc/tcc/data/lfw/lfw-funneled/Christine_Baumgartner/Christine_Baumgartner_0003.jpg,/home/anitadonato/tcc/tcc/data/lfw/lfw-funneled/Christine_Baumgartner/Christine_Baumgartner_0001.jpg,0.7003948383772833,1
/home/anitadonato/tcc/tcc/data/lfw/lfw-funneled/Christine_Baumgartner/Christine_Baumgartner_0005.jpg,/home/anitadonato/tcc/tcc/data/lfw/lfw-funneled/Christine_Baumgartner/Christine_Baumgartner_0002.jpg,0.6712960353980961,1
/home/anitadonato/tcc/tcc/data/lfw/lfw-funneled/Christine_Baumgartner/Christine_Baumgartner_0005.jpg,/home/anitadonato/tcc/tcc/data/lfw/lfw-funneled/Christine_Baumgartner/Christine_Baumgartner_0004.jpg,0.3432286990884764,1
/home/anitadonato/tcc/tcc/data/lfw/lfw-funneled/Christine_Baumgartner/Christine_Baumgartner_0005.jpg,/home/anitadonato/tcc/tcc/data/lfw/lfw-funneled/Christine_Baumgartner/Christine_Baumgartner_0001.jpg,0.3728271849416762,1
/home/anitadonato/tcc/tcc/data/lfw/lfw-funneled/Christine_Baumgartner/Christine_Baumgartner_0002.jpg,/home/anitadonato/tcc/tcc/data/lfw/lfw-funneled/Christine_Baumgartner/Christine_Baumgartner_0004.jpg,0.4304494026967104,1
/home/anitadonato/tcc/tcc/data/lfw/lfw-funneled/Christine_Baumgartner/Christine_Baumgartner_0002.jpg,/home/anitadonato/tcc/tcc/data/lfw/lfw-funneled/Christine_Baumgartner/Christine_Baumgartner_0001.jpg,0.5371743249133955,1
/home/anitadonato/tcc/tcc/data/lfw/lfw-funneled/Christine_Baumgartner/Christine_Baumgartner_0004.jpg,/home/anitadonato/tcc/tcc/data/lfw/lfw-funneled/Christine_Baumgartner/Christine_Baumgartner_0001.jpg,0.3596056114818388,1
/home/anitadonato/tcc/tcc/data/lfw/lfw-funneled/Meryl_Streep/Meryl_Streep_0005.jpg,/home/anitadonato/tcc/tcc/data/lfw/lfw-funneled/Meryl_Streep/Meryl_Streep_0014.jpg,0.37546820996230834,1
/home/anitadonato/tcc/tcc/data/lfw/lfw-funneled/Meryl_Streep/Meryl_Streep_0005.jpg,/home/anitadonato/tcc/tcc/data/lfw/lfw-funneled/Meryl_Streep/Meryl_Streep_0002.jpg,0.20068626884776952,1
/home/anitadonato/tcc/tcc/data/lfw/lfw-funneled/Meryl_Streep/Meryl_Streep_0005.jpg,/home/anitadonato/tcc/tcc/data/lfw/lfw-funneled/Meryl_Streep/Meryl_Streep_0008.jpg,0.2992780050459529,1
/home/anitadonato/tcc/tcc/data/lfw/lfw-funneled/Meryl_Streep/Meryl_Streep_0005.jpg,/home/anitadonato/tcc/tcc/data/lfw/lfw-funneled/Meryl_Streep/Meryl_Streep_0001.jpg,0.46128190429153026,1
/home/anitadonato/tcc/tcc/data/lfw/lfw-funneled/Meryl_Streep/Meryl_Streep_0014.jpg,/home/anitadonato/tcc/tcc/data/lfw/lfw-funneled/Meryl_Streep/Meryl_Streep_0002.jpg,0.4111649631434138,1
/home/anitadonato/tcc/tcc/data/lfw/lfw-funneled/Meryl_Streep/Meryl_Streep_0014.jpg,/home/anitadonato/tcc/tcc/data/lfw/lfw-funneled/Meryl_Streep/Meryl_Streep_0008.jpg,0.22691903259531465,1
/home/anitadonato/tcc/tcc/data/lfw/lfw-funneled/Meryl_Streep/Meryl_Streep_0014.jpg,/home/anitadonato/tcc/tcc/data/lfw/lfw-funneled/Meryl_Streep/Meryl_Streep_0001.jpg,0.6784935850196894,1
/home/anitadonato/tcc/tcc/data/lfw/lfw-funneled/Meryl_Streep/Meryl_Streep_0002.jpg,/home/anitadonato/tcc/tcc/data/lfw/lfw-funneled/Meryl_Streep/Meryl_Streep_0008.jpg,0.3749364074819074,1
/home/anitadonato/tcc/tcc/data/lfw/lfw-funneled/Meryl_Streep/Meryl_Streep_0002.jpg,/home/anitadonato/tcc/tcc/data/lfw/lfw-funneled/Meryl_Streep/Meryl_Streep_0001.jpg,0.4021980071025635,1
/home/anitadonato/tcc/tcc/data/lfw/lfw-funneled/Meryl_Streep/Meryl_Streep_0008.jpg,/home/anitadonato/tcc/tcc/data/lfw/lfw-funneled/Meryl_Streep/Meryl_Streep_0001.jpg,0.60111977559071,1
/home/anitadonato/tcc/tcc/data/lfw/lfw-funneled/Mark_Hurlbert/Mark_Hurlbert_0005.jpg,/home/anitadonato/tcc/tcc/data/lfw/lfw-funneled/Mark_Hurlbert/Mark_Hurlbert_0001.jpg,0.34641044816384836,1
/home/anitadonato/tcc/tcc/data/lfw/lfw-funneled/Mark_Hurlbert/Mark_Hurlbert_0005.jpg,/home/anitadonato/tcc/tcc/data/lfw/lfw-funneled/Mark_Hurlbert/Mark_Hurlbert_0002.jpg,0.40133208386783936,1
/home/anitadonato/tcc/tcc/data/lfw/lfw-funneled/Mark_Hurlbert/Mark_Hurlbert_0005.jpg,/home/anitadonato/tcc/tcc/data/lfw/lfw-funneled/Mark_Hurlbert/Mark_Hurlbert_0004.jpg,0.3504526059291142,1
/home/anitadonato/tcc/tcc/data/lfw/lfw-funneled/Mark_Hurlbert/Mark_Hurlbert_0005.jpg,/home/anitadonato/tcc/tcc/data/lfw/lfw-funneled/Mark_Hurlbert/Mark_Hurlbert_0003.jpg,0.41145717942363336,1
/home/anitadonato/tcc/tcc/data/lfw/lfw-funneled/Mark_Hurlbert/Mark_Hurlbert_0001.jpg,/home/anitadonato/tcc/tcc/data/lfw/lfw-funneled/Mark_Hurlbert/Mark_Hurlbert_0002.jpg,0.5411020444341205,1
/home/anitadonato/tcc/tcc/data/lfw/lfw-funneled/Mark_Hurlbert/Mark_Hurlbert_0001.jpg,/home/anitadonato/tcc/tcc/data/lfw/lfw-funneled/Mark_Hurlbert/Mark_Hurlbert_0004.jpg,0.4697209395239287,1
/home/anitadonato/tcc/tcc/data/lfw/lfw-funneled/Mark_Hurlbert/Mark_Hurlbert_0001.jpg,/home/anitadonato/tcc/tcc/data/lfw/lfw-funneled/Mark_Hurlbert/Mark_Hurlbert_0003.jpg,0.490586155227725,1
/home/anitadonato/tcc/tcc/data/lfw/lfw-funneled/Mark_Hurlbert/Mark_Hurlbert_0002.jpg,/home/anitadonato/tcc/tcc/data/lfw/lfw-funneled/Mark_Hurlbert/Mark_Hurlbert_0004.jpg,0.1770758424095874,1
/home/anitadonato/tcc/tcc/data/lfw/lfw-funneled/Mark_Hurlbert/Mark_Hurlbert_0002.jpg,/home/anitadonato/tcc/tcc/data/lfw/lfw-funneled/Mark_Hurlbert/Mark_Hurlbert_0003.jpg,0.17514936994062236,1
/home/anitadonato/tcc/tcc/data/lfw/lfw-funneled/Mark_Hurlbert/Mark_Hurlbert_0004.jpg,/home/anitadonato/tcc/tcc/data/lfw/lfw-funneled/Mark_Hurlbert/Mark_Hurlbert_0003.jpg,0.21514498056663867,1
/home/anitadonato/tcc/tcc/data/lfw/lfw-funneled/Bob_Graham/Bob_Graham_0006.jpg,/home/anitadonato/tcc/tcc/data/lfw/lfw-funneled/Bob_Graham/Bob_Graham_0001.jpg,0.46211111552701145,1
/home/anitadonato/tcc/tcc/data/lfw/lfw-funneled/Bob_Graham/Bob_Graham_0006.jpg,/home/anitadonato/tcc/tcc/data/lfw/lfw-funneled/Bob_Graham/Bob_Graham_0005.jpg,0.4675653471758656,1
/home/anitadonato/tcc/tcc/data/lfw/lfw-funneled/Bob_Graham/Bob_Graham_0006.jpg,/home/anitadonato/tcc/tcc/data/lfw/lfw-funneled/Bob_Graham/Bob_Graham_0004.jpg,0.5208961839850723,1
/home/anitadonato/tcc/tcc/data/lfw/lfw-funneled/Bob_Graham/Bob_Graham_0006.jpg,/home/anitadonato/tcc/tcc/data/lfw/lfw-funneled/Bob_Graham/Bob_Graham_0003.jpg,0.4744362278420866,1
/home/anitadonato/tcc/tcc/data/lfw/lfw-funneled/Bob_Graham/Bob_Graham_0001.jpg,/home/anitadonato/tcc/tcc/data/lfw/lfw-funneled/Bob_Graham/Bob_Graham_0005.jpg,0.33897997780039146,1
/home/anitadonato/tcc/tcc/data/lfw/lfw-funneled/Bob_Graham/Bob_Graham_0001.jpg,/home/anitadonato/tcc/tcc/data/lfw/lfw-funneled/Bob_Graham/Bob_Graham_0004.jpg,0.43008866434773774,1
/home/anitadonato/tcc/tcc/data/lfw/lfw-funneled/Bob_Graham/Bob_Graham_0001.jpg,/home/anitadonato/tcc/tcc/data/lfw/lfw-funneled/Bob_Graham/Bob_Graham_0003.jpg,0.4027252166494515,1
/home/anitadonato/tcc/tcc/data/lfw/lfw-funneled/Bob_Graham/Bob_Graham_0005.jpg,/home/anitadonato/tcc/tcc/data/lfw/lfw-funneled/Bob_Graham/Bob_Graham_0004.jpg,0.36761393522064134,1
/home/anitadonato/tcc/tcc/data/lfw/lfw-funneled/Bob_Graham/Bob_Graham_0005.jpg,/home/anitadonato/tcc/tcc/data/lfw/lfw-funneled/Bob_Graham/Bob_Graham_0003.jpg,0.42546392475165995,1
/home/anitadonato/tcc/tcc/data/lfw/lfw-funneled/Bob_Graham/Bob_Graham_0004.jpg,/home/anitadonato/tcc/tcc/data/lfw/lfw-funneled/Bob_Graham/Bob_Graham_0003.jpg,0.4175254052307874,1
/home/anitadonato/tcc/tcc/data/lfw/lfw-funneled/Antonio_Banderas/Antonio_Banderas_0001.jpg,/home/anitadonato/tcc/tcc/data/lfw/lfw-funneled/Antonio_Banderas/Antonio_Banderas_0002.jpg,0.4059531946468611,1
/home/anitadonato/tcc/tcc/data/lfw/lfw-funneled/Antonio_Banderas/Antonio_Banderas_0001.jpg,/home/anitadonato/tcc/tcc/data/lfw/lfw-funneled/Antonio_Banderas/Antonio_Banderas_0005.jpg,0.7022935784451317,1
/home/anitadonato/tcc/tcc/data/lfw/lfw-funneled/Antonio_Banderas/Antonio_Banderas_0001.jpg,/home/anitadonato/tcc/tcc/data/lfw/lfw-funneled/Antonio_Banderas/Antonio_Banderas_0003.jpg,0.7169622579140289,1
/home/anitadonato/tcc/tcc/data/lfw/lfw-funneled/Antonio_Banderas/Antonio_Banderas_0001.jpg,/home/anitadonato/tcc/tcc/data/lfw/lfw-funneled/Antonio_Banderas/Antonio_Banderas_0004.jpg,0.7978253036247304,1
/home/anitadonato/tcc/tcc/data/lfw/lfw-funneled/Antonio_Banderas/Antonio_Banderas_0002.jpg,/home/anitadonato/tcc/tcc/data/lfw/lfw-funneled/Antonio_Banderas/Antonio_Banderas_0005.jpg,0.6225934468597103,1
/home/anitadonato/tcc/tcc/data/lfw/lfw-funneled/Antonio_Banderas/Antonio_Banderas_0002.jpg,/home/anitadonato/tcc/tcc/data/lfw/lfw-funneled/Antonio_Banderas/Antonio_Banderas_0003.jpg,0.5458771215728404,1
/home/anitadonato/tcc/tcc/data/lfw/lfw-funneled/Antonio_Banderas/Antonio_Banderas_0002.jpg,/home/anitadonato/tcc/tcc/data/lfw/lfw-funneled/Antonio_Banderas/Antonio_Banderas_0004.jpg,0.8117576139564948,1
/home/anitadonato/tcc/tcc/data/lfw/lfw-funneled/Antonio_Banderas/Antonio_Banderas_0005.jpg,/home/anitadonato/tcc/tcc/data/lfw/lfw-funneled/Antonio_Banderas/Antonio_Banderas_0003.jpg,0.39460201661994654,1
/home/anitadonato/tcc/tcc/data/lfw/lfw-funneled/Antonio_Banderas/Antonio_Banderas_0005.jpg,/home/anitadonato/tcc/tcc/data/lfw/lfw-funneled/Antonio_Banderas/Antonio_Banderas_0004.jpg,0.8242442112959125,1
/home/anitadonato/tcc/tcc/data/lfw/lfw-funneled/Antonio_Banderas/Antonio_Banderas_0003.jpg,/home/anitadonato/tcc/tcc/data/lfw/lfw-funneled/Antonio_Banderas/Antonio_Banderas_0004.jpg,0.822763185715913,1
/home/anitadonato/tcc/tcc/data/lfw/lfw-funneled/Carlos_Menem/Carlos_Menem_0004.jpg,/home/anitadonato/tcc/tcc/data/lfw/lfw-funneled/Carlos_Menem/Carlos_Menem_0019.jpg,0.533954268110707,1
/home/anitadonato/tcc/tcc/data/lfw/lfw-funneled/Carlos_Menem/Carlos_Menem_0004.jpg,/home/anitadonato/tcc/tcc/data/lfw/lfw-funneled/Carlos_Menem/Carlos_Menem_0007.jpg,0.9151575797712277,1
/home/anitadonato/tcc/tcc/data/lfw/lfw-funneled/Carlos_Menem/Carlos_Menem_0004.jpg,/home/anitadonato/tcc/tcc/data/lfw/lfw-funneled/Carlos_Menem/Carlos_Menem_0015.jpg,0.5610955574435103,1
/home/anitadonato/tcc/tcc/data/lfw/lfw-funneled/Carlos_Menem/Carlos_Menem_0004.jpg,/home/anitadonato/tcc/tcc/data/lfw/lfw-funneled/Carlos_Menem/Carlos_Menem_0009.jpg,0.6155624754380489,1
/home/anitadonato/tcc/tcc/data/lfw/lfw-funneled/Carlos_Menem/Carlos_Menem_0019.jpg,/home/anitadonato/tcc/tcc/data/lfw/lfw-funneled/Carlos_Menem/Carlos_Menem_0007.jpg,0.8932652551250396,1
/home/anitadonato/tcc/tcc/data/lfw/lfw-funneled/Carlos_Menem/Carlos_Menem_0019.jpg,/home/anitadonato/tcc/tcc/data/lfw/lfw-funneled/Carlos_Menem/Carlos_Menem_0015.jpg,0.5416707217570564,1
/home/anitadonato/tcc/tcc/data/lfw/lfw-funneled/Carlos_Menem/Carlos_Menem_0019.jpg,/home/anitadonato/tcc/tcc/data/lfw/lfw-funneled/Carlos_Menem/Carlos_Menem_0009.jpg,0.2728598361852764,1
/home/anitadonato/tcc/tcc/data/lfw/lfw-funneled/Carlos_Menem/Carlos_Menem_0007.jpg,/home/anitadonato/tcc/tcc/data/lfw/lfw-funneled/Carlos_Menem/Carlos_Menem_0015.jpg,0.8825510576756639,1
/home/anitadonato/tcc/tcc/data/lfw/lfw-funneled/Carlos_Menem/Carlos_Menem_0007.jpg,/home/anitadonato/tcc/tcc/data/lfw/lfw-funneled/Carlos_Menem/Carlos_Menem_0009.jpg,0.8170152808520441,1
/home/anitadonato/tcc/tcc/data/lfw/lfw-funneled/Carlos_Menem/Carlos_Menem_0015.jpg,/home/anitadonato/tcc/tcc/data/lfw/lfw-funneled/Carlos_Menem/Carlos_Menem_0009.jpg,0.3710599889537538,1
/home/anitadonato/tcc/tcc/data/lfw/lfw-funneled/Colin_Montgomerie/Colin_Montgomerie_0003.jpg,/home/anitadonato/tcc/tcc/data/lfw/lfw-funneled/Colin_Montgomerie/Colin_Montgomerie_0002.jpg,0.6943909446371062,1
/home/anitadonato/tcc/tcc/data/lfw/lfw-funneled/Colin_Montgomerie/Colin_Montgomerie_0003.jpg,/home/anitadonato/tcc/tcc/data/lfw/lfw-funneled/Colin_Montgomerie/Colin_Montgomerie_0005.jpg,0.543717178906694,1
/home/anitadonato/tcc/tcc/data/lfw/lfw-funneled/Colin_Montgomerie/Colin_Montgomerie_0003.jpg,/home/anitadonato/tcc/tcc/data/lfw/lfw-funneled/Colin_Montgomerie/Colin_Montgomerie_0001.jpg,0.3898670771303612,1
/home/anitadonato/tcc/tcc/data/lfw/lfw-funneled/Colin_Montgomerie/Colin_Montgomerie_0003.jpg,/home/anitadonato/tcc/tcc/data/lfw/lfw-funneled/Colin_Montgomerie/Colin_Montgomerie_0004.jpg,0.7885911728081243,1
/home/anitadonato/tcc/tcc/data/lfw/lfw-funneled/Colin_Montgomerie/Colin_Montgomerie_0002.jpg,/home/anitadonato/tcc/tcc/data/lfw/lfw-funneled/Colin_Montgomerie/Colin_Montgomerie_0005.jpg,0.4699292403995342,1
/home/anitadonato/tcc/tcc/data/lfw/lfw-funneled/Colin_Montgomerie/Colin_Montgomerie_0002.jpg,/home/anitadonato/tcc/tcc/data/lfw/lfw-funneled/Colin_Montgomerie/Colin_Montgomerie_0001.jpg,0.6833301597110437,1
/home/anitadonato/tcc/tcc/data/lfw/lfw-funneled/Colin_Montgomerie/Colin_Montgomerie_0002.jpg,/home/anitadonato/tcc/tcc/data/lfw/lfw-funneled/Colin_Montgomerie/Colin_Montgomerie_0004.jpg,0.6892073106197587,1
/home/anitadonato/tcc/tcc/data/lfw/lfw-funneled/Colin_Montgomerie/Colin_Montgomerie_0005.jpg,/home/anitadonato/tcc/tcc/data/lfw/lfw-funneled/Colin_Montgomerie/Colin_Montgomerie_0001.jpg,0.5210538723826574,1
/home/anitadonato/tcc/tcc/data/lfw/lfw-funneled/Colin_Montgomerie/Colin_Montgomerie_0005.jpg,/home/anitadonato/tcc/tcc/data/lfw/lfw-funneled/Colin_Montgomerie/Colin_Montgomerie_0004.jpg,0.7089152518775548,1
/home/anitadonato/tcc/tcc/data/lfw/lfw-funneled/Colin_Montgomerie/Colin_Montgomerie_0001.jpg,/home/anitadonato/tcc/tcc/data/lfw/lfw-funneled/Colin_Montgomerie/Colin_Montgomerie_0004.jpg,0.7749126052554102,1
/home/anitadonato/tcc/tcc/data/lfw/lfw-funneled/Tom_Harkin/Tom_Harkin_0003.jpg,/home/anitadonato/tcc/tcc/data/lfw/lfw-funneled/Tom_Harkin/Tom_Harkin_0001.jpg,0.35576833272543273,1
/home/anitadonato/tcc/tcc/data/lfw/lfw-funneled/Tom_Harkin/Tom_Harkin_0003.jpg,/home/anitadonato/tcc/tcc/data/lfw/lfw-funneled/Tom_Harkin/Tom_Harkin_0005.jpg,0.5190468465125697,1
/home/anitadonato/tcc/tcc/data/lfw/lfw-funneled/Tom_Harkin/Tom_Harkin_0003.jpg,/home/anitadonato/tcc/tcc/data/lfw/lfw-funneled/Tom_Harkin/Tom_Harkin_0004.jpg,0.9367609191376584,1
/home/anitadonato/tcc/tcc/data/lfw/lfw-funneled/Tom_Harkin/Tom_Harkin_0003.jpg,/home/anitadonato/tcc/tcc/data/lfw/lfw-funneled/Tom_Harkin/Tom_Harkin_0002.jpg,0.24994368521628552,1
/home/anitadonato/tcc/tcc/data/lfw/lfw-funneled/Tom_Harkin/Tom_Harkin_0001.jpg,/home/anitadonato/tcc/tcc/data/lfw/lfw-funneled/Tom_Harkin/Tom_Harkin_0005.jpg,0.5639016931905765,1
/home/anitadonato/tcc/tcc/data/lfw/lfw-funneled/Tom_Harkin/Tom_Harkin_0001.jpg,/home/anitadonato/tcc/tcc/data/lfw/lfw-funneled/Tom_Harkin/Tom_Harkin_0004.jpg,0.9243214020874738,1
/home/anitadonato/tcc/tcc/data/lfw/lfw-funneled/Tom_Harkin/Tom_Harkin_0001.jpg,/home/anitadonato/tcc/tcc/data/lfw/lfw-funneled/Tom_Harkin/Tom_Harkin_0002.jpg,0.5026596917074322,1
/home/anitadonato/tcc/tcc/data/lfw/lfw-funneled/Tom_Harkin/Tom_Harkin_0005.jpg,/home/anitadonato/tcc/tcc/data/lfw/lfw-funneled/Tom_Harkin/Tom_Harkin_0004.jpg,0.8776418169569234,1
/home/anitadonato/tcc/tcc/data/lfw/lfw-funneled/Tom_Harkin/Tom_Harkin_0005.jpg,/home/anitadonato/tcc/tcc/data/lfw/lfw-funneled/Tom_Harkin/Tom_Harkin_0002.jpg,0.4304561887112828,1
/home/anitadonato/tcc/tcc/data/lfw/lfw-funneled/Tom_Harkin/Tom_Harkin_0004.jpg,/home/anitadonato/tcc/tcc/data/lfw/lfw-funneled/Tom_Harkin/Tom_Harkin_0002.jpg,0.8962212966105739,1
/home/anitadonato/tcc/tcc/data/lfw/lfw-funneled/Tom_Daschle/Tom_Daschle_0019.jpg,/home/anitadonato/tcc/tcc/data/lfw/lfw-funneled/Tom_Daschle/Tom_Daschle_0022.jpg,0.500577201192989,1
/home/anitadonato/tcc/tcc/data/lfw/lfw-funneled/Tom_Daschle/Tom_Daschle_0019.jpg,/home/anitadonato/tcc/tcc/data/lfw/lfw-funneled/Tom_Daschle/Tom_Daschle_0013.jpg,0.3776404644151492,1
/home/anitadonato/tcc/tcc/data/lfw/lfw-funneled/Tom_Daschle/Tom_Daschle_0019.jpg,/home/anitadonato/tcc/tcc/data/lfw/lfw-funneled/Tom_Daschle/Tom_Daschle_0023.jpg,0.41333636785530947,1
/home/anitadonato/tcc/tcc/data/lfw/lfw-funneled/Tom_Daschle/Tom_Daschle_0019.jpg,/home/anitadonato/tcc/tcc/data/lfw/lfw-funneled/Tom_Daschle/Tom_Daschle_0007.jpg,0.37039241172565074,1
/home/anitadonato/tcc/tcc/data/lfw/lfw-funneled/Tom_Daschle/Tom_Daschle_0022.jpg,/home/anitadonato/tcc/tcc/data/lfw/lfw-funneled/Tom_Daschle/Tom_Daschle_0013.jpg,0.3738999432935668,1
/home/anitadonato/tcc/tcc/data/lfw/lfw-funneled/Tom_Daschle/Tom_Daschle_0022.jpg,/home/anitadonato/tcc/tcc/data/lfw/lfw-funneled/Tom_Daschle/Tom_Daschle_0023.jpg,0.4771016390966346,1
/home/anitadonato/tcc/tcc/data/lfw/lfw-funneled/Tom_Daschle/Tom_Daschle_0022.jpg,/home/anitadonato/tcc/tcc/data/lfw/lfw-funneled/Tom_Daschle/Tom_Daschle_0007.jpg,0.3865303430676085,1
/home/anitadonato/tcc/tcc/data/lfw/lfw-funneled/Tom_Daschle/Tom_Daschle_0013.jpg,/home/anitadonato/tcc/tcc/data/lfw/lfw-funneled/Tom_Daschle/Tom_Daschle_0023.jpg,0.37589356705284693,1
/home/anitadonato/tcc/tcc/data/lfw/lfw-funneled/Tom_Daschle/Tom_Daschle_0013.jpg,/home/anitadonato/tcc/tcc/data/lfw/lfw-funneled/Tom_Daschle/Tom_Daschle_0007.jpg,0.30122563925746326,1
/home/anitadonato/tcc/tcc/data/lfw/lfw-funneled/Tom_Daschle/Tom_Daschle_0023.jpg,/home/anitadonato/tcc/tcc/data/lfw/lfw-funneled/Tom_Daschle/Tom_Daschle_0007.jpg,0.4263365492921769,1
/home/anitadonato/tcc/tcc/data/lfw/lfw-funneled/Atal_Bihari_Vajpayee/Atal_Bihari_Vajpayee_0003.jpg,/home/anitadonato/tcc/tcc/data/lfw/lfw-funneled/Atal_Bihari_Vajpayee/Atal_Bihari_Vajpayee_0019.jpg,0.5148883555728428,1
/home/anitadonato/tcc/tcc/data/lfw/lfw-funneled/Atal_Bihari_Vajpayee/Atal_Bihari_Vajpayee_0003.jpg,/home/anitadonato/tcc/tcc/data/lfw/lfw-funneled/Atal_Bihari_Vajpayee/Atal_Bihari_Vajpayee_0023.jpg,0.3199694358416001,1
/home/anitadonato/tcc/tcc/data/lfw/lfw-funneled/Atal_Bihari_Vajpayee/Atal_Bihari_Vajpayee_0003.jpg,/home/anitadonato/tcc/tcc/data/lfw/lfw-funneled/Atal_Bihari_Vajpayee/Atal_Bihari_Vajpayee_0021.jpg,0.6846145271891089,1
/home/anitadonato/tcc/tcc/data/lfw/lfw-funneled/Atal_Bihari_Vajpayee/Atal_Bihari_Vajpayee_0003.jpg,/home/anitadonato/tcc/tcc/data/lfw/lfw-funneled/Atal_Bihari_Vajpayee/Atal_Bihari_Vajpayee_0008.jpg,0.13525123740235723,1
/home/anitadonato/tcc/tcc/data/lfw/lfw-funneled/Atal_Bihari_Vajpayee/Atal_Bihari_Vajpayee_0019.jpg,/home/anitadonato/tcc/tcc/data/lfw/lfw-funneled/Atal_Bihari_Vajpayee/Atal_Bihari_Vajpayee_0023.jpg,0.2474622396916195,1
/home/anitadonato/tcc/tcc/data/lfw/lfw-funneled/Atal_Bihari_Vajpayee/Atal_Bihari_Vajpayee_0019.jpg,/home/anitadonato/tcc/tcc/data/lfw/lfw-funneled/Atal_Bihari_Vajpayee/Atal_Bihari_Vajpayee_0021.jpg,0.5149198354483125,1
/home/anitadonato/tcc/tcc/data/lfw/lfw-funneled/Atal_Bihari_Vajpayee/Atal_Bihari_Vajpayee_0019.jpg,/home/anitadonato/tcc/tcc/data/lfw/lfw-funneled/Atal_Bihari_Vajpayee/Atal_Bihari_Vajpayee_0008.jpg,0.4517312453634591,1
/home/anitadonato/tcc/tcc/data/lfw/lfw-funneled/Atal_Bihari_Vajpayee/Atal_Bihari_Vajpayee_0023.jpg,/home/anitadonato/tcc/tcc/data/lfw/lfw-funneled/Atal_Bihari_Vajpayee/Atal_Bihari_Vajpayee_0021.jpg,0.5617977979118034,1
/home/anitadonato/tcc/tcc/data/lfw/lfw-funneled/Atal_Bihari_Vajpayee/Atal_Bihari_Vajpayee_0023.jpg,/home/anitadonato/tcc/tcc/data/lfw/lfw-funneled/Atal_Bihari_Vajpayee/Atal_Bihari_Vajpayee_0008.jpg,0.3096337119638005,1
/home/anitadonato/tcc/tcc/data/lfw/lfw-funneled/Atal_Bihari_Vajpayee/Atal_Bihari_Vajpayee_0021.jpg,/home/anitadonato/tcc/tcc/data/lfw/lfw-funneled/Atal_Bihari_Vajpayee/Atal_Bihari_Vajpayee_0008.jpg,0.6099859011124211,1
/home/anitadonato/tcc/tcc/data/lfw/lfw-funneled/John_Travolta/John_Travolta_0001.jpg,/home/anitadonato/tcc/tcc/data/lfw/lfw-funneled/John_Travolta/John_Travolta_0006.jpg,0.5967131345805246,1
/home/anitadonato/tcc/tcc/data/lfw/lfw-funneled/John_Travolta/John_Travolta_0001.jpg,/home/anitadonato/tcc/tcc/data/lfw/lfw-funneled/John_Travolta/John_Travolta_0003.jpg,0.5872181816953103,1
/home/anitadonato/tcc/tcc/data/lfw/lfw-funneled/John_Travolta/John_Travolta_0001.jpg,/home/anitadonato/tcc/tcc/data/lfw/lfw-funneled/John_Travolta/John_Travolta_0007.jpg,0.5193527673486278,1
/home/anitadonato/tcc/tcc/data/lfw/lfw-funneled/John_Travolta/John_Travolta_0001.jpg,/home/anitadonato/tcc/tcc/data/lfw/lfw-funneled/John_Travolta/John_Travolta_0005.jpg,0.5517588892476324,1
/home/anitadonato/tcc/tcc/data/lfw/lfw-funneled/John_Travolta/John_Travolta_0006.jpg,/home/anitadonato/tcc/tcc/data/lfw/lfw-funneled/John_Travolta/John_Travolta_0003.jpg,0.6983058296643434,1
/home/anitadonato/tcc/tcc/data/lfw/lfw-funneled/John_Travolta/John_Travolta_0006.jpg,/home/anitadonato/tcc/tcc/data/lfw/lfw-funneled/John_Travolta/John_Travolta_0007.jpg,0.6837301407885266,1
/home/anitadonato/tcc/tcc/data/lfw/lfw-funneled/John_Travolta/John_Travolta_0006.jpg,/home/anitadonato/tcc/tcc/data/lfw/lfw-funneled/John_Travolta/John_Travolta_0005.jpg,0.40025062159699987,1
/home/anitadonato/tcc/tcc/data/lfw/lfw-funneled/John_Travolta/John_Travolta_0003.jpg,/home/anitadonato/tcc/tcc/data/lfw/lfw-funneled/John_Travolta/John_Travolta_0007.jpg,0.540856108559701,1
/home/anitadonato/tcc/tcc/data/lfw/lfw-funneled/John_Travolta/John_Travolta_0003.jpg,/home/anitadonato/tcc/tcc/data/lfw/lfw-funneled/John_Travolta/John_Travolta_0005.jpg,0.6880510423411466,1
/home/anitadonato/tcc/tcc/data/lfw/lfw-funneled/John_Travolta/John_Travolta_0007.jpg,/home/anitadonato/tcc/tcc/data/lfw/lfw-funneled/John_Travolta/John_Travolta_0005.jpg,0.6478197804887924,1
/home/anitadonato/tcc/tcc/data/lfw/lfw-funneled/John_Snow/John_Snow_0002.jpg,/home/anitadonato/tcc/tcc/data/lfw/lfw-funneled/John_Snow/John_Snow_0012.jpg,0.4963198582849899,1
/home/anitadonato/tcc/tcc/data/lfw/lfw-funneled/John_Snow/John_Snow_0002.jpg,/home/anitadonato/tcc/tcc/data/lfw/lfw-funneled/John_Snow/John_Snow_0009.jpg,0.3346209645691347,1
/home/anitadonato/tcc/tcc/data/lfw/lfw-funneled/John_Snow/John_Snow_0002.jpg,/home/anitadonato/tcc/tcc/data/lfw/lfw-funneled/John_Snow/John_Snow_0007.jpg,0.412153066811233,1
/home/anitadonato/tcc/tcc/data/lfw/lfw-funneled/John_Snow/John_Snow_0002.jpg,/home/anitadonato/tcc/tcc/data/lfw/lfw-funneled/John_Snow/John_Snow_0011.jpg,0.436874051145719,1
/home/anitadonato/tcc/tcc/data/lfw/lfw-funneled/John_Snow/John_Snow_0012.jpg,/home/anitadonato/tcc/tcc/data/lfw/lfw-funneled/John_Snow/John_Snow_0009.jpg,0.47627819120953585,1
/home/anitadonato/tcc/tcc/data/lfw/lfw-funneled/John_Snow/John_Snow_0012.jpg,/home/anitadonato/tcc/tcc/data/lfw/lfw-funneled/John_Snow/John_Snow_0007.jpg,0.6386883386671018,1
/home/anitadonato/tcc/tcc/data/lfw/lfw-funneled/John_Snow/John_Snow_0012.jpg,/home/anitadonato/tcc/tcc/data/lfw/lfw-funneled/John_Snow/John_Snow_0011.jpg,0.45020900032906896,1
/home/anitadonato/tcc/tcc/data/lfw/lfw-funneled/John_Snow/John_Snow_0009.jpg,/home/anitadonato/tcc/tcc/data/lfw/lfw-funneled/John_Snow/John_Snow_0007.jpg,0.3852539723225461,1
/home/anitadonato/tcc/tcc/data/lfw/lfw-funneled/John_Snow/John_Snow_0009.jpg,/home/anitadonato/tcc/tcc/data/lfw/lfw-funneled/John_Snow/John_Snow_0011.jpg,0.3159816541274759,1
/home/anitadonato/tcc/tcc/data/lfw/lfw-funneled/John_Snow/John_Snow_0007.jpg,/home/anitadonato/tcc/tcc/data/lfw/lfw-funneled/John_Snow/John_Snow_0011.jpg,0.4305500418619248,1
/home/anitadonato/tcc/tcc/data/lfw/lfw-funneled/Ludivine_Sagnier/Ludivine_Sagnier_0003.jpg,/home/anitadonato/tcc/tcc/data/lfw/lfw-funneled/Ludivine_Sagnier/Ludivine_Sagnier_0001.jpg,0.4641635588678741,1
/home/anitadonato/tcc/tcc/data/lfw/lfw-funneled/Ludivine_Sagnier/Ludivine_Sagnier_0003.jpg,/home/anitadonato/tcc/tcc/data/lfw/lfw-funneled/Ludivine_Sagnier/Ludivine_Sagnier_0005.jpg,0.4689314774325476,1
/home/anitadonato/tcc/tcc/data/lfw/lfw-funneled/Ludivine_Sagnier/Ludivine_Sagnier_0003.jpg,/home/anitadonato/tcc/tcc/data/lfw/lfw-funneled/Ludivine_Sagnier/Ludivine_Sagnier_0002.jpg,0.2907807383904658,1
/home/anitadonato/tcc/tcc/data/lfw/lfw-funneled/Ludivine_Sagnier/Ludivine_Sagnier_0003.jpg,/home/anitadonato/tcc/tcc/data/lfw/lfw-funneled/Ludivine_Sagnier/Ludivine_Sagnier_0004.jpg,0.46375151727914643,1
/home/anitadonato/tcc/tcc/data/lfw/lfw-funneled/Ludivine_Sagnier/Ludivine_Sagnier_0001.jpg,/home/anitadonato/tcc/tcc/data/lfw/lfw-funneled/Ludivine_Sagnier/Ludivine_Sagnier_0005.jpg,0.6367095537617429,1
/home/anitadonato/tcc/tcc/data/lfw/lfw-funneled/Ludivine_Sagnier/Ludivine_Sagnier_0001.jpg,/home/anitadonato/tcc/tcc/data/lfw/lfw-funneled/Ludivine_Sagnier/Ludivine_Sagnier_0002.jpg,0.5231770350596558,1
/home/anitadonato/tcc/tcc/data/lfw/lfw-funneled/Ludivine_Sagnier/Ludivine_Sagnier_0001.jpg,/home/anitadonato/tcc/tcc/data/lfw/lfw-funneled/Ludivine_Sagnier/Ludivine_Sagnier_0004.jpg,0.7092117746163562,1
/home/anitadonato/tcc/tcc/data/lfw/lfw-funneled/Ludivine_Sagnier/Ludivine_Sagnier_0005.jpg,/home/anitadonato/tcc/tcc/data/lfw/lfw-funneled/Ludivine_Sagnier/Ludivine_Sagnier_0002.jpg,0.34826109821718054,1
/home/anitadonato/tcc/tcc/data/lfw/lfw-funneled/Ludivine_Sagnier/Ludivine_Sagnier_0005.jpg,/home/anitadonato/tcc/tcc/data/lfw/lfw-funneled/Ludivine_Sagnier/Ludivine_Sagnier_0004.jpg,0.6146706265673338,1
/home/anitadonato/tcc/tcc/data/lfw/lfw-funneled/Ludivine_Sagnier/Ludivine_Sagnier_0002.jpg,/home/anitadonato/tcc/tcc/data/lfw/lfw-funneled/Ludivine_Sagnier/Ludivine_Sagnier_0004.jpg,0.5031547003500452,1
/home/anitadonato/tcc/tcc/data/lfw/lfw-funneled/Michelle_Yeoh/Michelle_Yeoh_0004.jpg,/home/anitadonato/tcc/tcc/data/lfw/lfw-funneled/Michelle_Yeoh/Michelle_Yeoh_0005.jpg,0.4822808822514528,1
/home/anitadonato/tcc/tcc/data/lfw/lfw-funneled/Michelle_Yeoh/Michelle_Yeoh_0004.jpg,/home/anitadonato/tcc/tcc/data/lfw/lfw-funneled/Michelle_Yeoh/Michelle_Yeoh_0001.jpg,0.3449346601081509,1
/home/anitadonato/tcc/tcc/data/lfw/lfw-funneled/Michelle_Yeoh/Michelle_Yeoh_0004.jpg,/home/anitadonato/tcc/tcc/data/lfw/lfw-funneled/Michelle_Yeoh/Michelle_Yeoh_0002.jpg,0.3682220618377462,1
/home/anitadonato/tcc/tcc/data/lfw/lfw-funneled/Michelle_Yeoh/Michelle_Yeoh_0004.jpg,/home/anitadonato/tcc/tcc/data/lfw/lfw-funneled/Michelle_Yeoh/Michelle_Yeoh_0003.jpg,0.4319670566214372,1
/home/anitadonato/tcc/tcc/data/lfw/lfw-funneled/Michelle_Yeoh/Michelle_Yeoh_0005.jpg,/home/anitadonato/tcc/tcc/data/lfw/lfw-funneled/Michelle_Yeoh/Michelle_Yeoh_0001.jpg,0.4332624125187958,1
/home/anitadonato/tcc/tcc/data/lfw/lfw-funneled/Michelle_Yeoh/Michelle_Yeoh_0005.jpg,/home/anitadonato/tcc/tcc/data/lfw/lfw-funneled/Michelle_Yeoh/Michelle_Yeoh_0002.jpg,0.42286557618725584,1
/home/anitadonato/tcc/tcc/data/lfw/lfw-funneled/Michelle_Yeoh/Michelle_Yeoh_0005.jpg,/home/anitadonato/tcc/tcc/data/lfw/lfw-funneled/Michelle_Yeoh/Michelle_Yeoh_0003.jpg,0.5908006605139944,1
/home/anitadonato/tcc/tcc/data/lfw/lfw-funneled/Michelle_Yeoh/Michelle_Yeoh_0001.jpg,/home/anitadonato/tcc/tcc/data/lfw/lfw-funneled/Michelle_Yeoh/Michelle_Yeoh_0002.jpg,0.43587413057151925,1
/home/anitadonato/tcc/tcc/data/lfw/lfw-funneled/Michelle_Yeoh/Michelle_Yeoh_0001.jpg,/home/anitadonato/tcc/tcc/data/lfw/lfw-funneled/Michelle_Yeoh/Michelle_Yeoh_0003.jpg,0.4900100173304732,1
/home/anitadonato/tcc/tcc/data/lfw/lfw-funneled/Michelle_Yeoh/Michelle_Yeoh_0002.jpg,/home/anitadonato/tcc/tcc/data/lfw/lfw-funneled/Michelle_Yeoh/Michelle_Yeoh_0003.jpg,0.5447666540531306,1
/home/anitadonato/tcc/tcc/data/lfw/lfw-funneled/Grant_Hackett/Grant_Hackett_0004.jpg,/home/anitadonato/tcc/tcc/data/lfw/lfw-funneled/Grant_Hackett/Grant_Hackett_0002.jpg,0.3573575408977958,1
/home/anitadonato/tcc/tcc/data/lfw/lfw-funneled/Grant_Hackett/Grant_Hackett_0004.jpg,/home/anitadonato/tcc/tcc/data/lfw/lfw-funneled/Grant_Hackett/Grant_Hackett_0005.jpg,0.33340344638121566,1
/home/anitadonato/tcc/tcc/data/lfw/lfw-funneled/Grant_Hackett/Grant_Hackett_0004.jpg,/home/anitadonato/tcc/tcc/data/lfw/lfw-funneled/Grant_Hackett/Grant_Hackett_0001.jpg,0.22826406318102976,1
/home/anitadonato/tcc/tcc/data/lfw/lfw-funneled/Grant_Hackett/Grant_Hackett_0004.jpg,/home/anitadonato/tcc/tcc/data/lfw/lfw-funneled/Grant_Hackett/Grant_Hackett_0003.jpg,0.37761553654020164,1
/home/anitadonato/tcc/tcc/data/lfw/lfw-funneled/Grant_Hackett/Grant_Hackett_0002.jpg,/home/anitadonato/tcc/tcc/data/lfw/lfw-funneled/Grant_Hackett/Grant_Hackett_0005.jpg,0.34597612919486764,1
/home/anitadonato/tcc/tcc/data/lfw/lfw-funneled/Grant_Hackett/Grant_Hackett_0002.jpg,/home/anitadonato/tcc/tcc/data/lfw/lfw-funneled/Grant_Hackett/Grant_Hackett_0001.jpg,0.2623378751861275,1
/home/anitadonato/tcc/tcc/data/lfw/lfw-funneled/Grant_Hackett/Grant_Hackett_0002.jpg,/home/anitadonato/tcc/tcc/data/lfw/lfw-funneled/Grant_Hackett/Grant_Hackett_0003.jpg,0.3848279105769826,1
/home/anitadonato/tcc/tcc/data/lfw/lfw-funneled/Grant_Hackett/Grant_Hackett_0005.jpg,/home/anitadonato/tcc/tcc/data/lfw/lfw-funneled/Grant_Hackett/Grant_Hackett_0001.jpg,0.31009873371229324,1
/home/anitadonato/tcc/tcc/data/lfw/lfw-funneled/Grant_Hackett/Grant_Hackett_0005.jpg,/home/anitadonato/tcc/tcc/data/lfw/lfw-funneled/Grant_Hackett/Grant_Hackett_0003.jpg,0.2150757129240568,1
/home/anitadonato/tcc/tcc/data/lfw/lfw-funneled/Grant_Hackett/Grant_Hackett_0001.jpg,/home/anitadonato/tcc/tcc/data/lfw/lfw-funneled/Grant_Hackett/Grant_Hackett_0003.jpg,0.35869085214258956,1
/home/anitadonato/tcc/tcc/data/lfw/lfw-funneled/Al_Sharpton/Al_Sharpton_0005.jpg,/home/anitadonato/tcc/tcc/data/lfw/lfw-funneled/Al_Sharpton/Al_Sharpton_0007.jpg,0.23362023696871304,1
/home/anitadonato/tcc/tcc/data/lfw/lfw-funneled/Al_Sharpton/Al_Sharpton_0005.jpg,/home/anitadonato/tcc/tcc/data/lfw/lfw-funneled/Al_Sharpton/Al_Sharpton_0004.jpg,0.36504721937238194,1
/home/anitadonato/tcc/tcc/data/lfw/lfw-funneled/Al_Sharpton/Al_Sharpton_0005.jpg,/home/anitadonato/tcc/tcc/data/lfw/lfw-funneled/Al_Sharpton/Al_Sharpton_0006.jpg,0.19162699302070674,1
/home/anitadonato/tcc/tcc/data/lfw/lfw-funneled/Al_Sharpton/Al_Sharpton_0005.jpg,/home/anitadonato/tcc/tcc/data/lfw/lfw-funneled/Al_Sharpton/Al_Sharpton_0002.jpg,0.27016202200748596,1
/home/anitadonato/tcc/tcc/data/lfw/lfw-funneled/Al_Sharpton/Al_Sharpton_0007.jpg,/home/anitadonato/tcc/tcc/data/lfw/lfw-funneled/Al_Sharpton/Al_Sharpton_0004.jpg,0.3328775161135712,1
/home/anitadonato/tcc/tcc/data/lfw/lfw-funneled/Al_Sharpton/Al_Sharpton_0007.jpg,/home/anitadonato/tcc/tcc/data/lfw/lfw-funneled/Al_Sharpton/Al_Sharpton_0006.jpg,0.21852987955706815,1
/home/anitadonato/tcc/tcc/data/lfw/lfw-funneled/Al_Sharpton/Al_Sharpton_0007.jpg,/home/anitadonato/tcc/tcc/data/lfw/lfw-funneled/Al_Sharpton/Al_Sharpton_0002.jpg,0.2909176369300911,1
/home/anitadonato/tcc/tcc/data/lfw/lfw-funneled/Al_Sharpton/Al_Sharpton_0004.jpg,/home/anitadonato/tcc/tcc/data/lfw/lfw-funneled/Al_Sharpton/Al_Sharpton_0006.jpg,0.36241858252321013,1
/home/anitadonato/tcc/tcc/data/lfw/lfw-funneled/Al_Sharpton/Al_Sharpton_0004.jpg,/home/anitadonato/tcc/tcc/data/lfw/lfw-funneled/Al_Sharpton/Al_Sharpton_0002.jpg,0.3556078844236902,1
/home/anitadonato/tcc/tcc/data/lfw/lfw-funneled/Al_Sharpton/Al_Sharpton_0006.jpg,/home/anitadonato/tcc/tcc/data/lfw/lfw-funneled/Al_Sharpton/Al_Sharpton_0002.jpg,0.2172382130519056,1
/home/anitadonato/tcc/tcc/data/lfw/lfw-funneled/Carmen_Electra/Carmen_Electra_0006.jpg,/home/anitadonato/tcc/tcc/data/lfw/lfw-funneled/Carmen_Electra/Carmen_Electra_0005.jpg,0.25932517549633705,1
/home/anitadonato/tcc/tcc/data/lfw/lfw-funneled/Carmen_Electra/Carmen_Electra_0006.jpg,/home/anitadonato/tcc/tcc/data/lfw/lfw-funneled/Carmen_Electra/Carmen_Electra_0003.jpg,0.3478587386918872,1
/home/anitadonato/tcc/tcc/data/lfw/lfw-funneled/Carmen_Electra/Carmen_Electra_0006.jpg,/home/anitadonato/tcc/tcc/data/lfw/lfw-funneled/Carmen_Electra/Carmen_Electra_0002.jpg,0.38205837480777727,1
/home/anitadonato/tcc/tcc/data/lfw/lfw-funneled/Carmen_Electra/Carmen_Electra_0006.jpg,/home/anitadonato/tcc/tcc/data/lfw/lfw-funneled/Carmen_Electra/Carmen_Electra_0001.jpg,0.42888330395441343,1
/home/anitadonato/tcc/tcc/data/lfw/lfw-funneled/Carmen_Electra/Carmen_Electra_0005.jpg,/home/anitadonato/tcc/tcc/data/lfw/lfw-funneled/Carmen_Electra/Carmen_Electra_0003.jpg,0.40899298849479593,1
/home/anitadonato/tcc/tcc/data/lfw/lfw-funneled/Carmen_Electra/Carmen_Electra_0005.jpg,/home/anitadonato/tcc/tcc/data/lfw/lfw-funneled/Carmen_Electra/Carmen_Electra_0002.jpg,0.3910165259396573,1
/home/anitadonato/tcc/tcc/data/lfw/lfw-funneled/Carmen_Electra/Carmen_Electra_0005.jpg,/home/anitadonato/tcc/tcc/data/lfw/lfw-funneled/Carmen_Electra/Carmen_Electra_0001.jpg,0.4144540955674285,1
/home/anitadonato/tcc/tcc/data/lfw/lfw-funneled/Carmen_Electra/Carmen_Electra_0003.jpg,/home/anitadonato/tcc/tcc/data/lfw/lfw-funneled/Carmen_Electra/Carmen_Electra_0002.jpg,0.3854592866585841,1
/home/anitadonato/tcc/tcc/data/lfw/lfw-funneled/Carmen_Electra/Carmen_Electra_0003.jpg,/home/anitadonato/tcc/tcc/data/lfw/lfw-funneled/Carmen_Electra/Carmen_Electra_0001.jpg,0.4305882482075697,1
/home/anitadonato/tcc/tcc/data/lfw/lfw-funneled/Carmen_Electra/Carmen_Electra_0002.jpg,/home/anitadonato/tcc/tcc/data/lfw/lfw-funneled/Carmen_Electra/Carmen_Electra_0001.jpg,0.5051274189621988,1
/home/anitadonato/tcc/tcc/data/lfw/lfw-funneled/Steve_Lavin/Steve_Lavin_0001.jpg,/home/anitadonato/tcc/tcc/data/lfw/lfw-funneled/Steve_Lavin/Steve_Lavin_0003.jpg,0.505143343726142,1
/home/anitadonato/tcc/tcc/data/lfw/lfw-funneled/Steve_Lavin/Steve_Lavin_0001.jpg,/home/anitadonato/tcc/tcc/data/lfw/lfw-funneled/Steve_Lavin/Steve_Lavin_0004.jpg,0.533897928920881,1
/home/anitadonato/tcc/tcc/data/lfw/lfw-funneled/Steve_Lavin/Steve_Lavin_0001.jpg,/home/anitadonato/tcc/tcc/data/lfw/lfw-funneled/Steve_Lavin/Steve_Lavin_0006.jpg,0.8597265425757072,1
/home/anitadonato/tcc/tcc/data/lfw/lfw-funneled/Steve_Lavin/Steve_Lavin_0001.jpg,/home/anitadonato/tcc/tcc/data/lfw/lfw-funneled/Steve_Lavin/Steve_Lavin_0002.jpg,0.5417552205715866,1
/home/anitadonato/tcc/tcc/data/lfw/lfw-funneled/Steve_Lavin/Steve_Lavin_0003.jpg,/home/anitadonato/tcc/tcc/data/lfw/lfw-funneled/Steve_Lavin/Steve_Lavin_0004.jpg,0.2870587519751633,1
/home/anitadonato/tcc/tcc/data/lfw/lfw-funneled/Steve_Lavin/Steve_Lavin_0003.jpg,/home/anitadonato/tcc/tcc/data/lfw/lfw-funneled/Steve_Lavin/Steve_Lavin_0006.jpg,0.90750716683249,1
/home/anitadonato/tcc/tcc/data/lfw/lfw-funneled/Steve_Lavin/Steve_Lavin_0003.jpg,/home/anitadonato/tcc/tcc/data/lfw/lfw-funneled/Steve_Lavin/Steve_Lavin_0002.jpg,0.2827560482073903,1
/home/anitadonato/tcc/tcc/data/lfw/lfw-funneled/Steve_Lavin/Steve_Lavin_0004.jpg,/home/anitadonato/tcc/tcc/data/lfw/lfw-funneled/Steve_Lavin/Steve_Lavin_0006.jpg,0.9101565441953008,1
/home/anitadonato/tcc/tcc/data/lfw/lfw-funneled/Steve_Lavin/Steve_Lavin_0004.jpg,/home/anitadonato/tcc/tcc/data/lfw/lfw-funneled/Steve_Lavin/Steve_Lavin_0002.jpg,0.5401762197830638,1
/home/anitadonato/tcc/tcc/data/lfw/lfw-funneled/Steve_Lavin/Steve_Lavin_0006.jpg,/home/anitadonato/tcc/tcc/data/lfw/lfw-funneled/Steve_Lavin/Steve_Lavin_0002.jpg,0.8642994036131242,1
/home/anitadonato/tcc/tcc/data/lfw/lfw-funneled/Roh_Moo-hyun/Roh_Moo-hyun_0025.jpg,/home/anitadonato/tcc/tcc/data/lfw/lfw-funneled/Roh_Moo-hyun/Roh_Moo-hyun_0022.jpg,0.27186295024251095,1
/home/anitadonato/tcc/tcc/data/lfw/lfw-funneled/Roh_Moo-hyun/Roh_Moo-hyun_0025.jpg,/home/anitadonato/tcc/tcc/data/lfw/lfw-funneled/Roh_Moo-hyun/Roh_Moo-hyun_0002.jpg,0.40323714370915154,1
/home/anitadonato/tcc/tcc/data/lfw/lfw-funneled/Roh_Moo-hyun/Roh_Moo-hyun_0025.jpg,/home/anitadonato/tcc/tcc/data/lfw/lfw-funneled/Roh_Moo-hyun/Roh_Moo-hyun_0032.jpg,0.34468680951597963,1
/home/anitadonato/tcc/tcc/data/lfw/lfw-funneled/Roh_Moo-hyun/Roh_Moo-hyun_0025.jpg,/home/anitadonato/tcc/tcc/data/lfw/lfw-funneled/Roh_Moo-hyun/Roh_Moo-hyun_0021.jpg,0.32656587594496134,1
/home/anitadonato/tcc/tcc/data/lfw/lfw-funneled/Roh_Moo-hyun/Roh_Moo-hyun_0022.jpg,/home/anitadonato/tcc/tcc/data/lfw/lfw-funneled/Roh_Moo-hyun/Roh_Moo-hyun_0002.jpg,0.27049248852801344,1
/home/anitadonato/tcc/tcc/data/lfw/lfw-funneled/Roh_Moo-hyun/Roh_Moo-hyun_0022.jpg,/home/anitadonato/tcc/tcc/data/lfw/lfw-funneled/Roh_Moo-hyun/Roh_Moo-hyun_0032.jpg,0.2936835347523489,1
/home/anitadonato/tcc/tcc/data/lfw/lfw-funneled/Roh_Moo-hyun/Roh_Moo-hyun_0022.jpg,/home/anitadonato/tcc/tcc/data/lfw/lfw-funneled/Roh_Moo-hyun/Roh_Moo-hyun_0021.jpg,0.20458927768060509,1
/home/anitadonato/tcc/tcc/data/lfw/lfw-funneled/Roh_Moo-hyun/Roh_Moo-hyun_0002.jpg,/home/anitadonato/tcc/tcc/data/lfw/lfw-funneled/Roh_Moo-hyun/Roh_Moo-hyun_0032.jpg,0.1570349914849063,1
/home/anitadonato/tcc/tcc/data/lfw/lfw-funneled/Roh_Moo-hyun/Roh_Moo-hyun_0002.jpg,/home/anitadonato/tcc/tcc/data/lfw/lfw-funneled/Roh_Moo-hyun/Roh_Moo-hyun_0021.jpg,0.27786297328309695,1
/home/anitadonato/tcc/tcc/data/lfw/lfw-funneled/Roh_Moo-hyun/Roh_Moo-hyun_0032.jpg,/home/anitadonato/tcc/tcc/data/lfw/lfw-funneled/Roh_Moo-hyun/Roh_Moo-hyun_0021.jpg,0.28091108173624946,1
/home/anitadonato/tcc/tcc/data/lfw/lfw-funneled/Tom_Cruise/Tom_Cruise_0003.jpg,/home/anitadonato/tcc/tcc/data/lfw/lfw-funneled/Tom_Cruise/Tom_Cruise_0008.jpg,0.349904674578874,1
/home/anitadonato/tcc/tcc/data/lfw/lfw-funneled/Tom_Cruise/Tom_Cruise_0003.jpg,/home/anitadonato/tcc/tcc/data/lfw/lfw-funneled/Tom_Cruise/Tom_Cruise_0004.jpg,0.5372140619367355,1
/home/anitadonato/tcc/tcc/data/lfw/lfw-funneled/Tom_Cruise/Tom_Cruise_0003.jpg,/home/anitadonato/tcc/tcc/data/lfw/lfw-funneled/Tom_Cruise/Tom_Cruise_0010.jpg,0.34958217647466994,1
/home/anitadonato/tcc/tcc/data/lfw/lfw-funneled/Tom_Cruise/Tom_Cruise_0003.jpg,/home/anitadonato/tcc/tcc/data/lfw/lfw-funneled/Tom_Cruise/Tom_Cruise_0007.jpg,0.31703483698768387,1
/home/anitadonato/tcc/tcc/data/lfw/lfw-funneled/Tom_Cruise/Tom_Cruise_0008.jpg,/home/anitadonato/tcc/tcc/data/lfw/lfw-funneled/Tom_Cruise/Tom_Cruise_0004.jpg,0.3737830708481935,1
/home/anitadonato/tcc/tcc/data/lfw/lfw-funneled/Tom_Cruise/Tom_Cruise_0008.jpg,/home/anitadonato/tcc/tcc/data/lfw/lfw-funneled/Tom_Cruise/Tom_Cruise_0010.jpg,0.34449607064788024,1
/home/anitadonato/tcc/tcc/data/lfw/lfw-funneled/Tom_Cruise/Tom_Cruise_0008.jpg,/home/anitadonato/tcc/tcc/data/lfw/lfw-funneled/Tom_Cruise/Tom_Cruise_0007.jpg,0.41584621501176233,1
/home/anitadonato/tcc/tcc/data/lfw/lfw-funneled/Tom_Cruise/Tom_Cruise_0004.jpg,/home/anitadonato/tcc/tcc/data/lfw/lfw-funneled/Tom_Cruise/Tom_Cruise_0010.jpg,0.5572596398513097,1
/home/anitadonato/tcc/tcc/data/lfw/lfw-funneled/Tom_Cruise/Tom_Cruise_0004.jpg,/home/anitadonato/tcc/tcc/data/lfw/lfw-funneled/Tom_Cruise/Tom_Cruise_0007.jpg,0.5317106856697754,1
/home/anitadonato/tcc/tcc/data/lfw/lfw-funneled/Tom_Cruise/Tom_Cruise_0010.jpg,/home/anitadonato/tcc/tcc/data/lfw/lfw-funneled/Tom_Cruise/Tom_Cruise_0007.jpg,0.3100173367764827,1
/home/anitadonato/tcc/tcc/data/lfw/lfw-funneled/Zhu_Rongji/Zhu_Rongji_0006.jpg,/home/anitadonato/tcc/tcc/data/lfw/lfw-funneled/Zhu_Rongji/Zhu_Rongji_0005.jpg,0.14142058111315592,1
/home/anitadonato/tcc/tcc/data/lfw/lfw-funneled/Zhu_Rongji/Zhu_Rongji_0006.jpg,/home/anitadonato/tcc/tcc/data/lfw/lfw-funneled/Zhu_Rongji/Zhu_Rongji_0008.jpg,0.38751106869396734,1
/home/anitadonato/tcc/tcc/data/lfw/lfw-funneled/Zhu_Rongji/Zhu_Rongji_0006.jpg,/home/anitadonato/tcc/tcc/data/lfw/lfw-funneled/Zhu_Rongji/Zhu_Rongji_0009.jpg,0.4513041896208061,1
/home/anitadonato/tcc/tcc/data/lfw/lfw-funneled/Zhu_Rongji/Zhu_Rongji_0006.jpg,/home/anitadonato/tcc/tcc/data/lfw/lfw-funneled/Zhu_Rongji/Zhu_Rongji_0003.jpg,0.3540349077625501,1
/home/anitadonato/tcc/tcc/data/lfw/lfw-funneled/Zhu_Rongji/Zhu_Rongji_0005.jpg,/home/anitadonato/tcc/tcc/data/lfw/lfw-funneled/Zhu_Rongji/Zhu_Rongji_0008.jpg,0.44329582558577185,1
/home/anitadonato/tcc/tcc/data/lfw/lfw-funneled/Zhu_Rongji/Zhu_Rongji_0005.jpg,/home/anitadonato/tcc/tcc/data/lfw/lfw-funneled/Zhu_Rongji/Zhu_Rongji_0009.jpg,0.47463565697936505,1
/home/anitadonato/tcc/tcc/data/lfw/lfw-funneled/Zhu_Rongji/Zhu_Rongji_0005.jpg,/home/anitadonato/tcc/tcc/data/lfw/lfw-funneled/Zhu_Rongji/Zhu_Rongji_0003.jpg,0.4990279209970293,1
/home/anitadonato/tcc/tcc/data/lfw/lfw-funneled/Zhu_Rongji/Zhu_Rongji_0008.jpg,/home/anitadonato/tcc/tcc/data/lfw/lfw-funneled/Zhu_Rongji/Zhu_Rongji_0009.jpg,0.38640781829123094,1
/home/anitadonato/tcc/tcc/data/lfw/lfw-funneled/Zhu_Rongji/Zhu_Rongji_0008.jpg,/home/anitadonato/tcc/tcc/data/lfw/lfw-funneled/Zhu_Rongji/Zhu_Rongji_0003.jpg,0.2789688383637148,1
/home/anitadonato/tcc/tcc/data/lfw/lfw-funneled/Zhu_Rongji/Zhu_Rongji_0009.jpg,/home/anitadonato/tcc/tcc/data/lfw/lfw-funneled/Zhu_Rongji/Zhu_Rongji_0003.jpg,0.37740735831983596,1
/home/anitadonato/tcc/tcc/data/lfw/lfw-funneled/Silvio_Berlusconi/Silvio_Berlusconi_0001.jpg,/home/anitadonato/tcc/tcc/data/lfw/lfw-funneled/Silvio_Berlusconi/Silvio_Berlusconi_0013.jpg,0.5784089780896355,1
/home/anitadonato/tcc/tcc/data/lfw/lfw-funneled/Silvio_Berlusconi/Silvio_Berlusconi_0001.jpg,/home/anitadonato/tcc/tcc/data/lfw/lfw-funneled/Silvio_Berlusconi/Silvio_Berlusconi_0006.jpg,0.48482796898910974,1
/home/anitadonato/tcc/tcc/data/lfw/lfw-funneled/Silvio_Berlusconi/Silvio_Berlusconi_0001.jpg,/home/anitadonato/tcc/tcc/data/lfw/lfw-funneled/Silvio_Berlusconi/Silvio_Berlusconi_0016.jpg,0.6254536354392004,1
/home/anitadonato/tcc/tcc/data/lfw/lfw-funneled/Silvio_Berlusconi/Silvio_Berlusconi_0001.jpg,/home/anitadonato/tcc/tcc/data/lfw/lfw-funneled/Silvio_Berlusconi/Silvio_Berlusconi_0027.jpg,0.4308599390784631,1
/home/anitadonato/tcc/tcc/data/lfw/lfw-funneled/Silvio_Berlusconi/Silvio_Berlusconi_0013.jpg,/home/anitadonato/tcc/tcc/data/lfw/lfw-funneled/Silvio_Berlusconi/Silvio_Berlusconi_0006.jpg,0.49380997911621927,1
/home/anitadonato/tcc/tcc/data/lfw/lfw-funneled/Silvio_Berlusconi/Silvio_Berlusconi_0013.jpg,/home/anitadonato/tcc/tcc/data/lfw/lfw-funneled/Silvio_Berlusconi/Silvio_Berlusconi_0016.jpg,0.5692109727538821,1
/home/anitadonato/tcc/tcc/data/lfw/lfw-funneled/Silvio_Berlusconi/Silvio_Berlusconi_0013.jpg,/home/anitadonato/tcc/tcc/data/lfw/lfw-funneled/Silvio_Berlusconi/Silvio_Berlusconi_0027.jpg,0.5221415377204235,1
/home/anitadonato/tcc/tcc/data/lfw/lfw-funneled/Silvio_Berlusconi/Silvio_Berlusconi_0006.jpg,/home/anitadonato/tcc/tcc/data/lfw/lfw-funneled/Silvio_Berlusconi/Silvio_Berlusconi_0016.jpg,0.5578624024053757,1
/home/anitadonato/tcc/tcc/data/lfw/lfw-funneled/Silvio_Berlusconi/Silvio_Berlusconi_0006.jpg,/home/anitadonato/tcc/tcc/data/lfw/lfw-funneled/Silvio_Berlusconi/Silvio_Berlusconi_0027.jpg,0.4456561803166511,1
/home/anitadonato/tcc/tcc/data/lfw/lfw-funneled/Silvio_Berlusconi/Silvio_Berlusconi_0016.jpg,/home/anitadonato/tcc/tcc/data/lfw/lfw-funneled/Silvio_Berlusconi/Silvio_Berlusconi_0027.jpg,0.4986333466484705,1
/home/anitadonato/tcc/tcc/data/lfw/lfw-funneled/Kofi_Annan/Kofi_Annan_0032.jpg,/home/anitadonato/tcc/tcc/data/lfw/lfw-funneled/Kofi_Annan/Kofi_Annan_0016.jpg,0.3311242727869552,1
/home/anitadonato/tcc/tcc/data/lfw/lfw-funneled/Kofi_Annan/Kofi_Annan_0032.jpg,/home/anitadonato/tcc/tcc/data/lfw/lfw-funneled/Kofi_Annan/Kofi_Annan_0031.jpg,0.29400957655076854,1
/home/anitadonato/tcc/tcc/data/lfw/lfw-funneled/Kofi_Annan/Kofi_Annan_0032.jpg,/home/anitadonato/tcc/tcc/data/lfw/lfw-funneled/Kofi_Annan/Kofi_Annan_0029.jpg,0.354125843585138,1
/home/anitadonato/tcc/tcc/data/lfw/lfw-funneled/Kofi_Annan/Kofi_Annan_0032.jpg,/home/anitadonato/tcc/tcc/data/lfw/lfw-funneled/Kofi_Annan/Kofi_Annan_0002.jpg,0.3069765903375249,1
/home/anitadonato/tcc/tcc/data/lfw/lfw-funneled/Kofi_Annan/Kofi_Annan_0016.jpg,/home/anitadonato/tcc/tcc/data/lfw/lfw-funneled/Kofi_Annan/Kofi_Annan_0031.jpg,0.3336400928478819,1
/home/anitadonato/tcc/tcc/data/lfw/lfw-funneled/Kofi_Annan/Kofi_Annan_0016.jpg,/home/anitadonato/tcc/tcc/data/lfw/lfw-funneled/Kofi_Annan/Kofi_Annan_0029.jpg,0.20211954758838147,1
/home/anitadonato/tcc/tcc/data/lfw/lfw-funneled/Kofi_Annan/Kofi_Annan_0016.jpg,/home/anitadonato/tcc/tcc/data/lfw/lfw-funneled/Kofi_Annan/Kofi_Annan_0002.jpg,0.11981513336360283,1
/home/anitadonato/tcc/tcc/data/lfw/lfw-funneled/Kofi_Annan/Kofi_Annan_0031.jpg,/home/anitadonato/tcc/tcc/data/lfw/lfw-funneled/Kofi_Annan/Kofi_Annan_0029.jpg,0.39931706186845606,1
/home/anitadonato/tcc/tcc/data/lfw/lfw-funneled/Kofi_Annan/Kofi_Annan_0031.jpg,/home/anitadonato/tcc/tcc/data/lfw/lfw-funneled/Kofi_Annan/Kofi_Annan_0002.jpg,0.34432017824151273,1
/home/anitadonato/tcc/tcc/data/lfw/lfw-funneled/Kofi_Annan/Kofi_Annan_0029.jpg,/home/anitadonato/tcc/tcc/data/lfw/lfw-funneled/Kofi_Annan/Kofi_Annan_0002.jpg,0.2281908765431676,1
/home/anitadonato/tcc/tcc/data/lfw/lfw-funneled/Condoleezza_Rice/Condoleezza_Rice_0002.jpg,/home/anitadonato/tcc/tcc/data/lfw/lfw-funneled/Condoleezza_Rice/Condoleezza_Rice_0005.jpg,0.8061471485839844,1
/home/anitadonato/tcc/tcc/data/lfw/lfw-funneled/Condoleezza_Rice/Condoleezza_Rice_0002.jpg,/home/anitadonato/tcc/tcc/data/lfw/lfw-funneled/Condoleezza_Rice/Condoleezza_Rice_0004.jpg,0.3926043781498004,1
/home/anitadonato/tcc/tcc/data/lfw/lfw-funneled/Condoleezza_Rice/Condoleezza_Rice_0002.jpg,/home/anitadonato/tcc/tcc/data/lfw/lfw-funneled/Condoleezza_Rice/Condoleezza_Rice_0007.jpg,0.3957739976994319,1
/home/anitadonato/tcc/tcc/data/lfw/lfw-funneled/Condoleezza_Rice/Condoleezza_Rice_0002.jpg,/home/anitadonato/tcc/tcc/data/lfw/lfw-funneled/Condoleezza_Rice/Condoleezza_Rice_0006.jpg,0.40592980216545205,1
/home/anitadonato/tcc/tcc/data/lfw/lfw-funneled/Condoleezza_Rice/Condoleezza_Rice_0005.jpg,/home/anitadonato/tcc/tcc/data/lfw/lfw-funneled/Condoleezza_Rice/Condoleezza_Rice_0004.jpg,0.7413266478627465,1
/home/anitadonato/tcc/tcc/data/lfw/lfw-funneled/Condoleezza_Rice/Condoleezza_Rice_0005.jpg,/home/anitadonato/tcc/tcc/data/lfw/lfw-funneled/Condoleezza_Rice/Condoleezza_Rice_0007.jpg,0.812177788506384,1
/home/anitadonato/tcc/tcc/data/lfw/lfw-funneled/Condoleezza_Rice/Condoleezza_Rice_0005.jpg,/home/anitadonato/tcc/tcc/data/lfw/lfw-funneled/Condoleezza_Rice/Condoleezza_Rice_0006.jpg,0.6542466721810649,1
/home/anitadonato/tcc/tcc/data/lfw/lfw-funneled/Condoleezza_Rice/Condoleezza_Rice_0004.jpg,/home/anitadonato/tcc/tcc/data/lfw/lfw-funneled/Condoleezza_Rice/Condoleezza_Rice_0007.jpg,0.49954853273420596,1
/home/anitadonato/tcc/tcc/data/lfw/lfw-funneled/Condoleezza_Rice/Condoleezza_Rice_0004.jpg,/home/anitadonato/tcc/tcc/data/lfw/lfw-funneled/Condoleezza_Rice/Condoleezza_Rice_0006.jpg,0.24779814202448025,1
/home/anitadonato/tcc/tcc/data/lfw/lfw-funneled/Condoleezza_Rice/Condoleezza_Rice_0007.jpg,/home/anitadonato/tcc/tcc/data/lfw/lfw-funneled/Condoleezza_Rice/Condoleezza_Rice_0006.jpg,0.5171218654482639,1
/home/anitadonato/tcc/tcc/data/lfw/lfw-funneled/Russell_Simmons/Russell_Simmons_0002.jpg,/home/anitadonato/tcc/tcc/data/lfw/lfw-funneled/Russell_Simmons/Russell_Simmons_0003.jpg,0.5009895788723734,1
/home/anitadonato/tcc/tcc/data/lfw/lfw-funneled/Russell_Simmons/Russell_Simmons_0002.jpg,/home/anitadonato/tcc/tcc/data/lfw/lfw-funneled/Russell_Simmons/Russell_Simmons_0004.jpg,0.41976086914015276,1
/home/anitadonato/tcc/tcc/data/lfw/lfw-funneled/Russell_Simmons/Russell_Simmons_0002.jpg,/home/anitadonato/tcc/tcc/data/lfw/lfw-funneled/Russell_Simmons/Russell_Simmons_0005.jpg,0.29566173890457426,1
/home/anitadonato/tcc/tcc/data/lfw/lfw-funneled/Russell_Simmons/Russell_Simmons_0002.jpg,/home/anitadonato/tcc/tcc/data/lfw/lfw-funneled/Russell_Simmons/Russell_Simmons_0001.jpg,0.21921229084507843,1
/home/anitadonato/tcc/tcc/data/lfw/lfw-funneled/Russell_Simmons/Russell_Simmons_0003.jpg,/home/anitadonato/tcc/tcc/data/lfw/lfw-funneled/Russell_Simmons/Russell_Simmons_0004.jpg,0.2295294010457225,1
/home/anitadonato/tcc/tcc/data/lfw/lfw-funneled/Russell_Simmons/Russell_Simmons_0003.jpg,/home/anitadonato/tcc/tcc/data/lfw/lfw-funneled/Russell_Simmons/Russell_Simmons_0005.jpg,0.24631277671021945,1
/home/anitadonato/tcc/tcc/data/lfw/lfw-funneled/Russell_Simmons/Russell_Simmons_0003.jpg,/home/anitadonato/tcc/tcc/data/lfw/lfw-funneled/Russell_Simmons/Russell_Simmons_0001.jpg,0.37531110351066554,1
/home/anitadonato/tcc/tcc/data/lfw/lfw-funneled/Russell_Simmons/Russell_Simmons_0004.jpg,/home/anitadonato/tcc/tcc/data/lfw/lfw-funneled/Russell_Simmons/Russell_Simmons_0005.jpg,0.24193466439931233,1
/home/anitadonato/tcc/tcc/data/lfw/lfw-funneled/Russell_Simmons/Russell_Simmons_0004.jpg,/home/anitadonato/tcc/tcc/data/lfw/lfw-funneled/Russell_Simmons/Russell_Simmons_0001.jpg,0.3524113649352869,1
/home/anitadonato/tcc/tcc/data/lfw/lfw-funneled/Russell_Simmons/Russell_Simmons_0005.jpg,/home/anitadonato/tcc/tcc/data/lfw/lfw-funneled/Russell_Simmons/Russell_Simmons_0001.jpg,0.2598141145411742,1
/home/anitadonato/tcc/tcc/data/lfw/lfw-funneled/Adrien_Brody/Adrien_Brody_0009.jpg,/home/anitadonato/tcc/tcc/data/lfw/lfw-funneled/Adrien_Brody/Adrien_Brody_0012.jpg,0.5056361697072822,1
/home/anitadonato/tcc/tcc/data/lfw/lfw-funneled/Adrien_Brody/Adrien_Brody_0009.jpg,/home/anitadonato/tcc/tcc/data/lfw/lfw-funneled/Adrien_Brody/Adrien_Brody_0006.jpg,0.5181742745296176,1
/home/anitadonato/tcc/tcc/data/lfw/lfw-funneled/Adrien_Brody/Adrien_Brody_0009.jpg,/home/anitadonato/tcc/tcc/data/lfw/lfw-funneled/Adrien_Brody/Adrien_Brody_0007.jpg,0.6053422008173621,1
/home/anitadonato/tcc/tcc/data/lfw/lfw-funneled/Adrien_Brody/Adrien_Brody_0009.jpg,/home/anitadonato/tcc/tcc/data/lfw/lfw-funneled/Adrien_Brody/Adrien_Brody_0010.jpg,0.5201790433332927,1
/home/anitadonato/tcc/tcc/data/lfw/lfw-funneled/Adrien_Brody/Adrien_Brody_0012.jpg,/home/anitadonato/tcc/tcc/data/lfw/lfw-funneled/Adrien_Brody/Adrien_Brody_0006.jpg,0.5991225362866102,1
/home/anitadonato/tcc/tcc/data/lfw/lfw-funneled/Adrien_Brody/Adrien_Brody_0012.jpg,/home/anitadonato/tcc/tcc/data/lfw/lfw-funneled/Adrien_Brody/Adrien_Brody_0007.jpg,0.6248616264349969,1
/home/anitadonato/tcc/tcc/data/lfw/lfw-funneled/Adrien_Brody/Adrien_Brody_0012.jpg,/home/anitadonato/tcc/tcc/data/lfw/lfw-funneled/Adrien_Brody/Adrien_Brody_0010.jpg,0.413940772341711,1
/home/anitadonato/tcc/tcc/data/lfw/lfw-funneled/Adrien_Brody/Adrien_Brody_0006.jpg,/home/anitadonato/tcc/tcc/data/lfw/lfw-funneled/Adrien_Brody/Adrien_Brody_0007.jpg,0.448837448885287,1
/home/anitadonato/tcc/tcc/data/lfw/lfw-funneled/Adrien_Brody/Adrien_Brody_0006.jpg,/home/anitadonato/tcc/tcc/data/lfw/lfw-funneled/Adrien_Brody/Adrien_Brody_0010.jpg,0.5707926492677191,1
/home/anitadonato/tcc/tcc/data/lfw/lfw-funneled/Adrien_Brody/Adrien_Brody_0007.jpg,/home/anitadonato/tcc/tcc/data/lfw/lfw-funneled/Adrien_Brody/Adrien_Brody_0010.jpg,0.5606130097945866,1
/home/anitadonato/tcc/tcc/data/lfw/lfw-funneled/Paul_ONeill/Paul_ONeill_0006.jpg,/home/anitadonato/tcc/tcc/data/lfw/lfw-funneled/Paul_ONeill/Paul_ONeill_0008.jpg,0.5858762344157256,1
/home/anitadonato/tcc/tcc/data/lfw/lfw-funneled/Paul_ONeill/Paul_ONeill_0006.jpg,/home/anitadonato/tcc/tcc/data/lfw/lfw-funneled/Paul_ONeill/Paul_ONeill_0003.jpg,0.47061643372200557,1
/home/anitadonato/tcc/tcc/data/lfw/lfw-funneled/Paul_ONeill/Paul_ONeill_0006.jpg,/home/anitadonato/tcc/tcc/data/lfw/lfw-funneled/Paul_ONeill/Paul_ONeill_0007.jpg,0.7613963654256658,1
/home/anitadonato/tcc/tcc/data/lfw/lfw-funneled/Paul_ONeill/Paul_ONeill_0006.jpg,/home/anitadonato/tcc/tcc/data/lfw/lfw-funneled/Paul_ONeill/Paul_ONeill_0009.jpg,0.6225562242065386,1
/home/anitadonato/tcc/tcc/data/lfw/lfw-funneled/Paul_ONeill/Paul_ONeill_0008.jpg,/home/anitadonato/tcc/tcc/data/lfw/lfw-funneled/Paul_ONeill/Paul_ONeill_0003.jpg,0.7103498782354518,1
/home/anitadonato/tcc/tcc/data/lfw/lfw-funneled/Paul_ONeill/Paul_ONeill_0008.jpg,/home/anitadonato/tcc/tcc/data/lfw/lfw-funneled/Paul_ONeill/Paul_ONeill_0007.jpg,0.6710857447959828,1
/home/anitadonato/tcc/tcc/data/lfw/lfw-funneled/Paul_ONeill/Paul_ONeill_0008.jpg,/home/anitadonato/tcc/tcc/data/lfw/lfw-funneled/Paul_ONeill/Paul_ONeill_0009.jpg,0.6533732599404365,1
/home/anitadonato/tcc/tcc/data/lfw/lfw-funneled/Paul_ONeill/Paul_ONeill_0003.jpg,/home/anitadonato/tcc/tcc/data/lfw/lfw-funneled/Paul_ONeill/Paul_ONeill_0007.jpg,0.633135873149037,1
/home/anitadonato/tcc/tcc/data/lfw/lfw-funneled/Paul_ONeill/Paul_ONeill_0003.jpg,/home/anitadonato/tcc/tcc/data/lfw/lfw-funneled/Paul_ONeill/Paul_ONeill_0009.jpg,0.6569720917599526,1
/home/anitadonato/tcc/tcc/data/lfw/lfw-funneled/Paul_ONeill/Paul_ONeill_0007.jpg,/home/anitadonato/tcc/tcc/data/lfw/lfw-funneled/Paul_ONeill/Paul_ONeill_0009.jpg,0.7423130492334036,1
/home/anitadonato/tcc/tcc/data/lfw/lfw-funneled/Martin_Scorsese/Martin_Scorsese_0002.jpg,/home/anitadonato/tcc/tcc/data/lfw/lfw-funneled/Martin_Scorsese/Martin_Scorsese_0001.jpg,0.38333505362248044,1
/home/anitadonato/tcc/tcc/data/lfw/lfw-funneled/Martin_Scorsese/Martin_Scorsese_0002.jpg,/home/anitadonato/tcc/tcc/data/lfw/lfw-funneled/Martin_Scorsese/Martin_Scorsese_0007.jpg,0.6392842879199617,1
/home/anitadonato/tcc/tcc/data/lfw/lfw-funneled/Martin_Scorsese/Martin_Scorsese_0002.jpg,/home/anitadonato/tcc/tcc/data/lfw/lfw-funneled/Martin_Scorsese/Martin_Scorsese_0003.jpg,0.42366857724927054,1
/home/anitadonato/tcc/tcc/data/lfw/lfw-funneled/Martin_Scorsese/Martin_Scorsese_0002.jpg,/home/anitadonato/tcc/tcc/data/lfw/lfw-funneled/Martin_Scorsese/Martin_Scorsese_0006.jpg,0.4103758078337626,1
/home/anitadonato/tcc/tcc/data/lfw/lfw-funneled/Martin_Scorsese/Martin_Scorsese_0001.jpg,/home/anitadonato/tcc/tcc/data/lfw/lfw-funneled/Martin_Scorsese/Martin_Scorsese_0007.jpg,0.5402407268210168,1
/home/anitadonato/tcc/tcc/data/lfw/lfw-funneled/Martin_Scorsese/Martin_Scorsese_0001.jpg,/home/anitadonato/tcc/tcc/data/lfw/lfw-funneled/Martin_Scorsese/Martin_Scorsese_0003.jpg,0.3512790455675864,1
/home/anitadonato/tcc/tcc/data/lfw/lfw-funneled/Martin_Scorsese/Martin_Scorsese_0001.jpg,/home/anitadonato/tcc/tcc/data/lfw/lfw-funneled/Martin_Scorsese/Martin_Scorsese_0006.jpg,0.4233204966650953,1
/home/anitadonato/tcc/tcc/data/lfw/lfw-funneled/Martin_Scorsese/Martin_Scorsese_0007.jpg,/home/anitadonato/tcc/tcc/data/lfw/lfw-funneled/Martin_Scorsese/Martin_Scorsese_0003.jpg,0.510799741350247,1
/home/anitadonato/tcc/tcc/data/lfw/lfw-funneled/Martin_Scorsese/Martin_Scorsese_0007.jpg,/home/anitadonato/tcc/tcc/data/lfw/lfw-funneled/Martin_Scorsese/Martin_Scorsese_0006.jpg,0.46699513220707034,1
/home/anitadonato/tcc/tcc/data/lfw/lfw-funneled/Martin_Scorsese/Martin_Scorsese_0003.jpg,/home/anitadonato/tcc/tcc/data/lfw/lfw-funneled/Martin_Scorsese/Martin_Scorsese_0006.jpg,0.3112486267534389,1
/home/anitadonato/tcc/tcc/data/lfw/lfw-funneled/Denzel_Washington/Denzel_Washington_0005.jpg,/home/anitadonato/tcc/tcc/data/lfw/lfw-funneled/Denzel_Washington/Denzel_Washington_0002.jpg,0.5566688902997418,1
/home/anitadonato/tcc/tcc/data/lfw/lfw-funneled/Denzel_Washington/Denzel_Washington_0005.jpg,/home/anitadonato/tcc/tcc/data/lfw/lfw-funneled/Denzel_Washington/Denzel_Washington_0001.jpg,0.46779163068916985,1
/home/anitadonato/tcc/tcc/data/lfw/lfw-funneled/Denzel_Washington/Denzel_Washington_0005.jpg,/home/anitadonato/tcc/tcc/data/lfw/lfw-funneled/Denzel_Washington/Denzel_Washington_0003.jpg,0.4443185927197085,1
/home/anitadonato/tcc/tcc/data/lfw/lfw-funneled/Denzel_Washington/Denzel_Washington_0005.jpg,/home/anitadonato/tcc/tcc/data/lfw/lfw-funneled/Denzel_Washington/Denzel_Washington_0004.jpg,0.5507136677466005,1
/home/anitadonato/tcc/tcc/data/lfw/lfw-funneled/Denzel_Washington/Denzel_Washington_0002.jpg,/home/anitadonato/tcc/tcc/data/lfw/lfw-funneled/Denzel_Washington/Denzel_Washington_0001.jpg,0.5319948111674593,1
/home/anitadonato/tcc/tcc/data/lfw/lfw-funneled/Denzel_Washington/Denzel_Washington_0002.jpg,/home/anitadonato/tcc/tcc/data/lfw/lfw-funneled/Denzel_Washington/Denzel_Washington_0003.jpg,0.599444900717094,1
/home/anitadonato/tcc/tcc/data/lfw/lfw-funneled/Denzel_Washington/Denzel_Washington_0002.jpg,/home/anitadonato/tcc/tcc/data/lfw/lfw-funneled/Denzel_Washington/Denzel_Washington_0004.jpg,0.5998352893887867,1
/home/anitadonato/tcc/tcc/data/lfw/lfw-funneled/Denzel_Washington/Denzel_Washington_0001.jpg,/home/anitadonato/tcc/tcc/data/lfw/lfw-funneled/Denzel_Washington/Denzel_Washington_0003.jpg,0.31763707424496623,1
/home/anitadonato/tcc/tcc/data/lfw/lfw-funneled/Denzel_Washington/Denzel_Washington_0001.jpg,/home/anitadonato/tcc/tcc/data/lfw/lfw-funneled/Denzel_Washington/Denzel_Washington_0004.jpg,0.5648536757245581,1
/home/anitadonato/tcc/tcc/data/lfw/lfw-funneled/Denzel_Washington/Denzel_Washington_0003.jpg,/home/anitadonato/tcc/tcc/data/lfw/lfw-funneled/Denzel_Washington/Denzel_Washington_0004.jpg,0.5506110777900436,1
/home/anitadonato/tcc/tcc/data/lfw/lfw-funneled/Megawati_Sukarnoputri/Megawati_Sukarnoputri_0018.jpg,/home/anitadonato/tcc/tcc/data/lfw/lfw-funneled/Megawati_Sukarnoputri/Megawati_Sukarnoputri_0019.jpg,0.5507140000242161,1
/home/anitadonato/tcc/tcc/data/lfw/lfw-funneled/Megawati_Sukarnoputri/Megawati_Sukarnoputri_0018.jpg,/home/anitadonato/tcc/tcc/data/lfw/lfw-funneled/Megawati_Sukarnoputri/Megawati_Sukarnoputri_0007.jpg,0.41056504814132455,1
/home/anitadonato/tcc/tcc/data/lfw/lfw-funneled/Megawati_Sukarnoputri/Megawati_Sukarnoputri_0018.jpg,/home/anitadonato/tcc/tcc/data/lfw/lfw-funneled/Megawati_Sukarnoputri/Megawati_Sukarnoputri_0013.jpg,0.45609892827708653,1
/home/anitadonato/tcc/tcc/data/lfw/lfw-funneled/Megawati_Sukarnoputri/Megawati_Sukarnoputri_0018.jpg,/home/anitadonato/tcc/tcc/data/lfw/lfw-funneled/Megawati_Sukarnoputri/Megawati_Sukarnoputri_0015.jpg,0.45841514501174174,1
/home/anitadonato/tcc/tcc/data/lfw/lfw-funneled/Megawati_Sukarnoputri/Megawati_Sukarnoputri_0019.jpg,/home/anitadonato/tcc/tcc/data/lfw/lfw-funneled/Megawati_Sukarnoputri/Megawati_Sukarnoputri_0007.jpg,0.6106253863481546,1
/home/anitadonato/tcc/tcc/data/lfw/lfw-funneled/Megawati_Sukarnoputri/Megawati_Sukarnoputri_0019.jpg,/home/anitadonato/tcc/tcc/data/lfw/lfw-funneled/Megawati_Sukarnoputri/Megawati_Sukarnoputri_0013.jpg,0.3988921450778343,1
/home/anitadonato/tcc/tcc/data/lfw/lfw-funneled/Megawati_Sukarnoputri/Megawati_Sukarnoputri_0019.jpg,/home/anitadonato/tcc/tcc/data/lfw/lfw-funneled/Megawati_Sukarnoputri/Megawati_Sukarnoputri_0015.jpg,0.28858644320298066,1
/home/anitadonato/tcc/tcc/data/lfw/lfw-funneled/Megawati_Sukarnoputri/Megawati_Sukarnoputri_0007.jpg,/home/anitadonato/tcc/tcc/data/lfw/lfw-funneled/Megawati_Sukarnoputri/Megawati_Sukarnoputri_0013.jpg,0.5337009734171225,1
/home/anitadonato/tcc/tcc/data/lfw/lfw-funneled/Megawati_Sukarnoputri/Megawati_Sukarnoputri_0007.jpg,/home/anitadonato/tcc/tcc/data/lfw/lfw-funneled/Megawati_Sukarnoputri/Megawati_Sukarnoputri_0015.jpg,0.5361172093511835,1
/home/anitadonato/tcc/tcc/data/lfw/lfw-funneled/Megawati_Sukarnoputri/Megawati_Sukarnoputri_0013.jpg,/home/anitadonato/tcc/tcc/data/lfw/lfw-funneled/Megawati_Sukarnoputri/Megawati_Sukarnoputri_0015.jpg,0.4595236366726667,1
/home/anitadonato/tcc/tcc/data/lfw/lfw-funneled/Cameron_Diaz/Cameron_Diaz_0003.jpg,/home/anitadonato/tcc/tcc/data/lfw/lfw-funneled/Cameron_Diaz/Cameron_Diaz_0002.jpg,0.5385264964242746,1
/home/anitadonato/tcc/tcc/data/lfw/lfw-funneled/Cameron_Diaz/Cameron_Diaz_0003.jpg,/home/anitadonato/tcc/tcc/data/lfw/lfw-funneled/Cameron_Diaz/Cameron_Diaz_0006.jpg,0.6388975954628313,1
/home/anitadonato/tcc/tcc/data/lfw/lfw-funneled/Cameron_Diaz/Cameron_Diaz_0003.jpg,/home/anitadonato/tcc/tcc/data/lfw/lfw-funneled/Cameron_Diaz/Cameron_Diaz_0001.jpg,0.5384457954091295,1
/home/anitadonato/tcc/tcc/data/lfw/lfw-funneled/Cameron_Diaz/Cameron_Diaz_0003.jpg,/home/anitadonato/tcc/tcc/data/lfw/lfw-funneled/Cameron_Diaz/Cameron_Diaz_0004.jpg,0.42836765394275356,1
/home/anitadonato/tcc/tcc/data/lfw/lfw-funneled/Cameron_Diaz/Cameron_Diaz_0002.jpg,/home/anitadonato/tcc/tcc/data/lfw/lfw-funneled/Cameron_Diaz/Cameron_Diaz_0006.jpg,0.5416724698100115,1
/home/anitadonato/tcc/tcc/data/lfw/lfw-funneled/Cameron_Diaz/Cameron_Diaz_0002.jpg,/home/anitadonato/tcc/tcc/data/lfw/lfw-funneled/Cameron_Diaz/Cameron_Diaz_0001.jpg,0.4709037925566769,1
/home/anitadonato/tcc/tcc/data/lfw/lfw-funneled/Cameron_Diaz/Cameron_Diaz_0002.jpg,/home/anitadonato/tcc/tcc/data/lfw/lfw-funneled/Cameron_Diaz/Cameron_Diaz_0004.jpg,0.5791541842254593,1
/home/anitadonato/tcc/tcc/data/lfw/lfw-funneled/Cameron_Diaz/Cameron_Diaz_0006.jpg,/home/anitadonato/tcc/tcc/data/lfw/lfw-funneled/Cameron_Diaz/Cameron_Diaz_0001.jpg,0.6703210405480297,1
/home/anitadonato/tcc/tcc/data/lfw/lfw-funneled/Cameron_Diaz/Cameron_Diaz_0006.jpg,/home/anitadonato/tcc/tcc/data/lfw/lfw-funneled/Cameron_Diaz/Cameron_Diaz_0004.jpg,0.4249592926325354,1
/home/anitadonato/tcc/tcc/data/lfw/lfw-funneled/Cameron_Diaz/Cameron_Diaz_0001.jpg,/home/anitadonato/tcc/tcc/data/lfw/lfw-funneled/Cameron_Diaz/Cameron_Diaz_0004.jpg,0.4609398457811201,1
/home/anitadonato/tcc/tcc/data/lfw/lfw-funneled/JK_Rowling/JK_Rowling_0003.jpg,/home/anitadonato/tcc/tcc/data/lfw/lfw-funneled/JK_Rowling/JK_Rowling_0001.jpg,0.6057170814046112,1
/home/anitadonato/tcc/tcc/data/lfw/lfw-funneled/JK_Rowling/JK_Rowling_0003.jpg,/home/anitadonato/tcc/tcc/data/lfw/lfw-funneled/JK_Rowling/JK_Rowling_0005.jpg,0.6744331850172834,1
/home/anitadonato/tcc/tcc/data/lfw/lfw-funneled/JK_Rowling/JK_Rowling_0003.jpg,/home/anitadonato/tcc/tcc/data/lfw/lfw-funneled/JK_Rowling/JK_Rowling_0006.jpg,0.8451579152266036,1
/home/anitadonato/tcc/tcc/data/lfw/lfw-funneled/JK_Rowling/JK_Rowling_0003.jpg,/home/anitadonato/tcc/tcc/data/lfw/lfw-funneled/JK_Rowling/JK_Rowling_0002.jpg,0.5722024601739746,1
/home/anitadonato/tcc/tcc/data/lfw/lfw-funneled/JK_Rowling/JK_Rowling_0001.jpg,/home/anitadonato/tcc/tcc/data/lfw/lfw-funneled/JK_Rowling/JK_Rowling_0005.jpg,0.4100220400275848,1
/home/anitadonato/tcc/tcc/data/lfw/lfw-funneled/JK_Rowling/JK_Rowling_0001.jpg,/home/anitadonato/tcc/tcc/data/lfw/lfw-funneled/JK_Rowling/JK_Rowling_0006.jpg,0.8675973937584606,1
/home/anitadonato/tcc/tcc/data/lfw/lfw-funneled/JK_Rowling/JK_Rowling_0001.jpg,/home/anitadonato/tcc/tcc/data/lfw/lfw-funneled/JK_Rowling/JK_Rowling_0002.jpg,0.6376170110513547,1
/home/anitadonato/tcc/tcc/data/lfw/lfw-funneled/JK_Rowling/JK_Rowling_0005.jpg,/home/anitadonato/tcc/tcc/data/lfw/lfw-funneled/JK_Rowling/JK_Rowling_0006.jpg,0.8198908857073163,1
/home/anitadonato/tcc/tcc/data/lfw/lfw-funneled/JK_Rowling/JK_Rowling_0005.jpg,/home/anitadonato/tcc/tcc/data/lfw/lfw-funneled/JK_Rowling/JK_Rowling_0002.jpg,0.5489891709253704,1
/home/anitadonato/tcc/tcc/data/lfw/lfw-funneled/JK_Rowling/JK_Rowling_0006.jpg,/home/anitadonato/tcc/tcc/data/lfw/lfw-funneled/JK_Rowling/JK_Rowling_0002.jpg,0.7149119982554263,1
/home/anitadonato/tcc/tcc/data/lfw/lfw-funneled/Michael_Schumacher/Michael_Schumacher_0005.jpg,/home/anitadonato/tcc/tcc/data/lfw/lfw-funneled/Michael_Schumacher/Michael_Schumacher_0016.jpg,0.5591868846206067,1
/home/anitadonato/tcc/tcc/data/lfw/lfw-funneled/Michael_Schumacher/Michael_Schumacher_0005.jpg,/home/anitadonato/tcc/tcc/data/lfw/lfw-funneled/Michael_Schumacher/Michael_Schumacher_0004.jpg,0.5280663951782543,1
/home/anitadonato/tcc/tcc/data/lfw/lfw-funneled/Michael_Schumacher/Michael_Schumacher_0005.jpg,/home/anitadonato/tcc/tcc/data/lfw/lfw-funneled/Michael_Schumacher/Michael_Schumacher_0014.jpg,0.7014543925254512,1
/home/anitadonato/tcc/tcc/data/lfw/lfw-funneled/Michael_Schumacher/Michael_Schumacher_0005.jpg,/home/anitadonato/tcc/tcc/data/lfw/lfw-funneled/Michael_Schumacher/Michael_Schumacher_0001.jpg,0.6207468214047412,1
/home/anitadonato/tcc/tcc/data/lfw/lfw-funneled/Michael_Schumacher/Michael_Schumacher_0016.jpg,/home/anitadonato/tcc/tcc/data/lfw/lfw-funneled/Michael_Schumacher/Michael_Schumacher_0004.jpg,0.5125897613730388,1
/home/anitadonato/tcc/tcc/data/lfw/lfw-funneled/Michael_Schumacher/Michael_Schumacher_0016.jpg,/home/anitadonato/tcc/tcc/data/lfw/lfw-funneled/Michael_Schumacher/Michael_Schumacher_0014.jpg,0.7154631124514237,1
/home/anitadonato/tcc/tcc/data/lfw/lfw-funneled/Michael_Schumacher/Michael_Schumacher_0016.jpg,/home/anitadonato/tcc/tcc/data/lfw/lfw-funneled/Michael_Schumacher/Michael_Schumacher_0001.jpg,0.6062778890649005,1
/home/anitadonato/tcc/tcc/data/lfw/lfw-funneled/Michael_Schumacher/Michael_Schumacher_0004.jpg,/home/anitadonato/tcc/tcc/data/lfw/lfw-funneled/Michael_Schumacher/Michael_Schumacher_0014.jpg,0.777523734790746,1
/home/anitadonato/tcc/tcc/data/lfw/lfw-funneled/Michael_Schumacher/Michael_Schumacher_0004.jpg,/home/anitadonato/tcc/tcc/data/lfw/lfw-funneled/Michael_Schumacher/Michael_Schumacher_0001.jpg,0.3706050262628291,1
/home/anitadonato/tcc/tcc/data/lfw/lfw-funneled/Michael_Schumacher/Michael_Schumacher_0014.jpg,/home/anitadonato/tcc/tcc/data/lfw/lfw-funneled/Michael_Schumacher/Michael_Schumacher_0001.jpg,0.6731288647071505,1
/home/anitadonato/tcc/tcc/data/lfw/lfw-funneled/Valery_Giscard_dEstaing/Valery_Giscard_dEstaing_0005.jpg,/home/anitadonato/tcc/tcc/data/lfw/lfw-funneled/Valery_Giscard_dEstaing/Valery_Giscard_dEstaing_0003.jpg,0.31615346226447727,1
/home/anitadonato/tcc/tcc/data/lfw/lfw-funneled/Valery_Giscard_dEstaing/Valery_Giscard_dEstaing_0005.jpg,/home/anitadonato/tcc/tcc/data/lfw/lfw-funneled/Valery_Giscard_dEstaing/Valery_Giscard_dEstaing_0004.jpg,0.34460280218990824,1
/home/anitadonato/tcc/tcc/data/lfw/lfw-funneled/Valery_Giscard_dEstaing/Valery_Giscard_dEstaing_0005.jpg,/home/anitadonato/tcc/tcc/data/lfw/lfw-funneled/Valery_Giscard_dEstaing/Valery_Giscard_dEstaing_0002.jpg,0.582544801454058,1
/home/anitadonato/tcc/tcc/data/lfw/lfw-funneled/Valery_Giscard_dEstaing/Valery_Giscard_dEstaing_0005.jpg,/home/anitadonato/tcc/tcc/data/lfw/lfw-funneled/Valery_Giscard_dEstaing/Valery_Giscard_dEstaing_0006.jpg,0.4156231517293938,1
/home/anitadonato/tcc/tcc/data/lfw/lfw-funneled/Valery_Giscard_dEstaing/Valery_Giscard_dEstaing_0003.jpg,/home/anitadonato/tcc/tcc/data/lfw/lfw-funneled/Valery_Giscard_dEstaing/Valery_Giscard_dEstaing_0004.jpg,0.4582739217010754,1
/home/anitadonato/tcc/tcc/data/lfw/lfw-funneled/Valery_Giscard_dEstaing/Valery_Giscard_dEstaing_0003.jpg,/home/anitadonato/tcc/tcc/data/lfw/lfw-funneled/Valery_Giscard_dEstaing/Valery_Giscard_dEstaing_0002.jpg,0.5585919975123537,1
/home/anitadonato/tcc/tcc/data/lfw/lfw-funneled/Valery_Giscard_dEstaing/Valery_Giscard_dEstaing_0003.jpg,/home/anitadonato/tcc/tcc/data/lfw/lfw-funneled/Valery_Giscard_dEstaing/Valery_Giscard_dEstaing_0006.jpg,0.39814650803701146,1
/home/anitadonato/tcc/tcc/data/lfw/lfw-funneled/Valery_Giscard_dEstaing/Valery_Giscard_dEstaing_0004.jpg,/home/anitadonato/tcc/tcc/data/lfw/lfw-funneled/Valery_Giscard_dEstaing/Valery_Giscard_dEstaing_0002.jpg,0.5028446098600791,1
/home/anitadonato/tcc/tcc/data/lfw/lfw-funneled/Valery_Giscard_dEstaing/Valery_Giscard_dEstaing_0004.jpg,/home/anitadonato/tcc/tcc/data/lfw/lfw-funneled/Valery_Giscard_dEstaing/Valery_Giscard_dEstaing_0006.jpg,0.3380315725195703,1
/home/anitadonato/tcc/tcc/data/lfw/lfw-funneled/Valery_Giscard_dEstaing/Valery_Giscard_dEstaing_0002.jpg,/home/anitadonato/tcc/tcc/data/lfw/lfw-funneled/Valery_Giscard_dEstaing/Valery_Giscard_dEstaing_0006.jpg,0.4983348308151706,1
/home/anitadonato/tcc/tcc/data/lfw/lfw-funneled/Nicanor_Duarte_Frutos/Nicanor_Duarte_Frutos_0006.jpg,/home/anitadonato/tcc/tcc/data/lfw/lfw-funneled/Nicanor_Duarte_Frutos/Nicanor_Duarte_Frutos_0003.jpg,0.38180791189832464,1
/home/anitadonato/tcc/tcc/data/lfw/lfw-funneled/Nicanor_Duarte_Frutos/Nicanor_Duarte_Frutos_0006.jpg,/home/anitadonato/tcc/tcc/data/lfw/lfw-funneled/Nicanor_Duarte_Frutos/Nicanor_Duarte_Frutos_0001.jpg,0.37353533886617885,1
/home/anitadonato/tcc/tcc/data/lfw/lfw-funneled/Nicanor_Duarte_Frutos/Nicanor_Duarte_Frutos_0006.jpg,/home/anitadonato/tcc/tcc/data/lfw/lfw-funneled/Nicanor_Duarte_Frutos/Nicanor_Duarte_Frutos_0005.jpg,0.43542515131005566,1
/home/anitadonato/tcc/tcc/data/lfw/lfw-funneled/Nicanor_Duarte_Frutos/Nicanor_Duarte_Frutos_0006.jpg,/home/anitadonato/tcc/tcc/data/lfw/lfw-funneled/Nicanor_Duarte_Frutos/Nicanor_Duarte_Frutos_0007.jpg,0.1711928452116922,1
/home/anitadonato/tcc/tcc/data/lfw/lfw-funneled/Nicanor_Duarte_Frutos/Nicanor_Duarte_Frutos_0003.jpg,/home/anitadonato/tcc/tcc/data/lfw/lfw-funneled/Nicanor_Duarte_Frutos/Nicanor_Duarte_Frutos_0001.jpg,0.34067573275145757,1
/home/anitadonato/tcc/tcc/data/lfw/lfw-funneled/Nicanor_Duarte_Frutos/Nicanor_Duarte_Frutos_0003.jpg,/home/anitadonato/tcc/tcc/data/lfw/lfw-funneled/Nicanor_Duarte_Frutos/Nicanor_Duarte_Frutos_0005.jpg,0.4036999745291293,1
/home/anitadonato/tcc/tcc/data/lfw/lfw-funneled/Nicanor_Duarte_Frutos/Nicanor_Duarte_Frutos_0003.jpg,/home/anitadonato/tcc/tcc/data/lfw/lfw-funneled/Nicanor_Duarte_Frutos/Nicanor_Duarte_Frutos_0007.jpg,0.27464344478011227,1
/home/anitadonato/tcc/tcc/data/lfw/lfw-funneled/Nicanor_Duarte_Frutos/Nicanor_Duarte_Frutos_0001.jpg,/home/anitadonato/tcc/tcc/data/lfw/lfw-funneled/Nicanor_Duarte_Frutos/Nicanor_Duarte_Frutos_0005.jpg,0.48991380622135505,1
/home/anitadonato/tcc/tcc/data/lfw/lfw-funneled/Nicanor_Duarte_Frutos/Nicanor_Duarte_Frutos_0001.jpg,/home/anitadonato/tcc/tcc/data/lfw/lfw-funneled/Nicanor_Duarte_Frutos/Nicanor_Duarte_Frutos_0007.jpg,0.29530555043621154,1
/home/anitadonato/tcc/tcc/data/lfw/lfw-funneled/Nicanor_Duarte_Frutos/Nicanor_Duarte_Frutos_0005.jpg,/home/anitadonato/tcc/tcc/data/lfw/lfw-funneled/Nicanor_Duarte_Frutos/Nicanor_Duarte_Frutos_0007.jpg,0.4179568796541362,1
/home/anitadonato/tcc/tcc/data/lfw/lfw-funneled/John_Manley/John_Manley_0004.jpg,/home/anitadonato/tcc/tcc/data/lfw/lfw-funneled/John_Manley/John_Manley_0001.jpg,0.6437952239296129,1
/home/anitadonato/tcc/tcc/data/lfw/lfw-funneled/John_Manley/John_Manley_0004.jpg,/home/anitadonato/tcc/tcc/data/lfw/lfw-funneled/John_Manley/John_Manley_0006.jpg,0.6050774062513582,1
/home/anitadonato/tcc/tcc/data/lfw/lfw-funneled/John_Manley/John_Manley_0004.jpg,/home/anitadonato/tcc/tcc/data/lfw/lfw-funneled/John_Manley/John_Manley_0007.jpg,0.5753573082862653,1
/home/anitadonato/tcc/tcc/data/lfw/lfw-funneled/John_Manley/John_Manley_0004.jpg,/home/anitadonato/tcc/tcc/data/lfw/lfw-funneled/John_Manley/John_Manley_0002.jpg,0.7013593803152172,1
/home/anitadonato/tcc/tcc/data/lfw/lfw-funneled/John_Manley/John_Manley_0001.jpg,/home/anitadonato/tcc/tcc/data/lfw/lfw-funneled/John_Manley/John_Manley_0006.jpg,0.7100489572931823,1
/home/anitadonato/tcc/tcc/data/lfw/lfw-funneled/John_Manley/John_Manley_0001.jpg,/home/anitadonato/tcc/tcc/data/lfw/lfw-funneled/John_Manley/John_Manley_0007.jpg,0.40480355111601407,1
/home/anitadonato/tcc/tcc/data/lfw/lfw-funneled/John_Manley/John_Manley_0001.jpg,/home/anitadonato/tcc/tcc/data/lfw/lfw-funneled/John_Manley/John_Manley_0002.jpg,0.44478080641546147,1
/home/anitadonato/tcc/tcc/data/lfw/lfw-funneled/John_Manley/John_Manley_0006.jpg,/home/anitadonato/tcc/tcc/data/lfw/lfw-funneled/John_Manley/John_Manley_0007.jpg,0.6235433348873678,1
/home/anitadonato/tcc/tcc/data/lfw/lfw-funneled/John_Manley/John_Manley_0006.jpg,/home/anitadonato/tcc/tcc/data/lfw/lfw-funneled/John_Manley/John_Manley_0002.jpg,0.6929587941441848,1
/home/anitadonato/tcc/tcc/data/lfw/lfw-funneled/John_Manley/John_Manley_0007.jpg,/home/anitadonato/tcc/tcc/data/lfw/lfw-funneled/John_Manley/John_Manley_0002.jpg,0.4077695571165264,1
/home/anitadonato/tcc/tcc/data/lfw/lfw-funneled/Cruz_Bustamante/Cruz_Bustamante_0001.jpg,/home/anitadonato/tcc/tcc/data/lfw/lfw-funneled/Cruz_Bustamante/Cruz_Bustamante_0005.jpg,0.42029562687991606,1
/home/anitadonato/tcc/tcc/data/lfw/lfw-funneled/Cruz_Bustamante/Cruz_Bustamante_0001.jpg,/home/anitadonato/tcc/tcc/data/lfw/lfw-funneled/Cruz_Bustamante/Cruz_Bustamante_0004.jpg,0.4179251740316412,1
/home/anitadonato/tcc/tcc/data/lfw/lfw-funneled/Cruz_Bustamante/Cruz_Bustamante_0001.jpg,/home/anitadonato/tcc/tcc/data/lfw/lfw-funneled/Cruz_Bustamante/Cruz_Bustamante_0003.jpg,0.9701179029076885,1
/home/anitadonato/tcc/tcc/data/lfw/lfw-funneled/Cruz_Bustamante/Cruz_Bustamante_0001.jpg,/home/anitadonato/tcc/tcc/data/lfw/lfw-funneled/Cruz_Bustamante/Cruz_Bustamante_0002.jpg,0.2690954711670226,1
/home/anitadonato/tcc/tcc/data/lfw/lfw-funneled/Cruz_Bustamante/Cruz_Bustamante_0005.jpg,/home/anitadonato/tcc/tcc/data/lfw/lfw-funneled/Cruz_Bustamante/Cruz_Bustamante_0004.jpg,0.47582583891229746,1
/home/anitadonato/tcc/tcc/data/lfw/lfw-funneled/Cruz_Bustamante/Cruz_Bustamante_0005.jpg,/home/anitadonato/tcc/tcc/data/lfw/lfw-funneled/Cruz_Bustamante/Cruz_Bustamante_0003.jpg,0.8801134362448567,1
/home/anitadonato/tcc/tcc/data/lfw/lfw-funneled/Cruz_Bustamante/Cruz_Bustamante_0005.jpg,/home/anitadonato/tcc/tcc/data/lfw/lfw-funneled/Cruz_Bustamante/Cruz_Bustamante_0002.jpg,0.3844216512448446,1
/home/anitadonato/tcc/tcc/data/lfw/lfw-funneled/Cruz_Bustamante/Cruz_Bustamante_0004.jpg,/home/anitadonato/tcc/tcc/data/lfw/lfw-funneled/Cruz_Bustamante/Cruz_Bustamante_0003.jpg,0.9318669629269775,1
/home/anitadonato/tcc/tcc/data/lfw/lfw-funneled/Cruz_Bustamante/Cruz_Bustamante_0004.jpg,/home/anitadonato/tcc/tcc/data/lfw/lfw-funneled/Cruz_Bustamante/Cruz_Bustamante_0002.jpg,0.33665883601639457,1
/home/anitadonato/tcc/tcc/data/lfw/lfw-funneled/Cruz_Bustamante/Cruz_Bustamante_0003.jpg,/home/anitadonato/tcc/tcc/data/lfw/lfw-funneled/Cruz_Bustamante/Cruz_Bustamante_0002.jpg,0.9554427167144307,1
/home/anitadonato/tcc/tcc/data/lfw/lfw-funneled/Abdullah_Gul/Abdullah_Gul_0003.jpg,/home/anitadonato/tcc/tcc/data/lfw/lfw-funneled/Abdullah_Gul/Abdullah_Gul_0008.jpg,0.35723319992348257,1
/home/anitadonato/tcc/tcc/data/lfw/lfw-funneled/Abdullah_Gul/Abdullah_Gul_0003.jpg,/home/anitadonato/tcc/tcc/data/lfw/lfw-funneled/Abdullah_Gul/Abdullah_Gul_0004.jpg,0.3008379373739005,1
/home/anitadonato/tcc/tcc/data/lfw/lfw-funneled/Abdullah_Gul/Abdullah_Gul_0003.jpg,/home/anitadonato/tcc/tcc/data/lfw/lfw-funneled/Abdullah_Gul/Abdullah_Gul_0014.jpg,0.24132303091203988,1
/home/anitadonato/tcc/tcc/data/lfw/lfw-funneled/Abdullah_Gul/Abdullah_Gul_0003.jpg,/home/anitadonato/tcc/tcc/data/lfw/lfw-funneled/Abdullah_Gul/Abdullah_Gul_0010.jpg,0.32564056225104354,1
/home/anitadonato/tcc/tcc/data/lfw/lfw-funneled/Abdullah_Gul/Abdullah_Gul_0008.jpg,/home/anitadonato/tcc/tcc/data/lfw/lfw-funneled/Abdullah_Gul/Abdullah_Gul_0004.jpg,0.14349860928336455,1
/home/anitadonato/tcc/tcc/data/lfw/lfw-funneled/Abdullah_Gul/Abdullah_Gul_0008.jpg,/home/anitadonato/tcc/tcc/data/lfw/lfw-funneled/Abdullah_Gul/Abdullah_Gul_0014.jpg,0.1920596382528026,1
/home/anitadonato/tcc/tcc/data/lfw/lfw-funneled/Abdullah_Gul/Abdullah_Gul_0008.jpg,/home/anitadonato/tcc/tcc/data/lfw/lfw-funneled/Abdullah_Gul/Abdullah_Gul_0010.jpg,0.07658285724227354,1
/home/anitadonato/tcc/tcc/data/lfw/lfw-funneled/Abdullah_Gul/Abdullah_Gul_0004.jpg,/home/anitadonato/tcc/tcc/data/lfw/lfw-funneled/Abdullah_Gul/Abdullah_Gul_0014.jpg,0.2234481028103127,1
/home/anitadonato/tcc/tcc/data/lfw/lfw-funneled/Abdullah_Gul/Abdullah_Gul_0004.jpg,/home/anitadonato/tcc/tcc/data/lfw/lfw-funneled/Abdullah_Gul/Abdullah_Gul_0010.jpg,0.1591644435282522,1
/home/anitadonato/tcc/tcc/data/lfw/lfw-funneled/Abdullah_Gul/Abdullah_Gul_0014.jpg,/home/anitadonato/tcc/tcc/data/lfw/lfw-funneled/Abdullah_Gul/Abdullah_Gul_0010.jpg,0.2152386771044027,1
/home/anitadonato/tcc/tcc/data/lfw/lfw-funneled/Jean-David_Levitte/Jean-David_Levitte_0010.jpg,/home/anitadonato/tcc/tcc/data/lfw/lfw-funneled/Jean-David_Levitte/Jean-David_Levitte_0004.jpg,0.5619776310155107,1
/home/anitadonato/tcc/tcc/data/lfw/lfw-funneled/Jean-David_Levitte/Jean-David_Levitte_0010.jpg,/home/anitadonato/tcc/tcc/data/lfw/lfw-funneled/Jean-David_Levitte/Jean-David_Levitte_0007.jpg,0.5147727225408835,1
/home/anitadonato/tcc/tcc/data/lfw/lfw-funneled/Jean-David_Levitte/Jean-David_Levitte_0010.jpg,/home/anitadonato/tcc/tcc/data/lfw/lfw-funneled/Jean-David_Levitte/Jean-David_Levitte_0009.jpg,0.5645647604311446,1
/home/anitadonato/tcc/tcc/data/lfw/lfw-funneled/Jean-David_Levitte/Jean-David_Levitte_0010.jpg,/home/anitadonato/tcc/tcc/data/lfw/lfw-funneled/Jean-David_Levitte/Jean-David_Levitte_0008.jpg,0.5260582970183434,1
/home/anitadonato/tcc/tcc/data/lfw/lfw-funneled/Jean-David_Levitte/Jean-David_Levitte_0004.jpg,/home/anitadonato/tcc/tcc/data/lfw/lfw-funneled/Jean-David_Levitte/Jean-David_Levitte_0007.jpg,0.5579797422627393,1
/home/anitadonato/tcc/tcc/data/lfw/lfw-funneled/Jean-David_Levitte/Jean-David_Levitte_0004.jpg,/home/anitadonato/tcc/tcc/data/lfw/lfw-funneled/Jean-David_Levitte/Jean-David_Levitte_0009.jpg,0.5433162389164385,1
/home/anitadonato/tcc/tcc/data/lfw/lfw-funneled/Jean-David_Levitte/Jean-David_Levitte_0004.jpg,/home/anitadonato/tcc/tcc/data/lfw/lfw-funneled/Jean-David_Levitte/Jean-David_Levitte_0008.jpg,0.41255206251056087,1
/home/anitadonato/tcc/tcc/data/lfw/lfw-funneled/Jean-David_Levitte/Jean-David_Levitte_0007.jpg,/home/anitadonato/tcc/tcc/data/lfw/lfw-funneled/Jean-David_Levitte/Jean-David_Levitte_0009.jpg,0.33572502558962714,1
/home/anitadonato/tcc/tcc/data/lfw/lfw-funneled/Jean-David_Levitte/Jean-David_Levitte_0007.jpg,/home/anitadonato/tcc/tcc/data/lfw/lfw-funneled/Jean-David_Levitte/Jean-David_Levitte_0008.jpg,0.531440020767437,1
/home/anitadonato/tcc/tcc/data/lfw/lfw-funneled/Jean-David_Levitte/Jean-David_Levitte_0009.jpg,/home/anitadonato/tcc/tcc/data/lfw/lfw-funneled/Jean-David_Levitte/Jean-David_Levitte_0008.jpg,0.5702073770575855,1
/home/anitadonato/tcc/tcc/data/lfw/lfw-funneled/Maria_Soledad_Alvear_Valenzuela/Maria_Soledad_Alvear_Valenzuela_0003.jpg,/home/anitadonato/tcc/tcc/data/lfw/lfw-funneled/Maria_Soledad_Alvear_Valenzuela/Maria_Soledad_Alvear_Valenzuela_0004.jpg,0.31240684722836065,1
/home/anitadonato/tcc/tcc/data/lfw/lfw-funneled/Maria_Soledad_Alvear_Valenzuela/Maria_Soledad_Alvear_Valenzuela_0003.jpg,/home/anitadonato/tcc/tcc/data/lfw/lfw-funneled/Maria_Soledad_Alvear_Valenzuela/Maria_Soledad_Alvear_Valenzuela_0002.jpg,0.575964197449869,1
/home/anitadonato/tcc/tcc/data/lfw/lfw-funneled/Maria_Soledad_Alvear_Valenzuela/Maria_Soledad_Alvear_Valenzuela_0003.jpg,/home/anitadonato/tcc/tcc/data/lfw/lfw-funneled/Maria_Soledad_Alvear_Valenzuela/Maria_Soledad_Alvear_Valenzuela_0001.jpg,0.47589143760963004,1
/home/anitadonato/tcc/tcc/data/lfw/lfw-funneled/Maria_Soledad_Alvear_Valenzuela/Maria_Soledad_Alvear_Valenzuela_0003.jpg,/home/anitadonato/tcc/tcc/data/lfw/lfw-funneled/Maria_Soledad_Alvear_Valenzuela/Maria_Soledad_Alvear_Valenzuela_0005.jpg,0.30856066779367997,1
/home/anitadonato/tcc/tcc/data/lfw/lfw-funneled/Maria_Soledad_Alvear_Valenzuela/Maria_Soledad_Alvear_Valenzuela_0004.jpg,/home/anitadonato/tcc/tcc/data/lfw/lfw-funneled/Maria_Soledad_Alvear_Valenzuela/Maria_Soledad_Alvear_Valenzuela_0002.jpg,0.6961087662176877,1
/home/anitadonato/tcc/tcc/data/lfw/lfw-funneled/Maria_Soledad_Alvear_Valenzuela/Maria_Soledad_Alvear_Valenzuela_0004.jpg,/home/anitadonato/tcc/tcc/data/lfw/lfw-funneled/Maria_Soledad_Alvear_Valenzuela/Maria_Soledad_Alvear_Valenzuela_0001.jpg,0.596159763319328,1
/home/anitadonato/tcc/tcc/data/lfw/lfw-funneled/Maria_Soledad_Alvear_Valenzuela/Maria_Soledad_Alvear_Valenzuela_0004.jpg,/home/anitadonato/tcc/tcc/data/lfw/lfw-funneled/Maria_Soledad_Alvear_Valenzuela/Maria_Soledad_Alvear_Valenzuela_0005.jpg,0.10797104965696114,1
/home/anitadonato/tcc/tcc/data/lfw/lfw-funneled/Maria_Soledad_Alvear_Valenzuela/Maria_Soledad_Alvear_Valenzuela_0002.jpg,/home/anitadonato/tcc/tcc/data/lfw/lfw-funneled/Maria_Soledad_Alvear_Valenzuela/Maria_Soledad_Alvear_Valenzuela_0001.jpg,0.6247264391743121,1
/home/anitadonato/tcc/tcc/data/lfw/lfw-funneled/Maria_Soledad_Alvear_Valenzuela/Maria_Soledad_Alvear_Valenzuela_0002.jpg,/home/anitadonato/tcc/tcc/data/lfw/lfw-funneled/Maria_Soledad_Alvear_Valenzuela/Maria_Soledad_Alvear_Valenzuela_0005.jpg,0.5962780720354411,1
/home/anitadonato/tcc/tcc/data/lfw/lfw-funneled/Maria_Soledad_Alvear_Valenzuela/Maria_Soledad_Alvear_Valenzuela_0001.jpg,/home/anitadonato/tcc/tcc/data/lfw/lfw-funneled/Maria_Soledad_Alvear_Valenzuela/Maria_Soledad_Alvear_Valenzuela_0005.jpg,0.5797600577746632,1
/home/anitadonato/tcc/tcc/data/lfw/lfw-funneled/Alejandro_Toledo/Alejandro_Toledo_0014.jpg,/home/anitadonato/tcc/tcc/data/lfw/lfw-funneled/Alejandro_Toledo/Alejandro_Toledo_0017.jpg,0.6272105657823697,1
/home/anitadonato/tcc/tcc/data/lfw/lfw-funneled/Alejandro_Toledo/Alejandro_Toledo_0014.jpg,/home/anitadonato/tcc/tcc/data/lfw/lfw-funneled/Alejandro_Toledo/Alejandro_Toledo_0006.jpg,0.5704442671050742,1
/home/anitadonato/tcc/tcc/data/lfw/lfw-funneled/Alejandro_Toledo/Alejandro_Toledo_0014.jpg,/home/anitadonato/tcc/tcc/data/lfw/lfw-funneled/Alejandro_Toledo/Alejandro_Toledo_0011.jpg,0.4364392228491881,1
/home/anitadonato/tcc/tcc/data/lfw/lfw-funneled/Alejandro_Toledo/Alejandro_Toledo_0014.jpg,/home/anitadonato/tcc/tcc/data/lfw/lfw-funneled/Alejandro_Toledo/Alejandro_Toledo_0016.jpg,0.5112957333430509,1
/home/anitadonato/tcc/tcc/data/lfw/lfw-funneled/Alejandro_Toledo/Alejandro_Toledo_0017.jpg,/home/anitadonato/tcc/tcc/data/lfw/lfw-funneled/Alejandro_Toledo/Alejandro_Toledo_0006.jpg,0.5059105335080669,1
/home/anitadonato/tcc/tcc/data/lfw/lfw-funneled/Alejandro_Toledo/Alejandro_Toledo_0017.jpg,/home/anitadonato/tcc/tcc/data/lfw/lfw-funneled/Alejandro_Toledo/Alejandro_Toledo_0011.jpg,0.7226564675857516,1
/home/anitadonato/tcc/tcc/data/lfw/lfw-funneled/Alejandro_Toledo/Alejandro_Toledo_0017.jpg,/home/anitadonato/tcc/tcc/data/lfw/lfw-funneled/Alejandro_Toledo/Alejandro_Toledo_0016.jpg,0.6484345060624551,1
/home/anitadonato/tcc/tcc/data/lfw/lfw-funneled/Alejandro_Toledo/Alejandro_Toledo_0006.jpg,/home/anitadonato/tcc/tcc/data/lfw/lfw-funneled/Alejandro_Toledo/Alejandro_Toledo_0011.jpg,0.5392757796689179,1
/home/anitadonato/tcc/tcc/data/lfw/lfw-funneled/Alejandro_Toledo/Alejandro_Toledo_0006.jpg,/home/anitadonato/tcc/tcc/data/lfw/lfw-funneled/Alejandro_Toledo/Alejandro_Toledo_0016.jpg,0.5758084384613273,1
/home/anitadonato/tcc/tcc/data/lfw/lfw-funneled/Alejandro_Toledo/Alejandro_Toledo_0011.jpg,/home/anitadonato/tcc/tcc/data/lfw/lfw-funneled/Alejandro_Toledo/Alejandro_Toledo_0016.jpg,0.5109163659363658,1
/home/anitadonato/tcc/tcc/data/lfw/lfw-funneled/Mohamed_ElBaradei/Mohamed_ElBaradei_0003.jpg,/home/anitadonato/tcc/tcc/data/lfw/lfw-funneled/Mohamed_ElBaradei/Mohamed_ElBaradei_0005.jpg,0.4932326038742122,1
/home/anitadonato/tcc/tcc/data/lfw/lfw-funneled/Mohamed_ElBaradei/Mohamed_ElBaradei_0003.jpg,/home/anitadonato/tcc/tcc/data/lfw/lfw-funneled/Mohamed_ElBaradei/Mohamed_ElBaradei_0001.jpg,0.7350275209802124,1
/home/anitadonato/tcc/tcc/data/lfw/lfw-funneled/Mohamed_ElBaradei/Mohamed_ElBaradei_0003.jpg,/home/anitadonato/tcc/tcc/data/lfw/lfw-funneled/Mohamed_ElBaradei/Mohamed_ElBaradei_0002.jpg,0.4985329064085213,1
/home/anitadonato/tcc/tcc/data/lfw/lfw-funneled/Mohamed_ElBaradei/Mohamed_ElBaradei_0003.jpg,/home/anitadonato/tcc/tcc/data/lfw/lfw-funneled/Mohamed_ElBaradei/Mohamed_ElBaradei_0006.jpg,0.6074096923590571,1
/home/anitadonato/tcc/tcc/data/lfw/lfw-funneled/Mohamed_ElBaradei/Mohamed_ElBaradei_0005.jpg,/home/anitadonato/tcc/tcc/data/lfw/lfw-funneled/Mohamed_ElBaradei/Mohamed_ElBaradei_0001.jpg,0.628414289411628,1
/home/anitadonato/tcc/tcc/data/lfw/lfw-funneled/Mohamed_ElBaradei/Mohamed_ElBaradei_0005.jpg,/home/anitadonato/tcc/tcc/data/lfw/lfw-funneled/Mohamed_ElBaradei/Mohamed_ElBaradei_0002.jpg,0.3791102367965671,1
/home/anitadonato/tcc/tcc/data/lfw/lfw-funneled/Mohamed_ElBaradei/Mohamed_ElBaradei_0005.jpg,/home/anitadonato/tcc/tcc/data/lfw/lfw-funneled/Mohamed_ElBaradei/Mohamed_ElBaradei_0006.jpg,0.3993196847732523,1
/home/anitadonato/tcc/tcc/data/lfw/lfw-funneled/Mohamed_ElBaradei/Mohamed_ElBaradei_0001.jpg,/home/anitadonato/tcc/tcc/data/lfw/lfw-funneled/Mohamed_ElBaradei/Mohamed_ElBaradei_0002.jpg,0.6225116162549995,1
/home/anitadonato/tcc/tcc/data/lfw/lfw-funneled/Mohamed_ElBaradei/Mohamed_ElBaradei_0001.jpg,/home/anitadonato/tcc/tcc/data/lfw/lfw-funneled/Mohamed_ElBaradei/Mohamed_ElBaradei_0006.jpg,0.6000454176785128,1
/home/anitadonato/tcc/tcc/data/lfw/lfw-funneled/Mohamed_ElBaradei/Mohamed_ElBaradei_0002.jpg,/home/anitadonato/tcc/tcc/data/lfw/lfw-funneled/Mohamed_ElBaradei/Mohamed_ElBaradei_0006.jpg,0.4840229292790357,1
/home/anitadonato/tcc/tcc/data/lfw/lfw-funneled/Paul_McCartney/Paul_McCartney_0004.jpg,/home/anitadonato/tcc/tcc/data/lfw/lfw-funneled/Paul_McCartney/Paul_McCartney_0007.jpg,0.4208556721798684,1
/home/anitadonato/tcc/tcc/data/lfw/lfw-funneled/Paul_McCartney/Paul_McCartney_0004.jpg,/home/anitadonato/tcc/tcc/data/lfw/lfw-funneled/Paul_McCartney/Paul_McCartney_0005.jpg,0.3928237877338382,1
/home/anitadonato/tcc/tcc/data/lfw/lfw-funneled/Paul_McCartney/Paul_McCartney_0004.jpg,/home/anitadonato/tcc/tcc/data/lfw/lfw-funneled/Paul_McCartney/Paul_McCartney_0006.jpg,0.31430731862178574,1
/home/anitadonato/tcc/tcc/data/lfw/lfw-funneled/Paul_McCartney/Paul_McCartney_0004.jpg,/home/anitadonato/tcc/tcc/data/lfw/lfw-funneled/Paul_McCartney/Paul_McCartney_0002.jpg,0.2925352537533372,1
/home/anitadonato/tcc/tcc/data/lfw/lfw-funneled/Paul_McCartney/Paul_McCartney_0007.jpg,/home/anitadonato/tcc/tcc/data/lfw/lfw-funneled/Paul_McCartney/Paul_McCartney_0005.jpg,0.3167869144347807,1
/home/anitadonato/tcc/tcc/data/lfw/lfw-funneled/Paul_McCartney/Paul_McCartney_0007.jpg,/home/anitadonato/tcc/tcc/data/lfw/lfw-funneled/Paul_McCartney/Paul_McCartney_0006.jpg,0.30517321311864076,1
/home/anitadonato/tcc/tcc/data/lfw/lfw-funneled/Paul_McCartney/Paul_McCartney_0007.jpg,/home/anitadonato/tcc/tcc/data/lfw/lfw-funneled/Paul_McCartney/Paul_McCartney_0002.jpg,0.34604130953459933,1
/home/anitadonato/tcc/tcc/data/lfw/lfw-funneled/Paul_McCartney/Paul_McCartney_0005.jpg,/home/anitadonato/tcc/tcc/data/lfw/lfw-funneled/Paul_McCartney/Paul_McCartney_0006.jpg,0.3049360866493416,1
/home/anitadonato/tcc/tcc/data/lfw/lfw-funneled/Paul_McCartney/Paul_McCartney_0005.jpg,/home/anitadonato/tcc/tcc/data/lfw/lfw-funneled/Paul_McCartney/Paul_McCartney_0002.jpg,0.4790028482533968,1
/home/anitadonato/tcc/tcc/data/lfw/lfw-funneled/Paul_McCartney/Paul_McCartney_0006.jpg,/home/anitadonato/tcc/tcc/data/lfw/lfw-funneled/Paul_McCartney/Paul_McCartney_0002.jpg,0.3961587315457421,1
/home/anitadonato/tcc/tcc/data/lfw/lfw-funneled/Kurt_Warner/Kurt_Warner_0001.jpg,/home/anitadonato/tcc/tcc/data/lfw/lfw-funneled/Kurt_Warner/Kurt_Warner_0002.jpg,0.6609989429080816,1
/home/anitadonato/tcc/tcc/data/lfw/lfw-funneled/Kurt_Warner/Kurt_Warner_0001.jpg,/home/anitadonato/tcc/tcc/data/lfw/lfw-funneled/Kurt_Warner/Kurt_Warner_0004.jpg,0.6940646993192443,1
/home/anitadonato/tcc/tcc/data/lfw/lfw-funneled/Kurt_Warner/Kurt_Warner_0001.jpg,/home/anitadonato/tcc/tcc/data/lfw/lfw-funneled/Kurt_Warner/Kurt_Warner_0003.jpg,0.6687457421450733,1
/home/anitadonato/tcc/tcc/data/lfw/lfw-funneled/Kurt_Warner/Kurt_Warner_0001.jpg,/home/anitadonato/tcc/tcc/data/lfw/lfw-funneled/Kurt_Warner/Kurt_Warner_0005.jpg,0.645424917373038,1
/home/anitadonato/tcc/tcc/data/lfw/lfw-funneled/Kurt_Warner/Kurt_Warner_0002.jpg,/home/anitadonato/tcc/tcc/data/lfw/lfw-funneled/Kurt_Warner/Kurt_Warner_0004.jpg,0.2182969761124054,1
/home/anitadonato/tcc/tcc/data/lfw/lfw-funneled/Kurt_Warner/Kurt_Warner_0002.jpg,/home/anitadonato/tcc/tcc/data/lfw/lfw-funneled/Kurt_Warner/Kurt_Warner_0003.jpg,0.6668462486544937,1
/home/anitadonato/tcc/tcc/data/lfw/lfw-funneled/Kurt_Warner/Kurt_Warner_0002.jpg,/home/anitadonato/tcc/tcc/data/lfw/lfw-funneled/Kurt_Warner/Kurt_Warner_0005.jpg,0.24514913125884963,1
/home/anitadonato/tcc/tcc/data/lfw/lfw-funneled/Kurt_Warner/Kurt_Warner_0004.jpg,/home/anitadonato/tcc/tcc/data/lfw/lfw-funneled/Kurt_Warner/Kurt_Warner_0003.jpg,0.6562685366505997,1
/home/anitadonato/tcc/tcc/data/lfw/lfw-funneled/Kurt_Warner/Kurt_Warner_0004.jpg,/home/anitadonato/tcc/tcc/data/lfw/lfw-funneled/Kurt_Warner/Kurt_Warner_0005.jpg,0.3615295144651577,1
/home/anitadonato/tcc/tcc/data/lfw/lfw-funneled/Kurt_Warner/Kurt_Warner_0003.jpg,/home/anitadonato/tcc/tcc/data/lfw/lfw-funneled/Kurt_Warner/Kurt_Warner_0005.jpg,0.6768881706924629,1
/home/anitadonato/tcc/tcc/data/lfw/lfw-funneled/Tung_Chee-hwa/Tung_Chee-hwa_0002.jpg,/home/anitadonato/tcc/tcc/data/lfw/lfw-funneled/Tung_Chee-hwa/Tung_Chee-hwa_0004.jpg,0.46069146234067027,1
/home/anitadonato/tcc/tcc/data/lfw/lfw-funneled/Tung_Chee-hwa/Tung_Chee-hwa_0002.jpg,/home/anitadonato/tcc/tcc/data/lfw/lfw-funneled/Tung_Chee-hwa/Tung_Chee-hwa_0003.jpg,0.23075378679564362,1
/home/anitadonato/tcc/tcc/data/lfw/lfw-funneled/Tung_Chee-hwa/Tung_Chee-hwa_0002.jpg,/home/anitadonato/tcc/tcc/data/lfw/lfw-funneled/Tung_Chee-hwa/Tung_Chee-hwa_0006.jpg,0.4755820937201751,1
/home/anitadonato/tcc/tcc/data/lfw/lfw-funneled/Tung_Chee-hwa/Tung_Chee-hwa_0002.jpg,/home/anitadonato/tcc/tcc/data/lfw/lfw-funneled/Tung_Chee-hwa/Tung_Chee-hwa_0005.jpg,0.38437249960547815,1
/home/anitadonato/tcc/tcc/data/lfw/lfw-funneled/Tung_Chee-hwa/Tung_Chee-hwa_0004.jpg,/home/anitadonato/tcc/tcc/data/lfw/lfw-funneled/Tung_Chee-hwa/Tung_Chee-hwa_0003.jpg,0.4147494993725287,1
/home/anitadonato/tcc/tcc/data/lfw/lfw-funneled/Tung_Chee-hwa/Tung_Chee-hwa_0004.jpg,/home/anitadonato/tcc/tcc/data/lfw/lfw-funneled/Tung_Chee-hwa/Tung_Chee-hwa_0006.jpg,0.5156465544680322,1
/home/anitadonato/tcc/tcc/data/lfw/lfw-funneled/Tung_Chee-hwa/Tung_Chee-hwa_0004.jpg,/home/anitadonato/tcc/tcc/data/lfw/lfw-funneled/Tung_Chee-hwa/Tung_Chee-hwa_0005.jpg,0.18314609170670682,1
/home/anitadonato/tcc/tcc/data/lfw/lfw-funneled/Tung_Chee-hwa/Tung_Chee-hwa_0003.jpg,/home/anitadonato/tcc/tcc/data/lfw/lfw-funneled/Tung_Chee-hwa/Tung_Chee-hwa_0006.jpg,0.5396476171825534,1
/home/anitadonato/tcc/tcc/data/lfw/lfw-funneled/Tung_Chee-hwa/Tung_Chee-hwa_0003.jpg,/home/anitadonato/tcc/tcc/data/lfw/lfw-funneled/Tung_Chee-hwa/Tung_Chee-hwa_0005.jpg,0.4193706334395372,1
/home/anitadonato/tcc/tcc/data/lfw/lfw-funneled/Tung_Chee-hwa/Tung_Chee-hwa_0006.jpg,/home/anitadonato/tcc/tcc/data/lfw/lfw-funneled/Tung_Chee-hwa/Tung_Chee-hwa_0005.jpg,0.4731920669332894,1
/home/anitadonato/tcc/tcc/data/lfw/lfw-funneled/Kalpana_Chawla/Kalpana_Chawla_0002.jpg,/home/anitadonato/tcc/tcc/data/lfw/lfw-funneled/Kalpana_Chawla/Kalpana_Chawla_0004.jpg,0.5003916175561904,1
/home/anitadonato/tcc/tcc/data/lfw/lfw-funneled/Kalpana_Chawla/Kalpana_Chawla_0002.jpg,/home/anitadonato/tcc/tcc/data/lfw/lfw-funneled/Kalpana_Chawla/Kalpana_Chawla_0001.jpg,0.3894714327209755,1
/home/anitadonato/tcc/tcc/data/lfw/lfw-funneled/Kalpana_Chawla/Kalpana_Chawla_0002.jpg,/home/anitadonato/tcc/tcc/data/lfw/lfw-funneled/Kalpana_Chawla/Kalpana_Chawla_0003.jpg,0.5488760741285231,1
/home/anitadonato/tcc/tcc/data/lfw/lfw-funneled/Kalpana_Chawla/Kalpana_Chawla_0002.jpg,/home/anitadonato/tcc/tcc/data/lfw/lfw-funneled/Kalpana_Chawla/Kalpana_Chawla_0005.jpg,0.4977557795178056,1
/home/anitadonato/tcc/tcc/data/lfw/lfw-funneled/Kalpana_Chawla/Kalpana_Chawla_0004.jpg,/home/anitadonato/tcc/tcc/data/lfw/lfw-funneled/Kalpana_Chawla/Kalpana_Chawla_0001.jpg,0.4066322178453784,1
/home/anitadonato/tcc/tcc/data/lfw/lfw-funneled/Kalpana_Chawla/Kalpana_Chawla_0004.jpg,/home/anitadonato/tcc/tcc/data/lfw/lfw-funneled/Kalpana_Chawla/Kalpana_Chawla_0003.jpg,0.41812758993577026,1
/home/anitadonato/tcc/tcc/data/lfw/lfw-funneled/Kalpana_Chawla/Kalpana_Chawla_0004.jpg,/home/anitadonato/tcc/tcc/data/lfw/lfw-funneled/Kalpana_Chawla/Kalpana_Chawla_0005.jpg,0.34666180731212215,1
/home/anitadonato/tcc/tcc/data/lfw/lfw-funneled/Kalpana_Chawla/Kalpana_Chawla_0001.jpg,/home/anitadonato/tcc/tcc/data/lfw/lfw-funneled/Kalpana_Chawla/Kalpana_Chawla_0003.jpg,0.4080534642718687,1
/home/anitadonato/tcc/tcc/data/lfw/lfw-funneled/Kalpana_Chawla/Kalpana_Chawla_0001.jpg,/home/anitadonato/tcc/tcc/data/lfw/lfw-funneled/Kalpana_Chawla/Kalpana_Chawla_0005.jpg,0.4973227237892399,1
/home/anitadonato/tcc/tcc/data/lfw/lfw-funneled/Kalpana_Chawla/Kalpana_Chawla_0003.jpg,/home/anitadonato/tcc/tcc/data/lfw/lfw-funneled/Kalpana_Chawla/Kalpana_Chawla_0005.jpg,0.46873105416798466,1
/home/anitadonato/tcc/tcc/data/lfw/lfw-funneled/Juan_Pablo_Montoya/Juan_Pablo_Montoya_0005.jpg,/home/anitadonato/tcc/tcc/data/lfw/lfw-funneled/Juan_Pablo_Montoya/Juan_Pablo_Montoya_0007.jpg,0.7686245053249544,1
/home/anitadonato/tcc/tcc/data/lfw/lfw-funneled/Juan_Pablo_Montoya/Juan_Pablo_Montoya_0005.jpg,/home/anitadonato/tcc/tcc/data/lfw/lfw-funneled/Juan_Pablo_Montoya/Juan_Pablo_Montoya_0002.jpg,0.682140513127124,1
/home/anitadonato/tcc/tcc/data/lfw/lfw-funneled/Juan_Pablo_Montoya/Juan_Pablo_Montoya_0005.jpg,/home/anitadonato/tcc/tcc/data/lfw/lfw-funneled/Juan_Pablo_Montoya/Juan_Pablo_Montoya_0001.jpg,0.4239098508199557,1
/home/anitadonato/tcc/tcc/data/lfw/lfw-funneled/Juan_Pablo_Montoya/Juan_Pablo_Montoya_0005.jpg,/home/anitadonato/tcc/tcc/data/lfw/lfw-funneled/Juan_Pablo_Montoya/Juan_Pablo_Montoya_0008.jpg,0.6301887671351156,1
/home/anitadonato/tcc/tcc/data/lfw/lfw-funneled/Juan_Pablo_Montoya/Juan_Pablo_Montoya_0007.jpg,/home/anitadonato/tcc/tcc/data/lfw/lfw-funneled/Juan_Pablo_Montoya/Juan_Pablo_Montoya_0002.jpg,0.7822178762761909,1
/home/anitadonato/tcc/tcc/data/lfw/lfw-funneled/Juan_Pablo_Montoya/Juan_Pablo_Montoya_0007.jpg,/home/anitadonato/tcc/tcc/data/lfw/lfw-funneled/Juan_Pablo_Montoya/Juan_Pablo_Montoya_0001.jpg,0.7905599705396503,1
/home/anitadonato/tcc/tcc/data/lfw/lfw-funneled/Juan_Pablo_Montoya/Juan_Pablo_Montoya_0007.jpg,/home/anitadonato/tcc/tcc/data/lfw/lfw-funneled/Juan_Pablo_Montoya/Juan_Pablo_Montoya_0008.jpg,0.39537004003869636,1
/home/anitadonato/tcc/tcc/data/lfw/lfw-funneled/Juan_Pablo_Montoya/Juan_Pablo_Montoya_0002.jpg,/home/anitadonato/tcc/tcc/data/lfw/lfw-funneled/Juan_Pablo_Montoya/Juan_Pablo_Montoya_0001.jpg,0.5436389517160642,1
/home/anitadonato/tcc/tcc/data/lfw/lfw-funneled/Juan_Pablo_Montoya/Juan_Pablo_Montoya_0002.jpg,/home/anitadonato/tcc/tcc/data/lfw/lfw-funneled/Juan_Pablo_Montoya/Juan_Pablo_Montoya_0008.jpg,0.7794800139364764,1
/home/anitadonato/tcc/tcc/data/lfw/lfw-funneled/Juan_Pablo_Montoya/Juan_Pablo_Montoya_0001.jpg,/home/anitadonato/tcc/tcc/data/lfw/lfw-funneled/Juan_Pablo_Montoya/Juan_Pablo_Montoya_0008.jpg,0.6727085875002957,1
/home/anitadonato/tcc/tcc/data/lfw/lfw-funneled/Michael_Chiklis/Michael_Chiklis_0002.jpg,/home/anitadonato/tcc/tcc/data/lfw/lfw-funneled/Michael_Chiklis/Michael_Chiklis_0003.jpg,0.6288429094416665,1
/home/anitadonato/tcc/tcc/data/lfw/lfw-funneled/Michael_Chiklis/Michael_Chiklis_0002.jpg,/home/anitadonato/tcc/tcc/data/lfw/lfw-funneled/Michael_Chiklis/Michael_Chiklis_0004.jpg,0.48924620648702444,1
/home/anitadonato/tcc/tcc/data/lfw/lfw-funneled/Michael_Chiklis/Michael_Chiklis_0002.jpg,/home/anitadonato/tcc/tcc/data/lfw/lfw-funneled/Michael_Chiklis/Michael_Chiklis_0005.jpg,0.8297206232896355,1
/home/anitadonato/tcc/tcc/data/lfw/lfw-funneled/Michael_Chiklis/Michael_Chiklis_0002.jpg,/home/anitadonato/tcc/tcc/data/lfw/lfw-funneled/Michael_Chiklis/Michael_Chiklis_0001.jpg,0.36899415696697224,1
/home/anitadonato/tcc/tcc/data/lfw/lfw-funneled/Michael_Chiklis/Michael_Chiklis_0003.jpg,/home/anitadonato/tcc/tcc/data/lfw/lfw-funneled/Michael_Chiklis/Michael_Chiklis_0004.jpg,0.33556200999362396,1
/home/anitadonato/tcc/tcc/data/lfw/lfw-funneled/Michael_Chiklis/Michael_Chiklis_0003.jpg,/home/anitadonato/tcc/tcc/data/lfw/lfw-funneled/Michael_Chiklis/Michael_Chiklis_0005.jpg,0.8556690633455687,1
/home/anitadonato/tcc/tcc/data/lfw/lfw-funneled/Michael_Chiklis/Michael_Chiklis_0003.jpg,/home/anitadonato/tcc/tcc/data/lfw/lfw-funneled/Michael_Chiklis/Michael_Chiklis_0001.jpg,0.4388348868767683,1
/home/anitadonato/tcc/tcc/data/lfw/lfw-funneled/Michael_Chiklis/Michael_Chiklis_0004.jpg,/home/anitadonato/tcc/tcc/data/lfw/lfw-funneled/Michael_Chiklis/Michael_Chiklis_0005.jpg,0.8289413571287172,1
/home/anitadonato/tcc/tcc/data/lfw/lfw-funneled/Michael_Chiklis/Michael_Chiklis_0004.jpg,/home/anitadonato/tcc/tcc/data/lfw/lfw-funneled/Michael_Chiklis/Michael_Chiklis_0001.jpg,0.4431092902415138,1
/home/anitadonato/tcc/tcc/data/lfw/lfw-funneled/Michael_Chiklis/Michael_Chiklis_0005.jpg,/home/anitadonato/tcc/tcc/data/lfw/lfw-funneled/Michael_Chiklis/Michael_Chiklis_0001.jpg,0.7976416348126368,1
/home/anitadonato/tcc/tcc/data/lfw/lfw-funneled/Catherine_Zeta-Jones/Catherine_Zeta-Jones_0002.jpg,/home/anitadonato/tcc/tcc/data/lfw/lfw-funneled/Catherine_Zeta-Jones/Catherine_Zeta-Jones_0008.jpg,0.3575203331743353,1
/home/anitadonato/tcc/tcc/data/lfw/lfw-funneled/Catherine_Zeta-Jones/Catherine_Zeta-Jones_0002.jpg,/home/anitadonato/tcc/tcc/data/lfw/lfw-funneled/Catherine_Zeta-Jones/Catherine_Zeta-Jones_0005.jpg,0.5490851075348908,1
/home/anitadonato/tcc/tcc/data/lfw/lfw-funneled/Catherine_Zeta-Jones/Catherine_Zeta-Jones_0002.jpg,/home/anitadonato/tcc/tcc/data/lfw/lfw-funneled/Catherine_Zeta-Jones/Catherine_Zeta-Jones_0007.jpg,0.6045997273238009,1
/home/anitadonato/tcc/tcc/data/lfw/lfw-funneled/Catherine_Zeta-Jones/Catherine_Zeta-Jones_0002.jpg,/home/anitadonato/tcc/tcc/data/lfw/lfw-funneled/Catherine_Zeta-Jones/Catherine_Zeta-Jones_0003.jpg,0.3871563838238632,1
/home/anitadonato/tcc/tcc/data/lfw/lfw-funneled/Catherine_Zeta-Jones/Catherine_Zeta-Jones_0008.jpg,/home/anitadonato/tcc/tcc/data/lfw/lfw-funneled/Catherine_Zeta-Jones/Catherine_Zeta-Jones_0005.jpg,0.679215417823708,1
/home/anitadonato/tcc/tcc/data/lfw/lfw-funneled/Catherine_Zeta-Jones/Catherine_Zeta-Jones_0008.jpg,/home/anitadonato/tcc/tcc/data/lfw/lfw-funneled/Catherine_Zeta-Jones/Catherine_Zeta-Jones_0007.jpg,0.6547334681136949,1
/home/anitadonato/tcc/tcc/data/lfw/lfw-funneled/Catherine_Zeta-Jones/Catherine_Zeta-Jones_0008.jpg,/home/anitadonato/tcc/tcc/data/lfw/lfw-funneled/Catherine_Zeta-Jones/Catherine_Zeta-Jones_0003.jpg,0.3600034682627886,1
/home/anitadonato/tcc/tcc/data/lfw/lfw-funneled/Catherine_Zeta-Jones/Catherine_Zeta-Jones_0005.jpg,/home/anitadonato/tcc/tcc/data/lfw/lfw-funneled/Catherine_Zeta-Jones/Catherine_Zeta-Jones_0007.jpg,0.6014903747188756,1
/home/anitadonato/tcc/tcc/data/lfw/lfw-funneled/Catherine_Zeta-Jones/Catherine_Zeta-Jones_0005.jpg,/home/anitadonato/tcc/tcc/data/lfw/lfw-funneled/Catherine_Zeta-Jones/Catherine_Zeta-Jones_0003.jpg,0.6554820881864121,1
/home/anitadonato/tcc/tcc/data/lfw/lfw-funneled/Catherine_Zeta-Jones/Catherine_Zeta-Jones_0007.jpg,/home/anitadonato/tcc/tcc/data/lfw/lfw-funneled/Catherine_Zeta-Jones/Catherine_Zeta-Jones_0003.jpg,0.6613263296968968,1
/home/anitadonato/tcc/tcc/data/lfw/lfw-funneled/Amelie_Mauresmo/Amelie_Mauresmo_0017.jpg,/home/anitadonato/tcc/tcc/data/lfw/lfw-funneled/Amelie_Mauresmo/Amelie_Mauresmo_0018.jpg,0.4131078104560749,1
/home/anitadonato/tcc/tcc/data/lfw/lfw-funneled/Amelie_Mauresmo/Amelie_Mauresmo_0017.jpg,/home/anitadonato/tcc/tcc/data/lfw/lfw-funneled/Amelie_Mauresmo/Amelie_Mauresmo_0016.jpg,0.4060885453345091,1
/home/anitadonato/tcc/tcc/data/lfw/lfw-funneled/Amelie_Mauresmo/Amelie_Mauresmo_0017.jpg,/home/anitadonato/tcc/tcc/data/lfw/lfw-funneled/Amelie_Mauresmo/Amelie_Mauresmo_0015.jpg,0.36837669907305504,1
/home/anitadonato/tcc/tcc/data/lfw/lfw-funneled/Amelie_Mauresmo/Amelie_Mauresmo_0017.jpg,/home/anitadonato/tcc/tcc/data/lfw/lfw-funneled/Amelie_Mauresmo/Amelie_Mauresmo_0003.jpg,0.260014936179645,1
/home/anitadonato/tcc/tcc/data/lfw/lfw-funneled/Amelie_Mauresmo/Amelie_Mauresmo_0018.jpg,/home/anitadonato/tcc/tcc/data/lfw/lfw-funneled/Amelie_Mauresmo/Amelie_Mauresmo_0016.jpg,0.5163569289501083,1
/home/anitadonato/tcc/tcc/data/lfw/lfw-funneled/Amelie_Mauresmo/Amelie_Mauresmo_0018.jpg,/home/anitadonato/tcc/tcc/data/lfw/lfw-funneled/Amelie_Mauresmo/Amelie_Mauresmo_0015.jpg,0.515003257770832,1
/home/anitadonato/tcc/tcc/data/lfw/lfw-funneled/Amelie_Mauresmo/Amelie_Mauresmo_0018.jpg,/home/anitadonato/tcc/tcc/data/lfw/lfw-funneled/Amelie_Mauresmo/Amelie_Mauresmo_0003.jpg,0.5383652804828046,1
/home/anitadonato/tcc/tcc/data/lfw/lfw-funneled/Amelie_Mauresmo/Amelie_Mauresmo_0016.jpg,/home/anitadonato/tcc/tcc/data/lfw/lfw-funneled/Amelie_Mauresmo/Amelie_Mauresmo_0015.jpg,0.4607149460431127,1
/home/anitadonato/tcc/tcc/data/lfw/lfw-funneled/Amelie_Mauresmo/Amelie_Mauresmo_0016.jpg,/home/anitadonato/tcc/tcc/data/lfw/lfw-funneled/Amelie_Mauresmo/Amelie_Mauresmo_0003.jpg,0.3809223891102189,1
/home/anitadonato/tcc/tcc/data/lfw/lfw-funneled/Amelie_Mauresmo/Amelie_Mauresmo_0015.jpg,/home/anitadonato/tcc/tcc/data/lfw/lfw-funneled/Amelie_Mauresmo/Amelie_Mauresmo_0003.jpg,0.48251063065395494,1
/home/anitadonato/tcc/tcc/data/lfw/lfw-funneled/Maria_Shriver/Maria_Shriver_0001.jpg,/home/anitadonato/tcc/tcc/data/lfw/lfw-funneled/Maria_Shriver/Maria_Shriver_0004.jpg,0.5046014083136099,1
/home/anitadonato/tcc/tcc/data/lfw/lfw-funneled/Maria_Shriver/Maria_Shriver_0001.jpg,/home/anitadonato/tcc/tcc/data/lfw/lfw-funneled/Maria_Shriver/Maria_Shriver_0006.jpg,0.5105466955776959,1
/home/anitadonato/tcc/tcc/data/lfw/lfw-funneled/Maria_Shriver/Maria_Shriver_0001.jpg,/home/anitadonato/tcc/tcc/data/lfw/lfw-funneled/Maria_Shriver/Maria_Shriver_0003.jpg,0.4482690851841151,1
/home/anitadonato/tcc/tcc/data/lfw/lfw-funneled/Maria_Shriver/Maria_Shriver_0001.jpg,/home/anitadonato/tcc/tcc/data/lfw/lfw-funneled/Maria_Shriver/Maria_Shriver_0005.jpg,0.4744846145838838,1
/home/anitadonato/tcc/tcc/data/lfw/lfw-funneled/Maria_Shriver/Maria_Shriver_0004.jpg,/home/anitadonato/tcc/tcc/data/lfw/lfw-funneled/Maria_Shriver/Maria_Shriver_0006.jpg,0.5690886267078229,1
/home/anitadonato/tcc/tcc/data/lfw/lfw-funneled/Maria_Shriver/Maria_Shriver_0004.jpg,/home/anitadonato/tcc/tcc/data/lfw/lfw-funneled/Maria_Shriver/Maria_Shriver_0003.jpg,0.41828224001977565,1
/home/anitadonato/tcc/tcc/data/lfw/lfw-funneled/Maria_Shriver/Maria_Shriver_0004.jpg,/home/anitadonato/tcc/tcc/data/lfw/lfw-funneled/Maria_Shriver/Maria_Shriver_0005.jpg,0.47884780536396887,1
/home/anitadonato/tcc/tcc/data/lfw/lfw-funneled/Maria_Shriver/Maria_Shriver_0006.jpg,/home/anitadonato/tcc/tcc/data/lfw/lfw-funneled/Maria_Shriver/Maria_Shriver_0003.jpg,0.49151268189742003,1
/home/anitadonato/tcc/tcc/data/lfw/lfw-funneled/Maria_Shriver/Maria_Shriver_0006.jpg,/home/anitadonato/tcc/tcc/data/lfw/lfw-funneled/Maria_Shriver/Maria_Shriver_0005.jpg,0.6034281353044888,1
/home/anitadonato/tcc/tcc/data/lfw/lfw-funneled/Maria_Shriver/Maria_Shriver_0003.jpg,/home/anitadonato/tcc/tcc/data/lfw/lfw-funneled/Maria_Shriver/Maria_Shriver_0005.jpg,0.40191264028283535,1
/home/anitadonato/tcc/tcc/data/lfw/lfw-funneled/Martha_Stewart/Martha_Stewart_0001.jpg,/home/anitadonato/tcc/tcc/data/lfw/lfw-funneled/Martha_Stewart/Martha_Stewart_0005.jpg,0.6928849408926555,1
/home/anitadonato/tcc/tcc/data/lfw/lfw-funneled/Martha_Stewart/Martha_Stewart_0001.jpg,/home/anitadonato/tcc/tcc/data/lfw/lfw-funneled/Martha_Stewart/Martha_Stewart_0004.jpg,0.438628160349796,1
/home/anitadonato/tcc/tcc/data/lfw/lfw-funneled/Martha_Stewart/Martha_Stewart_0001.jpg,/home/anitadonato/tcc/tcc/data/lfw/lfw-funneled/Martha_Stewart/Martha_Stewart_0003.jpg,0.4155299481794874,1
/home/anitadonato/tcc/tcc/data/lfw/lfw-funneled/Martha_Stewart/Martha_Stewart_0001.jpg,/home/anitadonato/tcc/tcc/data/lfw/lfw-funneled/Martha_Stewart/Martha_Stewart_0002.jpg,0.6840952236849129,1
/home/anitadonato/tcc/tcc/data/lfw/lfw-funneled/Martha_Stewart/Martha_Stewart_0005.jpg,/home/anitadonato/tcc/tcc/data/lfw/lfw-funneled/Martha_Stewart/Martha_Stewart_0004.jpg,0.3295705144386165,1
/home/anitadonato/tcc/tcc/data/lfw/lfw-funneled/Martha_Stewart/Martha_Stewart_0005.jpg,/home/anitadonato/tcc/tcc/data/lfw/lfw-funneled/Martha_Stewart/Martha_Stewart_0003.jpg,0.4586219291956528,1
/home/anitadonato/tcc/tcc/data/lfw/lfw-funneled/Martha_Stewart/Martha_Stewart_0005.jpg,/home/anitadonato/tcc/tcc/data/lfw/lfw-funneled/Martha_Stewart/Martha_Stewart_0002.jpg,0.7990853494674032,1
/home/anitadonato/tcc/tcc/data/lfw/lfw-funneled/Martha_Stewart/Martha_Stewart_0004.jpg,/home/anitadonato/tcc/tcc/data/lfw/lfw-funneled/Martha_Stewart/Martha_Stewart_0003.jpg,0.13498800344820716,1
/home/anitadonato/tcc/tcc/data/lfw/lfw-funneled/Martha_Stewart/Martha_Stewart_0004.jpg,/home/anitadonato/tcc/tcc/data/lfw/lfw-funneled/Martha_Stewart/Martha_Stewart_0002.jpg,0.6989057068424475,1
/home/anitadonato/tcc/tcc/data/lfw/lfw-funneled/Martha_Stewart/Martha_Stewart_0003.jpg,/home/anitadonato/tcc/tcc/data/lfw/lfw-funneled/Martha_Stewart/Martha_Stewart_0002.jpg,0.7387779607309506,1
/home/anitadonato/tcc/tcc/data/lfw/lfw-funneled/Hosni_Mubarak/Hosni_Mubarak_0001.jpg,/home/anitadonato/tcc/tcc/data/lfw/lfw-funneled/Hosni_Mubarak/Hosni_Mubarak_0003.jpg,0.28509425841855984,1
/home/anitadonato/tcc/tcc/data/lfw/lfw-funneled/Hosni_Mubarak/Hosni_Mubarak_0001.jpg,/home/anitadonato/tcc/tcc/data/lfw/lfw-funneled/Hosni_Mubarak/Hosni_Mubarak_0004.jpg,0.5288156198457088,1
/home/anitadonato/tcc/tcc/data/lfw/lfw-funneled/Hosni_Mubarak/Hosni_Mubarak_0001.jpg,/home/anitadonato/tcc/tcc/data/lfw/lfw-funneled/Hosni_Mubarak/Hosni_Mubarak_0005.jpg,0.16343118724147887,1
/home/anitadonato/tcc/tcc/data/lfw/lfw-funneled/Hosni_Mubarak/Hosni_Mubarak_0001.jpg,/home/anitadonato/tcc/tcc/data/lfw/lfw-funneled/Hosni_Mubarak/Hosni_Mubarak_0007.jpg,0.5834783602440965,1
/home/anitadonato/tcc/tcc/data/lfw/lfw-funneled/Hosni_Mubarak/Hosni_Mubarak_0003.jpg,/home/anitadonato/tcc/tcc/data/lfw/lfw-funneled/Hosni_Mubarak/Hosni_Mubarak_0004.jpg,0.6098020411975095,1
/home/anitadonato/tcc/tcc/data/lfw/lfw-funneled/Hosni_Mubarak/Hosni_Mubarak_0003.jpg,/home/anitadonato/tcc/tcc/data/lfw/lfw-funneled/Hosni_Mubarak/Hosni_Mubarak_0005.jpg,0.37902483640731666,1
/home/anitadonato/tcc/tcc/data/lfw/lfw-funneled/Hosni_Mubarak/Hosni_Mubarak_0003.jpg,/home/anitadonato/tcc/tcc/data/lfw/lfw-funneled/Hosni_Mubarak/Hosni_Mubarak_0007.jpg,0.5050001792650602,1
/home/anitadonato/tcc/tcc/data/lfw/lfw-funneled/Hosni_Mubarak/Hosni_Mubarak_0004.jpg,/home/anitadonato/tcc/tcc/data/lfw/lfw-funneled/Hosni_Mubarak/Hosni_Mubarak_0005.jpg,0.4929163576458456,1
/home/anitadonato/tcc/tcc/data/lfw/lfw-funneled/Hosni_Mubarak/Hosni_Mubarak_0004.jpg,/home/anitadonato/tcc/tcc/data/lfw/lfw-funneled/Hosni_Mubarak/Hosni_Mubarak_0007.jpg,0.6531593493539215,1
/home/anitadonato/tcc/tcc/data/lfw/lfw-funneled/Hosni_Mubarak/Hosni_Mubarak_0005.jpg,/home/anitadonato/tcc/tcc/data/lfw/lfw-funneled/Hosni_Mubarak/Hosni_Mubarak_0007.jpg,0.618249534010828,1
/home/anitadonato/tcc/tcc/data/lfw/lfw-funneled/Luis_Horna/Luis_Horna_0003.jpg,/home/anitadonato/tcc/tcc/data/lfw/lfw-funneled/Luis_Horna/Luis_Horna_0002.jpg,0.774193412650869,1
/home/anitadonato/tcc/tcc/data/lfw/lfw-funneled/Luis_Horna/Luis_Horna_0003.jpg,/home/anitadonato/tcc/tcc/data/lfw/lfw-funneled/Luis_Horna/Luis_Horna_0004.jpg,0.46014527890933554,1
/home/anitadonato/tcc/tcc/data/lfw/lfw-funneled/Luis_Horna/Luis_Horna_0003.jpg,/home/anitadonato/tcc/tcc/data/lfw/lfw-funneled/Luis_Horna/Luis_Horna_0006.jpg,0.6000428690381279,1
/home/anitadonato/tcc/tcc/data/lfw/lfw-funneled/Luis_Horna/Luis_Horna_0003.jpg,/home/anitadonato/tcc/tcc/data/lfw/lfw-funneled/Luis_Horna/Luis_Horna_0005.jpg,0.5196103905870737,1
/home/anitadonato/tcc/tcc/data/lfw/lfw-funneled/Luis_Horna/Luis_Horna_0002.jpg,/home/anitadonato/tcc/tcc/data/lfw/lfw-funneled/Luis_Horna/Luis_Horna_0004.jpg,0.796572544736887,1
/home/anitadonato/tcc/tcc/data/lfw/lfw-funneled/Luis_Horna/Luis_Horna_0002.jpg,/home/anitadonato/tcc/tcc/data/lfw/lfw-funneled/Luis_Horna/Luis_Horna_0006.jpg,0.7866832553830838,1
/home/anitadonato/tcc/tcc/data/lfw/lfw-funneled/Luis_Horna/Luis_Horna_0002.jpg,/home/anitadonato/tcc/tcc/data/lfw/lfw-funneled/Luis_Horna/Luis_Horna_0005.jpg,0.8023385529666242,1
/home/anitadonato/tcc/tcc/data/lfw/lfw-funneled/Luis_Horna/Luis_Horna_0004.jpg,/home/anitadonato/tcc/tcc/data/lfw/lfw-funneled/Luis_Horna/Luis_Horna_0006.jpg,0.40879471250720445,1
/home/anitadonato/tcc/tcc/data/lfw/lfw-funneled/Luis_Horna/Luis_Horna_0004.jpg,/home/anitadonato/tcc/tcc/data/lfw/lfw-funneled/Luis_Horna/Luis_Horna_0005.jpg,0.35207378716744786,1
/home/anitadonato/tcc/tcc/data/lfw/lfw-funneled/Luis_Horna/Luis_Horna_0006.jpg,/home/anitadonato/tcc/tcc/data/lfw/lfw-funneled/Luis_Horna/Luis_Horna_0005.jpg,0.32867686759966397,1
/home/anitadonato/tcc/tcc/data/lfw/lfw-funneled/Angela_Merkel/Angela_Merkel_0001.jpg,/home/anitadonato/tcc/tcc/data/lfw/lfw-funneled/Angela_Merkel/Angela_Merkel_0004.jpg,0.4582206535054081,1
/home/anitadonato/tcc/tcc/data/lfw/lfw-funneled/Angela_Merkel/Angela_Merkel_0001.jpg,/home/anitadonato/tcc/tcc/data/lfw/lfw-funneled/Angela_Merkel/Angela_Merkel_0002.jpg,0.4012265180929133,1
/home/anitadonato/tcc/tcc/data/lfw/lfw-funneled/Angela_Merkel/Angela_Merkel_0001.jpg,/home/anitadonato/tcc/tcc/data/lfw/lfw-funneled/Angela_Merkel/Angela_Merkel_0003.jpg,0.5458364027213578,1
/home/anitadonato/tcc/tcc/data/lfw/lfw-funneled/Angela_Merkel/Angela_Merkel_0001.jpg,/home/anitadonato/tcc/tcc/data/lfw/lfw-funneled/Angela_Merkel/Angela_Merkel_0005.jpg,0.33637864255430505,1
/home/anitadonato/tcc/tcc/data/lfw/lfw-funneled/Angela_Merkel/Angela_Merkel_0004.jpg,/home/anitadonato/tcc/tcc/data/lfw/lfw-funneled/Angela_Merkel/Angela_Merkel_0002.jpg,0.4550290034845821,1
/home/anitadonato/tcc/tcc/data/lfw/lfw-funneled/Angela_Merkel/Angela_Merkel_0004.jpg,/home/anitadonato/tcc/tcc/data/lfw/lfw-funneled/Angela_Merkel/Angela_Merkel_0003.jpg,0.45416057793399744,1
/home/anitadonato/tcc/tcc/data/lfw/lfw-funneled/Angela_Merkel/Angela_Merkel_0004.jpg,/home/anitadonato/tcc/tcc/data/lfw/lfw-funneled/Angela_Merkel/Angela_Merkel_0005.jpg,0.4184376831764618,1
/home/anitadonato/tcc/tcc/data/lfw/lfw-funneled/Angela_Merkel/Angela_Merkel_0002.jpg,/home/anitadonato/tcc/tcc/data/lfw/lfw-funneled/Angela_Merkel/Angela_Merkel_0003.jpg,0.47388522109527464,1
/home/anitadonato/tcc/tcc/data/lfw/lfw-funneled/Angela_Merkel/Angela_Merkel_0002.jpg,/home/anitadonato/tcc/tcc/data/lfw/lfw-funneled/Angela_Merkel/Angela_Merkel_0005.jpg,0.4446329415104755,1
/home/anitadonato/tcc/tcc/data/lfw/lfw-funneled/Angela_Merkel/Angela_Merkel_0003.jpg,/home/anitadonato/tcc/tcc/data/lfw/lfw-funneled/Angela_Merkel/Angela_Merkel_0005.jpg,0.5276209130413458,1
/home/anitadonato/tcc/tcc/data/lfw/lfw-funneled/Angelina_Jolie/Angelina_Jolie_0011.jpg,/home/anitadonato/tcc/tcc/data/lfw/lfw-funneled/Angelina_Jolie/Angelina_Jolie_0004.jpg,0.5771710454745589,1
/home/anitadonato/tcc/tcc/data/lfw/lfw-funneled/Angelina_Jolie/Angelina_Jolie_0011.jpg,/home/anitadonato/tcc/tcc/data/lfw/lfw-funneled/Angelina_Jolie/Angelina_Jolie_0006.jpg,0.6954863890525137,1
/home/anitadonato/tcc/tcc/data/lfw/lfw-funneled/Angelina_Jolie/Angelina_Jolie_0011.jpg,/home/anitadonato/tcc/tcc/data/lfw/lfw-funneled/Angelina_Jolie/Angelina_Jolie_0020.jpg,0.6721373482476792,1
/home/anitadonato/tcc/tcc/data/lfw/lfw-funneled/Angelina_Jolie/Angelina_Jolie_0011.jpg,/home/anitadonato/tcc/tcc/data/lfw/lfw-funneled/Angelina_Jolie/Angelina_Jolie_0014.jpg,0.6663612099395847,1
/home/anitadonato/tcc/tcc/data/lfw/lfw-funneled/Angelina_Jolie/Angelina_Jolie_0004.jpg,/home/anitadonato/tcc/tcc/data/lfw/lfw-funneled/Angelina_Jolie/Angelina_Jolie_0006.jpg,0.545527624317681,1
/home/anitadonato/tcc/tcc/data/lfw/lfw-funneled/Angelina_Jolie/Angelina_Jolie_0004.jpg,/home/anitadonato/tcc/tcc/data/lfw/lfw-funneled/Angelina_Jolie/Angelina_Jolie_0020.jpg,0.40738203269976137,1
/home/anitadonato/tcc/tcc/data/lfw/lfw-funneled/Angelina_Jolie/Angelina_Jolie_0004.jpg,/home/anitadonato/tcc/tcc/data/lfw/lfw-funneled/Angelina_Jolie/Angelina_Jolie_0014.jpg,0.6826392677735668,1
/home/anitadonato/tcc/tcc/data/lfw/lfw-funneled/Angelina_Jolie/Angelina_Jolie_0006.jpg,/home/anitadonato/tcc/tcc/data/lfw/lfw-funneled/Angelina_Jolie/Angelina_Jolie_0020.jpg,0.3557728623729576,1
/home/anitadonato/tcc/tcc/data/lfw/lfw-funneled/Angelina_Jolie/Angelina_Jolie_0006.jpg,/home/anitadonato/tcc/tcc/data/lfw/lfw-funneled/Angelina_Jolie/Angelina_Jolie_0014.jpg,0.32353033290262856,1
/home/anitadonato/tcc/tcc/data/lfw/lfw-funneled/Angelina_Jolie/Angelina_Jolie_0020.jpg,/home/anitadonato/tcc/tcc/data/lfw/lfw-funneled/Angelina_Jolie/Angelina_Jolie_0014.jpg,0.46963662819091034,1
/home/anitadonato/tcc/tcc/data/lfw/lfw-funneled/John_Bolton/John_Bolton_0016.jpg,/home/anitadonato/tcc/tcc/data/lfw/lfw-funneled/John_Bolton/John_Bolton_0010.jpg,0.4190861387360194,1
/home/anitadonato/tcc/tcc/data/lfw/lfw-funneled/John_Bolton/John_Bolton_0016.jpg,/home/anitadonato/tcc/tcc/data/lfw/lfw-funneled/John_Bolton/John_Bolton_0011.jpg,0.5083570786825728,1
/home/anitadonato/tcc/tcc/data/lfw/lfw-funneled/John_Bolton/John_Bolton_0016.jpg,/home/anitadonato/tcc/tcc/data/lfw/lfw-funneled/John_Bolton/John_Bolton_0007.jpg,0.43523707117986576,1
/home/anitadonato/tcc/tcc/data/lfw/lfw-funneled/John_Bolton/John_Bolton_0016.jpg,/home/anitadonato/tcc/tcc/data/lfw/lfw-funneled/John_Bolton/John_Bolton_0013.jpg,0.46711220136638054,1
/home/anitadonato/tcc/tcc/data/lfw/lfw-funneled/John_Bolton/John_Bolton_0010.jpg,/home/anitadonato/tcc/tcc/data/lfw/lfw-funneled/John_Bolton/John_Bolton_0011.jpg,0.17260201816719523,1
/home/anitadonato/tcc/tcc/data/lfw/lfw-funneled/John_Bolton/John_Bolton_0010.jpg,/home/anitadonato/tcc/tcc/data/lfw/lfw-funneled/John_Bolton/John_Bolton_0007.jpg,0.32002617264780187,1
/home/anitadonato/tcc/tcc/data/lfw/lfw-funneled/John_Bolton/John_Bolton_0010.jpg,/home/anitadonato/tcc/tcc/data/lfw/lfw-funneled/John_Bolton/John_Bolton_0013.jpg,0.42642517895668763,1
/home/anitadonato/tcc/tcc/data/lfw/lfw-funneled/John_Bolton/John_Bolton_0011.jpg,/home/anitadonato/tcc/tcc/data/lfw/lfw-funneled/John_Bolton/John_Bolton_0007.jpg,0.37563068311893144,1
/home/anitadonato/tcc/tcc/data/lfw/lfw-funneled/John_Bolton/John_Bolton_0011.jpg,/home/anitadonato/tcc/tcc/data/lfw/lfw-funneled/John_Bolton/John_Bolton_0013.jpg,0.4203878223783232,1
/home/anitadonato/tcc/tcc/data/lfw/lfw-funneled/John_Bolton/John_Bolton_0007.jpg,/home/anitadonato/tcc/tcc/data/lfw/lfw-funneled/John_Bolton/John_Bolton_0013.jpg,0.458293142423263,1
/home/anitadonato/tcc/tcc/data/lfw/lfw-funneled/Gloria_Macapagal_Arroyo/Gloria_Macapagal_Arroyo_0036.jpg,/home/anitadonato/tcc/tcc/data/lfw/lfw-funneled/Gloria_Macapagal_Arroyo/Gloria_Macapagal_Arroyo_0003.jpg,0.5224559659760926,1
/home/anitadonato/tcc/tcc/data/lfw/lfw-funneled/Gloria_Macapagal_Arroyo/Gloria_Macapagal_Arroyo_0036.jpg,/home/anitadonato/tcc/tcc/data/lfw/lfw-funneled/Gloria_Macapagal_Arroyo/Gloria_Macapagal_Arroyo_0030.jpg,0.5864637838648519,1
/home/anitadonato/tcc/tcc/data/lfw/lfw-funneled/Gloria_Macapagal_Arroyo/Gloria_Macapagal_Arroyo_0036.jpg,/home/anitadonato/tcc/tcc/data/lfw/lfw-funneled/Gloria_Macapagal_Arroyo/Gloria_Macapagal_Arroyo_0006.jpg,0.6110766252222518,1
/home/anitadonato/tcc/tcc/data/lfw/lfw-funneled/Gloria_Macapagal_Arroyo/Gloria_Macapagal_Arroyo_0036.jpg,/home/anitadonato/tcc/tcc/data/lfw/lfw-funneled/Gloria_Macapagal_Arroyo/Gloria_Macapagal_Arroyo_0021.jpg,0.6975466501616512,1
/home/anitadonato/tcc/tcc/data/lfw/lfw-funneled/Gloria_Macapagal_Arroyo/Gloria_Macapagal_Arroyo_0003.jpg,/home/anitadonato/tcc/tcc/data/lfw/lfw-funneled/Gloria_Macapagal_Arroyo/Gloria_Macapagal_Arroyo_0030.jpg,0.7162461497565912,1
/home/anitadonato/tcc/tcc/data/lfw/lfw-funneled/Gloria_Macapagal_Arroyo/Gloria_Macapagal_Arroyo_0003.jpg,/home/anitadonato/tcc/tcc/data/lfw/lfw-funneled/Gloria_Macapagal_Arroyo/Gloria_Macapagal_Arroyo_0006.jpg,0.5061724611711156,1
/home/anitadonato/tcc/tcc/data/lfw/lfw-funneled/Gloria_Macapagal_Arroyo/Gloria_Macapagal_Arroyo_0003.jpg,/home/anitadonato/tcc/tcc/data/lfw/lfw-funneled/Gloria_Macapagal_Arroyo/Gloria_Macapagal_Arroyo_0021.jpg,0.5866989638272424,1
/home/anitadonato/tcc/tcc/data/lfw/lfw-funneled/Gloria_Macapagal_Arroyo/Gloria_Macapagal_Arroyo_0030.jpg,/home/anitadonato/tcc/tcc/data/lfw/lfw-funneled/Gloria_Macapagal_Arroyo/Gloria_Macapagal_Arroyo_0006.jpg,0.8150896871640572,1
/home/anitadonato/tcc/tcc/data/lfw/lfw-funneled/Gloria_Macapagal_Arroyo/Gloria_Macapagal_Arroyo_0030.jpg,/home/anitadonato/tcc/tcc/data/lfw/lfw-funneled/Gloria_Macapagal_Arroyo/Gloria_Macapagal_Arroyo_0021.jpg,0.623521465537487,1
/home/anitadonato/tcc/tcc/data/lfw/lfw-funneled/Gloria_Macapagal_Arroyo/Gloria_Macapagal_Arroyo_0006.jpg,/home/anitadonato/tcc/tcc/data/lfw/lfw-funneled/Gloria_Macapagal_Arroyo/Gloria_Macapagal_Arroyo_0021.jpg,0.5560169992826043,1
/home/anitadonato/tcc/tcc/data/lfw/lfw-funneled/Julie_Gerberding/Julie_Gerberding_0005.jpg,/home/anitadonato/tcc/tcc/data/lfw/lfw-funneled/Julie_Gerberding/Julie_Gerberding_0006.jpg,0.16594561354217408,1
/home/anitadonato/tcc/tcc/data/lfw/lfw-funneled/Julie_Gerberding/Julie_Gerberding_0005.jpg,/home/anitadonato/tcc/tcc/data/lfw/lfw-funneled/Julie_Gerberding/Julie_Gerberding_0002.jpg,0.2555058060196703,1
/home/anitadonato/tcc/tcc/data/lfw/lfw-funneled/Julie_Gerberding/Julie_Gerberding_0005.jpg,/home/anitadonato/tcc/tcc/data/lfw/lfw-funneled/Julie_Gerberding/Julie_Gerberding_0007.jpg,0.18883296185310072,1
/home/anitadonato/tcc/tcc/data/lfw/lfw-funneled/Julie_Gerberding/Julie_Gerberding_0005.jpg,/home/anitadonato/tcc/tcc/data/lfw/lfw-funneled/Julie_Gerberding/Julie_Gerberding_0009.jpg,0.24236093089242405,1
/home/anitadonato/tcc/tcc/data/lfw/lfw-funneled/Julie_Gerberding/Julie_Gerberding_0006.jpg,/home/anitadonato/tcc/tcc/data/lfw/lfw-funneled/Julie_Gerberding/Julie_Gerberding_0002.jpg,0.2819915224215145,1
/home/anitadonato/tcc/tcc/data/lfw/lfw-funneled/Julie_Gerberding/Julie_Gerberding_0006.jpg,/home/anitadonato/tcc/tcc/data/lfw/lfw-funneled/Julie_Gerberding/Julie_Gerberding_0007.jpg,0.25471833112272535,1
/home/anitadonato/tcc/tcc/data/lfw/lfw-funneled/Julie_Gerberding/Julie_Gerberding_0006.jpg,/home/anitadonato/tcc/tcc/data/lfw/lfw-funneled/Julie_Gerberding/Julie_Gerberding_0009.jpg,0.22041224591303998,1
/home/anitadonato/tcc/tcc/data/lfw/lfw-funneled/Julie_Gerberding/Julie_Gerberding_0002.jpg,/home/anitadonato/tcc/tcc/data/lfw/lfw-funneled/Julie_Gerberding/Julie_Gerberding_0007.jpg,0.3291390191094383,1
/home/anitadonato/tcc/tcc/data/lfw/lfw-funneled/Julie_Gerberding/Julie_Gerberding_0002.jpg,/home/anitadonato/tcc/tcc/data/lfw/lfw-funneled/Julie_Gerberding/Julie_Gerberding_0009.jpg,0.26621782230752655,1
/home/anitadonato/tcc/tcc/data/lfw/lfw-funneled/Julie_Gerberding/Julie_Gerberding_0007.jpg,/home/anitadonato/tcc/tcc/data/lfw/lfw-funneled/Julie_Gerberding/Julie_Gerberding_0009.jpg,0.2726068602974355,1
/home/anitadonato/tcc/tcc/data/lfw/lfw-funneled/Andre_Agassi/Andre_Agassi_0001.jpg,/home/anitadonato/tcc/tcc/data/lfw/lfw-funneled/Andre_Agassi/Andre_Agassi_0035.jpg,0.2809220877382054,1
/home/anitadonato/tcc/tcc/data/lfw/lfw-funneled/Andre_Agassi/Andre_Agassi_0001.jpg,/home/anitadonato/tcc/tcc/data/lfw/lfw-funneled/Andre_Agassi/Andre_Agassi_0030.jpg,0.5229956884524307,1
/home/anitadonato/tcc/tcc/data/lfw/lfw-funneled/Andre_Agassi/Andre_Agassi_0001.jpg,/home/anitadonato/tcc/tcc/data/lfw/lfw-funneled/Andre_Agassi/Andre_Agassi_0027.jpg,0.44991574132047385,1
/home/anitadonato/tcc/tcc/data/lfw/lfw-funneled/Andre_Agassi/Andre_Agassi_0001.jpg,/home/anitadonato/tcc/tcc/data/lfw/lfw-funneled/Andre_Agassi/Andre_Agassi_0004.jpg,0.6374586828596089,1
/home/anitadonato/tcc/tcc/data/lfw/lfw-funneled/Andre_Agassi/Andre_Agassi_0035.jpg,/home/anitadonato/tcc/tcc/data/lfw/lfw-funneled/Andre_Agassi/Andre_Agassi_0030.jpg,0.5190651624893079,1
/home/anitadonato/tcc/tcc/data/lfw/lfw-funneled/Andre_Agassi/Andre_Agassi_0035.jpg,/home/anitadonato/tcc/tcc/data/lfw/lfw-funneled/Andre_Agassi/Andre_Agassi_0027.jpg,0.3724489717085614,1
/home/anitadonato/tcc/tcc/data/lfw/lfw-funneled/Andre_Agassi/Andre_Agassi_0035.jpg,/home/anitadonato/tcc/tcc/data/lfw/lfw-funneled/Andre_Agassi/Andre_Agassi_0004.jpg,0.5732319797850043,1
/home/anitadonato/tcc/tcc/data/lfw/lfw-funneled/Andre_Agassi/Andre_Agassi_0030.jpg,/home/anitadonato/tcc/tcc/data/lfw/lfw-funneled/Andre_Agassi/Andre_Agassi_0027.jpg,0.5645716320504877,1
/home/anitadonato/tcc/tcc/data/lfw/lfw-funneled/Andre_Agassi/Andre_Agassi_0030.jpg,/home/anitadonato/tcc/tcc/data/lfw/lfw-funneled/Andre_Agassi/Andre_Agassi_0004.jpg,0.6637717985561562,1
/home/anitadonato/tcc/tcc/data/lfw/lfw-funneled/Andre_Agassi/Andre_Agassi_0027.jpg,/home/anitadonato/tcc/tcc/data/lfw/lfw-funneled/Andre_Agassi/Andre_Agassi_0004.jpg,0.37714353179916993,1
/home/anitadonato/tcc/tcc/data/lfw/lfw-funneled/Rob_Marshall/Rob_Marshall_0002.jpg,/home/anitadonato/tcc/tcc/data/lfw/lfw-funneled/Rob_Marshall/Rob_Marshall_0005.jpg,0.5789275468085806,1
/home/anitadonato/tcc/tcc/data/lfw/lfw-funneled/Rob_Marshall/Rob_Marshall_0002.jpg,/home/anitadonato/tcc/tcc/data/lfw/lfw-funneled/Rob_Marshall/Rob_Marshall_0003.jpg,0.40098992252239696,1
/home/anitadonato/tcc/tcc/data/lfw/lfw-funneled/Rob_Marshall/Rob_Marshall_0002.jpg,/home/anitadonato/tcc/tcc/data/lfw/lfw-funneled/Rob_Marshall/Rob_Marshall_0004.jpg,0.39476703792892487,1
/home/anitadonato/tcc/tcc/data/lfw/lfw-funneled/Rob_Marshall/Rob_Marshall_0002.jpg,/home/anitadonato/tcc/tcc/data/lfw/lfw-funneled/Rob_Marshall/Rob_Marshall_0006.jpg,0.3550335304754144,1
/home/anitadonato/tcc/tcc/data/lfw/lfw-funneled/Rob_Marshall/Rob_Marshall_0005.jpg,/home/anitadonato/tcc/tcc/data/lfw/lfw-funneled/Rob_Marshall/Rob_Marshall_0003.jpg,0.3777983836968506,1
/home/anitadonato/tcc/tcc/data/lfw/lfw-funneled/Rob_Marshall/Rob_Marshall_0005.jpg,/home/anitadonato/tcc/tcc/data/lfw/lfw-funneled/Rob_Marshall/Rob_Marshall_0004.jpg,0.3211881924940939,1
/home/anitadonato/tcc/tcc/data/lfw/lfw-funneled/Rob_Marshall/Rob_Marshall_0005.jpg,/home/anitadonato/tcc/tcc/data/lfw/lfw-funneled/Rob_Marshall/Rob_Marshall_0006.jpg,0.48679516434559267,1
/home/anitadonato/tcc/tcc/data/lfw/lfw-funneled/Rob_Marshall/Rob_Marshall_0003.jpg,/home/anitadonato/tcc/tcc/data/lfw/lfw-funneled/Rob_Marshall/Rob_Marshall_0004.jpg,0.3520121752178681,1
/home/anitadonato/tcc/tcc/data/lfw/lfw-funneled/Rob_Marshall/Rob_Marshall_0003.jpg,/home/anitadonato/tcc/tcc/data/lfw/lfw-funneled/Rob_Marshall/Rob_Marshall_0006.jpg,0.5177858392413477,1
/home/anitadonato/tcc/tcc/data/lfw/lfw-funneled/Rob_Marshall/Rob_Marshall_0004.jpg,/home/anitadonato/tcc/tcc/data/lfw/lfw-funneled/Rob_Marshall/Rob_Marshall_0006.jpg,0.30083092758512475,1
/home/anitadonato/tcc/tcc/data/lfw/lfw-funneled/Trent_Lott/Trent_Lott_0015.jpg,/home/anitadonato/tcc/tcc/data/lfw/lfw-funneled/Trent_Lott/Trent_Lott_0013.jpg,0.5134251487190604,1
/home/anitadonato/tcc/tcc/data/lfw/lfw-funneled/Trent_Lott/Trent_Lott_0015.jpg,/home/anitadonato/tcc/tcc/data/lfw/lfw-funneled/Trent_Lott/Trent_Lott_0001.jpg,0.5480962695841197,1
/home/anitadonato/tcc/tcc/data/lfw/lfw-funneled/Trent_Lott/Trent_Lott_0015.jpg,/home/anitadonato/tcc/tcc/data/lfw/lfw-funneled/Trent_Lott/Trent_Lott_0004.jpg,0.7033714137996956,1
/home/anitadonato/tcc/tcc/data/lfw/lfw-funneled/Trent_Lott/Trent_Lott_0015.jpg,/home/anitadonato/tcc/tcc/data/lfw/lfw-funneled/Trent_Lott/Trent_Lott_0005.jpg,0.4850431872958585,1
/home/anitadonato/tcc/tcc/data/lfw/lfw-funneled/Trent_Lott/Trent_Lott_0013.jpg,/home/anitadonato/tcc/tcc/data/lfw/lfw-funneled/Trent_Lott/Trent_Lott_0001.jpg,0.3060874923012826,1
/home/anitadonato/tcc/tcc/data/lfw/lfw-funneled/Trent_Lott/Trent_Lott_0013.jpg,/home/anitadonato/tcc/tcc/data/lfw/lfw-funneled/Trent_Lott/Trent_Lott_0004.jpg,0.3984856738848579,1
/home/anitadonato/tcc/tcc/data/lfw/lfw-funneled/Trent_Lott/Trent_Lott_0013.jpg,/home/anitadonato/tcc/tcc/data/lfw/lfw-funneled/Trent_Lott/Trent_Lott_0005.jpg,0.42623138474757116,1
/home/anitadonato/tcc/tcc/data/lfw/lfw-funneled/Trent_Lott/Trent_Lott_0001.jpg,/home/anitadonato/tcc/tcc/data/lfw/lfw-funneled/Trent_Lott/Trent_Lott_0004.jpg,0.4030100013431378,1
/home/anitadonato/tcc/tcc/data/lfw/lfw-funneled/Trent_Lott/Trent_Lott_0001.jpg,/home/anitadonato/tcc/tcc/data/lfw/lfw-funneled/Trent_Lott/Trent_Lott_0005.jpg,0.3530759885673237,1
/home/anitadonato/tcc/tcc/data/lfw/lfw-funneled/Trent_Lott/Trent_Lott_0004.jpg,/home/anitadonato/tcc/tcc/data/lfw/lfw-funneled/Trent_Lott/Trent_Lott_0005.jpg,0.47448968474105446,1
/home/anitadonato/tcc/tcc/data/lfw/lfw-funneled/John_Stockton/John_Stockton_0005.jpg,/home/anitadonato/tcc/tcc/data/lfw/lfw-funneled/John_Stockton/John_Stockton_0002.jpg,0.5638187707321026,1
/home/anitadonato/tcc/tcc/data/lfw/lfw-funneled/John_Stockton/John_Stockton_0005.jpg,/home/anitadonato/tcc/tcc/data/lfw/lfw-funneled/John_Stockton/John_Stockton_0004.jpg,0.37976231196413146,1
/home/anitadonato/tcc/tcc/data/lfw/lfw-funneled/John_Stockton/John_Stockton_0005.jpg,/home/anitadonato/tcc/tcc/data/lfw/lfw-funneled/John_Stockton/John_Stockton_0003.jpg,0.5429597904287374,1
/home/anitadonato/tcc/tcc/data/lfw/lfw-funneled/John_Stockton/John_Stockton_0005.jpg,/home/anitadonato/tcc/tcc/data/lfw/lfw-funneled/John_Stockton/John_Stockton_0001.jpg,0.6819142705780509,1
/home/anitadonato/tcc/tcc/data/lfw/lfw-funneled/John_Stockton/John_Stockton_0002.jpg,/home/anitadonato/tcc/tcc/data/lfw/lfw-funneled/John_Stockton/John_Stockton_0004.jpg,0.7054589145426244,1
/home/anitadonato/tcc/tcc/data/lfw/lfw-funneled/John_Stockton/John_Stockton_0002.jpg,/home/anitadonato/tcc/tcc/data/lfw/lfw-funneled/John_Stockton/John_Stockton_0003.jpg,0.5325622783813212,1
/home/anitadonato/tcc/tcc/data/lfw/lfw-funneled/John_Stockton/John_Stockton_0002.jpg,/home/anitadonato/tcc/tcc/data/lfw/lfw-funneled/John_Stockton/John_Stockton_0001.jpg,0.7040084785236462,1
/home/anitadonato/tcc/tcc/data/lfw/lfw-funneled/John_Stockton/John_Stockton_0004.jpg,/home/anitadonato/tcc/tcc/data/lfw/lfw-funneled/John_Stockton/John_Stockton_0003.jpg,0.48730199565149335,1
/home/anitadonato/tcc/tcc/data/lfw/lfw-funneled/John_Stockton/John_Stockton_0004.jpg,/home/anitadonato/tcc/tcc/data/lfw/lfw-funneled/John_Stockton/John_Stockton_0001.jpg,0.6102248050400845,1
/home/anitadonato/tcc/tcc/data/lfw/lfw-funneled/John_Stockton/John_Stockton_0003.jpg,/home/anitadonato/tcc/tcc/data/lfw/lfw-funneled/John_Stockton/John_Stockton_0001.jpg,0.4804775238019974,1
/home/anitadonato/tcc/tcc/data/lfw/lfw-funneled/Natalie_Maines/Natalie_Maines_0001.jpg,/home/anitadonato/tcc/tcc/data/lfw/lfw-funneled/Natalie_Maines/Natalie_Maines_0005.jpg,0.40736920076267225,1
/home/anitadonato/tcc/tcc/data/lfw/lfw-funneled/Natalie_Maines/Natalie_Maines_0001.jpg,/home/anitadonato/tcc/tcc/data/lfw/lfw-funneled/Natalie_Maines/Natalie_Maines_0003.jpg,0.34720762702093666,1
/home/anitadonato/tcc/tcc/data/lfw/lfw-funneled/Natalie_Maines/Natalie_Maines_0001.jpg,/home/anitadonato/tcc/tcc/data/lfw/lfw-funneled/Natalie_Maines/Natalie_Maines_0004.jpg,0.462965408867162,1
/home/anitadonato/tcc/tcc/data/lfw/lfw-funneled/Natalie_Maines/Natalie_Maines_0001.jpg,/home/anitadonato/tcc/tcc/data/lfw/lfw-funneled/Natalie_Maines/Natalie_Maines_0002.jpg,0.41065516198184016,1
/home/anitadonato/tcc/tcc/data/lfw/lfw-funneled/Natalie_Maines/Natalie_Maines_0005.jpg,/home/anitadonato/tcc/tcc/data/lfw/lfw-funneled/Natalie_Maines/Natalie_Maines_0003.jpg,0.396688427528499,1
/home/anitadonato/tcc/tcc/data/lfw/lfw-funneled/Natalie_Maines/Natalie_Maines_0005.jpg,/home/anitadonato/tcc/tcc/data/lfw/lfw-funneled/Natalie_Maines/Natalie_Maines_0004.jpg,0.6045144091580764,1
/home/anitadonato/tcc/tcc/data/lfw/lfw-funneled/Natalie_Maines/Natalie_Maines_0005.jpg,/home/anitadonato/tcc/tcc/data/lfw/lfw-funneled/Natalie_Maines/Natalie_Maines_0002.jpg,0.5154071486248011,1
/home/anitadonato/tcc/tcc/data/lfw/lfw-funneled/Natalie_Maines/Natalie_Maines_0003.jpg,/home/anitadonato/tcc/tcc/data/lfw/lfw-funneled/Natalie_Maines/Natalie_Maines_0004.jpg,0.4287878343271414,1
/home/anitadonato/tcc/tcc/data/lfw/lfw-funneled/Natalie_Maines/Natalie_Maines_0003.jpg,/home/anitadonato/tcc/tcc/data/lfw/lfw-funneled/Natalie_Maines/Natalie_Maines_0002.jpg,0.23906122821513187,1
/home/anitadonato/tcc/tcc/data/lfw/lfw-funneled/Natalie_Maines/Natalie_Maines_0004.jpg,/home/anitadonato/tcc/tcc/data/lfw/lfw-funneled/Natalie_Maines/Natalie_Maines_0002.jpg,0.36918755421987837,1
/home/anitadonato/tcc/tcc/data/lfw/lfw-funneled/Robert_Zoellick/Robert_Zoellick_0003.jpg,/home/anitadonato/tcc/tcc/data/lfw/lfw-funneled/Robert_Zoellick/Robert_Zoellick_0005.jpg,0.48596612330434474,1
/home/anitadonato/tcc/tcc/data/lfw/lfw-funneled/Robert_Zoellick/Robert_Zoellick_0003.jpg,/home/anitadonato/tcc/tcc/data/lfw/lfw-funneled/Robert_Zoellick/Robert_Zoellick_0001.jpg,0.7092645832663003,1
/home/anitadonato/tcc/tcc/data/lfw/lfw-funneled/Robert_Zoellick/Robert_Zoellick_0003.jpg,/home/anitadonato/tcc/tcc/data/lfw/lfw-funneled/Robert_Zoellick/Robert_Zoellick_0004.jpg,0.2151596959737868,1
/home/anitadonato/tcc/tcc/data/lfw/lfw-funneled/Robert_Zoellick/Robert_Zoellick_0003.jpg,/home/anitadonato/tcc/tcc/data/lfw/lfw-funneled/Robert_Zoellick/Robert_Zoellick_0006.jpg,0.5781307657808312,1
/home/anitadonato/tcc/tcc/data/lfw/lfw-funneled/Robert_Zoellick/Robert_Zoellick_0005.jpg,/home/anitadonato/tcc/tcc/data/lfw/lfw-funneled/Robert_Zoellick/Robert_Zoellick_0001.jpg,0.7292611653753347,1
/home/anitadonato/tcc/tcc/data/lfw/lfw-funneled/Robert_Zoellick/Robert_Zoellick_0005.jpg,/home/anitadonato/tcc/tcc/data/lfw/lfw-funneled/Robert_Zoellick/Robert_Zoellick_0004.jpg,0.46674169360751194,1
/home/anitadonato/tcc/tcc/data/lfw/lfw-funneled/Robert_Zoellick/Robert_Zoellick_0005.jpg,/home/anitadonato/tcc/tcc/data/lfw/lfw-funneled/Robert_Zoellick/Robert_Zoellick_0006.jpg,0.7095391143847067,1
/home/anitadonato/tcc/tcc/data/lfw/lfw-funneled/Robert_Zoellick/Robert_Zoellick_0001.jpg,/home/anitadonato/tcc/tcc/data/lfw/lfw-funneled/Robert_Zoellick/Robert_Zoellick_0004.jpg,0.7345453345333501,1
/home/anitadonato/tcc/tcc/data/lfw/lfw-funneled/Robert_Zoellick/Robert_Zoellick_0001.jpg,/home/anitadonato/tcc/tcc/data/lfw/lfw-funneled/Robert_Zoellick/Robert_Zoellick_0006.jpg,0.6828884653564038,1
/home/anitadonato/tcc/tcc/data/lfw/lfw-funneled/Robert_Zoellick/Robert_Zoellick_0004.jpg,/home/anitadonato/tcc/tcc/data/lfw/lfw-funneled/Robert_Zoellick/Robert_Zoellick_0006.jpg,0.5334193211391776,1
/home/anitadonato/tcc/tcc/data/lfw/lfw-funneled/Jean_Chretien/Jean_Chretien_0015.jpg,/home/anitadonato/tcc/tcc/data/lfw/lfw-funneled/Jean_Chretien/Jean_Chretien_0054.jpg,0.42113849522553803,1
/home/anitadonato/tcc/tcc/data/lfw/lfw-funneled/Jean_Chretien/Jean_Chretien_0015.jpg,/home/anitadonato/tcc/tcc/data/lfw/lfw-funneled/Jean_Chretien/Jean_Chretien_0008.jpg,0.38477173647934615,1
/home/anitadonato/tcc/tcc/data/lfw/lfw-funneled/Jean_Chretien/Jean_Chretien_0015.jpg,/home/anitadonato/tcc/tcc/data/lfw/lfw-funneled/Jean_Chretien/Jean_Chretien_0030.jpg,0.5525873783958759,1
/home/anitadonato/tcc/tcc/data/lfw/lfw-funneled/Jean_Chretien/Jean_Chretien_0015.jpg,/home/anitadonato/tcc/tcc/data/lfw/lfw-funneled/Jean_Chretien/Jean_Chretien_0042.jpg,0.3914567396200458,1
/home/anitadonato/tcc/tcc/data/lfw/lfw-funneled/Jean_Chretien/Jean_Chretien_0054.jpg,/home/anitadonato/tcc/tcc/data/lfw/lfw-funneled/Jean_Chretien/Jean_Chretien_0008.jpg,0.26229551334095713,1
/home/anitadonato/tcc/tcc/data/lfw/lfw-funneled/Jean_Chretien/Jean_Chretien_0054.jpg,/home/anitadonato/tcc/tcc/data/lfw/lfw-funneled/Jean_Chretien/Jean_Chretien_0030.jpg,0.4131375270619204,1
/home/anitadonato/tcc/tcc/data/lfw/lfw-funneled/Jean_Chretien/Jean_Chretien_0054.jpg,/home/anitadonato/tcc/tcc/data/lfw/lfw-funneled/Jean_Chretien/Jean_Chretien_0042.jpg,0.412613974424873,1
/home/anitadonato/tcc/tcc/data/lfw/lfw-funneled/Jean_Chretien/Jean_Chretien_0008.jpg,/home/anitadonato/tcc/tcc/data/lfw/lfw-funneled/Jean_Chretien/Jean_Chretien_0030.jpg,0.25039913899149,1
/home/anitadonato/tcc/tcc/data/lfw/lfw-funneled/Jean_Chretien/Jean_Chretien_0008.jpg,/home/anitadonato/tcc/tcc/data/lfw/lfw-funneled/Jean_Chretien/Jean_Chretien_0042.jpg,0.2429134377445865,1
/home/anitadonato/tcc/tcc/data/lfw/lfw-funneled/Jean_Chretien/Jean_Chretien_0030.jpg,/home/anitadonato/tcc/tcc/data/lfw/lfw-funneled/Jean_Chretien/Jean_Chretien_0042.jpg,0.3244431333655873,1
/home/anitadonato/tcc/tcc/data/lfw/lfw-funneled/Gerhard_Schroeder/Gerhard_Schroeder_0107.jpg,/home/anitadonato/tcc/tcc/data/lfw/lfw-funneled/Gerhard_Schroeder/Gerhard_Schroeder_0020.jpg,0.6353312063060578,1
/home/anitadonato/tcc/tcc/data/lfw/lfw-funneled/Gerhard_Schroeder/Gerhard_Schroeder_0107.jpg,/home/anitadonato/tcc/tcc/data/lfw/lfw-funneled/Gerhard_Schroeder/Gerhard_Schroeder_0064.jpg,0.5753948333663239,1
/home/anitadonato/tcc/tcc/data/lfw/lfw-funneled/Gerhard_Schroeder/Gerhard_Schroeder_0107.jpg,/home/anitadonato/tcc/tcc/data/lfw/lfw-funneled/Gerhard_Schroeder/Gerhard_Schroeder_0092.jpg,0.6581611713855018,1
/home/anitadonato/tcc/tcc/data/lfw/lfw-funneled/Gerhard_Schroeder/Gerhard_Schroeder_0107.jpg,/home/anitadonato/tcc/tcc/data/lfw/lfw-funneled/Gerhard_Schroeder/Gerhard_Schroeder_0038.jpg,0.5715387071937181,1
/home/anitadonato/tcc/tcc/data/lfw/lfw-funneled/Gerhard_Schroeder/Gerhard_Schroeder_0020.jpg,/home/anitadonato/tcc/tcc/data/lfw/lfw-funneled/Gerhard_Schroeder/Gerhard_Schroeder_0064.jpg,0.380544904800896,1
/home/anitadonato/tcc/tcc/data/lfw/lfw-funneled/Gerhard_Schroeder/Gerhard_Schroeder_0020.jpg,/home/anitadonato/tcc/tcc/data/lfw/lfw-funneled/Gerhard_Schroeder/Gerhard_Schroeder_0092.jpg,0.5383683828594994,1
/home/anitadonato/tcc/tcc/data/lfw/lfw-funneled/Gerhard_Schroeder/Gerhard_Schroeder_0020.jpg,/home/anitadonato/tcc/tcc/data/lfw/lfw-funneled/Gerhard_Schroeder/Gerhard_Schroeder_0038.jpg,0.734961353901047,1
/home/anitadonato/tcc/tcc/data/lfw/lfw-funneled/Gerhard_Schroeder/Gerhard_Schroeder_0064.jpg,/home/anitadonato/tcc/tcc/data/lfw/lfw-funneled/Gerhard_Schroeder/Gerhard_Schroeder_0092.jpg,0.4587886771856561,1
/home/anitadonato/tcc/tcc/data/lfw/lfw-funneled/Gerhard_Schroeder/Gerhard_Schroeder_0064.jpg,/home/anitadonato/tcc/tcc/data/lfw/lfw-funneled/Gerhard_Schroeder/Gerhard_Schroeder_0038.jpg,0.6570688232054676,1
/home/anitadonato/tcc/tcc/data/lfw/lfw-funneled/Gerhard_Schroeder/Gerhard_Schroeder_0092.jpg,/home/anitadonato/tcc/tcc/data/lfw/lfw-funneled/Gerhard_Schroeder/Gerhard_Schroeder_0038.jpg,0.609579589024539,1
/home/anitadonato/tcc/tcc/data/lfw/lfw-funneled/Yasser_Arafat/Yasser_Arafat_0005.jpg,/home/anitadonato/tcc/tcc/data/lfw/lfw-funneled/Yasser_Arafat/Yasser_Arafat_0004.jpg,0.6225241422530707,1
/home/anitadonato/tcc/tcc/data/lfw/lfw-funneled/Yasser_Arafat/Yasser_Arafat_0005.jpg,/home/anitadonato/tcc/tcc/data/lfw/lfw-funneled/Yasser_Arafat/Yasser_Arafat_0007.jpg,0.6983400365053887,1
/home/anitadonato/tcc/tcc/data/lfw/lfw-funneled/Yasser_Arafat/Yasser_Arafat_0005.jpg,/home/anitadonato/tcc/tcc/data/lfw/lfw-funneled/Yasser_Arafat/Yasser_Arafat_0006.jpg,0.7940310618535029,1
/home/anitadonato/tcc/tcc/data/lfw/lfw-funneled/Yasser_Arafat/Yasser_Arafat_0005.jpg,/home/anitadonato/tcc/tcc/data/lfw/lfw-funneled/Yasser_Arafat/Yasser_Arafat_0002.jpg,0.8143711031776119,1
/home/anitadonato/tcc/tcc/data/lfw/lfw-funneled/Yasser_Arafat/Yasser_Arafat_0004.jpg,/home/anitadonato/tcc/tcc/data/lfw/lfw-funneled/Yasser_Arafat/Yasser_Arafat_0007.jpg,0.3705193369126656,1
/home/anitadonato/tcc/tcc/data/lfw/lfw-funneled/Yasser_Arafat/Yasser_Arafat_0004.jpg,/home/anitadonato/tcc/tcc/data/lfw/lfw-funneled/Yasser_Arafat/Yasser_Arafat_0006.jpg,0.557013856333243,1
/home/anitadonato/tcc/tcc/data/lfw/lfw-funneled/Yasser_Arafat/Yasser_Arafat_0004.jpg,/home/anitadonato/tcc/tcc/data/lfw/lfw-funneled/Yasser_Arafat/Yasser_Arafat_0002.jpg,0.46713297466953274,1
/home/anitadonato/tcc/tcc/data/lfw/lfw-funneled/Yasser_Arafat/Yasser_Arafat_0007.jpg,/home/anitadonato/tcc/tcc/data/lfw/lfw-funneled/Yasser_Arafat/Yasser_Arafat_0006.jpg,0.3874260967596389,1
/home/anitadonato/tcc/tcc/data/lfw/lfw-funneled/Yasser_Arafat/Yasser_Arafat_0007.jpg,/home/anitadonato/tcc/tcc/data/lfw/lfw-funneled/Yasser_Arafat/Yasser_Arafat_0002.jpg,0.2686203192431077,1
/home/anitadonato/tcc/tcc/data/lfw/lfw-funneled/Yasser_Arafat/Yasser_Arafat_0006.jpg,/home/anitadonato/tcc/tcc/data/lfw/lfw-funneled/Yasser_Arafat/Yasser_Arafat_0002.jpg,0.4272177292183754,1
/home/anitadonato/tcc/tcc/data/lfw/lfw-funneled/Bill_McBride/Bill_McBride_0008.jpg,/home/anitadonato/tcc/tcc/data/lfw/lfw-funneled/Bill_McBride/Bill_McBride_0009.jpg,0.47659536987546713,1
/home/anitadonato/tcc/tcc/data/lfw/lfw-funneled/Bill_McBride/Bill_McBride_0008.jpg,/home/anitadonato/tcc/tcc/data/lfw/lfw-funneled/Bill_McBride/Bill_McBride_0003.jpg,0.4803608178454749,1
/home/anitadonato/tcc/tcc/data/lfw/lfw-funneled/Bill_McBride/Bill_McBride_0008.jpg,/home/anitadonato/tcc/tcc/data/lfw/lfw-funneled/Bill_McBride/Bill_McBride_0004.jpg,0.30472513802249046,1
/home/anitadonato/tcc/tcc/data/lfw/lfw-funneled/Bill_McBride/Bill_McBride_0008.jpg,/home/anitadonato/tcc/tcc/data/lfw/lfw-funneled/Bill_McBride/Bill_McBride_0002.jpg,0.3678100088959767,1
/home/anitadonato/tcc/tcc/data/lfw/lfw-funneled/Bill_McBride/Bill_McBride_0009.jpg,/home/anitadonato/tcc/tcc/data/lfw/lfw-funneled/Bill_McBride/Bill_McBride_0003.jpg,0.49370211465693614,1
/home/anitadonato/tcc/tcc/data/lfw/lfw-funneled/Bill_McBride/Bill_McBride_0009.jpg,/home/anitadonato/tcc/tcc/data/lfw/lfw-funneled/Bill_McBride/Bill_McBride_0004.jpg,0.3697704382396372,1
/home/anitadonato/tcc/tcc/data/lfw/lfw-funneled/Bill_McBride/Bill_McBride_0009.jpg,/home/anitadonato/tcc/tcc/data/lfw/lfw-funneled/Bill_McBride/Bill_McBride_0002.jpg,0.47422331142127117,1
/home/anitadonato/tcc/tcc/data/lfw/lfw-funneled/Bill_McBride/Bill_McBride_0003.jpg,/home/anitadonato/tcc/tcc/data/lfw/lfw-funneled/Bill_McBride/Bill_McBride_0004.jpg,0.4391654261121657,1
/home/anitadonato/tcc/tcc/data/lfw/lfw-funneled/Bill_McBride/Bill_McBride_0003.jpg,/home/anitadonato/tcc/tcc/data/lfw/lfw-funneled/Bill_McBride/Bill_McBride_0002.jpg,0.4953956847561978,1
/home/anitadonato/tcc/tcc/data/lfw/lfw-funneled/Bill_McBride/Bill_McBride_0004.jpg,/home/anitadonato/tcc/tcc/data/lfw/lfw-funneled/Bill_McBride/Bill_McBride_0002.jpg,0.42560463835927165,1
/home/anitadonato/tcc/tcc/data/lfw/lfw-funneled/Charlton_Heston/Charlton_Heston_0005.jpg,/home/anitadonato/tcc/tcc/data/lfw/lfw-funneled/Charlton_Heston/Charlton_Heston_0006.jpg,0.5407523744859355,1
/home/anitadonato/tcc/tcc/data/lfw/lfw-funneled/Charlton_Heston/Charlton_Heston_0005.jpg,/home/anitadonato/tcc/tcc/data/lfw/lfw-funneled/Charlton_Heston/Charlton_Heston_0002.jpg,0.5706803162163869,1
/home/anitadonato/tcc/tcc/data/lfw/lfw-funneled/Charlton_Heston/Charlton_Heston_0005.jpg,/home/anitadonato/tcc/tcc/data/lfw/lfw-funneled/Charlton_Heston/Charlton_Heston_0001.jpg,0.5963348715233447,1
/home/anitadonato/tcc/tcc/data/lfw/lfw-funneled/Charlton_Heston/Charlton_Heston_0005.jpg,/home/anitadonato/tcc/tcc/data/lfw/lfw-funneled/Charlton_Heston/Charlton_Heston_0004.jpg,0.5360178938142913,1
/home/anitadonato/tcc/tcc/data/lfw/lfw-funneled/Charlton_Heston/Charlton_Heston_0006.jpg,/home/anitadonato/tcc/tcc/data/lfw/lfw-funneled/Charlton_Heston/Charlton_Heston_0002.jpg,0.8068969107061371,1
/home/anitadonato/tcc/tcc/data/lfw/lfw-funneled/Charlton_Heston/Charlton_Heston_0006.jpg,/home/anitadonato/tcc/tcc/data/lfw/lfw-funneled/Charlton_Heston/Charlton_Heston_0001.jpg,0.6303221894723039,1
/home/anitadonato/tcc/tcc/data/lfw/lfw-funneled/Charlton_Heston/Charlton_Heston_0006.jpg,/home/anitadonato/tcc/tcc/data/lfw/lfw-funneled/Charlton_Heston/Charlton_Heston_0004.jpg,0.49372043704824353,1
/home/anitadonato/tcc/tcc/data/lfw/lfw-funneled/Charlton_Heston/Charlton_Heston_0002.jpg,/home/anitadonato/tcc/tcc/data/lfw/lfw-funneled/Charlton_Heston/Charlton_Heston_0001.jpg,0.7380669093490779,1
/home/anitadonato/tcc/tcc/data/lfw/lfw-funneled/Charlton_Heston/Charlton_Heston_0002.jpg,/home/anitadonato/tcc/tcc/data/lfw/lfw-funneled/Charlton_Heston/Charlton_Heston_0004.jpg,0.7513109258905575,1
/home/anitadonato/tcc/tcc/data/lfw/lfw-funneled/Charlton_Heston/Charlton_Heston_0001.jpg,/home/anitadonato/tcc/tcc/data/lfw/lfw-funneled/Charlton_Heston/Charlton_Heston_0004.jpg,0.31441237416456425,1
/home/anitadonato/tcc/tcc/data/lfw/lfw-funneled/Sylvester_Stallone/Sylvester_Stallone_0007.jpg,/home/anitadonato/tcc/tcc/data/lfw/lfw-funneled/Sylvester_Stallone/Sylvester_Stallone_0006.jpg,0.7152608259633222,1
/home/anitadonato/tcc/tcc/data/lfw/lfw-funneled/Sylvester_Stallone/Sylvester_Stallone_0007.jpg,/home/anitadonato/tcc/tcc/data/lfw/lfw-funneled/Sylvester_Stallone/Sylvester_Stallone_0009.jpg,0.7301479718728128,1
/home/anitadonato/tcc/tcc/data/lfw/lfw-funneled/Sylvester_Stallone/Sylvester_Stallone_0007.jpg,/home/anitadonato/tcc/tcc/data/lfw/lfw-funneled/Sylvester_Stallone/Sylvester_Stallone_0005.jpg,0.6214913753502861,1
/home/anitadonato/tcc/tcc/data/lfw/lfw-funneled/Sylvester_Stallone/Sylvester_Stallone_0007.jpg,/home/anitadonato/tcc/tcc/data/lfw/lfw-funneled/Sylvester_Stallone/Sylvester_Stallone_0003.jpg,0.7891317870911363,1
/home/anitadonato/tcc/tcc/data/lfw/lfw-funneled/Sylvester_Stallone/Sylvester_Stallone_0006.jpg,/home/anitadonato/tcc/tcc/data/lfw/lfw-funneled/Sylvester_Stallone/Sylvester_Stallone_0009.jpg,0.4146639938618155,1
/home/anitadonato/tcc/tcc/data/lfw/lfw-funneled/Sylvester_Stallone/Sylvester_Stallone_0006.jpg,/home/anitadonato/tcc/tcc/data/lfw/lfw-funneled/Sylvester_Stallone/Sylvester_Stallone_0005.jpg,0.6177553801799514,1
/home/anitadonato/tcc/tcc/data/lfw/lfw-funneled/Sylvester_Stallone/Sylvester_Stallone_0006.jpg,/home/anitadonato/tcc/tcc/data/lfw/lfw-funneled/Sylvester_Stallone/Sylvester_Stallone_0003.jpg,0.5684854889668672,1
/home/anitadonato/tcc/tcc/data/lfw/lfw-funneled/Sylvester_Stallone/Sylvester_Stallone_0009.jpg,/home/anitadonato/tcc/tcc/data/lfw/lfw-funneled/Sylvester_Stallone/Sylvester_Stallone_0005.jpg,0.6361611459178693,1
/home/anitadonato/tcc/tcc/data/lfw/lfw-funneled/Sylvester_Stallone/Sylvester_Stallone_0009.jpg,/home/anitadonato/tcc/tcc/data/lfw/lfw-funneled/Sylvester_Stallone/Sylvester_Stallone_0003.jpg,0.6214361873097684,1
/home/anitadonato/tcc/tcc/data/lfw/lfw-funneled/Sylvester_Stallone/Sylvester_Stallone_0005.jpg,/home/anitadonato/tcc/tcc/data/lfw/lfw-funneled/Sylvester_Stallone/Sylvester_Stallone_0003.jpg,0.6804655940373063,1
/home/anitadonato/tcc/tcc/data/lfw/lfw-funneled/Kristanna_Loken/Kristanna_Loken_0001.jpg,/home/anitadonato/tcc/tcc/data/lfw/lfw-funneled/Kristanna_Loken/Kristanna_Loken_0003.jpg,0.5692575300458516,1
/home/anitadonato/tcc/tcc/data/lfw/lfw-funneled/Kristanna_Loken/Kristanna_Loken_0001.jpg,/home/anitadonato/tcc/tcc/data/lfw/lfw-funneled/Kristanna_Loken/Kristanna_Loken_0004.jpg,0.5067720101381157,1
/home/anitadonato/tcc/tcc/data/lfw/lfw-funneled/Kristanna_Loken/Kristanna_Loken_0001.jpg,/home/anitadonato/tcc/tcc/data/lfw/lfw-funneled/Kristanna_Loken/Kristanna_Loken_0002.jpg,0.5077326332820964,1
/home/anitadonato/tcc/tcc/data/lfw/lfw-funneled/Kristanna_Loken/Kristanna_Loken_0001.jpg,/home/anitadonato/tcc/tcc/data/lfw/lfw-funneled/Kristanna_Loken/Kristanna_Loken_0005.jpg,0.46311867451026456,1
/home/anitadonato/tcc/tcc/data/lfw/lfw-funneled/Kristanna_Loken/Kristanna_Loken_0003.jpg,/home/anitadonato/tcc/tcc/data/lfw/lfw-funneled/Kristanna_Loken/Kristanna_Loken_0004.jpg,0.6867971669197411,1
/home/anitadonato/tcc/tcc/data/lfw/lfw-funneled/Kristanna_Loken/Kristanna_Loken_0003.jpg,/home/anitadonato/tcc/tcc/data/lfw/lfw-funneled/Kristanna_Loken/Kristanna_Loken_0002.jpg,0.5646020380068439,1
/home/anitadonato/tcc/tcc/data/lfw/lfw-funneled/Kristanna_Loken/Kristanna_Loken_0003.jpg,/home/anitadonato/tcc/tcc/data/lfw/lfw-funneled/Kristanna_Loken/Kristanna_Loken_0005.jpg,0.5429844013472864,1
/home/anitadonato/tcc/tcc/data/lfw/lfw-funneled/Kristanna_Loken/Kristanna_Loken_0004.jpg,/home/anitadonato/tcc/tcc/data/lfw/lfw-funneled/Kristanna_Loken/Kristanna_Loken_0002.jpg,0.5074946801557028,1
/home/anitadonato/tcc/tcc/data/lfw/lfw-funneled/Kristanna_Loken/Kristanna_Loken_0004.jpg,/home/anitadonato/tcc/tcc/data/lfw/lfw-funneled/Kristanna_Loken/Kristanna_Loken_0005.jpg,0.44659331534713,1
/home/anitadonato/tcc/tcc/data/lfw/lfw-funneled/Kristanna_Loken/Kristanna_Loken_0002.jpg,/home/anitadonato/tcc/tcc/data/lfw/lfw-funneled/Kristanna_Loken/Kristanna_Loken_0005.jpg,0.48616367681182915,1
/home/anitadonato/tcc/tcc/data/lfw/lfw-funneled/Jacques_Chirac/Jacques_Chirac_0010.jpg,/home/anitadonato/tcc/tcc/data/lfw/lfw-funneled/Jacques_Chirac/Jacques_Chirac_0029.jpg,0.5749907964977217,1
/home/anitadonato/tcc/tcc/data/lfw/lfw-funneled/Jacques_Chirac/Jacques_Chirac_0010.jpg,/home/anitadonato/tcc/tcc/data/lfw/lfw-funneled/Jacques_Chirac/Jacques_Chirac_0035.jpg,0.6627347550415053,1
/home/anitadonato/tcc/tcc/data/lfw/lfw-funneled/Jacques_Chirac/Jacques_Chirac_0010.jpg,/home/anitadonato/tcc/tcc/data/lfw/lfw-funneled/Jacques_Chirac/Jacques_Chirac_0031.jpg,0.5978400287270398,1
/home/anitadonato/tcc/tcc/data/lfw/lfw-funneled/Jacques_Chirac/Jacques_Chirac_0010.jpg,/home/anitadonato/tcc/tcc/data/lfw/lfw-funneled/Jacques_Chirac/Jacques_Chirac_0023.jpg,0.6297094343934497,1
/home/anitadonato/tcc/tcc/data/lfw/lfw-funneled/Jacques_Chirac/Jacques_Chirac_0029.jpg,/home/anitadonato/tcc/tcc/data/lfw/lfw-funneled/Jacques_Chirac/Jacques_Chirac_0035.jpg,0.4677689684884089,1
/home/anitadonato/tcc/tcc/data/lfw/lfw-funneled/Jacques_Chirac/Jacques_Chirac_0029.jpg,/home/anitadonato/tcc/tcc/data/lfw/lfw-funneled/Jacques_Chirac/Jacques_Chirac_0031.jpg,0.5181134225745105,1
/home/anitadonato/tcc/tcc/data/lfw/lfw-funneled/Jacques_Chirac/Jacques_Chirac_0029.jpg,/home/anitadonato/tcc/tcc/data/lfw/lfw-funneled/Jacques_Chirac/Jacques_Chirac_0023.jpg,0.5190633699318341,1
/home/anitadonato/tcc/tcc/data/lfw/lfw-funneled/Jacques_Chirac/Jacques_Chirac_0035.jpg,/home/anitadonato/tcc/tcc/data/lfw/lfw-funneled/Jacques_Chirac/Jacques_Chirac_0031.jpg,0.3087196508786909,1
/home/anitadonato/tcc/tcc/data/lfw/lfw-funneled/Jacques_Chirac/Jacques_Chirac_0035.jpg,/home/anitadonato/tcc/tcc/data/lfw/lfw-funneled/Jacques_Chirac/Jacques_Chirac_0023.jpg,0.33997976046999345,1
/home/anitadonato/tcc/tcc/data/lfw/lfw-funneled/Jacques_Chirac/Jacques_Chirac_0031.jpg,/home/anitadonato/tcc/tcc/data/lfw/lfw-funneled/Jacques_Chirac/Jacques_Chirac_0023.jpg,0.456796482855764,1
/home/anitadonato/tcc/tcc/data/lfw/lfw-funneled/Princess_Caroline/Princess_Caroline_0003.jpg,/home/anitadonato/tcc/tcc/data/lfw/lfw-funneled/Princess_Caroline/Princess_Caroline_0004.jpg,0.4775072123722245,1
/home/anitadonato/tcc/tcc/data/lfw/lfw-funneled/Princess_Caroline/Princess_Caroline_0003.jpg,/home/anitadonato/tcc/tcc/data/lfw/lfw-funneled/Princess_Caroline/Princess_Caroline_0002.jpg,0.3281826878470643,1
/home/anitadonato/tcc/tcc/data/lfw/lfw-funneled/Princess_Caroline/Princess_Caroline_0003.jpg,/home/anitadonato/tcc/tcc/data/lfw/lfw-funneled/Princess_Caroline/Princess_Caroline_0005.jpg,0.3711920021635279,1
/home/anitadonato/tcc/tcc/data/lfw/lfw-funneled/Princess_Caroline/Princess_Caroline_0003.jpg,/home/anitadonato/tcc/tcc/data/lfw/lfw-funneled/Princess_Caroline/Princess_Caroline_0001.jpg,0.4326486901933255,1
/home/anitadonato/tcc/tcc/data/lfw/lfw-funneled/Princess_Caroline/Princess_Caroline_0004.jpg,/home/anitadonato/tcc/tcc/data/lfw/lfw-funneled/Princess_Caroline/Princess_Caroline_0002.jpg,0.38617876903676684,1
/home/anitadonato/tcc/tcc/data/lfw/lfw-funneled/Princess_Caroline/Princess_Caroline_0004.jpg,/home/anitadonato/tcc/tcc/data/lfw/lfw-funneled/Princess_Caroline/Princess_Caroline_0005.jpg,0.5396231443167847,1
/home/anitadonato/tcc/tcc/data/lfw/lfw-funneled/Princess_Caroline/Princess_Caroline_0004.jpg,/home/anitadonato/tcc/tcc/data/lfw/lfw-funneled/Princess_Caroline/Princess_Caroline_0001.jpg,0.23290907024586271,1
/home/anitadonato/tcc/tcc/data/lfw/lfw-funneled/Princess_Caroline/Princess_Caroline_0002.jpg,/home/anitadonato/tcc/tcc/data/lfw/lfw-funneled/Princess_Caroline/Princess_Caroline_0005.jpg,0.5662084350682188,1
/home/anitadonato/tcc/tcc/data/lfw/lfw-funneled/Princess_Caroline/Princess_Caroline_0002.jpg,/home/anitadonato/tcc/tcc/data/lfw/lfw-funneled/Princess_Caroline/Princess_Caroline_0001.jpg,0.2827676577430911,1
/home/anitadonato/tcc/tcc/data/lfw/lfw-funneled/Princess_Caroline/Princess_Caroline_0005.jpg,/home/anitadonato/tcc/tcc/data/lfw/lfw-funneled/Princess_Caroline/Princess_Caroline_0001.jpg,0.6048494056149616,1
/home/anitadonato/tcc/tcc/data/lfw/lfw-funneled/Michael_Powell/Michael_Powell_0002.jpg,/home/anitadonato/tcc/tcc/data/lfw/lfw-funneled/Michael_Powell/Michael_Powell_0004.jpg,0.2822278180122343,1
/home/anitadonato/tcc/tcc/data/lfw/lfw-funneled/Michael_Powell/Michael_Powell_0002.jpg,/home/anitadonato/tcc/tcc/data/lfw/lfw-funneled/Michael_Powell/Michael_Powell_0001.jpg,0.33084344742188354,1
/home/anitadonato/tcc/tcc/data/lfw/lfw-funneled/Michael_Powell/Michael_Powell_0002.jpg,/home/anitadonato/tcc/tcc/data/lfw/lfw-funneled/Michael_Powell/Michael_Powell_0005.jpg,0.5141448200477071,1
/home/anitadonato/tcc/tcc/data/lfw/lfw-funneled/Michael_Powell/Michael_Powell_0002.jpg,/home/anitadonato/tcc/tcc/data/lfw/lfw-funneled/Michael_Powell/Michael_Powell_0003.jpg,0.32249758756606284,1
/home/anitadonato/tcc/tcc/data/lfw/lfw-funneled/Michael_Powell/Michael_Powell_0004.jpg,/home/anitadonato/tcc/tcc/data/lfw/lfw-funneled/Michael_Powell/Michael_Powell_0001.jpg,0.3225835658114419,1
/home/anitadonato/tcc/tcc/data/lfw/lfw-funneled/Michael_Powell/Michael_Powell_0004.jpg,/home/anitadonato/tcc/tcc/data/lfw/lfw-funneled/Michael_Powell/Michael_Powell_0005.jpg,0.5491650519125852,1
/home/anitadonato/tcc/tcc/data/lfw/lfw-funneled/Michael_Powell/Michael_Powell_0004.jpg,/home/anitadonato/tcc/tcc/data/lfw/lfw-funneled/Michael_Powell/Michael_Powell_0003.jpg,0.4889485046214713,1
/home/anitadonato/tcc/tcc/data/lfw/lfw-funneled/Michael_Powell/Michael_Powell_0001.jpg,/home/anitadonato/tcc/tcc/data/lfw/lfw-funneled/Michael_Powell/Michael_Powell_0005.jpg,0.3993667403926632,1
/home/anitadonato/tcc/tcc/data/lfw/lfw-funneled/Michael_Powell/Michael_Powell_0001.jpg,/home/anitadonato/tcc/tcc/data/lfw/lfw-funneled/Michael_Powell/Michael_Powell_0003.jpg,0.44269896932632036,1
/home/anitadonato/tcc/tcc/data/lfw/lfw-funneled/Michael_Powell/Michael_Powell_0005.jpg,/home/anitadonato/tcc/tcc/data/lfw/lfw-funneled/Michael_Powell/Michael_Powell_0003.jpg,0.6145377994516583,1
/home/anitadonato/tcc/tcc/data/lfw/lfw-funneled/Erika_Harold/Erika_Harold_0004.jpg,/home/anitadonato/tcc/tcc/data/lfw/lfw-funneled/Jean_Chretien/Jean_Chretien_0004.jpg,0.9381489216464836,0
/home/anitadonato/tcc/tcc/data/lfw/lfw-funneled/Arminio_Fraga/Arminio_Fraga_0002.jpg,/home/anitadonato/tcc/tcc/data/lfw/lfw-funneled/Tung_Chee-hwa/Tung_Chee-hwa_0004.jpg,0.9533624406113317,0
/home/anitadonato/tcc/tcc/data/lfw/lfw-funneled/Bulent_Ecevit/Bulent_Ecevit_0005.jpg,/home/anitadonato/tcc/tcc/data/lfw/lfw-funneled/LeBron_James/LeBron_James_0005.jpg,0.9822729775016303,0
/home/anitadonato/tcc/tcc/data/lfw/lfw-funneled/Bernard_Law/Bernard_Law_0004.jpg,/home/anitadonato/tcc/tcc/data/lfw/lfw-funneled/Elizabeth_Smart/Elizabeth_Smart_0001.jpg,0.8412586419901584,0
/home/anitadonato/tcc/tcc/data/lfw/lfw-funneled/Atal_Bihari_Vajpayee/Atal_Bihari_Vajpayee_0001.jpg,/home/anitadonato/tcc/tcc/data/lfw/lfw-funneled/Vanessa_Redgrave/Vanessa_Redgrave_0002.jpg,0.9003933666943973,0
/home/anitadonato/tcc/tcc/data/lfw/lfw-funneled/Ben_Affleck/Ben_Affleck_0002.jpg,/home/anitadonato/tcc/tcc/data/lfw/lfw-funneled/Paul_McCartney/Paul_McCartney_0001.jpg,0.8754210398729838,0
/home/anitadonato/tcc/tcc/data/lfw/lfw-funneled/Kim_Dae-jung/Kim_Dae-jung_0003.jpg,/home/anitadonato/tcc/tcc/data/lfw/lfw-funneled/Roger_Federer/Roger_Federer_0005.jpg,0.9501601797588629,0
/home/anitadonato/tcc/tcc/data/lfw/lfw-funneled/Hosni_Mubarak/Hosni_Mubarak_0001.jpg,/home/anitadonato/tcc/tcc/data/lfw/lfw-funneled/Jan_Ullrich/Jan_Ullrich_0003.jpg,0.8928342315629565,0
/home/anitadonato/tcc/tcc/data/lfw/lfw-funneled/Michael_Chiklis/Michael_Chiklis_0004.jpg,/home/anitadonato/tcc/tcc/data/lfw/lfw-funneled/John_Snow/John_Snow_0003.jpg,0.8095192027085438,0
/home/anitadonato/tcc/tcc/data/lfw/lfw-funneled/John_Manley/John_Manley_0004.jpg,/home/anitadonato/tcc/tcc/data/lfw/lfw-funneled/Julie_Gerberding/Julie_Gerberding_0005.jpg,0.6880967502708879,0
/home/anitadonato/tcc/tcc/data/lfw/lfw-funneled/Bulent_Ecevit/Bulent_Ecevit_0001.jpg,/home/anitadonato/tcc/tcc/data/lfw/lfw-funneled/Valery_Giscard_dEstaing/Valery_Giscard_dEstaing_0002.jpg,0.8617465995541881,0
/home/anitadonato/tcc/tcc/data/lfw/lfw-funneled/Cruz_Bustamante/Cruz_Bustamante_0003.jpg,/home/anitadonato/tcc/tcc/data/lfw/lfw-funneled/Maria_Shriver/Maria_Shriver_0002.jpg,0.8421788576520538,0
/home/anitadonato/tcc/tcc/data/lfw/lfw-funneled/Gerhard_Schroeder/Gerhard_Schroeder_0004.jpg,/home/anitadonato/tcc/tcc/data/lfw/lfw-funneled/Amelia_Vega/Amelia_Vega_0001.jpg,0.9468100298311245,0
/home/anitadonato/tcc/tcc/data/lfw/lfw-funneled/Charlton_Heston/Charlton_Heston_0001.jpg,/home/anitadonato/tcc/tcc/data/lfw/lfw-funneled/Abdullah_Gul/Abdullah_Gul_0004.jpg,0.9512685311732969,0
/home/anitadonato/tcc/tcc/data/lfw/lfw-funneled/Fidel_Castro/Fidel_Castro_0003.jpg,/home/anitadonato/tcc/tcc/data/lfw/lfw-funneled/Hosni_Mubarak/Hosni_Mubarak_0001.jpg,0.8697845422892556,0
/home/anitadonato/tcc/tcc/data/lfw/lfw-funneled/Yoko_Ono/Yoko_Ono_0001.jpg,/home/anitadonato/tcc/tcc/data/lfw/lfw-funneled/Robert_Blake/Robert_Blake_0003.jpg,0.82385226820042,0
/home/anitadonato/tcc/tcc/data/lfw/lfw-funneled/Lleyton_Hewitt/Lleyton_Hewitt_0004.jpg,/home/anitadonato/tcc/tcc/data/lfw/lfw-funneled/Nancy_Pelosi/Nancy_Pelosi_0002.jpg,0.8441918237013175,0
/home/anitadonato/tcc/tcc/data/lfw/lfw-funneled/John_Allen_Muhammad/John_Allen_Muhammad_0004.jpg,/home/anitadonato/tcc/tcc/data/lfw/lfw-funneled/John_Travolta/John_Travolta_0005.jpg,0.9164019520468898,0
/home/anitadonato/tcc/tcc/data/lfw/lfw-funneled/Amelie_Mauresmo/Amelie_Mauresmo_0002.jpg,/home/anitadonato/tcc/tcc/data/lfw/lfw-funneled/John_Paul_II/John_Paul_II_0002.jpg,0.9401032661852908,0
/home/anitadonato/tcc/tcc/data/lfw/lfw-funneled/George_Robertson/George_Robertson_0004.jpg,/home/anitadonato/tcc/tcc/data/lfw/lfw-funneled/JK_Rowling/JK_Rowling_0005.jpg,0.9420425883959227,0
/home/anitadonato/tcc/tcc/data/lfw/lfw-funneled/Amelie_Mauresmo/Amelie_Mauresmo_0004.jpg,/home/anitadonato/tcc/tcc/data/lfw/lfw-funneled/Queen_Rania/Queen_Rania_0005.jpg,0.8461184531203992,0
/home/anitadonato/tcc/tcc/data/lfw/lfw-funneled/Costas_Simitis/Costas_Simitis_0004.jpg,/home/anitadonato/tcc/tcc/data/lfw/lfw-funneled/Ian_Thorpe/Ian_Thorpe_0003.jpg,0.7207883730900111,0
/home/anitadonato/tcc/tcc/data/lfw/lfw-funneled/Mike_Weir/Mike_Weir_0001.jpg,/home/anitadonato/tcc/tcc/data/lfw/lfw-funneled/Benjamin_Netanyahu/Benjamin_Netanyahu_0004.jpg,0.8891544003164232,0
/home/anitadonato/tcc/tcc/data/lfw/lfw-funneled/Thabo_Mbeki/Thabo_Mbeki_0005.jpg,/home/anitadonato/tcc/tcc/data/lfw/lfw-funneled/Catherine_Zeta-Jones/Catherine_Zeta-Jones_0002.jpg,0.8892278149190778,0
/home/anitadonato/tcc/tcc/data/lfw/lfw-funneled/Bob_Hope/Bob_Hope_0003.jpg,/home/anitadonato/tcc/tcc/data/lfw/lfw-funneled/Susan_Sarandon/Susan_Sarandon_0005.jpg,0.8769974139445232,0
/home/anitadonato/tcc/tcc/data/lfw/lfw-funneled/Richard_Gephardt/Richard_Gephardt_0004.jpg,/home/anitadonato/tcc/tcc/data/lfw/lfw-funneled/Jean-David_Levitte/Jean-David_Levitte_0003.jpg,0.8177448435787616,0
/home/anitadonato/tcc/tcc/data/lfw/lfw-funneled/Vanessa_Redgrave/Vanessa_Redgrave_0002.jpg,/home/anitadonato/tcc/tcc/data/lfw/lfw-funneled/John_Ashcroft/John_Ashcroft_0004.jpg,0.6839102015373062,0
/home/anitadonato/tcc/tcc/data/lfw/lfw-funneled/Sheryl_Crow/Sheryl_Crow_0002.jpg,/home/anitadonato/tcc/tcc/data/lfw/lfw-funneled/Robert_De_Niro/Robert_De_Niro_0004.jpg,0.9658111448885565,0
/home/anitadonato/tcc/tcc/data/lfw/lfw-funneled/Silvio_Berlusconi/Silvio_Berlusconi_0005.jpg,/home/anitadonato/tcc/tcc/data/lfw/lfw-funneled/Lleyton_Hewitt/Lleyton_Hewitt_0003.jpg,0.8313188022480911,0
/home/anitadonato/tcc/tcc/data/lfw/lfw-funneled/Angela_Merkel/Angela_Merkel_0001.jpg,/home/anitadonato/tcc/tcc/data/lfw/lfw-funneled/Li_Peng/Li_Peng_0004.jpg,0.8714554272958058,0
/home/anitadonato/tcc/tcc/data/lfw/lfw-funneled/Sourav_Ganguly/Sourav_Ganguly_0005.jpg,/home/anitadonato/tcc/tcc/data/lfw/lfw-funneled/Alvaro_Uribe/Alvaro_Uribe_0001.jpg,0.8821395475065446,0
/home/anitadonato/tcc/tcc/data/lfw/lfw-funneled/Cameron_Diaz/Cameron_Diaz_0004.jpg,/home/anitadonato/tcc/tcc/data/lfw/lfw-funneled/Jean_Chretien/Jean_Chretien_0003.jpg,0.9273028676384475,0
/home/anitadonato/tcc/tcc/data/lfw/lfw-funneled/Princess_Caroline/Princess_Caroline_0005.jpg,/home/anitadonato/tcc/tcc/data/lfw/lfw-funneled/Muhammad_Saeed_al-Sahhaf/Muhammad_Saeed_al-Sahhaf_0003.jpg,0.88689763128994,0
/home/anitadonato/tcc/tcc/data/lfw/lfw-funneled/John_Negroponte/John_Negroponte_0002.jpg,/home/anitadonato/tcc/tcc/data/lfw/lfw-funneled/Abdullah_Gul/Abdullah_Gul_0005.jpg,0.8723098118904016,0
/home/anitadonato/tcc/tcc/data/lfw/lfw-funneled/Eduardo_Duhalde/Eduardo_Duhalde_0002.jpg,/home/anitadonato/tcc/tcc/data/lfw/lfw-funneled/Catherine_Zeta-Jones/Catherine_Zeta-Jones_0001.jpg,0.944412486142725,0
/home/anitadonato/tcc/tcc/data/lfw/lfw-funneled/John_Manley/John_Manley_0001.jpg,/home/anitadonato/tcc/tcc/data/lfw/lfw-funneled/Alejandro_Toledo/Alejandro_Toledo_0003.jpg,0.8718495533279778,0
/home/anitadonato/tcc/tcc/data/lfw/lfw-funneled/Clara_Harris/Clara_Harris_0005.jpg,/home/anitadonato/tcc/tcc/data/lfw/lfw-funneled/Thaksin_Shinawatra/Thaksin_Shinawatra_0003.jpg,0.8319475559835082,0
/home/anitadonato/tcc/tcc/data/lfw/lfw-funneled/John_Stockton/John_Stockton_0001.jpg,/home/anitadonato/tcc/tcc/data/lfw/lfw-funneled/Paul_Burrell/Paul_Burrell_0003.jpg,0.9318643382040721,0
/home/anitadonato/tcc/tcc/data/lfw/lfw-funneled/Robert_Blake/Robert_Blake_0004.jpg,/home/anitadonato/tcc/tcc/data/lfw/lfw-funneled/Gerhard_Schroeder/Gerhard_Schroeder_0002.jpg,0.8388785981101549,0
/home/anitadonato/tcc/tcc/data/lfw/lfw-funneled/Hal_Gehman/Hal_Gehman_0005.jpg,/home/anitadonato/tcc/tcc/data/lfw/lfw-funneled/Paul_Burrell/Paul_Burrell_0003.jpg,0.9175200748320118,0
/home/anitadonato/tcc/tcc/data/lfw/lfw-funneled/John_Travolta/John_Travolta_0003.jpg,/home/anitadonato/tcc/tcc/data/lfw/lfw-funneled/Bob_Graham/Bob_Graham_0002.jpg,0.9409771771533052,0
/home/anitadonato/tcc/tcc/data/lfw/lfw-funneled/Benjamin_Netanyahu/Benjamin_Netanyahu_0003.jpg,/home/anitadonato/tcc/tcc/data/lfw/lfw-funneled/Sheryl_Crow/Sheryl_Crow_0003.jpg,0.8360978707155362,0
/home/anitadonato/tcc/tcc/data/lfw/lfw-funneled/William_Ford_Jr/William_Ford_Jr_0001.jpg,/home/anitadonato/tcc/tcc/data/lfw/lfw-funneled/Paradorn_Srichaphan/Paradorn_Srichaphan_0002.jpg,0.9006616252901359,0
/home/anitadonato/tcc/tcc/data/lfw/lfw-funneled/Bill_McBride/Bill_McBride_0004.jpg,/home/anitadonato/tcc/tcc/data/lfw/lfw-funneled/Bill_Gates/Bill_Gates_0005.jpg,0.8702418611975604,0
/home/anitadonato/tcc/tcc/data/lfw/lfw-funneled/Hans_Blix/Hans_Blix_0004.jpg,/home/anitadonato/tcc/tcc/data/lfw/lfw-funneled/Amelia_Vega/Amelia_Vega_0001.jpg,0.9397378304541143,0
/home/anitadonato/tcc/tcc/data/lfw/lfw-funneled/Roger_Federer/Roger_Federer_0001.jpg,/home/anitadonato/tcc/tcc/data/lfw/lfw-funneled/Ludivine_Sagnier/Ludivine_Sagnier_0004.jpg,0.8987315246942045,0
/home/anitadonato/tcc/tcc/data/lfw/lfw-funneled/Zinedine_Zidane/Zinedine_Zidane_0003.jpg,/home/anitadonato/tcc/tcc/data/lfw/lfw-funneled/Michael_Chiklis/Michael_Chiklis_0005.jpg,0.7730128312619675,0
/home/anitadonato/tcc/tcc/data/lfw/lfw-funneled/Jean-Pierre_Raffarin/Jean-Pierre_Raffarin_0003.jpg,/home/anitadonato/tcc/tcc/data/lfw/lfw-funneled/Jean-David_Levitte/Jean-David_Levitte_0001.jpg,0.8725571693395935,0
/home/anitadonato/tcc/tcc/data/lfw/lfw-funneled/Michael_Chiklis/Michael_Chiklis_0004.jpg,/home/anitadonato/tcc/tcc/data/lfw/lfw-funneled/Ian_Thorpe/Ian_Thorpe_0001.jpg,0.7806630581560332,0
/home/anitadonato/tcc/tcc/data/lfw/lfw-funneled/Valery_Giscard_dEstaing/Valery_Giscard_dEstaing_0003.jpg,/home/anitadonato/tcc/tcc/data/lfw/lfw-funneled/Roh_Moo-hyun/Roh_Moo-hyun_0005.jpg,0.8706620010458738,0
/home/anitadonato/tcc/tcc/data/lfw/lfw-funneled/John_Negroponte/John_Negroponte_0001.jpg,/home/anitadonato/tcc/tcc/data/lfw/lfw-funneled/Alejandro_Toledo/Alejandro_Toledo_0004.jpg,0.8338114717631775,0
/home/anitadonato/tcc/tcc/data/lfw/lfw-funneled/Angela_Merkel/Angela_Merkel_0004.jpg,/home/anitadonato/tcc/tcc/data/lfw/lfw-funneled/John_Ashcroft/John_Ashcroft_0001.jpg,0.9117118369909284,0
/home/anitadonato/tcc/tcc/data/lfw/lfw-funneled/Ai_Sugiyama/Ai_Sugiyama_0001.jpg,/home/anitadonato/tcc/tcc/data/lfw/lfw-funneled/Yoko_Ono/Yoko_Ono_0003.jpg,0.8329459381006832,0
/home/anitadonato/tcc/tcc/data/lfw/lfw-funneled/Meryl_Streep/Meryl_Streep_0001.jpg,/home/anitadonato/tcc/tcc/data/lfw/lfw-funneled/William_Ford_Jr/William_Ford_Jr_0002.jpg,0.9157679476508696,0
/home/anitadonato/tcc/tcc/data/lfw/lfw-funneled/Ludivine_Sagnier/Ludivine_Sagnier_0004.jpg,/home/anitadonato/tcc/tcc/data/lfw/lfw-funneled/Hillary_Clinton/Hillary_Clinton_0004.jpg,0.88525280032534,0
/home/anitadonato/tcc/tcc/data/lfw/lfw-funneled/Zinedine_Zidane/Zinedine_Zidane_0005.jpg,/home/anitadonato/tcc/tcc/data/lfw/lfw-funneled/Juan_Pablo_Montoya/Juan_Pablo_Montoya_0004.jpg,0.9751860813828046,0
/home/anitadonato/tcc/tcc/data/lfw/lfw-funneled/Adrien_Brody/Adrien_Brody_0002.jpg,/home/anitadonato/tcc/tcc/data/lfw/lfw-funneled/Jean_Chretien/Jean_Chretien_0004.jpg,0.8999480818930237,0
/home/anitadonato/tcc/tcc/data/lfw/lfw-funneled/Paul_McCartney/Paul_McCartney_0004.jpg,/home/anitadonato/tcc/tcc/data/lfw/lfw-funneled/Elizabeth_Smart/Elizabeth_Smart_0005.jpg,0.9649303468893604,0
/home/anitadonato/tcc/tcc/data/lfw/lfw-funneled/Ben_Affleck/Ben_Affleck_0001.jpg,/home/anitadonato/tcc/tcc/data/lfw/lfw-funneled/Victoria_Clarke/Victoria_Clarke_0003.jpg,0.85455106079058,0
/home/anitadonato/tcc/tcc/data/lfw/lfw-funneled/Cesar_Gaviria/Cesar_Gaviria_0004.jpg,/home/anitadonato/tcc/tcc/data/lfw/lfw-funneled/Susan_Sarandon/Susan_Sarandon_0002.jpg,0.8880833254827496,0
/home/anitadonato/tcc/tcc/data/lfw/lfw-funneled/Salma_Hayek/Salma_Hayek_0003.jpg,/home/anitadonato/tcc/tcc/data/lfw/lfw-funneled/Elizabeth_Smart/Elizabeth_Smart_0005.jpg,0.893668516193008,0
/home/anitadonato/tcc/tcc/data/lfw/lfw-funneled/Alejandro_Toledo/Alejandro_Toledo_0001.jpg,/home/anitadonato/tcc/tcc/data/lfw/lfw-funneled/Lleyton_Hewitt/Lleyton_Hewitt_0004.jpg,0.8986936409173378,0
/home/anitadonato/tcc/tcc/data/lfw/lfw-funneled/Sourav_Ganguly/Sourav_Ganguly_0001.jpg,/home/anitadonato/tcc/tcc/data/lfw/lfw-funneled/Joe_Lieberman/Joe_Lieberman_0004.jpg,0.9586035458601013,0
/home/anitadonato/tcc/tcc/data/lfw/lfw-funneled/Amelia_Vega/Amelia_Vega_0002.jpg,/home/anitadonato/tcc/tcc/data/lfw/lfw-funneled/Tung_Chee-hwa/Tung_Chee-hwa_0005.jpg,0.9117360683626905,0
/home/anitadonato/tcc/tcc/data/lfw/lfw-funneled/Goldie_Hawn/Goldie_Hawn_0003.jpg,/home/anitadonato/tcc/tcc/data/lfw/lfw-funneled/Mohammed_Al-Douri/Mohammed_Al-Douri_0002.jpg,0.8697429022818657,0
/home/anitadonato/tcc/tcc/data/lfw/lfw-funneled/LeBron_James/LeBron_James_0002.jpg,/home/anitadonato/tcc/tcc/data/lfw/lfw-funneled/Tom_Cruise/Tom_Cruise_0001.jpg,0.8985131188095776,0
/home/anitadonato/tcc/tcc/data/lfw/lfw-funneled/Sylvester_Stallone/Sylvester_Stallone_0002.jpg,/home/anitadonato/tcc/tcc/data/lfw/lfw-funneled/Carmen_Electra/Carmen_Electra_0005.jpg,0.8878496851445651,0
/home/anitadonato/tcc/tcc/data/lfw/lfw-funneled/Cesar_Gaviria/Cesar_Gaviria_0003.jpg,/home/anitadonato/tcc/tcc/data/lfw/lfw-funneled/Ian_Thorpe/Ian_Thorpe_0002.jpg,0.849105032429152,0
/home/anitadonato/tcc/tcc/data/lfw/lfw-funneled/Martin_Scorsese/Martin_Scorsese_0003.jpg,/home/anitadonato/tcc/tcc/data/lfw/lfw-funneled/Richard_Myers/Richard_Myers_0002.jpg,0.9657750221994867,0
/home/anitadonato/tcc/tcc/data/lfw/lfw-funneled/Paul_Burrell/Paul_Burrell_0003.jpg,/home/anitadonato/tcc/tcc/data/lfw/lfw-funneled/Michelle_Yeoh/Michelle_Yeoh_0002.jpg,0.9264643728161701,0
/home/anitadonato/tcc/tcc/data/lfw/lfw-funneled/Sharon_Stone/Sharon_Stone_0001.jpg,/home/anitadonato/tcc/tcc/data/lfw/lfw-funneled/Tung_Chee-hwa/Tung_Chee-hwa_0002.jpg,0.8674524036202124,0
/home/anitadonato/tcc/tcc/data/lfw/lfw-funneled/Tiger_Woods/Tiger_Woods_0002.jpg,/home/anitadonato/tcc/tcc/data/lfw/lfw-funneled/Lleyton_Hewitt/Lleyton_Hewitt_0005.jpg,0.891073975747371,0
/home/anitadonato/tcc/tcc/data/lfw/lfw-funneled/Halle_Berry/Halle_Berry_0002.jpg,/home/anitadonato/tcc/tcc/data/lfw/lfw-funneled/Heidi_Klum/Heidi_Klum_0003.jpg,0.8106337541426715,0
/home/anitadonato/tcc/tcc/data/lfw/lfw-funneled/Billy_Crystal/Billy_Crystal_0004.jpg,/home/anitadonato/tcc/tcc/data/lfw/lfw-funneled/LeBron_James/LeBron_James_0005.jpg,0.8075013818052363,0
/home/anitadonato/tcc/tcc/data/lfw/lfw-funneled/William_Ford_Jr/William_Ford_Jr_0001.jpg,/home/anitadonato/tcc/tcc/data/lfw/lfw-funneled/Jean_Chretien/Jean_Chretien_0004.jpg,0.9071351297125498,0
/home/anitadonato/tcc/tcc/data/lfw/lfw-funneled/Xavier_Malisse/Xavier_Malisse_0003.jpg,/home/anitadonato/tcc/tcc/data/lfw/lfw-funneled/Michael_Powell/Michael_Powell_0005.jpg,0.7215457088292394,0
/home/anitadonato/tcc/tcc/data/lfw/lfw-funneled/Paul_ONeill/Paul_ONeill_0004.jpg,/home/anitadonato/tcc/tcc/data/lfw/lfw-funneled/Robert_De_Niro/Robert_De_Niro_0005.jpg,0.8593757401001243,0
/home/anitadonato/tcc/tcc/data/lfw/lfw-funneled/John_Negroponte/John_Negroponte_0001.jpg,/home/anitadonato/tcc/tcc/data/lfw/lfw-funneled/Michael_Schumacher/Michael_Schumacher_0005.jpg,0.8175797831763388,0
/home/anitadonato/tcc/tcc/data/lfw/lfw-funneled/John_Ashcroft/John_Ashcroft_0001.jpg,/home/anitadonato/tcc/tcc/data/lfw/lfw-funneled/Mike_Weir/Mike_Weir_0001.jpg,0.9484613208051231,0
/home/anitadonato/tcc/tcc/data/lfw/lfw-funneled/Joseph_Biden/Joseph_Biden_0004.jpg,/home/anitadonato/tcc/tcc/data/lfw/lfw-funneled/Juan_Carlos_Ferrero/Juan_Carlos_Ferrero_0001.jpg,0.9049120849707079,0
/home/anitadonato/tcc/tcc/data/lfw/lfw-funneled/Christine_Baumgartner/Christine_Baumgartner_0004.jpg,/home/anitadonato/tcc/tcc/data/lfw/lfw-funneled/Gloria_Macapagal_Arroyo/Gloria_Macapagal_Arroyo_0001.jpg,0.929165873415743,0
/home/anitadonato/tcc/tcc/data/lfw/lfw-funneled/George_Robertson/George_Robertson_0005.jpg,/home/anitadonato/tcc/tcc/data/lfw/lfw-funneled/Halle_Berry/Halle_Berry_0002.jpg,0.9638464268026907,0
/home/anitadonato/tcc/tcc/data/lfw/lfw-funneled/Ana_Palacio/Ana_Palacio_0003.jpg,/home/anitadonato/tcc/tcc/data/lfw/lfw-funneled/LeBron_James/LeBron_James_0005.jpg,0.9781802395769427,0
/home/anitadonato/tcc/tcc/data/lfw/lfw-funneled/Abdullah_Gul/Abdullah_Gul_0005.jpg,/home/anitadonato/tcc/tcc/data/lfw/lfw-funneled/Russell_Simmons/Russell_Simmons_0003.jpg,0.9195913497530555,0
/home/anitadonato/tcc/tcc/data/lfw/lfw-funneled/Jean-Pierre_Raffarin/Jean-Pierre_Raffarin_0005.jpg,/home/anitadonato/tcc/tcc/data/lfw/lfw-funneled/Martin_Scorsese/Martin_Scorsese_0003.jpg,0.9030524076877322,0
/home/anitadonato/tcc/tcc/data/lfw/lfw-funneled/Vanessa_Redgrave/Vanessa_Redgrave_0005.jpg,/home/anitadonato/tcc/tcc/data/lfw/lfw-funneled/Antonio_Banderas/Antonio_Banderas_0004.jpg,0.8468067989501834,0
/home/anitadonato/tcc/tcc/data/lfw/lfw-funneled/Elizabeth_Smart/Elizabeth_Smart_0001.jpg,/home/anitadonato/tcc/tcc/data/lfw/lfw-funneled/Angela_Merkel/Angela_Merkel_0005.jpg,0.9082001999905577,0
/home/anitadonato/tcc/tcc/data/lfw/lfw-funneled/Andre_Agassi/Andre_Agassi_0004.jpg,/home/anitadonato/tcc/tcc/data/lfw/lfw-funneled/Cesar_Gaviria/Cesar_Gaviria_0004.jpg,0.9464025860832079,0
/home/anitadonato/tcc/tcc/data/lfw/lfw-funneled/Muhammad_Saeed_al-Sahhaf/Muhammad_Saeed_al-Sahhaf_0003.jpg,/home/anitadonato/tcc/tcc/data/lfw/lfw-funneled/Fernando_Gonzalez/Fernando_Gonzalez_0004.jpg,0.8398180631568367,0
/home/anitadonato/tcc/tcc/data/lfw/lfw-funneled/Juan_Carlos_Ferrero/Juan_Carlos_Ferrero_0001.jpg,/home/anitadonato/tcc/tcc/data/lfw/lfw-funneled/Nia_Vardalos/Nia_Vardalos_0003.jpg,0.9608582227164498,0
/home/anitadonato/tcc/tcc/data/lfw/lfw-funneled/Martin_McGuinness/Martin_McGuinness_0003.jpg,/home/anitadonato/tcc/tcc/data/lfw/lfw-funneled/Jiri_Novak/Jiri_Novak_0003.jpg,0.8737166413820968,0
/home/anitadonato/tcc/tcc/data/lfw/lfw-funneled/Jennifer_Lopez/Jennifer_Lopez_0004.jpg,/home/anitadonato/tcc/tcc/data/lfw/lfw-funneled/Maria_Shriver/Maria_Shriver_0001.jpg,0.9273533195319874,0
/home/anitadonato/tcc/tcc/data/lfw/lfw-funneled/Amelia_Vega/Amelia_Vega_0001.jpg,/home/anitadonato/tcc/tcc/data/lfw/lfw-funneled/Matthew_Perry/Matthew_Perry_0004.jpg,0.9158582169239912,0
/home/anitadonato/tcc/tcc/data/lfw/lfw-funneled/Natalie_Coughlin/Natalie_Coughlin_0003.jpg,/home/anitadonato/tcc/tcc/data/lfw/lfw-funneled/Jean_Chretien/Jean_Chretien_0002.jpg,0.9357291143000508,0
/home/anitadonato/tcc/tcc/data/lfw/lfw-funneled/Steve_Lavin/Steve_Lavin_0005.jpg,/home/anitadonato/tcc/tcc/data/lfw/lfw-funneled/Kevin_Costner/Kevin_Costner_0005.jpg,0.8726089646077361,0
/home/anitadonato/tcc/tcc/data/lfw/lfw-funneled/Roh_Moo-hyun/Roh_Moo-hyun_0001.jpg,/home/anitadonato/tcc/tcc/data/lfw/lfw-funneled/Bernard_Law/Bernard_Law_0004.jpg,0.9122777339581067,0
/home/anitadonato/tcc/tcc/data/lfw/lfw-funneled/Roy_Moore/Roy_Moore_0004.jpg,/home/anitadonato/tcc/tcc/data/lfw/lfw-funneled/Kalpana_Chawla/Kalpana_Chawla_0001.jpg,0.8747760932741123,0
/home/anitadonato/tcc/tcc/data/lfw/lfw-funneled/Thabo_Mbeki/Thabo_Mbeki_0003.jpg,/home/anitadonato/tcc/tcc/data/lfw/lfw-funneled/Denzel_Washington/Denzel_Washington_0003.jpg,0.746764428338333,0
/home/anitadonato/tcc/tcc/data/lfw/lfw-funneled/Spencer_Abraham/Spencer_Abraham_0005.jpg,/home/anitadonato/tcc/tcc/data/lfw/lfw-funneled/Kofi_Annan/Kofi_Annan_0002.jpg,0.7820754788249866,0
/home/anitadonato/tcc/tcc/data/lfw/lfw-funneled/Jennifer_Lopez/Jennifer_Lopez_0004.jpg,/home/anitadonato/tcc/tcc/data/lfw/lfw-funneled/Kurt_Warner/Kurt_Warner_0002.jpg,0.8616691410512869,0
/home/anitadonato/tcc/tcc/data/lfw/lfw-funneled/Robert_De_Niro/Robert_De_Niro_0005.jpg,/home/anitadonato/tcc/tcc/data/lfw/lfw-funneled/Yashwant_Sinha/Yashwant_Sinha_0003.jpg,0.7684366213111558,0
/home/anitadonato/tcc/tcc/data/lfw/lfw-funneled/William_Ford_Jr/William_Ford_Jr_0003.jpg,/home/anitadonato/tcc/tcc/data/lfw/lfw-funneled/Sylvester_Stallone/Sylvester_Stallone_0005.jpg,0.7869291367870642,0
/home/anitadonato/tcc/tcc/data/lfw/lfw-funneled/Bill_Gates/Bill_Gates_0005.jpg,/home/anitadonato/tcc/tcc/data/lfw/lfw-funneled/Martin_McGuinness/Martin_McGuinness_0005.jpg,0.8508817039149623,0
/home/anitadonato/tcc/tcc/data/lfw/lfw-funneled/Michael_Schumacher/Michael_Schumacher_0005.jpg,/home/anitadonato/tcc/tcc/data/lfw/lfw-funneled/Michael_Chiklis/Michael_Chiklis_0001.jpg,0.8808089157055354,0
/home/anitadonato/tcc/tcc/data/lfw/lfw-funneled/Cameron_Diaz/Cameron_Diaz_0003.jpg,/home/anitadonato/tcc/tcc/data/lfw/lfw-funneled/Kurt_Warner/Kurt_Warner_0001.jpg,0.9700299547459761,0
/home/anitadonato/tcc/tcc/data/lfw/lfw-funneled/John_Paul_II/John_Paul_II_0003.jpg,/home/anitadonato/tcc/tcc/data/lfw/lfw-funneled/Hugh_Grant/Hugh_Grant_0003.jpg,0.9304692146786913,0
/home/anitadonato/tcc/tcc/data/lfw/lfw-funneled/Yashwant_Sinha/Yashwant_Sinha_0002.jpg,/home/anitadonato/tcc/tcc/data/lfw/lfw-funneled/Carlos_Moya/Carlos_Moya_0002.jpg,0.9706741815963538,0
/home/anitadonato/tcc/tcc/data/lfw/lfw-funneled/Tom_Cruise/Tom_Cruise_0004.jpg,/home/anitadonato/tcc/tcc/data/lfw/lfw-funneled/Kurt_Warner/Kurt_Warner_0001.jpg,0.826282101419467,0
/home/anitadonato/tcc/tcc/data/lfw/lfw-funneled/Costas_Simitis/Costas_Simitis_0001.jpg,/home/anitadonato/tcc/tcc/data/lfw/lfw-funneled/Robert_Zoellick/Robert_Zoellick_0001.jpg,0.8491234441455682,0
/home/anitadonato/tcc/tcc/data/lfw/lfw-funneled/Gerhard_Schroeder/Gerhard_Schroeder_0002.jpg,/home/anitadonato/tcc/tcc/data/lfw/lfw-funneled/John_Travolta/John_Travolta_0004.jpg,0.8411379865440681,0
/home/anitadonato/tcc/tcc/data/lfw/lfw-funneled/Silvan_Shalom/Silvan_Shalom_0003.jpg,/home/anitadonato/tcc/tcc/data/lfw/lfw-funneled/Vanessa_Redgrave/Vanessa_Redgrave_0002.jpg,0.7926696039196572,0
/home/anitadonato/tcc/tcc/data/lfw/lfw-funneled/Zinedine_Zidane/Zinedine_Zidane_0003.jpg,/home/anitadonato/tcc/tcc/data/lfw/lfw-funneled/John_Howard/John_Howard_0005.jpg,0.9010820598482909,0
/home/anitadonato/tcc/tcc/data/lfw/lfw-funneled/Martin_Scorsese/Martin_Scorsese_0001.jpg,/home/anitadonato/tcc/tcc/data/lfw/lfw-funneled/Matthew_Perry/Matthew_Perry_0002.jpg,0.9562567779947699,0
/home/anitadonato/tcc/tcc/data/lfw/lfw-funneled/Tommy_Franks/Tommy_Franks_0005.jpg,/home/anitadonato/tcc/tcc/data/lfw/lfw-funneled/Bill_McBride/Bill_McBride_0001.jpg,0.844731768927044,0
/home/anitadonato/tcc/tcc/data/lfw/lfw-funneled/Michael_Chiklis/Michael_Chiklis_0003.jpg,/home/anitadonato/tcc/tcc/data/lfw/lfw-funneled/George_Robertson/George_Robertson_0004.jpg,0.843885617765301,0
/home/anitadonato/tcc/tcc/data/lfw/lfw-funneled/Tung_Chee-hwa/Tung_Chee-hwa_0004.jpg,/home/anitadonato/tcc/tcc/data/lfw/lfw-funneled/Rainer_Schuettler/Rainer_Schuettler_0005.jpg,0.7914059603752629,0
/home/anitadonato/tcc/tcc/data/lfw/lfw-funneled/Susan_Sarandon/Susan_Sarandon_0003.jpg,/home/anitadonato/tcc/tcc/data/lfw/lfw-funneled/Nia_Vardalos/Nia_Vardalos_0002.jpg,0.8668943928816887,0
/home/anitadonato/tcc/tcc/data/lfw/lfw-funneled/Bill_McBride/Bill_McBride_0001.jpg,/home/anitadonato/tcc/tcc/data/lfw/lfw-funneled/Colin_Montgomerie/Colin_Montgomerie_0003.jpg,0.707790056795033,0
/home/anitadonato/tcc/tcc/data/lfw/lfw-funneled/Jose_Maria_Aznar/Jose_Maria_Aznar_0003.jpg,/home/anitadonato/tcc/tcc/data/lfw/lfw-funneled/Sharon_Stone/Sharon_Stone_0005.jpg,0.923776811751239,0
/home/anitadonato/tcc/tcc/data/lfw/lfw-funneled/Richard_Gere/Richard_Gere_0003.jpg,/home/anitadonato/tcc/tcc/data/lfw/lfw-funneled/Atal_Bihari_Vajpayee/Atal_Bihari_Vajpayee_0001.jpg,0.832712361576646,0
/home/anitadonato/tcc/tcc/data/lfw/lfw-funneled/John_Negroponte/John_Negroponte_0005.jpg,/home/anitadonato/tcc/tcc/data/lfw/lfw-funneled/Jan_Ullrich/Jan_Ullrich_0001.jpg,0.8154512374002272,0
/home/anitadonato/tcc/tcc/data/lfw/lfw-funneled/Carlos_Moya/Carlos_Moya_0003.jpg,/home/anitadonato/tcc/tcc/data/lfw/lfw-funneled/Ann_Veneman/Ann_Veneman_0002.jpg,0.9502164065827517,0
/home/anitadonato/tcc/tcc/data/lfw/lfw-funneled/Kristanna_Loken/Kristanna_Loken_0003.jpg,/home/anitadonato/tcc/tcc/data/lfw/lfw-funneled/Ai_Sugiyama/Ai_Sugiyama_0003.jpg,0.8537151303567138,0
/home/anitadonato/tcc/tcc/data/lfw/lfw-funneled/Robert_Blake/Robert_Blake_0001.jpg,/home/anitadonato/tcc/tcc/data/lfw/lfw-funneled/Kate_Hudson/Kate_Hudson_0004.jpg,0.796079269074229,0
/home/anitadonato/tcc/tcc/data/lfw/lfw-funneled/Gerhard_Schroeder/Gerhard_Schroeder_0002.jpg,/home/anitadonato/tcc/tcc/data/lfw/lfw-funneled/Jose_Maria_Aznar/Jose_Maria_Aznar_0002.jpg,0.8606687287883794,0
/home/anitadonato/tcc/tcc/data/lfw/lfw-funneled/Jean-Pierre_Raffarin/Jean-Pierre_Raffarin_0002.jpg,/home/anitadonato/tcc/tcc/data/lfw/lfw-funneled/John_Snow/John_Snow_0005.jpg,0.7988082581283021,0
/home/anitadonato/tcc/tcc/data/lfw/lfw-funneled/Roh_Moo-hyun/Roh_Moo-hyun_0003.jpg,/home/anitadonato/tcc/tcc/data/lfw/lfw-funneled/Juan_Pablo_Montoya/Juan_Pablo_Montoya_0001.jpg,0.9549642456203633,0
/home/anitadonato/tcc/tcc/data/lfw/lfw-funneled/Jan_Ullrich/Jan_Ullrich_0001.jpg,/home/anitadonato/tcc/tcc/data/lfw/lfw-funneled/Robert_Zoellick/Robert_Zoellick_0004.jpg,0.9182278167012787,0
/home/anitadonato/tcc/tcc/data/lfw/lfw-funneled/Heidi_Klum/Heidi_Klum_0001.jpg,/home/anitadonato/tcc/tcc/data/lfw/lfw-funneled/Mike_Weir/Mike_Weir_0003.jpg,0.8414810912164974,0
/home/anitadonato/tcc/tcc/data/lfw/lfw-funneled/Kofi_Annan/Kofi_Annan_0005.jpg,/home/anitadonato/tcc/tcc/data/lfw/lfw-funneled/Martin_McGuinness/Martin_McGuinness_0004.jpg,0.8073631811831419,0
/home/anitadonato/tcc/tcc/data/lfw/lfw-funneled/John_Bolton/John_Bolton_0004.jpg,/home/anitadonato/tcc/tcc/data/lfw/lfw-funneled/Jean-David_Levitte/Jean-David_Levitte_0003.jpg,0.6957530902296758,0
/home/anitadonato/tcc/tcc/data/lfw/lfw-funneled/William_Ford_Jr/William_Ford_Jr_0001.jpg,/home/anitadonato/tcc/tcc/data/lfw/lfw-funneled/Hamid_Karzai/Hamid_Karzai_0003.jpg,0.7638922481138717,0
/home/anitadonato/tcc/tcc/data/lfw/lfw-funneled/Jennifer_Capriati/Jennifer_Capriati_0004.jpg,/home/anitadonato/tcc/tcc/data/lfw/lfw-funneled/Valery_Giscard_dEstaing/Valery_Giscard_dEstaing_0003.jpg,0.9514005874037027,0
/home/anitadonato/tcc/tcc/data/lfw/lfw-funneled/Pedro_Malan/Pedro_Malan_0001.jpg,/home/anitadonato/tcc/tcc/data/lfw/lfw-funneled/Lindsay_Davenport/Lindsay_Davenport_0002.jpg,0.876434393095014,0
/home/anitadonato/tcc/tcc/data/lfw/lfw-funneled/Lindsay_Davenport/Lindsay_Davenport_0004.jpg,/home/anitadonato/tcc/tcc/data/lfw/lfw-funneled/Adrien_Brody/Adrien_Brody_0005.jpg,0.9438617459638569,0
/home/anitadonato/tcc/tcc/data/lfw/lfw-funneled/George_Robertson/George_Robertson_0003.jpg,/home/anitadonato/tcc/tcc/data/lfw/lfw-funneled/Jan_Ullrich/Jan_Ullrich_0003.jpg,0.9032116303992834,0
/home/anitadonato/tcc/tcc/data/lfw/lfw-funneled/John_Negroponte/John_Negroponte_0002.jpg,/home/anitadonato/tcc/tcc/data/lfw/lfw-funneled/Peter_Struck/Peter_Struck_0001.jpg,0.7815463062029357,0
/home/anitadonato/tcc/tcc/data/lfw/lfw-funneled/Carlos_Menem/Carlos_Menem_0001.jpg,/home/anitadonato/tcc/tcc/data/lfw/lfw-funneled/Abdullah_Gul/Abdullah_Gul_0005.jpg,0.7758464691627556,0
/home/anitadonato/tcc/tcc/data/lfw/lfw-funneled/Carlos_Menem/Carlos_Menem_0003.jpg,/home/anitadonato/tcc/tcc/data/lfw/lfw-funneled/Jeremy_Greenstock/Jeremy_Greenstock_0003.jpg,0.8743915211425151,0
/home/anitadonato/tcc/tcc/data/lfw/lfw-funneled/Trent_Lott/Trent_Lott_0002.jpg,/home/anitadonato/tcc/tcc/data/lfw/lfw-funneled/Alejandro_Toledo/Alejandro_Toledo_0002.jpg,0.8228797009174863,0
/home/anitadonato/tcc/tcc/data/lfw/lfw-funneled/Spencer_Abraham/Spencer_Abraham_0003.jpg,/home/anitadonato/tcc/tcc/data/lfw/lfw-funneled/Sergey_Lavrov/Sergey_Lavrov_0002.jpg,0.7912841515363798,0
/home/anitadonato/tcc/tcc/data/lfw/lfw-funneled/Woody_Allen/Woody_Allen_0002.jpg,/home/anitadonato/tcc/tcc/data/lfw/lfw-funneled/Megawati_Sukarnoputri/Megawati_Sukarnoputri_0001.jpg,0.8871071964626083,0
/home/anitadonato/tcc/tcc/data/lfw/lfw-funneled/Vladimir_Putin/Vladimir_Putin_0004.jpg,/home/anitadonato/tcc/tcc/data/lfw/lfw-funneled/Jacques_Chirac/Jacques_Chirac_0004.jpg,0.8703591891243225,0
/home/anitadonato/tcc/tcc/data/lfw/lfw-funneled/Bill_McBride/Bill_McBride_0005.jpg,/home/anitadonato/tcc/tcc/data/lfw/lfw-funneled/Tom_Cruise/Tom_Cruise_0004.jpg,0.7939729383896281,0
/home/anitadonato/tcc/tcc/data/lfw/lfw-funneled/Amelie_Mauresmo/Amelie_Mauresmo_0005.jpg,/home/anitadonato/tcc/tcc/data/lfw/lfw-funneled/Tom_Cruise/Tom_Cruise_0003.jpg,0.7952472835053993,0
/home/anitadonato/tcc/tcc/data/lfw/lfw-funneled/John_Manley/John_Manley_0002.jpg,/home/anitadonato/tcc/tcc/data/lfw/lfw-funneled/Jiri_Novak/Jiri_Novak_0004.jpg,0.7819161063191873,0
/home/anitadonato/tcc/tcc/data/lfw/lfw-funneled/Ana_Guevara/Ana_Guevara_0004.jpg,/home/anitadonato/tcc/tcc/data/lfw/lfw-funneled/Kim_Dae-jung/Kim_Dae-jung_0003.jpg,0.9166290084640336,0
/home/anitadonato/tcc/tcc/data/lfw/lfw-funneled/Sourav_Ganguly/Sourav_Ganguly_0001.jpg,/home/anitadonato/tcc/tcc/data/lfw/lfw-funneled/Paul_ONeill/Paul_ONeill_0003.jpg,0.8992208470071428,0
/home/anitadonato/tcc/tcc/data/lfw/lfw-funneled/Antonio_Banderas/Antonio_Banderas_0003.jpg,/home/anitadonato/tcc/tcc/data/lfw/lfw-funneled/Bob_Hope/Bob_Hope_0004.jpg,0.8518005441034272,0
/home/anitadonato/tcc/tcc/data/lfw/lfw-funneled/Gonzalo_Sanchez_de_Lozada/Gonzalo_Sanchez_de_Lozada_0001.jpg,/home/anitadonato/tcc/tcc/data/lfw/lfw-funneled/Bulent_Ecevit/Bulent_Ecevit_0003.jpg,0.9346620385989661,0
/home/anitadonato/tcc/tcc/data/lfw/lfw-funneled/Thabo_Mbeki/Thabo_Mbeki_0001.jpg,/home/anitadonato/tcc/tcc/data/lfw/lfw-funneled/Frank_Solich/Frank_Solich_0005.jpg,0.7863703807521157,0
/home/anitadonato/tcc/tcc/data/lfw/lfw-funneled/Martin_Scorsese/Martin_Scorsese_0004.jpg,/home/anitadonato/tcc/tcc/data/lfw/lfw-funneled/Antonio_Banderas/Antonio_Banderas_0004.jpg,0.7616723787850121,0
/home/anitadonato/tcc/tcc/data/lfw/lfw-funneled/Condoleezza_Rice/Condoleezza_Rice_0001.jpg,/home/anitadonato/tcc/tcc/data/lfw/lfw-funneled/Carmen_Electra/Carmen_Electra_0004.jpg,0.8856397310090494,0
/home/anitadonato/tcc/tcc/data/lfw/lfw-funneled/Silvio_Berlusconi/Silvio_Berlusconi_0002.jpg,/home/anitadonato/tcc/tcc/data/lfw/lfw-funneled/Mohamed_ElBaradei/Mohamed_ElBaradei_0003.jpg,0.792626806595387,0
/home/anitadonato/tcc/tcc/data/lfw/lfw-funneled/Megawati_Sukarnoputri/Megawati_Sukarnoputri_0005.jpg,/home/anitadonato/tcc/tcc/data/lfw/lfw-funneled/Pamela_Anderson/Pamela_Anderson_0002.jpg,0.9479531165305457,0
/home/anitadonato/tcc/tcc/data/lfw/lfw-funneled/Kevin_Costner/Kevin_Costner_0001.jpg,/home/anitadonato/tcc/tcc/data/lfw/lfw-funneled/Gonzalo_Sanchez_de_Lozada/Gonzalo_Sanchez_de_Lozada_0003.jpg,0.8453126042037934,0
/home/anitadonato/tcc/tcc/data/lfw/lfw-funneled/Gloria_Macapagal_Arroyo/Gloria_Macapagal_Arroyo_0005.jpg,/home/anitadonato/tcc/tcc/data/lfw/lfw-funneled/Matthew_Perry/Matthew_Perry_0002.jpg,0.9531974539230653,0
/home/anitadonato/tcc/tcc/data/lfw/lfw-funneled/Rudolph_Giuliani/Rudolph_Giuliani_0004.jpg,/home/anitadonato/tcc/tcc/data/lfw/lfw-funneled/Norm_Coleman/Norm_Coleman_0004.jpg,0.805333904519602,0
/home/anitadonato/tcc/tcc/data/lfw/lfw-funneled/Atal_Bihari_Vajpayee/Atal_Bihari_Vajpayee_0005.jpg,/home/anitadonato/tcc/tcc/data/lfw/lfw-funneled/Tom_Daschle/Tom_Daschle_0002.jpg,0.9373579627145291,0
/home/anitadonato/tcc/tcc/data/lfw/lfw-funneled/Hans_Blix/Hans_Blix_0003.jpg,/home/anitadonato/tcc/tcc/data/lfw/lfw-funneled/Nancy_Pelosi/Nancy_Pelosi_0004.jpg,0.9299934486611175,0
/home/anitadonato/tcc/tcc/data/lfw/lfw-funneled/Ben_Affleck/Ben_Affleck_0003.jpg,/home/anitadonato/tcc/tcc/data/lfw/lfw-funneled/Princess_Caroline/Princess_Caroline_0005.jpg,0.8999783836152538,0
/home/anitadonato/tcc/tcc/data/lfw/lfw-funneled/Billy_Crystal/Billy_Crystal_0003.jpg,/home/anitadonato/tcc/tcc/data/lfw/lfw-funneled/Cruz_Bustamante/Cruz_Bustamante_0001.jpg,0.806557587306753,0
/home/anitadonato/tcc/tcc/data/lfw/lfw-funneled/Bernard_Law/Bernard_Law_0005.jpg,/home/anitadonato/tcc/tcc/data/lfw/lfw-funneled/Natalie_Coughlin/Natalie_Coughlin_0004.jpg,0.8723726390695472,0
/home/anitadonato/tcc/tcc/data/lfw/lfw-funneled/Britney_Spears/Britney_Spears_0005.jpg,/home/anitadonato/tcc/tcc/data/lfw/lfw-funneled/Eduardo_Duhalde/Eduardo_Duhalde_0002.jpg,0.9351849919731632,0
/home/anitadonato/tcc/tcc/data/lfw/lfw-funneled/Peter_Struck/Peter_Struck_0005.jpg,/home/anitadonato/tcc/tcc/data/lfw/lfw-funneled/George_Robertson/George_Robertson_0002.jpg,0.7205147198748797,0
/home/anitadonato/tcc/tcc/data/lfw/lfw-funneled/Yashwant_Sinha/Yashwant_Sinha_0004.jpg,/home/anitadonato/tcc/tcc/data/lfw/lfw-funneled/John_Howard/John_Howard_0002.jpg,0.896468452155114,0
/home/anitadonato/tcc/tcc/data/lfw/lfw-funneled/Martin_Scorsese/Martin_Scorsese_0001.jpg,/home/anitadonato/tcc/tcc/data/lfw/lfw-funneled/John_Bolton/John_Bolton_0003.jpg,0.9364242469390841,0
/home/anitadonato/tcc/tcc/data/lfw/lfw-funneled/Roh_Moo-hyun/Roh_Moo-hyun_0003.jpg,/home/anitadonato/tcc/tcc/data/lfw/lfw-funneled/Tony_Blair/Tony_Blair_0002.jpg,0.8953643941296665,0
/home/anitadonato/tcc/tcc/data/lfw/lfw-funneled/Juan_Pablo_Montoya/Juan_Pablo_Montoya_0005.jpg,/home/anitadonato/tcc/tcc/data/lfw/lfw-funneled/Angela_Merkel/Angela_Merkel_0001.jpg,0.8689216481344182,0
/home/anitadonato/tcc/tcc/data/lfw/lfw-funneled/Alejandro_Toledo/Alejandro_Toledo_0004.jpg,/home/anitadonato/tcc/tcc/data/lfw/lfw-funneled/Juan_Pablo_Montoya/Juan_Pablo_Montoya_0005.jpg,0.7252668982462781,0
/home/anitadonato/tcc/tcc/data/lfw/lfw-funneled/Salma_Hayek/Salma_Hayek_0003.jpg,/home/anitadonato/tcc/tcc/data/lfw/lfw-funneled/Heidi_Klum/Heidi_Klum_0003.jpg,0.8549688435801867,0
/home/anitadonato/tcc/tcc/data/lfw/lfw-funneled/John_Paul_II/John_Paul_II_0003.jpg,/home/anitadonato/tcc/tcc/data/lfw/lfw-funneled/Mike_Myers/Mike_Myers_0004.jpg,0.7846970963889934,0
/home/anitadonato/tcc/tcc/data/lfw/lfw-funneled/Jeremy_Greenstock/Jeremy_Greenstock_0002.jpg,/home/anitadonato/tcc/tcc/data/lfw/lfw-funneled/Bill_Gates/Bill_Gates_0002.jpg,0.853613129481386,0
/home/anitadonato/tcc/tcc/data/lfw/lfw-funneled/Frank_Solich/Frank_Solich_0001.jpg,/home/anitadonato/tcc/tcc/data/lfw/lfw-funneled/Li_Peng/Li_Peng_0005.jpg,0.8510946238550914,0
/home/anitadonato/tcc/tcc/data/lfw/lfw-funneled/Jacques_Chirac/Jacques_Chirac_0005.jpg,/home/anitadonato/tcc/tcc/data/lfw/lfw-funneled/Michelle_Yeoh/Michelle_Yeoh_0001.jpg,0.9260127145980677,0
/home/anitadonato/tcc/tcc/data/lfw/lfw-funneled/Tung_Chee-hwa/Tung_Chee-hwa_0005.jpg,/home/anitadonato/tcc/tcc/data/lfw/lfw-funneled/Winona_Ryder/Winona_Ryder_0002.jpg,0.8771167750303221,0
/home/anitadonato/tcc/tcc/data/lfw/lfw-funneled/Martin_Scorsese/Martin_Scorsese_0002.jpg,/home/anitadonato/tcc/tcc/data/lfw/lfw-funneled/Tony_Blair/Tony_Blair_0002.jpg,0.9511590136740588,0
/home/anitadonato/tcc/tcc/data/lfw/lfw-funneled/John_Paul_II/John_Paul_II_0005.jpg,/home/anitadonato/tcc/tcc/data/lfw/lfw-funneled/Hosni_Mubarak/Hosni_Mubarak_0002.jpg,0.8804417890293615,0
/home/anitadonato/tcc/tcc/data/lfw/lfw-funneled/Andre_Agassi/Andre_Agassi_0001.jpg,/home/anitadonato/tcc/tcc/data/lfw/lfw-funneled/Clara_Harris/Clara_Harris_0004.jpg,0.8641002818458227,0
/home/anitadonato/tcc/tcc/data/lfw/lfw-funneled/Hans_Blix/Hans_Blix_0002.jpg,/home/anitadonato/tcc/tcc/data/lfw/lfw-funneled/Catherine_Zeta-Jones/Catherine_Zeta-Jones_0004.jpg,0.8709267625400868,0
/home/anitadonato/tcc/tcc/data/lfw/lfw-funneled/JK_Rowling/JK_Rowling_0004.jpg,/home/anitadonato/tcc/tcc/data/lfw/lfw-funneled/Britney_Spears/Britney_Spears_0002.jpg,0.9279179730032794,0
/home/anitadonato/tcc/tcc/data/lfw/lfw-funneled/John_Snow/John_Snow_0003.jpg,/home/anitadonato/tcc/tcc/data/lfw/lfw-funneled/Queen_Rania/Queen_Rania_0004.jpg,0.954641400991324,0
/home/anitadonato/tcc/tcc/data/lfw/lfw-funneled/Jeremy_Greenstock/Jeremy_Greenstock_0005.jpg,/home/anitadonato/tcc/tcc/data/lfw/lfw-funneled/Zinedine_Zidane/Zinedine_Zidane_0004.jpg,0.891964046157447,0
/home/anitadonato/tcc/tcc/data/lfw/lfw-funneled/Habib_Rizieq/Habib_Rizieq_0003.jpg,/home/anitadonato/tcc/tcc/data/lfw/lfw-funneled/Kristanna_Loken/Kristanna_Loken_0004.jpg,0.875219267324196,0
/home/anitadonato/tcc/tcc/data/lfw/lfw-funneled/Bob_Graham/Bob_Graham_0004.jpg,/home/anitadonato/tcc/tcc/data/lfw/lfw-funneled/John_Travolta/John_Travolta_0002.jpg,0.8555469873702813,0
/home/anitadonato/tcc/tcc/data/lfw/lfw-funneled/Hal_Gehman/Hal_Gehman_0002.jpg,/home/anitadonato/tcc/tcc/data/lfw/lfw-funneled/Megawati_Sukarnoputri/Megawati_Sukarnoputri_0003.jpg,0.9782024508963394,0
/home/anitadonato/tcc/tcc/data/lfw/lfw-funneled/Billy_Crystal/Billy_Crystal_0004.jpg,/home/anitadonato/tcc/tcc/data/lfw/lfw-funneled/Maria_Soledad_Alvear_Valenzuela/Maria_Soledad_Alvear_Valenzuela_0003.jpg,0.9033058081740656,0
/home/anitadonato/tcc/tcc/data/lfw/lfw-funneled/Carmen_Electra/Carmen_Electra_0005.jpg,/home/anitadonato/tcc/tcc/data/lfw/lfw-funneled/Spencer_Abraham/Spencer_Abraham_0001.jpg,0.8620401891181622,0
/home/anitadonato/tcc/tcc/data/lfw/lfw-funneled/Britney_Spears/Britney_Spears_0002.jpg,/home/anitadonato/tcc/tcc/data/lfw/lfw-funneled/Matthew_Perry/Matthew_Perry_0003.jpg,0.9663957800148817,0
/home/anitadonato/tcc/tcc/data/lfw/lfw-funneled/Gonzalo_Sanchez_de_Lozada/Gonzalo_Sanchez_de_Lozada_0002.jpg,/home/anitadonato/tcc/tcc/data/lfw/lfw-funneled/Colin_Montgomerie/Colin_Montgomerie_0004.jpg,0.8350674135971465,0
/home/anitadonato/tcc/tcc/data/lfw/lfw-funneled/Amelia_Vega/Amelia_Vega_0004.jpg,/home/anitadonato/tcc/tcc/data/lfw/lfw-funneled/John_Negroponte/John_Negroponte_0003.jpg,0.9080525289046164,0
/home/anitadonato/tcc/tcc/data/lfw/lfw-funneled/Geoff_Hoon/Geoff_Hoon_0001.jpg,/home/anitadonato/tcc/tcc/data/lfw/lfw-funneled/Nia_Vardalos/Nia_Vardalos_0004.jpg,0.8479536597884914,0
/home/anitadonato/tcc/tcc/data/lfw/lfw-funneled/Bob_Graham/Bob_Graham_0002.jpg,/home/anitadonato/tcc/tcc/data/lfw/lfw-funneled/Nancy_Pelosi/Nancy_Pelosi_0004.jpg,0.9113739314494396,0
/home/anitadonato/tcc/tcc/data/lfw/lfw-funneled/George_Robertson/George_Robertson_0002.jpg,/home/anitadonato/tcc/tcc/data/lfw/lfw-funneled/Nancy_Pelosi/Nancy_Pelosi_0001.jpg,0.9018483507016181,0
/home/anitadonato/tcc/tcc/data/lfw/lfw-funneled/Erika_Harold/Erika_Harold_0003.jpg,/home/anitadonato/tcc/tcc/data/lfw/lfw-funneled/Elizabeth_Smart/Elizabeth_Smart_0002.jpg,0.836271646737608,0
/home/anitadonato/tcc/tcc/data/lfw/lfw-funneled/Ai_Sugiyama/Ai_Sugiyama_0003.jpg,/home/anitadonato/tcc/tcc/data/lfw/lfw-funneled/Bulent_Ecevit/Bulent_Ecevit_0004.jpg,0.8098404288027844,0
/home/anitadonato/tcc/tcc/data/lfw/lfw-funneled/Luis_Horna/Luis_Horna_0004.jpg,/home/anitadonato/tcc/tcc/data/lfw/lfw-funneled/Ai_Sugiyama/Ai_Sugiyama_0004.jpg,0.9339816218488539,0
/home/anitadonato/tcc/tcc/data/lfw/lfw-funneled/Michael_Schumacher/Michael_Schumacher_0001.jpg,/home/anitadonato/tcc/tcc/data/lfw/lfw-funneled/Carlos_Moya/Carlos_Moya_0001.jpg,0.9701951633410767,0
/home/anitadonato/tcc/tcc/data/lfw/lfw-funneled/Benjamin_Netanyahu/Benjamin_Netanyahu_0002.jpg,/home/anitadonato/tcc/tcc/data/lfw/lfw-funneled/Cesar_Gaviria/Cesar_Gaviria_0005.jpg,0.8249754236413359,0
/home/anitadonato/tcc/tcc/data/lfw/lfw-funneled/Trent_Lott/Trent_Lott_0005.jpg,/home/anitadonato/tcc/tcc/data/lfw/lfw-funneled/Cameron_Diaz/Cameron_Diaz_0004.jpg,0.9424522140173855,0
/home/anitadonato/tcc/tcc/data/lfw/lfw-funneled/Sharon_Stone/Sharon_Stone_0003.jpg,/home/anitadonato/tcc/tcc/data/lfw/lfw-funneled/Princess_Caroline/Princess_Caroline_0002.jpg,0.7329410190429348,0
/home/anitadonato/tcc/tcc/data/lfw/lfw-funneled/John_Ashcroft/John_Ashcroft_0001.jpg,/home/anitadonato/tcc/tcc/data/lfw/lfw-funneled/Fujio_Cho/Fujio_Cho_0002.jpg,0.8870763798025508,0
/home/anitadonato/tcc/tcc/data/lfw/lfw-funneled/Silvan_Shalom/Silvan_Shalom_0005.jpg,/home/anitadonato/tcc/tcc/data/lfw/lfw-funneled/Jean-David_Levitte/Jean-David_Levitte_0004.jpg,0.8598209002231364,0
/home/anitadonato/tcc/tcc/data/lfw/lfw-funneled/Ana_Palacio/Ana_Palacio_0004.jpg,/home/anitadonato/tcc/tcc/data/lfw/lfw-funneled/Sharon_Stone/Sharon_Stone_0005.jpg,0.7313406400118381,0
/home/anitadonato/tcc/tcc/data/lfw/lfw-funneled/Ludivine_Sagnier/Ludivine_Sagnier_0005.jpg,/home/anitadonato/tcc/tcc/data/lfw/lfw-funneled/Heidi_Klum/Heidi_Klum_0005.jpg,0.7932979363018428,0
/home/anitadonato/tcc/tcc/data/lfw/lfw-funneled/Queen_Rania/Queen_Rania_0002.jpg,/home/anitadonato/tcc/tcc/data/lfw/lfw-funneled/Julie_Gerberding/Julie_Gerberding_0003.jpg,0.9261339748356362,0
/home/anitadonato/tcc/tcc/data/lfw/lfw-funneled/Martin_McGuinness/Martin_McGuinness_0005.jpg,/home/anitadonato/tcc/tcc/data/lfw/lfw-funneled/Richard_Myers/Richard_Myers_0003.jpg,0.7602517594970131,0
/home/anitadonato/tcc/tcc/data/lfw/lfw-funneled/Queen_Rania/Queen_Rania_0004.jpg,/home/anitadonato/tcc/tcc/data/lfw/lfw-funneled/Silvio_Berlusconi/Silvio_Berlusconi_0002.jpg,0.9784965948132461,0
/home/anitadonato/tcc/tcc/data/lfw/lfw-funneled/Kalpana_Chawla/Kalpana_Chawla_0001.jpg,/home/anitadonato/tcc/tcc/data/lfw/lfw-funneled/Juan_Pablo_Montoya/Juan_Pablo_Montoya_0005.jpg,0.6812672935479757,0
/home/anitadonato/tcc/tcc/data/lfw/lfw-funneled/Salma_Hayek/Salma_Hayek_0005.jpg,/home/anitadonato/tcc/tcc/data/lfw/lfw-funneled/Ana_Guevara/Ana_Guevara_0005.jpg,0.8232156866063843,0
/home/anitadonato/tcc/tcc/data/lfw/lfw-funneled/Antonio_Banderas/Antonio_Banderas_0001.jpg,/home/anitadonato/tcc/tcc/data/lfw/lfw-funneled/Carmen_Electra/Carmen_Electra_0004.jpg,0.9269418334560909,0
/home/anitadonato/tcc/tcc/data/lfw/lfw-funneled/Kim_Dae-jung/Kim_Dae-jung_0004.jpg,/home/anitadonato/tcc/tcc/data/lfw/lfw-funneled/Yoko_Ono/Yoko_Ono_0003.jpg,0.8746472507564603,0
/home/anitadonato/tcc/tcc/data/lfw/lfw-funneled/Eduardo_Duhalde/Eduardo_Duhalde_0001.jpg,/home/anitadonato/tcc/tcc/data/lfw/lfw-funneled/Gerhard_Schroeder/Gerhard_Schroeder_0003.jpg,0.8832915468701694,0
/home/anitadonato/tcc/tcc/data/lfw/lfw-funneled/Ana_Guevara/Ana_Guevara_0002.jpg,/home/anitadonato/tcc/tcc/data/lfw/lfw-funneled/Mike_Martz/Mike_Martz_0001.jpg,0.8517290001223508,0
/home/anitadonato/tcc/tcc/data/lfw/lfw-funneled/Jacques_Chirac/Jacques_Chirac_0003.jpg,/home/anitadonato/tcc/tcc/data/lfw/lfw-funneled/Condoleezza_Rice/Condoleezza_Rice_0002.jpg,0.9841173421567679,0
/home/anitadonato/tcc/tcc/data/lfw/lfw-funneled/Yoko_Ono/Yoko_Ono_0005.jpg,/home/anitadonato/tcc/tcc/data/lfw/lfw-funneled/Roy_Moore/Roy_Moore_0003.jpg,0.9184471781228618,0
/home/anitadonato/tcc/tcc/data/lfw/lfw-funneled/Maria_Soledad_Alvear_Valenzuela/Maria_Soledad_Alvear_Valenzuela_0004.jpg,/home/anitadonato/tcc/tcc/data/lfw/lfw-funneled/Woody_Allen/Woody_Allen_0004.jpg,0.8053143001641451,0
/home/anitadonato/tcc/tcc/data/lfw/lfw-funneled/Cruz_Bustamante/Cruz_Bustamante_0002.jpg,/home/anitadonato/tcc/tcc/data/lfw/lfw-funneled/John_Paul_II/John_Paul_II_0001.jpg,0.8740165494351753,0
/home/anitadonato/tcc/tcc/data/lfw/lfw-funneled/Julie_Gerberding/Julie_Gerberding_0004.jpg,/home/anitadonato/tcc/tcc/data/lfw/lfw-funneled/Princess_Caroline/Princess_Caroline_0001.jpg,0.605799918938975,0
/home/anitadonato/tcc/tcc/data/lfw/lfw-funneled/Li_Peng/Li_Peng_0001.jpg,/home/anitadonato/tcc/tcc/data/lfw/lfw-funneled/Hal_Gehman/Hal_Gehman_0002.jpg,0.9428469575841077,0
/home/anitadonato/tcc/tcc/data/lfw/lfw-funneled/Rudolph_Giuliani/Rudolph_Giuliani_0003.jpg,/home/anitadonato/tcc/tcc/data/lfw/lfw-funneled/Jiri_Novak/Jiri_Novak_0005.jpg,0.8849306688097984,0
/home/anitadonato/tcc/tcc/data/lfw/lfw-funneled/Jan_Ullrich/Jan_Ullrich_0004.jpg,/home/anitadonato/tcc/tcc/data/lfw/lfw-funneled/Grant_Hackett/Grant_Hackett_0003.jpg,0.7989218872470497,0
/home/anitadonato/tcc/tcc/data/lfw/lfw-funneled/Bulent_Ecevit/Bulent_Ecevit_0002.jpg,/home/anitadonato/tcc/tcc/data/lfw/lfw-funneled/Yasser_Arafat/Yasser_Arafat_0003.jpg,0.8930869678031117,0
/home/anitadonato/tcc/tcc/data/lfw/lfw-funneled/Lleyton_Hewitt/Lleyton_Hewitt_0001.jpg,/home/anitadonato/tcc/tcc/data/lfw/lfw-funneled/Michael_Powell/Michael_Powell_0003.jpg,0.7598661355009401,0
/home/anitadonato/tcc/tcc/data/lfw/lfw-funneled/Hugh_Grant/Hugh_Grant_0003.jpg,/home/anitadonato/tcc/tcc/data/lfw/lfw-funneled/Fujio_Cho/Fujio_Cho_0004.jpg,0.8978871752480483,0
/home/anitadonato/tcc/tcc/data/lfw/lfw-funneled/Juan_Carlos_Ferrero/Juan_Carlos_Ferrero_0004.jpg,/home/anitadonato/tcc/tcc/data/lfw/lfw-funneled/Jean_Chretien/Jean_Chretien_0004.jpg,0.9129669339738279,0
/home/anitadonato/tcc/tcc/data/lfw/lfw-funneled/Winona_Ryder/Winona_Ryder_0004.jpg,/home/anitadonato/tcc/tcc/data/lfw/lfw-funneled/Boris_Becker/Boris_Becker_0004.jpg,0.9219776680497059,0
/home/anitadonato/tcc/tcc/data/lfw/lfw-funneled/Zinedine_Zidane/Zinedine_Zidane_0003.jpg,/home/anitadonato/tcc/tcc/data/lfw/lfw-funneled/Tom_Harkin/Tom_Harkin_0001.jpg,0.9718618684030724,0
/home/anitadonato/tcc/tcc/data/lfw/lfw-funneled/Trent_Lott/Trent_Lott_0001.jpg,/home/anitadonato/tcc/tcc/data/lfw/lfw-funneled/Rainer_Schuettler/Rainer_Schuettler_0004.jpg,0.8259875849847719,0
/home/anitadonato/tcc/tcc/data/lfw/lfw-funneled/Megawati_Sukarnoputri/Megawati_Sukarnoputri_0005.jpg,/home/anitadonato/tcc/tcc/data/lfw/lfw-funneled/John_Paul_II/John_Paul_II_0003.jpg,0.8934625478157695,0
/home/anitadonato/tcc/tcc/data/lfw/lfw-funneled/Halle_Berry/Halle_Berry_0001.jpg,/home/anitadonato/tcc/tcc/data/lfw/lfw-funneled/Spencer_Abraham/Spencer_Abraham_0003.jpg,0.9466861535653118,0
/home/anitadonato/tcc/tcc/data/lfw/lfw-funneled/Tung_Chee-hwa/Tung_Chee-hwa_0003.jpg,/home/anitadonato/tcc/tcc/data/lfw/lfw-funneled/Li_Peng/Li_Peng_0004.jpg,0.8323968052864947,0
/home/anitadonato/tcc/tcc/data/lfw/lfw-funneled/Megawati_Sukarnoputri/Megawati_Sukarnoputri_0004.jpg,/home/anitadonato/tcc/tcc/data/lfw/lfw-funneled/Julie_Gerberding/Julie_Gerberding_0002.jpg,0.9621726695443866,0
/home/anitadonato/tcc/tcc/data/lfw/lfw-funneled/Martha_Stewart/Martha_Stewart_0003.jpg,/home/anitadonato/tcc/tcc/data/lfw/lfw-funneled/Susan_Sarandon/Susan_Sarandon_0004.jpg,0.8976422858448992,0
/home/anitadonato/tcc/tcc/data/lfw/lfw-funneled/Rudolph_Giuliani/Rudolph_Giuliani_0003.jpg,/home/anitadonato/tcc/tcc/data/lfw/lfw-funneled/Trent_Lott/Trent_Lott_0005.jpg,0.7448618336074542,0
/home/anitadonato/tcc/tcc/data/lfw/lfw-funneled/Lindsay_Davenport/Lindsay_Davenport_0001.jpg,/home/anitadonato/tcc/tcc/data/lfw/lfw-funneled/Sourav_Ganguly/Sourav_Ganguly_0001.jpg,0.8673005738819175,0
/home/anitadonato/tcc/tcc/data/lfw/lfw-funneled/Juan_Pablo_Montoya/Juan_Pablo_Montoya_0004.jpg,/home/anitadonato/tcc/tcc/data/lfw/lfw-funneled/Jean-David_Levitte/Jean-David_Levitte_0003.jpg,0.9402873642651706,0
/home/anitadonato/tcc/tcc/data/lfw/lfw-funneled/Colin_Montgomerie/Colin_Montgomerie_0002.jpg,/home/anitadonato/tcc/tcc/data/lfw/lfw-funneled/Gerhard_Schroeder/Gerhard_Schroeder_0001.jpg,0.8599030937839995,0
/home/anitadonato/tcc/tcc/data/lfw/lfw-funneled/Costas_Simitis/Costas_Simitis_0004.jpg,/home/anitadonato/tcc/tcc/data/lfw/lfw-funneled/Cameron_Diaz/Cameron_Diaz_0001.jpg,0.9493971503365726,0
/home/anitadonato/tcc/tcc/data/lfw/lfw-funneled/LeBron_James/LeBron_James_0002.jpg,/home/anitadonato/tcc/tcc/data/lfw/lfw-funneled/Ana_Guevara/Ana_Guevara_0003.jpg,0.9008175853440972,0
/home/anitadonato/tcc/tcc/data/lfw/lfw-funneled/Salma_Hayek/Salma_Hayek_0005.jpg,/home/anitadonato/tcc/tcc/data/lfw/lfw-funneled/Arminio_Fraga/Arminio_Fraga_0001.jpg,0.8776681476936892,0
/home/anitadonato/tcc/tcc/data/lfw/lfw-funneled/Megawati_Sukarnoputri/Megawati_Sukarnoputri_0004.jpg,/home/anitadonato/tcc/tcc/data/lfw/lfw-funneled/Jennifer_Lopez/Jennifer_Lopez_0003.jpg,0.7894309677668288,0
/home/anitadonato/tcc/tcc/data/lfw/lfw-funneled/Nancy_Pelosi/Nancy_Pelosi_0001.jpg,/home/anitadonato/tcc/tcc/data/lfw/lfw-funneled/Susan_Sarandon/Susan_Sarandon_0005.jpg,0.5579830863822514,0
/home/anitadonato/tcc/tcc/data/lfw/lfw-funneled/Ai_Sugiyama/Ai_Sugiyama_0003.jpg,/home/anitadonato/tcc/tcc/data/lfw/lfw-funneled/John_Travolta/John_Travolta_0004.jpg,0.9293472944732305,0
/home/anitadonato/tcc/tcc/data/lfw/lfw-funneled/Jiri_Novak/Jiri_Novak_0003.jpg,/home/anitadonato/tcc/tcc/data/lfw/lfw-funneled/Mohamed_ElBaradei/Mohamed_ElBaradei_0002.jpg,0.9278470437643942,0
/home/anitadonato/tcc/tcc/data/lfw/lfw-funneled/William_Ford_Jr/William_Ford_Jr_0002.jpg,/home/anitadonato/tcc/tcc/data/lfw/lfw-funneled/Geoff_Hoon/Geoff_Hoon_0004.jpg,0.8935902557620984,0
/home/anitadonato/tcc/tcc/data/lfw/lfw-funneled/Tom_Harkin/Tom_Harkin_0005.jpg,/home/anitadonato/tcc/tcc/data/lfw/lfw-funneled/George_Lopez/George_Lopez_0001.jpg,0.8495970703703555,0
/home/anitadonato/tcc/tcc/data/lfw/lfw-funneled/Roger_Federer/Roger_Federer_0003.jpg,/home/anitadonato/tcc/tcc/data/lfw/lfw-funneled/Princess_Caroline/Princess_Caroline_0004.jpg,0.9606983031059899,0
/home/anitadonato/tcc/tcc/data/lfw/lfw-funneled/Mike_Myers/Mike_Myers_0003.jpg,/home/anitadonato/tcc/tcc/data/lfw/lfw-funneled/JK_Rowling/JK_Rowling_0004.jpg,0.9220548868758456,0
/home/anitadonato/tcc/tcc/data/lfw/lfw-funneled/Hal_Gehman/Hal_Gehman_0002.jpg,/home/anitadonato/tcc/tcc/data/lfw/lfw-funneled/Fujio_Cho/Fujio_Cho_0001.jpg,0.919808177537691,0
/home/anitadonato/tcc/tcc/data/lfw/lfw-funneled/Gonzalo_Sanchez_de_Lozada/Gonzalo_Sanchez_de_Lozada_0004.jpg,/home/anitadonato/tcc/tcc/data/lfw/lfw-funneled/Woody_Allen/Woody_Allen_0001.jpg,0.6946612563789326,0
/home/anitadonato/tcc/tcc/data/lfw/lfw-funneled/Amelie_Mauresmo/Amelie_Mauresmo_0003.jpg,/home/anitadonato/tcc/tcc/data/lfw/lfw-funneled/Erika_Harold/Erika_Harold_0001.jpg,0.9560602379364653,0
/home/anitadonato/tcc/tcc/data/lfw/lfw-funneled/Al_Sharpton/Al_Sharpton_0003.jpg,/home/anitadonato/tcc/tcc/data/lfw/lfw-funneled/Michelle_Yeoh/Michelle_Yeoh_0003.jpg,0.7680915227529798,0
/home/anitadonato/tcc/tcc/data/lfw/lfw-funneled/Tommy_Franks/Tommy_Franks_0002.jpg,/home/anitadonato/tcc/tcc/data/lfw/lfw-funneled/Gloria_Macapagal_Arroyo/Gloria_Macapagal_Arroyo_0003.jpg,0.9181200132013758,0
/home/anitadonato/tcc/tcc/data/lfw/lfw-funneled/Carlos_Menem/Carlos_Menem_0001.jpg,/home/anitadonato/tcc/tcc/data/lfw/lfw-funneled/Bill_Gates/Bill_Gates_0002.jpg,0.836803302061882,0
/home/anitadonato/tcc/tcc/data/lfw/lfw-funneled/Ai_Sugiyama/Ai_Sugiyama_0004.jpg,/home/anitadonato/tcc/tcc/data/lfw/lfw-funneled/Renee_Zellweger/Renee_Zellweger_0001.jpg,0.7551631810684064,0
/home/anitadonato/tcc/tcc/data/lfw/lfw-funneled/Salma_Hayek/Salma_Hayek_0005.jpg,/home/anitadonato/tcc/tcc/data/lfw/lfw-funneled/Carmen_Electra/Carmen_Electra_0003.jpg,0.8216177669164437,0
/home/anitadonato/tcc/tcc/data/lfw/lfw-funneled/Paradorn_Srichaphan/Paradorn_Srichaphan_0002.jpg,/home/anitadonato/tcc/tcc/data/lfw/lfw-funneled/Carmen_Electra/Carmen_Electra_0005.jpg,0.79367358032522,0
/home/anitadonato/tcc/tcc/data/lfw/lfw-funneled/Pedro_Malan/Pedro_Malan_0003.jpg,/home/anitadonato/tcc/tcc/data/lfw/lfw-funneled/Ana_Palacio/Ana_Palacio_0004.jpg,0.8665793369969109,0
/home/anitadonato/tcc/tcc/data/lfw/lfw-funneled/Julie_Gerberding/Julie_Gerberding_0004.jpg,/home/anitadonato/tcc/tcc/data/lfw/lfw-funneled/Andre_Agassi/Andre_Agassi_0005.jpg,0.8717578589975478,0
/home/anitadonato/tcc/tcc/data/lfw/lfw-funneled/Fernando_Gonzalez/Fernando_Gonzalez_0004.jpg,/home/anitadonato/tcc/tcc/data/lfw/lfw-funneled/Kristanna_Loken/Kristanna_Loken_0005.jpg,0.8017661688072764,0
/home/anitadonato/tcc/tcc/data/lfw/lfw-funneled/Bob_Hope/Bob_Hope_0003.jpg,/home/anitadonato/tcc/tcc/data/lfw/lfw-funneled/LeBron_James/LeBron_James_0001.jpg,0.9430429094798053,0
/home/anitadonato/tcc/tcc/data/lfw/lfw-funneled/Gonzalo_Sanchez_de_Lozada/Gonzalo_Sanchez_de_Lozada_0005.jpg,/home/anitadonato/tcc/tcc/data/lfw/lfw-funneled/Paradorn_Srichaphan/Paradorn_Srichaphan_0003.jpg,0.9438486657147315,0
/home/anitadonato/tcc/tcc/data/lfw/lfw-funneled/LeBron_James/LeBron_James_0005.jpg,/home/anitadonato/tcc/tcc/data/lfw/lfw-funneled/Michael_Powell/Michael_Powell_0005.jpg,0.9216594214180718,0
/home/anitadonato/tcc/tcc/data/lfw/lfw-funneled/John_Paul_II/John_Paul_II_0002.jpg,/home/anitadonato/tcc/tcc/data/lfw/lfw-funneled/Kristanna_Loken/Kristanna_Loken_0004.jpg,0.9596056144709338,0
/home/anitadonato/tcc/tcc/data/lfw/lfw-funneled/Bob_Graham/Bob_Graham_0001.jpg,/home/anitadonato/tcc/tcc/data/lfw/lfw-funneled/Paul_Martin/Paul_Martin_0005.jpg,0.8285726362964813,0
/home/anitadonato/tcc/tcc/data/lfw/lfw-funneled/Jennifer_Lopez/Jennifer_Lopez_0002.jpg,/home/anitadonato/tcc/tcc/data/lfw/lfw-funneled/John_Ashcroft/John_Ashcroft_0002.jpg,0.8921369490858475,0
/home/anitadonato/tcc/tcc/data/lfw/lfw-funneled/Halle_Berry/Halle_Berry_0002.jpg,/home/anitadonato/tcc/tcc/data/lfw/lfw-funneled/John_Bolton/John_Bolton_0003.jpg,0.9229152230812236,0
/home/anitadonato/tcc/tcc/data/lfw/lfw-funneled/Tom_Harkin/Tom_Harkin_0001.jpg,/home/anitadonato/tcc/tcc/data/lfw/lfw-funneled/Britney_Spears/Britney_Spears_0003.jpg,0.9505567641377813,0
/home/anitadonato/tcc/tcc/data/lfw/lfw-funneled/Pervez_Musharraf/Pervez_Musharraf_0005.jpg,/home/anitadonato/tcc/tcc/data/lfw/lfw-funneled/Abdullah_Gul/Abdullah_Gul_0003.jpg,0.8781209412967946,0
/home/anitadonato/tcc/tcc/data/lfw/lfw-funneled/LeBron_James/LeBron_James_0003.jpg,/home/anitadonato/tcc/tcc/data/lfw/lfw-funneled/John_Manley/John_Manley_0005.jpg,0.8538798292434192,0
/home/anitadonato/tcc/tcc/data/lfw/lfw-funneled/John_Snow/John_Snow_0005.jpg,/home/anitadonato/tcc/tcc/data/lfw/lfw-funneled/Amelia_Vega/Amelia_Vega_0002.jpg,0.9785214226855322,0
/home/anitadonato/tcc/tcc/data/lfw/lfw-funneled/Paul_ONeill/Paul_ONeill_0002.jpg,/home/anitadonato/tcc/tcc/data/lfw/lfw-funneled/Condoleezza_Rice/Condoleezza_Rice_0002.jpg,0.8524657376799293,0
/home/anitadonato/tcc/tcc/data/lfw/lfw-funneled/Kurt_Warner/Kurt_Warner_0005.jpg,/home/anitadonato/tcc/tcc/data/lfw/lfw-funneled/Nicanor_Duarte_Frutos/Nicanor_Duarte_Frutos_0003.jpg,0.9139085881797284,0
/home/anitadonato/tcc/tcc/data/lfw/lfw-funneled/Tom_Cruise/Tom_Cruise_0001.jpg,/home/anitadonato/tcc/tcc/data/lfw/lfw-funneled/Rudolph_Giuliani/Rudolph_Giuliani_0001.jpg,0.9625780532101285,0
/home/anitadonato/tcc/tcc/data/lfw/lfw-funneled/Yoko_Ono/Yoko_Ono_0005.jpg,/home/anitadonato/tcc/tcc/data/lfw/lfw-funneled/Maria_Soledad_Alvear_Valenzuela/Maria_Soledad_Alvear_Valenzuela_0003.jpg,0.9107966056246122,0
/home/anitadonato/tcc/tcc/data/lfw/lfw-funneled/Mohamed_ElBaradei/Mohamed_ElBaradei_0005.jpg,/home/anitadonato/tcc/tcc/data/lfw/lfw-funneled/Liza_Minnelli/Liza_Minnelli_0004.jpg,0.965111597015412,0
/home/anitadonato/tcc/tcc/data/lfw/lfw-funneled/Valery_Giscard_dEstaing/Valery_Giscard_dEstaing_0001.jpg,/home/anitadonato/tcc/tcc/data/lfw/lfw-funneled/Jean-David_Levitte/Jean-David_Levitte_0004.jpg,0.8286481779614052,0
/home/anitadonato/tcc/tcc/data/lfw/lfw-funneled/John_Manley/John_Manley_0003.jpg,/home/anitadonato/tcc/tcc/data/lfw/lfw-funneled/Grant_Hackett/Grant_Hackett_0003.jpg,0.8021790405785418,0
/home/anitadonato/tcc/tcc/data/lfw/lfw-funneled/Sheryl_Crow/Sheryl_Crow_0004.jpg,/home/anitadonato/tcc/tcc/data/lfw/lfw-funneled/John_Allen_Muhammad/John_Allen_Muhammad_0003.jpg,0.8519967947037071,0
/home/anitadonato/tcc/tcc/data/lfw/lfw-funneled/Vanessa_Redgrave/Vanessa_Redgrave_0001.jpg,/home/anitadonato/tcc/tcc/data/lfw/lfw-funneled/Bob_Hope/Bob_Hope_0002.jpg,0.9120371499671394,0
/home/anitadonato/tcc/tcc/data/lfw/lfw-funneled/Clara_Harris/Clara_Harris_0004.jpg,/home/anitadonato/tcc/tcc/data/lfw/lfw-funneled/Nia_Vardalos/Nia_Vardalos_0004.jpg,0.8660764348281466,0
/home/anitadonato/tcc/tcc/data/lfw/lfw-funneled/Ann_Veneman/Ann_Veneman_0005.jpg,/home/anitadonato/tcc/tcc/data/lfw/lfw-funneled/David_Trimble/David_Trimble_0002.jpg,0.8524324022674743,0
/home/anitadonato/tcc/tcc/data/lfw/lfw-funneled/Jiri_Novak/Jiri_Novak_0003.jpg,/home/anitadonato/tcc/tcc/data/lfw/lfw-funneled/Julie_Gerberding/Julie_Gerberding_0003.jpg,0.8306775409410976,0
/home/anitadonato/tcc/tcc/data/lfw/lfw-funneled/Juan_Carlos_Ferrero/Juan_Carlos_Ferrero_0003.jpg,/home/anitadonato/tcc/tcc/data/lfw/lfw-funneled/Paul_Burrell/Paul_Burrell_0005.jpg,0.9198713723045959,0
/home/anitadonato/tcc/tcc/data/lfw/lfw-funneled/Roh_Moo-hyun/Roh_Moo-hyun_0003.jpg,/home/anitadonato/tcc/tcc/data/lfw/lfw-funneled/Robert_De_Niro/Robert_De_Niro_0002.jpg,0.8303147155692056,0
/home/anitadonato/tcc/tcc/data/lfw/lfw-funneled/Paradorn_Srichaphan/Paradorn_Srichaphan_0003.jpg,/home/anitadonato/tcc/tcc/data/lfw/lfw-funneled/Fujio_Cho/Fujio_Cho_0004.jpg,0.6905455784267991,0
/home/anitadonato/tcc/tcc/data/lfw/lfw-funneled/Norm_Coleman/Norm_Coleman_0001.jpg,/home/anitadonato/tcc/tcc/data/lfw/lfw-funneled/Costas_Simitis/Costas_Simitis_0001.jpg,0.8088547229340074,0
/home/anitadonato/tcc/tcc/data/lfw/lfw-funneled/Tom_Crean/Tom_Crean_0005.jpg,/home/anitadonato/tcc/tcc/data/lfw/lfw-funneled/Arminio_Fraga/Arminio_Fraga_0004.jpg,0.8904255960544034,0
/home/anitadonato/tcc/tcc/data/lfw/lfw-funneled/Norm_Coleman/Norm_Coleman_0003.jpg,/home/anitadonato/tcc/tcc/data/lfw/lfw-funneled/Tommy_Franks/Tommy_Franks_0005.jpg,0.809815994986202,0
/home/anitadonato/tcc/tcc/data/lfw/lfw-funneled/Andre_Agassi/Andre_Agassi_0002.jpg,/home/anitadonato/tcc/tcc/data/lfw/lfw-funneled/Jiri_Novak/Jiri_Novak_0002.jpg,0.9507956198057504,0
/home/anitadonato/tcc/tcc/data/lfw/lfw-funneled/Mark_Hurlbert/Mark_Hurlbert_0004.jpg,/home/anitadonato/tcc/tcc/data/lfw/lfw-funneled/Colin_Montgomerie/Colin_Montgomerie_0004.jpg,0.8238423975128473,0
/home/anitadonato/tcc/tcc/data/lfw/lfw-funneled/David_Anderson/David_Anderson_0001.jpg,/home/anitadonato/tcc/tcc/data/lfw/lfw-funneled/Mark_Hurlbert/Mark_Hurlbert_0001.jpg,0.8302611003790261,0
/home/anitadonato/tcc/tcc/data/lfw/lfw-funneled/Walter_Mondale/Walter_Mondale_0004.jpg,/home/anitadonato/tcc/tcc/data/lfw/lfw-funneled/Antonio_Banderas/Antonio_Banderas_0002.jpg,0.9011709734225853,0
/home/anitadonato/tcc/tcc/data/lfw/lfw-funneled/Cesar_Gaviria/Cesar_Gaviria_0003.jpg,/home/anitadonato/tcc/tcc/data/lfw/lfw-funneled/Russell_Simmons/Russell_Simmons_0001.jpg,0.8598334268977612,0
/home/anitadonato/tcc/tcc/data/lfw/lfw-funneled/Mohammed_Al-Douri/Mohammed_Al-Douri_0004.jpg,/home/anitadonato/tcc/tcc/data/lfw/lfw-funneled/Britney_Spears/Britney_Spears_0005.jpg,0.8853338563960196,0
/home/anitadonato/tcc/tcc/data/lfw/lfw-funneled/Paul_McCartney/Paul_McCartney_0004.jpg,/home/anitadonato/tcc/tcc/data/lfw/lfw-funneled/Michael_Chiklis/Michael_Chiklis_0003.jpg,0.8907044402823607,0
/home/anitadonato/tcc/tcc/data/lfw/lfw-funneled/Ludivine_Sagnier/Ludivine_Sagnier_0001.jpg,/home/anitadonato/tcc/tcc/data/lfw/lfw-funneled/Alvaro_Uribe/Alvaro_Uribe_0004.jpg,0.9378319876783274,0
/home/anitadonato/tcc/tcc/data/lfw/lfw-funneled/Hillary_Clinton/Hillary_Clinton_0003.jpg,/home/anitadonato/tcc/tcc/data/lfw/lfw-funneled/Roger_Federer/Roger_Federer_0004.jpg,0.9109980215956208,0
/home/anitadonato/tcc/tcc/data/lfw/lfw-funneled/Hans_Blix/Hans_Blix_0004.jpg,/home/anitadonato/tcc/tcc/data/lfw/lfw-funneled/Yoko_Ono/Yoko_Ono_0001.jpg,0.8843131647040574,0
/home/anitadonato/tcc/tcc/data/lfw/lfw-funneled/Zhu_Rongji/Zhu_Rongji_0002.jpg,/home/anitadonato/tcc/tcc/data/lfw/lfw-funneled/Roh_Moo-hyun/Roh_Moo-hyun_0003.jpg,0.7202738936356095,0
/home/anitadonato/tcc/tcc/data/lfw/lfw-funneled/Carmen_Electra/Carmen_Electra_0001.jpg,/home/anitadonato/tcc/tcc/data/lfw/lfw-funneled/Thabo_Mbeki/Thabo_Mbeki_0004.jpg,0.8423286572115893,0
/home/anitadonato/tcc/tcc/data/lfw/lfw-funneled/Antonio_Banderas/Antonio_Banderas_0005.jpg,/home/anitadonato/tcc/tcc/data/lfw/lfw-funneled/Gonzalo_Sanchez_de_Lozada/Gonzalo_Sanchez_de_Lozada_0003.jpg,0.8403547571377669,0
/home/anitadonato/tcc/tcc/data/lfw/lfw-funneled/Nicanor_Duarte_Frutos/Nicanor_Duarte_Frutos_0005.jpg,/home/anitadonato/tcc/tcc/data/lfw/lfw-funneled/Amelie_Mauresmo/Amelie_Mauresmo_0001.jpg,0.951492052356807,0
/home/anitadonato/tcc/tcc/data/lfw/lfw-funneled/LeBron_James/LeBron_James_0004.jpg,/home/anitadonato/tcc/tcc/data/lfw/lfw-funneled/Natalie_Coughlin/Natalie_Coughlin_0003.jpg,0.783060653944384,0
/home/anitadonato/tcc/tcc/data/lfw/lfw-funneled/Winona_Ryder/Winona_Ryder_0003.jpg,/home/anitadonato/tcc/tcc/data/lfw/lfw-funneled/Steve_Lavin/Steve_Lavin_0002.jpg,0.9437243004409774,0
/home/anitadonato/tcc/tcc/data/lfw/lfw-funneled/Pervez_Musharraf/Pervez_Musharraf_0005.jpg,/home/anitadonato/tcc/tcc/data/lfw/lfw-funneled/Megawati_Sukarnoputri/Megawati_Sukarnoputri_0004.jpg,0.9197196159618238,0
/home/anitadonato/tcc/tcc/data/lfw/lfw-funneled/Bob_Graham/Bob_Graham_0001.jpg,/home/anitadonato/tcc/tcc/data/lfw/lfw-funneled/Rudolph_Giuliani/Rudolph_Giuliani_0001.jpg,0.9498578419415198,0
/home/anitadonato/tcc/tcc/data/lfw/lfw-funneled/Ai_Sugiyama/Ai_Sugiyama_0003.jpg,/home/anitadonato/tcc/tcc/data/lfw/lfw-funneled/Gloria_Macapagal_Arroyo/Gloria_Macapagal_Arroyo_0004.jpg,0.8288103319246591,0
/home/anitadonato/tcc/tcc/data/lfw/lfw-funneled/Tom_Harkin/Tom_Harkin_0002.jpg,/home/anitadonato/tcc/tcc/data/lfw/lfw-funneled/Vanessa_Redgrave/Vanessa_Redgrave_0005.jpg,0.8954883967863236,0
/home/anitadonato/tcc/tcc/data/lfw/lfw-funneled/Colin_Montgomerie/Colin_Montgomerie_0003.jpg,/home/anitadonato/tcc/tcc/data/lfw/lfw-funneled/Ai_Sugiyama/Ai_Sugiyama_0005.jpg,0.878230964648193,0
/home/anitadonato/tcc/tcc/data/lfw/lfw-funneled/Erika_Harold/Erika_Harold_0004.jpg,/home/anitadonato/tcc/tcc/data/lfw/lfw-funneled/Colin_Powell/Colin_Powell_0005.jpg,0.900001147176923,0
/home/anitadonato/tcc/tcc/data/lfw/lfw-funneled/Robert_Zoellick/Robert_Zoellick_0005.jpg,/home/anitadonato/tcc/tcc/data/lfw/lfw-funneled/Richard_Gephardt/Richard_Gephardt_0003.jpg,0.847686725001184,0
/home/anitadonato/tcc/tcc/data/lfw/lfw-funneled/Antonio_Banderas/Antonio_Banderas_0005.jpg,/home/anitadonato/tcc/tcc/data/lfw/lfw-funneled/Carlos_Menem/Carlos_Menem_0004.jpg,0.8592304107797542,0
/home/anitadonato/tcc/tcc/data/lfw/lfw-funneled/John_Bolton/John_Bolton_0003.jpg,/home/anitadonato/tcc/tcc/data/lfw/lfw-funneled/Tom_Cruise/Tom_Cruise_0004.jpg,0.8736527640510654,0
/home/anitadonato/tcc/tcc/data/lfw/lfw-funneled/Heidi_Klum/Heidi_Klum_0003.jpg,/home/anitadonato/tcc/tcc/data/lfw/lfw-funneled/Zinedine_Zidane/Zinedine_Zidane_0001.jpg,0.9445288153371665,0
/home/anitadonato/tcc/tcc/data/lfw/lfw-funneled/Nia_Vardalos/Nia_Vardalos_0003.jpg,/home/anitadonato/tcc/tcc/data/lfw/lfw-funneled/Russell_Simmons/Russell_Simmons_0001.jpg,0.8760316803005092,0
/home/anitadonato/tcc/tcc/data/lfw/lfw-funneled/Martin_Scorsese/Martin_Scorsese_0003.jpg,/home/anitadonato/tcc/tcc/data/lfw/lfw-funneled/Pamela_Anderson/Pamela_Anderson_0005.jpg,0.9573680655347936,0
/home/anitadonato/tcc/tcc/data/lfw/lfw-funneled/Kofi_Annan/Kofi_Annan_0001.jpg,/home/anitadonato/tcc/tcc/data/lfw/lfw-funneled/Muhammad_Saeed_al-Sahhaf/Muhammad_Saeed_al-Sahhaf_0005.jpg,0.6921356223132596,0
/home/anitadonato/tcc/tcc/data/lfw/lfw-funneled/Joseph_Biden/Joseph_Biden_0005.jpg,/home/anitadonato/tcc/tcc/data/lfw/lfw-funneled/Jennifer_Capriati/Jennifer_Capriati_0005.jpg,0.926787683973163,0
/home/anitadonato/tcc/tcc/data/lfw/lfw-funneled/Princess_Caroline/Princess_Caroline_0002.jpg,/home/anitadonato/tcc/tcc/data/lfw/lfw-funneled/Jean-Pierre_Raffarin/Jean-Pierre_Raffarin_0002.jpg,0.990756465961948,0
/home/anitadonato/tcc/tcc/data/lfw/lfw-funneled/Thaksin_Shinawatra/Thaksin_Shinawatra_0001.jpg,/home/anitadonato/tcc/tcc/data/lfw/lfw-funneled/Silvio_Berlusconi/Silvio_Berlusconi_0002.jpg,0.9628535251399375,0
/home/anitadonato/tcc/tcc/data/lfw/lfw-funneled/Heidi_Klum/Heidi_Klum_0003.jpg,/home/anitadonato/tcc/tcc/data/lfw/lfw-funneled/Clara_Harris/Clara_Harris_0004.jpg,0.939362951238195,0
/home/anitadonato/tcc/tcc/data/lfw/lfw-funneled/Wayne_Ferreira/Wayne_Ferreira_0002.jpg,/home/anitadonato/tcc/tcc/data/lfw/lfw-funneled/Fernando_Gonzalez/Fernando_Gonzalez_0004.jpg,0.9480920255819106,0
/home/anitadonato/tcc/tcc/data/lfw/lfw-funneled/Bob_Graham/Bob_Graham_0005.jpg,/home/anitadonato/tcc/tcc/data/lfw/lfw-funneled/Princess_Caroline/Princess_Caroline_0004.jpg,0.9051003273506297,0
/home/anitadonato/tcc/tcc/data/lfw/lfw-funneled/Natalie_Maines/Natalie_Maines_0001.jpg,/home/anitadonato/tcc/tcc/data/lfw/lfw-funneled/Trent_Lott/Trent_Lott_0002.jpg,0.8409971308812924,0
/home/anitadonato/tcc/tcc/data/lfw/lfw-funneled/Tom_Harkin/Tom_Harkin_0005.jpg,/home/anitadonato/tcc/tcc/data/lfw/lfw-funneled/Liza_Minnelli/Liza_Minnelli_0003.jpg,0.9535573224321725,0
/home/anitadonato/tcc/tcc/data/lfw/lfw-funneled/Tung_Chee-hwa/Tung_Chee-hwa_0005.jpg,/home/anitadonato/tcc/tcc/data/lfw/lfw-funneled/Joseph_Biden/Joseph_Biden_0004.jpg,0.6728383586113098,0
/home/anitadonato/tcc/tcc/data/lfw/lfw-funneled/Jiri_Novak/Jiri_Novak_0004.jpg,/home/anitadonato/tcc/tcc/data/lfw/lfw-funneled/Woody_Allen/Woody_Allen_0005.jpg,0.9130106166026694,0
/home/anitadonato/tcc/tcc/data/lfw/lfw-funneled/David_Trimble/David_Trimble_0003.jpg,/home/anitadonato/tcc/tcc/data/lfw/lfw-funneled/Grant_Hackett/Grant_Hackett_0003.jpg,0.893570828798864,0
/home/anitadonato/tcc/tcc/data/lfw/lfw-funneled/JK_Rowling/JK_Rowling_0002.jpg,/home/anitadonato/tcc/tcc/data/lfw/lfw-funneled/Sheryl_Crow/Sheryl_Crow_0002.jpg,0.9473353788734,0
/home/anitadonato/tcc/tcc/data/lfw/lfw-funneled/Victoria_Clarke/Victoria_Clarke_0003.jpg,/home/anitadonato/tcc/tcc/data/lfw/lfw-funneled/Steve_Lavin/Steve_Lavin_0002.jpg,0.8913704600582333,0
/home/anitadonato/tcc/tcc/data/lfw/lfw-funneled/Richard_Gephardt/Richard_Gephardt_0003.jpg,/home/anitadonato/tcc/tcc/data/lfw/lfw-funneled/Jacques_Chirac/Jacques_Chirac_0002.jpg,0.8955989373165083,0
/home/anitadonato/tcc/tcc/data/lfw/lfw-funneled/Martha_Stewart/Martha_Stewart_0004.jpg,/home/anitadonato/tcc/tcc/data/lfw/lfw-funneled/Angelina_Jolie/Angelina_Jolie_0003.jpg,0.8795482447267777,0
/home/anitadonato/tcc/tcc/data/lfw/lfw-funneled/Joseph_Biden/Joseph_Biden_0005.jpg,/home/anitadonato/tcc/tcc/data/lfw/lfw-funneled/Yashwant_Sinha/Yashwant_Sinha_0003.jpg,0.9023742610960053,0
/home/anitadonato/tcc/tcc/data/lfw/lfw-funneled/Thabo_Mbeki/Thabo_Mbeki_0005.jpg,/home/anitadonato/tcc/tcc/data/lfw/lfw-funneled/Fujio_Cho/Fujio_Cho_0005.jpg,0.7274174340300283,0
/home/anitadonato/tcc/tcc/data/lfw/lfw-funneled/Jean-Pierre_Raffarin/Jean-Pierre_Raffarin_0003.jpg,/home/anitadonato/tcc/tcc/data/lfw/lfw-funneled/Jan_Ullrich/Jan_Ullrich_0002.jpg,0.931617339208517,0
/home/anitadonato/tcc/tcc/data/lfw/lfw-funneled/Tom_Crean/Tom_Crean_0003.jpg,/home/anitadonato/tcc/tcc/data/lfw/lfw-funneled/Rudolph_Giuliani/Rudolph_Giuliani_0001.jpg,0.8788940096293187,0
/home/anitadonato/tcc/tcc/data/lfw/lfw-funneled/Mike_Martz/Mike_Martz_0003.jpg,/home/anitadonato/tcc/tcc/data/lfw/lfw-funneled/Susan_Sarandon/Susan_Sarandon_0004.jpg,0.8011689872252328,0
/home/anitadonato/tcc/tcc/data/lfw/lfw-funneled/Mike_Myers/Mike_Myers_0005.jpg,/home/anitadonato/tcc/tcc/data/lfw/lfw-funneled/Hal_Gehman/Hal_Gehman_0003.jpg,0.8980407217085392,0
/home/anitadonato/tcc/tcc/data/lfw/lfw-funneled/Roh_Moo-hyun/Roh_Moo-hyun_0003.jpg,/home/anitadonato/tcc/tcc/data/lfw/lfw-funneled/Luis_Horna/Luis_Horna_0002.jpg,0.9603506936394771,0
/home/anitadonato/tcc/tcc/data/lfw/lfw-funneled/Robert_De_Niro/Robert_De_Niro_0005.jpg,/home/anitadonato/tcc/tcc/data/lfw/lfw-funneled/Michael_Schumacher/Michael_Schumacher_0002.jpg,0.9069077403218561,0
/home/anitadonato/tcc/tcc/data/lfw/lfw-funneled/John_Allen_Muhammad/John_Allen_Muhammad_0005.jpg,/home/anitadonato/tcc/tcc/data/lfw/lfw-funneled/Mohammed_Al-Douri/Mohammed_Al-Douri_0002.jpg,0.7318175816616674,0
/home/anitadonato/tcc/tcc/data/lfw/lfw-funneled/Jean-David_Levitte/Jean-David_Levitte_0001.jpg,/home/anitadonato/tcc/tcc/data/lfw/lfw-funneled/Ian_Thorpe/Ian_Thorpe_0001.jpg,0.9209773464148915,0
/home/anitadonato/tcc/tcc/data/lfw/lfw-funneled/Fernando_Gonzalez/Fernando_Gonzalez_0004.jpg,/home/anitadonato/tcc/tcc/data/lfw/lfw-funneled/Bernard_Law/Bernard_Law_0001.jpg,0.8800829486949948,0
/home/anitadonato/tcc/tcc/data/lfw/lfw-funneled/Amelie_Mauresmo/Amelie_Mauresmo_0002.jpg,/home/anitadonato/tcc/tcc/data/lfw/lfw-funneled/Jacques_Chirac/Jacques_Chirac_0001.jpg,0.8873603731591962,0
/home/anitadonato/tcc/tcc/data/lfw/lfw-funneled/Al_Sharpton/Al_Sharpton_0004.jpg,/home/anitadonato/tcc/tcc/data/lfw/lfw-funneled/Tommy_Franks/Tommy_Franks_0004.jpg,0.8640284716566159,0
/home/anitadonato/tcc/tcc/data/lfw/lfw-funneled/Joseph_Biden/Joseph_Biden_0002.jpg,/home/anitadonato/tcc/tcc/data/lfw/lfw-funneled/Mohamed_ElBaradei/Mohamed_ElBaradei_0003.jpg,0.8635213989480732,0
/home/anitadonato/tcc/tcc/data/lfw/lfw-funneled/Halle_Berry/Halle_Berry_0001.jpg,/home/anitadonato/tcc/tcc/data/lfw/lfw-funneled/Thabo_Mbeki/Thabo_Mbeki_0001.jpg,0.8441279898936899,0
/home/anitadonato/tcc/tcc/data/lfw/lfw-funneled/Mohamed_ElBaradei/Mohamed_ElBaradei_0002.jpg,/home/anitadonato/tcc/tcc/data/lfw/lfw-funneled/Silvio_Berlusconi/Silvio_Berlusconi_0005.jpg,0.7100002561831746,0
/home/anitadonato/tcc/tcc/data/lfw/lfw-funneled/Robert_Zoellick/Robert_Zoellick_0001.jpg,/home/anitadonato/tcc/tcc/data/lfw/lfw-funneled/Rob_Marshall/Rob_Marshall_0002.jpg,0.8771166176564579,0
/home/anitadonato/tcc/tcc/data/lfw/lfw-funneled/Nia_Vardalos/Nia_Vardalos_0001.jpg,/home/anitadonato/tcc/tcc/data/lfw/lfw-funneled/Vladimir_Putin/Vladimir_Putin_0004.jpg,0.9710083694887671,0
/home/anitadonato/tcc/tcc/data/lfw/lfw-funneled/Meryl_Streep/Meryl_Streep_0003.jpg,/home/anitadonato/tcc/tcc/data/lfw/lfw-funneled/Boris_Becker/Boris_Becker_0001.jpg,0.9779831868082435,0
/home/anitadonato/tcc/tcc/data/lfw/lfw-funneled/Alvaro_Uribe/Alvaro_Uribe_0005.jpg,/home/anitadonato/tcc/tcc/data/lfw/lfw-funneled/Richard_Gephardt/Richard_Gephardt_0005.jpg,0.9159008258221251,0
/home/anitadonato/tcc/tcc/data/lfw/lfw-funneled/Robert_De_Niro/Robert_De_Niro_0003.jpg,/home/anitadonato/tcc/tcc/data/lfw/lfw-funneled/Peter_Struck/Peter_Struck_0004.jpg,0.9064530682054008,0
/home/anitadonato/tcc/tcc/data/lfw/lfw-funneled/Maria_Soledad_Alvear_Valenzuela/Maria_Soledad_Alvear_Valenzuela_0005.jpg,/home/anitadonato/tcc/tcc/data/lfw/lfw-funneled/Grant_Hackett/Grant_Hackett_0004.jpg,0.9639975277168817,0
/home/anitadonato/tcc/tcc/data/lfw/lfw-funneled/Hillary_Clinton/Hillary_Clinton_0004.jpg,/home/anitadonato/tcc/tcc/data/lfw/lfw-funneled/Antonio_Banderas/Antonio_Banderas_0003.jpg,0.944475158795915,0
/home/anitadonato/tcc/tcc/data/lfw/lfw-funneled/Jeremy_Greenstock/Jeremy_Greenstock_0003.jpg,/home/anitadonato/tcc/tcc/data/lfw/lfw-funneled/Sharon_Stone/Sharon_Stone_0002.jpg,0.8615060239611956,0
/home/anitadonato/tcc/tcc/data/lfw/lfw-funneled/John_Stockton/John_Stockton_0003.jpg,/home/anitadonato/tcc/tcc/data/lfw/lfw-funneled/Mike_Weir/Mike_Weir_0002.jpg,0.8800089030617574,0
/home/anitadonato/tcc/tcc/data/lfw/lfw-funneled/Tiger_Woods/Tiger_Woods_0003.jpg,/home/anitadonato/tcc/tcc/data/lfw/lfw-funneled/Natalie_Maines/Natalie_Maines_0003.jpg,0.92122566091842,0
/home/anitadonato/tcc/tcc/data/lfw/lfw-funneled/Zhu_Rongji/Zhu_Rongji_0002.jpg,/home/anitadonato/tcc/tcc/data/lfw/lfw-funneled/Michael_Chiklis/Michael_Chiklis_0002.jpg,0.9197665321328428,0
/home/anitadonato/tcc/tcc/data/lfw/lfw-funneled/JK_Rowling/JK_Rowling_0004.jpg,/home/anitadonato/tcc/tcc/data/lfw/lfw-funneled/Jean-David_Levitte/Jean-David_Levitte_0004.jpg,0.8851843240052424,0
/home/anitadonato/tcc/tcc/data/lfw/lfw-funneled/Colin_Montgomerie/Colin_Montgomerie_0001.jpg,/home/anitadonato/tcc/tcc/data/lfw/lfw-funneled/Robert_Blake/Robert_Blake_0004.jpg,0.9039600633295071,0
/home/anitadonato/tcc/tcc/data/lfw/lfw-funneled/Juan_Pablo_Montoya/Juan_Pablo_Montoya_0002.jpg,/home/anitadonato/tcc/tcc/data/lfw/lfw-funneled/Natalie_Coughlin/Natalie_Coughlin_0002.jpg,0.9139298943902397,0
/home/anitadonato/tcc/tcc/data/lfw/lfw-funneled/Joseph_Biden/Joseph_Biden_0002.jpg,/home/anitadonato/tcc/tcc/data/lfw/lfw-funneled/Halle_Berry/Halle_Berry_0001.jpg,0.973469153955927,0
/home/anitadonato/tcc/tcc/data/lfw/lfw-funneled/Anna_Kournikova/Anna_Kournikova_0002.jpg,/home/anitadonato/tcc/tcc/data/lfw/lfw-funneled/Arminio_Fraga/Arminio_Fraga_0004.jpg,0.9292725002051817,0
/home/anitadonato/tcc/tcc/data/lfw/lfw-funneled/Yasser_Arafat/Yasser_Arafat_0003.jpg,/home/anitadonato/tcc/tcc/data/lfw/lfw-funneled/George_HW_Bush/George_HW_Bush_0003.jpg,0.9646294211911648,0
/home/anitadonato/tcc/tcc/data/lfw/lfw-funneled/Russell_Simmons/Russell_Simmons_0005.jpg,/home/anitadonato/tcc/tcc/data/lfw/lfw-funneled/Rob_Marshall/Rob_Marshall_0001.jpg,0.8816045144165877,0
/home/anitadonato/tcc/tcc/data/lfw/lfw-funneled/Anna_Kournikova/Anna_Kournikova_0003.jpg,/home/anitadonato/tcc/tcc/data/lfw/lfw-funneled/Paul_McCartney/Paul_McCartney_0002.jpg,0.9467523380181436,0
/home/anitadonato/tcc/tcc/data/lfw/lfw-funneled/Kevin_Costner/Kevin_Costner_0001.jpg,/home/anitadonato/tcc/tcc/data/lfw/lfw-funneled/Kalpana_Chawla/Kalpana_Chawla_0004.jpg,0.9199932464827149,0
/home/anitadonato/tcc/tcc/data/lfw/lfw-funneled/David_Anderson/David_Anderson_0004.jpg,/home/anitadonato/tcc/tcc/data/lfw/lfw-funneled/Tommy_Franks/Tommy_Franks_0005.jpg,0.8582907960067769,0
/home/anitadonato/tcc/tcc/data/lfw/lfw-funneled/Angelina_Jolie/Angelina_Jolie_0003.jpg,/home/anitadonato/tcc/tcc/data/lfw/lfw-funneled/Jacques_Chirac/Jacques_Chirac_0001.jpg,0.9332537369058795,0
/home/anitadonato/tcc/tcc/data/lfw/lfw-funneled/Jean-David_Levitte/Jean-David_Levitte_0003.jpg,/home/anitadonato/tcc/tcc/data/lfw/lfw-funneled/Li_Peng/Li_Peng_0005.jpg,0.8221952112356945,0
/home/anitadonato/tcc/tcc/data/lfw/lfw-funneled/John_Negroponte/John_Negroponte_0004.jpg,/home/anitadonato/tcc/tcc/data/lfw/lfw-funneled/Hillary_Clinton/Hillary_Clinton_0002.jpg,0.9912858978083776,0
/home/anitadonato/tcc/tcc/data/lfw/lfw-funneled/Vanessa_Redgrave/Vanessa_Redgrave_0005.jpg,/home/anitadonato/tcc/tcc/data/lfw/lfw-funneled/Gerhard_Schroeder/Gerhard_Schroeder_0003.jpg,0.8488728205952507,0
/home/anitadonato/tcc/tcc/data/lfw/lfw-funneled/Nia_Vardalos/Nia_Vardalos_0005.jpg,/home/anitadonato/tcc/tcc/data/lfw/lfw-funneled/Angela_Merkel/Angela_Merkel_0004.jpg,0.7543839826749775,0
/home/anitadonato/tcc/tcc/data/lfw/lfw-funneled/Bill_McBride/Bill_McBride_0002.jpg,/home/anitadonato/tcc/tcc/data/lfw/lfw-funneled/Ludivine_Sagnier/Ludivine_Sagnier_0002.jpg,0.8752340028136228,0
/home/anitadonato/tcc/tcc/data/lfw/lfw-funneled/Amelie_Mauresmo/Amelie_Mauresmo_0005.jpg,/home/anitadonato/tcc/tcc/data/lfw/lfw-funneled/Bill_McBride/Bill_McBride_0001.jpg,0.8155939968186714,0
/home/anitadonato/tcc/tcc/data/lfw/lfw-funneled/Atal_Bihari_Vajpayee/Atal_Bihari_Vajpayee_0005.jpg,/home/anitadonato/tcc/tcc/data/lfw/lfw-funneled/Xavier_Malisse/Xavier_Malisse_0003.jpg,0.9275679355518796,0
/home/anitadonato/tcc/tcc/data/lfw/lfw-funneled/Frank_Solich/Frank_Solich_0001.jpg,/home/anitadonato/tcc/tcc/data/lfw/lfw-funneled/Tom_Cruise/Tom_Cruise_0001.jpg,0.8023310562480762,0
/home/anitadonato/tcc/tcc/data/lfw/lfw-funneled/Al_Sharpton/Al_Sharpton_0002.jpg,/home/anitadonato/tcc/tcc/data/lfw/lfw-funneled/Antonio_Banderas/Antonio_Banderas_0005.jpg,0.8890951938877866,0
/home/anitadonato/tcc/tcc/data/lfw/lfw-funneled/Ludivine_Sagnier/Ludivine_Sagnier_0002.jpg,/home/anitadonato/tcc/tcc/data/lfw/lfw-funneled/Wayne_Ferreira/Wayne_Ferreira_0003.jpg,0.7463956836273358,0
/home/anitadonato/tcc/tcc/data/lfw/lfw-funneled/Tom_Daschle/Tom_Daschle_0001.jpg,/home/anitadonato/tcc/tcc/data/lfw/lfw-funneled/Susan_Sarandon/Susan_Sarandon_0002.jpg,0.8624148192594739,0
/home/anitadonato/tcc/tcc/data/lfw/lfw-funneled/Julie_Gerberding/Julie_Gerberding_0004.jpg,/home/anitadonato/tcc/tcc/data/lfw/lfw-funneled/Russell_Simmons/Russell_Simmons_0001.jpg,0.9291779502349286,0
/home/anitadonato/tcc/tcc/data/lfw/lfw-funneled/Carlos_Menem/Carlos_Menem_0001.jpg,/home/anitadonato/tcc/tcc/data/lfw/lfw-funneled/Xavier_Malisse/Xavier_Malisse_0004.jpg,0.9106438069423876,0
/home/anitadonato/tcc/tcc/data/lfw/lfw-funneled/Paul_Burrell/Paul_Burrell_0004.jpg,/home/anitadonato/tcc/tcc/data/lfw/lfw-funneled/Colin_Montgomerie/Colin_Montgomerie_0004.jpg,0.8460379583101463,0
/home/anitadonato/tcc/tcc/data/lfw/lfw-funneled/Tom_Cruise/Tom_Cruise_0005.jpg,/home/anitadonato/tcc/tcc/data/lfw/lfw-funneled/Paul_Martin/Paul_Martin_0004.jpg,0.9197791923332996,0
/home/anitadonato/tcc/tcc/data/lfw/lfw-funneled/Michael_Chiklis/Michael_Chiklis_0001.jpg,/home/anitadonato/tcc/tcc/data/lfw/lfw-funneled/David_Anderson/David_Anderson_0004.jpg,0.9061063451025408,0
/home/anitadonato/tcc/tcc/data/lfw/lfw-funneled/Benjamin_Netanyahu/Benjamin_Netanyahu_0002.jpg,/home/anitadonato/tcc/tcc/data/lfw/lfw-funneled/Richard_Myers/Richard_Myers_0005.jpg,0.6873399471459503,0
/home/anitadonato/tcc/tcc/data/lfw/lfw-funneled/Bob_Hope/Bob_Hope_0004.jpg,/home/anitadonato/tcc/tcc/data/lfw/lfw-funneled/Yoko_Ono/Yoko_Ono_0003.jpg,0.9653015812514523,0
/home/anitadonato/tcc/tcc/data/lfw/lfw-funneled/Angela_Merkel/Angela_Merkel_0005.jpg,/home/anitadonato/tcc/tcc/data/lfw/lfw-funneled/Ana_Palacio/Ana_Palacio_0001.jpg,0.7951316537765978,0
/home/anitadonato/tcc/tcc/data/lfw/lfw-funneled/Ana_Guevara/Ana_Guevara_0001.jpg,/home/anitadonato/tcc/tcc/data/lfw/lfw-funneled/Kim_Dae-jung/Kim_Dae-jung_0003.jpg,0.9143565686197727,0
/home/anitadonato/tcc/tcc/data/lfw/lfw-funneled/Ben_Affleck/Ben_Affleck_0002.jpg,/home/anitadonato/tcc/tcc/data/lfw/lfw-funneled/John_Paul_II/John_Paul_II_0004.jpg,0.8759633348277968,0
/home/anitadonato/tcc/tcc/data/lfw/lfw-funneled/Nancy_Pelosi/Nancy_Pelosi_0004.jpg,/home/anitadonato/tcc/tcc/data/lfw/lfw-funneled/Jean-Pierre_Raffarin/Jean-Pierre_Raffarin_0004.jpg,0.9412342628427615,0
/home/anitadonato/tcc/tcc/data/lfw/lfw-funneled/Tony_Blair/Tony_Blair_0005.jpg,/home/anitadonato/tcc/tcc/data/lfw/lfw-funneled/George_Robertson/George_Robertson_0002.jpg,0.8942074256407233,0
/home/anitadonato/tcc/tcc/data/lfw/lfw-funneled/Paul_McCartney/Paul_McCartney_0001.jpg,/home/anitadonato/tcc/tcc/data/lfw/lfw-funneled/Yashwant_Sinha/Yashwant_Sinha_0002.jpg,0.7857795878384316,0
/home/anitadonato/tcc/tcc/data/lfw/lfw-funneled/Ludivine_Sagnier/Ludivine_Sagnier_0005.jpg,/home/anitadonato/tcc/tcc/data/lfw/lfw-funneled/Walter_Mondale/Walter_Mondale_0002.jpg,0.8344961146231288,0
/home/anitadonato/tcc/tcc/data/lfw/lfw-funneled/Trent_Lott/Trent_Lott_0001.jpg,/home/anitadonato/tcc/tcc/data/lfw/lfw-funneled/Bill_Gates/Bill_Gates_0001.jpg,0.8947426430500749,0
/home/anitadonato/tcc/tcc/data/lfw/lfw-funneled/Richard_Gephardt/Richard_Gephardt_0005.jpg,/home/anitadonato/tcc/tcc/data/lfw/lfw-funneled/Habib_Rizieq/Habib_Rizieq_0004.jpg,0.8702006083666596,0
/home/anitadonato/tcc/tcc/data/lfw/lfw-funneled/John_Snow/John_Snow_0002.jpg,/home/anitadonato/tcc/tcc/data/lfw/lfw-funneled/Jean-Pierre_Raffarin/Jean-Pierre_Raffarin_0002.jpg,0.7389760374234452,0
/home/anitadonato/tcc/tcc/data/lfw/lfw-funneled/Mike_Weir/Mike_Weir_0002.jpg,/home/anitadonato/tcc/tcc/data/lfw/lfw-funneled/Mike_Martz/Mike_Martz_0003.jpg,0.8965197839128409,0
/home/anitadonato/tcc/tcc/data/lfw/lfw-funneled/Joe_Lieberman/Joe_Lieberman_0001.jpg,/home/anitadonato/tcc/tcc/data/lfw/lfw-funneled/Rob_Marshall/Rob_Marshall_0001.jpg,0.8571885010672606,0
/home/anitadonato/tcc/tcc/data/lfw/lfw-funneled/Tung_Chee-hwa/Tung_Chee-hwa_0005.jpg,/home/anitadonato/tcc/tcc/data/lfw/lfw-funneled/Silvan_Shalom/Silvan_Shalom_0001.jpg,0.8384959503936216,0
/home/anitadonato/tcc/tcc/data/lfw/lfw-funneled/Queen_Rania/Queen_Rania_0001.jpg,/home/anitadonato/tcc/tcc/data/lfw/lfw-funneled/Ann_Veneman/Ann_Veneman_0001.jpg,0.9558648332242513,0
/home/anitadonato/tcc/tcc/data/lfw/lfw-funneled/Martin_Scorsese/Martin_Scorsese_0004.jpg,/home/anitadonato/tcc/tcc/data/lfw/lfw-funneled/Thaksin_Shinawatra/Thaksin_Shinawatra_0005.jpg,0.830189986145931,0
/home/anitadonato/tcc/tcc/data/lfw/lfw-funneled/Michael_Chiklis/Michael_Chiklis_0001.jpg,/home/anitadonato/tcc/tcc/data/lfw/lfw-funneled/Angelina_Jolie/Angelina_Jolie_0002.jpg,0.8283811633167895,0
/home/anitadonato/tcc/tcc/data/lfw/lfw-funneled/Robert_Zoellick/Robert_Zoellick_0004.jpg,/home/anitadonato/tcc/tcc/data/lfw/lfw-funneled/Yoko_Ono/Yoko_Ono_0004.jpg,0.843199523463563,0
/home/anitadonato/tcc/tcc/data/lfw/lfw-funneled/Ian_Thorpe/Ian_Thorpe_0002.jpg,/home/anitadonato/tcc/tcc/data/lfw/lfw-funneled/Michelle_Yeoh/Michelle_Yeoh_0001.jpg,0.9375203412531447,0
/home/anitadonato/tcc/tcc/data/lfw/lfw-funneled/Ai_Sugiyama/Ai_Sugiyama_0003.jpg,/home/anitadonato/tcc/tcc/data/lfw/lfw-funneled/Bob_Graham/Bob_Graham_0002.jpg,0.8953683274452725,0
/home/anitadonato/tcc/tcc/data/lfw/lfw-funneled/John_Stockton/John_Stockton_0003.jpg,/home/anitadonato/tcc/tcc/data/lfw/lfw-funneled/Kofi_Annan/Kofi_Annan_0005.jpg,0.9631614738600561,0
/home/anitadonato/tcc/tcc/data/lfw/lfw-funneled/Denzel_Washington/Denzel_Washington_0003.jpg,/home/anitadonato/tcc/tcc/data/lfw/lfw-funneled/Jacques_Chirac/Jacques_Chirac_0002.jpg,0.9488412594144343,0
/home/anitadonato/tcc/tcc/data/lfw/lfw-funneled/John_Ashcroft/John_Ashcroft_0005.jpg,/home/anitadonato/tcc/tcc/data/lfw/lfw-funneled/Costas_Simitis/Costas_Simitis_0002.jpg,0.7666353689528652,0
/home/anitadonato/tcc/tcc/data/lfw/lfw-funneled/Fernando_Gonzalez/Fernando_Gonzalez_0003.jpg,/home/anitadonato/tcc/tcc/data/lfw/lfw-funneled/Richard_Gephardt/Richard_Gephardt_0001.jpg,0.9553788612405507,0
/home/anitadonato/tcc/tcc/data/lfw/lfw-funneled/Steve_Lavin/Steve_Lavin_0002.jpg,/home/anitadonato/tcc/tcc/data/lfw/lfw-funneled/Paul_ONeill/Paul_ONeill_0004.jpg,0.9264193450437006,0
/home/anitadonato/tcc/tcc/data/lfw/lfw-funneled/Steve_Lavin/Steve_Lavin_0001.jpg,/home/anitadonato/tcc/tcc/data/lfw/lfw-funneled/Meryl_Streep/Meryl_Streep_0003.jpg,0.9334710669561439,0
/home/anitadonato/tcc/tcc/data/lfw/lfw-funneled/Maria_Soledad_Alvear_Valenzuela/Maria_Soledad_Alvear_Valenzuela_0004.jpg,/home/anitadonato/tcc/tcc/data/lfw/lfw-funneled/Juan_Pablo_Montoya/Juan_Pablo_Montoya_0005.jpg,0.8911982003555465,0
/home/anitadonato/tcc/tcc/data/lfw/lfw-funneled/Erika_Harold/Erika_Harold_0004.jpg,/home/anitadonato/tcc/tcc/data/lfw/lfw-funneled/Luis_Horna/Luis_Horna_0004.jpg,0.9348867496179665,0
/home/anitadonato/tcc/tcc/data/lfw/lfw-funneled/Wayne_Ferreira/Wayne_Ferreira_0004.jpg,/home/anitadonato/tcc/tcc/data/lfw/lfw-funneled/Richard_Gephardt/Richard_Gephardt_0002.jpg,0.6534015956719423,0
/home/anitadonato/tcc/tcc/data/lfw/lfw-funneled/Bill_McBride/Bill_McBride_0004.jpg,/home/anitadonato/tcc/tcc/data/lfw/lfw-funneled/Ludivine_Sagnier/Ludivine_Sagnier_0002.jpg,0.8712172527680719,0
/home/anitadonato/tcc/tcc/data/lfw/lfw-funneled/Bill_Gates/Bill_Gates_0002.jpg,/home/anitadonato/tcc/tcc/data/lfw/lfw-funneled/Richard_Gephardt/Richard_Gephardt_0004.jpg,0.8205788631378327,0
/home/anitadonato/tcc/tcc/data/lfw/lfw-funneled/Paul_Martin/Paul_Martin_0004.jpg,/home/anitadonato/tcc/tcc/data/lfw/lfw-funneled/Roh_Moo-hyun/Roh_Moo-hyun_0004.jpg,0.8978644065646278,0
/home/anitadonato/tcc/tcc/data/lfw/lfw-funneled/Steve_Lavin/Steve_Lavin_0002.jpg,/home/anitadonato/tcc/tcc/data/lfw/lfw-funneled/John_Travolta/John_Travolta_0004.jpg,0.8158789591535631,0
/home/anitadonato/tcc/tcc/data/lfw/lfw-funneled/John_Allen_Muhammad/John_Allen_Muhammad_0002.jpg,/home/anitadonato/tcc/tcc/data/lfw/lfw-funneled/Benjamin_Netanyahu/Benjamin_Netanyahu_0003.jpg,0.9361372525919657,0
/home/anitadonato/tcc/tcc/data/lfw/lfw-funneled/Alejandro_Toledo/Alejandro_Toledo_0004.jpg,/home/anitadonato/tcc/tcc/data/lfw/lfw-funneled/George_Robertson/George_Robertson_0003.jpg,0.6918777998529866,0
/home/anitadonato/tcc/tcc/data/lfw/lfw-funneled/Amelia_Vega/Amelia_Vega_0002.jpg,/home/anitadonato/tcc/tcc/data/lfw/lfw-funneled/Ludivine_Sagnier/Ludivine_Sagnier_0001.jpg,0.7680791484430727,0
/home/anitadonato/tcc/tcc/data/lfw/lfw-funneled/George_HW_Bush/George_HW_Bush_0005.jpg,/home/anitadonato/tcc/tcc/data/lfw/lfw-funneled/Tony_Blair/Tony_Blair_0005.jpg,0.7694045870253845,0
/home/anitadonato/tcc/tcc/data/lfw/lfw-funneled/Rudolph_Giuliani/Rudolph_Giuliani_0002.jpg,/home/anitadonato/tcc/tcc/data/lfw/lfw-funneled/Bob_Hope/Bob_Hope_0005.jpg,0.6994828617652942,0
/home/anitadonato/tcc/tcc/data/lfw/lfw-funneled/Rob_Marshall/Rob_Marshall_0005.jpg,/home/anitadonato/tcc/tcc/data/lfw/lfw-funneled/Juan_Pablo_Montoya/Juan_Pablo_Montoya_0002.jpg,0.9193613506648275,0
/home/anitadonato/tcc/tcc/data/lfw/lfw-funneled/Joseph_Biden/Joseph_Biden_0003.jpg,/home/anitadonato/tcc/tcc/data/lfw/lfw-funneled/Liza_Minnelli/Liza_Minnelli_0003.jpg,0.9070879371269706,0
/home/anitadonato/tcc/tcc/data/lfw/lfw-funneled/Tiger_Woods/Tiger_Woods_0002.jpg,/home/anitadonato/tcc/tcc/data/lfw/lfw-funneled/Mike_Myers/Mike_Myers_0001.jpg,0.8786973319116055,0
/home/anitadonato/tcc/tcc/data/lfw/lfw-funneled/Gerhard_Schroeder/Gerhard_Schroeder_0004.jpg,/home/anitadonato/tcc/tcc/data/lfw/lfw-funneled/Bill_McBride/Bill_McBride_0002.jpg,0.6316267963424664,0
/home/anitadonato/tcc/tcc/data/lfw/lfw-funneled/Luis_Horna/Luis_Horna_0002.jpg,/home/anitadonato/tcc/tcc/data/lfw/lfw-funneled/Megawati_Sukarnoputri/Megawati_Sukarnoputri_0004.jpg,0.9856544682753736,0
/home/anitadonato/tcc/tcc/data/lfw/lfw-funneled/Queen_Rania/Queen_Rania_0003.jpg,/home/anitadonato/tcc/tcc/data/lfw/lfw-funneled/Carmen_Electra/Carmen_Electra_0003.jpg,0.9060298930982329,0
/home/anitadonato/tcc/tcc/data/lfw/lfw-funneled/Jean-Pierre_Raffarin/Jean-Pierre_Raffarin_0005.jpg,/home/anitadonato/tcc/tcc/data/lfw/lfw-funneled/Paradorn_Srichaphan/Paradorn_Srichaphan_0003.jpg,0.9326820956852415,0
/home/anitadonato/tcc/tcc/data/lfw/lfw-funneled/David_Anderson/David_Anderson_0003.jpg,/home/anitadonato/tcc/tcc/data/lfw/lfw-funneled/Anna_Kournikova/Anna_Kournikova_0005.jpg,0.9033797387789135,0
/home/anitadonato/tcc/tcc/data/lfw/lfw-funneled/Mark_Hurlbert/Mark_Hurlbert_0001.jpg,/home/anitadonato/tcc/tcc/data/lfw/lfw-funneled/Paradorn_Srichaphan/Paradorn_Srichaphan_0004.jpg,0.9153279309479364,0
/home/anitadonato/tcc/tcc/data/lfw/lfw-funneled/Charlton_Heston/Charlton_Heston_0002.jpg,/home/anitadonato/tcc/tcc/data/lfw/lfw-funneled/Erika_Harold/Erika_Harold_0003.jpg,0.9081488846646263,0
/home/anitadonato/tcc/tcc/data/lfw/lfw-funneled/Jiri_Novak/Jiri_Novak_0001.jpg,/home/anitadonato/tcc/tcc/data/lfw/lfw-funneled/Fernando_Gonzalez/Fernando_Gonzalez_0005.jpg,0.8418837050947504,0
/home/anitadonato/tcc/tcc/data/lfw/lfw-funneled/John_Negroponte/John_Negroponte_0002.jpg,/home/anitadonato/tcc/tcc/data/lfw/lfw-funneled/Robert_Zoellick/Robert_Zoellick_0001.jpg,0.8811037274094363,0
/home/anitadonato/tcc/tcc/data/lfw/lfw-funneled/Anna_Kournikova/Anna_Kournikova_0005.jpg,/home/anitadonato/tcc/tcc/data/lfw/lfw-funneled/Carmen_Electra/Carmen_Electra_0005.jpg,0.9385934620115166,0
/home/anitadonato/tcc/tcc/data/lfw/lfw-funneled/Andre_Agassi/Andre_Agassi_0003.jpg,/home/anitadonato/tcc/tcc/data/lfw/lfw-funneled/Nia_Vardalos/Nia_Vardalos_0002.jpg,0.9559965754995715,0
/home/anitadonato/tcc/tcc/data/lfw/lfw-funneled/Pervez_Musharraf/Pervez_Musharraf_0002.jpg,/home/anitadonato/tcc/tcc/data/lfw/lfw-funneled/Bernard_Law/Bernard_Law_0004.jpg,0.8940560646364245,0
/home/anitadonato/tcc/tcc/data/lfw/lfw-funneled/Zhu_Rongji/Zhu_Rongji_0004.jpg,/home/anitadonato/tcc/tcc/data/lfw/lfw-funneled/John_Allen_Muhammad/John_Allen_Muhammad_0005.jpg,0.8533558389550592,0
/home/anitadonato/tcc/tcc/data/lfw/lfw-funneled/Paul_McCartney/Paul_McCartney_0003.jpg,/home/anitadonato/tcc/tcc/data/lfw/lfw-funneled/Maria_Shriver/Maria_Shriver_0003.jpg,0.7942587369212659,0
/home/anitadonato/tcc/tcc/data/lfw/lfw-funneled/Sylvester_Stallone/Sylvester_Stallone_0004.jpg,/home/anitadonato/tcc/tcc/data/lfw/lfw-funneled/Christine_Baumgartner/Christine_Baumgartner_0004.jpg,0.9139675924906462,0
/home/anitadonato/tcc/tcc/data/lfw/lfw-funneled/Jennifer_Capriati/Jennifer_Capriati_0003.jpg,/home/anitadonato/tcc/tcc/data/lfw/lfw-funneled/John_Stockton/John_Stockton_0002.jpg,0.9185530978049159,0
/home/anitadonato/tcc/tcc/data/lfw/lfw-funneled/Ai_Sugiyama/Ai_Sugiyama_0005.jpg,/home/anitadonato/tcc/tcc/data/lfw/lfw-funneled/Andre_Agassi/Andre_Agassi_0004.jpg,0.9623691385388319,0
/home/anitadonato/tcc/tcc/data/lfw/lfw-funneled/Boris_Becker/Boris_Becker_0001.jpg,/home/anitadonato/tcc/tcc/data/lfw/lfw-funneled/Michelle_Yeoh/Michelle_Yeoh_0005.jpg,0.853992121682343,0
/home/anitadonato/tcc/tcc/data/lfw/lfw-funneled/Thaksin_Shinawatra/Thaksin_Shinawatra_0001.jpg,/home/anitadonato/tcc/tcc/data/lfw/lfw-funneled/Frank_Solich/Frank_Solich_0001.jpg,0.9612469794127017,0
/home/anitadonato/tcc/tcc/data/lfw/lfw-funneled/Fernando_Gonzalez/Fernando_Gonzalez_0002.jpg,/home/anitadonato/tcc/tcc/data/lfw/lfw-funneled/Ai_Sugiyama/Ai_Sugiyama_0001.jpg,0.9883835037771044,0
/home/anitadonato/tcc/tcc/data/lfw/lfw-funneled/John_Bolton/John_Bolton_0001.jpg,/home/anitadonato/tcc/tcc/data/lfw/lfw-funneled/Wayne_Ferreira/Wayne_Ferreira_0002.jpg,0.8384832823872055,0
/home/anitadonato/tcc/tcc/data/lfw/lfw-funneled/Antonio_Banderas/Antonio_Banderas_0003.jpg,/home/anitadonato/tcc/tcc/data/lfw/lfw-funneled/Vanessa_Redgrave/Vanessa_Redgrave_0001.jpg,0.9269243505672371,0
/home/anitadonato/tcc/tcc/data/lfw/lfw-funneled/Valery_Giscard_dEstaing/Valery_Giscard_dEstaing_0005.jpg,/home/anitadonato/tcc/tcc/data/lfw/lfw-funneled/Jean-David_Levitte/Jean-David_Levitte_0004.jpg,0.8627460423214623,0
/home/anitadonato/tcc/tcc/data/lfw/lfw-funneled/Kurt_Warner/Kurt_Warner_0001.jpg,/home/anitadonato/tcc/tcc/data/lfw/lfw-funneled/Richard_Gere/Richard_Gere_0001.jpg,0.8651824197942946,0
/home/anitadonato/tcc/tcc/data/lfw/lfw-funneled/John_Snow/John_Snow_0004.jpg,/home/anitadonato/tcc/tcc/data/lfw/lfw-funneled/Carmen_Electra/Carmen_Electra_0001.jpg,0.8678815002567747,0
/home/anitadonato/tcc/tcc/data/lfw/lfw-funneled/Heidi_Klum/Heidi_Klum_0003.jpg,/home/anitadonato/tcc/tcc/data/lfw/lfw-funneled/John_Travolta/John_Travolta_0005.jpg,0.8966202173447946,0
/home/anitadonato/tcc/tcc/data/lfw/lfw-funneled/Thabo_Mbeki/Thabo_Mbeki_0005.jpg,/home/anitadonato/tcc/tcc/data/lfw/lfw-funneled/Heidi_Klum/Heidi_Klum_0004.jpg,0.8659340499190586,0
/home/anitadonato/tcc/tcc/data/lfw/lfw-funneled/Vladimir_Putin/Vladimir_Putin_0001.jpg,/home/anitadonato/tcc/tcc/data/lfw/lfw-funneled/Robert_De_Niro/Robert_De_Niro_0005.jpg,0.8750637429729319,0
/home/anitadonato/tcc/tcc/data/lfw/lfw-funneled/Wayne_Ferreira/Wayne_Ferreira_0002.jpg,/home/anitadonato/tcc/tcc/data/lfw/lfw-funneled/Queen_Rania/Queen_Rania_0005.jpg,0.884778152800621,0
/home/anitadonato/tcc/tcc/data/lfw/lfw-funneled/Atal_Bihari_Vajpayee/Atal_Bihari_Vajpayee_0003.jpg,/home/anitadonato/tcc/tcc/data/lfw/lfw-funneled/Eduardo_Duhalde/Eduardo_Duhalde_0003.jpg,0.8076777931120761,0
/home/anitadonato/tcc/tcc/data/lfw/lfw-funneled/Jan_Ullrich/Jan_Ullrich_0003.jpg,/home/anitadonato/tcc/tcc/data/lfw/lfw-funneled/George_Robertson/George_Robertson_0004.jpg,0.9150730482361075,0
/home/anitadonato/tcc/tcc/data/lfw/lfw-funneled/Mike_Weir/Mike_Weir_0002.jpg,/home/anitadonato/tcc/tcc/data/lfw/lfw-funneled/Tom_Cruise/Tom_Cruise_0002.jpg,0.8932727494297376,0
/home/anitadonato/tcc/tcc/data/lfw/lfw-funneled/Richard_Gephardt/Richard_Gephardt_0001.jpg,/home/anitadonato/tcc/tcc/data/lfw/lfw-funneled/Maria_Shriver/Maria_Shriver_0001.jpg,0.9084789910941371,0
/home/anitadonato/tcc/tcc/data/lfw/lfw-funneled/Amelia_Vega/Amelia_Vega_0004.jpg,/home/anitadonato/tcc/tcc/data/lfw/lfw-funneled/Hamid_Karzai/Hamid_Karzai_0004.jpg,0.9106831807526821,0
/home/anitadonato/tcc/tcc/data/lfw/lfw-funneled/Carmen_Electra/Carmen_Electra_0001.jpg,/home/anitadonato/tcc/tcc/data/lfw/lfw-funneled/Pamela_Anderson/Pamela_Anderson_0001.jpg,0.7916300332960866,0
/home/anitadonato/tcc/tcc/data/lfw/lfw-funneled/Angela_Merkel/Angela_Merkel_0001.jpg,/home/anitadonato/tcc/tcc/data/lfw/lfw-funneled/Jennifer_Capriati/Jennifer_Capriati_0004.jpg,0.8959320553963828,0
/home/anitadonato/tcc/tcc/data/lfw/lfw-funneled/Lindsay_Davenport/Lindsay_Davenport_0003.jpg,/home/anitadonato/tcc/tcc/data/lfw/lfw-funneled/Alejandro_Toledo/Alejandro_Toledo_0005.jpg,0.7033256412313195,0
/home/anitadonato/tcc/tcc/data/lfw/lfw-funneled/Natalie_Coughlin/Natalie_Coughlin_0001.jpg,/home/anitadonato/tcc/tcc/data/lfw/lfw-funneled/John_Travolta/John_Travolta_0002.jpg,0.9053284033519611,0
/home/anitadonato/tcc/tcc/data/lfw/lfw-funneled/Mike_Myers/Mike_Myers_0005.jpg,/home/anitadonato/tcc/tcc/data/lfw/lfw-funneled/Hosni_Mubarak/Hosni_Mubarak_0004.jpg,0.8860008829926804,0
/home/anitadonato/tcc/tcc/data/lfw/lfw-funneled/Hugh_Grant/Hugh_Grant_0001.jpg,/home/anitadonato/tcc/tcc/data/lfw/lfw-funneled/Yoko_Ono/Yoko_Ono_0003.jpg,0.9618721810437285,0
/home/anitadonato/tcc/tcc/data/lfw/lfw-funneled/Grant_Hackett/Grant_Hackett_0001.jpg,/home/anitadonato/tcc/tcc/data/lfw/lfw-funneled/Tom_Cruise/Tom_Cruise_0002.jpg,0.9054036725820462,0
/home/anitadonato/tcc/tcc/data/lfw/lfw-funneled/Jiri_Novak/Jiri_Novak_0002.jpg,/home/anitadonato/tcc/tcc/data/lfw/lfw-funneled/Heidi_Klum/Heidi_Klum_0005.jpg,0.9073818065554266,0
/home/anitadonato/tcc/tcc/data/lfw/lfw-funneled/Costas_Simitis/Costas_Simitis_0004.jpg,/home/anitadonato/tcc/tcc/data/lfw/lfw-funneled/Yasser_Arafat/Yasser_Arafat_0001.jpg,0.7937603159733772,0
/home/anitadonato/tcc/tcc/data/lfw/lfw-funneled/Richard_Gephardt/Richard_Gephardt_0005.jpg,/home/anitadonato/tcc/tcc/data/lfw/lfw-funneled/Colin_Powell/Colin_Powell_0002.jpg,0.587227494242504,0
/home/anitadonato/tcc/tcc/data/lfw/lfw-funneled/Zhu_Rongji/Zhu_Rongji_0005.jpg,/home/anitadonato/tcc/tcc/data/lfw/lfw-funneled/George_Lopez/George_Lopez_0003.jpg,0.7986734000201327,0
/home/anitadonato/tcc/tcc/data/lfw/lfw-funneled/Arminio_Fraga/Arminio_Fraga_0002.jpg,/home/anitadonato/tcc/tcc/data/lfw/lfw-funneled/Bill_McBride/Bill_McBride_0001.jpg,0.94403066307126,0
/home/anitadonato/tcc/tcc/data/lfw/lfw-funneled/Bob_Graham/Bob_Graham_0003.jpg,/home/anitadonato/tcc/tcc/data/lfw/lfw-funneled/Jean_Chretien/Jean_Chretien_0001.jpg,0.7613564629749836,0
/home/anitadonato/tcc/tcc/data/lfw/lfw-funneled/Elizabeth_Smart/Elizabeth_Smart_0002.jpg,/home/anitadonato/tcc/tcc/data/lfw/lfw-funneled/Lindsay_Davenport/Lindsay_Davenport_0001.jpg,0.8570189916476603,0
/home/anitadonato/tcc/tcc/data/lfw/lfw-funneled/David_Trimble/David_Trimble_0005.jpg,/home/anitadonato/tcc/tcc/data/lfw/lfw-funneled/Megawati_Sukarnoputri/Megawati_Sukarnoputri_0005.jpg,0.9112146328171181,0
/home/anitadonato/tcc/tcc/data/lfw/lfw-funneled/Jan_Ullrich/Jan_Ullrich_0003.jpg,/home/anitadonato/tcc/tcc/data/lfw/lfw-funneled/Princess_Caroline/Princess_Caroline_0001.jpg,0.847923354887981,0
/home/anitadonato/tcc/tcc/data/lfw/lfw-funneled/Abdullah_Gul/Abdullah_Gul_0004.jpg,/home/anitadonato/tcc/tcc/data/lfw/lfw-funneled/Hugh_Grant/Hugh_Grant_0004.jpg,0.7823417871128324,0
/home/anitadonato/tcc/tcc/data/lfw/lfw-funneled/Muhammad_Saeed_al-Sahhaf/Muhammad_Saeed_al-Sahhaf_0005.jpg,/home/anitadonato/tcc/tcc/data/lfw/lfw-funneled/Lleyton_Hewitt/Lleyton_Hewitt_0004.jpg,0.9575136025085662,0
/home/anitadonato/tcc/tcc/data/lfw/lfw-funneled/Jose_Maria_Aznar/Jose_Maria_Aznar_0005.jpg,/home/anitadonato/tcc/tcc/data/lfw/lfw-funneled/Boris_Becker/Boris_Becker_0004.jpg,0.8841346344834511,0
/home/anitadonato/tcc/tcc/data/lfw/lfw-funneled/Matthew_Perry/Matthew_Perry_0005.jpg,/home/anitadonato/tcc/tcc/data/lfw/lfw-funneled/Jacques_Chirac/Jacques_Chirac_0003.jpg,0.9361751812664041,0
/home/anitadonato/tcc/tcc/data/lfw/lfw-funneled/Norm_Coleman/Norm_Coleman_0001.jpg,/home/anitadonato/tcc/tcc/data/lfw/lfw-funneled/Gloria_Macapagal_Arroyo/Gloria_Macapagal_Arroyo_0001.jpg,0.7435483629686382,0
/home/anitadonato/tcc/tcc/data/lfw/lfw-funneled/George_HW_Bush/George_HW_Bush_0004.jpg,/home/anitadonato/tcc/tcc/data/lfw/lfw-funneled/Jennifer_Lopez/Jennifer_Lopez_0002.jpg,0.9089254599718685,0
/home/anitadonato/tcc/tcc/data/lfw/lfw-funneled/Robert_Zoellick/Robert_Zoellick_0003.jpg,/home/anitadonato/tcc/tcc/data/lfw/lfw-funneled/George_Lopez/George_Lopez_0003.jpg,0.8391761596699534,0
/home/anitadonato/tcc/tcc/data/lfw/lfw-funneled/Robert_De_Niro/Robert_De_Niro_0001.jpg,/home/anitadonato/tcc/tcc/data/lfw/lfw-funneled/Amelia_Vega/Amelia_Vega_0003.jpg,0.8589379102462067,0
/home/anitadonato/tcc/tcc/data/lfw/lfw-funneled/Susan_Sarandon/Susan_Sarandon_0003.jpg,/home/anitadonato/tcc/tcc/data/lfw/lfw-funneled/Salma_Hayek/Salma_Hayek_0001.jpg,0.919777160909359,0
/home/anitadonato/tcc/tcc/data/lfw/lfw-funneled/Paul_Burrell/Paul_Burrell_0002.jpg,/home/anitadonato/tcc/tcc/data/lfw/lfw-funneled/Pedro_Malan/Pedro_Malan_0004.jpg,0.840689785927059,0
/home/anitadonato/tcc/tcc/data/lfw/lfw-funneled/Xavier_Malisse/Xavier_Malisse_0005.jpg,/home/anitadonato/tcc/tcc/data/lfw/lfw-funneled/Steve_Lavin/Steve_Lavin_0005.jpg,0.86391171046191,0
/home/anitadonato/tcc/tcc/data/lfw/lfw-funneled/Ben_Affleck/Ben_Affleck_0001.jpg,/home/anitadonato/tcc/tcc/data/lfw/lfw-funneled/Spencer_Abraham/Spencer_Abraham_0001.jpg,0.9142814883102318,0
/home/anitadonato/tcc/tcc/data/lfw/lfw-funneled/Roy_Moore/Roy_Moore_0001.jpg,/home/anitadonato/tcc/tcc/data/lfw/lfw-funneled/Carmen_Electra/Carmen_Electra_0005.jpg,0.9783148597660791,0
/home/anitadonato/tcc/tcc/data/lfw/lfw-funneled/Denzel_Washington/Denzel_Washington_0004.jpg,/home/anitadonato/tcc/tcc/data/lfw/lfw-funneled/Robert_Blake/Robert_Blake_0001.jpg,0.8751932283145583,0
/home/anitadonato/tcc/tcc/data/lfw/lfw-funneled/Tom_Crean/Tom_Crean_0004.jpg,/home/anitadonato/tcc/tcc/data/lfw/lfw-funneled/Fernando_Gonzalez/Fernando_Gonzalez_0001.jpg,0.7504503297148369,0
/home/anitadonato/tcc/tcc/data/lfw/lfw-funneled/Rob_Marshall/Rob_Marshall_0002.jpg,/home/anitadonato/tcc/tcc/data/lfw/lfw-funneled/Roh_Moo-hyun/Roh_Moo-hyun_0005.jpg,0.9009795453633297,0
/home/anitadonato/tcc/tcc/data/lfw/lfw-funneled/Tom_Daschle/Tom_Daschle_0004.jpg,/home/anitadonato/tcc/tcc/data/lfw/lfw-funneled/Jennifer_Capriati/Jennifer_Capriati_0002.jpg,0.7750369015770299,0
/home/anitadonato/tcc/tcc/data/lfw/lfw-funneled/Ai_Sugiyama/Ai_Sugiyama_0003.jpg,/home/anitadonato/tcc/tcc/data/lfw/lfw-funneled/George_HW_Bush/George_HW_Bush_0003.jpg,0.9102278017819153,0
/home/anitadonato/tcc/tcc/data/lfw/lfw-funneled/Meryl_Streep/Meryl_Streep_0001.jpg,/home/anitadonato/tcc/tcc/data/lfw/lfw-funneled/Sergey_Lavrov/Sergey_Lavrov_0002.jpg,0.9493723068903254,0
/home/anitadonato/tcc/tcc/data/lfw/lfw-funneled/Lindsay_Davenport/Lindsay_Davenport_0004.jpg,/home/anitadonato/tcc/tcc/data/lfw/lfw-funneled/Sourav_Ganguly/Sourav_Ganguly_0003.jpg,0.9103005401329987,0
/home/anitadonato/tcc/tcc/data/lfw/lfw-funneled/Sheryl_Crow/Sheryl_Crow_0003.jpg,/home/anitadonato/tcc/tcc/data/lfw/lfw-funneled/Frank_Solich/Frank_Solich_0003.jpg,0.8919879300430281,0
/home/anitadonato/tcc/tcc/data/lfw/lfw-funneled/Norm_Coleman/Norm_Coleman_0004.jpg,/home/anitadonato/tcc/tcc/data/lfw/lfw-funneled/Andre_Agassi/Andre_Agassi_0005.jpg,0.8879162486977041,0
/home/anitadonato/tcc/tcc/data/lfw/lfw-funneled/Michael_Schumacher/Michael_Schumacher_0004.jpg,/home/anitadonato/tcc/tcc/data/lfw/lfw-funneled/Pervez_Musharraf/Pervez_Musharraf_0001.jpg,0.908441980633616,0
/home/anitadonato/tcc/tcc/data/lfw/lfw-funneled/Hillary_Clinton/Hillary_Clinton_0001.jpg,/home/anitadonato/tcc/tcc/data/lfw/lfw-funneled/John_Ashcroft/John_Ashcroft_0004.jpg,0.7405853040749795,0
/home/anitadonato/tcc/tcc/data/lfw/lfw-funneled/Peter_Struck/Peter_Struck_0004.jpg,/home/anitadonato/tcc/tcc/data/lfw/lfw-funneled/Valery_Giscard_dEstaing/Valery_Giscard_dEstaing_0003.jpg,0.6428998967043933,0
/home/anitadonato/tcc/tcc/data/lfw/lfw-funneled/Clara_Harris/Clara_Harris_0004.jpg,/home/anitadonato/tcc/tcc/data/lfw/lfw-funneled/Peter_Struck/Peter_Struck_0005.jpg,0.9102814756995024,0
/home/anitadonato/tcc/tcc/data/lfw/lfw-funneled/Hillary_Clinton/Hillary_Clinton_0003.jpg,/home/anitadonato/tcc/tcc/data/lfw/lfw-funneled/Richard_Gephardt/Richard_Gephardt_0005.jpg,0.9610572059346528,0
/home/anitadonato/tcc/tcc/data/lfw/lfw-funneled/Hosni_Mubarak/Hosni_Mubarak_0004.jpg,/home/anitadonato/tcc/tcc/data/lfw/lfw-funneled/Hal_Gehman/Hal_Gehman_0003.jpg,0.9697078871382381,0
/home/anitadonato/tcc/tcc/data/lfw/lfw-funneled/Vladimir_Putin/Vladimir_Putin_0003.jpg,/home/anitadonato/tcc/tcc/data/lfw/lfw-funneled/Jan_Ullrich/Jan_Ullrich_0003.jpg,0.9387464731692294,0
/home/anitadonato/tcc/tcc/data/lfw/lfw-funneled/Natalie_Maines/Natalie_Maines_0004.jpg,/home/anitadonato/tcc/tcc/data/lfw/lfw-funneled/Hosni_Mubarak/Hosni_Mubarak_0005.jpg,0.9691545532660282,0
/home/anitadonato/tcc/tcc/data/lfw/lfw-funneled/John_Allen_Muhammad/John_Allen_Muhammad_0004.jpg,/home/anitadonato/tcc/tcc/data/lfw/lfw-funneled/Robert_Blake/Robert_Blake_0003.jpg,0.857757162503204,0
/home/anitadonato/tcc/tcc/data/lfw/lfw-funneled/Walter_Mondale/Walter_Mondale_0001.jpg,/home/anitadonato/tcc/tcc/data/lfw/lfw-funneled/Hans_Blix/Hans_Blix_0005.jpg,0.7760730270207918,0
/home/anitadonato/tcc/tcc/data/lfw/lfw-funneled/Hal_Gehman/Hal_Gehman_0005.jpg,/home/anitadonato/tcc/tcc/data/lfw/lfw-funneled/Paul_ONeill/Paul_ONeill_0002.jpg,0.80200818665623,0
/home/anitadonato/tcc/tcc/data/lfw/lfw-funneled/Amelie_Mauresmo/Amelie_Mauresmo_0005.jpg,/home/anitadonato/tcc/tcc/data/lfw/lfw-funneled/Kristanna_Loken/Kristanna_Loken_0001.jpg,0.951474552053435,0
/home/anitadonato/tcc/tcc/data/lfw/lfw-funneled/Trent_Lott/Trent_Lott_0002.jpg,/home/anitadonato/tcc/tcc/data/lfw/lfw-funneled/Habib_Rizieq/Habib_Rizieq_0004.jpg,0.8869639156627985,0
/home/anitadonato/tcc/tcc/data/lfw/lfw-funneled/Tom_Crean/Tom_Crean_0001.jpg,/home/anitadonato/tcc/tcc/data/lfw/lfw-funneled/Hosni_Mubarak/Hosni_Mubarak_0004.jpg,0.839080019088691,0
/home/anitadonato/tcc/tcc/data/lfw/lfw-funneled/Michael_Chiklis/Michael_Chiklis_0002.jpg,/home/anitadonato/tcc/tcc/data/lfw/lfw-funneled/Mark_Hurlbert/Mark_Hurlbert_0003.jpg,0.7783518571603262,0
/home/anitadonato/tcc/tcc/data/lfw/lfw-funneled/Queen_Rania/Queen_Rania_0002.jpg,/home/anitadonato/tcc/tcc/data/lfw/lfw-funneled/Eduardo_Duhalde/Eduardo_Duhalde_0004.jpg,0.9590608464159527,0
/home/anitadonato/tcc/tcc/data/lfw/lfw-funneled/Tony_Blair/Tony_Blair_0004.jpg,/home/anitadonato/tcc/tcc/data/lfw/lfw-funneled/Bob_Hope/Bob_Hope_0005.jpg,0.9158095286786871,0
/home/anitadonato/tcc/tcc/data/lfw/lfw-funneled/Joseph_Biden/Joseph_Biden_0004.jpg,/home/anitadonato/tcc/tcc/data/lfw/lfw-funneled/Russell_Simmons/Russell_Simmons_0005.jpg,0.8057184126123504,0
/home/anitadonato/tcc/tcc/data/lfw/lfw-funneled/Antonio_Banderas/Antonio_Banderas_0004.jpg,/home/anitadonato/tcc/tcc/data/lfw/lfw-funneled/Hosni_Mubarak/Hosni_Mubarak_0005.jpg,0.9485934558810999,0
/home/anitadonato/tcc/tcc/data/lfw/lfw-funneled/Bulent_Ecevit/Bulent_Ecevit_0005.jpg,/home/anitadonato/tcc/tcc/data/lfw/lfw-funneled/Salma_Hayek/Salma_Hayek_0005.jpg,0.893186147534987,0
/home/anitadonato/tcc/tcc/data/lfw/lfw-funneled/Jean-David_Levitte/Jean-David_Levitte_0001.jpg,/home/anitadonato/tcc/tcc/data/lfw/lfw-funneled/Matthew_Perry/Matthew_Perry_0002.jpg,0.9088602358528854,0
/home/anitadonato/tcc/tcc/data/lfw/lfw-funneled/Kurt_Warner/Kurt_Warner_0003.jpg,/home/anitadonato/tcc/tcc/data/lfw/lfw-funneled/Kalpana_Chawla/Kalpana_Chawla_0002.jpg,0.898454610277956,0
/home/anitadonato/tcc/tcc/data/lfw/lfw-funneled/Alejandro_Toledo/Alejandro_Toledo_0001.jpg,/home/anitadonato/tcc/tcc/data/lfw/lfw-funneled/JK_Rowling/JK_Rowling_0005.jpg,0.8332282648136166,0
/home/anitadonato/tcc/tcc/data/lfw/lfw-funneled/Alejandro_Toledo/Alejandro_Toledo_0004.jpg,/home/anitadonato/tcc/tcc/data/lfw/lfw-funneled/Catherine_Zeta-Jones/Catherine_Zeta-Jones_0003.jpg,0.9666039219984812,0
/home/anitadonato/tcc/tcc/data/lfw/lfw-funneled/Jose_Maria_Aznar/Jose_Maria_Aznar_0001.jpg,/home/anitadonato/tcc/tcc/data/lfw/lfw-funneled/Robert_De_Niro/Robert_De_Niro_0001.jpg,0.8858898606896659,0
/home/anitadonato/tcc/tcc/data/lfw/lfw-funneled/Anna_Kournikova/Anna_Kournikova_0005.jpg,/home/anitadonato/tcc/tcc/data/lfw/lfw-funneled/John_Negroponte/John_Negroponte_0005.jpg,0.9315811129122273,0
/home/anitadonato/tcc/tcc/data/lfw/lfw-funneled/Steve_Lavin/Steve_Lavin_0005.jpg,/home/anitadonato/tcc/tcc/data/lfw/lfw-funneled/Condoleezza_Rice/Condoleezza_Rice_0002.jpg,0.9844152679819843,0
/home/anitadonato/tcc/tcc/data/lfw/lfw-funneled/Xavier_Malisse/Xavier_Malisse_0004.jpg,/home/anitadonato/tcc/tcc/data/lfw/lfw-funneled/Nancy_Pelosi/Nancy_Pelosi_0004.jpg,0.9863032488991486,0
/home/anitadonato/tcc/tcc/data/lfw/lfw-funneled/Jacques_Chirac/Jacques_Chirac_0005.jpg,/home/anitadonato/tcc/tcc/data/lfw/lfw-funneled/Catherine_Zeta-Jones/Catherine_Zeta-Jones_0005.jpg,0.9301700736115994,0
/home/anitadonato/tcc/tcc/data/lfw/lfw-funneled/Wayne_Ferreira/Wayne_Ferreira_0001.jpg,/home/anitadonato/tcc/tcc/data/lfw/lfw-funneled/Mike_Martz/Mike_Martz_0004.jpg,0.8618539942259931,0
/home/anitadonato/tcc/tcc/data/lfw/lfw-funneled/Spencer_Abraham/Spencer_Abraham_0004.jpg,/home/anitadonato/tcc/tcc/data/lfw/lfw-funneled/Li_Peng/Li_Peng_0001.jpg,0.8624992814100862,0
/home/anitadonato/tcc/tcc/data/lfw/lfw-funneled/William_Ford_Jr/William_Ford_Jr_0002.jpg,/home/anitadonato/tcc/tcc/data/lfw/lfw-funneled/Trent_Lott/Trent_Lott_0003.jpg,0.7481608194885028,0
/home/anitadonato/tcc/tcc/data/lfw/lfw-funneled/John_Howard/John_Howard_0004.jpg,/home/anitadonato/tcc/tcc/data/lfw/lfw-funneled/David_Trimble/David_Trimble_0002.jpg,0.7359682332968487,0
/home/anitadonato/tcc/tcc/data/lfw/lfw-funneled/Tom_Daschle/Tom_Daschle_0003.jpg,/home/anitadonato/tcc/tcc/data/lfw/lfw-funneled/Sheryl_Crow/Sheryl_Crow_0004.jpg,0.8640966730521841,0
/home/anitadonato/tcc/tcc/data/lfw/lfw-funneled/Natalie_Coughlin/Natalie_Coughlin_0004.jpg,/home/anitadonato/tcc/tcc/data/lfw/lfw-funneled/Clara_Harris/Clara_Harris_0003.jpg,0.8345912437867306,0
/home/anitadonato/tcc/tcc/data/lfw/lfw-funneled/Ana_Guevara/Ana_Guevara_0001.jpg,/home/anitadonato/tcc/tcc/data/lfw/lfw-funneled/Richard_Gephardt/Richard_Gephardt_0001.jpg,0.8950831652247621,0
/home/anitadonato/tcc/tcc/data/lfw/lfw-funneled/Goldie_Hawn/Goldie_Hawn_0001.jpg,/home/anitadonato/tcc/tcc/data/lfw/lfw-funneled/David_Trimble/David_Trimble_0002.jpg,0.8523835518878924,0
/home/anitadonato/tcc/tcc/data/lfw/lfw-funneled/Robert_Zoellick/Robert_Zoellick_0005.jpg,/home/anitadonato/tcc/tcc/data/lfw/lfw-funneled/John_Allen_Muhammad/John_Allen_Muhammad_0002.jpg,0.9562571860750195,0
/home/anitadonato/tcc/tcc/data/lfw/lfw-funneled/Carmen_Electra/Carmen_Electra_0003.jpg,/home/anitadonato/tcc/tcc/data/lfw/lfw-funneled/Tommy_Franks/Tommy_Franks_0005.jpg,0.9487617645595015,0
/home/anitadonato/tcc/tcc/data/lfw/lfw-funneled/Martin_McGuinness/Martin_McGuinness_0002.jpg,/home/anitadonato/tcc/tcc/data/lfw/lfw-funneled/Habib_Rizieq/Habib_Rizieq_0004.jpg,0.71484202100634,0
/home/anitadonato/tcc/tcc/data/lfw/lfw-funneled/Cruz_Bustamante/Cruz_Bustamante_0002.jpg,/home/anitadonato/tcc/tcc/data/lfw/lfw-funneled/Boris_Becker/Boris_Becker_0004.jpg,0.9588609755929811,0
/home/anitadonato/tcc/tcc/data/lfw/lfw-funneled/Jan_Ullrich/Jan_Ullrich_0005.jpg,/home/anitadonato/tcc/tcc/data/lfw/lfw-funneled/Christine_Todd_Whitman/Christine_Todd_Whitman_0002.jpg,0.8301808780058602,0
/home/anitadonato/tcc/tcc/data/lfw/lfw-funneled/Gonzalo_Sanchez_de_Lozada/Gonzalo_Sanchez_de_Lozada_0004.jpg,/home/anitadonato/tcc/tcc/data/lfw/lfw-funneled/Paul_ONeill/Paul_ONeill_0004.jpg,0.6827674061898888,0
/home/anitadonato/tcc/tcc/data/lfw/lfw-funneled/Carlos_Moya/Carlos_Moya_0002.jpg,/home/anitadonato/tcc/tcc/data/lfw/lfw-funneled/Angelina_Jolie/Angelina_Jolie_0002.jpg,0.9621980178665535,0
/home/anitadonato/tcc/tcc/data/lfw/lfw-funneled/Victoria_Clarke/Victoria_Clarke_0001.jpg,/home/anitadonato/tcc/tcc/data/lfw/lfw-funneled/Yasser_Arafat/Yasser_Arafat_0005.jpg,0.9119507824375783,0
/home/anitadonato/tcc/tcc/data/lfw/lfw-funneled/Spencer_Abraham/Spencer_Abraham_0002.jpg,/home/anitadonato/tcc/tcc/data/lfw/lfw-funneled/Ludivine_Sagnier/Ludivine_Sagnier_0003.jpg,0.9218826149734682,0
/home/anitadonato/tcc/tcc/data/lfw/lfw-funneled/Robert_Blake/Robert_Blake_0004.jpg,/home/anitadonato/tcc/tcc/data/lfw/lfw-funneled/Pervez_Musharraf/Pervez_Musharraf_0001.jpg,0.8896597147557461,0
/home/anitadonato/tcc/tcc/data/lfw/lfw-funneled/Roger_Federer/Roger_Federer_0004.jpg,/home/anitadonato/tcc/tcc/data/lfw/lfw-funneled/Juan_Pablo_Montoya/Juan_Pablo_Montoya_0005.jpg,0.8672243853530922,0
/home/anitadonato/tcc/tcc/data/lfw/lfw-funneled/Jean-David_Levitte/Jean-David_Levitte_0005.jpg,/home/anitadonato/tcc/tcc/data/lfw/lfw-funneled/Jiri_Novak/Jiri_Novak_0004.jpg,0.8620547627971554,0
/home/anitadonato/tcc/tcc/data/lfw/lfw-funneled/JK_Rowling/JK_Rowling_0005.jpg,/home/anitadonato/tcc/tcc/data/lfw/lfw-funneled/Walter_Mondale/Walter_Mondale_0001.jpg,0.9437598475659505,0
/home/anitadonato/tcc/tcc/data/lfw/lfw-funneled/Yashwant_Sinha/Yashwant_Sinha_0004.jpg,/home/anitadonato/tcc/tcc/data/lfw/lfw-funneled/Roy_Moore/Roy_Moore_0005.jpg,0.7869113208686913,0
/home/anitadonato/tcc/tcc/data/lfw/lfw-funneled/Woody_Allen/Woody_Allen_0003.jpg,/home/anitadonato/tcc/tcc/data/lfw/lfw-funneled/Michael_Chiklis/Michael_Chiklis_0005.jpg,0.9075998970932015,0
/home/anitadonato/tcc/tcc/data/lfw/lfw-funneled/Paul_ONeill/Paul_ONeill_0002.jpg,/home/anitadonato/tcc/tcc/data/lfw/lfw-funneled/Matthew_Perry/Matthew_Perry_0003.jpg,0.8844935644859369,0
/home/anitadonato/tcc/tcc/data/lfw/lfw-funneled/Kate_Hudson/Kate_Hudson_0003.jpg,/home/anitadonato/tcc/tcc/data/lfw/lfw-funneled/Queen_Rania/Queen_Rania_0001.jpg,0.8940226942806244,0
/home/anitadonato/tcc/tcc/data/lfw/lfw-funneled/John_Paul_II/John_Paul_II_0002.jpg,/home/anitadonato/tcc/tcc/data/lfw/lfw-funneled/Nancy_Pelosi/Nancy_Pelosi_0005.jpg,0.9032989658631352,0
/home/anitadonato/tcc/tcc/data/lfw/lfw-funneled/George_Lopez/George_Lopez_0005.jpg,/home/anitadonato/tcc/tcc/data/lfw/lfw-funneled/Silvan_Shalom/Silvan_Shalom_0002.jpg,0.8299689789250796,0
/home/anitadonato/tcc/tcc/data/lfw/lfw-funneled/Kofi_Annan/Kofi_Annan_0004.jpg,/home/anitadonato/tcc/tcc/data/lfw/lfw-funneled/Arminio_Fraga/Arminio_Fraga_0002.jpg,0.9318293798904762,0
/home/anitadonato/tcc/tcc/data/lfw/lfw-funneled/Richard_Gere/Richard_Gere_0005.jpg,/home/anitadonato/tcc/tcc/data/lfw/lfw-funneled/Abdullah_Gul/Abdullah_Gul_0002.jpg,0.9575384453721167,0
/home/anitadonato/tcc/tcc/data/lfw/lfw-funneled/Steve_Lavin/Steve_Lavin_0004.jpg,/home/anitadonato/tcc/tcc/data/lfw/lfw-funneled/Fidel_Castro/Fidel_Castro_0003.jpg,0.8763715329586266,0
/home/anitadonato/tcc/tcc/data/lfw/lfw-funneled/Ai_Sugiyama/Ai_Sugiyama_0003.jpg,/home/anitadonato/tcc/tcc/data/lfw/lfw-funneled/Boris_Becker/Boris_Becker_0004.jpg,0.872970347999893,0
/home/anitadonato/tcc/tcc/data/lfw/lfw-funneled/Valery_Giscard_dEstaing/Valery_Giscard_dEstaing_0003.jpg,/home/anitadonato/tcc/tcc/data/lfw/lfw-funneled/Billy_Crystal/Billy_Crystal_0001.jpg,0.8041379258592305,0
/home/anitadonato/tcc/tcc/data/lfw/lfw-funneled/Richard_Gere/Richard_Gere_0002.jpg,/home/anitadonato/tcc/tcc/data/lfw/lfw-funneled/Hillary_Clinton/Hillary_Clinton_0004.jpg,0.9472163727796891,0
/home/anitadonato/tcc/tcc/data/lfw/lfw-funneled/Roh_Moo-hyun/Roh_Moo-hyun_0004.jpg,/home/anitadonato/tcc/tcc/data/lfw/lfw-funneled/Antonio_Banderas/Antonio_Banderas_0004.jpg,0.922915007145081,0
/home/anitadonato/tcc/tcc/data/lfw/lfw-funneled/Maria_Shriver/Maria_Shriver_0004.jpg,/home/anitadonato/tcc/tcc/data/lfw/lfw-funneled/Christine_Baumgartner/Christine_Baumgartner_0004.jpg,0.9169100628308036,0
/home/anitadonato/tcc/tcc/data/lfw/lfw-funneled/Christine_Baumgartner/Christine_Baumgartner_0001.jpg,/home/anitadonato/tcc/tcc/data/lfw/lfw-funneled/Fidel_Castro/Fidel_Castro_0005.jpg,0.9663330889238028,0
/home/anitadonato/tcc/tcc/data/lfw/lfw-funneled/Christine_Todd_Whitman/Christine_Todd_Whitman_0002.jpg,/home/anitadonato/tcc/tcc/data/lfw/lfw-funneled/Charlton_Heston/Charlton_Heston_0003.jpg,0.7242800298369424,0
/home/anitadonato/tcc/tcc/data/lfw/lfw-funneled/Thaksin_Shinawatra/Thaksin_Shinawatra_0002.jpg,/home/anitadonato/tcc/tcc/data/lfw/lfw-funneled/Sourav_Ganguly/Sourav_Ganguly_0005.jpg,0.8983054131840728,0
/home/anitadonato/tcc/tcc/data/lfw/lfw-funneled/Thabo_Mbeki/Thabo_Mbeki_0004.jpg,/home/anitadonato/tcc/tcc/data/lfw/lfw-funneled/Jennifer_Capriati/Jennifer_Capriati_0005.jpg,0.8671654963531579,0
/home/anitadonato/tcc/tcc/data/lfw/lfw-funneled/Jean_Chretien/Jean_Chretien_0004.jpg,/home/anitadonato/tcc/tcc/data/lfw/lfw-funneled/Jacques_Chirac/Jacques_Chirac_0005.jpg,0.8305535867967251,0
/home/anitadonato/tcc/tcc/data/lfw/lfw-funneled/Carlos_Menem/Carlos_Menem_0005.jpg,/home/anitadonato/tcc/tcc/data/lfw/lfw-funneled/Sharon_Stone/Sharon_Stone_0001.jpg,0.9185746801222945,0
/home/anitadonato/tcc/tcc/data/lfw/lfw-funneled/George_HW_Bush/George_HW_Bush_0005.jpg,/home/anitadonato/tcc/tcc/data/lfw/lfw-funneled/Princess_Caroline/Princess_Caroline_0003.jpg,0.9362711715691799,0
/home/anitadonato/tcc/tcc/data/lfw/lfw-funneled/Michelle_Yeoh/Michelle_Yeoh_0001.jpg,/home/anitadonato/tcc/tcc/data/lfw/lfw-funneled/Bill_McBride/Bill_McBride_0004.jpg,0.908846280275205,0
/home/anitadonato/tcc/tcc/data/lfw/lfw-funneled/Grant_Hackett/Grant_Hackett_0004.jpg,/home/anitadonato/tcc/tcc/data/lfw/lfw-funneled/Cesar_Gaviria/Cesar_Gaviria_0001.jpg,0.9154386548309514,0
/home/anitadonato/tcc/tcc/data/lfw/lfw-funneled/Natalie_Maines/Natalie_Maines_0002.jpg,/home/anitadonato/tcc/tcc/data/lfw/lfw-funneled/Paul_McCartney/Paul_McCartney_0003.jpg,0.8357396887516939,0
/home/anitadonato/tcc/tcc/data/lfw/lfw-funneled/Thaksin_Shinawatra/Thaksin_Shinawatra_0003.jpg,/home/anitadonato/tcc/tcc/data/lfw/lfw-funneled/Gonzalo_Sanchez_de_Lozada/Gonzalo_Sanchez_de_Lozada_0003.jpg,0.837366620996106,0
/home/anitadonato/tcc/tcc/data/lfw/lfw-funneled/Pedro_Malan/Pedro_Malan_0001.jpg,/home/anitadonato/tcc/tcc/data/lfw/lfw-funneled/Clara_Harris/Clara_Harris_0002.jpg,0.8817191029876289,0
/home/anitadonato/tcc/tcc/data/lfw/lfw-funneled/Liza_Minnelli/Liza_Minnelli_0005.jpg,/home/anitadonato/tcc/tcc/data/lfw/lfw-funneled/Natalie_Maines/Natalie_Maines_0003.jpg,0.8714765696202178,0
/home/anitadonato/tcc/tcc/data/lfw/lfw-funneled/John_Bolton/John_Bolton_0004.jpg,/home/anitadonato/tcc/tcc/data/lfw/lfw-funneled/JK_Rowling/JK_Rowling_0002.jpg,0.8977187452525167,0
/home/anitadonato/tcc/tcc/data/lfw/lfw-funneled/Michael_Schumacher/Michael_Schumacher_0002.jpg,/home/anitadonato/tcc/tcc/data/lfw/lfw-funneled/Ai_Sugiyama/Ai_Sugiyama_0002.jpg,0.9023616480637947,0
/home/anitadonato/tcc/tcc/data/lfw/lfw-funneled/Kevin_Costner/Kevin_Costner_0003.jpg,/home/anitadonato/tcc/tcc/data/lfw/lfw-funneled/Zhu_Rongji/Zhu_Rongji_0005.jpg,0.9325356665594061,0
/home/anitadonato/tcc/tcc/data/lfw/lfw-funneled/Victoria_Clarke/Victoria_Clarke_0005.jpg,/home/anitadonato/tcc/tcc/data/lfw/lfw-funneled/Martin_Scorsese/Martin_Scorsese_0002.jpg,0.9602396290090001,0
/home/anitadonato/tcc/tcc/data/lfw/lfw-funneled/Halle_Berry/Halle_Berry_0003.jpg,/home/anitadonato/tcc/tcc/data/lfw/lfw-funneled/Angelina_Jolie/Angelina_Jolie_0003.jpg,0.9583982877499826,0
/home/anitadonato/tcc/tcc/data/lfw/lfw-funneled/Silvio_Berlusconi/Silvio_Berlusconi_0005.jpg,/home/anitadonato/tcc/tcc/data/lfw/lfw-funneled/George_HW_Bush/George_HW_Bush_0001.jpg,0.8781861057470961,0
/home/anitadonato/tcc/tcc/data/lfw/lfw-funneled/Hillary_Clinton/Hillary_Clinton_0004.jpg,/home/anitadonato/tcc/tcc/data/lfw/lfw-funneled/Yasser_Arafat/Yasser_Arafat_0001.jpg,0.858257366540671,0
/home/anitadonato/tcc/tcc/data/lfw/lfw-funneled/Sourav_Ganguly/Sourav_Ganguly_0002.jpg,/home/anitadonato/tcc/tcc/data/lfw/lfw-funneled/Paul_McCartney/Paul_McCartney_0002.jpg,0.904348842337135,0
/home/anitadonato/tcc/tcc/data/lfw/lfw-funneled/Norm_Coleman/Norm_Coleman_0003.jpg,/home/anitadonato/tcc/tcc/data/lfw/lfw-funneled/Sergey_Lavrov/Sergey_Lavrov_0002.jpg,0.7523870305972733,0
/home/anitadonato/tcc/tcc/data/lfw/lfw-funneled/Charlton_Heston/Charlton_Heston_0004.jpg,/home/anitadonato/tcc/tcc/data/lfw/lfw-funneled/Catherine_Zeta-Jones/Catherine_Zeta-Jones_0004.jpg,0.869736491107131,0
/home/anitadonato/tcc/tcc/data/lfw/lfw-funneled/Costas_Simitis/Costas_Simitis_0003.jpg,/home/anitadonato/tcc/tcc/data/lfw/lfw-funneled/Kofi_Annan/Kofi_Annan_0004.jpg,0.8852773503356915,0
/home/anitadonato/tcc/tcc/data/lfw/lfw-funneled/Tony_Blair/Tony_Blair_0001.jpg,/home/anitadonato/tcc/tcc/data/lfw/lfw-funneled/Gonzalo_Sanchez_de_Lozada/Gonzalo_Sanchez_de_Lozada_0001.jpg,0.9634203192351198,0
/home/anitadonato/tcc/tcc/data/lfw/lfw-funneled/Hamid_Karzai/Hamid_Karzai_0003.jpg,/home/anitadonato/tcc/tcc/data/lfw/lfw-funneled/Colin_Montgomerie/Colin_Montgomerie_0003.jpg,0.8744125324202634,0
/home/anitadonato/tcc/tcc/data/lfw/lfw-funneled/Vanessa_Redgrave/Vanessa_Redgrave_0003.jpg,/home/anitadonato/tcc/tcc/data/lfw/lfw-funneled/Richard_Gere/Richard_Gere_0005.jpg,0.8933846800851957,0
/home/anitadonato/tcc/tcc/data/lfw/lfw-funneled/Richard_Myers/Richard_Myers_0001.jpg,/home/anitadonato/tcc/tcc/data/lfw/lfw-funneled/Princess_Caroline/Princess_Caroline_0004.jpg,0.929787803016552,0
/home/anitadonato/tcc/tcc/data/lfw/lfw-funneled/Abdullah_Gul/Abdullah_Gul_0003.jpg,/home/anitadonato/tcc/tcc/data/lfw/lfw-funneled/Kalpana_Chawla/Kalpana_Chawla_0001.jpg,0.7921033111233406,0
/home/anitadonato/tcc/tcc/data/lfw/lfw-funneled/John_Snow/John_Snow_0002.jpg,/home/anitadonato/tcc/tcc/data/lfw/lfw-funneled/Jan_Ullrich/Jan_Ullrich_0004.jpg,0.8730154933304626,0
/home/anitadonato/tcc/tcc/data/lfw/lfw-funneled/Mike_Myers/Mike_Myers_0003.jpg,/home/anitadonato/tcc/tcc/data/lfw/lfw-funneled/Meryl_Streep/Meryl_Streep_0003.jpg,0.9436494286597111,0
/home/anitadonato/tcc/tcc/data/lfw/lfw-funneled/Britney_Spears/Britney_Spears_0005.jpg,/home/anitadonato/tcc/tcc/data/lfw/lfw-funneled/Winona_Ryder/Winona_Ryder_0005.jpg,0.9339672983877586,0
/home/anitadonato/tcc/tcc/data/lfw/lfw-funneled/Paul_Burrell/Paul_Burrell_0004.jpg,/home/anitadonato/tcc/tcc/data/lfw/lfw-funneled/Tom_Cruise/Tom_Cruise_0003.jpg,0.9702469023706284,0
/home/anitadonato/tcc/tcc/data/lfw/lfw-funneled/Amelie_Mauresmo/Amelie_Mauresmo_0001.jpg,/home/anitadonato/tcc/tcc/data/lfw/lfw-funneled/Sylvester_Stallone/Sylvester_Stallone_0001.jpg,0.8837308299606506,0
/home/anitadonato/tcc/tcc/data/lfw/lfw-funneled/Elizabeth_Smart/Elizabeth_Smart_0004.jpg,/home/anitadonato/tcc/tcc/data/lfw/lfw-funneled/John_Manley/John_Manley_0001.jpg,0.8778346441876046,0
/home/anitadonato/tcc/tcc/data/lfw/lfw-funneled/Fujio_Cho/Fujio_Cho_0004.jpg,/home/anitadonato/tcc/tcc/data/lfw/lfw-funneled/Tommy_Franks/Tommy_Franks_0004.jpg,0.9308436820249061,0
/home/anitadonato/tcc/tcc/data/lfw/lfw-funneled/Richard_Myers/Richard_Myers_0002.jpg,/home/anitadonato/tcc/tcc/data/lfw/lfw-funneled/Martin_McGuinness/Martin_McGuinness_0002.jpg,0.8695312062265271,0
/home/anitadonato/tcc/tcc/data/lfw/lfw-funneled/Mohamed_ElBaradei/Mohamed_ElBaradei_0002.jpg,/home/anitadonato/tcc/tcc/data/lfw/lfw-funneled/John_Ashcroft/John_Ashcroft_0003.jpg,0.8956898050739855,0
/home/anitadonato/tcc/tcc/data/lfw/lfw-funneled/Amelia_Vega/Amelia_Vega_0003.jpg,/home/anitadonato/tcc/tcc/data/lfw/lfw-funneled/Paul_McCartney/Paul_McCartney_0003.jpg,0.8458934966300307,0
/home/anitadonato/tcc/tcc/data/lfw/lfw-funneled/Matthew_Perry/Matthew_Perry_0002.jpg,/home/anitadonato/tcc/tcc/data/lfw/lfw-funneled/Nancy_Pelosi/Nancy_Pelosi_0001.jpg,0.9651720560705701,0
/home/anitadonato/tcc/tcc/data/lfw/lfw-funneled/Jan_Ullrich/Jan_Ullrich_0003.jpg,/home/anitadonato/tcc/tcc/data/lfw/lfw-funneled/John_Manley/John_Manley_0002.jpg,0.8631000026630609,0
/home/anitadonato/tcc/tcc/data/lfw/lfw-funneled/Martin_McGuinness/Martin_McGuinness_0001.jpg,/home/anitadonato/tcc/tcc/data/lfw/lfw-funneled/Paul_McCartney/Paul_McCartney_0001.jpg,0.797264375769031,0
/home/anitadonato/tcc/tcc/data/lfw/lfw-funneled/Richard_Myers/Richard_Myers_0004.jpg,/home/anitadonato/tcc/tcc/data/lfw/lfw-funneled/Mike_Myers/Mike_Myers_0001.jpg,0.7914794593965089,0
/home/anitadonato/tcc/tcc/data/lfw/lfw-funneled/Paul_Burrell/Paul_Burrell_0002.jpg,/home/anitadonato/tcc/tcc/data/lfw/lfw-funneled/Paul_ONeill/Paul_ONeill_0005.jpg,0.6735092178145521,0
/home/anitadonato/tcc/tcc/data/lfw/lfw-funneled/Amelie_Mauresmo/Amelie_Mauresmo_0001.jpg,/home/anitadonato/tcc/tcc/data/lfw/lfw-funneled/Susan_Sarandon/Susan_Sarandon_0001.jpg,0.9745726169184791,0
/home/anitadonato/tcc/tcc/data/lfw/lfw-funneled/Luis_Horna/Luis_Horna_0001.jpg,/home/anitadonato/tcc/tcc/data/lfw/lfw-funneled/David_Trimble/David_Trimble_0004.jpg,0.8745771290016002,0
/home/anitadonato/tcc/tcc/data/lfw/lfw-funneled/Hosni_Mubarak/Hosni_Mubarak_0004.jpg,/home/anitadonato/tcc/tcc/data/lfw/lfw-funneled/Paul_Burrell/Paul_Burrell_0001.jpg,0.8796634008329228,0
/home/anitadonato/tcc/tcc/data/lfw/lfw-funneled/Muhammad_Saeed_al-Sahhaf/Muhammad_Saeed_al-Sahhaf_0001.jpg,/home/anitadonato/tcc/tcc/data/lfw/lfw-funneled/Arminio_Fraga/Arminio_Fraga_0001.jpg,0.7142954997874575,0
/home/anitadonato/tcc/tcc/data/lfw/lfw-funneled/Spencer_Abraham/Spencer_Abraham_0003.jpg,/home/anitadonato/tcc/tcc/data/lfw/lfw-funneled/Jiri_Novak/Jiri_Novak_0003.jpg,0.7315333086138398,0
/home/anitadonato/tcc/tcc/data/lfw/lfw-funneled/Ai_Sugiyama/Ai_Sugiyama_0002.jpg,/home/anitadonato/tcc/tcc/data/lfw/lfw-funneled/Jean-Pierre_Raffarin/Jean-Pierre_Raffarin_0002.jpg,0.9544572823286648,0
/home/anitadonato/tcc/tcc/data/lfw/lfw-funneled/Ana_Guevara/Ana_Guevara_0005.jpg,/home/anitadonato/tcc/tcc/data/lfw/lfw-funneled/John_Travolta/John_Travolta_0001.jpg,0.9064537388901985,0
/home/anitadonato/tcc/tcc/data/lfw/lfw-funneled/JK_Rowling/JK_Rowling_0002.jpg,/home/anitadonato/tcc/tcc/data/lfw/lfw-funneled/Mohamed_ElBaradei/Mohamed_ElBaradei_0004.jpg,0.9782563215840998,0
/home/anitadonato/tcc/tcc/data/lfw/lfw-funneled/Yashwant_Sinha/Yashwant_Sinha_0002.jpg,/home/anitadonato/tcc/tcc/data/lfw/lfw-funneled/Andre_Agassi/Andre_Agassi_0002.jpg,0.921712441205222,0
/home/anitadonato/tcc/tcc/data/lfw/lfw-funneled/Fernando_Gonzalez/Fernando_Gonzalez_0004.jpg,/home/anitadonato/tcc/tcc/data/lfw/lfw-funneled/Michael_Schumacher/Michael_Schumacher_0002.jpg,0.8982925911602322,0
/home/anitadonato/tcc/tcc/data/lfw/lfw-funneled/Pedro_Malan/Pedro_Malan_0002.jpg,/home/anitadonato/tcc/tcc/data/lfw/lfw-funneled/Elizabeth_Smart/Elizabeth_Smart_0001.jpg,0.868470748688026,0
/home/anitadonato/tcc/tcc/data/lfw/lfw-funneled/Adrien_Brody/Adrien_Brody_0004.jpg,/home/anitadonato/tcc/tcc/data/lfw/lfw-funneled/Trent_Lott/Trent_Lott_0003.jpg,0.93818051890784,0
/home/anitadonato/tcc/tcc/data/lfw/lfw-funneled/Martin_McGuinness/Martin_McGuinness_0002.jpg,/home/anitadonato/tcc/tcc/data/lfw/lfw-funneled/Jiri_Novak/Jiri_Novak_0002.jpg,0.8361267272350549,0
/home/anitadonato/tcc/tcc/data/lfw/lfw-funneled/Sourav_Ganguly/Sourav_Ganguly_0001.jpg,/home/anitadonato/tcc/tcc/data/lfw/lfw-funneled/Alejandro_Toledo/Alejandro_Toledo_0002.jpg,0.9410896481423895,0
/home/anitadonato/tcc/tcc/data/lfw/lfw-funneled/Carmen_Electra/Carmen_Electra_0005.jpg,/home/anitadonato/tcc/tcc/data/lfw/lfw-funneled/Denzel_Washington/Denzel_Washington_0005.jpg,0.9206274816838333,0
/home/anitadonato/tcc/tcc/data/lfw/lfw-funneled/Britney_Spears/Britney_Spears_0001.jpg,/home/anitadonato/tcc/tcc/data/lfw/lfw-funneled/Michael_Powell/Michael_Powell_0003.jpg,0.9495432636584268,0
/home/anitadonato/tcc/tcc/data/lfw/lfw-funneled/Ann_Veneman/Ann_Veneman_0005.jpg,/home/anitadonato/tcc/tcc/data/lfw/lfw-funneled/Tom_Harkin/Tom_Harkin_0005.jpg,0.9445737320569536,0
/home/anitadonato/tcc/tcc/data/lfw/lfw-funneled/Joe_Lieberman/Joe_Lieberman_0004.jpg,/home/anitadonato/tcc/tcc/data/lfw/lfw-funneled/Gerhard_Schroeder/Gerhard_Schroeder_0003.jpg,0.856221612428421,0
/home/anitadonato/tcc/tcc/data/lfw/lfw-funneled/Alejandro_Toledo/Alejandro_Toledo_0002.jpg,/home/anitadonato/tcc/tcc/data/lfw/lfw-funneled/Billy_Crystal/Billy_Crystal_0004.jpg,0.8453276669478103,0
/home/anitadonato/tcc/tcc/data/lfw/lfw-funneled/Arminio_Fraga/Arminio_Fraga_0002.jpg,/home/anitadonato/tcc/tcc/data/lfw/lfw-funneled/Sharon_Stone/Sharon_Stone_0004.jpg,0.8987527931604765,0
/home/anitadonato/tcc/tcc/data/lfw/lfw-funneled/Jean-David_Levitte/Jean-David_Levitte_0001.jpg,/home/anitadonato/tcc/tcc/data/lfw/lfw-funneled/Martin_Scorsese/Martin_Scorsese_0005.jpg,0.9097641393710791,0
/home/anitadonato/tcc/tcc/data/lfw/lfw-funneled/Tiger_Woods/Tiger_Woods_0003.jpg,/home/anitadonato/tcc/tcc/data/lfw/lfw-funneled/Salma_Hayek/Salma_Hayek_0002.jpg,0.9073608425817681,0
/home/anitadonato/tcc/tcc/data/lfw/lfw-funneled/George_Lopez/George_Lopez_0004.jpg,/home/anitadonato/tcc/tcc/data/lfw/lfw-funneled/Zhu_Rongji/Zhu_Rongji_0003.jpg,0.898970503636878,0
/home/anitadonato/tcc/tcc/data/lfw/lfw-funneled/Grant_Hackett/Grant_Hackett_0002.jpg,/home/anitadonato/tcc/tcc/data/lfw/lfw-funneled/Amelie_Mauresmo/Amelie_Mauresmo_0004.jpg,0.6731296435570069,0
/home/anitadonato/tcc/tcc/data/lfw/lfw-funneled/Jacques_Chirac/Jacques_Chirac_0001.jpg,/home/anitadonato/tcc/tcc/data/lfw/lfw-funneled/Bob_Hope/Bob_Hope_0005.jpg,0.6595696108794356,0
/home/anitadonato/tcc/tcc/data/lfw/lfw-funneled/Ana_Guevara/Ana_Guevara_0003.jpg,/home/anitadonato/tcc/tcc/data/lfw/lfw-funneled/Tiger_Woods/Tiger_Woods_0002.jpg,0.9505531246339985,0
/home/anitadonato/tcc/tcc/data/lfw/lfw-funneled/Rudolph_Giuliani/Rudolph_Giuliani_0004.jpg,/home/anitadonato/tcc/tcc/data/lfw/lfw-funneled/Kevin_Costner/Kevin_Costner_0005.jpg,0.7072112118901681,0
/home/anitadonato/tcc/tcc/data/lfw/lfw-funneled/Thabo_Mbeki/Thabo_Mbeki_0005.jpg,/home/anitadonato/tcc/tcc/data/lfw/lfw-funneled/John_Manley/John_Manley_0004.jpg,0.7460518698588678,0
/home/anitadonato/tcc/tcc/data/lfw/lfw-funneled/Rainer_Schuettler/Rainer_Schuettler_0004.jpg,/home/anitadonato/tcc/tcc/data/lfw/lfw-funneled/Angela_Merkel/Angela_Merkel_0001.jpg,0.9150040203086408,0
/home/anitadonato/tcc/tcc/data/lfw/lfw-funneled/Jean-David_Levitte/Jean-David_Levitte_0005.jpg,/home/anitadonato/tcc/tcc/data/lfw/lfw-funneled/Ludivine_Sagnier/Ludivine_Sagnier_0005.jpg,0.9217588785287009,0
/home/anitadonato/tcc/tcc/data/lfw/lfw-funneled/Jennifer_Lopez/Jennifer_Lopez_0001.jpg,/home/anitadonato/tcc/tcc/data/lfw/lfw-funneled/Victoria_Clarke/Victoria_Clarke_0003.jpg,0.9267158776289538,0
/home/anitadonato/tcc/tcc/data/lfw/lfw-funneled/George_Robertson/George_Robertson_0002.jpg,/home/anitadonato/tcc/tcc/data/lfw/lfw-funneled/Carlos_Menem/Carlos_Menem_0002.jpg,0.8821269355167961,0
/home/anitadonato/tcc/tcc/data/lfw/lfw-funneled/Ludivine_Sagnier/Ludivine_Sagnier_0004.jpg,/home/anitadonato/tcc/tcc/data/lfw/lfw-funneled/Robert_Blake/Robert_Blake_0005.jpg,0.8845130428269806,0
/home/anitadonato/tcc/tcc/data/lfw/lfw-funneled/Abdullah_Gul/Abdullah_Gul_0001.jpg,/home/anitadonato/tcc/tcc/data/lfw/lfw-funneled/Sylvester_Stallone/Sylvester_Stallone_0003.jpg,0.8098387565607625,0
/home/anitadonato/tcc/tcc/data/lfw/lfw-funneled/Luis_Horna/Luis_Horna_0002.jpg,/home/anitadonato/tcc/tcc/data/lfw/lfw-funneled/Lindsay_Davenport/Lindsay_Davenport_0001.jpg,0.8955004491880858,0
/home/anitadonato/tcc/tcc/data/lfw/lfw-funneled/John_Allen_Muhammad/John_Allen_Muhammad_0004.jpg,/home/anitadonato/tcc/tcc/data/lfw/lfw-funneled/Pedro_Malan/Pedro_Malan_0001.jpg,0.7754336333347737,0
/home/anitadonato/tcc/tcc/data/lfw/lfw-funneled/Vanessa_Redgrave/Vanessa_Redgrave_0005.jpg,/home/anitadonato/tcc/tcc/data/lfw/lfw-funneled/JK_Rowling/JK_Rowling_0001.jpg,0.8998992026589647,0
/home/anitadonato/tcc/tcc/data/lfw/lfw-funneled/John_Howard/John_Howard_0002.jpg,/home/anitadonato/tcc/tcc/data/lfw/lfw-funneled/Kalpana_Chawla/Kalpana_Chawla_0001.jpg,0.9495453796439669,0
/home/anitadonato/tcc/tcc/data/lfw/lfw-funneled/Tiger_Woods/Tiger_Woods_0002.jpg,/home/anitadonato/tcc/tcc/data/lfw/lfw-funneled/John_Bolton/John_Bolton_0001.jpg,0.9250020783469965,0
/home/anitadonato/tcc/tcc/data/lfw/lfw-funneled/Colin_Powell/Colin_Powell_0003.jpg,/home/anitadonato/tcc/tcc/data/lfw/lfw-funneled/Mark_Hurlbert/Mark_Hurlbert_0005.jpg,0.9629747825938565,0
/home/anitadonato/tcc/tcc/data/lfw/lfw-funneled/Tom_Harkin/Tom_Harkin_0003.jpg,/home/anitadonato/tcc/tcc/data/lfw/lfw-funneled/Andre_Agassi/Andre_Agassi_0002.jpg,0.9181341908498991,0
/home/anitadonato/tcc/tcc/data/lfw/lfw-funneled/Nancy_Pelosi/Nancy_Pelosi_0003.jpg,/home/anitadonato/tcc/tcc/data/lfw/lfw-funneled/LeBron_James/LeBron_James_0001.jpg,0.9243398488294462,0
/home/anitadonato/tcc/tcc/data/lfw/lfw-funneled/Jacques_Chirac/Jacques_Chirac_0003.jpg,/home/anitadonato/tcc/tcc/data/lfw/lfw-funneled/Christine_Todd_Whitman/Christine_Todd_Whitman_0004.jpg,0.9009438183929002,0
/home/anitadonato/tcc/tcc/data/lfw/lfw-funneled/Hugh_Grant/Hugh_Grant_0001.jpg,/home/anitadonato/tcc/tcc/data/lfw/lfw-funneled/Atal_Bihari_Vajpayee/Atal_Bihari_Vajpayee_0003.jpg,0.9639543518380647,0
/home/anitadonato/tcc/tcc/data/lfw/lfw-funneled/Gloria_Macapagal_Arroyo/Gloria_Macapagal_Arroyo_0001.jpg,/home/anitadonato/tcc/tcc/data/lfw/lfw-funneled/Kofi_Annan/Kofi_Annan_0004.jpg,0.9177866796173342,0
/home/anitadonato/tcc/tcc/data/lfw/lfw-funneled/Vanessa_Redgrave/Vanessa_Redgrave_0003.jpg,/home/anitadonato/tcc/tcc/data/lfw/lfw-funneled/Carlos_Menem/Carlos_Menem_0001.jpg,0.9058994346682757,0
/home/anitadonato/tcc/tcc/data/lfw/lfw-funneled/Mark_Hurlbert/Mark_Hurlbert_0002.jpg,/home/anitadonato/tcc/tcc/data/lfw/lfw-funneled/Zhu_Rongji/Zhu_Rongji_0003.jpg,0.9580869932068737,0
/home/anitadonato/tcc/tcc/data/lfw/lfw-funneled/Tommy_Franks/Tommy_Franks_0001.jpg,/home/anitadonato/tcc/tcc/data/lfw/lfw-funneled/Benjamin_Netanyahu/Benjamin_Netanyahu_0005.jpg,0.9761591049991593,0
/home/anitadonato/tcc/tcc/data/lfw/lfw-funneled/Michael_Chiklis/Michael_Chiklis_0001.jpg,/home/anitadonato/tcc/tcc/data/lfw/lfw-funneled/Rob_Marshall/Rob_Marshall_0002.jpg,0.8759862617045625,0
/home/anitadonato/tcc/tcc/data/lfw/lfw-funneled/Robert_Zoellick/Robert_Zoellick_0001.jpg,/home/anitadonato/tcc/tcc/data/lfw/lfw-funneled/Carlos_Menem/Carlos_Menem_0001.jpg,0.9105590300775136,0
/home/anitadonato/tcc/tcc/data/lfw/lfw-funneled/Tiger_Woods/Tiger_Woods_0001.jpg,/home/anitadonato/tcc/tcc/data/lfw/lfw-funneled/John_Allen_Muhammad/John_Allen_Muhammad_0004.jpg,0.8605718669451392,0
/home/anitadonato/tcc/tcc/data/lfw/lfw-funneled/Hans_Blix/Hans_Blix_0002.jpg,/home/anitadonato/tcc/tcc/data/lfw/lfw-funneled/Arminio_Fraga/Arminio_Fraga_0002.jpg,0.7521166564044958,0
/home/anitadonato/tcc/tcc/data/lfw/lfw-funneled/Bulent_Ecevit/Bulent_Ecevit_0004.jpg,/home/anitadonato/tcc/tcc/data/lfw/lfw-funneled/Carmen_Electra/Carmen_Electra_0002.jpg,0.9119538683874018,0
/home/anitadonato/tcc/tcc/data/lfw/lfw-funneled/Halle_Berry/Halle_Berry_0004.jpg,/home/anitadonato/tcc/tcc/data/lfw/lfw-funneled/Norm_Coleman/Norm_Coleman_0003.jpg,0.8541623044067526,0
/home/anitadonato/tcc/tcc/data/lfw/lfw-funneled/Hugh_Grant/Hugh_Grant_0005.jpg,/home/anitadonato/tcc/tcc/data/lfw/lfw-funneled/Frank_Solich/Frank_Solich_0003.jpg,0.8223473947298874,0
/home/anitadonato/tcc/tcc/data/lfw/lfw-funneled/Kate_Hudson/Kate_Hudson_0001.jpg,/home/anitadonato/tcc/tcc/data/lfw/lfw-funneled/Bob_Graham/Bob_Graham_0002.jpg,0.8762669014646876,0
/home/anitadonato/tcc/tcc/data/lfw/lfw-funneled/Bill_Gates/Bill_Gates_0001.jpg,/home/anitadonato/tcc/tcc/data/lfw/lfw-funneled/Tom_Harkin/Tom_Harkin_0004.jpg,0.8009859062437644,0
/home/anitadonato/tcc/tcc/data/lfw/lfw-funneled/Ana_Guevara/Ana_Guevara_0003.jpg,/home/anitadonato/tcc/tcc/data/lfw/lfw-funneled/Paradorn_Srichaphan/Paradorn_Srichaphan_0003.jpg,0.9374873334564278,0
/home/anitadonato/tcc/tcc/data/lfw/lfw-funneled/Robert_Blake/Robert_Blake_0005.jpg,/home/anitadonato/tcc/tcc/data/lfw/lfw-funneled/Pedro_Malan/Pedro_Malan_0004.jpg,0.8606288507921039,0
/home/anitadonato/tcc/tcc/data/lfw/lfw-funneled/Alvaro_Uribe/Alvaro_Uribe_0002.jpg,/home/anitadonato/tcc/tcc/data/lfw/lfw-funneled/Zinedine_Zidane/Zinedine_Zidane_0003.jpg,0.9079781298118874,0
/home/anitadonato/tcc/tcc/data/lfw/lfw-funneled/Tom_Cruise/Tom_Cruise_0005.jpg,/home/anitadonato/tcc/tcc/data/lfw/lfw-funneled/John_Ashcroft/John_Ashcroft_0002.jpg,0.9767881002615576,0
/home/anitadonato/tcc/tcc/data/lfw/lfw-funneled/Habib_Rizieq/Habib_Rizieq_0005.jpg,/home/anitadonato/tcc/tcc/data/lfw/lfw-funneled/Zinedine_Zidane/Zinedine_Zidane_0004.jpg,0.9467621481561183,0
/home/anitadonato/tcc/tcc/data/lfw/lfw-funneled/Jacques_Chirac/Jacques_Chirac_0002.jpg,/home/anitadonato/tcc/tcc/data/lfw/lfw-funneled/Princess_Caroline/Princess_Caroline_0005.jpg,0.9484920709704139,0
/home/anitadonato/tcc/tcc/data/lfw/lfw-funneled/Charlton_Heston/Charlton_Heston_0002.jpg,/home/anitadonato/tcc/tcc/data/lfw/lfw-funneled/John_Allen_Muhammad/John_Allen_Muhammad_0001.jpg,0.8363746901993321,0
/home/anitadonato/tcc/tcc/data/lfw/lfw-funneled/Ben_Affleck/Ben_Affleck_0002.jpg,/home/anitadonato/tcc/tcc/data/lfw/lfw-funneled/Geoff_Hoon/Geoff_Hoon_0005.jpg,0.8063894683133919,0
/home/anitadonato/tcc/tcc/data/lfw/lfw-funneled/Mike_Martz/Mike_Martz_0001.jpg,/home/anitadonato/tcc/tcc/data/lfw/lfw-funneled/Abdullah_Gul/Abdullah_Gul_0003.jpg,0.8573932115523576,0
/home/anitadonato/tcc/tcc/data/lfw/lfw-funneled/Richard_Myers/Richard_Myers_0004.jpg,/home/anitadonato/tcc/tcc/data/lfw/lfw-funneled/Charlton_Heston/Charlton_Heston_0003.jpg,0.7773341114969426,0
/home/anitadonato/tcc/tcc/data/lfw/lfw-funneled/Spencer_Abraham/Spencer_Abraham_0005.jpg,/home/anitadonato/tcc/tcc/data/lfw/lfw-funneled/Ann_Veneman/Ann_Veneman_0002.jpg,0.9443676097067687,0
/home/anitadonato/tcc/tcc/data/lfw/lfw-funneled/Silvan_Shalom/Silvan_Shalom_0001.jpg,/home/anitadonato/tcc/tcc/data/lfw/lfw-funneled/Christine_Baumgartner/Christine_Baumgartner_0002.jpg,0.822123063607665,0
/home/anitadonato/tcc/tcc/data/lfw/lfw-funneled/Gloria_Macapagal_Arroyo/Gloria_Macapagal_Arroyo_0001.jpg,/home/anitadonato/tcc/tcc/data/lfw/lfw-funneled/Victoria_Clarke/Victoria_Clarke_0001.jpg,0.9355992979233013,0
/home/anitadonato/tcc/tcc/data/lfw/lfw-funneled/Ian_Thorpe/Ian_Thorpe_0004.jpg,/home/anitadonato/tcc/tcc/data/lfw/lfw-funneled/Tom_Daschle/Tom_Daschle_0003.jpg,0.8906538461574909,0
/home/anitadonato/tcc/tcc/data/lfw/lfw-funneled/Mike_Weir/Mike_Weir_0001.jpg,/home/anitadonato/tcc/tcc/data/lfw/lfw-funneled/Gerhard_Schroeder/Gerhard_Schroeder_0005.jpg,0.901977005809125,0
/home/anitadonato/tcc/tcc/data/lfw/lfw-funneled/Natalie_Coughlin/Natalie_Coughlin_0002.jpg,/home/anitadonato/tcc/tcc/data/lfw/lfw-funneled/Antonio_Banderas/Antonio_Banderas_0004.jpg,0.9401956930563202,0
/home/anitadonato/tcc/tcc/data/lfw/lfw-funneled/Frank_Solich/Frank_Solich_0005.jpg,/home/anitadonato/tcc/tcc/data/lfw/lfw-funneled/Paul_ONeill/Paul_ONeill_0001.jpg,0.6986843184574973,0
/home/anitadonato/tcc/tcc/data/lfw/lfw-funneled/Lindsay_Davenport/Lindsay_Davenport_0002.jpg,/home/anitadonato/tcc/tcc/data/lfw/lfw-funneled/Tung_Chee-hwa/Tung_Chee-hwa_0002.jpg,0.8742997152809913,0
/home/anitadonato/tcc/tcc/data/lfw/lfw-funneled/Tom_Crean/Tom_Crean_0003.jpg,/home/anitadonato/tcc/tcc/data/lfw/lfw-funneled/Anna_Kournikova/Anna_Kournikova_0004.jpg,0.8127758120022588,0
/home/anitadonato/tcc/tcc/data/lfw/lfw-funneled/Angela_Merkel/Angela_Merkel_0003.jpg,/home/anitadonato/tcc/tcc/data/lfw/lfw-funneled/Natalie_Maines/Natalie_Maines_0003.jpg,0.7730785312518348,0
/home/anitadonato/tcc/tcc/data/lfw/lfw-funneled/Gonzalo_Sanchez_de_Lozada/Gonzalo_Sanchez_de_Lozada_0002.jpg,/home/anitadonato/tcc/tcc/data/lfw/lfw-funneled/Hugh_Grant/Hugh_Grant_0001.jpg,0.957645734000728,0
/home/anitadonato/tcc/tcc/data/lfw/lfw-funneled/Hal_Gehman/Hal_Gehman_0005.jpg,/home/anitadonato/tcc/tcc/data/lfw/lfw-funneled/Hillary_Clinton/Hillary_Clinton_0001.jpg,0.7996468221652323,0
/home/anitadonato/tcc/tcc/data/lfw/lfw-funneled/Jennifer_Lopez/Jennifer_Lopez_0002.jpg,/home/anitadonato/tcc/tcc/data/lfw/lfw-funneled/Robert_De_Niro/Robert_De_Niro_0004.jpg,0.8952393998948429,0
/home/anitadonato/tcc/tcc/data/lfw/lfw-funneled/Paradorn_Srichaphan/Paradorn_Srichaphan_0004.jpg,/home/anitadonato/tcc/tcc/data/lfw/lfw-funneled/Jiri_Novak/Jiri_Novak_0001.jpg,0.9241536647905426,0
/home/anitadonato/tcc/tcc/data/lfw/lfw-funneled/Ludivine_Sagnier/Ludivine_Sagnier_0002.jpg,/home/anitadonato/tcc/tcc/data/lfw/lfw-funneled/Lleyton_Hewitt/Lleyton_Hewitt_0004.jpg,0.9082831023980766,0
/home/anitadonato/tcc/tcc/data/lfw/lfw-funneled/David_Anderson/David_Anderson_0003.jpg,/home/anitadonato/tcc/tcc/data/lfw/lfw-funneled/Habib_Rizieq/Habib_Rizieq_0001.jpg,0.9521571686684871,0
/home/anitadonato/tcc/tcc/data/lfw/lfw-funneled/Amelia_Vega/Amelia_Vega_0003.jpg,/home/anitadonato/tcc/tcc/data/lfw/lfw-funneled/Tommy_Franks/Tommy_Franks_0005.jpg,0.9025098141304656,0
/home/anitadonato/tcc/tcc/data/lfw/lfw-funneled/Rudolph_Giuliani/Rudolph_Giuliani_0003.jpg,/home/anitadonato/tcc/tcc/data/lfw/lfw-funneled/Cesar_Gaviria/Cesar_Gaviria_0002.jpg,0.8805515224882627,0
/home/anitadonato/tcc/tcc/data/lfw/lfw-funneled/Amelia_Vega/Amelia_Vega_0002.jpg,/home/anitadonato/tcc/tcc/data/lfw/lfw-funneled/Gloria_Macapagal_Arroyo/Gloria_Macapagal_Arroyo_0003.jpg,0.6885379301785282,0
/home/anitadonato/tcc/tcc/data/lfw/lfw-funneled/Jan_Ullrich/Jan_Ullrich_0001.jpg,/home/anitadonato/tcc/tcc/data/lfw/lfw-funneled/Colin_Montgomerie/Colin_Montgomerie_0003.jpg,0.8212298374952085,0
/home/anitadonato/tcc/tcc/data/lfw/lfw-funneled/Anna_Kournikova/Anna_Kournikova_0001.jpg,/home/anitadonato/tcc/tcc/data/lfw/lfw-funneled/Woody_Allen/Woody_Allen_0004.jpg,0.8665896162249656,0
/home/anitadonato/tcc/tcc/data/lfw/lfw-funneled/Gonzalo_Sanchez_de_Lozada/Gonzalo_Sanchez_de_Lozada_0005.jpg,/home/anitadonato/tcc/tcc/data/lfw/lfw-funneled/Steve_Lavin/Steve_Lavin_0002.jpg,0.7594592474763513,0
/home/anitadonato/tcc/tcc/data/lfw/lfw-funneled/Natalie_Coughlin/Natalie_Coughlin_0001.jpg,/home/anitadonato/tcc/tcc/data/lfw/lfw-funneled/Habib_Rizieq/Habib_Rizieq_0002.jpg,0.8403818743636656,0
/home/anitadonato/tcc/tcc/data/lfw/lfw-funneled/Fujio_Cho/Fujio_Cho_0001.jpg,/home/anitadonato/tcc/tcc/data/lfw/lfw-funneled/Tiger_Woods/Tiger_Woods_0002.jpg,0.9011456525369633,0
/home/anitadonato/tcc/tcc/data/lfw/lfw-funneled/Paul_Burrell/Paul_Burrell_0004.jpg,/home/anitadonato/tcc/tcc/data/lfw/lfw-funneled/Pervez_Musharraf/Pervez_Musharraf_0003.jpg,0.7788320665041156,0
/home/anitadonato/tcc/tcc/data/lfw/lfw-funneled/Maria_Shriver/Maria_Shriver_0001.jpg,/home/anitadonato/tcc/tcc/data/lfw/lfw-funneled/Cruz_Bustamante/Cruz_Bustamante_0005.jpg,0.7906616078177127,0
/home/anitadonato/tcc/tcc/data/lfw/lfw-funneled/Adrien_Brody/Adrien_Brody_0001.jpg,/home/anitadonato/tcc/tcc/data/lfw/lfw-funneled/Anna_Kournikova/Anna_Kournikova_0001.jpg,0.9558868850181258,0
/home/anitadonato/tcc/tcc/data/lfw/lfw-funneled/Ana_Palacio/Ana_Palacio_0004.jpg,/home/anitadonato/tcc/tcc/data/lfw/lfw-funneled/Pervez_Musharraf/Pervez_Musharraf_0002.jpg,0.9643837012187026,0
/home/anitadonato/tcc/tcc/data/lfw/lfw-funneled/Amelia_Vega/Amelia_Vega_0001.jpg,/home/anitadonato/tcc/tcc/data/lfw/lfw-funneled/Bernard_Law/Bernard_Law_0001.jpg,0.9621439435287854,0
/home/anitadonato/tcc/tcc/data/lfw/lfw-funneled/Habib_Rizieq/Habib_Rizieq_0002.jpg,/home/anitadonato/tcc/tcc/data/lfw/lfw-funneled/Mohammed_Al-Douri/Mohammed_Al-Douri_0005.jpg,0.9240490618843707,0
/home/anitadonato/tcc/tcc/data/lfw/lfw-funneled/Jose_Maria_Aznar/Jose_Maria_Aznar_0004.jpg,/home/anitadonato/tcc/tcc/data/lfw/lfw-funneled/Rob_Marshall/Rob_Marshall_0004.jpg,0.7123783346132844,0
/home/anitadonato/tcc/tcc/data/lfw/lfw-funneled/Christine_Todd_Whitman/Christine_Todd_Whitman_0004.jpg,/home/anitadonato/tcc/tcc/data/lfw/lfw-funneled/Jean-Pierre_Raffarin/Jean-Pierre_Raffarin_0002.jpg,0.9210394447204396,0
/home/anitadonato/tcc/tcc/data/lfw/lfw-funneled/Roy_Moore/Roy_Moore_0002.jpg,/home/anitadonato/tcc/tcc/data/lfw/lfw-funneled/Mike_Myers/Mike_Myers_0003.jpg,0.8999843831847868,0
/home/anitadonato/tcc/tcc/data/lfw/lfw-funneled/Victoria_Clarke/Victoria_Clarke_0002.jpg,/home/anitadonato/tcc/tcc/data/lfw/lfw-funneled/Xavier_Malisse/Xavier_Malisse_0001.jpg,0.8748398912887823,0
/home/anitadonato/tcc/tcc/data/lfw/lfw-funneled/Michael_Schumacher/Michael_Schumacher_0005.jpg,/home/anitadonato/tcc/tcc/data/lfw/lfw-funneled/Valery_Giscard_dEstaing/Valery_Giscard_dEstaing_0002.jpg,0.7841107081556651,0
/home/anitadonato/tcc/tcc/data/lfw/lfw-funneled/Alejandro_Toledo/Alejandro_Toledo_0004.jpg,/home/anitadonato/tcc/tcc/data/lfw/lfw-funneled/Li_Peng/Li_Peng_0004.jpg,0.8907723147590672,0
/home/anitadonato/tcc/tcc/data/lfw/lfw-funneled/Al_Sharpton/Al_Sharpton_0001.jpg,/home/anitadonato/tcc/tcc/data/lfw/lfw-funneled/Joseph_Biden/Joseph_Biden_0001.jpg,0.8031735177637443,0
/home/anitadonato/tcc/tcc/data/lfw/lfw-funneled/Victoria_Clarke/Victoria_Clarke_0002.jpg,/home/anitadonato/tcc/tcc/data/lfw/lfw-funneled/Arminio_Fraga/Arminio_Fraga_0004.jpg,0.960300108562995,0
/home/anitadonato/tcc/tcc/data/lfw/lfw-funneled/Hal_Gehman/Hal_Gehman_0005.jpg,/home/anitadonato/tcc/tcc/data/lfw/lfw-funneled/Maria_Soledad_Alvear_Valenzuela/Maria_Soledad_Alvear_Valenzuela_0002.jpg,0.9560130349070369,0
/home/anitadonato/tcc/tcc/data/lfw/lfw-funneled/Cruz_Bustamante/Cruz_Bustamante_0001.jpg,/home/anitadonato/tcc/tcc/data/lfw/lfw-funneled/Grant_Hackett/Grant_Hackett_0004.jpg,0.9194439248671087,0
/home/anitadonato/tcc/tcc/data/lfw/lfw-funneled/Gloria_Macapagal_Arroyo/Gloria_Macapagal_Arroyo_0004.jpg,/home/anitadonato/tcc/tcc/data/lfw/lfw-funneled/Lleyton_Hewitt/Lleyton_Hewitt_0005.jpg,0.9789641914028977,0
/home/anitadonato/tcc/tcc/data/lfw/lfw-funneled/Richard_Gere/Richard_Gere_0005.jpg,/home/anitadonato/tcc/tcc/data/lfw/lfw-funneled/Mike_Martz/Mike_Martz_0005.jpg,0.8668859776809645,0
/home/anitadonato/tcc/tcc/data/lfw/lfw-funneled/Halle_Berry/Halle_Berry_0003.jpg,/home/anitadonato/tcc/tcc/data/lfw/lfw-funneled/George_Lopez/George_Lopez_0002.jpg,0.8648403036775574,0
/home/anitadonato/tcc/tcc/data/lfw/lfw-funneled/Geoff_Hoon/Geoff_Hoon_0005.jpg,/home/anitadonato/tcc/tcc/data/lfw/lfw-funneled/Erika_Harold/Erika_Harold_0002.jpg,0.9064988096244218,0
/home/anitadonato/tcc/tcc/data/lfw/lfw-funneled/Christine_Todd_Whitman/Christine_Todd_Whitman_0003.jpg,/home/anitadonato/tcc/tcc/data/lfw/lfw-funneled/Michael_Powell/Michael_Powell_0001.jpg,0.9550968053191066,0
/home/anitadonato/tcc/tcc/data/lfw/lfw-funneled/Kim_Dae-jung/Kim_Dae-jung_0003.jpg,/home/anitadonato/tcc/tcc/data/lfw/lfw-funneled/John_Travolta/John_Travolta_0005.jpg,0.7608595715074529,0
/home/anitadonato/tcc/tcc/data/lfw/lfw-funneled/Ian_Thorpe/Ian_Thorpe_0001.jpg,/home/anitadonato/tcc/tcc/data/lfw/lfw-funneled/Tommy_Franks/Tommy_Franks_0002.jpg,0.9146173444115134,0
/home/anitadonato/tcc/tcc/data/lfw/lfw-funneled/Kurt_Warner/Kurt_Warner_0003.jpg,/home/anitadonato/tcc/tcc/data/lfw/lfw-funneled/Queen_Rania/Queen_Rania_0005.jpg,0.9064756708848309,0
/home/anitadonato/tcc/tcc/data/lfw/lfw-funneled/Natalie_Maines/Natalie_Maines_0002.jpg,/home/anitadonato/tcc/tcc/data/lfw/lfw-funneled/Paul_Martin/Paul_Martin_0005.jpg,0.869562490617658,0
/home/anitadonato/tcc/tcc/data/lfw/lfw-funneled/George_Lopez/George_Lopez_0002.jpg,/home/anitadonato/tcc/tcc/data/lfw/lfw-funneled/Roy_Moore/Roy_Moore_0002.jpg,0.845817844566863,0
/home/anitadonato/tcc/tcc/data/lfw/lfw-funneled/Renee_Zellweger/Renee_Zellweger_0003.jpg,/home/anitadonato/tcc/tcc/data/lfw/lfw-funneled/Paul_ONeill/Paul_ONeill_0003.jpg,0.9259736739261579,0
/home/anitadonato/tcc/tcc/data/lfw/lfw-funneled/Paul_ONeill/Paul_ONeill_0003.jpg,/home/anitadonato/tcc/tcc/data/lfw/lfw-funneled/Christine_Todd_Whitman/Christine_Todd_Whitman_0005.jpg,0.8879954537268974,0
/home/anitadonato/tcc/tcc/data/lfw/lfw-funneled/Tom_Cruise/Tom_Cruise_0005.jpg,/home/anitadonato/tcc/tcc/data/lfw/lfw-funneled/Costas_Simitis/Costas_Simitis_0002.jpg,0.9769587601887949,0
/home/anitadonato/tcc/tcc/data/lfw/lfw-funneled/Meryl_Streep/Meryl_Streep_0003.jpg,/home/anitadonato/tcc/tcc/data/lfw/lfw-funneled/Michelle_Yeoh/Michelle_Yeoh_0002.jpg,0.7834105195467338,0
/home/anitadonato/tcc/tcc/data/lfw/lfw-funneled/Christine_Baumgartner/Christine_Baumgartner_0001.jpg,/home/anitadonato/tcc/tcc/data/lfw/lfw-funneled/Bulent_Ecevit/Bulent_Ecevit_0001.jpg,0.9482442810239436,0
/home/anitadonato/tcc/tcc/data/lfw/lfw-funneled/Ian_Thorpe/Ian_Thorpe_0002.jpg,/home/anitadonato/tcc/tcc/data/lfw/lfw-funneled/Megawati_Sukarnoputri/Megawati_Sukarnoputri_0001.jpg,0.8726831200562706,0
/home/anitadonato/tcc/tcc/data/lfw/lfw-funneled/Atal_Bihari_Vajpayee/Atal_Bihari_Vajpayee_0001.jpg,/home/anitadonato/tcc/tcc/data/lfw/lfw-funneled/Joseph_Biden/Joseph_Biden_0003.jpg,0.8178462725069071,0
/home/anitadonato/tcc/tcc/data/lfw/lfw-funneled/Michael_Schumacher/Michael_Schumacher_0002.jpg,/home/anitadonato/tcc/tcc/data/lfw/lfw-funneled/Hal_Gehman/Hal_Gehman_0003.jpg,0.9224429658952292,0
/home/anitadonato/tcc/tcc/data/lfw/lfw-funneled/Julie_Gerberding/Julie_Gerberding_0003.jpg,/home/anitadonato/tcc/tcc/data/lfw/lfw-funneled/Vladimir_Putin/Vladimir_Putin_0001.jpg,0.9760995551242944,0
/home/anitadonato/tcc/tcc/data/lfw/lfw-funneled/Goldie_Hawn/Goldie_Hawn_0005.jpg,/home/anitadonato/tcc/tcc/data/lfw/lfw-funneled/Sergey_Lavrov/Sergey_Lavrov_0002.jpg,0.9428784220546429,0
/home/anitadonato/tcc/tcc/data/lfw/lfw-funneled/Princess_Caroline/Princess_Caroline_0005.jpg,/home/anitadonato/tcc/tcc/data/lfw/lfw-funneled/Sharon_Stone/Sharon_Stone_0003.jpg,0.7582347803502174,0
/home/anitadonato/tcc/tcc/data/lfw/lfw-funneled/Bob_Hope/Bob_Hope_0004.jpg,/home/anitadonato/tcc/tcc/data/lfw/lfw-funneled/Nancy_Pelosi/Nancy_Pelosi_0005.jpg,0.9494704600889496,0
/home/anitadonato/tcc/tcc/data/lfw/lfw-funneled/Elizabeth_Smart/Elizabeth_Smart_0003.jpg,/home/anitadonato/tcc/tcc/data/lfw/lfw-funneled/Winona_Ryder/Winona_Ryder_0003.jpg,0.9210185294369814,0
/home/anitadonato/tcc/tcc/data/lfw/lfw-funneled/Hillary_Clinton/Hillary_Clinton_0004.jpg,/home/anitadonato/tcc/tcc/data/lfw/lfw-funneled/Tommy_Franks/Tommy_Franks_0004.jpg,0.8873673142845192,0
/home/anitadonato/tcc/tcc/data/lfw/lfw-funneled/Mohamed_ElBaradei/Mohamed_ElBaradei_0002.jpg,/home/anitadonato/tcc/tcc/data/lfw/lfw-funneled/Erika_Harold/Erika_Harold_0005.jpg,0.8913813076755789,0
/home/anitadonato/tcc/tcc/data/lfw/lfw-funneled/Hosni_Mubarak/Hosni_Mubarak_0003.jpg,/home/anitadonato/tcc/tcc/data/lfw/lfw-funneled/Michael_Schumacher/Michael_Schumacher_0002.jpg,0.8920486954741688,0
/home/anitadonato/tcc/tcc/data/lfw/lfw-funneled/Kalpana_Chawla/Kalpana_Chawla_0002.jpg,/home/anitadonato/tcc/tcc/data/lfw/lfw-funneled/Adrien_Brody/Adrien_Brody_0004.jpg,0.9472228728571779,0
/home/anitadonato/tcc/tcc/data/lfw/lfw-funneled/David_Anderson/David_Anderson_0003.jpg,/home/anitadonato/tcc/tcc/data/lfw/lfw-funneled/John_Stockton/John_Stockton_0002.jpg,0.8496108309661253,0
/home/anitadonato/tcc/tcc/data/lfw/lfw-funneled/Vladimir_Putin/Vladimir_Putin_0001.jpg,/home/anitadonato/tcc/tcc/data/lfw/lfw-funneled/Trent_Lott/Trent_Lott_0005.jpg,0.8955036326505481,0
/home/anitadonato/tcc/tcc/data/lfw/lfw-funneled/Walter_Mondale/Walter_Mondale_0005.jpg,/home/anitadonato/tcc/tcc/data/lfw/lfw-funneled/Jacques_Chirac/Jacques_Chirac_0001.jpg,0.8240456905640973,0
/home/anitadonato/tcc/tcc/data/lfw/lfw-funneled/John_Paul_II/John_Paul_II_0003.jpg,/home/anitadonato/tcc/tcc/data/lfw/lfw-funneled/Megawati_Sukarnoputri/Megawati_Sukarnoputri_0005.jpg,0.8934625478157695,0
/home/anitadonato/tcc/tcc/data/lfw/lfw-funneled/John_Negroponte/John_Negroponte_0005.jpg,/home/anitadonato/tcc/tcc/data/lfw/lfw-funneled/Jean-David_Levitte/Jean-David_Levitte_0001.jpg,0.9075158718319084,0
/home/anitadonato/tcc/tcc/data/lfw/lfw-funneled/Mark_Hurlbert/Mark_Hurlbert_0003.jpg,/home/anitadonato/tcc/tcc/data/lfw/lfw-funneled/Costas_Simitis/Costas_Simitis_0001.jpg,0.8390209178756938,0
/home/anitadonato/tcc/tcc/data/lfw/lfw-funneled/Renee_Zellweger/Renee_Zellweger_0003.jpg,/home/anitadonato/tcc/tcc/data/lfw/lfw-funneled/Mike_Martz/Mike_Martz_0002.jpg,0.823848823631159,0
/home/anitadonato/tcc/tcc/data/lfw/lfw-funneled/Abdullah_Gul/Abdullah_Gul_0003.jpg,/home/anitadonato/tcc/tcc/data/lfw/lfw-funneled/Pedro_Malan/Pedro_Malan_0004.jpg,0.9161179509902665,0
/home/anitadonato/tcc/tcc/data/lfw/lfw-funneled/Alvaro_Uribe/Alvaro_Uribe_0002.jpg,/home/anitadonato/tcc/tcc/data/lfw/lfw-funneled/Roger_Federer/Roger_Federer_0002.jpg,0.895747961617116,0
/home/anitadonato/tcc/tcc/data/lfw/lfw-funneled/Hosni_Mubarak/Hosni_Mubarak_0003.jpg,/home/anitadonato/tcc/tcc/data/lfw/lfw-funneled/Ana_Guevara/Ana_Guevara_0003.jpg,0.8842813515746681,0
/home/anitadonato/tcc/tcc/data/lfw/lfw-funneled/Robert_De_Niro/Robert_De_Niro_0001.jpg,/home/anitadonato/tcc/tcc/data/lfw/lfw-funneled/Andre_Agassi/Andre_Agassi_0001.jpg,0.845403076512451,0
/home/anitadonato/tcc/tcc/data/lfw/lfw-funneled/Arminio_Fraga/Arminio_Fraga_0004.jpg,/home/anitadonato/tcc/tcc/data/lfw/lfw-funneled/Clara_Harris/Clara_Harris_0002.jpg,0.9665052399363095,0
/home/anitadonato/tcc/tcc/data/lfw/lfw-funneled/Fernando_Gonzalez/Fernando_Gonzalez_0004.jpg,/home/anitadonato/tcc/tcc/data/lfw/lfw-funneled/Meryl_Streep/Meryl_Streep_0003.jpg,0.8976268037737936,0
/home/anitadonato/tcc/tcc/data/lfw/lfw-funneled/Grant_Hackett/Grant_Hackett_0001.jpg,/home/anitadonato/tcc/tcc/data/lfw/lfw-funneled/Tony_Blair/Tony_Blair_0004.jpg,0.8273187769406394,0
/home/anitadonato/tcc/tcc/data/lfw/lfw-funneled/Kofi_Annan/Kofi_Annan_0002.jpg,/home/anitadonato/tcc/tcc/data/lfw/lfw-funneled/Mohamed_ElBaradei/Mohamed_ElBaradei_0002.jpg,0.7844007752581914,0
/home/anitadonato/tcc/tcc/data/lfw/lfw-funneled/Gonzalo_Sanchez_de_Lozada/Gonzalo_Sanchez_de_Lozada_0001.jpg,/home/anitadonato/tcc/tcc/data/lfw/lfw-funneled/Bob_Hope/Bob_Hope_0003.jpg,0.8913066813485326,0
/home/anitadonato/tcc/tcc/data/lfw/lfw-funneled/Goldie_Hawn/Goldie_Hawn_0003.jpg,/home/anitadonato/tcc/tcc/data/lfw/lfw-funneled/Erika_Harold/Erika_Harold_0001.jpg,0.9436424420399582,0
/home/anitadonato/tcc/tcc/data/lfw/lfw-funneled/Bob_Hope/Bob_Hope_0002.jpg,/home/anitadonato/tcc/tcc/data/lfw/lfw-funneled/David_Trimble/David_Trimble_0004.jpg,0.9209945694057702,0
/home/anitadonato/tcc/tcc/data/lfw/lfw-funneled/Colin_Powell/Colin_Powell_0001.jpg,/home/anitadonato/tcc/tcc/data/lfw/lfw-funneled/John_Stockton/John_Stockton_0005.jpg,0.943840069170566,0
/home/anitadonato/tcc/tcc/data/lfw/lfw-funneled/Amelia_Vega/Amelia_Vega_0005.jpg,/home/anitadonato/tcc/tcc/data/lfw/lfw-funneled/Winona_Ryder/Winona_Ryder_0005.jpg,0.7371768122446705,0
/home/anitadonato/tcc/tcc/data/lfw/lfw-funneled/Sheryl_Crow/Sheryl_Crow_0001.jpg,/home/anitadonato/tcc/tcc/data/lfw/lfw-funneled/Angelina_Jolie/Angelina_Jolie_0004.jpg,0.8719947501242793,0
/home/anitadonato/tcc/tcc/data/lfw/lfw-funneled/Paul_McCartney/Paul_McCartney_0005.jpg,/home/anitadonato/tcc/tcc/data/lfw/lfw-funneled/Fidel_Castro/Fidel_Castro_0004.jpg,0.9065316657829356,0
/home/anitadonato/tcc/tcc/data/lfw/lfw-funneled/Tommy_Franks/Tommy_Franks_0001.jpg,/home/anitadonato/tcc/tcc/data/lfw/lfw-funneled/Billy_Crystal/Billy_Crystal_0003.jpg,0.8953400419309547,0
/home/anitadonato/tcc/tcc/data/lfw/lfw-funneled/Ann_Veneman/Ann_Veneman_0004.jpg,/home/anitadonato/tcc/tcc/data/lfw/lfw-funneled/Joe_Lieberman/Joe_Lieberman_0005.jpg,0.7399263171922488,0
/home/anitadonato/tcc/tcc/data/lfw/lfw-funneled/Andre_Agassi/Andre_Agassi_0005.jpg,/home/anitadonato/tcc/tcc/data/lfw/lfw-funneled/Trent_Lott/Trent_Lott_0003.jpg,0.8389814114461992,0
/home/anitadonato/tcc/tcc/data/lfw/lfw-funneled/Tung_Chee-hwa/Tung_Chee-hwa_0003.jpg,/home/anitadonato/tcc/tcc/data/lfw/lfw-funneled/Britney_Spears/Britney_Spears_0002.jpg,0.8899382023951731,0
/home/anitadonato/tcc/tcc/data/lfw/lfw-funneled/Natalie_Coughlin/Natalie_Coughlin_0004.jpg,/home/anitadonato/tcc/tcc/data/lfw/lfw-funneled/Mohammed_Al-Douri/Mohammed_Al-Douri_0005.jpg,0.9026228049906581,0
/home/anitadonato/tcc/tcc/data/lfw/lfw-funneled/Al_Sharpton/Al_Sharpton_0002.jpg,/home/anitadonato/tcc/tcc/data/lfw/lfw-funneled/Christine_Baumgartner/Christine_Baumgartner_0001.jpg,0.8814056120340459,0
/home/anitadonato/tcc/tcc/data/lfw/lfw-funneled/Salma_Hayek/Salma_Hayek_0004.jpg,/home/anitadonato/tcc/tcc/data/lfw/lfw-funneled/Richard_Myers/Richard_Myers_0001.jpg,0.9598531294307548,0
/home/anitadonato/tcc/tcc/data/lfw/lfw-funneled/Li_Peng/Li_Peng_0005.jpg,/home/anitadonato/tcc/tcc/data/lfw/lfw-funneled/Tung_Chee-hwa/Tung_Chee-hwa_0004.jpg,0.8250777784800205,0
/home/anitadonato/tcc/tcc/data/lfw/lfw-funneled/Hal_Gehman/Hal_Gehman_0001.jpg,/home/anitadonato/tcc/tcc/data/lfw/lfw-funneled/Natalie_Coughlin/Natalie_Coughlin_0002.jpg,0.8391197071957245,0
/home/anitadonato/tcc/tcc/data/lfw/lfw-funneled/Jennifer_Capriati/Jennifer_Capriati_0003.jpg,/home/anitadonato/tcc/tcc/data/lfw/lfw-funneled/Jean-David_Levitte/Jean-David_Levitte_0001.jpg,0.9214827647914561,0
/home/anitadonato/tcc/tcc/data/lfw/lfw-funneled/Pamela_Anderson/Pamela_Anderson_0003.jpg,/home/anitadonato/tcc/tcc/data/lfw/lfw-funneled/William_Ford_Jr/William_Ford_Jr_0004.jpg,0.8747671568033834,0
/home/anitadonato/tcc/tcc/data/lfw/lfw-funneled/Kim_Dae-jung/Kim_Dae-jung_0003.jpg,/home/anitadonato/tcc/tcc/data/lfw/lfw-funneled/Christine_Baumgartner/Christine_Baumgartner_0001.jpg,0.9329781830684454,0
/home/anitadonato/tcc/tcc/data/lfw/lfw-funneled/Maria_Soledad_Alvear_Valenzuela/Maria_Soledad_Alvear_Valenzuela_0004.jpg,/home/anitadonato/tcc/tcc/data/lfw/lfw-funneled/Grant_Hackett/Grant_Hackett_0002.jpg,0.9570868534493003,0
/home/anitadonato/tcc/tcc/data/lfw/lfw-funneled/Zinedine_Zidane/Zinedine_Zidane_0003.jpg,/home/anitadonato/tcc/tcc/data/lfw/lfw-funneled/Jean-Pierre_Raffarin/Jean-Pierre_Raffarin_0002.jpg,0.9173300424072369,0
/home/anitadonato/tcc/tcc/data/lfw/lfw-funneled/Xavier_Malisse/Xavier_Malisse_0003.jpg,/home/anitadonato/tcc/tcc/data/lfw/lfw-funneled/Yoko_Ono/Yoko_Ono_0004.jpg,0.948245006650922,0
/home/anitadonato/tcc/tcc/data/lfw/lfw-funneled/Paradorn_Srichaphan/Paradorn_Srichaphan_0002.jpg,/home/anitadonato/tcc/tcc/data/lfw/lfw-funneled/Roger_Federer/Roger_Federer_0003.jpg,0.9018246090276943,0
/home/anitadonato/tcc/tcc/data/lfw/lfw-funneled/Tom_Cruise/Tom_Cruise_0002.jpg,/home/anitadonato/tcc/tcc/data/lfw/lfw-funneled/Kevin_Costner/Kevin_Costner_0001.jpg,0.7292344985782295,0
/home/anitadonato/tcc/tcc/data/lfw/lfw-funneled/Matthew_Perry/Matthew_Perry_0003.jpg,/home/anitadonato/tcc/tcc/data/lfw/lfw-funneled/Juan_Pablo_Montoya/Juan_Pablo_Montoya_0005.jpg,0.7001368902182592,0
/home/anitadonato/tcc/tcc/data/lfw/lfw-funneled/Fernando_Gonzalez/Fernando_Gonzalez_0005.jpg,/home/anitadonato/tcc/tcc/data/lfw/lfw-funneled/Bill_McBride/Bill_McBride_0002.jpg,0.9371077581185232,0
/home/anitadonato/tcc/tcc/data/lfw/lfw-funneled/Carmen_Electra/Carmen_Electra_0004.jpg,/home/anitadonato/tcc/tcc/data/lfw/lfw-funneled/Kevin_Costner/Kevin_Costner_0005.jpg,0.8228637911885607,0
/home/anitadonato/tcc/tcc/data/lfw/lfw-funneled/Silvan_Shalom/Silvan_Shalom_0004.jpg,/home/anitadonato/tcc/tcc/data/lfw/lfw-funneled/Ludivine_Sagnier/Ludivine_Sagnier_0005.jpg,0.8947450287944106,0
/home/anitadonato/tcc/tcc/data/lfw/lfw-funneled/Renee_Zellweger/Renee_Zellweger_0003.jpg,/home/anitadonato/tcc/tcc/data/lfw/lfw-funneled/Pamela_Anderson/Pamela_Anderson_0001.jpg,0.8896442989919416,0
/home/anitadonato/tcc/tcc/data/lfw/lfw-funneled/Jan_Ullrich/Jan_Ullrich_0001.jpg,/home/anitadonato/tcc/tcc/data/lfw/lfw-funneled/Gloria_Macapagal_Arroyo/Gloria_Macapagal_Arroyo_0005.jpg,0.9808787994937618,0
/home/anitadonato/tcc/tcc/data/lfw/lfw-funneled/Silvio_Berlusconi/Silvio_Berlusconi_0005.jpg,/home/anitadonato/tcc/tcc/data/lfw/lfw-funneled/Tom_Harkin/Tom_Harkin_0005.jpg,0.8446880101306121,0
/home/anitadonato/tcc/tcc/data/lfw/lfw-funneled/Sergey_Lavrov/Sergey_Lavrov_0004.jpg,/home/anitadonato/tcc/tcc/data/lfw/lfw-funneled/Kate_Hudson/Kate_Hudson_0002.jpg,0.9684929937052452,0
/home/anitadonato/tcc/tcc/data/lfw/lfw-funneled/Fidel_Castro/Fidel_Castro_0002.jpg,/home/anitadonato/tcc/tcc/data/lfw/lfw-funneled/Mike_Myers/Mike_Myers_0002.jpg,0.8776115124189102,0
/home/anitadonato/tcc/tcc/data/lfw/lfw-funneled/Rudolph_Giuliani/Rudolph_Giuliani_0001.jpg,/home/anitadonato/tcc/tcc/data/lfw/lfw-funneled/Rainer_Schuettler/Rainer_Schuettler_0004.jpg,0.8638682146052474,0
/home/anitadonato/tcc/tcc/data/lfw/lfw-funneled/Hal_Gehman/Hal_Gehman_0002.jpg,/home/anitadonato/tcc/tcc/data/lfw/lfw-funneled/John_Manley/John_Manley_0005.jpg,0.8383807787260673,0
/home/anitadonato/tcc/tcc/data/lfw/lfw-funneled/Anna_Kournikova/Anna_Kournikova_0001.jpg,/home/anitadonato/tcc/tcc/data/lfw/lfw-funneled/Erika_Harold/Erika_Harold_0001.jpg,0.8969526070145364,0
/home/anitadonato/tcc/tcc/data/lfw/lfw-funneled/George_Lopez/George_Lopez_0004.jpg,/home/anitadonato/tcc/tcc/data/lfw/lfw-funneled/Steve_Lavin/Steve_Lavin_0005.jpg,0.8749935427916142,0
/home/anitadonato/tcc/tcc/data/lfw/lfw-funneled/Robert_Blake/Robert_Blake_0005.jpg,/home/anitadonato/tcc/tcc/data/lfw/lfw-funneled/Sourav_Ganguly/Sourav_Ganguly_0004.jpg,0.9069578165115978,0
/home/anitadonato/tcc/tcc/data/lfw/lfw-funneled/Tiger_Woods/Tiger_Woods_0005.jpg,/home/anitadonato/tcc/tcc/data/lfw/lfw-funneled/Angela_Merkel/Angela_Merkel_0005.jpg,0.9600799924782728,0
/home/anitadonato/tcc/tcc/data/lfw/lfw-funneled/Tom_Daschle/Tom_Daschle_0001.jpg,/home/anitadonato/tcc/tcc/data/lfw/lfw-funneled/Silvan_Shalom/Silvan_Shalom_0004.jpg,0.8707258648856437,0
/home/anitadonato/tcc/tcc/data/lfw/lfw-funneled/Wayne_Ferreira/Wayne_Ferreira_0005.jpg,/home/anitadonato/tcc/tcc/data/lfw/lfw-funneled/Sergey_Lavrov/Sergey_Lavrov_0005.jpg,0.9271061478923948,0
/home/anitadonato/tcc/tcc/data/lfw/lfw-funneled/Russell_Simmons/Russell_Simmons_0001.jpg,/home/anitadonato/tcc/tcc/data/lfw/lfw-funneled/Charlton_Heston/Charlton_Heston_0001.jpg,0.7670828710663176,0
/home/anitadonato/tcc/tcc/data/lfw/lfw-funneled/Tom_Cruise/Tom_Cruise_0001.jpg,/home/anitadonato/tcc/tcc/data/lfw/lfw-funneled/Michael_Powell/Michael_Powell_0003.jpg,0.9385731132390037,0
/home/anitadonato/tcc/tcc/data/lfw/lfw-funneled/Ludivine_Sagnier/Ludivine_Sagnier_0004.jpg,/home/anitadonato/tcc/tcc/data/lfw/lfw-funneled/Mike_Martz/Mike_Martz_0003.jpg,0.7503544142508063,0
/home/anitadonato/tcc/tcc/data/lfw/lfw-funneled/Arminio_Fraga/Arminio_Fraga_0004.jpg,/home/anitadonato/tcc/tcc/data/lfw/lfw-funneled/Paul_McCartney/Paul_McCartney_0005.jpg,0.9290591924298197,0
/home/anitadonato/tcc/tcc/data/lfw/lfw-funneled/Cameron_Diaz/Cameron_Diaz_0001.jpg,/home/anitadonato/tcc/tcc/data/lfw/lfw-funneled/Pamela_Anderson/Pamela_Anderson_0002.jpg,0.8944991669473472,0
/home/anitadonato/tcc/tcc/data/lfw/lfw-funneled/Sourav_Ganguly/Sourav_Ganguly_0002.jpg,/home/anitadonato/tcc/tcc/data/lfw/lfw-funneled/Hamid_Karzai/Hamid_Karzai_0005.jpg,0.9348874418861837,0
/home/anitadonato/tcc/tcc/data/lfw/lfw-funneled/Cameron_Diaz/Cameron_Diaz_0004.jpg,/home/anitadonato/tcc/tcc/data/lfw/lfw-funneled/Amelie_Mauresmo/Amelie_Mauresmo_0001.jpg,0.9362822841932884,0
/home/anitadonato/tcc/tcc/data/lfw/lfw-funneled/Jan_Ullrich/Jan_Ullrich_0002.jpg,/home/anitadonato/tcc/tcc/data/lfw/lfw-funneled/Bernard_Law/Bernard_Law_0001.jpg,0.8490780801031612,0
/home/anitadonato/tcc/tcc/data/lfw/lfw-funneled/Jean_Chretien/Jean_Chretien_0003.jpg,/home/anitadonato/tcc/tcc/data/lfw/lfw-funneled/Pamela_Anderson/Pamela_Anderson_0003.jpg,0.8346896555997767,0
/home/anitadonato/tcc/tcc/data/lfw/lfw-funneled/Goldie_Hawn/Goldie_Hawn_0003.jpg,/home/anitadonato/tcc/tcc/data/lfw/lfw-funneled/Winona_Ryder/Winona_Ryder_0003.jpg,0.8519845912221784,0
/home/anitadonato/tcc/tcc/data/lfw/lfw-funneled/Victoria_Clarke/Victoria_Clarke_0001.jpg,/home/anitadonato/tcc/tcc/data/lfw/lfw-funneled/Christine_Baumgartner/Christine_Baumgartner_0002.jpg,0.8703263387204899,0
/home/anitadonato/tcc/tcc/data/lfw/lfw-funneled/Hillary_Clinton/Hillary_Clinton_0004.jpg,/home/anitadonato/tcc/tcc/data/lfw/lfw-funneled/Richard_Gephardt/Richard_Gephardt_0003.jpg,0.8801608573184098,0
/home/anitadonato/tcc/tcc/data/lfw/lfw-funneled/George_HW_Bush/George_HW_Bush_0004.jpg,/home/anitadonato/tcc/tcc/data/lfw/lfw-funneled/Trent_Lott/Trent_Lott_0005.jpg,0.7651750978449278,0
/home/anitadonato/tcc/tcc/data/lfw/lfw-funneled/Alejandro_Toledo/Alejandro_Toledo_0002.jpg,/home/anitadonato/tcc/tcc/data/lfw/lfw-funneled/Pedro_Malan/Pedro_Malan_0004.jpg,0.7864242491437834,0
/home/anitadonato/tcc/tcc/data/lfw/lfw-funneled/Mike_Myers/Mike_Myers_0004.jpg,/home/anitadonato/tcc/tcc/data/lfw/lfw-funneled/Ben_Affleck/Ben_Affleck_0005.jpg,0.8145994824176312,0
/home/anitadonato/tcc/tcc/data/lfw/lfw-funneled/Nancy_Pelosi/Nancy_Pelosi_0005.jpg,/home/anitadonato/tcc/tcc/data/lfw/lfw-funneled/Paul_Martin/Paul_Martin_0002.jpg,0.9143578621322128,0
/home/anitadonato/tcc/tcc/data/lfw/lfw-funneled/Ana_Palacio/Ana_Palacio_0005.jpg,/home/anitadonato/tcc/tcc/data/lfw/lfw-funneled/John_Howard/John_Howard_0004.jpg,0.6758116360542221,0
/home/anitadonato/tcc/tcc/data/lfw/lfw-funneled/Hillary_Clinton/Hillary_Clinton_0005.jpg,/home/anitadonato/tcc/tcc/data/lfw/lfw-funneled/Michael_Powell/Michael_Powell_0005.jpg,0.9257943419802838,0
/home/anitadonato/tcc/tcc/data/lfw/lfw-funneled/Christine_Todd_Whitman/Christine_Todd_Whitman_0002.jpg,/home/anitadonato/tcc/tcc/data/lfw/lfw-funneled/Woody_Allen/Woody_Allen_0002.jpg,0.8168921626025517,0
/home/anitadonato/tcc/tcc/data/lfw/lfw-funneled/Paul_Martin/Paul_Martin_0001.jpg,/home/anitadonato/tcc/tcc/data/lfw/lfw-funneled/Norm_Coleman/Norm_Coleman_0004.jpg,0.9252162056015456,0
/home/anitadonato/tcc/tcc/data/lfw/lfw-funneled/Mohammed_Al-Douri/Mohammed_Al-Douri_0002.jpg,/home/anitadonato/tcc/tcc/data/lfw/lfw-funneled/Salma_Hayek/Salma_Hayek_0003.jpg,0.9054501064190787,0
/home/anitadonato/tcc/tcc/data/lfw/lfw-funneled/Zinedine_Zidane/Zinedine_Zidane_0005.jpg,/home/anitadonato/tcc/tcc/data/lfw/lfw-funneled/Habib_Rizieq/Habib_Rizieq_0004.jpg,0.9269859418839484,0
/home/anitadonato/tcc/tcc/data/lfw/lfw-funneled/Abdullah_Gul/Abdullah_Gul_0001.jpg,/home/anitadonato/tcc/tcc/data/lfw/lfw-funneled/Fujio_Cho/Fujio_Cho_0002.jpg,0.9494925887829198,0
/home/anitadonato/tcc/tcc/data/lfw/lfw-funneled/Nancy_Pelosi/Nancy_Pelosi_0005.jpg,/home/anitadonato/tcc/tcc/data/lfw/lfw-funneled/Christine_Baumgartner/Christine_Baumgartner_0004.jpg,0.8549046812955108,0
/home/anitadonato/tcc/tcc/data/lfw/lfw-funneled/Vladimir_Putin/Vladimir_Putin_0005.jpg,/home/anitadonato/tcc/tcc/data/lfw/lfw-funneled/Pamela_Anderson/Pamela_Anderson_0005.jpg,0.9359312443275501,0
/home/anitadonato/tcc/tcc/data/lfw/lfw-funneled/Yashwant_Sinha/Yashwant_Sinha_0002.jpg,/home/anitadonato/tcc/tcc/data/lfw/lfw-funneled/Mike_Martz/Mike_Martz_0003.jpg,0.7309577070164339,0
/home/anitadonato/tcc/tcc/data/lfw/lfw-funneled/Gerhard_Schroeder/Gerhard_Schroeder_0001.jpg,/home/anitadonato/tcc/tcc/data/lfw/lfw-funneled/Martha_Stewart/Martha_Stewart_0003.jpg,0.9254993654704055,0
/home/anitadonato/tcc/tcc/data/lfw/lfw-funneled/Christine_Todd_Whitman/Christine_Todd_Whitman_0001.jpg,/home/anitadonato/tcc/tcc/data/lfw/lfw-funneled/Arminio_Fraga/Arminio_Fraga_0002.jpg,0.8428469223748857,0
/home/anitadonato/tcc/tcc/data/lfw/lfw-funneled/Silvio_Berlusconi/Silvio_Berlusconi_0002.jpg,/home/anitadonato/tcc/tcc/data/lfw/lfw-funneled/Michael_Powell/Michael_Powell_0002.jpg,0.8514154790911118,0
/home/anitadonato/tcc/tcc/data/lfw/lfw-funneled/Alejandro_Toledo/Alejandro_Toledo_0002.jpg,/home/anitadonato/tcc/tcc/data/lfw/lfw-funneled/Bill_Gates/Bill_Gates_0003.jpg,0.8405187601616004,0
/home/anitadonato/tcc/tcc/data/lfw/lfw-funneled/Mohamed_ElBaradei/Mohamed_ElBaradei_0005.jpg,/home/anitadonato/tcc/tcc/data/lfw/lfw-funneled/Ben_Affleck/Ben_Affleck_0001.jpg,0.9245212892866441,0
/home/anitadonato/tcc/tcc/data/lfw/lfw-funneled/Michael_Powell/Michael_Powell_0001.jpg,/home/anitadonato/tcc/tcc/data/lfw/lfw-funneled/Kristanna_Loken/Kristanna_Loken_0004.jpg,0.8891660537986894,0
/home/anitadonato/tcc/tcc/data/lfw/lfw-funneled/Paul_Burrell/Paul_Burrell_0002.jpg,/home/anitadonato/tcc/tcc/data/lfw/lfw-funneled/Alejandro_Toledo/Alejandro_Toledo_0005.jpg,0.8374106161935161,0
/home/anitadonato/tcc/tcc/data/lfw/lfw-funneled/Alvaro_Uribe/Alvaro_Uribe_0003.jpg,/home/anitadonato/tcc/tcc/data/lfw/lfw-funneled/Bill_Gates/Bill_Gates_0005.jpg,0.8512952708119377,0
/home/anitadonato/tcc/tcc/data/lfw/lfw-funneled/David_Anderson/David_Anderson_0003.jpg,/home/anitadonato/tcc/tcc/data/lfw/lfw-funneled/Gloria_Macapagal_Arroyo/Gloria_Macapagal_Arroyo_0004.jpg,0.9610274418303426,0
/home/anitadonato/tcc/tcc/data/lfw/lfw-funneled/Tony_Blair/Tony_Blair_0004.jpg,/home/anitadonato/tcc/tcc/data/lfw/lfw-funneled/Yashwant_Sinha/Yashwant_Sinha_0003.jpg,0.7453041712595794,0
/home/anitadonato/tcc/tcc/data/lfw/lfw-funneled/Cesar_Gaviria/Cesar_Gaviria_0003.jpg,/home/anitadonato/tcc/tcc/data/lfw/lfw-funneled/Paradorn_Srichaphan/Paradorn_Srichaphan_0005.jpg,0.8524448224153669,0
/home/anitadonato/tcc/tcc/data/lfw/lfw-funneled/Nicanor_Duarte_Frutos/Nicanor_Duarte_Frutos_0005.jpg,/home/anitadonato/tcc/tcc/data/lfw/lfw-funneled/Jan_Ullrich/Jan_Ullrich_0001.jpg,0.8902706537713323,0
/home/anitadonato/tcc/tcc/data/lfw/lfw-funneled/Carlos_Moya/Carlos_Moya_0003.jpg,/home/anitadonato/tcc/tcc/data/lfw/lfw-funneled/Carlos_Menem/Carlos_Menem_0005.jpg,0.958755379768227,0
/home/anitadonato/tcc/tcc/data/lfw/lfw-funneled/Alejandro_Toledo/Alejandro_Toledo_0005.jpg,/home/anitadonato/tcc/tcc/data/lfw/lfw-funneled/Martin_Scorsese/Martin_Scorsese_0003.jpg,0.9381938208405742,0
/home/anitadonato/tcc/tcc/data/lfw/lfw-funneled/Richard_Gephardt/Richard_Gephardt_0001.jpg,/home/anitadonato/tcc/tcc/data/lfw/lfw-funneled/Maria_Shriver/Maria_Shriver_0004.jpg,0.9025484152896273,0
/home/anitadonato/tcc/tcc/data/lfw/lfw-funneled/Ana_Palacio/Ana_Palacio_0003.jpg,/home/anitadonato/tcc/tcc/data/lfw/lfw-funneled/Winona_Ryder/Winona_Ryder_0003.jpg,0.8172911314176244,0
/home/anitadonato/tcc/tcc/data/lfw/lfw-funneled/Sourav_Ganguly/Sourav_Ganguly_0003.jpg,/home/anitadonato/tcc/tcc/data/lfw/lfw-funneled/Anna_Kournikova/Anna_Kournikova_0002.jpg,0.9388852049814389,0
/home/anitadonato/tcc/tcc/data/lfw/lfw-funneled/Wayne_Ferreira/Wayne_Ferreira_0002.jpg,/home/anitadonato/tcc/tcc/data/lfw/lfw-funneled/Tom_Harkin/Tom_Harkin_0001.jpg,0.8561018758335156,0
/home/anitadonato/tcc/tcc/data/lfw/lfw-funneled/Denzel_Washington/Denzel_Washington_0003.jpg,/home/anitadonato/tcc/tcc/data/lfw/lfw-funneled/Hamid_Karzai/Hamid_Karzai_0002.jpg,0.8270973990977561,0
/home/anitadonato/tcc/tcc/data/lfw/lfw-funneled/Andre_Agassi/Andre_Agassi_0004.jpg,/home/anitadonato/tcc/tcc/data/lfw/lfw-funneled/Geoff_Hoon/Geoff_Hoon_0003.jpg,0.9096082026118888,0
/home/anitadonato/tcc/tcc/data/lfw/lfw-funneled/Anna_Kournikova/Anna_Kournikova_0004.jpg,/home/anitadonato/tcc/tcc/data/lfw/lfw-funneled/Silvan_Shalom/Silvan_Shalom_0004.jpg,0.7769652349190822,0
/home/anitadonato/tcc/tcc/data/lfw/lfw-funneled/Natalie_Maines/Natalie_Maines_0005.jpg,/home/anitadonato/tcc/tcc/data/lfw/lfw-funneled/Bulent_Ecevit/Bulent_Ecevit_0005.jpg,0.964234669725152,0
/home/anitadonato/tcc/tcc/data/lfw/lfw-funneled/Joe_Lieberman/Joe_Lieberman_0002.jpg,/home/anitadonato/tcc/tcc/data/lfw/lfw-funneled/David_Trimble/David_Trimble_0005.jpg,0.8428821657074718,0
/home/anitadonato/tcc/tcc/data/lfw/lfw-funneled/Jean-David_Levitte/Jean-David_Levitte_0003.jpg,/home/anitadonato/tcc/tcc/data/lfw/lfw-funneled/Pamela_Anderson/Pamela_Anderson_0005.jpg,0.9126880622393638,0
/home/anitadonato/tcc/tcc/data/lfw/lfw-funneled/Richard_Gephardt/Richard_Gephardt_0005.jpg,/home/anitadonato/tcc/tcc/data/lfw/lfw-funneled/Jennifer_Capriati/Jennifer_Capriati_0002.jpg,0.8599994389370356,0
/home/anitadonato/tcc/tcc/data/lfw/lfw-funneled/Li_Peng/Li_Peng_0004.jpg,/home/anitadonato/tcc/tcc/data/lfw/lfw-funneled/Natalie_Coughlin/Natalie_Coughlin_0002.jpg,0.8508636463091628,0
/home/anitadonato/tcc/tcc/data/lfw/lfw-funneled/Robert_Zoellick/Robert_Zoellick_0005.jpg,/home/anitadonato/tcc/tcc/data/lfw/lfw-funneled/Anna_Kournikova/Anna_Kournikova_0002.jpg,0.6819447795197107,0
/home/anitadonato/tcc/tcc/data/lfw/lfw-funneled/Amelie_Mauresmo/Amelie_Mauresmo_0001.jpg,/home/anitadonato/tcc/tcc/data/lfw/lfw-funneled/Peter_Struck/Peter_Struck_0002.jpg,0.8354841098747159,0
/home/anitadonato/tcc/tcc/data/lfw/lfw-funneled/Roy_Moore/Roy_Moore_0003.jpg,/home/anitadonato/tcc/tcc/data/lfw/lfw-funneled/Bill_Gates/Bill_Gates_0004.jpg,0.863688783565614,0
/home/anitadonato/tcc/tcc/data/lfw/lfw-funneled/Bernard_Law/Bernard_Law_0003.jpg,/home/anitadonato/tcc/tcc/data/lfw/lfw-funneled/Nancy_Pelosi/Nancy_Pelosi_0005.jpg,0.8995977818179594,0
/home/anitadonato/tcc/tcc/data/lfw/lfw-funneled/Li_Peng/Li_Peng_0001.jpg,/home/anitadonato/tcc/tcc/data/lfw/lfw-funneled/Habib_Rizieq/Habib_Rizieq_0004.jpg,0.8265945821499905,0
/home/anitadonato/tcc/tcc/data/lfw/lfw-funneled/Billy_Crystal/Billy_Crystal_0005.jpg,/home/anitadonato/tcc/tcc/data/lfw/lfw-funneled/Abdullah_Gul/Abdullah_Gul_0005.jpg,0.8275141870296917,0
/home/anitadonato/tcc/tcc/data/lfw/lfw-funneled/Valery_Giscard_dEstaing/Valery_Giscard_dEstaing_0004.jpg,/home/anitadonato/tcc/tcc/data/lfw/lfw-funneled/Bob_Hope/Bob_Hope_0002.jpg,0.8927329132432854,0
/home/anitadonato/tcc/tcc/data/lfw/lfw-funneled/Bob_Graham/Bob_Graham_0004.jpg,/home/anitadonato/tcc/tcc/data/lfw/lfw-funneled/Kate_Hudson/Kate_Hudson_0005.jpg,0.9242871337215399,0
/home/anitadonato/tcc/tcc/data/lfw/lfw-funneled/Richard_Gephardt/Richard_Gephardt_0001.jpg,/home/anitadonato/tcc/tcc/data/lfw/lfw-funneled/Fernando_Gonzalez/Fernando_Gonzalez_0002.jpg,0.9185982256118916,0
/home/anitadonato/tcc/tcc/data/lfw/lfw-funneled/Ai_Sugiyama/Ai_Sugiyama_0003.jpg,/home/anitadonato/tcc/tcc/data/lfw/lfw-funneled/Hal_Gehman/Hal_Gehman_0004.jpg,0.8944219792671734,0
/home/anitadonato/tcc/tcc/data/lfw/lfw-funneled/Zhu_Rongji/Zhu_Rongji_0002.jpg,/home/anitadonato/tcc/tcc/data/lfw/lfw-funneled/Mike_Weir/Mike_Weir_0003.jpg,0.9509814627993353,0
/home/anitadonato/tcc/tcc/data/lfw/lfw-funneled/Julie_Gerberding/Julie_Gerberding_0001.jpg,/home/anitadonato/tcc/tcc/data/lfw/lfw-funneled/John_Paul_II/John_Paul_II_0004.jpg,0.9285984302354816,0
/home/anitadonato/tcc/tcc/data/lfw/lfw-funneled/Peter_Struck/Peter_Struck_0002.jpg,/home/anitadonato/tcc/tcc/data/lfw/lfw-funneled/Cruz_Bustamante/Cruz_Bustamante_0003.jpg,0.6754644093396301,0
/home/anitadonato/tcc/tcc/data/lfw/lfw-funneled/Abdullah_Gul/Abdullah_Gul_0001.jpg,/home/anitadonato/tcc/tcc/data/lfw/lfw-funneled/Paul_Martin/Paul_Martin_0004.jpg,0.9159335628868257,0
/home/anitadonato/tcc/tcc/data/lfw/lfw-funneled/Sourav_Ganguly/Sourav_Ganguly_0002.jpg,/home/anitadonato/tcc/tcc/data/lfw/lfw-funneled/Liza_Minnelli/Liza_Minnelli_0005.jpg,0.9279962339906336,0
/home/anitadonato/tcc/tcc/data/lfw/lfw-funneled/Sylvester_Stallone/Sylvester_Stallone_0004.jpg,/home/anitadonato/tcc/tcc/data/lfw/lfw-funneled/Tommy_Franks/Tommy_Franks_0001.jpg,0.79600708285869,0
/home/anitadonato/tcc/tcc/data/lfw/lfw-funneled/Paul_Burrell/Paul_Burrell_0004.jpg,/home/anitadonato/tcc/tcc/data/lfw/lfw-funneled/Michael_Schumacher/Michael_Schumacher_0004.jpg,0.8907851488101424,0
/home/anitadonato/tcc/tcc/data/lfw/lfw-funneled/Hamid_Karzai/Hamid_Karzai_0004.jpg,/home/anitadonato/tcc/tcc/data/lfw/lfw-funneled/Martin_McGuinness/Martin_McGuinness_0004.jpg,0.893167494525706,0
/home/anitadonato/tcc/tcc/data/lfw/lfw-funneled/Carlos_Moya/Carlos_Moya_0005.jpg,/home/anitadonato/tcc/tcc/data/lfw/lfw-funneled/Bulent_Ecevit/Bulent_Ecevit_0002.jpg,0.8721159177144333,0
/home/anitadonato/tcc/tcc/data/lfw/lfw-funneled/John_Stockton/John_Stockton_0001.jpg,/home/anitadonato/tcc/tcc/data/lfw/lfw-funneled/Nancy_Pelosi/Nancy_Pelosi_0003.jpg,0.9365911932871428,0
/home/anitadonato/tcc/tcc/data/lfw/lfw-funneled/Bill_McBride/Bill_McBride_0002.jpg,/home/anitadonato/tcc/tcc/data/lfw/lfw-funneled/John_Travolta/John_Travolta_0001.jpg,0.8506593947551528,0
/home/anitadonato/tcc/tcc/data/lfw/lfw-funneled/Catherine_Zeta-Jones/Catherine_Zeta-Jones_0002.jpg,/home/anitadonato/tcc/tcc/data/lfw/lfw-funneled/Carlos_Moya/Carlos_Moya_0002.jpg,0.9417607302959374,0
/home/anitadonato/tcc/tcc/data/lfw/lfw-funneled/Hosni_Mubarak/Hosni_Mubarak_0003.jpg,/home/anitadonato/tcc/tcc/data/lfw/lfw-funneled/Mike_Martz/Mike_Martz_0002.jpg,0.9013526737754858,0
/home/anitadonato/tcc/tcc/data/lfw/lfw-funneled/Spencer_Abraham/Spencer_Abraham_0005.jpg,/home/anitadonato/tcc/tcc/data/lfw/lfw-funneled/Arminio_Fraga/Arminio_Fraga_0005.jpg,0.9278025567175405,0
/home/anitadonato/tcc/tcc/data/lfw/lfw-funneled/David_Anderson/David_Anderson_0001.jpg,/home/anitadonato/tcc/tcc/data/lfw/lfw-funneled/Fidel_Castro/Fidel_Castro_0001.jpg,0.7575928049032414,0
/home/anitadonato/tcc/tcc/data/lfw/lfw-funneled/Richard_Gephardt/Richard_Gephardt_0004.jpg,/home/anitadonato/tcc/tcc/data/lfw/lfw-funneled/Tom_Crean/Tom_Crean_0005.jpg,0.8486801867984783,0
/home/anitadonato/tcc/tcc/data/lfw/lfw-funneled/Martin_Scorsese/Martin_Scorsese_0003.jpg,/home/anitadonato/tcc/tcc/data/lfw/lfw-funneled/Atal_Bihari_Vajpayee/Atal_Bihari_Vajpayee_0004.jpg,0.899681175407486,0
/home/anitadonato/tcc/tcc/data/lfw/lfw-funneled/Maria_Shriver/Maria_Shriver_0003.jpg,/home/anitadonato/tcc/tcc/data/lfw/lfw-funneled/Hillary_Clinton/Hillary_Clinton_0004.jpg,0.9416134442354887,0
/home/anitadonato/tcc/tcc/data/lfw/lfw-funneled/Lleyton_Hewitt/Lleyton_Hewitt_0002.jpg,/home/anitadonato/tcc/tcc/data/lfw/lfw-funneled/Yasser_Arafat/Yasser_Arafat_0002.jpg,0.960484305206764,0
/home/anitadonato/tcc/tcc/data/lfw/lfw-funneled/Hamid_Karzai/Hamid_Karzai_0002.jpg,/home/anitadonato/tcc/tcc/data/lfw/lfw-funneled/Heidi_Klum/Heidi_Klum_0002.jpg,0.9255309248702448,0
/home/anitadonato/tcc/tcc/data/lfw/lfw-funneled/Trent_Lott/Trent_Lott_0002.jpg,/home/anitadonato/tcc/tcc/data/lfw/lfw-funneled/Paul_Burrell/Paul_Burrell_0001.jpg,0.8736565662670805,0
/home/anitadonato/tcc/tcc/data/lfw/lfw-funneled/Adrien_Brody/Adrien_Brody_0002.jpg,/home/anitadonato/tcc/tcc/data/lfw/lfw-funneled/Antonio_Banderas/Antonio_Banderas_0001.jpg,0.9005270598878475,0
/home/anitadonato/tcc/tcc/data/lfw/lfw-funneled/Hans_Blix/Hans_Blix_0001.jpg,/home/anitadonato/tcc/tcc/data/lfw/lfw-funneled/Gloria_Macapagal_Arroyo/Gloria_Macapagal_Arroyo_0004.jpg,0.8942418898523324,0
/home/anitadonato/tcc/tcc/data/lfw/lfw-funneled/Jean-David_Levitte/Jean-David_Levitte_0005.jpg,/home/anitadonato/tcc/tcc/data/lfw/lfw-funneled/Benjamin_Netanyahu/Benjamin_Netanyahu_0005.jpg,0.5474297014243391,0
/home/anitadonato/tcc/tcc/data/lfw/lfw-funneled/Mohammed_Al-Douri/Mohammed_Al-Douri_0001.jpg,/home/anitadonato/tcc/tcc/data/lfw/lfw-funneled/Martin_Scorsese/Martin_Scorsese_0001.jpg,0.9264896778449607,0
/home/anitadonato/tcc/tcc/data/lfw/lfw-funneled/Paul_McCartney/Paul_McCartney_0001.jpg,/home/anitadonato/tcc/tcc/data/lfw/lfw-funneled/Goldie_Hawn/Goldie_Hawn_0001.jpg,0.8931378899675495,0
/home/anitadonato/tcc/tcc/data/lfw/lfw-funneled/Nia_Vardalos/Nia_Vardalos_0004.jpg,/home/anitadonato/tcc/tcc/data/lfw/lfw-funneled/Susan_Sarandon/Susan_Sarandon_0001.jpg,0.9473333521607642,0
/home/anitadonato/tcc/tcc/data/lfw/lfw-funneled/Al_Sharpton/Al_Sharpton_0004.jpg,/home/anitadonato/tcc/tcc/data/lfw/lfw-funneled/Eduardo_Duhalde/Eduardo_Duhalde_0002.jpg,0.8076827555713773,0
/home/anitadonato/tcc/tcc/data/lfw/lfw-funneled/Ann_Veneman/Ann_Veneman_0001.jpg,/home/anitadonato/tcc/tcc/data/lfw/lfw-funneled/Hosni_Mubarak/Hosni_Mubarak_0003.jpg,0.9804672540901908,0
/home/anitadonato/tcc/tcc/data/lfw/lfw-funneled/Silvan_Shalom/Silvan_Shalom_0001.jpg,/home/anitadonato/tcc/tcc/data/lfw/lfw-funneled/Tung_Chee-hwa/Tung_Chee-hwa_0005.jpg,0.8384959503936216,0
/home/anitadonato/tcc/tcc/data/lfw/lfw-funneled/Hugh_Grant/Hugh_Grant_0005.jpg,/home/anitadonato/tcc/tcc/data/lfw/lfw-funneled/Nicanor_Duarte_Frutos/Nicanor_Duarte_Frutos_0002.jpg,0.8946591529962928,0
/home/anitadonato/tcc/tcc/data/lfw/lfw-funneled/Silvan_Shalom/Silvan_Shalom_0005.jpg,/home/anitadonato/tcc/tcc/data/lfw/lfw-funneled/Spencer_Abraham/Spencer_Abraham_0005.jpg,0.8680440082745635,0
/home/anitadonato/tcc/tcc/data/lfw/lfw-funneled/Kate_Hudson/Kate_Hudson_0001.jpg,/home/anitadonato/tcc/tcc/data/lfw/lfw-funneled/Britney_Spears/Britney_Spears_0001.jpg,0.7418812405964477,0
/home/anitadonato/tcc/tcc/data/lfw/lfw-funneled/Mark_Hurlbert/Mark_Hurlbert_0005.jpg,/home/anitadonato/tcc/tcc/data/lfw/lfw-funneled/Pervez_Musharraf/Pervez_Musharraf_0002.jpg,0.899950661764414,0
/home/anitadonato/tcc/tcc/data/lfw/lfw-funneled/Michael_Powell/Michael_Powell_0005.jpg,/home/anitadonato/tcc/tcc/data/lfw/lfw-funneled/Roger_Federer/Roger_Federer_0002.jpg,0.7507843746699251,0
/home/anitadonato/tcc/tcc/data/lfw/lfw-funneled/Lleyton_Hewitt/Lleyton_Hewitt_0004.jpg,/home/anitadonato/tcc/tcc/data/lfw/lfw-funneled/Angelina_Jolie/Angelina_Jolie_0003.jpg,0.9455335943456318,0
/home/anitadonato/tcc/tcc/data/lfw/lfw-funneled/Colin_Powell/Colin_Powell_0005.jpg,/home/anitadonato/tcc/tcc/data/lfw/lfw-funneled/Rudolph_Giuliani/Rudolph_Giuliani_0004.jpg,0.8080255367572817,0
/home/anitadonato/tcc/tcc/data/lfw/lfw-funneled/Liza_Minnelli/Liza_Minnelli_0004.jpg,/home/anitadonato/tcc/tcc/data/lfw/lfw-funneled/Martha_Stewart/Martha_Stewart_0003.jpg,0.80413818758906,0
/home/anitadonato/tcc/tcc/data/lfw/lfw-funneled/Renee_Zellweger/Renee_Zellweger_0001.jpg,/home/anitadonato/tcc/tcc/data/lfw/lfw-funneled/Richard_Myers/Richard_Myers_0001.jpg,0.8551923804012864,0
/home/anitadonato/tcc/tcc/data/lfw/lfw-funneled/Sharon_Stone/Sharon_Stone_0004.jpg,/home/anitadonato/tcc/tcc/data/lfw/lfw-funneled/Silvio_Berlusconi/Silvio_Berlusconi_0002.jpg,0.9301987506888926,0
/home/anitadonato/tcc/tcc/data/lfw/lfw-funneled/Amelia_Vega/Amelia_Vega_0005.jpg,/home/anitadonato/tcc/tcc/data/lfw/lfw-funneled/Michael_Powell/Michael_Powell_0001.jpg,0.9461799419141741,0
/home/anitadonato/tcc/tcc/data/lfw/lfw-funneled/Rob_Marshall/Rob_Marshall_0003.jpg,/home/anitadonato/tcc/tcc/data/lfw/lfw-funneled/Elizabeth_Smart/Elizabeth_Smart_0002.jpg,0.9202269718730555,0
/home/anitadonato/tcc/tcc/data/lfw/lfw-funneled/Vanessa_Redgrave/Vanessa_Redgrave_0003.jpg,/home/anitadonato/tcc/tcc/data/lfw/lfw-funneled/Li_Peng/Li_Peng_0004.jpg,0.8704267590581712,0
/home/anitadonato/tcc/tcc/data/lfw/lfw-funneled/Mohammed_Al-Douri/Mohammed_Al-Douri_0002.jpg,/home/anitadonato/tcc/tcc/data/lfw/lfw-funneled/Elizabeth_Smart/Elizabeth_Smart_0001.jpg,0.9090227772110977,0
/home/anitadonato/tcc/tcc/data/lfw/lfw-funneled/Tom_Crean/Tom_Crean_0003.jpg,/home/anitadonato/tcc/tcc/data/lfw/lfw-funneled/Salma_Hayek/Salma_Hayek_0004.jpg,0.8795896423681602,0
/home/anitadonato/tcc/tcc/data/lfw/lfw-funneled/Robert_Zoellick/Robert_Zoellick_0001.jpg,/home/anitadonato/tcc/tcc/data/lfw/lfw-funneled/William_Ford_Jr/William_Ford_Jr_0001.jpg,0.8446857405504951,0
/home/anitadonato/tcc/tcc/data/lfw/lfw-funneled/Alvaro_Uribe/Alvaro_Uribe_0002.jpg,/home/anitadonato/tcc/tcc/data/lfw/lfw-funneled/Ai_Sugiyama/Ai_Sugiyama_0003.jpg,0.8891974225474817,0
/home/anitadonato/tcc/tcc/data/lfw/lfw-funneled/Lleyton_Hewitt/Lleyton_Hewitt_0005.jpg,/home/anitadonato/tcc/tcc/data/lfw/lfw-funneled/Clara_Harris/Clara_Harris_0003.jpg,0.9327487428351764,0
/home/anitadonato/tcc/tcc/data/lfw/lfw-funneled/John_Stockton/John_Stockton_0003.jpg,/home/anitadonato/tcc/tcc/data/lfw/lfw-funneled/Amelia_Vega/Amelia_Vega_0003.jpg,0.6973759104852233,0
/home/anitadonato/tcc/tcc/data/lfw/lfw-funneled/John_Paul_II/John_Paul_II_0004.jpg,/home/anitadonato/tcc/tcc/data/lfw/lfw-funneled/William_Ford_Jr/William_Ford_Jr_0004.jpg,0.9135487983672195,0
/home/anitadonato/tcc/tcc/data/lfw/lfw-funneled/Vanessa_Redgrave/Vanessa_Redgrave_0004.jpg,/home/anitadonato/tcc/tcc/data/lfw/lfw-funneled/Hugh_Grant/Hugh_Grant_0004.jpg,0.9064831955229613,0
/home/anitadonato/tcc/tcc/data/lfw/lfw-funneled/Silvan_Shalom/Silvan_Shalom_0002.jpg,/home/anitadonato/tcc/tcc/data/lfw/lfw-funneled/Mohamed_ElBaradei/Mohamed_ElBaradei_0001.jpg,0.7704682237385125,0
/home/anitadonato/tcc/tcc/data/lfw/lfw-funneled/Paul_Burrell/Paul_Burrell_0001.jpg,/home/anitadonato/tcc/tcc/data/lfw/lfw-funneled/Luis_Horna/Luis_Horna_0002.jpg,0.902866106587069,0
/home/anitadonato/tcc/tcc/data/lfw/lfw-funneled/Spencer_Abraham/Spencer_Abraham_0005.jpg,/home/anitadonato/tcc/tcc/data/lfw/lfw-funneled/Nia_Vardalos/Nia_Vardalos_0004.jpg,0.9372968169310358,0
/home/anitadonato/tcc/tcc/data/lfw/lfw-funneled/Zhu_Rongji/Zhu_Rongji_0004.jpg,/home/anitadonato/tcc/tcc/data/lfw/lfw-funneled/Catherine_Zeta-Jones/Catherine_Zeta-Jones_0002.jpg,0.9404875798241911,0
/home/anitadonato/tcc/tcc/data/lfw/lfw-funneled/JK_Rowling/JK_Rowling_0003.jpg,/home/anitadonato/tcc/tcc/data/lfw/lfw-funneled/Jean-Pierre_Raffarin/Jean-Pierre_Raffarin_0005.jpg,0.8897145745897083,0
/home/anitadonato/tcc/tcc/data/lfw/lfw-funneled/Christine_Todd_Whitman/Christine_Todd_Whitman_0002.jpg,/home/anitadonato/tcc/tcc/data/lfw/lfw-funneled/Maria_Shriver/Maria_Shriver_0004.jpg,0.8741363187691357,0
/home/anitadonato/tcc/tcc/data/lfw/lfw-funneled/Richard_Gere/Richard_Gere_0004.jpg,/home/anitadonato/tcc/tcc/data/lfw/lfw-funneled/Sharon_Stone/Sharon_Stone_0004.jpg,0.9312651310044444,0
/home/anitadonato/tcc/tcc/data/lfw/lfw-funneled/Yoko_Ono/Yoko_Ono_0003.jpg,/home/anitadonato/tcc/tcc/data/lfw/lfw-funneled/Ana_Palacio/Ana_Palacio_0003.jpg,0.7600348060831852,0
/home/anitadonato/tcc/tcc/data/lfw/lfw-funneled/Tiger_Woods/Tiger_Woods_0005.jpg,/home/anitadonato/tcc/tcc/data/lfw/lfw-funneled/Angelina_Jolie/Angelina_Jolie_0005.jpg,0.9096447016349175,0
/home/anitadonato/tcc/tcc/data/lfw/lfw-funneled/Rob_Marshall/Rob_Marshall_0002.jpg,/home/anitadonato/tcc/tcc/data/lfw/lfw-funneled/Tom_Cruise/Tom_Cruise_0003.jpg,0.8343061870769682,0
/home/anitadonato/tcc/tcc/data/lfw/lfw-funneled/Tom_Harkin/Tom_Harkin_0005.jpg,/home/anitadonato/tcc/tcc/data/lfw/lfw-funneled/Tom_Daschle/Tom_Daschle_0001.jpg,0.8455182006326772,0
/home/anitadonato/tcc/tcc/data/lfw/lfw-funneled/Jose_Maria_Aznar/Jose_Maria_Aznar_0002.jpg,/home/anitadonato/tcc/tcc/data/lfw/lfw-funneled/Tung_Chee-hwa/Tung_Chee-hwa_0004.jpg,0.9176068729281907,0
/home/anitadonato/tcc/tcc/data/lfw/lfw-funneled/Mike_Martz/Mike_Martz_0004.jpg,/home/anitadonato/tcc/tcc/data/lfw/lfw-funneled/Tung_Chee-hwa/Tung_Chee-hwa_0002.jpg,0.8673360938507537,0
/home/anitadonato/tcc/tcc/data/lfw/lfw-funneled/Steve_Lavin/Steve_Lavin_0001.jpg,/home/anitadonato/tcc/tcc/data/lfw/lfw-funneled/JK_Rowling/JK_Rowling_0001.jpg,0.8741065366581084,0
/home/anitadonato/tcc/tcc/data/lfw/lfw-funneled/Maria_Soledad_Alvear_Valenzuela/Maria_Soledad_Alvear_Valenzuela_0005.jpg,/home/anitadonato/tcc/tcc/data/lfw/lfw-funneled/Tommy_Franks/Tommy_Franks_0004.jpg,0.8539093307278678,0
/home/anitadonato/tcc/tcc/data/lfw/lfw-funneled/Meryl_Streep/Meryl_Streep_0001.jpg,/home/anitadonato/tcc/tcc/data/lfw/lfw-funneled/Fidel_Castro/Fidel_Castro_0004.jpg,0.9607810120157392,0
/home/anitadonato/tcc/tcc/data/lfw/lfw-funneled/Halle_Berry/Halle_Berry_0003.jpg,/home/anitadonato/tcc/tcc/data/lfw/lfw-funneled/Queen_Rania/Queen_Rania_0003.jpg,0.7754454013144775,0
/home/anitadonato/tcc/tcc/data/lfw/lfw-funneled/Mohammed_Al-Douri/Mohammed_Al-Douri_0002.jpg,/home/anitadonato/tcc/tcc/data/lfw/lfw-funneled/Antonio_Banderas/Antonio_Banderas_0005.jpg,0.9420953244328106,0
/home/anitadonato/tcc/tcc/data/lfw/lfw-funneled/Maria_Soledad_Alvear_Valenzuela/Maria_Soledad_Alvear_Valenzuela_0004.jpg,/home/anitadonato/tcc/tcc/data/lfw/lfw-funneled/Tony_Blair/Tony_Blair_0002.jpg,0.7970263488286433,0
/home/anitadonato/tcc/tcc/data/lfw/lfw-funneled/George_Robertson/George_Robertson_0004.jpg,/home/anitadonato/tcc/tcc/data/lfw/lfw-funneled/Mike_Weir/Mike_Weir_0005.jpg,0.9502066714068842,0
/home/anitadonato/tcc/tcc/data/lfw/lfw-funneled/Xavier_Malisse/Xavier_Malisse_0004.jpg,/home/anitadonato/tcc/tcc/data/lfw/lfw-funneled/Pedro_Malan/Pedro_Malan_0004.jpg,0.8659358784148445,0
/home/anitadonato/tcc/tcc/data/lfw/lfw-funneled/Jiri_Novak/Jiri_Novak_0004.jpg,/home/anitadonato/tcc/tcc/data/lfw/lfw-funneled/Kate_Hudson/Kate_Hudson_0001.jpg,0.9214849933537327,0
/home/anitadonato/tcc/tcc/data/lfw/lfw-funneled/Spencer_Abraham/Spencer_Abraham_0004.jpg,/home/anitadonato/tcc/tcc/data/lfw/lfw-funneled/Hamid_Karzai/Hamid_Karzai_0001.jpg,0.8799803507489472,0
/home/anitadonato/tcc/tcc/data/lfw/lfw-funneled/Steve_Lavin/Steve_Lavin_0001.jpg,/home/anitadonato/tcc/tcc/data/lfw/lfw-funneled/Al_Sharpton/Al_Sharpton_0001.jpg,0.8165389463464249,0
/home/anitadonato/tcc/tcc/data/lfw/lfw-funneled/Megawati_Sukarnoputri/Megawati_Sukarnoputri_0003.jpg,/home/anitadonato/tcc/tcc/data/lfw/lfw-funneled/Valery_Giscard_dEstaing/Valery_Giscard_dEstaing_0005.jpg,0.8532801055883935,0
/home/anitadonato/tcc/tcc/data/lfw/lfw-funneled/Roh_Moo-hyun/Roh_Moo-hyun_0004.jpg,/home/anitadonato/tcc/tcc/data/lfw/lfw-funneled/Ann_Veneman/Ann_Veneman_0003.jpg,0.9045147075875116,0
/home/anitadonato/tcc/tcc/data/lfw/lfw-funneled/Hans_Blix/Hans_Blix_0002.jpg,/home/anitadonato/tcc/tcc/data/lfw/lfw-funneled/Billy_Crystal/Billy_Crystal_0004.jpg,0.7674889929006169,0
/home/anitadonato/tcc/tcc/data/lfw/lfw-funneled/Bernard_Law/Bernard_Law_0005.jpg,/home/anitadonato/tcc/tcc/data/lfw/lfw-funneled/Roh_Moo-hyun/Roh_Moo-hyun_0005.jpg,0.9286294087089084,0
/home/anitadonato/tcc/tcc/data/lfw/lfw-funneled/Pamela_Anderson/Pamela_Anderson_0003.jpg,/home/anitadonato/tcc/tcc/data/lfw/lfw-funneled/Julie_Gerberding/Julie_Gerberding_0004.jpg,0.9160685758254904,0
/home/anitadonato/tcc/tcc/data/lfw/lfw-funneled/William_Ford_Jr/William_Ford_Jr_0002.jpg,/home/anitadonato/tcc/tcc/data/lfw/lfw-funneled/Natalie_Coughlin/Natalie_Coughlin_0001.jpg,0.7929191447952626,0
/home/anitadonato/tcc/tcc/data/lfw/lfw-funneled/David_Trimble/David_Trimble_0003.jpg,/home/anitadonato/tcc/tcc/data/lfw/lfw-funneled/Roy_Moore/Roy_Moore_0005.jpg,0.7077191242009354,0
/home/anitadonato/tcc/tcc/data/lfw/lfw-funneled/Tom_Daschle/Tom_Daschle_0001.jpg,/home/anitadonato/tcc/tcc/data/lfw/lfw-funneled/Nancy_Pelosi/Nancy_Pelosi_0001.jpg,0.8144091673373461,0
/home/anitadonato/tcc/tcc/data/lfw/lfw-funneled/Fidel_Castro/Fidel_Castro_0002.jpg,/home/anitadonato/tcc/tcc/data/lfw/lfw-funneled/Meryl_Streep/Meryl_Streep_0004.jpg,0.9590955558395129,0
/home/anitadonato/tcc/tcc/data/lfw/lfw-funneled/Robert_De_Niro/Robert_De_Niro_0005.jpg,/home/anitadonato/tcc/tcc/data/lfw/lfw-funneled/Benjamin_Netanyahu/Benjamin_Netanyahu_0002.jpg,0.9380132931883953,0
/home/anitadonato/tcc/tcc/data/lfw/lfw-funneled/Joe_Lieberman/Joe_Lieberman_0004.jpg,/home/anitadonato/tcc/tcc/data/lfw/lfw-funneled/Kate_Hudson/Kate_Hudson_0002.jpg,0.8406814442259011,0
/home/anitadonato/tcc/tcc/data/lfw/lfw-funneled/Mike_Weir/Mike_Weir_0003.jpg,/home/anitadonato/tcc/tcc/data/lfw/lfw-funneled/Joe_Lieberman/Joe_Lieberman_0001.jpg,0.9334593815226989,0
/home/anitadonato/tcc/tcc/data/lfw/lfw-funneled/Bill_McBride/Bill_McBride_0001.jpg,/home/anitadonato/tcc/tcc/data/lfw/lfw-funneled/Nia_Vardalos/Nia_Vardalos_0005.jpg,0.9186022426782465,0
/home/anitadonato/tcc/tcc/data/lfw/lfw-funneled/Fujio_Cho/Fujio_Cho_0004.jpg,/home/anitadonato/tcc/tcc/data/lfw/lfw-funneled/Jacques_Chirac/Jacques_Chirac_0004.jpg,0.7781529871745951,0
/home/anitadonato/tcc/tcc/data/lfw/lfw-funneled/Kurt_Warner/Kurt_Warner_0005.jpg,/home/anitadonato/tcc/tcc/data/lfw/lfw-funneled/Adrien_Brody/Adrien_Brody_0002.jpg,0.9360852860805351,0
/home/anitadonato/tcc/tcc/data/lfw/lfw-funneled/Mark_Hurlbert/Mark_Hurlbert_0005.jpg,/home/anitadonato/tcc/tcc/data/lfw/lfw-funneled/Carlos_Moya/Carlos_Moya_0001.jpg,0.861700109279663,0
/home/anitadonato/tcc/tcc/data/lfw/lfw-funneled/Carmen_Electra/Carmen_Electra_0005.jpg,/home/anitadonato/tcc/tcc/data/lfw/lfw-funneled/Jose_Maria_Aznar/Jose_Maria_Aznar_0004.jpg,0.8570032804133301,0
/home/anitadonato/tcc/tcc/data/lfw/lfw-funneled/Carlos_Menem/Carlos_Menem_0002.jpg,/home/anitadonato/tcc/tcc/data/lfw/lfw-funneled/Michael_Powell/Michael_Powell_0005.jpg,0.754117451179061,0
/home/anitadonato/tcc/tcc/data/lfw/lfw-funneled/Woody_Allen/Woody_Allen_0002.jpg,/home/anitadonato/tcc/tcc/data/lfw/lfw-funneled/John_Stockton/John_Stockton_0001.jpg,0.905294721823236,0
/home/anitadonato/tcc/tcc/data/lfw/lfw-funneled/George_Lopez/George_Lopez_0005.jpg,/home/anitadonato/tcc/tcc/data/lfw/lfw-funneled/Kurt_Warner/Kurt_Warner_0005.jpg,0.8529795055269961,0
/home/anitadonato/tcc/tcc/data/lfw/lfw-funneled/Halle_Berry/Halle_Berry_0004.jpg,/home/anitadonato/tcc/tcc/data/lfw/lfw-funneled/Antonio_Banderas/Antonio_Banderas_0004.jpg,0.9050985372455024,0
/home/anitadonato/tcc/tcc/data/lfw/lfw-funneled/Cameron_Diaz/Cameron_Diaz_0002.jpg,/home/anitadonato/tcc/tcc/data/lfw/lfw-funneled/Hosni_Mubarak/Hosni_Mubarak_0003.jpg,0.931355565361766,0
/home/anitadonato/tcc/tcc/data/lfw/lfw-funneled/Jan_Ullrich/Jan_Ullrich_0003.jpg,/home/anitadonato/tcc/tcc/data/lfw/lfw-funneled/David_Trimble/David_Trimble_0004.jpg,0.8763652353153137,0
/home/anitadonato/tcc/tcc/data/lfw/lfw-funneled/Hillary_Clinton/Hillary_Clinton_0004.jpg,/home/anitadonato/tcc/tcc/data/lfw/lfw-funneled/Ai_Sugiyama/Ai_Sugiyama_0005.jpg,0.8530844933577639,0
/home/anitadonato/tcc/tcc/data/lfw/lfw-funneled/Angela_Merkel/Angela_Merkel_0005.jpg,/home/anitadonato/tcc/tcc/data/lfw/lfw-funneled/Gerhard_Schroeder/Gerhard_Schroeder_0003.jpg,0.8953540679129363,0
/home/anitadonato/tcc/tcc/data/lfw/lfw-funneled/Angela_Merkel/Angela_Merkel_0003.jpg,/home/anitadonato/tcc/tcc/data/lfw/lfw-funneled/Al_Sharpton/Al_Sharpton_0005.jpg,0.8538685156240812,0
/home/anitadonato/tcc/tcc/data/lfw/lfw-funneled/Cruz_Bustamante/Cruz_Bustamante_0002.jpg,/home/anitadonato/tcc/tcc/data/lfw/lfw-funneled/Cesar_Gaviria/Cesar_Gaviria_0002.jpg,0.8828731898574418,0
/home/anitadonato/tcc/tcc/data/lfw/lfw-funneled/Nicanor_Duarte_Frutos/Nicanor_Duarte_Frutos_0003.jpg,/home/anitadonato/tcc/tcc/data/lfw/lfw-funneled/Gloria_Macapagal_Arroyo/Gloria_Macapagal_Arroyo_0003.jpg,0.911757326376889,0
/home/anitadonato/tcc/tcc/data/lfw/lfw-funneled/Michael_Chiklis/Michael_Chiklis_0002.jpg,/home/anitadonato/tcc/tcc/data/lfw/lfw-funneled/Paul_Burrell/Paul_Burrell_0005.jpg,0.7040268972252789,0
/home/anitadonato/tcc/tcc/data/lfw/lfw-funneled/Michelle_Yeoh/Michelle_Yeoh_0003.jpg,/home/anitadonato/tcc/tcc/data/lfw/lfw-funneled/Hosni_Mubarak/Hosni_Mubarak_0001.jpg,0.7715260880672888,0
/home/anitadonato/tcc/tcc/data/lfw/lfw-funneled/Charlton_Heston/Charlton_Heston_0005.jpg,/home/anitadonato/tcc/tcc/data/lfw/lfw-funneled/Roy_Moore/Roy_Moore_0004.jpg,0.86865775779732,0
/home/anitadonato/tcc/tcc/data/lfw/lfw-funneled/Russell_Simmons/Russell_Simmons_0004.jpg,/home/anitadonato/tcc/tcc/data/lfw/lfw-funneled/Silvio_Berlusconi/Silvio_Berlusconi_0005.jpg,0.7782891420998721,0
/home/anitadonato/tcc/tcc/data/lfw/lfw-funneled/Thabo_Mbeki/Thabo_Mbeki_0001.jpg,/home/anitadonato/tcc/tcc/data/lfw/lfw-funneled/Rainer_Schuettler/Rainer_Schuettler_0005.jpg,0.7092767138464527,0
/home/anitadonato/tcc/tcc/data/lfw/lfw-funneled/Robert_De_Niro/Robert_De_Niro_0004.jpg,/home/anitadonato/tcc/tcc/data/lfw/lfw-funneled/Geoff_Hoon/Geoff_Hoon_0002.jpg,0.7802201788451213,0
/home/anitadonato/tcc/tcc/data/lfw/lfw-funneled/Billy_Crystal/Billy_Crystal_0001.jpg,/home/anitadonato/tcc/tcc/data/lfw/lfw-funneled/Juan_Pablo_Montoya/Juan_Pablo_Montoya_0002.jpg,0.9513627181327678,0
/home/anitadonato/tcc/tcc/data/lfw/lfw-funneled/George_HW_Bush/George_HW_Bush_0002.jpg,/home/anitadonato/tcc/tcc/data/lfw/lfw-funneled/Yasser_Arafat/Yasser_Arafat_0003.jpg,0.9492451650587974,0
/home/anitadonato/tcc/tcc/data/lfw/lfw-funneled/Amelie_Mauresmo/Amelie_Mauresmo_0002.jpg,/home/anitadonato/tcc/tcc/data/lfw/lfw-funneled/Eduardo_Duhalde/Eduardo_Duhalde_0001.jpg,0.9009772023706661,0
/home/anitadonato/tcc/tcc/data/lfw/lfw-funneled/Martha_Stewart/Martha_Stewart_0002.jpg,/home/anitadonato/tcc/tcc/data/lfw/lfw-funneled/Li_Peng/Li_Peng_0005.jpg,0.677203961807364,0
/home/anitadonato/tcc/tcc/data/lfw/lfw-funneled/Thaksin_Shinawatra/Thaksin_Shinawatra_0004.jpg,/home/anitadonato/tcc/tcc/data/lfw/lfw-funneled/Lleyton_Hewitt/Lleyton_Hewitt_0001.jpg,0.9436518721796315,0
/home/anitadonato/tcc/tcc/data/lfw/lfw-funneled/Michael_Schumacher/Michael_Schumacher_0005.jpg,/home/anitadonato/tcc/tcc/data/lfw/lfw-funneled/Michael_Chiklis/Michael_Chiklis_0002.jpg,0.850237235948206,0
/home/anitadonato/tcc/tcc/data/lfw/lfw-funneled/Jean_Chretien/Jean_Chretien_0005.jpg,/home/anitadonato/tcc/tcc/data/lfw/lfw-funneled/Alejandro_Toledo/Alejandro_Toledo_0004.jpg,0.7985323457935039,0
/home/anitadonato/tcc/tcc/data/lfw/lfw-funneled/Renee_Zellweger/Renee_Zellweger_0003.jpg,/home/anitadonato/tcc/tcc/data/lfw/lfw-funneled/Carlos_Menem/Carlos_Menem_0001.jpg,0.8832661280654724,0
/home/anitadonato/tcc/tcc/data/lfw/lfw-funneled/Jean-Pierre_Raffarin/Jean-Pierre_Raffarin_0004.jpg,/home/anitadonato/tcc/tcc/data/lfw/lfw-funneled/George_Lopez/George_Lopez_0003.jpg,0.883240063181232,0
/home/anitadonato/tcc/tcc/data/lfw/lfw-funneled/Carmen_Electra/Carmen_Electra_0001.jpg,/home/anitadonato/tcc/tcc/data/lfw/lfw-funneled/Billy_Crystal/Billy_Crystal_0003.jpg,0.880871900694771,0
/home/anitadonato/tcc/tcc/data/lfw/lfw-funneled/Hal_Gehman/Hal_Gehman_0004.jpg,/home/anitadonato/tcc/tcc/data/lfw/lfw-funneled/Valery_Giscard_dEstaing/Valery_Giscard_dEstaing_0002.jpg,0.7217979480578749,0
/home/anitadonato/tcc/tcc/data/lfw/lfw-funneled/Abdullah_Gul/Abdullah_Gul_0003.jpg,/home/anitadonato/tcc/tcc/data/lfw/lfw-funneled/Angelina_Jolie/Angelina_Jolie_0005.jpg,0.9404878300111289,0
/home/anitadonato/tcc/tcc/data/lfw/lfw-funneled/Grant_Hackett/Grant_Hackett_0005.jpg,/home/anitadonato/tcc/tcc/data/lfw/lfw-funneled/Robert_Zoellick/Robert_Zoellick_0002.jpg,0.9303285010541471,0
/home/anitadonato/tcc/tcc/data/lfw/lfw-funneled/Princess_Caroline/Princess_Caroline_0002.jpg,/home/anitadonato/tcc/tcc/data/lfw/lfw-funneled/Rob_Marshall/Rob_Marshall_0003.jpg,0.8940588015909227,0
/home/anitadonato/tcc/tcc/data/lfw/lfw-funneled/Xavier_Malisse/Xavier_Malisse_0001.jpg,/home/anitadonato/tcc/tcc/data/lfw/lfw-funneled/Vladimir_Putin/Vladimir_Putin_0002.jpg,0.886856889491782,0
/home/anitadonato/tcc/tcc/data/lfw/lfw-funneled/Woody_Allen/Woody_Allen_0005.jpg,/home/anitadonato/tcc/tcc/data/lfw/lfw-funneled/Natalie_Maines/Natalie_Maines_0001.jpg,0.8872985911626452,0
/home/anitadonato/tcc/tcc/data/lfw/lfw-funneled/Tony_Blair/Tony_Blair_0004.jpg,/home/anitadonato/tcc/tcc/data/lfw/lfw-funneled/Rudolph_Giuliani/Rudolph_Giuliani_0003.jpg,0.923567705188839,0
/home/anitadonato/tcc/tcc/data/lfw/lfw-funneled/Steve_Lavin/Steve_Lavin_0002.jpg,/home/anitadonato/tcc/tcc/data/lfw/lfw-funneled/Roger_Federer/Roger_Federer_0002.jpg,0.8144736693293507,0
/home/anitadonato/tcc/tcc/data/lfw/lfw-funneled/Russell_Simmons/Russell_Simmons_0001.jpg,/home/anitadonato/tcc/tcc/data/lfw/lfw-funneled/Benjamin_Netanyahu/Benjamin_Netanyahu_0003.jpg,0.909109178120966,0
/home/anitadonato/tcc/tcc/data/lfw/lfw-funneled/Paradorn_Srichaphan/Paradorn_Srichaphan_0002.jpg,/home/anitadonato/tcc/tcc/data/lfw/lfw-funneled/John_Bolton/John_Bolton_0001.jpg,0.9054566034777723,0
/home/anitadonato/tcc/tcc/data/lfw/lfw-funneled/Jennifer_Lopez/Jennifer_Lopez_0005.jpg,/home/anitadonato/tcc/tcc/data/lfw/lfw-funneled/Halle_Berry/Halle_Berry_0001.jpg,0.7578337655143521,0
/home/anitadonato/tcc/tcc/data/lfw/lfw-funneled/Princess_Caroline/Princess_Caroline_0005.jpg,/home/anitadonato/tcc/tcc/data/lfw/lfw-funneled/John_Manley/John_Manley_0003.jpg,0.8689377790437515,0
/home/anitadonato/tcc/tcc/data/lfw/lfw-funneled/Christine_Baumgartner/Christine_Baumgartner_0005.jpg,/home/anitadonato/tcc/tcc/data/lfw/lfw-funneled/Silvio_Berlusconi/Silvio_Berlusconi_0003.jpg,0.8904984371977316,0
/home/anitadonato/tcc/tcc/data/lfw/lfw-funneled/Bob_Hope/Bob_Hope_0003.jpg,/home/anitadonato/tcc/tcc/data/lfw/lfw-funneled/John_Bolton/John_Bolton_0005.jpg,0.9010471166435369,0
/home/anitadonato/tcc/tcc/data/lfw/lfw-funneled/John_Negroponte/John_Negroponte_0005.jpg,/home/anitadonato/tcc/tcc/data/lfw/lfw-funneled/Boris_Becker/Boris_Becker_0001.jpg,0.7994303552284527,0
/home/anitadonato/tcc/tcc/data/lfw/lfw-funneled/Antonio_Banderas/Antonio_Banderas_0004.jpg,/home/anitadonato/tcc/tcc/data/lfw/lfw-funneled/Tommy_Franks/Tommy_Franks_0005.jpg,0.8967138571925031,0
/home/anitadonato/tcc/tcc/data/lfw/lfw-funneled/Ludivine_Sagnier/Ludivine_Sagnier_0001.jpg,/home/anitadonato/tcc/tcc/data/lfw/lfw-funneled/Hamid_Karzai/Hamid_Karzai_0003.jpg,0.8485429724656207,0
/home/anitadonato/tcc/tcc/data/lfw/lfw-funneled/John_Negroponte/John_Negroponte_0003.jpg,/home/anitadonato/tcc/tcc/data/lfw/lfw-funneled/Mike_Myers/Mike_Myers_0003.jpg,0.8672758231753002,0
/home/anitadonato/tcc/tcc/data/lfw/lfw-funneled/Salma_Hayek/Salma_Hayek_0002.jpg,/home/anitadonato/tcc/tcc/data/lfw/lfw-funneled/Li_Peng/Li_Peng_0005.jpg,0.9361667916369633,0
/home/anitadonato/tcc/tcc/data/lfw/lfw-funneled/John_Travolta/John_Travolta_0005.jpg,/home/anitadonato/tcc/tcc/data/lfw/lfw-funneled/Pamela_Anderson/Pamela_Anderson_0001.jpg,0.9174016594857851,0
/home/anitadonato/tcc/tcc/data/lfw/lfw-funneled/William_Ford_Jr/William_Ford_Jr_0003.jpg,/home/anitadonato/tcc/tcc/data/lfw/lfw-funneled/Juan_Pablo_Montoya/Juan_Pablo_Montoya_0004.jpg,0.8257486397446205,0
/home/anitadonato/tcc/tcc/data/lfw/lfw-funneled/Queen_Rania/Queen_Rania_0005.jpg,/home/anitadonato/tcc/tcc/data/lfw/lfw-funneled/Maria_Soledad_Alvear_Valenzuela/Maria_Soledad_Alvear_Valenzuela_0005.jpg,0.8796213825408213,0
/home/anitadonato/tcc/tcc/data/lfw/lfw-funneled/John_Allen_Muhammad/John_Allen_Muhammad_0003.jpg,/home/anitadonato/tcc/tcc/data/lfw/lfw-funneled/Rudolph_Giuliani/Rudolph_Giuliani_0004.jpg,0.8948751595176501,0
/home/anitadonato/tcc/tcc/data/lfw/lfw-funneled/William_Ford_Jr/William_Ford_Jr_0003.jpg,/home/anitadonato/tcc/tcc/data/lfw/lfw-funneled/Arminio_Fraga/Arminio_Fraga_0005.jpg,0.7603698957813008,0
/home/anitadonato/tcc/tcc/data/lfw/lfw-funneled/Rob_Marshall/Rob_Marshall_0001.jpg,/home/anitadonato/tcc/tcc/data/lfw/lfw-funneled/Britney_Spears/Britney_Spears_0005.jpg,0.8577864353891945,0
/home/anitadonato/tcc/tcc/data/lfw/lfw-funneled/Jacques_Chirac/Jacques_Chirac_0005.jpg,/home/anitadonato/tcc/tcc/data/lfw/lfw-funneled/Nancy_Pelosi/Nancy_Pelosi_0005.jpg,0.9022627852462699,0
/home/anitadonato/tcc/tcc/data/lfw/lfw-funneled/Xavier_Malisse/Xavier_Malisse_0001.jpg,/home/anitadonato/tcc/tcc/data/lfw/lfw-funneled/Richard_Gere/Richard_Gere_0003.jpg,0.9178717029398621,0
/home/anitadonato/tcc/tcc/data/lfw/lfw-funneled/Mohamed_ElBaradei/Mohamed_ElBaradei_0003.jpg,/home/anitadonato/tcc/tcc/data/lfw/lfw-funneled/Jeremy_Greenstock/Jeremy_Greenstock_0005.jpg,0.9056513184974119,0
/home/anitadonato/tcc/tcc/data/lfw/lfw-funneled/Matthew_Perry/Matthew_Perry_0002.jpg,/home/anitadonato/tcc/tcc/data/lfw/lfw-funneled/Natalie_Coughlin/Natalie_Coughlin_0005.jpg,0.796574659788744,0
/home/anitadonato/tcc/tcc/data/lfw/lfw-funneled/John_Snow/John_Snow_0001.jpg,/home/anitadonato/tcc/tcc/data/lfw/lfw-funneled/Carlos_Moya/Carlos_Moya_0002.jpg,0.8892734031754098,0
/home/anitadonato/tcc/tcc/data/lfw/lfw-funneled/Juan_Pablo_Montoya/Juan_Pablo_Montoya_0002.jpg,/home/anitadonato/tcc/tcc/data/lfw/lfw-funneled/Cruz_Bustamante/Cruz_Bustamante_0004.jpg,0.805282891150528,0
/home/anitadonato/tcc/tcc/data/lfw/lfw-funneled/Spencer_Abraham/Spencer_Abraham_0005.jpg,/home/anitadonato/tcc/tcc/data/lfw/lfw-funneled/Ann_Veneman/Ann_Veneman_0004.jpg,0.9617343656724945,0
/home/anitadonato/tcc/tcc/data/lfw/lfw-funneled/Alejandro_Toledo/Alejandro_Toledo_0002.jpg,/home/anitadonato/tcc/tcc/data/lfw/lfw-funneled/Bob_Hope/Bob_Hope_0001.jpg,0.8183511893275457,0
/home/anitadonato/tcc/tcc/data/lfw/lfw-funneled/Mike_Weir/Mike_Weir_0003.jpg,/home/anitadonato/tcc/tcc/data/lfw/lfw-funneled/Julie_Gerberding/Julie_Gerberding_0001.jpg,0.8421786103261011,0
/home/anitadonato/tcc/tcc/data/lfw/lfw-funneled/Pedro_Malan/Pedro_Malan_0001.jpg,/home/anitadonato/tcc/tcc/data/lfw/lfw-funneled/Bob_Hope/Bob_Hope_0002.jpg,0.7462315797523813,0
/home/anitadonato/tcc/tcc/data/lfw/lfw-funneled/Eduardo_Duhalde/Eduardo_Duhalde_0001.jpg,/home/anitadonato/tcc/tcc/data/lfw/lfw-funneled/Steve_Lavin/Steve_Lavin_0005.jpg,0.8511552406838615,0
/home/anitadonato/tcc/tcc/data/lfw/lfw-funneled/Muhammad_Saeed_al-Sahhaf/Muhammad_Saeed_al-Sahhaf_0004.jpg,/home/anitadonato/tcc/tcc/data/lfw/lfw-funneled/Anna_Kournikova/Anna_Kournikova_0004.jpg,0.8381238419522076,0
/home/anitadonato/tcc/tcc/data/lfw/lfw-funneled/Gonzalo_Sanchez_de_Lozada/Gonzalo_Sanchez_de_Lozada_0004.jpg,/home/anitadonato/tcc/tcc/data/lfw/lfw-funneled/Cruz_Bustamante/Cruz_Bustamante_0004.jpg,0.8813927441874853,0
/home/anitadonato/tcc/tcc/data/lfw/lfw-funneled/Jiri_Novak/Jiri_Novak_0004.jpg,/home/anitadonato/tcc/tcc/data/lfw/lfw-funneled/Heidi_Klum/Heidi_Klum_0001.jpg,0.8411097372131627,0
/home/anitadonato/tcc/tcc/data/lfw/lfw-funneled/John_Snow/John_Snow_0005.jpg,/home/anitadonato/tcc/tcc/data/lfw/lfw-funneled/Carlos_Moya/Carlos_Moya_0001.jpg,0.9252450950804961,0
/home/anitadonato/tcc/tcc/data/lfw/lfw-funneled/Bill_McBride/Bill_McBride_0005.jpg,/home/anitadonato/tcc/tcc/data/lfw/lfw-funneled/Jean_Chretien/Jean_Chretien_0001.jpg,0.8492439279657269,0
/home/anitadonato/tcc/tcc/data/lfw/lfw-funneled/Angela_Merkel/Angela_Merkel_0003.jpg,/home/anitadonato/tcc/tcc/data/lfw/lfw-funneled/Bob_Hope/Bob_Hope_0005.jpg,0.8134256669553899,0
/home/anitadonato/tcc/tcc/data/lfw/lfw-funneled/Robert_De_Niro/Robert_De_Niro_0003.jpg,/home/anitadonato/tcc/tcc/data/lfw/lfw-funneled/Tom_Crean/Tom_Crean_0005.jpg,0.9323401274367057,0
/home/anitadonato/tcc/tcc/data/lfw/lfw-funneled/Pedro_Malan/Pedro_Malan_0004.jpg,/home/anitadonato/tcc/tcc/data/lfw/lfw-funneled/Britney_Spears/Britney_Spears_0004.jpg,0.8420670119095424,0
/home/anitadonato/tcc/tcc/data/lfw/lfw-funneled/Jan_Ullrich/Jan_Ullrich_0001.jpg,/home/anitadonato/tcc/tcc/data/lfw/lfw-funneled/Tung_Chee-hwa/Tung_Chee-hwa_0004.jpg,0.8719046055148837,0
/home/anitadonato/tcc/tcc/data/lfw/lfw-funneled/Tommy_Franks/Tommy_Franks_0002.jpg,/home/anitadonato/tcc/tcc/data/lfw/lfw-funneled/John_Snow/John_Snow_0002.jpg,0.9052762240489985,0
/home/anitadonato/tcc/tcc/data/lfw/lfw-funneled/Gerhard_Schroeder/Gerhard_Schroeder_0005.jpg,/home/anitadonato/tcc/tcc/data/lfw/lfw-funneled/Walter_Mondale/Walter_Mondale_0003.jpg,0.7217101009190423,0
/home/anitadonato/tcc/tcc/data/lfw/lfw-funneled/Abdullah_Gul/Abdullah_Gul_0003.jpg,/home/anitadonato/tcc/tcc/data/lfw/lfw-funneled/Costas_Simitis/Costas_Simitis_0003.jpg,0.8858468320674995,0
/home/anitadonato/tcc/tcc/data/lfw/lfw-funneled/Alvaro_Uribe/Alvaro_Uribe_0005.jpg,/home/anitadonato/tcc/tcc/data/lfw/lfw-funneled/Carmen_Electra/Carmen_Electra_0002.jpg,0.7774919758694607,0
/home/anitadonato/tcc/tcc/data/lfw/lfw-funneled/Fujio_Cho/Fujio_Cho_0001.jpg,/home/anitadonato/tcc/tcc/data/lfw/lfw-funneled/Rudolph_Giuliani/Rudolph_Giuliani_0005.jpg,0.8642184309484582,0
/home/anitadonato/tcc/tcc/data/lfw/lfw-funneled/Martin_Scorsese/Martin_Scorsese_0005.jpg,/home/anitadonato/tcc/tcc/data/lfw/lfw-funneled/Walter_Mondale/Walter_Mondale_0005.jpg,0.898221240351138,0
/home/anitadonato/tcc/tcc/data/lfw/lfw-funneled/Matthew_Perry/Matthew_Perry_0002.jpg,/home/anitadonato/tcc/tcc/data/lfw/lfw-funneled/David_Anderson/David_Anderson_0003.jpg,0.8997197395615832,0
/home/anitadonato/tcc/tcc/data/lfw/lfw-funneled/Mike_Myers/Mike_Myers_0005.jpg,/home/anitadonato/tcc/tcc/data/lfw/lfw-funneled/Fernando_Gonzalez/Fernando_Gonzalez_0002.jpg,0.8482849212395702,0
/home/anitadonato/tcc/tcc/data/lfw/lfw-funneled/Colin_Powell/Colin_Powell_0002.jpg,/home/anitadonato/tcc/tcc/data/lfw/lfw-funneled/Boris_Becker/Boris_Becker_0005.jpg,0.9426577021418059,0
/home/anitadonato/tcc/tcc/data/lfw/lfw-funneled/Eduardo_Duhalde/Eduardo_Duhalde_0001.jpg,/home/anitadonato/tcc/tcc/data/lfw/lfw-funneled/Jeremy_Greenstock/Jeremy_Greenstock_0002.jpg,0.8768568840136326,0
/home/anitadonato/tcc/tcc/data/lfw/lfw-funneled/Juan_Pablo_Montoya/Juan_Pablo_Montoya_0001.jpg,/home/anitadonato/tcc/tcc/data/lfw/lfw-funneled/Zhu_Rongji/Zhu_Rongji_0005.jpg,0.8857625240449721,0
/home/anitadonato/tcc/tcc/data/lfw/lfw-funneled/Habib_Rizieq/Habib_Rizieq_0005.jpg,/home/anitadonato/tcc/tcc/data/lfw/lfw-funneled/Alejandro_Toledo/Alejandro_Toledo_0001.jpg,0.94136771194621,0
/home/anitadonato/tcc/tcc/data/lfw/lfw-funneled/Tom_Crean/Tom_Crean_0001.jpg,/home/anitadonato/tcc/tcc/data/lfw/lfw-funneled/Juan_Pablo_Montoya/Juan_Pablo_Montoya_0003.jpg,0.8863255051512653,0
/home/anitadonato/tcc/tcc/data/lfw/lfw-funneled/Elizabeth_Smart/Elizabeth_Smart_0005.jpg,/home/anitadonato/tcc/tcc/data/lfw/lfw-funneled/Pervez_Musharraf/Pervez_Musharraf_0004.jpg,0.9007945639225002,0
/home/anitadonato/tcc/tcc/data/lfw/lfw-funneled/Bernard_Law/Bernard_Law_0002.jpg,/home/anitadonato/tcc/tcc/data/lfw/lfw-funneled/Lleyton_Hewitt/Lleyton_Hewitt_0002.jpg,0.9199332636540952,0
/home/anitadonato/tcc/tcc/data/lfw/lfw-funneled/Elizabeth_Smart/Elizabeth_Smart_0005.jpg,/home/anitadonato/tcc/tcc/data/lfw/lfw-funneled/Britney_Spears/Britney_Spears_0001.jpg,0.8786957492858857,0
/home/anitadonato/tcc/tcc/data/lfw/lfw-funneled/Jeremy_Greenstock/Jeremy_Greenstock_0004.jpg,/home/anitadonato/tcc/tcc/data/lfw/lfw-funneled/Erika_Harold/Erika_Harold_0004.jpg,0.9510611884928297,0
/home/anitadonato/tcc/tcc/data/lfw/lfw-funneled/Bernard_Law/Bernard_Law_0003.jpg,/home/anitadonato/tcc/tcc/data/lfw/lfw-funneled/Michael_Schumacher/Michael_Schumacher_0005.jpg,0.8285706043912208,0
/home/anitadonato/tcc/tcc/data/lfw/lfw-funneled/Jennifer_Lopez/Jennifer_Lopez_0005.jpg,/home/anitadonato/tcc/tcc/data/lfw/lfw-funneled/Tom_Cruise/Tom_Cruise_0003.jpg,0.9452193431008583,0
/home/anitadonato/tcc/tcc/data/lfw/lfw-funneled/Jiri_Novak/Jiri_Novak_0002.jpg,/home/anitadonato/tcc/tcc/data/lfw/lfw-funneled/Martin_McGuinness/Martin_McGuinness_0001.jpg,0.856088218254291,0
/home/anitadonato/tcc/tcc/data/lfw/lfw-funneled/Jiri_Novak/Jiri_Novak_0002.jpg,/home/anitadonato/tcc/tcc/data/lfw/lfw-funneled/Norm_Coleman/Norm_Coleman_0004.jpg,0.9485506135831572,0
/home/anitadonato/tcc/tcc/data/lfw/lfw-funneled/Sourav_Ganguly/Sourav_Ganguly_0002.jpg,/home/anitadonato/tcc/tcc/data/lfw/lfw-funneled/Salma_Hayek/Salma_Hayek_0003.jpg,0.8597549365704984,0
/home/anitadonato/tcc/tcc/data/lfw/lfw-funneled/Joseph_Biden/Joseph_Biden_0004.jpg,/home/anitadonato/tcc/tcc/data/lfw/lfw-funneled/Habib_Rizieq/Habib_Rizieq_0003.jpg,0.906443268846792,0
/home/anitadonato/tcc/tcc/data/lfw/lfw-funneled/Princess_Caroline/Princess_Caroline_0004.jpg,/home/anitadonato/tcc/tcc/data/lfw/lfw-funneled/David_Anderson/David_Anderson_0005.jpg,0.9194469704478208,0
/home/anitadonato/tcc/tcc/data/lfw/lfw-funneled/Robert_De_Niro/Robert_De_Niro_0005.jpg,/home/anitadonato/tcc/tcc/data/lfw/lfw-funneled/Woody_Allen/Woody_Allen_0001.jpg,0.7388330901171721,0
/home/anitadonato/tcc/tcc/data/lfw/lfw-funneled/Victoria_Clarke/Victoria_Clarke_0005.jpg,/home/anitadonato/tcc/tcc/data/lfw/lfw-funneled/Ai_Sugiyama/Ai_Sugiyama_0002.jpg,0.908599117298755,0
/home/anitadonato/tcc/tcc/data/lfw/lfw-funneled/Roger_Federer/Roger_Federer_0001.jpg,/home/anitadonato/tcc/tcc/data/lfw/lfw-funneled/John_Stockton/John_Stockton_0001.jpg,0.8259230482793977,0
/home/anitadonato/tcc/tcc/data/lfw/lfw-funneled/Heidi_Klum/Heidi_Klum_0001.jpg,/home/anitadonato/tcc/tcc/data/lfw/lfw-funneled/Antonio_Banderas/Antonio_Banderas_0005.jpg,0.9550791778969907,0
/home/anitadonato/tcc/tcc/data/lfw/lfw-funneled/Condoleezza_Rice/Condoleezza_Rice_0005.jpg,/home/anitadonato/tcc/tcc/data/lfw/lfw-funneled/Hamid_Karzai/Hamid_Karzai_0002.jpg,0.9181082591655829,0
/home/anitadonato/tcc/tcc/data/lfw/lfw-funneled/Bulent_Ecevit/Bulent_Ecevit_0003.jpg,/home/anitadonato/tcc/tcc/data/lfw/lfw-funneled/Carmen_Electra/Carmen_Electra_0005.jpg,0.9042709416194676,0
/home/anitadonato/tcc/tcc/data/lfw/lfw-funneled/Michelle_Yeoh/Michelle_Yeoh_0002.jpg,/home/anitadonato/tcc/tcc/data/lfw/lfw-funneled/Kim_Dae-jung/Kim_Dae-jung_0003.jpg,0.8062432887949339,0
/home/anitadonato/tcc/tcc/data/lfw/lfw-funneled/Walter_Mondale/Walter_Mondale_0005.jpg,/home/anitadonato/tcc/tcc/data/lfw/lfw-funneled/Bill_Gates/Bill_Gates_0003.jpg,0.6181348279068071,0
/home/anitadonato/tcc/tcc/data/lfw/lfw-funneled/Hillary_Clinton/Hillary_Clinton_0005.jpg,/home/anitadonato/tcc/tcc/data/lfw/lfw-funneled/Habib_Rizieq/Habib_Rizieq_0005.jpg,0.9430523873614763,0
/home/anitadonato/tcc/tcc/data/lfw/lfw-funneled/Amelia_Vega/Amelia_Vega_0003.jpg,/home/anitadonato/tcc/tcc/data/lfw/lfw-funneled/Jan_Ullrich/Jan_Ullrich_0005.jpg,0.9021932576093586,0
/home/anitadonato/tcc/tcc/data/lfw/lfw-funneled/Alvaro_Uribe/Alvaro_Uribe_0002.jpg,/home/anitadonato/tcc/tcc/data/lfw/lfw-funneled/Tung_Chee-hwa/Tung_Chee-hwa_0005.jpg,0.8255212478379558,0
/home/anitadonato/tcc/tcc/data/lfw/lfw-funneled/Maria_Shriver/Maria_Shriver_0005.jpg,/home/anitadonato/tcc/tcc/data/lfw/lfw-funneled/Fidel_Castro/Fidel_Castro_0002.jpg,0.9587841523582045,0
/home/anitadonato/tcc/tcc/data/lfw/lfw-funneled/Xavier_Malisse/Xavier_Malisse_0002.jpg,/home/anitadonato/tcc/tcc/data/lfw/lfw-funneled/Tommy_Franks/Tommy_Franks_0005.jpg,0.9121657624553671,0
/home/anitadonato/tcc/tcc/data/lfw/lfw-funneled/Tom_Cruise/Tom_Cruise_0002.jpg,/home/anitadonato/tcc/tcc/data/lfw/lfw-funneled/Kurt_Warner/Kurt_Warner_0004.jpg,0.9562948343989586,0
/home/anitadonato/tcc/tcc/data/lfw/lfw-funneled/Lleyton_Hewitt/Lleyton_Hewitt_0002.jpg,/home/anitadonato/tcc/tcc/data/lfw/lfw-funneled/Rudolph_Giuliani/Rudolph_Giuliani_0004.jpg,0.8574789392349123,0
/home/anitadonato/tcc/tcc/data/lfw/lfw-funneled/Ian_Thorpe/Ian_Thorpe_0003.jpg,/home/anitadonato/tcc/tcc/data/lfw/lfw-funneled/Ana_Palacio/Ana_Palacio_0003.jpg,0.9537370277273637,0
/home/anitadonato/tcc/tcc/data/lfw/lfw-funneled/Ian_Thorpe/Ian_Thorpe_0002.jpg,/home/anitadonato/tcc/tcc/data/lfw/lfw-funneled/Rudolph_Giuliani/Rudolph_Giuliani_0005.jpg,0.9275662817765992,0
/home/anitadonato/tcc/tcc/data/lfw/lfw-funneled/Salma_Hayek/Salma_Hayek_0004.jpg,/home/anitadonato/tcc/tcc/data/lfw/lfw-funneled/George_Lopez/George_Lopez_0004.jpg,0.8349869877020746,0
/home/anitadonato/tcc/tcc/data/lfw/lfw-funneled/Yoko_Ono/Yoko_Ono_0003.jpg,/home/anitadonato/tcc/tcc/data/lfw/lfw-funneled/Rudolph_Giuliani/Rudolph_Giuliani_0001.jpg,0.8649486619242618,0
/home/anitadonato/tcc/tcc/data/lfw/lfw-funneled/Angelina_Jolie/Angelina_Jolie_0003.jpg,/home/anitadonato/tcc/tcc/data/lfw/lfw-funneled/Tom_Daschle/Tom_Daschle_0003.jpg,0.9133094952658762,0
/home/anitadonato/tcc/tcc/data/lfw/lfw-funneled/Condoleezza_Rice/Condoleezza_Rice_0005.jpg,/home/anitadonato/tcc/tcc/data/lfw/lfw-funneled/Grant_Hackett/Grant_Hackett_0002.jpg,0.8374655392166377,0
/home/anitadonato/tcc/tcc/data/lfw/lfw-funneled/Tony_Blair/Tony_Blair_0004.jpg,/home/anitadonato/tcc/tcc/data/lfw/lfw-funneled/Paul_McCartney/Paul_McCartney_0003.jpg,0.9025149768494671,0
/home/anitadonato/tcc/tcc/data/lfw/lfw-funneled/Adrien_Brody/Adrien_Brody_0001.jpg,/home/anitadonato/tcc/tcc/data/lfw/lfw-funneled/Paul_McCartney/Paul_McCartney_0005.jpg,0.9317881941692496,0
/home/anitadonato/tcc/tcc/data/lfw/lfw-funneled/Eduardo_Duhalde/Eduardo_Duhalde_0002.jpg,/home/anitadonato/tcc/tcc/data/lfw/lfw-funneled/Tony_Blair/Tony_Blair_0005.jpg,0.8069373731391299,0
/home/anitadonato/tcc/tcc/data/lfw/lfw-funneled/Hamid_Karzai/Hamid_Karzai_0003.jpg,/home/anitadonato/tcc/tcc/data/lfw/lfw-funneled/Roy_Moore/Roy_Moore_0004.jpg,0.8754981727034086,0
/home/anitadonato/tcc/tcc/data/lfw/lfw-funneled/Sheryl_Crow/Sheryl_Crow_0001.jpg,/home/anitadonato/tcc/tcc/data/lfw/lfw-funneled/Megawati_Sukarnoputri/Megawati_Sukarnoputri_0005.jpg,0.9812145511561282,0
/home/anitadonato/tcc/tcc/data/lfw/lfw-funneled/Ai_Sugiyama/Ai_Sugiyama_0002.jpg,/home/anitadonato/tcc/tcc/data/lfw/lfw-funneled/Clara_Harris/Clara_Harris_0002.jpg,0.8524167884203828,0
/home/anitadonato/tcc/tcc/data/lfw/lfw-funneled/Frank_Solich/Frank_Solich_0003.jpg,/home/anitadonato/tcc/tcc/data/lfw/lfw-funneled/Colin_Montgomerie/Colin_Montgomerie_0002.jpg,0.7533415279642368,0
/home/anitadonato/tcc/tcc/data/lfw/lfw-funneled/Wayne_Ferreira/Wayne_Ferreira_0002.jpg,/home/anitadonato/tcc/tcc/data/lfw/lfw-funneled/Boris_Becker/Boris_Becker_0003.jpg,0.7371520047830002,0
/home/anitadonato/tcc/tcc/data/lfw/lfw-funneled/Megawati_Sukarnoputri/Megawati_Sukarnoputri_0001.jpg,/home/anitadonato/tcc/tcc/data/lfw/lfw-funneled/Julie_Gerberding/Julie_Gerberding_0002.jpg,0.9644216625923054,0
/home/anitadonato/tcc/tcc/data/lfw/lfw-funneled/Nia_Vardalos/Nia_Vardalos_0001.jpg,/home/anitadonato/tcc/tcc/data/lfw/lfw-funneled/Bernard_Law/Bernard_Law_0004.jpg,0.9355522024316385,0
/home/anitadonato/tcc/tcc/data/lfw/lfw-funneled/Michael_Chiklis/Michael_Chiklis_0004.jpg,/home/anitadonato/tcc/tcc/data/lfw/lfw-funneled/Joseph_Biden/Joseph_Biden_0002.jpg,0.7567503676789674,0
/home/anitadonato/tcc/tcc/data/lfw/lfw-funneled/Paul_ONeill/Paul_ONeill_0004.jpg,/home/anitadonato/tcc/tcc/data/lfw/lfw-funneled/Colin_Powell/Colin_Powell_0001.jpg,0.7542740941785655,0
/home/anitadonato/tcc/tcc/data/lfw/lfw-funneled/John_Allen_Muhammad/John_Allen_Muhammad_0002.jpg,/home/anitadonato/tcc/tcc/data/lfw/lfw-funneled/Yoko_Ono/Yoko_Ono_0005.jpg,0.9456272140509945,0
/home/anitadonato/tcc/tcc/data/lfw/lfw-funneled/Paul_ONeill/Paul_ONeill_0002.jpg,/home/anitadonato/tcc/tcc/data/lfw/lfw-funneled/Colin_Powell/Colin_Powell_0005.jpg,0.8002430764011839,0
/home/anitadonato/tcc/tcc/data/lfw/lfw-funneled/Rudolph_Giuliani/Rudolph_Giuliani_0002.jpg,/home/anitadonato/tcc/tcc/data/lfw/lfw-funneled/Silvio_Berlusconi/Silvio_Berlusconi_0001.jpg,0.6748158531450192,0
/home/anitadonato/tcc/tcc/data/lfw/lfw-funneled/Fidel_Castro/Fidel_Castro_0002.jpg,/home/anitadonato/tcc/tcc/data/lfw/lfw-funneled/Anna_Kournikova/Anna_Kournikova_0005.jpg,0.8018390433863934,0
/home/anitadonato/tcc/tcc/data/lfw/lfw-funneled/Hamid_Karzai/Hamid_Karzai_0005.jpg,/home/anitadonato/tcc/tcc/data/lfw/lfw-funneled/Denzel_Washington/Denzel_Washington_0001.jpg,0.9202080044087574,0
/home/anitadonato/tcc/tcc/data/lfw/lfw-funneled/Andre_Agassi/Andre_Agassi_0003.jpg,/home/anitadonato/tcc/tcc/data/lfw/lfw-funneled/Trent_Lott/Trent_Lott_0001.jpg,0.9462090627394775,0
/home/anitadonato/tcc/tcc/data/lfw/lfw-funneled/Cesar_Gaviria/Cesar_Gaviria_0005.jpg,/home/anitadonato/tcc/tcc/data/lfw/lfw-funneled/Xavier_Malisse/Xavier_Malisse_0004.jpg,0.971934104800215,0
/home/anitadonato/tcc/tcc/data/lfw/lfw-funneled/Sheryl_Crow/Sheryl_Crow_0002.jpg,/home/anitadonato/tcc/tcc/data/lfw/lfw-funneled/Jennifer_Capriati/Jennifer_Capriati_0004.jpg,0.815351245131293,0
/home/anitadonato/tcc/tcc/data/lfw/lfw-funneled/Denzel_Washington/Denzel_Washington_0005.jpg,/home/anitadonato/tcc/tcc/data/lfw/lfw-funneled/Costas_Simitis/Costas_Simitis_0002.jpg,0.7587614167789544,0
/home/anitadonato/tcc/tcc/data/lfw/lfw-funneled/Nicanor_Duarte_Frutos/Nicanor_Duarte_Frutos_0005.jpg,/home/anitadonato/tcc/tcc/data/lfw/lfw-funneled/Kurt_Warner/Kurt_Warner_0003.jpg,0.9148141702661132,0
/home/anitadonato/tcc/tcc/data/lfw/lfw-funneled/Fidel_Castro/Fidel_Castro_0003.jpg,/home/anitadonato/tcc/tcc/data/lfw/lfw-funneled/Rob_Marshall/Rob_Marshall_0004.jpg,0.9057517921331932,0
/home/anitadonato/tcc/tcc/data/lfw/lfw-funneled/Martin_Scorsese/Martin_Scorsese_0001.jpg,/home/anitadonato/tcc/tcc/data/lfw/lfw-funneled/Paul_ONeill/Paul_ONeill_0002.jpg,0.9234342085113617,0
/home/anitadonato/tcc/tcc/data/lfw/lfw-funneled/Tony_Blair/Tony_Blair_0002.jpg,/home/anitadonato/tcc/tcc/data/lfw/lfw-funneled/Arminio_Fraga/Arminio_Fraga_0001.jpg,0.8665365898233641,0
/home/anitadonato/tcc/tcc/data/lfw/lfw-funneled/Heidi_Klum/Heidi_Klum_0005.jpg,/home/anitadonato/tcc/tcc/data/lfw/lfw-funneled/Hal_Gehman/Hal_Gehman_0005.jpg,0.8472822291523432,0
/home/anitadonato/tcc/tcc/data/lfw/lfw-funneled/Maria_Shriver/Maria_Shriver_0002.jpg,/home/anitadonato/tcc/tcc/data/lfw/lfw-funneled/Silvan_Shalom/Silvan_Shalom_0005.jpg,0.8634110153677687,0
/home/anitadonato/tcc/tcc/data/lfw/lfw-funneled/Natalie_Coughlin/Natalie_Coughlin_0004.jpg,/home/anitadonato/tcc/tcc/data/lfw/lfw-funneled/Vladimir_Putin/Vladimir_Putin_0005.jpg,0.9058433028194066,0
/home/anitadonato/tcc/tcc/data/lfw/lfw-funneled/Denzel_Washington/Denzel_Washington_0005.jpg,/home/anitadonato/tcc/tcc/data/lfw/lfw-funneled/Bulent_Ecevit/Bulent_Ecevit_0005.jpg,0.971349985233814,0
/home/anitadonato/tcc/tcc/data/lfw/lfw-funneled/Yasser_Arafat/Yasser_Arafat_0001.jpg,/home/anitadonato/tcc/tcc/data/lfw/lfw-funneled/Kate_Hudson/Kate_Hudson_0004.jpg,0.8570086551172463,0
/home/anitadonato/tcc/tcc/data/lfw/lfw-funneled/Kurt_Warner/Kurt_Warner_0005.jpg,/home/anitadonato/tcc/tcc/data/lfw/lfw-funneled/Paul_Burrell/Paul_Burrell_0005.jpg,0.9343885570584523,0
/home/anitadonato/tcc/tcc/data/lfw/lfw-funneled/Richard_Myers/Richard_Myers_0004.jpg,/home/anitadonato/tcc/tcc/data/lfw/lfw-funneled/Princess_Caroline/Princess_Caroline_0005.jpg,0.8688959073861555,0
/home/anitadonato/tcc/tcc/data/lfw/lfw-funneled/Silvan_Shalom/Silvan_Shalom_0001.jpg,/home/anitadonato/tcc/tcc/data/lfw/lfw-funneled/Zinedine_Zidane/Zinedine_Zidane_0005.jpg,0.8810092838322623,0
/home/anitadonato/tcc/tcc/data/lfw/lfw-funneled/Martin_McGuinness/Martin_McGuinness_0004.jpg,/home/anitadonato/tcc/tcc/data/lfw/lfw-funneled/Muhammad_Saeed_al-Sahhaf/Muhammad_Saeed_al-Sahhaf_0004.jpg,0.7648170493781619,0
/home/anitadonato/tcc/tcc/data/lfw/lfw-funneled/Yashwant_Sinha/Yashwant_Sinha_0005.jpg,/home/anitadonato/tcc/tcc/data/lfw/lfw-funneled/Adrien_Brody/Adrien_Brody_0001.jpg,0.8927270451019551,0
/home/anitadonato/tcc/tcc/data/lfw/lfw-funneled/Rainer_Schuettler/Rainer_Schuettler_0003.jpg,/home/anitadonato/tcc/tcc/data/lfw/lfw-funneled/Hillary_Clinton/Hillary_Clinton_0004.jpg,0.9094651924221075,0
/home/anitadonato/tcc/tcc/data/lfw/lfw-funneled/Kristanna_Loken/Kristanna_Loken_0001.jpg,/home/anitadonato/tcc/tcc/data/lfw/lfw-funneled/Ian_Thorpe/Ian_Thorpe_0003.jpg,0.9816385922651429,0
/home/anitadonato/tcc/tcc/data/lfw/lfw-funneled/Denzel_Washington/Denzel_Washington_0004.jpg,/home/anitadonato/tcc/tcc/data/lfw/lfw-funneled/Grant_Hackett/Grant_Hackett_0003.jpg,0.9346260481870453,0
/home/anitadonato/tcc/tcc/data/lfw/lfw-funneled/Joe_Lieberman/Joe_Lieberman_0001.jpg,/home/anitadonato/tcc/tcc/data/lfw/lfw-funneled/Carlos_Moya/Carlos_Moya_0005.jpg,0.963306873096897,0
/home/anitadonato/tcc/tcc/data/lfw/lfw-funneled/Tom_Daschle/Tom_Daschle_0005.jpg,/home/anitadonato/tcc/tcc/data/lfw/lfw-funneled/Kate_Hudson/Kate_Hudson_0001.jpg,0.947809723451795,0
/home/anitadonato/tcc/tcc/data/lfw/lfw-funneled/Tony_Blair/Tony_Blair_0002.jpg,/home/anitadonato/tcc/tcc/data/lfw/lfw-funneled/Paul_McCartney/Paul_McCartney_0003.jpg,0.8553394977727877,0
/home/anitadonato/tcc/tcc/data/lfw/lfw-funneled/Ben_Affleck/Ben_Affleck_0001.jpg,/home/anitadonato/tcc/tcc/data/lfw/lfw-funneled/Salma_Hayek/Salma_Hayek_0002.jpg,0.976599217126772,0
/home/anitadonato/tcc/tcc/data/lfw/lfw-funneled/Martin_McGuinness/Martin_McGuinness_0005.jpg,/home/anitadonato/tcc/tcc/data/lfw/lfw-funneled/Mohamed_ElBaradei/Mohamed_ElBaradei_0003.jpg,0.8942023816797452,0
/home/anitadonato/tcc/tcc/data/lfw/lfw-funneled/Anna_Kournikova/Anna_Kournikova_0004.jpg,/home/anitadonato/tcc/tcc/data/lfw/lfw-funneled/Ludivine_Sagnier/Ludivine_Sagnier_0005.jpg,0.823057592367027,0
/home/anitadonato/tcc/tcc/data/lfw/lfw-funneled/Hans_Blix/Hans_Blix_0003.jpg,/home/anitadonato/tcc/tcc/data/lfw/lfw-funneled/JK_Rowling/JK_Rowling_0004.jpg,0.9445247153730844,0
/home/anitadonato/tcc/tcc/data/lfw/lfw-funneled/Bill_McBride/Bill_McBride_0004.jpg,/home/anitadonato/tcc/tcc/data/lfw/lfw-funneled/Ann_Veneman/Ann_Veneman_0005.jpg,0.892856017477737,0
/home/anitadonato/tcc/tcc/data/lfw/lfw-funneled/Steve_Lavin/Steve_Lavin_0002.jpg,/home/anitadonato/tcc/tcc/data/lfw/lfw-funneled/Sheryl_Crow/Sheryl_Crow_0003.jpg,0.893236559990167,0
/home/anitadonato/tcc/tcc/data/lfw/lfw-funneled/Roh_Moo-hyun/Roh_Moo-hyun_0004.jpg,/home/anitadonato/tcc/tcc/data/lfw/lfw-funneled/Steve_Lavin/Steve_Lavin_0003.jpg,0.8616794557333707,0
/home/anitadonato/tcc/tcc/data/lfw/lfw-funneled/David_Anderson/David_Anderson_0003.jpg,/home/anitadonato/tcc/tcc/data/lfw/lfw-funneled/Kofi_Annan/Kofi_Annan_0004.jpg,0.9113700446487094,0
/home/anitadonato/tcc/tcc/data/lfw/lfw-funneled/Natalie_Maines/Natalie_Maines_0001.jpg,/home/anitadonato/tcc/tcc/data/lfw/lfw-funneled/Ai_Sugiyama/Ai_Sugiyama_0002.jpg,0.9535838078048293,0
/home/anitadonato/tcc/tcc/data/lfw/lfw-funneled/Xavier_Malisse/Xavier_Malisse_0002.jpg,/home/anitadonato/tcc/tcc/data/lfw/lfw-funneled/Angela_Merkel/Angela_Merkel_0001.jpg,0.9522095954471087,0
/home/anitadonato/tcc/tcc/data/lfw/lfw-funneled/Mike_Myers/Mike_Myers_0004.jpg,/home/anitadonato/tcc/tcc/data/lfw/lfw-funneled/Carlos_Menem/Carlos_Menem_0003.jpg,0.7192305091477605,0
/home/anitadonato/tcc/tcc/data/lfw/lfw-funneled/Al_Sharpton/Al_Sharpton_0001.jpg,/home/anitadonato/tcc/tcc/data/lfw/lfw-funneled/Michael_Schumacher/Michael_Schumacher_0002.jpg,0.807843301109413,0
/home/anitadonato/tcc/tcc/data/lfw/lfw-funneled/George_Lopez/George_Lopez_0001.jpg,/home/anitadonato/tcc/tcc/data/lfw/lfw-funneled/Abdullah_Gul/Abdullah_Gul_0001.jpg,0.8423044122462682,0
/home/anitadonato/tcc/tcc/data/lfw/lfw-funneled/Sergey_Lavrov/Sergey_Lavrov_0005.jpg,/home/anitadonato/tcc/tcc/data/lfw/lfw-funneled/Kim_Dae-jung/Kim_Dae-jung_0004.jpg,0.7755586800671112,0
/home/anitadonato/tcc/tcc/data/lfw/lfw-funneled/Pedro_Malan/Pedro_Malan_0003.jpg,/home/anitadonato/tcc/tcc/data/lfw/lfw-funneled/Ana_Palacio/Ana_Palacio_0002.jpg,0.8471371749397479,0
/home/anitadonato/tcc/tcc/data/lfw/lfw-funneled/Zinedine_Zidane/Zinedine_Zidane_0005.jpg,/home/anitadonato/tcc/tcc/data/lfw/lfw-funneled/George_Robertson/George_Robertson_0001.jpg,0.9224977522444207,0
/home/anitadonato/tcc/tcc/data/lfw/lfw-funneled/Rob_Marshall/Rob_Marshall_0004.jpg,/home/anitadonato/tcc/tcc/data/lfw/lfw-funneled/Arminio_Fraga/Arminio_Fraga_0005.jpg,0.936273732545411,0
/home/anitadonato/tcc/tcc/data/lfw/lfw-funneled/Paul_McCartney/Paul_McCartney_0003.jpg,/home/anitadonato/tcc/tcc/data/lfw/lfw-funneled/Tom_Daschle/Tom_Daschle_0005.jpg,0.8495740955358273,0
/home/anitadonato/tcc/tcc/data/lfw/lfw-funneled/Paul_Martin/Paul_Martin_0002.jpg,/home/anitadonato/tcc/tcc/data/lfw/lfw-funneled/Princess_Caroline/Princess_Caroline_0004.jpg,0.934166031985975,0
/home/anitadonato/tcc/tcc/data/lfw/lfw-funneled/Clara_Harris/Clara_Harris_0002.jpg,/home/anitadonato/tcc/tcc/data/lfw/lfw-funneled/Alvaro_Uribe/Alvaro_Uribe_0005.jpg,0.9161972447080126,0
/home/anitadonato/tcc/tcc/data/lfw/lfw-funneled/Thabo_Mbeki/Thabo_Mbeki_0001.jpg,/home/anitadonato/tcc/tcc/data/lfw/lfw-funneled/Jeremy_Greenstock/Jeremy_Greenstock_0005.jpg,0.8794914485426254,0
/home/anitadonato/tcc/tcc/data/lfw/lfw-funneled/Carlos_Menem/Carlos_Menem_0002.jpg,/home/anitadonato/tcc/tcc/data/lfw/lfw-funneled/Tom_Harkin/Tom_Harkin_0005.jpg,0.7534606774005398,0
/home/anitadonato/tcc/tcc/data/lfw/lfw-funneled/Jennifer_Capriati/Jennifer_Capriati_0001.jpg,/home/anitadonato/tcc/tcc/data/lfw/lfw-funneled/Michael_Chiklis/Michael_Chiklis_0003.jpg,0.8362133193672108,0
/home/anitadonato/tcc/tcc/data/lfw/lfw-funneled/Queen_Rania/Queen_Rania_0001.jpg,/home/anitadonato/tcc/tcc/data/lfw/lfw-funneled/Paul_McCartney/Paul_McCartney_0002.jpg,0.925293773121662,0
/home/anitadonato/tcc/tcc/data/lfw/lfw-funneled/Pedro_Malan/Pedro_Malan_0004.jpg,/home/anitadonato/tcc/tcc/data/lfw/lfw-funneled/Sourav_Ganguly/Sourav_Ganguly_0003.jpg,0.9677327639209229,0
/home/anitadonato/tcc/tcc/data/lfw/lfw-funneled/Juan_Pablo_Montoya/Juan_Pablo_Montoya_0004.jpg,/home/anitadonato/tcc/tcc/data/lfw/lfw-funneled/Jan_Ullrich/Jan_Ullrich_0005.jpg,0.8880904645980793,0
/home/anitadonato/tcc/tcc/data/lfw/lfw-funneled/Hal_Gehman/Hal_Gehman_0001.jpg,/home/anitadonato/tcc/tcc/data/lfw/lfw-funneled/Tom_Harkin/Tom_Harkin_0001.jpg,0.9162567349435768,0
/home/anitadonato/tcc/tcc/data/lfw/lfw-funneled/Amelia_Vega/Amelia_Vega_0003.jpg,/home/anitadonato/tcc/tcc/data/lfw/lfw-funneled/Al_Sharpton/Al_Sharpton_0005.jpg,0.9301239347232697,0
/home/anitadonato/tcc/tcc/data/lfw/lfw-funneled/Russell_Simmons/Russell_Simmons_0003.jpg,/home/anitadonato/tcc/tcc/data/lfw/lfw-funneled/Yashwant_Sinha/Yashwant_Sinha_0003.jpg,0.870412362908793,0
/home/anitadonato/tcc/tcc/data/lfw/lfw-funneled/Bill_Gates/Bill_Gates_0002.jpg,/home/anitadonato/tcc/tcc/data/lfw/lfw-funneled/Cameron_Diaz/Cameron_Diaz_0004.jpg,0.9068378042221908,0
/home/anitadonato/tcc/tcc/data/lfw/lfw-funneled/Hamid_Karzai/Hamid_Karzai_0001.jpg,/home/anitadonato/tcc/tcc/data/lfw/lfw-funneled/Kofi_Annan/Kofi_Annan_0003.jpg,0.8263241008682394,0
/home/anitadonato/tcc/tcc/data/lfw/lfw-funneled/Woody_Allen/Woody_Allen_0005.jpg,/home/anitadonato/tcc/tcc/data/lfw/lfw-funneled/Ben_Affleck/Ben_Affleck_0001.jpg,0.8399524681047839,0
/home/anitadonato/tcc/tcc/data/lfw/lfw-funneled/Roh_Moo-hyun/Roh_Moo-hyun_0005.jpg,/home/anitadonato/tcc/tcc/data/lfw/lfw-funneled/Bob_Hope/Bob_Hope_0003.jpg,0.8971233857208365,0
/home/anitadonato/tcc/tcc/data/lfw/lfw-funneled/David_Trimble/David_Trimble_0005.jpg,/home/anitadonato/tcc/tcc/data/lfw/lfw-funneled/William_Ford_Jr/William_Ford_Jr_0003.jpg,0.8465626295095059,0
/home/anitadonato/tcc/tcc/data/lfw/lfw-funneled/Ludivine_Sagnier/Ludivine_Sagnier_0003.jpg,/home/anitadonato/tcc/tcc/data/lfw/lfw-funneled/Kofi_Annan/Kofi_Annan_0004.jpg,0.951413343368295,0
/home/anitadonato/tcc/tcc/data/lfw/lfw-funneled/Tony_Blair/Tony_Blair_0004.jpg,/home/anitadonato/tcc/tcc/data/lfw/lfw-funneled/Tom_Cruise/Tom_Cruise_0002.jpg,0.9331676313381662,0
/home/anitadonato/tcc/tcc/data/lfw/lfw-funneled/Bill_McBride/Bill_McBride_0004.jpg,/home/anitadonato/tcc/tcc/data/lfw/lfw-funneled/Winona_Ryder/Winona_Ryder_0004.jpg,0.9174405846275842,0
/home/anitadonato/tcc/tcc/data/lfw/lfw-funneled/Adrien_Brody/Adrien_Brody_0004.jpg,/home/anitadonato/tcc/tcc/data/lfw/lfw-funneled/Christine_Todd_Whitman/Christine_Todd_Whitman_0001.jpg,0.9437513334361132,0
/home/anitadonato/tcc/tcc/data/lfw/lfw-funneled/Anna_Kournikova/Anna_Kournikova_0004.jpg,/home/anitadonato/tcc/tcc/data/lfw/lfw-funneled/Ana_Guevara/Ana_Guevara_0002.jpg,0.8686387115888669,0
/home/anitadonato/tcc/tcc/data/lfw/lfw-funneled/Catherine_Zeta-Jones/Catherine_Zeta-Jones_0002.jpg,/home/anitadonato/tcc/tcc/data/lfw/lfw-funneled/Angela_Merkel/Angela_Merkel_0003.jpg,0.9308924585231874,0
/home/anitadonato/tcc/tcc/data/lfw/lfw-funneled/Fernando_Gonzalez/Fernando_Gonzalez_0005.jpg,/home/anitadonato/tcc/tcc/data/lfw/lfw-funneled/Roy_Moore/Roy_Moore_0005.jpg,0.9285496340931169,0
/home/anitadonato/tcc/tcc/data/lfw/lfw-funneled/Alvaro_Uribe/Alvaro_Uribe_0003.jpg,/home/anitadonato/tcc/tcc/data/lfw/lfw-funneled/Angela_Merkel/Angela_Merkel_0002.jpg,0.936137848498664,0
/home/anitadonato/tcc/tcc/data/lfw/lfw-funneled/Thabo_Mbeki/Thabo_Mbeki_0004.jpg,/home/anitadonato/tcc/tcc/data/lfw/lfw-funneled/Amelia_Vega/Amelia_Vega_0003.jpg,0.9604428556097602,0
/home/anitadonato/tcc/tcc/data/lfw/lfw-funneled/Frank_Solich/Frank_Solich_0002.jpg,/home/anitadonato/tcc/tcc/data/lfw/lfw-funneled/Carmen_Electra/Carmen_Electra_0004.jpg,0.9146660437545924,0
/home/anitadonato/tcc/tcc/data/lfw/lfw-funneled/Jiri_Novak/Jiri_Novak_0002.jpg,/home/anitadonato/tcc/tcc/data/lfw/lfw-funneled/Roy_Moore/Roy_Moore_0005.jpg,0.9124820976891034,0
/home/anitadonato/tcc/tcc/data/lfw/lfw-funneled/George_HW_Bush/George_HW_Bush_0002.jpg,/home/anitadonato/tcc/tcc/data/lfw/lfw-funneled/John_Paul_II/John_Paul_II_0004.jpg,0.7742458158631501,0
/home/anitadonato/tcc/tcc/data/lfw/lfw-funneled/Natalie_Maines/Natalie_Maines_0002.jpg,/home/anitadonato/tcc/tcc/data/lfw/lfw-funneled/Hal_Gehman/Hal_Gehman_0002.jpg,0.8959944908977596,0
/home/anitadonato/tcc/tcc/data/lfw/lfw-funneled/Roger_Federer/Roger_Federer_0002.jpg,/home/anitadonato/tcc/tcc/data/lfw/lfw-funneled/Ann_Veneman/Ann_Veneman_0002.jpg,0.9516099387780388,0
/home/anitadonato/tcc/tcc/data/lfw/lfw-funneled/Norm_Coleman/Norm_Coleman_0003.jpg,/home/anitadonato/tcc/tcc/data/lfw/lfw-funneled/Valery_Giscard_dEstaing/Valery_Giscard_dEstaing_0002.jpg,0.84067987028196,0
/home/anitadonato/tcc/tcc/data/lfw/lfw-funneled/Michael_Powell/Michael_Powell_0001.jpg,/home/anitadonato/tcc/tcc/data/lfw/lfw-funneled/Robert_De_Niro/Robert_De_Niro_0001.jpg,0.9676650460480685,0
/home/anitadonato/tcc/tcc/data/lfw/lfw-funneled/Catherine_Zeta-Jones/Catherine_Zeta-Jones_0004.jpg,/home/anitadonato/tcc/tcc/data/lfw/lfw-funneled/Tung_Chee-hwa/Tung_Chee-hwa_0005.jpg,0.8680544728992902,0
/home/anitadonato/tcc/tcc/data/lfw/lfw-funneled/Carlos_Moya/Carlos_Moya_0005.jpg,/home/anitadonato/tcc/tcc/data/lfw/lfw-funneled/Sylvester_Stallone/Sylvester_Stallone_0001.jpg,0.9138242718949703,0
/home/anitadonato/tcc/tcc/data/lfw/lfw-funneled/Sheryl_Crow/Sheryl_Crow_0005.jpg,/home/anitadonato/tcc/tcc/data/lfw/lfw-funneled/Nancy_Pelosi/Nancy_Pelosi_0003.jpg,0.8994932240754097,0
/home/anitadonato/tcc/tcc/data/lfw/lfw-funneled/Meryl_Streep/Meryl_Streep_0003.jpg,/home/anitadonato/tcc/tcc/data/lfw/lfw-funneled/Kofi_Annan/Kofi_Annan_0004.jpg,0.9419674349442212,0
/home/anitadonato/tcc/tcc/data/lfw/lfw-funneled/John_Paul_II/John_Paul_II_0005.jpg,/home/anitadonato/tcc/tcc/data/lfw/lfw-funneled/Sylvester_Stallone/Sylvester_Stallone_0003.jpg,0.8195210572389334,0
/home/anitadonato/tcc/tcc/data/lfw/lfw-funneled/Jan_Ullrich/Jan_Ullrich_0005.jpg,/home/anitadonato/tcc/tcc/data/lfw/lfw-funneled/John_Negroponte/John_Negroponte_0002.jpg,0.7344268948311775,0
/home/anitadonato/tcc/tcc/data/lfw/lfw-funneled/Billy_Crystal/Billy_Crystal_0004.jpg,/home/anitadonato/tcc/tcc/data/lfw/lfw-funneled/Atal_Bihari_Vajpayee/Atal_Bihari_Vajpayee_0004.jpg,0.857910439102291,0
/home/anitadonato/tcc/tcc/data/lfw/lfw-funneled/Michelle_Yeoh/Michelle_Yeoh_0005.jpg,/home/anitadonato/tcc/tcc/data/lfw/lfw-funneled/Thaksin_Shinawatra/Thaksin_Shinawatra_0003.jpg,0.7220023894528875,0
/home/anitadonato/tcc/tcc/data/lfw/lfw-funneled/Walter_Mondale/Walter_Mondale_0002.jpg,/home/anitadonato/tcc/tcc/data/lfw/lfw-funneled/Maria_Shriver/Maria_Shriver_0004.jpg,0.8669557515399594,0
/home/anitadonato/tcc/tcc/data/lfw/lfw-funneled/Kate_Hudson/Kate_Hudson_0005.jpg,/home/anitadonato/tcc/tcc/data/lfw/lfw-funneled/Luis_Horna/Luis_Horna_0004.jpg,0.9697760859420835,0
/home/anitadonato/tcc/tcc/data/lfw/lfw-funneled/Jiri_Novak/Jiri_Novak_0001.jpg,/home/anitadonato/tcc/tcc/data/lfw/lfw-funneled/Martha_Stewart/Martha_Stewart_0001.jpg,0.9444576368733829,0
/home/anitadonato/tcc/tcc/data/lfw/lfw-funneled/Michael_Chiklis/Michael_Chiklis_0004.jpg,/home/anitadonato/tcc/tcc/data/lfw/lfw-funneled/Liza_Minnelli/Liza_Minnelli_0005.jpg,0.9508161402312779,0
/home/anitadonato/tcc/tcc/data/lfw/lfw-funneled/Elizabeth_Smart/Elizabeth_Smart_0003.jpg,/home/anitadonato/tcc/tcc/data/lfw/lfw-funneled/Robert_Blake/Robert_Blake_0005.jpg,0.8590239930249753,0
/home/anitadonato/tcc/tcc/data/lfw/lfw-funneled/Anna_Kournikova/Anna_Kournikova_0005.jpg,/home/anitadonato/tcc/tcc/data/lfw/lfw-funneled/Boris_Becker/Boris_Becker_0003.jpg,0.8980661425081329,0
/home/anitadonato/tcc/tcc/data/lfw/lfw-funneled/Renee_Zellweger/Renee_Zellweger_0004.jpg,/home/anitadonato/tcc/tcc/data/lfw/lfw-funneled/George_HW_Bush/George_HW_Bush_0005.jpg,0.9441618261586909,0
/home/anitadonato/tcc/tcc/data/lfw/lfw-funneled/David_Trimble/David_Trimble_0002.jpg,/home/anitadonato/tcc/tcc/data/lfw/lfw-funneled/Hans_Blix/Hans_Blix_0004.jpg,0.6817203192225979,0
/home/anitadonato/tcc/tcc/data/lfw/lfw-funneled/Rainer_Schuettler/Rainer_Schuettler_0004.jpg,/home/anitadonato/tcc/tcc/data/lfw/lfw-funneled/Liza_Minnelli/Liza_Minnelli_0003.jpg,0.9153478516787118,0
/home/anitadonato/tcc/tcc/data/lfw/lfw-funneled/Hans_Blix/Hans_Blix_0003.jpg,/home/anitadonato/tcc/tcc/data/lfw/lfw-funneled/Juan_Carlos_Ferrero/Juan_Carlos_Ferrero_0004.jpg,0.9455749630994837,0
/home/anitadonato/tcc/tcc/data/lfw/lfw-funneled/John_Paul_II/John_Paul_II_0002.jpg,/home/anitadonato/tcc/tcc/data/lfw/lfw-funneled/Silvio_Berlusconi/Silvio_Berlusconi_0005.jpg,0.9182531005407637,0
/home/anitadonato/tcc/tcc/data/lfw/lfw-funneled/Maria_Shriver/Maria_Shriver_0001.jpg,/home/anitadonato/tcc/tcc/data/lfw/lfw-funneled/Muhammad_Saeed_al-Sahhaf/Muhammad_Saeed_al-Sahhaf_0003.jpg,0.7526971670917496,0
/home/anitadonato/tcc/tcc/data/lfw/lfw-funneled/Renee_Zellweger/Renee_Zellweger_0004.jpg,/home/anitadonato/tcc/tcc/data/lfw/lfw-funneled/Steve_Lavin/Steve_Lavin_0004.jpg,0.9392977380760016,0
/home/anitadonato/tcc/tcc/data/lfw/lfw-funneled/Pervez_Musharraf/Pervez_Musharraf_0002.jpg,/home/anitadonato/tcc/tcc/data/lfw/lfw-funneled/Sergey_Lavrov/Sergey_Lavrov_0004.jpg,0.9311966179490319,0
/home/anitadonato/tcc/tcc/data/lfw/lfw-funneled/Alvaro_Uribe/Alvaro_Uribe_0004.jpg,/home/anitadonato/tcc/tcc/data/lfw/lfw-funneled/Vladimir_Putin/Vladimir_Putin_0004.jpg,0.8466351197697701,0
/home/anitadonato/tcc/tcc/data/lfw/lfw-funneled/Hillary_Clinton/Hillary_Clinton_0005.jpg,/home/anitadonato/tcc/tcc/data/lfw/lfw-funneled/Cruz_Bustamante/Cruz_Bustamante_0005.jpg,0.9306979297100854,0
/home/anitadonato/tcc/tcc/data/lfw/lfw-funneled/Andre_Agassi/Andre_Agassi_0004.jpg,/home/anitadonato/tcc/tcc/data/lfw/lfw-funneled/Jiri_Novak/Jiri_Novak_0003.jpg,0.9403367953946482,0
/home/anitadonato/tcc/tcc/data/lfw/lfw-funneled/Eduardo_Duhalde/Eduardo_Duhalde_0005.jpg,/home/anitadonato/tcc/tcc/data/lfw/lfw-funneled/Roh_Moo-hyun/Roh_Moo-hyun_0001.jpg,0.8160687759318824,0
/home/anitadonato/tcc/tcc/data/lfw/lfw-funneled/Jan_Ullrich/Jan_Ullrich_0002.jpg,/home/anitadonato/tcc/tcc/data/lfw/lfw-funneled/Elizabeth_Smart/Elizabeth_Smart_0001.jpg,0.8915333107611872,0
/home/anitadonato/tcc/tcc/data/lfw/lfw-funneled/Cesar_Gaviria/Cesar_Gaviria_0004.jpg,/home/anitadonato/tcc/tcc/data/lfw/lfw-funneled/Benjamin_Netanyahu/Benjamin_Netanyahu_0001.jpg,0.8141852805704908,0
/home/anitadonato/tcc/tcc/data/lfw/lfw-funneled/Gonzalo_Sanchez_de_Lozada/Gonzalo_Sanchez_de_Lozada_0003.jpg,/home/anitadonato/tcc/tcc/data/lfw/lfw-funneled/Jean_Chretien/Jean_Chretien_0003.jpg,0.5867715796620174,0
/home/anitadonato/tcc/tcc/data/lfw/lfw-funneled/Salma_Hayek/Salma_Hayek_0005.jpg,/home/anitadonato/tcc/tcc/data/lfw/lfw-funneled/Roh_Moo-hyun/Roh_Moo-hyun_0003.jpg,0.8238875280226192,0
/home/anitadonato/tcc/tcc/data/lfw/lfw-funneled/Mike_Martz/Mike_Martz_0004.jpg,/home/anitadonato/tcc/tcc/data/lfw/lfw-funneled/Goldie_Hawn/Goldie_Hawn_0001.jpg,0.942101103703433,0
/home/anitadonato/tcc/tcc/data/lfw/lfw-funneled/Yashwant_Sinha/Yashwant_Sinha_0005.jpg,/home/anitadonato/tcc/tcc/data/lfw/lfw-funneled/Catherine_Zeta-Jones/Catherine_Zeta-Jones_0002.jpg,0.9305007577486845,0
/home/anitadonato/tcc/tcc/data/lfw/lfw-funneled/Kofi_Annan/Kofi_Annan_0005.jpg,/home/anitadonato/tcc/tcc/data/lfw/lfw-funneled/Mohamed_ElBaradei/Mohamed_ElBaradei_0002.jpg,0.8207686495339948,0
/home/anitadonato/tcc/tcc/data/lfw/lfw-funneled/Michael_Powell/Michael_Powell_0003.jpg,/home/anitadonato/tcc/tcc/data/lfw/lfw-funneled/Britney_Spears/Britney_Spears_0003.jpg,0.8924276984682772,0
/home/anitadonato/tcc/tcc/data/lfw/lfw-funneled/Michael_Chiklis/Michael_Chiklis_0004.jpg,/home/anitadonato/tcc/tcc/data/lfw/lfw-funneled/Carlos_Menem/Carlos_Menem_0004.jpg,0.927046663066884,0
/home/anitadonato/tcc/tcc/data/lfw/lfw-funneled/George_Robertson/George_Robertson_0005.jpg,/home/anitadonato/tcc/tcc/data/lfw/lfw-funneled/Jean-Pierre_Raffarin/Jean-Pierre_Raffarin_0003.jpg,0.7534786635804698,0
/home/anitadonato/tcc/tcc/data/lfw/lfw-funneled/Habib_Rizieq/Habib_Rizieq_0002.jpg,/home/anitadonato/tcc/tcc/data/lfw/lfw-funneled/Cruz_Bustamante/Cruz_Bustamante_0002.jpg,0.610321599822955,0
/home/anitadonato/tcc/tcc/data/lfw/lfw-funneled/Jean-David_Levitte/Jean-David_Levitte_0004.jpg,/home/anitadonato/tcc/tcc/data/lfw/lfw-funneled/Winona_Ryder/Winona_Ryder_0005.jpg,0.9236973756112578,0
/home/anitadonato/tcc/tcc/data/lfw/lfw-funneled/Silvio_Berlusconi/Silvio_Berlusconi_0001.jpg,/home/anitadonato/tcc/tcc/data/lfw/lfw-funneled/Hamid_Karzai/Hamid_Karzai_0001.jpg,0.9138045279278082,0
/home/anitadonato/tcc/tcc/data/lfw/lfw-funneled/Colin_Powell/Colin_Powell_0002.jpg,/home/anitadonato/tcc/tcc/data/lfw/lfw-funneled/David_Trimble/David_Trimble_0003.jpg,0.7981242894905458,0
/home/anitadonato/tcc/tcc/data/lfw/lfw-funneled/Erika_Harold/Erika_Harold_0003.jpg,/home/anitadonato/tcc/tcc/data/lfw/lfw-funneled/Paul_McCartney/Paul_McCartney_0003.jpg,0.9205740909898286,0
/home/anitadonato/tcc/tcc/data/lfw/lfw-funneled/Megawati_Sukarnoputri/Megawati_Sukarnoputri_0004.jpg,/home/anitadonato/tcc/tcc/data/lfw/lfw-funneled/Alejandro_Toledo/Alejandro_Toledo_0003.jpg,0.9263700538742193,0
/home/anitadonato/tcc/tcc/data/lfw/lfw-funneled/Susan_Sarandon/Susan_Sarandon_0003.jpg,/home/anitadonato/tcc/tcc/data/lfw/lfw-funneled/Michael_Powell/Michael_Powell_0005.jpg,0.9202188841238208,0
/home/anitadonato/tcc/tcc/data/lfw/lfw-funneled/Tom_Daschle/Tom_Daschle_0004.jpg,/home/anitadonato/tcc/tcc/data/lfw/lfw-funneled/Gonzalo_Sanchez_de_Lozada/Gonzalo_Sanchez_de_Lozada_0002.jpg,0.8525305649899002,0
/home/anitadonato/tcc/tcc/data/lfw/lfw-funneled/Boris_Becker/Boris_Becker_0002.jpg,/home/anitadonato/tcc/tcc/data/lfw/lfw-funneled/Goldie_Hawn/Goldie_Hawn_0002.jpg,0.9360581007535308,0
/home/anitadonato/tcc/tcc/data/lfw/lfw-funneled/Tung_Chee-hwa/Tung_Chee-hwa_0001.jpg,/home/anitadonato/tcc/tcc/data/lfw/lfw-funneled/Eduardo_Duhalde/Eduardo_Duhalde_0002.jpg,0.7080273156470689,0
/home/anitadonato/tcc/tcc/data/lfw/lfw-funneled/Fidel_Castro/Fidel_Castro_0001.jpg,/home/anitadonato/tcc/tcc/data/lfw/lfw-funneled/Jan_Ullrich/Jan_Ullrich_0001.jpg,0.9321493792772696,0
/home/anitadonato/tcc/tcc/data/lfw/lfw-funneled/Ana_Palacio/Ana_Palacio_0005.jpg,/home/anitadonato/tcc/tcc/data/lfw/lfw-funneled/Pamela_Anderson/Pamela_Anderson_0001.jpg,0.9593569330689972,0
/home/anitadonato/tcc/tcc/data/lfw/lfw-funneled/Geoff_Hoon/Geoff_Hoon_0004.jpg,/home/anitadonato/tcc/tcc/data/lfw/lfw-funneled/Jacques_Chirac/Jacques_Chirac_0005.jpg,0.8003903605945283,0
/home/anitadonato/tcc/tcc/data/lfw/lfw-funneled/Sylvester_Stallone/Sylvester_Stallone_0001.jpg,/home/anitadonato/tcc/tcc/data/lfw/lfw-funneled/Matthew_Perry/Matthew_Perry_0003.jpg,0.717173399342881,0
/home/anitadonato/tcc/tcc/data/lfw/lfw-funneled/Valery_Giscard_dEstaing/Valery_Giscard_dEstaing_0001.jpg,/home/anitadonato/tcc/tcc/data/lfw/lfw-funneled/Jennifer_Lopez/Jennifer_Lopez_0004.jpg,0.9740736143616515,0
/home/anitadonato/tcc/tcc/data/lfw/lfw-funneled/John_Howard/John_Howard_0002.jpg,/home/anitadonato/tcc/tcc/data/lfw/lfw-funneled/Muhammad_Saeed_al-Sahhaf/Muhammad_Saeed_al-Sahhaf_0003.jpg,0.9086121181035757,0
/home/anitadonato/tcc/tcc/data/lfw/lfw-funneled/Susan_Sarandon/Susan_Sarandon_0002.jpg,/home/anitadonato/tcc/tcc/data/lfw/lfw-funneled/John_Manley/John_Manley_0002.jpg,0.8755979153780842,0
/home/anitadonato/tcc/tcc/data/lfw/lfw-funneled/Atal_Bihari_Vajpayee/Atal_Bihari_Vajpayee_0001.jpg,/home/anitadonato/tcc/tcc/data/lfw/lfw-funneled/Jennifer_Capriati/Jennifer_Capriati_0001.jpg,0.9171407094042525,0
/home/anitadonato/tcc/tcc/data/lfw/lfw-funneled/Tung_Chee-hwa/Tung_Chee-hwa_0003.jpg,/home/anitadonato/tcc/tcc/data/lfw/lfw-funneled/Lleyton_Hewitt/Lleyton_Hewitt_0004.jpg,0.8790747283766608,0
/home/anitadonato/tcc/tcc/data/lfw/lfw-funneled/Paradorn_Srichaphan/Paradorn_Srichaphan_0003.jpg,/home/anitadonato/tcc/tcc/data/lfw/lfw-funneled/Michelle_Yeoh/Michelle_Yeoh_0005.jpg,0.8032420183539308,0
/home/anitadonato/tcc/tcc/data/lfw/lfw-funneled/Susan_Sarandon/Susan_Sarandon_0005.jpg,/home/anitadonato/tcc/tcc/data/lfw/lfw-funneled/Hillary_Clinton/Hillary_Clinton_0002.jpg,0.7731758548269234,0
/home/anitadonato/tcc/tcc/data/lfw/lfw-funneled/Paul_ONeill/Paul_ONeill_0004.jpg,/home/anitadonato/tcc/tcc/data/lfw/lfw-funneled/Martin_Scorsese/Martin_Scorsese_0005.jpg,0.9435808860522502,0
/home/anitadonato/tcc/tcc/data/lfw/lfw-funneled/Lindsay_Davenport/Lindsay_Davenport_0005.jpg,/home/anitadonato/tcc/tcc/data/lfw/lfw-funneled/Atal_Bihari_Vajpayee/Atal_Bihari_Vajpayee_0003.jpg,0.8592156940074156,0
/home/anitadonato/tcc/tcc/data/lfw/lfw-funneled/Mike_Martz/Mike_Martz_0005.jpg,/home/anitadonato/tcc/tcc/data/lfw/lfw-funneled/Sheryl_Crow/Sheryl_Crow_0002.jpg,0.8440169572495406,0
/home/anitadonato/tcc/tcc/data/lfw/lfw-funneled/Pedro_Malan/Pedro_Malan_0003.jpg,/home/anitadonato/tcc/tcc/data/lfw/lfw-funneled/Susan_Sarandon/Susan_Sarandon_0003.jpg,0.865167553845642,0
/home/anitadonato/tcc/tcc/data/lfw/lfw-funneled/Fernando_Gonzalez/Fernando_Gonzalez_0002.jpg,/home/anitadonato/tcc/tcc/data/lfw/lfw-funneled/Anna_Kournikova/Anna_Kournikova_0003.jpg,0.8887048003330134,0
/home/anitadonato/tcc/tcc/data/lfw/lfw-funneled/Alvaro_Uribe/Alvaro_Uribe_0005.jpg,/home/anitadonato/tcc/tcc/data/lfw/lfw-funneled/Richard_Myers/Richard_Myers_0002.jpg,0.932882391223136,0
/home/anitadonato/tcc/tcc/data/lfw/lfw-funneled/Mike_Martz/Mike_Martz_0004.jpg,/home/anitadonato/tcc/tcc/data/lfw/lfw-funneled/Thabo_Mbeki/Thabo_Mbeki_0005.jpg,0.8185160447997939,0
/home/anitadonato/tcc/tcc/data/lfw/lfw-funneled/Alvaro_Uribe/Alvaro_Uribe_0004.jpg,/home/anitadonato/tcc/tcc/data/lfw/lfw-funneled/Martha_Stewart/Martha_Stewart_0004.jpg,0.8405867919980186,0
/home/anitadonato/tcc/tcc/data/lfw/lfw-funneled/Richard_Gephardt/Richard_Gephardt_0004.jpg,/home/anitadonato/tcc/tcc/data/lfw/lfw-funneled/Alvaro_Uribe/Alvaro_Uribe_0003.jpg,0.700080332172641,0
/home/anitadonato/tcc/tcc/data/lfw/lfw-funneled/Martin_Scorsese/Martin_Scorsese_0001.jpg,/home/anitadonato/tcc/tcc/data/lfw/lfw-funneled/Ian_Thorpe/Ian_Thorpe_0005.jpg,0.9160684251577108,0
/home/anitadonato/tcc/tcc/data/lfw/lfw-funneled/Nancy_Pelosi/Nancy_Pelosi_0004.jpg,/home/anitadonato/tcc/tcc/data/lfw/lfw-funneled/Joe_Lieberman/Joe_Lieberman_0005.jpg,0.8607473888227429,0
/home/anitadonato/tcc/tcc/data/lfw/lfw-funneled/Lindsay_Davenport/Lindsay_Davenport_0002.jpg,/home/anitadonato/tcc/tcc/data/lfw/lfw-funneled/Jan_Ullrich/Jan_Ullrich_0002.jpg,0.9197076659767693,0
/home/anitadonato/tcc/tcc/data/lfw/lfw-funneled/Julie_Gerberding/Julie_Gerberding_0004.jpg,/home/anitadonato/tcc/tcc/data/lfw/lfw-funneled/Natalie_Maines/Natalie_Maines_0004.jpg,0.7284860679177974,0
/home/anitadonato/tcc/tcc/data/lfw/lfw-funneled/John_Negroponte/John_Negroponte_0001.jpg,/home/anitadonato/tcc/tcc/data/lfw/lfw-funneled/Roger_Federer/Roger_Federer_0004.jpg,0.8967603674799396,0
/home/anitadonato/tcc/tcc/data/lfw/lfw-funneled/John_Manley/John_Manley_0005.jpg,/home/anitadonato/tcc/tcc/data/lfw/lfw-funneled/Queen_Rania/Queen_Rania_0005.jpg,0.9374392834063323,0
/home/anitadonato/tcc/tcc/data/lfw/lfw-funneled/Hosni_Mubarak/Hosni_Mubarak_0003.jpg,/home/anitadonato/tcc/tcc/data/lfw/lfw-funneled/Maria_Shriver/Maria_Shriver_0003.jpg,0.9044485944139902,0
/home/anitadonato/tcc/tcc/data/lfw/lfw-funneled/Mohamed_ElBaradei/Mohamed_ElBaradei_0005.jpg,/home/anitadonato/tcc/tcc/data/lfw/lfw-funneled/Jean_Chretien/Jean_Chretien_0003.jpg,0.848883431249721,0
/home/anitadonato/tcc/tcc/data/lfw/lfw-funneled/Fernando_Gonzalez/Fernando_Gonzalez_0001.jpg,/home/anitadonato/tcc/tcc/data/lfw/lfw-funneled/Joe_Lieberman/Joe_Lieberman_0002.jpg,0.8929942535158419,0
/home/anitadonato/tcc/tcc/data/lfw/lfw-funneled/Hillary_Clinton/Hillary_Clinton_0001.jpg,/home/anitadonato/tcc/tcc/data/lfw/lfw-funneled/Tom_Crean/Tom_Crean_0004.jpg,0.9185192221000522,0
/home/anitadonato/tcc/tcc/data/lfw/lfw-funneled/Valery_Giscard_dEstaing/Valery_Giscard_dEstaing_0003.jpg,/home/anitadonato/tcc/tcc/data/lfw/lfw-funneled/Gonzalo_Sanchez_de_Lozada/Gonzalo_Sanchez_de_Lozada_0005.jpg,0.8558817181575911,0
/home/anitadonato/tcc/tcc/data/lfw/lfw-funneled/Christine_Baumgartner/Christine_Baumgartner_0003.jpg,/home/anitadonato/tcc/tcc/data/lfw/lfw-funneled/Joe_Lieberman/Joe_Lieberman_0001.jpg,0.8796551769751803,0
/home/anitadonato/tcc/tcc/data/lfw/lfw-funneled/Wayne_Ferreira/Wayne_Ferreira_0005.jpg,/home/anitadonato/tcc/tcc/data/lfw/lfw-funneled/Mohammed_Al-Douri/Mohammed_Al-Douri_0001.jpg,0.8930780233664857,0
/home/anitadonato/tcc/tcc/data/lfw/lfw-funneled/Boris_Becker/Boris_Becker_0003.jpg,/home/anitadonato/tcc/tcc/data/lfw/lfw-funneled/Spencer_Abraham/Spencer_Abraham_0003.jpg,0.9202521289336416,0
/home/anitadonato/tcc/tcc/data/lfw/lfw-funneled/LeBron_James/LeBron_James_0004.jpg,/home/anitadonato/tcc/tcc/data/lfw/lfw-funneled/Julie_Gerberding/Julie_Gerberding_0001.jpg,0.934709058414819,0
/home/anitadonato/tcc/tcc/data/lfw/lfw-funneled/Ian_Thorpe/Ian_Thorpe_0002.jpg,/home/anitadonato/tcc/tcc/data/lfw/lfw-funneled/Amelia_Vega/Amelia_Vega_0001.jpg,0.8752930343039893,0
/home/anitadonato/tcc/tcc/data/lfw/lfw-funneled/Meryl_Streep/Meryl_Streep_0003.jpg,/home/anitadonato/tcc/tcc/data/lfw/lfw-funneled/Cesar_Gaviria/Cesar_Gaviria_0004.jpg,0.9757919292481991,0
/home/anitadonato/tcc/tcc/data/lfw/lfw-funneled/John_Howard/John_Howard_0003.jpg,/home/anitadonato/tcc/tcc/data/lfw/lfw-funneled/Mark_Hurlbert/Mark_Hurlbert_0004.jpg,0.9108606565273926,0
/home/anitadonato/tcc/tcc/data/lfw/lfw-funneled/Luis_Horna/Luis_Horna_0003.jpg,/home/anitadonato/tcc/tcc/data/lfw/lfw-funneled/Thaksin_Shinawatra/Thaksin_Shinawatra_0001.jpg,0.9723624304063818,0
/home/anitadonato/tcc/tcc/data/lfw/lfw-funneled/Yasser_Arafat/Yasser_Arafat_0001.jpg,/home/anitadonato/tcc/tcc/data/lfw/lfw-funneled/Sergey_Lavrov/Sergey_Lavrov_0003.jpg,0.8340145686732178,0
/home/anitadonato/tcc/tcc/data/lfw/lfw-funneled/Princess_Caroline/Princess_Caroline_0001.jpg,/home/anitadonato/tcc/tcc/data/lfw/lfw-funneled/Walter_Mondale/Walter_Mondale_0005.jpg,0.9215338769085,0
/home/anitadonato/tcc/tcc/data/lfw/lfw-funneled/Kim_Dae-jung/Kim_Dae-jung_0002.jpg,/home/anitadonato/tcc/tcc/data/lfw/lfw-funneled/John_Paul_II/John_Paul_II_0003.jpg,0.761511622217368,0
/home/anitadonato/tcc/tcc/data/lfw/lfw-funneled/Jean-Pierre_Raffarin/Jean-Pierre_Raffarin_0001.jpg,/home/anitadonato/tcc/tcc/data/lfw/lfw-funneled/Tiger_Woods/Tiger_Woods_0002.jpg,0.9369699031965837,0
/home/anitadonato/tcc/tcc/data/lfw/lfw-funneled/Arminio_Fraga/Arminio_Fraga_0004.jpg,/home/anitadonato/tcc/tcc/data/lfw/lfw-funneled/Jacques_Chirac/Jacques_Chirac_0002.jpg,0.8882840530552953,0
/home/anitadonato/tcc/tcc/data/lfw/lfw-funneled/Natalie_Maines/Natalie_Maines_0002.jpg,/home/anitadonato/tcc/tcc/data/lfw/lfw-funneled/Thaksin_Shinawatra/Thaksin_Shinawatra_0004.jpg,0.9823453533322741,0
/home/anitadonato/tcc/tcc/data/lfw/lfw-funneled/Natalie_Maines/Natalie_Maines_0001.jpg,/home/anitadonato/tcc/tcc/data/lfw/lfw-funneled/Jacques_Chirac/Jacques_Chirac_0005.jpg,0.9541472244852764,0
/home/anitadonato/tcc/tcc/data/lfw/lfw-funneled/Kalpana_Chawla/Kalpana_Chawla_0004.jpg,/home/anitadonato/tcc/tcc/data/lfw/lfw-funneled/Liza_Minnelli/Liza_Minnelli_0004.jpg,0.8254190791072009,0
/home/anitadonato/tcc/tcc/data/lfw/lfw-funneled/Amelie_Mauresmo/Amelie_Mauresmo_0003.jpg,/home/anitadonato/tcc/tcc/data/lfw/lfw-funneled/John_Howard/John_Howard_0002.jpg,0.8873635390168592,0
/home/anitadonato/tcc/tcc/data/lfw/lfw-funneled/Cruz_Bustamante/Cruz_Bustamante_0001.jpg,/home/anitadonato/tcc/tcc/data/lfw/lfw-funneled/Trent_Lott/Trent_Lott_0005.jpg,0.8650764009655904,0
/home/anitadonato/tcc/tcc/data/lfw/lfw-funneled/Tom_Daschle/Tom_Daschle_0003.jpg,/home/anitadonato/tcc/tcc/data/lfw/lfw-funneled/Fujio_Cho/Fujio_Cho_0004.jpg,0.8782960037849602,0
/home/anitadonato/tcc/tcc/data/lfw/lfw-funneled/Jean-David_Levitte/Jean-David_Levitte_0002.jpg,/home/anitadonato/tcc/tcc/data/lfw/lfw-funneled/Richard_Gephardt/Richard_Gephardt_0003.jpg,0.8871911704306628,0
/home/anitadonato/tcc/tcc/data/lfw/lfw-funneled/Billy_Crystal/Billy_Crystal_0002.jpg,/home/anitadonato/tcc/tcc/data/lfw/lfw-funneled/Kalpana_Chawla/Kalpana_Chawla_0001.jpg,0.9154208849165106,0
/home/anitadonato/tcc/tcc/data/lfw/lfw-funneled/Renee_Zellweger/Renee_Zellweger_0004.jpg,/home/anitadonato/tcc/tcc/data/lfw/lfw-funneled/Abdullah_Gul/Abdullah_Gul_0003.jpg,0.9522608145305863,0
/home/anitadonato/tcc/tcc/data/lfw/lfw-funneled/Tiger_Woods/Tiger_Woods_0003.jpg,/home/anitadonato/tcc/tcc/data/lfw/lfw-funneled/Fidel_Castro/Fidel_Castro_0005.jpg,0.9453636389657532,0
/home/anitadonato/tcc/tcc/data/lfw/lfw-funneled/Kate_Hudson/Kate_Hudson_0002.jpg,/home/anitadonato/tcc/tcc/data/lfw/lfw-funneled/Jan_Ullrich/Jan_Ullrich_0001.jpg,0.9083861515400012,0
/home/anitadonato/tcc/tcc/data/lfw/lfw-funneled/Rudolph_Giuliani/Rudolph_Giuliani_0004.jpg,/home/anitadonato/tcc/tcc/data/lfw/lfw-funneled/Condoleezza_Rice/Condoleezza_Rice_0005.jpg,0.739823977752446,0
/home/anitadonato/tcc/tcc/data/lfw/lfw-funneled/Jennifer_Lopez/Jennifer_Lopez_0001.jpg,/home/anitadonato/tcc/tcc/data/lfw/lfw-funneled/Nancy_Pelosi/Nancy_Pelosi_0002.jpg,0.8511961933175273,0
/home/anitadonato/tcc/tcc/data/lfw/lfw-funneled/Tommy_Franks/Tommy_Franks_0001.jpg,/home/anitadonato/tcc/tcc/data/lfw/lfw-funneled/Mark_Hurlbert/Mark_Hurlbert_0005.jpg,0.7729479965561526,0
/home/anitadonato/tcc/tcc/data/lfw/lfw-funneled/Winona_Ryder/Winona_Ryder_0001.jpg,/home/anitadonato/tcc/tcc/data/lfw/lfw-funneled/Charlton_Heston/Charlton_Heston_0001.jpg,0.9341443031505616,0
/home/anitadonato/tcc/tcc/data/lfw/lfw-funneled/Lleyton_Hewitt/Lleyton_Hewitt_0002.jpg,/home/anitadonato/tcc/tcc/data/lfw/lfw-funneled/Alejandro_Toledo/Alejandro_Toledo_0005.jpg,0.8281651929585643,0
/home/anitadonato/tcc/tcc/data/lfw/lfw-funneled/Robert_De_Niro/Robert_De_Niro_0004.jpg,/home/anitadonato/tcc/tcc/data/lfw/lfw-funneled/LeBron_James/LeBron_James_0002.jpg,0.966876981151644,0
/home/anitadonato/tcc/tcc/data/lfw/lfw-funneled/Erika_Harold/Erika_Harold_0003.jpg,/home/anitadonato/tcc/tcc/data/lfw/lfw-funneled/Steve_Lavin/Steve_Lavin_0004.jpg,0.9093424556258909,0
/home/anitadonato/tcc/tcc/data/lfw/lfw-funneled/John_Stockton/John_Stockton_0001.jpg,/home/anitadonato/tcc/tcc/data/lfw/lfw-funneled/Jeremy_Greenstock/Jeremy_Greenstock_0004.jpg,0.6455789837443879,0
/home/anitadonato/tcc/tcc/data/lfw/lfw-funneled/Lleyton_Hewitt/Lleyton_Hewitt_0002.jpg,/home/anitadonato/tcc/tcc/data/lfw/lfw-funneled/Rob_Marshall/Rob_Marshall_0003.jpg,0.9030011926541606,0
/home/anitadonato/tcc/tcc/data/lfw/lfw-funneled/Rudolph_Giuliani/Rudolph_Giuliani_0004.jpg,/home/anitadonato/tcc/tcc/data/lfw/lfw-funneled/Richard_Gere/Richard_Gere_0005.jpg,0.6724945876799322,0
/home/anitadonato/tcc/tcc/data/lfw/lfw-funneled/Li_Peng/Li_Peng_0004.jpg,/home/anitadonato/tcc/tcc/data/lfw/lfw-funneled/Michelle_Yeoh/Michelle_Yeoh_0002.jpg,0.9009128425379496,0
/home/anitadonato/tcc/tcc/data/lfw/lfw-funneled/Zhu_Rongji/Zhu_Rongji_0005.jpg,/home/anitadonato/tcc/tcc/data/lfw/lfw-funneled/Boris_Becker/Boris_Becker_0003.jpg,0.9350118972024739,0
/home/anitadonato/tcc/tcc/data/lfw/lfw-funneled/Halle_Berry/Halle_Berry_0004.jpg,/home/anitadonato/tcc/tcc/data/lfw/lfw-funneled/John_Stockton/John_Stockton_0003.jpg,0.9654224269312389,0
/home/anitadonato/tcc/tcc/data/lfw/lfw-funneled/Denzel_Washington/Denzel_Washington_0002.jpg,/home/anitadonato/tcc/tcc/data/lfw/lfw-funneled/Carmen_Electra/Carmen_Electra_0001.jpg,0.9264108532754929,0
/home/anitadonato/tcc/tcc/data/lfw/lfw-funneled/John_Travolta/John_Travolta_0004.jpg,/home/anitadonato/tcc/tcc/data/lfw/lfw-funneled/Jennifer_Lopez/Jennifer_Lopez_0003.jpg,0.9572389603542689,0
/home/anitadonato/tcc/tcc/data/lfw/lfw-funneled/Roger_Federer/Roger_Federer_0003.jpg,/home/anitadonato/tcc/tcc/data/lfw/lfw-funneled/Michelle_Yeoh/Michelle_Yeoh_0004.jpg,0.9272482516334042,0
/home/anitadonato/tcc/tcc/data/lfw/lfw-funneled/Richard_Myers/Richard_Myers_0005.jpg,/home/anitadonato/tcc/tcc/data/lfw/lfw-funneled/Princess_Caroline/Princess_Caroline_0004.jpg,0.8863213313240402,0
/home/anitadonato/tcc/tcc/data/lfw/lfw-funneled/John_Stockton/John_Stockton_0001.jpg,/home/anitadonato/tcc/tcc/data/lfw/lfw-funneled/Boris_Becker/Boris_Becker_0005.jpg,0.9226788843974045,0
/home/anitadonato/tcc/tcc/data/lfw/lfw-funneled/Hans_Blix/Hans_Blix_0005.jpg,/home/anitadonato/tcc/tcc/data/lfw/lfw-funneled/Princess_Caroline/Princess_Caroline_0002.jpg,0.9138495487272329,0
/home/anitadonato/tcc/tcc/data/lfw/lfw-funneled/Halle_Berry/Halle_Berry_0001.jpg,/home/anitadonato/tcc/tcc/data/lfw/lfw-funneled/Andre_Agassi/Andre_Agassi_0005.jpg,0.8238576534170212,0
/home/anitadonato/tcc/tcc/data/lfw/lfw-funneled/George_Lopez/George_Lopez_0005.jpg,/home/anitadonato/tcc/tcc/data/lfw/lfw-funneled/Joe_Lieberman/Joe_Lieberman_0004.jpg,0.9218119004573488,0
/home/anitadonato/tcc/tcc/data/lfw/lfw-funneled/Kristanna_Loken/Kristanna_Loken_0002.jpg,/home/anitadonato/tcc/tcc/data/lfw/lfw-funneled/Carmen_Electra/Carmen_Electra_0005.jpg,0.7533985491720541,0
/home/anitadonato/tcc/tcc/data/lfw/lfw-funneled/Britney_Spears/Britney_Spears_0004.jpg,/home/anitadonato/tcc/tcc/data/lfw/lfw-funneled/Halle_Berry/Halle_Berry_0003.jpg,0.8540101985017914,0
/home/anitadonato/tcc/tcc/data/lfw/lfw-funneled/Sharon_Stone/Sharon_Stone_0005.jpg,/home/anitadonato/tcc/tcc/data/lfw/lfw-funneled/Natalie_Coughlin/Natalie_Coughlin_0001.jpg,0.8027657421823982,0
/home/anitadonato/tcc/tcc/data/lfw/lfw-funneled/Yoko_Ono/Yoko_Ono_0002.jpg,/home/anitadonato/tcc/tcc/data/lfw/lfw-funneled/Paul_Burrell/Paul_Burrell_0001.jpg,0.8574331814437111,0
/home/anitadonato/tcc/tcc/data/lfw/lfw-funneled/Hal_Gehman/Hal_Gehman_0004.jpg,/home/anitadonato/tcc/tcc/data/lfw/lfw-funneled/Robert_De_Niro/Robert_De_Niro_0002.jpg,0.8657133265259809,0
/home/anitadonato/tcc/tcc/data/lfw/lfw-funneled/Elizabeth_Smart/Elizabeth_Smart_0005.jpg,/home/anitadonato/tcc/tcc/data/lfw/lfw-funneled/Thaksin_Shinawatra/Thaksin_Shinawatra_0004.jpg,0.8596631051951288,0
/home/anitadonato/tcc/tcc/data/lfw/lfw-funneled/Kurt_Warner/Kurt_Warner_0005.jpg,/home/anitadonato/tcc/tcc/data/lfw/lfw-funneled/Christine_Baumgartner/Christine_Baumgartner_0005.jpg,0.7181444020017268,0
/home/anitadonato/tcc/tcc/data/lfw/lfw-funneled/Angela_Merkel/Angela_Merkel_0003.jpg,/home/anitadonato/tcc/tcc/data/lfw/lfw-funneled/Paul_ONeill/Paul_ONeill_0001.jpg,0.8482695757828488,0
/home/anitadonato/tcc/tcc/data/lfw/lfw-funneled/Hans_Blix/Hans_Blix_0005.jpg,/home/anitadonato/tcc/tcc/data/lfw/lfw-funneled/John_Negroponte/John_Negroponte_0001.jpg,0.7643569291095537,0
/home/anitadonato/tcc/tcc/data/lfw/lfw-funneled/Tiger_Woods/Tiger_Woods_0004.jpg,/home/anitadonato/tcc/tcc/data/lfw/lfw-funneled/Liza_Minnelli/Liza_Minnelli_0001.jpg,0.9948981025105389,0
/home/anitadonato/tcc/tcc/data/lfw/lfw-funneled/Paradorn_Srichaphan/Paradorn_Srichaphan_0001.jpg,/home/anitadonato/tcc/tcc/data/lfw/lfw-funneled/Jean-David_Levitte/Jean-David_Levitte_0003.jpg,0.8941219478432136,0
/home/anitadonato/tcc/tcc/data/lfw/lfw-funneled/Steve_Lavin/Steve_Lavin_0004.jpg,/home/anitadonato/tcc/tcc/data/lfw/lfw-funneled/Jean_Chretien/Jean_Chretien_0003.jpg,0.7365668613991543,0
/home/anitadonato/tcc/tcc/data/lfw/lfw-funneled/John_Bolton/John_Bolton_0005.jpg,/home/anitadonato/tcc/tcc/data/lfw/lfw-funneled/Paul_Martin/Paul_Martin_0003.jpg,0.9286935296177642,0
/home/anitadonato/tcc/tcc/data/lfw/lfw-funneled/John_Travolta/John_Travolta_0001.jpg,/home/anitadonato/tcc/tcc/data/lfw/lfw-funneled/Rudolph_Giuliani/Rudolph_Giuliani_0003.jpg,0.9161495361068559,0
/home/anitadonato/tcc/tcc/data/lfw/lfw-funneled/Frank_Solich/Frank_Solich_0005.jpg,/home/anitadonato/tcc/tcc/data/lfw/lfw-funneled/Cesar_Gaviria/Cesar_Gaviria_0001.jpg,0.8733126965423501,0
/home/anitadonato/tcc/tcc/data/lfw/lfw-funneled/Elizabeth_Smart/Elizabeth_Smart_0002.jpg,/home/anitadonato/tcc/tcc/data/lfw/lfw-funneled/Rob_Marshall/Rob_Marshall_0005.jpg,0.8729282355207046,0
/home/anitadonato/tcc/tcc/data/lfw/lfw-funneled/Arminio_Fraga/Arminio_Fraga_0002.jpg,/home/anitadonato/tcc/tcc/data/lfw/lfw-funneled/Joe_Lieberman/Joe_Lieberman_0005.jpg,0.7994730035221737,0
/home/anitadonato/tcc/tcc/data/lfw/lfw-funneled/Kurt_Warner/Kurt_Warner_0005.jpg,/home/anitadonato/tcc/tcc/data/lfw/lfw-funneled/Norm_Coleman/Norm_Coleman_0002.jpg,0.9058478887511707,0
/home/anitadonato/tcc/tcc/data/lfw/lfw-funneled/Steve_Lavin/Steve_Lavin_0005.jpg,/home/anitadonato/tcc/tcc/data/lfw/lfw-funneled/Gerhard_Schroeder/Gerhard_Schroeder_0004.jpg,0.644121411177359,0
/home/anitadonato/tcc/tcc/data/lfw/lfw-funneled/Gerhard_Schroeder/Gerhard_Schroeder_0005.jpg,/home/anitadonato/tcc/tcc/data/lfw/lfw-funneled/Robert_De_Niro/Robert_De_Niro_0003.jpg,0.9157059745821126,0
/home/anitadonato/tcc/tcc/data/lfw/lfw-funneled/Michael_Chiklis/Michael_Chiklis_0004.jpg,/home/anitadonato/tcc/tcc/data/lfw/lfw-funneled/Mike_Weir/Mike_Weir_0001.jpg,0.8937136341244718,0
/home/anitadonato/tcc/tcc/data/lfw/lfw-funneled/Fidel_Castro/Fidel_Castro_0005.jpg,/home/anitadonato/tcc/tcc/data/lfw/lfw-funneled/John_Paul_II/John_Paul_II_0004.jpg,0.8549151188572668,0
/home/anitadonato/tcc/tcc/data/lfw/lfw-funneled/Antonio_Banderas/Antonio_Banderas_0002.jpg,/home/anitadonato/tcc/tcc/data/lfw/lfw-funneled/Winona_Ryder/Winona_Ryder_0005.jpg,0.9067248875192666,0
/home/anitadonato/tcc/tcc/data/lfw/lfw-funneled/Denzel_Washington/Denzel_Washington_0003.jpg,/home/anitadonato/tcc/tcc/data/lfw/lfw-funneled/Susan_Sarandon/Susan_Sarandon_0003.jpg,0.9422157481949617,0
/home/anitadonato/tcc/tcc/data/lfw/lfw-funneled/Al_Sharpton/Al_Sharpton_0003.jpg,/home/anitadonato/tcc/tcc/data/lfw/lfw-funneled/Robert_Blake/Robert_Blake_0004.jpg,0.8352429206953356,0
/home/anitadonato/tcc/tcc/data/lfw/lfw-funneled/Sylvester_Stallone/Sylvester_Stallone_0004.jpg,/home/anitadonato/tcc/tcc/data/lfw/lfw-funneled/Abdullah_Gul/Abdullah_Gul_0003.jpg,0.8481821452987837,0
/home/anitadonato/tcc/tcc/data/lfw/lfw-funneled/Cameron_Diaz/Cameron_Diaz_0005.jpg,/home/anitadonato/tcc/tcc/data/lfw/lfw-funneled/Queen_Rania/Queen_Rania_0005.jpg,0.8353074174851018,0
/home/anitadonato/tcc/tcc/data/lfw/lfw-funneled/Mike_Myers/Mike_Myers_0005.jpg,/home/anitadonato/tcc/tcc/data/lfw/lfw-funneled/Tony_Blair/Tony_Blair_0003.jpg,0.7596801339553716,0
/home/anitadonato/tcc/tcc/data/lfw/lfw-funneled/Salma_Hayek/Salma_Hayek_0004.jpg,/home/anitadonato/tcc/tcc/data/lfw/lfw-funneled/Gonzalo_Sanchez_de_Lozada/Gonzalo_Sanchez_de_Lozada_0004.jpg,0.8975641160312475,0
/home/anitadonato/tcc/tcc/data/lfw/lfw-funneled/Richard_Myers/Richard_Myers_0001.jpg,/home/anitadonato/tcc/tcc/data/lfw/lfw-funneled/Rob_Marshall/Rob_Marshall_0003.jpg,0.8544172710869433,0
/home/anitadonato/tcc/tcc/data/lfw/lfw-funneled/Martin_Scorsese/Martin_Scorsese_0005.jpg,/home/anitadonato/tcc/tcc/data/lfw/lfw-funneled/Heidi_Klum/Heidi_Klum_0002.jpg,0.9873215920962409,0
/home/anitadonato/tcc/tcc/data/lfw/lfw-funneled/John_Ashcroft/John_Ashcroft_0003.jpg,/home/anitadonato/tcc/tcc/data/lfw/lfw-funneled/Carlos_Moya/Carlos_Moya_0002.jpg,0.9095963074794904,0
/home/anitadonato/tcc/tcc/data/lfw/lfw-funneled/Mike_Myers/Mike_Myers_0001.jpg,/home/anitadonato/tcc/tcc/data/lfw/lfw-funneled/Jiri_Novak/Jiri_Novak_0003.jpg,0.937885693707017,0
/home/anitadonato/tcc/tcc/data/lfw/lfw-funneled/Carmen_Electra/Carmen_Electra_0005.jpg,/home/anitadonato/tcc/tcc/data/lfw/lfw-funneled/Carlos_Menem/Carlos_Menem_0005.jpg,0.882675022168492,0
/home/anitadonato/tcc/tcc/data/lfw/lfw-funneled/Silvio_Berlusconi/Silvio_Berlusconi_0001.jpg,/home/anitadonato/tcc/tcc/data/lfw/lfw-funneled/Jennifer_Lopez/Jennifer_Lopez_0001.jpg,0.7941342893119597,0
/home/anitadonato/tcc/tcc/data/lfw/lfw-funneled/Mike_Weir/Mike_Weir_0002.jpg,/home/anitadonato/tcc/tcc/data/lfw/lfw-funneled/Lleyton_Hewitt/Lleyton_Hewitt_0002.jpg,0.804484220401114,0
/home/anitadonato/tcc/tcc/data/lfw/lfw-funneled/Roger_Federer/Roger_Federer_0005.jpg,/home/anitadonato/tcc/tcc/data/lfw/lfw-funneled/Hans_Blix/Hans_Blix_0002.jpg,0.8650502336507456,0
/home/anitadonato/tcc/tcc/data/lfw/lfw-funneled/Ian_Thorpe/Ian_Thorpe_0003.jpg,/home/anitadonato/tcc/tcc/data/lfw/lfw-funneled/Benjamin_Netanyahu/Benjamin_Netanyahu_0001.jpg,0.9533407004814876,0
/home/anitadonato/tcc/tcc/data/lfw/lfw-funneled/Silvio_Berlusconi/Silvio_Berlusconi_0005.jpg,/home/anitadonato/tcc/tcc/data/lfw/lfw-funneled/Juan_Carlos_Ferrero/Juan_Carlos_Ferrero_0002.jpg,0.9475954119474015,0
/home/anitadonato/tcc/tcc/data/lfw/lfw-funneled/John_Stockton/John_Stockton_0003.jpg,/home/anitadonato/tcc/tcc/data/lfw/lfw-funneled/Frank_Solich/Frank_Solich_0004.jpg,0.9484261624789886,0
/home/anitadonato/tcc/tcc/data/lfw/lfw-funneled/Woody_Allen/Woody_Allen_0005.jpg,/home/anitadonato/tcc/tcc/data/lfw/lfw-funneled/Richard_Gere/Richard_Gere_0001.jpg,0.8198127114248941,0
/home/anitadonato/tcc/tcc/data/lfw/lfw-funneled/Martin_Scorsese/Martin_Scorsese_0003.jpg,/home/anitadonato/tcc/tcc/data/lfw/lfw-funneled/Maria_Soledad_Alvear_Valenzuela/Maria_Soledad_Alvear_Valenzuela_0001.jpg,0.9060247044965655,0
/home/anitadonato/tcc/tcc/data/lfw/lfw-funneled/John_Stockton/John_Stockton_0004.jpg,/home/anitadonato/tcc/tcc/data/lfw/lfw-funneled/Kofi_Annan/Kofi_Annan_0001.jpg,0.9625772925398479,0
/home/anitadonato/tcc/tcc/data/lfw/lfw-funneled/Michael_Powell/Michael_Powell_0003.jpg,/home/anitadonato/tcc/tcc/data/lfw/lfw-funneled/Paul_Martin/Paul_Martin_0003.jpg,0.8184838072091805,0
/home/anitadonato/tcc/tcc/data/lfw/lfw-funneled/Lindsay_Davenport/Lindsay_Davenport_0001.jpg,/home/anitadonato/tcc/tcc/data/lfw/lfw-funneled/Nia_Vardalos/Nia_Vardalos_0002.jpg,0.8938353915472894,0
/home/anitadonato/tcc/tcc/data/lfw/lfw-funneled/Gerhard_Schroeder/Gerhard_Schroeder_0005.jpg,/home/anitadonato/tcc/tcc/data/lfw/lfw-funneled/Paul_McCartney/Paul_McCartney_0001.jpg,0.7176824006693692,0
/home/anitadonato/tcc/tcc/data/lfw/lfw-funneled/Abdullah_Gul/Abdullah_Gul_0004.jpg,/home/anitadonato/tcc/tcc/data/lfw/lfw-funneled/Michael_Powell/Michael_Powell_0001.jpg,0.8005298622575867,0
/home/anitadonato/tcc/tcc/data/lfw/lfw-funneled/David_Anderson/David_Anderson_0001.jpg,/home/anitadonato/tcc/tcc/data/lfw/lfw-funneled/Atal_Bihari_Vajpayee/Atal_Bihari_Vajpayee_0003.jpg,0.9027865252905145,0
/home/anitadonato/tcc/tcc/data/lfw/lfw-funneled/Michelle_Yeoh/Michelle_Yeoh_0002.jpg,/home/anitadonato/tcc/tcc/data/lfw/lfw-funneled/Tom_Cruise/Tom_Cruise_0003.jpg,0.9612465926213176,0
/home/anitadonato/tcc/tcc/data/lfw/lfw-funneled/Bob_Graham/Bob_Graham_0002.jpg,/home/anitadonato/tcc/tcc/data/lfw/lfw-funneled/Luis_Horna/Luis_Horna_0002.jpg,0.8955066494100425,0
/home/anitadonato/tcc/tcc/data/lfw/lfw-funneled/Mohammed_Al-Douri/Mohammed_Al-Douri_0004.jpg,/home/anitadonato/tcc/tcc/data/lfw/lfw-funneled/Michael_Chiklis/Michael_Chiklis_0004.jpg,0.5656511064424077,0
/home/anitadonato/tcc/tcc/data/lfw/lfw-funneled/Yasser_Arafat/Yasser_Arafat_0005.jpg,/home/anitadonato/tcc/tcc/data/lfw/lfw-funneled/Martin_Scorsese/Martin_Scorsese_0005.jpg,0.859535112081378,0
/home/anitadonato/tcc/tcc/data/lfw/lfw-funneled/Walter_Mondale/Walter_Mondale_0002.jpg,/home/anitadonato/tcc/tcc/data/lfw/lfw-funneled/Sergey_Lavrov/Sergey_Lavrov_0003.jpg,0.788519449222822,0
/home/anitadonato/tcc/tcc/data/lfw/lfw-funneled/Matthew_Perry/Matthew_Perry_0005.jpg,/home/anitadonato/tcc/tcc/data/lfw/lfw-funneled/Pamela_Anderson/Pamela_Anderson_0001.jpg,0.9767574395114419,0
/home/anitadonato/tcc/tcc/data/lfw/lfw-funneled/Al_Sharpton/Al_Sharpton_0003.jpg,/home/anitadonato/tcc/tcc/data/lfw/lfw-funneled/Juan_Carlos_Ferrero/Juan_Carlos_Ferrero_0001.jpg,0.949731450812052,0
/home/anitadonato/tcc/tcc/data/lfw/lfw-funneled/Juan_Carlos_Ferrero/Juan_Carlos_Ferrero_0004.jpg,/home/anitadonato/tcc/tcc/data/lfw/lfw-funneled/Bob_Graham/Bob_Graham_0002.jpg,0.9617730738575304,0
/home/anitadonato/tcc/tcc/data/lfw/lfw-funneled/Sylvester_Stallone/Sylvester_Stallone_0004.jpg,/home/anitadonato/tcc/tcc/data/lfw/lfw-funneled/Hillary_Clinton/Hillary_Clinton_0005.jpg,0.8782834312002414,0
/home/anitadonato/tcc/tcc/data/lfw/lfw-funneled/Pervez_Musharraf/Pervez_Musharraf_0004.jpg,/home/anitadonato/tcc/tcc/data/lfw/lfw-funneled/Richard_Gere/Richard_Gere_0005.jpg,0.7678493533561603,0
/home/anitadonato/tcc/tcc/data/lfw/lfw-funneled/Pervez_Musharraf/Pervez_Musharraf_0005.jpg,/home/anitadonato/tcc/tcc/data/lfw/lfw-funneled/Roh_Moo-hyun/Roh_Moo-hyun_0005.jpg,0.8207824052402873,0
/home/anitadonato/tcc/tcc/data/lfw/lfw-funneled/Norm_Coleman/Norm_Coleman_0001.jpg,/home/anitadonato/tcc/tcc/data/lfw/lfw-funneled/John_Allen_Muhammad/John_Allen_Muhammad_0003.jpg,0.7650743969746296,0
/home/anitadonato/tcc/tcc/data/lfw/lfw-funneled/Princess_Caroline/Princess_Caroline_0003.jpg,/home/anitadonato/tcc/tcc/data/lfw/lfw-funneled/Jose_Maria_Aznar/Jose_Maria_Aznar_0005.jpg,0.8682384650694597,0
/home/anitadonato/tcc/tcc/data/lfw/lfw-funneled/Pedro_Malan/Pedro_Malan_0004.jpg,/home/anitadonato/tcc/tcc/data/lfw/lfw-funneled/Sharon_Stone/Sharon_Stone_0004.jpg,0.8221621272107095,0
/home/anitadonato/tcc/tcc/data/lfw/lfw-funneled/Hans_Blix/Hans_Blix_0002.jpg,/home/anitadonato/tcc/tcc/data/lfw/lfw-funneled/Yashwant_Sinha/Yashwant_Sinha_0003.jpg,0.8395056468394504,0
/home/anitadonato/tcc/tcc/data/lfw/lfw-funneled/Mike_Martz/Mike_Martz_0001.jpg,/home/anitadonato/tcc/tcc/data/lfw/lfw-funneled/Martin_Scorsese/Martin_Scorsese_0003.jpg,0.9139383459742552,0
/home/anitadonato/tcc/tcc/data/lfw/lfw-funneled/Jennifer_Capriati/Jennifer_Capriati_0005.jpg,/home/anitadonato/tcc/tcc/data/lfw/lfw-funneled/Yashwant_Sinha/Yashwant_Sinha_0004.jpg,0.8068821817012837,0
/home/anitadonato/tcc/tcc/data/lfw/lfw-funneled/Nicanor_Duarte_Frutos/Nicanor_Duarte_Frutos_0004.jpg,/home/anitadonato/tcc/tcc/data/lfw/lfw-funneled/Sergey_Lavrov/Sergey_Lavrov_0001.jpg,0.7419463495703629,0
/home/anitadonato/tcc/tcc/data/lfw/lfw-funneled/Ian_Thorpe/Ian_Thorpe_0003.jpg,/home/anitadonato/tcc/tcc/data/lfw/lfw-funneled/Hal_Gehman/Hal_Gehman_0002.jpg,0.9242542892613301,0
/home/anitadonato/tcc/tcc/data/lfw/lfw-funneled/Bill_McBride/Bill_McBride_0001.jpg,/home/anitadonato/tcc/tcc/data/lfw/lfw-funneled/Trent_Lott/Trent_Lott_0001.jpg,0.7325982750920991,0
/home/anitadonato/tcc/tcc/data/lfw/lfw-funneled/Robert_Zoellick/Robert_Zoellick_0002.jpg,/home/anitadonato/tcc/tcc/data/lfw/lfw-funneled/Billy_Crystal/Billy_Crystal_0005.jpg,0.7470332621407171,0
/home/anitadonato/tcc/tcc/data/lfw/lfw-funneled/Sergey_Lavrov/Sergey_Lavrov_0001.jpg,/home/anitadonato/tcc/tcc/data/lfw/lfw-funneled/Thabo_Mbeki/Thabo_Mbeki_0003.jpg,0.7868546316236099,0
/home/anitadonato/tcc/tcc/data/lfw/lfw-funneled/Hosni_Mubarak/Hosni_Mubarak_0003.jpg,/home/anitadonato/tcc/tcc/data/lfw/lfw-funneled/Sharon_Stone/Sharon_Stone_0004.jpg,0.8835866651994484,0
/home/anitadonato/tcc/tcc/data/lfw/lfw-funneled/Kim_Dae-jung/Kim_Dae-jung_0003.jpg,/home/anitadonato/tcc/tcc/data/lfw/lfw-funneled/Goldie_Hawn/Goldie_Hawn_0002.jpg,0.9266400882793323,0
/home/anitadonato/tcc/tcc/data/lfw/lfw-funneled/Robert_Zoellick/Robert_Zoellick_0002.jpg,/home/anitadonato/tcc/tcc/data/lfw/lfw-funneled/Ludivine_Sagnier/Ludivine_Sagnier_0002.jpg,0.8804274033001847,0
/home/anitadonato/tcc/tcc/data/lfw/lfw-funneled/Grant_Hackett/Grant_Hackett_0003.jpg,/home/anitadonato/tcc/tcc/data/lfw/lfw-funneled/Tom_Daschle/Tom_Daschle_0005.jpg,0.8936223012540383,0
/home/anitadonato/tcc/tcc/data/lfw/lfw-funneled/Sheryl_Crow/Sheryl_Crow_0002.jpg,/home/anitadonato/tcc/tcc/data/lfw/lfw-funneled/Nicanor_Duarte_Frutos/Nicanor_Duarte_Frutos_0001.jpg,0.8639165358286662,0
/home/anitadonato/tcc/tcc/data/lfw/lfw-funneled/Tony_Blair/Tony_Blair_0005.jpg,/home/anitadonato/tcc/tcc/data/lfw/lfw-funneled/Russell_Simmons/Russell_Simmons_0001.jpg,0.7822988726845357,0
/home/anitadonato/tcc/tcc/data/lfw/lfw-funneled/Benjamin_Netanyahu/Benjamin_Netanyahu_0001.jpg,/home/anitadonato/tcc/tcc/data/lfw/lfw-funneled/Jennifer_Capriati/Jennifer_Capriati_0003.jpg,0.8833367229604282,0
/home/anitadonato/tcc/tcc/data/lfw/lfw-funneled/Hal_Gehman/Hal_Gehman_0005.jpg,/home/anitadonato/tcc/tcc/data/lfw/lfw-funneled/Luis_Horna/Luis_Horna_0003.jpg,0.7615373826488914,0
/home/anitadonato/tcc/tcc/data/lfw/lfw-funneled/Billy_Crystal/Billy_Crystal_0001.jpg,/home/anitadonato/tcc/tcc/data/lfw/lfw-funneled/Paradorn_Srichaphan/Paradorn_Srichaphan_0001.jpg,0.9140987837545255,0
/home/anitadonato/tcc/tcc/data/lfw/lfw-funneled/George_Lopez/George_Lopez_0003.jpg,/home/anitadonato/tcc/tcc/data/lfw/lfw-funneled/Tung_Chee-hwa/Tung_Chee-hwa_0003.jpg,0.9379048433452951,0
/home/anitadonato/tcc/tcc/data/lfw/lfw-funneled/Robert_De_Niro/Robert_De_Niro_0003.jpg,/home/anitadonato/tcc/tcc/data/lfw/lfw-funneled/Heidi_Klum/Heidi_Klum_0004.jpg,0.9341324748262041,0
/home/anitadonato/tcc/tcc/data/lfw/lfw-funneled/Ian_Thorpe/Ian_Thorpe_0005.jpg,/home/anitadonato/tcc/tcc/data/lfw/lfw-funneled/Jean-Pierre_Raffarin/Jean-Pierre_Raffarin_0001.jpg,0.9745351351902293,0
/home/anitadonato/tcc/tcc/data/lfw/lfw-funneled/Jiri_Novak/Jiri_Novak_0005.jpg,/home/anitadonato/tcc/tcc/data/lfw/lfw-funneled/Richard_Gere/Richard_Gere_0005.jpg,0.8777125132704787,0
/home/anitadonato/tcc/tcc/data/lfw/lfw-funneled/Pedro_Malan/Pedro_Malan_0002.jpg,/home/anitadonato/tcc/tcc/data/lfw/lfw-funneled/Boris_Becker/Boris_Becker_0005.jpg,0.933675876920286,0
/home/anitadonato/tcc/tcc/data/lfw/lfw-funneled/Mike_Weir/Mike_Weir_0001.jpg,/home/anitadonato/tcc/tcc/data/lfw/lfw-funneled/Roh_Moo-hyun/Roh_Moo-hyun_0001.jpg,0.9813695810126298,0
/home/anitadonato/tcc/tcc/data/lfw/lfw-funneled/Norm_Coleman/Norm_Coleman_0003.jpg,/home/anitadonato/tcc/tcc/data/lfw/lfw-funneled/John_Travolta/John_Travolta_0003.jpg,0.8428292669561646,0
/home/anitadonato/tcc/tcc/data/lfw/lfw-funneled/Christine_Baumgartner/Christine_Baumgartner_0002.jpg,/home/anitadonato/tcc/tcc/data/lfw/lfw-funneled/Walter_Mondale/Walter_Mondale_0001.jpg,0.9025129526147477,0
/home/anitadonato/tcc/tcc/data/lfw/lfw-funneled/Mike_Martz/Mike_Martz_0003.jpg,/home/anitadonato/tcc/tcc/data/lfw/lfw-funneled/Maria_Shriver/Maria_Shriver_0003.jpg,0.90091576997238,0
/home/anitadonato/tcc/tcc/data/lfw/lfw-funneled/John_Manley/John_Manley_0002.jpg,/home/anitadonato/tcc/tcc/data/lfw/lfw-funneled/John_Ashcroft/John_Ashcroft_0005.jpg,0.6911631613265565,0
/home/anitadonato/tcc/tcc/data/lfw/lfw-funneled/Sourav_Ganguly/Sourav_Ganguly_0003.jpg,/home/anitadonato/tcc/tcc/data/lfw/lfw-funneled/Kevin_Costner/Kevin_Costner_0004.jpg,0.8842084043338513,0
/home/anitadonato/tcc/tcc/data/lfw/lfw-funneled/Christine_Todd_Whitman/Christine_Todd_Whitman_0003.jpg,/home/anitadonato/tcc/tcc/data/lfw/lfw-funneled/Steve_Lavin/Steve_Lavin_0002.jpg,0.918848309952828,0
/home/anitadonato/tcc/tcc/data/lfw/lfw-funneled/Wayne_Ferreira/Wayne_Ferreira_0004.jpg,/home/anitadonato/tcc/tcc/data/lfw/lfw-funneled/David_Trimble/David_Trimble_0002.jpg,0.7582287424312084,0
/home/anitadonato/tcc/tcc/data/lfw/lfw-funneled/Pedro_Malan/Pedro_Malan_0004.jpg,/home/anitadonato/tcc/tcc/data/lfw/lfw-funneled/Trent_Lott/Trent_Lott_0005.jpg,0.7993893833875692,0
/home/anitadonato/tcc/tcc/data/lfw/lfw-funneled/Catherine_Zeta-Jones/Catherine_Zeta-Jones_0002.jpg,/home/anitadonato/tcc/tcc/data/lfw/lfw-funneled/JK_Rowling/JK_Rowling_0004.jpg,0.9045045501451779,0
/home/anitadonato/tcc/tcc/data/lfw/lfw-funneled/Queen_Rania/Queen_Rania_0002.jpg,/home/anitadonato/tcc/tcc/data/lfw/lfw-funneled/Silvio_Berlusconi/Silvio_Berlusconi_0004.jpg,0.9693829789499555,0
/home/anitadonato/tcc/tcc/data/lfw/lfw-funneled/John_Howard/John_Howard_0003.jpg,/home/anitadonato/tcc/tcc/data/lfw/lfw-funneled/Megawati_Sukarnoputri/Megawati_Sukarnoputri_0004.jpg,0.9354858180106973,0
/home/anitadonato/tcc/tcc/data/lfw/lfw-funneled/Michelle_Yeoh/Michelle_Yeoh_0002.jpg,/home/anitadonato/tcc/tcc/data/lfw/lfw-funneled/Paul_Burrell/Paul_Burrell_0002.jpg,0.9258964520662121,0
/home/anitadonato/tcc/tcc/data/lfw/lfw-funneled/Condoleezza_Rice/Condoleezza_Rice_0002.jpg,/home/anitadonato/tcc/tcc/data/lfw/lfw-funneled/Michelle_Yeoh/Michelle_Yeoh_0002.jpg,0.9788736281652051,0
/home/anitadonato/tcc/tcc/data/lfw/lfw-funneled/John_Howard/John_Howard_0005.jpg,/home/anitadonato/tcc/tcc/data/lfw/lfw-funneled/Martha_Stewart/Martha_Stewart_0002.jpg,0.7648809053921822,0
/home/anitadonato/tcc/tcc/data/lfw/lfw-funneled/Jose_Maria_Aznar/Jose_Maria_Aznar_0002.jpg,/home/anitadonato/tcc/tcc/data/lfw/lfw-funneled/Jacques_Chirac/Jacques_Chirac_0005.jpg,0.8970225662809689,0
/home/anitadonato/tcc/tcc/data/lfw/lfw-funneled/Tommy_Franks/Tommy_Franks_0001.jpg,/home/anitadonato/tcc/tcc/data/lfw/lfw-funneled/Erika_Harold/Erika_Harold_0005.jpg,0.9044984729136097,0
/home/anitadonato/tcc/tcc/data/lfw/lfw-funneled/John_Snow/John_Snow_0001.jpg,/home/anitadonato/tcc/tcc/data/lfw/lfw-funneled/Andre_Agassi/Andre_Agassi_0002.jpg,0.9188544592817891,0
/home/anitadonato/tcc/tcc/data/lfw/lfw-funneled/Erika_Harold/Erika_Harold_0001.jpg,/home/anitadonato/tcc/tcc/data/lfw/lfw-funneled/Sergey_Lavrov/Sergey_Lavrov_0003.jpg,0.8022727913039858,0
/home/anitadonato/tcc/tcc/data/lfw/lfw-funneled/Fernando_Gonzalez/Fernando_Gonzalez_0004.jpg,/home/anitadonato/tcc/tcc/data/lfw/lfw-funneled/John_Ashcroft/John_Ashcroft_0003.jpg,0.9393541999070042,0
/home/anitadonato/tcc/tcc/data/lfw/lfw-funneled/Wayne_Ferreira/Wayne_Ferreira_0002.jpg,/home/anitadonato/tcc/tcc/data/lfw/lfw-funneled/Michael_Powell/Michael_Powell_0001.jpg,0.9225897183768957,0
/home/anitadonato/tcc/tcc/data/lfw/lfw-funneled/Paul_Burrell/Paul_Burrell_0001.jpg,/home/anitadonato/tcc/tcc/data/lfw/lfw-funneled/Boris_Becker/Boris_Becker_0005.jpg,0.9202613999507275,0
/home/anitadonato/tcc/tcc/data/lfw/lfw-funneled/Michael_Schumacher/Michael_Schumacher_0005.jpg,/home/anitadonato/tcc/tcc/data/lfw/lfw-funneled/George_HW_Bush/George_HW_Bush_0005.jpg,0.8645553314737703,0
/home/anitadonato/tcc/tcc/data/lfw/lfw-funneled/JK_Rowling/JK_Rowling_0005.jpg,/home/anitadonato/tcc/tcc/data/lfw/lfw-funneled/Ian_Thorpe/Ian_Thorpe_0002.jpg,0.9324283998264257,0
/home/anitadonato/tcc/tcc/data/lfw/lfw-funneled/Ian_Thorpe/Ian_Thorpe_0001.jpg,/home/anitadonato/tcc/tcc/data/lfw/lfw-funneled/Maria_Shriver/Maria_Shriver_0003.jpg,0.8290428297288206,0
/home/anitadonato/tcc/tcc/data/lfw/lfw-funneled/George_Robertson/George_Robertson_0004.jpg,/home/anitadonato/tcc/tcc/data/lfw/lfw-funneled/Martha_Stewart/Martha_Stewart_0002.jpg,0.6697792502355485,0
/home/anitadonato/tcc/tcc/data/lfw/lfw-funneled/Bob_Graham/Bob_Graham_0004.jpg,/home/anitadonato/tcc/tcc/data/lfw/lfw-funneled/Megawati_Sukarnoputri/Megawati_Sukarnoputri_0003.jpg,0.810231480507946,0
/home/anitadonato/tcc/tcc/data/lfw/lfw-funneled/Boris_Becker/Boris_Becker_0004.jpg,/home/anitadonato/tcc/tcc/data/lfw/lfw-funneled/George_Lopez/George_Lopez_0004.jpg,0.8866309239118406,0
/home/anitadonato/tcc/tcc/data/lfw/lfw-funneled/Ai_Sugiyama/Ai_Sugiyama_0002.jpg,/home/anitadonato/tcc/tcc/data/lfw/lfw-funneled/Colin_Powell/Colin_Powell_0002.jpg,0.9171055686697076,0
/home/anitadonato/tcc/tcc/data/lfw/lfw-funneled/Thaksin_Shinawatra/Thaksin_Shinawatra_0001.jpg,/home/anitadonato/tcc/tcc/data/lfw/lfw-funneled/Ben_Affleck/Ben_Affleck_0003.jpg,0.9476774999694628,0
/home/anitadonato/tcc/tcc/data/lfw/lfw-funneled/Fernando_Gonzalez/Fernando_Gonzalez_0002.jpg,/home/anitadonato/tcc/tcc/data/lfw/lfw-funneled/John_Negroponte/John_Negroponte_0002.jpg,0.9018040284412367,0
/home/anitadonato/tcc/tcc/data/lfw/lfw-funneled/Ana_Palacio/Ana_Palacio_0004.jpg,/home/anitadonato/tcc/tcc/data/lfw/lfw-funneled/Vladimir_Putin/Vladimir_Putin_0005.jpg,0.8967393202513126,0
/home/anitadonato/tcc/tcc/data/lfw/lfw-funneled/Christine_Baumgartner/Christine_Baumgartner_0003.jpg,/home/anitadonato/tcc/tcc/data/lfw/lfw-funneled/Martha_Stewart/Martha_Stewart_0004.jpg,0.9166661794312191,0
/home/anitadonato/tcc/tcc/data/lfw/lfw-funneled/Norm_Coleman/Norm_Coleman_0004.jpg,/home/anitadonato/tcc/tcc/data/lfw/lfw-funneled/Martin_McGuinness/Martin_McGuinness_0001.jpg,0.8244405500179857,0
/home/anitadonato/tcc/tcc/data/lfw/lfw-funneled/Cameron_Diaz/Cameron_Diaz_0004.jpg,/home/anitadonato/tcc/tcc/data/lfw/lfw-funneled/Natalie_Maines/Natalie_Maines_0003.jpg,0.8314833409021114,0
/home/anitadonato/tcc/tcc/data/lfw/lfw-funneled/Walter_Mondale/Walter_Mondale_0005.jpg,/home/anitadonato/tcc/tcc/data/lfw/lfw-funneled/JK_Rowling/JK_Rowling_0005.jpg,0.9417518754193286,0
/home/anitadonato/tcc/tcc/data/lfw/lfw-funneled/Ludivine_Sagnier/Ludivine_Sagnier_0001.jpg,/home/anitadonato/tcc/tcc/data/lfw/lfw-funneled/Atal_Bihari_Vajpayee/Atal_Bihari_Vajpayee_0005.jpg,0.9489298234831336,0
/home/anitadonato/tcc/tcc/data/lfw/lfw-funneled/Robert_De_Niro/Robert_De_Niro_0004.jpg,/home/anitadonato/tcc/tcc/data/lfw/lfw-funneled/Gonzalo_Sanchez_de_Lozada/Gonzalo_Sanchez_de_Lozada_0001.jpg,0.8201808044724884,0
/home/anitadonato/tcc/tcc/data/lfw/lfw-funneled/John_Allen_Muhammad/John_Allen_Muhammad_0005.jpg,/home/anitadonato/tcc/tcc/data/lfw/lfw-funneled/Tom_Harkin/Tom_Harkin_0004.jpg,0.9503953170967695,0
/home/anitadonato/tcc/tcc/data/lfw/lfw-funneled/Natalie_Maines/Natalie_Maines_0005.jpg,/home/anitadonato/tcc/tcc/data/lfw/lfw-funneled/Rudolph_Giuliani/Rudolph_Giuliani_0004.jpg,0.9061807874245444,0
/home/anitadonato/tcc/tcc/data/lfw/lfw-funneled/Tom_Harkin/Tom_Harkin_0001.jpg,/home/anitadonato/tcc/tcc/data/lfw/lfw-funneled/Sylvester_Stallone/Sylvester_Stallone_0002.jpg,0.8747189577870369,0
/home/anitadonato/tcc/tcc/data/lfw/lfw-funneled/Tom_Crean/Tom_Crean_0004.jpg,/home/anitadonato/tcc/tcc/data/lfw/lfw-funneled/Clara_Harris/Clara_Harris_0003.jpg,0.8422296077682828,0
/home/anitadonato/tcc/tcc/data/lfw/lfw-funneled/Princess_Caroline/Princess_Caroline_0004.jpg,/home/anitadonato/tcc/tcc/data/lfw/lfw-funneled/Thabo_Mbeki/Thabo_Mbeki_0002.jpg,0.9013187631591036,0
/home/anitadonato/tcc/tcc/data/lfw/lfw-funneled/Rainer_Schuettler/Rainer_Schuettler_0005.jpg,/home/anitadonato/tcc/tcc/data/lfw/lfw-funneled/Li_Peng/Li_Peng_0001.jpg,0.883352296722391,0
/home/anitadonato/tcc/tcc/data/lfw/lfw-funneled/Martha_Stewart/Martha_Stewart_0002.jpg,/home/anitadonato/tcc/tcc/data/lfw/lfw-funneled/Tom_Harkin/Tom_Harkin_0004.jpg,0.8097010123686565,0
/home/anitadonato/tcc/tcc/data/lfw/lfw-funneled/Alejandro_Toledo/Alejandro_Toledo_0001.jpg,/home/anitadonato/tcc/tcc/data/lfw/lfw-funneled/Gonzalo_Sanchez_de_Lozada/Gonzalo_Sanchez_de_Lozada_0005.jpg,0.896043984177614,0
/home/anitadonato/tcc/tcc/data/lfw/lfw-funneled/Sharon_Stone/Sharon_Stone_0005.jpg,/home/anitadonato/tcc/tcc/data/lfw/lfw-funneled/John_Paul_II/John_Paul_II_0005.jpg,0.8960757314758769,0
/home/anitadonato/tcc/tcc/data/lfw/lfw-funneled/Hillary_Clinton/Hillary_Clinton_0004.jpg,/home/anitadonato/tcc/tcc/data/lfw/lfw-funneled/Walter_Mondale/Walter_Mondale_0003.jpg,0.8562063878286881,0
/home/anitadonato/tcc/tcc/data/lfw/lfw-funneled/Gonzalo_Sanchez_de_Lozada/Gonzalo_Sanchez_de_Lozada_0002.jpg,/home/anitadonato/tcc/tcc/data/lfw/lfw-funneled/Geoff_Hoon/Geoff_Hoon_0004.jpg,0.8261055771673327,0
/home/anitadonato/tcc/tcc/data/lfw/lfw-funneled/Paul_ONeill/Paul_ONeill_0002.jpg,/home/anitadonato/tcc/tcc/data/lfw/lfw-funneled/Gloria_Macapagal_Arroyo/Gloria_Macapagal_Arroyo_0004.jpg,0.9001075661485745,0
/home/anitadonato/tcc/tcc/data/lfw/lfw-funneled/Amelia_Vega/Amelia_Vega_0003.jpg,/home/anitadonato/tcc/tcc/data/lfw/lfw-funneled/Eduardo_Duhalde/Eduardo_Duhalde_0002.jpg,0.8894474195517128,0
/home/anitadonato/tcc/tcc/data/lfw/lfw-funneled/Julie_Gerberding/Julie_Gerberding_0001.jpg,/home/anitadonato/tcc/tcc/data/lfw/lfw-funneled/John_Stockton/John_Stockton_0001.jpg,0.9589222875148237,0
/home/anitadonato/tcc/tcc/data/lfw/lfw-funneled/William_Ford_Jr/William_Ford_Jr_0004.jpg,/home/anitadonato/tcc/tcc/data/lfw/lfw-funneled/Angelina_Jolie/Angelina_Jolie_0003.jpg,0.8491438021982975,0
/home/anitadonato/tcc/tcc/data/lfw/lfw-funneled/Matthew_Perry/Matthew_Perry_0004.jpg,/home/anitadonato/tcc/tcc/data/lfw/lfw-funneled/Atal_Bihari_Vajpayee/Atal_Bihari_Vajpayee_0005.jpg,0.8625646788983635,0
/home/anitadonato/tcc/tcc/data/lfw/lfw-funneled/JK_Rowling/JK_Rowling_0004.jpg,/home/anitadonato/tcc/tcc/data/lfw/lfw-funneled/Tommy_Franks/Tommy_Franks_0005.jpg,0.9096582190334185,0
/home/anitadonato/tcc/tcc/data/lfw/lfw-funneled/Jean-Pierre_Raffarin/Jean-Pierre_Raffarin_0002.jpg,/home/anitadonato/tcc/tcc/data/lfw/lfw-funneled/Yoko_Ono/Yoko_Ono_0003.jpg,0.8958644504526628,0
/home/anitadonato/tcc/tcc/data/lfw/lfw-funneled/Tom_Cruise/Tom_Cruise_0002.jpg,/home/anitadonato/tcc/tcc/data/lfw/lfw-funneled/Kurt_Warner/Kurt_Warner_0002.jpg,0.970266125772498,0
/home/anitadonato/tcc/tcc/data/lfw/lfw-funneled/Sergey_Lavrov/Sergey_Lavrov_0001.jpg,/home/anitadonato/tcc/tcc/data/lfw/lfw-funneled/Vladimir_Putin/Vladimir_Putin_0004.jpg,0.9137885145390401,0
/home/anitadonato/tcc/tcc/data/lfw/lfw-funneled/David_Anderson/David_Anderson_0004.jpg,/home/anitadonato/tcc/tcc/data/lfw/lfw-funneled/John_Howard/John_Howard_0003.jpg,0.8433711411041618,0
/home/anitadonato/tcc/tcc/data/lfw/lfw-funneled/John_Manley/John_Manley_0001.jpg,/home/anitadonato/tcc/tcc/data/lfw/lfw-funneled/John_Paul_II/John_Paul_II_0002.jpg,0.8704301518975405,0
/home/anitadonato/tcc/tcc/data/lfw/lfw-funneled/Hal_Gehman/Hal_Gehman_0005.jpg,/home/anitadonato/tcc/tcc/data/lfw/lfw-funneled/Richard_Myers/Richard_Myers_0003.jpg,0.8905315212107273,0
/home/anitadonato/tcc/tcc/data/lfw/lfw-funneled/Tiger_Woods/Tiger_Woods_0004.jpg,/home/anitadonato/tcc/tcc/data/lfw/lfw-funneled/Mike_Weir/Mike_Weir_0004.jpg,0.8890001567729411,0
/home/anitadonato/tcc/tcc/data/lfw/lfw-funneled/Grant_Hackett/Grant_Hackett_0005.jpg,/home/anitadonato/tcc/tcc/data/lfw/lfw-funneled/Carlos_Moya/Carlos_Moya_0004.jpg,0.8840527138859461,0
/home/anitadonato/tcc/tcc/data/lfw/lfw-funneled/Renee_Zellweger/Renee_Zellweger_0005.jpg,/home/anitadonato/tcc/tcc/data/lfw/lfw-funneled/Cesar_Gaviria/Cesar_Gaviria_0004.jpg,0.8375840613112459,0
/home/anitadonato/tcc/tcc/data/lfw/lfw-funneled/Vanessa_Redgrave/Vanessa_Redgrave_0004.jpg,/home/anitadonato/tcc/tcc/data/lfw/lfw-funneled/Ben_Affleck/Ben_Affleck_0001.jpg,0.77420949875066,0
/home/anitadonato/tcc/tcc/data/lfw/lfw-funneled/Denzel_Washington/Denzel_Washington_0002.jpg,/home/anitadonato/tcc/tcc/data/lfw/lfw-funneled/Carlos_Moya/Carlos_Moya_0005.jpg,0.9578122153395824,0
/home/anitadonato/tcc/tcc/data/lfw/lfw-funneled/Victoria_Clarke/Victoria_Clarke_0005.jpg,/home/anitadonato/tcc/tcc/data/lfw/lfw-funneled/Valery_Giscard_dEstaing/Valery_Giscard_dEstaing_0002.jpg,0.9087095993613684,0
/home/anitadonato/tcc/tcc/data/lfw/lfw-funneled/Mohammed_Al-Douri/Mohammed_Al-Douri_0002.jpg,/home/anitadonato/tcc/tcc/data/lfw/lfw-funneled/Boris_Becker/Boris_Becker_0001.jpg,0.7899835506841502,0
/home/anitadonato/tcc/tcc/data/lfw/lfw-funneled/Thaksin_Shinawatra/Thaksin_Shinawatra_0005.jpg,/home/anitadonato/tcc/tcc/data/lfw/lfw-funneled/Kalpana_Chawla/Kalpana_Chawla_0005.jpg,0.913098313355615,0
/home/anitadonato/tcc/tcc/data/lfw/lfw-funneled/Richard_Gephardt/Richard_Gephardt_0001.jpg,/home/anitadonato/tcc/tcc/data/lfw/lfw-funneled/Bernard_Law/Bernard_Law_0001.jpg,0.6979396303472973,0
/home/anitadonato/tcc/tcc/data/lfw/lfw-funneled/Robert_De_Niro/Robert_De_Niro_0002.jpg,/home/anitadonato/tcc/tcc/data/lfw/lfw-funneled/Nia_Vardalos/Nia_Vardalos_0002.jpg,0.952994522070649,0
/home/anitadonato/tcc/tcc/data/lfw/lfw-funneled/Michael_Chiklis/Michael_Chiklis_0005.jpg,/home/anitadonato/tcc/tcc/data/lfw/lfw-funneled/Britney_Spears/Britney_Spears_0005.jpg,0.7963085724624208,0
/home/anitadonato/tcc/tcc/data/lfw/lfw-funneled/Silvio_Berlusconi/Silvio_Berlusconi_0002.jpg,/home/anitadonato/tcc/tcc/data/lfw/lfw-funneled/Roh_Moo-hyun/Roh_Moo-hyun_0004.jpg,0.7943324007268424,0
/home/anitadonato/tcc/tcc/data/lfw/lfw-funneled/Gerhard_Schroeder/Gerhard_Schroeder_0003.jpg,/home/anitadonato/tcc/tcc/data/lfw/lfw-funneled/Condoleezza_Rice/Condoleezza_Rice_0001.jpg,0.9207193820592594,0
/home/anitadonato/tcc/tcc/data/lfw/lfw-funneled/Amelia_Vega/Amelia_Vega_0003.jpg,/home/anitadonato/tcc/tcc/data/lfw/lfw-funneled/Kristanna_Loken/Kristanna_Loken_0003.jpg,0.8939014276916779,0
/home/anitadonato/tcc/tcc/data/lfw/lfw-funneled/Zinedine_Zidane/Zinedine_Zidane_0001.jpg,/home/anitadonato/tcc/tcc/data/lfw/lfw-funneled/Jean-Pierre_Raffarin/Jean-Pierre_Raffarin_0004.jpg,0.9358936433836,0
/home/anitadonato/tcc/tcc/data/lfw/lfw-funneled/Al_Sharpton/Al_Sharpton_0003.jpg,/home/anitadonato/tcc/tcc/data/lfw/lfw-funneled/Ana_Palacio/Ana_Palacio_0004.jpg,0.9298431781445108,0
/home/anitadonato/tcc/tcc/data/lfw/lfw-funneled/Hillary_Clinton/Hillary_Clinton_0003.jpg,/home/anitadonato/tcc/tcc/data/lfw/lfw-funneled/Fujio_Cho/Fujio_Cho_0003.jpg,0.946931053311469,0
/home/anitadonato/tcc/tcc/data/lfw/lfw-funneled/Atal_Bihari_Vajpayee/Atal_Bihari_Vajpayee_0005.jpg,/home/anitadonato/tcc/tcc/data/lfw/lfw-funneled/Fernando_Gonzalez/Fernando_Gonzalez_0002.jpg,0.9226852231048448,0
/home/anitadonato/tcc/tcc/data/lfw/lfw-funneled/Luis_Horna/Luis_Horna_0005.jpg,/home/anitadonato/tcc/tcc/data/lfw/lfw-funneled/Liza_Minnelli/Liza_Minnelli_0001.jpg,0.9694682193204979,0
/home/anitadonato/tcc/tcc/data/lfw/lfw-funneled/Robert_De_Niro/Robert_De_Niro_0005.jpg,/home/anitadonato/tcc/tcc/data/lfw/lfw-funneled/Silvio_Berlusconi/Silvio_Berlusconi_0001.jpg,0.8873560525689901,0
/home/anitadonato/tcc/tcc/data/lfw/lfw-funneled/Sheryl_Crow/Sheryl_Crow_0005.jpg,/home/anitadonato/tcc/tcc/data/lfw/lfw-funneled/Rob_Marshall/Rob_Marshall_0003.jpg,0.918400768355237,0
/home/anitadonato/tcc/tcc/data/lfw/lfw-funneled/Martin_McGuinness/Martin_McGuinness_0003.jpg,/home/anitadonato/tcc/tcc/data/lfw/lfw-funneled/Cameron_Diaz/Cameron_Diaz_0003.jpg,0.975751085258107,0
/home/anitadonato/tcc/tcc/data/lfw/lfw-funneled/Atal_Bihari_Vajpayee/Atal_Bihari_Vajpayee_0005.jpg,/home/anitadonato/tcc/tcc/data/lfw/lfw-funneled/Kofi_Annan/Kofi_Annan_0003.jpg,0.6013821187516295,0
/home/anitadonato/tcc/tcc/data/lfw/lfw-funneled/Paul_Burrell/Paul_Burrell_0005.jpg,/home/anitadonato/tcc/tcc/data/lfw/lfw-funneled/Michael_Schumacher/Michael_Schumacher_0004.jpg,0.8413066043333143,0
/home/anitadonato/tcc/tcc/data/lfw/lfw-funneled/Tom_Daschle/Tom_Daschle_0004.jpg,/home/anitadonato/tcc/tcc/data/lfw/lfw-funneled/Trent_Lott/Trent_Lott_0004.jpg,0.645956714561118,0
/home/anitadonato/tcc/tcc/data/lfw/lfw-funneled/John_Paul_II/John_Paul_II_0002.jpg,/home/anitadonato/tcc/tcc/data/lfw/lfw-funneled/JK_Rowling/JK_Rowling_0003.jpg,0.8702408914326786,0
/home/anitadonato/tcc/tcc/data/lfw/lfw-funneled/Jeremy_Greenstock/Jeremy_Greenstock_0001.jpg,/home/anitadonato/tcc/tcc/data/lfw/lfw-funneled/Richard_Myers/Richard_Myers_0001.jpg,0.7734135826566819,0
/home/anitadonato/tcc/tcc/data/lfw/lfw-funneled/Paradorn_Srichaphan/Paradorn_Srichaphan_0001.jpg,/home/anitadonato/tcc/tcc/data/lfw/lfw-funneled/John_Manley/John_Manley_0002.jpg,0.9094242156340789,0
/home/anitadonato/tcc/tcc/data/lfw/lfw-funneled/Michael_Schumacher/Michael_Schumacher_0004.jpg,/home/anitadonato/tcc/tcc/data/lfw/lfw-funneled/Nia_Vardalos/Nia_Vardalos_0001.jpg,0.7140159599526814,0
/home/anitadonato/tcc/tcc/data/lfw/lfw-funneled/Peter_Struck/Peter_Struck_0005.jpg,/home/anitadonato/tcc/tcc/data/lfw/lfw-funneled/Yashwant_Sinha/Yashwant_Sinha_0002.jpg,0.6379416603825019,0
/home/anitadonato/tcc/tcc/data/lfw/lfw-funneled/Alvaro_Uribe/Alvaro_Uribe_0002.jpg,/home/anitadonato/tcc/tcc/data/lfw/lfw-funneled/Jean-David_Levitte/Jean-David_Levitte_0003.jpg,0.8079677545593905,0
/home/anitadonato/tcc/tcc/data/lfw/lfw-funneled/Benjamin_Netanyahu/Benjamin_Netanyahu_0003.jpg,/home/anitadonato/tcc/tcc/data/lfw/lfw-funneled/Ana_Guevara/Ana_Guevara_0003.jpg,0.8386071741992076,0
/home/anitadonato/tcc/tcc/data/lfw/lfw-funneled/Antonio_Banderas/Antonio_Banderas_0003.jpg,/home/anitadonato/tcc/tcc/data/lfw/lfw-funneled/Al_Sharpton/Al_Sharpton_0001.jpg,0.8691770181431913,0
/home/anitadonato/tcc/tcc/data/lfw/lfw-funneled/William_Ford_Jr/William_Ford_Jr_0003.jpg,/home/anitadonato/tcc/tcc/data/lfw/lfw-funneled/Maria_Shriver/Maria_Shriver_0003.jpg,0.8844547852132914,0
/home/anitadonato/tcc/tcc/data/lfw/lfw-funneled/Jan_Ullrich/Jan_Ullrich_0005.jpg,/home/anitadonato/tcc/tcc/data/lfw/lfw-funneled/Rob_Marshall/Rob_Marshall_0005.jpg,0.9025278285868649,0
/home/anitadonato/tcc/tcc/data/lfw/lfw-funneled/Christine_Todd_Whitman/Christine_Todd_Whitman_0002.jpg,/home/anitadonato/tcc/tcc/data/lfw/lfw-funneled/Woody_Allen/Woody_Allen_0003.jpg,0.811323827233986,0
/home/anitadonato/tcc/tcc/data/lfw/lfw-funneled/Winona_Ryder/Winona_Ryder_0004.jpg,/home/anitadonato/tcc/tcc/data/lfw/lfw-funneled/Michael_Chiklis/Michael_Chiklis_0004.jpg,0.869819209419708,0
/home/anitadonato/tcc/tcc/data/lfw/lfw-funneled/Bulent_Ecevit/Bulent_Ecevit_0002.jpg,/home/anitadonato/tcc/tcc/data/lfw/lfw-funneled/Alejandro_Toledo/Alejandro_Toledo_0004.jpg,0.931317802216464,0
/home/anitadonato/tcc/tcc/data/lfw/lfw-funneled/Jennifer_Lopez/Jennifer_Lopez_0004.jpg,/home/anitadonato/tcc/tcc/data/lfw/lfw-funneled/John_Manley/John_Manley_0005.jpg,0.9696062763281942,0
/home/anitadonato/tcc/tcc/data/lfw/lfw-funneled/Peter_Struck/Peter_Struck_0004.jpg,/home/anitadonato/tcc/tcc/data/lfw/lfw-funneled/Habib_Rizieq/Habib_Rizieq_0001.jpg,0.9195426360706185,0
/home/anitadonato/tcc/tcc/data/lfw/lfw-funneled/Tom_Daschle/Tom_Daschle_0005.jpg,/home/anitadonato/tcc/tcc/data/lfw/lfw-funneled/Richard_Gephardt/Richard_Gephardt_0003.jpg,0.6819085521892407,0
/home/anitadonato/tcc/tcc/data/lfw/lfw-funneled/Steve_Lavin/Steve_Lavin_0001.jpg,/home/anitadonato/tcc/tcc/data/lfw/lfw-funneled/Ludivine_Sagnier/Ludivine_Sagnier_0002.jpg,0.8141156764268621,0
/home/anitadonato/tcc/tcc/data/lfw/lfw-funneled/Kofi_Annan/Kofi_Annan_0003.jpg,/home/anitadonato/tcc/tcc/data/lfw/lfw-funneled/Maria_Shriver/Maria_Shriver_0003.jpg,0.9410062506230897,0
/home/anitadonato/tcc/tcc/data/lfw/lfw-funneled/Ana_Palacio/Ana_Palacio_0003.jpg,/home/anitadonato/tcc/tcc/data/lfw/lfw-funneled/Wayne_Ferreira/Wayne_Ferreira_0001.jpg,0.9322513590984952,0
/home/anitadonato/tcc/tcc/data/lfw/lfw-funneled/Winona_Ryder/Winona_Ryder_0005.jpg,/home/anitadonato/tcc/tcc/data/lfw/lfw-funneled/Tony_Blair/Tony_Blair_0002.jpg,0.9115630868726079,0
/home/anitadonato/tcc/tcc/data/lfw/lfw-funneled/Silvio_Berlusconi/Silvio_Berlusconi_0004.jpg,/home/anitadonato/tcc/tcc/data/lfw/lfw-funneled/Cameron_Diaz/Cameron_Diaz_0002.jpg,0.9523505718844816,0
/home/anitadonato/tcc/tcc/data/lfw/lfw-funneled/Martin_Scorsese/Martin_Scorsese_0003.jpg,/home/anitadonato/tcc/tcc/data/lfw/lfw-funneled/William_Ford_Jr/William_Ford_Jr_0003.jpg,0.9271230226685626,0
/home/anitadonato/tcc/tcc/data/lfw/lfw-funneled/John_Bolton/John_Bolton_0003.jpg,/home/anitadonato/tcc/tcc/data/lfw/lfw-funneled/Thaksin_Shinawatra/Thaksin_Shinawatra_0004.jpg,0.8228762728188771,0
/home/anitadonato/tcc/tcc/data/lfw/lfw-funneled/Pedro_Malan/Pedro_Malan_0002.jpg,/home/anitadonato/tcc/tcc/data/lfw/lfw-funneled/Mark_Hurlbert/Mark_Hurlbert_0003.jpg,0.945504140722987,0
/home/anitadonato/tcc/tcc/data/lfw/lfw-funneled/Gonzalo_Sanchez_de_Lozada/Gonzalo_Sanchez_de_Lozada_0002.jpg,/home/anitadonato/tcc/tcc/data/lfw/lfw-funneled/John_Ashcroft/John_Ashcroft_0005.jpg,0.8423460307220048,0
/home/anitadonato/tcc/tcc/data/lfw/lfw-funneled/John_Ashcroft/John_Ashcroft_0001.jpg,/home/anitadonato/tcc/tcc/data/lfw/lfw-funneled/Woody_Allen/Woody_Allen_0003.jpg,0.787481788416114,0
/home/anitadonato/tcc/tcc/data/lfw/lfw-funneled/Bulent_Ecevit/Bulent_Ecevit_0002.jpg,/home/anitadonato/tcc/tcc/data/lfw/lfw-funneled/Michael_Powell/Michael_Powell_0001.jpg,0.9490289471206672,0
/home/anitadonato/tcc/tcc/data/lfw/lfw-funneled/Susan_Sarandon/Susan_Sarandon_0001.jpg,/home/anitadonato/tcc/tcc/data/lfw/lfw-funneled/Antonio_Banderas/Antonio_Banderas_0004.jpg,0.9766445077987036,0
/home/anitadonato/tcc/tcc/data/lfw/lfw-funneled/Bob_Graham/Bob_Graham_0002.jpg,/home/anitadonato/tcc/tcc/data/lfw/lfw-funneled/Jennifer_Lopez/Jennifer_Lopez_0003.jpg,0.9484731595836909,0
/home/anitadonato/tcc/tcc/data/lfw/lfw-funneled/Sheryl_Crow/Sheryl_Crow_0005.jpg,/home/anitadonato/tcc/tcc/data/lfw/lfw-funneled/John_Stockton/John_Stockton_0003.jpg,0.9507293086777285,0
/home/anitadonato/tcc/tcc/data/lfw/lfw-funneled/Princess_Caroline/Princess_Caroline_0002.jpg,/home/anitadonato/tcc/tcc/data/lfw/lfw-funneled/Robert_Blake/Robert_Blake_0001.jpg,0.9205719738638947,0
/home/anitadonato/tcc/tcc/data/lfw/lfw-funneled/Tom_Harkin/Tom_Harkin_0002.jpg,/home/anitadonato/tcc/tcc/data/lfw/lfw-funneled/Catherine_Zeta-Jones/Catherine_Zeta-Jones_0002.jpg,0.9504654387602817,0
/home/anitadonato/tcc/tcc/data/lfw/lfw-funneled/Rob_Marshall/Rob_Marshall_0004.jpg,/home/anitadonato/tcc/tcc/data/lfw/lfw-funneled/Bulent_Ecevit/Bulent_Ecevit_0004.jpg,0.8801086280642887,0
/home/anitadonato/tcc/tcc/data/lfw/lfw-funneled/Gloria_Macapagal_Arroyo/Gloria_Macapagal_Arroyo_0001.jpg,/home/anitadonato/tcc/tcc/data/lfw/lfw-funneled/Tom_Daschle/Tom_Daschle_0001.jpg,0.9703671678369309,0
/home/anitadonato/tcc/tcc/data/lfw/lfw-funneled/John_Howard/John_Howard_0005.jpg,/home/anitadonato/tcc/tcc/data/lfw/lfw-funneled/Yoko_Ono/Yoko_Ono_0001.jpg,0.7257203317866365,0
/home/anitadonato/tcc/tcc/data/lfw/lfw-funneled/Peter_Struck/Peter_Struck_0001.jpg,/home/anitadonato/tcc/tcc/data/lfw/lfw-funneled/Paradorn_Srichaphan/Paradorn_Srichaphan_0001.jpg,0.9175624278020855,0
/home/anitadonato/tcc/tcc/data/lfw/lfw-funneled/Tom_Daschle/Tom_Daschle_0003.jpg,/home/anitadonato/tcc/tcc/data/lfw/lfw-funneled/Kristanna_Loken/Kristanna_Loken_0001.jpg,0.9005133879142714,0
/home/anitadonato/tcc/tcc/data/lfw/lfw-funneled/Kofi_Annan/Kofi_Annan_0003.jpg,/home/anitadonato/tcc/tcc/data/lfw/lfw-funneled/Charlton_Heston/Charlton_Heston_0002.jpg,0.8255134050990242,0
/home/anitadonato/tcc/tcc/data/lfw/lfw-funneled/Halle_Berry/Halle_Berry_0002.jpg,/home/anitadonato/tcc/tcc/data/lfw/lfw-funneled/Hal_Gehman/Hal_Gehman_0003.jpg,0.8946294109050956,0
/home/anitadonato/tcc/tcc/data/lfw/lfw-funneled/Sourav_Ganguly/Sourav_Ganguly_0003.jpg,/home/anitadonato/tcc/tcc/data/lfw/lfw-funneled/John_Snow/John_Snow_0004.jpg,0.8837767333195811,0
/home/anitadonato/tcc/tcc/data/lfw/lfw-funneled/Juan_Pablo_Montoya/Juan_Pablo_Montoya_0003.jpg,/home/anitadonato/tcc/tcc/data/lfw/lfw-funneled/Kate_Hudson/Kate_Hudson_0002.jpg,0.9364812743377078,0
/home/anitadonato/tcc/tcc/data/lfw/lfw-funneled/Tommy_Franks/Tommy_Franks_0001.jpg,/home/anitadonato/tcc/tcc/data/lfw/lfw-funneled/Sourav_Ganguly/Sourav_Ganguly_0001.jpg,0.7953799318944506,0
/home/anitadonato/tcc/tcc/data/lfw/lfw-funneled/Nicanor_Duarte_Frutos/Nicanor_Duarte_Frutos_0005.jpg,/home/anitadonato/tcc/tcc/data/lfw/lfw-funneled/Roh_Moo-hyun/Roh_Moo-hyun_0001.jpg,0.8742936527377897,0
/home/anitadonato/tcc/tcc/data/lfw/lfw-funneled/Ann_Veneman/Ann_Veneman_0003.jpg,/home/anitadonato/tcc/tcc/data/lfw/lfw-funneled/Michelle_Yeoh/Michelle_Yeoh_0005.jpg,0.9468803108486388,0
/home/anitadonato/tcc/tcc/data/lfw/lfw-funneled/Erika_Harold/Erika_Harold_0002.jpg,/home/anitadonato/tcc/tcc/data/lfw/lfw-funneled/Hugh_Grant/Hugh_Grant_0003.jpg,0.9074858079430317,0
/home/anitadonato/tcc/tcc/data/lfw/lfw-funneled/Silvio_Berlusconi/Silvio_Berlusconi_0002.jpg,/home/anitadonato/tcc/tcc/data/lfw/lfw-funneled/John_Allen_Muhammad/John_Allen_Muhammad_0001.jpg,0.8725845467622302,0
/home/anitadonato/tcc/tcc/data/lfw/lfw-funneled/John_Howard/John_Howard_0003.jpg,/home/anitadonato/tcc/tcc/data/lfw/lfw-funneled/JK_Rowling/JK_Rowling_0005.jpg,0.8804379767262345,0
/home/anitadonato/tcc/tcc/data/lfw/lfw-funneled/Susan_Sarandon/Susan_Sarandon_0002.jpg,/home/anitadonato/tcc/tcc/data/lfw/lfw-funneled/Mohammed_Al-Douri/Mohammed_Al-Douri_0001.jpg,0.9216298031002348,0
/home/anitadonato/tcc/tcc/data/lfw/lfw-funneled/Kim_Dae-jung/Kim_Dae-jung_0001.jpg,/home/anitadonato/tcc/tcc/data/lfw/lfw-funneled/Michael_Chiklis/Michael_Chiklis_0001.jpg,0.9341406558883787,0
/home/anitadonato/tcc/tcc/data/lfw/lfw-funneled/Arminio_Fraga/Arminio_Fraga_0001.jpg,/home/anitadonato/tcc/tcc/data/lfw/lfw-funneled/Billy_Crystal/Billy_Crystal_0004.jpg,0.9544476763056093,0
/home/anitadonato/tcc/tcc/data/lfw/lfw-funneled/Walter_Mondale/Walter_Mondale_0005.jpg,/home/anitadonato/tcc/tcc/data/lfw/lfw-funneled/Vladimir_Putin/Vladimir_Putin_0005.jpg,0.7293358349495571,0
/home/anitadonato/tcc/tcc/data/lfw/lfw-funneled/Cruz_Bustamante/Cruz_Bustamante_0004.jpg,/home/anitadonato/tcc/tcc/data/lfw/lfw-funneled/Martha_Stewart/Martha_Stewart_0005.jpg,0.9280476777437162,0
/home/anitadonato/tcc/tcc/data/lfw/lfw-funneled/Lleyton_Hewitt/Lleyton_Hewitt_0003.jpg,/home/anitadonato/tcc/tcc/data/lfw/lfw-funneled/John_Howard/John_Howard_0002.jpg,0.7780581591967553,0
/home/anitadonato/tcc/tcc/data/lfw/lfw-funneled/Gloria_Macapagal_Arroyo/Gloria_Macapagal_Arroyo_0005.jpg,/home/anitadonato/tcc/tcc/data/lfw/lfw-funneled/Charlton_Heston/Charlton_Heston_0001.jpg,0.9138617509407374,0
/home/anitadonato/tcc/tcc/data/lfw/lfw-funneled/Bill_McBride/Bill_McBride_0004.jpg,/home/anitadonato/tcc/tcc/data/lfw/lfw-funneled/Sylvester_Stallone/Sylvester_Stallone_0005.jpg,0.8595523482077932,0
/home/anitadonato/tcc/tcc/data/lfw/lfw-funneled/Paul_Burrell/Paul_Burrell_0004.jpg,/home/anitadonato/tcc/tcc/data/lfw/lfw-funneled/Amelia_Vega/Amelia_Vega_0001.jpg,0.9669292720030187,0
/home/anitadonato/tcc/tcc/data/lfw/lfw-funneled/Vanessa_Redgrave/Vanessa_Redgrave_0004.jpg,/home/anitadonato/tcc/tcc/data/lfw/lfw-funneled/John_Howard/John_Howard_0004.jpg,0.8947558363746755,0
/home/anitadonato/tcc/tcc/data/lfw/lfw-funneled/Ian_Thorpe/Ian_Thorpe_0002.jpg,/home/anitadonato/tcc/tcc/data/lfw/lfw-funneled/Bill_Gates/Bill_Gates_0005.jpg,0.8813122167672502,0
/home/anitadonato/tcc/tcc/data/lfw/lfw-funneled/Anna_Kournikova/Anna_Kournikova_0004.jpg,/home/anitadonato/tcc/tcc/data/lfw/lfw-funneled/Hans_Blix/Hans_Blix_0002.jpg,0.8171110330227426,0
/home/anitadonato/tcc/tcc/data/lfw/lfw-funneled/Angela_Merkel/Angela_Merkel_0003.jpg,/home/anitadonato/tcc/tcc/data/lfw/lfw-funneled/Kalpana_Chawla/Kalpana_Chawla_0003.jpg,0.8438542898561183,0
/home/anitadonato/tcc/tcc/data/lfw/lfw-funneled/Vanessa_Redgrave/Vanessa_Redgrave_0001.jpg,/home/anitadonato/tcc/tcc/data/lfw/lfw-funneled/Richard_Gere/Richard_Gere_0001.jpg,0.8847337461128773,0
/home/anitadonato/tcc/tcc/data/lfw/lfw-funneled/Pamela_Anderson/Pamela_Anderson_0003.jpg,/home/anitadonato/tcc/tcc/data/lfw/lfw-funneled/Sharon_Stone/Sharon_Stone_0004.jpg,0.8482887371549038,0
/home/anitadonato/tcc/tcc/data/lfw/lfw-funneled/Habib_Rizieq/Habib_Rizieq_0003.jpg,/home/anitadonato/tcc/tcc/data/lfw/lfw-funneled/Jennifer_Capriati/Jennifer_Capriati_0003.jpg,0.8280953738305876,0
/home/anitadonato/tcc/tcc/data/lfw/lfw-funneled/Megawati_Sukarnoputri/Megawati_Sukarnoputri_0002.jpg,/home/anitadonato/tcc/tcc/data/lfw/lfw-funneled/Kofi_Annan/Kofi_Annan_0005.jpg,0.8568936990954494,0
/home/anitadonato/tcc/tcc/data/lfw/lfw-funneled/Spencer_Abraham/Spencer_Abraham_0001.jpg,/home/anitadonato/tcc/tcc/data/lfw/lfw-funneled/Hamid_Karzai/Hamid_Karzai_0003.jpg,0.803173530098764,0
/home/anitadonato/tcc/tcc/data/lfw/lfw-funneled/Steve_Lavin/Steve_Lavin_0001.jpg,/home/anitadonato/tcc/tcc/data/lfw/lfw-funneled/Mohamed_ElBaradei/Mohamed_ElBaradei_0003.jpg,0.9534691180481957,0
/home/anitadonato/tcc/tcc/data/lfw/lfw-funneled/John_Snow/John_Snow_0004.jpg,/home/anitadonato/tcc/tcc/data/lfw/lfw-funneled/Habib_Rizieq/Habib_Rizieq_0005.jpg,0.8433709780373898,0
/home/anitadonato/tcc/tcc/data/lfw/lfw-funneled/Fernando_Gonzalez/Fernando_Gonzalez_0005.jpg,/home/anitadonato/tcc/tcc/data/lfw/lfw-funneled/Queen_Rania/Queen_Rania_0002.jpg,0.9372927502390132,0
/home/anitadonato/tcc/tcc/data/lfw/lfw-funneled/Ana_Palacio/Ana_Palacio_0002.jpg,/home/anitadonato/tcc/tcc/data/lfw/lfw-funneled/David_Trimble/David_Trimble_0005.jpg,0.884412947480523,0
/home/anitadonato/tcc/tcc/data/lfw/lfw-funneled/Jose_Maria_Aznar/Jose_Maria_Aznar_0005.jpg,/home/anitadonato/tcc/tcc/data/lfw/lfw-funneled/Lindsay_Davenport/Lindsay_Davenport_0003.jpg,0.9298870360193925,0
/home/anitadonato/tcc/tcc/data/lfw/lfw-funneled/Grant_Hackett/Grant_Hackett_0002.jpg,/home/anitadonato/tcc/tcc/data/lfw/lfw-funneled/Hosni_Mubarak/Hosni_Mubarak_0002.jpg,0.8877726967116754,0
/home/anitadonato/tcc/tcc/data/lfw/lfw-funneled/Tung_Chee-hwa/Tung_Chee-hwa_0001.jpg,/home/anitadonato/tcc/tcc/data/lfw/lfw-funneled/Juan_Pablo_Montoya/Juan_Pablo_Montoya_0005.jpg,0.8711894041670938,0
/home/anitadonato/tcc/tcc/data/lfw/lfw-funneled/Richard_Gere/Richard_Gere_0005.jpg,/home/anitadonato/tcc/tcc/data/lfw/lfw-funneled/William_Ford_Jr/William_Ford_Jr_0005.jpg,0.875865940391856,0
/home/anitadonato/tcc/tcc/data/lfw/lfw-funneled/Habib_Rizieq/Habib_Rizieq_0005.jpg,/home/anitadonato/tcc/tcc/data/lfw/lfw-funneled/Robert_Blake/Robert_Blake_0001.jpg,0.9012280363800874,0
/home/anitadonato/tcc/tcc/data/lfw/lfw-funneled/Susan_Sarandon/Susan_Sarandon_0003.jpg,/home/anitadonato/tcc/tcc/data/lfw/lfw-funneled/Vladimir_Putin/Vladimir_Putin_0004.jpg,0.842620879371974,0
/home/anitadonato/tcc/tcc/data/lfw/lfw-funneled/Ana_Guevara/Ana_Guevara_0001.jpg,/home/anitadonato/tcc/tcc/data/lfw/lfw-funneled/Denzel_Washington/Denzel_Washington_0005.jpg,0.8948019994339472,0
/home/anitadonato/tcc/tcc/data/lfw/lfw-funneled/Jacques_Chirac/Jacques_Chirac_0003.jpg,/home/anitadonato/tcc/tcc/data/lfw/lfw-funneled/Jean-Pierre_Raffarin/Jean-Pierre_Raffarin_0004.jpg,0.8460250787951886,0
/home/anitadonato/tcc/tcc/data/lfw/lfw-funneled/Alejandro_Toledo/Alejandro_Toledo_0001.jpg,/home/anitadonato/tcc/tcc/data/lfw/lfw-funneled/Tung_Chee-hwa/Tung_Chee-hwa_0001.jpg,0.8195832511630577,0
/home/anitadonato/tcc/tcc/data/lfw/lfw-funneled/Cesar_Gaviria/Cesar_Gaviria_0005.jpg,/home/anitadonato/tcc/tcc/data/lfw/lfw-funneled/Ai_Sugiyama/Ai_Sugiyama_0001.jpg,0.9104800407401561,0
/home/anitadonato/tcc/tcc/data/lfw/lfw-funneled/Bill_McBride/Bill_McBride_0002.jpg,/home/anitadonato/tcc/tcc/data/lfw/lfw-funneled/Sergey_Lavrov/Sergey_Lavrov_0004.jpg,0.8425600265221653,0
/home/anitadonato/tcc/tcc/data/lfw/lfw-funneled/John_Snow/John_Snow_0004.jpg,/home/anitadonato/tcc/tcc/data/lfw/lfw-funneled/Tom_Crean/Tom_Crean_0005.jpg,0.7822232777401332,0
/home/anitadonato/tcc/tcc/data/lfw/lfw-funneled/Kofi_Annan/Kofi_Annan_0002.jpg,/home/anitadonato/tcc/tcc/data/lfw/lfw-funneled/Xavier_Malisse/Xavier_Malisse_0002.jpg,0.9353142577666715,0
/home/anitadonato/tcc/tcc/data/lfw/lfw-funneled/Amelie_Mauresmo/Amelie_Mauresmo_0003.jpg,/home/anitadonato/tcc/tcc/data/lfw/lfw-funneled/Erika_Harold/Erika_Harold_0005.jpg,0.9741381022207485,0
/home/anitadonato/tcc/tcc/data/lfw/lfw-funneled/Catherine_Zeta-Jones/Catherine_Zeta-Jones_0004.jpg,/home/anitadonato/tcc/tcc/data/lfw/lfw-funneled/John_Ashcroft/John_Ashcroft_0003.jpg,0.8765822511154973,0
/home/anitadonato/tcc/tcc/data/lfw/lfw-funneled/Pedro_Malan/Pedro_Malan_0001.jpg,/home/anitadonato/tcc/tcc/data/lfw/lfw-funneled/Russell_Simmons/Russell_Simmons_0005.jpg,0.8354168494888259,0
/home/anitadonato/tcc/tcc/data/lfw/lfw-funneled/Carlos_Menem/Carlos_Menem_0002.jpg,/home/anitadonato/tcc/tcc/data/lfw/lfw-funneled/Hamid_Karzai/Hamid_Karzai_0003.jpg,0.7950262449863962,0
/home/anitadonato/tcc/tcc/data/lfw/lfw-funneled/Kevin_Costner/Kevin_Costner_0005.jpg,/home/anitadonato/tcc/tcc/data/lfw/lfw-funneled/Zinedine_Zidane/Zinedine_Zidane_0001.jpg,0.8936193453026129,0
/home/anitadonato/tcc/tcc/data/lfw/lfw-funneled/Richard_Myers/Richard_Myers_0005.jpg,/home/anitadonato/tcc/tcc/data/lfw/lfw-funneled/Angelina_Jolie/Angelina_Jolie_0003.jpg,0.934277691143207,0
/home/anitadonato/tcc/tcc/data/lfw/lfw-funneled/Sharon_Stone/Sharon_Stone_0001.jpg,/home/anitadonato/tcc/tcc/data/lfw/lfw-funneled/Britney_Spears/Britney_Spears_0002.jpg,0.8520686713568398,0
/home/anitadonato/tcc/tcc/data/lfw/lfw-funneled/Jose_Maria_Aznar/Jose_Maria_Aznar_0005.jpg,/home/anitadonato/tcc/tcc/data/lfw/lfw-funneled/Angela_Merkel/Angela_Merkel_0004.jpg,0.9341789223565565,0
/home/anitadonato/tcc/tcc/data/lfw/lfw-funneled/John_Manley/John_Manley_0004.jpg,/home/anitadonato/tcc/tcc/data/lfw/lfw-funneled/Erika_Harold/Erika_Harold_0004.jpg,0.8669535234979533,0
/home/anitadonato/tcc/tcc/data/lfw/lfw-funneled/Jean-Pierre_Raffarin/Jean-Pierre_Raffarin_0005.jpg,/home/anitadonato/tcc/tcc/data/lfw/lfw-funneled/Lindsay_Davenport/Lindsay_Davenport_0002.jpg,0.902067574360636,0
/home/anitadonato/tcc/tcc/data/lfw/lfw-funneled/Tung_Chee-hwa/Tung_Chee-hwa_0004.jpg,/home/anitadonato/tcc/tcc/data/lfw/lfw-funneled/Woody_Allen/Woody_Allen_0002.jpg,0.9068758886203807,0
/home/anitadonato/tcc/tcc/data/lfw/lfw-funneled/Joe_Lieberman/Joe_Lieberman_0004.jpg,/home/anitadonato/tcc/tcc/data/lfw/lfw-funneled/Steve_Lavin/Steve_Lavin_0003.jpg,0.775766183977848,0
/home/anitadonato/tcc/tcc/data/lfw/lfw-funneled/Nia_Vardalos/Nia_Vardalos_0003.jpg,/home/anitadonato/tcc/tcc/data/lfw/lfw-funneled/Jennifer_Lopez/Jennifer_Lopez_0002.jpg,0.8815240273997891,0
/home/anitadonato/tcc/tcc/data/lfw/lfw-funneled/Hillary_Clinton/Hillary_Clinton_0001.jpg,/home/anitadonato/tcc/tcc/data/lfw/lfw-funneled/Alvaro_Uribe/Alvaro_Uribe_0001.jpg,0.8712322168415814,0
/home/anitadonato/tcc/tcc/data/lfw/lfw-funneled/Costas_Simitis/Costas_Simitis_0004.jpg,/home/anitadonato/tcc/tcc/data/lfw/lfw-funneled/Andre_Agassi/Andre_Agassi_0004.jpg,0.8426994528916787,0
/home/anitadonato/tcc/tcc/data/lfw/lfw-funneled/Hillary_Clinton/Hillary_Clinton_0002.jpg,/home/anitadonato/tcc/tcc/data/lfw/lfw-funneled/Matthew_Perry/Matthew_Perry_0004.jpg,0.8205962907567601,0
/home/anitadonato/tcc/tcc/data/lfw/lfw-funneled/Vanessa_Redgrave/Vanessa_Redgrave_0005.jpg,/home/anitadonato/tcc/tcc/data/lfw/lfw-funneled/Luis_Horna/Luis_Horna_0004.jpg,0.9033423654502176,0
/home/anitadonato/tcc/tcc/data/lfw/lfw-funneled/Nicanor_Duarte_Frutos/Nicanor_Duarte_Frutos_0004.jpg,/home/anitadonato/tcc/tcc/data/lfw/lfw-funneled/John_Paul_II/John_Paul_II_0005.jpg,0.8499187927597747,0
/home/anitadonato/tcc/tcc/data/lfw/lfw-funneled/Rainer_Schuettler/Rainer_Schuettler_0004.jpg,/home/anitadonato/tcc/tcc/data/lfw/lfw-funneled/Carmen_Electra/Carmen_Electra_0004.jpg,0.91549464152199,0
/home/anitadonato/tcc/tcc/data/lfw/lfw-funneled/Roy_Moore/Roy_Moore_0002.jpg,/home/anitadonato/tcc/tcc/data/lfw/lfw-funneled/Bill_Gates/Bill_Gates_0004.jpg,0.8649555114150074,0
/home/anitadonato/tcc/tcc/data/lfw/lfw-funneled/Megawati_Sukarnoputri/Megawati_Sukarnoputri_0005.jpg,/home/anitadonato/tcc/tcc/data/lfw/lfw-funneled/Carlos_Moya/Carlos_Moya_0004.jpg,0.9500252533935822,0
/home/anitadonato/tcc/tcc/data/lfw/lfw-funneled/John_Stockton/John_Stockton_0005.jpg,/home/anitadonato/tcc/tcc/data/lfw/lfw-funneled/Renee_Zellweger/Renee_Zellweger_0003.jpg,0.9156279813392262,0
/home/anitadonato/tcc/tcc/data/lfw/lfw-funneled/Fernando_Gonzalez/Fernando_Gonzalez_0005.jpg,/home/anitadonato/tcc/tcc/data/lfw/lfw-funneled/Grant_Hackett/Grant_Hackett_0003.jpg,0.9055385989837608,0
/home/anitadonato/tcc/tcc/data/lfw/lfw-funneled/Thaksin_Shinawatra/Thaksin_Shinawatra_0005.jpg,/home/anitadonato/tcc/tcc/data/lfw/lfw-funneled/Bulent_Ecevit/Bulent_Ecevit_0004.jpg,0.8651550156933879,0
/home/anitadonato/tcc/tcc/data/lfw/lfw-funneled/Angelina_Jolie/Angelina_Jolie_0001.jpg,/home/anitadonato/tcc/tcc/data/lfw/lfw-funneled/Zinedine_Zidane/Zinedine_Zidane_0005.jpg,0.9498551833474722,0
/home/anitadonato/tcc/tcc/data/lfw/lfw-funneled/Sheryl_Crow/Sheryl_Crow_0001.jpg,/home/anitadonato/tcc/tcc/data/lfw/lfw-funneled/Martha_Stewart/Martha_Stewart_0002.jpg,0.9303604583722755,0
/home/anitadonato/tcc/tcc/data/lfw/lfw-funneled/Trent_Lott/Trent_Lott_0005.jpg,/home/anitadonato/tcc/tcc/data/lfw/lfw-funneled/John_Stockton/John_Stockton_0003.jpg,0.8795141580271743,0
/home/anitadonato/tcc/tcc/data/lfw/lfw-funneled/Paradorn_Srichaphan/Paradorn_Srichaphan_0001.jpg,/home/anitadonato/tcc/tcc/data/lfw/lfw-funneled/Tom_Harkin/Tom_Harkin_0005.jpg,0.9608038088646743,0
/home/anitadonato/tcc/tcc/data/lfw/lfw-funneled/JK_Rowling/JK_Rowling_0002.jpg,/home/anitadonato/tcc/tcc/data/lfw/lfw-funneled/Pedro_Malan/Pedro_Malan_0004.jpg,0.9397597102272237,0
/home/anitadonato/tcc/tcc/data/lfw/lfw-funneled/Cruz_Bustamante/Cruz_Bustamante_0001.jpg,/home/anitadonato/tcc/tcc/data/lfw/lfw-funneled/Robert_Zoellick/Robert_Zoellick_0005.jpg,0.699580638251713,0
/home/anitadonato/tcc/tcc/data/lfw/lfw-funneled/Condoleezza_Rice/Condoleezza_Rice_0005.jpg,/home/anitadonato/tcc/tcc/data/lfw/lfw-funneled/John_Howard/John_Howard_0001.jpg,0.716082572070226,0
/home/anitadonato/tcc/tcc/data/lfw/lfw-funneled/David_Trimble/David_Trimble_0001.jpg,/home/anitadonato/tcc/tcc/data/lfw/lfw-funneled/John_Snow/John_Snow_0004.jpg,0.7144947986155437,0
/home/anitadonato/tcc/tcc/data/lfw/lfw-funneled/Vanessa_Redgrave/Vanessa_Redgrave_0004.jpg,/home/anitadonato/tcc/tcc/data/lfw/lfw-funneled/Colin_Montgomerie/Colin_Montgomerie_0005.jpg,0.864850277617984,0
/home/anitadonato/tcc/tcc/data/lfw/lfw-funneled/John_Stockton/John_Stockton_0004.jpg,/home/anitadonato/tcc/tcc/data/lfw/lfw-funneled/Bernard_Law/Bernard_Law_0003.jpg,0.9880865336593138,0
/home/anitadonato/tcc/tcc/data/lfw/lfw-funneled/Li_Peng/Li_Peng_0002.jpg,/home/anitadonato/tcc/tcc/data/lfw/lfw-funneled/Tom_Crean/Tom_Crean_0001.jpg,0.8837143619891303,0
/home/anitadonato/tcc/tcc/data/lfw/lfw-funneled/Hosni_Mubarak/Hosni_Mubarak_0003.jpg,/home/anitadonato/tcc/tcc/data/lfw/lfw-funneled/Martin_Scorsese/Martin_Scorsese_0005.jpg,0.9030533274515904,0
/home/anitadonato/tcc/tcc/data/lfw/lfw-funneled/Anna_Kournikova/Anna_Kournikova_0004.jpg,/home/anitadonato/tcc/tcc/data/lfw/lfw-funneled/Kevin_Costner/Kevin_Costner_0005.jpg,0.8802924213018305,0
/home/anitadonato/tcc/tcc/data/lfw/lfw-funneled/Jennifer_Capriati/Jennifer_Capriati_0001.jpg,/home/anitadonato/tcc/tcc/data/lfw/lfw-funneled/Silvio_Berlusconi/Silvio_Berlusconi_0003.jpg,0.9147979483404272,0
/home/anitadonato/tcc/tcc/data/lfw/lfw-funneled/Natalie_Maines/Natalie_Maines_0001.jpg,/home/anitadonato/tcc/tcc/data/lfw/lfw-funneled/Nicanor_Duarte_Frutos/Nicanor_Duarte_Frutos_0003.jpg,0.89749789118819,0
/home/anitadonato/tcc/tcc/data/lfw/lfw-funneled/Richard_Gere/Richard_Gere_0002.jpg,/home/anitadonato/tcc/tcc/data/lfw/lfw-funneled/Matthew_Perry/Matthew_Perry_0005.jpg,0.9392355185155452,0
/home/anitadonato/tcc/tcc/data/lfw/lfw-funneled/Frank_Solich/Frank_Solich_0003.jpg,/home/anitadonato/tcc/tcc/data/lfw/lfw-funneled/Victoria_Clarke/Victoria_Clarke_0002.jpg,0.7461745424656019,0
/home/anitadonato/tcc/tcc/data/lfw/lfw-funneled/Michael_Schumacher/Michael_Schumacher_0003.jpg,/home/anitadonato/tcc/tcc/data/lfw/lfw-funneled/Victoria_Clarke/Victoria_Clarke_0003.jpg,0.7862473756518146,0
/home/anitadonato/tcc/tcc/data/lfw/lfw-funneled/Tiger_Woods/Tiger_Woods_0001.jpg,/home/anitadonato/tcc/tcc/data/lfw/lfw-funneled/Robert_Zoellick/Robert_Zoellick_0005.jpg,0.8462693604184169,0
/home/anitadonato/tcc/tcc/data/lfw/lfw-funneled/Woody_Allen/Woody_Allen_0002.jpg,/home/anitadonato/tcc/tcc/data/lfw/lfw-funneled/Paul_ONeill/Paul_ONeill_0004.jpg,0.8728283362962325,0
/home/anitadonato/tcc/tcc/data/lfw/lfw-funneled/Zinedine_Zidane/Zinedine_Zidane_0003.jpg,/home/anitadonato/tcc/tcc/data/lfw/lfw-funneled/Woody_Allen/Woody_Allen_0002.jpg,0.9300402362106205,0
/home/anitadonato/tcc/tcc/data/lfw/lfw-funneled/Richard_Gere/Richard_Gere_0005.jpg,/home/anitadonato/tcc/tcc/data/lfw/lfw-funneled/John_Paul_II/John_Paul_II_0001.jpg,0.8091092923686183,0
/home/anitadonato/tcc/tcc/data/lfw/lfw-funneled/David_Trimble/David_Trimble_0002.jpg,/home/anitadonato/tcc/tcc/data/lfw/lfw-funneled/Matthew_Perry/Matthew_Perry_0005.jpg,0.6668955379826933,0
/home/anitadonato/tcc/tcc/data/lfw/lfw-funneled/Jennifer_Lopez/Jennifer_Lopez_0004.jpg,/home/anitadonato/tcc/tcc/data/lfw/lfw-funneled/Meryl_Streep/Meryl_Streep_0004.jpg,0.8796461933589261,0
/home/anitadonato/tcc/tcc/data/lfw/lfw-funneled/Renee_Zellweger/Renee_Zellweger_0004.jpg,/home/anitadonato/tcc/tcc/data/lfw/lfw-funneled/Tung_Chee-hwa/Tung_Chee-hwa_0002.jpg,0.8184394465971083,0
/home/anitadonato/tcc/tcc/data/lfw/lfw-funneled/Liza_Minnelli/Liza_Minnelli_0003.jpg,/home/anitadonato/tcc/tcc/data/lfw/lfw-funneled/Kofi_Annan/Kofi_Annan_0001.jpg,0.924729340532121,0
/home/anitadonato/tcc/tcc/data/lfw/lfw-funneled/Maria_Soledad_Alvear_Valenzuela/Maria_Soledad_Alvear_Valenzuela_0001.jpg,/home/anitadonato/tcc/tcc/data/lfw/lfw-funneled/Roger_Federer/Roger_Federer_0001.jpg,0.9579377576666704,0
/home/anitadonato/tcc/tcc/data/lfw/lfw-funneled/Fidel_Castro/Fidel_Castro_0004.jpg,/home/anitadonato/tcc/tcc/data/lfw/lfw-funneled/Habib_Rizieq/Habib_Rizieq_0004.jpg,0.7873245021094859,0
/home/anitadonato/tcc/tcc/data/lfw/lfw-funneled/John_Ashcroft/John_Ashcroft_0005.jpg,/home/anitadonato/tcc/tcc/data/lfw/lfw-funneled/Pamela_Anderson/Pamela_Anderson_0002.jpg,0.9380907023690062,0
/home/anitadonato/tcc/tcc/data/lfw/lfw-funneled/Jean-Pierre_Raffarin/Jean-Pierre_Raffarin_0004.jpg,/home/anitadonato/tcc/tcc/data/lfw/lfw-funneled/Amelie_Mauresmo/Amelie_Mauresmo_0004.jpg,0.8077120166477432,0
/home/anitadonato/tcc/tcc/data/lfw/lfw-funneled/Roger_Federer/Roger_Federer_0005.jpg,/home/anitadonato/tcc/tcc/data/lfw/lfw-funneled/Sergey_Lavrov/Sergey_Lavrov_0004.jpg,0.9125995837899342,0
/home/anitadonato/tcc/tcc/data/lfw/lfw-funneled/Tiger_Woods/Tiger_Woods_0004.jpg,/home/anitadonato/tcc/tcc/data/lfw/lfw-funneled/Thabo_Mbeki/Thabo_Mbeki_0004.jpg,0.8596974622409483,0
/home/anitadonato/tcc/tcc/data/lfw/lfw-funneled/Catherine_Zeta-Jones/Catherine_Zeta-Jones_0005.jpg,/home/anitadonato/tcc/tcc/data/lfw/lfw-funneled/Jiri_Novak/Jiri_Novak_0001.jpg,0.9829724675580862,0
/home/anitadonato/tcc/tcc/data/lfw/lfw-funneled/Natalie_Coughlin/Natalie_Coughlin_0003.jpg,/home/anitadonato/tcc/tcc/data/lfw/lfw-funneled/John_Snow/John_Snow_0004.jpg,0.9001952043662176,0
/home/anitadonato/tcc/tcc/data/lfw/lfw-funneled/JK_Rowling/JK_Rowling_0003.jpg,/home/anitadonato/tcc/tcc/data/lfw/lfw-funneled/Mohamed_ElBaradei/Mohamed_ElBaradei_0003.jpg,0.9194193700634974,0
/home/anitadonato/tcc/tcc/data/lfw/lfw-funneled/Hugh_Grant/Hugh_Grant_0001.jpg,/home/anitadonato/tcc/tcc/data/lfw/lfw-funneled/George_HW_Bush/George_HW_Bush_0003.jpg,0.8814757507950399,0
/home/anitadonato/tcc/tcc/data/lfw/lfw-funneled/Paul_McCartney/Paul_McCartney_0004.jpg,/home/anitadonato/tcc/tcc/data/lfw/lfw-funneled/Russell_Simmons/Russell_Simmons_0004.jpg,0.9478705776597992,0
/home/anitadonato/tcc/tcc/data/lfw/lfw-funneled/Jacques_Chirac/Jacques_Chirac_0002.jpg,/home/anitadonato/tcc/tcc/data/lfw/lfw-funneled/Michael_Chiklis/Michael_Chiklis_0005.jpg,0.9109549248513089,0
/home/anitadonato/tcc/tcc/data/lfw/lfw-funneled/Jacques_Chirac/Jacques_Chirac_0005.jpg,/home/anitadonato/tcc/tcc/data/lfw/lfw-funneled/Jeremy_Greenstock/Jeremy_Greenstock_0003.jpg,0.6344566675449266,0
/home/anitadonato/tcc/tcc/data/lfw/lfw-funneled/Catherine_Zeta-Jones/Catherine_Zeta-Jones_0002.jpg,/home/anitadonato/tcc/tcc/data/lfw/lfw-funneled/Martha_Stewart/Martha_Stewart_0003.jpg,0.8702751333975302,0
/home/anitadonato/tcc/tcc/data/lfw/lfw-funneled/Al_Sharpton/Al_Sharpton_0001.jpg,/home/anitadonato/tcc/tcc/data/lfw/lfw-funneled/Alvaro_Uribe/Alvaro_Uribe_0001.jpg,0.8359819273131294,0
/home/anitadonato/tcc/tcc/data/lfw/lfw-funneled/Tiger_Woods/Tiger_Woods_0001.jpg,/home/anitadonato/tcc/tcc/data/lfw/lfw-funneled/Fernando_Gonzalez/Fernando_Gonzalez_0005.jpg,0.8714228447687226,0
/home/anitadonato/tcc/tcc/data/lfw/lfw-funneled/Spencer_Abraham/Spencer_Abraham_0004.jpg,/home/anitadonato/tcc/tcc/data/lfw/lfw-funneled/Maria_Shriver/Maria_Shriver_0003.jpg,0.8501280973038331,0
/home/anitadonato/tcc/tcc/data/lfw/lfw-funneled/John_Negroponte/John_Negroponte_0003.jpg,/home/anitadonato/tcc/tcc/data/lfw/lfw-funneled/Rob_Marshall/Rob_Marshall_0003.jpg,0.937055359829524,0
/home/anitadonato/tcc/tcc/data/lfw/lfw-funneled/Jeremy_Greenstock/Jeremy_Greenstock_0001.jpg,/home/anitadonato/tcc/tcc/data/lfw/lfw-funneled/Thaksin_Shinawatra/Thaksin_Shinawatra_0005.jpg,0.7830540410339577,0
/home/anitadonato/tcc/tcc/data/lfw/lfw-funneled/Amelia_Vega/Amelia_Vega_0005.jpg,/home/anitadonato/tcc/tcc/data/lfw/lfw-funneled/Paul_Martin/Paul_Martin_0002.jpg,0.9564415164416895,0
/home/anitadonato/tcc/tcc/data/lfw/lfw-funneled/Denzel_Washington/Denzel_Washington_0001.jpg,/home/anitadonato/tcc/tcc/data/lfw/lfw-funneled/Jean-David_Levitte/Jean-David_Levitte_0001.jpg,0.7925228484105681,0
/home/anitadonato/tcc/tcc/data/lfw/lfw-funneled/Pedro_Malan/Pedro_Malan_0002.jpg,/home/anitadonato/tcc/tcc/data/lfw/lfw-funneled/Megawati_Sukarnoputri/Megawati_Sukarnoputri_0004.jpg,0.8217591928265681,0
/home/anitadonato/tcc/tcc/data/lfw/lfw-funneled/Kurt_Warner/Kurt_Warner_0005.jpg,/home/anitadonato/tcc/tcc/data/lfw/lfw-funneled/Sylvester_Stallone/Sylvester_Stallone_0002.jpg,0.7935764702251489,0
/home/anitadonato/tcc/tcc/data/lfw/lfw-funneled/Sharon_Stone/Sharon_Stone_0002.jpg,/home/anitadonato/tcc/tcc/data/lfw/lfw-funneled/Luis_Horna/Luis_Horna_0003.jpg,0.9568179459017236,0
/home/anitadonato/tcc/tcc/data/lfw/lfw-funneled/Li_Peng/Li_Peng_0001.jpg,/home/anitadonato/tcc/tcc/data/lfw/lfw-funneled/Paradorn_Srichaphan/Paradorn_Srichaphan_0004.jpg,0.8502145799104345,0
/home/anitadonato/tcc/tcc/data/lfw/lfw-funneled/Sourav_Ganguly/Sourav_Ganguly_0004.jpg,/home/anitadonato/tcc/tcc/data/lfw/lfw-funneled/Kristanna_Loken/Kristanna_Loken_0003.jpg,0.9221501596949891,0
/home/anitadonato/tcc/tcc/data/lfw/lfw-funneled/Benjamin_Netanyahu/Benjamin_Netanyahu_0001.jpg,/home/anitadonato/tcc/tcc/data/lfw/lfw-funneled/Colin_Powell/Colin_Powell_0003.jpg,0.7680985245818055,0
/home/anitadonato/tcc/tcc/data/lfw/lfw-funneled/Princess_Caroline/Princess_Caroline_0004.jpg,/home/anitadonato/tcc/tcc/data/lfw/lfw-funneled/Kevin_Costner/Kevin_Costner_0004.jpg,0.8092202513685254,0
/home/anitadonato/tcc/tcc/data/lfw/lfw-funneled/Peter_Struck/Peter_Struck_0003.jpg,/home/anitadonato/tcc/tcc/data/lfw/lfw-funneled/Kevin_Costner/Kevin_Costner_0003.jpg,0.8358319475945041,0
/home/anitadonato/tcc/tcc/data/lfw/lfw-funneled/Vladimir_Putin/Vladimir_Putin_0001.jpg,/home/anitadonato/tcc/tcc/data/lfw/lfw-funneled/Clara_Harris/Clara_Harris_0004.jpg,0.960708880733762,0
/home/anitadonato/tcc/tcc/data/lfw/lfw-funneled/Hal_Gehman/Hal_Gehman_0004.jpg,/home/anitadonato/tcc/tcc/data/lfw/lfw-funneled/JK_Rowling/JK_Rowling_0002.jpg,0.8775815490028084,0
/home/anitadonato/tcc/tcc/data/lfw/lfw-funneled/Alejandro_Toledo/Alejandro_Toledo_0001.jpg,/home/anitadonato/tcc/tcc/data/lfw/lfw-funneled/Christine_Baumgartner/Christine_Baumgartner_0002.jpg,0.9654704691728676,0
/home/anitadonato/tcc/tcc/data/lfw/lfw-funneled/Michelle_Yeoh/Michelle_Yeoh_0004.jpg,/home/anitadonato/tcc/tcc/data/lfw/lfw-funneled/Kristanna_Loken/Kristanna_Loken_0002.jpg,0.7728604635725957,0
/home/anitadonato/tcc/tcc/data/lfw/lfw-funneled/Michael_Schumacher/Michael_Schumacher_0001.jpg,/home/anitadonato/tcc/tcc/data/lfw/lfw-funneled/Maria_Soledad_Alvear_Valenzuela/Maria_Soledad_Alvear_Valenzuela_0004.jpg,0.8157207698604833,0
/home/anitadonato/tcc/tcc/data/lfw/lfw-funneled/Julie_Gerberding/Julie_Gerberding_0001.jpg,/home/anitadonato/tcc/tcc/data/lfw/lfw-funneled/Anna_Kournikova/Anna_Kournikova_0001.jpg,0.8210855642672636,0
/home/anitadonato/tcc/tcc/data/lfw/lfw-funneled/Bob_Hope/Bob_Hope_0003.jpg,/home/anitadonato/tcc/tcc/data/lfw/lfw-funneled/Silvio_Berlusconi/Silvio_Berlusconi_0004.jpg,0.8413278827497507,0
/home/anitadonato/tcc/tcc/data/lfw/lfw-funneled/Heidi_Klum/Heidi_Klum_0002.jpg,/home/anitadonato/tcc/tcc/data/lfw/lfw-funneled/Mark_Hurlbert/Mark_Hurlbert_0001.jpg,0.8512461277982274,0
/home/anitadonato/tcc/tcc/data/lfw/lfw-funneled/Bulent_Ecevit/Bulent_Ecevit_0004.jpg,/home/anitadonato/tcc/tcc/data/lfw/lfw-funneled/Kalpana_Chawla/Kalpana_Chawla_0003.jpg,0.9326010569907631,0
/home/anitadonato/tcc/tcc/data/lfw/lfw-funneled/Wayne_Ferreira/Wayne_Ferreira_0003.jpg,/home/anitadonato/tcc/tcc/data/lfw/lfw-funneled/Angela_Merkel/Angela_Merkel_0004.jpg,0.9377660637218471,0
/home/anitadonato/tcc/tcc/data/lfw/lfw-funneled/Kofi_Annan/Kofi_Annan_0005.jpg,/home/anitadonato/tcc/tcc/data/lfw/lfw-funneled/Richard_Myers/Richard_Myers_0004.jpg,0.8892243847228676,0
/home/anitadonato/tcc/tcc/data/lfw/lfw-funneled/Joseph_Biden/Joseph_Biden_0004.jpg,/home/anitadonato/tcc/tcc/data/lfw/lfw-funneled/Lindsay_Davenport/Lindsay_Davenport_0001.jpg,0.9226818681381194,0
/home/anitadonato/tcc/tcc/data/lfw/lfw-funneled/Michelle_Yeoh/Michelle_Yeoh_0001.jpg,/home/anitadonato/tcc/tcc/data/lfw/lfw-funneled/Bill_Gates/Bill_Gates_0004.jpg,0.8067025407914787,0
/home/anitadonato/tcc/tcc/data/lfw/lfw-funneled/Martha_Stewart/Martha_Stewart_0004.jpg,/home/anitadonato/tcc/tcc/data/lfw/lfw-funneled/Michael_Powell/Michael_Powell_0001.jpg,0.9613309280177187,0
/home/anitadonato/tcc/tcc/data/lfw/lfw-funneled/Zhu_Rongji/Zhu_Rongji_0003.jpg,/home/anitadonato/tcc/tcc/data/lfw/lfw-funneled/Ludivine_Sagnier/Ludivine_Sagnier_0003.jpg,0.857311485639861,0
/home/anitadonato/tcc/tcc/data/lfw/lfw-funneled/Amelie_Mauresmo/Amelie_Mauresmo_0004.jpg,/home/anitadonato/tcc/tcc/data/lfw/lfw-funneled/John_Ashcroft/John_Ashcroft_0001.jpg,0.8806750228558227,0
/home/anitadonato/tcc/tcc/data/lfw/lfw-funneled/Cruz_Bustamante/Cruz_Bustamante_0001.jpg,/home/anitadonato/tcc/tcc/data/lfw/lfw-funneled/Alejandro_Toledo/Alejandro_Toledo_0003.jpg,0.9014624330198465,0
/home/anitadonato/tcc/tcc/data/lfw/lfw-funneled/John_Snow/John_Snow_0001.jpg,/home/anitadonato/tcc/tcc/data/lfw/lfw-funneled/David_Trimble/David_Trimble_0004.jpg,0.7139355859204279,0
/home/anitadonato/tcc/tcc/data/lfw/lfw-funneled/Charlton_Heston/Charlton_Heston_0003.jpg,/home/anitadonato/tcc/tcc/data/lfw/lfw-funneled/Kristanna_Loken/Kristanna_Loken_0002.jpg,0.8971048180540444,0
/home/anitadonato/tcc/tcc/data/lfw/lfw-funneled/Vladimir_Putin/Vladimir_Putin_0001.jpg,/home/anitadonato/tcc/tcc/data/lfw/lfw-funneled/Carmen_Electra/Carmen_Electra_0004.jpg,0.9068253140611129,0
/home/anitadonato/tcc/tcc/data/lfw/lfw-funneled/Tung_Chee-hwa/Tung_Chee-hwa_0003.jpg,/home/anitadonato/tcc/tcc/data/lfw/lfw-funneled/Joe_Lieberman/Joe_Lieberman_0004.jpg,0.8594376397234256,0
/home/anitadonato/tcc/tcc/data/lfw/lfw-funneled/Robert_De_Niro/Robert_De_Niro_0003.jpg,/home/anitadonato/tcc/tcc/data/lfw/lfw-funneled/Cruz_Bustamante/Cruz_Bustamante_0004.jpg,0.7983369425059909,0
/home/anitadonato/tcc/tcc/data/lfw/lfw-funneled/Matthew_Perry/Matthew_Perry_0004.jpg,/home/anitadonato/tcc/tcc/data/lfw/lfw-funneled/Cruz_Bustamante/Cruz_Bustamante_0002.jpg,0.804287079940126,0
/home/anitadonato/tcc/tcc/data/lfw/lfw-funneled/Ai_Sugiyama/Ai_Sugiyama_0002.jpg,/home/anitadonato/tcc/tcc/data/lfw/lfw-funneled/Bulent_Ecevit/Bulent_Ecevit_0001.jpg,0.8840168741004012,0
/home/anitadonato/tcc/tcc/data/lfw/lfw-funneled/Andre_Agassi/Andre_Agassi_0002.jpg,/home/anitadonato/tcc/tcc/data/lfw/lfw-funneled/Paul_ONeill/Paul_ONeill_0004.jpg,0.9005228107130312,0
/home/anitadonato/tcc/tcc/data/lfw/lfw-funneled/George_Lopez/George_Lopez_0005.jpg,/home/anitadonato/tcc/tcc/data/lfw/lfw-funneled/Ana_Palacio/Ana_Palacio_0003.jpg,0.9688608778281148,0
/home/anitadonato/tcc/tcc/data/lfw/lfw-funneled/Mark_Hurlbert/Mark_Hurlbert_0004.jpg,/home/anitadonato/tcc/tcc/data/lfw/lfw-funneled/John_Snow/John_Snow_0001.jpg,0.7165152402055425,0
/home/anitadonato/tcc/tcc/data/lfw/lfw-funneled/Bulent_Ecevit/Bulent_Ecevit_0001.jpg,/home/anitadonato/tcc/tcc/data/lfw/lfw-funneled/Winona_Ryder/Winona_Ryder_0003.jpg,0.8910696783468874,0
/home/anitadonato/tcc/tcc/data/lfw/lfw-funneled/Andre_Agassi/Andre_Agassi_0004.jpg,/home/anitadonato/tcc/tcc/data/lfw/lfw-funneled/Rudolph_Giuliani/Rudolph_Giuliani_0001.jpg,0.8529941248038941,0
/home/anitadonato/tcc/tcc/data/lfw/lfw-funneled/Mike_Myers/Mike_Myers_0005.jpg,/home/anitadonato/tcc/tcc/data/lfw/lfw-funneled/Paul_McCartney/Paul_McCartney_0004.jpg,0.9055638217320773,0
/home/anitadonato/tcc/tcc/data/lfw/lfw-funneled/Catherine_Zeta-Jones/Catherine_Zeta-Jones_0002.jpg,/home/anitadonato/tcc/tcc/data/lfw/lfw-funneled/Ludivine_Sagnier/Ludivine_Sagnier_0005.jpg,0.8724361106006305,0
/home/anitadonato/tcc/tcc/data/lfw/lfw-funneled/Ian_Thorpe/Ian_Thorpe_0001.jpg,/home/anitadonato/tcc/tcc/data/lfw/lfw-funneled/Bob_Hope/Bob_Hope_0002.jpg,0.9159016347983433,0
/home/anitadonato/tcc/tcc/data/lfw/lfw-funneled/Christine_Baumgartner/Christine_Baumgartner_0001.jpg,/home/anitadonato/tcc/tcc/data/lfw/lfw-funneled/Paul_McCartney/Paul_McCartney_0004.jpg,0.9045550684116794,0
/home/anitadonato/tcc/tcc/data/lfw/lfw-funneled/Valery_Giscard_dEstaing/Valery_Giscard_dEstaing_0002.jpg,/home/anitadonato/tcc/tcc/data/lfw/lfw-funneled/Yoko_Ono/Yoko_Ono_0002.jpg,0.849365552969402,0
/home/anitadonato/tcc/tcc/data/lfw/lfw-funneled/Tiger_Woods/Tiger_Woods_0001.jpg,/home/anitadonato/tcc/tcc/data/lfw/lfw-funneled/Woody_Allen/Woody_Allen_0003.jpg,0.8268368438499343,0
/home/anitadonato/tcc/tcc/data/lfw/lfw-funneled/Natalie_Coughlin/Natalie_Coughlin_0005.jpg,/home/anitadonato/tcc/tcc/data/lfw/lfw-funneled/Vanessa_Redgrave/Vanessa_Redgrave_0002.jpg,0.7188610208844746,0
/home/anitadonato/tcc/tcc/data/lfw/lfw-funneled/Paul_ONeill/Paul_ONeill_0001.jpg,/home/anitadonato/tcc/tcc/data/lfw/lfw-funneled/Ana_Palacio/Ana_Palacio_0001.jpg,0.8210079020227833,0
/home/anitadonato/tcc/tcc/data/lfw/lfw-funneled/Mark_Hurlbert/Mark_Hurlbert_0005.jpg,/home/anitadonato/tcc/tcc/data/lfw/lfw-funneled/Martin_Scorsese/Martin_Scorsese_0002.jpg,0.9330271488399676,0
/home/anitadonato/tcc/tcc/data/lfw/lfw-funneled/Ana_Palacio/Ana_Palacio_0004.jpg,/home/anitadonato/tcc/tcc/data/lfw/lfw-funneled/Hal_Gehman/Hal_Gehman_0003.jpg,0.8483638909071048,0
/home/anitadonato/tcc/tcc/data/lfw/lfw-funneled/Natalie_Maines/Natalie_Maines_0004.jpg,/home/anitadonato/tcc/tcc/data/lfw/lfw-funneled/Catherine_Zeta-Jones/Catherine_Zeta-Jones_0003.jpg,0.8320901069657044,0
/home/anitadonato/tcc/tcc/data/lfw/lfw-funneled/Kate_Hudson/Kate_Hudson_0005.jpg,/home/anitadonato/tcc/tcc/data/lfw/lfw-funneled/Maria_Shriver/Maria_Shriver_0005.jpg,0.8354539768134865,0
/home/anitadonato/tcc/tcc/data/lfw/lfw-funneled/Ai_Sugiyama/Ai_Sugiyama_0002.jpg,/home/anitadonato/tcc/tcc/data/lfw/lfw-funneled/Halle_Berry/Halle_Berry_0001.jpg,0.9400112046247082,0
/home/anitadonato/tcc/tcc/data/lfw/lfw-funneled/Paul_ONeill/Paul_ONeill_0003.jpg,/home/anitadonato/tcc/tcc/data/lfw/lfw-funneled/Woody_Allen/Woody_Allen_0001.jpg,0.918359344292987,0
/home/anitadonato/tcc/tcc/data/lfw/lfw-funneled/Kate_Hudson/Kate_Hudson_0002.jpg,/home/anitadonato/tcc/tcc/data/lfw/lfw-funneled/Sourav_Ganguly/Sourav_Ganguly_0004.jpg,0.902169082291175,0
/home/anitadonato/tcc/tcc/data/lfw/lfw-funneled/Jennifer_Capriati/Jennifer_Capriati_0003.jpg,/home/anitadonato/tcc/tcc/data/lfw/lfw-funneled/Luis_Horna/Luis_Horna_0005.jpg,0.886837891531048,0
/home/anitadonato/tcc/tcc/data/lfw/lfw-funneled/Fidel_Castro/Fidel_Castro_0002.jpg,/home/anitadonato/tcc/tcc/data/lfw/lfw-funneled/Clara_Harris/Clara_Harris_0005.jpg,0.8768224951170643,0
/home/anitadonato/tcc/tcc/data/lfw/lfw-funneled/Rudolph_Giuliani/Rudolph_Giuliani_0001.jpg,/home/anitadonato/tcc/tcc/data/lfw/lfw-funneled/Hillary_Clinton/Hillary_Clinton_0005.jpg,0.8515795227485999,0
/home/anitadonato/tcc/tcc/data/lfw/lfw-funneled/Tony_Blair/Tony_Blair_0002.jpg,/home/anitadonato/tcc/tcc/data/lfw/lfw-funneled/Michael_Powell/Michael_Powell_0001.jpg,0.7134099603583945,0
/home/anitadonato/tcc/tcc/data/lfw/lfw-funneled/Richard_Gere/Richard_Gere_0001.jpg,/home/anitadonato/tcc/tcc/data/lfw/lfw-funneled/George_Robertson/George_Robertson_0001.jpg,0.845736455932412,0
/home/anitadonato/tcc/tcc/data/lfw/lfw-funneled/Vladimir_Putin/Vladimir_Putin_0005.jpg,/home/anitadonato/tcc/tcc/data/lfw/lfw-funneled/Pedro_Malan/Pedro_Malan_0003.jpg,0.8205110760130097,0
/home/anitadonato/tcc/tcc/data/lfw/lfw-funneled/Nia_Vardalos/Nia_Vardalos_0004.jpg,/home/anitadonato/tcc/tcc/data/lfw/lfw-funneled/Hosni_Mubarak/Hosni_Mubarak_0002.jpg,0.9151136011960409,0
/home/anitadonato/tcc/tcc/data/lfw/lfw-funneled/Ann_Veneman/Ann_Veneman_0003.jpg,/home/anitadonato/tcc/tcc/data/lfw/lfw-funneled/Costas_Simitis/Costas_Simitis_0005.jpg,0.9399693362758651,0
/home/anitadonato/tcc/tcc/data/lfw/lfw-funneled/Gonzalo_Sanchez_de_Lozada/Gonzalo_Sanchez_de_Lozada_0002.jpg,/home/anitadonato/tcc/tcc/data/lfw/lfw-funneled/Fernando_Gonzalez/Fernando_Gonzalez_0002.jpg,0.8888896745909665,0
/home/anitadonato/tcc/tcc/data/lfw/lfw-funneled/JK_Rowling/JK_Rowling_0001.jpg,/home/anitadonato/tcc/tcc/data/lfw/lfw-funneled/Hosni_Mubarak/Hosni_Mubarak_0005.jpg,0.9639223520043454,0
/home/anitadonato/tcc/tcc/data/lfw/lfw-funneled/John_Paul_II/John_Paul_II_0004.jpg,/home/anitadonato/tcc/tcc/data/lfw/lfw-funneled/Julie_Gerberding/Julie_Gerberding_0005.jpg,0.9223514547232873,0
/home/anitadonato/tcc/tcc/data/lfw/lfw-funneled/Pedro_Malan/Pedro_Malan_0003.jpg,/home/anitadonato/tcc/tcc/data/lfw/lfw-funneled/John_Manley/John_Manley_0003.jpg,0.8961306579934385,0
/home/anitadonato/tcc/tcc/data/lfw/lfw-funneled/Silvan_Shalom/Silvan_Shalom_0005.jpg,/home/anitadonato/tcc/tcc/data/lfw/lfw-funneled/Carlos_Moya/Carlos_Moya_0002.jpg,0.984712808605294,0
/home/anitadonato/tcc/tcc/data/lfw/lfw-funneled/Jeremy_Greenstock/Jeremy_Greenstock_0005.jpg,/home/anitadonato/tcc/tcc/data/lfw/lfw-funneled/Kate_Hudson/Kate_Hudson_0001.jpg,0.91498445516446,0
/home/anitadonato/tcc/tcc/data/lfw/lfw-funneled/Valery_Giscard_dEstaing/Valery_Giscard_dEstaing_0005.jpg,/home/anitadonato/tcc/tcc/data/lfw/lfw-funneled/Salma_Hayek/Salma_Hayek_0005.jpg,0.9230847905871229,0
/home/anitadonato/tcc/tcc/data/lfw/lfw-funneled/John_Negroponte/John_Negroponte_0002.jpg,/home/anitadonato/tcc/tcc/data/lfw/lfw-funneled/Habib_Rizieq/Habib_Rizieq_0003.jpg,0.8144113190017767,0
/home/anitadonato/tcc/tcc/data/lfw/lfw-funneled/Billy_Crystal/Billy_Crystal_0001.jpg,/home/anitadonato/tcc/tcc/data/lfw/lfw-funneled/Jeremy_Greenstock/Jeremy_Greenstock_0002.jpg,0.9044540405985354,0
/home/anitadonato/tcc/tcc/data/lfw/lfw-funneled/Maria_Shriver/Maria_Shriver_0004.jpg,/home/anitadonato/tcc/tcc/data/lfw/lfw-funneled/Pamela_Anderson/Pamela_Anderson_0002.jpg,0.8963603270502968,0
/home/anitadonato/tcc/tcc/data/lfw/lfw-funneled/Tommy_Franks/Tommy_Franks_0001.jpg,/home/anitadonato/tcc/tcc/data/lfw/lfw-funneled/Juan_Pablo_Montoya/Juan_Pablo_Montoya_0001.jpg,0.6888110235681975,0
/home/anitadonato/tcc/tcc/data/lfw/lfw-funneled/Alejandro_Toledo/Alejandro_Toledo_0003.jpg,/home/anitadonato/tcc/tcc/data/lfw/lfw-funneled/Hans_Blix/Hans_Blix_0002.jpg,0.8951345592898695,0
/home/anitadonato/tcc/tcc/data/lfw/lfw-funneled/Lindsay_Davenport/Lindsay_Davenport_0003.jpg,/home/anitadonato/tcc/tcc/data/lfw/lfw-funneled/Eduardo_Duhalde/Eduardo_Duhalde_0005.jpg,0.8826557093972323,0
/home/anitadonato/tcc/tcc/data/lfw/lfw-funneled/Charlton_Heston/Charlton_Heston_0001.jpg,/home/anitadonato/tcc/tcc/data/lfw/lfw-funneled/Vanessa_Redgrave/Vanessa_Redgrave_0001.jpg,0.8953902047251492,0
/home/anitadonato/tcc/tcc/data/lfw/lfw-funneled/Robert_Zoellick/Robert_Zoellick_0005.jpg,/home/anitadonato/tcc/tcc/data/lfw/lfw-funneled/Billy_Crystal/Billy_Crystal_0002.jpg,0.6632794240962927,0
/home/anitadonato/tcc/tcc/data/lfw/lfw-funneled/Tommy_Franks/Tommy_Franks_0004.jpg,/home/anitadonato/tcc/tcc/data/lfw/lfw-funneled/Christine_Todd_Whitman/Christine_Todd_Whitman_0005.jpg,0.9742678267234455,0
/home/anitadonato/tcc/tcc/data/lfw/lfw-funneled/William_Ford_Jr/William_Ford_Jr_0002.jpg,/home/anitadonato/tcc/tcc/data/lfw/lfw-funneled/Bob_Hope/Bob_Hope_0004.jpg,0.7538440175025894,0
/home/anitadonato/tcc/tcc/data/lfw/lfw-funneled/Paul_ONeill/Paul_ONeill_0003.jpg,/home/anitadonato/tcc/tcc/data/lfw/lfw-funneled/Condoleezza_Rice/Condoleezza_Rice_0004.jpg,0.7605416610324224,0
/home/anitadonato/tcc/tcc/data/lfw/lfw-funneled/Pervez_Musharraf/Pervez_Musharraf_0003.jpg,/home/anitadonato/tcc/tcc/data/lfw/lfw-funneled/Gerhard_Schroeder/Gerhard_Schroeder_0002.jpg,0.786872675628233,0
/home/anitadonato/tcc/tcc/data/lfw/lfw-funneled/Michael_Powell/Michael_Powell_0003.jpg,/home/anitadonato/tcc/tcc/data/lfw/lfw-funneled/Sharon_Stone/Sharon_Stone_0002.jpg,0.937089077274023,0
/home/anitadonato/tcc/tcc/data/lfw/lfw-funneled/Elizabeth_Smart/Elizabeth_Smart_0004.jpg,/home/anitadonato/tcc/tcc/data/lfw/lfw-funneled/Renee_Zellweger/Renee_Zellweger_0002.jpg,0.7567051613654363,0
/home/anitadonato/tcc/tcc/data/lfw/lfw-funneled/Tony_Blair/Tony_Blair_0001.jpg,/home/anitadonato/tcc/tcc/data/lfw/lfw-funneled/John_Negroponte/John_Negroponte_0004.jpg,0.9050647455399615,0
/home/anitadonato/tcc/tcc/data/lfw/lfw-funneled/Russell_Simmons/Russell_Simmons_0001.jpg,/home/anitadonato/tcc/tcc/data/lfw/lfw-funneled/Richard_Gere/Richard_Gere_0004.jpg,0.9530072487749977,0
/home/anitadonato/tcc/tcc/data/lfw/lfw-funneled/Sergey_Lavrov/Sergey_Lavrov_0005.jpg,/home/anitadonato/tcc/tcc/data/lfw/lfw-funneled/Cesar_Gaviria/Cesar_Gaviria_0004.jpg,0.7533635670988373,0
/home/anitadonato/tcc/tcc/data/lfw/lfw-funneled/Vladimir_Putin/Vladimir_Putin_0003.jpg,/home/anitadonato/tcc/tcc/data/lfw/lfw-funneled/George_Lopez/George_Lopez_0002.jpg,0.9416649017208294,0
/home/anitadonato/tcc/tcc/data/lfw/lfw-funneled/Mike_Weir/Mike_Weir_0002.jpg,/home/anitadonato/tcc/tcc/data/lfw/lfw-funneled/Andre_Agassi/Andre_Agassi_0003.jpg,0.9002598804672952,0
/home/anitadonato/tcc/tcc/data/lfw/lfw-funneled/Hugh_Grant/Hugh_Grant_0003.jpg,/home/anitadonato/tcc/tcc/data/lfw/lfw-funneled/Hal_Gehman/Hal_Gehman_0002.jpg,0.8265702246493112,0
/home/anitadonato/tcc/tcc/data/lfw/lfw-funneled/Thaksin_Shinawatra/Thaksin_Shinawatra_0005.jpg,/home/anitadonato/tcc/tcc/data/lfw/lfw-funneled/Hosni_Mubarak/Hosni_Mubarak_0001.jpg,0.695147901024747,0
/home/anitadonato/tcc/tcc/data/lfw/lfw-funneled/Victoria_Clarke/Victoria_Clarke_0001.jpg,/home/anitadonato/tcc/tcc/data/lfw/lfw-funneled/Hillary_Clinton/Hillary_Clinton_0004.jpg,0.9036099416092749,0
/home/anitadonato/tcc/tcc/data/lfw/lfw-funneled/Mike_Weir/Mike_Weir_0002.jpg,/home/anitadonato/tcc/tcc/data/lfw/lfw-funneled/Silvan_Shalom/Silvan_Shalom_0003.jpg,0.8867535056027128,0
/home/anitadonato/tcc/tcc/data/lfw/lfw-funneled/John_Negroponte/John_Negroponte_0005.jpg,/home/anitadonato/tcc/tcc/data/lfw/lfw-funneled/Li_Peng/Li_Peng_0002.jpg,0.9010378748635262,0
/home/anitadonato/tcc/tcc/data/lfw/lfw-funneled/Jean-David_Levitte/Jean-David_Levitte_0002.jpg,/home/anitadonato/tcc/tcc/data/lfw/lfw-funneled/JK_Rowling/JK_Rowling_0005.jpg,0.8995319985488335,0
/home/anitadonato/tcc/tcc/data/lfw/lfw-funneled/Carmen_Electra/Carmen_Electra_0001.jpg,/home/anitadonato/tcc/tcc/data/lfw/lfw-funneled/Muhammad_Saeed_al-Sahhaf/Muhammad_Saeed_al-Sahhaf_0004.jpg,0.8583773227675858,0
/home/anitadonato/tcc/tcc/data/lfw/lfw-funneled/Tom_Daschle/Tom_Daschle_0002.jpg,/home/anitadonato/tcc/tcc/data/lfw/lfw-funneled/Christine_Baumgartner/Christine_Baumgartner_0005.jpg,0.8944695356966986,0
/home/anitadonato/tcc/tcc/data/lfw/lfw-funneled/Pamela_Anderson/Pamela_Anderson_0003.jpg,/home/anitadonato/tcc/tcc/data/lfw/lfw-funneled/Habib_Rizieq/Habib_Rizieq_0001.jpg,0.9396434347390411,0
/home/anitadonato/tcc/tcc/data/lfw/lfw-funneled/Trent_Lott/Trent_Lott_0002.jpg,/home/anitadonato/tcc/tcc/data/lfw/lfw-funneled/Martin_McGuinness/Martin_McGuinness_0002.jpg,0.7779758825607592,0
/home/anitadonato/tcc/tcc/data/lfw/lfw-funneled/Robert_Blake/Robert_Blake_0005.jpg,/home/anitadonato/tcc/tcc/data/lfw/lfw-funneled/Lindsay_Davenport/Lindsay_Davenport_0002.jpg,0.8719533807699009,0
/home/anitadonato/tcc/tcc/data/lfw/lfw-funneled/Paul_ONeill/Paul_ONeill_0005.jpg,/home/anitadonato/tcc/tcc/data/lfw/lfw-funneled/Wayne_Ferreira/Wayne_Ferreira_0001.jpg,0.7739406132451576,0
/home/anitadonato/tcc/tcc/data/lfw/lfw-funneled/Nia_Vardalos/Nia_Vardalos_0001.jpg,/home/anitadonato/tcc/tcc/data/lfw/lfw-funneled/Yoko_Ono/Yoko_Ono_0004.jpg,0.9519797490887971,0
/home/anitadonato/tcc/tcc/data/lfw/lfw-funneled/John_Stockton/John_Stockton_0005.jpg,/home/anitadonato/tcc/tcc/data/lfw/lfw-funneled/Kristanna_Loken/Kristanna_Loken_0001.jpg,0.9750934764510054,0
/home/anitadonato/tcc/tcc/data/lfw/lfw-funneled/Rainer_Schuettler/Rainer_Schuettler_0004.jpg,/home/anitadonato/tcc/tcc/data/lfw/lfw-funneled/John_Travolta/John_Travolta_0004.jpg,0.824953591430619,0
/home/anitadonato/tcc/tcc/data/lfw/lfw-funneled/Luis_Horna/Luis_Horna_0004.jpg,/home/anitadonato/tcc/tcc/data/lfw/lfw-funneled/Elizabeth_Smart/Elizabeth_Smart_0004.jpg,0.8693938461893477,0
/home/anitadonato/tcc/tcc/data/lfw/lfw-funneled/Queen_Rania/Queen_Rania_0005.jpg,/home/anitadonato/tcc/tcc/data/lfw/lfw-funneled/Matthew_Perry/Matthew_Perry_0001.jpg,0.8788464663551796,0
/home/anitadonato/tcc/tcc/data/lfw/lfw-funneled/Hosni_Mubarak/Hosni_Mubarak_0004.jpg,/home/anitadonato/tcc/tcc/data/lfw/lfw-funneled/John_Stockton/John_Stockton_0002.jpg,0.8729171020837058,0
/home/anitadonato/tcc/tcc/data/lfw/lfw-funneled/Paul_Burrell/Paul_Burrell_0003.jpg,/home/anitadonato/tcc/tcc/data/lfw/lfw-funneled/Lleyton_Hewitt/Lleyton_Hewitt_0002.jpg,0.7902357764993397,0
/home/anitadonato/tcc/tcc/data/lfw/lfw-funneled/Alejandro_Toledo/Alejandro_Toledo_0001.jpg,/home/anitadonato/tcc/tcc/data/lfw/lfw-funneled/Amelia_Vega/Amelia_Vega_0004.jpg,0.9281432399076239,0
/home/anitadonato/tcc/tcc/data/lfw/lfw-funneled/Juan_Pablo_Montoya/Juan_Pablo_Montoya_0002.jpg,/home/anitadonato/tcc/tcc/data/lfw/lfw-funneled/David_Anderson/David_Anderson_0004.jpg,0.8171059016191404,0
/home/anitadonato/tcc/tcc/data/lfw/lfw-funneled/Silvio_Berlusconi/Silvio_Berlusconi_0005.jpg,/home/anitadonato/tcc/tcc/data/lfw/lfw-funneled/Gerhard_Schroeder/Gerhard_Schroeder_0001.jpg,0.8992968095034409,0
/home/anitadonato/tcc/tcc/data/lfw/lfw-funneled/Vanessa_Redgrave/Vanessa_Redgrave_0002.jpg,/home/anitadonato/tcc/tcc/data/lfw/lfw-funneled/Habib_Rizieq/Habib_Rizieq_0004.jpg,0.8773317509953236,0
/home/anitadonato/tcc/tcc/data/lfw/lfw-funneled/Boris_Becker/Boris_Becker_0004.jpg,/home/anitadonato/tcc/tcc/data/lfw/lfw-funneled/Zinedine_Zidane/Zinedine_Zidane_0001.jpg,0.8981002368549282,0
/home/anitadonato/tcc/tcc/data/lfw/lfw-funneled/John_Manley/John_Manley_0004.jpg,/home/anitadonato/tcc/tcc/data/lfw/lfw-funneled/Bob_Hope/Bob_Hope_0003.jpg,0.7662462822392985,0
/home/anitadonato/tcc/tcc/data/lfw/lfw-funneled/John_Travolta/John_Travolta_0003.jpg,/home/anitadonato/tcc/tcc/data/lfw/lfw-funneled/Thaksin_Shinawatra/Thaksin_Shinawatra_0004.jpg,0.9663520879367041,0
/home/anitadonato/tcc/tcc/data/lfw/lfw-funneled/Yasser_Arafat/Yasser_Arafat_0005.jpg,/home/anitadonato/tcc/tcc/data/lfw/lfw-funneled/Hugh_Grant/Hugh_Grant_0005.jpg,0.7791614072139712,0
/home/anitadonato/tcc/tcc/data/lfw/lfw-funneled/Kofi_Annan/Kofi_Annan_0001.jpg,/home/anitadonato/tcc/tcc/data/lfw/lfw-funneled/Liza_Minnelli/Liza_Minnelli_0005.jpg,0.9514441665517837,0
/home/anitadonato/tcc/tcc/data/lfw/lfw-funneled/Peter_Struck/Peter_Struck_0001.jpg,/home/anitadonato/tcc/tcc/data/lfw/lfw-funneled/Natalie_Maines/Natalie_Maines_0005.jpg,0.7273526804728486,0
/home/anitadonato/tcc/tcc/data/lfw/lfw-funneled/Michael_Chiklis/Michael_Chiklis_0001.jpg,/home/anitadonato/tcc/tcc/data/lfw/lfw-funneled/Hans_Blix/Hans_Blix_0001.jpg,0.7461701616924266,0
/home/anitadonato/tcc/tcc/data/lfw/lfw-funneled/Arminio_Fraga/Arminio_Fraga_0004.jpg,/home/anitadonato/tcc/tcc/data/lfw/lfw-funneled/Hans_Blix/Hans_Blix_0005.jpg,0.9038661189577935,0
/home/anitadonato/tcc/tcc/data/lfw/lfw-funneled/Rudolph_Giuliani/Rudolph_Giuliani_0003.jpg,/home/anitadonato/tcc/tcc/data/lfw/lfw-funneled/Hans_Blix/Hans_Blix_0002.jpg,0.7615244364012358,0
/home/anitadonato/tcc/tcc/data/lfw/lfw-funneled/Alejandro_Toledo/Alejandro_Toledo_0001.jpg,/home/anitadonato/tcc/tcc/data/lfw/lfw-funneled/Roh_Moo-hyun/Roh_Moo-hyun_0005.jpg,0.6046537213640055,0
/home/anitadonato/tcc/tcc/data/lfw/lfw-funneled/John_Bolton/John_Bolton_0002.jpg,/home/anitadonato/tcc/tcc/data/lfw/lfw-funneled/Princess_Caroline/Princess_Caroline_0002.jpg,0.9534526119655552,0
/home/anitadonato/tcc/tcc/data/lfw/lfw-funneled/Peter_Struck/Peter_Struck_0005.jpg,/home/anitadonato/tcc/tcc/data/lfw/lfw-funneled/Queen_Rania/Queen_Rania_0001.jpg,0.9542569580574598,0
/home/anitadonato/tcc/tcc/data/lfw/lfw-funneled/Mohamed_ElBaradei/Mohamed_ElBaradei_0005.jpg,/home/anitadonato/tcc/tcc/data/lfw/lfw-funneled/Joseph_Biden/Joseph_Biden_0002.jpg,0.8043052743713871,0
/home/anitadonato/tcc/tcc/data/lfw/lfw-funneled/Yasser_Arafat/Yasser_Arafat_0002.jpg,/home/anitadonato/tcc/tcc/data/lfw/lfw-funneled/Jean_Chretien/Jean_Chretien_0003.jpg,0.8215605159366133,0
/home/anitadonato/tcc/tcc/data/lfw/lfw-funneled/Roy_Moore/Roy_Moore_0005.jpg,/home/anitadonato/tcc/tcc/data/lfw/lfw-funneled/George_HW_Bush/George_HW_Bush_0004.jpg,0.8331222441590711,0
/home/anitadonato/tcc/tcc/data/lfw/lfw-funneled/Sourav_Ganguly/Sourav_Ganguly_0001.jpg,/home/anitadonato/tcc/tcc/data/lfw/lfw-funneled/Billy_Crystal/Billy_Crystal_0003.jpg,0.920389936673606,0
/home/anitadonato/tcc/tcc/data/lfw/lfw-funneled/Mike_Martz/Mike_Martz_0004.jpg,/home/anitadonato/tcc/tcc/data/lfw/lfw-funneled/Gonzalo_Sanchez_de_Lozada/Gonzalo_Sanchez_de_Lozada_0005.jpg,0.8910638296732212,0
/home/anitadonato/tcc/tcc/data/lfw/lfw-funneled/Atal_Bihari_Vajpayee/Atal_Bihari_Vajpayee_0004.jpg,/home/anitadonato/tcc/tcc/data/lfw/lfw-funneled/Fujio_Cho/Fujio_Cho_0005.jpg,0.8681436460833658,0
/home/anitadonato/tcc/tcc/data/lfw/lfw-funneled/Catherine_Zeta-Jones/Catherine_Zeta-Jones_0003.jpg,/home/anitadonato/tcc/tcc/data/lfw/lfw-funneled/John_Snow/John_Snow_0004.jpg,0.8286095958963745,0
/home/anitadonato/tcc/tcc/data/lfw/lfw-funneled/Valery_Giscard_dEstaing/Valery_Giscard_dEstaing_0001.jpg,/home/anitadonato/tcc/tcc/data/lfw/lfw-funneled/Zinedine_Zidane/Zinedine_Zidane_0002.jpg,0.9160088561834931,0
/home/anitadonato/tcc/tcc/data/lfw/lfw-funneled/Mike_Weir/Mike_Weir_0001.jpg,/home/anitadonato/tcc/tcc/data/lfw/lfw-funneled/Pedro_Malan/Pedro_Malan_0004.jpg,0.9558793967419215,0
/home/anitadonato/tcc/tcc/data/lfw/lfw-funneled/Vladimir_Putin/Vladimir_Putin_0001.jpg,/home/anitadonato/tcc/tcc/data/lfw/lfw-funneled/Thabo_Mbeki/Thabo_Mbeki_0001.jpg,0.9034263753107163,0
/home/anitadonato/tcc/tcc/data/lfw/lfw-funneled/Fidel_Castro/Fidel_Castro_0001.jpg,/home/anitadonato/tcc/tcc/data/lfw/lfw-funneled/Sourav_Ganguly/Sourav_Ganguly_0002.jpg,0.9260698805891288,0
/home/anitadonato/tcc/tcc/data/lfw/lfw-funneled/Mark_Hurlbert/Mark_Hurlbert_0002.jpg,/home/anitadonato/tcc/tcc/data/lfw/lfw-funneled/Wayne_Ferreira/Wayne_Ferreira_0005.jpg,0.7268449408753229,0
/home/anitadonato/tcc/tcc/data/lfw/lfw-funneled/John_Manley/John_Manley_0003.jpg,/home/anitadonato/tcc/tcc/data/lfw/lfw-funneled/Goldie_Hawn/Goldie_Hawn_0004.jpg,0.8917026124873499,0
/home/anitadonato/tcc/tcc/data/lfw/lfw-funneled/Amelie_Mauresmo/Amelie_Mauresmo_0002.jpg,/home/anitadonato/tcc/tcc/data/lfw/lfw-funneled/Michelle_Yeoh/Michelle_Yeoh_0004.jpg,0.9373587519121133,0
/home/anitadonato/tcc/tcc/data/lfw/lfw-funneled/Mike_Martz/Mike_Martz_0004.jpg,/home/anitadonato/tcc/tcc/data/lfw/lfw-funneled/Silvan_Shalom/Silvan_Shalom_0001.jpg,0.6391436325356721,0
/home/anitadonato/tcc/tcc/data/lfw/lfw-funneled/Tom_Crean/Tom_Crean_0001.jpg,/home/anitadonato/tcc/tcc/data/lfw/lfw-funneled/Joe_Lieberman/Joe_Lieberman_0001.jpg,0.7722342651865448,0
/home/anitadonato/tcc/tcc/data/lfw/lfw-funneled/Ian_Thorpe/Ian_Thorpe_0003.jpg,/home/anitadonato/tcc/tcc/data/lfw/lfw-funneled/Tom_Daschle/Tom_Daschle_0004.jpg,0.9412269295935658,0
/home/anitadonato/tcc/tcc/data/lfw/lfw-funneled/Condoleezza_Rice/Condoleezza_Rice_0003.jpg,/home/anitadonato/tcc/tcc/data/lfw/lfw-funneled/David_Trimble/David_Trimble_0004.jpg,0.9353049228922243,0
/home/anitadonato/tcc/tcc/data/lfw/lfw-funneled/Paul_ONeill/Paul_ONeill_0005.jpg,/home/anitadonato/tcc/tcc/data/lfw/lfw-funneled/Kalpana_Chawla/Kalpana_Chawla_0005.jpg,0.9375911088958433,0
/home/anitadonato/tcc/tcc/data/lfw/lfw-funneled/Susan_Sarandon/Susan_Sarandon_0003.jpg,/home/anitadonato/tcc/tcc/data/lfw/lfw-funneled/Mike_Weir/Mike_Weir_0005.jpg,0.9662614959560399,0
/home/anitadonato/tcc/tcc/data/lfw/lfw-funneled/Paul_Burrell/Paul_Burrell_0002.jpg,/home/anitadonato/tcc/tcc/data/lfw/lfw-funneled/David_Anderson/David_Anderson_0003.jpg,0.921473075173457,0
/home/anitadonato/tcc/tcc/data/lfw/lfw-funneled/Muhammad_Saeed_al-Sahhaf/Muhammad_Saeed_al-Sahhaf_0003.jpg,/home/anitadonato/tcc/tcc/data/lfw/lfw-funneled/Sheryl_Crow/Sheryl_Crow_0003.jpg,0.9271970770204709,0
/home/anitadonato/tcc/tcc/data/lfw/lfw-funneled/Jacques_Chirac/Jacques_Chirac_0002.jpg,/home/anitadonato/tcc/tcc/data/lfw/lfw-funneled/Mohammed_Al-Douri/Mohammed_Al-Douri_0003.jpg,0.862050252709271,0
/home/anitadonato/tcc/tcc/data/lfw/lfw-funneled/Britney_Spears/Britney_Spears_0002.jpg,/home/anitadonato/tcc/tcc/data/lfw/lfw-funneled/Vanessa_Redgrave/Vanessa_Redgrave_0005.jpg,0.9272885629259395,0
/home/anitadonato/tcc/tcc/data/lfw/lfw-funneled/Colin_Powell/Colin_Powell_0005.jpg,/home/anitadonato/tcc/tcc/data/lfw/lfw-funneled/Gloria_Macapagal_Arroyo/Gloria_Macapagal_Arroyo_0003.jpg,0.8779182574661398,0
/home/anitadonato/tcc/tcc/data/lfw/lfw-funneled/John_Paul_II/John_Paul_II_0002.jpg,/home/anitadonato/tcc/tcc/data/lfw/lfw-funneled/Woody_Allen/Woody_Allen_0002.jpg,0.9353052632218797,0
/home/anitadonato/tcc/tcc/data/lfw/lfw-funneled/Renee_Zellweger/Renee_Zellweger_0001.jpg,/home/anitadonato/tcc/tcc/data/lfw/lfw-funneled/William_Ford_Jr/William_Ford_Jr_0003.jpg,0.8964619038806478,0
/home/anitadonato/tcc/tcc/data/lfw/lfw-funneled/Kofi_Annan/Kofi_Annan_0004.jpg,/home/anitadonato/tcc/tcc/data/lfw/lfw-funneled/LeBron_James/LeBron_James_0003.jpg,0.6860077950659678,0
/home/anitadonato/tcc/tcc/data/lfw/lfw-funneled/Zinedine_Zidane/Zinedine_Zidane_0002.jpg,/home/anitadonato/tcc/tcc/data/lfw/lfw-funneled/Boris_Becker/Boris_Becker_0005.jpg,0.9633321442272608,0
/home/anitadonato/tcc/tcc/data/lfw/lfw-funneled/John_Bolton/John_Bolton_0003.jpg,/home/anitadonato/tcc/tcc/data/lfw/lfw-funneled/Thaksin_Shinawatra/Thaksin_Shinawatra_0003.jpg,0.8345362985526305,0
/home/anitadonato/tcc/tcc/data/lfw/lfw-funneled/Sergey_Lavrov/Sergey_Lavrov_0004.jpg,/home/anitadonato/tcc/tcc/data/lfw/lfw-funneled/Nancy_Pelosi/Nancy_Pelosi_0005.jpg,0.9160716752223671,0
/home/anitadonato/tcc/tcc/data/lfw/lfw-funneled/Colin_Powell/Colin_Powell_0003.jpg,/home/anitadonato/tcc/tcc/data/lfw/lfw-funneled/John_Snow/John_Snow_0001.jpg,0.667504058386478,0
/home/anitadonato/tcc/tcc/data/lfw/lfw-funneled/Geoff_Hoon/Geoff_Hoon_0004.jpg,/home/anitadonato/tcc/tcc/data/lfw/lfw-funneled/Hamid_Karzai/Hamid_Karzai_0002.jpg,0.9164011325692007,0
/home/anitadonato/tcc/tcc/data/lfw/lfw-funneled/Mike_Weir/Mike_Weir_0002.jpg,/home/anitadonato/tcc/tcc/data/lfw/lfw-funneled/Erika_Harold/Erika_Harold_0001.jpg,0.9149409188487195,0
/home/anitadonato/tcc/tcc/data/lfw/lfw-funneled/Robert_Zoellick/Robert_Zoellick_0005.jpg,/home/anitadonato/tcc/tcc/data/lfw/lfw-funneled/Grant_Hackett/Grant_Hackett_0003.jpg,0.9669445191149667,0
/home/anitadonato/tcc/tcc/data/lfw/lfw-funneled/Alejandro_Toledo/Alejandro_Toledo_0003.jpg,/home/anitadonato/tcc/tcc/data/lfw/lfw-funneled/Angelina_Jolie/Angelina_Jolie_0004.jpg,0.9572441830212991,0
/home/anitadonato/tcc/tcc/data/lfw/lfw-funneled/Tom_Crean/Tom_Crean_0005.jpg,/home/anitadonato/tcc/tcc/data/lfw/lfw-funneled/Bill_McBride/Bill_McBride_0002.jpg,0.8471242745136978,0
/home/anitadonato/tcc/tcc/data/lfw/lfw-funneled/Tom_Cruise/Tom_Cruise_0004.jpg,/home/anitadonato/tcc/tcc/data/lfw/lfw-funneled/Trent_Lott/Trent_Lott_0003.jpg,0.9012570736380593,0
/home/anitadonato/tcc/tcc/data/lfw/lfw-funneled/Martha_Stewart/Martha_Stewart_0004.jpg,/home/anitadonato/tcc/tcc/data/lfw/lfw-funneled/Sharon_Stone/Sharon_Stone_0001.jpg,0.8727522887039283,0
/home/anitadonato/tcc/tcc/data/lfw/lfw-funneled/Ai_Sugiyama/Ai_Sugiyama_0005.jpg,/home/anitadonato/tcc/tcc/data/lfw/lfw-funneled/Catherine_Zeta-Jones/Catherine_Zeta-Jones_0001.jpg,0.8061826049860661,0
/home/anitadonato/tcc/tcc/data/lfw/lfw-funneled/David_Anderson/David_Anderson_0004.jpg,/home/anitadonato/tcc/tcc/data/lfw/lfw-funneled/Geoff_Hoon/Geoff_Hoon_0005.jpg,0.8435165534046689,0
/home/anitadonato/tcc/tcc/data/lfw/lfw-funneled/John_Negroponte/John_Negroponte_0003.jpg,/home/anitadonato/tcc/tcc/data/lfw/lfw-funneled/Xavier_Malisse/Xavier_Malisse_0001.jpg,0.9266130469730969,0
/home/anitadonato/tcc/tcc/data/lfw/lfw-funneled/Robert_Blake/Robert_Blake_0005.jpg,/home/anitadonato/tcc/tcc/data/lfw/lfw-funneled/Paul_Martin/Paul_Martin_0002.jpg,0.9202927483148833,0
/home/anitadonato/tcc/tcc/data/lfw/lfw-funneled/Russell_Simmons/Russell_Simmons_0002.jpg,/home/anitadonato/tcc/tcc/data/lfw/lfw-funneled/Atal_Bihari_Vajpayee/Atal_Bihari_Vajpayee_0003.jpg,0.8769301793805527,0
/home/anitadonato/tcc/tcc/data/lfw/lfw-funneled/Pervez_Musharraf/Pervez_Musharraf_0001.jpg,/home/anitadonato/tcc/tcc/data/lfw/lfw-funneled/Goldie_Hawn/Goldie_Hawn_0005.jpg,0.9661317124638565,0
/home/anitadonato/tcc/tcc/data/lfw/lfw-funneled/Xavier_Malisse/Xavier_Malisse_0001.jpg,/home/anitadonato/tcc/tcc/data/lfw/lfw-funneled/Catherine_Zeta-Jones/Catherine_Zeta-Jones_0005.jpg,0.907734317154154,0
/home/anitadonato/tcc/tcc/data/lfw/lfw-funneled/Walter_Mondale/Walter_Mondale_0004.jpg,/home/anitadonato/tcc/tcc/data/lfw/lfw-funneled/Jeremy_Greenstock/Jeremy_Greenstock_0003.jpg,0.7874139626037818,0
/home/anitadonato/tcc/tcc/data/lfw/lfw-funneled/Megawati_Sukarnoputri/Megawati_Sukarnoputri_0001.jpg,/home/anitadonato/tcc/tcc/data/lfw/lfw-funneled/Carlos_Menem/Carlos_Menem_0003.jpg,0.9281649147632324,0
/home/anitadonato/tcc/tcc/data/lfw/lfw-funneled/Jan_Ullrich/Jan_Ullrich_0004.jpg,/home/anitadonato/tcc/tcc/data/lfw/lfw-funneled/Sergey_Lavrov/Sergey_Lavrov_0003.jpg,0.9242404375382097,0
/home/anitadonato/tcc/tcc/data/lfw/lfw-funneled/Arminio_Fraga/Arminio_Fraga_0001.jpg,/home/anitadonato/tcc/tcc/data/lfw/lfw-funneled/Nancy_Pelosi/Nancy_Pelosi_0003.jpg,0.9219080965970696,0
/home/anitadonato/tcc/tcc/data/lfw/lfw-funneled/Mike_Martz/Mike_Martz_0003.jpg,/home/anitadonato/tcc/tcc/data/lfw/lfw-funneled/Yashwant_Sinha/Yashwant_Sinha_0004.jpg,0.732828554210273,0
/home/anitadonato/tcc/tcc/data/lfw/lfw-funneled/Roh_Moo-hyun/Roh_Moo-hyun_0002.jpg,/home/anitadonato/tcc/tcc/data/lfw/lfw-funneled/Pedro_Malan/Pedro_Malan_0004.jpg,0.8385005766050213,0
/home/anitadonato/tcc/tcc/data/lfw/lfw-funneled/Robert_Zoellick/Robert_Zoellick_0004.jpg,/home/anitadonato/tcc/tcc/data/lfw/lfw-funneled/Nia_Vardalos/Nia_Vardalos_0003.jpg,0.9622475447353064,0
/home/anitadonato/tcc/tcc/data/lfw/lfw-funneled/Colin_Powell/Colin_Powell_0004.jpg,/home/anitadonato/tcc/tcc/data/lfw/lfw-funneled/Trent_Lott/Trent_Lott_0004.jpg,0.7657563388693014,0
/home/anitadonato/tcc/tcc/data/lfw/lfw-funneled/Ai_Sugiyama/Ai_Sugiyama_0005.jpg,/home/anitadonato/tcc/tcc/data/lfw/lfw-funneled/Adrien_Brody/Adrien_Brody_0001.jpg,0.9232079763418286,0
/home/anitadonato/tcc/tcc/data/lfw/lfw-funneled/Costas_Simitis/Costas_Simitis_0003.jpg,/home/anitadonato/tcc/tcc/data/lfw/lfw-funneled/Liza_Minnelli/Liza_Minnelli_0004.jpg,0.8946883784005211,0
/home/anitadonato/tcc/tcc/data/lfw/lfw-funneled/Atal_Bihari_Vajpayee/Atal_Bihari_Vajpayee_0001.jpg,/home/anitadonato/tcc/tcc/data/lfw/lfw-funneled/Peter_Struck/Peter_Struck_0005.jpg,0.7119872477812974,0
/home/anitadonato/tcc/tcc/data/lfw/lfw-funneled/Bill_McBride/Bill_McBride_0001.jpg,/home/anitadonato/tcc/tcc/data/lfw/lfw-funneled/Tony_Blair/Tony_Blair_0001.jpg,0.8530052670266559,0
/home/anitadonato/tcc/tcc/data/lfw/lfw-funneled/Ben_Affleck/Ben_Affleck_0003.jpg,/home/anitadonato/tcc/tcc/data/lfw/lfw-funneled/Jean-David_Levitte/Jean-David_Levitte_0004.jpg,0.8946991247901489,0
/home/anitadonato/tcc/tcc/data/lfw/lfw-funneled/Woody_Allen/Woody_Allen_0004.jpg,/home/anitadonato/tcc/tcc/data/lfw/lfw-funneled/Steve_Lavin/Steve_Lavin_0005.jpg,0.8170386712783513,0
/home/anitadonato/tcc/tcc/data/lfw/lfw-funneled/Bill_McBride/Bill_McBride_0002.jpg,/home/anitadonato/tcc/tcc/data/lfw/lfw-funneled/Ai_Sugiyama/Ai_Sugiyama_0002.jpg,0.9659005963112856,0
/home/anitadonato/tcc/tcc/data/lfw/lfw-funneled/Jean-Pierre_Raffarin/Jean-Pierre_Raffarin_0005.jpg,/home/anitadonato/tcc/tcc/data/lfw/lfw-funneled/Tom_Crean/Tom_Crean_0004.jpg,0.8630929650767243,0
/home/anitadonato/tcc/tcc/data/lfw/lfw-funneled/Rudolph_Giuliani/Rudolph_Giuliani_0005.jpg,/home/anitadonato/tcc/tcc/data/lfw/lfw-funneled/John_Ashcroft/John_Ashcroft_0003.jpg,0.9350734282614884,0
/home/anitadonato/tcc/tcc/data/lfw/lfw-funneled/Meryl_Streep/Meryl_Streep_0004.jpg,/home/anitadonato/tcc/tcc/data/lfw/lfw-funneled/Roh_Moo-hyun/Roh_Moo-hyun_0002.jpg,0.9680353974322857,0
/home/anitadonato/tcc/tcc/data/lfw/lfw-funneled/Geoff_Hoon/Geoff_Hoon_0002.jpg,/home/anitadonato/tcc/tcc/data/lfw/lfw-funneled/Richard_Myers/Richard_Myers_0003.jpg,0.8632970147110413,0
/home/anitadonato/tcc/tcc/data/lfw/lfw-funneled/Richard_Gephardt/Richard_Gephardt_0004.jpg,/home/anitadonato/tcc/tcc/data/lfw/lfw-funneled/Jean-David_Levitte/Jean-David_Levitte_0001.jpg,0.7742780135457912,0
/home/anitadonato/tcc/tcc/data/lfw/lfw-funneled/Paul_McCartney/Paul_McCartney_0003.jpg,/home/anitadonato/tcc/tcc/data/lfw/lfw-funneled/Kalpana_Chawla/Kalpana_Chawla_0004.jpg,0.6811005502214584,0
/home/anitadonato/tcc/tcc/data/lfw/lfw-funneled/Vladimir_Putin/Vladimir_Putin_0002.jpg,/home/anitadonato/tcc/tcc/data/lfw/lfw-funneled/Christine_Baumgartner/Christine_Baumgartner_0001.jpg,0.9062012389739365,0
/home/anitadonato/tcc/tcc/data/lfw/lfw-funneled/Kate_Hudson/Kate_Hudson_0003.jpg,/home/anitadonato/tcc/tcc/data/lfw/lfw-funneled/Sylvester_Stallone/Sylvester_Stallone_0004.jpg,0.9585417149404198,0
/home/anitadonato/tcc/tcc/data/lfw/lfw-funneled/Ana_Guevara/Ana_Guevara_0003.jpg,/home/anitadonato/tcc/tcc/data/lfw/lfw-funneled/Denzel_Washington/Denzel_Washington_0005.jpg,0.9140362767601294,0
/home/anitadonato/tcc/tcc/data/lfw/lfw-funneled/Sheryl_Crow/Sheryl_Crow_0004.jpg,/home/anitadonato/tcc/tcc/data/lfw/lfw-funneled/Tom_Cruise/Tom_Cruise_0003.jpg,0.9586823200323629,0
/home/anitadonato/tcc/tcc/data/lfw/lfw-funneled/John_Manley/John_Manley_0004.jpg,/home/anitadonato/tcc/tcc/data/lfw/lfw-funneled/Maria_Shriver/Maria_Shriver_0001.jpg,0.8148838435717216,0
/home/anitadonato/tcc/tcc/data/lfw/lfw-funneled/Nancy_Pelosi/Nancy_Pelosi_0005.jpg,/home/anitadonato/tcc/tcc/data/lfw/lfw-funneled/Colin_Montgomerie/Colin_Montgomerie_0001.jpg,0.9113672900282362,0
/home/anitadonato/tcc/tcc/data/lfw/lfw-funneled/Anna_Kournikova/Anna_Kournikova_0005.jpg,/home/anitadonato/tcc/tcc/data/lfw/lfw-funneled/Colin_Powell/Colin_Powell_0001.jpg,0.7758331512946576,0
/home/anitadonato/tcc/tcc/data/lfw/lfw-funneled/Sergey_Lavrov/Sergey_Lavrov_0004.jpg,/home/anitadonato/tcc/tcc/data/lfw/lfw-funneled/Erika_Harold/Erika_Harold_0002.jpg,0.7961948744400624,0
/home/anitadonato/tcc/tcc/data/lfw/lfw-funneled/Lleyton_Hewitt/Lleyton_Hewitt_0001.jpg,/home/anitadonato/tcc/tcc/data/lfw/lfw-funneled/Colin_Powell/Colin_Powell_0003.jpg,0.9462294562290436,0
/home/anitadonato/tcc/tcc/data/lfw/lfw-funneled/Salma_Hayek/Salma_Hayek_0003.jpg,/home/anitadonato/tcc/tcc/data/lfw/lfw-funneled/Silvan_Shalom/Silvan_Shalom_0001.jpg,0.8820590318403779,0
/home/anitadonato/tcc/tcc/data/lfw/lfw-funneled/Tom_Crean/Tom_Crean_0001.jpg,/home/anitadonato/tcc/tcc/data/lfw/lfw-funneled/John_Travolta/John_Travolta_0005.jpg,0.8160963377804934,0
/home/anitadonato/tcc/tcc/data/lfw/lfw-funneled/Jeremy_Greenstock/Jeremy_Greenstock_0002.jpg,/home/anitadonato/tcc/tcc/data/lfw/lfw-funneled/Kristanna_Loken/Kristanna_Loken_0001.jpg,0.9161520651804085,0
/home/anitadonato/tcc/tcc/data/lfw/lfw-funneled/Denzel_Washington/Denzel_Washington_0002.jpg,/home/anitadonato/tcc/tcc/data/lfw/lfw-funneled/Yasser_Arafat/Yasser_Arafat_0005.jpg,0.7497956492284263,0
/home/anitadonato/tcc/tcc/data/lfw/lfw-funneled/Halle_Berry/Halle_Berry_0003.jpg,/home/anitadonato/tcc/tcc/data/lfw/lfw-funneled/Jiri_Novak/Jiri_Novak_0003.jpg,0.8680418639141263,0
/home/anitadonato/tcc/tcc/data/lfw/lfw-funneled/Maria_Shriver/Maria_Shriver_0003.jpg,/home/anitadonato/tcc/tcc/data/lfw/lfw-funneled/Luis_Horna/Luis_Horna_0001.jpg,0.9184843440922283,0
/home/anitadonato/tcc/tcc/data/lfw/lfw-funneled/John_Snow/John_Snow_0003.jpg,/home/anitadonato/tcc/tcc/data/lfw/lfw-funneled/Condoleezza_Rice/Condoleezza_Rice_0002.jpg,0.894776606091107,0
/home/anitadonato/tcc/tcc/data/lfw/lfw-funneled/Tiger_Woods/Tiger_Woods_0005.jpg,/home/anitadonato/tcc/tcc/data/lfw/lfw-funneled/Ai_Sugiyama/Ai_Sugiyama_0003.jpg,0.869518785563699,0
/home/anitadonato/tcc/tcc/data/lfw/lfw-funneled/Nancy_Pelosi/Nancy_Pelosi_0004.jpg,/home/anitadonato/tcc/tcc/data/lfw/lfw-funneled/Michael_Powell/Michael_Powell_0004.jpg,0.9246944791210712,0
/home/anitadonato/tcc/tcc/data/lfw/lfw-funneled/David_Trimble/David_Trimble_0001.jpg,/home/anitadonato/tcc/tcc/data/lfw/lfw-funneled/Colin_Powell/Colin_Powell_0002.jpg,0.8594198726842578,0
/home/anitadonato/tcc/tcc/data/lfw/lfw-funneled/Jennifer_Lopez/Jennifer_Lopez_0002.jpg,/home/anitadonato/tcc/tcc/data/lfw/lfw-funneled/Bob_Graham/Bob_Graham_0002.jpg,0.9547104774375009,0
/home/anitadonato/tcc/tcc/data/lfw/lfw-funneled/Roh_Moo-hyun/Roh_Moo-hyun_0005.jpg,/home/anitadonato/tcc/tcc/data/lfw/lfw-funneled/Michael_Schumacher/Michael_Schumacher_0005.jpg,0.8836598908387673,0
/home/anitadonato/tcc/tcc/data/lfw/lfw-funneled/Gloria_Macapagal_Arroyo/Gloria_Macapagal_Arroyo_0001.jpg,/home/anitadonato/tcc/tcc/data/lfw/lfw-funneled/Carmen_Electra/Carmen_Electra_0004.jpg,0.9394120176478746,0
/home/anitadonato/tcc/tcc/data/lfw/lfw-funneled/Mike_Weir/Mike_Weir_0001.jpg,/home/anitadonato/tcc/tcc/data/lfw/lfw-funneled/Frank_Solich/Frank_Solich_0002.jpg,0.8914204815042178,0
/home/anitadonato/tcc/tcc/data/lfw/lfw-funneled/Heidi_Klum/Heidi_Klum_0003.jpg,/home/anitadonato/tcc/tcc/data/lfw/lfw-funneled/Joseph_Biden/Joseph_Biden_0003.jpg,0.8731343894109153,0
/home/anitadonato/tcc/tcc/data/lfw/lfw-funneled/Martha_Stewart/Martha_Stewart_0002.jpg,/home/anitadonato/tcc/tcc/data/lfw/lfw-funneled/Salma_Hayek/Salma_Hayek_0004.jpg,0.880893275719669,0
/home/anitadonato/tcc/tcc/data/lfw/lfw-funneled/Martin_Scorsese/Martin_Scorsese_0003.jpg,/home/anitadonato/tcc/tcc/data/lfw/lfw-funneled/Tom_Daschle/Tom_Daschle_0002.jpg,0.9492369488524602,0
/home/anitadonato/tcc/tcc/data/lfw/lfw-funneled/John_Bolton/John_Bolton_0001.jpg,/home/anitadonato/tcc/tcc/data/lfw/lfw-funneled/John_Ashcroft/John_Ashcroft_0001.jpg,0.8116228779127064,0
/home/anitadonato/tcc/tcc/data/lfw/lfw-funneled/John_Negroponte/John_Negroponte_0002.jpg,/home/anitadonato/tcc/tcc/data/lfw/lfw-funneled/LeBron_James/LeBron_James_0002.jpg,0.9660550514655307,0
/home/anitadonato/tcc/tcc/data/lfw/lfw-funneled/David_Anderson/David_Anderson_0002.jpg,/home/anitadonato/tcc/tcc/data/lfw/lfw-funneled/LeBron_James/LeBron_James_0002.jpg,0.9026848940452503,0
/home/anitadonato/tcc/tcc/data/lfw/lfw-funneled/George_Robertson/George_Robertson_0001.jpg,/home/anitadonato/tcc/tcc/data/lfw/lfw-funneled/Rainer_Schuettler/Rainer_Schuettler_0001.jpg,0.8585169171480906,0
/home/anitadonato/tcc/tcc/data/lfw/lfw-funneled/Heidi_Klum/Heidi_Klum_0004.jpg,/home/anitadonato/tcc/tcc/data/lfw/lfw-funneled/Princess_Caroline/Princess_Caroline_0004.jpg,0.7143044586948328,0
/home/anitadonato/tcc/tcc/data/lfw/lfw-funneled/Rudolph_Giuliani/Rudolph_Giuliani_0001.jpg,/home/anitadonato/tcc/tcc/data/lfw/lfw-funneled/Pervez_Musharraf/Pervez_Musharraf_0001.jpg,0.9383661731531245,0
/home/anitadonato/tcc/tcc/data/lfw/lfw-funneled/Kurt_Warner/Kurt_Warner_0005.jpg,/home/anitadonato/tcc/tcc/data/lfw/lfw-funneled/Colin_Montgomerie/Colin_Montgomerie_0001.jpg,0.8181279962085872,0
/home/anitadonato/tcc/tcc/data/lfw/lfw-funneled/Kim_Dae-jung/Kim_Dae-jung_0003.jpg,/home/anitadonato/tcc/tcc/data/lfw/lfw-funneled/Kate_Hudson/Kate_Hudson_0001.jpg,0.8810661355196259,0
/home/anitadonato/tcc/tcc/data/lfw/lfw-funneled/Ana_Palacio/Ana_Palacio_0001.jpg,/home/anitadonato/tcc/tcc/data/lfw/lfw-funneled/John_Ashcroft/John_Ashcroft_0001.jpg,0.7962741150266164,0
/home/anitadonato/tcc/tcc/data/lfw/lfw-funneled/Fujio_Cho/Fujio_Cho_0002.jpg,/home/anitadonato/tcc/tcc/data/lfw/lfw-funneled/Megawati_Sukarnoputri/Megawati_Sukarnoputri_0005.jpg,0.8797570074779696,0
/home/anitadonato/tcc/tcc/data/lfw/lfw-funneled/Hal_Gehman/Hal_Gehman_0003.jpg,/home/anitadonato/tcc/tcc/data/lfw/lfw-funneled/Boris_Becker/Boris_Becker_0001.jpg,0.8870081853150947,0
/home/anitadonato/tcc/tcc/data/lfw/lfw-funneled/Amelia_Vega/Amelia_Vega_0003.jpg,/home/anitadonato/tcc/tcc/data/lfw/lfw-funneled/Sergey_Lavrov/Sergey_Lavrov_0005.jpg,0.9502408353743393,0
/home/anitadonato/tcc/tcc/data/lfw/lfw-funneled/Yashwant_Sinha/Yashwant_Sinha_0002.jpg,/home/anitadonato/tcc/tcc/data/lfw/lfw-funneled/Roy_Moore/Roy_Moore_0005.jpg,0.7421910715070967,0
/home/anitadonato/tcc/tcc/data/lfw/lfw-funneled/Michael_Powell/Michael_Powell_0005.jpg,/home/anitadonato/tcc/tcc/data/lfw/lfw-funneled/Trent_Lott/Trent_Lott_0002.jpg,0.7753992523847527,0
/home/anitadonato/tcc/tcc/data/lfw/lfw-funneled/Antonio_Banderas/Antonio_Banderas_0001.jpg,/home/anitadonato/tcc/tcc/data/lfw/lfw-funneled/Zhu_Rongji/Zhu_Rongji_0001.jpg,0.8466506863043641,0
/home/anitadonato/tcc/tcc/data/lfw/lfw-funneled/Condoleezza_Rice/Condoleezza_Rice_0001.jpg,/home/anitadonato/tcc/tcc/data/lfw/lfw-funneled/Sylvester_Stallone/Sylvester_Stallone_0005.jpg,0.8689806938872799,0
/home/anitadonato/tcc/tcc/data/lfw/lfw-funneled/Cesar_Gaviria/Cesar_Gaviria_0002.jpg,/home/anitadonato/tcc/tcc/data/lfw/lfw-funneled/Julie_Gerberding/Julie_Gerberding_0003.jpg,0.8164888898701332,0
/home/anitadonato/tcc/tcc/data/lfw/lfw-funneled/Jennifer_Capriati/Jennifer_Capriati_0005.jpg,/home/anitadonato/tcc/tcc/data/lfw/lfw-funneled/Bill_McBride/Bill_McBride_0001.jpg,0.8944162746309987,0
/home/anitadonato/tcc/tcc/data/lfw/lfw-funneled/Rob_Marshall/Rob_Marshall_0002.jpg,/home/anitadonato/tcc/tcc/data/lfw/lfw-funneled/Elizabeth_Smart/Elizabeth_Smart_0005.jpg,0.8973945932318456,0
/home/anitadonato/tcc/tcc/data/lfw/lfw-funneled/John_Bolton/John_Bolton_0003.jpg,/home/anitadonato/tcc/tcc/data/lfw/lfw-funneled/Pamela_Anderson/Pamela_Anderson_0005.jpg,0.9476845038564528,0
/home/anitadonato/tcc/tcc/data/lfw/lfw-funneled/Boris_Becker/Boris_Becker_0001.jpg,/home/anitadonato/tcc/tcc/data/lfw/lfw-funneled/Clara_Harris/Clara_Harris_0002.jpg,0.9335840261871723,0
/home/anitadonato/tcc/tcc/data/lfw/lfw-funneled/Roy_Moore/Roy_Moore_0004.jpg,/home/anitadonato/tcc/tcc/data/lfw/lfw-funneled/Jean-Pierre_Raffarin/Jean-Pierre_Raffarin_0002.jpg,0.7895487883296014,0
/home/anitadonato/tcc/tcc/data/lfw/lfw-funneled/Colin_Montgomerie/Colin_Montgomerie_0004.jpg,/home/anitadonato/tcc/tcc/data/lfw/lfw-funneled/Muhammad_Saeed_al-Sahhaf/Muhammad_Saeed_al-Sahhaf_0001.jpg,0.8743393235753976,0
/home/anitadonato/tcc/tcc/data/lfw/lfw-funneled/Charlton_Heston/Charlton_Heston_0001.jpg,/home/anitadonato/tcc/tcc/data/lfw/lfw-funneled/Jiri_Novak/Jiri_Novak_0004.jpg,0.827006735542722,0
/home/anitadonato/tcc/tcc/data/lfw/lfw-funneled/Sharon_Stone/Sharon_Stone_0002.jpg,/home/anitadonato/tcc/tcc/data/lfw/lfw-funneled/Tom_Daschle/Tom_Daschle_0004.jpg,0.9390970805045338,0
/home/anitadonato/tcc/tcc/data/lfw/lfw-funneled/Sylvester_Stallone/Sylvester_Stallone_0003.jpg,/home/anitadonato/tcc/tcc/data/lfw/lfw-funneled/Salma_Hayek/Salma_Hayek_0005.jpg,0.9319456427778604,0
/home/anitadonato/tcc/tcc/data/lfw/lfw-funneled/Andre_Agassi/Andre_Agassi_0001.jpg,/home/anitadonato/tcc/tcc/data/lfw/lfw-funneled/Rudolph_Giuliani/Rudolph_Giuliani_0003.jpg,0.850882059008544,0
/home/anitadonato/tcc/tcc/data/lfw/lfw-funneled/Meryl_Streep/Meryl_Streep_0004.jpg,/home/anitadonato/tcc/tcc/data/lfw/lfw-funneled/William_Ford_Jr/William_Ford_Jr_0003.jpg,0.9583205927976263,0
/home/anitadonato/tcc/tcc/data/lfw/lfw-funneled/Vanessa_Redgrave/Vanessa_Redgrave_0003.jpg,/home/anitadonato/tcc/tcc/data/lfw/lfw-funneled/Denzel_Washington/Denzel_Washington_0004.jpg,0.8868417741594118,0
/home/anitadonato/tcc/tcc/data/lfw/lfw-funneled/Bill_Gates/Bill_Gates_0004.jpg,/home/anitadonato/tcc/tcc/data/lfw/lfw-funneled/Carmen_Electra/Carmen_Electra_0003.jpg,0.9307882254362654,0
/home/anitadonato/tcc/tcc/data/lfw/lfw-funneled/Martin_McGuinness/Martin_McGuinness_0001.jpg,/home/anitadonato/tcc/tcc/data/lfw/lfw-funneled/Joe_Lieberman/Joe_Lieberman_0004.jpg,0.8509011356240104,0
/home/anitadonato/tcc/tcc/data/lfw/lfw-funneled/Catherine_Zeta-Jones/Catherine_Zeta-Jones_0002.jpg,/home/anitadonato/tcc/tcc/data/lfw/lfw-funneled/Zinedine_Zidane/Zinedine_Zidane_0001.jpg,0.8493171519684474,0
/home/anitadonato/tcc/tcc/data/lfw/lfw-funneled/Michael_Chiklis/Michael_Chiklis_0001.jpg,/home/anitadonato/tcc/tcc/data/lfw/lfw-funneled/Christine_Baumgartner/Christine_Baumgartner_0004.jpg,0.9192736331557427,0
/home/anitadonato/tcc/tcc/data/lfw/lfw-funneled/Clara_Harris/Clara_Harris_0001.jpg,/home/anitadonato/tcc/tcc/data/lfw/lfw-funneled/Tom_Daschle/Tom_Daschle_0001.jpg,0.8407419006906391,0
/home/anitadonato/tcc/tcc/data/lfw/lfw-funneled/Costas_Simitis/Costas_Simitis_0004.jpg,/home/anitadonato/tcc/tcc/data/lfw/lfw-funneled/Jan_Ullrich/Jan_Ullrich_0005.jpg,0.8684660468479544,0
/home/anitadonato/tcc/tcc/data/lfw/lfw-funneled/Spencer_Abraham/Spencer_Abraham_0002.jpg,/home/anitadonato/tcc/tcc/data/lfw/lfw-funneled/Robert_Zoellick/Robert_Zoellick_0001.jpg,0.6182843279236506,0
/home/anitadonato/tcc/tcc/data/lfw/lfw-funneled/Hans_Blix/Hans_Blix_0003.jpg,/home/anitadonato/tcc/tcc/data/lfw/lfw-funneled/Pervez_Musharraf/Pervez_Musharraf_0002.jpg,0.9077628229552377,0
/home/anitadonato/tcc/tcc/data/lfw/lfw-funneled/Martin_Scorsese/Martin_Scorsese_0001.jpg,/home/anitadonato/tcc/tcc/data/lfw/lfw-funneled/Hamid_Karzai/Hamid_Karzai_0002.jpg,0.9450973135911563,0
/home/anitadonato/tcc/tcc/data/lfw/lfw-funneled/Rainer_Schuettler/Rainer_Schuettler_0004.jpg,/home/anitadonato/tcc/tcc/data/lfw/lfw-funneled/Rob_Marshall/Rob_Marshall_0003.jpg,0.8332121915943445,0
/home/anitadonato/tcc/tcc/data/lfw/lfw-funneled/Sylvester_Stallone/Sylvester_Stallone_0005.jpg,/home/anitadonato/tcc/tcc/data/lfw/lfw-funneled/Gloria_Macapagal_Arroyo/Gloria_Macapagal_Arroyo_0005.jpg,0.9906881103432065,0
/home/anitadonato/tcc/tcc/data/lfw/lfw-funneled/Hugh_Grant/Hugh_Grant_0004.jpg,/home/anitadonato/tcc/tcc/data/lfw/lfw-funneled/Bill_McBride/Bill_McBride_0003.jpg,0.8416863814302084,0
/home/anitadonato/tcc/tcc/data/lfw/lfw-funneled/Pamela_Anderson/Pamela_Anderson_0005.jpg,/home/anitadonato/tcc/tcc/data/lfw/lfw-funneled/Kalpana_Chawla/Kalpana_Chawla_0004.jpg,0.9832888061876299,0
/home/anitadonato/tcc/tcc/data/lfw/lfw-funneled/Richard_Gere/Richard_Gere_0003.jpg,/home/anitadonato/tcc/tcc/data/lfw/lfw-funneled/Carlos_Menem/Carlos_Menem_0002.jpg,0.9131938898476323,0
/home/anitadonato/tcc/tcc/data/lfw/lfw-funneled/Kristanna_Loken/Kristanna_Loken_0001.jpg,/home/anitadonato/tcc/tcc/data/lfw/lfw-funneled/Vanessa_Redgrave/Vanessa_Redgrave_0001.jpg,0.8181533037495194,0
/home/anitadonato/tcc/tcc/data/lfw/lfw-funneled/Eduardo_Duhalde/Eduardo_Duhalde_0004.jpg,/home/anitadonato/tcc/tcc/data/lfw/lfw-funneled/Christine_Baumgartner/Christine_Baumgartner_0002.jpg,0.9712227505411454,0
/home/anitadonato/tcc/tcc/data/lfw/lfw-funneled/John_Manley/John_Manley_0001.jpg,/home/anitadonato/tcc/tcc/data/lfw/lfw-funneled/Hillary_Clinton/Hillary_Clinton_0001.jpg,0.9248698359654801,0
/home/anitadonato/tcc/tcc/data/lfw/lfw-funneled/Natalie_Maines/Natalie_Maines_0001.jpg,/home/anitadonato/tcc/tcc/data/lfw/lfw-funneled/Billy_Crystal/Billy_Crystal_0004.jpg,0.8017234523769929,0
/home/anitadonato/tcc/tcc/data/lfw/lfw-funneled/Catherine_Zeta-Jones/Catherine_Zeta-Jones_0002.jpg,/home/anitadonato/tcc/tcc/data/lfw/lfw-funneled/Geoff_Hoon/Geoff_Hoon_0004.jpg,0.900187376209395,0
/home/anitadonato/tcc/tcc/data/lfw/lfw-funneled/Megawati_Sukarnoputri/Megawati_Sukarnoputri_0003.jpg,/home/anitadonato/tcc/tcc/data/lfw/lfw-funneled/Catherine_Zeta-Jones/Catherine_Zeta-Jones_0002.jpg,0.9260963211680511,0
/home/anitadonato/tcc/tcc/data/lfw/lfw-funneled/John_Ashcroft/John_Ashcroft_0005.jpg,/home/anitadonato/tcc/tcc/data/lfw/lfw-funneled/Nicanor_Duarte_Frutos/Nicanor_Duarte_Frutos_0001.jpg,0.786246028370641,0
/home/anitadonato/tcc/tcc/data/lfw/lfw-funneled/Charlton_Heston/Charlton_Heston_0005.jpg,/home/anitadonato/tcc/tcc/data/lfw/lfw-funneled/Frank_Solich/Frank_Solich_0004.jpg,0.8080385910936858,0
/home/anitadonato/tcc/tcc/data/lfw/lfw-funneled/Paradorn_Srichaphan/Paradorn_Srichaphan_0003.jpg,/home/anitadonato/tcc/tcc/data/lfw/lfw-funneled/Hal_Gehman/Hal_Gehman_0004.jpg,0.9420850959313152,0
/home/anitadonato/tcc/tcc/data/lfw/lfw-funneled/Christine_Baumgartner/Christine_Baumgartner_0003.jpg,/home/anitadonato/tcc/tcc/data/lfw/lfw-funneled/Antonio_Banderas/Antonio_Banderas_0005.jpg,0.7889962879423875,0
/home/anitadonato/tcc/tcc/data/lfw/lfw-funneled/David_Trimble/David_Trimble_0005.jpg,/home/anitadonato/tcc/tcc/data/lfw/lfw-funneled/Michelle_Yeoh/Michelle_Yeoh_0001.jpg,0.838557725239824,0
/home/anitadonato/tcc/tcc/data/lfw/lfw-funneled/Sylvester_Stallone/Sylvester_Stallone_0004.jpg,/home/anitadonato/tcc/tcc/data/lfw/lfw-funneled/Thaksin_Shinawatra/Thaksin_Shinawatra_0001.jpg,0.9323772545486473,0
/home/anitadonato/tcc/tcc/data/lfw/lfw-funneled/Arminio_Fraga/Arminio_Fraga_0003.jpg,/home/anitadonato/tcc/tcc/data/lfw/lfw-funneled/Gonzalo_Sanchez_de_Lozada/Gonzalo_Sanchez_de_Lozada_0004.jpg,0.9457843278570562,0
/home/anitadonato/tcc/tcc/data/lfw/lfw-funneled/Susan_Sarandon/Susan_Sarandon_0001.jpg,/home/anitadonato/tcc/tcc/data/lfw/lfw-funneled/Mike_Weir/Mike_Weir_0001.jpg,0.9567938100306628,0
/home/anitadonato/tcc/tcc/data/lfw/lfw-funneled/Vladimir_Putin/Vladimir_Putin_0003.jpg,/home/anitadonato/tcc/tcc/data/lfw/lfw-funneled/Steve_Lavin/Steve_Lavin_0002.jpg,0.9405420189025634,0
/home/anitadonato/tcc/tcc/data/lfw/lfw-funneled/Christine_Baumgartner/Christine_Baumgartner_0002.jpg,/home/anitadonato/tcc/tcc/data/lfw/lfw-funneled/Jose_Maria_Aznar/Jose_Maria_Aznar_0003.jpg,0.9184404876143639,0
/home/anitadonato/tcc/tcc/data/lfw/lfw-funneled/Julie_Gerberding/Julie_Gerberding_0004.jpg,/home/anitadonato/tcc/tcc/data/lfw/lfw-funneled/George_Lopez/George_Lopez_0001.jpg,0.8966639384204232,0
/home/anitadonato/tcc/tcc/data/lfw/lfw-funneled/Zhu_Rongji/Zhu_Rongji_0004.jpg,/home/anitadonato/tcc/tcc/data/lfw/lfw-funneled/Michael_Chiklis/Michael_Chiklis_0005.jpg,0.8358236314650156,0
/home/anitadonato/tcc/tcc/data/lfw/lfw-funneled/Maria_Shriver/Maria_Shriver_0005.jpg,/home/anitadonato/tcc/tcc/data/lfw/lfw-funneled/Michelle_Yeoh/Michelle_Yeoh_0004.jpg,0.9348755202039606,0
/home/anitadonato/tcc/tcc/data/lfw/lfw-funneled/Pamela_Anderson/Pamela_Anderson_0002.jpg,/home/anitadonato/tcc/tcc/data/lfw/lfw-funneled/Roh_Moo-hyun/Roh_Moo-hyun_0005.jpg,0.9900056813264823,0
/home/anitadonato/tcc/tcc/data/lfw/lfw-funneled/Paul_Martin/Paul_Martin_0003.jpg,/home/anitadonato/tcc/tcc/data/lfw/lfw-funneled/Walter_Mondale/Walter_Mondale_0004.jpg,0.8141265704126359,0
/home/anitadonato/tcc/tcc/data/lfw/lfw-funneled/Paul_ONeill/Paul_ONeill_0005.jpg,/home/anitadonato/tcc/tcc/data/lfw/lfw-funneled/Tony_Blair/Tony_Blair_0003.jpg,0.8886635246285302,0
/home/anitadonato/tcc/tcc/data/lfw/lfw-funneled/Kristanna_Loken/Kristanna_Loken_0003.jpg,/home/anitadonato/tcc/tcc/data/lfw/lfw-funneled/Britney_Spears/Britney_Spears_0001.jpg,0.8528628627879583,0
/home/anitadonato/tcc/tcc/data/lfw/lfw-funneled/Christine_Todd_Whitman/Christine_Todd_Whitman_0001.jpg,/home/anitadonato/tcc/tcc/data/lfw/lfw-funneled/Paul_ONeill/Paul_ONeill_0002.jpg,0.9147683198481855,0
/home/anitadonato/tcc/tcc/data/lfw/lfw-funneled/Hans_Blix/Hans_Blix_0005.jpg,/home/anitadonato/tcc/tcc/data/lfw/lfw-funneled/Yashwant_Sinha/Yashwant_Sinha_0001.jpg,0.8058941214575458,0
/home/anitadonato/tcc/tcc/data/lfw/lfw-funneled/Sylvester_Stallone/Sylvester_Stallone_0003.jpg,/home/anitadonato/tcc/tcc/data/lfw/lfw-funneled/John_Manley/John_Manley_0004.jpg,0.7337891181233114,0
/home/anitadonato/tcc/tcc/data/lfw/lfw-funneled/Natalie_Coughlin/Natalie_Coughlin_0003.jpg,/home/anitadonato/tcc/tcc/data/lfw/lfw-funneled/Martin_McGuinness/Martin_McGuinness_0003.jpg,0.8333774753917071,0
/home/anitadonato/tcc/tcc/data/lfw/lfw-funneled/Fernando_Gonzalez/Fernando_Gonzalez_0001.jpg,/home/anitadonato/tcc/tcc/data/lfw/lfw-funneled/Yashwant_Sinha/Yashwant_Sinha_0002.jpg,0.8998074984209765,0
/home/anitadonato/tcc/tcc/data/lfw/lfw-funneled/Norm_Coleman/Norm_Coleman_0003.jpg,/home/anitadonato/tcc/tcc/data/lfw/lfw-funneled/Renee_Zellweger/Renee_Zellweger_0005.jpg,0.8884986737458876,0
/home/anitadonato/tcc/tcc/data/lfw/lfw-funneled/Matthew_Perry/Matthew_Perry_0001.jpg,/home/anitadonato/tcc/tcc/data/lfw/lfw-funneled/Martha_Stewart/Martha_Stewart_0003.jpg,0.8886421992365756,0
/home/anitadonato/tcc/tcc/data/lfw/lfw-funneled/William_Ford_Jr/William_Ford_Jr_0002.jpg,/home/anitadonato/tcc/tcc/data/lfw/lfw-funneled/Winona_Ryder/Winona_Ryder_0001.jpg,0.8506314154645547,0
/home/anitadonato/tcc/tcc/data/lfw/lfw-funneled/Ludivine_Sagnier/Ludivine_Sagnier_0001.jpg,/home/anitadonato/tcc/tcc/data/lfw/lfw-funneled/Robert_Blake/Robert_Blake_0004.jpg,0.8431411883946904,0
/home/anitadonato/tcc/tcc/data/lfw/lfw-funneled/Kurt_Warner/Kurt_Warner_0005.jpg,/home/anitadonato/tcc/tcc/data/lfw/lfw-funneled/Rainer_Schuettler/Rainer_Schuettler_0005.jpg,0.9026961756014762,0
/home/anitadonato/tcc/tcc/data/lfw/lfw-funneled/Silvan_Shalom/Silvan_Shalom_0001.jpg,/home/anitadonato/tcc/tcc/data/lfw/lfw-funneled/George_HW_Bush/George_HW_Bush_0004.jpg,0.6925400071021166,0
/home/anitadonato/tcc/tcc/data/lfw/lfw-funneled/Adrien_Brody/Adrien_Brody_0003.jpg,/home/anitadonato/tcc/tcc/data/lfw/lfw-funneled/Goldie_Hawn/Goldie_Hawn_0004.jpg,0.9245189279965481,0
/home/anitadonato/tcc/tcc/data/lfw/lfw-funneled/Silvio_Berlusconi/Silvio_Berlusconi_0003.jpg,/home/anitadonato/tcc/tcc/data/lfw/lfw-funneled/George_Lopez/George_Lopez_0005.jpg,0.8012427875038817,0
/home/anitadonato/tcc/tcc/data/lfw/lfw-funneled/Elizabeth_Smart/Elizabeth_Smart_0001.jpg,/home/anitadonato/tcc/tcc/data/lfw/lfw-funneled/Christine_Baumgartner/Christine_Baumgartner_0002.jpg,0.875384505078372,0
/home/anitadonato/tcc/tcc/data/lfw/lfw-funneled/Winona_Ryder/Winona_Ryder_0005.jpg,/home/anitadonato/tcc/tcc/data/lfw/lfw-funneled/Mark_Hurlbert/Mark_Hurlbert_0003.jpg,0.940594984218376,0
/home/anitadonato/tcc/tcc/data/lfw/lfw-funneled/Fidel_Castro/Fidel_Castro_0003.jpg,/home/anitadonato/tcc/tcc/data/lfw/lfw-funneled/Michael_Schumacher/Michael_Schumacher_0003.jpg,0.9713258417714374,0
/home/anitadonato/tcc/tcc/data/lfw/lfw-funneled/Lindsay_Davenport/Lindsay_Davenport_0004.jpg,/home/anitadonato/tcc/tcc/data/lfw/lfw-funneled/Hal_Gehman/Hal_Gehman_0001.jpg,0.8661440882633435,0
/home/anitadonato/tcc/tcc/data/lfw/lfw-funneled/Ludivine_Sagnier/Ludivine_Sagnier_0003.jpg,/home/anitadonato/tcc/tcc/data/lfw/lfw-funneled/Mike_Myers/Mike_Myers_0003.jpg,0.8777935582636163,0
/home/anitadonato/tcc/tcc/data/lfw/lfw-funneled/Mohammed_Al-Douri/Mohammed_Al-Douri_0005.jpg,/home/anitadonato/tcc/tcc/data/lfw/lfw-funneled/Richard_Gephardt/Richard_Gephardt_0004.jpg,0.862240359876202,0
/home/anitadonato/tcc/tcc/data/lfw/lfw-funneled/Bill_Gates/Bill_Gates_0001.jpg,/home/anitadonato/tcc/tcc/data/lfw/lfw-funneled/Nicanor_Duarte_Frutos/Nicanor_Duarte_Frutos_0005.jpg,0.8006336423939273,0
/home/anitadonato/tcc/tcc/data/lfw/lfw-funneled/Natalie_Coughlin/Natalie_Coughlin_0003.jpg,/home/anitadonato/tcc/tcc/data/lfw/lfw-funneled/Paul_ONeill/Paul_ONeill_0003.jpg,0.8270366912756822,0
/home/anitadonato/tcc/tcc/data/lfw/lfw-funneled/Ana_Guevara/Ana_Guevara_0005.jpg,/home/anitadonato/tcc/tcc/data/lfw/lfw-funneled/Zhu_Rongji/Zhu_Rongji_0004.jpg,0.9109752600879177,0
/home/anitadonato/tcc/tcc/data/lfw/lfw-funneled/Martin_McGuinness/Martin_McGuinness_0003.jpg,/home/anitadonato/tcc/tcc/data/lfw/lfw-funneled/Liza_Minnelli/Liza_Minnelli_0001.jpg,0.9223494236468867,0
/home/anitadonato/tcc/tcc/data/lfw/lfw-funneled/Mohamed_ElBaradei/Mohamed_ElBaradei_0005.jpg,/home/anitadonato/tcc/tcc/data/lfw/lfw-funneled/John_Ashcroft/John_Ashcroft_0003.jpg,0.8740426553500374,0
/home/anitadonato/tcc/tcc/data/lfw/lfw-funneled/Jose_Maria_Aznar/Jose_Maria_Aznar_0005.jpg,/home/anitadonato/tcc/tcc/data/lfw/lfw-funneled/Tung_Chee-hwa/Tung_Chee-hwa_0003.jpg,0.9227009672507965,0
/home/anitadonato/tcc/tcc/data/lfw/lfw-funneled/Hal_Gehman/Hal_Gehman_0004.jpg,/home/anitadonato/tcc/tcc/data/lfw/lfw-funneled/Nia_Vardalos/Nia_Vardalos_0003.jpg,0.8384934613336061,0
/home/anitadonato/tcc/tcc/data/lfw/lfw-funneled/Nicanor_Duarte_Frutos/Nicanor_Duarte_Frutos_0004.jpg,/home/anitadonato/tcc/tcc/data/lfw/lfw-funneled/Colin_Montgomerie/Colin_Montgomerie_0005.jpg,0.733840487635989,0
/home/anitadonato/tcc/tcc/data/lfw/lfw-funneled/John_Paul_II/John_Paul_II_0005.jpg,/home/anitadonato/tcc/tcc/data/lfw/lfw-funneled/Heidi_Klum/Heidi_Klum_0002.jpg,0.9115081937940971,0
/home/anitadonato/tcc/tcc/data/lfw/lfw-funneled/Kofi_Annan/Kofi_Annan_0002.jpg,/home/anitadonato/tcc/tcc/data/lfw/lfw-funneled/Mark_Hurlbert/Mark_Hurlbert_0004.jpg,0.9086184760192237,0
/home/anitadonato/tcc/tcc/data/lfw/lfw-funneled/George_HW_Bush/George_HW_Bush_0005.jpg,/home/anitadonato/tcc/tcc/data/lfw/lfw-funneled/Jean-David_Levitte/Jean-David_Levitte_0005.jpg,0.822482107934774,0
/home/anitadonato/tcc/tcc/data/lfw/lfw-funneled/Kristanna_Loken/Kristanna_Loken_0005.jpg,/home/anitadonato/tcc/tcc/data/lfw/lfw-funneled/Lindsay_Davenport/Lindsay_Davenport_0001.jpg,0.7706035287236542,0
/home/anitadonato/tcc/tcc/data/lfw/lfw-funneled/Tom_Daschle/Tom_Daschle_0003.jpg,/home/anitadonato/tcc/tcc/data/lfw/lfw-funneled/Hal_Gehman/Hal_Gehman_0004.jpg,0.8797584593248446,0
/home/anitadonato/tcc/tcc/data/lfw/lfw-funneled/Sergey_Lavrov/Sergey_Lavrov_0002.jpg,/home/anitadonato/tcc/tcc/data/lfw/lfw-funneled/Queen_Rania/Queen_Rania_0003.jpg,0.95982786049717,0
/home/anitadonato/tcc/tcc/data/lfw/lfw-funneled/Lindsay_Davenport/Lindsay_Davenport_0003.jpg,/home/anitadonato/tcc/tcc/data/lfw/lfw-funneled/Fernando_Gonzalez/Fernando_Gonzalez_0001.jpg,0.7680165930376929,0
/home/anitadonato/tcc/tcc/data/lfw/lfw-funneled/Abdullah_Gul/Abdullah_Gul_0004.jpg,/home/anitadonato/tcc/tcc/data/lfw/lfw-funneled/Ann_Veneman/Ann_Veneman_0003.jpg,0.8599026667355216,0
/home/anitadonato/tcc/tcc/data/lfw/lfw-funneled/Thabo_Mbeki/Thabo_Mbeki_0002.jpg,/home/anitadonato/tcc/tcc/data/lfw/lfw-funneled/Alejandro_Toledo/Alejandro_Toledo_0003.jpg,0.865848938439944,0
/home/anitadonato/tcc/tcc/data/lfw/lfw-funneled/Maria_Shriver/Maria_Shriver_0002.jpg,/home/anitadonato/tcc/tcc/data/lfw/lfw-funneled/Denzel_Washington/Denzel_Washington_0004.jpg,0.9732585794130872,0
/home/anitadonato/tcc/tcc/data/lfw/lfw-funneled/Queen_Rania/Queen_Rania_0002.jpg,/home/anitadonato/tcc/tcc/data/lfw/lfw-funneled/William_Ford_Jr/William_Ford_Jr_0002.jpg,0.9536260312051952,0
/home/anitadonato/tcc/tcc/data/lfw/lfw-funneled/Christine_Todd_Whitman/Christine_Todd_Whitman_0003.jpg,/home/anitadonato/tcc/tcc/data/lfw/lfw-funneled/John_Allen_Muhammad/John_Allen_Muhammad_0004.jpg,0.9204993379252446,0
/home/anitadonato/tcc/tcc/data/lfw/lfw-funneled/Richard_Gere/Richard_Gere_0004.jpg,/home/anitadonato/tcc/tcc/data/lfw/lfw-funneled/Roh_Moo-hyun/Roh_Moo-hyun_0004.jpg,0.8577235604600764,0
/home/anitadonato/tcc/tcc/data/lfw/lfw-funneled/Alejandro_Toledo/Alejandro_Toledo_0002.jpg,/home/anitadonato/tcc/tcc/data/lfw/lfw-funneled/Bulent_Ecevit/Bulent_Ecevit_0002.jpg,0.8761771672791866,0
/home/anitadonato/tcc/tcc/data/lfw/lfw-funneled/Hugh_Grant/Hugh_Grant_0001.jpg,/home/anitadonato/tcc/tcc/data/lfw/lfw-funneled/Hillary_Clinton/Hillary_Clinton_0003.jpg,0.839515681352019,0
/home/anitadonato/tcc/tcc/data/lfw/lfw-funneled/Victoria_Clarke/Victoria_Clarke_0005.jpg,/home/anitadonato/tcc/tcc/data/lfw/lfw-funneled/Kurt_Warner/Kurt_Warner_0002.jpg,0.960658406133341,0
/home/anitadonato/tcc/tcc/data/lfw/lfw-funneled/Maria_Soledad_Alvear_Valenzuela/Maria_Soledad_Alvear_Valenzuela_0004.jpg,/home/anitadonato/tcc/tcc/data/lfw/lfw-funneled/Rudolph_Giuliani/Rudolph_Giuliani_0001.jpg,0.8526456477720583,0
/home/anitadonato/tcc/tcc/data/lfw/lfw-funneled/Paul_Martin/Paul_Martin_0003.jpg,/home/anitadonato/tcc/tcc/data/lfw/lfw-funneled/Matthew_Perry/Matthew_Perry_0005.jpg,0.8583515696038547,0
/home/anitadonato/tcc/tcc/data/lfw/lfw-funneled/Richard_Gephardt/Richard_Gephardt_0004.jpg,/home/anitadonato/tcc/tcc/data/lfw/lfw-funneled/Ana_Palacio/Ana_Palacio_0003.jpg,0.7759413399405382,0
/home/anitadonato/tcc/tcc/data/lfw/lfw-funneled/Juan_Pablo_Montoya/Juan_Pablo_Montoya_0001.jpg,/home/anitadonato/tcc/tcc/data/lfw/lfw-funneled/Kurt_Warner/Kurt_Warner_0004.jpg,0.8477564455022507,0
/home/anitadonato/tcc/tcc/data/lfw/lfw-funneled/Rob_Marshall/Rob_Marshall_0002.jpg,/home/anitadonato/tcc/tcc/data/lfw/lfw-funneled/Ai_Sugiyama/Ai_Sugiyama_0001.jpg,0.9269504688559828,0
/home/anitadonato/tcc/tcc/data/lfw/lfw-funneled/Silvio_Berlusconi/Silvio_Berlusconi_0005.jpg,/home/anitadonato/tcc/tcc/data/lfw/lfw-funneled/Natalie_Maines/Natalie_Maines_0001.jpg,0.939758694788562,0
/home/anitadonato/tcc/tcc/data/lfw/lfw-funneled/Tom_Daschle/Tom_Daschle_0005.jpg,/home/anitadonato/tcc/tcc/data/lfw/lfw-funneled/Kalpana_Chawla/Kalpana_Chawla_0005.jpg,0.9534115495411826,0
/home/anitadonato/tcc/tcc/data/lfw/lfw-funneled/Eduardo_Duhalde/Eduardo_Duhalde_0001.jpg,/home/anitadonato/tcc/tcc/data/lfw/lfw-funneled/Mark_Hurlbert/Mark_Hurlbert_0002.jpg,0.925818208731331,0
/home/anitadonato/tcc/tcc/data/lfw/lfw-funneled/Denzel_Washington/Denzel_Washington_0003.jpg,/home/anitadonato/tcc/tcc/data/lfw/lfw-funneled/Fujio_Cho/Fujio_Cho_0003.jpg,0.8982060803059556,0
/home/anitadonato/tcc/tcc/data/lfw/lfw-funneled/Russell_Simmons/Russell_Simmons_0004.jpg,/home/anitadonato/tcc/tcc/data/lfw/lfw-funneled/Natalie_Maines/Natalie_Maines_0002.jpg,0.9098707720949736,0
/home/anitadonato/tcc/tcc/data/lfw/lfw-funneled/Rainer_Schuettler/Rainer_Schuettler_0002.jpg,/home/anitadonato/tcc/tcc/data/lfw/lfw-funneled/Cesar_Gaviria/Cesar_Gaviria_0001.jpg,0.9318433537571046,0
/home/anitadonato/tcc/tcc/data/lfw/lfw-funneled/Woody_Allen/Woody_Allen_0003.jpg,/home/anitadonato/tcc/tcc/data/lfw/lfw-funneled/Mike_Myers/Mike_Myers_0004.jpg,0.8879037484355492,0
/home/anitadonato/tcc/tcc/data/lfw/lfw-funneled/Ben_Affleck/Ben_Affleck_0005.jpg,/home/anitadonato/tcc/tcc/data/lfw/lfw-funneled/Benjamin_Netanyahu/Benjamin_Netanyahu_0001.jpg,0.8210507270579401,0
/home/anitadonato/tcc/tcc/data/lfw/lfw-funneled/Christine_Baumgartner/Christine_Baumgartner_0003.jpg,/home/anitadonato/tcc/tcc/data/lfw/lfw-funneled/John_Snow/John_Snow_0001.jpg,0.876724774107269,0
/home/anitadonato/tcc/tcc/data/lfw/lfw-funneled/Erika_Harold/Erika_Harold_0004.jpg,/home/anitadonato/tcc/tcc/data/lfw/lfw-funneled/Grant_Hackett/Grant_Hackett_0004.jpg,0.8633682499875723,0
/home/anitadonato/tcc/tcc/data/lfw/lfw-funneled/Amelie_Mauresmo/Amelie_Mauresmo_0003.jpg,/home/anitadonato/tcc/tcc/data/lfw/lfw-funneled/Norm_Coleman/Norm_Coleman_0002.jpg,0.895779220614574,0
/home/anitadonato/tcc/tcc/data/lfw/lfw-funneled/Salma_Hayek/Salma_Hayek_0003.jpg,/home/anitadonato/tcc/tcc/data/lfw/lfw-funneled/Pamela_Anderson/Pamela_Anderson_0003.jpg,0.9586672738498647,0
/home/anitadonato/tcc/tcc/data/lfw/lfw-funneled/Goldie_Hawn/Goldie_Hawn_0005.jpg,/home/anitadonato/tcc/tcc/data/lfw/lfw-funneled/Alejandro_Toledo/Alejandro_Toledo_0001.jpg,0.9671102176065745,0
/home/anitadonato/tcc/tcc/data/lfw/lfw-funneled/Robert_Zoellick/Robert_Zoellick_0001.jpg,/home/anitadonato/tcc/tcc/data/lfw/lfw-funneled/Tung_Chee-hwa/Tung_Chee-hwa_0002.jpg,0.813633088425689,0
/home/anitadonato/tcc/tcc/data/lfw/lfw-funneled/Eduardo_Duhalde/Eduardo_Duhalde_0004.jpg,/home/anitadonato/tcc/tcc/data/lfw/lfw-funneled/Carmen_Electra/Carmen_Electra_0003.jpg,0.9176935867637495,0
/home/anitadonato/tcc/tcc/data/lfw/lfw-funneled/Jean-David_Levitte/Jean-David_Levitte_0003.jpg,/home/anitadonato/tcc/tcc/data/lfw/lfw-funneled/Angela_Merkel/Angela_Merkel_0001.jpg,0.9252578572009288,0
/home/anitadonato/tcc/tcc/data/lfw/lfw-funneled/John_Snow/John_Snow_0004.jpg,/home/anitadonato/tcc/tcc/data/lfw/lfw-funneled/Renee_Zellweger/Renee_Zellweger_0004.jpg,0.8365258512550553,0
/home/anitadonato/tcc/tcc/data/lfw/lfw-funneled/Alvaro_Uribe/Alvaro_Uribe_0003.jpg,/home/anitadonato/tcc/tcc/data/lfw/lfw-funneled/Walter_Mondale/Walter_Mondale_0003.jpg,0.8648115263605447,0
/home/anitadonato/tcc/tcc/data/lfw/lfw-funneled/Amelia_Vega/Amelia_Vega_0002.jpg,/home/anitadonato/tcc/tcc/data/lfw/lfw-funneled/Bill_McBride/Bill_McBride_0003.jpg,0.8740555677096079,0
/home/anitadonato/tcc/tcc/data/lfw/lfw-funneled/Liza_Minnelli/Liza_Minnelli_0004.jpg,/home/anitadonato/tcc/tcc/data/lfw/lfw-funneled/Colin_Powell/Colin_Powell_0003.jpg,0.9036961783225965,0
/home/anitadonato/tcc/tcc/data/lfw/lfw-funneled/Kristanna_Loken/Kristanna_Loken_0004.jpg,/home/anitadonato/tcc/tcc/data/lfw/lfw-funneled/Maria_Soledad_Alvear_Valenzuela/Maria_Soledad_Alvear_Valenzuela_0001.jpg,0.8290356732661013,0
/home/anitadonato/tcc/tcc/data/lfw/lfw-funneled/Sourav_Ganguly/Sourav_Ganguly_0004.jpg,/home/anitadonato/tcc/tcc/data/lfw/lfw-funneled/George_Robertson/George_Robertson_0004.jpg,0.9313742180222537,0
/home/anitadonato/tcc/tcc/data/lfw/lfw-funneled/Natalie_Maines/Natalie_Maines_0003.jpg,/home/anitadonato/tcc/tcc/data/lfw/lfw-funneled/Fernando_Gonzalez/Fernando_Gonzalez_0004.jpg,0.8353150979990082,0
/home/anitadonato/tcc/tcc/data/lfw/lfw-funneled/Elizabeth_Smart/Elizabeth_Smart_0003.jpg,/home/anitadonato/tcc/tcc/data/lfw/lfw-funneled/Colin_Powell/Colin_Powell_0005.jpg,0.8785716854590317,0
/home/anitadonato/tcc/tcc/data/lfw/lfw-funneled/Ana_Palacio/Ana_Palacio_0004.jpg,/home/anitadonato/tcc/tcc/data/lfw/lfw-funneled/Roy_Moore/Roy_Moore_0005.jpg,0.8014789597280443,0
/home/anitadonato/tcc/tcc/data/lfw/lfw-funneled/Trent_Lott/Trent_Lott_0003.jpg,/home/anitadonato/tcc/tcc/data/lfw/lfw-funneled/Al_Sharpton/Al_Sharpton_0004.jpg,0.6832732370244858,0
/home/anitadonato/tcc/tcc/data/lfw/lfw-funneled/Hosni_Mubarak/Hosni_Mubarak_0001.jpg,/home/anitadonato/tcc/tcc/data/lfw/lfw-funneled/Christine_Todd_Whitman/Christine_Todd_Whitman_0002.jpg,0.9157048680287804,0
/home/anitadonato/tcc/tcc/data/lfw/lfw-funneled/Cruz_Bustamante/Cruz_Bustamante_0002.jpg,/home/anitadonato/tcc/tcc/data/lfw/lfw-funneled/Susan_Sarandon/Susan_Sarandon_0001.jpg,0.9726080700054373,0
/home/anitadonato/tcc/tcc/data/lfw/lfw-funneled/Juan_Carlos_Ferrero/Juan_Carlos_Ferrero_0003.jpg,/home/anitadonato/tcc/tcc/data/lfw/lfw-funneled/Hal_Gehman/Hal_Gehman_0003.jpg,0.8944747270534128,0
/home/anitadonato/tcc/tcc/data/lfw/lfw-funneled/Kofi_Annan/Kofi_Annan_0001.jpg,/home/anitadonato/tcc/tcc/data/lfw/lfw-funneled/Matthew_Perry/Matthew_Perry_0002.jpg,0.876654919776287,0
/home/anitadonato/tcc/tcc/data/lfw/lfw-funneled/Norm_Coleman/Norm_Coleman_0002.jpg,/home/anitadonato/tcc/tcc/data/lfw/lfw-funneled/Tom_Harkin/Tom_Harkin_0005.jpg,0.807832753545159,0
/home/anitadonato/tcc/tcc/data/lfw/lfw-funneled/Maria_Shriver/Maria_Shriver_0003.jpg,/home/anitadonato/tcc/tcc/data/lfw/lfw-funneled/Fernando_Gonzalez/Fernando_Gonzalez_0004.jpg,0.7392768833125878,0
/home/anitadonato/tcc/tcc/data/lfw/lfw-funneled/Joseph_Biden/Joseph_Biden_0002.jpg,/home/anitadonato/tcc/tcc/data/lfw/lfw-funneled/Natalie_Maines/Natalie_Maines_0003.jpg,0.7496605446738362,0
/home/anitadonato/tcc/tcc/data/lfw/lfw-funneled/Woody_Allen/Woody_Allen_0005.jpg,/home/anitadonato/tcc/tcc/data/lfw/lfw-funneled/Maria_Shriver/Maria_Shriver_0003.jpg,0.8724904006429292,0
/home/anitadonato/tcc/tcc/data/lfw/lfw-funneled/Britney_Spears/Britney_Spears_0001.jpg,/home/anitadonato/tcc/tcc/data/lfw/lfw-funneled/Pervez_Musharraf/Pervez_Musharraf_0004.jpg,0.9542479236516034,0
/home/anitadonato/tcc/tcc/data/lfw/lfw-funneled/Zinedine_Zidane/Zinedine_Zidane_0004.jpg,/home/anitadonato/tcc/tcc/data/lfw/lfw-funneled/John_Paul_II/John_Paul_II_0004.jpg,0.8164855639254882,0
/home/anitadonato/tcc/tcc/data/lfw/lfw-funneled/Silvio_Berlusconi/Silvio_Berlusconi_0001.jpg,/home/anitadonato/tcc/tcc/data/lfw/lfw-funneled/Bill_Gates/Bill_Gates_0001.jpg,0.8796408141773954,0
/home/anitadonato/tcc/tcc/data/lfw/lfw-funneled/Steve_Lavin/Steve_Lavin_0005.jpg,/home/anitadonato/tcc/tcc/data/lfw/lfw-funneled/Alejandro_Toledo/Alejandro_Toledo_0002.jpg,0.8686081049319626,0
/home/anitadonato/tcc/tcc/data/lfw/lfw-funneled/Pedro_Malan/Pedro_Malan_0002.jpg,/home/anitadonato/tcc/tcc/data/lfw/lfw-funneled/Habib_Rizieq/Habib_Rizieq_0003.jpg,0.7729464712122388,0
/home/anitadonato/tcc/tcc/data/lfw/lfw-funneled/Valery_Giscard_dEstaing/Valery_Giscard_dEstaing_0005.jpg,/home/anitadonato/tcc/tcc/data/lfw/lfw-funneled/Martin_McGuinness/Martin_McGuinness_0003.jpg,0.8096219203881168,0
/home/anitadonato/tcc/tcc/data/lfw/lfw-funneled/Wayne_Ferreira/Wayne_Ferreira_0003.jpg,/home/anitadonato/tcc/tcc/data/lfw/lfw-funneled/Pedro_Malan/Pedro_Malan_0002.jpg,0.8318126721912592,0
/home/anitadonato/tcc/tcc/data/lfw/lfw-funneled/Zhu_Rongji/Zhu_Rongji_0001.jpg,/home/anitadonato/tcc/tcc/data/lfw/lfw-funneled/Kate_Hudson/Kate_Hudson_0005.jpg,0.9303373366649975,0
/home/anitadonato/tcc/tcc/data/lfw/lfw-funneled/Lindsay_Davenport/Lindsay_Davenport_0004.jpg,/home/anitadonato/tcc/tcc/data/lfw/lfw-funneled/Jacques_Chirac/Jacques_Chirac_0004.jpg,0.8313248911199189,0
/home/anitadonato/tcc/tcc/data/lfw/lfw-funneled/Kate_Hudson/Kate_Hudson_0002.jpg,/home/anitadonato/tcc/tcc/data/lfw/lfw-funneled/Bill_Gates/Bill_Gates_0002.jpg,0.9228270931975858,0
/home/anitadonato/tcc/tcc/data/lfw/lfw-funneled/George_HW_Bush/George_HW_Bush_0004.jpg,/home/anitadonato/tcc/tcc/data/lfw/lfw-funneled/Thabo_Mbeki/Thabo_Mbeki_0004.jpg,0.7383615354833178,0
/home/anitadonato/tcc/tcc/data/lfw/lfw-funneled/Paul_Burrell/Paul_Burrell_0002.jpg,/home/anitadonato/tcc/tcc/data/lfw/lfw-funneled/Jose_Maria_Aznar/Jose_Maria_Aznar_0005.jpg,0.9536018048908221,0
/home/anitadonato/tcc/tcc/data/lfw/lfw-funneled/Cesar_Gaviria/Cesar_Gaviria_0002.jpg,/home/anitadonato/tcc/tcc/data/lfw/lfw-funneled/Britney_Spears/Britney_Spears_0004.jpg,0.9422994907641126,0
/home/anitadonato/tcc/tcc/data/lfw/lfw-funneled/John_Paul_II/John_Paul_II_0002.jpg,/home/anitadonato/tcc/tcc/data/lfw/lfw-funneled/Ben_Affleck/Ben_Affleck_0001.jpg,0.8940784568202652,0
/home/anitadonato/tcc/tcc/data/lfw/lfw-funneled/Tom_Crean/Tom_Crean_0002.jpg,/home/anitadonato/tcc/tcc/data/lfw/lfw-funneled/Roger_Federer/Roger_Federer_0005.jpg,0.9716381385411024,0
/home/anitadonato/tcc/tcc/data/lfw/lfw-funneled/Gonzalo_Sanchez_de_Lozada/Gonzalo_Sanchez_de_Lozada_0003.jpg,/home/anitadonato/tcc/tcc/data/lfw/lfw-funneled/Norm_Coleman/Norm_Coleman_0005.jpg,0.6424688369461671,0
/home/anitadonato/tcc/tcc/data/lfw/lfw-funneled/Maria_Shriver/Maria_Shriver_0004.jpg,/home/anitadonato/tcc/tcc/data/lfw/lfw-funneled/Alejandro_Toledo/Alejandro_Toledo_0001.jpg,0.987501314814256,0
/home/anitadonato/tcc/tcc/data/lfw/lfw-funneled/Alvaro_Uribe/Alvaro_Uribe_0002.jpg,/home/anitadonato/tcc/tcc/data/lfw/lfw-funneled/Kim_Dae-jung/Kim_Dae-jung_0003.jpg,0.7977953418271813,0
/home/anitadonato/tcc/tcc/data/lfw/lfw-funneled/Hosni_Mubarak/Hosni_Mubarak_0002.jpg,/home/anitadonato/tcc/tcc/data/lfw/lfw-funneled/Jan_Ullrich/Jan_Ullrich_0004.jpg,0.9307434573040276,0
/home/anitadonato/tcc/tcc/data/lfw/lfw-funneled/John_Bolton/John_Bolton_0005.jpg,/home/anitadonato/tcc/tcc/data/lfw/lfw-funneled/Rainer_Schuettler/Rainer_Schuettler_0003.jpg,0.6977662965639495,0
/home/anitadonato/tcc/tcc/data/lfw/lfw-funneled/Bob_Hope/Bob_Hope_0005.jpg,/home/anitadonato/tcc/tcc/data/lfw/lfw-funneled/Natalie_Coughlin/Natalie_Coughlin_0001.jpg,0.9077778803547164,0
/home/anitadonato/tcc/tcc/data/lfw/lfw-funneled/Billy_Crystal/Billy_Crystal_0002.jpg,/home/anitadonato/tcc/tcc/data/lfw/lfw-funneled/Peter_Struck/Peter_Struck_0004.jpg,0.7905740531640851,0
/home/anitadonato/tcc/tcc/data/lfw/lfw-funneled/Roy_Moore/Roy_Moore_0005.jpg,/home/anitadonato/tcc/tcc/data/lfw/lfw-funneled/Cameron_Diaz/Cameron_Diaz_0001.jpg,0.9137970777480231,0
/home/anitadonato/tcc/tcc/data/lfw/lfw-funneled/Carlos_Moya/Carlos_Moya_0005.jpg,/home/anitadonato/tcc/tcc/data/lfw/lfw-funneled/Eduardo_Duhalde/Eduardo_Duhalde_0005.jpg,0.9360700298700584,0
/home/anitadonato/tcc/tcc/data/lfw/lfw-funneled/Jean-Pierre_Raffarin/Jean-Pierre_Raffarin_0004.jpg,/home/anitadonato/tcc/tcc/data/lfw/lfw-funneled/John_Ashcroft/John_Ashcroft_0003.jpg,0.910551779532131,0
/home/anitadonato/tcc/tcc/data/lfw/lfw-funneled/Paul_Burrell/Paul_Burrell_0001.jpg,/home/anitadonato/tcc/tcc/data/lfw/lfw-funneled/Roh_Moo-hyun/Roh_Moo-hyun_0005.jpg,0.9266399183939956,0
/home/anitadonato/tcc/tcc/data/lfw/lfw-funneled/Vladimir_Putin/Vladimir_Putin_0002.jpg,/home/anitadonato/tcc/tcc/data/lfw/lfw-funneled/Anna_Kournikova/Anna_Kournikova_0005.jpg,0.8875005909918214,0
/home/anitadonato/tcc/tcc/data/lfw/lfw-funneled/Meryl_Streep/Meryl_Streep_0004.jpg,/home/anitadonato/tcc/tcc/data/lfw/lfw-funneled/Winona_Ryder/Winona_Ryder_0002.jpg,0.6679700496607436,0
/home/anitadonato/tcc/tcc/data/lfw/lfw-funneled/Pedro_Malan/Pedro_Malan_0005.jpg,/home/anitadonato/tcc/tcc/data/lfw/lfw-funneled/Erika_Harold/Erika_Harold_0004.jpg,0.8603733647352295,0
/home/anitadonato/tcc/tcc/data/lfw/lfw-funneled/Costas_Simitis/Costas_Simitis_0001.jpg,/home/anitadonato/tcc/tcc/data/lfw/lfw-funneled/Anna_Kournikova/Anna_Kournikova_0003.jpg,0.939195742708887,0
/home/anitadonato/tcc/tcc/data/lfw/lfw-funneled/Yoko_Ono/Yoko_Ono_0004.jpg,/home/anitadonato/tcc/tcc/data/lfw/lfw-funneled/LeBron_James/LeBron_James_0003.jpg,0.8523729618348904,0
