img1_path,img2_path,score,label
/home/anitadonato/tcc/tcc/data/lfw/lfw-funneled/Richard_Myers/Richard_Myers_0004.jpg,/home/anitadonato/tcc/tcc/data/lfw/lfw-funneled/Richard_Myers/Richard_Myers_0001.jpg,0.16403329372406006,1
/home/anitadonato/tcc/tcc/data/lfw/lfw-funneled/Richard_Myers/Richard_Myers_0004.jpg,/home/anitadonato/tcc/tcc/data/lfw/lfw-funneled/Richard_Myers/Richard_Myers_0009.jpg,0.14039236307144165,1
/home/anitadonato/tcc/tcc/data/lfw/lfw-funneled/Richard_Myers/Richard_Myers_0004.jpg,/home/anitadonato/tcc/tcc/data/lfw/lfw-funneled/Richard_Myers/Richard_Myers_0018.jpg,0.08697909116744995,1
/home/anitadonato/tcc/tcc/data/lfw/lfw-funneled/Richard_Myers/Richard_Myers_0004.jpg,/home/anitadonato/tcc/tcc/data/lfw/lfw-funneled/Richard_Myers/Richard_Myers_0015.jpg,0.1641683578491211,1
/home/anitadonato/tcc/tcc/data/lfw/lfw-funneled/Richard_Myers/Richard_Myers_0001.jpg,/home/anitadonato/tcc/tcc/data/lfw/lfw-funneled/Richard_Myers/Richard_Myers_0009.jpg,0.2069571614265442,1
/home/anitadonato/tcc/tcc/data/lfw/lfw-funneled/Richard_Myers/Richard_Myers_0001.jpg,/home/anitadonato/tcc/tcc/data/lfw/lfw-funneled/Richard_Myers/Richard_Myers_0018.jpg,0.17096322774887085,1
/home/anitadonato/tcc/tcc/data/lfw/lfw-funneled/Richard_Myers/Richard_Myers_0001.jpg,/home/anitadonato/tcc/tcc/data/lfw/lfw-funneled/Richard_Myers/Richard_Myers_0015.jpg,0.15417379140853882,1
/home/anitadonato/tcc/tcc/data/lfw/lfw-funneled/Richard_Myers/Richard_Myers_0009.jpg,/home/anitadonato/tcc/tcc/data/lfw/lfw-funneled/Richard_Myers/Richard_Myers_0018.jpg,0.10279428958892822,1
/home/anitadonato/tcc/tcc/data/lfw/lfw-funneled/Richard_Myers/Richard_Myers_0009.jpg,/home/anitadonato/tcc/tcc/data/lfw/lfw-funneled/Richard_Myers/Richard_Myers_0015.jpg,0.14299118518829346,1
/home/anitadonato/tcc/tcc/data/lfw/lfw-funneled/Richard_Myers/Richard_Myers_0018.jpg,/home/anitadonato/tcc/tcc/data/lfw/lfw-funneled/Richard_Myers/Richard_Myers_0015.jpg,0.1601850390434265,1
/home/anitadonato/tcc/tcc/data/lfw/lfw-funneled/Carlos_Moya/Carlos_Moya_0005.jpg,/home/anitadonato/tcc/tcc/data/lfw/lfw-funneled/Carlos_Moya/Carlos_Moya_0004.jpg,0.20333009958267212,1
/home/anitadonato/tcc/tcc/data/lfw/lfw-funneled/Carlos_Moya/Carlos_Moya_0005.jpg,/home/anitadonato/tcc/tcc/data/lfw/lfw-funneled/Carlos_Moya/Carlos_Moya_0003.jpg,0.16907304525375366,1
/home/anitadonato/tcc/tcc/data/lfw/lfw-funneled/Carlos_Moya/Carlos_Moya_0005.jpg,/home/anitadonato/tcc/tcc/data/lfw/lfw-funneled/Carlos_Moya/Carlos_Moya_0014.jpg,0.1711023449897766,1
/home/anitadonato/tcc/tcc/data/lfw/lfw-funneled/Carlos_Moya/Carlos_Moya_0005.jpg,/home/anitadonato/tcc/tcc/data/lfw/lfw-funneled/Carlos_Moya/Carlos_Moya_0001.jpg,0.23443502187728882,1
/home/anitadonato/tcc/tcc/data/lfw/lfw-funneled/Carlos_Moya/Carlos_Moya_0004.jpg,/home/anitadonato/tcc/tcc/data/lfw/lfw-funneled/Carlos_Moya/Carlos_Moya_0003.jpg,0.28032386302948,1
/home/anitadonato/tcc/tcc/data/lfw/lfw-funneled/Carlos_Moya/Carlos_Moya_0004.jpg,/home/anitadonato/tcc/tcc/data/lfw/lfw-funneled/Carlos_Moya/Carlos_Moya_0014.jpg,0.19573819637298584,1
/home/anitadonato/tcc/tcc/data/lfw/lfw-funneled/Carlos_Moya/Carlos_Moya_0004.jpg,/home/anitadonato/tcc/tcc/data/lfw/lfw-funneled/Carlos_Moya/Carlos_Moya_0001.jpg,0.20726126432418823,1
/home/anitadonato/tcc/tcc/data/lfw/lfw-funneled/Carlos_Moya/Carlos_Moya_0003.jpg,/home/anitadonato/tcc/tcc/data/lfw/lfw-funneled/Carlos_Moya/Carlos_Moya_0014.jpg,0.22353464365005493,1
/home/anitadonato/tcc/tcc/data/lfw/lfw-funneled/Carlos_Moya/Carlos_Moya_0003.jpg,/home/anitadonato/tcc/tcc/data/lfw/lfw-funneled/Carlos_Moya/Carlos_Moya_0001.jpg,0.30411505699157715,1
/home/anitadonato/tcc/tcc/data/lfw/lfw-funneled/Carlos_Moya/Carlos_Moya_0014.jpg,/home/anitadonato/tcc/tcc/data/lfw/lfw-funneled/Carlos_Moya/Carlos_Moya_0001.jpg,0.24836063385009766,1
/home/anitadonato/tcc/tcc/data/lfw/lfw-funneled/Alvaro_Uribe/Alvaro_Uribe_0002.jpg,/home/anitadonato/tcc/tcc/data/lfw/lfw-funneled/Alvaro_Uribe/Alvaro_Uribe_0006.jpg,0.20199787616729736,1
/home/anitadonato/tcc/tcc/data/lfw/lfw-funneled/Alvaro_Uribe/Alvaro_Uribe_0002.jpg,/home/anitadonato/tcc/tcc/data/lfw/lfw-funneled/Alvaro_Uribe/Alvaro_Uribe_0014.jpg,0.15895551443099976,1
/home/anitadonato/tcc/tcc/data/lfw/lfw-funneled/Alvaro_Uribe/Alvaro_Uribe_0002.jpg,/home/anitadonato/tcc/tcc/data/lfw/lfw-funneled/Alvaro_Uribe/Alvaro_Uribe_0015.jpg,0.11456406116485596,1
/home/anitadonato/tcc/tcc/data/lfw/lfw-funneled/Alvaro_Uribe/Alvaro_Uribe_0002.jpg,/home/anitadonato/tcc/tcc/data/lfw/lfw-funneled/Alvaro_Uribe/Alvaro_Uribe_0033.jpg,0.19877398014068604,1
/home/anitadonato/tcc/tcc/data/lfw/lfw-funneled/Alvaro_Uribe/Alvaro_Uribe_0006.jpg,/home/anitadonato/tcc/tcc/data/lfw/lfw-funneled/Alvaro_Uribe/Alvaro_Uribe_0014.jpg,0.145088791847229,1
/home/anitadonato/tcc/tcc/data/lfw/lfw-funneled/Alvaro_Uribe/Alvaro_Uribe_0006.jpg,/home/anitadonato/tcc/tcc/data/lfw/lfw-funneled/Alvaro_Uribe/Alvaro_Uribe_0015.jpg,0.1767287254333496,1
/home/anitadonato/tcc/tcc/data/lfw/lfw-funneled/Alvaro_Uribe/Alvaro_Uribe_0006.jpg,/home/anitadonato/tcc/tcc/data/lfw/lfw-funneled/Alvaro_Uribe/Alvaro_Uribe_0033.jpg,0.23961347341537476,1
/home/anitadonato/tcc/tcc/data/lfw/lfw-funneled/Alvaro_Uribe/Alvaro_Uribe_0014.jpg,/home/anitadonato/tcc/tcc/data/lfw/lfw-funneled/Alvaro_Uribe/Alvaro_Uribe_0015.jpg,0.15578866004943848,1
/home/anitadonato/tcc/tcc/data/lfw/lfw-funneled/Alvaro_Uribe/Alvaro_Uribe_0014.jpg,/home/anitadonato/tcc/tcc/data/lfw/lfw-funneled/Alvaro_Uribe/Alvaro_Uribe_0033.jpg,0.170609712600708,1
/home/anitadonato/tcc/tcc/data/lfw/lfw-funneled/Alvaro_Uribe/Alvaro_Uribe_0015.jpg,/home/anitadonato/tcc/tcc/data/lfw/lfw-funneled/Alvaro_Uribe/Alvaro_Uribe_0033.jpg,0.1870483160018921,1
/home/anitadonato/tcc/tcc/data/lfw/lfw-funneled/Tiger_Woods/Tiger_Woods_0020.jpg,/home/anitadonato/tcc/tcc/data/lfw/lfw-funneled/Tiger_Woods/Tiger_Woods_0001.jpg,0.2872166037559509,1
/home/anitadonato/tcc/tcc/data/lfw/lfw-funneled/Tiger_Woods/Tiger_Woods_0020.jpg,/home/anitadonato/tcc/tcc/data/lfw/lfw-funneled/Tiger_Woods/Tiger_Woods_0018.jpg,0.31797778606414795,1
/home/anitadonato/tcc/tcc/data/lfw/lfw-funneled/Tiger_Woods/Tiger_Woods_0020.jpg,/home/anitadonato/tcc/tcc/data/lfw/lfw-funneled/Tiger_Woods/Tiger_Woods_0007.jpg,0.3027704358100891,1
/home/anitadonato/tcc/tcc/data/lfw/lfw-funneled/Tiger_Woods/Tiger_Woods_0020.jpg,/home/anitadonato/tcc/tcc/data/lfw/lfw-funneled/Tiger_Woods/Tiger_Woods_0023.jpg,0.3238939046859741,1
/home/anitadonato/tcc/tcc/data/lfw/lfw-funneled/Tiger_Woods/Tiger_Woods_0001.jpg,/home/anitadonato/tcc/tcc/data/lfw/lfw-funneled/Tiger_Woods/Tiger_Woods_0018.jpg,0.21265804767608643,1
/home/anitadonato/tcc/tcc/data/lfw/lfw-funneled/Tiger_Woods/Tiger_Woods_0001.jpg,/home/anitadonato/tcc/tcc/data/lfw/lfw-funneled/Tiger_Woods/Tiger_Woods_0007.jpg,0.1774606704711914,1
/home/anitadonato/tcc/tcc/data/lfw/lfw-funneled/Tiger_Woods/Tiger_Woods_0001.jpg,/home/anitadonato/tcc/tcc/data/lfw/lfw-funneled/Tiger_Woods/Tiger_Woods_0023.jpg,0.21131092309951782,1
/home/anitadonato/tcc/tcc/data/lfw/lfw-funneled/Tiger_Woods/Tiger_Woods_0018.jpg,/home/anitadonato/tcc/tcc/data/lfw/lfw-funneled/Tiger_Woods/Tiger_Woods_0007.jpg,0.20300918817520142,1
/home/anitadonato/tcc/tcc/data/lfw/lfw-funneled/Tiger_Woods/Tiger_Woods_0018.jpg,/home/anitadonato/tcc/tcc/data/lfw/lfw-funneled/Tiger_Woods/Tiger_Woods_0023.jpg,0.18721556663513184,1
/home/anitadonato/tcc/tcc/data/lfw/lfw-funneled/Tiger_Woods/Tiger_Woods_0007.jpg,/home/anitadonato/tcc/tcc/data/lfw/lfw-funneled/Tiger_Woods/Tiger_Woods_0023.jpg,0.16946673393249512,1
/home/anitadonato/tcc/tcc/data/lfw/lfw-funneled/Heidi_Klum/Heidi_Klum_0005.jpg,/home/anitadonato/tcc/tcc/data/lfw/lfw-funneled/Heidi_Klum/Heidi_Klum_0004.jpg,0.15064388513565063,1
/home/anitadonato/tcc/tcc/data/lfw/lfw-funneled/Heidi_Klum/Heidi_Klum_0005.jpg,/home/anitadonato/tcc/tcc/data/lfw/lfw-funneled/Heidi_Klum/Heidi_Klum_0001.jpg,0.1659003496170044,1
/home/anitadonato/tcc/tcc/data/lfw/lfw-funneled/Heidi_Klum/Heidi_Klum_0005.jpg,/home/anitadonato/tcc/tcc/data/lfw/lfw-funneled/Heidi_Klum/Heidi_Klum_0002.jpg,0.18870455026626587,1
/home/anitadonato/tcc/tcc/data/lfw/lfw-funneled/Heidi_Klum/Heidi_Klum_0005.jpg,/home/anitadonato/tcc/tcc/data/lfw/lfw-funneled/Heidi_Klum/Heidi_Klum_0003.jpg,0.13487523794174194,1
/home/anitadonato/tcc/tcc/data/lfw/lfw-funneled/Heidi_Klum/Heidi_Klum_0004.jpg,/home/anitadonato/tcc/tcc/data/lfw/lfw-funneled/Heidi_Klum/Heidi_Klum_0001.jpg,0.10967427492141724,1
/home/anitadonato/tcc/tcc/data/lfw/lfw-funneled/Heidi_Klum/Heidi_Klum_0004.jpg,/home/anitadonato/tcc/tcc/data/lfw/lfw-funneled/Heidi_Klum/Heidi_Klum_0002.jpg,0.18194067478179932,1
/home/anitadonato/tcc/tcc/data/lfw/lfw-funneled/Heidi_Klum/Heidi_Klum_0004.jpg,/home/anitadonato/tcc/tcc/data/lfw/lfw-funneled/Heidi_Klum/Heidi_Klum_0003.jpg,0.12252432107925415,1
/home/anitadonato/tcc/tcc/data/lfw/lfw-funneled/Heidi_Klum/Heidi_Klum_0001.jpg,/home/anitadonato/tcc/tcc/data/lfw/lfw-funneled/Heidi_Klum/Heidi_Klum_0002.jpg,0.17799395322799683,1
/home/anitadonato/tcc/tcc/data/lfw/lfw-funneled/Heidi_Klum/Heidi_Klum_0001.jpg,/home/anitadonato/tcc/tcc/data/lfw/lfw-funneled/Heidi_Klum/Heidi_Klum_0003.jpg,0.12583208084106445,1
/home/anitadonato/tcc/tcc/data/lfw/lfw-funneled/Heidi_Klum/Heidi_Klum_0002.jpg,/home/anitadonato/tcc/tcc/data/lfw/lfw-funneled/Heidi_Klum/Heidi_Klum_0003.jpg,0.17341309785842896,1
/home/anitadonato/tcc/tcc/data/lfw/lfw-funneled/Goldie_Hawn/Goldie_Hawn_0007.jpg,/home/anitadonato/tcc/tcc/data/lfw/lfw-funneled/Goldie_Hawn/Goldie_Hawn_0001.jpg,0.215251624584198,1
/home/anitadonato/tcc/tcc/data/lfw/lfw-funneled/Goldie_Hawn/Goldie_Hawn_0007.jpg,/home/anitadonato/tcc/tcc/data/lfw/lfw-funneled/Goldie_Hawn/Goldie_Hawn_0002.jpg,0.22562652826309204,1
/home/anitadonato/tcc/tcc/data/lfw/lfw-funneled/Goldie_Hawn/Goldie_Hawn_0007.jpg,/home/anitadonato/tcc/tcc/data/lfw/lfw-funneled/Goldie_Hawn/Goldie_Hawn_0004.jpg,0.3012305498123169,1
/home/anitadonato/tcc/tcc/data/lfw/lfw-funneled/Goldie_Hawn/Goldie_Hawn_0007.jpg,/home/anitadonato/tcc/tcc/data/lfw/lfw-funneled/Goldie_Hawn/Goldie_Hawn_0005.jpg,0.30393362045288086,1
/home/anitadonato/tcc/tcc/data/lfw/lfw-funneled/Goldie_Hawn/Goldie_Hawn_0001.jpg,/home/anitadonato/tcc/tcc/data/lfw/lfw-funneled/Goldie_Hawn/Goldie_Hawn_0002.jpg,0.19705897569656372,1
/home/anitadonato/tcc/tcc/data/lfw/lfw-funneled/Goldie_Hawn/Goldie_Hawn_0001.jpg,/home/anitadonato/tcc/tcc/data/lfw/lfw-funneled/Goldie_Hawn/Goldie_Hawn_0004.jpg,0.1932213306427002,1
/home/anitadonato/tcc/tcc/data/lfw/lfw-funneled/Goldie_Hawn/Goldie_Hawn_0001.jpg,/home/anitadonato/tcc/tcc/data/lfw/lfw-funneled/Goldie_Hawn/Goldie_Hawn_0005.jpg,0.2051008939743042,1
/home/anitadonato/tcc/tcc/data/lfw/lfw-funneled/Goldie_Hawn/Goldie_Hawn_0002.jpg,/home/anitadonato/tcc/tcc/data/lfw/lfw-funneled/Goldie_Hawn/Goldie_Hawn_0004.jpg,0.2842203378677368,1
/home/anitadonato/tcc/tcc/data/lfw/lfw-funneled/Goldie_Hawn/Goldie_Hawn_0002.jpg,/home/anitadonato/tcc/tcc/data/lfw/lfw-funneled/Goldie_Hawn/Goldie_Hawn_0005.jpg,0.31309032440185547,1
/home/anitadonato/tcc/tcc/data/lfw/lfw-funneled/Goldie_Hawn/Goldie_Hawn_0004.jpg,/home/anitadonato/tcc/tcc/data/lfw/lfw-funneled/Goldie_Hawn/Goldie_Hawn_0005.jpg,0.16383320093154907,1
/home/anitadonato/tcc/tcc/data/lfw/lfw-funneled/Geoff_Hoon/Geoff_Hoon_0003.jpg,/home/anitadonato/tcc/tcc/data/lfw/lfw-funneled/Geoff_Hoon/Geoff_Hoon_0002.jpg,0.22053611278533936,1
/home/anitadonato/tcc/tcc/data/lfw/lfw-funneled/Geoff_Hoon/Geoff_Hoon_0003.jpg,/home/anitadonato/tcc/tcc/data/lfw/lfw-funneled/Geoff_Hoon/Geoff_Hoon_0006.jpg,0.13417941331863403,1
/home/anitadonato/tcc/tcc/data/lfw/lfw-funneled/Geoff_Hoon/Geoff_Hoon_0003.jpg,/home/anitadonato/tcc/tcc/data/lfw/lfw-funneled/Geoff_Hoon/Geoff_Hoon_0007.jpg,0.17389369010925293,1
/home/anitadonato/tcc/tcc/data/lfw/lfw-funneled/Geoff_Hoon/Geoff_Hoon_0003.jpg,/home/anitadonato/tcc/tcc/data/lfw/lfw-funneled/Geoff_Hoon/Geoff_Hoon_0001.jpg,0.18119430541992188,1
/home/anitadonato/tcc/tcc/data/lfw/lfw-funneled/Geoff_Hoon/Geoff_Hoon_0002.jpg,/home/anitadonato/tcc/tcc/data/lfw/lfw-funneled/Geoff_Hoon/Geoff_Hoon_0006.jpg,0.15784937143325806,1
/home/anitadonato/tcc/tcc/data/lfw/lfw-funneled/Geoff_Hoon/Geoff_Hoon_0002.jpg,/home/anitadonato/tcc/tcc/data/lfw/lfw-funneled/Geoff_Hoon/Geoff_Hoon_0007.jpg,0.13564515113830566,1
/home/anitadonato/tcc/tcc/data/lfw/lfw-funneled/Geoff_Hoon/Geoff_Hoon_0002.jpg,/home/anitadonato/tcc/tcc/data/lfw/lfw-funneled/Geoff_Hoon/Geoff_Hoon_0001.jpg,0.20066285133361816,1
/home/anitadonato/tcc/tcc/data/lfw/lfw-funneled/Geoff_Hoon/Geoff_Hoon_0006.jpg,/home/anitadonato/tcc/tcc/data/lfw/lfw-funneled/Geoff_Hoon/Geoff_Hoon_0007.jpg,0.16523855924606323,1
/home/anitadonato/tcc/tcc/data/lfw/lfw-funneled/Geoff_Hoon/Geoff_Hoon_0006.jpg,/home/anitadonato/tcc/tcc/data/lfw/lfw-funneled/Geoff_Hoon/Geoff_Hoon_0001.jpg,0.14620840549468994,1
/home/anitadonato/tcc/tcc/data/lfw/lfw-funneled/Geoff_Hoon/Geoff_Hoon_0007.jpg,/home/anitadonato/tcc/tcc/data/lfw/lfw-funneled/Geoff_Hoon/Geoff_Hoon_0001.jpg,0.1880243420600891,1
/home/anitadonato/tcc/tcc/data/lfw/lfw-funneled/Christine_Todd_Whitman/Christine_Todd_Whitman_0001.jpg,/home/anitadonato/tcc/tcc/data/lfw/lfw-funneled/Christine_Todd_Whitman/Christine_Todd_Whitman_0004.jpg,0.19503355026245117,1
/home/anitadonato/tcc/tcc/data/lfw/lfw-funneled/Christine_Todd_Whitman/Christine_Todd_Whitman_0001.jpg,/home/anitadonato/tcc/tcc/data/lfw/lfw-funneled/Christine_Todd_Whitman/Christine_Todd_Whitman_0006.jpg,0.17653781175613403,1
/home/anitadonato/tcc/tcc/data/lfw/lfw-funneled/Christine_Todd_Whitman/Christine_Todd_Whitman_0001.jpg,/home/anitadonato/tcc/tcc/data/lfw/lfw-funneled/Christine_Todd_Whitman/Christine_Todd_Whitman_0002.jpg,0.24640458822250366,1
/home/anitadonato/tcc/tcc/data/lfw/lfw-funneled/Christine_Todd_Whitman/Christine_Todd_Whitman_0001.jpg,/home/anitadonato/tcc/tcc/data/lfw/lfw-funneled/Christine_Todd_Whitman/Christine_Todd_Whitman_0003.jpg,0.21710896492004395,1
/home/anitadonato/tcc/tcc/data/lfw/lfw-funneled/Christine_Todd_Whitman/Christine_Todd_Whitman_0004.jpg,/home/anitadonato/tcc/tcc/data/lfw/lfw-funneled/Christine_Todd_Whitman/Christine_Todd_Whitman_0006.jpg,0.1642601490020752,1
/home/anitadonato/tcc/tcc/data/lfw/lfw-funneled/Christine_Todd_Whitman/Christine_Todd_Whitman_0004.jpg,/home/anitadonato/tcc/tcc/data/lfw/lfw-funneled/Christine_Todd_Whitman/Christine_Todd_Whitman_0002.jpg,0.22834241390228271,1
/home/anitadonato/tcc/tcc/data/lfw/lfw-funneled/Christine_Todd_Whitman/Christine_Todd_Whitman_0004.jpg,/home/anitadonato/tcc/tcc/data/lfw/lfw-funneled/Christine_Todd_Whitman/Christine_Todd_Whitman_0003.jpg,0.15202772617340088,1
/home/anitadonato/tcc/tcc/data/lfw/lfw-funneled/Christine_Todd_Whitman/Christine_Todd_Whitman_0006.jpg,/home/anitadonato/tcc/tcc/data/lfw/lfw-funneled/Christine_Todd_Whitman/Christine_Todd_Whitman_0002.jpg,0.21014654636383057,1
/home/anitadonato/tcc/tcc/data/lfw/lfw-funneled/Christine_Todd_Whitman/Christine_Todd_Whitman_0006.jpg,/home/anitadonato/tcc/tcc/data/lfw/lfw-funneled/Christine_Todd_Whitman/Christine_Todd_Whitman_0003.jpg,0.16136300563812256,1
/home/anitadonato/tcc/tcc/data/lfw/lfw-funneled/Christine_Todd_Whitman/Christine_Todd_Whitman_0002.jpg,/home/anitadonato/tcc/tcc/data/lfw/lfw-funneled/Christine_Todd_Whitman/Christine_Todd_Whitman_0003.jpg,0.2095506191253662,1
/home/anitadonato/tcc/tcc/data/lfw/lfw-funneled/Thaksin_Shinawatra/Thaksin_Shinawatra_0005.jpg,/home/anitadonato/tcc/tcc/data/lfw/lfw-funneled/Thaksin_Shinawatra/Thaksin_Shinawatra_0003.jpg,0.1481199860572815,1
/home/anitadonato/tcc/tcc/data/lfw/lfw-funneled/Thaksin_Shinawatra/Thaksin_Shinawatra_0005.jpg,/home/anitadonato/tcc/tcc/data/lfw/lfw-funneled/Thaksin_Shinawatra/Thaksin_Shinawatra_0001.jpg,0.15615135431289673,1
/home/anitadonato/tcc/tcc/data/lfw/lfw-funneled/Thaksin_Shinawatra/Thaksin_Shinawatra_0005.jpg,/home/anitadonato/tcc/tcc/data/lfw/lfw-funneled/Thaksin_Shinawatra/Thaksin_Shinawatra_0006.jpg,0.24102061986923218,1
/home/anitadonato/tcc/tcc/data/lfw/lfw-funneled/Thaksin_Shinawatra/Thaksin_Shinawatra_0005.jpg,/home/anitadonato/tcc/tcc/data/lfw/lfw-funneled/Thaksin_Shinawatra/Thaksin_Shinawatra_0002.jpg,0.1774272322654724,1
/home/anitadonato/tcc/tcc/data/lfw/lfw-funneled/Thaksin_Shinawatra/Thaksin_Shinawatra_0003.jpg,/home/anitadonato/tcc/tcc/data/lfw/lfw-funneled/Thaksin_Shinawatra/Thaksin_Shinawatra_0001.jpg,0.18932056427001953,1
/home/anitadonato/tcc/tcc/data/lfw/lfw-funneled/Thaksin_Shinawatra/Thaksin_Shinawatra_0003.jpg,/home/anitadonato/tcc/tcc/data/lfw/lfw-funneled/Thaksin_Shinawatra/Thaksin_Shinawatra_0006.jpg,0.30794012546539307,1
/home/anitadonato/tcc/tcc/data/lfw/lfw-funneled/Thaksin_Shinawatra/Thaksin_Shinawatra_0003.jpg,/home/anitadonato/tcc/tcc/data/lfw/lfw-funneled/Thaksin_Shinawatra/Thaksin_Shinawatra_0002.jpg,0.16656547784805298,1
/home/anitadonato/tcc/tcc/data/lfw/lfw-funneled/Thaksin_Shinawatra/Thaksin_Shinawatra_0001.jpg,/home/anitadonato/tcc/tcc/data/lfw/lfw-funneled/Thaksin_Shinawatra/Thaksin_Shinawatra_0006.jpg,0.2727236747741699,1
/home/anitadonato/tcc/tcc/data/lfw/lfw-funneled/Thaksin_Shinawatra/Thaksin_Shinawatra_0001.jpg,/home/anitadonato/tcc/tcc/data/lfw/lfw-funneled/Thaksin_Shinawatra/Thaksin_Shinawatra_0002.jpg,0.12920451164245605,1
/home/anitadonato/tcc/tcc/data/lfw/lfw-funneled/Thaksin_Shinawatra/Thaksin_Shinawatra_0006.jpg,/home/anitadonato/tcc/tcc/data/lfw/lfw-funneled/Thaksin_Shinawatra/Thaksin_Shinawatra_0002.jpg,0.3012089729309082,1
/home/anitadonato/tcc/tcc/data/lfw/lfw-funneled/Bulent_Ecevit/Bulent_Ecevit_0005.jpg,/home/anitadonato/tcc/tcc/data/lfw/lfw-funneled/Bulent_Ecevit/Bulent_Ecevit_0001.jpg,0.17316436767578125,1
/home/anitadonato/tcc/tcc/data/lfw/lfw-funneled/Bulent_Ecevit/Bulent_Ecevit_0005.jpg,/home/anitadonato/tcc/tcc/data/lfw/lfw-funneled/Bulent_Ecevit/Bulent_Ecevit_0004.jpg,0.11193716526031494,1
/home/anitadonato/tcc/tcc/data/lfw/lfw-funneled/Bulent_Ecevit/Bulent_Ecevit_0005.jpg,/home/anitadonato/tcc/tcc/data/lfw/lfw-funneled/Bulent_Ecevit/Bulent_Ecevit_0006.jpg,0.1270512342453003,1
/home/anitadonato/tcc/tcc/data/lfw/lfw-funneled/Bulent_Ecevit/Bulent_Ecevit_0005.jpg,/home/anitadonato/tcc/tcc/data/lfw/lfw-funneled/Bulent_Ecevit/Bulent_Ecevit_0002.jpg,0.11538124084472656,1
/home/anitadonato/tcc/tcc/data/lfw/lfw-funneled/Bulent_Ecevit/Bulent_Ecevit_0001.jpg,/home/anitadonato/tcc/tcc/data/lfw/lfw-funneled/Bulent_Ecevit/Bulent_Ecevit_0004.jpg,0.14931082725524902,1
/home/anitadonato/tcc/tcc/data/lfw/lfw-funneled/Bulent_Ecevit/Bulent_Ecevit_0001.jpg,/home/anitadonato/tcc/tcc/data/lfw/lfw-funneled/Bulent_Ecevit/Bulent_Ecevit_0006.jpg,0.1576383113861084,1
/home/anitadonato/tcc/tcc/data/lfw/lfw-funneled/Bulent_Ecevit/Bulent_Ecevit_0001.jpg,/home/anitadonato/tcc/tcc/data/lfw/lfw-funneled/Bulent_Ecevit/Bulent_Ecevit_0002.jpg,0.18683671951293945,1
/home/anitadonato/tcc/tcc/data/lfw/lfw-funneled/Bulent_Ecevit/Bulent_Ecevit_0004.jpg,/home/anitadonato/tcc/tcc/data/lfw/lfw-funneled/Bulent_Ecevit/Bulent_Ecevit_0006.jpg,0.1302441954612732,1
/home/anitadonato/tcc/tcc/data/lfw/lfw-funneled/Bulent_Ecevit/Bulent_Ecevit_0004.jpg,/home/anitadonato/tcc/tcc/data/lfw/lfw-funneled/Bulent_Ecevit/Bulent_Ecevit_0002.jpg,0.0897255539894104,1
/home/anitadonato/tcc/tcc/data/lfw/lfw-funneled/Bulent_Ecevit/Bulent_Ecevit_0006.jpg,/home/anitadonato/tcc/tcc/data/lfw/lfw-funneled/Bulent_Ecevit/Bulent_Ecevit_0002.jpg,0.15292459726333618,1
/home/anitadonato/tcc/tcc/data/lfw/lfw-funneled/Rudolph_Giuliani/Rudolph_Giuliani_0021.jpg,/home/anitadonato/tcc/tcc/data/lfw/lfw-funneled/Rudolph_Giuliani/Rudolph_Giuliani_0020.jpg,0.21906661987304688,1
/home/anitadonato/tcc/tcc/data/lfw/lfw-funneled/Rudolph_Giuliani/Rudolph_Giuliani_0021.jpg,/home/anitadonato/tcc/tcc/data/lfw/lfw-funneled/Rudolph_Giuliani/Rudolph_Giuliani_0012.jpg,0.2436423897743225,1
/home/anitadonato/tcc/tcc/data/lfw/lfw-funneled/Rudolph_Giuliani/Rudolph_Giuliani_0021.jpg,/home/anitadonato/tcc/tcc/data/lfw/lfw-funneled/Rudolph_Giuliani/Rudolph_Giuliani_0019.jpg,0.18335145711898804,1
/home/anitadonato/tcc/tcc/data/lfw/lfw-funneled/Rudolph_Giuliani/Rudolph_Giuliani_0021.jpg,/home/anitadonato/tcc/tcc/data/lfw/lfw-funneled/Rudolph_Giuliani/Rudolph_Giuliani_0007.jpg,0.2573232650756836,1
/home/anitadonato/tcc/tcc/data/lfw/lfw-funneled/Rudolph_Giuliani/Rudolph_Giuliani_0020.jpg,/home/anitadonato/tcc/tcc/data/lfw/lfw-funneled/Rudolph_Giuliani/Rudolph_Giuliani_0012.jpg,0.23957347869873047,1
/home/anitadonato/tcc/tcc/data/lfw/lfw-funneled/Rudolph_Giuliani/Rudolph_Giuliani_0020.jpg,/home/anitadonato/tcc/tcc/data/lfw/lfw-funneled/Rudolph_Giuliani/Rudolph_Giuliani_0019.jpg,0.237460196018219,1
/home/anitadonato/tcc/tcc/data/lfw/lfw-funneled/Rudolph_Giuliani/Rudolph_Giuliani_0020.jpg,/home/anitadonato/tcc/tcc/data/lfw/lfw-funneled/Rudolph_Giuliani/Rudolph_Giuliani_0007.jpg,0.22008663415908813,1
/home/anitadonato/tcc/tcc/data/lfw/lfw-funneled/Rudolph_Giuliani/Rudolph_Giuliani_0012.jpg,/home/anitadonato/tcc/tcc/data/lfw/lfw-funneled/Rudolph_Giuliani/Rudolph_Giuliani_0019.jpg,0.23530399799346924,1
/home/anitadonato/tcc/tcc/data/lfw/lfw-funneled/Rudolph_Giuliani/Rudolph_Giuliani_0012.jpg,/home/anitadonato/tcc/tcc/data/lfw/lfw-funneled/Rudolph_Giuliani/Rudolph_Giuliani_0007.jpg,0.12945252656936646,1
/home/anitadonato/tcc/tcc/data/lfw/lfw-funneled/Rudolph_Giuliani/Rudolph_Giuliani_0019.jpg,/home/anitadonato/tcc/tcc/data/lfw/lfw-funneled/Rudolph_Giuliani/Rudolph_Giuliani_0007.jpg,0.23720675706863403,1
/home/anitadonato/tcc/tcc/data/lfw/lfw-funneled/Yoko_Ono/Yoko_Ono_0006.jpg,/home/anitadonato/tcc/tcc/data/lfw/lfw-funneled/Yoko_Ono/Yoko_Ono_0001.jpg,0.1583191156387329,1
/home/anitadonato/tcc/tcc/data/lfw/lfw-funneled/Yoko_Ono/Yoko_Ono_0006.jpg,/home/anitadonato/tcc/tcc/data/lfw/lfw-funneled/Yoko_Ono/Yoko_Ono_0005.jpg,0.14188224077224731,1
/home/anitadonato/tcc/tcc/data/lfw/lfw-funneled/Yoko_Ono/Yoko_Ono_0006.jpg,/home/anitadonato/tcc/tcc/data/lfw/lfw-funneled/Yoko_Ono/Yoko_Ono_0003.jpg,0.16176623106002808,1
/home/anitadonato/tcc/tcc/data/lfw/lfw-funneled/Yoko_Ono/Yoko_Ono_0006.jpg,/home/anitadonato/tcc/tcc/data/lfw/lfw-funneled/Yoko_Ono/Yoko_Ono_0004.jpg,0.22026127576828003,1
/home/anitadonato/tcc/tcc/data/lfw/lfw-funneled/Yoko_Ono/Yoko_Ono_0001.jpg,/home/anitadonato/tcc/tcc/data/lfw/lfw-funneled/Yoko_Ono/Yoko_Ono_0005.jpg,0.10792338848114014,1
/home/anitadonato/tcc/tcc/data/lfw/lfw-funneled/Yoko_Ono/Yoko_Ono_0001.jpg,/home/anitadonato/tcc/tcc/data/lfw/lfw-funneled/Yoko_Ono/Yoko_Ono_0003.jpg,0.16698765754699707,1
/home/anitadonato/tcc/tcc/data/lfw/lfw-funneled/Yoko_Ono/Yoko_Ono_0001.jpg,/home/anitadonato/tcc/tcc/data/lfw/lfw-funneled/Yoko_Ono/Yoko_Ono_0004.jpg,0.15588772296905518,1
/home/anitadonato/tcc/tcc/data/lfw/lfw-funneled/Yoko_Ono/Yoko_Ono_0005.jpg,/home/anitadonato/tcc/tcc/data/lfw/lfw-funneled/Yoko_Ono/Yoko_Ono_0003.jpg,0.14627456665039062,1
/home/anitadonato/tcc/tcc/data/lfw/lfw-funneled/Yoko_Ono/Yoko_Ono_0005.jpg,/home/anitadonato/tcc/tcc/data/lfw/lfw-funneled/Yoko_Ono/Yoko_Ono_0004.jpg,0.19857221841812134,1
/home/anitadonato/tcc/tcc/data/lfw/lfw-funneled/Yoko_Ono/Yoko_Ono_0003.jpg,/home/anitadonato/tcc/tcc/data/lfw/lfw-funneled/Yoko_Ono/Yoko_Ono_0004.jpg,0.23572880029678345,1
/home/anitadonato/tcc/tcc/data/lfw/lfw-funneled/Mohammed_Al-Douri/Mohammed_Al-Douri_0013.jpg,/home/anitadonato/tcc/tcc/data/lfw/lfw-funneled/Mohammed_Al-Douri/Mohammed_Al-Douri_0005.jpg,0.19858431816101074,1
/home/anitadonato/tcc/tcc/data/lfw/lfw-funneled/Mohammed_Al-Douri/Mohammed_Al-Douri_0013.jpg,/home/anitadonato/tcc/tcc/data/lfw/lfw-funneled/Mohammed_Al-Douri/Mohammed_Al-Douri_0002.jpg,0.14980250597000122,1
/home/anitadonato/tcc/tcc/data/lfw/lfw-funneled/Mohammed_Al-Douri/Mohammed_Al-Douri_0013.jpg,/home/anitadonato/tcc/tcc/data/lfw/lfw-funneled/Mohammed_Al-Douri/Mohammed_Al-Douri_0004.jpg,0.22289329767227173,1
/home/anitadonato/tcc/tcc/data/lfw/lfw-funneled/Mohammed_Al-Douri/Mohammed_Al-Douri_0013.jpg,/home/anitadonato/tcc/tcc/data/lfw/lfw-funneled/Mohammed_Al-Douri/Mohammed_Al-Douri_0015.jpg,0.09931766986846924,1
/home/anitadonato/tcc/tcc/data/lfw/lfw-funneled/Mohammed_Al-Douri/Mohammed_Al-Douri_0005.jpg,/home/anitadonato/tcc/tcc/data/lfw/lfw-funneled/Mohammed_Al-Douri/Mohammed_Al-Douri_0002.jpg,0.14172905683517456,1
/home/anitadonato/tcc/tcc/data/lfw/lfw-funneled/Mohammed_Al-Douri/Mohammed_Al-Douri_0005.jpg,/home/anitadonato/tcc/tcc/data/lfw/lfw-funneled/Mohammed_Al-Douri/Mohammed_Al-Douri_0004.jpg,0.1650148630142212,1
/home/anitadonato/tcc/tcc/data/lfw/lfw-funneled/Mohammed_Al-Douri/Mohammed_Al-Douri_0005.jpg,/home/anitadonato/tcc/tcc/data/lfw/lfw-funneled/Mohammed_Al-Douri/Mohammed_Al-Douri_0015.jpg,0.19042789936065674,1
/home/anitadonato/tcc/tcc/data/lfw/lfw-funneled/Mohammed_Al-Douri/Mohammed_Al-Douri_0002.jpg,/home/anitadonato/tcc/tcc/data/lfw/lfw-funneled/Mohammed_Al-Douri/Mohammed_Al-Douri_0004.jpg,0.21322101354599,1
/home/anitadonato/tcc/tcc/data/lfw/lfw-funneled/Mohammed_Al-Douri/Mohammed_Al-Douri_0002.jpg,/home/anitadonato/tcc/tcc/data/lfw/lfw-funneled/Mohammed_Al-Douri/Mohammed_Al-Douri_0015.jpg,0.12008076906204224,1
/home/anitadonato/tcc/tcc/data/lfw/lfw-funneled/Mohammed_Al-Douri/Mohammed_Al-Douri_0004.jpg,/home/anitadonato/tcc/tcc/data/lfw/lfw-funneled/Mohammed_Al-Douri/Mohammed_Al-Douri_0015.jpg,0.1870390772819519,1
/home/anitadonato/tcc/tcc/data/lfw/lfw-funneled/Billy_Crystal/Billy_Crystal_0004.jpg,/home/anitadonato/tcc/tcc/data/lfw/lfw-funneled/Billy_Crystal/Billy_Crystal_0003.jpg,0.12041151523590088,1
/home/anitadonato/tcc/tcc/data/lfw/lfw-funneled/Billy_Crystal/Billy_Crystal_0004.jpg,/home/anitadonato/tcc/tcc/data/lfw/lfw-funneled/Billy_Crystal/Billy_Crystal_0006.jpg,0.23550891876220703,1
/home/anitadonato/tcc/tcc/data/lfw/lfw-funneled/Billy_Crystal/Billy_Crystal_0004.jpg,/home/anitadonato/tcc/tcc/data/lfw/lfw-funneled/Billy_Crystal/Billy_Crystal_0005.jpg,0.19886964559555054,1
/home/anitadonato/tcc/tcc/data/lfw/lfw-funneled/Billy_Crystal/Billy_Crystal_0004.jpg,/home/anitadonato/tcc/tcc/data/lfw/lfw-funneled/Billy_Crystal/Billy_Crystal_0002.jpg,0.24700701236724854,1
/home/anitadonato/tcc/tcc/data/lfw/lfw-funneled/Billy_Crystal/Billy_Crystal_0003.jpg,/home/anitadonato/tcc/tcc/data/lfw/lfw-funneled/Billy_Crystal/Billy_Crystal_0006.jpg,0.23796319961547852,1
/home/anitadonato/tcc/tcc/data/lfw/lfw-funneled/Billy_Crystal/Billy_Crystal_0003.jpg,/home/anitadonato/tcc/tcc/data/lfw/lfw-funneled/Billy_Crystal/Billy_Crystal_0005.jpg,0.18045663833618164,1
/home/anitadonato/tcc/tcc/data/lfw/lfw-funneled/Billy_Crystal/Billy_Crystal_0003.jpg,/home/anitadonato/tcc/tcc/data/lfw/lfw-funneled/Billy_Crystal/Billy_Crystal_0002.jpg,0.21124190092086792,1
/home/anitadonato/tcc/tcc/data/lfw/lfw-funneled/Billy_Crystal/Billy_Crystal_0006.jpg,/home/anitadonato/tcc/tcc/data/lfw/lfw-funneled/Billy_Crystal/Billy_Crystal_0005.jpg,0.17811167240142822,1
/home/anitadonato/tcc/tcc/data/lfw/lfw-funneled/Billy_Crystal/Billy_Crystal_0006.jpg,/home/anitadonato/tcc/tcc/data/lfw/lfw-funneled/Billy_Crystal/Billy_Crystal_0002.jpg,0.21627503633499146,1
/home/anitadonato/tcc/tcc/data/lfw/lfw-funneled/Billy_Crystal/Billy_Crystal_0005.jpg,/home/anitadonato/tcc/tcc/data/lfw/lfw-funneled/Billy_Crystal/Billy_Crystal_0002.jpg,0.10290366411209106,1
/home/anitadonato/tcc/tcc/data/lfw/lfw-funneled/Paul_Martin/Paul_Martin_0003.jpg,/home/anitadonato/tcc/tcc/data/lfw/lfw-funneled/Paul_Martin/Paul_Martin_0008.jpg,0.180869460105896,1
/home/anitadonato/tcc/tcc/data/lfw/lfw-funneled/Paul_Martin/Paul_Martin_0003.jpg,/home/anitadonato/tcc/tcc/data/lfw/lfw-funneled/Paul_Martin/Paul_Martin_0007.jpg,0.18562102317810059,1
/home/anitadonato/tcc/tcc/data/lfw/lfw-funneled/Paul_Martin/Paul_Martin_0003.jpg,/home/anitadonato/tcc/tcc/data/lfw/lfw-funneled/Paul_Martin/Paul_Martin_0002.jpg,0.15510910749435425,1
/home/anitadonato/tcc/tcc/data/lfw/lfw-funneled/Paul_Martin/Paul_Martin_0003.jpg,/home/anitadonato/tcc/tcc/data/lfw/lfw-funneled/Paul_Martin/Paul_Martin_0006.jpg,0.17151004076004028,1
/home/anitadonato/tcc/tcc/data/lfw/lfw-funneled/Paul_Martin/Paul_Martin_0008.jpg,/home/anitadonato/tcc/tcc/data/lfw/lfw-funneled/Paul_Martin/Paul_Martin_0007.jpg,0.1657060980796814,1
/home/anitadonato/tcc/tcc/data/lfw/lfw-funneled/Paul_Martin/Paul_Martin_0008.jpg,/home/anitadonato/tcc/tcc/data/lfw/lfw-funneled/Paul_Martin/Paul_Martin_0002.jpg,0.16004538536071777,1
/home/anitadonato/tcc/tcc/data/lfw/lfw-funneled/Paul_Martin/Paul_Martin_0008.jpg,/home/anitadonato/tcc/tcc/data/lfw/lfw-funneled/Paul_Martin/Paul_Martin_0006.jpg,0.1967805027961731,1
/home/anitadonato/tcc/tcc/data/lfw/lfw-funneled/Paul_Martin/Paul_Martin_0007.jpg,/home/anitadonato/tcc/tcc/data/lfw/lfw-funneled/Paul_Martin/Paul_Martin_0002.jpg,0.17029833793640137,1
/home/anitadonato/tcc/tcc/data/lfw/lfw-funneled/Paul_Martin/Paul_Martin_0007.jpg,/home/anitadonato/tcc/tcc/data/lfw/lfw-funneled/Paul_Martin/Paul_Martin_0006.jpg,0.16833114624023438,1
/home/anitadonato/tcc/tcc/data/lfw/lfw-funneled/Paul_Martin/Paul_Martin_0002.jpg,/home/anitadonato/tcc/tcc/data/lfw/lfw-funneled/Paul_Martin/Paul_Martin_0006.jpg,0.14129036664962769,1
/home/anitadonato/tcc/tcc/data/lfw/lfw-funneled/Kevin_Costner/Kevin_Costner_0002.jpg,/home/anitadonato/tcc/tcc/data/lfw/lfw-funneled/Kevin_Costner/Kevin_Costner_0005.jpg,0.197959303855896,1
/home/anitadonato/tcc/tcc/data/lfw/lfw-funneled/Kevin_Costner/Kevin_Costner_0002.jpg,/home/anitadonato/tcc/tcc/data/lfw/lfw-funneled/Kevin_Costner/Kevin_Costner_0006.jpg,0.24768167734146118,1
/home/anitadonato/tcc/tcc/data/lfw/lfw-funneled/Kevin_Costner/Kevin_Costner_0002.jpg,/home/anitadonato/tcc/tcc/data/lfw/lfw-funneled/Kevin_Costner/Kevin_Costner_0008.jpg,0.2241172194480896,1
/home/anitadonato/tcc/tcc/data/lfw/lfw-funneled/Kevin_Costner/Kevin_Costner_0002.jpg,/home/anitadonato/tcc/tcc/data/lfw/lfw-funneled/Kevin_Costner/Kevin_Costner_0007.jpg,0.23991692066192627,1
/home/anitadonato/tcc/tcc/data/lfw/lfw-funneled/Kevin_Costner/Kevin_Costner_0005.jpg,/home/anitadonato/tcc/tcc/data/lfw/lfw-funneled/Kevin_Costner/Kevin_Costner_0006.jpg,0.15855342149734497,1
/home/anitadonato/tcc/tcc/data/lfw/lfw-funneled/Kevin_Costner/Kevin_Costner_0005.jpg,/home/anitadonato/tcc/tcc/data/lfw/lfw-funneled/Kevin_Costner/Kevin_Costner_0008.jpg,0.13913220167160034,1
/home/anitadonato/tcc/tcc/data/lfw/lfw-funneled/Kevin_Costner/Kevin_Costner_0005.jpg,/home/anitadonato/tcc/tcc/data/lfw/lfw-funneled/Kevin_Costner/Kevin_Costner_0007.jpg,0.18606454133987427,1
/home/anitadonato/tcc/tcc/data/lfw/lfw-funneled/Kevin_Costner/Kevin_Costner_0006.jpg,/home/anitadonato/tcc/tcc/data/lfw/lfw-funneled/Kevin_Costner/Kevin_Costner_0008.jpg,0.09081858396530151,1
/home/anitadonato/tcc/tcc/data/lfw/lfw-funneled/Kevin_Costner/Kevin_Costner_0006.jpg,/home/anitadonato/tcc/tcc/data/lfw/lfw-funneled/Kevin_Costner/Kevin_Costner_0007.jpg,0.15372014045715332,1
/home/anitadonato/tcc/tcc/data/lfw/lfw-funneled/Kevin_Costner/Kevin_Costner_0008.jpg,/home/anitadonato/tcc/tcc/data/lfw/lfw-funneled/Kevin_Costner/Kevin_Costner_0007.jpg,0.13320082426071167,1
/home/anitadonato/tcc/tcc/data/lfw/lfw-funneled/Ana_Palacio/Ana_Palacio_0003.jpg,/home/anitadonato/tcc/tcc/data/lfw/lfw-funneled/Ana_Palacio/Ana_Palacio_0004.jpg,0.2655569314956665,1
/home/anitadonato/tcc/tcc/data/lfw/lfw-funneled/Ana_Palacio/Ana_Palacio_0003.jpg,/home/anitadonato/tcc/tcc/data/lfw/lfw-funneled/Ana_Palacio/Ana_Palacio_0007.jpg,0.3304467797279358,1
/home/anitadonato/tcc/tcc/data/lfw/lfw-funneled/Ana_Palacio/Ana_Palacio_0003.jpg,/home/anitadonato/tcc/tcc/data/lfw/lfw-funneled/Ana_Palacio/Ana_Palacio_0008.jpg,0.23298197984695435,1
/home/anitadonato/tcc/tcc/data/lfw/lfw-funneled/Ana_Palacio/Ana_Palacio_0003.jpg,/home/anitadonato/tcc/tcc/data/lfw/lfw-funneled/Ana_Palacio/Ana_Palacio_0002.jpg,0.2037428617477417,1
/home/anitadonato/tcc/tcc/data/lfw/lfw-funneled/Ana_Palacio/Ana_Palacio_0004.jpg,/home/anitadonato/tcc/tcc/data/lfw/lfw-funneled/Ana_Palacio/Ana_Palacio_0007.jpg,0.24713730812072754,1
/home/anitadonato/tcc/tcc/data/lfw/lfw-funneled/Ana_Palacio/Ana_Palacio_0004.jpg,/home/anitadonato/tcc/tcc/data/lfw/lfw-funneled/Ana_Palacio/Ana_Palacio_0008.jpg,0.22196054458618164,1
/home/anitadonato/tcc/tcc/data/lfw/lfw-funneled/Ana_Palacio/Ana_Palacio_0004.jpg,/home/anitadonato/tcc/tcc/data/lfw/lfw-funneled/Ana_Palacio/Ana_Palacio_0002.jpg,0.15389752388000488,1
/home/anitadonato/tcc/tcc/data/lfw/lfw-funneled/Ana_Palacio/Ana_Palacio_0007.jpg,/home/anitadonato/tcc/tcc/data/lfw/lfw-funneled/Ana_Palacio/Ana_Palacio_0008.jpg,0.20455104112625122,1
/home/anitadonato/tcc/tcc/data/lfw/lfw-funneled/Ana_Palacio/Ana_Palacio_0007.jpg,/home/anitadonato/tcc/tcc/data/lfw/lfw-funneled/Ana_Palacio/Ana_Palacio_0002.jpg,0.238564133644104,1
/home/anitadonato/tcc/tcc/data/lfw/lfw-funneled/Ana_Palacio/Ana_Palacio_0008.jpg,/home/anitadonato/tcc/tcc/data/lfw/lfw-funneled/Ana_Palacio/Ana_Palacio_0002.jpg,0.15954375267028809,1
/home/anitadonato/tcc/tcc/data/lfw/lfw-funneled/Ana_Guevara/Ana_Guevara_0006.jpg,/home/anitadonato/tcc/tcc/data/lfw/lfw-funneled/Ana_Guevara/Ana_Guevara_0003.jpg,0.2020409107208252,1
/home/anitadonato/tcc/tcc/data/lfw/lfw-funneled/Ana_Guevara/Ana_Guevara_0006.jpg,/home/anitadonato/tcc/tcc/data/lfw/lfw-funneled/Ana_Guevara/Ana_Guevara_0001.jpg,0.15896564722061157,1
/home/anitadonato/tcc/tcc/data/lfw/lfw-funneled/Ana_Guevara/Ana_Guevara_0006.jpg,/home/anitadonato/tcc/tcc/data/lfw/lfw-funneled/Ana_Guevara/Ana_Guevara_0002.jpg,0.14837980270385742,1
/home/anitadonato/tcc/tcc/data/lfw/lfw-funneled/Ana_Guevara/Ana_Guevara_0006.jpg,/home/anitadonato/tcc/tcc/data/lfw/lfw-funneled/Ana_Guevara/Ana_Guevara_0005.jpg,0.1258673071861267,1
/home/anitadonato/tcc/tcc/data/lfw/lfw-funneled/Ana_Guevara/Ana_Guevara_0003.jpg,/home/anitadonato/tcc/tcc/data/lfw/lfw-funneled/Ana_Guevara/Ana_Guevara_0001.jpg,0.16817575693130493,1
/home/anitadonato/tcc/tcc/data/lfw/lfw-funneled/Ana_Guevara/Ana_Guevara_0003.jpg,/home/anitadonato/tcc/tcc/data/lfw/lfw-funneled/Ana_Guevara/Ana_Guevara_0002.jpg,0.17438477277755737,1
/home/anitadonato/tcc/tcc/data/lfw/lfw-funneled/Ana_Guevara/Ana_Guevara_0003.jpg,/home/anitadonato/tcc/tcc/data/lfw/lfw-funneled/Ana_Guevara/Ana_Guevara_0005.jpg,0.22445213794708252,1
/home/anitadonato/tcc/tcc/data/lfw/lfw-funneled/Ana_Guevara/Ana_Guevara_0001.jpg,/home/anitadonato/tcc/tcc/data/lfw/lfw-funneled/Ana_Guevara/Ana_Guevara_0002.jpg,0.19648241996765137,1
/home/anitadonato/tcc/tcc/data/lfw/lfw-funneled/Ana_Guevara/Ana_Guevara_0001.jpg,/home/anitadonato/tcc/tcc/data/lfw/lfw-funneled/Ana_Guevara/Ana_Guevara_0005.jpg,0.1662699580192566,1
/home/anitadonato/tcc/tcc/data/lfw/lfw-funneled/Ana_Guevara/Ana_Guevara_0002.jpg,/home/anitadonato/tcc/tcc/data/lfw/lfw-funneled/Ana_Guevara/Ana_Guevara_0005.jpg,0.1611277461051941,1
/home/anitadonato/tcc/tcc/data/lfw/lfw-funneled/Bob_Hope/Bob_Hope_0006.jpg,/home/anitadonato/tcc/tcc/data/lfw/lfw-funneled/Bob_Hope/Bob_Hope_0004.jpg,0.26593852043151855,1
/home/anitadonato/tcc/tcc/data/lfw/lfw-funneled/Bob_Hope/Bob_Hope_0006.jpg,/home/anitadonato/tcc/tcc/data/lfw/lfw-funneled/Bob_Hope/Bob_Hope_0003.jpg,0.2616267800331116,1
/home/anitadonato/tcc/tcc/data/lfw/lfw-funneled/Bob_Hope/Bob_Hope_0006.jpg,/home/anitadonato/tcc/tcc/data/lfw/lfw-funneled/Bob_Hope/Bob_Hope_0001.jpg,0.26381951570510864,1
/home/anitadonato/tcc/tcc/data/lfw/lfw-funneled/Bob_Hope/Bob_Hope_0006.jpg,/home/anitadonato/tcc/tcc/data/lfw/lfw-funneled/Bob_Hope/Bob_Hope_0002.jpg,0.24281221628189087,1
/home/anitadonato/tcc/tcc/data/lfw/lfw-funneled/Bob_Hope/Bob_Hope_0004.jpg,/home/anitadonato/tcc/tcc/data/lfw/lfw-funneled/Bob_Hope/Bob_Hope_0003.jpg,0.2044280767440796,1
/home/anitadonato/tcc/tcc/data/lfw/lfw-funneled/Bob_Hope/Bob_Hope_0004.jpg,/home/anitadonato/tcc/tcc/data/lfw/lfw-funneled/Bob_Hope/Bob_Hope_0001.jpg,0.27052581310272217,1
/home/anitadonato/tcc/tcc/data/lfw/lfw-funneled/Bob_Hope/Bob_Hope_0004.jpg,/home/anitadonato/tcc/tcc/data/lfw/lfw-funneled/Bob_Hope/Bob_Hope_0002.jpg,0.2129262089729309,1
/home/anitadonato/tcc/tcc/data/lfw/lfw-funneled/Bob_Hope/Bob_Hope_0003.jpg,/home/anitadonato/tcc/tcc/data/lfw/lfw-funneled/Bob_Hope/Bob_Hope_0001.jpg,0.2599329352378845,1
/home/anitadonato/tcc/tcc/data/lfw/lfw-funneled/Bob_Hope/Bob_Hope_0003.jpg,/home/anitadonato/tcc/tcc/data/lfw/lfw-funneled/Bob_Hope/Bob_Hope_0002.jpg,0.16356128454208374,1
/home/anitadonato/tcc/tcc/data/lfw/lfw-funneled/Bob_Hope/Bob_Hope_0001.jpg,/home/anitadonato/tcc/tcc/data/lfw/lfw-funneled/Bob_Hope/Bob_Hope_0002.jpg,0.3218369483947754,1
/home/anitadonato/tcc/tcc/data/lfw/lfw-funneled/Frank_Solich/Frank_Solich_0005.jpg,/home/anitadonato/tcc/tcc/data/lfw/lfw-funneled/Frank_Solich/Frank_Solich_0003.jpg,0.24393433332443237,1
/home/anitadonato/tcc/tcc/data/lfw/lfw-funneled/Frank_Solich/Frank_Solich_0005.jpg,/home/anitadonato/tcc/tcc/data/lfw/lfw-funneled/Frank_Solich/Frank_Solich_0001.jpg,0.08736491203308105,1
/home/anitadonato/tcc/tcc/data/lfw/lfw-funneled/Frank_Solich/Frank_Solich_0005.jpg,/home/anitadonato/tcc/tcc/data/lfw/lfw-funneled/Frank_Solich/Frank_Solich_0002.jpg,0.15765023231506348,1
/home/anitadonato/tcc/tcc/data/lfw/lfw-funneled/Frank_Solich/Frank_Solich_0005.jpg,/home/anitadonato/tcc/tcc/data/lfw/lfw-funneled/Frank_Solich/Frank_Solich_0004.jpg,0.21947962045669556,1
/home/anitadonato/tcc/tcc/data/lfw/lfw-funneled/Frank_Solich/Frank_Solich_0003.jpg,/home/anitadonato/tcc/tcc/data/lfw/lfw-funneled/Frank_Solich/Frank_Solich_0001.jpg,0.18617552518844604,1
/home/anitadonato/tcc/tcc/data/lfw/lfw-funneled/Frank_Solich/Frank_Solich_0003.jpg,/home/anitadonato/tcc/tcc/data/lfw/lfw-funneled/Frank_Solich/Frank_Solich_0002.jpg,0.1773514747619629,1
/home/anitadonato/tcc/tcc/data/lfw/lfw-funneled/Frank_Solich/Frank_Solich_0003.jpg,/home/anitadonato/tcc/tcc/data/lfw/lfw-funneled/Frank_Solich/Frank_Solich_0004.jpg,0.2071382999420166,1
/home/anitadonato/tcc/tcc/data/lfw/lfw-funneled/Frank_Solich/Frank_Solich_0001.jpg,/home/anitadonato/tcc/tcc/data/lfw/lfw-funneled/Frank_Solich/Frank_Solich_0002.jpg,0.1150025725364685,1
/home/anitadonato/tcc/tcc/data/lfw/lfw-funneled/Frank_Solich/Frank_Solich_0001.jpg,/home/anitadonato/tcc/tcc/data/lfw/lfw-funneled/Frank_Solich/Frank_Solich_0004.jpg,0.17573970556259155,1
/home/anitadonato/tcc/tcc/data/lfw/lfw-funneled/Frank_Solich/Frank_Solich_0002.jpg,/home/anitadonato/tcc/tcc/data/lfw/lfw-funneled/Frank_Solich/Frank_Solich_0004.jpg,0.14174026250839233,1
/home/anitadonato/tcc/tcc/data/lfw/lfw-funneled/George_Robertson/George_Robertson_0021.jpg,/home/anitadonato/tcc/tcc/data/lfw/lfw-funneled/George_Robertson/George_Robertson_0015.jpg,0.16075754165649414,1
/home/anitadonato/tcc/tcc/data/lfw/lfw-funneled/George_Robertson/George_Robertson_0021.jpg,/home/anitadonato/tcc/tcc/data/lfw/lfw-funneled/George_Robertson/George_Robertson_0005.jpg,0.19003170728683472,1
/home/anitadonato/tcc/tcc/data/lfw/lfw-funneled/George_Robertson/George_Robertson_0021.jpg,/home/anitadonato/tcc/tcc/data/lfw/lfw-funneled/George_Robertson/George_Robertson_0009.jpg,0.22953522205352783,1
/home/anitadonato/tcc/tcc/data/lfw/lfw-funneled/George_Robertson/George_Robertson_0021.jpg,/home/anitadonato/tcc/tcc/data/lfw/lfw-funneled/George_Robertson/George_Robertson_0008.jpg,0.2018904685974121,1
/home/anitadonato/tcc/tcc/data/lfw/lfw-funneled/George_Robertson/George_Robertson_0015.jpg,/home/anitadonato/tcc/tcc/data/lfw/lfw-funneled/George_Robertson/George_Robertson_0005.jpg,0.14138132333755493,1
/home/anitadonato/tcc/tcc/data/lfw/lfw-funneled/George_Robertson/George_Robertson_0015.jpg,/home/anitadonato/tcc/tcc/data/lfw/lfw-funneled/George_Robertson/George_Robertson_0009.jpg,0.1678263545036316,1
/home/anitadonato/tcc/tcc/data/lfw/lfw-funneled/George_Robertson/George_Robertson_0015.jpg,/home/anitadonato/tcc/tcc/data/lfw/lfw-funneled/George_Robertson/George_Robertson_0008.jpg,0.10573160648345947,1
/home/anitadonato/tcc/tcc/data/lfw/lfw-funneled/George_Robertson/George_Robertson_0005.jpg,/home/anitadonato/tcc/tcc/data/lfw/lfw-funneled/George_Robertson/George_Robertson_0009.jpg,0.21297907829284668,1
/home/anitadonato/tcc/tcc/data/lfw/lfw-funneled/George_Robertson/George_Robertson_0005.jpg,/home/anitadonato/tcc/tcc/data/lfw/lfw-funneled/George_Robertson/George_Robertson_0008.jpg,0.1727970838546753,1
/home/anitadonato/tcc/tcc/data/lfw/lfw-funneled/George_Robertson/George_Robertson_0009.jpg,/home/anitadonato/tcc/tcc/data/lfw/lfw-funneled/George_Robertson/George_Robertson_0008.jpg,0.1624125838279724,1
/home/anitadonato/tcc/tcc/data/lfw/lfw-funneled/Matthew_Perry/Matthew_Perry_0006.jpg,/home/anitadonato/tcc/tcc/data/lfw/lfw-funneled/Matthew_Perry/Matthew_Perry_0005.jpg,0.18259203433990479,1
/home/anitadonato/tcc/tcc/data/lfw/lfw-funneled/Matthew_Perry/Matthew_Perry_0006.jpg,/home/anitadonato/tcc/tcc/data/lfw/lfw-funneled/Matthew_Perry/Matthew_Perry_0007.jpg,0.18691325187683105,1
/home/anitadonato/tcc/tcc/data/lfw/lfw-funneled/Matthew_Perry/Matthew_Perry_0006.jpg,/home/anitadonato/tcc/tcc/data/lfw/lfw-funneled/Matthew_Perry/Matthew_Perry_0003.jpg,0.1629156470298767,1
/home/anitadonato/tcc/tcc/data/lfw/lfw-funneled/Matthew_Perry/Matthew_Perry_0006.jpg,/home/anitadonato/tcc/tcc/data/lfw/lfw-funneled/Matthew_Perry/Matthew_Perry_0004.jpg,0.20507174730300903,1
/home/anitadonato/tcc/tcc/data/lfw/lfw-funneled/Matthew_Perry/Matthew_Perry_0005.jpg,/home/anitadonato/tcc/tcc/data/lfw/lfw-funneled/Matthew_Perry/Matthew_Perry_0007.jpg,0.1395549774169922,1
/home/anitadonato/tcc/tcc/data/lfw/lfw-funneled/Matthew_Perry/Matthew_Perry_0005.jpg,/home/anitadonato/tcc/tcc/data/lfw/lfw-funneled/Matthew_Perry/Matthew_Perry_0003.jpg,0.24266326427459717,1
/home/anitadonato/tcc/tcc/data/lfw/lfw-funneled/Matthew_Perry/Matthew_Perry_0005.jpg,/home/anitadonato/tcc/tcc/data/lfw/lfw-funneled/Matthew_Perry/Matthew_Perry_0004.jpg,0.1558038592338562,1
/home/anitadonato/tcc/tcc/data/lfw/lfw-funneled/Matthew_Perry/Matthew_Perry_0007.jpg,/home/anitadonato/tcc/tcc/data/lfw/lfw-funneled/Matthew_Perry/Matthew_Perry_0003.jpg,0.22306525707244873,1
/home/anitadonato/tcc/tcc/data/lfw/lfw-funneled/Matthew_Perry/Matthew_Perry_0007.jpg,/home/anitadonato/tcc/tcc/data/lfw/lfw-funneled/Matthew_Perry/Matthew_Perry_0004.jpg,0.11563670635223389,1
/home/anitadonato/tcc/tcc/data/lfw/lfw-funneled/Matthew_Perry/Matthew_Perry_0003.jpg,/home/anitadonato/tcc/tcc/data/lfw/lfw-funneled/Matthew_Perry/Matthew_Perry_0004.jpg,0.21625012159347534,1
/home/anitadonato/tcc/tcc/data/lfw/lfw-funneled/Pedro_Malan/Pedro_Malan_0005.jpg,/home/anitadonato/tcc/tcc/data/lfw/lfw-funneled/Pedro_Malan/Pedro_Malan_0004.jpg,0.13310176134109497,1
/home/anitadonato/tcc/tcc/data/lfw/lfw-funneled/Pedro_Malan/Pedro_Malan_0005.jpg,/home/anitadonato/tcc/tcc/data/lfw/lfw-funneled/Pedro_Malan/Pedro_Malan_0003.jpg,0.21798205375671387,1
/home/anitadonato/tcc/tcc/data/lfw/lfw-funneled/Pedro_Malan/Pedro_Malan_0005.jpg,/home/anitadonato/tcc/tcc/data/lfw/lfw-funneled/Pedro_Malan/Pedro_Malan_0002.jpg,0.12966150045394897,1
/home/anitadonato/tcc/tcc/data/lfw/lfw-funneled/Pedro_Malan/Pedro_Malan_0005.jpg,/home/anitadonato/tcc/tcc/data/lfw/lfw-funneled/Pedro_Malan/Pedro_Malan_0001.jpg,0.12145549058914185,1
/home/anitadonato/tcc/tcc/data/lfw/lfw-funneled/Pedro_Malan/Pedro_Malan_0004.jpg,/home/anitadonato/tcc/tcc/data/lfw/lfw-funneled/Pedro_Malan/Pedro_Malan_0003.jpg,0.19237792491912842,1
/home/anitadonato/tcc/tcc/data/lfw/lfw-funneled/Pedro_Malan/Pedro_Malan_0004.jpg,/home/anitadonato/tcc/tcc/data/lfw/lfw-funneled/Pedro_Malan/Pedro_Malan_0002.jpg,0.18822956085205078,1
/home/anitadonato/tcc/tcc/data/lfw/lfw-funneled/Pedro_Malan/Pedro_Malan_0004.jpg,/home/anitadonato/tcc/tcc/data/lfw/lfw-funneled/Pedro_Malan/Pedro_Malan_0001.jpg,0.12137073278427124,1
/home/anitadonato/tcc/tcc/data/lfw/lfw-funneled/Pedro_Malan/Pedro_Malan_0003.jpg,/home/anitadonato/tcc/tcc/data/lfw/lfw-funneled/Pedro_Malan/Pedro_Malan_0002.jpg,0.20000207424163818,1
/home/anitadonato/tcc/tcc/data/lfw/lfw-funneled/Pedro_Malan/Pedro_Malan_0003.jpg,/home/anitadonato/tcc/tcc/data/lfw/lfw-funneled/Pedro_Malan/Pedro_Malan_0001.jpg,0.21981579065322876,1
/home/anitadonato/tcc/tcc/data/lfw/lfw-funneled/Pedro_Malan/Pedro_Malan_0002.jpg,/home/anitadonato/tcc/tcc/data/lfw/lfw-funneled/Pedro_Malan/Pedro_Malan_0001.jpg,0.17880308628082275,1
/home/anitadonato/tcc/tcc/data/lfw/lfw-funneled/Amelia_Vega/Amelia_Vega_0002.jpg,/home/anitadonato/tcc/tcc/data/lfw/lfw-funneled/Amelia_Vega/Amelia_Vega_0007.jpg,0.09577828645706177,1
/home/anitadonato/tcc/tcc/data/lfw/lfw-funneled/Amelia_Vega/Amelia_Vega_0002.jpg,/home/anitadonato/tcc/tcc/data/lfw/lfw-funneled/Amelia_Vega/Amelia_Vega_0005.jpg,0.08189636468887329,1
/home/anitadonato/tcc/tcc/data/lfw/lfw-funneled/Amelia_Vega/Amelia_Vega_0002.jpg,/home/anitadonato/tcc/tcc/data/lfw/lfw-funneled/Amelia_Vega/Amelia_Vega_0004.jpg,0.10675621032714844,1
/home/anitadonato/tcc/tcc/data/lfw/lfw-funneled/Amelia_Vega/Amelia_Vega_0002.jpg,/home/anitadonato/tcc/tcc/data/lfw/lfw-funneled/Amelia_Vega/Amelia_Vega_0001.jpg,0.10056233406066895,1
/home/anitadonato/tcc/tcc/data/lfw/lfw-funneled/Amelia_Vega/Amelia_Vega_0007.jpg,/home/anitadonato/tcc/tcc/data/lfw/lfw-funneled/Amelia_Vega/Amelia_Vega_0005.jpg,0.12863695621490479,1
/home/anitadonato/tcc/tcc/data/lfw/lfw-funneled/Amelia_Vega/Amelia_Vega_0007.jpg,/home/anitadonato/tcc/tcc/data/lfw/lfw-funneled/Amelia_Vega/Amelia_Vega_0004.jpg,0.11960887908935547,1
/home/anitadonato/tcc/tcc/data/lfw/lfw-funneled/Amelia_Vega/Amelia_Vega_0007.jpg,/home/anitadonato/tcc/tcc/data/lfw/lfw-funneled/Amelia_Vega/Amelia_Vega_0001.jpg,0.12950187921524048,1
/home/anitadonato/tcc/tcc/data/lfw/lfw-funneled/Amelia_Vega/Amelia_Vega_0005.jpg,/home/anitadonato/tcc/tcc/data/lfw/lfw-funneled/Amelia_Vega/Amelia_Vega_0004.jpg,0.11933726072311401,1
/home/anitadonato/tcc/tcc/data/lfw/lfw-funneled/Amelia_Vega/Amelia_Vega_0005.jpg,/home/anitadonato/tcc/tcc/data/lfw/lfw-funneled/Amelia_Vega/Amelia_Vega_0001.jpg,0.11770874261856079,1
/home/anitadonato/tcc/tcc/data/lfw/lfw-funneled/Amelia_Vega/Amelia_Vega_0004.jpg,/home/anitadonato/tcc/tcc/data/lfw/lfw-funneled/Amelia_Vega/Amelia_Vega_0001.jpg,0.08121836185455322,1
/home/anitadonato/tcc/tcc/data/lfw/lfw-funneled/Natalie_Coughlin/Natalie_Coughlin_0001.jpg,/home/anitadonato/tcc/tcc/data/lfw/lfw-funneled/Natalie_Coughlin/Natalie_Coughlin_0006.jpg,0.2092950940132141,1
/home/anitadonato/tcc/tcc/data/lfw/lfw-funneled/Natalie_Coughlin/Natalie_Coughlin_0001.jpg,/home/anitadonato/tcc/tcc/data/lfw/lfw-funneled/Natalie_Coughlin/Natalie_Coughlin_0002.jpg,0.14580506086349487,1
/home/anitadonato/tcc/tcc/data/lfw/lfw-funneled/Natalie_Coughlin/Natalie_Coughlin_0001.jpg,/home/anitadonato/tcc/tcc/data/lfw/lfw-funneled/Natalie_Coughlin/Natalie_Coughlin_0003.jpg,0.27652812004089355,1
/home/anitadonato/tcc/tcc/data/lfw/lfw-funneled/Natalie_Coughlin/Natalie_Coughlin_0001.jpg,/home/anitadonato/tcc/tcc/data/lfw/lfw-funneled/Natalie_Coughlin/Natalie_Coughlin_0005.jpg,0.20485669374465942,1
/home/anitadonato/tcc/tcc/data/lfw/lfw-funneled/Natalie_Coughlin/Natalie_Coughlin_0006.jpg,/home/anitadonato/tcc/tcc/data/lfw/lfw-funneled/Natalie_Coughlin/Natalie_Coughlin_0002.jpg,0.170798659324646,1
/home/anitadonato/tcc/tcc/data/lfw/lfw-funneled/Natalie_Coughlin/Natalie_Coughlin_0006.jpg,/home/anitadonato/tcc/tcc/data/lfw/lfw-funneled/Natalie_Coughlin/Natalie_Coughlin_0003.jpg,0.18659836053848267,1
/home/anitadonato/tcc/tcc/data/lfw/lfw-funneled/Natalie_Coughlin/Natalie_Coughlin_0006.jpg,/home/anitadonato/tcc/tcc/data/lfw/lfw-funneled/Natalie_Coughlin/Natalie_Coughlin_0005.jpg,0.07738840579986572,1
/home/anitadonato/tcc/tcc/data/lfw/lfw-funneled/Natalie_Coughlin/Natalie_Coughlin_0002.jpg,/home/anitadonato/tcc/tcc/data/lfw/lfw-funneled/Natalie_Coughlin/Natalie_Coughlin_0003.jpg,0.2537832260131836,1
/home/anitadonato/tcc/tcc/data/lfw/lfw-funneled/Natalie_Coughlin/Natalie_Coughlin_0002.jpg,/home/anitadonato/tcc/tcc/data/lfw/lfw-funneled/Natalie_Coughlin/Natalie_Coughlin_0005.jpg,0.16601622104644775,1
/home/anitadonato/tcc/tcc/data/lfw/lfw-funneled/Natalie_Coughlin/Natalie_Coughlin_0003.jpg,/home/anitadonato/tcc/tcc/data/lfw/lfw-funneled/Natalie_Coughlin/Natalie_Coughlin_0005.jpg,0.21033209562301636,1
/home/anitadonato/tcc/tcc/data/lfw/lfw-funneled/Elizabeth_Smart/Elizabeth_Smart_0004.jpg,/home/anitadonato/tcc/tcc/data/lfw/lfw-funneled/Elizabeth_Smart/Elizabeth_Smart_0001.jpg,0.21782010793685913,1
/home/anitadonato/tcc/tcc/data/lfw/lfw-funneled/Elizabeth_Smart/Elizabeth_Smart_0004.jpg,/home/anitadonato/tcc/tcc/data/lfw/lfw-funneled/Elizabeth_Smart/Elizabeth_Smart_0002.jpg,0.32551127672195435,1
/home/anitadonato/tcc/tcc/data/lfw/lfw-funneled/Elizabeth_Smart/Elizabeth_Smart_0004.jpg,/home/anitadonato/tcc/tcc/data/lfw/lfw-funneled/Elizabeth_Smart/Elizabeth_Smart_0003.jpg,0.21098017692565918,1
/home/anitadonato/tcc/tcc/data/lfw/lfw-funneled/Elizabeth_Smart/Elizabeth_Smart_0004.jpg,/home/anitadonato/tcc/tcc/data/lfw/lfw-funneled/Elizabeth_Smart/Elizabeth_Smart_0005.jpg,0.07019001245498657,1
/home/anitadonato/tcc/tcc/data/lfw/lfw-funneled/Elizabeth_Smart/Elizabeth_Smart_0001.jpg,/home/anitadonato/tcc/tcc/data/lfw/lfw-funneled/Elizabeth_Smart/Elizabeth_Smart_0002.jpg,0.30905187129974365,1
/home/anitadonato/tcc/tcc/data/lfw/lfw-funneled/Elizabeth_Smart/Elizabeth_Smart_0001.jpg,/home/anitadonato/tcc/tcc/data/lfw/lfw-funneled/Elizabeth_Smart/Elizabeth_Smart_0003.jpg,0.159820556640625,1
/home/anitadonato/tcc/tcc/data/lfw/lfw-funneled/Elizabeth_Smart/Elizabeth_Smart_0001.jpg,/home/anitadonato/tcc/tcc/data/lfw/lfw-funneled/Elizabeth_Smart/Elizabeth_Smart_0005.jpg,0.20882689952850342,1
/home/anitadonato/tcc/tcc/data/lfw/lfw-funneled/Elizabeth_Smart/Elizabeth_Smart_0002.jpg,/home/anitadonato/tcc/tcc/data/lfw/lfw-funneled/Elizabeth_Smart/Elizabeth_Smart_0003.jpg,0.2807615399360657,1
/home/anitadonato/tcc/tcc/data/lfw/lfw-funneled/Elizabeth_Smart/Elizabeth_Smart_0002.jpg,/home/anitadonato/tcc/tcc/data/lfw/lfw-funneled/Elizabeth_Smart/Elizabeth_Smart_0005.jpg,0.3297041654586792,1
/home/anitadonato/tcc/tcc/data/lfw/lfw-funneled/Elizabeth_Smart/Elizabeth_Smart_0003.jpg,/home/anitadonato/tcc/tcc/data/lfw/lfw-funneled/Elizabeth_Smart/Elizabeth_Smart_0005.jpg,0.2125532627105713,1
/home/anitadonato/tcc/tcc/data/lfw/lfw-funneled/Spencer_Abraham/Spencer_Abraham_0017.jpg,/home/anitadonato/tcc/tcc/data/lfw/lfw-funneled/Spencer_Abraham/Spencer_Abraham_0009.jpg,0.20450472831726074,1
/home/anitadonato/tcc/tcc/data/lfw/lfw-funneled/Spencer_Abraham/Spencer_Abraham_0017.jpg,/home/anitadonato/tcc/tcc/data/lfw/lfw-funneled/Spencer_Abraham/Spencer_Abraham_0016.jpg,0.1911829113960266,1
/home/anitadonato/tcc/tcc/data/lfw/lfw-funneled/Spencer_Abraham/Spencer_Abraham_0017.jpg,/home/anitadonato/tcc/tcc/data/lfw/lfw-funneled/Spencer_Abraham/Spencer_Abraham_0014.jpg,0.203754723072052,1
/home/anitadonato/tcc/tcc/data/lfw/lfw-funneled/Spencer_Abraham/Spencer_Abraham_0017.jpg,/home/anitadonato/tcc/tcc/data/lfw/lfw-funneled/Spencer_Abraham/Spencer_Abraham_0001.jpg,0.17171669006347656,1
/home/anitadonato/tcc/tcc/data/lfw/lfw-funneled/Spencer_Abraham/Spencer_Abraham_0009.jpg,/home/anitadonato/tcc/tcc/data/lfw/lfw-funneled/Spencer_Abraham/Spencer_Abraham_0016.jpg,0.19027119874954224,1
/home/anitadonato/tcc/tcc/data/lfw/lfw-funneled/Spencer_Abraham/Spencer_Abraham_0009.jpg,/home/anitadonato/tcc/tcc/data/lfw/lfw-funneled/Spencer_Abraham/Spencer_Abraham_0014.jpg,0.21220314502716064,1
/home/anitadonato/tcc/tcc/data/lfw/lfw-funneled/Spencer_Abraham/Spencer_Abraham_0009.jpg,/home/anitadonato/tcc/tcc/data/lfw/lfw-funneled/Spencer_Abraham/Spencer_Abraham_0001.jpg,0.1652563214302063,1
/home/anitadonato/tcc/tcc/data/lfw/lfw-funneled/Spencer_Abraham/Spencer_Abraham_0016.jpg,/home/anitadonato/tcc/tcc/data/lfw/lfw-funneled/Spencer_Abraham/Spencer_Abraham_0014.jpg,0.13664394617080688,1
/home/anitadonato/tcc/tcc/data/lfw/lfw-funneled/Spencer_Abraham/Spencer_Abraham_0016.jpg,/home/anitadonato/tcc/tcc/data/lfw/lfw-funneled/Spencer_Abraham/Spencer_Abraham_0001.jpg,0.1363997459411621,1
/home/anitadonato/tcc/tcc/data/lfw/lfw-funneled/Spencer_Abraham/Spencer_Abraham_0014.jpg,/home/anitadonato/tcc/tcc/data/lfw/lfw-funneled/Spencer_Abraham/Spencer_Abraham_0001.jpg,0.14414209127426147,1
/home/anitadonato/tcc/tcc/data/lfw/lfw-funneled/Robert_De_Niro/Robert_De_Niro_0006.jpg,/home/anitadonato/tcc/tcc/data/lfw/lfw-funneled/Robert_De_Niro/Robert_De_Niro_0001.jpg,0.14257550239562988,1
/home/anitadonato/tcc/tcc/data/lfw/lfw-funneled/Robert_De_Niro/Robert_De_Niro_0006.jpg,/home/anitadonato/tcc/tcc/data/lfw/lfw-funneled/Robert_De_Niro/Robert_De_Niro_0003.jpg,0.18898338079452515,1
/home/anitadonato/tcc/tcc/data/lfw/lfw-funneled/Robert_De_Niro/Robert_De_Niro_0006.jpg,/home/anitadonato/tcc/tcc/data/lfw/lfw-funneled/Robert_De_Niro/Robert_De_Niro_0004.jpg,0.12393516302108765,1
/home/anitadonato/tcc/tcc/data/lfw/lfw-funneled/Robert_De_Niro/Robert_De_Niro_0006.jpg,/home/anitadonato/tcc/tcc/data/lfw/lfw-funneled/Robert_De_Niro/Robert_De_Niro_0002.jpg,0.1701064109802246,1
/home/anitadonato/tcc/tcc/data/lfw/lfw-funneled/Robert_De_Niro/Robert_De_Niro_0001.jpg,/home/anitadonato/tcc/tcc/data/lfw/lfw-funneled/Robert_De_Niro/Robert_De_Niro_0003.jpg,0.1119375228881836,1
/home/anitadonato/tcc/tcc/data/lfw/lfw-funneled/Robert_De_Niro/Robert_De_Niro_0001.jpg,/home/anitadonato/tcc/tcc/data/lfw/lfw-funneled/Robert_De_Niro/Robert_De_Niro_0004.jpg,0.12772983312606812,1
/home/anitadonato/tcc/tcc/data/lfw/lfw-funneled/Robert_De_Niro/Robert_De_Niro_0001.jpg,/home/anitadonato/tcc/tcc/data/lfw/lfw-funneled/Robert_De_Niro/Robert_De_Niro_0002.jpg,0.10544013977050781,1
/home/anitadonato/tcc/tcc/data/lfw/lfw-funneled/Robert_De_Niro/Robert_De_Niro_0003.jpg,/home/anitadonato/tcc/tcc/data/lfw/lfw-funneled/Robert_De_Niro/Robert_De_Niro_0004.jpg,0.17505574226379395,1
/home/anitadonato/tcc/tcc/data/lfw/lfw-funneled/Robert_De_Niro/Robert_De_Niro_0003.jpg,/home/anitadonato/tcc/tcc/data/lfw/lfw-funneled/Robert_De_Niro/Robert_De_Niro_0002.jpg,0.1041993498802185,1
/home/anitadonato/tcc/tcc/data/lfw/lfw-funneled/Robert_De_Niro/Robert_De_Niro_0004.jpg,/home/anitadonato/tcc/tcc/data/lfw/lfw-funneled/Robert_De_Niro/Robert_De_Niro_0002.jpg,0.16037923097610474,1
/home/anitadonato/tcc/tcc/data/lfw/lfw-funneled/Sharon_Stone/Sharon_Stone_0001.jpg,/home/anitadonato/tcc/tcc/data/lfw/lfw-funneled/Sharon_Stone/Sharon_Stone_0003.jpg,0.1694633960723877,1
/home/anitadonato/tcc/tcc/data/lfw/lfw-funneled/Sharon_Stone/Sharon_Stone_0001.jpg,/home/anitadonato/tcc/tcc/data/lfw/lfw-funneled/Sharon_Stone/Sharon_Stone_0002.jpg,0.16215497255325317,1
/home/anitadonato/tcc/tcc/data/lfw/lfw-funneled/Sharon_Stone/Sharon_Stone_0001.jpg,/home/anitadonato/tcc/tcc/data/lfw/lfw-funneled/Sharon_Stone/Sharon_Stone_0005.jpg,0.2281000018119812,1
/home/anitadonato/tcc/tcc/data/lfw/lfw-funneled/Sharon_Stone/Sharon_Stone_0001.jpg,/home/anitadonato/tcc/tcc/data/lfw/lfw-funneled/Sharon_Stone/Sharon_Stone_0004.jpg,0.17441940307617188,1
/home/anitadonato/tcc/tcc/data/lfw/lfw-funneled/Sharon_Stone/Sharon_Stone_0003.jpg,/home/anitadonato/tcc/tcc/data/lfw/lfw-funneled/Sharon_Stone/Sharon_Stone_0002.jpg,0.12038981914520264,1
/home/anitadonato/tcc/tcc/data/lfw/lfw-funneled/Sharon_Stone/Sharon_Stone_0003.jpg,/home/anitadonato/tcc/tcc/data/lfw/lfw-funneled/Sharon_Stone/Sharon_Stone_0005.jpg,0.1900273561477661,1
/home/anitadonato/tcc/tcc/data/lfw/lfw-funneled/Sharon_Stone/Sharon_Stone_0003.jpg,/home/anitadonato/tcc/tcc/data/lfw/lfw-funneled/Sharon_Stone/Sharon_Stone_0004.jpg,0.15884554386138916,1
/home/anitadonato/tcc/tcc/data/lfw/lfw-funneled/Sharon_Stone/Sharon_Stone_0002.jpg,/home/anitadonato/tcc/tcc/data/lfw/lfw-funneled/Sharon_Stone/Sharon_Stone_0005.jpg,0.1396273374557495,1
/home/anitadonato/tcc/tcc/data/lfw/lfw-funneled/Sharon_Stone/Sharon_Stone_0002.jpg,/home/anitadonato/tcc/tcc/data/lfw/lfw-funneled/Sharon_Stone/Sharon_Stone_0004.jpg,0.17038679122924805,1
/home/anitadonato/tcc/tcc/data/lfw/lfw-funneled/Sharon_Stone/Sharon_Stone_0005.jpg,/home/anitadonato/tcc/tcc/data/lfw/lfw-funneled/Sharon_Stone/Sharon_Stone_0004.jpg,0.18450909852981567,1
/home/anitadonato/tcc/tcc/data/lfw/lfw-funneled/William_Ford_Jr/William_Ford_Jr_0001.jpg,/home/anitadonato/tcc/tcc/data/lfw/lfw-funneled/William_Ford_Jr/William_Ford_Jr_0006.jpg,0.2067049741744995,1
/home/anitadonato/tcc/tcc/data/lfw/lfw-funneled/William_Ford_Jr/William_Ford_Jr_0001.jpg,/home/anitadonato/tcc/tcc/data/lfw/lfw-funneled/William_Ford_Jr/William_Ford_Jr_0003.jpg,0.2182735800743103,1
/home/anitadonato/tcc/tcc/data/lfw/lfw-funneled/William_Ford_Jr/William_Ford_Jr_0001.jpg,/home/anitadonato/tcc/tcc/data/lfw/lfw-funneled/William_Ford_Jr/William_Ford_Jr_0002.jpg,0.15532726049423218,1
/home/anitadonato/tcc/tcc/data/lfw/lfw-funneled/William_Ford_Jr/William_Ford_Jr_0001.jpg,/home/anitadonato/tcc/tcc/data/lfw/lfw-funneled/William_Ford_Jr/William_Ford_Jr_0005.jpg,0.18657422065734863,1
/home/anitadonato/tcc/tcc/data/lfw/lfw-funneled/William_Ford_Jr/William_Ford_Jr_0006.jpg,/home/anitadonato/tcc/tcc/data/lfw/lfw-funneled/William_Ford_Jr/William_Ford_Jr_0003.jpg,0.21941184997558594,1
/home/anitadonato/tcc/tcc/data/lfw/lfw-funneled/William_Ford_Jr/William_Ford_Jr_0006.jpg,/home/anitadonato/tcc/tcc/data/lfw/lfw-funneled/William_Ford_Jr/William_Ford_Jr_0002.jpg,0.1881633996963501,1
/home/anitadonato/tcc/tcc/data/lfw/lfw-funneled/William_Ford_Jr/William_Ford_Jr_0006.jpg,/home/anitadonato/tcc/tcc/data/lfw/lfw-funneled/William_Ford_Jr/William_Ford_Jr_0005.jpg,0.17535358667373657,1
/home/anitadonato/tcc/tcc/data/lfw/lfw-funneled/William_Ford_Jr/William_Ford_Jr_0003.jpg,/home/anitadonato/tcc/tcc/data/lfw/lfw-funneled/William_Ford_Jr/William_Ford_Jr_0002.jpg,0.22891265153884888,1
/home/anitadonato/tcc/tcc/data/lfw/lfw-funneled/William_Ford_Jr/William_Ford_Jr_0003.jpg,/home/anitadonato/tcc/tcc/data/lfw/lfw-funneled/William_Ford_Jr/William_Ford_Jr_0005.jpg,0.14639002084732056,1
/home/anitadonato/tcc/tcc/data/lfw/lfw-funneled/William_Ford_Jr/William_Ford_Jr_0002.jpg,/home/anitadonato/tcc/tcc/data/lfw/lfw-funneled/William_Ford_Jr/William_Ford_Jr_0005.jpg,0.21174991130828857,1
/home/anitadonato/tcc/tcc/data/lfw/lfw-funneled/Kate_Hudson/Kate_Hudson_0002.jpg,/home/anitadonato/tcc/tcc/data/lfw/lfw-funneled/Kate_Hudson/Kate_Hudson_0005.jpg,0.17509311437606812,1
/home/anitadonato/tcc/tcc/data/lfw/lfw-funneled/Kate_Hudson/Kate_Hudson_0002.jpg,/home/anitadonato/tcc/tcc/data/lfw/lfw-funneled/Kate_Hudson/Kate_Hudson_0007.jpg,0.23983746767044067,1
/home/anitadonato/tcc/tcc/data/lfw/lfw-funneled/Kate_Hudson/Kate_Hudson_0002.jpg,/home/anitadonato/tcc/tcc/data/lfw/lfw-funneled/Kate_Hudson/Kate_Hudson_0006.jpg,0.20062410831451416,1
/home/anitadonato/tcc/tcc/data/lfw/lfw-funneled/Kate_Hudson/Kate_Hudson_0002.jpg,/home/anitadonato/tcc/tcc/data/lfw/lfw-funneled/Kate_Hudson/Kate_Hudson_0008.jpg,0.16821104288101196,1
/home/anitadonato/tcc/tcc/data/lfw/lfw-funneled/Kate_Hudson/Kate_Hudson_0005.jpg,/home/anitadonato/tcc/tcc/data/lfw/lfw-funneled/Kate_Hudson/Kate_Hudson_0007.jpg,0.1823744773864746,1
/home/anitadonato/tcc/tcc/data/lfw/lfw-funneled/Kate_Hudson/Kate_Hudson_0005.jpg,/home/anitadonato/tcc/tcc/data/lfw/lfw-funneled/Kate_Hudson/Kate_Hudson_0006.jpg,0.1558682918548584,1
/home/anitadonato/tcc/tcc/data/lfw/lfw-funneled/Kate_Hudson/Kate_Hudson_0005.jpg,/home/anitadonato/tcc/tcc/data/lfw/lfw-funneled/Kate_Hudson/Kate_Hudson_0008.jpg,0.17540311813354492,1
/home/anitadonato/tcc/tcc/data/lfw/lfw-funneled/Kate_Hudson/Kate_Hudson_0007.jpg,/home/anitadonato/tcc/tcc/data/lfw/lfw-funneled/Kate_Hudson/Kate_Hudson_0006.jpg,0.17447924613952637,1
/home/anitadonato/tcc/tcc/data/lfw/lfw-funneled/Kate_Hudson/Kate_Hudson_0007.jpg,/home/anitadonato/tcc/tcc/data/lfw/lfw-funneled/Kate_Hudson/Kate_Hudson_0008.jpg,0.16153907775878906,1
/home/anitadonato/tcc/tcc/data/lfw/lfw-funneled/Kate_Hudson/Kate_Hudson_0006.jpg,/home/anitadonato/tcc/tcc/data/lfw/lfw-funneled/Kate_Hudson/Kate_Hudson_0008.jpg,0.13400542736053467,1
/home/anitadonato/tcc/tcc/data/lfw/lfw-funneled/Fujio_Cho/Fujio_Cho_0005.jpg,/home/anitadonato/tcc/tcc/data/lfw/lfw-funneled/Fujio_Cho/Fujio_Cho_0002.jpg,0.14919257164001465,1
/home/anitadonato/tcc/tcc/data/lfw/lfw-funneled/Fujio_Cho/Fujio_Cho_0005.jpg,/home/anitadonato/tcc/tcc/data/lfw/lfw-funneled/Fujio_Cho/Fujio_Cho_0006.jpg,0.16498756408691406,1
/home/anitadonato/tcc/tcc/data/lfw/lfw-funneled/Fujio_Cho/Fujio_Cho_0005.jpg,/home/anitadonato/tcc/tcc/data/lfw/lfw-funneled/Fujio_Cho/Fujio_Cho_0004.jpg,0.17758774757385254,1
/home/anitadonato/tcc/tcc/data/lfw/lfw-funneled/Fujio_Cho/Fujio_Cho_0005.jpg,/home/anitadonato/tcc/tcc/data/lfw/lfw-funneled/Fujio_Cho/Fujio_Cho_0001.jpg,0.13441193103790283,1
/home/anitadonato/tcc/tcc/data/lfw/lfw-funneled/Fujio_Cho/Fujio_Cho_0002.jpg,/home/anitadonato/tcc/tcc/data/lfw/lfw-funneled/Fujio_Cho/Fujio_Cho_0006.jpg,0.15918540954589844,1
/home/anitadonato/tcc/tcc/data/lfw/lfw-funneled/Fujio_Cho/Fujio_Cho_0002.jpg,/home/anitadonato/tcc/tcc/data/lfw/lfw-funneled/Fujio_Cho/Fujio_Cho_0004.jpg,0.12692487239837646,1
/home/anitadonato/tcc/tcc/data/lfw/lfw-funneled/Fujio_Cho/Fujio_Cho_0002.jpg,/home/anitadonato/tcc/tcc/data/lfw/lfw-funneled/Fujio_Cho/Fujio_Cho_0001.jpg,0.14066475629806519,1
/home/anitadonato/tcc/tcc/data/lfw/lfw-funneled/Fujio_Cho/Fujio_Cho_0006.jpg,/home/anitadonato/tcc/tcc/data/lfw/lfw-funneled/Fujio_Cho/Fujio_Cho_0004.jpg,0.09630745649337769,1
/home/anitadonato/tcc/tcc/data/lfw/lfw-funneled/Fujio_Cho/Fujio_Cho_0006.jpg,/home/anitadonato/tcc/tcc/data/lfw/lfw-funneled/Fujio_Cho/Fujio_Cho_0001.jpg,0.13544082641601562,1
/home/anitadonato/tcc/tcc/data/lfw/lfw-funneled/Fujio_Cho/Fujio_Cho_0004.jpg,/home/anitadonato/tcc/tcc/data/lfw/lfw-funneled/Fujio_Cho/Fujio_Cho_0001.jpg,0.13422399759292603,1
/home/anitadonato/tcc/tcc/data/lfw/lfw-funneled/LeBron_James/LeBron_James_0005.jpg,/home/anitadonato/tcc/tcc/data/lfw/lfw-funneled/LeBron_James/LeBron_James_0001.jpg,0.14019101858139038,1
/home/anitadonato/tcc/tcc/data/lfw/lfw-funneled/LeBron_James/LeBron_James_0005.jpg,/home/anitadonato/tcc/tcc/data/lfw/lfw-funneled/LeBron_James/LeBron_James_0003.jpg,0.21168053150177002,1
/home/anitadonato/tcc/tcc/data/lfw/lfw-funneled/LeBron_James/LeBron_James_0005.jpg,/home/anitadonato/tcc/tcc/data/lfw/lfw-funneled/LeBron_James/LeBron_James_0002.jpg,0.16527831554412842,1
/home/anitadonato/tcc/tcc/data/lfw/lfw-funneled/LeBron_James/LeBron_James_0005.jpg,/home/anitadonato/tcc/tcc/data/lfw/lfw-funneled/LeBron_James/LeBron_James_0004.jpg,0.23565292358398438,1
/home/anitadonato/tcc/tcc/data/lfw/lfw-funneled/LeBron_James/LeBron_James_0001.jpg,/home/anitadonato/tcc/tcc/data/lfw/lfw-funneled/LeBron_James/LeBron_James_0003.jpg,0.21508878469467163,1
/home/anitadonato/tcc/tcc/data/lfw/lfw-funneled/LeBron_James/LeBron_James_0001.jpg,/home/anitadonato/tcc/tcc/data/lfw/lfw-funneled/LeBron_James/LeBron_James_0002.jpg,0.11389172077178955,1
/home/anitadonato/tcc/tcc/data/lfw/lfw-funneled/LeBron_James/LeBron_James_0001.jpg,/home/anitadonato/tcc/tcc/data/lfw/lfw-funneled/LeBron_James/LeBron_James_0004.jpg,0.22432595491409302,1
/home/anitadonato/tcc/tcc/data/lfw/lfw-funneled/LeBron_James/LeBron_James_0003.jpg,/home/anitadonato/tcc/tcc/data/lfw/lfw-funneled/LeBron_James/LeBron_James_0002.jpg,0.2190290093421936,1
/home/anitadonato/tcc/tcc/data/lfw/lfw-funneled/LeBron_James/LeBron_James_0003.jpg,/home/anitadonato/tcc/tcc/data/lfw/lfw-funneled/LeBron_James/LeBron_James_0004.jpg,0.13818120956420898,1
/home/anitadonato/tcc/tcc/data/lfw/lfw-funneled/LeBron_James/LeBron_James_0002.jpg,/home/anitadonato/tcc/tcc/data/lfw/lfw-funneled/LeBron_James/LeBron_James_0004.jpg,0.22093886137008667,1
/home/anitadonato/tcc/tcc/data/lfw/lfw-funneled/Paul_Burrell/Paul_Burrell_0001.jpg,/home/anitadonato/tcc/tcc/data/lfw/lfw-funneled/Paul_Burrell/Paul_Burrell_0002.jpg,0.1595529317855835,1
/home/anitadonato/tcc/tcc/data/lfw/lfw-funneled/Paul_Burrell/Paul_Burrell_0001.jpg,/home/anitadonato/tcc/tcc/data/lfw/lfw-funneled/Paul_Burrell/Paul_Burrell_0006.jpg,0.16534000635147095,1
/home/anitadonato/tcc/tcc/data/lfw/lfw-funneled/Paul_Burrell/Paul_Burrell_0001.jpg,/home/anitadonato/tcc/tcc/data/lfw/lfw-funneled/Paul_Burrell/Paul_Burrell_0005.jpg,0.11770319938659668,1
/home/anitadonato/tcc/tcc/data/lfw/lfw-funneled/Paul_Burrell/Paul_Burrell_0001.jpg,/home/anitadonato/tcc/tcc/data/lfw/lfw-funneled/Paul_Burrell/Paul_Burrell_0010.jpg,0.10168343782424927,1
/home/anitadonato/tcc/tcc/data/lfw/lfw-funneled/Paul_Burrell/Paul_Burrell_0002.jpg,/home/anitadonato/tcc/tcc/data/lfw/lfw-funneled/Paul_Burrell/Paul_Burrell_0006.jpg,0.2052152156829834,1
/home/anitadonato/tcc/tcc/data/lfw/lfw-funneled/Paul_Burrell/Paul_Burrell_0002.jpg,/home/anitadonato/tcc/tcc/data/lfw/lfw-funneled/Paul_Burrell/Paul_Burrell_0005.jpg,0.1877518892288208,1
/home/anitadonato/tcc/tcc/data/lfw/lfw-funneled/Paul_Burrell/Paul_Burrell_0002.jpg,/home/anitadonato/tcc/tcc/data/lfw/lfw-funneled/Paul_Burrell/Paul_Burrell_0010.jpg,0.1469448208808899,1
/home/anitadonato/tcc/tcc/data/lfw/lfw-funneled/Paul_Burrell/Paul_Burrell_0006.jpg,/home/anitadonato/tcc/tcc/data/lfw/lfw-funneled/Paul_Burrell/Paul_Burrell_0005.jpg,0.15330463647842407,1
/home/anitadonato/tcc/tcc/data/lfw/lfw-funneled/Paul_Burrell/Paul_Burrell_0006.jpg,/home/anitadonato/tcc/tcc/data/lfw/lfw-funneled/Paul_Burrell/Paul_Burrell_0010.jpg,0.14139336347579956,1
/home/anitadonato/tcc/tcc/data/lfw/lfw-funneled/Paul_Burrell/Paul_Burrell_0005.jpg,/home/anitadonato/tcc/tcc/data/lfw/lfw-funneled/Paul_Burrell/Paul_Burrell_0010.jpg,0.141637921333313,1
/home/anitadonato/tcc/tcc/data/lfw/lfw-funneled/Hillary_Clinton/Hillary_Clinton_0001.jpg,/home/anitadonato/tcc/tcc/data/lfw/lfw-funneled/Hillary_Clinton/Hillary_Clinton_0004.jpg,0.11230099201202393,1
/home/anitadonato/tcc/tcc/data/lfw/lfw-funneled/Hillary_Clinton/Hillary_Clinton_0001.jpg,/home/anitadonato/tcc/tcc/data/lfw/lfw-funneled/Hillary_Clinton/Hillary_Clinton_0010.jpg,0.14699065685272217,1
/home/anitadonato/tcc/tcc/data/lfw/lfw-funneled/Hillary_Clinton/Hillary_Clinton_0001.jpg,/home/anitadonato/tcc/tcc/data/lfw/lfw-funneled/Hillary_Clinton/Hillary_Clinton_0002.jpg,0.13978075981140137,1
/home/anitadonato/tcc/tcc/data/lfw/lfw-funneled/Hillary_Clinton/Hillary_Clinton_0001.jpg,/home/anitadonato/tcc/tcc/data/lfw/lfw-funneled/Hillary_Clinton/Hillary_Clinton_0011.jpg,0.1885402798652649,1
/home/anitadonato/tcc/tcc/data/lfw/lfw-funneled/Hillary_Clinton/Hillary_Clinton_0004.jpg,/home/anitadonato/tcc/tcc/data/lfw/lfw-funneled/Hillary_Clinton/Hillary_Clinton_0010.jpg,0.18069416284561157,1
/home/anitadonato/tcc/tcc/data/lfw/lfw-funneled/Hillary_Clinton/Hillary_Clinton_0004.jpg,/home/anitadonato/tcc/tcc/data/lfw/lfw-funneled/Hillary_Clinton/Hillary_Clinton_0002.jpg,0.19697850942611694,1
/home/anitadonato/tcc/tcc/data/lfw/lfw-funneled/Hillary_Clinton/Hillary_Clinton_0004.jpg,/home/anitadonato/tcc/tcc/data/lfw/lfw-funneled/Hillary_Clinton/Hillary_Clinton_0011.jpg,0.147225022315979,1
/home/anitadonato/tcc/tcc/data/lfw/lfw-funneled/Hillary_Clinton/Hillary_Clinton_0010.jpg,/home/anitadonato/tcc/tcc/data/lfw/lfw-funneled/Hillary_Clinton/Hillary_Clinton_0002.jpg,0.152876615524292,1
/home/anitadonato/tcc/tcc/data/lfw/lfw-funneled/Hillary_Clinton/Hillary_Clinton_0010.jpg,/home/anitadonato/tcc/tcc/data/lfw/lfw-funneled/Hillary_Clinton/Hillary_Clinton_0011.jpg,0.2277696132659912,1
/home/anitadonato/tcc/tcc/data/lfw/lfw-funneled/Hillary_Clinton/Hillary_Clinton_0002.jpg,/home/anitadonato/tcc/tcc/data/lfw/lfw-funneled/Hillary_Clinton/Hillary_Clinton_0011.jpg,0.24278473854064941,1
/home/anitadonato/tcc/tcc/data/lfw/lfw-funneled/Ai_Sugiyama/Ai_Sugiyama_0004.jpg,/home/anitadonato/tcc/tcc/data/lfw/lfw-funneled/Ai_Sugiyama/Ai_Sugiyama_0001.jpg,0.198553204536438,1
/home/anitadonato/tcc/tcc/data/lfw/lfw-funneled/Ai_Sugiyama/Ai_Sugiyama_0004.jpg,/home/anitadonato/tcc/tcc/data/lfw/lfw-funneled/Ai_Sugiyama/Ai_Sugiyama_0003.jpg,0.24040311574935913,1
/home/anitadonato/tcc/tcc/data/lfw/lfw-funneled/Ai_Sugiyama/Ai_Sugiyama_0004.jpg,/home/anitadonato/tcc/tcc/data/lfw/lfw-funneled/Ai_Sugiyama/Ai_Sugiyama_0005.jpg,0.17533236742019653,1
/home/anitadonato/tcc/tcc/data/lfw/lfw-funneled/Ai_Sugiyama/Ai_Sugiyama_0004.jpg,/home/anitadonato/tcc/tcc/data/lfw/lfw-funneled/Ai_Sugiyama/Ai_Sugiyama_0002.jpg,0.1980007290840149,1
/home/anitadonato/tcc/tcc/data/lfw/lfw-funneled/Ai_Sugiyama/Ai_Sugiyama_0001.jpg,/home/anitadonato/tcc/tcc/data/lfw/lfw-funneled/Ai_Sugiyama/Ai_Sugiyama_0003.jpg,0.18123573064804077,1
/home/anitadonato/tcc/tcc/data/lfw/lfw-funneled/Ai_Sugiyama/Ai_Sugiyama_0001.jpg,/home/anitadonato/tcc/tcc/data/lfw/lfw-funneled/Ai_Sugiyama/Ai_Sugiyama_0005.jpg,0.16143202781677246,1
/home/anitadonato/tcc/tcc/data/lfw/lfw-funneled/Ai_Sugiyama/Ai_Sugiyama_0001.jpg,/home/anitadonato/tcc/tcc/data/lfw/lfw-funneled/Ai_Sugiyama/Ai_Sugiyama_0002.jpg,0.1895073652267456,1
/home/anitadonato/tcc/tcc/data/lfw/lfw-funneled/Ai_Sugiyama/Ai_Sugiyama_0003.jpg,/home/anitadonato/tcc/tcc/data/lfw/lfw-funneled/Ai_Sugiyama/Ai_Sugiyama_0005.jpg,0.18718576431274414,1
/home/anitadonato/tcc/tcc/data/lfw/lfw-funneled/Ai_Sugiyama/Ai_Sugiyama_0003.jpg,/home/anitadonato/tcc/tcc/data/lfw/lfw-funneled/Ai_Sugiyama/Ai_Sugiyama_0002.jpg,0.19066917896270752,1
/home/anitadonato/tcc/tcc/data/lfw/lfw-funneled/Ai_Sugiyama/Ai_Sugiyama_0005.jpg,/home/anitadonato/tcc/tcc/data/lfw/lfw-funneled/Ai_Sugiyama/Ai_Sugiyama_0002.jpg,0.16277551651000977,1
/home/anitadonato/tcc/tcc/data/lfw/lfw-funneled/Costas_Simitis/Costas_Simitis_0006.jpg,/home/anitadonato/tcc/tcc/data/lfw/lfw-funneled/Costas_Simitis/Costas_Simitis_0004.jpg,0.19328290224075317,1
/home/anitadonato/tcc/tcc/data/lfw/lfw-funneled/Costas_Simitis/Costas_Simitis_0006.jpg,/home/anitadonato/tcc/tcc/data/lfw/lfw-funneled/Costas_Simitis/Costas_Simitis_0002.jpg,0.231067955493927,1
/home/anitadonato/tcc/tcc/data/lfw/lfw-funneled/Costas_Simitis/Costas_Simitis_0006.jpg,/home/anitadonato/tcc/tcc/data/lfw/lfw-funneled/Costas_Simitis/Costas_Simitis_0005.jpg,0.1890661120414734,1
/home/anitadonato/tcc/tcc/data/lfw/lfw-funneled/Costas_Simitis/Costas_Simitis_0006.jpg,/home/anitadonato/tcc/tcc/data/lfw/lfw-funneled/Costas_Simitis/Costas_Simitis_0003.jpg,0.16527444124221802,1
/home/anitadonato/tcc/tcc/data/lfw/lfw-funneled/Costas_Simitis/Costas_Simitis_0004.jpg,/home/anitadonato/tcc/tcc/data/lfw/lfw-funneled/Costas_Simitis/Costas_Simitis_0002.jpg,0.23501348495483398,1
/home/anitadonato/tcc/tcc/data/lfw/lfw-funneled/Costas_Simitis/Costas_Simitis_0004.jpg,/home/anitadonato/tcc/tcc/data/lfw/lfw-funneled/Costas_Simitis/Costas_Simitis_0005.jpg,0.2190471887588501,1
/home/anitadonato/tcc/tcc/data/lfw/lfw-funneled/Costas_Simitis/Costas_Simitis_0004.jpg,/home/anitadonato/tcc/tcc/data/lfw/lfw-funneled/Costas_Simitis/Costas_Simitis_0003.jpg,0.1532200574874878,1
/home/anitadonato/tcc/tcc/data/lfw/lfw-funneled/Costas_Simitis/Costas_Simitis_0002.jpg,/home/anitadonato/tcc/tcc/data/lfw/lfw-funneled/Costas_Simitis/Costas_Simitis_0005.jpg,0.28086090087890625,1
/home/anitadonato/tcc/tcc/data/lfw/lfw-funneled/Costas_Simitis/Costas_Simitis_0002.jpg,/home/anitadonato/tcc/tcc/data/lfw/lfw-funneled/Costas_Simitis/Costas_Simitis_0003.jpg,0.2552093267440796,1
/home/anitadonato/tcc/tcc/data/lfw/lfw-funneled/Costas_Simitis/Costas_Simitis_0005.jpg,/home/anitadonato/tcc/tcc/data/lfw/lfw-funneled/Costas_Simitis/Costas_Simitis_0003.jpg,0.18540936708450317,1
/home/anitadonato/tcc/tcc/data/lfw/lfw-funneled/Sergey_Lavrov/Sergey_Lavrov_0004.jpg,/home/anitadonato/tcc/tcc/data/lfw/lfw-funneled/Sergey_Lavrov/Sergey_Lavrov_0009.jpg,0.157342791557312,1
/home/anitadonato/tcc/tcc/data/lfw/lfw-funneled/Sergey_Lavrov/Sergey_Lavrov_0004.jpg,/home/anitadonato/tcc/tcc/data/lfw/lfw-funneled/Sergey_Lavrov/Sergey_Lavrov_0011.jpg,0.16784650087356567,1
/home/anitadonato/tcc/tcc/data/lfw/lfw-funneled/Sergey_Lavrov/Sergey_Lavrov_0004.jpg,/home/anitadonato/tcc/tcc/data/lfw/lfw-funneled/Sergey_Lavrov/Sergey_Lavrov_0005.jpg,0.1294754147529602,1
/home/anitadonato/tcc/tcc/data/lfw/lfw-funneled/Sergey_Lavrov/Sergey_Lavrov_0004.jpg,/home/anitadonato/tcc/tcc/data/lfw/lfw-funneled/Sergey_Lavrov/Sergey_Lavrov_0010.jpg,0.2158716917037964,1
/home/anitadonato/tcc/tcc/data/lfw/lfw-funneled/Sergey_Lavrov/Sergey_Lavrov_0009.jpg,/home/anitadonato/tcc/tcc/data/lfw/lfw-funneled/Sergey_Lavrov/Sergey_Lavrov_0011.jpg,0.15981525182724,1
/home/anitadonato/tcc/tcc/data/lfw/lfw-funneled/Sergey_Lavrov/Sergey_Lavrov_0009.jpg,/home/anitadonato/tcc/tcc/data/lfw/lfw-funneled/Sergey_Lavrov/Sergey_Lavrov_0005.jpg,0.12152278423309326,1
/home/anitadonato/tcc/tcc/data/lfw/lfw-funneled/Sergey_Lavrov/Sergey_Lavrov_0009.jpg,/home/anitadonato/tcc/tcc/data/lfw/lfw-funneled/Sergey_Lavrov/Sergey_Lavrov_0010.jpg,0.19628554582595825,1
/home/anitadonato/tcc/tcc/data/lfw/lfw-funneled/Sergey_Lavrov/Sergey_Lavrov_0011.jpg,/home/anitadonato/tcc/tcc/data/lfw/lfw-funneled/Sergey_Lavrov/Sergey_Lavrov_0005.jpg,0.13199383020401,1
/home/anitadonato/tcc/tcc/data/lfw/lfw-funneled/Sergey_Lavrov/Sergey_Lavrov_0011.jpg,/home/anitadonato/tcc/tcc/data/lfw/lfw-funneled/Sergey_Lavrov/Sergey_Lavrov_0010.jpg,0.1533939242362976,1
/home/anitadonato/tcc/tcc/data/lfw/lfw-funneled/Sergey_Lavrov/Sergey_Lavrov_0005.jpg,/home/anitadonato/tcc/tcc/data/lfw/lfw-funneled/Sergey_Lavrov/Sergey_Lavrov_0010.jpg,0.2099684476852417,1
/home/anitadonato/tcc/tcc/data/lfw/lfw-funneled/Wayne_Ferreira/Wayne_Ferreira_0003.jpg,/home/anitadonato/tcc/tcc/data/lfw/lfw-funneled/Wayne_Ferreira/Wayne_Ferreira_0004.jpg,0.16538220643997192,1
/home/anitadonato/tcc/tcc/data/lfw/lfw-funneled/Wayne_Ferreira/Wayne_Ferreira_0003.jpg,/home/anitadonato/tcc/tcc/data/lfw/lfw-funneled/Wayne_Ferreira/Wayne_Ferreira_0005.jpg,0.10390305519104004,1
/home/anitadonato/tcc/tcc/data/lfw/lfw-funneled/Wayne_Ferreira/Wayne_Ferreira_0003.jpg,/home/anitadonato/tcc/tcc/data/lfw/lfw-funneled/Wayne_Ferreira/Wayne_Ferreira_0002.jpg,0.13762927055358887,1
/home/anitadonato/tcc/tcc/data/lfw/lfw-funneled/Wayne_Ferreira/Wayne_Ferreira_0003.jpg,/home/anitadonato/tcc/tcc/data/lfw/lfw-funneled/Wayne_Ferreira/Wayne_Ferreira_0001.jpg,0.1226574182510376,1
/home/anitadonato/tcc/tcc/data/lfw/lfw-funneled/Wayne_Ferreira/Wayne_Ferreira_0004.jpg,/home/anitadonato/tcc/tcc/data/lfw/lfw-funneled/Wayne_Ferreira/Wayne_Ferreira_0005.jpg,0.1591539978981018,1
/home/anitadonato/tcc/tcc/data/lfw/lfw-funneled/Wayne_Ferreira/Wayne_Ferreira_0004.jpg,/home/anitadonato/tcc/tcc/data/lfw/lfw-funneled/Wayne_Ferreira/Wayne_Ferreira_0002.jpg,0.14440661668777466,1
/home/anitadonato/tcc/tcc/data/lfw/lfw-funneled/Wayne_Ferreira/Wayne_Ferreira_0004.jpg,/home/anitadonato/tcc/tcc/data/lfw/lfw-funneled/Wayne_Ferreira/Wayne_Ferreira_0001.jpg,0.12128418684005737,1
/home/anitadonato/tcc/tcc/data/lfw/lfw-funneled/Wayne_Ferreira/Wayne_Ferreira_0005.jpg,/home/anitadonato/tcc/tcc/data/lfw/lfw-funneled/Wayne_Ferreira/Wayne_Ferreira_0002.jpg,0.13074612617492676,1
/home/anitadonato/tcc/tcc/data/lfw/lfw-funneled/Wayne_Ferreira/Wayne_Ferreira_0005.jpg,/home/anitadonato/tcc/tcc/data/lfw/lfw-funneled/Wayne_Ferreira/Wayne_Ferreira_0001.jpg,0.1340796947479248,1
/home/anitadonato/tcc/tcc/data/lfw/lfw-funneled/Wayne_Ferreira/Wayne_Ferreira_0002.jpg,/home/anitadonato/tcc/tcc/data/lfw/lfw-funneled/Wayne_Ferreira/Wayne_Ferreira_0001.jpg,0.1245274543762207,1
/home/anitadonato/tcc/tcc/data/lfw/lfw-funneled/Jennifer_Lopez/Jennifer_Lopez_0008.jpg,/home/anitadonato/tcc/tcc/data/lfw/lfw-funneled/Jennifer_Lopez/Jennifer_Lopez_0021.jpg,0.20704227685928345,1
/home/anitadonato/tcc/tcc/data/lfw/lfw-funneled/Jennifer_Lopez/Jennifer_Lopez_0008.jpg,/home/anitadonato/tcc/tcc/data/lfw/lfw-funneled/Jennifer_Lopez/Jennifer_Lopez_0003.jpg,0.22190099954605103,1
/home/anitadonato/tcc/tcc/data/lfw/lfw-funneled/Jennifer_Lopez/Jennifer_Lopez_0008.jpg,/home/anitadonato/tcc/tcc/data/lfw/lfw-funneled/Jennifer_Lopez/Jennifer_Lopez_0011.jpg,0.2093488574028015,1
/home/anitadonato/tcc/tcc/data/lfw/lfw-funneled/Jennifer_Lopez/Jennifer_Lopez_0008.jpg,/home/anitadonato/tcc/tcc/data/lfw/lfw-funneled/Jennifer_Lopez/Jennifer_Lopez_0001.jpg,0.22867238521575928,1
/home/anitadonato/tcc/tcc/data/lfw/lfw-funneled/Jennifer_Lopez/Jennifer_Lopez_0021.jpg,/home/anitadonato/tcc/tcc/data/lfw/lfw-funneled/Jennifer_Lopez/Jennifer_Lopez_0003.jpg,0.21196532249450684,1
/home/anitadonato/tcc/tcc/data/lfw/lfw-funneled/Jennifer_Lopez/Jennifer_Lopez_0021.jpg,/home/anitadonato/tcc/tcc/data/lfw/lfw-funneled/Jennifer_Lopez/Jennifer_Lopez_0011.jpg,0.20959150791168213,1
/home/anitadonato/tcc/tcc/data/lfw/lfw-funneled/Jennifer_Lopez/Jennifer_Lopez_0021.jpg,/home/anitadonato/tcc/tcc/data/lfw/lfw-funneled/Jennifer_Lopez/Jennifer_Lopez_0001.jpg,0.21874821186065674,1
/home/anitadonato/tcc/tcc/data/lfw/lfw-funneled/Jennifer_Lopez/Jennifer_Lopez_0003.jpg,/home/anitadonato/tcc/tcc/data/lfw/lfw-funneled/Jennifer_Lopez/Jennifer_Lopez_0011.jpg,0.12963277101516724,1
/home/anitadonato/tcc/tcc/data/lfw/lfw-funneled/Jennifer_Lopez/Jennifer_Lopez_0003.jpg,/home/anitadonato/tcc/tcc/data/lfw/lfw-funneled/Jennifer_Lopez/Jennifer_Lopez_0001.jpg,0.1416938304901123,1
/home/anitadonato/tcc/tcc/data/lfw/lfw-funneled/Jennifer_Lopez/Jennifer_Lopez_0011.jpg,/home/anitadonato/tcc/tcc/data/lfw/lfw-funneled/Jennifer_Lopez/Jennifer_Lopez_0001.jpg,0.16751420497894287,1
/home/anitadonato/tcc/tcc/data/lfw/lfw-funneled/Tommy_Franks/Tommy_Franks_0008.jpg,/home/anitadonato/tcc/tcc/data/lfw/lfw-funneled/Tommy_Franks/Tommy_Franks_0010.jpg,0.15084952116012573,1
/home/anitadonato/tcc/tcc/data/lfw/lfw-funneled/Tommy_Franks/Tommy_Franks_0008.jpg,/home/anitadonato/tcc/tcc/data/lfw/lfw-funneled/Tommy_Franks/Tommy_Franks_0004.jpg,0.1932421326637268,1
/home/anitadonato/tcc/tcc/data/lfw/lfw-funneled/Tommy_Franks/Tommy_Franks_0008.jpg,/home/anitadonato/tcc/tcc/data/lfw/lfw-funneled/Tommy_Franks/Tommy_Franks_0001.jpg,0.16426324844360352,1
/home/anitadonato/tcc/tcc/data/lfw/lfw-funneled/Tommy_Franks/Tommy_Franks_0008.jpg,/home/anitadonato/tcc/tcc/data/lfw/lfw-funneled/Tommy_Franks/Tommy_Franks_0002.jpg,0.1125226616859436,1
/home/anitadonato/tcc/tcc/data/lfw/lfw-funneled/Tommy_Franks/Tommy_Franks_0010.jpg,/home/anitadonato/tcc/tcc/data/lfw/lfw-funneled/Tommy_Franks/Tommy_Franks_0004.jpg,0.20800548791885376,1
/home/anitadonato/tcc/tcc/data/lfw/lfw-funneled/Tommy_Franks/Tommy_Franks_0010.jpg,/home/anitadonato/tcc/tcc/data/lfw/lfw-funneled/Tommy_Franks/Tommy_Franks_0001.jpg,0.18367189168930054,1
/home/anitadonato/tcc/tcc/data/lfw/lfw-funneled/Tommy_Franks/Tommy_Franks_0010.jpg,/home/anitadonato/tcc/tcc/data/lfw/lfw-funneled/Tommy_Franks/Tommy_Franks_0002.jpg,0.1752271056175232,1
/home/anitadonato/tcc/tcc/data/lfw/lfw-funneled/Tommy_Franks/Tommy_Franks_0004.jpg,/home/anitadonato/tcc/tcc/data/lfw/lfw-funneled/Tommy_Franks/Tommy_Franks_0001.jpg,0.13269031047821045,1
/home/anitadonato/tcc/tcc/data/lfw/lfw-funneled/Tommy_Franks/Tommy_Franks_0004.jpg,/home/anitadonato/tcc/tcc/data/lfw/lfw-funneled/Tommy_Franks/Tommy_Franks_0002.jpg,0.22023844718933105,1
/home/anitadonato/tcc/tcc/data/lfw/lfw-funneled/Tommy_Franks/Tommy_Franks_0001.jpg,/home/anitadonato/tcc/tcc/data/lfw/lfw-funneled/Tommy_Franks/Tommy_Franks_0002.jpg,0.18434971570968628,1
/home/anitadonato/tcc/tcc/data/lfw/lfw-funneled/Colin_Powell/Colin_Powell_0182.jpg,/home/anitadonato/tcc/tcc/data/lfw/lfw-funneled/Colin_Powell/Colin_Powell_0162.jpg,0.3094745874404907,1
/home/anitadonato/tcc/tcc/data/lfw/lfw-funneled/Colin_Powell/Colin_Powell_0182.jpg,/home/anitadonato/tcc/tcc/data/lfw/lfw-funneled/Colin_Powell/Colin_Powell_0016.jpg,0.3307487964630127,1
/home/anitadonato/tcc/tcc/data/lfw/lfw-funneled/Colin_Powell/Colin_Powell_0182.jpg,/home/anitadonato/tcc/tcc/data/lfw/lfw-funneled/Colin_Powell/Colin_Powell_0059.jpg,0.31636756658554077,1
/home/anitadonato/tcc/tcc/data/lfw/lfw-funneled/Colin_Powell/Colin_Powell_0182.jpg,/home/anitadonato/tcc/tcc/data/lfw/lfw-funneled/Colin_Powell/Colin_Powell_0018.jpg,0.3566061854362488,1
/home/anitadonato/tcc/tcc/data/lfw/lfw-funneled/Colin_Powell/Colin_Powell_0162.jpg,/home/anitadonato/tcc/tcc/data/lfw/lfw-funneled/Colin_Powell/Colin_Powell_0016.jpg,0.09403884410858154,1
/home/anitadonato/tcc/tcc/data/lfw/lfw-funneled/Colin_Powell/Colin_Powell_0162.jpg,/home/anitadonato/tcc/tcc/data/lfw/lfw-funneled/Colin_Powell/Colin_Powell_0059.jpg,0.13649874925613403,1
/home/anitadonato/tcc/tcc/data/lfw/lfw-funneled/Colin_Powell/Colin_Powell_0162.jpg,/home/anitadonato/tcc/tcc/data/lfw/lfw-funneled/Colin_Powell/Colin_Powell_0018.jpg,0.19272774457931519,1
/home/anitadonato/tcc/tcc/data/lfw/lfw-funneled/Colin_Powell/Colin_Powell_0016.jpg,/home/anitadonato/tcc/tcc/data/lfw/lfw-funneled/Colin_Powell/Colin_Powell_0059.jpg,0.11018162965774536,1
/home/anitadonato/tcc/tcc/data/lfw/lfw-funneled/Colin_Powell/Colin_Powell_0016.jpg,/home/anitadonato/tcc/tcc/data/lfw/lfw-funneled/Colin_Powell/Colin_Powell_0018.jpg,0.22502249479293823,1
/home/anitadonato/tcc/tcc/data/lfw/lfw-funneled/Colin_Powell/Colin_Powell_0059.jpg,/home/anitadonato/tcc/tcc/data/lfw/lfw-funneled/Colin_Powell/Colin_Powell_0018.jpg,0.20189368724822998,1
/home/anitadonato/tcc/tcc/data/lfw/lfw-funneled/Fidel_Castro/Fidel_Castro_0002.jpg,/home/anitadonato/tcc/tcc/data/lfw/lfw-funneled/Fidel_Castro/Fidel_Castro_0011.jpg,0.20299369096755981,1
/home/anitadonato/tcc/tcc/data/lfw/lfw-funneled/Fidel_Castro/Fidel_Castro_0002.jpg,/home/anitadonato/tcc/tcc/data/lfw/lfw-funneled/Fidel_Castro/Fidel_Castro_0003.jpg,0.17229127883911133,1
/home/anitadonato/tcc/tcc/data/lfw/lfw-funneled/Fidel_Castro/Fidel_Castro_0002.jpg,/home/anitadonato/tcc/tcc/data/lfw/lfw-funneled/Fidel_Castro/Fidel_Castro_0009.jpg,0.19337522983551025,1
/home/anitadonato/tcc/tcc/data/lfw/lfw-funneled/Fidel_Castro/Fidel_Castro_0002.jpg,/home/anitadonato/tcc/tcc/data/lfw/lfw-funneled/Fidel_Castro/Fidel_Castro_0004.jpg,0.21366101503372192,1
/home/anitadonato/tcc/tcc/data/lfw/lfw-funneled/Fidel_Castro/Fidel_Castro_0011.jpg,/home/anitadonato/tcc/tcc/data/lfw/lfw-funneled/Fidel_Castro/Fidel_Castro_0003.jpg,0.16831320524215698,1
/home/anitadonato/tcc/tcc/data/lfw/lfw-funneled/Fidel_Castro/Fidel_Castro_0011.jpg,/home/anitadonato/tcc/tcc/data/lfw/lfw-funneled/Fidel_Castro/Fidel_Castro_0009.jpg,0.18725734949111938,1
/home/anitadonato/tcc/tcc/data/lfw/lfw-funneled/Fidel_Castro/Fidel_Castro_0011.jpg,/home/anitadonato/tcc/tcc/data/lfw/lfw-funneled/Fidel_Castro/Fidel_Castro_0004.jpg,0.13737410306930542,1
/home/anitadonato/tcc/tcc/data/lfw/lfw-funneled/Fidel_Castro/Fidel_Castro_0003.jpg,/home/anitadonato/tcc/tcc/data/lfw/lfw-funneled/Fidel_Castro/Fidel_Castro_0009.jpg,0.13367855548858643,1
/home/anitadonato/tcc/tcc/data/lfw/lfw-funneled/Fidel_Castro/Fidel_Castro_0003.jpg,/home/anitadonato/tcc/tcc/data/lfw/lfw-funneled/Fidel_Castro/Fidel_Castro_0004.jpg,0.15013527870178223,1
/home/anitadonato/tcc/tcc/data/lfw/lfw-funneled/Fidel_Castro/Fidel_Castro_0009.jpg,/home/anitadonato/tcc/tcc/data/lfw/lfw-funneled/Fidel_Castro/Fidel_Castro_0004.jpg,0.14287948608398438,1
/home/anitadonato/tcc/tcc/data/lfw/lfw-funneled/Jennifer_Capriati/Jennifer_Capriati_0018.jpg,/home/anitadonato/tcc/tcc/data/lfw/lfw-funneled/Jennifer_Capriati/Jennifer_Capriati_0032.jpg,0.2454398274421692,1
/home/anitadonato/tcc/tcc/data/lfw/lfw-funneled/Jennifer_Capriati/Jennifer_Capriati_0018.jpg,/home/anitadonato/tcc/tcc/data/lfw/lfw-funneled/Jennifer_Capriati/Jennifer_Capriati_0014.jpg,0.20081335306167603,1
/home/anitadonato/tcc/tcc/data/lfw/lfw-funneled/Jennifer_Capriati/Jennifer_Capriati_0018.jpg,/home/anitadonato/tcc/tcc/data/lfw/lfw-funneled/Jennifer_Capriati/Jennifer_Capriati_0035.jpg,0.14913839101791382,1
/home/anitadonato/tcc/tcc/data/lfw/lfw-funneled/Jennifer_Capriati/Jennifer_Capriati_0018.jpg,/home/anitadonato/tcc/tcc/data/lfw/lfw-funneled/Jennifer_Capriati/Jennifer_Capriati_0009.jpg,0.18049156665802002,1
/home/anitadonato/tcc/tcc/data/lfw/lfw-funneled/Jennifer_Capriati/Jennifer_Capriati_0032.jpg,/home/anitadonato/tcc/tcc/data/lfw/lfw-funneled/Jennifer_Capriati/Jennifer_Capriati_0014.jpg,0.12827646732330322,1
/home/anitadonato/tcc/tcc/data/lfw/lfw-funneled/Jennifer_Capriati/Jennifer_Capriati_0032.jpg,/home/anitadonato/tcc/tcc/data/lfw/lfw-funneled/Jennifer_Capriati/Jennifer_Capriati_0035.jpg,0.22850263118743896,1
/home/anitadonato/tcc/tcc/data/lfw/lfw-funneled/Jennifer_Capriati/Jennifer_Capriati_0032.jpg,/home/anitadonato/tcc/tcc/data/lfw/lfw-funneled/Jennifer_Capriati/Jennifer_Capriati_0009.jpg,0.20627576112747192,1
/home/anitadonato/tcc/tcc/data/lfw/lfw-funneled/Jennifer_Capriati/Jennifer_Capriati_0014.jpg,/home/anitadonato/tcc/tcc/data/lfw/lfw-funneled/Jennifer_Capriati/Jennifer_Capriati_0035.jpg,0.18504446744918823,1
/home/anitadonato/tcc/tcc/data/lfw/lfw-funneled/Jennifer_Capriati/Jennifer_Capriati_0014.jpg,/home/anitadonato/tcc/tcc/data/lfw/lfw-funneled/Jennifer_Capriati/Jennifer_Capriati_0009.jpg,0.1819009780883789,1
/home/anitadonato/tcc/tcc/data/lfw/lfw-funneled/Jennifer_Capriati/Jennifer_Capriati_0035.jpg,/home/anitadonato/tcc/tcc/data/lfw/lfw-funneled/Jennifer_Capriati/Jennifer_Capriati_0009.jpg,0.20062261819839478,1
/home/anitadonato/tcc/tcc/data/lfw/lfw-funneled/Woody_Allen/Woody_Allen_0005.jpg,/home/anitadonato/tcc/tcc/data/lfw/lfw-funneled/Woody_Allen/Woody_Allen_0004.jpg,0.16500955820083618,1
/home/anitadonato/tcc/tcc/data/lfw/lfw-funneled/Woody_Allen/Woody_Allen_0005.jpg,/home/anitadonato/tcc/tcc/data/lfw/lfw-funneled/Woody_Allen/Woody_Allen_0001.jpg,0.17300790548324585,1
/home/anitadonato/tcc/tcc/data/lfw/lfw-funneled/Woody_Allen/Woody_Allen_0005.jpg,/home/anitadonato/tcc/tcc/data/lfw/lfw-funneled/Woody_Allen/Woody_Allen_0002.jpg,0.16417855024337769,1
/home/anitadonato/tcc/tcc/data/lfw/lfw-funneled/Woody_Allen/Woody_Allen_0005.jpg,/home/anitadonato/tcc/tcc/data/lfw/lfw-funneled/Woody_Allen/Woody_Allen_0003.jpg,0.19290238618850708,1
/home/anitadonato/tcc/tcc/data/lfw/lfw-funneled/Woody_Allen/Woody_Allen_0004.jpg,/home/anitadonato/tcc/tcc/data/lfw/lfw-funneled/Woody_Allen/Woody_Allen_0001.jpg,0.19522243738174438,1
/home/anitadonato/tcc/tcc/data/lfw/lfw-funneled/Woody_Allen/Woody_Allen_0004.jpg,/home/anitadonato/tcc/tcc/data/lfw/lfw-funneled/Woody_Allen/Woody_Allen_0002.jpg,0.2555382251739502,1
/home/anitadonato/tcc/tcc/data/lfw/lfw-funneled/Woody_Allen/Woody_Allen_0004.jpg,/home/anitadonato/tcc/tcc/data/lfw/lfw-funneled/Woody_Allen/Woody_Allen_0003.jpg,0.20695340633392334,1
/home/anitadonato/tcc/tcc/data/lfw/lfw-funneled/Woody_Allen/Woody_Allen_0001.jpg,/home/anitadonato/tcc/tcc/data/lfw/lfw-funneled/Woody_Allen/Woody_Allen_0002.jpg,0.22700482606887817,1
/home/anitadonato/tcc/tcc/data/lfw/lfw-funneled/Woody_Allen/Woody_Allen_0001.jpg,/home/anitadonato/tcc/tcc/data/lfw/lfw-funneled/Woody_Allen/Woody_Allen_0003.jpg,0.1760951280593872,1
/home/anitadonato/tcc/tcc/data/lfw/lfw-funneled/Woody_Allen/Woody_Allen_0002.jpg,/home/anitadonato/tcc/tcc/data/lfw/lfw-funneled/Woody_Allen/Woody_Allen_0003.jpg,0.1776059865951538,1
/home/anitadonato/tcc/tcc/data/lfw/lfw-funneled/Vladimir_Putin/Vladimir_Putin_0013.jpg,/home/anitadonato/tcc/tcc/data/lfw/lfw-funneled/Vladimir_Putin/Vladimir_Putin_0007.jpg,0.16805899143218994,1
/home/anitadonato/tcc/tcc/data/lfw/lfw-funneled/Vladimir_Putin/Vladimir_Putin_0013.jpg,/home/anitadonato/tcc/tcc/data/lfw/lfw-funneled/Vladimir_Putin/Vladimir_Putin_0043.jpg,0.17735624313354492,1
/home/anitadonato/tcc/tcc/data/lfw/lfw-funneled/Vladimir_Putin/Vladimir_Putin_0013.jpg,/home/anitadonato/tcc/tcc/data/lfw/lfw-funneled/Vladimir_Putin/Vladimir_Putin_0028.jpg,0.18595868349075317,1
/home/anitadonato/tcc/tcc/data/lfw/lfw-funneled/Vladimir_Putin/Vladimir_Putin_0013.jpg,/home/anitadonato/tcc/tcc/data/lfw/lfw-funneled/Vladimir_Putin/Vladimir_Putin_0023.jpg,0.17643505334854126,1
/home/anitadonato/tcc/tcc/data/lfw/lfw-funneled/Vladimir_Putin/Vladimir_Putin_0007.jpg,/home/anitadonato/tcc/tcc/data/lfw/lfw-funneled/Vladimir_Putin/Vladimir_Putin_0043.jpg,0.19102460145950317,1
/home/anitadonato/tcc/tcc/data/lfw/lfw-funneled/Vladimir_Putin/Vladimir_Putin_0007.jpg,/home/anitadonato/tcc/tcc/data/lfw/lfw-funneled/Vladimir_Putin/Vladimir_Putin_0028.jpg,0.143185555934906,1
/home/anitadonato/tcc/tcc/data/lfw/lfw-funneled/Vladimir_Putin/Vladimir_Putin_0007.jpg,/home/anitadonato/tcc/tcc/data/lfw/lfw-funneled/Vladimir_Putin/Vladimir_Putin_0023.jpg,0.16544634103775024,1
/home/anitadonato/tcc/tcc/data/lfw/lfw-funneled/Vladimir_Putin/Vladimir_Putin_0043.jpg,/home/anitadonato/tcc/tcc/data/lfw/lfw-funneled/Vladimir_Putin/Vladimir_Putin_0028.jpg,0.20711350440979004,1
/home/anitadonato/tcc/tcc/data/lfw/lfw-funneled/Vladimir_Putin/Vladimir_Putin_0043.jpg,/home/anitadonato/tcc/tcc/data/lfw/lfw-funneled/Vladimir_Putin/Vladimir_Putin_0023.jpg,0.18583083152770996,1
/home/anitadonato/tcc/tcc/data/lfw/lfw-funneled/Vladimir_Putin/Vladimir_Putin_0028.jpg,/home/anitadonato/tcc/tcc/data/lfw/lfw-funneled/Vladimir_Putin/Vladimir_Putin_0023.jpg,0.14583158493041992,1
/home/anitadonato/tcc/tcc/data/lfw/lfw-funneled/John_Paul_II/John_Paul_II_0007.jpg,/home/anitadonato/tcc/tcc/data/lfw/lfw-funneled/John_Paul_II/John_Paul_II_0011.jpg,0.14687907695770264,1
/home/anitadonato/tcc/tcc/data/lfw/lfw-funneled/John_Paul_II/John_Paul_II_0007.jpg,/home/anitadonato/tcc/tcc/data/lfw/lfw-funneled/John_Paul_II/John_Paul_II_0008.jpg,0.19911468029022217,1
/home/anitadonato/tcc/tcc/data/lfw/lfw-funneled/John_Paul_II/John_Paul_II_0007.jpg,/home/anitadonato/tcc/tcc/data/lfw/lfw-funneled/John_Paul_II/John_Paul_II_0001.jpg,0.14562898874282837,1
/home/anitadonato/tcc/tcc/data/lfw/lfw-funneled/John_Paul_II/John_Paul_II_0007.jpg,/home/anitadonato/tcc/tcc/data/lfw/lfw-funneled/John_Paul_II/John_Paul_II_0006.jpg,0.08630216121673584,1
/home/anitadonato/tcc/tcc/data/lfw/lfw-funneled/John_Paul_II/John_Paul_II_0011.jpg,/home/anitadonato/tcc/tcc/data/lfw/lfw-funneled/John_Paul_II/John_Paul_II_0008.jpg,0.17851561307907104,1
/home/anitadonato/tcc/tcc/data/lfw/lfw-funneled/John_Paul_II/John_Paul_II_0011.jpg,/home/anitadonato/tcc/tcc/data/lfw/lfw-funneled/John_Paul_II/John_Paul_II_0001.jpg,0.13826614618301392,1
/home/anitadonato/tcc/tcc/data/lfw/lfw-funneled/John_Paul_II/John_Paul_II_0011.jpg,/home/anitadonato/tcc/tcc/data/lfw/lfw-funneled/John_Paul_II/John_Paul_II_0006.jpg,0.15890538692474365,1
/home/anitadonato/tcc/tcc/data/lfw/lfw-funneled/John_Paul_II/John_Paul_II_0008.jpg,/home/anitadonato/tcc/tcc/data/lfw/lfw-funneled/John_Paul_II/John_Paul_II_0001.jpg,0.153106689453125,1
/home/anitadonato/tcc/tcc/data/lfw/lfw-funneled/John_Paul_II/John_Paul_II_0008.jpg,/home/anitadonato/tcc/tcc/data/lfw/lfw-funneled/John_Paul_II/John_Paul_II_0006.jpg,0.16636639833450317,1
/home/anitadonato/tcc/tcc/data/lfw/lfw-funneled/John_Paul_II/John_Paul_II_0001.jpg,/home/anitadonato/tcc/tcc/data/lfw/lfw-funneled/John_Paul_II/John_Paul_II_0006.jpg,0.10955369472503662,1
/home/anitadonato/tcc/tcc/data/lfw/lfw-funneled/Boris_Becker/Boris_Becker_0006.jpg,/home/anitadonato/tcc/tcc/data/lfw/lfw-funneled/Boris_Becker/Boris_Becker_0001.jpg,0.2111910581588745,1
/home/anitadonato/tcc/tcc/data/lfw/lfw-funneled/Boris_Becker/Boris_Becker_0006.jpg,/home/anitadonato/tcc/tcc/data/lfw/lfw-funneled/Boris_Becker/Boris_Becker_0005.jpg,0.2123270034790039,1
/home/anitadonato/tcc/tcc/data/lfw/lfw-funneled/Boris_Becker/Boris_Becker_0006.jpg,/home/anitadonato/tcc/tcc/data/lfw/lfw-funneled/Boris_Becker/Boris_Becker_0002.jpg,0.2648022174835205,1
/home/anitadonato/tcc/tcc/data/lfw/lfw-funneled/Boris_Becker/Boris_Becker_0006.jpg,/home/anitadonato/tcc/tcc/data/lfw/lfw-funneled/Boris_Becker/Boris_Becker_0003.jpg,0.214105486869812,1
/home/anitadonato/tcc/tcc/data/lfw/lfw-funneled/Boris_Becker/Boris_Becker_0001.jpg,/home/anitadonato/tcc/tcc/data/lfw/lfw-funneled/Boris_Becker/Boris_Becker_0005.jpg,0.156619131565094,1
/home/anitadonato/tcc/tcc/data/lfw/lfw-funneled/Boris_Becker/Boris_Becker_0001.jpg,/home/anitadonato/tcc/tcc/data/lfw/lfw-funneled/Boris_Becker/Boris_Becker_0002.jpg,0.16304582357406616,1
/home/anitadonato/tcc/tcc/data/lfw/lfw-funneled/Boris_Becker/Boris_Becker_0001.jpg,/home/anitadonato/tcc/tcc/data/lfw/lfw-funneled/Boris_Becker/Boris_Becker_0003.jpg,0.2021254301071167,1
/home/anitadonato/tcc/tcc/data/lfw/lfw-funneled/Boris_Becker/Boris_Becker_0005.jpg,/home/anitadonato/tcc/tcc/data/lfw/lfw-funneled/Boris_Becker/Boris_Becker_0002.jpg,0.2040082812309265,1
/home/anitadonato/tcc/tcc/data/lfw/lfw-funneled/Boris_Becker/Boris_Becker_0005.jpg,/home/anitadonato/tcc/tcc/data/lfw/lfw-funneled/Boris_Becker/Boris_Becker_0003.jpg,0.16699343919754028,1
/home/anitadonato/tcc/tcc/data/lfw/lfw-funneled/Boris_Becker/Boris_Becker_0002.jpg,/home/anitadonato/tcc/tcc/data/lfw/lfw-funneled/Boris_Becker/Boris_Becker_0003.jpg,0.2371416687965393,1
/home/anitadonato/tcc/tcc/data/lfw/lfw-funneled/Joe_Lieberman/Joe_Lieberman_0013.jpg,/home/anitadonato/tcc/tcc/data/lfw/lfw-funneled/Joe_Lieberman/Joe_Lieberman_0002.jpg,0.25350385904312134,1
/home/anitadonato/tcc/tcc/data/lfw/lfw-funneled/Joe_Lieberman/Joe_Lieberman_0013.jpg,/home/anitadonato/tcc/tcc/data/lfw/lfw-funneled/Joe_Lieberman/Joe_Lieberman_0004.jpg,0.2280263900756836,1
/home/anitadonato/tcc/tcc/data/lfw/lfw-funneled/Joe_Lieberman/Joe_Lieberman_0013.jpg,/home/anitadonato/tcc/tcc/data/lfw/lfw-funneled/Joe_Lieberman/Joe_Lieberman_0011.jpg,0.22404205799102783,1
/home/anitadonato/tcc/tcc/data/lfw/lfw-funneled/Joe_Lieberman/Joe_Lieberman_0013.jpg,/home/anitadonato/tcc/tcc/data/lfw/lfw-funneled/Joe_Lieberman/Joe_Lieberman_0010.jpg,0.23385989665985107,1
/home/anitadonato/tcc/tcc/data/lfw/lfw-funneled/Joe_Lieberman/Joe_Lieberman_0002.jpg,/home/anitadonato/tcc/tcc/data/lfw/lfw-funneled/Joe_Lieberman/Joe_Lieberman_0004.jpg,0.1926727294921875,1
/home/anitadonato/tcc/tcc/data/lfw/lfw-funneled/Joe_Lieberman/Joe_Lieberman_0002.jpg,/home/anitadonato/tcc/tcc/data/lfw/lfw-funneled/Joe_Lieberman/Joe_Lieberman_0011.jpg,0.13760685920715332,1
/home/anitadonato/tcc/tcc/data/lfw/lfw-funneled/Joe_Lieberman/Joe_Lieberman_0002.jpg,/home/anitadonato/tcc/tcc/data/lfw/lfw-funneled/Joe_Lieberman/Joe_Lieberman_0010.jpg,0.14393705129623413,1
/home/anitadonato/tcc/tcc/data/lfw/lfw-funneled/Joe_Lieberman/Joe_Lieberman_0004.jpg,/home/anitadonato/tcc/tcc/data/lfw/lfw-funneled/Joe_Lieberman/Joe_Lieberman_0011.jpg,0.17417150735855103,1
/home/anitadonato/tcc/tcc/data/lfw/lfw-funneled/Joe_Lieberman/Joe_Lieberman_0004.jpg,/home/anitadonato/tcc/tcc/data/lfw/lfw-funneled/Joe_Lieberman/Joe_Lieberman_0010.jpg,0.181382417678833,1
/home/anitadonato/tcc/tcc/data/lfw/lfw-funneled/Joe_Lieberman/Joe_Lieberman_0011.jpg,/home/anitadonato/tcc/tcc/data/lfw/lfw-funneled/Joe_Lieberman/Joe_Lieberman_0010.jpg,0.12555193901062012,1
/home/anitadonato/tcc/tcc/data/lfw/lfw-funneled/Jeremy_Greenstock/Jeremy_Greenstock_0018.jpg,/home/anitadonato/tcc/tcc/data/lfw/lfw-funneled/Jeremy_Greenstock/Jeremy_Greenstock_0015.jpg,0.1672990918159485,1
/home/anitadonato/tcc/tcc/data/lfw/lfw-funneled/Jeremy_Greenstock/Jeremy_Greenstock_0018.jpg,/home/anitadonato/tcc/tcc/data/lfw/lfw-funneled/Jeremy_Greenstock/Jeremy_Greenstock_0005.jpg,0.12992346286773682,1
/home/anitadonato/tcc/tcc/data/lfw/lfw-funneled/Jeremy_Greenstock/Jeremy_Greenstock_0018.jpg,/home/anitadonato/tcc/tcc/data/lfw/lfw-funneled/Jeremy_Greenstock/Jeremy_Greenstock_0014.jpg,0.1599665880203247,1
/home/anitadonato/tcc/tcc/data/lfw/lfw-funneled/Jeremy_Greenstock/Jeremy_Greenstock_0018.jpg,/home/anitadonato/tcc/tcc/data/lfw/lfw-funneled/Jeremy_Greenstock/Jeremy_Greenstock_0006.jpg,0.13943397998809814,1
/home/anitadonato/tcc/tcc/data/lfw/lfw-funneled/Jeremy_Greenstock/Jeremy_Greenstock_0015.jpg,/home/anitadonato/tcc/tcc/data/lfw/lfw-funneled/Jeremy_Greenstock/Jeremy_Greenstock_0005.jpg,0.18418729305267334,1
/home/anitadonato/tcc/tcc/data/lfw/lfw-funneled/Jeremy_Greenstock/Jeremy_Greenstock_0015.jpg,/home/anitadonato/tcc/tcc/data/lfw/lfw-funneled/Jeremy_Greenstock/Jeremy_Greenstock_0014.jpg,0.16622042655944824,1
/home/anitadonato/tcc/tcc/data/lfw/lfw-funneled/Jeremy_Greenstock/Jeremy_Greenstock_0015.jpg,/home/anitadonato/tcc/tcc/data/lfw/lfw-funneled/Jeremy_Greenstock/Jeremy_Greenstock_0006.jpg,0.23420673608779907,1
/home/anitadonato/tcc/tcc/data/lfw/lfw-funneled/Jeremy_Greenstock/Jeremy_Greenstock_0005.jpg,/home/anitadonato/tcc/tcc/data/lfw/lfw-funneled/Jeremy_Greenstock/Jeremy_Greenstock_0014.jpg,0.1619805097579956,1
/home/anitadonato/tcc/tcc/data/lfw/lfw-funneled/Jeremy_Greenstock/Jeremy_Greenstock_0005.jpg,/home/anitadonato/tcc/tcc/data/lfw/lfw-funneled/Jeremy_Greenstock/Jeremy_Greenstock_0006.jpg,0.1993817687034607,1
/home/anitadonato/tcc/tcc/data/lfw/lfw-funneled/Jeremy_Greenstock/Jeremy_Greenstock_0014.jpg,/home/anitadonato/tcc/tcc/data/lfw/lfw-funneled/Jeremy_Greenstock/Jeremy_Greenstock_0006.jpg,0.1492375135421753,1
/home/anitadonato/tcc/tcc/data/lfw/lfw-funneled/Pervez_Musharraf/Pervez_Musharraf_0009.jpg,/home/anitadonato/tcc/tcc/data/lfw/lfw-funneled/Pervez_Musharraf/Pervez_Musharraf_0015.jpg,0.16578060388565063,1
/home/anitadonato/tcc/tcc/data/lfw/lfw-funneled/Pervez_Musharraf/Pervez_Musharraf_0009.jpg,/home/anitadonato/tcc/tcc/data/lfw/lfw-funneled/Pervez_Musharraf/Pervez_Musharraf_0008.jpg,0.18793880939483643,1
/home/anitadonato/tcc/tcc/data/lfw/lfw-funneled/Pervez_Musharraf/Pervez_Musharraf_0009.jpg,/home/anitadonato/tcc/tcc/data/lfw/lfw-funneled/Pervez_Musharraf/Pervez_Musharraf_0014.jpg,0.22135376930236816,1
/home/anitadonato/tcc/tcc/data/lfw/lfw-funneled/Pervez_Musharraf/Pervez_Musharraf_0009.jpg,/home/anitadonato/tcc/tcc/data/lfw/lfw-funneled/Pervez_Musharraf/Pervez_Musharraf_0002.jpg,0.13601994514465332,1
/home/anitadonato/tcc/tcc/data/lfw/lfw-funneled/Pervez_Musharraf/Pervez_Musharraf_0015.jpg,/home/anitadonato/tcc/tcc/data/lfw/lfw-funneled/Pervez_Musharraf/Pervez_Musharraf_0008.jpg,0.13771164417266846,1
/home/anitadonato/tcc/tcc/data/lfw/lfw-funneled/Pervez_Musharraf/Pervez_Musharraf_0015.jpg,/home/anitadonato/tcc/tcc/data/lfw/lfw-funneled/Pervez_Musharraf/Pervez_Musharraf_0014.jpg,0.155928373336792,1
/home/anitadonato/tcc/tcc/data/lfw/lfw-funneled/Pervez_Musharraf/Pervez_Musharraf_0015.jpg,/home/anitadonato/tcc/tcc/data/lfw/lfw-funneled/Pervez_Musharraf/Pervez_Musharraf_0002.jpg,0.12716549634933472,1
/home/anitadonato/tcc/tcc/data/lfw/lfw-funneled/Pervez_Musharraf/Pervez_Musharraf_0008.jpg,/home/anitadonato/tcc/tcc/data/lfw/lfw-funneled/Pervez_Musharraf/Pervez_Musharraf_0014.jpg,0.09977048635482788,1
/home/anitadonato/tcc/tcc/data/lfw/lfw-funneled/Pervez_Musharraf/Pervez_Musharraf_0008.jpg,/home/anitadonato/tcc/tcc/data/lfw/lfw-funneled/Pervez_Musharraf/Pervez_Musharraf_0002.jpg,0.16716831922531128,1
/home/anitadonato/tcc/tcc/data/lfw/lfw-funneled/Pervez_Musharraf/Pervez_Musharraf_0014.jpg,/home/anitadonato/tcc/tcc/data/lfw/lfw-funneled/Pervez_Musharraf/Pervez_Musharraf_0002.jpg,0.18195873498916626,1
/home/anitadonato/tcc/tcc/data/lfw/lfw-funneled/Hal_Gehman/Hal_Gehman_0004.jpg,/home/anitadonato/tcc/tcc/data/lfw/lfw-funneled/Hal_Gehman/Hal_Gehman_0001.jpg,0.2687641978263855,1
/home/anitadonato/tcc/tcc/data/lfw/lfw-funneled/Hal_Gehman/Hal_Gehman_0004.jpg,/home/anitadonato/tcc/tcc/data/lfw/lfw-funneled/Hal_Gehman/Hal_Gehman_0005.jpg,0.1496385931968689,1
/home/anitadonato/tcc/tcc/data/lfw/lfw-funneled/Hal_Gehman/Hal_Gehman_0004.jpg,/home/anitadonato/tcc/tcc/data/lfw/lfw-funneled/Hal_Gehman/Hal_Gehman_0003.jpg,0.1484149694442749,1
/home/anitadonato/tcc/tcc/data/lfw/lfw-funneled/Hal_Gehman/Hal_Gehman_0004.jpg,/home/anitadonato/tcc/tcc/data/lfw/lfw-funneled/Hal_Gehman/Hal_Gehman_0002.jpg,0.1524333953857422,1
/home/anitadonato/tcc/tcc/data/lfw/lfw-funneled/Hal_Gehman/Hal_Gehman_0001.jpg,/home/anitadonato/tcc/tcc/data/lfw/lfw-funneled/Hal_Gehman/Hal_Gehman_0005.jpg,0.18858367204666138,1
/home/anitadonato/tcc/tcc/data/lfw/lfw-funneled/Hal_Gehman/Hal_Gehman_0001.jpg,/home/anitadonato/tcc/tcc/data/lfw/lfw-funneled/Hal_Gehman/Hal_Gehman_0003.jpg,0.17532271146774292,1
/home/anitadonato/tcc/tcc/data/lfw/lfw-funneled/Hal_Gehman/Hal_Gehman_0001.jpg,/home/anitadonato/tcc/tcc/data/lfw/lfw-funneled/Hal_Gehman/Hal_Gehman_0002.jpg,0.23017239570617676,1
/home/anitadonato/tcc/tcc/data/lfw/lfw-funneled/Hal_Gehman/Hal_Gehman_0005.jpg,/home/anitadonato/tcc/tcc/data/lfw/lfw-funneled/Hal_Gehman/Hal_Gehman_0003.jpg,0.12561911344528198,1
/home/anitadonato/tcc/tcc/data/lfw/lfw-funneled/Hal_Gehman/Hal_Gehman_0005.jpg,/home/anitadonato/tcc/tcc/data/lfw/lfw-funneled/Hal_Gehman/Hal_Gehman_0002.jpg,0.16905266046524048,1
/home/anitadonato/tcc/tcc/data/lfw/lfw-funneled/Hal_Gehman/Hal_Gehman_0003.jpg,/home/anitadonato/tcc/tcc/data/lfw/lfw-funneled/Hal_Gehman/Hal_Gehman_0002.jpg,0.13053321838378906,1
/home/anitadonato/tcc/tcc/data/lfw/lfw-funneled/Ann_Veneman/Ann_Veneman_0004.jpg,/home/anitadonato/tcc/tcc/data/lfw/lfw-funneled/Ann_Veneman/Ann_Veneman_0003.jpg,0.14436399936676025,1
/home/anitadonato/tcc/tcc/data/lfw/lfw-funneled/Ann_Veneman/Ann_Veneman_0004.jpg,/home/anitadonato/tcc/tcc/data/lfw/lfw-funneled/Ann_Veneman/Ann_Veneman_0007.jpg,0.2167714238166809,1
/home/anitadonato/tcc/tcc/data/lfw/lfw-funneled/Ann_Veneman/Ann_Veneman_0004.jpg,/home/anitadonato/tcc/tcc/data/lfw/lfw-funneled/Ann_Veneman/Ann_Veneman_0008.jpg,0.22665935754776,1
/home/anitadonato/tcc/tcc/data/lfw/lfw-funneled/Ann_Veneman/Ann_Veneman_0004.jpg,/home/anitadonato/tcc/tcc/data/lfw/lfw-funneled/Ann_Veneman/Ann_Veneman_0011.jpg,0.16678106784820557,1
/home/anitadonato/tcc/tcc/data/lfw/lfw-funneled/Ann_Veneman/Ann_Veneman_0003.jpg,/home/anitadonato/tcc/tcc/data/lfw/lfw-funneled/Ann_Veneman/Ann_Veneman_0007.jpg,0.19049036502838135,1
/home/anitadonato/tcc/tcc/data/lfw/lfw-funneled/Ann_Veneman/Ann_Veneman_0003.jpg,/home/anitadonato/tcc/tcc/data/lfw/lfw-funneled/Ann_Veneman/Ann_Veneman_0008.jpg,0.18838906288146973,1
/home/anitadonato/tcc/tcc/data/lfw/lfw-funneled/Ann_Veneman/Ann_Veneman_0003.jpg,/home/anitadonato/tcc/tcc/data/lfw/lfw-funneled/Ann_Veneman/Ann_Veneman_0011.jpg,0.13923227787017822,1
/home/anitadonato/tcc/tcc/data/lfw/lfw-funneled/Ann_Veneman/Ann_Veneman_0007.jpg,/home/anitadonato/tcc/tcc/data/lfw/lfw-funneled/Ann_Veneman/Ann_Veneman_0008.jpg,0.0796743631362915,1
/home/anitadonato/tcc/tcc/data/lfw/lfw-funneled/Ann_Veneman/Ann_Veneman_0007.jpg,/home/anitadonato/tcc/tcc/data/lfw/lfw-funneled/Ann_Veneman/Ann_Veneman_0011.jpg,0.16700464487075806,1
/home/anitadonato/tcc/tcc/data/lfw/lfw-funneled/Ann_Veneman/Ann_Veneman_0008.jpg,/home/anitadonato/tcc/tcc/data/lfw/lfw-funneled/Ann_Veneman/Ann_Veneman_0011.jpg,0.18757915496826172,1
/home/anitadonato/tcc/tcc/data/lfw/lfw-funneled/Liza_Minnelli/Liza_Minnelli_0002.jpg,/home/anitadonato/tcc/tcc/data/lfw/lfw-funneled/Liza_Minnelli/Liza_Minnelli_0004.jpg,0.2665497064590454,1
/home/anitadonato/tcc/tcc/data/lfw/lfw-funneled/Liza_Minnelli/Liza_Minnelli_0002.jpg,/home/anitadonato/tcc/tcc/data/lfw/lfw-funneled/Liza_Minnelli/Liza_Minnelli_0001.jpg,0.3449963331222534,1
/home/anitadonato/tcc/tcc/data/lfw/lfw-funneled/Liza_Minnelli/Liza_Minnelli_0002.jpg,/home/anitadonato/tcc/tcc/data/lfw/lfw-funneled/Liza_Minnelli/Liza_Minnelli_0007.jpg,0.30785834789276123,1
/home/anitadonato/tcc/tcc/data/lfw/lfw-funneled/Liza_Minnelli/Liza_Minnelli_0002.jpg,/home/anitadonato/tcc/tcc/data/lfw/lfw-funneled/Liza_Minnelli/Liza_Minnelli_0006.jpg,0.19408220052719116,1
/home/anitadonato/tcc/tcc/data/lfw/lfw-funneled/Liza_Minnelli/Liza_Minnelli_0004.jpg,/home/anitadonato/tcc/tcc/data/lfw/lfw-funneled/Liza_Minnelli/Liza_Minnelli_0001.jpg,0.2654746174812317,1
/home/anitadonato/tcc/tcc/data/lfw/lfw-funneled/Liza_Minnelli/Liza_Minnelli_0004.jpg,/home/anitadonato/tcc/tcc/data/lfw/lfw-funneled/Liza_Minnelli/Liza_Minnelli_0007.jpg,0.16589581966400146,1
/home/anitadonato/tcc/tcc/data/lfw/lfw-funneled/Liza_Minnelli/Liza_Minnelli_0004.jpg,/home/anitadonato/tcc/tcc/data/lfw/lfw-funneled/Liza_Minnelli/Liza_Minnelli_0006.jpg,0.11917811632156372,1
/home/anitadonato/tcc/tcc/data/lfw/lfw-funneled/Liza_Minnelli/Liza_Minnelli_0001.jpg,/home/anitadonato/tcc/tcc/data/lfw/lfw-funneled/Liza_Minnelli/Liza_Minnelli_0007.jpg,0.13639307022094727,1
/home/anitadonato/tcc/tcc/data/lfw/lfw-funneled/Liza_Minnelli/Liza_Minnelli_0001.jpg,/home/anitadonato/tcc/tcc/data/lfw/lfw-funneled/Liza_Minnelli/Liza_Minnelli_0006.jpg,0.25547724962234497,1
/home/anitadonato/tcc/tcc/data/lfw/lfw-funneled/Liza_Minnelli/Liza_Minnelli_0007.jpg,/home/anitadonato/tcc/tcc/data/lfw/lfw-funneled/Liza_Minnelli/Liza_Minnelli_0006.jpg,0.17664498090744019,1
/home/anitadonato/tcc/tcc/data/lfw/lfw-funneled/Mike_Myers/Mike_Myers_0001.jpg,/home/anitadonato/tcc/tcc/data/lfw/lfw-funneled/Mike_Myers/Mike_Myers_0004.jpg,0.2366737723350525,1
/home/anitadonato/tcc/tcc/data/lfw/lfw-funneled/Mike_Myers/Mike_Myers_0001.jpg,/home/anitadonato/tcc/tcc/data/lfw/lfw-funneled/Mike_Myers/Mike_Myers_0003.jpg,0.20321762561798096,1
/home/anitadonato/tcc/tcc/data/lfw/lfw-funneled/Mike_Myers/Mike_Myers_0001.jpg,/home/anitadonato/tcc/tcc/data/lfw/lfw-funneled/Mike_Myers/Mike_Myers_0006.jpg,0.22088366746902466,1
/home/anitadonato/tcc/tcc/data/lfw/lfw-funneled/Mike_Myers/Mike_Myers_0001.jpg,/home/anitadonato/tcc/tcc/data/lfw/lfw-funneled/Mike_Myers/Mike_Myers_0002.jpg,0.1903778314590454,1
/home/anitadonato/tcc/tcc/data/lfw/lfw-funneled/Mike_Myers/Mike_Myers_0004.jpg,/home/anitadonato/tcc/tcc/data/lfw/lfw-funneled/Mike_Myers/Mike_Myers_0003.jpg,0.26228517293930054,1
/home/anitadonato/tcc/tcc/data/lfw/lfw-funneled/Mike_Myers/Mike_Myers_0004.jpg,/home/anitadonato/tcc/tcc/data/lfw/lfw-funneled/Mike_Myers/Mike_Myers_0006.jpg,0.10500597953796387,1
/home/anitadonato/tcc/tcc/data/lfw/lfw-funneled/Mike_Myers/Mike_Myers_0004.jpg,/home/anitadonato/tcc/tcc/data/lfw/lfw-funneled/Mike_Myers/Mike_Myers_0002.jpg,0.2879205346107483,1
/home/anitadonato/tcc/tcc/data/lfw/lfw-funneled/Mike_Myers/Mike_Myers_0003.jpg,/home/anitadonato/tcc/tcc/data/lfw/lfw-funneled/Mike_Myers/Mike_Myers_0006.jpg,0.2343670129776001,1
/home/anitadonato/tcc/tcc/data/lfw/lfw-funneled/Mike_Myers/Mike_Myers_0003.jpg,/home/anitadonato/tcc/tcc/data/lfw/lfw-funneled/Mike_Myers/Mike_Myers_0002.jpg,0.19525527954101562,1
/home/anitadonato/tcc/tcc/data/lfw/lfw-funneled/Mike_Myers/Mike_Myers_0006.jpg,/home/anitadonato/tcc/tcc/data/lfw/lfw-funneled/Mike_Myers/Mike_Myers_0002.jpg,0.2805730104446411,1
/home/anitadonato/tcc/tcc/data/lfw/lfw-funneled/Cesar_Gaviria/Cesar_Gaviria_0007.jpg,/home/anitadonato/tcc/tcc/data/lfw/lfw-funneled/Cesar_Gaviria/Cesar_Gaviria_0006.jpg,0.18520104885101318,1
/home/anitadonato/tcc/tcc/data/lfw/lfw-funneled/Cesar_Gaviria/Cesar_Gaviria_0007.jpg,/home/anitadonato/tcc/tcc/data/lfw/lfw-funneled/Cesar_Gaviria/Cesar_Gaviria_0008.jpg,0.16431474685668945,1
/home/anitadonato/tcc/tcc/data/lfw/lfw-funneled/Cesar_Gaviria/Cesar_Gaviria_0007.jpg,/home/anitadonato/tcc/tcc/data/lfw/lfw-funneled/Cesar_Gaviria/Cesar_Gaviria_0005.jpg,0.2410535216331482,1
/home/anitadonato/tcc/tcc/data/lfw/lfw-funneled/Cesar_Gaviria/Cesar_Gaviria_0007.jpg,/home/anitadonato/tcc/tcc/data/lfw/lfw-funneled/Cesar_Gaviria/Cesar_Gaviria_0004.jpg,0.2052798867225647,1
/home/anitadonato/tcc/tcc/data/lfw/lfw-funneled/Cesar_Gaviria/Cesar_Gaviria_0006.jpg,/home/anitadonato/tcc/tcc/data/lfw/lfw-funneled/Cesar_Gaviria/Cesar_Gaviria_0008.jpg,0.14147239923477173,1
/home/anitadonato/tcc/tcc/data/lfw/lfw-funneled/Cesar_Gaviria/Cesar_Gaviria_0006.jpg,/home/anitadonato/tcc/tcc/data/lfw/lfw-funneled/Cesar_Gaviria/Cesar_Gaviria_0005.jpg,0.07251644134521484,1
/home/anitadonato/tcc/tcc/data/lfw/lfw-funneled/Cesar_Gaviria/Cesar_Gaviria_0006.jpg,/home/anitadonato/tcc/tcc/data/lfw/lfw-funneled/Cesar_Gaviria/Cesar_Gaviria_0004.jpg,0.14576798677444458,1
/home/anitadonato/tcc/tcc/data/lfw/lfw-funneled/Cesar_Gaviria/Cesar_Gaviria_0008.jpg,/home/anitadonato/tcc/tcc/data/lfw/lfw-funneled/Cesar_Gaviria/Cesar_Gaviria_0005.jpg,0.17463934421539307,1
/home/anitadonato/tcc/tcc/data/lfw/lfw-funneled/Cesar_Gaviria/Cesar_Gaviria_0008.jpg,/home/anitadonato/tcc/tcc/data/lfw/lfw-funneled/Cesar_Gaviria/Cesar_Gaviria_0004.jpg,0.14806336164474487,1
/home/anitadonato/tcc/tcc/data/lfw/lfw-funneled/Cesar_Gaviria/Cesar_Gaviria_0005.jpg,/home/anitadonato/tcc/tcc/data/lfw/lfw-funneled/Cesar_Gaviria/Cesar_Gaviria_0004.jpg,0.1466631293296814,1
/home/anitadonato/tcc/tcc/data/lfw/lfw-funneled/John_Negroponte/John_Negroponte_0005.jpg,/home/anitadonato/tcc/tcc/data/lfw/lfw-funneled/John_Negroponte/John_Negroponte_0007.jpg,0.15311795473098755,1
/home/anitadonato/tcc/tcc/data/lfw/lfw-funneled/John_Negroponte/John_Negroponte_0005.jpg,/home/anitadonato/tcc/tcc/data/lfw/lfw-funneled/John_Negroponte/John_Negroponte_0010.jpg,0.17968744039535522,1
/home/anitadonato/tcc/tcc/data/lfw/lfw-funneled/John_Negroponte/John_Negroponte_0005.jpg,/home/anitadonato/tcc/tcc/data/lfw/lfw-funneled/John_Negroponte/John_Negroponte_0031.jpg,0.12613767385482788,1
/home/anitadonato/tcc/tcc/data/lfw/lfw-funneled/John_Negroponte/John_Negroponte_0005.jpg,/home/anitadonato/tcc/tcc/data/lfw/lfw-funneled/John_Negroponte/John_Negroponte_0002.jpg,0.1798895001411438,1
/home/anitadonato/tcc/tcc/data/lfw/lfw-funneled/John_Negroponte/John_Negroponte_0007.jpg,/home/anitadonato/tcc/tcc/data/lfw/lfw-funneled/John_Negroponte/John_Negroponte_0010.jpg,0.15726929903030396,1
/home/anitadonato/tcc/tcc/data/lfw/lfw-funneled/John_Negroponte/John_Negroponte_0007.jpg,/home/anitadonato/tcc/tcc/data/lfw/lfw-funneled/John_Negroponte/John_Negroponte_0031.jpg,0.1428675651550293,1
/home/anitadonato/tcc/tcc/data/lfw/lfw-funneled/John_Negroponte/John_Negroponte_0007.jpg,/home/anitadonato/tcc/tcc/data/lfw/lfw-funneled/John_Negroponte/John_Negroponte_0002.jpg,0.18830114603042603,1
/home/anitadonato/tcc/tcc/data/lfw/lfw-funneled/John_Negroponte/John_Negroponte_0010.jpg,/home/anitadonato/tcc/tcc/data/lfw/lfw-funneled/John_Negroponte/John_Negroponte_0031.jpg,0.129075288772583,1
/home/anitadonato/tcc/tcc/data/lfw/lfw-funneled/John_Negroponte/John_Negroponte_0010.jpg,/home/anitadonato/tcc/tcc/data/lfw/lfw-funneled/John_Negroponte/John_Negroponte_0002.jpg,0.24923264980316162,1
/home/anitadonato/tcc/tcc/data/lfw/lfw-funneled/John_Negroponte/John_Negroponte_0031.jpg,/home/anitadonato/tcc/tcc/data/lfw/lfw-funneled/John_Negroponte/John_Negroponte_0002.jpg,0.18090474605560303,1
/home/anitadonato/tcc/tcc/data/lfw/lfw-funneled/Bill_Gates/Bill_Gates_0002.jpg,/home/anitadonato/tcc/tcc/data/lfw/lfw-funneled/Bill_Gates/Bill_Gates_0011.jpg,0.2206881046295166,1
/home/anitadonato/tcc/tcc/data/lfw/lfw-funneled/Bill_Gates/Bill_Gates_0002.jpg,/home/anitadonato/tcc/tcc/data/lfw/lfw-funneled/Bill_Gates/Bill_Gates_0001.jpg,0.21373653411865234,1
/home/anitadonato/tcc/tcc/data/lfw/lfw-funneled/Bill_Gates/Bill_Gates_0002.jpg,/home/anitadonato/tcc/tcc/data/lfw/lfw-funneled/Bill_Gates/Bill_Gates_0015.jpg,0.2606925964355469,1
/home/anitadonato/tcc/tcc/data/lfw/lfw-funneled/Bill_Gates/Bill_Gates_0002.jpg,/home/anitadonato/tcc/tcc/data/lfw/lfw-funneled/Bill_Gates/Bill_Gates_0010.jpg,0.1829136610031128,1
/home/anitadonato/tcc/tcc/data/lfw/lfw-funneled/Bill_Gates/Bill_Gates_0011.jpg,/home/anitadonato/tcc/tcc/data/lfw/lfw-funneled/Bill_Gates/Bill_Gates_0001.jpg,0.17590636014938354,1
/home/anitadonato/tcc/tcc/data/lfw/lfw-funneled/Bill_Gates/Bill_Gates_0011.jpg,/home/anitadonato/tcc/tcc/data/lfw/lfw-funneled/Bill_Gates/Bill_Gates_0015.jpg,0.17673683166503906,1
/home/anitadonato/tcc/tcc/data/lfw/lfw-funneled/Bill_Gates/Bill_Gates_0011.jpg,/home/anitadonato/tcc/tcc/data/lfw/lfw-funneled/Bill_Gates/Bill_Gates_0010.jpg,0.12982553243637085,1
/home/anitadonato/tcc/tcc/data/lfw/lfw-funneled/Bill_Gates/Bill_Gates_0001.jpg,/home/anitadonato/tcc/tcc/data/lfw/lfw-funneled/Bill_Gates/Bill_Gates_0015.jpg,0.16130667924880981,1
/home/anitadonato/tcc/tcc/data/lfw/lfw-funneled/Bill_Gates/Bill_Gates_0001.jpg,/home/anitadonato/tcc/tcc/data/lfw/lfw-funneled/Bill_Gates/Bill_Gates_0010.jpg,0.18956464529037476,1
/home/anitadonato/tcc/tcc/data/lfw/lfw-funneled/Bill_Gates/Bill_Gates_0015.jpg,/home/anitadonato/tcc/tcc/data/lfw/lfw-funneled/Bill_Gates/Bill_Gates_0010.jpg,0.19531261920928955,1
/home/anitadonato/tcc/tcc/data/lfw/lfw-funneled/Muhammad_Saeed_al-Sahhaf/Muhammad_Saeed_al-Sahhaf_0004.jpg,/home/anitadonato/tcc/tcc/data/lfw/lfw-funneled/Muhammad_Saeed_al-Sahhaf/Muhammad_Saeed_al-Sahhaf_0002.jpg,0.24787896871566772,1
/home/anitadonato/tcc/tcc/data/lfw/lfw-funneled/Muhammad_Saeed_al-Sahhaf/Muhammad_Saeed_al-Sahhaf_0004.jpg,/home/anitadonato/tcc/tcc/data/lfw/lfw-funneled/Muhammad_Saeed_al-Sahhaf/Muhammad_Saeed_al-Sahhaf_0001.jpg,0.25312936305999756,1
/home/anitadonato/tcc/tcc/data/lfw/lfw-funneled/Muhammad_Saeed_al-Sahhaf/Muhammad_Saeed_al-Sahhaf_0004.jpg,/home/anitadonato/tcc/tcc/data/lfw/lfw-funneled/Muhammad_Saeed_al-Sahhaf/Muhammad_Saeed_al-Sahhaf_0003.jpg,0.18484896421432495,1
/home/anitadonato/tcc/tcc/data/lfw/lfw-funneled/Muhammad_Saeed_al-Sahhaf/Muhammad_Saeed_al-Sahhaf_0004.jpg,/home/anitadonato/tcc/tcc/data/lfw/lfw-funneled/Muhammad_Saeed_al-Sahhaf/Muhammad_Saeed_al-Sahhaf_0005.jpg,0.10728144645690918,1
/home/anitadonato/tcc/tcc/data/lfw/lfw-funneled/Muhammad_Saeed_al-Sahhaf/Muhammad_Saeed_al-Sahhaf_0002.jpg,/home/anitadonato/tcc/tcc/data/lfw/lfw-funneled/Muhammad_Saeed_al-Sahhaf/Muhammad_Saeed_al-Sahhaf_0001.jpg,0.05346882343292236,1
/home/anitadonato/tcc/tcc/data/lfw/lfw-funneled/Muhammad_Saeed_al-Sahhaf/Muhammad_Saeed_al-Sahhaf_0002.jpg,/home/anitadonato/tcc/tcc/data/lfw/lfw-funneled/Muhammad_Saeed_al-Sahhaf/Muhammad_Saeed_al-Sahhaf_0003.jpg,0.2464882731437683,1
/home/anitadonato/tcc/tcc/data/lfw/lfw-funneled/Muhammad_Saeed_al-Sahhaf/Muhammad_Saeed_al-Sahhaf_0002.jpg,/home/anitadonato/tcc/tcc/data/lfw/lfw-funneled/Muhammad_Saeed_al-Sahhaf/Muhammad_Saeed_al-Sahhaf_0005.jpg,0.21431446075439453,1
/home/anitadonato/tcc/tcc/data/lfw/lfw-funneled/Muhammad_Saeed_al-Sahhaf/Muhammad_Saeed_al-Sahhaf_0001.jpg,/home/anitadonato/tcc/tcc/data/lfw/lfw-funneled/Muhammad_Saeed_al-Sahhaf/Muhammad_Saeed_al-Sahhaf_0003.jpg,0.26733827590942383,1
/home/anitadonato/tcc/tcc/data/lfw/lfw-funneled/Muhammad_Saeed_al-Sahhaf/Muhammad_Saeed_al-Sahhaf_0001.jpg,/home/anitadonato/tcc/tcc/data/lfw/lfw-funneled/Muhammad_Saeed_al-Sahhaf/Muhammad_Saeed_al-Sahhaf_0005.jpg,0.23580658435821533,1
/home/anitadonato/tcc/tcc/data/lfw/lfw-funneled/Muhammad_Saeed_al-Sahhaf/Muhammad_Saeed_al-Sahhaf_0003.jpg,/home/anitadonato/tcc/tcc/data/lfw/lfw-funneled/Muhammad_Saeed_al-Sahhaf/Muhammad_Saeed_al-Sahhaf_0005.jpg,0.14132213592529297,1
/home/anitadonato/tcc/tcc/data/lfw/lfw-funneled/Ian_Thorpe/Ian_Thorpe_0002.jpg,/home/anitadonato/tcc/tcc/data/lfw/lfw-funneled/Ian_Thorpe/Ian_Thorpe_0010.jpg,0.15112078189849854,1
/home/anitadonato/tcc/tcc/data/lfw/lfw-funneled/Ian_Thorpe/Ian_Thorpe_0002.jpg,/home/anitadonato/tcc/tcc/data/lfw/lfw-funneled/Ian_Thorpe/Ian_Thorpe_0004.jpg,0.17599761486053467,1
/home/anitadonato/tcc/tcc/data/lfw/lfw-funneled/Ian_Thorpe/Ian_Thorpe_0002.jpg,/home/anitadonato/tcc/tcc/data/lfw/lfw-funneled/Ian_Thorpe/Ian_Thorpe_0008.jpg,0.24800199270248413,1
/home/anitadonato/tcc/tcc/data/lfw/lfw-funneled/Ian_Thorpe/Ian_Thorpe_0002.jpg,/home/anitadonato/tcc/tcc/data/lfw/lfw-funneled/Ian_Thorpe/Ian_Thorpe_0001.jpg,0.2675146460533142,1
/home/anitadonato/tcc/tcc/data/lfw/lfw-funneled/Ian_Thorpe/Ian_Thorpe_0010.jpg,/home/anitadonato/tcc/tcc/data/lfw/lfw-funneled/Ian_Thorpe/Ian_Thorpe_0004.jpg,0.15401124954223633,1
/home/anitadonato/tcc/tcc/data/lfw/lfw-funneled/Ian_Thorpe/Ian_Thorpe_0010.jpg,/home/anitadonato/tcc/tcc/data/lfw/lfw-funneled/Ian_Thorpe/Ian_Thorpe_0008.jpg,0.1932867169380188,1
/home/anitadonato/tcc/tcc/data/lfw/lfw-funneled/Ian_Thorpe/Ian_Thorpe_0010.jpg,/home/anitadonato/tcc/tcc/data/lfw/lfw-funneled/Ian_Thorpe/Ian_Thorpe_0001.jpg,0.24524885416030884,1
/home/anitadonato/tcc/tcc/data/lfw/lfw-funneled/Ian_Thorpe/Ian_Thorpe_0004.jpg,/home/anitadonato/tcc/tcc/data/lfw/lfw-funneled/Ian_Thorpe/Ian_Thorpe_0008.jpg,0.18157923221588135,1
/home/anitadonato/tcc/tcc/data/lfw/lfw-funneled/Ian_Thorpe/Ian_Thorpe_0004.jpg,/home/anitadonato/tcc/tcc/data/lfw/lfw-funneled/Ian_Thorpe/Ian_Thorpe_0001.jpg,0.24596858024597168,1
/home/anitadonato/tcc/tcc/data/lfw/lfw-funneled/Ian_Thorpe/Ian_Thorpe_0008.jpg,/home/anitadonato/tcc/tcc/data/lfw/lfw-funneled/Ian_Thorpe/Ian_Thorpe_0001.jpg,0.20691877603530884,1
/home/anitadonato/tcc/tcc/data/lfw/lfw-funneled/Renee_Zellweger/Renee_Zellweger_0008.jpg,/home/anitadonato/tcc/tcc/data/lfw/lfw-funneled/Renee_Zellweger/Renee_Zellweger_0002.jpg,0.12320023775100708,1
/home/anitadonato/tcc/tcc/data/lfw/lfw-funneled/Renee_Zellweger/Renee_Zellweger_0008.jpg,/home/anitadonato/tcc/tcc/data/lfw/lfw-funneled/Renee_Zellweger/Renee_Zellweger_0010.jpg,0.15037620067596436,1
/home/anitadonato/tcc/tcc/data/lfw/lfw-funneled/Renee_Zellweger/Renee_Zellweger_0008.jpg,/home/anitadonato/tcc/tcc/data/lfw/lfw-funneled/Renee_Zellweger/Renee_Zellweger_0016.jpg,0.2015610933303833,1
/home/anitadonato/tcc/tcc/data/lfw/lfw-funneled/Renee_Zellweger/Renee_Zellweger_0008.jpg,/home/anitadonato/tcc/tcc/data/lfw/lfw-funneled/Renee_Zellweger/Renee_Zellweger_0007.jpg,0.14599734544754028,1
/home/anitadonato/tcc/tcc/data/lfw/lfw-funneled/Renee_Zellweger/Renee_Zellweger_0002.jpg,/home/anitadonato/tcc/tcc/data/lfw/lfw-funneled/Renee_Zellweger/Renee_Zellweger_0010.jpg,0.16683125495910645,1
/home/anitadonato/tcc/tcc/data/lfw/lfw-funneled/Renee_Zellweger/Renee_Zellweger_0002.jpg,/home/anitadonato/tcc/tcc/data/lfw/lfw-funneled/Renee_Zellweger/Renee_Zellweger_0016.jpg,0.2568546533584595,1
/home/anitadonato/tcc/tcc/data/lfw/lfw-funneled/Renee_Zellweger/Renee_Zellweger_0002.jpg,/home/anitadonato/tcc/tcc/data/lfw/lfw-funneled/Renee_Zellweger/Renee_Zellweger_0007.jpg,0.1680576205253601,1
/home/anitadonato/tcc/tcc/data/lfw/lfw-funneled/Renee_Zellweger/Renee_Zellweger_0010.jpg,/home/anitadonato/tcc/tcc/data/lfw/lfw-funneled/Renee_Zellweger/Renee_Zellweger_0016.jpg,0.17060059309005737,1
/home/anitadonato/tcc/tcc/data/lfw/lfw-funneled/Renee_Zellweger/Renee_Zellweger_0010.jpg,/home/anitadonato/tcc/tcc/data/lfw/lfw-funneled/Renee_Zellweger/Renee_Zellweger_0007.jpg,0.1195000410079956,1
/home/anitadonato/tcc/tcc/data/lfw/lfw-funneled/Renee_Zellweger/Renee_Zellweger_0016.jpg,/home/anitadonato/tcc/tcc/data/lfw/lfw-funneled/Renee_Zellweger/Renee_Zellweger_0007.jpg,0.1928849220275879,1
/home/anitadonato/tcc/tcc/data/lfw/lfw-funneled/Queen_Rania/Queen_Rania_0005.jpg,/home/anitadonato/tcc/tcc/data/lfw/lfw-funneled/Queen_Rania/Queen_Rania_0003.jpg,0.16482627391815186,1
/home/anitadonato/tcc/tcc/data/lfw/lfw-funneled/Queen_Rania/Queen_Rania_0005.jpg,/home/anitadonato/tcc/tcc/data/lfw/lfw-funneled/Queen_Rania/Queen_Rania_0002.jpg,0.10661357641220093,1
/home/anitadonato/tcc/tcc/data/lfw/lfw-funneled/Queen_Rania/Queen_Rania_0005.jpg,/home/anitadonato/tcc/tcc/data/lfw/lfw-funneled/Queen_Rania/Queen_Rania_0001.jpg,0.15564316511154175,1
/home/anitadonato/tcc/tcc/data/lfw/lfw-funneled/Queen_Rania/Queen_Rania_0005.jpg,/home/anitadonato/tcc/tcc/data/lfw/lfw-funneled/Queen_Rania/Queen_Rania_0004.jpg,0.1706649661064148,1
/home/anitadonato/tcc/tcc/data/lfw/lfw-funneled/Queen_Rania/Queen_Rania_0003.jpg,/home/anitadonato/tcc/tcc/data/lfw/lfw-funneled/Queen_Rania/Queen_Rania_0002.jpg,0.16336184740066528,1
/home/anitadonato/tcc/tcc/data/lfw/lfw-funneled/Queen_Rania/Queen_Rania_0003.jpg,/home/anitadonato/tcc/tcc/data/lfw/lfw-funneled/Queen_Rania/Queen_Rania_0001.jpg,0.18323957920074463,1
/home/anitadonato/tcc/tcc/data/lfw/lfw-funneled/Queen_Rania/Queen_Rania_0003.jpg,/home/anitadonato/tcc/tcc/data/lfw/lfw-funneled/Queen_Rania/Queen_Rania_0004.jpg,0.16658270359039307,1
/home/anitadonato/tcc/tcc/data/lfw/lfw-funneled/Queen_Rania/Queen_Rania_0002.jpg,/home/anitadonato/tcc/tcc/data/lfw/lfw-funneled/Queen_Rania/Queen_Rania_0001.jpg,0.12917745113372803,1
/home/anitadonato/tcc/tcc/data/lfw/lfw-funneled/Queen_Rania/Queen_Rania_0002.jpg,/home/anitadonato/tcc/tcc/data/lfw/lfw-funneled/Queen_Rania/Queen_Rania_0004.jpg,0.16943490505218506,1
/home/anitadonato/tcc/tcc/data/lfw/lfw-funneled/Queen_Rania/Queen_Rania_0001.jpg,/home/anitadonato/tcc/tcc/data/lfw/lfw-funneled/Queen_Rania/Queen_Rania_0004.jpg,0.20429962873458862,1
/home/anitadonato/tcc/tcc/data/lfw/lfw-funneled/John_Allen_Muhammad/John_Allen_Muhammad_0004.jpg,/home/anitadonato/tcc/tcc/data/lfw/lfw-funneled/John_Allen_Muhammad/John_Allen_Muhammad_0005.jpg,0.12352579832077026,1
/home/anitadonato/tcc/tcc/data/lfw/lfw-funneled/John_Allen_Muhammad/John_Allen_Muhammad_0004.jpg,/home/anitadonato/tcc/tcc/data/lfw/lfw-funneled/John_Allen_Muhammad/John_Allen_Muhammad_0007.jpg,0.10750341415405273,1
/home/anitadonato/tcc/tcc/data/lfw/lfw-funneled/John_Allen_Muhammad/John_Allen_Muhammad_0004.jpg,/home/anitadonato/tcc/tcc/data/lfw/lfw-funneled/John_Allen_Muhammad/John_Allen_Muhammad_0003.jpg,0.11357337236404419,1
/home/anitadonato/tcc/tcc/data/lfw/lfw-funneled/John_Allen_Muhammad/John_Allen_Muhammad_0004.jpg,/home/anitadonato/tcc/tcc/data/lfw/lfw-funneled/John_Allen_Muhammad/John_Allen_Muhammad_0006.jpg,0.1376439929008484,1
/home/anitadonato/tcc/tcc/data/lfw/lfw-funneled/John_Allen_Muhammad/John_Allen_Muhammad_0005.jpg,/home/anitadonato/tcc/tcc/data/lfw/lfw-funneled/John_Allen_Muhammad/John_Allen_Muhammad_0007.jpg,0.1257028579711914,1
/home/anitadonato/tcc/tcc/data/lfw/lfw-funneled/John_Allen_Muhammad/John_Allen_Muhammad_0005.jpg,/home/anitadonato/tcc/tcc/data/lfw/lfw-funneled/John_Allen_Muhammad/John_Allen_Muhammad_0003.jpg,0.1234520673751831,1
/home/anitadonato/tcc/tcc/data/lfw/lfw-funneled/John_Allen_Muhammad/John_Allen_Muhammad_0005.jpg,/home/anitadonato/tcc/tcc/data/lfw/lfw-funneled/John_Allen_Muhammad/John_Allen_Muhammad_0006.jpg,0.15338164567947388,1
/home/anitadonato/tcc/tcc/data/lfw/lfw-funneled/John_Allen_Muhammad/John_Allen_Muhammad_0007.jpg,/home/anitadonato/tcc/tcc/data/lfw/lfw-funneled/John_Allen_Muhammad/John_Allen_Muhammad_0003.jpg,0.09556901454925537,1
/home/anitadonato/tcc/tcc/data/lfw/lfw-funneled/John_Allen_Muhammad/John_Allen_Muhammad_0007.jpg,/home/anitadonato/tcc/tcc/data/lfw/lfw-funneled/John_Allen_Muhammad/John_Allen_Muhammad_0006.jpg,0.1689530611038208,1
/home/anitadonato/tcc/tcc/data/lfw/lfw-funneled/John_Allen_Muhammad/John_Allen_Muhammad_0003.jpg,/home/anitadonato/tcc/tcc/data/lfw/lfw-funneled/John_Allen_Muhammad/John_Allen_Muhammad_0006.jpg,0.18935567140579224,1
/home/anitadonato/tcc/tcc/data/lfw/lfw-funneled/Norm_Coleman/Norm_Coleman_0006.jpg,/home/anitadonato/tcc/tcc/data/lfw/lfw-funneled/Norm_Coleman/Norm_Coleman_0003.jpg,0.30127012729644775,1
/home/anitadonato/tcc/tcc/data/lfw/lfw-funneled/Norm_Coleman/Norm_Coleman_0006.jpg,/home/anitadonato/tcc/tcc/data/lfw/lfw-funneled/Norm_Coleman/Norm_Coleman_0004.jpg,0.2900998592376709,1
/home/anitadonato/tcc/tcc/data/lfw/lfw-funneled/Norm_Coleman/Norm_Coleman_0006.jpg,/home/anitadonato/tcc/tcc/data/lfw/lfw-funneled/Norm_Coleman/Norm_Coleman_0007.jpg,0.3417600989341736,1
/home/anitadonato/tcc/tcc/data/lfw/lfw-funneled/Norm_Coleman/Norm_Coleman_0006.jpg,/home/anitadonato/tcc/tcc/data/lfw/lfw-funneled/Norm_Coleman/Norm_Coleman_0001.jpg,0.30097997188568115,1
/home/anitadonato/tcc/tcc/data/lfw/lfw-funneled/Norm_Coleman/Norm_Coleman_0003.jpg,/home/anitadonato/tcc/tcc/data/lfw/lfw-funneled/Norm_Coleman/Norm_Coleman_0004.jpg,0.16937470436096191,1
/home/anitadonato/tcc/tcc/data/lfw/lfw-funneled/Norm_Coleman/Norm_Coleman_0003.jpg,/home/anitadonato/tcc/tcc/data/lfw/lfw-funneled/Norm_Coleman/Norm_Coleman_0007.jpg,0.20759010314941406,1
/home/anitadonato/tcc/tcc/data/lfw/lfw-funneled/Norm_Coleman/Norm_Coleman_0003.jpg,/home/anitadonato/tcc/tcc/data/lfw/lfw-funneled/Norm_Coleman/Norm_Coleman_0001.jpg,0.18685615062713623,1
/home/anitadonato/tcc/tcc/data/lfw/lfw-funneled/Norm_Coleman/Norm_Coleman_0004.jpg,/home/anitadonato/tcc/tcc/data/lfw/lfw-funneled/Norm_Coleman/Norm_Coleman_0007.jpg,0.14634937047958374,1
/home/anitadonato/tcc/tcc/data/lfw/lfw-funneled/Norm_Coleman/Norm_Coleman_0004.jpg,/home/anitadonato/tcc/tcc/data/lfw/lfw-funneled/Norm_Coleman/Norm_Coleman_0001.jpg,0.18208128213882446,1
/home/anitadonato/tcc/tcc/data/lfw/lfw-funneled/Norm_Coleman/Norm_Coleman_0007.jpg,/home/anitadonato/tcc/tcc/data/lfw/lfw-funneled/Norm_Coleman/Norm_Coleman_0001.jpg,0.21028119325637817,1
/home/anitadonato/tcc/tcc/data/lfw/lfw-funneled/Eduardo_Duhalde/Eduardo_Duhalde_0001.jpg,/home/anitadonato/tcc/tcc/data/lfw/lfw-funneled/Eduardo_Duhalde/Eduardo_Duhalde_0008.jpg,0.21318626403808594,1
/home/anitadonato/tcc/tcc/data/lfw/lfw-funneled/Eduardo_Duhalde/Eduardo_Duhalde_0001.jpg,/home/anitadonato/tcc/tcc/data/lfw/lfw-funneled/Eduardo_Duhalde/Eduardo_Duhalde_0010.jpg,0.1365017294883728,1
/home/anitadonato/tcc/tcc/data/lfw/lfw-funneled/Eduardo_Duhalde/Eduardo_Duhalde_0001.jpg,/home/anitadonato/tcc/tcc/data/lfw/lfw-funneled/Eduardo_Duhalde/Eduardo_Duhalde_0012.jpg,0.19762921333312988,1
/home/anitadonato/tcc/tcc/data/lfw/lfw-funneled/Eduardo_Duhalde/Eduardo_Duhalde_0001.jpg,/home/anitadonato/tcc/tcc/data/lfw/lfw-funneled/Eduardo_Duhalde/Eduardo_Duhalde_0002.jpg,0.1625550389289856,1
/home/anitadonato/tcc/tcc/data/lfw/lfw-funneled/Eduardo_Duhalde/Eduardo_Duhalde_0008.jpg,/home/anitadonato/tcc/tcc/data/lfw/lfw-funneled/Eduardo_Duhalde/Eduardo_Duhalde_0010.jpg,0.19622021913528442,1
/home/anitadonato/tcc/tcc/data/lfw/lfw-funneled/Eduardo_Duhalde/Eduardo_Duhalde_0008.jpg,/home/anitadonato/tcc/tcc/data/lfw/lfw-funneled/Eduardo_Duhalde/Eduardo_Duhalde_0012.jpg,0.13124626874923706,1
/home/anitadonato/tcc/tcc/data/lfw/lfw-funneled/Eduardo_Duhalde/Eduardo_Duhalde_0008.jpg,/home/anitadonato/tcc/tcc/data/lfw/lfw-funneled/Eduardo_Duhalde/Eduardo_Duhalde_0002.jpg,0.23716646432876587,1
/home/anitadonato/tcc/tcc/data/lfw/lfw-funneled/Eduardo_Duhalde/Eduardo_Duhalde_0010.jpg,/home/anitadonato/tcc/tcc/data/lfw/lfw-funneled/Eduardo_Duhalde/Eduardo_Duhalde_0012.jpg,0.15947073698043823,1
/home/anitadonato/tcc/tcc/data/lfw/lfw-funneled/Eduardo_Duhalde/Eduardo_Duhalde_0010.jpg,/home/anitadonato/tcc/tcc/data/lfw/lfw-funneled/Eduardo_Duhalde/Eduardo_Duhalde_0002.jpg,0.11129075288772583,1
/home/anitadonato/tcc/tcc/data/lfw/lfw-funneled/Eduardo_Duhalde/Eduardo_Duhalde_0012.jpg,/home/anitadonato/tcc/tcc/data/lfw/lfw-funneled/Eduardo_Duhalde/Eduardo_Duhalde_0002.jpg,0.21245688199996948,1
/home/anitadonato/tcc/tcc/data/lfw/lfw-funneled/Benjamin_Netanyahu/Benjamin_Netanyahu_0001.jpg,/home/anitadonato/tcc/tcc/data/lfw/lfw-funneled/Benjamin_Netanyahu/Benjamin_Netanyahu_0002.jpg,0.21727412939071655,1
/home/anitadonato/tcc/tcc/data/lfw/lfw-funneled/Benjamin_Netanyahu/Benjamin_Netanyahu_0001.jpg,/home/anitadonato/tcc/tcc/data/lfw/lfw-funneled/Benjamin_Netanyahu/Benjamin_Netanyahu_0003.jpg,0.1991335153579712,1
/home/anitadonato/tcc/tcc/data/lfw/lfw-funneled/Benjamin_Netanyahu/Benjamin_Netanyahu_0001.jpg,/home/anitadonato/tcc/tcc/data/lfw/lfw-funneled/Benjamin_Netanyahu/Benjamin_Netanyahu_0004.jpg,0.19600969552993774,1
/home/anitadonato/tcc/tcc/data/lfw/lfw-funneled/Benjamin_Netanyahu/Benjamin_Netanyahu_0001.jpg,/home/anitadonato/tcc/tcc/data/lfw/lfw-funneled/Benjamin_Netanyahu/Benjamin_Netanyahu_0005.jpg,0.22295361757278442,1
/home/anitadonato/tcc/tcc/data/lfw/lfw-funneled/Benjamin_Netanyahu/Benjamin_Netanyahu_0002.jpg,/home/anitadonato/tcc/tcc/data/lfw/lfw-funneled/Benjamin_Netanyahu/Benjamin_Netanyahu_0003.jpg,0.08906269073486328,1
/home/anitadonato/tcc/tcc/data/lfw/lfw-funneled/Benjamin_Netanyahu/Benjamin_Netanyahu_0002.jpg,/home/anitadonato/tcc/tcc/data/lfw/lfw-funneled/Benjamin_Netanyahu/Benjamin_Netanyahu_0004.jpg,0.16370147466659546,1
/home/anitadonato/tcc/tcc/data/lfw/lfw-funneled/Benjamin_Netanyahu/Benjamin_Netanyahu_0002.jpg,/home/anitadonato/tcc/tcc/data/lfw/lfw-funneled/Benjamin_Netanyahu/Benjamin_Netanyahu_0005.jpg,0.1977267861366272,1
/home/anitadonato/tcc/tcc/data/lfw/lfw-funneled/Benjamin_Netanyahu/Benjamin_Netanyahu_0003.jpg,/home/anitadonato/tcc/tcc/data/lfw/lfw-funneled/Benjamin_Netanyahu/Benjamin_Netanyahu_0004.jpg,0.1307794451713562,1
/home/anitadonato/tcc/tcc/data/lfw/lfw-funneled/Benjamin_Netanyahu/Benjamin_Netanyahu_0003.jpg,/home/anitadonato/tcc/tcc/data/lfw/lfw-funneled/Benjamin_Netanyahu/Benjamin_Netanyahu_0005.jpg,0.19077211618423462,1
/home/anitadonato/tcc/tcc/data/lfw/lfw-funneled/Benjamin_Netanyahu/Benjamin_Netanyahu_0004.jpg,/home/anitadonato/tcc/tcc/data/lfw/lfw-funneled/Benjamin_Netanyahu/Benjamin_Netanyahu_0005.jpg,0.199324369430542,1
/home/anitadonato/tcc/tcc/data/lfw/lfw-funneled/Anna_Kournikova/Anna_Kournikova_0006.jpg,/home/anitadonato/tcc/tcc/data/lfw/lfw-funneled/Anna_Kournikova/Anna_Kournikova_0002.jpg,0.22281688451766968,1
/home/anitadonato/tcc/tcc/data/lfw/lfw-funneled/Anna_Kournikova/Anna_Kournikova_0006.jpg,/home/anitadonato/tcc/tcc/data/lfw/lfw-funneled/Anna_Kournikova/Anna_Kournikova_0004.jpg,0.22862327098846436,1
/home/anitadonato/tcc/tcc/data/lfw/lfw-funneled/Anna_Kournikova/Anna_Kournikova_0006.jpg,/home/anitadonato/tcc/tcc/data/lfw/lfw-funneled/Anna_Kournikova/Anna_Kournikova_0012.jpg,0.28450119495391846,1
/home/anitadonato/tcc/tcc/data/lfw/lfw-funneled/Anna_Kournikova/Anna_Kournikova_0006.jpg,/home/anitadonato/tcc/tcc/data/lfw/lfw-funneled/Anna_Kournikova/Anna_Kournikova_0005.jpg,0.278187096118927,1
/home/anitadonato/tcc/tcc/data/lfw/lfw-funneled/Anna_Kournikova/Anna_Kournikova_0002.jpg,/home/anitadonato/tcc/tcc/data/lfw/lfw-funneled/Anna_Kournikova/Anna_Kournikova_0004.jpg,0.19522535800933838,1
/home/anitadonato/tcc/tcc/data/lfw/lfw-funneled/Anna_Kournikova/Anna_Kournikova_0002.jpg,/home/anitadonato/tcc/tcc/data/lfw/lfw-funneled/Anna_Kournikova/Anna_Kournikova_0012.jpg,0.20826387405395508,1
/home/anitadonato/tcc/tcc/data/lfw/lfw-funneled/Anna_Kournikova/Anna_Kournikova_0002.jpg,/home/anitadonato/tcc/tcc/data/lfw/lfw-funneled/Anna_Kournikova/Anna_Kournikova_0005.jpg,0.2898660898208618,1
/home/anitadonato/tcc/tcc/data/lfw/lfw-funneled/Anna_Kournikova/Anna_Kournikova_0004.jpg,/home/anitadonato/tcc/tcc/data/lfw/lfw-funneled/Anna_Kournikova/Anna_Kournikova_0012.jpg,0.2945632338523865,1
/home/anitadonato/tcc/tcc/data/lfw/lfw-funneled/Anna_Kournikova/Anna_Kournikova_0004.jpg,/home/anitadonato/tcc/tcc/data/lfw/lfw-funneled/Anna_Kournikova/Anna_Kournikova_0005.jpg,0.1849614977836609,1
/home/anitadonato/tcc/tcc/data/lfw/lfw-funneled/Anna_Kournikova/Anna_Kournikova_0012.jpg,/home/anitadonato/tcc/tcc/data/lfw/lfw-funneled/Anna_Kournikova/Anna_Kournikova_0005.jpg,0.2847868800163269,1
/home/anitadonato/tcc/tcc/data/lfw/lfw-funneled/Roger_Federer/Roger_Federer_0003.jpg,/home/anitadonato/tcc/tcc/data/lfw/lfw-funneled/Roger_Federer/Roger_Federer_0008.jpg,0.21766197681427002,1
/home/anitadonato/tcc/tcc/data/lfw/lfw-funneled/Roger_Federer/Roger_Federer_0003.jpg,/home/anitadonato/tcc/tcc/data/lfw/lfw-funneled/Roger_Federer/Roger_Federer_0009.jpg,0.2299627661705017,1
/home/anitadonato/tcc/tcc/data/lfw/lfw-funneled/Roger_Federer/Roger_Federer_0003.jpg,/home/anitadonato/tcc/tcc/data/lfw/lfw-funneled/Roger_Federer/Roger_Federer_0005.jpg,0.2592180371284485,1
/home/anitadonato/tcc/tcc/data/lfw/lfw-funneled/Roger_Federer/Roger_Federer_0003.jpg,/home/anitadonato/tcc/tcc/data/lfw/lfw-funneled/Roger_Federer/Roger_Federer_0010.jpg,0.23125511407852173,1
/home/anitadonato/tcc/tcc/data/lfw/lfw-funneled/Roger_Federer/Roger_Federer_0008.jpg,/home/anitadonato/tcc/tcc/data/lfw/lfw-funneled/Roger_Federer/Roger_Federer_0009.jpg,0.29558414220809937,1
/home/anitadonato/tcc/tcc/data/lfw/lfw-funneled/Roger_Federer/Roger_Federer_0008.jpg,/home/anitadonato/tcc/tcc/data/lfw/lfw-funneled/Roger_Federer/Roger_Federer_0005.jpg,0.14281588792800903,1
/home/anitadonato/tcc/tcc/data/lfw/lfw-funneled/Roger_Federer/Roger_Federer_0008.jpg,/home/anitadonato/tcc/tcc/data/lfw/lfw-funneled/Roger_Federer/Roger_Federer_0010.jpg,0.1426144242286682,1
/home/anitadonato/tcc/tcc/data/lfw/lfw-funneled/Roger_Federer/Roger_Federer_0009.jpg,/home/anitadonato/tcc/tcc/data/lfw/lfw-funneled/Roger_Federer/Roger_Federer_0005.jpg,0.2931218147277832,1
/home/anitadonato/tcc/tcc/data/lfw/lfw-funneled/Roger_Federer/Roger_Federer_0009.jpg,/home/anitadonato/tcc/tcc/data/lfw/lfw-funneled/Roger_Federer/Roger_Federer_0010.jpg,0.289980411529541,1
/home/anitadonato/tcc/tcc/data/lfw/lfw-funneled/Roger_Federer/Roger_Federer_0005.jpg,/home/anitadonato/tcc/tcc/data/lfw/lfw-funneled/Roger_Federer/Roger_Federer_0010.jpg,0.16093677282333374,1
/home/anitadonato/tcc/tcc/data/lfw/lfw-funneled/George_HW_Bush/George_HW_Bush_0013.jpg,/home/anitadonato/tcc/tcc/data/lfw/lfw-funneled/George_HW_Bush/George_HW_Bush_0011.jpg,0.18994605541229248,1
/home/anitadonato/tcc/tcc/data/lfw/lfw-funneled/George_HW_Bush/George_HW_Bush_0013.jpg,/home/anitadonato/tcc/tcc/data/lfw/lfw-funneled/George_HW_Bush/George_HW_Bush_0009.jpg,0.186110258102417,1
/home/anitadonato/tcc/tcc/data/lfw/lfw-funneled/George_HW_Bush/George_HW_Bush_0013.jpg,/home/anitadonato/tcc/tcc/data/lfw/lfw-funneled/George_HW_Bush/George_HW_Bush_0001.jpg,0.2819293737411499,1
/home/anitadonato/tcc/tcc/data/lfw/lfw-funneled/George_HW_Bush/George_HW_Bush_0013.jpg,/home/anitadonato/tcc/tcc/data/lfw/lfw-funneled/George_HW_Bush/George_HW_Bush_0012.jpg,0.18607622385025024,1
/home/anitadonato/tcc/tcc/data/lfw/lfw-funneled/George_HW_Bush/George_HW_Bush_0011.jpg,/home/anitadonato/tcc/tcc/data/lfw/lfw-funneled/George_HW_Bush/George_HW_Bush_0009.jpg,0.1693049669265747,1
/home/anitadonato/tcc/tcc/data/lfw/lfw-funneled/George_HW_Bush/George_HW_Bush_0011.jpg,/home/anitadonato/tcc/tcc/data/lfw/lfw-funneled/George_HW_Bush/George_HW_Bush_0001.jpg,0.20203769207000732,1
/home/anitadonato/tcc/tcc/data/lfw/lfw-funneled/George_HW_Bush/George_HW_Bush_0011.jpg,/home/anitadonato/tcc/tcc/data/lfw/lfw-funneled/George_HW_Bush/George_HW_Bush_0012.jpg,0.1747225522994995,1
/home/anitadonato/tcc/tcc/data/lfw/lfw-funneled/George_HW_Bush/George_HW_Bush_0009.jpg,/home/anitadonato/tcc/tcc/data/lfw/lfw-funneled/George_HW_Bush/George_HW_Bush_0001.jpg,0.2432118058204651,1
/home/anitadonato/tcc/tcc/data/lfw/lfw-funneled/George_HW_Bush/George_HW_Bush_0009.jpg,/home/anitadonato/tcc/tcc/data/lfw/lfw-funneled/George_HW_Bush/George_HW_Bush_0012.jpg,0.1918015480041504,1
/home/anitadonato/tcc/tcc/data/lfw/lfw-funneled/George_HW_Bush/George_HW_Bush_0001.jpg,/home/anitadonato/tcc/tcc/data/lfw/lfw-funneled/George_HW_Bush/George_HW_Bush_0012.jpg,0.20366144180297852,1
/home/anitadonato/tcc/tcc/data/lfw/lfw-funneled/Hugh_Grant/Hugh_Grant_0005.jpg,/home/anitadonato/tcc/tcc/data/lfw/lfw-funneled/Hugh_Grant/Hugh_Grant_0002.jpg,0.2055671215057373,1
/home/anitadonato/tcc/tcc/data/lfw/lfw-funneled/Hugh_Grant/Hugh_Grant_0005.jpg,/home/anitadonato/tcc/tcc/data/lfw/lfw-funneled/Hugh_Grant/Hugh_Grant_0008.jpg,0.1818406581878662,1
/home/anitadonato/tcc/tcc/data/lfw/lfw-funneled/Hugh_Grant/Hugh_Grant_0005.jpg,/home/anitadonato/tcc/tcc/data/lfw/lfw-funneled/Hugh_Grant/Hugh_Grant_0003.jpg,0.2366212010383606,1
/home/anitadonato/tcc/tcc/data/lfw/lfw-funneled/Hugh_Grant/Hugh_Grant_0005.jpg,/home/anitadonato/tcc/tcc/data/lfw/lfw-funneled/Hugh_Grant/Hugh_Grant_0001.jpg,0.19435900449752808,1
/home/anitadonato/tcc/tcc/data/lfw/lfw-funneled/Hugh_Grant/Hugh_Grant_0002.jpg,/home/anitadonato/tcc/tcc/data/lfw/lfw-funneled/Hugh_Grant/Hugh_Grant_0008.jpg,0.25831717252731323,1
/home/anitadonato/tcc/tcc/data/lfw/lfw-funneled/Hugh_Grant/Hugh_Grant_0002.jpg,/home/anitadonato/tcc/tcc/data/lfw/lfw-funneled/Hugh_Grant/Hugh_Grant_0003.jpg,0.12235134840011597,1
/home/anitadonato/tcc/tcc/data/lfw/lfw-funneled/Hugh_Grant/Hugh_Grant_0002.jpg,/home/anitadonato/tcc/tcc/data/lfw/lfw-funneled/Hugh_Grant/Hugh_Grant_0001.jpg,0.12351572513580322,1
/home/anitadonato/tcc/tcc/data/lfw/lfw-funneled/Hugh_Grant/Hugh_Grant_0008.jpg,/home/anitadonato/tcc/tcc/data/lfw/lfw-funneled/Hugh_Grant/Hugh_Grant_0003.jpg,0.2721298933029175,1
/home/anitadonato/tcc/tcc/data/lfw/lfw-funneled/Hugh_Grant/Hugh_Grant_0008.jpg,/home/anitadonato/tcc/tcc/data/lfw/lfw-funneled/Hugh_Grant/Hugh_Grant_0001.jpg,0.25268876552581787,1
/home/anitadonato/tcc/tcc/data/lfw/lfw-funneled/Hugh_Grant/Hugh_Grant_0003.jpg,/home/anitadonato/tcc/tcc/data/lfw/lfw-funneled/Hugh_Grant/Hugh_Grant_0001.jpg,0.12025243043899536,1
/home/anitadonato/tcc/tcc/data/lfw/lfw-funneled/Sourav_Ganguly/Sourav_Ganguly_0001.jpg,/home/anitadonato/tcc/tcc/data/lfw/lfw-funneled/Sourav_Ganguly/Sourav_Ganguly_0002.jpg,0.1356823444366455,1
/home/anitadonato/tcc/tcc/data/lfw/lfw-funneled/Sourav_Ganguly/Sourav_Ganguly_0001.jpg,/home/anitadonato/tcc/tcc/data/lfw/lfw-funneled/Sourav_Ganguly/Sourav_Ganguly_0004.jpg,0.23733580112457275,1
/home/anitadonato/tcc/tcc/data/lfw/lfw-funneled/Sourav_Ganguly/Sourav_Ganguly_0001.jpg,/home/anitadonato/tcc/tcc/data/lfw/lfw-funneled/Sourav_Ganguly/Sourav_Ganguly_0003.jpg,0.23807793855667114,1
/home/anitadonato/tcc/tcc/data/lfw/lfw-funneled/Sourav_Ganguly/Sourav_Ganguly_0001.jpg,/home/anitadonato/tcc/tcc/data/lfw/lfw-funneled/Sourav_Ganguly/Sourav_Ganguly_0005.jpg,0.2563907504081726,1
/home/anitadonato/tcc/tcc/data/lfw/lfw-funneled/Sourav_Ganguly/Sourav_Ganguly_0002.jpg,/home/anitadonato/tcc/tcc/data/lfw/lfw-funneled/Sourav_Ganguly/Sourav_Ganguly_0004.jpg,0.1884264349937439,1
/home/anitadonato/tcc/tcc/data/lfw/lfw-funneled/Sourav_Ganguly/Sourav_Ganguly_0002.jpg,/home/anitadonato/tcc/tcc/data/lfw/lfw-funneled/Sourav_Ganguly/Sourav_Ganguly_0003.jpg,0.20015758275985718,1
/home/anitadonato/tcc/tcc/data/lfw/lfw-funneled/Sourav_Ganguly/Sourav_Ganguly_0002.jpg,/home/anitadonato/tcc/tcc/data/lfw/lfw-funneled/Sourav_Ganguly/Sourav_Ganguly_0005.jpg,0.23422306776046753,1
/home/anitadonato/tcc/tcc/data/lfw/lfw-funneled/Sourav_Ganguly/Sourav_Ganguly_0004.jpg,/home/anitadonato/tcc/tcc/data/lfw/lfw-funneled/Sourav_Ganguly/Sourav_Ganguly_0003.jpg,0.18590152263641357,1
/home/anitadonato/tcc/tcc/data/lfw/lfw-funneled/Sourav_Ganguly/Sourav_Ganguly_0004.jpg,/home/anitadonato/tcc/tcc/data/lfw/lfw-funneled/Sourav_Ganguly/Sourav_Ganguly_0005.jpg,0.16661876440048218,1
/home/anitadonato/tcc/tcc/data/lfw/lfw-funneled/Sourav_Ganguly/Sourav_Ganguly_0003.jpg,/home/anitadonato/tcc/tcc/data/lfw/lfw-funneled/Sourav_Ganguly/Sourav_Ganguly_0005.jpg,0.2704523205757141,1
/home/anitadonato/tcc/tcc/data/lfw/lfw-funneled/Victoria_Clarke/Victoria_Clarke_0003.jpg,/home/anitadonato/tcc/tcc/data/lfw/lfw-funneled/Victoria_Clarke/Victoria_Clarke_0002.jpg,0.21579384803771973,1
/home/anitadonato/tcc/tcc/data/lfw/lfw-funneled/Victoria_Clarke/Victoria_Clarke_0003.jpg,/home/anitadonato/tcc/tcc/data/lfw/lfw-funneled/Victoria_Clarke/Victoria_Clarke_0005.jpg,0.09840011596679688,1
/home/anitadonato/tcc/tcc/data/lfw/lfw-funneled/Victoria_Clarke/Victoria_Clarke_0003.jpg,/home/anitadonato/tcc/tcc/data/lfw/lfw-funneled/Victoria_Clarke/Victoria_Clarke_0004.jpg,0.13350766897201538,1
/home/anitadonato/tcc/tcc/data/lfw/lfw-funneled/Victoria_Clarke/Victoria_Clarke_0003.jpg,/home/anitadonato/tcc/tcc/data/lfw/lfw-funneled/Victoria_Clarke/Victoria_Clarke_0001.jpg,0.21411794424057007,1
/home/anitadonato/tcc/tcc/data/lfw/lfw-funneled/Victoria_Clarke/Victoria_Clarke_0002.jpg,/home/anitadonato/tcc/tcc/data/lfw/lfw-funneled/Victoria_Clarke/Victoria_Clarke_0005.jpg,0.2505492568016052,1
/home/anitadonato/tcc/tcc/data/lfw/lfw-funneled/Victoria_Clarke/Victoria_Clarke_0002.jpg,/home/anitadonato/tcc/tcc/data/lfw/lfw-funneled/Victoria_Clarke/Victoria_Clarke_0004.jpg,0.2032892107963562,1
/home/anitadonato/tcc/tcc/data/lfw/lfw-funneled/Victoria_Clarke/Victoria_Clarke_0002.jpg,/home/anitadonato/tcc/tcc/data/lfw/lfw-funneled/Victoria_Clarke/Victoria_Clarke_0001.jpg,0.31790733337402344,1
/home/anitadonato/tcc/tcc/data/lfw/lfw-funneled/Victoria_Clarke/Victoria_Clarke_0005.jpg,/home/anitadonato/tcc/tcc/data/lfw/lfw-funneled/Victoria_Clarke/Victoria_Clarke_0004.jpg,0.1438537836074829,1
/home/anitadonato/tcc/tcc/data/lfw/lfw-funneled/Victoria_Clarke/Victoria_Clarke_0005.jpg,/home/anitadonato/tcc/tcc/data/lfw/lfw-funneled/Victoria_Clarke/Victoria_Clarke_0001.jpg,0.19450396299362183,1
/home/anitadonato/tcc/tcc/data/lfw/lfw-funneled/Victoria_Clarke/Victoria_Clarke_0004.jpg,/home/anitadonato/tcc/tcc/data/lfw/lfw-funneled/Victoria_Clarke/Victoria_Clarke_0001.jpg,0.21073192358016968,1
/home/anitadonato/tcc/tcc/data/lfw/lfw-funneled/Britney_Spears/Britney_Spears_0005.jpg,/home/anitadonato/tcc/tcc/data/lfw/lfw-funneled/Britney_Spears/Britney_Spears_0001.jpg,0.15133243799209595,1
/home/anitadonato/tcc/tcc/data/lfw/lfw-funneled/Britney_Spears/Britney_Spears_0005.jpg,/home/anitadonato/tcc/tcc/data/lfw/lfw-funneled/Britney_Spears/Britney_Spears_0002.jpg,0.16323202848434448,1
/home/anitadonato/tcc/tcc/data/lfw/lfw-funneled/Britney_Spears/Britney_Spears_0005.jpg,/home/anitadonato/tcc/tcc/data/lfw/lfw-funneled/Britney_Spears/Britney_Spears_0011.jpg,0.18684637546539307,1
/home/anitadonato/tcc/tcc/data/lfw/lfw-funneled/Britney_Spears/Britney_Spears_0005.jpg,/home/anitadonato/tcc/tcc/data/lfw/lfw-funneled/Britney_Spears/Britney_Spears_0007.jpg,0.1581973433494568,1
/home/anitadonato/tcc/tcc/data/lfw/lfw-funneled/Britney_Spears/Britney_Spears_0001.jpg,/home/anitadonato/tcc/tcc/data/lfw/lfw-funneled/Britney_Spears/Britney_Spears_0002.jpg,0.035230159759521484,1
/home/anitadonato/tcc/tcc/data/lfw/lfw-funneled/Britney_Spears/Britney_Spears_0001.jpg,/home/anitadonato/tcc/tcc/data/lfw/lfw-funneled/Britney_Spears/Britney_Spears_0011.jpg,0.2325558066368103,1
/home/anitadonato/tcc/tcc/data/lfw/lfw-funneled/Britney_Spears/Britney_Spears_0001.jpg,/home/anitadonato/tcc/tcc/data/lfw/lfw-funneled/Britney_Spears/Britney_Spears_0007.jpg,0.15080511569976807,1
/home/anitadonato/tcc/tcc/data/lfw/lfw-funneled/Britney_Spears/Britney_Spears_0002.jpg,/home/anitadonato/tcc/tcc/data/lfw/lfw-funneled/Britney_Spears/Britney_Spears_0011.jpg,0.2518917918205261,1
/home/anitadonato/tcc/tcc/data/lfw/lfw-funneled/Britney_Spears/Britney_Spears_0002.jpg,/home/anitadonato/tcc/tcc/data/lfw/lfw-funneled/Britney_Spears/Britney_Spears_0007.jpg,0.17218315601348877,1
/home/anitadonato/tcc/tcc/data/lfw/lfw-funneled/Britney_Spears/Britney_Spears_0011.jpg,/home/anitadonato/tcc/tcc/data/lfw/lfw-funneled/Britney_Spears/Britney_Spears_0007.jpg,0.11275774240493774,1
/home/anitadonato/tcc/tcc/data/lfw/lfw-funneled/Thabo_Mbeki/Thabo_Mbeki_0003.jpg,/home/anitadonato/tcc/tcc/data/lfw/lfw-funneled/Thabo_Mbeki/Thabo_Mbeki_0001.jpg,0.20400208234786987,1
/home/anitadonato/tcc/tcc/data/lfw/lfw-funneled/Thabo_Mbeki/Thabo_Mbeki_0003.jpg,/home/anitadonato/tcc/tcc/data/lfw/lfw-funneled/Thabo_Mbeki/Thabo_Mbeki_0002.jpg,0.1272171139717102,1
/home/anitadonato/tcc/tcc/data/lfw/lfw-funneled/Thabo_Mbeki/Thabo_Mbeki_0003.jpg,/home/anitadonato/tcc/tcc/data/lfw/lfw-funneled/Thabo_Mbeki/Thabo_Mbeki_0005.jpg,0.14752322435379028,1
/home/anitadonato/tcc/tcc/data/lfw/lfw-funneled/Thabo_Mbeki/Thabo_Mbeki_0001.jpg,/home/anitadonato/tcc/tcc/data/lfw/lfw-funneled/Thabo_Mbeki/Thabo_Mbeki_0002.jpg,0.15841162204742432,1
/home/anitadonato/tcc/tcc/data/lfw/lfw-funneled/Thabo_Mbeki/Thabo_Mbeki_0001.jpg,/home/anitadonato/tcc/tcc/data/lfw/lfw-funneled/Thabo_Mbeki/Thabo_Mbeki_0005.jpg,0.17735105752944946,1
/home/anitadonato/tcc/tcc/data/lfw/lfw-funneled/Thabo_Mbeki/Thabo_Mbeki_0002.jpg,/home/anitadonato/tcc/tcc/data/lfw/lfw-funneled/Thabo_Mbeki/Thabo_Mbeki_0005.jpg,0.13232600688934326,1
/home/anitadonato/tcc/tcc/data/lfw/lfw-funneled/Tom_Crean/Tom_Crean_0003.jpg,/home/anitadonato/tcc/tcc/data/lfw/lfw-funneled/Tom_Crean/Tom_Crean_0002.jpg,0.16133469343185425,1
/home/anitadonato/tcc/tcc/data/lfw/lfw-funneled/Tom_Crean/Tom_Crean_0003.jpg,/home/anitadonato/tcc/tcc/data/lfw/lfw-funneled/Tom_Crean/Tom_Crean_0005.jpg,0.17564165592193604,1
/home/anitadonato/tcc/tcc/data/lfw/lfw-funneled/Tom_Crean/Tom_Crean_0003.jpg,/home/anitadonato/tcc/tcc/data/lfw/lfw-funneled/Tom_Crean/Tom_Crean_0004.jpg,0.21336054801940918,1
/home/anitadonato/tcc/tcc/data/lfw/lfw-funneled/Tom_Crean/Tom_Crean_0003.jpg,/home/anitadonato/tcc/tcc/data/lfw/lfw-funneled/Tom_Crean/Tom_Crean_0001.jpg,0.18006885051727295,1
/home/anitadonato/tcc/tcc/data/lfw/lfw-funneled/Tom_Crean/Tom_Crean_0002.jpg,/home/anitadonato/tcc/tcc/data/lfw/lfw-funneled/Tom_Crean/Tom_Crean_0005.jpg,0.167097806930542,1
/home/anitadonato/tcc/tcc/data/lfw/lfw-funneled/Tom_Crean/Tom_Crean_0002.jpg,/home/anitadonato/tcc/tcc/data/lfw/lfw-funneled/Tom_Crean/Tom_Crean_0004.jpg,0.22103995084762573,1
/home/anitadonato/tcc/tcc/data/lfw/lfw-funneled/Tom_Crean/Tom_Crean_0002.jpg,/home/anitadonato/tcc/tcc/data/lfw/lfw-funneled/Tom_Crean/Tom_Crean_0001.jpg,0.18493247032165527,1
/home/anitadonato/tcc/tcc/data/lfw/lfw-funneled/Tom_Crean/Tom_Crean_0005.jpg,/home/anitadonato/tcc/tcc/data/lfw/lfw-funneled/Tom_Crean/Tom_Crean_0004.jpg,0.22077107429504395,1
/home/anitadonato/tcc/tcc/data/lfw/lfw-funneled/Tom_Crean/Tom_Crean_0005.jpg,/home/anitadonato/tcc/tcc/data/lfw/lfw-funneled/Tom_Crean/Tom_Crean_0001.jpg,0.17859750986099243,1
/home/anitadonato/tcc/tcc/data/lfw/lfw-funneled/Tom_Crean/Tom_Crean_0004.jpg,/home/anitadonato/tcc/tcc/data/lfw/lfw-funneled/Tom_Crean/Tom_Crean_0001.jpg,0.20931535959243774,1
/home/anitadonato/tcc/tcc/data/lfw/lfw-funneled/Li_Peng/Li_Peng_0009.jpg,/home/anitadonato/tcc/tcc/data/lfw/lfw-funneled/Li_Peng/Li_Peng_0001.jpg,0.1457476019859314,1
/home/anitadonato/tcc/tcc/data/lfw/lfw-funneled/Li_Peng/Li_Peng_0009.jpg,/home/anitadonato/tcc/tcc/data/lfw/lfw-funneled/Li_Peng/Li_Peng_0008.jpg,0.16944587230682373,1
/home/anitadonato/tcc/tcc/data/lfw/lfw-funneled/Li_Peng/Li_Peng_0009.jpg,/home/anitadonato/tcc/tcc/data/lfw/lfw-funneled/Li_Peng/Li_Peng_0007.jpg,0.1784050464630127,1
/home/anitadonato/tcc/tcc/data/lfw/lfw-funneled/Li_Peng/Li_Peng_0009.jpg,/home/anitadonato/tcc/tcc/data/lfw/lfw-funneled/Li_Peng/Li_Peng_0002.jpg,0.21605539321899414,1
/home/anitadonato/tcc/tcc/data/lfw/lfw-funneled/Li_Peng/Li_Peng_0001.jpg,/home/anitadonato/tcc/tcc/data/lfw/lfw-funneled/Li_Peng/Li_Peng_0008.jpg,0.12788641452789307,1
/home/anitadonato/tcc/tcc/data/lfw/lfw-funneled/Li_Peng/Li_Peng_0001.jpg,/home/anitadonato/tcc/tcc/data/lfw/lfw-funneled/Li_Peng/Li_Peng_0007.jpg,0.12002956867218018,1
/home/anitadonato/tcc/tcc/data/lfw/lfw-funneled/Li_Peng/Li_Peng_0001.jpg,/home/anitadonato/tcc/tcc/data/lfw/lfw-funneled/Li_Peng/Li_Peng_0002.jpg,0.18505024909973145,1
/home/anitadonato/tcc/tcc/data/lfw/lfw-funneled/Li_Peng/Li_Peng_0008.jpg,/home/anitadonato/tcc/tcc/data/lfw/lfw-funneled/Li_Peng/Li_Peng_0007.jpg,0.12007546424865723,1
/home/anitadonato/tcc/tcc/data/lfw/lfw-funneled/Li_Peng/Li_Peng_0008.jpg,/home/anitadonato/tcc/tcc/data/lfw/lfw-funneled/Li_Peng/Li_Peng_0002.jpg,0.14241087436676025,1
/home/anitadonato/tcc/tcc/data/lfw/lfw-funneled/Li_Peng/Li_Peng_0007.jpg,/home/anitadonato/tcc/tcc/data/lfw/lfw-funneled/Li_Peng/Li_Peng_0002.jpg,0.16858220100402832,1
/home/anitadonato/tcc/tcc/data/lfw/lfw-funneled/Richard_Gephardt/Richard_Gephardt_0009.jpg,/home/anitadonato/tcc/tcc/data/lfw/lfw-funneled/Richard_Gephardt/Richard_Gephardt_0001.jpg,0.18999570608139038,1
/home/anitadonato/tcc/tcc/data/lfw/lfw-funneled/Richard_Gephardt/Richard_Gephardt_0009.jpg,/home/anitadonato/tcc/tcc/data/lfw/lfw-funneled/Richard_Gephardt/Richard_Gephardt_0006.jpg,0.1611558198928833,1
/home/anitadonato/tcc/tcc/data/lfw/lfw-funneled/Richard_Gephardt/Richard_Gephardt_0009.jpg,/home/anitadonato/tcc/tcc/data/lfw/lfw-funneled/Richard_Gephardt/Richard_Gephardt_0003.jpg,0.1264227032661438,1
/home/anitadonato/tcc/tcc/data/lfw/lfw-funneled/Richard_Gephardt/Richard_Gephardt_0009.jpg,/home/anitadonato/tcc/tcc/data/lfw/lfw-funneled/Richard_Gephardt/Richard_Gephardt_0004.jpg,0.2021227478981018,1
/home/anitadonato/tcc/tcc/data/lfw/lfw-funneled/Richard_Gephardt/Richard_Gephardt_0001.jpg,/home/anitadonato/tcc/tcc/data/lfw/lfw-funneled/Richard_Gephardt/Richard_Gephardt_0006.jpg,0.17728519439697266,1
/home/anitadonato/tcc/tcc/data/lfw/lfw-funneled/Richard_Gephardt/Richard_Gephardt_0001.jpg,/home/anitadonato/tcc/tcc/data/lfw/lfw-funneled/Richard_Gephardt/Richard_Gephardt_0003.jpg,0.14710134267807007,1
/home/anitadonato/tcc/tcc/data/lfw/lfw-funneled/Richard_Gephardt/Richard_Gephardt_0001.jpg,/home/anitadonato/tcc/tcc/data/lfw/lfw-funneled/Richard_Gephardt/Richard_Gephardt_0004.jpg,0.16071122884750366,1
/home/anitadonato/tcc/tcc/data/lfw/lfw-funneled/Richard_Gephardt/Richard_Gephardt_0006.jpg,/home/anitadonato/tcc/tcc/data/lfw/lfw-funneled/Richard_Gephardt/Richard_Gephardt_0003.jpg,0.12342846393585205,1
/home/anitadonato/tcc/tcc/data/lfw/lfw-funneled/Richard_Gephardt/Richard_Gephardt_0006.jpg,/home/anitadonato/tcc/tcc/data/lfw/lfw-funneled/Richard_Gephardt/Richard_Gephardt_0004.jpg,0.14119189977645874,1
/home/anitadonato/tcc/tcc/data/lfw/lfw-funneled/Richard_Gephardt/Richard_Gephardt_0003.jpg,/home/anitadonato/tcc/tcc/data/lfw/lfw-funneled/Richard_Gephardt/Richard_Gephardt_0004.jpg,0.12562841176986694,1
/home/anitadonato/tcc/tcc/data/lfw/lfw-funneled/John_Ashcroft/John_Ashcroft_0009.jpg,/home/anitadonato/tcc/tcc/data/lfw/lfw-funneled/John_Ashcroft/John_Ashcroft_0003.jpg,0.18485331535339355,1
/home/anitadonato/tcc/tcc/data/lfw/lfw-funneled/John_Ashcroft/John_Ashcroft_0009.jpg,/home/anitadonato/tcc/tcc/data/lfw/lfw-funneled/John_Ashcroft/John_Ashcroft_0020.jpg,0.18876081705093384,1
/home/anitadonato/tcc/tcc/data/lfw/lfw-funneled/John_Ashcroft/John_Ashcroft_0009.jpg,/home/anitadonato/tcc/tcc/data/lfw/lfw-funneled/John_Ashcroft/John_Ashcroft_0024.jpg,0.23246657848358154,1
/home/anitadonato/tcc/tcc/data/lfw/lfw-funneled/John_Ashcroft/John_Ashcroft_0009.jpg,/home/anitadonato/tcc/tcc/data/lfw/lfw-funneled/John_Ashcroft/John_Ashcroft_0051.jpg,0.1264709234237671,1
/home/anitadonato/tcc/tcc/data/lfw/lfw-funneled/John_Ashcroft/John_Ashcroft_0003.jpg,/home/anitadonato/tcc/tcc/data/lfw/lfw-funneled/John_Ashcroft/John_Ashcroft_0020.jpg,0.16308844089508057,1
/home/anitadonato/tcc/tcc/data/lfw/lfw-funneled/John_Ashcroft/John_Ashcroft_0003.jpg,/home/anitadonato/tcc/tcc/data/lfw/lfw-funneled/John_Ashcroft/John_Ashcroft_0024.jpg,0.24993294477462769,1
/home/anitadonato/tcc/tcc/data/lfw/lfw-funneled/John_Ashcroft/John_Ashcroft_0003.jpg,/home/anitadonato/tcc/tcc/data/lfw/lfw-funneled/John_Ashcroft/John_Ashcroft_0051.jpg,0.14531344175338745,1
/home/anitadonato/tcc/tcc/data/lfw/lfw-funneled/John_Ashcroft/John_Ashcroft_0020.jpg,/home/anitadonato/tcc/tcc/data/lfw/lfw-funneled/John_Ashcroft/John_Ashcroft_0024.jpg,0.32744669914245605,1
/home/anitadonato/tcc/tcc/data/lfw/lfw-funneled/John_Ashcroft/John_Ashcroft_0020.jpg,/home/anitadonato/tcc/tcc/data/lfw/lfw-funneled/John_Ashcroft/John_Ashcroft_0051.jpg,0.15634596347808838,1
/home/anitadonato/tcc/tcc/data/lfw/lfw-funneled/John_Ashcroft/John_Ashcroft_0024.jpg,/home/anitadonato/tcc/tcc/data/lfw/lfw-funneled/John_Ashcroft/John_Ashcroft_0051.jpg,0.2695605158805847,1
/home/anitadonato/tcc/tcc/data/lfw/lfw-funneled/David_Anderson/David_Anderson_0001.jpg,/home/anitadonato/tcc/tcc/data/lfw/lfw-funneled/David_Anderson/David_Anderson_0003.jpg,0.24148136377334595,1
/home/anitadonato/tcc/tcc/data/lfw/lfw-funneled/David_Anderson/David_Anderson_0001.jpg,/home/anitadonato/tcc/tcc/data/lfw/lfw-funneled/David_Anderson/David_Anderson_0005.jpg,0.19044768810272217,1
/home/anitadonato/tcc/tcc/data/lfw/lfw-funneled/David_Anderson/David_Anderson_0001.jpg,/home/anitadonato/tcc/tcc/data/lfw/lfw-funneled/David_Anderson/David_Anderson_0004.jpg,0.18011397123336792,1
/home/anitadonato/tcc/tcc/data/lfw/lfw-funneled/David_Anderson/David_Anderson_0001.jpg,/home/anitadonato/tcc/tcc/data/lfw/lfw-funneled/David_Anderson/David_Anderson_0002.jpg,0.20674914121627808,1
/home/anitadonato/tcc/tcc/data/lfw/lfw-funneled/David_Anderson/David_Anderson_0003.jpg,/home/anitadonato/tcc/tcc/data/lfw/lfw-funneled/David_Anderson/David_Anderson_0005.jpg,0.19804710149765015,1
/home/anitadonato/tcc/tcc/data/lfw/lfw-funneled/David_Anderson/David_Anderson_0003.jpg,/home/anitadonato/tcc/tcc/data/lfw/lfw-funneled/David_Anderson/David_Anderson_0004.jpg,0.21467089653015137,1
/home/anitadonato/tcc/tcc/data/lfw/lfw-funneled/David_Anderson/David_Anderson_0003.jpg,/home/anitadonato/tcc/tcc/data/lfw/lfw-funneled/David_Anderson/David_Anderson_0002.jpg,0.2040311098098755,1
/home/anitadonato/tcc/tcc/data/lfw/lfw-funneled/David_Anderson/David_Anderson_0005.jpg,/home/anitadonato/tcc/tcc/data/lfw/lfw-funneled/David_Anderson/David_Anderson_0004.jpg,0.17827057838439941,1
/home/anitadonato/tcc/tcc/data/lfw/lfw-funneled/David_Anderson/David_Anderson_0005.jpg,/home/anitadonato/tcc/tcc/data/lfw/lfw-funneled/David_Anderson/David_Anderson_0002.jpg,0.22331929206848145,1
/home/anitadonato/tcc/tcc/data/lfw/lfw-funneled/David_Anderson/David_Anderson_0004.jpg,/home/anitadonato/tcc/tcc/data/lfw/lfw-funneled/David_Anderson/David_Anderson_0002.jpg,0.19144529104232788,1
/home/anitadonato/tcc/tcc/data/lfw/lfw-funneled/John_Howard/John_Howard_0012.jpg,/home/anitadonato/tcc/tcc/data/lfw/lfw-funneled/John_Howard/John_Howard_0018.jpg,0.16845357418060303,1
/home/anitadonato/tcc/tcc/data/lfw/lfw-funneled/John_Howard/John_Howard_0012.jpg,/home/anitadonato/tcc/tcc/data/lfw/lfw-funneled/John_Howard/John_Howard_0014.jpg,0.2079678177833557,1
/home/anitadonato/tcc/tcc/data/lfw/lfw-funneled/John_Howard/John_Howard_0012.jpg,/home/anitadonato/tcc/tcc/data/lfw/lfw-funneled/John_Howard/John_Howard_0005.jpg,0.20185935497283936,1
/home/anitadonato/tcc/tcc/data/lfw/lfw-funneled/John_Howard/John_Howard_0012.jpg,/home/anitadonato/tcc/tcc/data/lfw/lfw-funneled/John_Howard/John_Howard_0015.jpg,0.1656632423400879,1
/home/anitadonato/tcc/tcc/data/lfw/lfw-funneled/John_Howard/John_Howard_0018.jpg,/home/anitadonato/tcc/tcc/data/lfw/lfw-funneled/John_Howard/John_Howard_0014.jpg,0.17252862453460693,1
/home/anitadonato/tcc/tcc/data/lfw/lfw-funneled/John_Howard/John_Howard_0018.jpg,/home/anitadonato/tcc/tcc/data/lfw/lfw-funneled/John_Howard/John_Howard_0005.jpg,0.19294583797454834,1
/home/anitadonato/tcc/tcc/data/lfw/lfw-funneled/John_Howard/John_Howard_0018.jpg,/home/anitadonato/tcc/tcc/data/lfw/lfw-funneled/John_Howard/John_Howard_0015.jpg,0.21297115087509155,1
/home/anitadonato/tcc/tcc/data/lfw/lfw-funneled/John_Howard/John_Howard_0014.jpg,/home/anitadonato/tcc/tcc/data/lfw/lfw-funneled/John_Howard/John_Howard_0005.jpg,0.12614846229553223,1
/home/anitadonato/tcc/tcc/data/lfw/lfw-funneled/John_Howard/John_Howard_0014.jpg,/home/anitadonato/tcc/tcc/data/lfw/lfw-funneled/John_Howard/John_Howard_0015.jpg,0.175481379032135,1
/home/anitadonato/tcc/tcc/data/lfw/lfw-funneled/John_Howard/John_Howard_0005.jpg,/home/anitadonato/tcc/tcc/data/lfw/lfw-funneled/John_Howard/John_Howard_0015.jpg,0.14913946390151978,1
/home/anitadonato/tcc/tcc/data/lfw/lfw-funneled/Jiri_Novak/Jiri_Novak_0004.jpg,/home/anitadonato/tcc/tcc/data/lfw/lfw-funneled/Jiri_Novak/Jiri_Novak_0003.jpg,0.182930588722229,1
/home/anitadonato/tcc/tcc/data/lfw/lfw-funneled/Jiri_Novak/Jiri_Novak_0004.jpg,/home/anitadonato/tcc/tcc/data/lfw/lfw-funneled/Jiri_Novak/Jiri_Novak_0010.jpg,0.10588353872299194,1
/home/anitadonato/tcc/tcc/data/lfw/lfw-funneled/Jiri_Novak/Jiri_Novak_0004.jpg,/home/anitadonato/tcc/tcc/data/lfw/lfw-funneled/Jiri_Novak/Jiri_Novak_0007.jpg,0.13928556442260742,1
/home/anitadonato/tcc/tcc/data/lfw/lfw-funneled/Jiri_Novak/Jiri_Novak_0004.jpg,/home/anitadonato/tcc/tcc/data/lfw/lfw-funneled/Jiri_Novak/Jiri_Novak_0001.jpg,0.10688841342926025,1
/home/anitadonato/tcc/tcc/data/lfw/lfw-funneled/Jiri_Novak/Jiri_Novak_0003.jpg,/home/anitadonato/tcc/tcc/data/lfw/lfw-funneled/Jiri_Novak/Jiri_Novak_0010.jpg,0.20036685466766357,1
/home/anitadonato/tcc/tcc/data/lfw/lfw-funneled/Jiri_Novak/Jiri_Novak_0003.jpg,/home/anitadonato/tcc/tcc/data/lfw/lfw-funneled/Jiri_Novak/Jiri_Novak_0007.jpg,0.17499619722366333,1
/home/anitadonato/tcc/tcc/data/lfw/lfw-funneled/Jiri_Novak/Jiri_Novak_0003.jpg,/home/anitadonato/tcc/tcc/data/lfw/lfw-funneled/Jiri_Novak/Jiri_Novak_0001.jpg,0.20950037240982056,1
/home/anitadonato/tcc/tcc/data/lfw/lfw-funneled/Jiri_Novak/Jiri_Novak_0010.jpg,/home/anitadonato/tcc/tcc/data/lfw/lfw-funneled/Jiri_Novak/Jiri_Novak_0007.jpg,0.16297763586044312,1
/home/anitadonato/tcc/tcc/data/lfw/lfw-funneled/Jiri_Novak/Jiri_Novak_0010.jpg,/home/anitadonato/tcc/tcc/data/lfw/lfw-funneled/Jiri_Novak/Jiri_Novak_0001.jpg,0.12171071767807007,1
/home/anitadonato/tcc/tcc/data/lfw/lfw-funneled/Jiri_Novak/Jiri_Novak_0007.jpg,/home/anitadonato/tcc/tcc/data/lfw/lfw-funneled/Jiri_Novak/Jiri_Novak_0001.jpg,0.16542458534240723,1
/home/anitadonato/tcc/tcc/data/lfw/lfw-funneled/Erika_Harold/Erika_Harold_0002.jpg,/home/anitadonato/tcc/tcc/data/lfw/lfw-funneled/Erika_Harold/Erika_Harold_0003.jpg,0.2215712070465088,1
/home/anitadonato/tcc/tcc/data/lfw/lfw-funneled/Erika_Harold/Erika_Harold_0002.jpg,/home/anitadonato/tcc/tcc/data/lfw/lfw-funneled/Erika_Harold/Erika_Harold_0005.jpg,0.12585234642028809,1
/home/anitadonato/tcc/tcc/data/lfw/lfw-funneled/Erika_Harold/Erika_Harold_0002.jpg,/home/anitadonato/tcc/tcc/data/lfw/lfw-funneled/Erika_Harold/Erika_Harold_0001.jpg,0.1104082465171814,1
/home/anitadonato/tcc/tcc/data/lfw/lfw-funneled/Erika_Harold/Erika_Harold_0002.jpg,/home/anitadonato/tcc/tcc/data/lfw/lfw-funneled/Erika_Harold/Erika_Harold_0004.jpg,0.1366497278213501,1
/home/anitadonato/tcc/tcc/data/lfw/lfw-funneled/Erika_Harold/Erika_Harold_0003.jpg,/home/anitadonato/tcc/tcc/data/lfw/lfw-funneled/Erika_Harold/Erika_Harold_0005.jpg,0.1592179536819458,1
/home/anitadonato/tcc/tcc/data/lfw/lfw-funneled/Erika_Harold/Erika_Harold_0003.jpg,/home/anitadonato/tcc/tcc/data/lfw/lfw-funneled/Erika_Harold/Erika_Harold_0001.jpg,0.20093584060668945,1
/home/anitadonato/tcc/tcc/data/lfw/lfw-funneled/Erika_Harold/Erika_Harold_0003.jpg,/home/anitadonato/tcc/tcc/data/lfw/lfw-funneled/Erika_Harold/Erika_Harold_0004.jpg,0.16622227430343628,1
/home/anitadonato/tcc/tcc/data/lfw/lfw-funneled/Erika_Harold/Erika_Harold_0005.jpg,/home/anitadonato/tcc/tcc/data/lfw/lfw-funneled/Erika_Harold/Erika_Harold_0001.jpg,0.10314136743545532,1
/home/anitadonato/tcc/tcc/data/lfw/lfw-funneled/Erika_Harold/Erika_Harold_0005.jpg,/home/anitadonato/tcc/tcc/data/lfw/lfw-funneled/Erika_Harold/Erika_Harold_0004.jpg,0.10833859443664551,1
/home/anitadonato/tcc/tcc/data/lfw/lfw-funneled/Erika_Harold/Erika_Harold_0001.jpg,/home/anitadonato/tcc/tcc/data/lfw/lfw-funneled/Erika_Harold/Erika_Harold_0004.jpg,0.14527851343154907,1
/home/anitadonato/tcc/tcc/data/lfw/lfw-funneled/Halle_Berry/Halle_Berry_0006.jpg,/home/anitadonato/tcc/tcc/data/lfw/lfw-funneled/Halle_Berry/Halle_Berry_0013.jpg,0.1532289981842041,1
/home/anitadonato/tcc/tcc/data/lfw/lfw-funneled/Halle_Berry/Halle_Berry_0006.jpg,/home/anitadonato/tcc/tcc/data/lfw/lfw-funneled/Halle_Berry/Halle_Berry_0012.jpg,0.13126063346862793,1
/home/anitadonato/tcc/tcc/data/lfw/lfw-funneled/Halle_Berry/Halle_Berry_0006.jpg,/home/anitadonato/tcc/tcc/data/lfw/lfw-funneled/Halle_Berry/Halle_Berry_0002.jpg,0.12416571378707886,1
/home/anitadonato/tcc/tcc/data/lfw/lfw-funneled/Halle_Berry/Halle_Berry_0006.jpg,/home/anitadonato/tcc/tcc/data/lfw/lfw-funneled/Halle_Berry/Halle_Berry_0007.jpg,0.0832023024559021,1
/home/anitadonato/tcc/tcc/data/lfw/lfw-funneled/Halle_Berry/Halle_Berry_0013.jpg,/home/anitadonato/tcc/tcc/data/lfw/lfw-funneled/Halle_Berry/Halle_Berry_0012.jpg,0.10640108585357666,1
/home/anitadonato/tcc/tcc/data/lfw/lfw-funneled/Halle_Berry/Halle_Berry_0013.jpg,/home/anitadonato/tcc/tcc/data/lfw/lfw-funneled/Halle_Berry/Halle_Berry_0002.jpg,0.1771836280822754,1
/home/anitadonato/tcc/tcc/data/lfw/lfw-funneled/Halle_Berry/Halle_Berry_0013.jpg,/home/anitadonato/tcc/tcc/data/lfw/lfw-funneled/Halle_Berry/Halle_Berry_0007.jpg,0.1608818769454956,1
/home/anitadonato/tcc/tcc/data/lfw/lfw-funneled/Halle_Berry/Halle_Berry_0012.jpg,/home/anitadonato/tcc/tcc/data/lfw/lfw-funneled/Halle_Berry/Halle_Berry_0002.jpg,0.16209977865219116,1
/home/anitadonato/tcc/tcc/data/lfw/lfw-funneled/Halle_Berry/Halle_Berry_0012.jpg,/home/anitadonato/tcc/tcc/data/lfw/lfw-funneled/Halle_Berry/Halle_Berry_0007.jpg,0.1301977038383484,1
/home/anitadonato/tcc/tcc/data/lfw/lfw-funneled/Halle_Berry/Halle_Berry_0002.jpg,/home/anitadonato/tcc/tcc/data/lfw/lfw-funneled/Halle_Berry/Halle_Berry_0007.jpg,0.15598803758621216,1
/home/anitadonato/tcc/tcc/data/lfw/lfw-funneled/Robert_Blake/Robert_Blake_0001.jpg,/home/anitadonato/tcc/tcc/data/lfw/lfw-funneled/Robert_Blake/Robert_Blake_0007.jpg,0.15920418500900269,1
/home/anitadonato/tcc/tcc/data/lfw/lfw-funneled/Robert_Blake/Robert_Blake_0001.jpg,/home/anitadonato/tcc/tcc/data/lfw/lfw-funneled/Robert_Blake/Robert_Blake_0004.jpg,0.18981808423995972,1
/home/anitadonato/tcc/tcc/data/lfw/lfw-funneled/Robert_Blake/Robert_Blake_0001.jpg,/home/anitadonato/tcc/tcc/data/lfw/lfw-funneled/Robert_Blake/Robert_Blake_0002.jpg,0.1676727533340454,1
/home/anitadonato/tcc/tcc/data/lfw/lfw-funneled/Robert_Blake/Robert_Blake_0001.jpg,/home/anitadonato/tcc/tcc/data/lfw/lfw-funneled/Robert_Blake/Robert_Blake_0005.jpg,0.07769805192947388,1
/home/anitadonato/tcc/tcc/data/lfw/lfw-funneled/Robert_Blake/Robert_Blake_0007.jpg,/home/anitadonato/tcc/tcc/data/lfw/lfw-funneled/Robert_Blake/Robert_Blake_0004.jpg,0.1771543025970459,1
/home/anitadonato/tcc/tcc/data/lfw/lfw-funneled/Robert_Blake/Robert_Blake_0007.jpg,/home/anitadonato/tcc/tcc/data/lfw/lfw-funneled/Robert_Blake/Robert_Blake_0002.jpg,0.18363261222839355,1
/home/anitadonato/tcc/tcc/data/lfw/lfw-funneled/Robert_Blake/Robert_Blake_0007.jpg,/home/anitadonato/tcc/tcc/data/lfw/lfw-funneled/Robert_Blake/Robert_Blake_0005.jpg,0.16267549991607666,1
/home/anitadonato/tcc/tcc/data/lfw/lfw-funneled/Robert_Blake/Robert_Blake_0004.jpg,/home/anitadonato/tcc/tcc/data/lfw/lfw-funneled/Robert_Blake/Robert_Blake_0002.jpg,0.059765398502349854,1
/home/anitadonato/tcc/tcc/data/lfw/lfw-funneled/Robert_Blake/Robert_Blake_0004.jpg,/home/anitadonato/tcc/tcc/data/lfw/lfw-funneled/Robert_Blake/Robert_Blake_0005.jpg,0.2063174843788147,1
/home/anitadonato/tcc/tcc/data/lfw/lfw-funneled/Robert_Blake/Robert_Blake_0002.jpg,/home/anitadonato/tcc/tcc/data/lfw/lfw-funneled/Robert_Blake/Robert_Blake_0005.jpg,0.1820194125175476,1
/home/anitadonato/tcc/tcc/data/lfw/lfw-funneled/Bernard_Law/Bernard_Law_0004.jpg,/home/anitadonato/tcc/tcc/data/lfw/lfw-funneled/Bernard_Law/Bernard_Law_0003.jpg,0.14540332555770874,1
/home/anitadonato/tcc/tcc/data/lfw/lfw-funneled/Bernard_Law/Bernard_Law_0004.jpg,/home/anitadonato/tcc/tcc/data/lfw/lfw-funneled/Bernard_Law/Bernard_Law_0002.jpg,0.11719173192977905,1
/home/anitadonato/tcc/tcc/data/lfw/lfw-funneled/Bernard_Law/Bernard_Law_0004.jpg,/home/anitadonato/tcc/tcc/data/lfw/lfw-funneled/Bernard_Law/Bernard_Law_0001.jpg,0.1364825963973999,1
/home/anitadonato/tcc/tcc/data/lfw/lfw-funneled/Bernard_Law/Bernard_Law_0004.jpg,/home/anitadonato/tcc/tcc/data/lfw/lfw-funneled/Bernard_Law/Bernard_Law_0005.jpg,0.141645610332489,1
/home/anitadonato/tcc/tcc/data/lfw/lfw-funneled/Bernard_Law/Bernard_Law_0003.jpg,/home/anitadonato/tcc/tcc/data/lfw/lfw-funneled/Bernard_Law/Bernard_Law_0002.jpg,0.14638769626617432,1
/home/anitadonato/tcc/tcc/data/lfw/lfw-funneled/Bernard_Law/Bernard_Law_0003.jpg,/home/anitadonato/tcc/tcc/data/lfw/lfw-funneled/Bernard_Law/Bernard_Law_0001.jpg,0.1549750566482544,1
/home/anitadonato/tcc/tcc/data/lfw/lfw-funneled/Bernard_Law/Bernard_Law_0003.jpg,/home/anitadonato/tcc/tcc/data/lfw/lfw-funneled/Bernard_Law/Bernard_Law_0005.jpg,0.2026594877243042,1
/home/anitadonato/tcc/tcc/data/lfw/lfw-funneled/Bernard_Law/Bernard_Law_0002.jpg,/home/anitadonato/tcc/tcc/data/lfw/lfw-funneled/Bernard_Law/Bernard_Law_0001.jpg,0.14301013946533203,1
/home/anitadonato/tcc/tcc/data/lfw/lfw-funneled/Bernard_Law/Bernard_Law_0002.jpg,/home/anitadonato/tcc/tcc/data/lfw/lfw-funneled/Bernard_Law/Bernard_Law_0005.jpg,0.19990038871765137,1
/home/anitadonato/tcc/tcc/data/lfw/lfw-funneled/Bernard_Law/Bernard_Law_0001.jpg,/home/anitadonato/tcc/tcc/data/lfw/lfw-funneled/Bernard_Law/Bernard_Law_0005.jpg,0.17671972513198853,1
/home/anitadonato/tcc/tcc/data/lfw/lfw-funneled/Peter_Struck/Peter_Struck_0001.jpg,/home/anitadonato/tcc/tcc/data/lfw/lfw-funneled/Peter_Struck/Peter_Struck_0002.jpg,0.27048981189727783,1
/home/anitadonato/tcc/tcc/data/lfw/lfw-funneled/Peter_Struck/Peter_Struck_0001.jpg,/home/anitadonato/tcc/tcc/data/lfw/lfw-funneled/Peter_Struck/Peter_Struck_0004.jpg,0.20140397548675537,1
/home/anitadonato/tcc/tcc/data/lfw/lfw-funneled/Peter_Struck/Peter_Struck_0001.jpg,/home/anitadonato/tcc/tcc/data/lfw/lfw-funneled/Peter_Struck/Peter_Struck_0003.jpg,0.1228216290473938,1
/home/anitadonato/tcc/tcc/data/lfw/lfw-funneled/Peter_Struck/Peter_Struck_0001.jpg,/home/anitadonato/tcc/tcc/data/lfw/lfw-funneled/Peter_Struck/Peter_Struck_0005.jpg,0.2702699303627014,1
/home/anitadonato/tcc/tcc/data/lfw/lfw-funneled/Peter_Struck/Peter_Struck_0002.jpg,/home/anitadonato/tcc/tcc/data/lfw/lfw-funneled/Peter_Struck/Peter_Struck_0004.jpg,0.17915117740631104,1
/home/anitadonato/tcc/tcc/data/lfw/lfw-funneled/Peter_Struck/Peter_Struck_0002.jpg,/home/anitadonato/tcc/tcc/data/lfw/lfw-funneled/Peter_Struck/Peter_Struck_0003.jpg,0.28447628021240234,1
/home/anitadonato/tcc/tcc/data/lfw/lfw-funneled/Peter_Struck/Peter_Struck_0002.jpg,/home/anitadonato/tcc/tcc/data/lfw/lfw-funneled/Peter_Struck/Peter_Struck_0005.jpg,0.16378813982009888,1
/home/anitadonato/tcc/tcc/data/lfw/lfw-funneled/Peter_Struck/Peter_Struck_0004.jpg,/home/anitadonato/tcc/tcc/data/lfw/lfw-funneled/Peter_Struck/Peter_Struck_0003.jpg,0.1961384415626526,1
/home/anitadonato/tcc/tcc/data/lfw/lfw-funneled/Peter_Struck/Peter_Struck_0004.jpg,/home/anitadonato/tcc/tcc/data/lfw/lfw-funneled/Peter_Struck/Peter_Struck_0005.jpg,0.17358922958374023,1
/home/anitadonato/tcc/tcc/data/lfw/lfw-funneled/Peter_Struck/Peter_Struck_0003.jpg,/home/anitadonato/tcc/tcc/data/lfw/lfw-funneled/Peter_Struck/Peter_Struck_0005.jpg,0.26245635747909546,1
/home/anitadonato/tcc/tcc/data/lfw/lfw-funneled/Winona_Ryder/Winona_Ryder_0003.jpg,/home/anitadonato/tcc/tcc/data/lfw/lfw-funneled/Winona_Ryder/Winona_Ryder_0009.jpg,0.24651145935058594,1
/home/anitadonato/tcc/tcc/data/lfw/lfw-funneled/Winona_Ryder/Winona_Ryder_0003.jpg,/home/anitadonato/tcc/tcc/data/lfw/lfw-funneled/Winona_Ryder/Winona_Ryder_0012.jpg,0.2321266531944275,1
/home/anitadonato/tcc/tcc/data/lfw/lfw-funneled/Winona_Ryder/Winona_Ryder_0003.jpg,/home/anitadonato/tcc/tcc/data/lfw/lfw-funneled/Winona_Ryder/Winona_Ryder_0021.jpg,0.20206594467163086,1
/home/anitadonato/tcc/tcc/data/lfw/lfw-funneled/Winona_Ryder/Winona_Ryder_0003.jpg,/home/anitadonato/tcc/tcc/data/lfw/lfw-funneled/Winona_Ryder/Winona_Ryder_0017.jpg,0.2947121262550354,1
/home/anitadonato/tcc/tcc/data/lfw/lfw-funneled/Winona_Ryder/Winona_Ryder_0009.jpg,/home/anitadonato/tcc/tcc/data/lfw/lfw-funneled/Winona_Ryder/Winona_Ryder_0012.jpg,0.14118629693984985,1
/home/anitadonato/tcc/tcc/data/lfw/lfw-funneled/Winona_Ryder/Winona_Ryder_0009.jpg,/home/anitadonato/tcc/tcc/data/lfw/lfw-funneled/Winona_Ryder/Winona_Ryder_0021.jpg,0.2417547106742859,1
/home/anitadonato/tcc/tcc/data/lfw/lfw-funneled/Winona_Ryder/Winona_Ryder_0009.jpg,/home/anitadonato/tcc/tcc/data/lfw/lfw-funneled/Winona_Ryder/Winona_Ryder_0017.jpg,0.20481187105178833,1
/home/anitadonato/tcc/tcc/data/lfw/lfw-funneled/Winona_Ryder/Winona_Ryder_0012.jpg,/home/anitadonato/tcc/tcc/data/lfw/lfw-funneled/Winona_Ryder/Winona_Ryder_0021.jpg,0.1835586428642273,1
/home/anitadonato/tcc/tcc/data/lfw/lfw-funneled/Winona_Ryder/Winona_Ryder_0012.jpg,/home/anitadonato/tcc/tcc/data/lfw/lfw-funneled/Winona_Ryder/Winona_Ryder_0017.jpg,0.24409037828445435,1
/home/anitadonato/tcc/tcc/data/lfw/lfw-funneled/Winona_Ryder/Winona_Ryder_0021.jpg,/home/anitadonato/tcc/tcc/data/lfw/lfw-funneled/Winona_Ryder/Winona_Ryder_0017.jpg,0.28483182191848755,1
/home/anitadonato/tcc/tcc/data/lfw/lfw-funneled/David_Trimble/David_Trimble_0004.jpg,/home/anitadonato/tcc/tcc/data/lfw/lfw-funneled/David_Trimble/David_Trimble_0003.jpg,0.13568329811096191,1
/home/anitadonato/tcc/tcc/data/lfw/lfw-funneled/David_Trimble/David_Trimble_0004.jpg,/home/anitadonato/tcc/tcc/data/lfw/lfw-funneled/David_Trimble/David_Trimble_0001.jpg,0.13955527544021606,1
/home/anitadonato/tcc/tcc/data/lfw/lfw-funneled/David_Trimble/David_Trimble_0004.jpg,/home/anitadonato/tcc/tcc/data/lfw/lfw-funneled/David_Trimble/David_Trimble_0005.jpg,0.16847169399261475,1
/home/anitadonato/tcc/tcc/data/lfw/lfw-funneled/David_Trimble/David_Trimble_0004.jpg,/home/anitadonato/tcc/tcc/data/lfw/lfw-funneled/David_Trimble/David_Trimble_0002.jpg,0.12281841039657593,1
/home/anitadonato/tcc/tcc/data/lfw/lfw-funneled/David_Trimble/David_Trimble_0003.jpg,/home/anitadonato/tcc/tcc/data/lfw/lfw-funneled/David_Trimble/David_Trimble_0001.jpg,0.18516677618026733,1
/home/anitadonato/tcc/tcc/data/lfw/lfw-funneled/David_Trimble/David_Trimble_0003.jpg,/home/anitadonato/tcc/tcc/data/lfw/lfw-funneled/David_Trimble/David_Trimble_0005.jpg,0.2082003951072693,1
/home/anitadonato/tcc/tcc/data/lfw/lfw-funneled/David_Trimble/David_Trimble_0003.jpg,/home/anitadonato/tcc/tcc/data/lfw/lfw-funneled/David_Trimble/David_Trimble_0002.jpg,0.2067481279373169,1
/home/anitadonato/tcc/tcc/data/lfw/lfw-funneled/David_Trimble/David_Trimble_0001.jpg,/home/anitadonato/tcc/tcc/data/lfw/lfw-funneled/David_Trimble/David_Trimble_0005.jpg,0.16115283966064453,1
/home/anitadonato/tcc/tcc/data/lfw/lfw-funneled/David_Trimble/David_Trimble_0001.jpg,/home/anitadonato/tcc/tcc/data/lfw/lfw-funneled/David_Trimble/David_Trimble_0002.jpg,0.14789867401123047,1
/home/anitadonato/tcc/tcc/data/lfw/lfw-funneled/David_Trimble/David_Trimble_0005.jpg,/home/anitadonato/tcc/tcc/data/lfw/lfw-funneled/David_Trimble/David_Trimble_0002.jpg,0.1226804256439209,1
/home/anitadonato/tcc/tcc/data/lfw/lfw-funneled/Mike_Martz/Mike_Martz_0002.jpg,/home/anitadonato/tcc/tcc/data/lfw/lfw-funneled/Mike_Martz/Mike_Martz_0005.jpg,0.12628483772277832,1
/home/anitadonato/tcc/tcc/data/lfw/lfw-funneled/Mike_Martz/Mike_Martz_0002.jpg,/home/anitadonato/tcc/tcc/data/lfw/lfw-funneled/Mike_Martz/Mike_Martz_0003.jpg,0.16295301914215088,1
/home/anitadonato/tcc/tcc/data/lfw/lfw-funneled/Mike_Martz/Mike_Martz_0002.jpg,/home/anitadonato/tcc/tcc/data/lfw/lfw-funneled/Mike_Martz/Mike_Martz_0001.jpg,0.10055416822433472,1
/home/anitadonato/tcc/tcc/data/lfw/lfw-funneled/Mike_Martz/Mike_Martz_0002.jpg,/home/anitadonato/tcc/tcc/data/lfw/lfw-funneled/Mike_Martz/Mike_Martz_0004.jpg,0.09458744525909424,1
/home/anitadonato/tcc/tcc/data/lfw/lfw-funneled/Mike_Martz/Mike_Martz_0005.jpg,/home/anitadonato/tcc/tcc/data/lfw/lfw-funneled/Mike_Martz/Mike_Martz_0003.jpg,0.1142391562461853,1
/home/anitadonato/tcc/tcc/data/lfw/lfw-funneled/Mike_Martz/Mike_Martz_0005.jpg,/home/anitadonato/tcc/tcc/data/lfw/lfw-funneled/Mike_Martz/Mike_Martz_0001.jpg,0.06577861309051514,1
/home/anitadonato/tcc/tcc/data/lfw/lfw-funneled/Mike_Martz/Mike_Martz_0005.jpg,/home/anitadonato/tcc/tcc/data/lfw/lfw-funneled/Mike_Martz/Mike_Martz_0004.jpg,0.12083631753921509,1
/home/anitadonato/tcc/tcc/data/lfw/lfw-funneled/Mike_Martz/Mike_Martz_0003.jpg,/home/anitadonato/tcc/tcc/data/lfw/lfw-funneled/Mike_Martz/Mike_Martz_0001.jpg,0.09603822231292725,1
/home/anitadonato/tcc/tcc/data/lfw/lfw-funneled/Mike_Martz/Mike_Martz_0003.jpg,/home/anitadonato/tcc/tcc/data/lfw/lfw-funneled/Mike_Martz/Mike_Martz_0004.jpg,0.16409164667129517,1
/home/anitadonato/tcc/tcc/data/lfw/lfw-funneled/Mike_Martz/Mike_Martz_0001.jpg,/home/anitadonato/tcc/tcc/data/lfw/lfw-funneled/Mike_Martz/Mike_Martz_0004.jpg,0.1111060380935669,1
/home/anitadonato/tcc/tcc/data/lfw/lfw-funneled/Yashwant_Sinha/Yashwant_Sinha_0005.jpg,/home/anitadonato/tcc/tcc/data/lfw/lfw-funneled/Yashwant_Sinha/Yashwant_Sinha_0004.jpg,0.2213268280029297,1
/home/anitadonato/tcc/tcc/data/lfw/lfw-funneled/Yashwant_Sinha/Yashwant_Sinha_0005.jpg,/home/anitadonato/tcc/tcc/data/lfw/lfw-funneled/Yashwant_Sinha/Yashwant_Sinha_0003.jpg,0.07206660509109497,1
/home/anitadonato/tcc/tcc/data/lfw/lfw-funneled/Yashwant_Sinha/Yashwant_Sinha_0005.jpg,/home/anitadonato/tcc/tcc/data/lfw/lfw-funneled/Yashwant_Sinha/Yashwant_Sinha_0007.jpg,0.13941192626953125,1
/home/anitadonato/tcc/tcc/data/lfw/lfw-funneled/Yashwant_Sinha/Yashwant_Sinha_0005.jpg,/home/anitadonato/tcc/tcc/data/lfw/lfw-funneled/Yashwant_Sinha/Yashwant_Sinha_0002.jpg,0.15599876642227173,1
/home/anitadonato/tcc/tcc/data/lfw/lfw-funneled/Yashwant_Sinha/Yashwant_Sinha_0004.jpg,/home/anitadonato/tcc/tcc/data/lfw/lfw-funneled/Yashwant_Sinha/Yashwant_Sinha_0003.jpg,0.17661303281784058,1
/home/anitadonato/tcc/tcc/data/lfw/lfw-funneled/Yashwant_Sinha/Yashwant_Sinha_0004.jpg,/home/anitadonato/tcc/tcc/data/lfw/lfw-funneled/Yashwant_Sinha/Yashwant_Sinha_0007.jpg,0.19792330265045166,1
/home/anitadonato/tcc/tcc/data/lfw/lfw-funneled/Yashwant_Sinha/Yashwant_Sinha_0004.jpg,/home/anitadonato/tcc/tcc/data/lfw/lfw-funneled/Yashwant_Sinha/Yashwant_Sinha_0002.jpg,0.17899149656295776,1
/home/anitadonato/tcc/tcc/data/lfw/lfw-funneled/Yashwant_Sinha/Yashwant_Sinha_0003.jpg,/home/anitadonato/tcc/tcc/data/lfw/lfw-funneled/Yashwant_Sinha/Yashwant_Sinha_0007.jpg,0.10501998662948608,1
/home/anitadonato/tcc/tcc/data/lfw/lfw-funneled/Yashwant_Sinha/Yashwant_Sinha_0003.jpg,/home/anitadonato/tcc/tcc/data/lfw/lfw-funneled/Yashwant_Sinha/Yashwant_Sinha_0002.jpg,0.15054172277450562,1
/home/anitadonato/tcc/tcc/data/lfw/lfw-funneled/Yashwant_Sinha/Yashwant_Sinha_0007.jpg,/home/anitadonato/tcc/tcc/data/lfw/lfw-funneled/Yashwant_Sinha/Yashwant_Sinha_0002.jpg,0.16130340099334717,1
/home/anitadonato/tcc/tcc/data/lfw/lfw-funneled/Roy_Moore/Roy_Moore_0005.jpg,/home/anitadonato/tcc/tcc/data/lfw/lfw-funneled/Roy_Moore/Roy_Moore_0006.jpg,0.13743174076080322,1
/home/anitadonato/tcc/tcc/data/lfw/lfw-funneled/Roy_Moore/Roy_Moore_0005.jpg,/home/anitadonato/tcc/tcc/data/lfw/lfw-funneled/Roy_Moore/Roy_Moore_0001.jpg,0.2041935920715332,1
/home/anitadonato/tcc/tcc/data/lfw/lfw-funneled/Roy_Moore/Roy_Moore_0005.jpg,/home/anitadonato/tcc/tcc/data/lfw/lfw-funneled/Roy_Moore/Roy_Moore_0002.jpg,0.18682056665420532,1
/home/anitadonato/tcc/tcc/data/lfw/lfw-funneled/Roy_Moore/Roy_Moore_0005.jpg,/home/anitadonato/tcc/tcc/data/lfw/lfw-funneled/Roy_Moore/Roy_Moore_0004.jpg,0.1528865098953247,1
/home/anitadonato/tcc/tcc/data/lfw/lfw-funneled/Roy_Moore/Roy_Moore_0006.jpg,/home/anitadonato/tcc/tcc/data/lfw/lfw-funneled/Roy_Moore/Roy_Moore_0001.jpg,0.18204373121261597,1
/home/anitadonato/tcc/tcc/data/lfw/lfw-funneled/Roy_Moore/Roy_Moore_0006.jpg,/home/anitadonato/tcc/tcc/data/lfw/lfw-funneled/Roy_Moore/Roy_Moore_0002.jpg,0.18635642528533936,1
/home/anitadonato/tcc/tcc/data/lfw/lfw-funneled/Roy_Moore/Roy_Moore_0006.jpg,/home/anitadonato/tcc/tcc/data/lfw/lfw-funneled/Roy_Moore/Roy_Moore_0004.jpg,0.16144204139709473,1
/home/anitadonato/tcc/tcc/data/lfw/lfw-funneled/Roy_Moore/Roy_Moore_0001.jpg,/home/anitadonato/tcc/tcc/data/lfw/lfw-funneled/Roy_Moore/Roy_Moore_0002.jpg,0.11126255989074707,1
/home/anitadonato/tcc/tcc/data/lfw/lfw-funneled/Roy_Moore/Roy_Moore_0001.jpg,/home/anitadonato/tcc/tcc/data/lfw/lfw-funneled/Roy_Moore/Roy_Moore_0004.jpg,0.19685667753219604,1
/home/anitadonato/tcc/tcc/data/lfw/lfw-funneled/Roy_Moore/Roy_Moore_0002.jpg,/home/anitadonato/tcc/tcc/data/lfw/lfw-funneled/Roy_Moore/Roy_Moore_0004.jpg,0.16447919607162476,1
/home/anitadonato/tcc/tcc/data/lfw/lfw-funneled/Lleyton_Hewitt/Lleyton_Hewitt_0017.jpg,/home/anitadonato/tcc/tcc/data/lfw/lfw-funneled/Lleyton_Hewitt/Lleyton_Hewitt_0003.jpg,0.13370001316070557,1
/home/anitadonato/tcc/tcc/data/lfw/lfw-funneled/Lleyton_Hewitt/Lleyton_Hewitt_0017.jpg,/home/anitadonato/tcc/tcc/data/lfw/lfw-funneled/Lleyton_Hewitt/Lleyton_Hewitt_0028.jpg,0.20223134756088257,1
/home/anitadonato/tcc/tcc/data/lfw/lfw-funneled/Lleyton_Hewitt/Lleyton_Hewitt_0017.jpg,/home/anitadonato/tcc/tcc/data/lfw/lfw-funneled/Lleyton_Hewitt/Lleyton_Hewitt_0001.jpg,0.16487687826156616,1
/home/anitadonato/tcc/tcc/data/lfw/lfw-funneled/Lleyton_Hewitt/Lleyton_Hewitt_0017.jpg,/home/anitadonato/tcc/tcc/data/lfw/lfw-funneled/Lleyton_Hewitt/Lleyton_Hewitt_0034.jpg,0.11795926094055176,1
/home/anitadonato/tcc/tcc/data/lfw/lfw-funneled/Lleyton_Hewitt/Lleyton_Hewitt_0003.jpg,/home/anitadonato/tcc/tcc/data/lfw/lfw-funneled/Lleyton_Hewitt/Lleyton_Hewitt_0028.jpg,0.20324784517288208,1
/home/anitadonato/tcc/tcc/data/lfw/lfw-funneled/Lleyton_Hewitt/Lleyton_Hewitt_0003.jpg,/home/anitadonato/tcc/tcc/data/lfw/lfw-funneled/Lleyton_Hewitt/Lleyton_Hewitt_0001.jpg,0.16249722242355347,1
/home/anitadonato/tcc/tcc/data/lfw/lfw-funneled/Lleyton_Hewitt/Lleyton_Hewitt_0003.jpg,/home/anitadonato/tcc/tcc/data/lfw/lfw-funneled/Lleyton_Hewitt/Lleyton_Hewitt_0034.jpg,0.11765015125274658,1
/home/anitadonato/tcc/tcc/data/lfw/lfw-funneled/Lleyton_Hewitt/Lleyton_Hewitt_0028.jpg,/home/anitadonato/tcc/tcc/data/lfw/lfw-funneled/Lleyton_Hewitt/Lleyton_Hewitt_0001.jpg,0.2098274827003479,1
/home/anitadonato/tcc/tcc/data/lfw/lfw-funneled/Lleyton_Hewitt/Lleyton_Hewitt_0028.jpg,/home/anitadonato/tcc/tcc/data/lfw/lfw-funneled/Lleyton_Hewitt/Lleyton_Hewitt_0034.jpg,0.213401198387146,1
/home/anitadonato/tcc/tcc/data/lfw/lfw-funneled/Lleyton_Hewitt/Lleyton_Hewitt_0001.jpg,/home/anitadonato/tcc/tcc/data/lfw/lfw-funneled/Lleyton_Hewitt/Lleyton_Hewitt_0034.jpg,0.174271821975708,1
/home/anitadonato/tcc/tcc/data/lfw/lfw-funneled/Salma_Hayek/Salma_Hayek_0013.jpg,/home/anitadonato/tcc/tcc/data/lfw/lfw-funneled/Salma_Hayek/Salma_Hayek_0009.jpg,0.18632173538208008,1
/home/anitadonato/tcc/tcc/data/lfw/lfw-funneled/Salma_Hayek/Salma_Hayek_0013.jpg,/home/anitadonato/tcc/tcc/data/lfw/lfw-funneled/Salma_Hayek/Salma_Hayek_0011.jpg,0.13571381568908691,1
/home/anitadonato/tcc/tcc/data/lfw/lfw-funneled/Salma_Hayek/Salma_Hayek_0013.jpg,/home/anitadonato/tcc/tcc/data/lfw/lfw-funneled/Salma_Hayek/Salma_Hayek_0004.jpg,0.16094040870666504,1
/home/anitadonato/tcc/tcc/data/lfw/lfw-funneled/Salma_Hayek/Salma_Hayek_0013.jpg,/home/anitadonato/tcc/tcc/data/lfw/lfw-funneled/Salma_Hayek/Salma_Hayek_0006.jpg,0.19835329055786133,1
/home/anitadonato/tcc/tcc/data/lfw/lfw-funneled/Salma_Hayek/Salma_Hayek_0009.jpg,/home/anitadonato/tcc/tcc/data/lfw/lfw-funneled/Salma_Hayek/Salma_Hayek_0011.jpg,0.19836139678955078,1
/home/anitadonato/tcc/tcc/data/lfw/lfw-funneled/Salma_Hayek/Salma_Hayek_0009.jpg,/home/anitadonato/tcc/tcc/data/lfw/lfw-funneled/Salma_Hayek/Salma_Hayek_0004.jpg,0.17794203758239746,1
/home/anitadonato/tcc/tcc/data/lfw/lfw-funneled/Salma_Hayek/Salma_Hayek_0009.jpg,/home/anitadonato/tcc/tcc/data/lfw/lfw-funneled/Salma_Hayek/Salma_Hayek_0006.jpg,0.208368182182312,1
/home/anitadonato/tcc/tcc/data/lfw/lfw-funneled/Salma_Hayek/Salma_Hayek_0011.jpg,/home/anitadonato/tcc/tcc/data/lfw/lfw-funneled/Salma_Hayek/Salma_Hayek_0004.jpg,0.137281596660614,1
/home/anitadonato/tcc/tcc/data/lfw/lfw-funneled/Salma_Hayek/Salma_Hayek_0011.jpg,/home/anitadonato/tcc/tcc/data/lfw/lfw-funneled/Salma_Hayek/Salma_Hayek_0006.jpg,0.18407374620437622,1
/home/anitadonato/tcc/tcc/data/lfw/lfw-funneled/Salma_Hayek/Salma_Hayek_0004.jpg,/home/anitadonato/tcc/tcc/data/lfw/lfw-funneled/Salma_Hayek/Salma_Hayek_0006.jpg,0.1819363832473755,1
/home/anitadonato/tcc/tcc/data/lfw/lfw-funneled/Hans_Blix/Hans_Blix_0028.jpg,/home/anitadonato/tcc/tcc/data/lfw/lfw-funneled/Hans_Blix/Hans_Blix_0005.jpg,0.2337815761566162,1
/home/anitadonato/tcc/tcc/data/lfw/lfw-funneled/Hans_Blix/Hans_Blix_0028.jpg,/home/anitadonato/tcc/tcc/data/lfw/lfw-funneled/Hans_Blix/Hans_Blix_0022.jpg,0.2292027473449707,1
/home/anitadonato/tcc/tcc/data/lfw/lfw-funneled/Hans_Blix/Hans_Blix_0028.jpg,/home/anitadonato/tcc/tcc/data/lfw/lfw-funneled/Hans_Blix/Hans_Blix_0021.jpg,0.1921582818031311,1
/home/anitadonato/tcc/tcc/data/lfw/lfw-funneled/Hans_Blix/Hans_Blix_0028.jpg,/home/anitadonato/tcc/tcc/data/lfw/lfw-funneled/Hans_Blix/Hans_Blix_0008.jpg,0.2361026406288147,1
/home/anitadonato/tcc/tcc/data/lfw/lfw-funneled/Hans_Blix/Hans_Blix_0005.jpg,/home/anitadonato/tcc/tcc/data/lfw/lfw-funneled/Hans_Blix/Hans_Blix_0022.jpg,0.16525059938430786,1
/home/anitadonato/tcc/tcc/data/lfw/lfw-funneled/Hans_Blix/Hans_Blix_0005.jpg,/home/anitadonato/tcc/tcc/data/lfw/lfw-funneled/Hans_Blix/Hans_Blix_0021.jpg,0.20518958568572998,1
/home/anitadonato/tcc/tcc/data/lfw/lfw-funneled/Hans_Blix/Hans_Blix_0005.jpg,/home/anitadonato/tcc/tcc/data/lfw/lfw-funneled/Hans_Blix/Hans_Blix_0008.jpg,0.16096782684326172,1
/home/anitadonato/tcc/tcc/data/lfw/lfw-funneled/Hans_Blix/Hans_Blix_0022.jpg,/home/anitadonato/tcc/tcc/data/lfw/lfw-funneled/Hans_Blix/Hans_Blix_0021.jpg,0.24036431312561035,1
/home/anitadonato/tcc/tcc/data/lfw/lfw-funneled/Hans_Blix/Hans_Blix_0022.jpg,/home/anitadonato/tcc/tcc/data/lfw/lfw-funneled/Hans_Blix/Hans_Blix_0008.jpg,0.18454164266586304,1
/home/anitadonato/tcc/tcc/data/lfw/lfw-funneled/Hans_Blix/Hans_Blix_0021.jpg,/home/anitadonato/tcc/tcc/data/lfw/lfw-funneled/Hans_Blix/Hans_Blix_0008.jpg,0.16331452131271362,1
/home/anitadonato/tcc/tcc/data/lfw/lfw-funneled/Zinedine_Zidane/Zinedine_Zidane_0006.jpg,/home/anitadonato/tcc/tcc/data/lfw/lfw-funneled/Zinedine_Zidane/Zinedine_Zidane_0003.jpg,0.232197105884552,1
/home/anitadonato/tcc/tcc/data/lfw/lfw-funneled/Zinedine_Zidane/Zinedine_Zidane_0006.jpg,/home/anitadonato/tcc/tcc/data/lfw/lfw-funneled/Zinedine_Zidane/Zinedine_Zidane_0005.jpg,0.2573293447494507,1
/home/anitadonato/tcc/tcc/data/lfw/lfw-funneled/Zinedine_Zidane/Zinedine_Zidane_0006.jpg,/home/anitadonato/tcc/tcc/data/lfw/lfw-funneled/Zinedine_Zidane/Zinedine_Zidane_0004.jpg,0.18901020288467407,1
/home/anitadonato/tcc/tcc/data/lfw/lfw-funneled/Zinedine_Zidane/Zinedine_Zidane_0006.jpg,/home/anitadonato/tcc/tcc/data/lfw/lfw-funneled/Zinedine_Zidane/Zinedine_Zidane_0002.jpg,0.1898002028465271,1
/home/anitadonato/tcc/tcc/data/lfw/lfw-funneled/Zinedine_Zidane/Zinedine_Zidane_0003.jpg,/home/anitadonato/tcc/tcc/data/lfw/lfw-funneled/Zinedine_Zidane/Zinedine_Zidane_0005.jpg,0.19722872972488403,1
/home/anitadonato/tcc/tcc/data/lfw/lfw-funneled/Zinedine_Zidane/Zinedine_Zidane_0003.jpg,/home/anitadonato/tcc/tcc/data/lfw/lfw-funneled/Zinedine_Zidane/Zinedine_Zidane_0004.jpg,0.15570974349975586,1
/home/anitadonato/tcc/tcc/data/lfw/lfw-funneled/Zinedine_Zidane/Zinedine_Zidane_0003.jpg,/home/anitadonato/tcc/tcc/data/lfw/lfw-funneled/Zinedine_Zidane/Zinedine_Zidane_0002.jpg,0.19393926858901978,1
/home/anitadonato/tcc/tcc/data/lfw/lfw-funneled/Zinedine_Zidane/Zinedine_Zidane_0005.jpg,/home/anitadonato/tcc/tcc/data/lfw/lfw-funneled/Zinedine_Zidane/Zinedine_Zidane_0004.jpg,0.2000451683998108,1
/home/anitadonato/tcc/tcc/data/lfw/lfw-funneled/Zinedine_Zidane/Zinedine_Zidane_0005.jpg,/home/anitadonato/tcc/tcc/data/lfw/lfw-funneled/Zinedine_Zidane/Zinedine_Zidane_0002.jpg,0.2568196654319763,1
/home/anitadonato/tcc/tcc/data/lfw/lfw-funneled/Zinedine_Zidane/Zinedine_Zidane_0004.jpg,/home/anitadonato/tcc/tcc/data/lfw/lfw-funneled/Zinedine_Zidane/Zinedine_Zidane_0002.jpg,0.19441300630569458,1
/home/anitadonato/tcc/tcc/data/lfw/lfw-funneled/Nancy_Pelosi/Nancy_Pelosi_0006.jpg,/home/anitadonato/tcc/tcc/data/lfw/lfw-funneled/Nancy_Pelosi/Nancy_Pelosi_0007.jpg,0.15504318475723267,1
/home/anitadonato/tcc/tcc/data/lfw/lfw-funneled/Nancy_Pelosi/Nancy_Pelosi_0006.jpg,/home/anitadonato/tcc/tcc/data/lfw/lfw-funneled/Nancy_Pelosi/Nancy_Pelosi_0012.jpg,0.18991440534591675,1
/home/anitadonato/tcc/tcc/data/lfw/lfw-funneled/Nancy_Pelosi/Nancy_Pelosi_0006.jpg,/home/anitadonato/tcc/tcc/data/lfw/lfw-funneled/Nancy_Pelosi/Nancy_Pelosi_0005.jpg,0.16788089275360107,1
/home/anitadonato/tcc/tcc/data/lfw/lfw-funneled/Nancy_Pelosi/Nancy_Pelosi_0006.jpg,/home/anitadonato/tcc/tcc/data/lfw/lfw-funneled/Nancy_Pelosi/Nancy_Pelosi_0009.jpg,0.20626294612884521,1
/home/anitadonato/tcc/tcc/data/lfw/lfw-funneled/Nancy_Pelosi/Nancy_Pelosi_0007.jpg,/home/anitadonato/tcc/tcc/data/lfw/lfw-funneled/Nancy_Pelosi/Nancy_Pelosi_0012.jpg,0.18848830461502075,1
/home/anitadonato/tcc/tcc/data/lfw/lfw-funneled/Nancy_Pelosi/Nancy_Pelosi_0007.jpg,/home/anitadonato/tcc/tcc/data/lfw/lfw-funneled/Nancy_Pelosi/Nancy_Pelosi_0005.jpg,0.1719111204147339,1
/home/anitadonato/tcc/tcc/data/lfw/lfw-funneled/Nancy_Pelosi/Nancy_Pelosi_0007.jpg,/home/anitadonato/tcc/tcc/data/lfw/lfw-funneled/Nancy_Pelosi/Nancy_Pelosi_0009.jpg,0.20940697193145752,1
/home/anitadonato/tcc/tcc/data/lfw/lfw-funneled/Nancy_Pelosi/Nancy_Pelosi_0012.jpg,/home/anitadonato/tcc/tcc/data/lfw/lfw-funneled/Nancy_Pelosi/Nancy_Pelosi_0005.jpg,0.1512843370437622,1
/home/anitadonato/tcc/tcc/data/lfw/lfw-funneled/Nancy_Pelosi/Nancy_Pelosi_0012.jpg,/home/anitadonato/tcc/tcc/data/lfw/lfw-funneled/Nancy_Pelosi/Nancy_Pelosi_0009.jpg,0.12742936611175537,1
/home/anitadonato/tcc/tcc/data/lfw/lfw-funneled/Nancy_Pelosi/Nancy_Pelosi_0005.jpg,/home/anitadonato/tcc/tcc/data/lfw/lfw-funneled/Nancy_Pelosi/Nancy_Pelosi_0009.jpg,0.12607228755950928,1
/home/anitadonato/tcc/tcc/data/lfw/lfw-funneled/Tony_Blair/Tony_Blair_0033.jpg,/home/anitadonato/tcc/tcc/data/lfw/lfw-funneled/Tony_Blair/Tony_Blair_0050.jpg,0.16349101066589355,1
/home/anitadonato/tcc/tcc/data/lfw/lfw-funneled/Tony_Blair/Tony_Blair_0033.jpg,/home/anitadonato/tcc/tcc/data/lfw/lfw-funneled/Tony_Blair/Tony_Blair_0108.jpg,0.1744697093963623,1
/home/anitadonato/tcc/tcc/data/lfw/lfw-funneled/Tony_Blair/Tony_Blair_0033.jpg,/home/anitadonato/tcc/tcc/data/lfw/lfw-funneled/Tony_Blair/Tony_Blair_0098.jpg,0.14155513048171997,1
/home/anitadonato/tcc/tcc/data/lfw/lfw-funneled/Tony_Blair/Tony_Blair_0033.jpg,/home/anitadonato/tcc/tcc/data/lfw/lfw-funneled/Tony_Blair/Tony_Blair_0045.jpg,0.16995227336883545,1
/home/anitadonato/tcc/tcc/data/lfw/lfw-funneled/Tony_Blair/Tony_Blair_0050.jpg,/home/anitadonato/tcc/tcc/data/lfw/lfw-funneled/Tony_Blair/Tony_Blair_0108.jpg,0.15596985816955566,1
/home/anitadonato/tcc/tcc/data/lfw/lfw-funneled/Tony_Blair/Tony_Blair_0050.jpg,/home/anitadonato/tcc/tcc/data/lfw/lfw-funneled/Tony_Blair/Tony_Blair_0098.jpg,0.20910364389419556,1
/home/anitadonato/tcc/tcc/data/lfw/lfw-funneled/Tony_Blair/Tony_Blair_0050.jpg,/home/anitadonato/tcc/tcc/data/lfw/lfw-funneled/Tony_Blair/Tony_Blair_0045.jpg,0.2531471252441406,1
/home/anitadonato/tcc/tcc/data/lfw/lfw-funneled/Tony_Blair/Tony_Blair_0108.jpg,/home/anitadonato/tcc/tcc/data/lfw/lfw-funneled/Tony_Blair/Tony_Blair_0098.jpg,0.22580838203430176,1
/home/anitadonato/tcc/tcc/data/lfw/lfw-funneled/Tony_Blair/Tony_Blair_0108.jpg,/home/anitadonato/tcc/tcc/data/lfw/lfw-funneled/Tony_Blair/Tony_Blair_0045.jpg,0.23022985458374023,1
/home/anitadonato/tcc/tcc/data/lfw/lfw-funneled/Tony_Blair/Tony_Blair_0098.jpg,/home/anitadonato/tcc/tcc/data/lfw/lfw-funneled/Tony_Blair/Tony_Blair_0045.jpg,0.2459656000137329,1
/home/anitadonato/tcc/tcc/data/lfw/lfw-funneled/Jean-Pierre_Raffarin/Jean-Pierre_Raffarin_0005.jpg,/home/anitadonato/tcc/tcc/data/lfw/lfw-funneled/Jean-Pierre_Raffarin/Jean-Pierre_Raffarin_0007.jpg,0.27560579776763916,1
/home/anitadonato/tcc/tcc/data/lfw/lfw-funneled/Jean-Pierre_Raffarin/Jean-Pierre_Raffarin_0005.jpg,/home/anitadonato/tcc/tcc/data/lfw/lfw-funneled/Jean-Pierre_Raffarin/Jean-Pierre_Raffarin_0003.jpg,0.30637162923812866,1
/home/anitadonato/tcc/tcc/data/lfw/lfw-funneled/Jean-Pierre_Raffarin/Jean-Pierre_Raffarin_0005.jpg,/home/anitadonato/tcc/tcc/data/lfw/lfw-funneled/Jean-Pierre_Raffarin/Jean-Pierre_Raffarin_0004.jpg,0.17564135789871216,1
/home/anitadonato/tcc/tcc/data/lfw/lfw-funneled/Jean-Pierre_Raffarin/Jean-Pierre_Raffarin_0005.jpg,/home/anitadonato/tcc/tcc/data/lfw/lfw-funneled/Jean-Pierre_Raffarin/Jean-Pierre_Raffarin_0006.jpg,0.17683649063110352,1
/home/anitadonato/tcc/tcc/data/lfw/lfw-funneled/Jean-Pierre_Raffarin/Jean-Pierre_Raffarin_0007.jpg,/home/anitadonato/tcc/tcc/data/lfw/lfw-funneled/Jean-Pierre_Raffarin/Jean-Pierre_Raffarin_0003.jpg,0.26288753747940063,1
/home/anitadonato/tcc/tcc/data/lfw/lfw-funneled/Jean-Pierre_Raffarin/Jean-Pierre_Raffarin_0007.jpg,/home/anitadonato/tcc/tcc/data/lfw/lfw-funneled/Jean-Pierre_Raffarin/Jean-Pierre_Raffarin_0004.jpg,0.2396094799041748,1
/home/anitadonato/tcc/tcc/data/lfw/lfw-funneled/Jean-Pierre_Raffarin/Jean-Pierre_Raffarin_0007.jpg,/home/anitadonato/tcc/tcc/data/lfw/lfw-funneled/Jean-Pierre_Raffarin/Jean-Pierre_Raffarin_0006.jpg,0.23110473155975342,1
/home/anitadonato/tcc/tcc/data/lfw/lfw-funneled/Jean-Pierre_Raffarin/Jean-Pierre_Raffarin_0003.jpg,/home/anitadonato/tcc/tcc/data/lfw/lfw-funneled/Jean-Pierre_Raffarin/Jean-Pierre_Raffarin_0004.jpg,0.20887815952301025,1
/home/anitadonato/tcc/tcc/data/lfw/lfw-funneled/Jean-Pierre_Raffarin/Jean-Pierre_Raffarin_0003.jpg,/home/anitadonato/tcc/tcc/data/lfw/lfw-funneled/Jean-Pierre_Raffarin/Jean-Pierre_Raffarin_0006.jpg,0.1977137327194214,1
/home/anitadonato/tcc/tcc/data/lfw/lfw-funneled/Jean-Pierre_Raffarin/Jean-Pierre_Raffarin_0004.jpg,/home/anitadonato/tcc/tcc/data/lfw/lfw-funneled/Jean-Pierre_Raffarin/Jean-Pierre_Raffarin_0006.jpg,0.13763123750686646,1
/home/anitadonato/tcc/tcc/data/lfw/lfw-funneled/Arminio_Fraga/Arminio_Fraga_0001.jpg,/home/anitadonato/tcc/tcc/data/lfw/lfw-funneled/Arminio_Fraga/Arminio_Fraga_0003.jpg,0.18937015533447266,1
/home/anitadonato/tcc/tcc/data/lfw/lfw-funneled/Arminio_Fraga/Arminio_Fraga_0001.jpg,/home/anitadonato/tcc/tcc/data/lfw/lfw-funneled/Arminio_Fraga/Arminio_Fraga_0005.jpg,0.29490160942077637,1
/home/anitadonato/tcc/tcc/data/lfw/lfw-funneled/Arminio_Fraga/Arminio_Fraga_0001.jpg,/home/anitadonato/tcc/tcc/data/lfw/lfw-funneled/Arminio_Fraga/Arminio_Fraga_0006.jpg,0.26325953006744385,1
/home/anitadonato/tcc/tcc/data/lfw/lfw-funneled/Arminio_Fraga/Arminio_Fraga_0001.jpg,/home/anitadonato/tcc/tcc/data/lfw/lfw-funneled/Arminio_Fraga/Arminio_Fraga_0002.jpg,0.30299776792526245,1
/home/anitadonato/tcc/tcc/data/lfw/lfw-funneled/Arminio_Fraga/Arminio_Fraga_0003.jpg,/home/anitadonato/tcc/tcc/data/lfw/lfw-funneled/Arminio_Fraga/Arminio_Fraga_0005.jpg,0.2535923719406128,1
/home/anitadonato/tcc/tcc/data/lfw/lfw-funneled/Arminio_Fraga/Arminio_Fraga_0003.jpg,/home/anitadonato/tcc/tcc/data/lfw/lfw-funneled/Arminio_Fraga/Arminio_Fraga_0006.jpg,0.14390403032302856,1
/home/anitadonato/tcc/tcc/data/lfw/lfw-funneled/Arminio_Fraga/Arminio_Fraga_0003.jpg,/home/anitadonato/tcc/tcc/data/lfw/lfw-funneled/Arminio_Fraga/Arminio_Fraga_0002.jpg,0.39143627882003784,1
/home/anitadonato/tcc/tcc/data/lfw/lfw-funneled/Arminio_Fraga/Arminio_Fraga_0005.jpg,/home/anitadonato/tcc/tcc/data/lfw/lfw-funneled/Arminio_Fraga/Arminio_Fraga_0006.jpg,0.1665382981300354,1
/home/anitadonato/tcc/tcc/data/lfw/lfw-funneled/Arminio_Fraga/Arminio_Fraga_0005.jpg,/home/anitadonato/tcc/tcc/data/lfw/lfw-funneled/Arminio_Fraga/Arminio_Fraga_0002.jpg,0.21466928720474243,1
/home/anitadonato/tcc/tcc/data/lfw/lfw-funneled/Arminio_Fraga/Arminio_Fraga_0006.jpg,/home/anitadonato/tcc/tcc/data/lfw/lfw-funneled/Arminio_Fraga/Arminio_Fraga_0002.jpg,0.33281368017196655,1
/home/anitadonato/tcc/tcc/data/lfw/lfw-funneled/George_Lopez/George_Lopez_0005.jpg,/home/anitadonato/tcc/tcc/data/lfw/lfw-funneled/George_Lopez/George_Lopez_0003.jpg,0.16938084363937378,1
/home/anitadonato/tcc/tcc/data/lfw/lfw-funneled/George_Lopez/George_Lopez_0005.jpg,/home/anitadonato/tcc/tcc/data/lfw/lfw-funneled/George_Lopez/George_Lopez_0002.jpg,0.14464294910430908,1
/home/anitadonato/tcc/tcc/data/lfw/lfw-funneled/George_Lopez/George_Lopez_0005.jpg,/home/anitadonato/tcc/tcc/data/lfw/lfw-funneled/George_Lopez/George_Lopez_0004.jpg,0.04732215404510498,1
/home/anitadonato/tcc/tcc/data/lfw/lfw-funneled/George_Lopez/George_Lopez_0005.jpg,/home/anitadonato/tcc/tcc/data/lfw/lfw-funneled/George_Lopez/George_Lopez_0001.jpg,0.13197481632232666,1
/home/anitadonato/tcc/tcc/data/lfw/lfw-funneled/George_Lopez/George_Lopez_0003.jpg,/home/anitadonato/tcc/tcc/data/lfw/lfw-funneled/George_Lopez/George_Lopez_0002.jpg,0.14484727382659912,1
/home/anitadonato/tcc/tcc/data/lfw/lfw-funneled/George_Lopez/George_Lopez_0003.jpg,/home/anitadonato/tcc/tcc/data/lfw/lfw-funneled/George_Lopez/George_Lopez_0004.jpg,0.15996569395065308,1
/home/anitadonato/tcc/tcc/data/lfw/lfw-funneled/George_Lopez/George_Lopez_0003.jpg,/home/anitadonato/tcc/tcc/data/lfw/lfw-funneled/George_Lopez/George_Lopez_0001.jpg,0.21279376745224,1
/home/anitadonato/tcc/tcc/data/lfw/lfw-funneled/George_Lopez/George_Lopez_0002.jpg,/home/anitadonato/tcc/tcc/data/lfw/lfw-funneled/George_Lopez/George_Lopez_0004.jpg,0.13319027423858643,1
/home/anitadonato/tcc/tcc/data/lfw/lfw-funneled/George_Lopez/George_Lopez_0002.jpg,/home/anitadonato/tcc/tcc/data/lfw/lfw-funneled/George_Lopez/George_Lopez_0001.jpg,0.13124245405197144,1
/home/anitadonato/tcc/tcc/data/lfw/lfw-funneled/George_Lopez/George_Lopez_0004.jpg,/home/anitadonato/tcc/tcc/data/lfw/lfw-funneled/George_Lopez/George_Lopez_0001.jpg,0.11835944652557373,1
/home/anitadonato/tcc/tcc/data/lfw/lfw-funneled/Walter_Mondale/Walter_Mondale_0004.jpg,/home/anitadonato/tcc/tcc/data/lfw/lfw-funneled/Walter_Mondale/Walter_Mondale_0009.jpg,0.11274135112762451,1
/home/anitadonato/tcc/tcc/data/lfw/lfw-funneled/Walter_Mondale/Walter_Mondale_0004.jpg,/home/anitadonato/tcc/tcc/data/lfw/lfw-funneled/Walter_Mondale/Walter_Mondale_0008.jpg,0.1360136866569519,1
/home/anitadonato/tcc/tcc/data/lfw/lfw-funneled/Walter_Mondale/Walter_Mondale_0004.jpg,/home/anitadonato/tcc/tcc/data/lfw/lfw-funneled/Walter_Mondale/Walter_Mondale_0007.jpg,0.12412261962890625,1
/home/anitadonato/tcc/tcc/data/lfw/lfw-funneled/Walter_Mondale/Walter_Mondale_0004.jpg,/home/anitadonato/tcc/tcc/data/lfw/lfw-funneled/Walter_Mondale/Walter_Mondale_0006.jpg,0.15601736307144165,1
/home/anitadonato/tcc/tcc/data/lfw/lfw-funneled/Walter_Mondale/Walter_Mondale_0009.jpg,/home/anitadonato/tcc/tcc/data/lfw/lfw-funneled/Walter_Mondale/Walter_Mondale_0008.jpg,0.08084934949874878,1
/home/anitadonato/tcc/tcc/data/lfw/lfw-funneled/Walter_Mondale/Walter_Mondale_0009.jpg,/home/anitadonato/tcc/tcc/data/lfw/lfw-funneled/Walter_Mondale/Walter_Mondale_0007.jpg,0.16413015127182007,1
/home/anitadonato/tcc/tcc/data/lfw/lfw-funneled/Walter_Mondale/Walter_Mondale_0009.jpg,/home/anitadonato/tcc/tcc/data/lfw/lfw-funneled/Walter_Mondale/Walter_Mondale_0006.jpg,0.19701886177062988,1
/home/anitadonato/tcc/tcc/data/lfw/lfw-funneled/Walter_Mondale/Walter_Mondale_0008.jpg,/home/anitadonato/tcc/tcc/data/lfw/lfw-funneled/Walter_Mondale/Walter_Mondale_0007.jpg,0.17252320051193237,1
/home/anitadonato/tcc/tcc/data/lfw/lfw-funneled/Walter_Mondale/Walter_Mondale_0008.jpg,/home/anitadonato/tcc/tcc/data/lfw/lfw-funneled/Walter_Mondale/Walter_Mondale_0006.jpg,0.17659032344818115,1
/home/anitadonato/tcc/tcc/data/lfw/lfw-funneled/Walter_Mondale/Walter_Mondale_0007.jpg,/home/anitadonato/tcc/tcc/data/lfw/lfw-funneled/Walter_Mondale/Walter_Mondale_0006.jpg,0.14674675464630127,1
/home/anitadonato/tcc/tcc/data/lfw/lfw-funneled/Jan_Ullrich/Jan_Ullrich_0002.jpg,/home/anitadonato/tcc/tcc/data/lfw/lfw-funneled/Jan_Ullrich/Jan_Ullrich_0001.jpg,0.2364169955253601,1
/home/anitadonato/tcc/tcc/data/lfw/lfw-funneled/Jan_Ullrich/Jan_Ullrich_0002.jpg,/home/anitadonato/tcc/tcc/data/lfw/lfw-funneled/Jan_Ullrich/Jan_Ullrich_0003.jpg,0.09642767906188965,1
/home/anitadonato/tcc/tcc/data/lfw/lfw-funneled/Jan_Ullrich/Jan_Ullrich_0002.jpg,/home/anitadonato/tcc/tcc/data/lfw/lfw-funneled/Jan_Ullrich/Jan_Ullrich_0004.jpg,0.13737177848815918,1
/home/anitadonato/tcc/tcc/data/lfw/lfw-funneled/Jan_Ullrich/Jan_Ullrich_0002.jpg,/home/anitadonato/tcc/tcc/data/lfw/lfw-funneled/Jan_Ullrich/Jan_Ullrich_0006.jpg,0.13784265518188477,1
/home/anitadonato/tcc/tcc/data/lfw/lfw-funneled/Jan_Ullrich/Jan_Ullrich_0001.jpg,/home/anitadonato/tcc/tcc/data/lfw/lfw-funneled/Jan_Ullrich/Jan_Ullrich_0003.jpg,0.2196560502052307,1
/home/anitadonato/tcc/tcc/data/lfw/lfw-funneled/Jan_Ullrich/Jan_Ullrich_0001.jpg,/home/anitadonato/tcc/tcc/data/lfw/lfw-funneled/Jan_Ullrich/Jan_Ullrich_0004.jpg,0.21515989303588867,1
/home/anitadonato/tcc/tcc/data/lfw/lfw-funneled/Jan_Ullrich/Jan_Ullrich_0001.jpg,/home/anitadonato/tcc/tcc/data/lfw/lfw-funneled/Jan_Ullrich/Jan_Ullrich_0006.jpg,0.21243053674697876,1
/home/anitadonato/tcc/tcc/data/lfw/lfw-funneled/Jan_Ullrich/Jan_Ullrich_0003.jpg,/home/anitadonato/tcc/tcc/data/lfw/lfw-funneled/Jan_Ullrich/Jan_Ullrich_0004.jpg,0.1054847240447998,1
/home/anitadonato/tcc/tcc/data/lfw/lfw-funneled/Jan_Ullrich/Jan_Ullrich_0003.jpg,/home/anitadonato/tcc/tcc/data/lfw/lfw-funneled/Jan_Ullrich/Jan_Ullrich_0006.jpg,0.1569012999534607,1
/home/anitadonato/tcc/tcc/data/lfw/lfw-funneled/Jan_Ullrich/Jan_Ullrich_0004.jpg,/home/anitadonato/tcc/tcc/data/lfw/lfw-funneled/Jan_Ullrich/Jan_Ullrich_0006.jpg,0.16799664497375488,1
/home/anitadonato/tcc/tcc/data/lfw/lfw-funneled/Juan_Carlos_Ferrero/Juan_Carlos_Ferrero_0003.jpg,/home/anitadonato/tcc/tcc/data/lfw/lfw-funneled/Juan_Carlos_Ferrero/Juan_Carlos_Ferrero_0027.jpg,0.2866781949996948,1
/home/anitadonato/tcc/tcc/data/lfw/lfw-funneled/Juan_Carlos_Ferrero/Juan_Carlos_Ferrero_0003.jpg,/home/anitadonato/tcc/tcc/data/lfw/lfw-funneled/Juan_Carlos_Ferrero/Juan_Carlos_Ferrero_0025.jpg,0.1771998405456543,1
/home/anitadonato/tcc/tcc/data/lfw/lfw-funneled/Juan_Carlos_Ferrero/Juan_Carlos_Ferrero_0003.jpg,/home/anitadonato/tcc/tcc/data/lfw/lfw-funneled/Juan_Carlos_Ferrero/Juan_Carlos_Ferrero_0008.jpg,0.27361947298049927,1
/home/anitadonato/tcc/tcc/data/lfw/lfw-funneled/Juan_Carlos_Ferrero/Juan_Carlos_Ferrero_0003.jpg,/home/anitadonato/tcc/tcc/data/lfw/lfw-funneled/Juan_Carlos_Ferrero/Juan_Carlos_Ferrero_0022.jpg,0.16860395669937134,1
/home/anitadonato/tcc/tcc/data/lfw/lfw-funneled/Juan_Carlos_Ferrero/Juan_Carlos_Ferrero_0027.jpg,/home/anitadonato/tcc/tcc/data/lfw/lfw-funneled/Juan_Carlos_Ferrero/Juan_Carlos_Ferrero_0025.jpg,0.24743282794952393,1
/home/anitadonato/tcc/tcc/data/lfw/lfw-funneled/Juan_Carlos_Ferrero/Juan_Carlos_Ferrero_0027.jpg,/home/anitadonato/tcc/tcc/data/lfw/lfw-funneled/Juan_Carlos_Ferrero/Juan_Carlos_Ferrero_0008.jpg,0.24580097198486328,1
/home/anitadonato/tcc/tcc/data/lfw/lfw-funneled/Juan_Carlos_Ferrero/Juan_Carlos_Ferrero_0027.jpg,/home/anitadonato/tcc/tcc/data/lfw/lfw-funneled/Juan_Carlos_Ferrero/Juan_Carlos_Ferrero_0022.jpg,0.2456405758857727,1
/home/anitadonato/tcc/tcc/data/lfw/lfw-funneled/Juan_Carlos_Ferrero/Juan_Carlos_Ferrero_0025.jpg,/home/anitadonato/tcc/tcc/data/lfw/lfw-funneled/Juan_Carlos_Ferrero/Juan_Carlos_Ferrero_0008.jpg,0.24532467126846313,1
/home/anitadonato/tcc/tcc/data/lfw/lfw-funneled/Juan_Carlos_Ferrero/Juan_Carlos_Ferrero_0025.jpg,/home/anitadonato/tcc/tcc/data/lfw/lfw-funneled/Juan_Carlos_Ferrero/Juan_Carlos_Ferrero_0022.jpg,0.19476699829101562,1
/home/anitadonato/tcc/tcc/data/lfw/lfw-funneled/Juan_Carlos_Ferrero/Juan_Carlos_Ferrero_0008.jpg,/home/anitadonato/tcc/tcc/data/lfw/lfw-funneled/Juan_Carlos_Ferrero/Juan_Carlos_Ferrero_0022.jpg,0.23174262046813965,1
/home/anitadonato/tcc/tcc/data/lfw/lfw-funneled/Hamid_Karzai/Hamid_Karzai_0010.jpg,/home/anitadonato/tcc/tcc/data/lfw/lfw-funneled/Hamid_Karzai/Hamid_Karzai_0008.jpg,0.18711137771606445,1
/home/anitadonato/tcc/tcc/data/lfw/lfw-funneled/Hamid_Karzai/Hamid_Karzai_0010.jpg,/home/anitadonato/tcc/tcc/data/lfw/lfw-funneled/Hamid_Karzai/Hamid_Karzai_0007.jpg,0.19335073232650757,1
/home/anitadonato/tcc/tcc/data/lfw/lfw-funneled/Hamid_Karzai/Hamid_Karzai_0010.jpg,/home/anitadonato/tcc/tcc/data/lfw/lfw-funneled/Hamid_Karzai/Hamid_Karzai_0005.jpg,0.14598989486694336,1
/home/anitadonato/tcc/tcc/data/lfw/lfw-funneled/Hamid_Karzai/Hamid_Karzai_0010.jpg,/home/anitadonato/tcc/tcc/data/lfw/lfw-funneled/Hamid_Karzai/Hamid_Karzai_0001.jpg,0.15295660495758057,1
/home/anitadonato/tcc/tcc/data/lfw/lfw-funneled/Hamid_Karzai/Hamid_Karzai_0008.jpg,/home/anitadonato/tcc/tcc/data/lfw/lfw-funneled/Hamid_Karzai/Hamid_Karzai_0007.jpg,0.23052000999450684,1
/home/anitadonato/tcc/tcc/data/lfw/lfw-funneled/Hamid_Karzai/Hamid_Karzai_0008.jpg,/home/anitadonato/tcc/tcc/data/lfw/lfw-funneled/Hamid_Karzai/Hamid_Karzai_0005.jpg,0.17604869604110718,1
/home/anitadonato/tcc/tcc/data/lfw/lfw-funneled/Hamid_Karzai/Hamid_Karzai_0008.jpg,/home/anitadonato/tcc/tcc/data/lfw/lfw-funneled/Hamid_Karzai/Hamid_Karzai_0001.jpg,0.19294899702072144,1
/home/anitadonato/tcc/tcc/data/lfw/lfw-funneled/Hamid_Karzai/Hamid_Karzai_0007.jpg,/home/anitadonato/tcc/tcc/data/lfw/lfw-funneled/Hamid_Karzai/Hamid_Karzai_0005.jpg,0.196608304977417,1
/home/anitadonato/tcc/tcc/data/lfw/lfw-funneled/Hamid_Karzai/Hamid_Karzai_0007.jpg,/home/anitadonato/tcc/tcc/data/lfw/lfw-funneled/Hamid_Karzai/Hamid_Karzai_0001.jpg,0.1601191759109497,1
/home/anitadonato/tcc/tcc/data/lfw/lfw-funneled/Hamid_Karzai/Hamid_Karzai_0005.jpg,/home/anitadonato/tcc/tcc/data/lfw/lfw-funneled/Hamid_Karzai/Hamid_Karzai_0001.jpg,0.18408918380737305,1
/home/anitadonato/tcc/tcc/data/lfw/lfw-funneled/Ben_Affleck/Ben_Affleck_0001.jpg,/home/anitadonato/tcc/tcc/data/lfw/lfw-funneled/Ben_Affleck/Ben_Affleck_0002.jpg,0.2952728271484375,1
/home/anitadonato/tcc/tcc/data/lfw/lfw-funneled/Ben_Affleck/Ben_Affleck_0001.jpg,/home/anitadonato/tcc/tcc/data/lfw/lfw-funneled/Ben_Affleck/Ben_Affleck_0004.jpg,0.2378409504890442,1
/home/anitadonato/tcc/tcc/data/lfw/lfw-funneled/Ben_Affleck/Ben_Affleck_0001.jpg,/home/anitadonato/tcc/tcc/data/lfw/lfw-funneled/Ben_Affleck/Ben_Affleck_0007.jpg,0.17750895023345947,1
/home/anitadonato/tcc/tcc/data/lfw/lfw-funneled/Ben_Affleck/Ben_Affleck_0001.jpg,/home/anitadonato/tcc/tcc/data/lfw/lfw-funneled/Ben_Affleck/Ben_Affleck_0006.jpg,0.2051270604133606,1
/home/anitadonato/tcc/tcc/data/lfw/lfw-funneled/Ben_Affleck/Ben_Affleck_0002.jpg,/home/anitadonato/tcc/tcc/data/lfw/lfw-funneled/Ben_Affleck/Ben_Affleck_0004.jpg,0.3522987365722656,1
/home/anitadonato/tcc/tcc/data/lfw/lfw-funneled/Ben_Affleck/Ben_Affleck_0002.jpg,/home/anitadonato/tcc/tcc/data/lfw/lfw-funneled/Ben_Affleck/Ben_Affleck_0007.jpg,0.28862494230270386,1
/home/anitadonato/tcc/tcc/data/lfw/lfw-funneled/Ben_Affleck/Ben_Affleck_0002.jpg,/home/anitadonato/tcc/tcc/data/lfw/lfw-funneled/Ben_Affleck/Ben_Affleck_0006.jpg,0.2684457302093506,1
/home/anitadonato/tcc/tcc/data/lfw/lfw-funneled/Ben_Affleck/Ben_Affleck_0004.jpg,/home/anitadonato/tcc/tcc/data/lfw/lfw-funneled/Ben_Affleck/Ben_Affleck_0007.jpg,0.313289999961853,1
/home/anitadonato/tcc/tcc/data/lfw/lfw-funneled/Ben_Affleck/Ben_Affleck_0004.jpg,/home/anitadonato/tcc/tcc/data/lfw/lfw-funneled/Ben_Affleck/Ben_Affleck_0006.jpg,0.25977790355682373,1
/home/anitadonato/tcc/tcc/data/lfw/lfw-funneled/Ben_Affleck/Ben_Affleck_0007.jpg,/home/anitadonato/tcc/tcc/data/lfw/lfw-funneled/Ben_Affleck/Ben_Affleck_0006.jpg,0.2123180627822876,1
/home/anitadonato/tcc/tcc/data/lfw/lfw-funneled/Fernando_Gonzalez/Fernando_Gonzalez_0007.jpg,/home/anitadonato/tcc/tcc/data/lfw/lfw-funneled/Fernando_Gonzalez/Fernando_Gonzalez_0004.jpg,0.1830768585205078,1
/home/anitadonato/tcc/tcc/data/lfw/lfw-funneled/Fernando_Gonzalez/Fernando_Gonzalez_0007.jpg,/home/anitadonato/tcc/tcc/data/lfw/lfw-funneled/Fernando_Gonzalez/Fernando_Gonzalez_0006.jpg,0.1898549199104309,1
/home/anitadonato/tcc/tcc/data/lfw/lfw-funneled/Fernando_Gonzalez/Fernando_Gonzalez_0007.jpg,/home/anitadonato/tcc/tcc/data/lfw/lfw-funneled/Fernando_Gonzalez/Fernando_Gonzalez_0009.jpg,0.22920936346054077,1
/home/anitadonato/tcc/tcc/data/lfw/lfw-funneled/Fernando_Gonzalez/Fernando_Gonzalez_0007.jpg,/home/anitadonato/tcc/tcc/data/lfw/lfw-funneled/Fernando_Gonzalez/Fernando_Gonzalez_0008.jpg,0.18158823251724243,1
/home/anitadonato/tcc/tcc/data/lfw/lfw-funneled/Fernando_Gonzalez/Fernando_Gonzalez_0004.jpg,/home/anitadonato/tcc/tcc/data/lfw/lfw-funneled/Fernando_Gonzalez/Fernando_Gonzalez_0006.jpg,0.1458514928817749,1
/home/anitadonato/tcc/tcc/data/lfw/lfw-funneled/Fernando_Gonzalez/Fernando_Gonzalez_0004.jpg,/home/anitadonato/tcc/tcc/data/lfw/lfw-funneled/Fernando_Gonzalez/Fernando_Gonzalez_0009.jpg,0.15840137004852295,1
/home/anitadonato/tcc/tcc/data/lfw/lfw-funneled/Fernando_Gonzalez/Fernando_Gonzalez_0004.jpg,/home/anitadonato/tcc/tcc/data/lfw/lfw-funneled/Fernando_Gonzalez/Fernando_Gonzalez_0008.jpg,0.2172587513923645,1
/home/anitadonato/tcc/tcc/data/lfw/lfw-funneled/Fernando_Gonzalez/Fernando_Gonzalez_0006.jpg,/home/anitadonato/tcc/tcc/data/lfw/lfw-funneled/Fernando_Gonzalez/Fernando_Gonzalez_0009.jpg,0.15814507007598877,1
/home/anitadonato/tcc/tcc/data/lfw/lfw-funneled/Fernando_Gonzalez/Fernando_Gonzalez_0006.jpg,/home/anitadonato/tcc/tcc/data/lfw/lfw-funneled/Fernando_Gonzalez/Fernando_Gonzalez_0008.jpg,0.2055654525756836,1
/home/anitadonato/tcc/tcc/data/lfw/lfw-funneled/Fernando_Gonzalez/Fernando_Gonzalez_0009.jpg,/home/anitadonato/tcc/tcc/data/lfw/lfw-funneled/Fernando_Gonzalez/Fernando_Gonzalez_0008.jpg,0.20962202548980713,1
/home/anitadonato/tcc/tcc/data/lfw/lfw-funneled/Nia_Vardalos/Nia_Vardalos_0004.jpg,/home/anitadonato/tcc/tcc/data/lfw/lfw-funneled/Nia_Vardalos/Nia_Vardalos_0005.jpg,0.16274166107177734,1
/home/anitadonato/tcc/tcc/data/lfw/lfw-funneled/Nia_Vardalos/Nia_Vardalos_0004.jpg,/home/anitadonato/tcc/tcc/data/lfw/lfw-funneled/Nia_Vardalos/Nia_Vardalos_0001.jpg,0.16205692291259766,1
/home/anitadonato/tcc/tcc/data/lfw/lfw-funneled/Nia_Vardalos/Nia_Vardalos_0004.jpg,/home/anitadonato/tcc/tcc/data/lfw/lfw-funneled/Nia_Vardalos/Nia_Vardalos_0003.jpg,0.22954177856445312,1
/home/anitadonato/tcc/tcc/data/lfw/lfw-funneled/Nia_Vardalos/Nia_Vardalos_0004.jpg,/home/anitadonato/tcc/tcc/data/lfw/lfw-funneled/Nia_Vardalos/Nia_Vardalos_0002.jpg,0.18901318311691284,1
/home/anitadonato/tcc/tcc/data/lfw/lfw-funneled/Nia_Vardalos/Nia_Vardalos_0005.jpg,/home/anitadonato/tcc/tcc/data/lfw/lfw-funneled/Nia_Vardalos/Nia_Vardalos_0001.jpg,0.18736684322357178,1
/home/anitadonato/tcc/tcc/data/lfw/lfw-funneled/Nia_Vardalos/Nia_Vardalos_0005.jpg,/home/anitadonato/tcc/tcc/data/lfw/lfw-funneled/Nia_Vardalos/Nia_Vardalos_0003.jpg,0.18383550643920898,1
/home/anitadonato/tcc/tcc/data/lfw/lfw-funneled/Nia_Vardalos/Nia_Vardalos_0005.jpg,/home/anitadonato/tcc/tcc/data/lfw/lfw-funneled/Nia_Vardalos/Nia_Vardalos_0002.jpg,0.16000324487686157,1
/home/anitadonato/tcc/tcc/data/lfw/lfw-funneled/Nia_Vardalos/Nia_Vardalos_0001.jpg,/home/anitadonato/tcc/tcc/data/lfw/lfw-funneled/Nia_Vardalos/Nia_Vardalos_0003.jpg,0.16211974620819092,1
/home/anitadonato/tcc/tcc/data/lfw/lfw-funneled/Nia_Vardalos/Nia_Vardalos_0001.jpg,/home/anitadonato/tcc/tcc/data/lfw/lfw-funneled/Nia_Vardalos/Nia_Vardalos_0002.jpg,0.09630703926086426,1
/home/anitadonato/tcc/tcc/data/lfw/lfw-funneled/Nia_Vardalos/Nia_Vardalos_0003.jpg,/home/anitadonato/tcc/tcc/data/lfw/lfw-funneled/Nia_Vardalos/Nia_Vardalos_0002.jpg,0.16898930072784424,1
/home/anitadonato/tcc/tcc/data/lfw/lfw-funneled/Silvan_Shalom/Silvan_Shalom_0001.jpg,/home/anitadonato/tcc/tcc/data/lfw/lfw-funneled/Silvan_Shalom/Silvan_Shalom_0004.jpg,0.2550120949745178,1
/home/anitadonato/tcc/tcc/data/lfw/lfw-funneled/Silvan_Shalom/Silvan_Shalom_0001.jpg,/home/anitadonato/tcc/tcc/data/lfw/lfw-funneled/Silvan_Shalom/Silvan_Shalom_0002.jpg,0.22679883241653442,1
/home/anitadonato/tcc/tcc/data/lfw/lfw-funneled/Silvan_Shalom/Silvan_Shalom_0001.jpg,/home/anitadonato/tcc/tcc/data/lfw/lfw-funneled/Silvan_Shalom/Silvan_Shalom_0006.jpg,0.1804734468460083,1
/home/anitadonato/tcc/tcc/data/lfw/lfw-funneled/Silvan_Shalom/Silvan_Shalom_0001.jpg,/home/anitadonato/tcc/tcc/data/lfw/lfw-funneled/Silvan_Shalom/Silvan_Shalom_0005.jpg,0.16505402326583862,1
/home/anitadonato/tcc/tcc/data/lfw/lfw-funneled/Silvan_Shalom/Silvan_Shalom_0004.jpg,/home/anitadonato/tcc/tcc/data/lfw/lfw-funneled/Silvan_Shalom/Silvan_Shalom_0002.jpg,0.24739104509353638,1
/home/anitadonato/tcc/tcc/data/lfw/lfw-funneled/Silvan_Shalom/Silvan_Shalom_0004.jpg,/home/anitadonato/tcc/tcc/data/lfw/lfw-funneled/Silvan_Shalom/Silvan_Shalom_0006.jpg,0.20400327444076538,1
/home/anitadonato/tcc/tcc/data/lfw/lfw-funneled/Silvan_Shalom/Silvan_Shalom_0004.jpg,/home/anitadonato/tcc/tcc/data/lfw/lfw-funneled/Silvan_Shalom/Silvan_Shalom_0005.jpg,0.21120977401733398,1
/home/anitadonato/tcc/tcc/data/lfw/lfw-funneled/Silvan_Shalom/Silvan_Shalom_0002.jpg,/home/anitadonato/tcc/tcc/data/lfw/lfw-funneled/Silvan_Shalom/Silvan_Shalom_0006.jpg,0.19492143392562866,1
/home/anitadonato/tcc/tcc/data/lfw/lfw-funneled/Silvan_Shalom/Silvan_Shalom_0002.jpg,/home/anitadonato/tcc/tcc/data/lfw/lfw-funneled/Silvan_Shalom/Silvan_Shalom_0005.jpg,0.17834508419036865,1
/home/anitadonato/tcc/tcc/data/lfw/lfw-funneled/Silvan_Shalom/Silvan_Shalom_0006.jpg,/home/anitadonato/tcc/tcc/data/lfw/lfw-funneled/Silvan_Shalom/Silvan_Shalom_0005.jpg,0.05902367830276489,1
/home/anitadonato/tcc/tcc/data/lfw/lfw-funneled/Rainer_Schuettler/Rainer_Schuettler_0001.jpg,/home/anitadonato/tcc/tcc/data/lfw/lfw-funneled/Rainer_Schuettler/Rainer_Schuettler_0002.jpg,0.20648419857025146,1
/home/anitadonato/tcc/tcc/data/lfw/lfw-funneled/Rainer_Schuettler/Rainer_Schuettler_0001.jpg,/home/anitadonato/tcc/tcc/data/lfw/lfw-funneled/Rainer_Schuettler/Rainer_Schuettler_0005.jpg,0.22069531679153442,1
/home/anitadonato/tcc/tcc/data/lfw/lfw-funneled/Rainer_Schuettler/Rainer_Schuettler_0001.jpg,/home/anitadonato/tcc/tcc/data/lfw/lfw-funneled/Rainer_Schuettler/Rainer_Schuettler_0004.jpg,0.212205171585083,1
/home/anitadonato/tcc/tcc/data/lfw/lfw-funneled/Rainer_Schuettler/Rainer_Schuettler_0001.jpg,/home/anitadonato/tcc/tcc/data/lfw/lfw-funneled/Rainer_Schuettler/Rainer_Schuettler_0003.jpg,0.2518112063407898,1
/home/anitadonato/tcc/tcc/data/lfw/lfw-funneled/Rainer_Schuettler/Rainer_Schuettler_0002.jpg,/home/anitadonato/tcc/tcc/data/lfw/lfw-funneled/Rainer_Schuettler/Rainer_Schuettler_0005.jpg,0.10401886701583862,1
/home/anitadonato/tcc/tcc/data/lfw/lfw-funneled/Rainer_Schuettler/Rainer_Schuettler_0002.jpg,/home/anitadonato/tcc/tcc/data/lfw/lfw-funneled/Rainer_Schuettler/Rainer_Schuettler_0004.jpg,0.171295166015625,1
/home/anitadonato/tcc/tcc/data/lfw/lfw-funneled/Rainer_Schuettler/Rainer_Schuettler_0002.jpg,/home/anitadonato/tcc/tcc/data/lfw/lfw-funneled/Rainer_Schuettler/Rainer_Schuettler_0003.jpg,0.15409237146377563,1
/home/anitadonato/tcc/tcc/data/lfw/lfw-funneled/Rainer_Schuettler/Rainer_Schuettler_0005.jpg,/home/anitadonato/tcc/tcc/data/lfw/lfw-funneled/Rainer_Schuettler/Rainer_Schuettler_0004.jpg,0.18039965629577637,1
/home/anitadonato/tcc/tcc/data/lfw/lfw-funneled/Rainer_Schuettler/Rainer_Schuettler_0005.jpg,/home/anitadonato/tcc/tcc/data/lfw/lfw-funneled/Rainer_Schuettler/Rainer_Schuettler_0003.jpg,0.1546679139137268,1
/home/anitadonato/tcc/tcc/data/lfw/lfw-funneled/Rainer_Schuettler/Rainer_Schuettler_0004.jpg,/home/anitadonato/tcc/tcc/data/lfw/lfw-funneled/Rainer_Schuettler/Rainer_Schuettler_0003.jpg,0.18994170427322388,1
/home/anitadonato/tcc/tcc/data/lfw/lfw-funneled/Martin_McGuinness/Martin_McGuinness_0004.jpg,/home/anitadonato/tcc/tcc/data/lfw/lfw-funneled/Martin_McGuinness/Martin_McGuinness_0003.jpg,0.18320953845977783,1
/home/anitadonato/tcc/tcc/data/lfw/lfw-funneled/Martin_McGuinness/Martin_McGuinness_0004.jpg,/home/anitadonato/tcc/tcc/data/lfw/lfw-funneled/Martin_McGuinness/Martin_McGuinness_0002.jpg,0.1612420678138733,1
/home/anitadonato/tcc/tcc/data/lfw/lfw-funneled/Martin_McGuinness/Martin_McGuinness_0004.jpg,/home/anitadonato/tcc/tcc/data/lfw/lfw-funneled/Martin_McGuinness/Martin_McGuinness_0005.jpg,0.1750529408454895,1
/home/anitadonato/tcc/tcc/data/lfw/lfw-funneled/Martin_McGuinness/Martin_McGuinness_0004.jpg,/home/anitadonato/tcc/tcc/data/lfw/lfw-funneled/Martin_McGuinness/Martin_McGuinness_0001.jpg,0.21686416864395142,1
/home/anitadonato/tcc/tcc/data/lfw/lfw-funneled/Martin_McGuinness/Martin_McGuinness_0003.jpg,/home/anitadonato/tcc/tcc/data/lfw/lfw-funneled/Martin_McGuinness/Martin_McGuinness_0002.jpg,0.2581859827041626,1
/home/anitadonato/tcc/tcc/data/lfw/lfw-funneled/Martin_McGuinness/Martin_McGuinness_0003.jpg,/home/anitadonato/tcc/tcc/data/lfw/lfw-funneled/Martin_McGuinness/Martin_McGuinness_0005.jpg,0.2699923515319824,1
/home/anitadonato/tcc/tcc/data/lfw/lfw-funneled/Martin_McGuinness/Martin_McGuinness_0003.jpg,/home/anitadonato/tcc/tcc/data/lfw/lfw-funneled/Martin_McGuinness/Martin_McGuinness_0001.jpg,0.191103994846344,1
/home/anitadonato/tcc/tcc/data/lfw/lfw-funneled/Martin_McGuinness/Martin_McGuinness_0002.jpg,/home/anitadonato/tcc/tcc/data/lfw/lfw-funneled/Martin_McGuinness/Martin_McGuinness_0005.jpg,0.22111308574676514,1
/home/anitadonato/tcc/tcc/data/lfw/lfw-funneled/Martin_McGuinness/Martin_McGuinness_0002.jpg,/home/anitadonato/tcc/tcc/data/lfw/lfw-funneled/Martin_McGuinness/Martin_McGuinness_0001.jpg,0.26826977729797363,1
/home/anitadonato/tcc/tcc/data/lfw/lfw-funneled/Martin_McGuinness/Martin_McGuinness_0005.jpg,/home/anitadonato/tcc/tcc/data/lfw/lfw-funneled/Martin_McGuinness/Martin_McGuinness_0001.jpg,0.20305907726287842,1
/home/anitadonato/tcc/tcc/data/lfw/lfw-funneled/Jose_Maria_Aznar/Jose_Maria_Aznar_0006.jpg,/home/anitadonato/tcc/tcc/data/lfw/lfw-funneled/Jose_Maria_Aznar/Jose_Maria_Aznar_0016.jpg,0.21557742357254028,1
/home/anitadonato/tcc/tcc/data/lfw/lfw-funneled/Jose_Maria_Aznar/Jose_Maria_Aznar_0006.jpg,/home/anitadonato/tcc/tcc/data/lfw/lfw-funneled/Jose_Maria_Aznar/Jose_Maria_Aznar_0015.jpg,0.2668241858482361,1
/home/anitadonato/tcc/tcc/data/lfw/lfw-funneled/Jose_Maria_Aznar/Jose_Maria_Aznar_0006.jpg,/home/anitadonato/tcc/tcc/data/lfw/lfw-funneled/Jose_Maria_Aznar/Jose_Maria_Aznar_0009.jpg,0.22834908962249756,1
/home/anitadonato/tcc/tcc/data/lfw/lfw-funneled/Jose_Maria_Aznar/Jose_Maria_Aznar_0006.jpg,/home/anitadonato/tcc/tcc/data/lfw/lfw-funneled/Jose_Maria_Aznar/Jose_Maria_Aznar_0008.jpg,0.1948941946029663,1
/home/anitadonato/tcc/tcc/data/lfw/lfw-funneled/Jose_Maria_Aznar/Jose_Maria_Aznar_0016.jpg,/home/anitadonato/tcc/tcc/data/lfw/lfw-funneled/Jose_Maria_Aznar/Jose_Maria_Aznar_0015.jpg,0.2421054244041443,1
/home/anitadonato/tcc/tcc/data/lfw/lfw-funneled/Jose_Maria_Aznar/Jose_Maria_Aznar_0016.jpg,/home/anitadonato/tcc/tcc/data/lfw/lfw-funneled/Jose_Maria_Aznar/Jose_Maria_Aznar_0009.jpg,0.12201476097106934,1
/home/anitadonato/tcc/tcc/data/lfw/lfw-funneled/Jose_Maria_Aznar/Jose_Maria_Aznar_0016.jpg,/home/anitadonato/tcc/tcc/data/lfw/lfw-funneled/Jose_Maria_Aznar/Jose_Maria_Aznar_0008.jpg,0.17524617910385132,1
/home/anitadonato/tcc/tcc/data/lfw/lfw-funneled/Jose_Maria_Aznar/Jose_Maria_Aznar_0015.jpg,/home/anitadonato/tcc/tcc/data/lfw/lfw-funneled/Jose_Maria_Aznar/Jose_Maria_Aznar_0009.jpg,0.303816556930542,1
/home/anitadonato/tcc/tcc/data/lfw/lfw-funneled/Jose_Maria_Aznar/Jose_Maria_Aznar_0015.jpg,/home/anitadonato/tcc/tcc/data/lfw/lfw-funneled/Jose_Maria_Aznar/Jose_Maria_Aznar_0008.jpg,0.21212661266326904,1
/home/anitadonato/tcc/tcc/data/lfw/lfw-funneled/Jose_Maria_Aznar/Jose_Maria_Aznar_0009.jpg,/home/anitadonato/tcc/tcc/data/lfw/lfw-funneled/Jose_Maria_Aznar/Jose_Maria_Aznar_0008.jpg,0.21508455276489258,1
/home/anitadonato/tcc/tcc/data/lfw/lfw-funneled/Lindsay_Davenport/Lindsay_Davenport_0021.jpg,/home/anitadonato/tcc/tcc/data/lfw/lfw-funneled/Lindsay_Davenport/Lindsay_Davenport_0009.jpg,0.22181224822998047,1
/home/anitadonato/tcc/tcc/data/lfw/lfw-funneled/Lindsay_Davenport/Lindsay_Davenport_0021.jpg,/home/anitadonato/tcc/tcc/data/lfw/lfw-funneled/Lindsay_Davenport/Lindsay_Davenport_0017.jpg,0.15887969732284546,1
/home/anitadonato/tcc/tcc/data/lfw/lfw-funneled/Lindsay_Davenport/Lindsay_Davenport_0021.jpg,/home/anitadonato/tcc/tcc/data/lfw/lfw-funneled/Lindsay_Davenport/Lindsay_Davenport_0016.jpg,0.20176512002944946,1
/home/anitadonato/tcc/tcc/data/lfw/lfw-funneled/Lindsay_Davenport/Lindsay_Davenport_0021.jpg,/home/anitadonato/tcc/tcc/data/lfw/lfw-funneled/Lindsay_Davenport/Lindsay_Davenport_0008.jpg,0.2055686116218567,1
/home/anitadonato/tcc/tcc/data/lfw/lfw-funneled/Lindsay_Davenport/Lindsay_Davenport_0009.jpg,/home/anitadonato/tcc/tcc/data/lfw/lfw-funneled/Lindsay_Davenport/Lindsay_Davenport_0017.jpg,0.16400933265686035,1
/home/anitadonato/tcc/tcc/data/lfw/lfw-funneled/Lindsay_Davenport/Lindsay_Davenport_0009.jpg,/home/anitadonato/tcc/tcc/data/lfw/lfw-funneled/Lindsay_Davenport/Lindsay_Davenport_0016.jpg,0.24876075983047485,1
/home/anitadonato/tcc/tcc/data/lfw/lfw-funneled/Lindsay_Davenport/Lindsay_Davenport_0009.jpg,/home/anitadonato/tcc/tcc/data/lfw/lfw-funneled/Lindsay_Davenport/Lindsay_Davenport_0008.jpg,0.18080615997314453,1
/home/anitadonato/tcc/tcc/data/lfw/lfw-funneled/Lindsay_Davenport/Lindsay_Davenport_0017.jpg,/home/anitadonato/tcc/tcc/data/lfw/lfw-funneled/Lindsay_Davenport/Lindsay_Davenport_0016.jpg,0.2350236177444458,1
/home/anitadonato/tcc/tcc/data/lfw/lfw-funneled/Lindsay_Davenport/Lindsay_Davenport_0017.jpg,/home/anitadonato/tcc/tcc/data/lfw/lfw-funneled/Lindsay_Davenport/Lindsay_Davenport_0008.jpg,0.12050747871398926,1
/home/anitadonato/tcc/tcc/data/lfw/lfw-funneled/Lindsay_Davenport/Lindsay_Davenport_0016.jpg,/home/anitadonato/tcc/tcc/data/lfw/lfw-funneled/Lindsay_Davenport/Lindsay_Davenport_0008.jpg,0.22877460718154907,1
/home/anitadonato/tcc/tcc/data/lfw/lfw-funneled/Clara_Harris/Clara_Harris_0003.jpg,/home/anitadonato/tcc/tcc/data/lfw/lfw-funneled/Clara_Harris/Clara_Harris_0004.jpg,0.2132941484451294,1
/home/anitadonato/tcc/tcc/data/lfw/lfw-funneled/Clara_Harris/Clara_Harris_0003.jpg,/home/anitadonato/tcc/tcc/data/lfw/lfw-funneled/Clara_Harris/Clara_Harris_0001.jpg,0.13765710592269897,1
/home/anitadonato/tcc/tcc/data/lfw/lfw-funneled/Clara_Harris/Clara_Harris_0003.jpg,/home/anitadonato/tcc/tcc/data/lfw/lfw-funneled/Clara_Harris/Clara_Harris_0002.jpg,0.16860437393188477,1
/home/anitadonato/tcc/tcc/data/lfw/lfw-funneled/Clara_Harris/Clara_Harris_0003.jpg,/home/anitadonato/tcc/tcc/data/lfw/lfw-funneled/Clara_Harris/Clara_Harris_0005.jpg,0.22539860010147095,1
/home/anitadonato/tcc/tcc/data/lfw/lfw-funneled/Clara_Harris/Clara_Harris_0004.jpg,/home/anitadonato/tcc/tcc/data/lfw/lfw-funneled/Clara_Harris/Clara_Harris_0001.jpg,0.28496479988098145,1
/home/anitadonato/tcc/tcc/data/lfw/lfw-funneled/Clara_Harris/Clara_Harris_0004.jpg,/home/anitadonato/tcc/tcc/data/lfw/lfw-funneled/Clara_Harris/Clara_Harris_0002.jpg,0.16364866495132446,1
/home/anitadonato/tcc/tcc/data/lfw/lfw-funneled/Clara_Harris/Clara_Harris_0004.jpg,/home/anitadonato/tcc/tcc/data/lfw/lfw-funneled/Clara_Harris/Clara_Harris_0005.jpg,0.2089499831199646,1
/home/anitadonato/tcc/tcc/data/lfw/lfw-funneled/Clara_Harris/Clara_Harris_0001.jpg,/home/anitadonato/tcc/tcc/data/lfw/lfw-funneled/Clara_Harris/Clara_Harris_0002.jpg,0.23348069190979004,1
/home/anitadonato/tcc/tcc/data/lfw/lfw-funneled/Clara_Harris/Clara_Harris_0001.jpg,/home/anitadonato/tcc/tcc/data/lfw/lfw-funneled/Clara_Harris/Clara_Harris_0005.jpg,0.2708374857902527,1
/home/anitadonato/tcc/tcc/data/lfw/lfw-funneled/Clara_Harris/Clara_Harris_0002.jpg,/home/anitadonato/tcc/tcc/data/lfw/lfw-funneled/Clara_Harris/Clara_Harris_0005.jpg,0.1449330449104309,1
/home/anitadonato/tcc/tcc/data/lfw/lfw-funneled/Susan_Sarandon/Susan_Sarandon_0003.jpg,/home/anitadonato/tcc/tcc/data/lfw/lfw-funneled/Susan_Sarandon/Susan_Sarandon_0006.jpg,0.21927720308303833,1
/home/anitadonato/tcc/tcc/data/lfw/lfw-funneled/Susan_Sarandon/Susan_Sarandon_0003.jpg,/home/anitadonato/tcc/tcc/data/lfw/lfw-funneled/Susan_Sarandon/Susan_Sarandon_0005.jpg,0.16189754009246826,1
/home/anitadonato/tcc/tcc/data/lfw/lfw-funneled/Susan_Sarandon/Susan_Sarandon_0003.jpg,/home/anitadonato/tcc/tcc/data/lfw/lfw-funneled/Susan_Sarandon/Susan_Sarandon_0004.jpg,0.224077045917511,1
/home/anitadonato/tcc/tcc/data/lfw/lfw-funneled/Susan_Sarandon/Susan_Sarandon_0003.jpg,/home/anitadonato/tcc/tcc/data/lfw/lfw-funneled/Susan_Sarandon/Susan_Sarandon_0001.jpg,0.21542346477508545,1
/home/anitadonato/tcc/tcc/data/lfw/lfw-funneled/Susan_Sarandon/Susan_Sarandon_0006.jpg,/home/anitadonato/tcc/tcc/data/lfw/lfw-funneled/Susan_Sarandon/Susan_Sarandon_0005.jpg,0.21180355548858643,1
/home/anitadonato/tcc/tcc/data/lfw/lfw-funneled/Susan_Sarandon/Susan_Sarandon_0006.jpg,/home/anitadonato/tcc/tcc/data/lfw/lfw-funneled/Susan_Sarandon/Susan_Sarandon_0004.jpg,0.21777403354644775,1
/home/anitadonato/tcc/tcc/data/lfw/lfw-funneled/Susan_Sarandon/Susan_Sarandon_0006.jpg,/home/anitadonato/tcc/tcc/data/lfw/lfw-funneled/Susan_Sarandon/Susan_Sarandon_0001.jpg,0.22708052396774292,1
/home/anitadonato/tcc/tcc/data/lfw/lfw-funneled/Susan_Sarandon/Susan_Sarandon_0005.jpg,/home/anitadonato/tcc/tcc/data/lfw/lfw-funneled/Susan_Sarandon/Susan_Sarandon_0004.jpg,0.18396282196044922,1
/home/anitadonato/tcc/tcc/data/lfw/lfw-funneled/Susan_Sarandon/Susan_Sarandon_0005.jpg,/home/anitadonato/tcc/tcc/data/lfw/lfw-funneled/Susan_Sarandon/Susan_Sarandon_0001.jpg,0.2157144546508789,1
/home/anitadonato/tcc/tcc/data/lfw/lfw-funneled/Susan_Sarandon/Susan_Sarandon_0004.jpg,/home/anitadonato/tcc/tcc/data/lfw/lfw-funneled/Susan_Sarandon/Susan_Sarandon_0001.jpg,0.24446702003479004,1
/home/anitadonato/tcc/tcc/data/lfw/lfw-funneled/Xavier_Malisse/Xavier_Malisse_0002.jpg,/home/anitadonato/tcc/tcc/data/lfw/lfw-funneled/Xavier_Malisse/Xavier_Malisse_0005.jpg,0.13450443744659424,1
/home/anitadonato/tcc/tcc/data/lfw/lfw-funneled/Xavier_Malisse/Xavier_Malisse_0002.jpg,/home/anitadonato/tcc/tcc/data/lfw/lfw-funneled/Xavier_Malisse/Xavier_Malisse_0001.jpg,0.11172634363174438,1
/home/anitadonato/tcc/tcc/data/lfw/lfw-funneled/Xavier_Malisse/Xavier_Malisse_0002.jpg,/home/anitadonato/tcc/tcc/data/lfw/lfw-funneled/Xavier_Malisse/Xavier_Malisse_0004.jpg,0.14930135011672974,1
/home/anitadonato/tcc/tcc/data/lfw/lfw-funneled/Xavier_Malisse/Xavier_Malisse_0002.jpg,/home/anitadonato/tcc/tcc/data/lfw/lfw-funneled/Xavier_Malisse/Xavier_Malisse_0003.jpg,0.16942954063415527,1
/home/anitadonato/tcc/tcc/data/lfw/lfw-funneled/Xavier_Malisse/Xavier_Malisse_0005.jpg,/home/anitadonato/tcc/tcc/data/lfw/lfw-funneled/Xavier_Malisse/Xavier_Malisse_0001.jpg,0.07650917768478394,1
/home/anitadonato/tcc/tcc/data/lfw/lfw-funneled/Xavier_Malisse/Xavier_Malisse_0005.jpg,/home/anitadonato/tcc/tcc/data/lfw/lfw-funneled/Xavier_Malisse/Xavier_Malisse_0004.jpg,0.1272033452987671,1
/home/anitadonato/tcc/tcc/data/lfw/lfw-funneled/Xavier_Malisse/Xavier_Malisse_0005.jpg,/home/anitadonato/tcc/tcc/data/lfw/lfw-funneled/Xavier_Malisse/Xavier_Malisse_0003.jpg,0.16682428121566772,1
/home/anitadonato/tcc/tcc/data/lfw/lfw-funneled/Xavier_Malisse/Xavier_Malisse_0001.jpg,/home/anitadonato/tcc/tcc/data/lfw/lfw-funneled/Xavier_Malisse/Xavier_Malisse_0004.jpg,0.12167084217071533,1
/home/anitadonato/tcc/tcc/data/lfw/lfw-funneled/Xavier_Malisse/Xavier_Malisse_0001.jpg,/home/anitadonato/tcc/tcc/data/lfw/lfw-funneled/Xavier_Malisse/Xavier_Malisse_0003.jpg,0.16960382461547852,1
/home/anitadonato/tcc/tcc/data/lfw/lfw-funneled/Xavier_Malisse/Xavier_Malisse_0004.jpg,/home/anitadonato/tcc/tcc/data/lfw/lfw-funneled/Xavier_Malisse/Xavier_Malisse_0003.jpg,0.1671850085258484,1
/home/anitadonato/tcc/tcc/data/lfw/lfw-funneled/Gonzalo_Sanchez_de_Lozada/Gonzalo_Sanchez_de_Lozada_0012.jpg,/home/anitadonato/tcc/tcc/data/lfw/lfw-funneled/Gonzalo_Sanchez_de_Lozada/Gonzalo_Sanchez_de_Lozada_0004.jpg,0.3394525647163391,1
/home/anitadonato/tcc/tcc/data/lfw/lfw-funneled/Gonzalo_Sanchez_de_Lozada/Gonzalo_Sanchez_de_Lozada_0012.jpg,/home/anitadonato/tcc/tcc/data/lfw/lfw-funneled/Gonzalo_Sanchez_de_Lozada/Gonzalo_Sanchez_de_Lozada_0002.jpg,0.3043171167373657,1
/home/anitadonato/tcc/tcc/data/lfw/lfw-funneled/Gonzalo_Sanchez_de_Lozada/Gonzalo_Sanchez_de_Lozada_0012.jpg,/home/anitadonato/tcc/tcc/data/lfw/lfw-funneled/Gonzalo_Sanchez_de_Lozada/Gonzalo_Sanchez_de_Lozada_0007.jpg,0.21793705224990845,1
/home/anitadonato/tcc/tcc/data/lfw/lfw-funneled/Gonzalo_Sanchez_de_Lozada/Gonzalo_Sanchez_de_Lozada_0012.jpg,/home/anitadonato/tcc/tcc/data/lfw/lfw-funneled/Gonzalo_Sanchez_de_Lozada/Gonzalo_Sanchez_de_Lozada_0009.jpg,0.3051403760910034,1
/home/anitadonato/tcc/tcc/data/lfw/lfw-funneled/Gonzalo_Sanchez_de_Lozada/Gonzalo_Sanchez_de_Lozada_0004.jpg,/home/anitadonato/tcc/tcc/data/lfw/lfw-funneled/Gonzalo_Sanchez_de_Lozada/Gonzalo_Sanchez_de_Lozada_0002.jpg,0.2698441743850708,1
/home/anitadonato/tcc/tcc/data/lfw/lfw-funneled/Gonzalo_Sanchez_de_Lozada/Gonzalo_Sanchez_de_Lozada_0004.jpg,/home/anitadonato/tcc/tcc/data/lfw/lfw-funneled/Gonzalo_Sanchez_de_Lozada/Gonzalo_Sanchez_de_Lozada_0007.jpg,0.25508612394332886,1
/home/anitadonato/tcc/tcc/data/lfw/lfw-funneled/Gonzalo_Sanchez_de_Lozada/Gonzalo_Sanchez_de_Lozada_0004.jpg,/home/anitadonato/tcc/tcc/data/lfw/lfw-funneled/Gonzalo_Sanchez_de_Lozada/Gonzalo_Sanchez_de_Lozada_0009.jpg,0.19295018911361694,1
/home/anitadonato/tcc/tcc/data/lfw/lfw-funneled/Gonzalo_Sanchez_de_Lozada/Gonzalo_Sanchez_de_Lozada_0002.jpg,/home/anitadonato/tcc/tcc/data/lfw/lfw-funneled/Gonzalo_Sanchez_de_Lozada/Gonzalo_Sanchez_de_Lozada_0007.jpg,0.28077876567840576,1
/home/anitadonato/tcc/tcc/data/lfw/lfw-funneled/Gonzalo_Sanchez_de_Lozada/Gonzalo_Sanchez_de_Lozada_0002.jpg,/home/anitadonato/tcc/tcc/data/lfw/lfw-funneled/Gonzalo_Sanchez_de_Lozada/Gonzalo_Sanchez_de_Lozada_0009.jpg,0.19984525442123413,1
/home/anitadonato/tcc/tcc/data/lfw/lfw-funneled/Gonzalo_Sanchez_de_Lozada/Gonzalo_Sanchez_de_Lozada_0007.jpg,/home/anitadonato/tcc/tcc/data/lfw/lfw-funneled/Gonzalo_Sanchez_de_Lozada/Gonzalo_Sanchez_de_Lozada_0009.jpg,0.25333791971206665,1
/home/anitadonato/tcc/tcc/data/lfw/lfw-funneled/Vanessa_Redgrave/Vanessa_Redgrave_0003.jpg,/home/anitadonato/tcc/tcc/data/lfw/lfw-funneled/Vanessa_Redgrave/Vanessa_Redgrave_0004.jpg,0.16606765985488892,1
/home/anitadonato/tcc/tcc/data/lfw/lfw-funneled/Vanessa_Redgrave/Vanessa_Redgrave_0003.jpg,/home/anitadonato/tcc/tcc/data/lfw/lfw-funneled/Vanessa_Redgrave/Vanessa_Redgrave_0002.jpg,0.20961803197860718,1
/home/anitadonato/tcc/tcc/data/lfw/lfw-funneled/Vanessa_Redgrave/Vanessa_Redgrave_0003.jpg,/home/anitadonato/tcc/tcc/data/lfw/lfw-funneled/Vanessa_Redgrave/Vanessa_Redgrave_0001.jpg,0.19791585206985474,1
/home/anitadonato/tcc/tcc/data/lfw/lfw-funneled/Vanessa_Redgrave/Vanessa_Redgrave_0003.jpg,/home/anitadonato/tcc/tcc/data/lfw/lfw-funneled/Vanessa_Redgrave/Vanessa_Redgrave_0005.jpg,0.14000070095062256,1
/home/anitadonato/tcc/tcc/data/lfw/lfw-funneled/Vanessa_Redgrave/Vanessa_Redgrave_0004.jpg,/home/anitadonato/tcc/tcc/data/lfw/lfw-funneled/Vanessa_Redgrave/Vanessa_Redgrave_0002.jpg,0.1746525764465332,1
/home/anitadonato/tcc/tcc/data/lfw/lfw-funneled/Vanessa_Redgrave/Vanessa_Redgrave_0004.jpg,/home/anitadonato/tcc/tcc/data/lfw/lfw-funneled/Vanessa_Redgrave/Vanessa_Redgrave_0001.jpg,0.11626642942428589,1
/home/anitadonato/tcc/tcc/data/lfw/lfw-funneled/Vanessa_Redgrave/Vanessa_Redgrave_0004.jpg,/home/anitadonato/tcc/tcc/data/lfw/lfw-funneled/Vanessa_Redgrave/Vanessa_Redgrave_0005.jpg,0.10745298862457275,1
/home/anitadonato/tcc/tcc/data/lfw/lfw-funneled/Vanessa_Redgrave/Vanessa_Redgrave_0002.jpg,/home/anitadonato/tcc/tcc/data/lfw/lfw-funneled/Vanessa_Redgrave/Vanessa_Redgrave_0001.jpg,0.2180083990097046,1
/home/anitadonato/tcc/tcc/data/lfw/lfw-funneled/Vanessa_Redgrave/Vanessa_Redgrave_0002.jpg,/home/anitadonato/tcc/tcc/data/lfw/lfw-funneled/Vanessa_Redgrave/Vanessa_Redgrave_0005.jpg,0.20703274011611938,1
/home/anitadonato/tcc/tcc/data/lfw/lfw-funneled/Vanessa_Redgrave/Vanessa_Redgrave_0001.jpg,/home/anitadonato/tcc/tcc/data/lfw/lfw-funneled/Vanessa_Redgrave/Vanessa_Redgrave_0005.jpg,0.09446746110916138,1
/home/anitadonato/tcc/tcc/data/lfw/lfw-funneled/Mike_Weir/Mike_Weir_0007.jpg,/home/anitadonato/tcc/tcc/data/lfw/lfw-funneled/Mike_Weir/Mike_Weir_0011.jpg,0.36408740282058716,1
/home/anitadonato/tcc/tcc/data/lfw/lfw-funneled/Mike_Weir/Mike_Weir_0007.jpg,/home/anitadonato/tcc/tcc/data/lfw/lfw-funneled/Mike_Weir/Mike_Weir_0001.jpg,0.19217371940612793,1
/home/anitadonato/tcc/tcc/data/lfw/lfw-funneled/Mike_Weir/Mike_Weir_0007.jpg,/home/anitadonato/tcc/tcc/data/lfw/lfw-funneled/Mike_Weir/Mike_Weir_0010.jpg,0.2643142342567444,1
/home/anitadonato/tcc/tcc/data/lfw/lfw-funneled/Mike_Weir/Mike_Weir_0007.jpg,/home/anitadonato/tcc/tcc/data/lfw/lfw-funneled/Mike_Weir/Mike_Weir_0004.jpg,0.20921576023101807,1
/home/anitadonato/tcc/tcc/data/lfw/lfw-funneled/Mike_Weir/Mike_Weir_0011.jpg,/home/anitadonato/tcc/tcc/data/lfw/lfw-funneled/Mike_Weir/Mike_Weir_0001.jpg,0.20375335216522217,1
/home/anitadonato/tcc/tcc/data/lfw/lfw-funneled/Mike_Weir/Mike_Weir_0011.jpg,/home/anitadonato/tcc/tcc/data/lfw/lfw-funneled/Mike_Weir/Mike_Weir_0010.jpg,0.249627947807312,1
/home/anitadonato/tcc/tcc/data/lfw/lfw-funneled/Mike_Weir/Mike_Weir_0011.jpg,/home/anitadonato/tcc/tcc/data/lfw/lfw-funneled/Mike_Weir/Mike_Weir_0004.jpg,0.2693924903869629,1
/home/anitadonato/tcc/tcc/data/lfw/lfw-funneled/Mike_Weir/Mike_Weir_0001.jpg,/home/anitadonato/tcc/tcc/data/lfw/lfw-funneled/Mike_Weir/Mike_Weir_0010.jpg,0.17202430963516235,1
/home/anitadonato/tcc/tcc/data/lfw/lfw-funneled/Mike_Weir/Mike_Weir_0001.jpg,/home/anitadonato/tcc/tcc/data/lfw/lfw-funneled/Mike_Weir/Mike_Weir_0004.jpg,0.147616446018219,1
/home/anitadonato/tcc/tcc/data/lfw/lfw-funneled/Mike_Weir/Mike_Weir_0010.jpg,/home/anitadonato/tcc/tcc/data/lfw/lfw-funneled/Mike_Weir/Mike_Weir_0004.jpg,0.14977341890335083,1
/home/anitadonato/tcc/tcc/data/lfw/lfw-funneled/Habib_Rizieq/Habib_Rizieq_0001.jpg,/home/anitadonato/tcc/tcc/data/lfw/lfw-funneled/Habib_Rizieq/Habib_Rizieq_0003.jpg,0.16269755363464355,1
/home/anitadonato/tcc/tcc/data/lfw/lfw-funneled/Habib_Rizieq/Habib_Rizieq_0001.jpg,/home/anitadonato/tcc/tcc/data/lfw/lfw-funneled/Habib_Rizieq/Habib_Rizieq_0002.jpg,0.22019481658935547,1
/home/anitadonato/tcc/tcc/data/lfw/lfw-funneled/Habib_Rizieq/Habib_Rizieq_0001.jpg,/home/anitadonato/tcc/tcc/data/lfw/lfw-funneled/Habib_Rizieq/Habib_Rizieq_0004.jpg,0.13088738918304443,1
/home/anitadonato/tcc/tcc/data/lfw/lfw-funneled/Habib_Rizieq/Habib_Rizieq_0001.jpg,/home/anitadonato/tcc/tcc/data/lfw/lfw-funneled/Habib_Rizieq/Habib_Rizieq_0005.jpg,0.16551822423934937,1
/home/anitadonato/tcc/tcc/data/lfw/lfw-funneled/Habib_Rizieq/Habib_Rizieq_0003.jpg,/home/anitadonato/tcc/tcc/data/lfw/lfw-funneled/Habib_Rizieq/Habib_Rizieq_0002.jpg,0.17040151357650757,1
/home/anitadonato/tcc/tcc/data/lfw/lfw-funneled/Habib_Rizieq/Habib_Rizieq_0003.jpg,/home/anitadonato/tcc/tcc/data/lfw/lfw-funneled/Habib_Rizieq/Habib_Rizieq_0004.jpg,0.13489484786987305,1
/home/anitadonato/tcc/tcc/data/lfw/lfw-funneled/Habib_Rizieq/Habib_Rizieq_0003.jpg,/home/anitadonato/tcc/tcc/data/lfw/lfw-funneled/Habib_Rizieq/Habib_Rizieq_0005.jpg,0.19556641578674316,1
/home/anitadonato/tcc/tcc/data/lfw/lfw-funneled/Habib_Rizieq/Habib_Rizieq_0002.jpg,/home/anitadonato/tcc/tcc/data/lfw/lfw-funneled/Habib_Rizieq/Habib_Rizieq_0004.jpg,0.22603332996368408,1
/home/anitadonato/tcc/tcc/data/lfw/lfw-funneled/Habib_Rizieq/Habib_Rizieq_0002.jpg,/home/anitadonato/tcc/tcc/data/lfw/lfw-funneled/Habib_Rizieq/Habib_Rizieq_0005.jpg,0.23089599609375,1
/home/anitadonato/tcc/tcc/data/lfw/lfw-funneled/Habib_Rizieq/Habib_Rizieq_0004.jpg,/home/anitadonato/tcc/tcc/data/lfw/lfw-funneled/Habib_Rizieq/Habib_Rizieq_0005.jpg,0.18743646144866943,1
/home/anitadonato/tcc/tcc/data/lfw/lfw-funneled/Paradorn_Srichaphan/Paradorn_Srichaphan_0009.jpg,/home/anitadonato/tcc/tcc/data/lfw/lfw-funneled/Paradorn_Srichaphan/Paradorn_Srichaphan_0010.jpg,0.2730661630630493,1
/home/anitadonato/tcc/tcc/data/lfw/lfw-funneled/Paradorn_Srichaphan/Paradorn_Srichaphan_0009.jpg,/home/anitadonato/tcc/tcc/data/lfw/lfw-funneled/Paradorn_Srichaphan/Paradorn_Srichaphan_0004.jpg,0.2793506979942322,1
/home/anitadonato/tcc/tcc/data/lfw/lfw-funneled/Paradorn_Srichaphan/Paradorn_Srichaphan_0009.jpg,/home/anitadonato/tcc/tcc/data/lfw/lfw-funneled/Paradorn_Srichaphan/Paradorn_Srichaphan_0008.jpg,0.26771414279937744,1
/home/anitadonato/tcc/tcc/data/lfw/lfw-funneled/Paradorn_Srichaphan/Paradorn_Srichaphan_0009.jpg,/home/anitadonato/tcc/tcc/data/lfw/lfw-funneled/Paradorn_Srichaphan/Paradorn_Srichaphan_0002.jpg,0.2683597803115845,1
/home/anitadonato/tcc/tcc/data/lfw/lfw-funneled/Paradorn_Srichaphan/Paradorn_Srichaphan_0010.jpg,/home/anitadonato/tcc/tcc/data/lfw/lfw-funneled/Paradorn_Srichaphan/Paradorn_Srichaphan_0004.jpg,0.2006726861000061,1
/home/anitadonato/tcc/tcc/data/lfw/lfw-funneled/Paradorn_Srichaphan/Paradorn_Srichaphan_0010.jpg,/home/anitadonato/tcc/tcc/data/lfw/lfw-funneled/Paradorn_Srichaphan/Paradorn_Srichaphan_0008.jpg,0.18453437089920044,1
/home/anitadonato/tcc/tcc/data/lfw/lfw-funneled/Paradorn_Srichaphan/Paradorn_Srichaphan_0010.jpg,/home/anitadonato/tcc/tcc/data/lfw/lfw-funneled/Paradorn_Srichaphan/Paradorn_Srichaphan_0002.jpg,0.16854816675186157,1
/home/anitadonato/tcc/tcc/data/lfw/lfw-funneled/Paradorn_Srichaphan/Paradorn_Srichaphan_0004.jpg,/home/anitadonato/tcc/tcc/data/lfw/lfw-funneled/Paradorn_Srichaphan/Paradorn_Srichaphan_0008.jpg,0.2176150679588318,1
/home/anitadonato/tcc/tcc/data/lfw/lfw-funneled/Paradorn_Srichaphan/Paradorn_Srichaphan_0004.jpg,/home/anitadonato/tcc/tcc/data/lfw/lfw-funneled/Paradorn_Srichaphan/Paradorn_Srichaphan_0002.jpg,0.20842254161834717,1
/home/anitadonato/tcc/tcc/data/lfw/lfw-funneled/Paradorn_Srichaphan/Paradorn_Srichaphan_0008.jpg,/home/anitadonato/tcc/tcc/data/lfw/lfw-funneled/Paradorn_Srichaphan/Paradorn_Srichaphan_0002.jpg,0.11956781148910522,1
/home/anitadonato/tcc/tcc/data/lfw/lfw-funneled/Kim_Dae-jung/Kim_Dae-jung_0005.jpg,/home/anitadonato/tcc/tcc/data/lfw/lfw-funneled/Kim_Dae-jung/Kim_Dae-jung_0004.jpg,0.12821835279464722,1
/home/anitadonato/tcc/tcc/data/lfw/lfw-funneled/Kim_Dae-jung/Kim_Dae-jung_0005.jpg,/home/anitadonato/tcc/tcc/data/lfw/lfw-funneled/Kim_Dae-jung/Kim_Dae-jung_0007.jpg,0.16545158624649048,1
/home/anitadonato/tcc/tcc/data/lfw/lfw-funneled/Kim_Dae-jung/Kim_Dae-jung_0005.jpg,/home/anitadonato/tcc/tcc/data/lfw/lfw-funneled/Kim_Dae-jung/Kim_Dae-jung_0001.jpg,0.1886935830116272,1
/home/anitadonato/tcc/tcc/data/lfw/lfw-funneled/Kim_Dae-jung/Kim_Dae-jung_0005.jpg,/home/anitadonato/tcc/tcc/data/lfw/lfw-funneled/Kim_Dae-jung/Kim_Dae-jung_0006.jpg,0.10845708847045898,1
/home/anitadonato/tcc/tcc/data/lfw/lfw-funneled/Kim_Dae-jung/Kim_Dae-jung_0004.jpg,/home/anitadonato/tcc/tcc/data/lfw/lfw-funneled/Kim_Dae-jung/Kim_Dae-jung_0007.jpg,0.17807674407958984,1
/home/anitadonato/tcc/tcc/data/lfw/lfw-funneled/Kim_Dae-jung/Kim_Dae-jung_0004.jpg,/home/anitadonato/tcc/tcc/data/lfw/lfw-funneled/Kim_Dae-jung/Kim_Dae-jung_0001.jpg,0.1747928261756897,1
/home/anitadonato/tcc/tcc/data/lfw/lfw-funneled/Kim_Dae-jung/Kim_Dae-jung_0004.jpg,/home/anitadonato/tcc/tcc/data/lfw/lfw-funneled/Kim_Dae-jung/Kim_Dae-jung_0006.jpg,0.17534524202346802,1
/home/anitadonato/tcc/tcc/data/lfw/lfw-funneled/Kim_Dae-jung/Kim_Dae-jung_0007.jpg,/home/anitadonato/tcc/tcc/data/lfw/lfw-funneled/Kim_Dae-jung/Kim_Dae-jung_0001.jpg,0.2068747878074646,1
/home/anitadonato/tcc/tcc/data/lfw/lfw-funneled/Kim_Dae-jung/Kim_Dae-jung_0007.jpg,/home/anitadonato/tcc/tcc/data/lfw/lfw-funneled/Kim_Dae-jung/Kim_Dae-jung_0006.jpg,0.19532990455627441,1
/home/anitadonato/tcc/tcc/data/lfw/lfw-funneled/Kim_Dae-jung/Kim_Dae-jung_0001.jpg,/home/anitadonato/tcc/tcc/data/lfw/lfw-funneled/Kim_Dae-jung/Kim_Dae-jung_0006.jpg,0.20233458280563354,1
/home/anitadonato/tcc/tcc/data/lfw/lfw-funneled/Pamela_Anderson/Pamela_Anderson_0003.jpg,/home/anitadonato/tcc/tcc/data/lfw/lfw-funneled/Pamela_Anderson/Pamela_Anderson_0004.jpg,0.19118207693099976,1
/home/anitadonato/tcc/tcc/data/lfw/lfw-funneled/Pamela_Anderson/Pamela_Anderson_0003.jpg,/home/anitadonato/tcc/tcc/data/lfw/lfw-funneled/Pamela_Anderson/Pamela_Anderson_0005.jpg,0.15489685535430908,1
/home/anitadonato/tcc/tcc/data/lfw/lfw-funneled/Pamela_Anderson/Pamela_Anderson_0003.jpg,/home/anitadonato/tcc/tcc/data/lfw/lfw-funneled/Pamela_Anderson/Pamela_Anderson_0001.jpg,0.15354233980178833,1
/home/anitadonato/tcc/tcc/data/lfw/lfw-funneled/Pamela_Anderson/Pamela_Anderson_0003.jpg,/home/anitadonato/tcc/tcc/data/lfw/lfw-funneled/Pamela_Anderson/Pamela_Anderson_0002.jpg,0.11018025875091553,1
/home/anitadonato/tcc/tcc/data/lfw/lfw-funneled/Pamela_Anderson/Pamela_Anderson_0004.jpg,/home/anitadonato/tcc/tcc/data/lfw/lfw-funneled/Pamela_Anderson/Pamela_Anderson_0005.jpg,0.16586041450500488,1
/home/anitadonato/tcc/tcc/data/lfw/lfw-funneled/Pamela_Anderson/Pamela_Anderson_0004.jpg,/home/anitadonato/tcc/tcc/data/lfw/lfw-funneled/Pamela_Anderson/Pamela_Anderson_0001.jpg,0.16993725299835205,1
/home/anitadonato/tcc/tcc/data/lfw/lfw-funneled/Pamela_Anderson/Pamela_Anderson_0004.jpg,/home/anitadonato/tcc/tcc/data/lfw/lfw-funneled/Pamela_Anderson/Pamela_Anderson_0002.jpg,0.15380913019180298,1
/home/anitadonato/tcc/tcc/data/lfw/lfw-funneled/Pamela_Anderson/Pamela_Anderson_0005.jpg,/home/anitadonato/tcc/tcc/data/lfw/lfw-funneled/Pamela_Anderson/Pamela_Anderson_0001.jpg,0.19652193784713745,1
/home/anitadonato/tcc/tcc/data/lfw/lfw-funneled/Pamela_Anderson/Pamela_Anderson_0005.jpg,/home/anitadonato/tcc/tcc/data/lfw/lfw-funneled/Pamela_Anderson/Pamela_Anderson_0002.jpg,0.1424587368965149,1
/home/anitadonato/tcc/tcc/data/lfw/lfw-funneled/Pamela_Anderson/Pamela_Anderson_0001.jpg,/home/anitadonato/tcc/tcc/data/lfw/lfw-funneled/Pamela_Anderson/Pamela_Anderson_0002.jpg,0.14766299724578857,1
/home/anitadonato/tcc/tcc/data/lfw/lfw-funneled/Joseph_Biden/Joseph_Biden_0002.jpg,/home/anitadonato/tcc/tcc/data/lfw/lfw-funneled/Joseph_Biden/Joseph_Biden_0001.jpg,0.27577483654022217,1
/home/anitadonato/tcc/tcc/data/lfw/lfw-funneled/Joseph_Biden/Joseph_Biden_0002.jpg,/home/anitadonato/tcc/tcc/data/lfw/lfw-funneled/Joseph_Biden/Joseph_Biden_0005.jpg,0.22013264894485474,1
/home/anitadonato/tcc/tcc/data/lfw/lfw-funneled/Joseph_Biden/Joseph_Biden_0002.jpg,/home/anitadonato/tcc/tcc/data/lfw/lfw-funneled/Joseph_Biden/Joseph_Biden_0004.jpg,0.23445308208465576,1
/home/anitadonato/tcc/tcc/data/lfw/lfw-funneled/Joseph_Biden/Joseph_Biden_0002.jpg,/home/anitadonato/tcc/tcc/data/lfw/lfw-funneled/Joseph_Biden/Joseph_Biden_0003.jpg,0.24642014503479004,1
/home/anitadonato/tcc/tcc/data/lfw/lfw-funneled/Joseph_Biden/Joseph_Biden_0001.jpg,/home/anitadonato/tcc/tcc/data/lfw/lfw-funneled/Joseph_Biden/Joseph_Biden_0005.jpg,0.17545276880264282,1
/home/anitadonato/tcc/tcc/data/lfw/lfw-funneled/Joseph_Biden/Joseph_Biden_0001.jpg,/home/anitadonato/tcc/tcc/data/lfw/lfw-funneled/Joseph_Biden/Joseph_Biden_0004.jpg,0.2510495185852051,1
/home/anitadonato/tcc/tcc/data/lfw/lfw-funneled/Joseph_Biden/Joseph_Biden_0001.jpg,/home/anitadonato/tcc/tcc/data/lfw/lfw-funneled/Joseph_Biden/Joseph_Biden_0003.jpg,0.27717673778533936,1
/home/anitadonato/tcc/tcc/data/lfw/lfw-funneled/Joseph_Biden/Joseph_Biden_0005.jpg,/home/anitadonato/tcc/tcc/data/lfw/lfw-funneled/Joseph_Biden/Joseph_Biden_0004.jpg,0.17281579971313477,1
/home/anitadonato/tcc/tcc/data/lfw/lfw-funneled/Joseph_Biden/Joseph_Biden_0005.jpg,/home/anitadonato/tcc/tcc/data/lfw/lfw-funneled/Joseph_Biden/Joseph_Biden_0003.jpg,0.188959002494812,1
/home/anitadonato/tcc/tcc/data/lfw/lfw-funneled/Joseph_Biden/Joseph_Biden_0004.jpg,/home/anitadonato/tcc/tcc/data/lfw/lfw-funneled/Joseph_Biden/Joseph_Biden_0003.jpg,0.08753573894500732,1
/home/anitadonato/tcc/tcc/data/lfw/lfw-funneled/Sheryl_Crow/Sheryl_Crow_0007.jpg,/home/anitadonato/tcc/tcc/data/lfw/lfw-funneled/Sheryl_Crow/Sheryl_Crow_0002.jpg,0.15520775318145752,1
/home/anitadonato/tcc/tcc/data/lfw/lfw-funneled/Sheryl_Crow/Sheryl_Crow_0007.jpg,/home/anitadonato/tcc/tcc/data/lfw/lfw-funneled/Sheryl_Crow/Sheryl_Crow_0004.jpg,0.07626402378082275,1
/home/anitadonato/tcc/tcc/data/lfw/lfw-funneled/Sheryl_Crow/Sheryl_Crow_0007.jpg,/home/anitadonato/tcc/tcc/data/lfw/lfw-funneled/Sheryl_Crow/Sheryl_Crow_0008.jpg,0.09619355201721191,1
/home/anitadonato/tcc/tcc/data/lfw/lfw-funneled/Sheryl_Crow/Sheryl_Crow_0007.jpg,/home/anitadonato/tcc/tcc/data/lfw/lfw-funneled/Sheryl_Crow/Sheryl_Crow_0001.jpg,0.16053235530853271,1
/home/anitadonato/tcc/tcc/data/lfw/lfw-funneled/Sheryl_Crow/Sheryl_Crow_0002.jpg,/home/anitadonato/tcc/tcc/data/lfw/lfw-funneled/Sheryl_Crow/Sheryl_Crow_0004.jpg,0.15018188953399658,1
/home/anitadonato/tcc/tcc/data/lfw/lfw-funneled/Sheryl_Crow/Sheryl_Crow_0002.jpg,/home/anitadonato/tcc/tcc/data/lfw/lfw-funneled/Sheryl_Crow/Sheryl_Crow_0008.jpg,0.17415517568588257,1
/home/anitadonato/tcc/tcc/data/lfw/lfw-funneled/Sheryl_Crow/Sheryl_Crow_0002.jpg,/home/anitadonato/tcc/tcc/data/lfw/lfw-funneled/Sheryl_Crow/Sheryl_Crow_0001.jpg,0.12908518314361572,1
/home/anitadonato/tcc/tcc/data/lfw/lfw-funneled/Sheryl_Crow/Sheryl_Crow_0004.jpg,/home/anitadonato/tcc/tcc/data/lfw/lfw-funneled/Sheryl_Crow/Sheryl_Crow_0008.jpg,0.10953670740127563,1
/home/anitadonato/tcc/tcc/data/lfw/lfw-funneled/Sheryl_Crow/Sheryl_Crow_0004.jpg,/home/anitadonato/tcc/tcc/data/lfw/lfw-funneled/Sheryl_Crow/Sheryl_Crow_0001.jpg,0.12062805891036987,1
/home/anitadonato/tcc/tcc/data/lfw/lfw-funneled/Sheryl_Crow/Sheryl_Crow_0008.jpg,/home/anitadonato/tcc/tcc/data/lfw/lfw-funneled/Sheryl_Crow/Sheryl_Crow_0001.jpg,0.1506044864654541,1
/home/anitadonato/tcc/tcc/data/lfw/lfw-funneled/Richard_Gere/Richard_Gere_0005.jpg,/home/anitadonato/tcc/tcc/data/lfw/lfw-funneled/Richard_Gere/Richard_Gere_0007.jpg,0.25682514905929565,1
/home/anitadonato/tcc/tcc/data/lfw/lfw-funneled/Richard_Gere/Richard_Gere_0005.jpg,/home/anitadonato/tcc/tcc/data/lfw/lfw-funneled/Richard_Gere/Richard_Gere_0006.jpg,0.28819477558135986,1
/home/anitadonato/tcc/tcc/data/lfw/lfw-funneled/Richard_Gere/Richard_Gere_0005.jpg,/home/anitadonato/tcc/tcc/data/lfw/lfw-funneled/Richard_Gere/Richard_Gere_0002.jpg,0.2166827917098999,1
/home/anitadonato/tcc/tcc/data/lfw/lfw-funneled/Richard_Gere/Richard_Gere_0005.jpg,/home/anitadonato/tcc/tcc/data/lfw/lfw-funneled/Richard_Gere/Richard_Gere_0004.jpg,0.22228282690048218,1
/home/anitadonato/tcc/tcc/data/lfw/lfw-funneled/Richard_Gere/Richard_Gere_0007.jpg,/home/anitadonato/tcc/tcc/data/lfw/lfw-funneled/Richard_Gere/Richard_Gere_0006.jpg,0.25851863622665405,1
/home/anitadonato/tcc/tcc/data/lfw/lfw-funneled/Richard_Gere/Richard_Gere_0007.jpg,/home/anitadonato/tcc/tcc/data/lfw/lfw-funneled/Richard_Gere/Richard_Gere_0002.jpg,0.1801621913909912,1
/home/anitadonato/tcc/tcc/data/lfw/lfw-funneled/Richard_Gere/Richard_Gere_0007.jpg,/home/anitadonato/tcc/tcc/data/lfw/lfw-funneled/Richard_Gere/Richard_Gere_0004.jpg,0.2701164484024048,1
/home/anitadonato/tcc/tcc/data/lfw/lfw-funneled/Richard_Gere/Richard_Gere_0006.jpg,/home/anitadonato/tcc/tcc/data/lfw/lfw-funneled/Richard_Gere/Richard_Gere_0002.jpg,0.23259371519088745,1
/home/anitadonato/tcc/tcc/data/lfw/lfw-funneled/Richard_Gere/Richard_Gere_0006.jpg,/home/anitadonato/tcc/tcc/data/lfw/lfw-funneled/Richard_Gere/Richard_Gere_0004.jpg,0.29039740562438965,1
/home/anitadonato/tcc/tcc/data/lfw/lfw-funneled/Richard_Gere/Richard_Gere_0002.jpg,/home/anitadonato/tcc/tcc/data/lfw/lfw-funneled/Richard_Gere/Richard_Gere_0004.jpg,0.18406391143798828,1
/home/anitadonato/tcc/tcc/data/lfw/lfw-funneled/Christine_Baumgartner/Christine_Baumgartner_0003.jpg,/home/anitadonato/tcc/tcc/data/lfw/lfw-funneled/Christine_Baumgartner/Christine_Baumgartner_0005.jpg,0.2074398398399353,1
/home/anitadonato/tcc/tcc/data/lfw/lfw-funneled/Christine_Baumgartner/Christine_Baumgartner_0003.jpg,/home/anitadonato/tcc/tcc/data/lfw/lfw-funneled/Christine_Baumgartner/Christine_Baumgartner_0002.jpg,0.2648615837097168,1
/home/anitadonato/tcc/tcc/data/lfw/lfw-funneled/Christine_Baumgartner/Christine_Baumgartner_0003.jpg,/home/anitadonato/tcc/tcc/data/lfw/lfw-funneled/Christine_Baumgartner/Christine_Baumgartner_0004.jpg,0.2660602927207947,1
/home/anitadonato/tcc/tcc/data/lfw/lfw-funneled/Christine_Baumgartner/Christine_Baumgartner_0003.jpg,/home/anitadonato/tcc/tcc/data/lfw/lfw-funneled/Christine_Baumgartner/Christine_Baumgartner_0001.jpg,0.1596890687942505,1
/home/anitadonato/tcc/tcc/data/lfw/lfw-funneled/Christine_Baumgartner/Christine_Baumgartner_0005.jpg,/home/anitadonato/tcc/tcc/data/lfw/lfw-funneled/Christine_Baumgartner/Christine_Baumgartner_0002.jpg,0.21500056982040405,1
/home/anitadonato/tcc/tcc/data/lfw/lfw-funneled/Christine_Baumgartner/Christine_Baumgartner_0005.jpg,/home/anitadonato/tcc/tcc/data/lfw/lfw-funneled/Christine_Baumgartner/Christine_Baumgartner_0004.jpg,0.15863513946533203,1
/home/anitadonato/tcc/tcc/data/lfw/lfw-funneled/Christine_Baumgartner/Christine_Baumgartner_0005.jpg,/home/anitadonato/tcc/tcc/data/lfw/lfw-funneled/Christine_Baumgartner/Christine_Baumgartner_0001.jpg,0.08931291103363037,1
/home/anitadonato/tcc/tcc/data/lfw/lfw-funneled/Christine_Baumgartner/Christine_Baumgartner_0002.jpg,/home/anitadonato/tcc/tcc/data/lfw/lfw-funneled/Christine_Baumgartner/Christine_Baumgartner_0004.jpg,0.1547257900238037,1
/home/anitadonato/tcc/tcc/data/lfw/lfw-funneled/Christine_Baumgartner/Christine_Baumgartner_0002.jpg,/home/anitadonato/tcc/tcc/data/lfw/lfw-funneled/Christine_Baumgartner/Christine_Baumgartner_0001.jpg,0.17987394332885742,1
/home/anitadonato/tcc/tcc/data/lfw/lfw-funneled/Christine_Baumgartner/Christine_Baumgartner_0004.jpg,/home/anitadonato/tcc/tcc/data/lfw/lfw-funneled/Christine_Baumgartner/Christine_Baumgartner_0001.jpg,0.15132558345794678,1
/home/anitadonato/tcc/tcc/data/lfw/lfw-funneled/Meryl_Streep/Meryl_Streep_0005.jpg,/home/anitadonato/tcc/tcc/data/lfw/lfw-funneled/Meryl_Streep/Meryl_Streep_0014.jpg,0.3788232207298279,1
/home/anitadonato/tcc/tcc/data/lfw/lfw-funneled/Meryl_Streep/Meryl_Streep_0005.jpg,/home/anitadonato/tcc/tcc/data/lfw/lfw-funneled/Meryl_Streep/Meryl_Streep_0002.jpg,0.31569403409957886,1
/home/anitadonato/tcc/tcc/data/lfw/lfw-funneled/Meryl_Streep/Meryl_Streep_0005.jpg,/home/anitadonato/tcc/tcc/data/lfw/lfw-funneled/Meryl_Streep/Meryl_Streep_0008.jpg,0.35351061820983887,1
/home/anitadonato/tcc/tcc/data/lfw/lfw-funneled/Meryl_Streep/Meryl_Streep_0005.jpg,/home/anitadonato/tcc/tcc/data/lfw/lfw-funneled/Meryl_Streep/Meryl_Streep_0001.jpg,0.23783940076828003,1
/home/anitadonato/tcc/tcc/data/lfw/lfw-funneled/Meryl_Streep/Meryl_Streep_0014.jpg,/home/anitadonato/tcc/tcc/data/lfw/lfw-funneled/Meryl_Streep/Meryl_Streep_0002.jpg,0.20923113822937012,1
/home/anitadonato/tcc/tcc/data/lfw/lfw-funneled/Meryl_Streep/Meryl_Streep_0014.jpg,/home/anitadonato/tcc/tcc/data/lfw/lfw-funneled/Meryl_Streep/Meryl_Streep_0008.jpg,0.10430413484573364,1
/home/anitadonato/tcc/tcc/data/lfw/lfw-funneled/Meryl_Streep/Meryl_Streep_0014.jpg,/home/anitadonato/tcc/tcc/data/lfw/lfw-funneled/Meryl_Streep/Meryl_Streep_0001.jpg,0.2579283118247986,1
/home/anitadonato/tcc/tcc/data/lfw/lfw-funneled/Meryl_Streep/Meryl_Streep_0002.jpg,/home/anitadonato/tcc/tcc/data/lfw/lfw-funneled/Meryl_Streep/Meryl_Streep_0008.jpg,0.20690006017684937,1
/home/anitadonato/tcc/tcc/data/lfw/lfw-funneled/Meryl_Streep/Meryl_Streep_0002.jpg,/home/anitadonato/tcc/tcc/data/lfw/lfw-funneled/Meryl_Streep/Meryl_Streep_0001.jpg,0.21508276462554932,1
/home/anitadonato/tcc/tcc/data/lfw/lfw-funneled/Meryl_Streep/Meryl_Streep_0008.jpg,/home/anitadonato/tcc/tcc/data/lfw/lfw-funneled/Meryl_Streep/Meryl_Streep_0001.jpg,0.2625574469566345,1
/home/anitadonato/tcc/tcc/data/lfw/lfw-funneled/Mark_Hurlbert/Mark_Hurlbert_0005.jpg,/home/anitadonato/tcc/tcc/data/lfw/lfw-funneled/Mark_Hurlbert/Mark_Hurlbert_0001.jpg,0.31836384534835815,1
/home/anitadonato/tcc/tcc/data/lfw/lfw-funneled/Mark_Hurlbert/Mark_Hurlbert_0005.jpg,/home/anitadonato/tcc/tcc/data/lfw/lfw-funneled/Mark_Hurlbert/Mark_Hurlbert_0002.jpg,0.2302904725074768,1
/home/anitadonato/tcc/tcc/data/lfw/lfw-funneled/Mark_Hurlbert/Mark_Hurlbert_0005.jpg,/home/anitadonato/tcc/tcc/data/lfw/lfw-funneled/Mark_Hurlbert/Mark_Hurlbert_0004.jpg,0.2695600986480713,1
/home/anitadonato/tcc/tcc/data/lfw/lfw-funneled/Mark_Hurlbert/Mark_Hurlbert_0005.jpg,/home/anitadonato/tcc/tcc/data/lfw/lfw-funneled/Mark_Hurlbert/Mark_Hurlbert_0003.jpg,0.2861834764480591,1
/home/anitadonato/tcc/tcc/data/lfw/lfw-funneled/Mark_Hurlbert/Mark_Hurlbert_0001.jpg,/home/anitadonato/tcc/tcc/data/lfw/lfw-funneled/Mark_Hurlbert/Mark_Hurlbert_0002.jpg,0.18209338188171387,1
/home/anitadonato/tcc/tcc/data/lfw/lfw-funneled/Mark_Hurlbert/Mark_Hurlbert_0001.jpg,/home/anitadonato/tcc/tcc/data/lfw/lfw-funneled/Mark_Hurlbert/Mark_Hurlbert_0004.jpg,0.17707115411758423,1
/home/anitadonato/tcc/tcc/data/lfw/lfw-funneled/Mark_Hurlbert/Mark_Hurlbert_0001.jpg,/home/anitadonato/tcc/tcc/data/lfw/lfw-funneled/Mark_Hurlbert/Mark_Hurlbert_0003.jpg,0.16593968868255615,1
/home/anitadonato/tcc/tcc/data/lfw/lfw-funneled/Mark_Hurlbert/Mark_Hurlbert_0002.jpg,/home/anitadonato/tcc/tcc/data/lfw/lfw-funneled/Mark_Hurlbert/Mark_Hurlbert_0004.jpg,0.1470123529434204,1
/home/anitadonato/tcc/tcc/data/lfw/lfw-funneled/Mark_Hurlbert/Mark_Hurlbert_0002.jpg,/home/anitadonato/tcc/tcc/data/lfw/lfw-funneled/Mark_Hurlbert/Mark_Hurlbert_0003.jpg,0.13639694452285767,1
/home/anitadonato/tcc/tcc/data/lfw/lfw-funneled/Mark_Hurlbert/Mark_Hurlbert_0004.jpg,/home/anitadonato/tcc/tcc/data/lfw/lfw-funneled/Mark_Hurlbert/Mark_Hurlbert_0003.jpg,0.09961014986038208,1
/home/anitadonato/tcc/tcc/data/lfw/lfw-funneled/Bob_Graham/Bob_Graham_0006.jpg,/home/anitadonato/tcc/tcc/data/lfw/lfw-funneled/Bob_Graham/Bob_Graham_0001.jpg,0.1003415584564209,1
/home/anitadonato/tcc/tcc/data/lfw/lfw-funneled/Bob_Graham/Bob_Graham_0006.jpg,/home/anitadonato/tcc/tcc/data/lfw/lfw-funneled/Bob_Graham/Bob_Graham_0005.jpg,0.13863438367843628,1
/home/anitadonato/tcc/tcc/data/lfw/lfw-funneled/Bob_Graham/Bob_Graham_0006.jpg,/home/anitadonato/tcc/tcc/data/lfw/lfw-funneled/Bob_Graham/Bob_Graham_0004.jpg,0.15271472930908203,1
/home/anitadonato/tcc/tcc/data/lfw/lfw-funneled/Bob_Graham/Bob_Graham_0006.jpg,/home/anitadonato/tcc/tcc/data/lfw/lfw-funneled/Bob_Graham/Bob_Graham_0003.jpg,0.14840394258499146,1
/home/anitadonato/tcc/tcc/data/lfw/lfw-funneled/Bob_Graham/Bob_Graham_0001.jpg,/home/anitadonato/tcc/tcc/data/lfw/lfw-funneled/Bob_Graham/Bob_Graham_0005.jpg,0.13047873973846436,1
/home/anitadonato/tcc/tcc/data/lfw/lfw-funneled/Bob_Graham/Bob_Graham_0001.jpg,/home/anitadonato/tcc/tcc/data/lfw/lfw-funneled/Bob_Graham/Bob_Graham_0004.jpg,0.1638743281364441,1
/home/anitadonato/tcc/tcc/data/lfw/lfw-funneled/Bob_Graham/Bob_Graham_0001.jpg,/home/anitadonato/tcc/tcc/data/lfw/lfw-funneled/Bob_Graham/Bob_Graham_0003.jpg,0.17051774263381958,1
/home/anitadonato/tcc/tcc/data/lfw/lfw-funneled/Bob_Graham/Bob_Graham_0005.jpg,/home/anitadonato/tcc/tcc/data/lfw/lfw-funneled/Bob_Graham/Bob_Graham_0004.jpg,0.19392681121826172,1
/home/anitadonato/tcc/tcc/data/lfw/lfw-funneled/Bob_Graham/Bob_Graham_0005.jpg,/home/anitadonato/tcc/tcc/data/lfw/lfw-funneled/Bob_Graham/Bob_Graham_0003.jpg,0.14161759614944458,1
/home/anitadonato/tcc/tcc/data/lfw/lfw-funneled/Bob_Graham/Bob_Graham_0004.jpg,/home/anitadonato/tcc/tcc/data/lfw/lfw-funneled/Bob_Graham/Bob_Graham_0003.jpg,0.19207197427749634,1
/home/anitadonato/tcc/tcc/data/lfw/lfw-funneled/Antonio_Banderas/Antonio_Banderas_0001.jpg,/home/anitadonato/tcc/tcc/data/lfw/lfw-funneled/Antonio_Banderas/Antonio_Banderas_0002.jpg,0.1410006880760193,1
/home/anitadonato/tcc/tcc/data/lfw/lfw-funneled/Antonio_Banderas/Antonio_Banderas_0001.jpg,/home/anitadonato/tcc/tcc/data/lfw/lfw-funneled/Antonio_Banderas/Antonio_Banderas_0005.jpg,0.14661741256713867,1
/home/anitadonato/tcc/tcc/data/lfw/lfw-funneled/Antonio_Banderas/Antonio_Banderas_0001.jpg,/home/anitadonato/tcc/tcc/data/lfw/lfw-funneled/Antonio_Banderas/Antonio_Banderas_0003.jpg,0.17396467924118042,1
/home/anitadonato/tcc/tcc/data/lfw/lfw-funneled/Antonio_Banderas/Antonio_Banderas_0001.jpg,/home/anitadonato/tcc/tcc/data/lfw/lfw-funneled/Antonio_Banderas/Antonio_Banderas_0004.jpg,0.1469172239303589,1
/home/anitadonato/tcc/tcc/data/lfw/lfw-funneled/Antonio_Banderas/Antonio_Banderas_0002.jpg,/home/anitadonato/tcc/tcc/data/lfw/lfw-funneled/Antonio_Banderas/Antonio_Banderas_0005.jpg,0.2202218770980835,1
/home/anitadonato/tcc/tcc/data/lfw/lfw-funneled/Antonio_Banderas/Antonio_Banderas_0002.jpg,/home/anitadonato/tcc/tcc/data/lfw/lfw-funneled/Antonio_Banderas/Antonio_Banderas_0003.jpg,0.20081359148025513,1
/home/anitadonato/tcc/tcc/data/lfw/lfw-funneled/Antonio_Banderas/Antonio_Banderas_0002.jpg,/home/anitadonato/tcc/tcc/data/lfw/lfw-funneled/Antonio_Banderas/Antonio_Banderas_0004.jpg,0.17691439390182495,1
/home/anitadonato/tcc/tcc/data/lfw/lfw-funneled/Antonio_Banderas/Antonio_Banderas_0005.jpg,/home/anitadonato/tcc/tcc/data/lfw/lfw-funneled/Antonio_Banderas/Antonio_Banderas_0003.jpg,0.16971951723098755,1
/home/anitadonato/tcc/tcc/data/lfw/lfw-funneled/Antonio_Banderas/Antonio_Banderas_0005.jpg,/home/anitadonato/tcc/tcc/data/lfw/lfw-funneled/Antonio_Banderas/Antonio_Banderas_0004.jpg,0.2122836709022522,1
/home/anitadonato/tcc/tcc/data/lfw/lfw-funneled/Antonio_Banderas/Antonio_Banderas_0003.jpg,/home/anitadonato/tcc/tcc/data/lfw/lfw-funneled/Antonio_Banderas/Antonio_Banderas_0004.jpg,0.22265660762786865,1
/home/anitadonato/tcc/tcc/data/lfw/lfw-funneled/Carlos_Menem/Carlos_Menem_0004.jpg,/home/anitadonato/tcc/tcc/data/lfw/lfw-funneled/Carlos_Menem/Carlos_Menem_0019.jpg,0.17072820663452148,1
/home/anitadonato/tcc/tcc/data/lfw/lfw-funneled/Carlos_Menem/Carlos_Menem_0004.jpg,/home/anitadonato/tcc/tcc/data/lfw/lfw-funneled/Carlos_Menem/Carlos_Menem_0007.jpg,0.1884516477584839,1
/home/anitadonato/tcc/tcc/data/lfw/lfw-funneled/Carlos_Menem/Carlos_Menem_0004.jpg,/home/anitadonato/tcc/tcc/data/lfw/lfw-funneled/Carlos_Menem/Carlos_Menem_0015.jpg,0.15615785121917725,1
/home/anitadonato/tcc/tcc/data/lfw/lfw-funneled/Carlos_Menem/Carlos_Menem_0004.jpg,/home/anitadonato/tcc/tcc/data/lfw/lfw-funneled/Carlos_Menem/Carlos_Menem_0009.jpg,0.17275214195251465,1
/home/anitadonato/tcc/tcc/data/lfw/lfw-funneled/Carlos_Menem/Carlos_Menem_0019.jpg,/home/anitadonato/tcc/tcc/data/lfw/lfw-funneled/Carlos_Menem/Carlos_Menem_0007.jpg,0.24390560388565063,1
/home/anitadonato/tcc/tcc/data/lfw/lfw-funneled/Carlos_Menem/Carlos_Menem_0019.jpg,/home/anitadonato/tcc/tcc/data/lfw/lfw-funneled/Carlos_Menem/Carlos_Menem_0015.jpg,0.21947157382965088,1
/home/anitadonato/tcc/tcc/data/lfw/lfw-funneled/Carlos_Menem/Carlos_Menem_0019.jpg,/home/anitadonato/tcc/tcc/data/lfw/lfw-funneled/Carlos_Menem/Carlos_Menem_0009.jpg,0.13636726140975952,1
/home/anitadonato/tcc/tcc/data/lfw/lfw-funneled/Carlos_Menem/Carlos_Menem_0007.jpg,/home/anitadonato/tcc/tcc/data/lfw/lfw-funneled/Carlos_Menem/Carlos_Menem_0015.jpg,0.16958582401275635,1
/home/anitadonato/tcc/tcc/data/lfw/lfw-funneled/Carlos_Menem/Carlos_Menem_0007.jpg,/home/anitadonato/tcc/tcc/data/lfw/lfw-funneled/Carlos_Menem/Carlos_Menem_0009.jpg,0.20201849937438965,1
/home/anitadonato/tcc/tcc/data/lfw/lfw-funneled/Carlos_Menem/Carlos_Menem_0015.jpg,/home/anitadonato/tcc/tcc/data/lfw/lfw-funneled/Carlos_Menem/Carlos_Menem_0009.jpg,0.16174203157424927,1
/home/anitadonato/tcc/tcc/data/lfw/lfw-funneled/Colin_Montgomerie/Colin_Montgomerie_0003.jpg,/home/anitadonato/tcc/tcc/data/lfw/lfw-funneled/Colin_Montgomerie/Colin_Montgomerie_0002.jpg,0.1559460163116455,1
/home/anitadonato/tcc/tcc/data/lfw/lfw-funneled/Colin_Montgomerie/Colin_Montgomerie_0003.jpg,/home/anitadonato/tcc/tcc/data/lfw/lfw-funneled/Colin_Montgomerie/Colin_Montgomerie_0005.jpg,0.19425511360168457,1
/home/anitadonato/tcc/tcc/data/lfw/lfw-funneled/Colin_Montgomerie/Colin_Montgomerie_0003.jpg,/home/anitadonato/tcc/tcc/data/lfw/lfw-funneled/Colin_Montgomerie/Colin_Montgomerie_0001.jpg,0.19784873723983765,1
/home/anitadonato/tcc/tcc/data/lfw/lfw-funneled/Colin_Montgomerie/Colin_Montgomerie_0002.jpg,/home/anitadonato/tcc/tcc/data/lfw/lfw-funneled/Colin_Montgomerie/Colin_Montgomerie_0005.jpg,0.1768118143081665,1
/home/anitadonato/tcc/tcc/data/lfw/lfw-funneled/Colin_Montgomerie/Colin_Montgomerie_0002.jpg,/home/anitadonato/tcc/tcc/data/lfw/lfw-funneled/Colin_Montgomerie/Colin_Montgomerie_0001.jpg,0.16475600004196167,1
/home/anitadonato/tcc/tcc/data/lfw/lfw-funneled/Colin_Montgomerie/Colin_Montgomerie_0005.jpg,/home/anitadonato/tcc/tcc/data/lfw/lfw-funneled/Colin_Montgomerie/Colin_Montgomerie_0001.jpg,0.22000479698181152,1
/home/anitadonato/tcc/tcc/data/lfw/lfw-funneled/Tom_Harkin/Tom_Harkin_0003.jpg,/home/anitadonato/tcc/tcc/data/lfw/lfw-funneled/Tom_Harkin/Tom_Harkin_0001.jpg,0.15953952074050903,1
/home/anitadonato/tcc/tcc/data/lfw/lfw-funneled/Tom_Harkin/Tom_Harkin_0003.jpg,/home/anitadonato/tcc/tcc/data/lfw/lfw-funneled/Tom_Harkin/Tom_Harkin_0005.jpg,0.1186370849609375,1
/home/anitadonato/tcc/tcc/data/lfw/lfw-funneled/Tom_Harkin/Tom_Harkin_0003.jpg,/home/anitadonato/tcc/tcc/data/lfw/lfw-funneled/Tom_Harkin/Tom_Harkin_0004.jpg,0.1250576376914978,1
/home/anitadonato/tcc/tcc/data/lfw/lfw-funneled/Tom_Harkin/Tom_Harkin_0003.jpg,/home/anitadonato/tcc/tcc/data/lfw/lfw-funneled/Tom_Harkin/Tom_Harkin_0002.jpg,0.13290363550186157,1
/home/anitadonato/tcc/tcc/data/lfw/lfw-funneled/Tom_Harkin/Tom_Harkin_0001.jpg,/home/anitadonato/tcc/tcc/data/lfw/lfw-funneled/Tom_Harkin/Tom_Harkin_0005.jpg,0.16419672966003418,1
/home/anitadonato/tcc/tcc/data/lfw/lfw-funneled/Tom_Harkin/Tom_Harkin_0001.jpg,/home/anitadonato/tcc/tcc/data/lfw/lfw-funneled/Tom_Harkin/Tom_Harkin_0004.jpg,0.2020277976989746,1
/home/anitadonato/tcc/tcc/data/lfw/lfw-funneled/Tom_Harkin/Tom_Harkin_0001.jpg,/home/anitadonato/tcc/tcc/data/lfw/lfw-funneled/Tom_Harkin/Tom_Harkin_0002.jpg,0.15354150533676147,1
/home/anitadonato/tcc/tcc/data/lfw/lfw-funneled/Tom_Harkin/Tom_Harkin_0005.jpg,/home/anitadonato/tcc/tcc/data/lfw/lfw-funneled/Tom_Harkin/Tom_Harkin_0004.jpg,0.1457093358039856,1
/home/anitadonato/tcc/tcc/data/lfw/lfw-funneled/Tom_Harkin/Tom_Harkin_0005.jpg,/home/anitadonato/tcc/tcc/data/lfw/lfw-funneled/Tom_Harkin/Tom_Harkin_0002.jpg,0.12863218784332275,1
/home/anitadonato/tcc/tcc/data/lfw/lfw-funneled/Tom_Harkin/Tom_Harkin_0004.jpg,/home/anitadonato/tcc/tcc/data/lfw/lfw-funneled/Tom_Harkin/Tom_Harkin_0002.jpg,0.18298977613449097,1
/home/anitadonato/tcc/tcc/data/lfw/lfw-funneled/Tom_Daschle/Tom_Daschle_0019.jpg,/home/anitadonato/tcc/tcc/data/lfw/lfw-funneled/Tom_Daschle/Tom_Daschle_0022.jpg,0.1961069107055664,1
/home/anitadonato/tcc/tcc/data/lfw/lfw-funneled/Tom_Daschle/Tom_Daschle_0019.jpg,/home/anitadonato/tcc/tcc/data/lfw/lfw-funneled/Tom_Daschle/Tom_Daschle_0013.jpg,0.18875598907470703,1
/home/anitadonato/tcc/tcc/data/lfw/lfw-funneled/Tom_Daschle/Tom_Daschle_0019.jpg,/home/anitadonato/tcc/tcc/data/lfw/lfw-funneled/Tom_Daschle/Tom_Daschle_0023.jpg,0.1448730230331421,1
/home/anitadonato/tcc/tcc/data/lfw/lfw-funneled/Tom_Daschle/Tom_Daschle_0019.jpg,/home/anitadonato/tcc/tcc/data/lfw/lfw-funneled/Tom_Daschle/Tom_Daschle_0007.jpg,0.13699650764465332,1
/home/anitadonato/tcc/tcc/data/lfw/lfw-funneled/Tom_Daschle/Tom_Daschle_0022.jpg,/home/anitadonato/tcc/tcc/data/lfw/lfw-funneled/Tom_Daschle/Tom_Daschle_0013.jpg,0.23066765069961548,1
/home/anitadonato/tcc/tcc/data/lfw/lfw-funneled/Tom_Daschle/Tom_Daschle_0022.jpg,/home/anitadonato/tcc/tcc/data/lfw/lfw-funneled/Tom_Daschle/Tom_Daschle_0023.jpg,0.23469316959381104,1
/home/anitadonato/tcc/tcc/data/lfw/lfw-funneled/Tom_Daschle/Tom_Daschle_0022.jpg,/home/anitadonato/tcc/tcc/data/lfw/lfw-funneled/Tom_Daschle/Tom_Daschle_0007.jpg,0.2315346598625183,1
/home/anitadonato/tcc/tcc/data/lfw/lfw-funneled/Tom_Daschle/Tom_Daschle_0013.jpg,/home/anitadonato/tcc/tcc/data/lfw/lfw-funneled/Tom_Daschle/Tom_Daschle_0023.jpg,0.17859703302383423,1
/home/anitadonato/tcc/tcc/data/lfw/lfw-funneled/Tom_Daschle/Tom_Daschle_0013.jpg,/home/anitadonato/tcc/tcc/data/lfw/lfw-funneled/Tom_Daschle/Tom_Daschle_0007.jpg,0.17332607507705688,1
/home/anitadonato/tcc/tcc/data/lfw/lfw-funneled/Tom_Daschle/Tom_Daschle_0023.jpg,/home/anitadonato/tcc/tcc/data/lfw/lfw-funneled/Tom_Daschle/Tom_Daschle_0007.jpg,0.14642620086669922,1
/home/anitadonato/tcc/tcc/data/lfw/lfw-funneled/Atal_Bihari_Vajpayee/Atal_Bihari_Vajpayee_0003.jpg,/home/anitadonato/tcc/tcc/data/lfw/lfw-funneled/Atal_Bihari_Vajpayee/Atal_Bihari_Vajpayee_0019.jpg,0.17059355974197388,1
/home/anitadonato/tcc/tcc/data/lfw/lfw-funneled/Atal_Bihari_Vajpayee/Atal_Bihari_Vajpayee_0003.jpg,/home/anitadonato/tcc/tcc/data/lfw/lfw-funneled/Atal_Bihari_Vajpayee/Atal_Bihari_Vajpayee_0023.jpg,0.14289218187332153,1
/home/anitadonato/tcc/tcc/data/lfw/lfw-funneled/Atal_Bihari_Vajpayee/Atal_Bihari_Vajpayee_0003.jpg,/home/anitadonato/tcc/tcc/data/lfw/lfw-funneled/Atal_Bihari_Vajpayee/Atal_Bihari_Vajpayee_0021.jpg,0.1598920226097107,1
/home/anitadonato/tcc/tcc/data/lfw/lfw-funneled/Atal_Bihari_Vajpayee/Atal_Bihari_Vajpayee_0003.jpg,/home/anitadonato/tcc/tcc/data/lfw/lfw-funneled/Atal_Bihari_Vajpayee/Atal_Bihari_Vajpayee_0008.jpg,0.10605549812316895,1
/home/anitadonato/tcc/tcc/data/lfw/lfw-funneled/Atal_Bihari_Vajpayee/Atal_Bihari_Vajpayee_0019.jpg,/home/anitadonato/tcc/tcc/data/lfw/lfw-funneled/Atal_Bihari_Vajpayee/Atal_Bihari_Vajpayee_0023.jpg,0.1752992868423462,1
/home/anitadonato/tcc/tcc/data/lfw/lfw-funneled/Atal_Bihari_Vajpayee/Atal_Bihari_Vajpayee_0019.jpg,/home/anitadonato/tcc/tcc/data/lfw/lfw-funneled/Atal_Bihari_Vajpayee/Atal_Bihari_Vajpayee_0021.jpg,0.1447175145149231,1
/home/anitadonato/tcc/tcc/data/lfw/lfw-funneled/Atal_Bihari_Vajpayee/Atal_Bihari_Vajpayee_0019.jpg,/home/anitadonato/tcc/tcc/data/lfw/lfw-funneled/Atal_Bihari_Vajpayee/Atal_Bihari_Vajpayee_0008.jpg,0.1642424464225769,1
/home/anitadonato/tcc/tcc/data/lfw/lfw-funneled/Atal_Bihari_Vajpayee/Atal_Bihari_Vajpayee_0023.jpg,/home/anitadonato/tcc/tcc/data/lfw/lfw-funneled/Atal_Bihari_Vajpayee/Atal_Bihari_Vajpayee_0021.jpg,0.1250673532485962,1
/home/anitadonato/tcc/tcc/data/lfw/lfw-funneled/Atal_Bihari_Vajpayee/Atal_Bihari_Vajpayee_0023.jpg,/home/anitadonato/tcc/tcc/data/lfw/lfw-funneled/Atal_Bihari_Vajpayee/Atal_Bihari_Vajpayee_0008.jpg,0.17117905616760254,1
/home/anitadonato/tcc/tcc/data/lfw/lfw-funneled/Atal_Bihari_Vajpayee/Atal_Bihari_Vajpayee_0021.jpg,/home/anitadonato/tcc/tcc/data/lfw/lfw-funneled/Atal_Bihari_Vajpayee/Atal_Bihari_Vajpayee_0008.jpg,0.17901194095611572,1
/home/anitadonato/tcc/tcc/data/lfw/lfw-funneled/John_Travolta/John_Travolta_0001.jpg,/home/anitadonato/tcc/tcc/data/lfw/lfw-funneled/John_Travolta/John_Travolta_0006.jpg,0.15852993726730347,1
/home/anitadonato/tcc/tcc/data/lfw/lfw-funneled/John_Travolta/John_Travolta_0001.jpg,/home/anitadonato/tcc/tcc/data/lfw/lfw-funneled/John_Travolta/John_Travolta_0003.jpg,0.17624998092651367,1
/home/anitadonato/tcc/tcc/data/lfw/lfw-funneled/John_Travolta/John_Travolta_0001.jpg,/home/anitadonato/tcc/tcc/data/lfw/lfw-funneled/John_Travolta/John_Travolta_0007.jpg,0.17098039388656616,1
/home/anitadonato/tcc/tcc/data/lfw/lfw-funneled/John_Travolta/John_Travolta_0001.jpg,/home/anitadonato/tcc/tcc/data/lfw/lfw-funneled/John_Travolta/John_Travolta_0005.jpg,0.15756720304489136,1
/home/anitadonato/tcc/tcc/data/lfw/lfw-funneled/John_Travolta/John_Travolta_0006.jpg,/home/anitadonato/tcc/tcc/data/lfw/lfw-funneled/John_Travolta/John_Travolta_0003.jpg,0.17882496118545532,1
/home/anitadonato/tcc/tcc/data/lfw/lfw-funneled/John_Travolta/John_Travolta_0006.jpg,/home/anitadonato/tcc/tcc/data/lfw/lfw-funneled/John_Travolta/John_Travolta_0007.jpg,0.1869145631790161,1
/home/anitadonato/tcc/tcc/data/lfw/lfw-funneled/John_Travolta/John_Travolta_0006.jpg,/home/anitadonato/tcc/tcc/data/lfw/lfw-funneled/John_Travolta/John_Travolta_0005.jpg,0.17860567569732666,1
/home/anitadonato/tcc/tcc/data/lfw/lfw-funneled/John_Travolta/John_Travolta_0003.jpg,/home/anitadonato/tcc/tcc/data/lfw/lfw-funneled/John_Travolta/John_Travolta_0007.jpg,0.12423098087310791,1
/home/anitadonato/tcc/tcc/data/lfw/lfw-funneled/John_Travolta/John_Travolta_0003.jpg,/home/anitadonato/tcc/tcc/data/lfw/lfw-funneled/John_Travolta/John_Travolta_0005.jpg,0.21409857273101807,1
/home/anitadonato/tcc/tcc/data/lfw/lfw-funneled/John_Travolta/John_Travolta_0007.jpg,/home/anitadonato/tcc/tcc/data/lfw/lfw-funneled/John_Travolta/John_Travolta_0005.jpg,0.20185595750808716,1
/home/anitadonato/tcc/tcc/data/lfw/lfw-funneled/John_Snow/John_Snow_0002.jpg,/home/anitadonato/tcc/tcc/data/lfw/lfw-funneled/John_Snow/John_Snow_0012.jpg,0.19354379177093506,1
/home/anitadonato/tcc/tcc/data/lfw/lfw-funneled/John_Snow/John_Snow_0002.jpg,/home/anitadonato/tcc/tcc/data/lfw/lfw-funneled/John_Snow/John_Snow_0009.jpg,0.3141385316848755,1
/home/anitadonato/tcc/tcc/data/lfw/lfw-funneled/John_Snow/John_Snow_0002.jpg,/home/anitadonato/tcc/tcc/data/lfw/lfw-funneled/John_Snow/John_Snow_0007.jpg,0.2973237633705139,1
/home/anitadonato/tcc/tcc/data/lfw/lfw-funneled/John_Snow/John_Snow_0002.jpg,/home/anitadonato/tcc/tcc/data/lfw/lfw-funneled/John_Snow/John_Snow_0011.jpg,0.26134639978408813,1
/home/anitadonato/tcc/tcc/data/lfw/lfw-funneled/John_Snow/John_Snow_0012.jpg,/home/anitadonato/tcc/tcc/data/lfw/lfw-funneled/John_Snow/John_Snow_0009.jpg,0.2593322992324829,1
/home/anitadonato/tcc/tcc/data/lfw/lfw-funneled/John_Snow/John_Snow_0012.jpg,/home/anitadonato/tcc/tcc/data/lfw/lfw-funneled/John_Snow/John_Snow_0007.jpg,0.27223342657089233,1
/home/anitadonato/tcc/tcc/data/lfw/lfw-funneled/John_Snow/John_Snow_0012.jpg,/home/anitadonato/tcc/tcc/data/lfw/lfw-funneled/John_Snow/John_Snow_0011.jpg,0.20765209197998047,1
/home/anitadonato/tcc/tcc/data/lfw/lfw-funneled/John_Snow/John_Snow_0009.jpg,/home/anitadonato/tcc/tcc/data/lfw/lfw-funneled/John_Snow/John_Snow_0007.jpg,0.2370660901069641,1
/home/anitadonato/tcc/tcc/data/lfw/lfw-funneled/John_Snow/John_Snow_0009.jpg,/home/anitadonato/tcc/tcc/data/lfw/lfw-funneled/John_Snow/John_Snow_0011.jpg,0.1816723346710205,1
/home/anitadonato/tcc/tcc/data/lfw/lfw-funneled/John_Snow/John_Snow_0007.jpg,/home/anitadonato/tcc/tcc/data/lfw/lfw-funneled/John_Snow/John_Snow_0011.jpg,0.2097923755645752,1
/home/anitadonato/tcc/tcc/data/lfw/lfw-funneled/Ludivine_Sagnier/Ludivine_Sagnier_0003.jpg,/home/anitadonato/tcc/tcc/data/lfw/lfw-funneled/Ludivine_Sagnier/Ludivine_Sagnier_0001.jpg,0.15761035680770874,1
/home/anitadonato/tcc/tcc/data/lfw/lfw-funneled/Ludivine_Sagnier/Ludivine_Sagnier_0003.jpg,/home/anitadonato/tcc/tcc/data/lfw/lfw-funneled/Ludivine_Sagnier/Ludivine_Sagnier_0005.jpg,0.1578114628791809,1
/home/anitadonato/tcc/tcc/data/lfw/lfw-funneled/Ludivine_Sagnier/Ludivine_Sagnier_0003.jpg,/home/anitadonato/tcc/tcc/data/lfw/lfw-funneled/Ludivine_Sagnier/Ludivine_Sagnier_0002.jpg,0.09885597229003906,1
/home/anitadonato/tcc/tcc/data/lfw/lfw-funneled/Ludivine_Sagnier/Ludivine_Sagnier_0003.jpg,/home/anitadonato/tcc/tcc/data/lfw/lfw-funneled/Ludivine_Sagnier/Ludivine_Sagnier_0004.jpg,0.1081196665763855,1
/home/anitadonato/tcc/tcc/data/lfw/lfw-funneled/Ludivine_Sagnier/Ludivine_Sagnier_0001.jpg,/home/anitadonato/tcc/tcc/data/lfw/lfw-funneled/Ludivine_Sagnier/Ludivine_Sagnier_0005.jpg,0.17252987623214722,1
/home/anitadonato/tcc/tcc/data/lfw/lfw-funneled/Ludivine_Sagnier/Ludivine_Sagnier_0001.jpg,/home/anitadonato/tcc/tcc/data/lfw/lfw-funneled/Ludivine_Sagnier/Ludivine_Sagnier_0002.jpg,0.16421401500701904,1
/home/anitadonato/tcc/tcc/data/lfw/lfw-funneled/Ludivine_Sagnier/Ludivine_Sagnier_0001.jpg,/home/anitadonato/tcc/tcc/data/lfw/lfw-funneled/Ludivine_Sagnier/Ludivine_Sagnier_0004.jpg,0.17125678062438965,1
/home/anitadonato/tcc/tcc/data/lfw/lfw-funneled/Ludivine_Sagnier/Ludivine_Sagnier_0005.jpg,/home/anitadonato/tcc/tcc/data/lfw/lfw-funneled/Ludivine_Sagnier/Ludivine_Sagnier_0002.jpg,0.11365842819213867,1
/home/anitadonato/tcc/tcc/data/lfw/lfw-funneled/Ludivine_Sagnier/Ludivine_Sagnier_0005.jpg,/home/anitadonato/tcc/tcc/data/lfw/lfw-funneled/Ludivine_Sagnier/Ludivine_Sagnier_0004.jpg,0.16304391622543335,1
/home/anitadonato/tcc/tcc/data/lfw/lfw-funneled/Ludivine_Sagnier/Ludivine_Sagnier_0002.jpg,/home/anitadonato/tcc/tcc/data/lfw/lfw-funneled/Ludivine_Sagnier/Ludivine_Sagnier_0004.jpg,0.1078442931175232,1
/home/anitadonato/tcc/tcc/data/lfw/lfw-funneled/Michelle_Yeoh/Michelle_Yeoh_0004.jpg,/home/anitadonato/tcc/tcc/data/lfw/lfw-funneled/Michelle_Yeoh/Michelle_Yeoh_0005.jpg,0.15355241298675537,1
/home/anitadonato/tcc/tcc/data/lfw/lfw-funneled/Michelle_Yeoh/Michelle_Yeoh_0004.jpg,/home/anitadonato/tcc/tcc/data/lfw/lfw-funneled/Michelle_Yeoh/Michelle_Yeoh_0001.jpg,0.23258131742477417,1
/home/anitadonato/tcc/tcc/data/lfw/lfw-funneled/Michelle_Yeoh/Michelle_Yeoh_0004.jpg,/home/anitadonato/tcc/tcc/data/lfw/lfw-funneled/Michelle_Yeoh/Michelle_Yeoh_0002.jpg,0.22810852527618408,1
/home/anitadonato/tcc/tcc/data/lfw/lfw-funneled/Michelle_Yeoh/Michelle_Yeoh_0004.jpg,/home/anitadonato/tcc/tcc/data/lfw/lfw-funneled/Michelle_Yeoh/Michelle_Yeoh_0003.jpg,0.17441022396087646,1
/home/anitadonato/tcc/tcc/data/lfw/lfw-funneled/Michelle_Yeoh/Michelle_Yeoh_0005.jpg,/home/anitadonato/tcc/tcc/data/lfw/lfw-funneled/Michelle_Yeoh/Michelle_Yeoh_0001.jpg,0.2127283811569214,1
/home/anitadonato/tcc/tcc/data/lfw/lfw-funneled/Michelle_Yeoh/Michelle_Yeoh_0005.jpg,/home/anitadonato/tcc/tcc/data/lfw/lfw-funneled/Michelle_Yeoh/Michelle_Yeoh_0002.jpg,0.19047492742538452,1
/home/anitadonato/tcc/tcc/data/lfw/lfw-funneled/Michelle_Yeoh/Michelle_Yeoh_0005.jpg,/home/anitadonato/tcc/tcc/data/lfw/lfw-funneled/Michelle_Yeoh/Michelle_Yeoh_0003.jpg,0.16165465116500854,1
/home/anitadonato/tcc/tcc/data/lfw/lfw-funneled/Michelle_Yeoh/Michelle_Yeoh_0001.jpg,/home/anitadonato/tcc/tcc/data/lfw/lfw-funneled/Michelle_Yeoh/Michelle_Yeoh_0002.jpg,0.17953121662139893,1
/home/anitadonato/tcc/tcc/data/lfw/lfw-funneled/Michelle_Yeoh/Michelle_Yeoh_0001.jpg,/home/anitadonato/tcc/tcc/data/lfw/lfw-funneled/Michelle_Yeoh/Michelle_Yeoh_0003.jpg,0.20475709438323975,1
/home/anitadonato/tcc/tcc/data/lfw/lfw-funneled/Michelle_Yeoh/Michelle_Yeoh_0002.jpg,/home/anitadonato/tcc/tcc/data/lfw/lfw-funneled/Michelle_Yeoh/Michelle_Yeoh_0003.jpg,0.2088724970817566,1
/home/anitadonato/tcc/tcc/data/lfw/lfw-funneled/Grant_Hackett/Grant_Hackett_0004.jpg,/home/anitadonato/tcc/tcc/data/lfw/lfw-funneled/Grant_Hackett/Grant_Hackett_0002.jpg,0.14883071184158325,1
/home/anitadonato/tcc/tcc/data/lfw/lfw-funneled/Grant_Hackett/Grant_Hackett_0004.jpg,/home/anitadonato/tcc/tcc/data/lfw/lfw-funneled/Grant_Hackett/Grant_Hackett_0005.jpg,0.16662883758544922,1
/home/anitadonato/tcc/tcc/data/lfw/lfw-funneled/Grant_Hackett/Grant_Hackett_0004.jpg,/home/anitadonato/tcc/tcc/data/lfw/lfw-funneled/Grant_Hackett/Grant_Hackett_0001.jpg,0.1291140913963318,1
/home/anitadonato/tcc/tcc/data/lfw/lfw-funneled/Grant_Hackett/Grant_Hackett_0004.jpg,/home/anitadonato/tcc/tcc/data/lfw/lfw-funneled/Grant_Hackett/Grant_Hackett_0003.jpg,0.11014670133590698,1
/home/anitadonato/tcc/tcc/data/lfw/lfw-funneled/Grant_Hackett/Grant_Hackett_0002.jpg,/home/anitadonato/tcc/tcc/data/lfw/lfw-funneled/Grant_Hackett/Grant_Hackett_0005.jpg,0.18934696912765503,1
/home/anitadonato/tcc/tcc/data/lfw/lfw-funneled/Grant_Hackett/Grant_Hackett_0002.jpg,/home/anitadonato/tcc/tcc/data/lfw/lfw-funneled/Grant_Hackett/Grant_Hackett_0001.jpg,0.11156362295150757,1
/home/anitadonato/tcc/tcc/data/lfw/lfw-funneled/Grant_Hackett/Grant_Hackett_0002.jpg,/home/anitadonato/tcc/tcc/data/lfw/lfw-funneled/Grant_Hackett/Grant_Hackett_0003.jpg,0.14418262243270874,1
/home/anitadonato/tcc/tcc/data/lfw/lfw-funneled/Grant_Hackett/Grant_Hackett_0005.jpg,/home/anitadonato/tcc/tcc/data/lfw/lfw-funneled/Grant_Hackett/Grant_Hackett_0001.jpg,0.16703999042510986,1
/home/anitadonato/tcc/tcc/data/lfw/lfw-funneled/Grant_Hackett/Grant_Hackett_0005.jpg,/home/anitadonato/tcc/tcc/data/lfw/lfw-funneled/Grant_Hackett/Grant_Hackett_0003.jpg,0.1253250241279602,1
/home/anitadonato/tcc/tcc/data/lfw/lfw-funneled/Grant_Hackett/Grant_Hackett_0001.jpg,/home/anitadonato/tcc/tcc/data/lfw/lfw-funneled/Grant_Hackett/Grant_Hackett_0003.jpg,0.12421011924743652,1
/home/anitadonato/tcc/tcc/data/lfw/lfw-funneled/Al_Sharpton/Al_Sharpton_0005.jpg,/home/anitadonato/tcc/tcc/data/lfw/lfw-funneled/Al_Sharpton/Al_Sharpton_0007.jpg,0.1647987961769104,1
/home/anitadonato/tcc/tcc/data/lfw/lfw-funneled/Al_Sharpton/Al_Sharpton_0005.jpg,/home/anitadonato/tcc/tcc/data/lfw/lfw-funneled/Al_Sharpton/Al_Sharpton_0004.jpg,0.18288898468017578,1
/home/anitadonato/tcc/tcc/data/lfw/lfw-funneled/Al_Sharpton/Al_Sharpton_0005.jpg,/home/anitadonato/tcc/tcc/data/lfw/lfw-funneled/Al_Sharpton/Al_Sharpton_0006.jpg,0.11014610528945923,1
/home/anitadonato/tcc/tcc/data/lfw/lfw-funneled/Al_Sharpton/Al_Sharpton_0005.jpg,/home/anitadonato/tcc/tcc/data/lfw/lfw-funneled/Al_Sharpton/Al_Sharpton_0002.jpg,0.08358162641525269,1
/home/anitadonato/tcc/tcc/data/lfw/lfw-funneled/Al_Sharpton/Al_Sharpton_0007.jpg,/home/anitadonato/tcc/tcc/data/lfw/lfw-funneled/Al_Sharpton/Al_Sharpton_0004.jpg,0.24066567420959473,1
/home/anitadonato/tcc/tcc/data/lfw/lfw-funneled/Al_Sharpton/Al_Sharpton_0007.jpg,/home/anitadonato/tcc/tcc/data/lfw/lfw-funneled/Al_Sharpton/Al_Sharpton_0006.jpg,0.18360519409179688,1
/home/anitadonato/tcc/tcc/data/lfw/lfw-funneled/Al_Sharpton/Al_Sharpton_0007.jpg,/home/anitadonato/tcc/tcc/data/lfw/lfw-funneled/Al_Sharpton/Al_Sharpton_0002.jpg,0.1496691107749939,1
/home/anitadonato/tcc/tcc/data/lfw/lfw-funneled/Al_Sharpton/Al_Sharpton_0004.jpg,/home/anitadonato/tcc/tcc/data/lfw/lfw-funneled/Al_Sharpton/Al_Sharpton_0006.jpg,0.18623775243759155,1
/home/anitadonato/tcc/tcc/data/lfw/lfw-funneled/Al_Sharpton/Al_Sharpton_0004.jpg,/home/anitadonato/tcc/tcc/data/lfw/lfw-funneled/Al_Sharpton/Al_Sharpton_0002.jpg,0.19309085607528687,1
/home/anitadonato/tcc/tcc/data/lfw/lfw-funneled/Al_Sharpton/Al_Sharpton_0006.jpg,/home/anitadonato/tcc/tcc/data/lfw/lfw-funneled/Al_Sharpton/Al_Sharpton_0002.jpg,0.12853342294692993,1
/home/anitadonato/tcc/tcc/data/lfw/lfw-funneled/Carmen_Electra/Carmen_Electra_0006.jpg,/home/anitadonato/tcc/tcc/data/lfw/lfw-funneled/Carmen_Electra/Carmen_Electra_0005.jpg,0.10159105062484741,1
/home/anitadonato/tcc/tcc/data/lfw/lfw-funneled/Carmen_Electra/Carmen_Electra_0006.jpg,/home/anitadonato/tcc/tcc/data/lfw/lfw-funneled/Carmen_Electra/Carmen_Electra_0003.jpg,0.11923390626907349,1
/home/anitadonato/tcc/tcc/data/lfw/lfw-funneled/Carmen_Electra/Carmen_Electra_0006.jpg,/home/anitadonato/tcc/tcc/data/lfw/lfw-funneled/Carmen_Electra/Carmen_Electra_0002.jpg,0.15214049816131592,1
/home/anitadonato/tcc/tcc/data/lfw/lfw-funneled/Carmen_Electra/Carmen_Electra_0006.jpg,/home/anitadonato/tcc/tcc/data/lfw/lfw-funneled/Carmen_Electra/Carmen_Electra_0001.jpg,0.12782609462738037,1
/home/anitadonato/tcc/tcc/data/lfw/lfw-funneled/Carmen_Electra/Carmen_Electra_0005.jpg,/home/anitadonato/tcc/tcc/data/lfw/lfw-funneled/Carmen_Electra/Carmen_Electra_0003.jpg,0.13142096996307373,1
/home/anitadonato/tcc/tcc/data/lfw/lfw-funneled/Carmen_Electra/Carmen_Electra_0005.jpg,/home/anitadonato/tcc/tcc/data/lfw/lfw-funneled/Carmen_Electra/Carmen_Electra_0002.jpg,0.14258664846420288,1
/home/anitadonato/tcc/tcc/data/lfw/lfw-funneled/Carmen_Electra/Carmen_Electra_0005.jpg,/home/anitadonato/tcc/tcc/data/lfw/lfw-funneled/Carmen_Electra/Carmen_Electra_0001.jpg,0.1377367377281189,1
/home/anitadonato/tcc/tcc/data/lfw/lfw-funneled/Carmen_Electra/Carmen_Electra_0003.jpg,/home/anitadonato/tcc/tcc/data/lfw/lfw-funneled/Carmen_Electra/Carmen_Electra_0002.jpg,0.130221426486969,1
/home/anitadonato/tcc/tcc/data/lfw/lfw-funneled/Carmen_Electra/Carmen_Electra_0003.jpg,/home/anitadonato/tcc/tcc/data/lfw/lfw-funneled/Carmen_Electra/Carmen_Electra_0001.jpg,0.15041440725326538,1
/home/anitadonato/tcc/tcc/data/lfw/lfw-funneled/Carmen_Electra/Carmen_Electra_0002.jpg,/home/anitadonato/tcc/tcc/data/lfw/lfw-funneled/Carmen_Electra/Carmen_Electra_0001.jpg,0.1683862805366516,1
/home/anitadonato/tcc/tcc/data/lfw/lfw-funneled/Steve_Lavin/Steve_Lavin_0001.jpg,/home/anitadonato/tcc/tcc/data/lfw/lfw-funneled/Steve_Lavin/Steve_Lavin_0003.jpg,0.20106172561645508,1
/home/anitadonato/tcc/tcc/data/lfw/lfw-funneled/Steve_Lavin/Steve_Lavin_0001.jpg,/home/anitadonato/tcc/tcc/data/lfw/lfw-funneled/Steve_Lavin/Steve_Lavin_0004.jpg,0.1492445468902588,1
/home/anitadonato/tcc/tcc/data/lfw/lfw-funneled/Steve_Lavin/Steve_Lavin_0001.jpg,/home/anitadonato/tcc/tcc/data/lfw/lfw-funneled/Steve_Lavin/Steve_Lavin_0006.jpg,0.2219948172569275,1
/home/anitadonato/tcc/tcc/data/lfw/lfw-funneled/Steve_Lavin/Steve_Lavin_0001.jpg,/home/anitadonato/tcc/tcc/data/lfw/lfw-funneled/Steve_Lavin/Steve_Lavin_0002.jpg,0.14341503381729126,1
/home/anitadonato/tcc/tcc/data/lfw/lfw-funneled/Steve_Lavin/Steve_Lavin_0003.jpg,/home/anitadonato/tcc/tcc/data/lfw/lfw-funneled/Steve_Lavin/Steve_Lavin_0004.jpg,0.14901775121688843,1
/home/anitadonato/tcc/tcc/data/lfw/lfw-funneled/Steve_Lavin/Steve_Lavin_0003.jpg,/home/anitadonato/tcc/tcc/data/lfw/lfw-funneled/Steve_Lavin/Steve_Lavin_0006.jpg,0.18406665325164795,1
/home/anitadonato/tcc/tcc/data/lfw/lfw-funneled/Steve_Lavin/Steve_Lavin_0003.jpg,/home/anitadonato/tcc/tcc/data/lfw/lfw-funneled/Steve_Lavin/Steve_Lavin_0002.jpg,0.13437718152999878,1
/home/anitadonato/tcc/tcc/data/lfw/lfw-funneled/Steve_Lavin/Steve_Lavin_0004.jpg,/home/anitadonato/tcc/tcc/data/lfw/lfw-funneled/Steve_Lavin/Steve_Lavin_0006.jpg,0.2403324842453003,1
/home/anitadonato/tcc/tcc/data/lfw/lfw-funneled/Steve_Lavin/Steve_Lavin_0004.jpg,/home/anitadonato/tcc/tcc/data/lfw/lfw-funneled/Steve_Lavin/Steve_Lavin_0002.jpg,0.1309797167778015,1
/home/anitadonato/tcc/tcc/data/lfw/lfw-funneled/Steve_Lavin/Steve_Lavin_0006.jpg,/home/anitadonato/tcc/tcc/data/lfw/lfw-funneled/Steve_Lavin/Steve_Lavin_0002.jpg,0.19164586067199707,1
/home/anitadonato/tcc/tcc/data/lfw/lfw-funneled/Roh_Moo-hyun/Roh_Moo-hyun_0025.jpg,/home/anitadonato/tcc/tcc/data/lfw/lfw-funneled/Roh_Moo-hyun/Roh_Moo-hyun_0022.jpg,0.1708136796951294,1
/home/anitadonato/tcc/tcc/data/lfw/lfw-funneled/Roh_Moo-hyun/Roh_Moo-hyun_0025.jpg,/home/anitadonato/tcc/tcc/data/lfw/lfw-funneled/Roh_Moo-hyun/Roh_Moo-hyun_0002.jpg,0.16424626111984253,1
/home/anitadonato/tcc/tcc/data/lfw/lfw-funneled/Roh_Moo-hyun/Roh_Moo-hyun_0025.jpg,/home/anitadonato/tcc/tcc/data/lfw/lfw-funneled/Roh_Moo-hyun/Roh_Moo-hyun_0032.jpg,0.12306374311447144,1
/home/anitadonato/tcc/tcc/data/lfw/lfw-funneled/Roh_Moo-hyun/Roh_Moo-hyun_0025.jpg,/home/anitadonato/tcc/tcc/data/lfw/lfw-funneled/Roh_Moo-hyun/Roh_Moo-hyun_0021.jpg,0.09338635206222534,1
/home/anitadonato/tcc/tcc/data/lfw/lfw-funneled/Roh_Moo-hyun/Roh_Moo-hyun_0022.jpg,/home/anitadonato/tcc/tcc/data/lfw/lfw-funneled/Roh_Moo-hyun/Roh_Moo-hyun_0002.jpg,0.10570365190505981,1
/home/anitadonato/tcc/tcc/data/lfw/lfw-funneled/Roh_Moo-hyun/Roh_Moo-hyun_0022.jpg,/home/anitadonato/tcc/tcc/data/lfw/lfw-funneled/Roh_Moo-hyun/Roh_Moo-hyun_0032.jpg,0.11530250310897827,1
/home/anitadonato/tcc/tcc/data/lfw/lfw-funneled/Roh_Moo-hyun/Roh_Moo-hyun_0022.jpg,/home/anitadonato/tcc/tcc/data/lfw/lfw-funneled/Roh_Moo-hyun/Roh_Moo-hyun_0021.jpg,0.17596060037612915,1
/home/anitadonato/tcc/tcc/data/lfw/lfw-funneled/Roh_Moo-hyun/Roh_Moo-hyun_0002.jpg,/home/anitadonato/tcc/tcc/data/lfw/lfw-funneled/Roh_Moo-hyun/Roh_Moo-hyun_0032.jpg,0.08347785472869873,1
/home/anitadonato/tcc/tcc/data/lfw/lfw-funneled/Roh_Moo-hyun/Roh_Moo-hyun_0002.jpg,/home/anitadonato/tcc/tcc/data/lfw/lfw-funneled/Roh_Moo-hyun/Roh_Moo-hyun_0021.jpg,0.13272470235824585,1
/home/anitadonato/tcc/tcc/data/lfw/lfw-funneled/Roh_Moo-hyun/Roh_Moo-hyun_0032.jpg,/home/anitadonato/tcc/tcc/data/lfw/lfw-funneled/Roh_Moo-hyun/Roh_Moo-hyun_0021.jpg,0.09516149759292603,1
/home/anitadonato/tcc/tcc/data/lfw/lfw-funneled/Tom_Cruise/Tom_Cruise_0003.jpg,/home/anitadonato/tcc/tcc/data/lfw/lfw-funneled/Tom_Cruise/Tom_Cruise_0008.jpg,0.17830342054367065,1
/home/anitadonato/tcc/tcc/data/lfw/lfw-funneled/Tom_Cruise/Tom_Cruise_0003.jpg,/home/anitadonato/tcc/tcc/data/lfw/lfw-funneled/Tom_Cruise/Tom_Cruise_0004.jpg,0.22654718160629272,1
/home/anitadonato/tcc/tcc/data/lfw/lfw-funneled/Tom_Cruise/Tom_Cruise_0003.jpg,/home/anitadonato/tcc/tcc/data/lfw/lfw-funneled/Tom_Cruise/Tom_Cruise_0010.jpg,0.13721245527267456,1
/home/anitadonato/tcc/tcc/data/lfw/lfw-funneled/Tom_Cruise/Tom_Cruise_0003.jpg,/home/anitadonato/tcc/tcc/data/lfw/lfw-funneled/Tom_Cruise/Tom_Cruise_0007.jpg,0.16063028573989868,1
/home/anitadonato/tcc/tcc/data/lfw/lfw-funneled/Tom_Cruise/Tom_Cruise_0008.jpg,/home/anitadonato/tcc/tcc/data/lfw/lfw-funneled/Tom_Cruise/Tom_Cruise_0004.jpg,0.17111599445343018,1
/home/anitadonato/tcc/tcc/data/lfw/lfw-funneled/Tom_Cruise/Tom_Cruise_0008.jpg,/home/anitadonato/tcc/tcc/data/lfw/lfw-funneled/Tom_Cruise/Tom_Cruise_0010.jpg,0.20416539907455444,1
/home/anitadonato/tcc/tcc/data/lfw/lfw-funneled/Tom_Cruise/Tom_Cruise_0008.jpg,/home/anitadonato/tcc/tcc/data/lfw/lfw-funneled/Tom_Cruise/Tom_Cruise_0007.jpg,0.15386176109313965,1
/home/anitadonato/tcc/tcc/data/lfw/lfw-funneled/Tom_Cruise/Tom_Cruise_0004.jpg,/home/anitadonato/tcc/tcc/data/lfw/lfw-funneled/Tom_Cruise/Tom_Cruise_0010.jpg,0.24688124656677246,1
/home/anitadonato/tcc/tcc/data/lfw/lfw-funneled/Tom_Cruise/Tom_Cruise_0004.jpg,/home/anitadonato/tcc/tcc/data/lfw/lfw-funneled/Tom_Cruise/Tom_Cruise_0007.jpg,0.2074776291847229,1
/home/anitadonato/tcc/tcc/data/lfw/lfw-funneled/Tom_Cruise/Tom_Cruise_0010.jpg,/home/anitadonato/tcc/tcc/data/lfw/lfw-funneled/Tom_Cruise/Tom_Cruise_0007.jpg,0.1087491512298584,1
/home/anitadonato/tcc/tcc/data/lfw/lfw-funneled/Zhu_Rongji/Zhu_Rongji_0006.jpg,/home/anitadonato/tcc/tcc/data/lfw/lfw-funneled/Zhu_Rongji/Zhu_Rongji_0005.jpg,0.17018848657608032,1
/home/anitadonato/tcc/tcc/data/lfw/lfw-funneled/Zhu_Rongji/Zhu_Rongji_0006.jpg,/home/anitadonato/tcc/tcc/data/lfw/lfw-funneled/Zhu_Rongji/Zhu_Rongji_0008.jpg,0.1869315505027771,1
/home/anitadonato/tcc/tcc/data/lfw/lfw-funneled/Zhu_Rongji/Zhu_Rongji_0006.jpg,/home/anitadonato/tcc/tcc/data/lfw/lfw-funneled/Zhu_Rongji/Zhu_Rongji_0009.jpg,0.220994234085083,1
/home/anitadonato/tcc/tcc/data/lfw/lfw-funneled/Zhu_Rongji/Zhu_Rongji_0006.jpg,/home/anitadonato/tcc/tcc/data/lfw/lfw-funneled/Zhu_Rongji/Zhu_Rongji_0003.jpg,0.15161782503128052,1
/home/anitadonato/tcc/tcc/data/lfw/lfw-funneled/Zhu_Rongji/Zhu_Rongji_0005.jpg,/home/anitadonato/tcc/tcc/data/lfw/lfw-funneled/Zhu_Rongji/Zhu_Rongji_0008.jpg,0.22134512662887573,1
/home/anitadonato/tcc/tcc/data/lfw/lfw-funneled/Zhu_Rongji/Zhu_Rongji_0005.jpg,/home/anitadonato/tcc/tcc/data/lfw/lfw-funneled/Zhu_Rongji/Zhu_Rongji_0009.jpg,0.24988645315170288,1
/home/anitadonato/tcc/tcc/data/lfw/lfw-funneled/Zhu_Rongji/Zhu_Rongji_0005.jpg,/home/anitadonato/tcc/tcc/data/lfw/lfw-funneled/Zhu_Rongji/Zhu_Rongji_0003.jpg,0.19442284107208252,1
/home/anitadonato/tcc/tcc/data/lfw/lfw-funneled/Zhu_Rongji/Zhu_Rongji_0008.jpg,/home/anitadonato/tcc/tcc/data/lfw/lfw-funneled/Zhu_Rongji/Zhu_Rongji_0009.jpg,0.1758894920349121,1
/home/anitadonato/tcc/tcc/data/lfw/lfw-funneled/Zhu_Rongji/Zhu_Rongji_0008.jpg,/home/anitadonato/tcc/tcc/data/lfw/lfw-funneled/Zhu_Rongji/Zhu_Rongji_0003.jpg,0.17637360095977783,1
/home/anitadonato/tcc/tcc/data/lfw/lfw-funneled/Zhu_Rongji/Zhu_Rongji_0009.jpg,/home/anitadonato/tcc/tcc/data/lfw/lfw-funneled/Zhu_Rongji/Zhu_Rongji_0003.jpg,0.21375828981399536,1
/home/anitadonato/tcc/tcc/data/lfw/lfw-funneled/Silvio_Berlusconi/Silvio_Berlusconi_0001.jpg,/home/anitadonato/tcc/tcc/data/lfw/lfw-funneled/Silvio_Berlusconi/Silvio_Berlusconi_0013.jpg,0.21911948919296265,1
/home/anitadonato/tcc/tcc/data/lfw/lfw-funneled/Silvio_Berlusconi/Silvio_Berlusconi_0001.jpg,/home/anitadonato/tcc/tcc/data/lfw/lfw-funneled/Silvio_Berlusconi/Silvio_Berlusconi_0006.jpg,0.23683345317840576,1
/home/anitadonato/tcc/tcc/data/lfw/lfw-funneled/Silvio_Berlusconi/Silvio_Berlusconi_0001.jpg,/home/anitadonato/tcc/tcc/data/lfw/lfw-funneled/Silvio_Berlusconi/Silvio_Berlusconi_0016.jpg,0.2466697096824646,1
/home/anitadonato/tcc/tcc/data/lfw/lfw-funneled/Silvio_Berlusconi/Silvio_Berlusconi_0001.jpg,/home/anitadonato/tcc/tcc/data/lfw/lfw-funneled/Silvio_Berlusconi/Silvio_Berlusconi_0027.jpg,0.1964254379272461,1
/home/anitadonato/tcc/tcc/data/lfw/lfw-funneled/Silvio_Berlusconi/Silvio_Berlusconi_0013.jpg,/home/anitadonato/tcc/tcc/data/lfw/lfw-funneled/Silvio_Berlusconi/Silvio_Berlusconi_0006.jpg,0.18556052446365356,1
/home/anitadonato/tcc/tcc/data/lfw/lfw-funneled/Silvio_Berlusconi/Silvio_Berlusconi_0013.jpg,/home/anitadonato/tcc/tcc/data/lfw/lfw-funneled/Silvio_Berlusconi/Silvio_Berlusconi_0016.jpg,0.198214590549469,1
/home/anitadonato/tcc/tcc/data/lfw/lfw-funneled/Silvio_Berlusconi/Silvio_Berlusconi_0013.jpg,/home/anitadonato/tcc/tcc/data/lfw/lfw-funneled/Silvio_Berlusconi/Silvio_Berlusconi_0027.jpg,0.1621878743171692,1
/home/anitadonato/tcc/tcc/data/lfw/lfw-funneled/Silvio_Berlusconi/Silvio_Berlusconi_0006.jpg,/home/anitadonato/tcc/tcc/data/lfw/lfw-funneled/Silvio_Berlusconi/Silvio_Berlusconi_0016.jpg,0.24429750442504883,1
/home/anitadonato/tcc/tcc/data/lfw/lfw-funneled/Silvio_Berlusconi/Silvio_Berlusconi_0006.jpg,/home/anitadonato/tcc/tcc/data/lfw/lfw-funneled/Silvio_Berlusconi/Silvio_Berlusconi_0027.jpg,0.22822731733322144,1
/home/anitadonato/tcc/tcc/data/lfw/lfw-funneled/Silvio_Berlusconi/Silvio_Berlusconi_0016.jpg,/home/anitadonato/tcc/tcc/data/lfw/lfw-funneled/Silvio_Berlusconi/Silvio_Berlusconi_0027.jpg,0.20883220434188843,1
/home/anitadonato/tcc/tcc/data/lfw/lfw-funneled/Kofi_Annan/Kofi_Annan_0032.jpg,/home/anitadonato/tcc/tcc/data/lfw/lfw-funneled/Kofi_Annan/Kofi_Annan_0016.jpg,0.11976337432861328,1
/home/anitadonato/tcc/tcc/data/lfw/lfw-funneled/Kofi_Annan/Kofi_Annan_0032.jpg,/home/anitadonato/tcc/tcc/data/lfw/lfw-funneled/Kofi_Annan/Kofi_Annan_0031.jpg,0.16760987043380737,1
/home/anitadonato/tcc/tcc/data/lfw/lfw-funneled/Kofi_Annan/Kofi_Annan_0032.jpg,/home/anitadonato/tcc/tcc/data/lfw/lfw-funneled/Kofi_Annan/Kofi_Annan_0029.jpg,0.1406058669090271,1
/home/anitadonato/tcc/tcc/data/lfw/lfw-funneled/Kofi_Annan/Kofi_Annan_0032.jpg,/home/anitadonato/tcc/tcc/data/lfw/lfw-funneled/Kofi_Annan/Kofi_Annan_0002.jpg,0.1140260100364685,1
/home/anitadonato/tcc/tcc/data/lfw/lfw-funneled/Kofi_Annan/Kofi_Annan_0016.jpg,/home/anitadonato/tcc/tcc/data/lfw/lfw-funneled/Kofi_Annan/Kofi_Annan_0031.jpg,0.17161571979522705,1
/home/anitadonato/tcc/tcc/data/lfw/lfw-funneled/Kofi_Annan/Kofi_Annan_0016.jpg,/home/anitadonato/tcc/tcc/data/lfw/lfw-funneled/Kofi_Annan/Kofi_Annan_0029.jpg,0.1741747260093689,1
/home/anitadonato/tcc/tcc/data/lfw/lfw-funneled/Kofi_Annan/Kofi_Annan_0016.jpg,/home/anitadonato/tcc/tcc/data/lfw/lfw-funneled/Kofi_Annan/Kofi_Annan_0002.jpg,0.12074679136276245,1
/home/anitadonato/tcc/tcc/data/lfw/lfw-funneled/Kofi_Annan/Kofi_Annan_0031.jpg,/home/anitadonato/tcc/tcc/data/lfw/lfw-funneled/Kofi_Annan/Kofi_Annan_0029.jpg,0.1570616364479065,1
/home/anitadonato/tcc/tcc/data/lfw/lfw-funneled/Kofi_Annan/Kofi_Annan_0031.jpg,/home/anitadonato/tcc/tcc/data/lfw/lfw-funneled/Kofi_Annan/Kofi_Annan_0002.jpg,0.16438192129135132,1
/home/anitadonato/tcc/tcc/data/lfw/lfw-funneled/Kofi_Annan/Kofi_Annan_0029.jpg,/home/anitadonato/tcc/tcc/data/lfw/lfw-funneled/Kofi_Annan/Kofi_Annan_0002.jpg,0.1649860143661499,1
/home/anitadonato/tcc/tcc/data/lfw/lfw-funneled/Condoleezza_Rice/Condoleezza_Rice_0002.jpg,/home/anitadonato/tcc/tcc/data/lfw/lfw-funneled/Condoleezza_Rice/Condoleezza_Rice_0005.jpg,0.283880352973938,1
/home/anitadonato/tcc/tcc/data/lfw/lfw-funneled/Condoleezza_Rice/Condoleezza_Rice_0002.jpg,/home/anitadonato/tcc/tcc/data/lfw/lfw-funneled/Condoleezza_Rice/Condoleezza_Rice_0004.jpg,0.20629364252090454,1
/home/anitadonato/tcc/tcc/data/lfw/lfw-funneled/Condoleezza_Rice/Condoleezza_Rice_0002.jpg,/home/anitadonato/tcc/tcc/data/lfw/lfw-funneled/Condoleezza_Rice/Condoleezza_Rice_0007.jpg,0.16263341903686523,1
/home/anitadonato/tcc/tcc/data/lfw/lfw-funneled/Condoleezza_Rice/Condoleezza_Rice_0002.jpg,/home/anitadonato/tcc/tcc/data/lfw/lfw-funneled/Condoleezza_Rice/Condoleezza_Rice_0006.jpg,0.21917104721069336,1
/home/anitadonato/tcc/tcc/data/lfw/lfw-funneled/Condoleezza_Rice/Condoleezza_Rice_0005.jpg,/home/anitadonato/tcc/tcc/data/lfw/lfw-funneled/Condoleezza_Rice/Condoleezza_Rice_0004.jpg,0.341055691242218,1
/home/anitadonato/tcc/tcc/data/lfw/lfw-funneled/Condoleezza_Rice/Condoleezza_Rice_0005.jpg,/home/anitadonato/tcc/tcc/data/lfw/lfw-funneled/Condoleezza_Rice/Condoleezza_Rice_0007.jpg,0.2805100083351135,1
/home/anitadonato/tcc/tcc/data/lfw/lfw-funneled/Condoleezza_Rice/Condoleezza_Rice_0005.jpg,/home/anitadonato/tcc/tcc/data/lfw/lfw-funneled/Condoleezza_Rice/Condoleezza_Rice_0006.jpg,0.36659330129623413,1
/home/anitadonato/tcc/tcc/data/lfw/lfw-funneled/Condoleezza_Rice/Condoleezza_Rice_0004.jpg,/home/anitadonato/tcc/tcc/data/lfw/lfw-funneled/Condoleezza_Rice/Condoleezza_Rice_0007.jpg,0.19097936153411865,1
/home/anitadonato/tcc/tcc/data/lfw/lfw-funneled/Condoleezza_Rice/Condoleezza_Rice_0004.jpg,/home/anitadonato/tcc/tcc/data/lfw/lfw-funneled/Condoleezza_Rice/Condoleezza_Rice_0006.jpg,0.131885826587677,1
/home/anitadonato/tcc/tcc/data/lfw/lfw-funneled/Condoleezza_Rice/Condoleezza_Rice_0007.jpg,/home/anitadonato/tcc/tcc/data/lfw/lfw-funneled/Condoleezza_Rice/Condoleezza_Rice_0006.jpg,0.19759780168533325,1
/home/anitadonato/tcc/tcc/data/lfw/lfw-funneled/Russell_Simmons/Russell_Simmons_0002.jpg,/home/anitadonato/tcc/tcc/data/lfw/lfw-funneled/Russell_Simmons/Russell_Simmons_0003.jpg,0.18470549583435059,1
/home/anitadonato/tcc/tcc/data/lfw/lfw-funneled/Russell_Simmons/Russell_Simmons_0002.jpg,/home/anitadonato/tcc/tcc/data/lfw/lfw-funneled/Russell_Simmons/Russell_Simmons_0004.jpg,0.2485867142677307,1
/home/anitadonato/tcc/tcc/data/lfw/lfw-funneled/Russell_Simmons/Russell_Simmons_0002.jpg,/home/anitadonato/tcc/tcc/data/lfw/lfw-funneled/Russell_Simmons/Russell_Simmons_0005.jpg,0.15114492177963257,1
/home/anitadonato/tcc/tcc/data/lfw/lfw-funneled/Russell_Simmons/Russell_Simmons_0002.jpg,/home/anitadonato/tcc/tcc/data/lfw/lfw-funneled/Russell_Simmons/Russell_Simmons_0001.jpg,0.17922568321228027,1
/home/anitadonato/tcc/tcc/data/lfw/lfw-funneled/Russell_Simmons/Russell_Simmons_0003.jpg,/home/anitadonato/tcc/tcc/data/lfw/lfw-funneled/Russell_Simmons/Russell_Simmons_0004.jpg,0.17802733182907104,1
/home/anitadonato/tcc/tcc/data/lfw/lfw-funneled/Russell_Simmons/Russell_Simmons_0003.jpg,/home/anitadonato/tcc/tcc/data/lfw/lfw-funneled/Russell_Simmons/Russell_Simmons_0005.jpg,0.11273324489593506,1
/home/anitadonato/tcc/tcc/data/lfw/lfw-funneled/Russell_Simmons/Russell_Simmons_0003.jpg,/home/anitadonato/tcc/tcc/data/lfw/lfw-funneled/Russell_Simmons/Russell_Simmons_0001.jpg,0.16663986444473267,1
/home/anitadonato/tcc/tcc/data/lfw/lfw-funneled/Russell_Simmons/Russell_Simmons_0004.jpg,/home/anitadonato/tcc/tcc/data/lfw/lfw-funneled/Russell_Simmons/Russell_Simmons_0005.jpg,0.16525399684906006,1
/home/anitadonato/tcc/tcc/data/lfw/lfw-funneled/Russell_Simmons/Russell_Simmons_0004.jpg,/home/anitadonato/tcc/tcc/data/lfw/lfw-funneled/Russell_Simmons/Russell_Simmons_0001.jpg,0.18672704696655273,1
/home/anitadonato/tcc/tcc/data/lfw/lfw-funneled/Russell_Simmons/Russell_Simmons_0005.jpg,/home/anitadonato/tcc/tcc/data/lfw/lfw-funneled/Russell_Simmons/Russell_Simmons_0001.jpg,0.0951688289642334,1
/home/anitadonato/tcc/tcc/data/lfw/lfw-funneled/Adrien_Brody/Adrien_Brody_0009.jpg,/home/anitadonato/tcc/tcc/data/lfw/lfw-funneled/Adrien_Brody/Adrien_Brody_0012.jpg,0.20204603672027588,1
/home/anitadonato/tcc/tcc/data/lfw/lfw-funneled/Adrien_Brody/Adrien_Brody_0009.jpg,/home/anitadonato/tcc/tcc/data/lfw/lfw-funneled/Adrien_Brody/Adrien_Brody_0006.jpg,0.1807931661605835,1
/home/anitadonato/tcc/tcc/data/lfw/lfw-funneled/Adrien_Brody/Adrien_Brody_0009.jpg,/home/anitadonato/tcc/tcc/data/lfw/lfw-funneled/Adrien_Brody/Adrien_Brody_0007.jpg,0.21920418739318848,1
/home/anitadonato/tcc/tcc/data/lfw/lfw-funneled/Adrien_Brody/Adrien_Brody_0009.jpg,/home/anitadonato/tcc/tcc/data/lfw/lfw-funneled/Adrien_Brody/Adrien_Brody_0010.jpg,0.0967593789100647,1
/home/anitadonato/tcc/tcc/data/lfw/lfw-funneled/Adrien_Brody/Adrien_Brody_0012.jpg,/home/anitadonato/tcc/tcc/data/lfw/lfw-funneled/Adrien_Brody/Adrien_Brody_0006.jpg,0.25158900022506714,1
/home/anitadonato/tcc/tcc/data/lfw/lfw-funneled/Adrien_Brody/Adrien_Brody_0012.jpg,/home/anitadonato/tcc/tcc/data/lfw/lfw-funneled/Adrien_Brody/Adrien_Brody_0007.jpg,0.31774622201919556,1
/home/anitadonato/tcc/tcc/data/lfw/lfw-funneled/Adrien_Brody/Adrien_Brody_0012.jpg,/home/anitadonato/tcc/tcc/data/lfw/lfw-funneled/Adrien_Brody/Adrien_Brody_0010.jpg,0.18525588512420654,1
/home/anitadonato/tcc/tcc/data/lfw/lfw-funneled/Adrien_Brody/Adrien_Brody_0006.jpg,/home/anitadonato/tcc/tcc/data/lfw/lfw-funneled/Adrien_Brody/Adrien_Brody_0007.jpg,0.18336886167526245,1
/home/anitadonato/tcc/tcc/data/lfw/lfw-funneled/Adrien_Brody/Adrien_Brody_0006.jpg,/home/anitadonato/tcc/tcc/data/lfw/lfw-funneled/Adrien_Brody/Adrien_Brody_0010.jpg,0.17240869998931885,1
/home/anitadonato/tcc/tcc/data/lfw/lfw-funneled/Adrien_Brody/Adrien_Brody_0007.jpg,/home/anitadonato/tcc/tcc/data/lfw/lfw-funneled/Adrien_Brody/Adrien_Brody_0010.jpg,0.1954559087753296,1
/home/anitadonato/tcc/tcc/data/lfw/lfw-funneled/Paul_ONeill/Paul_ONeill_0006.jpg,/home/anitadonato/tcc/tcc/data/lfw/lfw-funneled/Paul_ONeill/Paul_ONeill_0008.jpg,0.24208557605743408,1
/home/anitadonato/tcc/tcc/data/lfw/lfw-funneled/Paul_ONeill/Paul_ONeill_0006.jpg,/home/anitadonato/tcc/tcc/data/lfw/lfw-funneled/Paul_ONeill/Paul_ONeill_0003.jpg,0.17729175090789795,1
/home/anitadonato/tcc/tcc/data/lfw/lfw-funneled/Paul_ONeill/Paul_ONeill_0006.jpg,/home/anitadonato/tcc/tcc/data/lfw/lfw-funneled/Paul_ONeill/Paul_ONeill_0007.jpg,0.1342906951904297,1
/home/anitadonato/tcc/tcc/data/lfw/lfw-funneled/Paul_ONeill/Paul_ONeill_0006.jpg,/home/anitadonato/tcc/tcc/data/lfw/lfw-funneled/Paul_ONeill/Paul_ONeill_0009.jpg,0.20889997482299805,1
/home/anitadonato/tcc/tcc/data/lfw/lfw-funneled/Paul_ONeill/Paul_ONeill_0008.jpg,/home/anitadonato/tcc/tcc/data/lfw/lfw-funneled/Paul_ONeill/Paul_ONeill_0003.jpg,0.2876536250114441,1
/home/anitadonato/tcc/tcc/data/lfw/lfw-funneled/Paul_ONeill/Paul_ONeill_0008.jpg,/home/anitadonato/tcc/tcc/data/lfw/lfw-funneled/Paul_ONeill/Paul_ONeill_0007.jpg,0.2522497773170471,1
/home/anitadonato/tcc/tcc/data/lfw/lfw-funneled/Paul_ONeill/Paul_ONeill_0008.jpg,/home/anitadonato/tcc/tcc/data/lfw/lfw-funneled/Paul_ONeill/Paul_ONeill_0009.jpg,0.2843025326728821,1
/home/anitadonato/tcc/tcc/data/lfw/lfw-funneled/Paul_ONeill/Paul_ONeill_0003.jpg,/home/anitadonato/tcc/tcc/data/lfw/lfw-funneled/Paul_ONeill/Paul_ONeill_0007.jpg,0.21288639307022095,1
/home/anitadonato/tcc/tcc/data/lfw/lfw-funneled/Paul_ONeill/Paul_ONeill_0003.jpg,/home/anitadonato/tcc/tcc/data/lfw/lfw-funneled/Paul_ONeill/Paul_ONeill_0009.jpg,0.25680363178253174,1
/home/anitadonato/tcc/tcc/data/lfw/lfw-funneled/Paul_ONeill/Paul_ONeill_0007.jpg,/home/anitadonato/tcc/tcc/data/lfw/lfw-funneled/Paul_ONeill/Paul_ONeill_0009.jpg,0.24930787086486816,1
/home/anitadonato/tcc/tcc/data/lfw/lfw-funneled/Martin_Scorsese/Martin_Scorsese_0002.jpg,/home/anitadonato/tcc/tcc/data/lfw/lfw-funneled/Martin_Scorsese/Martin_Scorsese_0001.jpg,0.20555198192596436,1
/home/anitadonato/tcc/tcc/data/lfw/lfw-funneled/Martin_Scorsese/Martin_Scorsese_0002.jpg,/home/anitadonato/tcc/tcc/data/lfw/lfw-funneled/Martin_Scorsese/Martin_Scorsese_0007.jpg,0.1905885934829712,1
/home/anitadonato/tcc/tcc/data/lfw/lfw-funneled/Martin_Scorsese/Martin_Scorsese_0002.jpg,/home/anitadonato/tcc/tcc/data/lfw/lfw-funneled/Martin_Scorsese/Martin_Scorsese_0003.jpg,0.2285977602005005,1
/home/anitadonato/tcc/tcc/data/lfw/lfw-funneled/Martin_Scorsese/Martin_Scorsese_0002.jpg,/home/anitadonato/tcc/tcc/data/lfw/lfw-funneled/Martin_Scorsese/Martin_Scorsese_0006.jpg,0.18508023023605347,1
/home/anitadonato/tcc/tcc/data/lfw/lfw-funneled/Martin_Scorsese/Martin_Scorsese_0001.jpg,/home/anitadonato/tcc/tcc/data/lfw/lfw-funneled/Martin_Scorsese/Martin_Scorsese_0007.jpg,0.15963590145111084,1
/home/anitadonato/tcc/tcc/data/lfw/lfw-funneled/Martin_Scorsese/Martin_Scorsese_0001.jpg,/home/anitadonato/tcc/tcc/data/lfw/lfw-funneled/Martin_Scorsese/Martin_Scorsese_0003.jpg,0.22457176446914673,1
/home/anitadonato/tcc/tcc/data/lfw/lfw-funneled/Martin_Scorsese/Martin_Scorsese_0001.jpg,/home/anitadonato/tcc/tcc/data/lfw/lfw-funneled/Martin_Scorsese/Martin_Scorsese_0006.jpg,0.18263137340545654,1
/home/anitadonato/tcc/tcc/data/lfw/lfw-funneled/Martin_Scorsese/Martin_Scorsese_0007.jpg,/home/anitadonato/tcc/tcc/data/lfw/lfw-funneled/Martin_Scorsese/Martin_Scorsese_0003.jpg,0.17815476655960083,1
/home/anitadonato/tcc/tcc/data/lfw/lfw-funneled/Martin_Scorsese/Martin_Scorsese_0007.jpg,/home/anitadonato/tcc/tcc/data/lfw/lfw-funneled/Martin_Scorsese/Martin_Scorsese_0006.jpg,0.14599698781967163,1
/home/anitadonato/tcc/tcc/data/lfw/lfw-funneled/Martin_Scorsese/Martin_Scorsese_0003.jpg,/home/anitadonato/tcc/tcc/data/lfw/lfw-funneled/Martin_Scorsese/Martin_Scorsese_0006.jpg,0.14430010318756104,1
/home/anitadonato/tcc/tcc/data/lfw/lfw-funneled/Denzel_Washington/Denzel_Washington_0005.jpg,/home/anitadonato/tcc/tcc/data/lfw/lfw-funneled/Denzel_Washington/Denzel_Washington_0002.jpg,0.20426595211029053,1
/home/anitadonato/tcc/tcc/data/lfw/lfw-funneled/Denzel_Washington/Denzel_Washington_0005.jpg,/home/anitadonato/tcc/tcc/data/lfw/lfw-funneled/Denzel_Washington/Denzel_Washington_0001.jpg,0.1502966284751892,1
/home/anitadonato/tcc/tcc/data/lfw/lfw-funneled/Denzel_Washington/Denzel_Washington_0005.jpg,/home/anitadonato/tcc/tcc/data/lfw/lfw-funneled/Denzel_Washington/Denzel_Washington_0003.jpg,0.12622171640396118,1
/home/anitadonato/tcc/tcc/data/lfw/lfw-funneled/Denzel_Washington/Denzel_Washington_0005.jpg,/home/anitadonato/tcc/tcc/data/lfw/lfw-funneled/Denzel_Washington/Denzel_Washington_0004.jpg,0.2158610224723816,1
/home/anitadonato/tcc/tcc/data/lfw/lfw-funneled/Denzel_Washington/Denzel_Washington_0002.jpg,/home/anitadonato/tcc/tcc/data/lfw/lfw-funneled/Denzel_Washington/Denzel_Washington_0001.jpg,0.24805521965026855,1
/home/anitadonato/tcc/tcc/data/lfw/lfw-funneled/Denzel_Washington/Denzel_Washington_0002.jpg,/home/anitadonato/tcc/tcc/data/lfw/lfw-funneled/Denzel_Washington/Denzel_Washington_0003.jpg,0.21389132738113403,1
/home/anitadonato/tcc/tcc/data/lfw/lfw-funneled/Denzel_Washington/Denzel_Washington_0002.jpg,/home/anitadonato/tcc/tcc/data/lfw/lfw-funneled/Denzel_Washington/Denzel_Washington_0004.jpg,0.25901246070861816,1
/home/anitadonato/tcc/tcc/data/lfw/lfw-funneled/Denzel_Washington/Denzel_Washington_0001.jpg,/home/anitadonato/tcc/tcc/data/lfw/lfw-funneled/Denzel_Washington/Denzel_Washington_0003.jpg,0.13956207036972046,1
/home/anitadonato/tcc/tcc/data/lfw/lfw-funneled/Denzel_Washington/Denzel_Washington_0001.jpg,/home/anitadonato/tcc/tcc/data/lfw/lfw-funneled/Denzel_Washington/Denzel_Washington_0004.jpg,0.227402925491333,1
/home/anitadonato/tcc/tcc/data/lfw/lfw-funneled/Denzel_Washington/Denzel_Washington_0003.jpg,/home/anitadonato/tcc/tcc/data/lfw/lfw-funneled/Denzel_Washington/Denzel_Washington_0004.jpg,0.21347880363464355,1
/home/anitadonato/tcc/tcc/data/lfw/lfw-funneled/Megawati_Sukarnoputri/Megawati_Sukarnoputri_0018.jpg,/home/anitadonato/tcc/tcc/data/lfw/lfw-funneled/Megawati_Sukarnoputri/Megawati_Sukarnoputri_0019.jpg,0.09761309623718262,1
/home/anitadonato/tcc/tcc/data/lfw/lfw-funneled/Megawati_Sukarnoputri/Megawati_Sukarnoputri_0018.jpg,/home/anitadonato/tcc/tcc/data/lfw/lfw-funneled/Megawati_Sukarnoputri/Megawati_Sukarnoputri_0007.jpg,0.13282614946365356,1
/home/anitadonato/tcc/tcc/data/lfw/lfw-funneled/Megawati_Sukarnoputri/Megawati_Sukarnoputri_0018.jpg,/home/anitadonato/tcc/tcc/data/lfw/lfw-funneled/Megawati_Sukarnoputri/Megawati_Sukarnoputri_0013.jpg,0.12338238954544067,1
/home/anitadonato/tcc/tcc/data/lfw/lfw-funneled/Megawati_Sukarnoputri/Megawati_Sukarnoputri_0018.jpg,/home/anitadonato/tcc/tcc/data/lfw/lfw-funneled/Megawati_Sukarnoputri/Megawati_Sukarnoputri_0015.jpg,0.13526856899261475,1
/home/anitadonato/tcc/tcc/data/lfw/lfw-funneled/Megawati_Sukarnoputri/Megawati_Sukarnoputri_0019.jpg,/home/anitadonato/tcc/tcc/data/lfw/lfw-funneled/Megawati_Sukarnoputri/Megawati_Sukarnoputri_0007.jpg,0.15354955196380615,1
/home/anitadonato/tcc/tcc/data/lfw/lfw-funneled/Megawati_Sukarnoputri/Megawati_Sukarnoputri_0019.jpg,/home/anitadonato/tcc/tcc/data/lfw/lfw-funneled/Megawati_Sukarnoputri/Megawati_Sukarnoputri_0013.jpg,0.13734829425811768,1
/home/anitadonato/tcc/tcc/data/lfw/lfw-funneled/Megawati_Sukarnoputri/Megawati_Sukarnoputri_0019.jpg,/home/anitadonato/tcc/tcc/data/lfw/lfw-funneled/Megawati_Sukarnoputri/Megawati_Sukarnoputri_0015.jpg,0.11932486295700073,1
/home/anitadonato/tcc/tcc/data/lfw/lfw-funneled/Megawati_Sukarnoputri/Megawati_Sukarnoputri_0007.jpg,/home/anitadonato/tcc/tcc/data/lfw/lfw-funneled/Megawati_Sukarnoputri/Megawati_Sukarnoputri_0013.jpg,0.1549726128578186,1
/home/anitadonato/tcc/tcc/data/lfw/lfw-funneled/Megawati_Sukarnoputri/Megawati_Sukarnoputri_0007.jpg,/home/anitadonato/tcc/tcc/data/lfw/lfw-funneled/Megawati_Sukarnoputri/Megawati_Sukarnoputri_0015.jpg,0.16500312089920044,1
/home/anitadonato/tcc/tcc/data/lfw/lfw-funneled/Megawati_Sukarnoputri/Megawati_Sukarnoputri_0013.jpg,/home/anitadonato/tcc/tcc/data/lfw/lfw-funneled/Megawati_Sukarnoputri/Megawati_Sukarnoputri_0015.jpg,0.17079859972000122,1
/home/anitadonato/tcc/tcc/data/lfw/lfw-funneled/Cameron_Diaz/Cameron_Diaz_0003.jpg,/home/anitadonato/tcc/tcc/data/lfw/lfw-funneled/Cameron_Diaz/Cameron_Diaz_0002.jpg,0.131392240524292,1
/home/anitadonato/tcc/tcc/data/lfw/lfw-funneled/Cameron_Diaz/Cameron_Diaz_0003.jpg,/home/anitadonato/tcc/tcc/data/lfw/lfw-funneled/Cameron_Diaz/Cameron_Diaz_0006.jpg,0.16687536239624023,1
/home/anitadonato/tcc/tcc/data/lfw/lfw-funneled/Cameron_Diaz/Cameron_Diaz_0003.jpg,/home/anitadonato/tcc/tcc/data/lfw/lfw-funneled/Cameron_Diaz/Cameron_Diaz_0001.jpg,0.16843873262405396,1
/home/anitadonato/tcc/tcc/data/lfw/lfw-funneled/Cameron_Diaz/Cameron_Diaz_0003.jpg,/home/anitadonato/tcc/tcc/data/lfw/lfw-funneled/Cameron_Diaz/Cameron_Diaz_0004.jpg,0.11551034450531006,1
/home/anitadonato/tcc/tcc/data/lfw/lfw-funneled/Cameron_Diaz/Cameron_Diaz_0002.jpg,/home/anitadonato/tcc/tcc/data/lfw/lfw-funneled/Cameron_Diaz/Cameron_Diaz_0006.jpg,0.18689537048339844,1
/home/anitadonato/tcc/tcc/data/lfw/lfw-funneled/Cameron_Diaz/Cameron_Diaz_0002.jpg,/home/anitadonato/tcc/tcc/data/lfw/lfw-funneled/Cameron_Diaz/Cameron_Diaz_0001.jpg,0.10024285316467285,1
/home/anitadonato/tcc/tcc/data/lfw/lfw-funneled/Cameron_Diaz/Cameron_Diaz_0002.jpg,/home/anitadonato/tcc/tcc/data/lfw/lfw-funneled/Cameron_Diaz/Cameron_Diaz_0004.jpg,0.13681256771087646,1
/home/anitadonato/tcc/tcc/data/lfw/lfw-funneled/Cameron_Diaz/Cameron_Diaz_0006.jpg,/home/anitadonato/tcc/tcc/data/lfw/lfw-funneled/Cameron_Diaz/Cameron_Diaz_0001.jpg,0.2263263463973999,1
/home/anitadonato/tcc/tcc/data/lfw/lfw-funneled/Cameron_Diaz/Cameron_Diaz_0006.jpg,/home/anitadonato/tcc/tcc/data/lfw/lfw-funneled/Cameron_Diaz/Cameron_Diaz_0004.jpg,0.18641316890716553,1
/home/anitadonato/tcc/tcc/data/lfw/lfw-funneled/Cameron_Diaz/Cameron_Diaz_0001.jpg,/home/anitadonato/tcc/tcc/data/lfw/lfw-funneled/Cameron_Diaz/Cameron_Diaz_0004.jpg,0.14575594663619995,1
/home/anitadonato/tcc/tcc/data/lfw/lfw-funneled/JK_Rowling/JK_Rowling_0003.jpg,/home/anitadonato/tcc/tcc/data/lfw/lfw-funneled/JK_Rowling/JK_Rowling_0001.jpg,0.14018100500106812,1
/home/anitadonato/tcc/tcc/data/lfw/lfw-funneled/JK_Rowling/JK_Rowling_0003.jpg,/home/anitadonato/tcc/tcc/data/lfw/lfw-funneled/JK_Rowling/JK_Rowling_0005.jpg,0.11968755722045898,1
/home/anitadonato/tcc/tcc/data/lfw/lfw-funneled/JK_Rowling/JK_Rowling_0003.jpg,/home/anitadonato/tcc/tcc/data/lfw/lfw-funneled/JK_Rowling/JK_Rowling_0006.jpg,0.12788987159729004,1
/home/anitadonato/tcc/tcc/data/lfw/lfw-funneled/JK_Rowling/JK_Rowling_0003.jpg,/home/anitadonato/tcc/tcc/data/lfw/lfw-funneled/JK_Rowling/JK_Rowling_0002.jpg,0.1333216428756714,1
/home/anitadonato/tcc/tcc/data/lfw/lfw-funneled/JK_Rowling/JK_Rowling_0001.jpg,/home/anitadonato/tcc/tcc/data/lfw/lfw-funneled/JK_Rowling/JK_Rowling_0005.jpg,0.1340389847755432,1
/home/anitadonato/tcc/tcc/data/lfw/lfw-funneled/JK_Rowling/JK_Rowling_0001.jpg,/home/anitadonato/tcc/tcc/data/lfw/lfw-funneled/JK_Rowling/JK_Rowling_0006.jpg,0.15443944931030273,1
/home/anitadonato/tcc/tcc/data/lfw/lfw-funneled/JK_Rowling/JK_Rowling_0001.jpg,/home/anitadonato/tcc/tcc/data/lfw/lfw-funneled/JK_Rowling/JK_Rowling_0002.jpg,0.11379987001419067,1
/home/anitadonato/tcc/tcc/data/lfw/lfw-funneled/JK_Rowling/JK_Rowling_0005.jpg,/home/anitadonato/tcc/tcc/data/lfw/lfw-funneled/JK_Rowling/JK_Rowling_0006.jpg,0.11733758449554443,1
/home/anitadonato/tcc/tcc/data/lfw/lfw-funneled/JK_Rowling/JK_Rowling_0005.jpg,/home/anitadonato/tcc/tcc/data/lfw/lfw-funneled/JK_Rowling/JK_Rowling_0002.jpg,0.09623706340789795,1
/home/anitadonato/tcc/tcc/data/lfw/lfw-funneled/JK_Rowling/JK_Rowling_0006.jpg,/home/anitadonato/tcc/tcc/data/lfw/lfw-funneled/JK_Rowling/JK_Rowling_0002.jpg,0.1272093653678894,1
/home/anitadonato/tcc/tcc/data/lfw/lfw-funneled/Michael_Schumacher/Michael_Schumacher_0005.jpg,/home/anitadonato/tcc/tcc/data/lfw/lfw-funneled/Michael_Schumacher/Michael_Schumacher_0016.jpg,0.26455479860305786,1
/home/anitadonato/tcc/tcc/data/lfw/lfw-funneled/Michael_Schumacher/Michael_Schumacher_0005.jpg,/home/anitadonato/tcc/tcc/data/lfw/lfw-funneled/Michael_Schumacher/Michael_Schumacher_0004.jpg,0.20806622505187988,1
/home/anitadonato/tcc/tcc/data/lfw/lfw-funneled/Michael_Schumacher/Michael_Schumacher_0005.jpg,/home/anitadonato/tcc/tcc/data/lfw/lfw-funneled/Michael_Schumacher/Michael_Schumacher_0014.jpg,0.24116891622543335,1
/home/anitadonato/tcc/tcc/data/lfw/lfw-funneled/Michael_Schumacher/Michael_Schumacher_0005.jpg,/home/anitadonato/tcc/tcc/data/lfw/lfw-funneled/Michael_Schumacher/Michael_Schumacher_0001.jpg,0.1994571089744568,1
/home/anitadonato/tcc/tcc/data/lfw/lfw-funneled/Michael_Schumacher/Michael_Schumacher_0016.jpg,/home/anitadonato/tcc/tcc/data/lfw/lfw-funneled/Michael_Schumacher/Michael_Schumacher_0004.jpg,0.152094304561615,1
/home/anitadonato/tcc/tcc/data/lfw/lfw-funneled/Michael_Schumacher/Michael_Schumacher_0016.jpg,/home/anitadonato/tcc/tcc/data/lfw/lfw-funneled/Michael_Schumacher/Michael_Schumacher_0014.jpg,0.2844886779785156,1
/home/anitadonato/tcc/tcc/data/lfw/lfw-funneled/Michael_Schumacher/Michael_Schumacher_0016.jpg,/home/anitadonato/tcc/tcc/data/lfw/lfw-funneled/Michael_Schumacher/Michael_Schumacher_0001.jpg,0.21624815464019775,1
/home/anitadonato/tcc/tcc/data/lfw/lfw-funneled/Michael_Schumacher/Michael_Schumacher_0004.jpg,/home/anitadonato/tcc/tcc/data/lfw/lfw-funneled/Michael_Schumacher/Michael_Schumacher_0014.jpg,0.26874953508377075,1
/home/anitadonato/tcc/tcc/data/lfw/lfw-funneled/Michael_Schumacher/Michael_Schumacher_0004.jpg,/home/anitadonato/tcc/tcc/data/lfw/lfw-funneled/Michael_Schumacher/Michael_Schumacher_0001.jpg,0.11289834976196289,1
/home/anitadonato/tcc/tcc/data/lfw/lfw-funneled/Michael_Schumacher/Michael_Schumacher_0014.jpg,/home/anitadonato/tcc/tcc/data/lfw/lfw-funneled/Michael_Schumacher/Michael_Schumacher_0001.jpg,0.2681111693382263,1
/home/anitadonato/tcc/tcc/data/lfw/lfw-funneled/Valery_Giscard_dEstaing/Valery_Giscard_dEstaing_0005.jpg,/home/anitadonato/tcc/tcc/data/lfw/lfw-funneled/Valery_Giscard_dEstaing/Valery_Giscard_dEstaing_0003.jpg,0.11736172437667847,1
/home/anitadonato/tcc/tcc/data/lfw/lfw-funneled/Valery_Giscard_dEstaing/Valery_Giscard_dEstaing_0005.jpg,/home/anitadonato/tcc/tcc/data/lfw/lfw-funneled/Valery_Giscard_dEstaing/Valery_Giscard_dEstaing_0004.jpg,0.09965479373931885,1
/home/anitadonato/tcc/tcc/data/lfw/lfw-funneled/Valery_Giscard_dEstaing/Valery_Giscard_dEstaing_0005.jpg,/home/anitadonato/tcc/tcc/data/lfw/lfw-funneled/Valery_Giscard_dEstaing/Valery_Giscard_dEstaing_0002.jpg,0.16055887937545776,1
/home/anitadonato/tcc/tcc/data/lfw/lfw-funneled/Valery_Giscard_dEstaing/Valery_Giscard_dEstaing_0005.jpg,/home/anitadonato/tcc/tcc/data/lfw/lfw-funneled/Valery_Giscard_dEstaing/Valery_Giscard_dEstaing_0006.jpg,0.14250338077545166,1
/home/anitadonato/tcc/tcc/data/lfw/lfw-funneled/Valery_Giscard_dEstaing/Valery_Giscard_dEstaing_0003.jpg,/home/anitadonato/tcc/tcc/data/lfw/lfw-funneled/Valery_Giscard_dEstaing/Valery_Giscard_dEstaing_0004.jpg,0.11601370573043823,1
/home/anitadonato/tcc/tcc/data/lfw/lfw-funneled/Valery_Giscard_dEstaing/Valery_Giscard_dEstaing_0003.jpg,/home/anitadonato/tcc/tcc/data/lfw/lfw-funneled/Valery_Giscard_dEstaing/Valery_Giscard_dEstaing_0002.jpg,0.14753848314285278,1
/home/anitadonato/tcc/tcc/data/lfw/lfw-funneled/Valery_Giscard_dEstaing/Valery_Giscard_dEstaing_0003.jpg,/home/anitadonato/tcc/tcc/data/lfw/lfw-funneled/Valery_Giscard_dEstaing/Valery_Giscard_dEstaing_0006.jpg,0.16326886415481567,1
/home/anitadonato/tcc/tcc/data/lfw/lfw-funneled/Valery_Giscard_dEstaing/Valery_Giscard_dEstaing_0004.jpg,/home/anitadonato/tcc/tcc/data/lfw/lfw-funneled/Valery_Giscard_dEstaing/Valery_Giscard_dEstaing_0002.jpg,0.13544124364852905,1
/home/anitadonato/tcc/tcc/data/lfw/lfw-funneled/Valery_Giscard_dEstaing/Valery_Giscard_dEstaing_0004.jpg,/home/anitadonato/tcc/tcc/data/lfw/lfw-funneled/Valery_Giscard_dEstaing/Valery_Giscard_dEstaing_0006.jpg,0.12395286560058594,1
/home/anitadonato/tcc/tcc/data/lfw/lfw-funneled/Valery_Giscard_dEstaing/Valery_Giscard_dEstaing_0002.jpg,/home/anitadonato/tcc/tcc/data/lfw/lfw-funneled/Valery_Giscard_dEstaing/Valery_Giscard_dEstaing_0006.jpg,0.14937233924865723,1
/home/anitadonato/tcc/tcc/data/lfw/lfw-funneled/Nicanor_Duarte_Frutos/Nicanor_Duarte_Frutos_0006.jpg,/home/anitadonato/tcc/tcc/data/lfw/lfw-funneled/Nicanor_Duarte_Frutos/Nicanor_Duarte_Frutos_0003.jpg,0.2523118257522583,1
/home/anitadonato/tcc/tcc/data/lfw/lfw-funneled/Nicanor_Duarte_Frutos/Nicanor_Duarte_Frutos_0006.jpg,/home/anitadonato/tcc/tcc/data/lfw/lfw-funneled/Nicanor_Duarte_Frutos/Nicanor_Duarte_Frutos_0001.jpg,0.23950231075286865,1
/home/anitadonato/tcc/tcc/data/lfw/lfw-funneled/Nicanor_Duarte_Frutos/Nicanor_Duarte_Frutos_0006.jpg,/home/anitadonato/tcc/tcc/data/lfw/lfw-funneled/Nicanor_Duarte_Frutos/Nicanor_Duarte_Frutos_0005.jpg,0.18555784225463867,1
/home/anitadonato/tcc/tcc/data/lfw/lfw-funneled/Nicanor_Duarte_Frutos/Nicanor_Duarte_Frutos_0006.jpg,/home/anitadonato/tcc/tcc/data/lfw/lfw-funneled/Nicanor_Duarte_Frutos/Nicanor_Duarte_Frutos_0007.jpg,0.11955869197845459,1
/home/anitadonato/tcc/tcc/data/lfw/lfw-funneled/Nicanor_Duarte_Frutos/Nicanor_Duarte_Frutos_0003.jpg,/home/anitadonato/tcc/tcc/data/lfw/lfw-funneled/Nicanor_Duarte_Frutos/Nicanor_Duarte_Frutos_0001.jpg,0.15020889043807983,1
/home/anitadonato/tcc/tcc/data/lfw/lfw-funneled/Nicanor_Duarte_Frutos/Nicanor_Duarte_Frutos_0003.jpg,/home/anitadonato/tcc/tcc/data/lfw/lfw-funneled/Nicanor_Duarte_Frutos/Nicanor_Duarte_Frutos_0005.jpg,0.203202486038208,1
/home/anitadonato/tcc/tcc/data/lfw/lfw-funneled/Nicanor_Duarte_Frutos/Nicanor_Duarte_Frutos_0003.jpg,/home/anitadonato/tcc/tcc/data/lfw/lfw-funneled/Nicanor_Duarte_Frutos/Nicanor_Duarte_Frutos_0007.jpg,0.22160029411315918,1
/home/anitadonato/tcc/tcc/data/lfw/lfw-funneled/Nicanor_Duarte_Frutos/Nicanor_Duarte_Frutos_0001.jpg,/home/anitadonato/tcc/tcc/data/lfw/lfw-funneled/Nicanor_Duarte_Frutos/Nicanor_Duarte_Frutos_0005.jpg,0.16497284173965454,1
/home/anitadonato/tcc/tcc/data/lfw/lfw-funneled/Nicanor_Duarte_Frutos/Nicanor_Duarte_Frutos_0001.jpg,/home/anitadonato/tcc/tcc/data/lfw/lfw-funneled/Nicanor_Duarte_Frutos/Nicanor_Duarte_Frutos_0007.jpg,0.1750006079673767,1
/home/anitadonato/tcc/tcc/data/lfw/lfw-funneled/Nicanor_Duarte_Frutos/Nicanor_Duarte_Frutos_0005.jpg,/home/anitadonato/tcc/tcc/data/lfw/lfw-funneled/Nicanor_Duarte_Frutos/Nicanor_Duarte_Frutos_0007.jpg,0.10236722230911255,1
/home/anitadonato/tcc/tcc/data/lfw/lfw-funneled/John_Manley/John_Manley_0004.jpg,/home/anitadonato/tcc/tcc/data/lfw/lfw-funneled/John_Manley/John_Manley_0001.jpg,0.20743578672409058,1
/home/anitadonato/tcc/tcc/data/lfw/lfw-funneled/John_Manley/John_Manley_0004.jpg,/home/anitadonato/tcc/tcc/data/lfw/lfw-funneled/John_Manley/John_Manley_0006.jpg,0.2378130555152893,1
/home/anitadonato/tcc/tcc/data/lfw/lfw-funneled/John_Manley/John_Manley_0004.jpg,/home/anitadonato/tcc/tcc/data/lfw/lfw-funneled/John_Manley/John_Manley_0007.jpg,0.23298901319503784,1
/home/anitadonato/tcc/tcc/data/lfw/lfw-funneled/John_Manley/John_Manley_0004.jpg,/home/anitadonato/tcc/tcc/data/lfw/lfw-funneled/John_Manley/John_Manley_0002.jpg,0.21060442924499512,1
/home/anitadonato/tcc/tcc/data/lfw/lfw-funneled/John_Manley/John_Manley_0001.jpg,/home/anitadonato/tcc/tcc/data/lfw/lfw-funneled/John_Manley/John_Manley_0006.jpg,0.18501895666122437,1
/home/anitadonato/tcc/tcc/data/lfw/lfw-funneled/John_Manley/John_Manley_0001.jpg,/home/anitadonato/tcc/tcc/data/lfw/lfw-funneled/John_Manley/John_Manley_0007.jpg,0.11342734098434448,1
/home/anitadonato/tcc/tcc/data/lfw/lfw-funneled/John_Manley/John_Manley_0001.jpg,/home/anitadonato/tcc/tcc/data/lfw/lfw-funneled/John_Manley/John_Manley_0002.jpg,0.15910887718200684,1
/home/anitadonato/tcc/tcc/data/lfw/lfw-funneled/John_Manley/John_Manley_0006.jpg,/home/anitadonato/tcc/tcc/data/lfw/lfw-funneled/John_Manley/John_Manley_0007.jpg,0.181462824344635,1
/home/anitadonato/tcc/tcc/data/lfw/lfw-funneled/John_Manley/John_Manley_0006.jpg,/home/anitadonato/tcc/tcc/data/lfw/lfw-funneled/John_Manley/John_Manley_0002.jpg,0.23912686109542847,1
/home/anitadonato/tcc/tcc/data/lfw/lfw-funneled/John_Manley/John_Manley_0007.jpg,/home/anitadonato/tcc/tcc/data/lfw/lfw-funneled/John_Manley/John_Manley_0002.jpg,0.18169820308685303,1
/home/anitadonato/tcc/tcc/data/lfw/lfw-funneled/Cruz_Bustamante/Cruz_Bustamante_0001.jpg,/home/anitadonato/tcc/tcc/data/lfw/lfw-funneled/Cruz_Bustamante/Cruz_Bustamante_0005.jpg,0.24220842123031616,1
/home/anitadonato/tcc/tcc/data/lfw/lfw-funneled/Cruz_Bustamante/Cruz_Bustamante_0001.jpg,/home/anitadonato/tcc/tcc/data/lfw/lfw-funneled/Cruz_Bustamante/Cruz_Bustamante_0004.jpg,0.17580217123031616,1
/home/anitadonato/tcc/tcc/data/lfw/lfw-funneled/Cruz_Bustamante/Cruz_Bustamante_0001.jpg,/home/anitadonato/tcc/tcc/data/lfw/lfw-funneled/Cruz_Bustamante/Cruz_Bustamante_0003.jpg,0.2022349238395691,1
/home/anitadonato/tcc/tcc/data/lfw/lfw-funneled/Cruz_Bustamante/Cruz_Bustamante_0001.jpg,/home/anitadonato/tcc/tcc/data/lfw/lfw-funneled/Cruz_Bustamante/Cruz_Bustamante_0002.jpg,0.18754500150680542,1
/home/anitadonato/tcc/tcc/data/lfw/lfw-funneled/Cruz_Bustamante/Cruz_Bustamante_0005.jpg,/home/anitadonato/tcc/tcc/data/lfw/lfw-funneled/Cruz_Bustamante/Cruz_Bustamante_0004.jpg,0.21670323610305786,1
/home/anitadonato/tcc/tcc/data/lfw/lfw-funneled/Cruz_Bustamante/Cruz_Bustamante_0005.jpg,/home/anitadonato/tcc/tcc/data/lfw/lfw-funneled/Cruz_Bustamante/Cruz_Bustamante_0003.jpg,0.2617042660713196,1
/home/anitadonato/tcc/tcc/data/lfw/lfw-funneled/Cruz_Bustamante/Cruz_Bustamante_0005.jpg,/home/anitadonato/tcc/tcc/data/lfw/lfw-funneled/Cruz_Bustamante/Cruz_Bustamante_0002.jpg,0.21226513385772705,1
/home/anitadonato/tcc/tcc/data/lfw/lfw-funneled/Cruz_Bustamante/Cruz_Bustamante_0004.jpg,/home/anitadonato/tcc/tcc/data/lfw/lfw-funneled/Cruz_Bustamante/Cruz_Bustamante_0003.jpg,0.13741016387939453,1
/home/anitadonato/tcc/tcc/data/lfw/lfw-funneled/Cruz_Bustamante/Cruz_Bustamante_0004.jpg,/home/anitadonato/tcc/tcc/data/lfw/lfw-funneled/Cruz_Bustamante/Cruz_Bustamante_0002.jpg,0.16142916679382324,1
/home/anitadonato/tcc/tcc/data/lfw/lfw-funneled/Cruz_Bustamante/Cruz_Bustamante_0003.jpg,/home/anitadonato/tcc/tcc/data/lfw/lfw-funneled/Cruz_Bustamante/Cruz_Bustamante_0002.jpg,0.2123950719833374,1
/home/anitadonato/tcc/tcc/data/lfw/lfw-funneled/Abdullah_Gul/Abdullah_Gul_0003.jpg,/home/anitadonato/tcc/tcc/data/lfw/lfw-funneled/Abdullah_Gul/Abdullah_Gul_0008.jpg,0.184353768825531,1
/home/anitadonato/tcc/tcc/data/lfw/lfw-funneled/Abdullah_Gul/Abdullah_Gul_0003.jpg,/home/anitadonato/tcc/tcc/data/lfw/lfw-funneled/Abdullah_Gul/Abdullah_Gul_0004.jpg,0.17373144626617432,1
/home/anitadonato/tcc/tcc/data/lfw/lfw-funneled/Abdullah_Gul/Abdullah_Gul_0003.jpg,/home/anitadonato/tcc/tcc/data/lfw/lfw-funneled/Abdullah_Gul/Abdullah_Gul_0014.jpg,0.20158874988555908,1
/home/anitadonato/tcc/tcc/data/lfw/lfw-funneled/Abdullah_Gul/Abdullah_Gul_0003.jpg,/home/anitadonato/tcc/tcc/data/lfw/lfw-funneled/Abdullah_Gul/Abdullah_Gul_0010.jpg,0.17809796333312988,1
/home/anitadonato/tcc/tcc/data/lfw/lfw-funneled/Abdullah_Gul/Abdullah_Gul_0008.jpg,/home/anitadonato/tcc/tcc/data/lfw/lfw-funneled/Abdullah_Gul/Abdullah_Gul_0004.jpg,0.06886947154998779,1
/home/anitadonato/tcc/tcc/data/lfw/lfw-funneled/Abdullah_Gul/Abdullah_Gul_0008.jpg,/home/anitadonato/tcc/tcc/data/lfw/lfw-funneled/Abdullah_Gul/Abdullah_Gul_0014.jpg,0.11064159870147705,1
/home/anitadonato/tcc/tcc/data/lfw/lfw-funneled/Abdullah_Gul/Abdullah_Gul_0008.jpg,/home/anitadonato/tcc/tcc/data/lfw/lfw-funneled/Abdullah_Gul/Abdullah_Gul_0010.jpg,0.04228705167770386,1
/home/anitadonato/tcc/tcc/data/lfw/lfw-funneled/Abdullah_Gul/Abdullah_Gul_0004.jpg,/home/anitadonato/tcc/tcc/data/lfw/lfw-funneled/Abdullah_Gul/Abdullah_Gul_0014.jpg,0.1150062084197998,1
/home/anitadonato/tcc/tcc/data/lfw/lfw-funneled/Abdullah_Gul/Abdullah_Gul_0004.jpg,/home/anitadonato/tcc/tcc/data/lfw/lfw-funneled/Abdullah_Gul/Abdullah_Gul_0010.jpg,0.06348085403442383,1
/home/anitadonato/tcc/tcc/data/lfw/lfw-funneled/Abdullah_Gul/Abdullah_Gul_0014.jpg,/home/anitadonato/tcc/tcc/data/lfw/lfw-funneled/Abdullah_Gul/Abdullah_Gul_0010.jpg,0.10692667961120605,1
/home/anitadonato/tcc/tcc/data/lfw/lfw-funneled/Jean-David_Levitte/Jean-David_Levitte_0010.jpg,/home/anitadonato/tcc/tcc/data/lfw/lfw-funneled/Jean-David_Levitte/Jean-David_Levitte_0004.jpg,0.22676295042037964,1
/home/anitadonato/tcc/tcc/data/lfw/lfw-funneled/Jean-David_Levitte/Jean-David_Levitte_0010.jpg,/home/anitadonato/tcc/tcc/data/lfw/lfw-funneled/Jean-David_Levitte/Jean-David_Levitte_0007.jpg,0.2638760805130005,1
/home/anitadonato/tcc/tcc/data/lfw/lfw-funneled/Jean-David_Levitte/Jean-David_Levitte_0010.jpg,/home/anitadonato/tcc/tcc/data/lfw/lfw-funneled/Jean-David_Levitte/Jean-David_Levitte_0009.jpg,0.2638223171234131,1
/home/anitadonato/tcc/tcc/data/lfw/lfw-funneled/Jean-David_Levitte/Jean-David_Levitte_0010.jpg,/home/anitadonato/tcc/tcc/data/lfw/lfw-funneled/Jean-David_Levitte/Jean-David_Levitte_0008.jpg,0.21436583995819092,1
/home/anitadonato/tcc/tcc/data/lfw/lfw-funneled/Jean-David_Levitte/Jean-David_Levitte_0004.jpg,/home/anitadonato/tcc/tcc/data/lfw/lfw-funneled/Jean-David_Levitte/Jean-David_Levitte_0007.jpg,0.14673495292663574,1
/home/anitadonato/tcc/tcc/data/lfw/lfw-funneled/Jean-David_Levitte/Jean-David_Levitte_0004.jpg,/home/anitadonato/tcc/tcc/data/lfw/lfw-funneled/Jean-David_Levitte/Jean-David_Levitte_0009.jpg,0.14164865016937256,1
/home/anitadonato/tcc/tcc/data/lfw/lfw-funneled/Jean-David_Levitte/Jean-David_Levitte_0004.jpg,/home/anitadonato/tcc/tcc/data/lfw/lfw-funneled/Jean-David_Levitte/Jean-David_Levitte_0008.jpg,0.12423253059387207,1
/home/anitadonato/tcc/tcc/data/lfw/lfw-funneled/Jean-David_Levitte/Jean-David_Levitte_0007.jpg,/home/anitadonato/tcc/tcc/data/lfw/lfw-funneled/Jean-David_Levitte/Jean-David_Levitte_0009.jpg,0.09656131267547607,1
/home/anitadonato/tcc/tcc/data/lfw/lfw-funneled/Jean-David_Levitte/Jean-David_Levitte_0007.jpg,/home/anitadonato/tcc/tcc/data/lfw/lfw-funneled/Jean-David_Levitte/Jean-David_Levitte_0008.jpg,0.12108153104782104,1
/home/anitadonato/tcc/tcc/data/lfw/lfw-funneled/Jean-David_Levitte/Jean-David_Levitte_0009.jpg,/home/anitadonato/tcc/tcc/data/lfw/lfw-funneled/Jean-David_Levitte/Jean-David_Levitte_0008.jpg,0.1360374093055725,1
/home/anitadonato/tcc/tcc/data/lfw/lfw-funneled/Maria_Soledad_Alvear_Valenzuela/Maria_Soledad_Alvear_Valenzuela_0003.jpg,/home/anitadonato/tcc/tcc/data/lfw/lfw-funneled/Maria_Soledad_Alvear_Valenzuela/Maria_Soledad_Alvear_Valenzuela_0004.jpg,0.15607142448425293,1
/home/anitadonato/tcc/tcc/data/lfw/lfw-funneled/Maria_Soledad_Alvear_Valenzuela/Maria_Soledad_Alvear_Valenzuela_0003.jpg,/home/anitadonato/tcc/tcc/data/lfw/lfw-funneled/Maria_Soledad_Alvear_Valenzuela/Maria_Soledad_Alvear_Valenzuela_0002.jpg,0.19106853008270264,1
/home/anitadonato/tcc/tcc/data/lfw/lfw-funneled/Maria_Soledad_Alvear_Valenzuela/Maria_Soledad_Alvear_Valenzuela_0003.jpg,/home/anitadonato/tcc/tcc/data/lfw/lfw-funneled/Maria_Soledad_Alvear_Valenzuela/Maria_Soledad_Alvear_Valenzuela_0001.jpg,0.301896870136261,1
/home/anitadonato/tcc/tcc/data/lfw/lfw-funneled/Maria_Soledad_Alvear_Valenzuela/Maria_Soledad_Alvear_Valenzuela_0003.jpg,/home/anitadonato/tcc/tcc/data/lfw/lfw-funneled/Maria_Soledad_Alvear_Valenzuela/Maria_Soledad_Alvear_Valenzuela_0005.jpg,0.18907755613327026,1
/home/anitadonato/tcc/tcc/data/lfw/lfw-funneled/Maria_Soledad_Alvear_Valenzuela/Maria_Soledad_Alvear_Valenzuela_0004.jpg,/home/anitadonato/tcc/tcc/data/lfw/lfw-funneled/Maria_Soledad_Alvear_Valenzuela/Maria_Soledad_Alvear_Valenzuela_0002.jpg,0.2209244966506958,1
/home/anitadonato/tcc/tcc/data/lfw/lfw-funneled/Maria_Soledad_Alvear_Valenzuela/Maria_Soledad_Alvear_Valenzuela_0004.jpg,/home/anitadonato/tcc/tcc/data/lfw/lfw-funneled/Maria_Soledad_Alvear_Valenzuela/Maria_Soledad_Alvear_Valenzuela_0001.jpg,0.26403796672821045,1
/home/anitadonato/tcc/tcc/data/lfw/lfw-funneled/Maria_Soledad_Alvear_Valenzuela/Maria_Soledad_Alvear_Valenzuela_0004.jpg,/home/anitadonato/tcc/tcc/data/lfw/lfw-funneled/Maria_Soledad_Alvear_Valenzuela/Maria_Soledad_Alvear_Valenzuela_0005.jpg,0.08518189191818237,1
/home/anitadonato/tcc/tcc/data/lfw/lfw-funneled/Maria_Soledad_Alvear_Valenzuela/Maria_Soledad_Alvear_Valenzuela_0002.jpg,/home/anitadonato/tcc/tcc/data/lfw/lfw-funneled/Maria_Soledad_Alvear_Valenzuela/Maria_Soledad_Alvear_Valenzuela_0001.jpg,0.3351079225540161,1
/home/anitadonato/tcc/tcc/data/lfw/lfw-funneled/Maria_Soledad_Alvear_Valenzuela/Maria_Soledad_Alvear_Valenzuela_0002.jpg,/home/anitadonato/tcc/tcc/data/lfw/lfw-funneled/Maria_Soledad_Alvear_Valenzuela/Maria_Soledad_Alvear_Valenzuela_0005.jpg,0.1995021104812622,1
/home/anitadonato/tcc/tcc/data/lfw/lfw-funneled/Maria_Soledad_Alvear_Valenzuela/Maria_Soledad_Alvear_Valenzuela_0001.jpg,/home/anitadonato/tcc/tcc/data/lfw/lfw-funneled/Maria_Soledad_Alvear_Valenzuela/Maria_Soledad_Alvear_Valenzuela_0005.jpg,0.2267102599143982,1
/home/anitadonato/tcc/tcc/data/lfw/lfw-funneled/Alejandro_Toledo/Alejandro_Toledo_0014.jpg,/home/anitadonato/tcc/tcc/data/lfw/lfw-funneled/Alejandro_Toledo/Alejandro_Toledo_0017.jpg,0.14686119556427002,1
/home/anitadonato/tcc/tcc/data/lfw/lfw-funneled/Alejandro_Toledo/Alejandro_Toledo_0014.jpg,/home/anitadonato/tcc/tcc/data/lfw/lfw-funneled/Alejandro_Toledo/Alejandro_Toledo_0006.jpg,0.12309539318084717,1
/home/anitadonato/tcc/tcc/data/lfw/lfw-funneled/Alejandro_Toledo/Alejandro_Toledo_0014.jpg,/home/anitadonato/tcc/tcc/data/lfw/lfw-funneled/Alejandro_Toledo/Alejandro_Toledo_0011.jpg,0.14790457487106323,1
/home/anitadonato/tcc/tcc/data/lfw/lfw-funneled/Alejandro_Toledo/Alejandro_Toledo_0014.jpg,/home/anitadonato/tcc/tcc/data/lfw/lfw-funneled/Alejandro_Toledo/Alejandro_Toledo_0016.jpg,0.14157670736312866,1
/home/anitadonato/tcc/tcc/data/lfw/lfw-funneled/Alejandro_Toledo/Alejandro_Toledo_0017.jpg,/home/anitadonato/tcc/tcc/data/lfw/lfw-funneled/Alejandro_Toledo/Alejandro_Toledo_0006.jpg,0.11967164278030396,1
/home/anitadonato/tcc/tcc/data/lfw/lfw-funneled/Alejandro_Toledo/Alejandro_Toledo_0017.jpg,/home/anitadonato/tcc/tcc/data/lfw/lfw-funneled/Alejandro_Toledo/Alejandro_Toledo_0011.jpg,0.17705810070037842,1
/home/anitadonato/tcc/tcc/data/lfw/lfw-funneled/Alejandro_Toledo/Alejandro_Toledo_0017.jpg,/home/anitadonato/tcc/tcc/data/lfw/lfw-funneled/Alejandro_Toledo/Alejandro_Toledo_0016.jpg,0.17399823665618896,1
/home/anitadonato/tcc/tcc/data/lfw/lfw-funneled/Alejandro_Toledo/Alejandro_Toledo_0006.jpg,/home/anitadonato/tcc/tcc/data/lfw/lfw-funneled/Alejandro_Toledo/Alejandro_Toledo_0011.jpg,0.1799534559249878,1
/home/anitadonato/tcc/tcc/data/lfw/lfw-funneled/Alejandro_Toledo/Alejandro_Toledo_0006.jpg,/home/anitadonato/tcc/tcc/data/lfw/lfw-funneled/Alejandro_Toledo/Alejandro_Toledo_0016.jpg,0.17918384075164795,1
/home/anitadonato/tcc/tcc/data/lfw/lfw-funneled/Alejandro_Toledo/Alejandro_Toledo_0011.jpg,/home/anitadonato/tcc/tcc/data/lfw/lfw-funneled/Alejandro_Toledo/Alejandro_Toledo_0016.jpg,0.20588386058807373,1
/home/anitadonato/tcc/tcc/data/lfw/lfw-funneled/Mohamed_ElBaradei/Mohamed_ElBaradei_0003.jpg,/home/anitadonato/tcc/tcc/data/lfw/lfw-funneled/Mohamed_ElBaradei/Mohamed_ElBaradei_0005.jpg,0.13462364673614502,1
/home/anitadonato/tcc/tcc/data/lfw/lfw-funneled/Mohamed_ElBaradei/Mohamed_ElBaradei_0003.jpg,/home/anitadonato/tcc/tcc/data/lfw/lfw-funneled/Mohamed_ElBaradei/Mohamed_ElBaradei_0001.jpg,0.18474411964416504,1
/home/anitadonato/tcc/tcc/data/lfw/lfw-funneled/Mohamed_ElBaradei/Mohamed_ElBaradei_0003.jpg,/home/anitadonato/tcc/tcc/data/lfw/lfw-funneled/Mohamed_ElBaradei/Mohamed_ElBaradei_0002.jpg,0.11203628778457642,1
/home/anitadonato/tcc/tcc/data/lfw/lfw-funneled/Mohamed_ElBaradei/Mohamed_ElBaradei_0003.jpg,/home/anitadonato/tcc/tcc/data/lfw/lfw-funneled/Mohamed_ElBaradei/Mohamed_ElBaradei_0006.jpg,0.1041150689125061,1
/home/anitadonato/tcc/tcc/data/lfw/lfw-funneled/Mohamed_ElBaradei/Mohamed_ElBaradei_0005.jpg,/home/anitadonato/tcc/tcc/data/lfw/lfw-funneled/Mohamed_ElBaradei/Mohamed_ElBaradei_0001.jpg,0.17319953441619873,1
/home/anitadonato/tcc/tcc/data/lfw/lfw-funneled/Mohamed_ElBaradei/Mohamed_ElBaradei_0005.jpg,/home/anitadonato/tcc/tcc/data/lfw/lfw-funneled/Mohamed_ElBaradei/Mohamed_ElBaradei_0002.jpg,0.1504397988319397,1
/home/anitadonato/tcc/tcc/data/lfw/lfw-funneled/Mohamed_ElBaradei/Mohamed_ElBaradei_0005.jpg,/home/anitadonato/tcc/tcc/data/lfw/lfw-funneled/Mohamed_ElBaradei/Mohamed_ElBaradei_0006.jpg,0.13579148054122925,1
/home/anitadonato/tcc/tcc/data/lfw/lfw-funneled/Mohamed_ElBaradei/Mohamed_ElBaradei_0001.jpg,/home/anitadonato/tcc/tcc/data/lfw/lfw-funneled/Mohamed_ElBaradei/Mohamed_ElBaradei_0002.jpg,0.21423226594924927,1
/home/anitadonato/tcc/tcc/data/lfw/lfw-funneled/Mohamed_ElBaradei/Mohamed_ElBaradei_0001.jpg,/home/anitadonato/tcc/tcc/data/lfw/lfw-funneled/Mohamed_ElBaradei/Mohamed_ElBaradei_0006.jpg,0.13597625494003296,1
/home/anitadonato/tcc/tcc/data/lfw/lfw-funneled/Mohamed_ElBaradei/Mohamed_ElBaradei_0002.jpg,/home/anitadonato/tcc/tcc/data/lfw/lfw-funneled/Mohamed_ElBaradei/Mohamed_ElBaradei_0006.jpg,0.1460288166999817,1
/home/anitadonato/tcc/tcc/data/lfw/lfw-funneled/Paul_McCartney/Paul_McCartney_0004.jpg,/home/anitadonato/tcc/tcc/data/lfw/lfw-funneled/Paul_McCartney/Paul_McCartney_0007.jpg,0.2677938938140869,1
/home/anitadonato/tcc/tcc/data/lfw/lfw-funneled/Paul_McCartney/Paul_McCartney_0004.jpg,/home/anitadonato/tcc/tcc/data/lfw/lfw-funneled/Paul_McCartney/Paul_McCartney_0005.jpg,0.17131978273391724,1
/home/anitadonato/tcc/tcc/data/lfw/lfw-funneled/Paul_McCartney/Paul_McCartney_0004.jpg,/home/anitadonato/tcc/tcc/data/lfw/lfw-funneled/Paul_McCartney/Paul_McCartney_0006.jpg,0.11538589000701904,1
/home/anitadonato/tcc/tcc/data/lfw/lfw-funneled/Paul_McCartney/Paul_McCartney_0004.jpg,/home/anitadonato/tcc/tcc/data/lfw/lfw-funneled/Paul_McCartney/Paul_McCartney_0002.jpg,0.09121596813201904,1
/home/anitadonato/tcc/tcc/data/lfw/lfw-funneled/Paul_McCartney/Paul_McCartney_0007.jpg,/home/anitadonato/tcc/tcc/data/lfw/lfw-funneled/Paul_McCartney/Paul_McCartney_0005.jpg,0.3025299906730652,1
/home/anitadonato/tcc/tcc/data/lfw/lfw-funneled/Paul_McCartney/Paul_McCartney_0007.jpg,/home/anitadonato/tcc/tcc/data/lfw/lfw-funneled/Paul_McCartney/Paul_McCartney_0006.jpg,0.2318553924560547,1
/home/anitadonato/tcc/tcc/data/lfw/lfw-funneled/Paul_McCartney/Paul_McCartney_0007.jpg,/home/anitadonato/tcc/tcc/data/lfw/lfw-funneled/Paul_McCartney/Paul_McCartney_0002.jpg,0.26541709899902344,1
/home/anitadonato/tcc/tcc/data/lfw/lfw-funneled/Paul_McCartney/Paul_McCartney_0005.jpg,/home/anitadonato/tcc/tcc/data/lfw/lfw-funneled/Paul_McCartney/Paul_McCartney_0006.jpg,0.195198655128479,1
/home/anitadonato/tcc/tcc/data/lfw/lfw-funneled/Paul_McCartney/Paul_McCartney_0005.jpg,/home/anitadonato/tcc/tcc/data/lfw/lfw-funneled/Paul_McCartney/Paul_McCartney_0002.jpg,0.1806344985961914,1
/home/anitadonato/tcc/tcc/data/lfw/lfw-funneled/Paul_McCartney/Paul_McCartney_0006.jpg,/home/anitadonato/tcc/tcc/data/lfw/lfw-funneled/Paul_McCartney/Paul_McCartney_0002.jpg,0.11943519115447998,1
/home/anitadonato/tcc/tcc/data/lfw/lfw-funneled/Kurt_Warner/Kurt_Warner_0001.jpg,/home/anitadonato/tcc/tcc/data/lfw/lfw-funneled/Kurt_Warner/Kurt_Warner_0002.jpg,0.20799249410629272,1
/home/anitadonato/tcc/tcc/data/lfw/lfw-funneled/Kurt_Warner/Kurt_Warner_0001.jpg,/home/anitadonato/tcc/tcc/data/lfw/lfw-funneled/Kurt_Warner/Kurt_Warner_0004.jpg,0.24159950017929077,1
/home/anitadonato/tcc/tcc/data/lfw/lfw-funneled/Kurt_Warner/Kurt_Warner_0001.jpg,/home/anitadonato/tcc/tcc/data/lfw/lfw-funneled/Kurt_Warner/Kurt_Warner_0003.jpg,0.20984643697738647,1
/home/anitadonato/tcc/tcc/data/lfw/lfw-funneled/Kurt_Warner/Kurt_Warner_0001.jpg,/home/anitadonato/tcc/tcc/data/lfw/lfw-funneled/Kurt_Warner/Kurt_Warner_0005.jpg,0.23642832040786743,1
/home/anitadonato/tcc/tcc/data/lfw/lfw-funneled/Kurt_Warner/Kurt_Warner_0002.jpg,/home/anitadonato/tcc/tcc/data/lfw/lfw-funneled/Kurt_Warner/Kurt_Warner_0004.jpg,0.13739216327667236,1
/home/anitadonato/tcc/tcc/data/lfw/lfw-funneled/Kurt_Warner/Kurt_Warner_0002.jpg,/home/anitadonato/tcc/tcc/data/lfw/lfw-funneled/Kurt_Warner/Kurt_Warner_0003.jpg,0.24175512790679932,1
/home/anitadonato/tcc/tcc/data/lfw/lfw-funneled/Kurt_Warner/Kurt_Warner_0002.jpg,/home/anitadonato/tcc/tcc/data/lfw/lfw-funneled/Kurt_Warner/Kurt_Warner_0005.jpg,0.15116971731185913,1
/home/anitadonato/tcc/tcc/data/lfw/lfw-funneled/Kurt_Warner/Kurt_Warner_0004.jpg,/home/anitadonato/tcc/tcc/data/lfw/lfw-funneled/Kurt_Warner/Kurt_Warner_0003.jpg,0.2042410969734192,1
/home/anitadonato/tcc/tcc/data/lfw/lfw-funneled/Kurt_Warner/Kurt_Warner_0004.jpg,/home/anitadonato/tcc/tcc/data/lfw/lfw-funneled/Kurt_Warner/Kurt_Warner_0005.jpg,0.27531665563583374,1
/home/anitadonato/tcc/tcc/data/lfw/lfw-funneled/Kurt_Warner/Kurt_Warner_0003.jpg,/home/anitadonato/tcc/tcc/data/lfw/lfw-funneled/Kurt_Warner/Kurt_Warner_0005.jpg,0.29292142391204834,1
/home/anitadonato/tcc/tcc/data/lfw/lfw-funneled/Tung_Chee-hwa/Tung_Chee-hwa_0002.jpg,/home/anitadonato/tcc/tcc/data/lfw/lfw-funneled/Tung_Chee-hwa/Tung_Chee-hwa_0004.jpg,0.1566331386566162,1
/home/anitadonato/tcc/tcc/data/lfw/lfw-funneled/Tung_Chee-hwa/Tung_Chee-hwa_0002.jpg,/home/anitadonato/tcc/tcc/data/lfw/lfw-funneled/Tung_Chee-hwa/Tung_Chee-hwa_0003.jpg,0.17744004726409912,1
/home/anitadonato/tcc/tcc/data/lfw/lfw-funneled/Tung_Chee-hwa/Tung_Chee-hwa_0002.jpg,/home/anitadonato/tcc/tcc/data/lfw/lfw-funneled/Tung_Chee-hwa/Tung_Chee-hwa_0006.jpg,0.21243244409561157,1
/home/anitadonato/tcc/tcc/data/lfw/lfw-funneled/Tung_Chee-hwa/Tung_Chee-hwa_0002.jpg,/home/anitadonato/tcc/tcc/data/lfw/lfw-funneled/Tung_Chee-hwa/Tung_Chee-hwa_0005.jpg,0.16735583543777466,1
/home/anitadonato/tcc/tcc/data/lfw/lfw-funneled/Tung_Chee-hwa/Tung_Chee-hwa_0004.jpg,/home/anitadonato/tcc/tcc/data/lfw/lfw-funneled/Tung_Chee-hwa/Tung_Chee-hwa_0003.jpg,0.13727188110351562,1
/home/anitadonato/tcc/tcc/data/lfw/lfw-funneled/Tung_Chee-hwa/Tung_Chee-hwa_0004.jpg,/home/anitadonato/tcc/tcc/data/lfw/lfw-funneled/Tung_Chee-hwa/Tung_Chee-hwa_0006.jpg,0.1537802815437317,1
/home/anitadonato/tcc/tcc/data/lfw/lfw-funneled/Tung_Chee-hwa/Tung_Chee-hwa_0004.jpg,/home/anitadonato/tcc/tcc/data/lfw/lfw-funneled/Tung_Chee-hwa/Tung_Chee-hwa_0005.jpg,0.08127707242965698,1
/home/anitadonato/tcc/tcc/data/lfw/lfw-funneled/Tung_Chee-hwa/Tung_Chee-hwa_0003.jpg,/home/anitadonato/tcc/tcc/data/lfw/lfw-funneled/Tung_Chee-hwa/Tung_Chee-hwa_0006.jpg,0.17094671726226807,1
/home/anitadonato/tcc/tcc/data/lfw/lfw-funneled/Tung_Chee-hwa/Tung_Chee-hwa_0003.jpg,/home/anitadonato/tcc/tcc/data/lfw/lfw-funneled/Tung_Chee-hwa/Tung_Chee-hwa_0005.jpg,0.149944007396698,1
/home/anitadonato/tcc/tcc/data/lfw/lfw-funneled/Tung_Chee-hwa/Tung_Chee-hwa_0006.jpg,/home/anitadonato/tcc/tcc/data/lfw/lfw-funneled/Tung_Chee-hwa/Tung_Chee-hwa_0005.jpg,0.15691065788269043,1
/home/anitadonato/tcc/tcc/data/lfw/lfw-funneled/Kalpana_Chawla/Kalpana_Chawla_0002.jpg,/home/anitadonato/tcc/tcc/data/lfw/lfw-funneled/Kalpana_Chawla/Kalpana_Chawla_0004.jpg,0.11472547054290771,1
/home/anitadonato/tcc/tcc/data/lfw/lfw-funneled/Kalpana_Chawla/Kalpana_Chawla_0002.jpg,/home/anitadonato/tcc/tcc/data/lfw/lfw-funneled/Kalpana_Chawla/Kalpana_Chawla_0001.jpg,0.12803184986114502,1
/home/anitadonato/tcc/tcc/data/lfw/lfw-funneled/Kalpana_Chawla/Kalpana_Chawla_0002.jpg,/home/anitadonato/tcc/tcc/data/lfw/lfw-funneled/Kalpana_Chawla/Kalpana_Chawla_0003.jpg,0.10834217071533203,1
/home/anitadonato/tcc/tcc/data/lfw/lfw-funneled/Kalpana_Chawla/Kalpana_Chawla_0002.jpg,/home/anitadonato/tcc/tcc/data/lfw/lfw-funneled/Kalpana_Chawla/Kalpana_Chawla_0005.jpg,0.15695524215698242,1
/home/anitadonato/tcc/tcc/data/lfw/lfw-funneled/Kalpana_Chawla/Kalpana_Chawla_0004.jpg,/home/anitadonato/tcc/tcc/data/lfw/lfw-funneled/Kalpana_Chawla/Kalpana_Chawla_0001.jpg,0.12122178077697754,1
/home/anitadonato/tcc/tcc/data/lfw/lfw-funneled/Kalpana_Chawla/Kalpana_Chawla_0004.jpg,/home/anitadonato/tcc/tcc/data/lfw/lfw-funneled/Kalpana_Chawla/Kalpana_Chawla_0003.jpg,0.10564345121383667,1
/home/anitadonato/tcc/tcc/data/lfw/lfw-funneled/Kalpana_Chawla/Kalpana_Chawla_0004.jpg,/home/anitadonato/tcc/tcc/data/lfw/lfw-funneled/Kalpana_Chawla/Kalpana_Chawla_0005.jpg,0.0864105224609375,1
/home/anitadonato/tcc/tcc/data/lfw/lfw-funneled/Kalpana_Chawla/Kalpana_Chawla_0001.jpg,/home/anitadonato/tcc/tcc/data/lfw/lfw-funneled/Kalpana_Chawla/Kalpana_Chawla_0003.jpg,0.1403648853302002,1
/home/anitadonato/tcc/tcc/data/lfw/lfw-funneled/Kalpana_Chawla/Kalpana_Chawla_0001.jpg,/home/anitadonato/tcc/tcc/data/lfw/lfw-funneled/Kalpana_Chawla/Kalpana_Chawla_0005.jpg,0.15456843376159668,1
/home/anitadonato/tcc/tcc/data/lfw/lfw-funneled/Kalpana_Chawla/Kalpana_Chawla_0003.jpg,/home/anitadonato/tcc/tcc/data/lfw/lfw-funneled/Kalpana_Chawla/Kalpana_Chawla_0005.jpg,0.10848146677017212,1
/home/anitadonato/tcc/tcc/data/lfw/lfw-funneled/Juan_Pablo_Montoya/Juan_Pablo_Montoya_0007.jpg,/home/anitadonato/tcc/tcc/data/lfw/lfw-funneled/Juan_Pablo_Montoya/Juan_Pablo_Montoya_0002.jpg,0.14973384141921997,1
/home/anitadonato/tcc/tcc/data/lfw/lfw-funneled/Juan_Pablo_Montoya/Juan_Pablo_Montoya_0007.jpg,/home/anitadonato/tcc/tcc/data/lfw/lfw-funneled/Juan_Pablo_Montoya/Juan_Pablo_Montoya_0001.jpg,0.2273443341255188,1
/home/anitadonato/tcc/tcc/data/lfw/lfw-funneled/Juan_Pablo_Montoya/Juan_Pablo_Montoya_0007.jpg,/home/anitadonato/tcc/tcc/data/lfw/lfw-funneled/Juan_Pablo_Montoya/Juan_Pablo_Montoya_0008.jpg,0.15841233730316162,1
/home/anitadonato/tcc/tcc/data/lfw/lfw-funneled/Juan_Pablo_Montoya/Juan_Pablo_Montoya_0002.jpg,/home/anitadonato/tcc/tcc/data/lfw/lfw-funneled/Juan_Pablo_Montoya/Juan_Pablo_Montoya_0001.jpg,0.22799861431121826,1
/home/anitadonato/tcc/tcc/data/lfw/lfw-funneled/Juan_Pablo_Montoya/Juan_Pablo_Montoya_0002.jpg,/home/anitadonato/tcc/tcc/data/lfw/lfw-funneled/Juan_Pablo_Montoya/Juan_Pablo_Montoya_0008.jpg,0.1725180745124817,1
/home/anitadonato/tcc/tcc/data/lfw/lfw-funneled/Juan_Pablo_Montoya/Juan_Pablo_Montoya_0001.jpg,/home/anitadonato/tcc/tcc/data/lfw/lfw-funneled/Juan_Pablo_Montoya/Juan_Pablo_Montoya_0008.jpg,0.20932269096374512,1
/home/anitadonato/tcc/tcc/data/lfw/lfw-funneled/Michael_Chiklis/Michael_Chiklis_0002.jpg,/home/anitadonato/tcc/tcc/data/lfw/lfw-funneled/Michael_Chiklis/Michael_Chiklis_0003.jpg,0.2016696333885193,1
/home/anitadonato/tcc/tcc/data/lfw/lfw-funneled/Michael_Chiklis/Michael_Chiklis_0002.jpg,/home/anitadonato/tcc/tcc/data/lfw/lfw-funneled/Michael_Chiklis/Michael_Chiklis_0004.jpg,0.21187764406204224,1
/home/anitadonato/tcc/tcc/data/lfw/lfw-funneled/Michael_Chiklis/Michael_Chiklis_0002.jpg,/home/anitadonato/tcc/tcc/data/lfw/lfw-funneled/Michael_Chiklis/Michael_Chiklis_0005.jpg,0.19375205039978027,1
/home/anitadonato/tcc/tcc/data/lfw/lfw-funneled/Michael_Chiklis/Michael_Chiklis_0002.jpg,/home/anitadonato/tcc/tcc/data/lfw/lfw-funneled/Michael_Chiklis/Michael_Chiklis_0001.jpg,0.1531832218170166,1
/home/anitadonato/tcc/tcc/data/lfw/lfw-funneled/Michael_Chiklis/Michael_Chiklis_0003.jpg,/home/anitadonato/tcc/tcc/data/lfw/lfw-funneled/Michael_Chiklis/Michael_Chiklis_0004.jpg,0.24447590112686157,1
/home/anitadonato/tcc/tcc/data/lfw/lfw-funneled/Michael_Chiklis/Michael_Chiklis_0003.jpg,/home/anitadonato/tcc/tcc/data/lfw/lfw-funneled/Michael_Chiklis/Michael_Chiklis_0005.jpg,0.18822181224822998,1
/home/anitadonato/tcc/tcc/data/lfw/lfw-funneled/Michael_Chiklis/Michael_Chiklis_0003.jpg,/home/anitadonato/tcc/tcc/data/lfw/lfw-funneled/Michael_Chiklis/Michael_Chiklis_0001.jpg,0.2576209306716919,1
/home/anitadonato/tcc/tcc/data/lfw/lfw-funneled/Michael_Chiklis/Michael_Chiklis_0004.jpg,/home/anitadonato/tcc/tcc/data/lfw/lfw-funneled/Michael_Chiklis/Michael_Chiklis_0005.jpg,0.26375293731689453,1
/home/anitadonato/tcc/tcc/data/lfw/lfw-funneled/Michael_Chiklis/Michael_Chiklis_0004.jpg,/home/anitadonato/tcc/tcc/data/lfw/lfw-funneled/Michael_Chiklis/Michael_Chiklis_0001.jpg,0.20697933435440063,1
/home/anitadonato/tcc/tcc/data/lfw/lfw-funneled/Michael_Chiklis/Michael_Chiklis_0005.jpg,/home/anitadonato/tcc/tcc/data/lfw/lfw-funneled/Michael_Chiklis/Michael_Chiklis_0001.jpg,0.26272106170654297,1
/home/anitadonato/tcc/tcc/data/lfw/lfw-funneled/Catherine_Zeta-Jones/Catherine_Zeta-Jones_0002.jpg,/home/anitadonato/tcc/tcc/data/lfw/lfw-funneled/Catherine_Zeta-Jones/Catherine_Zeta-Jones_0008.jpg,0.1690651774406433,1
/home/anitadonato/tcc/tcc/data/lfw/lfw-funneled/Catherine_Zeta-Jones/Catherine_Zeta-Jones_0002.jpg,/home/anitadonato/tcc/tcc/data/lfw/lfw-funneled/Catherine_Zeta-Jones/Catherine_Zeta-Jones_0005.jpg,0.18655723333358765,1
/home/anitadonato/tcc/tcc/data/lfw/lfw-funneled/Catherine_Zeta-Jones/Catherine_Zeta-Jones_0002.jpg,/home/anitadonato/tcc/tcc/data/lfw/lfw-funneled/Catherine_Zeta-Jones/Catherine_Zeta-Jones_0007.jpg,0.3084444999694824,1
/home/anitadonato/tcc/tcc/data/lfw/lfw-funneled/Catherine_Zeta-Jones/Catherine_Zeta-Jones_0002.jpg,/home/anitadonato/tcc/tcc/data/lfw/lfw-funneled/Catherine_Zeta-Jones/Catherine_Zeta-Jones_0003.jpg,0.18445509672164917,1
/home/anitadonato/tcc/tcc/data/lfw/lfw-funneled/Catherine_Zeta-Jones/Catherine_Zeta-Jones_0008.jpg,/home/anitadonato/tcc/tcc/data/lfw/lfw-funneled/Catherine_Zeta-Jones/Catherine_Zeta-Jones_0005.jpg,0.14810776710510254,1
/home/anitadonato/tcc/tcc/data/lfw/lfw-funneled/Catherine_Zeta-Jones/Catherine_Zeta-Jones_0008.jpg,/home/anitadonato/tcc/tcc/data/lfw/lfw-funneled/Catherine_Zeta-Jones/Catherine_Zeta-Jones_0007.jpg,0.21354377269744873,1
/home/anitadonato/tcc/tcc/data/lfw/lfw-funneled/Catherine_Zeta-Jones/Catherine_Zeta-Jones_0008.jpg,/home/anitadonato/tcc/tcc/data/lfw/lfw-funneled/Catherine_Zeta-Jones/Catherine_Zeta-Jones_0003.jpg,0.10951083898544312,1
/home/anitadonato/tcc/tcc/data/lfw/lfw-funneled/Catherine_Zeta-Jones/Catherine_Zeta-Jones_0005.jpg,/home/anitadonato/tcc/tcc/data/lfw/lfw-funneled/Catherine_Zeta-Jones/Catherine_Zeta-Jones_0007.jpg,0.1852155327796936,1
/home/anitadonato/tcc/tcc/data/lfw/lfw-funneled/Catherine_Zeta-Jones/Catherine_Zeta-Jones_0005.jpg,/home/anitadonato/tcc/tcc/data/lfw/lfw-funneled/Catherine_Zeta-Jones/Catherine_Zeta-Jones_0003.jpg,0.13002300262451172,1
/home/anitadonato/tcc/tcc/data/lfw/lfw-funneled/Catherine_Zeta-Jones/Catherine_Zeta-Jones_0007.jpg,/home/anitadonato/tcc/tcc/data/lfw/lfw-funneled/Catherine_Zeta-Jones/Catherine_Zeta-Jones_0003.jpg,0.23049092292785645,1
/home/anitadonato/tcc/tcc/data/lfw/lfw-funneled/Amelie_Mauresmo/Amelie_Mauresmo_0017.jpg,/home/anitadonato/tcc/tcc/data/lfw/lfw-funneled/Amelie_Mauresmo/Amelie_Mauresmo_0018.jpg,0.14913725852966309,1
/home/anitadonato/tcc/tcc/data/lfw/lfw-funneled/Amelie_Mauresmo/Amelie_Mauresmo_0017.jpg,/home/anitadonato/tcc/tcc/data/lfw/lfw-funneled/Amelie_Mauresmo/Amelie_Mauresmo_0016.jpg,0.16628628969192505,1
/home/anitadonato/tcc/tcc/data/lfw/lfw-funneled/Amelie_Mauresmo/Amelie_Mauresmo_0017.jpg,/home/anitadonato/tcc/tcc/data/lfw/lfw-funneled/Amelie_Mauresmo/Amelie_Mauresmo_0015.jpg,0.1211283802986145,1
/home/anitadonato/tcc/tcc/data/lfw/lfw-funneled/Amelie_Mauresmo/Amelie_Mauresmo_0017.jpg,/home/anitadonato/tcc/tcc/data/lfw/lfw-funneled/Amelie_Mauresmo/Amelie_Mauresmo_0003.jpg,0.1588582992553711,1
/home/anitadonato/tcc/tcc/data/lfw/lfw-funneled/Amelie_Mauresmo/Amelie_Mauresmo_0018.jpg,/home/anitadonato/tcc/tcc/data/lfw/lfw-funneled/Amelie_Mauresmo/Amelie_Mauresmo_0016.jpg,0.20452922582626343,1
/home/anitadonato/tcc/tcc/data/lfw/lfw-funneled/Amelie_Mauresmo/Amelie_Mauresmo_0018.jpg,/home/anitadonato/tcc/tcc/data/lfw/lfw-funneled/Amelie_Mauresmo/Amelie_Mauresmo_0015.jpg,0.1817646026611328,1
/home/anitadonato/tcc/tcc/data/lfw/lfw-funneled/Amelie_Mauresmo/Amelie_Mauresmo_0018.jpg,/home/anitadonato/tcc/tcc/data/lfw/lfw-funneled/Amelie_Mauresmo/Amelie_Mauresmo_0003.jpg,0.21162617206573486,1
/home/anitadonato/tcc/tcc/data/lfw/lfw-funneled/Amelie_Mauresmo/Amelie_Mauresmo_0016.jpg,/home/anitadonato/tcc/tcc/data/lfw/lfw-funneled/Amelie_Mauresmo/Amelie_Mauresmo_0015.jpg,0.1830519437789917,1
/home/anitadonato/tcc/tcc/data/lfw/lfw-funneled/Amelie_Mauresmo/Amelie_Mauresmo_0016.jpg,/home/anitadonato/tcc/tcc/data/lfw/lfw-funneled/Amelie_Mauresmo/Amelie_Mauresmo_0003.jpg,0.15027403831481934,1
/home/anitadonato/tcc/tcc/data/lfw/lfw-funneled/Amelie_Mauresmo/Amelie_Mauresmo_0015.jpg,/home/anitadonato/tcc/tcc/data/lfw/lfw-funneled/Amelie_Mauresmo/Amelie_Mauresmo_0003.jpg,0.2033473253250122,1
/home/anitadonato/tcc/tcc/data/lfw/lfw-funneled/Maria_Shriver/Maria_Shriver_0001.jpg,/home/anitadonato/tcc/tcc/data/lfw/lfw-funneled/Maria_Shriver/Maria_Shriver_0004.jpg,0.1934407353401184,1
/home/anitadonato/tcc/tcc/data/lfw/lfw-funneled/Maria_Shriver/Maria_Shriver_0001.jpg,/home/anitadonato/tcc/tcc/data/lfw/lfw-funneled/Maria_Shriver/Maria_Shriver_0006.jpg,0.29977864027023315,1
/home/anitadonato/tcc/tcc/data/lfw/lfw-funneled/Maria_Shriver/Maria_Shriver_0001.jpg,/home/anitadonato/tcc/tcc/data/lfw/lfw-funneled/Maria_Shriver/Maria_Shriver_0003.jpg,0.1579345464706421,1
/home/anitadonato/tcc/tcc/data/lfw/lfw-funneled/Maria_Shriver/Maria_Shriver_0001.jpg,/home/anitadonato/tcc/tcc/data/lfw/lfw-funneled/Maria_Shriver/Maria_Shriver_0005.jpg,0.21625781059265137,1
/home/anitadonato/tcc/tcc/data/lfw/lfw-funneled/Maria_Shriver/Maria_Shriver_0004.jpg,/home/anitadonato/tcc/tcc/data/lfw/lfw-funneled/Maria_Shriver/Maria_Shriver_0006.jpg,0.24657082557678223,1
/home/anitadonato/tcc/tcc/data/lfw/lfw-funneled/Maria_Shriver/Maria_Shriver_0004.jpg,/home/anitadonato/tcc/tcc/data/lfw/lfw-funneled/Maria_Shriver/Maria_Shriver_0003.jpg,0.1564551591873169,1
/home/anitadonato/tcc/tcc/data/lfw/lfw-funneled/Maria_Shriver/Maria_Shriver_0004.jpg,/home/anitadonato/tcc/tcc/data/lfw/lfw-funneled/Maria_Shriver/Maria_Shriver_0005.jpg,0.16032111644744873,1
/home/anitadonato/tcc/tcc/data/lfw/lfw-funneled/Maria_Shriver/Maria_Shriver_0006.jpg,/home/anitadonato/tcc/tcc/data/lfw/lfw-funneled/Maria_Shriver/Maria_Shriver_0003.jpg,0.25498420000076294,1
/home/anitadonato/tcc/tcc/data/lfw/lfw-funneled/Maria_Shriver/Maria_Shriver_0006.jpg,/home/anitadonato/tcc/tcc/data/lfw/lfw-funneled/Maria_Shriver/Maria_Shriver_0005.jpg,0.19829398393630981,1
/home/anitadonato/tcc/tcc/data/lfw/lfw-funneled/Maria_Shriver/Maria_Shriver_0003.jpg,/home/anitadonato/tcc/tcc/data/lfw/lfw-funneled/Maria_Shriver/Maria_Shriver_0005.jpg,0.131117582321167,1
/home/anitadonato/tcc/tcc/data/lfw/lfw-funneled/Martha_Stewart/Martha_Stewart_0001.jpg,/home/anitadonato/tcc/tcc/data/lfw/lfw-funneled/Martha_Stewart/Martha_Stewart_0005.jpg,0.24351513385772705,1
/home/anitadonato/tcc/tcc/data/lfw/lfw-funneled/Martha_Stewart/Martha_Stewart_0001.jpg,/home/anitadonato/tcc/tcc/data/lfw/lfw-funneled/Martha_Stewart/Martha_Stewart_0004.jpg,0.15784746408462524,1
/home/anitadonato/tcc/tcc/data/lfw/lfw-funneled/Martha_Stewart/Martha_Stewart_0001.jpg,/home/anitadonato/tcc/tcc/data/lfw/lfw-funneled/Martha_Stewart/Martha_Stewart_0003.jpg,0.17998474836349487,1
/home/anitadonato/tcc/tcc/data/lfw/lfw-funneled/Martha_Stewart/Martha_Stewart_0001.jpg,/home/anitadonato/tcc/tcc/data/lfw/lfw-funneled/Martha_Stewart/Martha_Stewart_0002.jpg,0.1845383644104004,1
/home/anitadonato/tcc/tcc/data/lfw/lfw-funneled/Martha_Stewart/Martha_Stewart_0005.jpg,/home/anitadonato/tcc/tcc/data/lfw/lfw-funneled/Martha_Stewart/Martha_Stewart_0004.jpg,0.1470940113067627,1
/home/anitadonato/tcc/tcc/data/lfw/lfw-funneled/Martha_Stewart/Martha_Stewart_0005.jpg,/home/anitadonato/tcc/tcc/data/lfw/lfw-funneled/Martha_Stewart/Martha_Stewart_0003.jpg,0.20550984144210815,1
/home/anitadonato/tcc/tcc/data/lfw/lfw-funneled/Martha_Stewart/Martha_Stewart_0005.jpg,/home/anitadonato/tcc/tcc/data/lfw/lfw-funneled/Martha_Stewart/Martha_Stewart_0002.jpg,0.1791607141494751,1
/home/anitadonato/tcc/tcc/data/lfw/lfw-funneled/Martha_Stewart/Martha_Stewart_0004.jpg,/home/anitadonato/tcc/tcc/data/lfw/lfw-funneled/Martha_Stewart/Martha_Stewart_0003.jpg,0.10901445150375366,1
/home/anitadonato/tcc/tcc/data/lfw/lfw-funneled/Martha_Stewart/Martha_Stewart_0004.jpg,/home/anitadonato/tcc/tcc/data/lfw/lfw-funneled/Martha_Stewart/Martha_Stewart_0002.jpg,0.15685993432998657,1
/home/anitadonato/tcc/tcc/data/lfw/lfw-funneled/Martha_Stewart/Martha_Stewart_0003.jpg,/home/anitadonato/tcc/tcc/data/lfw/lfw-funneled/Martha_Stewart/Martha_Stewart_0002.jpg,0.1684112548828125,1
/home/anitadonato/tcc/tcc/data/lfw/lfw-funneled/Hosni_Mubarak/Hosni_Mubarak_0001.jpg,/home/anitadonato/tcc/tcc/data/lfw/lfw-funneled/Hosni_Mubarak/Hosni_Mubarak_0003.jpg,0.20003634691238403,1
/home/anitadonato/tcc/tcc/data/lfw/lfw-funneled/Hosni_Mubarak/Hosni_Mubarak_0001.jpg,/home/anitadonato/tcc/tcc/data/lfw/lfw-funneled/Hosni_Mubarak/Hosni_Mubarak_0004.jpg,0.1626298427581787,1
/home/anitadonato/tcc/tcc/data/lfw/lfw-funneled/Hosni_Mubarak/Hosni_Mubarak_0001.jpg,/home/anitadonato/tcc/tcc/data/lfw/lfw-funneled/Hosni_Mubarak/Hosni_Mubarak_0005.jpg,0.07061457633972168,1
/home/anitadonato/tcc/tcc/data/lfw/lfw-funneled/Hosni_Mubarak/Hosni_Mubarak_0001.jpg,/home/anitadonato/tcc/tcc/data/lfw/lfw-funneled/Hosni_Mubarak/Hosni_Mubarak_0007.jpg,0.14419031143188477,1
/home/anitadonato/tcc/tcc/data/lfw/lfw-funneled/Hosni_Mubarak/Hosni_Mubarak_0003.jpg,/home/anitadonato/tcc/tcc/data/lfw/lfw-funneled/Hosni_Mubarak/Hosni_Mubarak_0004.jpg,0.18787062168121338,1
/home/anitadonato/tcc/tcc/data/lfw/lfw-funneled/Hosni_Mubarak/Hosni_Mubarak_0003.jpg,/home/anitadonato/tcc/tcc/data/lfw/lfw-funneled/Hosni_Mubarak/Hosni_Mubarak_0005.jpg,0.20802199840545654,1
/home/anitadonato/tcc/tcc/data/lfw/lfw-funneled/Hosni_Mubarak/Hosni_Mubarak_0003.jpg,/home/anitadonato/tcc/tcc/data/lfw/lfw-funneled/Hosni_Mubarak/Hosni_Mubarak_0007.jpg,0.21266913414001465,1
/home/anitadonato/tcc/tcc/data/lfw/lfw-funneled/Hosni_Mubarak/Hosni_Mubarak_0004.jpg,/home/anitadonato/tcc/tcc/data/lfw/lfw-funneled/Hosni_Mubarak/Hosni_Mubarak_0005.jpg,0.16164225339889526,1
/home/anitadonato/tcc/tcc/data/lfw/lfw-funneled/Hosni_Mubarak/Hosni_Mubarak_0004.jpg,/home/anitadonato/tcc/tcc/data/lfw/lfw-funneled/Hosni_Mubarak/Hosni_Mubarak_0007.jpg,0.17917340993881226,1
/home/anitadonato/tcc/tcc/data/lfw/lfw-funneled/Hosni_Mubarak/Hosni_Mubarak_0005.jpg,/home/anitadonato/tcc/tcc/data/lfw/lfw-funneled/Hosni_Mubarak/Hosni_Mubarak_0007.jpg,0.13814455270767212,1
/home/anitadonato/tcc/tcc/data/lfw/lfw-funneled/Luis_Horna/Luis_Horna_0003.jpg,/home/anitadonato/tcc/tcc/data/lfw/lfw-funneled/Luis_Horna/Luis_Horna_0004.jpg,0.18748772144317627,1
/home/anitadonato/tcc/tcc/data/lfw/lfw-funneled/Luis_Horna/Luis_Horna_0003.jpg,/home/anitadonato/tcc/tcc/data/lfw/lfw-funneled/Luis_Horna/Luis_Horna_0006.jpg,0.1882954239845276,1
/home/anitadonato/tcc/tcc/data/lfw/lfw-funneled/Luis_Horna/Luis_Horna_0003.jpg,/home/anitadonato/tcc/tcc/data/lfw/lfw-funneled/Luis_Horna/Luis_Horna_0005.jpg,0.1475697159767151,1
/home/anitadonato/tcc/tcc/data/lfw/lfw-funneled/Luis_Horna/Luis_Horna_0004.jpg,/home/anitadonato/tcc/tcc/data/lfw/lfw-funneled/Luis_Horna/Luis_Horna_0006.jpg,0.16072314977645874,1
/home/anitadonato/tcc/tcc/data/lfw/lfw-funneled/Luis_Horna/Luis_Horna_0004.jpg,/home/anitadonato/tcc/tcc/data/lfw/lfw-funneled/Luis_Horna/Luis_Horna_0005.jpg,0.10861730575561523,1
/home/anitadonato/tcc/tcc/data/lfw/lfw-funneled/Luis_Horna/Luis_Horna_0006.jpg,/home/anitadonato/tcc/tcc/data/lfw/lfw-funneled/Luis_Horna/Luis_Horna_0005.jpg,0.13562172651290894,1
/home/anitadonato/tcc/tcc/data/lfw/lfw-funneled/Angela_Merkel/Angela_Merkel_0001.jpg,/home/anitadonato/tcc/tcc/data/lfw/lfw-funneled/Angela_Merkel/Angela_Merkel_0004.jpg,0.16510748863220215,1
/home/anitadonato/tcc/tcc/data/lfw/lfw-funneled/Angela_Merkel/Angela_Merkel_0001.jpg,/home/anitadonato/tcc/tcc/data/lfw/lfw-funneled/Angela_Merkel/Angela_Merkel_0002.jpg,0.18344759941101074,1
/home/anitadonato/tcc/tcc/data/lfw/lfw-funneled/Angela_Merkel/Angela_Merkel_0001.jpg,/home/anitadonato/tcc/tcc/data/lfw/lfw-funneled/Angela_Merkel/Angela_Merkel_0003.jpg,0.23289793729782104,1
/home/anitadonato/tcc/tcc/data/lfw/lfw-funneled/Angela_Merkel/Angela_Merkel_0001.jpg,/home/anitadonato/tcc/tcc/data/lfw/lfw-funneled/Angela_Merkel/Angela_Merkel_0005.jpg,0.13288813829421997,1
/home/anitadonato/tcc/tcc/data/lfw/lfw-funneled/Angela_Merkel/Angela_Merkel_0004.jpg,/home/anitadonato/tcc/tcc/data/lfw/lfw-funneled/Angela_Merkel/Angela_Merkel_0002.jpg,0.12832492589950562,1
/home/anitadonato/tcc/tcc/data/lfw/lfw-funneled/Angela_Merkel/Angela_Merkel_0004.jpg,/home/anitadonato/tcc/tcc/data/lfw/lfw-funneled/Angela_Merkel/Angela_Merkel_0003.jpg,0.16120809316635132,1
/home/anitadonato/tcc/tcc/data/lfw/lfw-funneled/Angela_Merkel/Angela_Merkel_0004.jpg,/home/anitadonato/tcc/tcc/data/lfw/lfw-funneled/Angela_Merkel/Angela_Merkel_0005.jpg,0.14316916465759277,1
/home/anitadonato/tcc/tcc/data/lfw/lfw-funneled/Angela_Merkel/Angela_Merkel_0002.jpg,/home/anitadonato/tcc/tcc/data/lfw/lfw-funneled/Angela_Merkel/Angela_Merkel_0003.jpg,0.1533403992652893,1
/home/anitadonato/tcc/tcc/data/lfw/lfw-funneled/Angela_Merkel/Angela_Merkel_0002.jpg,/home/anitadonato/tcc/tcc/data/lfw/lfw-funneled/Angela_Merkel/Angela_Merkel_0005.jpg,0.17019659280776978,1
/home/anitadonato/tcc/tcc/data/lfw/lfw-funneled/Angela_Merkel/Angela_Merkel_0003.jpg,/home/anitadonato/tcc/tcc/data/lfw/lfw-funneled/Angela_Merkel/Angela_Merkel_0005.jpg,0.22040963172912598,1
/home/anitadonato/tcc/tcc/data/lfw/lfw-funneled/Angelina_Jolie/Angelina_Jolie_0011.jpg,/home/anitadonato/tcc/tcc/data/lfw/lfw-funneled/Angelina_Jolie/Angelina_Jolie_0004.jpg,0.21603375673294067,1
/home/anitadonato/tcc/tcc/data/lfw/lfw-funneled/Angelina_Jolie/Angelina_Jolie_0011.jpg,/home/anitadonato/tcc/tcc/data/lfw/lfw-funneled/Angelina_Jolie/Angelina_Jolie_0006.jpg,0.2541135549545288,1
/home/anitadonato/tcc/tcc/data/lfw/lfw-funneled/Angelina_Jolie/Angelina_Jolie_0011.jpg,/home/anitadonato/tcc/tcc/data/lfw/lfw-funneled/Angelina_Jolie/Angelina_Jolie_0020.jpg,0.2820051312446594,1
/home/anitadonato/tcc/tcc/data/lfw/lfw-funneled/Angelina_Jolie/Angelina_Jolie_0011.jpg,/home/anitadonato/tcc/tcc/data/lfw/lfw-funneled/Angelina_Jolie/Angelina_Jolie_0014.jpg,0.27173298597335815,1
/home/anitadonato/tcc/tcc/data/lfw/lfw-funneled/Angelina_Jolie/Angelina_Jolie_0004.jpg,/home/anitadonato/tcc/tcc/data/lfw/lfw-funneled/Angelina_Jolie/Angelina_Jolie_0006.jpg,0.1469649076461792,1
/home/anitadonato/tcc/tcc/data/lfw/lfw-funneled/Angelina_Jolie/Angelina_Jolie_0004.jpg,/home/anitadonato/tcc/tcc/data/lfw/lfw-funneled/Angelina_Jolie/Angelina_Jolie_0020.jpg,0.1517220139503479,1
/home/anitadonato/tcc/tcc/data/lfw/lfw-funneled/Angelina_Jolie/Angelina_Jolie_0004.jpg,/home/anitadonato/tcc/tcc/data/lfw/lfw-funneled/Angelina_Jolie/Angelina_Jolie_0014.jpg,0.20189779996871948,1
/home/anitadonato/tcc/tcc/data/lfw/lfw-funneled/Angelina_Jolie/Angelina_Jolie_0006.jpg,/home/anitadonato/tcc/tcc/data/lfw/lfw-funneled/Angelina_Jolie/Angelina_Jolie_0020.jpg,0.15702414512634277,1
/home/anitadonato/tcc/tcc/data/lfw/lfw-funneled/Angelina_Jolie/Angelina_Jolie_0006.jpg,/home/anitadonato/tcc/tcc/data/lfw/lfw-funneled/Angelina_Jolie/Angelina_Jolie_0014.jpg,0.08587908744812012,1
/home/anitadonato/tcc/tcc/data/lfw/lfw-funneled/Angelina_Jolie/Angelina_Jolie_0020.jpg,/home/anitadonato/tcc/tcc/data/lfw/lfw-funneled/Angelina_Jolie/Angelina_Jolie_0014.jpg,0.21752208471298218,1
/home/anitadonato/tcc/tcc/data/lfw/lfw-funneled/John_Bolton/John_Bolton_0016.jpg,/home/anitadonato/tcc/tcc/data/lfw/lfw-funneled/John_Bolton/John_Bolton_0010.jpg,0.18327826261520386,1
/home/anitadonato/tcc/tcc/data/lfw/lfw-funneled/John_Bolton/John_Bolton_0016.jpg,/home/anitadonato/tcc/tcc/data/lfw/lfw-funneled/John_Bolton/John_Bolton_0011.jpg,0.18263083696365356,1
/home/anitadonato/tcc/tcc/data/lfw/lfw-funneled/John_Bolton/John_Bolton_0016.jpg,/home/anitadonato/tcc/tcc/data/lfw/lfw-funneled/John_Bolton/John_Bolton_0007.jpg,0.19555610418319702,1
/home/anitadonato/tcc/tcc/data/lfw/lfw-funneled/John_Bolton/John_Bolton_0016.jpg,/home/anitadonato/tcc/tcc/data/lfw/lfw-funneled/John_Bolton/John_Bolton_0013.jpg,0.20082330703735352,1
/home/anitadonato/tcc/tcc/data/lfw/lfw-funneled/John_Bolton/John_Bolton_0010.jpg,/home/anitadonato/tcc/tcc/data/lfw/lfw-funneled/John_Bolton/John_Bolton_0011.jpg,0.08462762832641602,1
/home/anitadonato/tcc/tcc/data/lfw/lfw-funneled/John_Bolton/John_Bolton_0010.jpg,/home/anitadonato/tcc/tcc/data/lfw/lfw-funneled/John_Bolton/John_Bolton_0007.jpg,0.14146357774734497,1
/home/anitadonato/tcc/tcc/data/lfw/lfw-funneled/John_Bolton/John_Bolton_0010.jpg,/home/anitadonato/tcc/tcc/data/lfw/lfw-funneled/John_Bolton/John_Bolton_0013.jpg,0.16304397583007812,1
/home/anitadonato/tcc/tcc/data/lfw/lfw-funneled/John_Bolton/John_Bolton_0011.jpg,/home/anitadonato/tcc/tcc/data/lfw/lfw-funneled/John_Bolton/John_Bolton_0007.jpg,0.10032367706298828,1
/home/anitadonato/tcc/tcc/data/lfw/lfw-funneled/John_Bolton/John_Bolton_0011.jpg,/home/anitadonato/tcc/tcc/data/lfw/lfw-funneled/John_Bolton/John_Bolton_0013.jpg,0.12306171655654907,1
/home/anitadonato/tcc/tcc/data/lfw/lfw-funneled/John_Bolton/John_Bolton_0007.jpg,/home/anitadonato/tcc/tcc/data/lfw/lfw-funneled/John_Bolton/John_Bolton_0013.jpg,0.11609649658203125,1
/home/anitadonato/tcc/tcc/data/lfw/lfw-funneled/Gloria_Macapagal_Arroyo/Gloria_Macapagal_Arroyo_0036.jpg,/home/anitadonato/tcc/tcc/data/lfw/lfw-funneled/Gloria_Macapagal_Arroyo/Gloria_Macapagal_Arroyo_0003.jpg,0.14120709896087646,1
/home/anitadonato/tcc/tcc/data/lfw/lfw-funneled/Gloria_Macapagal_Arroyo/Gloria_Macapagal_Arroyo_0036.jpg,/home/anitadonato/tcc/tcc/data/lfw/lfw-funneled/Gloria_Macapagal_Arroyo/Gloria_Macapagal_Arroyo_0030.jpg,0.21722710132598877,1
/home/anitadonato/tcc/tcc/data/lfw/lfw-funneled/Gloria_Macapagal_Arroyo/Gloria_Macapagal_Arroyo_0036.jpg,/home/anitadonato/tcc/tcc/data/lfw/lfw-funneled/Gloria_Macapagal_Arroyo/Gloria_Macapagal_Arroyo_0006.jpg,0.17889642715454102,1
/home/anitadonato/tcc/tcc/data/lfw/lfw-funneled/Gloria_Macapagal_Arroyo/Gloria_Macapagal_Arroyo_0036.jpg,/home/anitadonato/tcc/tcc/data/lfw/lfw-funneled/Gloria_Macapagal_Arroyo/Gloria_Macapagal_Arroyo_0021.jpg,0.19236576557159424,1
/home/anitadonato/tcc/tcc/data/lfw/lfw-funneled/Gloria_Macapagal_Arroyo/Gloria_Macapagal_Arroyo_0003.jpg,/home/anitadonato/tcc/tcc/data/lfw/lfw-funneled/Gloria_Macapagal_Arroyo/Gloria_Macapagal_Arroyo_0030.jpg,0.1993984580039978,1
/home/anitadonato/tcc/tcc/data/lfw/lfw-funneled/Gloria_Macapagal_Arroyo/Gloria_Macapagal_Arroyo_0003.jpg,/home/anitadonato/tcc/tcc/data/lfw/lfw-funneled/Gloria_Macapagal_Arroyo/Gloria_Macapagal_Arroyo_0006.jpg,0.14129656553268433,1
/home/anitadonato/tcc/tcc/data/lfw/lfw-funneled/Gloria_Macapagal_Arroyo/Gloria_Macapagal_Arroyo_0003.jpg,/home/anitadonato/tcc/tcc/data/lfw/lfw-funneled/Gloria_Macapagal_Arroyo/Gloria_Macapagal_Arroyo_0021.jpg,0.16874617338180542,1
/home/anitadonato/tcc/tcc/data/lfw/lfw-funneled/Gloria_Macapagal_Arroyo/Gloria_Macapagal_Arroyo_0030.jpg,/home/anitadonato/tcc/tcc/data/lfw/lfw-funneled/Gloria_Macapagal_Arroyo/Gloria_Macapagal_Arroyo_0006.jpg,0.18417119979858398,1
/home/anitadonato/tcc/tcc/data/lfw/lfw-funneled/Gloria_Macapagal_Arroyo/Gloria_Macapagal_Arroyo_0030.jpg,/home/anitadonato/tcc/tcc/data/lfw/lfw-funneled/Gloria_Macapagal_Arroyo/Gloria_Macapagal_Arroyo_0021.jpg,0.22855597734451294,1
/home/anitadonato/tcc/tcc/data/lfw/lfw-funneled/Gloria_Macapagal_Arroyo/Gloria_Macapagal_Arroyo_0006.jpg,/home/anitadonato/tcc/tcc/data/lfw/lfw-funneled/Gloria_Macapagal_Arroyo/Gloria_Macapagal_Arroyo_0021.jpg,0.1963670253753662,1
/home/anitadonato/tcc/tcc/data/lfw/lfw-funneled/Julie_Gerberding/Julie_Gerberding_0005.jpg,/home/anitadonato/tcc/tcc/data/lfw/lfw-funneled/Julie_Gerberding/Julie_Gerberding_0006.jpg,0.12588155269622803,1
/home/anitadonato/tcc/tcc/data/lfw/lfw-funneled/Julie_Gerberding/Julie_Gerberding_0005.jpg,/home/anitadonato/tcc/tcc/data/lfw/lfw-funneled/Julie_Gerberding/Julie_Gerberding_0002.jpg,0.16165924072265625,1
/home/anitadonato/tcc/tcc/data/lfw/lfw-funneled/Julie_Gerberding/Julie_Gerberding_0005.jpg,/home/anitadonato/tcc/tcc/data/lfw/lfw-funneled/Julie_Gerberding/Julie_Gerberding_0007.jpg,0.1413136124610901,1
/home/anitadonato/tcc/tcc/data/lfw/lfw-funneled/Julie_Gerberding/Julie_Gerberding_0005.jpg,/home/anitadonato/tcc/tcc/data/lfw/lfw-funneled/Julie_Gerberding/Julie_Gerberding_0009.jpg,0.11371701955795288,1
/home/anitadonato/tcc/tcc/data/lfw/lfw-funneled/Julie_Gerberding/Julie_Gerberding_0006.jpg,/home/anitadonato/tcc/tcc/data/lfw/lfw-funneled/Julie_Gerberding/Julie_Gerberding_0002.jpg,0.1409735083580017,1
/home/anitadonato/tcc/tcc/data/lfw/lfw-funneled/Julie_Gerberding/Julie_Gerberding_0006.jpg,/home/anitadonato/tcc/tcc/data/lfw/lfw-funneled/Julie_Gerberding/Julie_Gerberding_0007.jpg,0.14420557022094727,1
/home/anitadonato/tcc/tcc/data/lfw/lfw-funneled/Julie_Gerberding/Julie_Gerberding_0006.jpg,/home/anitadonato/tcc/tcc/data/lfw/lfw-funneled/Julie_Gerberding/Julie_Gerberding_0009.jpg,0.13834357261657715,1
/home/anitadonato/tcc/tcc/data/lfw/lfw-funneled/Julie_Gerberding/Julie_Gerberding_0002.jpg,/home/anitadonato/tcc/tcc/data/lfw/lfw-funneled/Julie_Gerberding/Julie_Gerberding_0007.jpg,0.14126205444335938,1
/home/anitadonato/tcc/tcc/data/lfw/lfw-funneled/Julie_Gerberding/Julie_Gerberding_0002.jpg,/home/anitadonato/tcc/tcc/data/lfw/lfw-funneled/Julie_Gerberding/Julie_Gerberding_0009.jpg,0.13649195432662964,1
/home/anitadonato/tcc/tcc/data/lfw/lfw-funneled/Julie_Gerberding/Julie_Gerberding_0007.jpg,/home/anitadonato/tcc/tcc/data/lfw/lfw-funneled/Julie_Gerberding/Julie_Gerberding_0009.jpg,0.1248553991317749,1
/home/anitadonato/tcc/tcc/data/lfw/lfw-funneled/Andre_Agassi/Andre_Agassi_0001.jpg,/home/anitadonato/tcc/tcc/data/lfw/lfw-funneled/Andre_Agassi/Andre_Agassi_0035.jpg,0.1217050552368164,1
/home/anitadonato/tcc/tcc/data/lfw/lfw-funneled/Andre_Agassi/Andre_Agassi_0001.jpg,/home/anitadonato/tcc/tcc/data/lfw/lfw-funneled/Andre_Agassi/Andre_Agassi_0030.jpg,0.2128419280052185,1
/home/anitadonato/tcc/tcc/data/lfw/lfw-funneled/Andre_Agassi/Andre_Agassi_0001.jpg,/home/anitadonato/tcc/tcc/data/lfw/lfw-funneled/Andre_Agassi/Andre_Agassi_0027.jpg,0.15614062547683716,1
/home/anitadonato/tcc/tcc/data/lfw/lfw-funneled/Andre_Agassi/Andre_Agassi_0001.jpg,/home/anitadonato/tcc/tcc/data/lfw/lfw-funneled/Andre_Agassi/Andre_Agassi_0004.jpg,0.17741471529006958,1
/home/anitadonato/tcc/tcc/data/lfw/lfw-funneled/Andre_Agassi/Andre_Agassi_0035.jpg,/home/anitadonato/tcc/tcc/data/lfw/lfw-funneled/Andre_Agassi/Andre_Agassi_0030.jpg,0.2669636607170105,1
/home/anitadonato/tcc/tcc/data/lfw/lfw-funneled/Andre_Agassi/Andre_Agassi_0035.jpg,/home/anitadonato/tcc/tcc/data/lfw/lfw-funneled/Andre_Agassi/Andre_Agassi_0027.jpg,0.1364959478378296,1
/home/anitadonato/tcc/tcc/data/lfw/lfw-funneled/Andre_Agassi/Andre_Agassi_0035.jpg,/home/anitadonato/tcc/tcc/data/lfw/lfw-funneled/Andre_Agassi/Andre_Agassi_0004.jpg,0.15809696912765503,1
/home/anitadonato/tcc/tcc/data/lfw/lfw-funneled/Andre_Agassi/Andre_Agassi_0030.jpg,/home/anitadonato/tcc/tcc/data/lfw/lfw-funneled/Andre_Agassi/Andre_Agassi_0027.jpg,0.25767070055007935,1
/home/anitadonato/tcc/tcc/data/lfw/lfw-funneled/Andre_Agassi/Andre_Agassi_0030.jpg,/home/anitadonato/tcc/tcc/data/lfw/lfw-funneled/Andre_Agassi/Andre_Agassi_0004.jpg,0.27292299270629883,1
/home/anitadonato/tcc/tcc/data/lfw/lfw-funneled/Andre_Agassi/Andre_Agassi_0027.jpg,/home/anitadonato/tcc/tcc/data/lfw/lfw-funneled/Andre_Agassi/Andre_Agassi_0004.jpg,0.2115287184715271,1
/home/anitadonato/tcc/tcc/data/lfw/lfw-funneled/Rob_Marshall/Rob_Marshall_0002.jpg,/home/anitadonato/tcc/tcc/data/lfw/lfw-funneled/Rob_Marshall/Rob_Marshall_0005.jpg,0.1575990915298462,1
/home/anitadonato/tcc/tcc/data/lfw/lfw-funneled/Rob_Marshall/Rob_Marshall_0002.jpg,/home/anitadonato/tcc/tcc/data/lfw/lfw-funneled/Rob_Marshall/Rob_Marshall_0003.jpg,0.10573643445968628,1
/home/anitadonato/tcc/tcc/data/lfw/lfw-funneled/Rob_Marshall/Rob_Marshall_0002.jpg,/home/anitadonato/tcc/tcc/data/lfw/lfw-funneled/Rob_Marshall/Rob_Marshall_0004.jpg,0.12965667247772217,1
/home/anitadonato/tcc/tcc/data/lfw/lfw-funneled/Rob_Marshall/Rob_Marshall_0002.jpg,/home/anitadonato/tcc/tcc/data/lfw/lfw-funneled/Rob_Marshall/Rob_Marshall_0006.jpg,0.13236749172210693,1
/home/anitadonato/tcc/tcc/data/lfw/lfw-funneled/Rob_Marshall/Rob_Marshall_0005.jpg,/home/anitadonato/tcc/tcc/data/lfw/lfw-funneled/Rob_Marshall/Rob_Marshall_0003.jpg,0.09844332933425903,1
/home/anitadonato/tcc/tcc/data/lfw/lfw-funneled/Rob_Marshall/Rob_Marshall_0005.jpg,/home/anitadonato/tcc/tcc/data/lfw/lfw-funneled/Rob_Marshall/Rob_Marshall_0004.jpg,0.08308601379394531,1
/home/anitadonato/tcc/tcc/data/lfw/lfw-funneled/Rob_Marshall/Rob_Marshall_0005.jpg,/home/anitadonato/tcc/tcc/data/lfw/lfw-funneled/Rob_Marshall/Rob_Marshall_0006.jpg,0.10937416553497314,1
/home/anitadonato/tcc/tcc/data/lfw/lfw-funneled/Rob_Marshall/Rob_Marshall_0003.jpg,/home/anitadonato/tcc/tcc/data/lfw/lfw-funneled/Rob_Marshall/Rob_Marshall_0004.jpg,0.09412288665771484,1
/home/anitadonato/tcc/tcc/data/lfw/lfw-funneled/Rob_Marshall/Rob_Marshall_0003.jpg,/home/anitadonato/tcc/tcc/data/lfw/lfw-funneled/Rob_Marshall/Rob_Marshall_0006.jpg,0.13457781076431274,1
/home/anitadonato/tcc/tcc/data/lfw/lfw-funneled/Rob_Marshall/Rob_Marshall_0004.jpg,/home/anitadonato/tcc/tcc/data/lfw/lfw-funneled/Rob_Marshall/Rob_Marshall_0006.jpg,0.11975443363189697,1
/home/anitadonato/tcc/tcc/data/lfw/lfw-funneled/Trent_Lott/Trent_Lott_0015.jpg,/home/anitadonato/tcc/tcc/data/lfw/lfw-funneled/Trent_Lott/Trent_Lott_0013.jpg,0.13651043176651,1
/home/anitadonato/tcc/tcc/data/lfw/lfw-funneled/Trent_Lott/Trent_Lott_0015.jpg,/home/anitadonato/tcc/tcc/data/lfw/lfw-funneled/Trent_Lott/Trent_Lott_0001.jpg,0.18197977542877197,1
/home/anitadonato/tcc/tcc/data/lfw/lfw-funneled/Trent_Lott/Trent_Lott_0015.jpg,/home/anitadonato/tcc/tcc/data/lfw/lfw-funneled/Trent_Lott/Trent_Lott_0004.jpg,0.2171991467475891,1
/home/anitadonato/tcc/tcc/data/lfw/lfw-funneled/Trent_Lott/Trent_Lott_0015.jpg,/home/anitadonato/tcc/tcc/data/lfw/lfw-funneled/Trent_Lott/Trent_Lott_0005.jpg,0.176946759223938,1
/home/anitadonato/tcc/tcc/data/lfw/lfw-funneled/Trent_Lott/Trent_Lott_0013.jpg,/home/anitadonato/tcc/tcc/data/lfw/lfw-funneled/Trent_Lott/Trent_Lott_0001.jpg,0.15337538719177246,1
/home/anitadonato/tcc/tcc/data/lfw/lfw-funneled/Trent_Lott/Trent_Lott_0013.jpg,/home/anitadonato/tcc/tcc/data/lfw/lfw-funneled/Trent_Lott/Trent_Lott_0004.jpg,0.22694319486618042,1
/home/anitadonato/tcc/tcc/data/lfw/lfw-funneled/Trent_Lott/Trent_Lott_0013.jpg,/home/anitadonato/tcc/tcc/data/lfw/lfw-funneled/Trent_Lott/Trent_Lott_0005.jpg,0.173842191696167,1
/home/anitadonato/tcc/tcc/data/lfw/lfw-funneled/Trent_Lott/Trent_Lott_0001.jpg,/home/anitadonato/tcc/tcc/data/lfw/lfw-funneled/Trent_Lott/Trent_Lott_0004.jpg,0.19974082708358765,1
/home/anitadonato/tcc/tcc/data/lfw/lfw-funneled/Trent_Lott/Trent_Lott_0001.jpg,/home/anitadonato/tcc/tcc/data/lfw/lfw-funneled/Trent_Lott/Trent_Lott_0005.jpg,0.13852393627166748,1
/home/anitadonato/tcc/tcc/data/lfw/lfw-funneled/Trent_Lott/Trent_Lott_0004.jpg,/home/anitadonato/tcc/tcc/data/lfw/lfw-funneled/Trent_Lott/Trent_Lott_0005.jpg,0.1375443935394287,1
/home/anitadonato/tcc/tcc/data/lfw/lfw-funneled/John_Stockton/John_Stockton_0005.jpg,/home/anitadonato/tcc/tcc/data/lfw/lfw-funneled/John_Stockton/John_Stockton_0002.jpg,0.2730475664138794,1
/home/anitadonato/tcc/tcc/data/lfw/lfw-funneled/John_Stockton/John_Stockton_0005.jpg,/home/anitadonato/tcc/tcc/data/lfw/lfw-funneled/John_Stockton/John_Stockton_0004.jpg,0.2127007246017456,1
/home/anitadonato/tcc/tcc/data/lfw/lfw-funneled/John_Stockton/John_Stockton_0005.jpg,/home/anitadonato/tcc/tcc/data/lfw/lfw-funneled/John_Stockton/John_Stockton_0003.jpg,0.2032964825630188,1
/home/anitadonato/tcc/tcc/data/lfw/lfw-funneled/John_Stockton/John_Stockton_0005.jpg,/home/anitadonato/tcc/tcc/data/lfw/lfw-funneled/John_Stockton/John_Stockton_0001.jpg,0.29763656854629517,1
/home/anitadonato/tcc/tcc/data/lfw/lfw-funneled/John_Stockton/John_Stockton_0002.jpg,/home/anitadonato/tcc/tcc/data/lfw/lfw-funneled/John_Stockton/John_Stockton_0004.jpg,0.27806490659713745,1
/home/anitadonato/tcc/tcc/data/lfw/lfw-funneled/John_Stockton/John_Stockton_0002.jpg,/home/anitadonato/tcc/tcc/data/lfw/lfw-funneled/John_Stockton/John_Stockton_0003.jpg,0.2685624957084656,1
/home/anitadonato/tcc/tcc/data/lfw/lfw-funneled/John_Stockton/John_Stockton_0002.jpg,/home/anitadonato/tcc/tcc/data/lfw/lfw-funneled/John_Stockton/John_Stockton_0001.jpg,0.3110824227333069,1
/home/anitadonato/tcc/tcc/data/lfw/lfw-funneled/John_Stockton/John_Stockton_0004.jpg,/home/anitadonato/tcc/tcc/data/lfw/lfw-funneled/John_Stockton/John_Stockton_0003.jpg,0.18665051460266113,1
/home/anitadonato/tcc/tcc/data/lfw/lfw-funneled/John_Stockton/John_Stockton_0004.jpg,/home/anitadonato/tcc/tcc/data/lfw/lfw-funneled/John_Stockton/John_Stockton_0001.jpg,0.2402610182762146,1
/home/anitadonato/tcc/tcc/data/lfw/lfw-funneled/John_Stockton/John_Stockton_0003.jpg,/home/anitadonato/tcc/tcc/data/lfw/lfw-funneled/John_Stockton/John_Stockton_0001.jpg,0.20724833011627197,1
/home/anitadonato/tcc/tcc/data/lfw/lfw-funneled/Natalie_Maines/Natalie_Maines_0001.jpg,/home/anitadonato/tcc/tcc/data/lfw/lfw-funneled/Natalie_Maines/Natalie_Maines_0005.jpg,0.14396816492080688,1
/home/anitadonato/tcc/tcc/data/lfw/lfw-funneled/Natalie_Maines/Natalie_Maines_0001.jpg,/home/anitadonato/tcc/tcc/data/lfw/lfw-funneled/Natalie_Maines/Natalie_Maines_0003.jpg,0.14887237548828125,1
/home/anitadonato/tcc/tcc/data/lfw/lfw-funneled/Natalie_Maines/Natalie_Maines_0001.jpg,/home/anitadonato/tcc/tcc/data/lfw/lfw-funneled/Natalie_Maines/Natalie_Maines_0004.jpg,0.13772523403167725,1
/home/anitadonato/tcc/tcc/data/lfw/lfw-funneled/Natalie_Maines/Natalie_Maines_0001.jpg,/home/anitadonato/tcc/tcc/data/lfw/lfw-funneled/Natalie_Maines/Natalie_Maines_0002.jpg,0.16814160346984863,1
/home/anitadonato/tcc/tcc/data/lfw/lfw-funneled/Natalie_Maines/Natalie_Maines_0005.jpg,/home/anitadonato/tcc/tcc/data/lfw/lfw-funneled/Natalie_Maines/Natalie_Maines_0003.jpg,0.15715134143829346,1
/home/anitadonato/tcc/tcc/data/lfw/lfw-funneled/Natalie_Maines/Natalie_Maines_0005.jpg,/home/anitadonato/tcc/tcc/data/lfw/lfw-funneled/Natalie_Maines/Natalie_Maines_0004.jpg,0.12292850017547607,1
/home/anitadonato/tcc/tcc/data/lfw/lfw-funneled/Natalie_Maines/Natalie_Maines_0005.jpg,/home/anitadonato/tcc/tcc/data/lfw/lfw-funneled/Natalie_Maines/Natalie_Maines_0002.jpg,0.2261357307434082,1
/home/anitadonato/tcc/tcc/data/lfw/lfw-funneled/Natalie_Maines/Natalie_Maines_0003.jpg,/home/anitadonato/tcc/tcc/data/lfw/lfw-funneled/Natalie_Maines/Natalie_Maines_0004.jpg,0.10129886865615845,1
/home/anitadonato/tcc/tcc/data/lfw/lfw-funneled/Natalie_Maines/Natalie_Maines_0003.jpg,/home/anitadonato/tcc/tcc/data/lfw/lfw-funneled/Natalie_Maines/Natalie_Maines_0002.jpg,0.16776037216186523,1
/home/anitadonato/tcc/tcc/data/lfw/lfw-funneled/Natalie_Maines/Natalie_Maines_0004.jpg,/home/anitadonato/tcc/tcc/data/lfw/lfw-funneled/Natalie_Maines/Natalie_Maines_0002.jpg,0.1909502148628235,1
/home/anitadonato/tcc/tcc/data/lfw/lfw-funneled/Robert_Zoellick/Robert_Zoellick_0003.jpg,/home/anitadonato/tcc/tcc/data/lfw/lfw-funneled/Robert_Zoellick/Robert_Zoellick_0005.jpg,0.12172329425811768,1
/home/anitadonato/tcc/tcc/data/lfw/lfw-funneled/Robert_Zoellick/Robert_Zoellick_0003.jpg,/home/anitadonato/tcc/tcc/data/lfw/lfw-funneled/Robert_Zoellick/Robert_Zoellick_0001.jpg,0.2637603282928467,1
/home/anitadonato/tcc/tcc/data/lfw/lfw-funneled/Robert_Zoellick/Robert_Zoellick_0003.jpg,/home/anitadonato/tcc/tcc/data/lfw/lfw-funneled/Robert_Zoellick/Robert_Zoellick_0004.jpg,0.0759686827659607,1
/home/anitadonato/tcc/tcc/data/lfw/lfw-funneled/Robert_Zoellick/Robert_Zoellick_0003.jpg,/home/anitadonato/tcc/tcc/data/lfw/lfw-funneled/Robert_Zoellick/Robert_Zoellick_0006.jpg,0.14817941188812256,1
/home/anitadonato/tcc/tcc/data/lfw/lfw-funneled/Robert_Zoellick/Robert_Zoellick_0005.jpg,/home/anitadonato/tcc/tcc/data/lfw/lfw-funneled/Robert_Zoellick/Robert_Zoellick_0001.jpg,0.3212060332298279,1
/home/anitadonato/tcc/tcc/data/lfw/lfw-funneled/Robert_Zoellick/Robert_Zoellick_0005.jpg,/home/anitadonato/tcc/tcc/data/lfw/lfw-funneled/Robert_Zoellick/Robert_Zoellick_0004.jpg,0.14285236597061157,1
/home/anitadonato/tcc/tcc/data/lfw/lfw-funneled/Robert_Zoellick/Robert_Zoellick_0005.jpg,/home/anitadonato/tcc/tcc/data/lfw/lfw-funneled/Robert_Zoellick/Robert_Zoellick_0006.jpg,0.21571791172027588,1
/home/anitadonato/tcc/tcc/data/lfw/lfw-funneled/Robert_Zoellick/Robert_Zoellick_0001.jpg,/home/anitadonato/tcc/tcc/data/lfw/lfw-funneled/Robert_Zoellick/Robert_Zoellick_0004.jpg,0.2359333634376526,1
/home/anitadonato/tcc/tcc/data/lfw/lfw-funneled/Robert_Zoellick/Robert_Zoellick_0001.jpg,/home/anitadonato/tcc/tcc/data/lfw/lfw-funneled/Robert_Zoellick/Robert_Zoellick_0006.jpg,0.31238555908203125,1
/home/anitadonato/tcc/tcc/data/lfw/lfw-funneled/Robert_Zoellick/Robert_Zoellick_0004.jpg,/home/anitadonato/tcc/tcc/data/lfw/lfw-funneled/Robert_Zoellick/Robert_Zoellick_0006.jpg,0.16606515645980835,1
/home/anitadonato/tcc/tcc/data/lfw/lfw-funneled/Jean_Chretien/Jean_Chretien_0015.jpg,/home/anitadonato/tcc/tcc/data/lfw/lfw-funneled/Jean_Chretien/Jean_Chretien_0054.jpg,0.19672143459320068,1
/home/anitadonato/tcc/tcc/data/lfw/lfw-funneled/Jean_Chretien/Jean_Chretien_0015.jpg,/home/anitadonato/tcc/tcc/data/lfw/lfw-funneled/Jean_Chretien/Jean_Chretien_0008.jpg,0.20960181951522827,1
/home/anitadonato/tcc/tcc/data/lfw/lfw-funneled/Jean_Chretien/Jean_Chretien_0015.jpg,/home/anitadonato/tcc/tcc/data/lfw/lfw-funneled/Jean_Chretien/Jean_Chretien_0030.jpg,0.23108166456222534,1
/home/anitadonato/tcc/tcc/data/lfw/lfw-funneled/Jean_Chretien/Jean_Chretien_0015.jpg,/home/anitadonato/tcc/tcc/data/lfw/lfw-funneled/Jean_Chretien/Jean_Chretien_0042.jpg,0.1629655957221985,1
/home/anitadonato/tcc/tcc/data/lfw/lfw-funneled/Jean_Chretien/Jean_Chretien_0054.jpg,/home/anitadonato/tcc/tcc/data/lfw/lfw-funneled/Jean_Chretien/Jean_Chretien_0008.jpg,0.15056192874908447,1
/home/anitadonato/tcc/tcc/data/lfw/lfw-funneled/Jean_Chretien/Jean_Chretien_0054.jpg,/home/anitadonato/tcc/tcc/data/lfw/lfw-funneled/Jean_Chretien/Jean_Chretien_0030.jpg,0.18281960487365723,1
/home/anitadonato/tcc/tcc/data/lfw/lfw-funneled/Jean_Chretien/Jean_Chretien_0054.jpg,/home/anitadonato/tcc/tcc/data/lfw/lfw-funneled/Jean_Chretien/Jean_Chretien_0042.jpg,0.252464234828949,1
/home/anitadonato/tcc/tcc/data/lfw/lfw-funneled/Jean_Chretien/Jean_Chretien_0008.jpg,/home/anitadonato/tcc/tcc/data/lfw/lfw-funneled/Jean_Chretien/Jean_Chretien_0030.jpg,0.11125701665878296,1
/home/anitadonato/tcc/tcc/data/lfw/lfw-funneled/Jean_Chretien/Jean_Chretien_0008.jpg,/home/anitadonato/tcc/tcc/data/lfw/lfw-funneled/Jean_Chretien/Jean_Chretien_0042.jpg,0.22714495658874512,1
/home/anitadonato/tcc/tcc/data/lfw/lfw-funneled/Jean_Chretien/Jean_Chretien_0030.jpg,/home/anitadonato/tcc/tcc/data/lfw/lfw-funneled/Jean_Chretien/Jean_Chretien_0042.jpg,0.22922015190124512,1
/home/anitadonato/tcc/tcc/data/lfw/lfw-funneled/Gerhard_Schroeder/Gerhard_Schroeder_0107.jpg,/home/anitadonato/tcc/tcc/data/lfw/lfw-funneled/Gerhard_Schroeder/Gerhard_Schroeder_0020.jpg,0.19684427976608276,1
/home/anitadonato/tcc/tcc/data/lfw/lfw-funneled/Gerhard_Schroeder/Gerhard_Schroeder_0107.jpg,/home/anitadonato/tcc/tcc/data/lfw/lfw-funneled/Gerhard_Schroeder/Gerhard_Schroeder_0064.jpg,0.22143155336380005,1
/home/anitadonato/tcc/tcc/data/lfw/lfw-funneled/Gerhard_Schroeder/Gerhard_Schroeder_0107.jpg,/home/anitadonato/tcc/tcc/data/lfw/lfw-funneled/Gerhard_Schroeder/Gerhard_Schroeder_0092.jpg,0.23084867000579834,1
/home/anitadonato/tcc/tcc/data/lfw/lfw-funneled/Gerhard_Schroeder/Gerhard_Schroeder_0107.jpg,/home/anitadonato/tcc/tcc/data/lfw/lfw-funneled/Gerhard_Schroeder/Gerhard_Schroeder_0038.jpg,0.21897190809249878,1
/home/anitadonato/tcc/tcc/data/lfw/lfw-funneled/Gerhard_Schroeder/Gerhard_Schroeder_0020.jpg,/home/anitadonato/tcc/tcc/data/lfw/lfw-funneled/Gerhard_Schroeder/Gerhard_Schroeder_0064.jpg,0.2089824080467224,1
/home/anitadonato/tcc/tcc/data/lfw/lfw-funneled/Gerhard_Schroeder/Gerhard_Schroeder_0020.jpg,/home/anitadonato/tcc/tcc/data/lfw/lfw-funneled/Gerhard_Schroeder/Gerhard_Schroeder_0092.jpg,0.24768781661987305,1
/home/anitadonato/tcc/tcc/data/lfw/lfw-funneled/Gerhard_Schroeder/Gerhard_Schroeder_0020.jpg,/home/anitadonato/tcc/tcc/data/lfw/lfw-funneled/Gerhard_Schroeder/Gerhard_Schroeder_0038.jpg,0.22717463970184326,1
/home/anitadonato/tcc/tcc/data/lfw/lfw-funneled/Gerhard_Schroeder/Gerhard_Schroeder_0064.jpg,/home/anitadonato/tcc/tcc/data/lfw/lfw-funneled/Gerhard_Schroeder/Gerhard_Schroeder_0092.jpg,0.18423932790756226,1
/home/anitadonato/tcc/tcc/data/lfw/lfw-funneled/Gerhard_Schroeder/Gerhard_Schroeder_0064.jpg,/home/anitadonato/tcc/tcc/data/lfw/lfw-funneled/Gerhard_Schroeder/Gerhard_Schroeder_0038.jpg,0.14257735013961792,1
/home/anitadonato/tcc/tcc/data/lfw/lfw-funneled/Gerhard_Schroeder/Gerhard_Schroeder_0092.jpg,/home/anitadonato/tcc/tcc/data/lfw/lfw-funneled/Gerhard_Schroeder/Gerhard_Schroeder_0038.jpg,0.16872239112854004,1
/home/anitadonato/tcc/tcc/data/lfw/lfw-funneled/Yasser_Arafat/Yasser_Arafat_0005.jpg,/home/anitadonato/tcc/tcc/data/lfw/lfw-funneled/Yasser_Arafat/Yasser_Arafat_0006.jpg,0.19961196184158325,1
/home/anitadonato/tcc/tcc/data/lfw/lfw-funneled/Yasser_Arafat/Yasser_Arafat_0005.jpg,/home/anitadonato/tcc/tcc/data/lfw/lfw-funneled/Yasser_Arafat/Yasser_Arafat_0002.jpg,0.1994878053665161,1
/home/anitadonato/tcc/tcc/data/lfw/lfw-funneled/Yasser_Arafat/Yasser_Arafat_0006.jpg,/home/anitadonato/tcc/tcc/data/lfw/lfw-funneled/Yasser_Arafat/Yasser_Arafat_0002.jpg,0.1449635624885559,1
/home/anitadonato/tcc/tcc/data/lfw/lfw-funneled/Bill_McBride/Bill_McBride_0008.jpg,/home/anitadonato/tcc/tcc/data/lfw/lfw-funneled/Bill_McBride/Bill_McBride_0009.jpg,0.17236101627349854,1
/home/anitadonato/tcc/tcc/data/lfw/lfw-funneled/Bill_McBride/Bill_McBride_0008.jpg,/home/anitadonato/tcc/tcc/data/lfw/lfw-funneled/Bill_McBride/Bill_McBride_0003.jpg,0.15960025787353516,1
/home/anitadonato/tcc/tcc/data/lfw/lfw-funneled/Bill_McBride/Bill_McBride_0008.jpg,/home/anitadonato/tcc/tcc/data/lfw/lfw-funneled/Bill_McBride/Bill_McBride_0004.jpg,0.10978084802627563,1
/home/anitadonato/tcc/tcc/data/lfw/lfw-funneled/Bill_McBride/Bill_McBride_0008.jpg,/home/anitadonato/tcc/tcc/data/lfw/lfw-funneled/Bill_McBride/Bill_McBride_0002.jpg,0.1562098264694214,1
/home/anitadonato/tcc/tcc/data/lfw/lfw-funneled/Bill_McBride/Bill_McBride_0009.jpg,/home/anitadonato/tcc/tcc/data/lfw/lfw-funneled/Bill_McBride/Bill_McBride_0003.jpg,0.1785399317741394,1
/home/anitadonato/tcc/tcc/data/lfw/lfw-funneled/Bill_McBride/Bill_McBride_0009.jpg,/home/anitadonato/tcc/tcc/data/lfw/lfw-funneled/Bill_McBride/Bill_McBride_0004.jpg,0.15791314840316772,1
/home/anitadonato/tcc/tcc/data/lfw/lfw-funneled/Bill_McBride/Bill_McBride_0009.jpg,/home/anitadonato/tcc/tcc/data/lfw/lfw-funneled/Bill_McBride/Bill_McBride_0002.jpg,0.23709845542907715,1
/home/anitadonato/tcc/tcc/data/lfw/lfw-funneled/Bill_McBride/Bill_McBride_0003.jpg,/home/anitadonato/tcc/tcc/data/lfw/lfw-funneled/Bill_McBride/Bill_McBride_0004.jpg,0.16348797082901,1
/home/anitadonato/tcc/tcc/data/lfw/lfw-funneled/Bill_McBride/Bill_McBride_0003.jpg,/home/anitadonato/tcc/tcc/data/lfw/lfw-funneled/Bill_McBride/Bill_McBride_0002.jpg,0.20750337839126587,1
/home/anitadonato/tcc/tcc/data/lfw/lfw-funneled/Bill_McBride/Bill_McBride_0004.jpg,/home/anitadonato/tcc/tcc/data/lfw/lfw-funneled/Bill_McBride/Bill_McBride_0002.jpg,0.13960498571395874,1
/home/anitadonato/tcc/tcc/data/lfw/lfw-funneled/Charlton_Heston/Charlton_Heston_0005.jpg,/home/anitadonato/tcc/tcc/data/lfw/lfw-funneled/Charlton_Heston/Charlton_Heston_0006.jpg,0.19080591201782227,1
/home/anitadonato/tcc/tcc/data/lfw/lfw-funneled/Charlton_Heston/Charlton_Heston_0005.jpg,/home/anitadonato/tcc/tcc/data/lfw/lfw-funneled/Charlton_Heston/Charlton_Heston_0002.jpg,0.1434611678123474,1
/home/anitadonato/tcc/tcc/data/lfw/lfw-funneled/Charlton_Heston/Charlton_Heston_0005.jpg,/home/anitadonato/tcc/tcc/data/lfw/lfw-funneled/Charlton_Heston/Charlton_Heston_0001.jpg,0.17372167110443115,1
/home/anitadonato/tcc/tcc/data/lfw/lfw-funneled/Charlton_Heston/Charlton_Heston_0005.jpg,/home/anitadonato/tcc/tcc/data/lfw/lfw-funneled/Charlton_Heston/Charlton_Heston_0004.jpg,0.1766619086265564,1
/home/anitadonato/tcc/tcc/data/lfw/lfw-funneled/Charlton_Heston/Charlton_Heston_0006.jpg,/home/anitadonato/tcc/tcc/data/lfw/lfw-funneled/Charlton_Heston/Charlton_Heston_0002.jpg,0.18882352113723755,1
/home/anitadonato/tcc/tcc/data/lfw/lfw-funneled/Charlton_Heston/Charlton_Heston_0006.jpg,/home/anitadonato/tcc/tcc/data/lfw/lfw-funneled/Charlton_Heston/Charlton_Heston_0001.jpg,0.19414913654327393,1
/home/anitadonato/tcc/tcc/data/lfw/lfw-funneled/Charlton_Heston/Charlton_Heston_0006.jpg,/home/anitadonato/tcc/tcc/data/lfw/lfw-funneled/Charlton_Heston/Charlton_Heston_0004.jpg,0.15973317623138428,1
/home/anitadonato/tcc/tcc/data/lfw/lfw-funneled/Charlton_Heston/Charlton_Heston_0002.jpg,/home/anitadonato/tcc/tcc/data/lfw/lfw-funneled/Charlton_Heston/Charlton_Heston_0001.jpg,0.18430238962173462,1
/home/anitadonato/tcc/tcc/data/lfw/lfw-funneled/Charlton_Heston/Charlton_Heston_0002.jpg,/home/anitadonato/tcc/tcc/data/lfw/lfw-funneled/Charlton_Heston/Charlton_Heston_0004.jpg,0.19849276542663574,1
/home/anitadonato/tcc/tcc/data/lfw/lfw-funneled/Charlton_Heston/Charlton_Heston_0001.jpg,/home/anitadonato/tcc/tcc/data/lfw/lfw-funneled/Charlton_Heston/Charlton_Heston_0004.jpg,0.09100639820098877,1
/home/anitadonato/tcc/tcc/data/lfw/lfw-funneled/Sylvester_Stallone/Sylvester_Stallone_0007.jpg,/home/anitadonato/tcc/tcc/data/lfw/lfw-funneled/Sylvester_Stallone/Sylvester_Stallone_0006.jpg,0.21780115365982056,1
/home/anitadonato/tcc/tcc/data/lfw/lfw-funneled/Sylvester_Stallone/Sylvester_Stallone_0007.jpg,/home/anitadonato/tcc/tcc/data/lfw/lfw-funneled/Sylvester_Stallone/Sylvester_Stallone_0009.jpg,0.20608478784561157,1
/home/anitadonato/tcc/tcc/data/lfw/lfw-funneled/Sylvester_Stallone/Sylvester_Stallone_0007.jpg,/home/anitadonato/tcc/tcc/data/lfw/lfw-funneled/Sylvester_Stallone/Sylvester_Stallone_0005.jpg,0.18393266201019287,1
/home/anitadonato/tcc/tcc/data/lfw/lfw-funneled/Sylvester_Stallone/Sylvester_Stallone_0007.jpg,/home/anitadonato/tcc/tcc/data/lfw/lfw-funneled/Sylvester_Stallone/Sylvester_Stallone_0003.jpg,0.21781694889068604,1
/home/anitadonato/tcc/tcc/data/lfw/lfw-funneled/Sylvester_Stallone/Sylvester_Stallone_0006.jpg,/home/anitadonato/tcc/tcc/data/lfw/lfw-funneled/Sylvester_Stallone/Sylvester_Stallone_0009.jpg,0.20200669765472412,1
/home/anitadonato/tcc/tcc/data/lfw/lfw-funneled/Sylvester_Stallone/Sylvester_Stallone_0006.jpg,/home/anitadonato/tcc/tcc/data/lfw/lfw-funneled/Sylvester_Stallone/Sylvester_Stallone_0005.jpg,0.16068750619888306,1
/home/anitadonato/tcc/tcc/data/lfw/lfw-funneled/Sylvester_Stallone/Sylvester_Stallone_0006.jpg,/home/anitadonato/tcc/tcc/data/lfw/lfw-funneled/Sylvester_Stallone/Sylvester_Stallone_0003.jpg,0.17671149969100952,1
/home/anitadonato/tcc/tcc/data/lfw/lfw-funneled/Sylvester_Stallone/Sylvester_Stallone_0009.jpg,/home/anitadonato/tcc/tcc/data/lfw/lfw-funneled/Sylvester_Stallone/Sylvester_Stallone_0005.jpg,0.2249668836593628,1
/home/anitadonato/tcc/tcc/data/lfw/lfw-funneled/Sylvester_Stallone/Sylvester_Stallone_0009.jpg,/home/anitadonato/tcc/tcc/data/lfw/lfw-funneled/Sylvester_Stallone/Sylvester_Stallone_0003.jpg,0.197415292263031,1
/home/anitadonato/tcc/tcc/data/lfw/lfw-funneled/Sylvester_Stallone/Sylvester_Stallone_0005.jpg,/home/anitadonato/tcc/tcc/data/lfw/lfw-funneled/Sylvester_Stallone/Sylvester_Stallone_0003.jpg,0.21515554189682007,1
/home/anitadonato/tcc/tcc/data/lfw/lfw-funneled/Kristanna_Loken/Kristanna_Loken_0001.jpg,/home/anitadonato/tcc/tcc/data/lfw/lfw-funneled/Kristanna_Loken/Kristanna_Loken_0003.jpg,0.19324785470962524,1
/home/anitadonato/tcc/tcc/data/lfw/lfw-funneled/Kristanna_Loken/Kristanna_Loken_0001.jpg,/home/anitadonato/tcc/tcc/data/lfw/lfw-funneled/Kristanna_Loken/Kristanna_Loken_0004.jpg,0.13558369874954224,1
/home/anitadonato/tcc/tcc/data/lfw/lfw-funneled/Kristanna_Loken/Kristanna_Loken_0001.jpg,/home/anitadonato/tcc/tcc/data/lfw/lfw-funneled/Kristanna_Loken/Kristanna_Loken_0002.jpg,0.2618352770805359,1
/home/anitadonato/tcc/tcc/data/lfw/lfw-funneled/Kristanna_Loken/Kristanna_Loken_0001.jpg,/home/anitadonato/tcc/tcc/data/lfw/lfw-funneled/Kristanna_Loken/Kristanna_Loken_0005.jpg,0.14005118608474731,1
/home/anitadonato/tcc/tcc/data/lfw/lfw-funneled/Kristanna_Loken/Kristanna_Loken_0003.jpg,/home/anitadonato/tcc/tcc/data/lfw/lfw-funneled/Kristanna_Loken/Kristanna_Loken_0004.jpg,0.16785842180252075,1
/home/anitadonato/tcc/tcc/data/lfw/lfw-funneled/Kristanna_Loken/Kristanna_Loken_0003.jpg,/home/anitadonato/tcc/tcc/data/lfw/lfw-funneled/Kristanna_Loken/Kristanna_Loken_0002.jpg,0.20095354318618774,1
/home/anitadonato/tcc/tcc/data/lfw/lfw-funneled/Kristanna_Loken/Kristanna_Loken_0003.jpg,/home/anitadonato/tcc/tcc/data/lfw/lfw-funneled/Kristanna_Loken/Kristanna_Loken_0005.jpg,0.24141210317611694,1
/home/anitadonato/tcc/tcc/data/lfw/lfw-funneled/Kristanna_Loken/Kristanna_Loken_0004.jpg,/home/anitadonato/tcc/tcc/data/lfw/lfw-funneled/Kristanna_Loken/Kristanna_Loken_0002.jpg,0.175062894821167,1
/home/anitadonato/tcc/tcc/data/lfw/lfw-funneled/Kristanna_Loken/Kristanna_Loken_0004.jpg,/home/anitadonato/tcc/tcc/data/lfw/lfw-funneled/Kristanna_Loken/Kristanna_Loken_0005.jpg,0.1197248101234436,1
/home/anitadonato/tcc/tcc/data/lfw/lfw-funneled/Kristanna_Loken/Kristanna_Loken_0002.jpg,/home/anitadonato/tcc/tcc/data/lfw/lfw-funneled/Kristanna_Loken/Kristanna_Loken_0005.jpg,0.26089006662368774,1
/home/anitadonato/tcc/tcc/data/lfw/lfw-funneled/Jacques_Chirac/Jacques_Chirac_0010.jpg,/home/anitadonato/tcc/tcc/data/lfw/lfw-funneled/Jacques_Chirac/Jacques_Chirac_0029.jpg,0.34816813468933105,1
/home/anitadonato/tcc/tcc/data/lfw/lfw-funneled/Jacques_Chirac/Jacques_Chirac_0010.jpg,/home/anitadonato/tcc/tcc/data/lfw/lfw-funneled/Jacques_Chirac/Jacques_Chirac_0035.jpg,0.315712571144104,1
/home/anitadonato/tcc/tcc/data/lfw/lfw-funneled/Jacques_Chirac/Jacques_Chirac_0010.jpg,/home/anitadonato/tcc/tcc/data/lfw/lfw-funneled/Jacques_Chirac/Jacques_Chirac_0031.jpg,0.2845262885093689,1
/home/anitadonato/tcc/tcc/data/lfw/lfw-funneled/Jacques_Chirac/Jacques_Chirac_0010.jpg,/home/anitadonato/tcc/tcc/data/lfw/lfw-funneled/Jacques_Chirac/Jacques_Chirac_0023.jpg,0.291037380695343,1
/home/anitadonato/tcc/tcc/data/lfw/lfw-funneled/Jacques_Chirac/Jacques_Chirac_0029.jpg,/home/anitadonato/tcc/tcc/data/lfw/lfw-funneled/Jacques_Chirac/Jacques_Chirac_0035.jpg,0.17883163690567017,1
/home/anitadonato/tcc/tcc/data/lfw/lfw-funneled/Jacques_Chirac/Jacques_Chirac_0029.jpg,/home/anitadonato/tcc/tcc/data/lfw/lfw-funneled/Jacques_Chirac/Jacques_Chirac_0031.jpg,0.22914493083953857,1
/home/anitadonato/tcc/tcc/data/lfw/lfw-funneled/Jacques_Chirac/Jacques_Chirac_0029.jpg,/home/anitadonato/tcc/tcc/data/lfw/lfw-funneled/Jacques_Chirac/Jacques_Chirac_0023.jpg,0.20425128936767578,1
/home/anitadonato/tcc/tcc/data/lfw/lfw-funneled/Jacques_Chirac/Jacques_Chirac_0035.jpg,/home/anitadonato/tcc/tcc/data/lfw/lfw-funneled/Jacques_Chirac/Jacques_Chirac_0031.jpg,0.15509003400802612,1
/home/anitadonato/tcc/tcc/data/lfw/lfw-funneled/Jacques_Chirac/Jacques_Chirac_0035.jpg,/home/anitadonato/tcc/tcc/data/lfw/lfw-funneled/Jacques_Chirac/Jacques_Chirac_0023.jpg,0.11525285243988037,1
/home/anitadonato/tcc/tcc/data/lfw/lfw-funneled/Jacques_Chirac/Jacques_Chirac_0031.jpg,/home/anitadonato/tcc/tcc/data/lfw/lfw-funneled/Jacques_Chirac/Jacques_Chirac_0023.jpg,0.16848212480545044,1
/home/anitadonato/tcc/tcc/data/lfw/lfw-funneled/Princess_Caroline/Princess_Caroline_0003.jpg,/home/anitadonato/tcc/tcc/data/lfw/lfw-funneled/Princess_Caroline/Princess_Caroline_0004.jpg,0.11744272708892822,1
/home/anitadonato/tcc/tcc/data/lfw/lfw-funneled/Princess_Caroline/Princess_Caroline_0003.jpg,/home/anitadonato/tcc/tcc/data/lfw/lfw-funneled/Princess_Caroline/Princess_Caroline_0002.jpg,0.15831005573272705,1
/home/anitadonato/tcc/tcc/data/lfw/lfw-funneled/Princess_Caroline/Princess_Caroline_0003.jpg,/home/anitadonato/tcc/tcc/data/lfw/lfw-funneled/Princess_Caroline/Princess_Caroline_0005.jpg,0.16584545373916626,1
/home/anitadonato/tcc/tcc/data/lfw/lfw-funneled/Princess_Caroline/Princess_Caroline_0003.jpg,/home/anitadonato/tcc/tcc/data/lfw/lfw-funneled/Princess_Caroline/Princess_Caroline_0001.jpg,0.1511852741241455,1
/home/anitadonato/tcc/tcc/data/lfw/lfw-funneled/Princess_Caroline/Princess_Caroline_0004.jpg,/home/anitadonato/tcc/tcc/data/lfw/lfw-funneled/Princess_Caroline/Princess_Caroline_0002.jpg,0.12534791231155396,1
/home/anitadonato/tcc/tcc/data/lfw/lfw-funneled/Princess_Caroline/Princess_Caroline_0004.jpg,/home/anitadonato/tcc/tcc/data/lfw/lfw-funneled/Princess_Caroline/Princess_Caroline_0005.jpg,0.19655948877334595,1
/home/anitadonato/tcc/tcc/data/lfw/lfw-funneled/Princess_Caroline/Princess_Caroline_0004.jpg,/home/anitadonato/tcc/tcc/data/lfw/lfw-funneled/Princess_Caroline/Princess_Caroline_0001.jpg,0.0713244080543518,1
/home/anitadonato/tcc/tcc/data/lfw/lfw-funneled/Princess_Caroline/Princess_Caroline_0002.jpg,/home/anitadonato/tcc/tcc/data/lfw/lfw-funneled/Princess_Caroline/Princess_Caroline_0005.jpg,0.23479366302490234,1
/home/anitadonato/tcc/tcc/data/lfw/lfw-funneled/Princess_Caroline/Princess_Caroline_0002.jpg,/home/anitadonato/tcc/tcc/data/lfw/lfw-funneled/Princess_Caroline/Princess_Caroline_0001.jpg,0.12258094549179077,1
/home/anitadonato/tcc/tcc/data/lfw/lfw-funneled/Princess_Caroline/Princess_Caroline_0005.jpg,/home/anitadonato/tcc/tcc/data/lfw/lfw-funneled/Princess_Caroline/Princess_Caroline_0001.jpg,0.23496997356414795,1
/home/anitadonato/tcc/tcc/data/lfw/lfw-funneled/Michael_Powell/Michael_Powell_0002.jpg,/home/anitadonato/tcc/tcc/data/lfw/lfw-funneled/Michael_Powell/Michael_Powell_0004.jpg,0.13672852516174316,1
/home/anitadonato/tcc/tcc/data/lfw/lfw-funneled/Michael_Powell/Michael_Powell_0002.jpg,/home/anitadonato/tcc/tcc/data/lfw/lfw-funneled/Michael_Powell/Michael_Powell_0001.jpg,0.25628024339675903,1
/home/anitadonato/tcc/tcc/data/lfw/lfw-funneled/Michael_Powell/Michael_Powell_0002.jpg,/home/anitadonato/tcc/tcc/data/lfw/lfw-funneled/Michael_Powell/Michael_Powell_0005.jpg,0.20520752668380737,1
/home/anitadonato/tcc/tcc/data/lfw/lfw-funneled/Michael_Powell/Michael_Powell_0002.jpg,/home/anitadonato/tcc/tcc/data/lfw/lfw-funneled/Michael_Powell/Michael_Powell_0003.jpg,0.227125883102417,1
/home/anitadonato/tcc/tcc/data/lfw/lfw-funneled/Michael_Powell/Michael_Powell_0004.jpg,/home/anitadonato/tcc/tcc/data/lfw/lfw-funneled/Michael_Powell/Michael_Powell_0001.jpg,0.21956384181976318,1
/home/anitadonato/tcc/tcc/data/lfw/lfw-funneled/Michael_Powell/Michael_Powell_0004.jpg,/home/anitadonato/tcc/tcc/data/lfw/lfw-funneled/Michael_Powell/Michael_Powell_0005.jpg,0.24747473001480103,1
/home/anitadonato/tcc/tcc/data/lfw/lfw-funneled/Michael_Powell/Michael_Powell_0004.jpg,/home/anitadonato/tcc/tcc/data/lfw/lfw-funneled/Michael_Powell/Michael_Powell_0003.jpg,0.2022954225540161,1
/home/anitadonato/tcc/tcc/data/lfw/lfw-funneled/Michael_Powell/Michael_Powell_0001.jpg,/home/anitadonato/tcc/tcc/data/lfw/lfw-funneled/Michael_Powell/Michael_Powell_0005.jpg,0.22905832529067993,1
/home/anitadonato/tcc/tcc/data/lfw/lfw-funneled/Michael_Powell/Michael_Powell_0001.jpg,/home/anitadonato/tcc/tcc/data/lfw/lfw-funneled/Michael_Powell/Michael_Powell_0003.jpg,0.2011907696723938,1
/home/anitadonato/tcc/tcc/data/lfw/lfw-funneled/Michael_Powell/Michael_Powell_0005.jpg,/home/anitadonato/tcc/tcc/data/lfw/lfw-funneled/Michael_Powell/Michael_Powell_0003.jpg,0.2227538824081421,1
/home/anitadonato/tcc/tcc/data/lfw/lfw-funneled/Erika_Harold/Erika_Harold_0004.jpg,/home/anitadonato/tcc/tcc/data/lfw/lfw-funneled/Jean_Chretien/Jean_Chretien_0004.jpg,0.21380126476287842,0
/home/anitadonato/tcc/tcc/data/lfw/lfw-funneled/Arminio_Fraga/Arminio_Fraga_0002.jpg,/home/anitadonato/tcc/tcc/data/lfw/lfw-funneled/Tung_Chee-hwa/Tung_Chee-hwa_0004.jpg,0.27525222301483154,0
/home/anitadonato/tcc/tcc/data/lfw/lfw-funneled/Bulent_Ecevit/Bulent_Ecevit_0005.jpg,/home/anitadonato/tcc/tcc/data/lfw/lfw-funneled/LeBron_James/LeBron_James_0005.jpg,0.15671265125274658,0
/home/anitadonato/tcc/tcc/data/lfw/lfw-funneled/Bernard_Law/Bernard_Law_0004.jpg,/home/anitadonato/tcc/tcc/data/lfw/lfw-funneled/Elizabeth_Smart/Elizabeth_Smart_0001.jpg,0.15803301334381104,0
/home/anitadonato/tcc/tcc/data/lfw/lfw-funneled/Atal_Bihari_Vajpayee/Atal_Bihari_Vajpayee_0001.jpg,/home/anitadonato/tcc/tcc/data/lfw/lfw-funneled/Vanessa_Redgrave/Vanessa_Redgrave_0002.jpg,0.19146859645843506,0
/home/anitadonato/tcc/tcc/data/lfw/lfw-funneled/Ben_Affleck/Ben_Affleck_0002.jpg,/home/anitadonato/tcc/tcc/data/lfw/lfw-funneled/Paul_McCartney/Paul_McCartney_0001.jpg,0.19768518209457397,0
/home/anitadonato/tcc/tcc/data/lfw/lfw-funneled/Kim_Dae-jung/Kim_Dae-jung_0003.jpg,/home/anitadonato/tcc/tcc/data/lfw/lfw-funneled/Roger_Federer/Roger_Federer_0005.jpg,0.23454850912094116,0
/home/anitadonato/tcc/tcc/data/lfw/lfw-funneled/Hosni_Mubarak/Hosni_Mubarak_0001.jpg,/home/anitadonato/tcc/tcc/data/lfw/lfw-funneled/Jan_Ullrich/Jan_Ullrich_0003.jpg,0.14055734872817993,0
/home/anitadonato/tcc/tcc/data/lfw/lfw-funneled/Michael_Chiklis/Michael_Chiklis_0004.jpg,/home/anitadonato/tcc/tcc/data/lfw/lfw-funneled/John_Snow/John_Snow_0003.jpg,0.2217388153076172,0
/home/anitadonato/tcc/tcc/data/lfw/lfw-funneled/John_Manley/John_Manley_0004.jpg,/home/anitadonato/tcc/tcc/data/lfw/lfw-funneled/Julie_Gerberding/Julie_Gerberding_0005.jpg,0.2170100212097168,0
/home/anitadonato/tcc/tcc/data/lfw/lfw-funneled/Bulent_Ecevit/Bulent_Ecevit_0001.jpg,/home/anitadonato/tcc/tcc/data/lfw/lfw-funneled/Valery_Giscard_dEstaing/Valery_Giscard_dEstaing_0002.jpg,0.2093944549560547,0
/home/anitadonato/tcc/tcc/data/lfw/lfw-funneled/Cruz_Bustamante/Cruz_Bustamante_0003.jpg,/home/anitadonato/tcc/tcc/data/lfw/lfw-funneled/Maria_Shriver/Maria_Shriver_0002.jpg,0.2232159972190857,0
/home/anitadonato/tcc/tcc/data/lfw/lfw-funneled/Gerhard_Schroeder/Gerhard_Schroeder_0004.jpg,/home/anitadonato/tcc/tcc/data/lfw/lfw-funneled/Amelia_Vega/Amelia_Vega_0001.jpg,0.21366989612579346,0
/home/anitadonato/tcc/tcc/data/lfw/lfw-funneled/Charlton_Heston/Charlton_Heston_0001.jpg,/home/anitadonato/tcc/tcc/data/lfw/lfw-funneled/Abdullah_Gul/Abdullah_Gul_0004.jpg,0.17664098739624023,0
/home/anitadonato/tcc/tcc/data/lfw/lfw-funneled/Fidel_Castro/Fidel_Castro_0003.jpg,/home/anitadonato/tcc/tcc/data/lfw/lfw-funneled/Hosni_Mubarak/Hosni_Mubarak_0001.jpg,0.17397892475128174,0
/home/anitadonato/tcc/tcc/data/lfw/lfw-funneled/Yoko_Ono/Yoko_Ono_0001.jpg,/home/anitadonato/tcc/tcc/data/lfw/lfw-funneled/Robert_Blake/Robert_Blake_0003.jpg,0.27959907054901123,0
/home/anitadonato/tcc/tcc/data/lfw/lfw-funneled/Lleyton_Hewitt/Lleyton_Hewitt_0004.jpg,/home/anitadonato/tcc/tcc/data/lfw/lfw-funneled/Nancy_Pelosi/Nancy_Pelosi_0002.jpg,0.21072441339492798,0
/home/anitadonato/tcc/tcc/data/lfw/lfw-funneled/John_Allen_Muhammad/John_Allen_Muhammad_0004.jpg,/home/anitadonato/tcc/tcc/data/lfw/lfw-funneled/John_Travolta/John_Travolta_0005.jpg,0.2010030746459961,0
/home/anitadonato/tcc/tcc/data/lfw/lfw-funneled/Amelie_Mauresmo/Amelie_Mauresmo_0002.jpg,/home/anitadonato/tcc/tcc/data/lfw/lfw-funneled/John_Paul_II/John_Paul_II_0002.jpg,0.3092769980430603,0
/home/anitadonato/tcc/tcc/data/lfw/lfw-funneled/George_Robertson/George_Robertson_0004.jpg,/home/anitadonato/tcc/tcc/data/lfw/lfw-funneled/JK_Rowling/JK_Rowling_0005.jpg,0.20790714025497437,0
/home/anitadonato/tcc/tcc/data/lfw/lfw-funneled/Amelie_Mauresmo/Amelie_Mauresmo_0004.jpg,/home/anitadonato/tcc/tcc/data/lfw/lfw-funneled/Queen_Rania/Queen_Rania_0005.jpg,0.19949305057525635,0
/home/anitadonato/tcc/tcc/data/lfw/lfw-funneled/Costas_Simitis/Costas_Simitis_0004.jpg,/home/anitadonato/tcc/tcc/data/lfw/lfw-funneled/Ian_Thorpe/Ian_Thorpe_0003.jpg,0.20924371480941772,0
/home/anitadonato/tcc/tcc/data/lfw/lfw-funneled/Mike_Weir/Mike_Weir_0001.jpg,/home/anitadonato/tcc/tcc/data/lfw/lfw-funneled/Benjamin_Netanyahu/Benjamin_Netanyahu_0004.jpg,0.21552252769470215,0
/home/anitadonato/tcc/tcc/data/lfw/lfw-funneled/Thabo_Mbeki/Thabo_Mbeki_0005.jpg,/home/anitadonato/tcc/tcc/data/lfw/lfw-funneled/Catherine_Zeta-Jones/Catherine_Zeta-Jones_0002.jpg,0.19968527555465698,0
/home/anitadonato/tcc/tcc/data/lfw/lfw-funneled/Bob_Hope/Bob_Hope_0003.jpg,/home/anitadonato/tcc/tcc/data/lfw/lfw-funneled/Susan_Sarandon/Susan_Sarandon_0005.jpg,0.18489021062850952,0
/home/anitadonato/tcc/tcc/data/lfw/lfw-funneled/Richard_Gephardt/Richard_Gephardt_0004.jpg,/home/anitadonato/tcc/tcc/data/lfw/lfw-funneled/Jean-David_Levitte/Jean-David_Levitte_0003.jpg,0.21808910369873047,0
/home/anitadonato/tcc/tcc/data/lfw/lfw-funneled/Vanessa_Redgrave/Vanessa_Redgrave_0002.jpg,/home/anitadonato/tcc/tcc/data/lfw/lfw-funneled/John_Ashcroft/John_Ashcroft_0004.jpg,0.20026642084121704,0
/home/anitadonato/tcc/tcc/data/lfw/lfw-funneled/Sheryl_Crow/Sheryl_Crow_0002.jpg,/home/anitadonato/tcc/tcc/data/lfw/lfw-funneled/Robert_De_Niro/Robert_De_Niro_0004.jpg,0.163327157497406,0
/home/anitadonato/tcc/tcc/data/lfw/lfw-funneled/Silvio_Berlusconi/Silvio_Berlusconi_0005.jpg,/home/anitadonato/tcc/tcc/data/lfw/lfw-funneled/Lleyton_Hewitt/Lleyton_Hewitt_0003.jpg,0.183569073677063,0
/home/anitadonato/tcc/tcc/data/lfw/lfw-funneled/Angela_Merkel/Angela_Merkel_0001.jpg,/home/anitadonato/tcc/tcc/data/lfw/lfw-funneled/Li_Peng/Li_Peng_0004.jpg,0.2079066038131714,0
/home/anitadonato/tcc/tcc/data/lfw/lfw-funneled/Sourav_Ganguly/Sourav_Ganguly_0005.jpg,/home/anitadonato/tcc/tcc/data/lfw/lfw-funneled/Alvaro_Uribe/Alvaro_Uribe_0001.jpg,0.2661322355270386,0
/home/anitadonato/tcc/tcc/data/lfw/lfw-funneled/Cameron_Diaz/Cameron_Diaz_0004.jpg,/home/anitadonato/tcc/tcc/data/lfw/lfw-funneled/Jean_Chretien/Jean_Chretien_0003.jpg,0.15345489978790283,0
/home/anitadonato/tcc/tcc/data/lfw/lfw-funneled/Princess_Caroline/Princess_Caroline_0005.jpg,/home/anitadonato/tcc/tcc/data/lfw/lfw-funneled/Muhammad_Saeed_al-Sahhaf/Muhammad_Saeed_al-Sahhaf_0003.jpg,0.22201216220855713,0
/home/anitadonato/tcc/tcc/data/lfw/lfw-funneled/John_Negroponte/John_Negroponte_0002.jpg,/home/anitadonato/tcc/tcc/data/lfw/lfw-funneled/Abdullah_Gul/Abdullah_Gul_0005.jpg,0.21002137660980225,0
/home/anitadonato/tcc/tcc/data/lfw/lfw-funneled/Eduardo_Duhalde/Eduardo_Duhalde_0002.jpg,/home/anitadonato/tcc/tcc/data/lfw/lfw-funneled/Catherine_Zeta-Jones/Catherine_Zeta-Jones_0001.jpg,0.24327075481414795,0
/home/anitadonato/tcc/tcc/data/lfw/lfw-funneled/John_Manley/John_Manley_0001.jpg,/home/anitadonato/tcc/tcc/data/lfw/lfw-funneled/Alejandro_Toledo/Alejandro_Toledo_0003.jpg,0.1687711477279663,0
/home/anitadonato/tcc/tcc/data/lfw/lfw-funneled/Clara_Harris/Clara_Harris_0005.jpg,/home/anitadonato/tcc/tcc/data/lfw/lfw-funneled/Thaksin_Shinawatra/Thaksin_Shinawatra_0003.jpg,0.22333234548568726,0
/home/anitadonato/tcc/tcc/data/lfw/lfw-funneled/John_Stockton/John_Stockton_0001.jpg,/home/anitadonato/tcc/tcc/data/lfw/lfw-funneled/Paul_Burrell/Paul_Burrell_0003.jpg,0.2735557556152344,0
/home/anitadonato/tcc/tcc/data/lfw/lfw-funneled/Robert_Blake/Robert_Blake_0004.jpg,/home/anitadonato/tcc/tcc/data/lfw/lfw-funneled/Gerhard_Schroeder/Gerhard_Schroeder_0002.jpg,0.2367398738861084,0
/home/anitadonato/tcc/tcc/data/lfw/lfw-funneled/Hal_Gehman/Hal_Gehman_0005.jpg,/home/anitadonato/tcc/tcc/data/lfw/lfw-funneled/Paul_Burrell/Paul_Burrell_0003.jpg,0.1713017225265503,0
/home/anitadonato/tcc/tcc/data/lfw/lfw-funneled/John_Travolta/John_Travolta_0003.jpg,/home/anitadonato/tcc/tcc/data/lfw/lfw-funneled/Bob_Graham/Bob_Graham_0002.jpg,0.18303287029266357,0
/home/anitadonato/tcc/tcc/data/lfw/lfw-funneled/Benjamin_Netanyahu/Benjamin_Netanyahu_0003.jpg,/home/anitadonato/tcc/tcc/data/lfw/lfw-funneled/Sheryl_Crow/Sheryl_Crow_0003.jpg,0.17997926473617554,0
/home/anitadonato/tcc/tcc/data/lfw/lfw-funneled/William_Ford_Jr/William_Ford_Jr_0001.jpg,/home/anitadonato/tcc/tcc/data/lfw/lfw-funneled/Paradorn_Srichaphan/Paradorn_Srichaphan_0002.jpg,0.19099080562591553,0
/home/anitadonato/tcc/tcc/data/lfw/lfw-funneled/Bill_McBride/Bill_McBride_0004.jpg,/home/anitadonato/tcc/tcc/data/lfw/lfw-funneled/Bill_Gates/Bill_Gates_0005.jpg,0.17782700061798096,0
/home/anitadonato/tcc/tcc/data/lfw/lfw-funneled/Hans_Blix/Hans_Blix_0004.jpg,/home/anitadonato/tcc/tcc/data/lfw/lfw-funneled/Amelia_Vega/Amelia_Vega_0001.jpg,0.2321423888206482,0
/home/anitadonato/tcc/tcc/data/lfw/lfw-funneled/Roger_Federer/Roger_Federer_0001.jpg,/home/anitadonato/tcc/tcc/data/lfw/lfw-funneled/Ludivine_Sagnier/Ludivine_Sagnier_0004.jpg,0.14002537727355957,0
/home/anitadonato/tcc/tcc/data/lfw/lfw-funneled/Zinedine_Zidane/Zinedine_Zidane_0003.jpg,/home/anitadonato/tcc/tcc/data/lfw/lfw-funneled/Michael_Chiklis/Michael_Chiklis_0005.jpg,0.21259725093841553,0
/home/anitadonato/tcc/tcc/data/lfw/lfw-funneled/Jean-Pierre_Raffarin/Jean-Pierre_Raffarin_0003.jpg,/home/anitadonato/tcc/tcc/data/lfw/lfw-funneled/Jean-David_Levitte/Jean-David_Levitte_0001.jpg,0.24453216791152954,0
/home/anitadonato/tcc/tcc/data/lfw/lfw-funneled/Michael_Chiklis/Michael_Chiklis_0004.jpg,/home/anitadonato/tcc/tcc/data/lfw/lfw-funneled/Ian_Thorpe/Ian_Thorpe_0001.jpg,0.27517980337142944,0
/home/anitadonato/tcc/tcc/data/lfw/lfw-funneled/Valery_Giscard_dEstaing/Valery_Giscard_dEstaing_0003.jpg,/home/anitadonato/tcc/tcc/data/lfw/lfw-funneled/Roh_Moo-hyun/Roh_Moo-hyun_0005.jpg,0.17976981401443481,0
/home/anitadonato/tcc/tcc/data/lfw/lfw-funneled/John_Negroponte/John_Negroponte_0001.jpg,/home/anitadonato/tcc/tcc/data/lfw/lfw-funneled/Alejandro_Toledo/Alejandro_Toledo_0004.jpg,0.18461507558822632,0
/home/anitadonato/tcc/tcc/data/lfw/lfw-funneled/Angela_Merkel/Angela_Merkel_0004.jpg,/home/anitadonato/tcc/tcc/data/lfw/lfw-funneled/John_Ashcroft/John_Ashcroft_0001.jpg,0.18438279628753662,0
/home/anitadonato/tcc/tcc/data/lfw/lfw-funneled/Ai_Sugiyama/Ai_Sugiyama_0001.jpg,/home/anitadonato/tcc/tcc/data/lfw/lfw-funneled/Yoko_Ono/Yoko_Ono_0003.jpg,0.2356927990913391,0
/home/anitadonato/tcc/tcc/data/lfw/lfw-funneled/Meryl_Streep/Meryl_Streep_0001.jpg,/home/anitadonato/tcc/tcc/data/lfw/lfw-funneled/William_Ford_Jr/William_Ford_Jr_0002.jpg,0.19492685794830322,0
/home/anitadonato/tcc/tcc/data/lfw/lfw-funneled/Ludivine_Sagnier/Ludivine_Sagnier_0004.jpg,/home/anitadonato/tcc/tcc/data/lfw/lfw-funneled/Hillary_Clinton/Hillary_Clinton_0004.jpg,0.16596847772598267,0
/home/anitadonato/tcc/tcc/data/lfw/lfw-funneled/Zinedine_Zidane/Zinedine_Zidane_0005.jpg,/home/anitadonato/tcc/tcc/data/lfw/lfw-funneled/Juan_Pablo_Montoya/Juan_Pablo_Montoya_0004.jpg,0.2512176036834717,0
/home/anitadonato/tcc/tcc/data/lfw/lfw-funneled/Adrien_Brody/Adrien_Brody_0002.jpg,/home/anitadonato/tcc/tcc/data/lfw/lfw-funneled/Jean_Chretien/Jean_Chretien_0004.jpg,0.19854271411895752,0
/home/anitadonato/tcc/tcc/data/lfw/lfw-funneled/Paul_McCartney/Paul_McCartney_0004.jpg,/home/anitadonato/tcc/tcc/data/lfw/lfw-funneled/Elizabeth_Smart/Elizabeth_Smart_0005.jpg,0.20748144388198853,0
/home/anitadonato/tcc/tcc/data/lfw/lfw-funneled/Ben_Affleck/Ben_Affleck_0001.jpg,/home/anitadonato/tcc/tcc/data/lfw/lfw-funneled/Victoria_Clarke/Victoria_Clarke_0003.jpg,0.20513767004013062,0
/home/anitadonato/tcc/tcc/data/lfw/lfw-funneled/Cesar_Gaviria/Cesar_Gaviria_0004.jpg,/home/anitadonato/tcc/tcc/data/lfw/lfw-funneled/Susan_Sarandon/Susan_Sarandon_0002.jpg,0.25191134214401245,0
/home/anitadonato/tcc/tcc/data/lfw/lfw-funneled/Salma_Hayek/Salma_Hayek_0003.jpg,/home/anitadonato/tcc/tcc/data/lfw/lfw-funneled/Elizabeth_Smart/Elizabeth_Smart_0005.jpg,0.20094770193099976,0
/home/anitadonato/tcc/tcc/data/lfw/lfw-funneled/Alejandro_Toledo/Alejandro_Toledo_0001.jpg,/home/anitadonato/tcc/tcc/data/lfw/lfw-funneled/Lleyton_Hewitt/Lleyton_Hewitt_0004.jpg,0.13648825883865356,0
/home/anitadonato/tcc/tcc/data/lfw/lfw-funneled/Sourav_Ganguly/Sourav_Ganguly_0001.jpg,/home/anitadonato/tcc/tcc/data/lfw/lfw-funneled/Joe_Lieberman/Joe_Lieberman_0004.jpg,0.2551500201225281,0
/home/anitadonato/tcc/tcc/data/lfw/lfw-funneled/Amelia_Vega/Amelia_Vega_0002.jpg,/home/anitadonato/tcc/tcc/data/lfw/lfw-funneled/Tung_Chee-hwa/Tung_Chee-hwa_0005.jpg,0.1297408938407898,0
/home/anitadonato/tcc/tcc/data/lfw/lfw-funneled/Goldie_Hawn/Goldie_Hawn_0003.jpg,/home/anitadonato/tcc/tcc/data/lfw/lfw-funneled/Mohammed_Al-Douri/Mohammed_Al-Douri_0002.jpg,0.18965989351272583,0
/home/anitadonato/tcc/tcc/data/lfw/lfw-funneled/LeBron_James/LeBron_James_0002.jpg,/home/anitadonato/tcc/tcc/data/lfw/lfw-funneled/Tom_Cruise/Tom_Cruise_0001.jpg,0.21551954746246338,0
/home/anitadonato/tcc/tcc/data/lfw/lfw-funneled/Sylvester_Stallone/Sylvester_Stallone_0002.jpg,/home/anitadonato/tcc/tcc/data/lfw/lfw-funneled/Carmen_Electra/Carmen_Electra_0005.jpg,0.20069211721420288,0
/home/anitadonato/tcc/tcc/data/lfw/lfw-funneled/Cesar_Gaviria/Cesar_Gaviria_0003.jpg,/home/anitadonato/tcc/tcc/data/lfw/lfw-funneled/Ian_Thorpe/Ian_Thorpe_0002.jpg,0.20155316591262817,0
/home/anitadonato/tcc/tcc/data/lfw/lfw-funneled/Martin_Scorsese/Martin_Scorsese_0003.jpg,/home/anitadonato/tcc/tcc/data/lfw/lfw-funneled/Richard_Myers/Richard_Myers_0002.jpg,0.32022523880004883,0
/home/anitadonato/tcc/tcc/data/lfw/lfw-funneled/Paul_Burrell/Paul_Burrell_0003.jpg,/home/anitadonato/tcc/tcc/data/lfw/lfw-funneled/Michelle_Yeoh/Michelle_Yeoh_0002.jpg,0.21890246868133545,0
/home/anitadonato/tcc/tcc/data/lfw/lfw-funneled/Sharon_Stone/Sharon_Stone_0001.jpg,/home/anitadonato/tcc/tcc/data/lfw/lfw-funneled/Tung_Chee-hwa/Tung_Chee-hwa_0002.jpg,0.21631908416748047,0
/home/anitadonato/tcc/tcc/data/lfw/lfw-funneled/Tiger_Woods/Tiger_Woods_0002.jpg,/home/anitadonato/tcc/tcc/data/lfw/lfw-funneled/Lleyton_Hewitt/Lleyton_Hewitt_0005.jpg,0.23134738206863403,0
/home/anitadonato/tcc/tcc/data/lfw/lfw-funneled/Halle_Berry/Halle_Berry_0002.jpg,/home/anitadonato/tcc/tcc/data/lfw/lfw-funneled/Heidi_Klum/Heidi_Klum_0003.jpg,0.10056561231613159,0
/home/anitadonato/tcc/tcc/data/lfw/lfw-funneled/Billy_Crystal/Billy_Crystal_0004.jpg,/home/anitadonato/tcc/tcc/data/lfw/lfw-funneled/LeBron_James/LeBron_James_0005.jpg,0.2003859281539917,0
/home/anitadonato/tcc/tcc/data/lfw/lfw-funneled/William_Ford_Jr/William_Ford_Jr_0001.jpg,/home/anitadonato/tcc/tcc/data/lfw/lfw-funneled/Jean_Chretien/Jean_Chretien_0004.jpg,0.25770795345306396,0
/home/anitadonato/tcc/tcc/data/lfw/lfw-funneled/Xavier_Malisse/Xavier_Malisse_0003.jpg,/home/anitadonato/tcc/tcc/data/lfw/lfw-funneled/Michael_Powell/Michael_Powell_0005.jpg,0.24834471940994263,0
/home/anitadonato/tcc/tcc/data/lfw/lfw-funneled/Paul_ONeill/Paul_ONeill_0004.jpg,/home/anitadonato/tcc/tcc/data/lfw/lfw-funneled/Robert_De_Niro/Robert_De_Niro_0005.jpg,0.17599749565124512,0
/home/anitadonato/tcc/tcc/data/lfw/lfw-funneled/John_Negroponte/John_Negroponte_0001.jpg,/home/anitadonato/tcc/tcc/data/lfw/lfw-funneled/Michael_Schumacher/Michael_Schumacher_0005.jpg,0.26183176040649414,0
/home/anitadonato/tcc/tcc/data/lfw/lfw-funneled/John_Ashcroft/John_Ashcroft_0001.jpg,/home/anitadonato/tcc/tcc/data/lfw/lfw-funneled/Mike_Weir/Mike_Weir_0001.jpg,0.19386160373687744,0
/home/anitadonato/tcc/tcc/data/lfw/lfw-funneled/Joseph_Biden/Joseph_Biden_0004.jpg,/home/anitadonato/tcc/tcc/data/lfw/lfw-funneled/Juan_Carlos_Ferrero/Juan_Carlos_Ferrero_0001.jpg,0.14582324028015137,0
/home/anitadonato/tcc/tcc/data/lfw/lfw-funneled/Christine_Baumgartner/Christine_Baumgartner_0004.jpg,/home/anitadonato/tcc/tcc/data/lfw/lfw-funneled/Gloria_Macapagal_Arroyo/Gloria_Macapagal_Arroyo_0001.jpg,0.19733387231826782,0
/home/anitadonato/tcc/tcc/data/lfw/lfw-funneled/George_Robertson/George_Robertson_0005.jpg,/home/anitadonato/tcc/tcc/data/lfw/lfw-funneled/Halle_Berry/Halle_Berry_0002.jpg,0.20231640338897705,0
/home/anitadonato/tcc/tcc/data/lfw/lfw-funneled/Ana_Palacio/Ana_Palacio_0003.jpg,/home/anitadonato/tcc/tcc/data/lfw/lfw-funneled/LeBron_James/LeBron_James_0005.jpg,0.2643929123878479,0
/home/anitadonato/tcc/tcc/data/lfw/lfw-funneled/Abdullah_Gul/Abdullah_Gul_0005.jpg,/home/anitadonato/tcc/tcc/data/lfw/lfw-funneled/Russell_Simmons/Russell_Simmons_0003.jpg,0.2287837266921997,0
/home/anitadonato/tcc/tcc/data/lfw/lfw-funneled/Jean-Pierre_Raffarin/Jean-Pierre_Raffarin_0005.jpg,/home/anitadonato/tcc/tcc/data/lfw/lfw-funneled/Martin_Scorsese/Martin_Scorsese_0003.jpg,0.22915363311767578,0
/home/anitadonato/tcc/tcc/data/lfw/lfw-funneled/Vanessa_Redgrave/Vanessa_Redgrave_0005.jpg,/home/anitadonato/tcc/tcc/data/lfw/lfw-funneled/Antonio_Banderas/Antonio_Banderas_0004.jpg,0.1756047010421753,0
/home/anitadonato/tcc/tcc/data/lfw/lfw-funneled/Elizabeth_Smart/Elizabeth_Smart_0001.jpg,/home/anitadonato/tcc/tcc/data/lfw/lfw-funneled/Angela_Merkel/Angela_Merkel_0005.jpg,0.20509523153305054,0
/home/anitadonato/tcc/tcc/data/lfw/lfw-funneled/Andre_Agassi/Andre_Agassi_0004.jpg,/home/anitadonato/tcc/tcc/data/lfw/lfw-funneled/Cesar_Gaviria/Cesar_Gaviria_0004.jpg,0.2389143705368042,0
/home/anitadonato/tcc/tcc/data/lfw/lfw-funneled/Muhammad_Saeed_al-Sahhaf/Muhammad_Saeed_al-Sahhaf_0003.jpg,/home/anitadonato/tcc/tcc/data/lfw/lfw-funneled/Fernando_Gonzalez/Fernando_Gonzalez_0004.jpg,0.2598544955253601,0
/home/anitadonato/tcc/tcc/data/lfw/lfw-funneled/Juan_Carlos_Ferrero/Juan_Carlos_Ferrero_0001.jpg,/home/anitadonato/tcc/tcc/data/lfw/lfw-funneled/Nia_Vardalos/Nia_Vardalos_0003.jpg,0.2955086827278137,0
/home/anitadonato/tcc/tcc/data/lfw/lfw-funneled/Martin_McGuinness/Martin_McGuinness_0003.jpg,/home/anitadonato/tcc/tcc/data/lfw/lfw-funneled/Jiri_Novak/Jiri_Novak_0003.jpg,0.27620816230773926,0
/home/anitadonato/tcc/tcc/data/lfw/lfw-funneled/Jennifer_Lopez/Jennifer_Lopez_0004.jpg,/home/anitadonato/tcc/tcc/data/lfw/lfw-funneled/Maria_Shriver/Maria_Shriver_0001.jpg,0.27661532163619995,0
/home/anitadonato/tcc/tcc/data/lfw/lfw-funneled/Amelia_Vega/Amelia_Vega_0001.jpg,/home/anitadonato/tcc/tcc/data/lfw/lfw-funneled/Matthew_Perry/Matthew_Perry_0004.jpg,0.15661948919296265,0
/home/anitadonato/tcc/tcc/data/lfw/lfw-funneled/Natalie_Coughlin/Natalie_Coughlin_0003.jpg,/home/anitadonato/tcc/tcc/data/lfw/lfw-funneled/Jean_Chretien/Jean_Chretien_0002.jpg,0.2687687873840332,0
/home/anitadonato/tcc/tcc/data/lfw/lfw-funneled/Steve_Lavin/Steve_Lavin_0005.jpg,/home/anitadonato/tcc/tcc/data/lfw/lfw-funneled/Kevin_Costner/Kevin_Costner_0005.jpg,0.28460776805877686,0
/home/anitadonato/tcc/tcc/data/lfw/lfw-funneled/Roh_Moo-hyun/Roh_Moo-hyun_0001.jpg,/home/anitadonato/tcc/tcc/data/lfw/lfw-funneled/Bernard_Law/Bernard_Law_0004.jpg,0.17321783304214478,0
/home/anitadonato/tcc/tcc/data/lfw/lfw-funneled/Roy_Moore/Roy_Moore_0004.jpg,/home/anitadonato/tcc/tcc/data/lfw/lfw-funneled/Kalpana_Chawla/Kalpana_Chawla_0001.jpg,0.20344936847686768,0
/home/anitadonato/tcc/tcc/data/lfw/lfw-funneled/Thabo_Mbeki/Thabo_Mbeki_0003.jpg,/home/anitadonato/tcc/tcc/data/lfw/lfw-funneled/Denzel_Washington/Denzel_Washington_0003.jpg,0.17341893911361694,0
/home/anitadonato/tcc/tcc/data/lfw/lfw-funneled/Spencer_Abraham/Spencer_Abraham_0005.jpg,/home/anitadonato/tcc/tcc/data/lfw/lfw-funneled/Kofi_Annan/Kofi_Annan_0002.jpg,0.23997002840042114,0
/home/anitadonato/tcc/tcc/data/lfw/lfw-funneled/Jennifer_Lopez/Jennifer_Lopez_0004.jpg,/home/anitadonato/tcc/tcc/data/lfw/lfw-funneled/Kurt_Warner/Kurt_Warner_0002.jpg,0.21177423000335693,0
/home/anitadonato/tcc/tcc/data/lfw/lfw-funneled/Robert_De_Niro/Robert_De_Niro_0005.jpg,/home/anitadonato/tcc/tcc/data/lfw/lfw-funneled/Yashwant_Sinha/Yashwant_Sinha_0003.jpg,0.18479740619659424,0
/home/anitadonato/tcc/tcc/data/lfw/lfw-funneled/William_Ford_Jr/William_Ford_Jr_0003.jpg,/home/anitadonato/tcc/tcc/data/lfw/lfw-funneled/Sylvester_Stallone/Sylvester_Stallone_0005.jpg,0.22053945064544678,0
/home/anitadonato/tcc/tcc/data/lfw/lfw-funneled/Bill_Gates/Bill_Gates_0005.jpg,/home/anitadonato/tcc/tcc/data/lfw/lfw-funneled/Martin_McGuinness/Martin_McGuinness_0005.jpg,0.2616291642189026,0
/home/anitadonato/tcc/tcc/data/lfw/lfw-funneled/Michael_Schumacher/Michael_Schumacher_0005.jpg,/home/anitadonato/tcc/tcc/data/lfw/lfw-funneled/Michael_Chiklis/Michael_Chiklis_0001.jpg,0.3082261085510254,0
/home/anitadonato/tcc/tcc/data/lfw/lfw-funneled/Cameron_Diaz/Cameron_Diaz_0003.jpg,/home/anitadonato/tcc/tcc/data/lfw/lfw-funneled/Kurt_Warner/Kurt_Warner_0001.jpg,0.20291942358016968,0
/home/anitadonato/tcc/tcc/data/lfw/lfw-funneled/John_Paul_II/John_Paul_II_0003.jpg,/home/anitadonato/tcc/tcc/data/lfw/lfw-funneled/Hugh_Grant/Hugh_Grant_0003.jpg,0.29646629095077515,0
/home/anitadonato/tcc/tcc/data/lfw/lfw-funneled/Yashwant_Sinha/Yashwant_Sinha_0002.jpg,/home/anitadonato/tcc/tcc/data/lfw/lfw-funneled/Carlos_Moya/Carlos_Moya_0002.jpg,0.18396401405334473,0
/home/anitadonato/tcc/tcc/data/lfw/lfw-funneled/Tom_Cruise/Tom_Cruise_0004.jpg,/home/anitadonato/tcc/tcc/data/lfw/lfw-funneled/Kurt_Warner/Kurt_Warner_0001.jpg,0.2722954750061035,0
/home/anitadonato/tcc/tcc/data/lfw/lfw-funneled/Costas_Simitis/Costas_Simitis_0001.jpg,/home/anitadonato/tcc/tcc/data/lfw/lfw-funneled/Robert_Zoellick/Robert_Zoellick_0001.jpg,0.22801899909973145,0
/home/anitadonato/tcc/tcc/data/lfw/lfw-funneled/Gerhard_Schroeder/Gerhard_Schroeder_0002.jpg,/home/anitadonato/tcc/tcc/data/lfw/lfw-funneled/John_Travolta/John_Travolta_0004.jpg,0.23955243825912476,0
/home/anitadonato/tcc/tcc/data/lfw/lfw-funneled/Silvan_Shalom/Silvan_Shalom_0003.jpg,/home/anitadonato/tcc/tcc/data/lfw/lfw-funneled/Vanessa_Redgrave/Vanessa_Redgrave_0002.jpg,0.19470763206481934,0
/home/anitadonato/tcc/tcc/data/lfw/lfw-funneled/Zinedine_Zidane/Zinedine_Zidane_0003.jpg,/home/anitadonato/tcc/tcc/data/lfw/lfw-funneled/John_Howard/John_Howard_0005.jpg,0.1963214874267578,0
/home/anitadonato/tcc/tcc/data/lfw/lfw-funneled/Martin_Scorsese/Martin_Scorsese_0001.jpg,/home/anitadonato/tcc/tcc/data/lfw/lfw-funneled/Matthew_Perry/Matthew_Perry_0002.jpg,0.1796465516090393,0
/home/anitadonato/tcc/tcc/data/lfw/lfw-funneled/Tommy_Franks/Tommy_Franks_0005.jpg,/home/anitadonato/tcc/tcc/data/lfw/lfw-funneled/Bill_McBride/Bill_McBride_0001.jpg,0.18337196111679077,0
/home/anitadonato/tcc/tcc/data/lfw/lfw-funneled/Michael_Chiklis/Michael_Chiklis_0003.jpg,/home/anitadonato/tcc/tcc/data/lfw/lfw-funneled/George_Robertson/George_Robertson_0004.jpg,0.26557981967926025,0
/home/anitadonato/tcc/tcc/data/lfw/lfw-funneled/Tung_Chee-hwa/Tung_Chee-hwa_0004.jpg,/home/anitadonato/tcc/tcc/data/lfw/lfw-funneled/Rainer_Schuettler/Rainer_Schuettler_0005.jpg,0.1833605170249939,0
/home/anitadonato/tcc/tcc/data/lfw/lfw-funneled/Susan_Sarandon/Susan_Sarandon_0003.jpg,/home/anitadonato/tcc/tcc/data/lfw/lfw-funneled/Nia_Vardalos/Nia_Vardalos_0002.jpg,0.16608190536499023,0
/home/anitadonato/tcc/tcc/data/lfw/lfw-funneled/Bill_McBride/Bill_McBride_0001.jpg,/home/anitadonato/tcc/tcc/data/lfw/lfw-funneled/Colin_Montgomerie/Colin_Montgomerie_0003.jpg,0.13865846395492554,0
/home/anitadonato/tcc/tcc/data/lfw/lfw-funneled/Jose_Maria_Aznar/Jose_Maria_Aznar_0003.jpg,/home/anitadonato/tcc/tcc/data/lfw/lfw-funneled/Sharon_Stone/Sharon_Stone_0005.jpg,0.20232170820236206,0
/home/anitadonato/tcc/tcc/data/lfw/lfw-funneled/Richard_Gere/Richard_Gere_0003.jpg,/home/anitadonato/tcc/tcc/data/lfw/lfw-funneled/Atal_Bihari_Vajpayee/Atal_Bihari_Vajpayee_0001.jpg,0.22839325666427612,0
/home/anitadonato/tcc/tcc/data/lfw/lfw-funneled/John_Negroponte/John_Negroponte_0005.jpg,/home/anitadonato/tcc/tcc/data/lfw/lfw-funneled/Jan_Ullrich/Jan_Ullrich_0001.jpg,0.20359444618225098,0
/home/anitadonato/tcc/tcc/data/lfw/lfw-funneled/Carlos_Moya/Carlos_Moya_0003.jpg,/home/anitadonato/tcc/tcc/data/lfw/lfw-funneled/Ann_Veneman/Ann_Veneman_0002.jpg,0.21324163675308228,0
/home/anitadonato/tcc/tcc/data/lfw/lfw-funneled/Kristanna_Loken/Kristanna_Loken_0003.jpg,/home/anitadonato/tcc/tcc/data/lfw/lfw-funneled/Ai_Sugiyama/Ai_Sugiyama_0003.jpg,0.18308234214782715,0
/home/anitadonato/tcc/tcc/data/lfw/lfw-funneled/Robert_Blake/Robert_Blake_0001.jpg,/home/anitadonato/tcc/tcc/data/lfw/lfw-funneled/Kate_Hudson/Kate_Hudson_0004.jpg,0.1465529203414917,0
/home/anitadonato/tcc/tcc/data/lfw/lfw-funneled/Gerhard_Schroeder/Gerhard_Schroeder_0002.jpg,/home/anitadonato/tcc/tcc/data/lfw/lfw-funneled/Jose_Maria_Aznar/Jose_Maria_Aznar_0002.jpg,0.23278862237930298,0
/home/anitadonato/tcc/tcc/data/lfw/lfw-funneled/Jean-Pierre_Raffarin/Jean-Pierre_Raffarin_0002.jpg,/home/anitadonato/tcc/tcc/data/lfw/lfw-funneled/John_Snow/John_Snow_0005.jpg,0.23431867361068726,0
/home/anitadonato/tcc/tcc/data/lfw/lfw-funneled/Roh_Moo-hyun/Roh_Moo-hyun_0003.jpg,/home/anitadonato/tcc/tcc/data/lfw/lfw-funneled/Juan_Pablo_Montoya/Juan_Pablo_Montoya_0001.jpg,0.2505820393562317,0
/home/anitadonato/tcc/tcc/data/lfw/lfw-funneled/Jan_Ullrich/Jan_Ullrich_0001.jpg,/home/anitadonato/tcc/tcc/data/lfw/lfw-funneled/Robert_Zoellick/Robert_Zoellick_0004.jpg,0.21492189168930054,0
/home/anitadonato/tcc/tcc/data/lfw/lfw-funneled/Heidi_Klum/Heidi_Klum_0001.jpg,/home/anitadonato/tcc/tcc/data/lfw/lfw-funneled/Mike_Weir/Mike_Weir_0003.jpg,0.26861047744750977,0
/home/anitadonato/tcc/tcc/data/lfw/lfw-funneled/Kofi_Annan/Kofi_Annan_0005.jpg,/home/anitadonato/tcc/tcc/data/lfw/lfw-funneled/Martin_McGuinness/Martin_McGuinness_0004.jpg,0.14044177532196045,0
/home/anitadonato/tcc/tcc/data/lfw/lfw-funneled/John_Bolton/John_Bolton_0004.jpg,/home/anitadonato/tcc/tcc/data/lfw/lfw-funneled/Jean-David_Levitte/Jean-David_Levitte_0003.jpg,0.17859607934951782,0
/home/anitadonato/tcc/tcc/data/lfw/lfw-funneled/William_Ford_Jr/William_Ford_Jr_0001.jpg,/home/anitadonato/tcc/tcc/data/lfw/lfw-funneled/Hamid_Karzai/Hamid_Karzai_0003.jpg,0.16070592403411865,0
/home/anitadonato/tcc/tcc/data/lfw/lfw-funneled/Jennifer_Capriati/Jennifer_Capriati_0004.jpg,/home/anitadonato/tcc/tcc/data/lfw/lfw-funneled/Valery_Giscard_dEstaing/Valery_Giscard_dEstaing_0003.jpg,0.20129132270812988,0
/home/anitadonato/tcc/tcc/data/lfw/lfw-funneled/Pedro_Malan/Pedro_Malan_0001.jpg,/home/anitadonato/tcc/tcc/data/lfw/lfw-funneled/Lindsay_Davenport/Lindsay_Davenport_0002.jpg,0.1866905689239502,0
/home/anitadonato/tcc/tcc/data/lfw/lfw-funneled/Lindsay_Davenport/Lindsay_Davenport_0004.jpg,/home/anitadonato/tcc/tcc/data/lfw/lfw-funneled/Adrien_Brody/Adrien_Brody_0005.jpg,0.1864098310470581,0
/home/anitadonato/tcc/tcc/data/lfw/lfw-funneled/George_Robertson/George_Robertson_0003.jpg,/home/anitadonato/tcc/tcc/data/lfw/lfw-funneled/Jan_Ullrich/Jan_Ullrich_0003.jpg,0.16637682914733887,0
/home/anitadonato/tcc/tcc/data/lfw/lfw-funneled/John_Negroponte/John_Negroponte_0002.jpg,/home/anitadonato/tcc/tcc/data/lfw/lfw-funneled/Peter_Struck/Peter_Struck_0001.jpg,0.22165703773498535,0
/home/anitadonato/tcc/tcc/data/lfw/lfw-funneled/Carlos_Menem/Carlos_Menem_0001.jpg,/home/anitadonato/tcc/tcc/data/lfw/lfw-funneled/Abdullah_Gul/Abdullah_Gul_0005.jpg,0.21141576766967773,0
/home/anitadonato/tcc/tcc/data/lfw/lfw-funneled/Carlos_Menem/Carlos_Menem_0003.jpg,/home/anitadonato/tcc/tcc/data/lfw/lfw-funneled/Jeremy_Greenstock/Jeremy_Greenstock_0003.jpg,0.24647879600524902,0
/home/anitadonato/tcc/tcc/data/lfw/lfw-funneled/Trent_Lott/Trent_Lott_0002.jpg,/home/anitadonato/tcc/tcc/data/lfw/lfw-funneled/Alejandro_Toledo/Alejandro_Toledo_0002.jpg,0.17341840267181396,0
/home/anitadonato/tcc/tcc/data/lfw/lfw-funneled/Spencer_Abraham/Spencer_Abraham_0003.jpg,/home/anitadonato/tcc/tcc/data/lfw/lfw-funneled/Sergey_Lavrov/Sergey_Lavrov_0002.jpg,0.17120510339736938,0
/home/anitadonato/tcc/tcc/data/lfw/lfw-funneled/Woody_Allen/Woody_Allen_0002.jpg,/home/anitadonato/tcc/tcc/data/lfw/lfw-funneled/Megawati_Sukarnoputri/Megawati_Sukarnoputri_0001.jpg,0.209511399269104,0
/home/anitadonato/tcc/tcc/data/lfw/lfw-funneled/Vladimir_Putin/Vladimir_Putin_0004.jpg,/home/anitadonato/tcc/tcc/data/lfw/lfw-funneled/Jacques_Chirac/Jacques_Chirac_0004.jpg,0.2600021958351135,0
/home/anitadonato/tcc/tcc/data/lfw/lfw-funneled/Bill_McBride/Bill_McBride_0005.jpg,/home/anitadonato/tcc/tcc/data/lfw/lfw-funneled/Tom_Cruise/Tom_Cruise_0004.jpg,0.26112473011016846,0
/home/anitadonato/tcc/tcc/data/lfw/lfw-funneled/Amelie_Mauresmo/Amelie_Mauresmo_0005.jpg,/home/anitadonato/tcc/tcc/data/lfw/lfw-funneled/Tom_Cruise/Tom_Cruise_0003.jpg,0.2257745862007141,0
/home/anitadonato/tcc/tcc/data/lfw/lfw-funneled/John_Manley/John_Manley_0002.jpg,/home/anitadonato/tcc/tcc/data/lfw/lfw-funneled/Jiri_Novak/Jiri_Novak_0004.jpg,0.1798950433731079,0
/home/anitadonato/tcc/tcc/data/lfw/lfw-funneled/Ana_Guevara/Ana_Guevara_0004.jpg,/home/anitadonato/tcc/tcc/data/lfw/lfw-funneled/Kim_Dae-jung/Kim_Dae-jung_0003.jpg,0.2492508888244629,0
/home/anitadonato/tcc/tcc/data/lfw/lfw-funneled/Sourav_Ganguly/Sourav_Ganguly_0001.jpg,/home/anitadonato/tcc/tcc/data/lfw/lfw-funneled/Paul_ONeill/Paul_ONeill_0003.jpg,0.3034009337425232,0
/home/anitadonato/tcc/tcc/data/lfw/lfw-funneled/Antonio_Banderas/Antonio_Banderas_0003.jpg,/home/anitadonato/tcc/tcc/data/lfw/lfw-funneled/Bob_Hope/Bob_Hope_0004.jpg,0.21808099746704102,0
/home/anitadonato/tcc/tcc/data/lfw/lfw-funneled/Gonzalo_Sanchez_de_Lozada/Gonzalo_Sanchez_de_Lozada_0001.jpg,/home/anitadonato/tcc/tcc/data/lfw/lfw-funneled/Bulent_Ecevit/Bulent_Ecevit_0003.jpg,0.17484569549560547,0
/home/anitadonato/tcc/tcc/data/lfw/lfw-funneled/Thabo_Mbeki/Thabo_Mbeki_0001.jpg,/home/anitadonato/tcc/tcc/data/lfw/lfw-funneled/Frank_Solich/Frank_Solich_0005.jpg,0.24748516082763672,0
/home/anitadonato/tcc/tcc/data/lfw/lfw-funneled/Martin_Scorsese/Martin_Scorsese_0004.jpg,/home/anitadonato/tcc/tcc/data/lfw/lfw-funneled/Antonio_Banderas/Antonio_Banderas_0004.jpg,0.3460562229156494,0
/home/anitadonato/tcc/tcc/data/lfw/lfw-funneled/Condoleezza_Rice/Condoleezza_Rice_0001.jpg,/home/anitadonato/tcc/tcc/data/lfw/lfw-funneled/Carmen_Electra/Carmen_Electra_0004.jpg,0.23131608963012695,0
/home/anitadonato/tcc/tcc/data/lfw/lfw-funneled/Silvio_Berlusconi/Silvio_Berlusconi_0002.jpg,/home/anitadonato/tcc/tcc/data/lfw/lfw-funneled/Mohamed_ElBaradei/Mohamed_ElBaradei_0003.jpg,0.18117409944534302,0
/home/anitadonato/tcc/tcc/data/lfw/lfw-funneled/Megawati_Sukarnoputri/Megawati_Sukarnoputri_0005.jpg,/home/anitadonato/tcc/tcc/data/lfw/lfw-funneled/Pamela_Anderson/Pamela_Anderson_0002.jpg,0.17222708463668823,0
/home/anitadonato/tcc/tcc/data/lfw/lfw-funneled/Kevin_Costner/Kevin_Costner_0001.jpg,/home/anitadonato/tcc/tcc/data/lfw/lfw-funneled/Gonzalo_Sanchez_de_Lozada/Gonzalo_Sanchez_de_Lozada_0003.jpg,0.297322154045105,0
/home/anitadonato/tcc/tcc/data/lfw/lfw-funneled/Gloria_Macapagal_Arroyo/Gloria_Macapagal_Arroyo_0005.jpg,/home/anitadonato/tcc/tcc/data/lfw/lfw-funneled/Matthew_Perry/Matthew_Perry_0002.jpg,0.2810319662094116,0
/home/anitadonato/tcc/tcc/data/lfw/lfw-funneled/Rudolph_Giuliani/Rudolph_Giuliani_0004.jpg,/home/anitadonato/tcc/tcc/data/lfw/lfw-funneled/Norm_Coleman/Norm_Coleman_0004.jpg,0.21271848678588867,0
/home/anitadonato/tcc/tcc/data/lfw/lfw-funneled/Atal_Bihari_Vajpayee/Atal_Bihari_Vajpayee_0005.jpg,/home/anitadonato/tcc/tcc/data/lfw/lfw-funneled/Tom_Daschle/Tom_Daschle_0002.jpg,0.18391025066375732,0
/home/anitadonato/tcc/tcc/data/lfw/lfw-funneled/Hans_Blix/Hans_Blix_0003.jpg,/home/anitadonato/tcc/tcc/data/lfw/lfw-funneled/Nancy_Pelosi/Nancy_Pelosi_0004.jpg,0.17216992378234863,0
/home/anitadonato/tcc/tcc/data/lfw/lfw-funneled/Ben_Affleck/Ben_Affleck_0003.jpg,/home/anitadonato/tcc/tcc/data/lfw/lfw-funneled/Princess_Caroline/Princess_Caroline_0005.jpg,0.2734600901603699,0
/home/anitadonato/tcc/tcc/data/lfw/lfw-funneled/Billy_Crystal/Billy_Crystal_0003.jpg,/home/anitadonato/tcc/tcc/data/lfw/lfw-funneled/Cruz_Bustamante/Cruz_Bustamante_0001.jpg,0.18808430433273315,0
/home/anitadonato/tcc/tcc/data/lfw/lfw-funneled/Bernard_Law/Bernard_Law_0005.jpg,/home/anitadonato/tcc/tcc/data/lfw/lfw-funneled/Natalie_Coughlin/Natalie_Coughlin_0004.jpg,0.1552335023880005,0
/home/anitadonato/tcc/tcc/data/lfw/lfw-funneled/Britney_Spears/Britney_Spears_0005.jpg,/home/anitadonato/tcc/tcc/data/lfw/lfw-funneled/Eduardo_Duhalde/Eduardo_Duhalde_0002.jpg,0.22057127952575684,0
/home/anitadonato/tcc/tcc/data/lfw/lfw-funneled/Peter_Struck/Peter_Struck_0005.jpg,/home/anitadonato/tcc/tcc/data/lfw/lfw-funneled/George_Robertson/George_Robertson_0002.jpg,0.1978534460067749,0
/home/anitadonato/tcc/tcc/data/lfw/lfw-funneled/Yashwant_Sinha/Yashwant_Sinha_0004.jpg,/home/anitadonato/tcc/tcc/data/lfw/lfw-funneled/John_Howard/John_Howard_0002.jpg,0.16891127824783325,0
/home/anitadonato/tcc/tcc/data/lfw/lfw-funneled/Martin_Scorsese/Martin_Scorsese_0001.jpg,/home/anitadonato/tcc/tcc/data/lfw/lfw-funneled/John_Bolton/John_Bolton_0003.jpg,0.20758575201034546,0
/home/anitadonato/tcc/tcc/data/lfw/lfw-funneled/Roh_Moo-hyun/Roh_Moo-hyun_0003.jpg,/home/anitadonato/tcc/tcc/data/lfw/lfw-funneled/Tony_Blair/Tony_Blair_0002.jpg,0.2142903208732605,0
/home/anitadonato/tcc/tcc/data/lfw/lfw-funneled/Salma_Hayek/Salma_Hayek_0003.jpg,/home/anitadonato/tcc/tcc/data/lfw/lfw-funneled/Heidi_Klum/Heidi_Klum_0003.jpg,0.15695065259933472,0
/home/anitadonato/tcc/tcc/data/lfw/lfw-funneled/John_Paul_II/John_Paul_II_0003.jpg,/home/anitadonato/tcc/tcc/data/lfw/lfw-funneled/Mike_Myers/Mike_Myers_0004.jpg,0.2457141876220703,0
/home/anitadonato/tcc/tcc/data/lfw/lfw-funneled/Jeremy_Greenstock/Jeremy_Greenstock_0002.jpg,/home/anitadonato/tcc/tcc/data/lfw/lfw-funneled/Bill_Gates/Bill_Gates_0002.jpg,0.17783194780349731,0
/home/anitadonato/tcc/tcc/data/lfw/lfw-funneled/Frank_Solich/Frank_Solich_0001.jpg,/home/anitadonato/tcc/tcc/data/lfw/lfw-funneled/Li_Peng/Li_Peng_0005.jpg,0.2148401141166687,0
/home/anitadonato/tcc/tcc/data/lfw/lfw-funneled/Jacques_Chirac/Jacques_Chirac_0005.jpg,/home/anitadonato/tcc/tcc/data/lfw/lfw-funneled/Michelle_Yeoh/Michelle_Yeoh_0001.jpg,0.24143534898757935,0
/home/anitadonato/tcc/tcc/data/lfw/lfw-funneled/Tung_Chee-hwa/Tung_Chee-hwa_0005.jpg,/home/anitadonato/tcc/tcc/data/lfw/lfw-funneled/Winona_Ryder/Winona_Ryder_0002.jpg,0.16687798500061035,0
/home/anitadonato/tcc/tcc/data/lfw/lfw-funneled/Martin_Scorsese/Martin_Scorsese_0002.jpg,/home/anitadonato/tcc/tcc/data/lfw/lfw-funneled/Tony_Blair/Tony_Blair_0002.jpg,0.16837018728256226,0
/home/anitadonato/tcc/tcc/data/lfw/lfw-funneled/John_Paul_II/John_Paul_II_0005.jpg,/home/anitadonato/tcc/tcc/data/lfw/lfw-funneled/Hosni_Mubarak/Hosni_Mubarak_0002.jpg,0.2068713903427124,0
/home/anitadonato/tcc/tcc/data/lfw/lfw-funneled/Andre_Agassi/Andre_Agassi_0001.jpg,/home/anitadonato/tcc/tcc/data/lfw/lfw-funneled/Clara_Harris/Clara_Harris_0004.jpg,0.19266504049301147,0
/home/anitadonato/tcc/tcc/data/lfw/lfw-funneled/Hans_Blix/Hans_Blix_0002.jpg,/home/anitadonato/tcc/tcc/data/lfw/lfw-funneled/Catherine_Zeta-Jones/Catherine_Zeta-Jones_0004.jpg,0.20746052265167236,0
/home/anitadonato/tcc/tcc/data/lfw/lfw-funneled/JK_Rowling/JK_Rowling_0004.jpg,/home/anitadonato/tcc/tcc/data/lfw/lfw-funneled/Britney_Spears/Britney_Spears_0002.jpg,0.17245638370513916,0
/home/anitadonato/tcc/tcc/data/lfw/lfw-funneled/John_Snow/John_Snow_0003.jpg,/home/anitadonato/tcc/tcc/data/lfw/lfw-funneled/Queen_Rania/Queen_Rania_0004.jpg,0.17578303813934326,0
/home/anitadonato/tcc/tcc/data/lfw/lfw-funneled/Jeremy_Greenstock/Jeremy_Greenstock_0005.jpg,/home/anitadonato/tcc/tcc/data/lfw/lfw-funneled/Zinedine_Zidane/Zinedine_Zidane_0004.jpg,0.2430221438407898,0
/home/anitadonato/tcc/tcc/data/lfw/lfw-funneled/Habib_Rizieq/Habib_Rizieq_0003.jpg,/home/anitadonato/tcc/tcc/data/lfw/lfw-funneled/Kristanna_Loken/Kristanna_Loken_0004.jpg,0.15342438220977783,0
/home/anitadonato/tcc/tcc/data/lfw/lfw-funneled/Bob_Graham/Bob_Graham_0004.jpg,/home/anitadonato/tcc/tcc/data/lfw/lfw-funneled/John_Travolta/John_Travolta_0002.jpg,0.25339949131011963,0
/home/anitadonato/tcc/tcc/data/lfw/lfw-funneled/Hal_Gehman/Hal_Gehman_0002.jpg,/home/anitadonato/tcc/tcc/data/lfw/lfw-funneled/Megawati_Sukarnoputri/Megawati_Sukarnoputri_0003.jpg,0.23521512746810913,0
/home/anitadonato/tcc/tcc/data/lfw/lfw-funneled/Billy_Crystal/Billy_Crystal_0004.jpg,/home/anitadonato/tcc/tcc/data/lfw/lfw-funneled/Maria_Soledad_Alvear_Valenzuela/Maria_Soledad_Alvear_Valenzuela_0003.jpg,0.2922375202178955,0
/home/anitadonato/tcc/tcc/data/lfw/lfw-funneled/Carmen_Electra/Carmen_Electra_0005.jpg,/home/anitadonato/tcc/tcc/data/lfw/lfw-funneled/Spencer_Abraham/Spencer_Abraham_0001.jpg,0.14883530139923096,0
/home/anitadonato/tcc/tcc/data/lfw/lfw-funneled/Britney_Spears/Britney_Spears_0002.jpg,/home/anitadonato/tcc/tcc/data/lfw/lfw-funneled/Matthew_Perry/Matthew_Perry_0003.jpg,0.22063225507736206,0
/home/anitadonato/tcc/tcc/data/lfw/lfw-funneled/Amelia_Vega/Amelia_Vega_0004.jpg,/home/anitadonato/tcc/tcc/data/lfw/lfw-funneled/John_Negroponte/John_Negroponte_0003.jpg,0.15558606386184692,0
/home/anitadonato/tcc/tcc/data/lfw/lfw-funneled/Geoff_Hoon/Geoff_Hoon_0001.jpg,/home/anitadonato/tcc/tcc/data/lfw/lfw-funneled/Nia_Vardalos/Nia_Vardalos_0004.jpg,0.25013941526412964,0
/home/anitadonato/tcc/tcc/data/lfw/lfw-funneled/Bob_Graham/Bob_Graham_0002.jpg,/home/anitadonato/tcc/tcc/data/lfw/lfw-funneled/Nancy_Pelosi/Nancy_Pelosi_0004.jpg,0.21629613637924194,0
/home/anitadonato/tcc/tcc/data/lfw/lfw-funneled/George_Robertson/George_Robertson_0002.jpg,/home/anitadonato/tcc/tcc/data/lfw/lfw-funneled/Nancy_Pelosi/Nancy_Pelosi_0001.jpg,0.17196470499038696,0
/home/anitadonato/tcc/tcc/data/lfw/lfw-funneled/Erika_Harold/Erika_Harold_0003.jpg,/home/anitadonato/tcc/tcc/data/lfw/lfw-funneled/Elizabeth_Smart/Elizabeth_Smart_0002.jpg,0.2770513892173767,0
/home/anitadonato/tcc/tcc/data/lfw/lfw-funneled/Ai_Sugiyama/Ai_Sugiyama_0003.jpg,/home/anitadonato/tcc/tcc/data/lfw/lfw-funneled/Bulent_Ecevit/Bulent_Ecevit_0004.jpg,0.17459863424301147,0
/home/anitadonato/tcc/tcc/data/lfw/lfw-funneled/Luis_Horna/Luis_Horna_0004.jpg,/home/anitadonato/tcc/tcc/data/lfw/lfw-funneled/Ai_Sugiyama/Ai_Sugiyama_0004.jpg,0.30095791816711426,0
/home/anitadonato/tcc/tcc/data/lfw/lfw-funneled/Michael_Schumacher/Michael_Schumacher_0001.jpg,/home/anitadonato/tcc/tcc/data/lfw/lfw-funneled/Carlos_Moya/Carlos_Moya_0001.jpg,0.1967821717262268,0
/home/anitadonato/tcc/tcc/data/lfw/lfw-funneled/Benjamin_Netanyahu/Benjamin_Netanyahu_0002.jpg,/home/anitadonato/tcc/tcc/data/lfw/lfw-funneled/Cesar_Gaviria/Cesar_Gaviria_0005.jpg,0.21681690216064453,0
/home/anitadonato/tcc/tcc/data/lfw/lfw-funneled/Trent_Lott/Trent_Lott_0005.jpg,/home/anitadonato/tcc/tcc/data/lfw/lfw-funneled/Cameron_Diaz/Cameron_Diaz_0004.jpg,0.21093058586120605,0
/home/anitadonato/tcc/tcc/data/lfw/lfw-funneled/Sharon_Stone/Sharon_Stone_0003.jpg,/home/anitadonato/tcc/tcc/data/lfw/lfw-funneled/Princess_Caroline/Princess_Caroline_0002.jpg,0.1769390106201172,0
/home/anitadonato/tcc/tcc/data/lfw/lfw-funneled/John_Ashcroft/John_Ashcroft_0001.jpg,/home/anitadonato/tcc/tcc/data/lfw/lfw-funneled/Fujio_Cho/Fujio_Cho_0002.jpg,0.16138339042663574,0
/home/anitadonato/tcc/tcc/data/lfw/lfw-funneled/Silvan_Shalom/Silvan_Shalom_0005.jpg,/home/anitadonato/tcc/tcc/data/lfw/lfw-funneled/Jean-David_Levitte/Jean-David_Levitte_0004.jpg,0.15064239501953125,0
/home/anitadonato/tcc/tcc/data/lfw/lfw-funneled/Ana_Palacio/Ana_Palacio_0004.jpg,/home/anitadonato/tcc/tcc/data/lfw/lfw-funneled/Sharon_Stone/Sharon_Stone_0005.jpg,0.18944144248962402,0
/home/anitadonato/tcc/tcc/data/lfw/lfw-funneled/Ludivine_Sagnier/Ludivine_Sagnier_0005.jpg,/home/anitadonato/tcc/tcc/data/lfw/lfw-funneled/Heidi_Klum/Heidi_Klum_0005.jpg,0.19154971837997437,0
/home/anitadonato/tcc/tcc/data/lfw/lfw-funneled/Queen_Rania/Queen_Rania_0002.jpg,/home/anitadonato/tcc/tcc/data/lfw/lfw-funneled/Julie_Gerberding/Julie_Gerberding_0003.jpg,0.21658682823181152,0
/home/anitadonato/tcc/tcc/data/lfw/lfw-funneled/Queen_Rania/Queen_Rania_0004.jpg,/home/anitadonato/tcc/tcc/data/lfw/lfw-funneled/Silvio_Berlusconi/Silvio_Berlusconi_0002.jpg,0.21063560247421265,0
/home/anitadonato/tcc/tcc/data/lfw/lfw-funneled/Salma_Hayek/Salma_Hayek_0005.jpg,/home/anitadonato/tcc/tcc/data/lfw/lfw-funneled/Ana_Guevara/Ana_Guevara_0005.jpg,0.1720881462097168,0
/home/anitadonato/tcc/tcc/data/lfw/lfw-funneled/Antonio_Banderas/Antonio_Banderas_0001.jpg,/home/anitadonato/tcc/tcc/data/lfw/lfw-funneled/Carmen_Electra/Carmen_Electra_0004.jpg,0.21204960346221924,0
/home/anitadonato/tcc/tcc/data/lfw/lfw-funneled/Kim_Dae-jung/Kim_Dae-jung_0004.jpg,/home/anitadonato/tcc/tcc/data/lfw/lfw-funneled/Yoko_Ono/Yoko_Ono_0003.jpg,0.2086382508277893,0
/home/anitadonato/tcc/tcc/data/lfw/lfw-funneled/Eduardo_Duhalde/Eduardo_Duhalde_0001.jpg,/home/anitadonato/tcc/tcc/data/lfw/lfw-funneled/Gerhard_Schroeder/Gerhard_Schroeder_0003.jpg,0.18438422679901123,0
/home/anitadonato/tcc/tcc/data/lfw/lfw-funneled/Ana_Guevara/Ana_Guevara_0002.jpg,/home/anitadonato/tcc/tcc/data/lfw/lfw-funneled/Mike_Martz/Mike_Martz_0001.jpg,0.17376691102981567,0
/home/anitadonato/tcc/tcc/data/lfw/lfw-funneled/Jacques_Chirac/Jacques_Chirac_0003.jpg,/home/anitadonato/tcc/tcc/data/lfw/lfw-funneled/Condoleezza_Rice/Condoleezza_Rice_0002.jpg,0.2137632966041565,0
/home/anitadonato/tcc/tcc/data/lfw/lfw-funneled/Yoko_Ono/Yoko_Ono_0005.jpg,/home/anitadonato/tcc/tcc/data/lfw/lfw-funneled/Roy_Moore/Roy_Moore_0003.jpg,0.2100672721862793,0
/home/anitadonato/tcc/tcc/data/lfw/lfw-funneled/Maria_Soledad_Alvear_Valenzuela/Maria_Soledad_Alvear_Valenzuela_0004.jpg,/home/anitadonato/tcc/tcc/data/lfw/lfw-funneled/Woody_Allen/Woody_Allen_0004.jpg,0.26579684019088745,0
/home/anitadonato/tcc/tcc/data/lfw/lfw-funneled/Cruz_Bustamante/Cruz_Bustamante_0002.jpg,/home/anitadonato/tcc/tcc/data/lfw/lfw-funneled/John_Paul_II/John_Paul_II_0001.jpg,0.19368553161621094,0
/home/anitadonato/tcc/tcc/data/lfw/lfw-funneled/Julie_Gerberding/Julie_Gerberding_0004.jpg,/home/anitadonato/tcc/tcc/data/lfw/lfw-funneled/Princess_Caroline/Princess_Caroline_0001.jpg,0.14819246530532837,0
/home/anitadonato/tcc/tcc/data/lfw/lfw-funneled/Li_Peng/Li_Peng_0001.jpg,/home/anitadonato/tcc/tcc/data/lfw/lfw-funneled/Hal_Gehman/Hal_Gehman_0002.jpg,0.17493677139282227,0
/home/anitadonato/tcc/tcc/data/lfw/lfw-funneled/Rudolph_Giuliani/Rudolph_Giuliani_0003.jpg,/home/anitadonato/tcc/tcc/data/lfw/lfw-funneled/Jiri_Novak/Jiri_Novak_0005.jpg,0.16009318828582764,0
/home/anitadonato/tcc/tcc/data/lfw/lfw-funneled/Jan_Ullrich/Jan_Ullrich_0004.jpg,/home/anitadonato/tcc/tcc/data/lfw/lfw-funneled/Grant_Hackett/Grant_Hackett_0003.jpg,0.17939502000808716,0
/home/anitadonato/tcc/tcc/data/lfw/lfw-funneled/Bulent_Ecevit/Bulent_Ecevit_0002.jpg,/home/anitadonato/tcc/tcc/data/lfw/lfw-funneled/Yasser_Arafat/Yasser_Arafat_0003.jpg,0.21402662992477417,0
/home/anitadonato/tcc/tcc/data/lfw/lfw-funneled/Lleyton_Hewitt/Lleyton_Hewitt_0001.jpg,/home/anitadonato/tcc/tcc/data/lfw/lfw-funneled/Michael_Powell/Michael_Powell_0003.jpg,0.2021051049232483,0
/home/anitadonato/tcc/tcc/data/lfw/lfw-funneled/Hugh_Grant/Hugh_Grant_0003.jpg,/home/anitadonato/tcc/tcc/data/lfw/lfw-funneled/Fujio_Cho/Fujio_Cho_0004.jpg,0.1832614541053772,0
/home/anitadonato/tcc/tcc/data/lfw/lfw-funneled/Juan_Carlos_Ferrero/Juan_Carlos_Ferrero_0004.jpg,/home/anitadonato/tcc/tcc/data/lfw/lfw-funneled/Jean_Chretien/Jean_Chretien_0004.jpg,0.17497718334197998,0
/home/anitadonato/tcc/tcc/data/lfw/lfw-funneled/Winona_Ryder/Winona_Ryder_0004.jpg,/home/anitadonato/tcc/tcc/data/lfw/lfw-funneled/Boris_Becker/Boris_Becker_0004.jpg,0.21149802207946777,0
/home/anitadonato/tcc/tcc/data/lfw/lfw-funneled/Zinedine_Zidane/Zinedine_Zidane_0003.jpg,/home/anitadonato/tcc/tcc/data/lfw/lfw-funneled/Tom_Harkin/Tom_Harkin_0001.jpg,0.23596292734146118,0
/home/anitadonato/tcc/tcc/data/lfw/lfw-funneled/Trent_Lott/Trent_Lott_0001.jpg,/home/anitadonato/tcc/tcc/data/lfw/lfw-funneled/Rainer_Schuettler/Rainer_Schuettler_0004.jpg,0.2247391939163208,0
/home/anitadonato/tcc/tcc/data/lfw/lfw-funneled/Megawati_Sukarnoputri/Megawati_Sukarnoputri_0005.jpg,/home/anitadonato/tcc/tcc/data/lfw/lfw-funneled/John_Paul_II/John_Paul_II_0003.jpg,0.25457775592803955,0
/home/anitadonato/tcc/tcc/data/lfw/lfw-funneled/Halle_Berry/Halle_Berry_0001.jpg,/home/anitadonato/tcc/tcc/data/lfw/lfw-funneled/Spencer_Abraham/Spencer_Abraham_0003.jpg,0.14470899105072021,0
/home/anitadonato/tcc/tcc/data/lfw/lfw-funneled/Tung_Chee-hwa/Tung_Chee-hwa_0003.jpg,/home/anitadonato/tcc/tcc/data/lfw/lfw-funneled/Li_Peng/Li_Peng_0004.jpg,0.19635289907455444,0
/home/anitadonato/tcc/tcc/data/lfw/lfw-funneled/Megawati_Sukarnoputri/Megawati_Sukarnoputri_0004.jpg,/home/anitadonato/tcc/tcc/data/lfw/lfw-funneled/Julie_Gerberding/Julie_Gerberding_0002.jpg,0.13140231370925903,0
/home/anitadonato/tcc/tcc/data/lfw/lfw-funneled/Martha_Stewart/Martha_Stewart_0003.jpg,/home/anitadonato/tcc/tcc/data/lfw/lfw-funneled/Susan_Sarandon/Susan_Sarandon_0004.jpg,0.2082393765449524,0
/home/anitadonato/tcc/tcc/data/lfw/lfw-funneled/Rudolph_Giuliani/Rudolph_Giuliani_0003.jpg,/home/anitadonato/tcc/tcc/data/lfw/lfw-funneled/Trent_Lott/Trent_Lott_0005.jpg,0.14272069931030273,0
/home/anitadonato/tcc/tcc/data/lfw/lfw-funneled/Lindsay_Davenport/Lindsay_Davenport_0001.jpg,/home/anitadonato/tcc/tcc/data/lfw/lfw-funneled/Sourav_Ganguly/Sourav_Ganguly_0001.jpg,0.23749732971191406,0
/home/anitadonato/tcc/tcc/data/lfw/lfw-funneled/Juan_Pablo_Montoya/Juan_Pablo_Montoya_0004.jpg,/home/anitadonato/tcc/tcc/data/lfw/lfw-funneled/Jean-David_Levitte/Jean-David_Levitte_0003.jpg,0.16034042835235596,0
/home/anitadonato/tcc/tcc/data/lfw/lfw-funneled/Colin_Montgomerie/Colin_Montgomerie_0002.jpg,/home/anitadonato/tcc/tcc/data/lfw/lfw-funneled/Gerhard_Schroeder/Gerhard_Schroeder_0001.jpg,0.16227781772613525,0
/home/anitadonato/tcc/tcc/data/lfw/lfw-funneled/Costas_Simitis/Costas_Simitis_0004.jpg,/home/anitadonato/tcc/tcc/data/lfw/lfw-funneled/Cameron_Diaz/Cameron_Diaz_0001.jpg,0.22303813695907593,0
/home/anitadonato/tcc/tcc/data/lfw/lfw-funneled/LeBron_James/LeBron_James_0002.jpg,/home/anitadonato/tcc/tcc/data/lfw/lfw-funneled/Ana_Guevara/Ana_Guevara_0003.jpg,0.25815385580062866,0
/home/anitadonato/tcc/tcc/data/lfw/lfw-funneled/Salma_Hayek/Salma_Hayek_0005.jpg,/home/anitadonato/tcc/tcc/data/lfw/lfw-funneled/Arminio_Fraga/Arminio_Fraga_0001.jpg,0.3104698657989502,0
/home/anitadonato/tcc/tcc/data/lfw/lfw-funneled/Megawati_Sukarnoputri/Megawati_Sukarnoputri_0004.jpg,/home/anitadonato/tcc/tcc/data/lfw/lfw-funneled/Jennifer_Lopez/Jennifer_Lopez_0003.jpg,0.15813273191452026,0
/home/anitadonato/tcc/tcc/data/lfw/lfw-funneled/Nancy_Pelosi/Nancy_Pelosi_0001.jpg,/home/anitadonato/tcc/tcc/data/lfw/lfw-funneled/Susan_Sarandon/Susan_Sarandon_0005.jpg,0.20620954036712646,0
/home/anitadonato/tcc/tcc/data/lfw/lfw-funneled/Ai_Sugiyama/Ai_Sugiyama_0003.jpg,/home/anitadonato/tcc/tcc/data/lfw/lfw-funneled/John_Travolta/John_Travolta_0004.jpg,0.20802706480026245,0
/home/anitadonato/tcc/tcc/data/lfw/lfw-funneled/Jiri_Novak/Jiri_Novak_0003.jpg,/home/anitadonato/tcc/tcc/data/lfw/lfw-funneled/Mohamed_ElBaradei/Mohamed_ElBaradei_0002.jpg,0.2199384570121765,0
/home/anitadonato/tcc/tcc/data/lfw/lfw-funneled/William_Ford_Jr/William_Ford_Jr_0002.jpg,/home/anitadonato/tcc/tcc/data/lfw/lfw-funneled/Geoff_Hoon/Geoff_Hoon_0004.jpg,0.15310490131378174,0
/home/anitadonato/tcc/tcc/data/lfw/lfw-funneled/Tom_Harkin/Tom_Harkin_0005.jpg,/home/anitadonato/tcc/tcc/data/lfw/lfw-funneled/George_Lopez/George_Lopez_0001.jpg,0.15818828344345093,0
/home/anitadonato/tcc/tcc/data/lfw/lfw-funneled/Roger_Federer/Roger_Federer_0003.jpg,/home/anitadonato/tcc/tcc/data/lfw/lfw-funneled/Princess_Caroline/Princess_Caroline_0004.jpg,0.19453388452529907,0
/home/anitadonato/tcc/tcc/data/lfw/lfw-funneled/Mike_Myers/Mike_Myers_0003.jpg,/home/anitadonato/tcc/tcc/data/lfw/lfw-funneled/JK_Rowling/JK_Rowling_0004.jpg,0.21653562784194946,0
/home/anitadonato/tcc/tcc/data/lfw/lfw-funneled/Hal_Gehman/Hal_Gehman_0002.jpg,/home/anitadonato/tcc/tcc/data/lfw/lfw-funneled/Fujio_Cho/Fujio_Cho_0001.jpg,0.20814788341522217,0
/home/anitadonato/tcc/tcc/data/lfw/lfw-funneled/Gonzalo_Sanchez_de_Lozada/Gonzalo_Sanchez_de_Lozada_0004.jpg,/home/anitadonato/tcc/tcc/data/lfw/lfw-funneled/Woody_Allen/Woody_Allen_0001.jpg,0.2526240944862366,0
/home/anitadonato/tcc/tcc/data/lfw/lfw-funneled/Amelie_Mauresmo/Amelie_Mauresmo_0003.jpg,/home/anitadonato/tcc/tcc/data/lfw/lfw-funneled/Erika_Harold/Erika_Harold_0001.jpg,0.20353001356124878,0
/home/anitadonato/tcc/tcc/data/lfw/lfw-funneled/Al_Sharpton/Al_Sharpton_0003.jpg,/home/anitadonato/tcc/tcc/data/lfw/lfw-funneled/Michelle_Yeoh/Michelle_Yeoh_0003.jpg,0.21931201219558716,0
/home/anitadonato/tcc/tcc/data/lfw/lfw-funneled/Tommy_Franks/Tommy_Franks_0002.jpg,/home/anitadonato/tcc/tcc/data/lfw/lfw-funneled/Gloria_Macapagal_Arroyo/Gloria_Macapagal_Arroyo_0003.jpg,0.20584005117416382,0
/home/anitadonato/tcc/tcc/data/lfw/lfw-funneled/Carlos_Menem/Carlos_Menem_0001.jpg,/home/anitadonato/tcc/tcc/data/lfw/lfw-funneled/Bill_Gates/Bill_Gates_0002.jpg,0.2052714228630066,0
/home/anitadonato/tcc/tcc/data/lfw/lfw-funneled/Ai_Sugiyama/Ai_Sugiyama_0004.jpg,/home/anitadonato/tcc/tcc/data/lfw/lfw-funneled/Renee_Zellweger/Renee_Zellweger_0001.jpg,0.31464558839797974,0
/home/anitadonato/tcc/tcc/data/lfw/lfw-funneled/Salma_Hayek/Salma_Hayek_0005.jpg,/home/anitadonato/tcc/tcc/data/lfw/lfw-funneled/Carmen_Electra/Carmen_Electra_0003.jpg,0.17646050453186035,0
/home/anitadonato/tcc/tcc/data/lfw/lfw-funneled/Paradorn_Srichaphan/Paradorn_Srichaphan_0002.jpg,/home/anitadonato/tcc/tcc/data/lfw/lfw-funneled/Carmen_Electra/Carmen_Electra_0005.jpg,0.23439818620681763,0
/home/anitadonato/tcc/tcc/data/lfw/lfw-funneled/Pedro_Malan/Pedro_Malan_0003.jpg,/home/anitadonato/tcc/tcc/data/lfw/lfw-funneled/Ana_Palacio/Ana_Palacio_0004.jpg,0.3054332733154297,0
/home/anitadonato/tcc/tcc/data/lfw/lfw-funneled/Julie_Gerberding/Julie_Gerberding_0004.jpg,/home/anitadonato/tcc/tcc/data/lfw/lfw-funneled/Andre_Agassi/Andre_Agassi_0005.jpg,0.2279219627380371,0
/home/anitadonato/tcc/tcc/data/lfw/lfw-funneled/Fernando_Gonzalez/Fernando_Gonzalez_0004.jpg,/home/anitadonato/tcc/tcc/data/lfw/lfw-funneled/Kristanna_Loken/Kristanna_Loken_0005.jpg,0.26840275526046753,0
/home/anitadonato/tcc/tcc/data/lfw/lfw-funneled/Bob_Hope/Bob_Hope_0003.jpg,/home/anitadonato/tcc/tcc/data/lfw/lfw-funneled/LeBron_James/LeBron_James_0001.jpg,0.17430537939071655,0
/home/anitadonato/tcc/tcc/data/lfw/lfw-funneled/Gonzalo_Sanchez_de_Lozada/Gonzalo_Sanchez_de_Lozada_0005.jpg,/home/anitadonato/tcc/tcc/data/lfw/lfw-funneled/Paradorn_Srichaphan/Paradorn_Srichaphan_0003.jpg,0.172046959400177,0
/home/anitadonato/tcc/tcc/data/lfw/lfw-funneled/LeBron_James/LeBron_James_0005.jpg,/home/anitadonato/tcc/tcc/data/lfw/lfw-funneled/Michael_Powell/Michael_Powell_0005.jpg,0.2055802345275879,0
/home/anitadonato/tcc/tcc/data/lfw/lfw-funneled/John_Paul_II/John_Paul_II_0002.jpg,/home/anitadonato/tcc/tcc/data/lfw/lfw-funneled/Kristanna_Loken/Kristanna_Loken_0004.jpg,0.2618374228477478,0
/home/anitadonato/tcc/tcc/data/lfw/lfw-funneled/Bob_Graham/Bob_Graham_0001.jpg,/home/anitadonato/tcc/tcc/data/lfw/lfw-funneled/Paul_Martin/Paul_Martin_0005.jpg,0.22952038049697876,0
/home/anitadonato/tcc/tcc/data/lfw/lfw-funneled/Jennifer_Lopez/Jennifer_Lopez_0002.jpg,/home/anitadonato/tcc/tcc/data/lfw/lfw-funneled/John_Ashcroft/John_Ashcroft_0002.jpg,0.18169885873794556,0
/home/anitadonato/tcc/tcc/data/lfw/lfw-funneled/Halle_Berry/Halle_Berry_0002.jpg,/home/anitadonato/tcc/tcc/data/lfw/lfw-funneled/John_Bolton/John_Bolton_0003.jpg,0.19588959217071533,0
/home/anitadonato/tcc/tcc/data/lfw/lfw-funneled/Tom_Harkin/Tom_Harkin_0001.jpg,/home/anitadonato/tcc/tcc/data/lfw/lfw-funneled/Britney_Spears/Britney_Spears_0003.jpg,0.19750499725341797,0
/home/anitadonato/tcc/tcc/data/lfw/lfw-funneled/Pervez_Musharraf/Pervez_Musharraf_0005.jpg,/home/anitadonato/tcc/tcc/data/lfw/lfw-funneled/Abdullah_Gul/Abdullah_Gul_0003.jpg,0.3267512321472168,0
/home/anitadonato/tcc/tcc/data/lfw/lfw-funneled/LeBron_James/LeBron_James_0003.jpg,/home/anitadonato/tcc/tcc/data/lfw/lfw-funneled/John_Manley/John_Manley_0005.jpg,0.19814223051071167,0
/home/anitadonato/tcc/tcc/data/lfw/lfw-funneled/John_Snow/John_Snow_0005.jpg,/home/anitadonato/tcc/tcc/data/lfw/lfw-funneled/Amelia_Vega/Amelia_Vega_0002.jpg,0.23913097381591797,0
/home/anitadonato/tcc/tcc/data/lfw/lfw-funneled/Paul_ONeill/Paul_ONeill_0002.jpg,/home/anitadonato/tcc/tcc/data/lfw/lfw-funneled/Condoleezza_Rice/Condoleezza_Rice_0002.jpg,0.17700570821762085,0
/home/anitadonato/tcc/tcc/data/lfw/lfw-funneled/Kurt_Warner/Kurt_Warner_0005.jpg,/home/anitadonato/tcc/tcc/data/lfw/lfw-funneled/Nicanor_Duarte_Frutos/Nicanor_Duarte_Frutos_0003.jpg,0.255329430103302,0
/home/anitadonato/tcc/tcc/data/lfw/lfw-funneled/Tom_Cruise/Tom_Cruise_0001.jpg,/home/anitadonato/tcc/tcc/data/lfw/lfw-funneled/Rudolph_Giuliani/Rudolph_Giuliani_0001.jpg,0.210066020488739,0
/home/anitadonato/tcc/tcc/data/lfw/lfw-funneled/Yoko_Ono/Yoko_Ono_0005.jpg,/home/anitadonato/tcc/tcc/data/lfw/lfw-funneled/Maria_Soledad_Alvear_Valenzuela/Maria_Soledad_Alvear_Valenzuela_0003.jpg,0.21502113342285156,0
/home/anitadonato/tcc/tcc/data/lfw/lfw-funneled/Mohamed_ElBaradei/Mohamed_ElBaradei_0005.jpg,/home/anitadonato/tcc/tcc/data/lfw/lfw-funneled/Liza_Minnelli/Liza_Minnelli_0004.jpg,0.19660747051239014,0
/home/anitadonato/tcc/tcc/data/lfw/lfw-funneled/Valery_Giscard_dEstaing/Valery_Giscard_dEstaing_0001.jpg,/home/anitadonato/tcc/tcc/data/lfw/lfw-funneled/Jean-David_Levitte/Jean-David_Levitte_0004.jpg,0.13978999853134155,0
/home/anitadonato/tcc/tcc/data/lfw/lfw-funneled/John_Manley/John_Manley_0003.jpg,/home/anitadonato/tcc/tcc/data/lfw/lfw-funneled/Grant_Hackett/Grant_Hackett_0003.jpg,0.20103174448013306,0
/home/anitadonato/tcc/tcc/data/lfw/lfw-funneled/Sheryl_Crow/Sheryl_Crow_0004.jpg,/home/anitadonato/tcc/tcc/data/lfw/lfw-funneled/John_Allen_Muhammad/John_Allen_Muhammad_0003.jpg,0.16867005825042725,0
/home/anitadonato/tcc/tcc/data/lfw/lfw-funneled/Vanessa_Redgrave/Vanessa_Redgrave_0001.jpg,/home/anitadonato/tcc/tcc/data/lfw/lfw-funneled/Bob_Hope/Bob_Hope_0002.jpg,0.17557936906814575,0
/home/anitadonato/tcc/tcc/data/lfw/lfw-funneled/Clara_Harris/Clara_Harris_0004.jpg,/home/anitadonato/tcc/tcc/data/lfw/lfw-funneled/Nia_Vardalos/Nia_Vardalos_0004.jpg,0.1598913073539734,0
/home/anitadonato/tcc/tcc/data/lfw/lfw-funneled/Ann_Veneman/Ann_Veneman_0005.jpg,/home/anitadonato/tcc/tcc/data/lfw/lfw-funneled/David_Trimble/David_Trimble_0002.jpg,0.18611019849777222,0
/home/anitadonato/tcc/tcc/data/lfw/lfw-funneled/Jiri_Novak/Jiri_Novak_0003.jpg,/home/anitadonato/tcc/tcc/data/lfw/lfw-funneled/Julie_Gerberding/Julie_Gerberding_0003.jpg,0.26306354999542236,0
/home/anitadonato/tcc/tcc/data/lfw/lfw-funneled/Juan_Carlos_Ferrero/Juan_Carlos_Ferrero_0003.jpg,/home/anitadonato/tcc/tcc/data/lfw/lfw-funneled/Paul_Burrell/Paul_Burrell_0005.jpg,0.22963964939117432,0
/home/anitadonato/tcc/tcc/data/lfw/lfw-funneled/Roh_Moo-hyun/Roh_Moo-hyun_0003.jpg,/home/anitadonato/tcc/tcc/data/lfw/lfw-funneled/Robert_De_Niro/Robert_De_Niro_0002.jpg,0.198744535446167,0
/home/anitadonato/tcc/tcc/data/lfw/lfw-funneled/Paradorn_Srichaphan/Paradorn_Srichaphan_0003.jpg,/home/anitadonato/tcc/tcc/data/lfw/lfw-funneled/Fujio_Cho/Fujio_Cho_0004.jpg,0.1362532377243042,0
/home/anitadonato/tcc/tcc/data/lfw/lfw-funneled/Norm_Coleman/Norm_Coleman_0001.jpg,/home/anitadonato/tcc/tcc/data/lfw/lfw-funneled/Costas_Simitis/Costas_Simitis_0001.jpg,0.213911771774292,0
/home/anitadonato/tcc/tcc/data/lfw/lfw-funneled/Tom_Crean/Tom_Crean_0005.jpg,/home/anitadonato/tcc/tcc/data/lfw/lfw-funneled/Arminio_Fraga/Arminio_Fraga_0004.jpg,0.25377756357192993,0
/home/anitadonato/tcc/tcc/data/lfw/lfw-funneled/Norm_Coleman/Norm_Coleman_0003.jpg,/home/anitadonato/tcc/tcc/data/lfw/lfw-funneled/Tommy_Franks/Tommy_Franks_0005.jpg,0.2352311611175537,0
/home/anitadonato/tcc/tcc/data/lfw/lfw-funneled/Andre_Agassi/Andre_Agassi_0002.jpg,/home/anitadonato/tcc/tcc/data/lfw/lfw-funneled/Jiri_Novak/Jiri_Novak_0002.jpg,0.20648735761642456,0
/home/anitadonato/tcc/tcc/data/lfw/lfw-funneled/David_Anderson/David_Anderson_0001.jpg,/home/anitadonato/tcc/tcc/data/lfw/lfw-funneled/Mark_Hurlbert/Mark_Hurlbert_0001.jpg,0.22674107551574707,0
/home/anitadonato/tcc/tcc/data/lfw/lfw-funneled/Walter_Mondale/Walter_Mondale_0004.jpg,/home/anitadonato/tcc/tcc/data/lfw/lfw-funneled/Antonio_Banderas/Antonio_Banderas_0002.jpg,0.19128739833831787,0
/home/anitadonato/tcc/tcc/data/lfw/lfw-funneled/Cesar_Gaviria/Cesar_Gaviria_0003.jpg,/home/anitadonato/tcc/tcc/data/lfw/lfw-funneled/Russell_Simmons/Russell_Simmons_0001.jpg,0.14522475004196167,0
/home/anitadonato/tcc/tcc/data/lfw/lfw-funneled/Mohammed_Al-Douri/Mohammed_Al-Douri_0004.jpg,/home/anitadonato/tcc/tcc/data/lfw/lfw-funneled/Britney_Spears/Britney_Spears_0005.jpg,0.2589230537414551,0
/home/anitadonato/tcc/tcc/data/lfw/lfw-funneled/Paul_McCartney/Paul_McCartney_0004.jpg,/home/anitadonato/tcc/tcc/data/lfw/lfw-funneled/Michael_Chiklis/Michael_Chiklis_0003.jpg,0.23804908990859985,0
/home/anitadonato/tcc/tcc/data/lfw/lfw-funneled/Ludivine_Sagnier/Ludivine_Sagnier_0001.jpg,/home/anitadonato/tcc/tcc/data/lfw/lfw-funneled/Alvaro_Uribe/Alvaro_Uribe_0004.jpg,0.17380821704864502,0
/home/anitadonato/tcc/tcc/data/lfw/lfw-funneled/Hillary_Clinton/Hillary_Clinton_0003.jpg,/home/anitadonato/tcc/tcc/data/lfw/lfw-funneled/Roger_Federer/Roger_Federer_0004.jpg,0.2132663130760193,0
/home/anitadonato/tcc/tcc/data/lfw/lfw-funneled/Hans_Blix/Hans_Blix_0004.jpg,/home/anitadonato/tcc/tcc/data/lfw/lfw-funneled/Yoko_Ono/Yoko_Ono_0001.jpg,0.1882837414741516,0
/home/anitadonato/tcc/tcc/data/lfw/lfw-funneled/Zhu_Rongji/Zhu_Rongji_0002.jpg,/home/anitadonato/tcc/tcc/data/lfw/lfw-funneled/Roh_Moo-hyun/Roh_Moo-hyun_0003.jpg,0.2665313482284546,0
/home/anitadonato/tcc/tcc/data/lfw/lfw-funneled/Antonio_Banderas/Antonio_Banderas_0005.jpg,/home/anitadonato/tcc/tcc/data/lfw/lfw-funneled/Gonzalo_Sanchez_de_Lozada/Gonzalo_Sanchez_de_Lozada_0003.jpg,0.30207502841949463,0
/home/anitadonato/tcc/tcc/data/lfw/lfw-funneled/Nicanor_Duarte_Frutos/Nicanor_Duarte_Frutos_0005.jpg,/home/anitadonato/tcc/tcc/data/lfw/lfw-funneled/Amelie_Mauresmo/Amelie_Mauresmo_0001.jpg,0.22012370824813843,0
/home/anitadonato/tcc/tcc/data/lfw/lfw-funneled/LeBron_James/LeBron_James_0004.jpg,/home/anitadonato/tcc/tcc/data/lfw/lfw-funneled/Natalie_Coughlin/Natalie_Coughlin_0003.jpg,0.18924295902252197,0
/home/anitadonato/tcc/tcc/data/lfw/lfw-funneled/Winona_Ryder/Winona_Ryder_0003.jpg,/home/anitadonato/tcc/tcc/data/lfw/lfw-funneled/Steve_Lavin/Steve_Lavin_0002.jpg,0.20241641998291016,0
/home/anitadonato/tcc/tcc/data/lfw/lfw-funneled/Pervez_Musharraf/Pervez_Musharraf_0005.jpg,/home/anitadonato/tcc/tcc/data/lfw/lfw-funneled/Megawati_Sukarnoputri/Megawati_Sukarnoputri_0004.jpg,0.294874906539917,0
/home/anitadonato/tcc/tcc/data/lfw/lfw-funneled/Bob_Graham/Bob_Graham_0001.jpg,/home/anitadonato/tcc/tcc/data/lfw/lfw-funneled/Rudolph_Giuliani/Rudolph_Giuliani_0001.jpg,0.19168627262115479,0
/home/anitadonato/tcc/tcc/data/lfw/lfw-funneled/Ai_Sugiyama/Ai_Sugiyama_0003.jpg,/home/anitadonato/tcc/tcc/data/lfw/lfw-funneled/Gloria_Macapagal_Arroyo/Gloria_Macapagal_Arroyo_0004.jpg,0.23745906352996826,0
/home/anitadonato/tcc/tcc/data/lfw/lfw-funneled/Tom_Harkin/Tom_Harkin_0002.jpg,/home/anitadonato/tcc/tcc/data/lfw/lfw-funneled/Vanessa_Redgrave/Vanessa_Redgrave_0005.jpg,0.1634829044342041,0
/home/anitadonato/tcc/tcc/data/lfw/lfw-funneled/Colin_Montgomerie/Colin_Montgomerie_0003.jpg,/home/anitadonato/tcc/tcc/data/lfw/lfw-funneled/Ai_Sugiyama/Ai_Sugiyama_0005.jpg,0.17114496231079102,0
/home/anitadonato/tcc/tcc/data/lfw/lfw-funneled/Erika_Harold/Erika_Harold_0004.jpg,/home/anitadonato/tcc/tcc/data/lfw/lfw-funneled/Colin_Powell/Colin_Powell_0005.jpg,0.3197222948074341,0
/home/anitadonato/tcc/tcc/data/lfw/lfw-funneled/Robert_Zoellick/Robert_Zoellick_0005.jpg,/home/anitadonato/tcc/tcc/data/lfw/lfw-funneled/Richard_Gephardt/Richard_Gephardt_0003.jpg,0.20893347263336182,0
/home/anitadonato/tcc/tcc/data/lfw/lfw-funneled/Antonio_Banderas/Antonio_Banderas_0005.jpg,/home/anitadonato/tcc/tcc/data/lfw/lfw-funneled/Carlos_Menem/Carlos_Menem_0004.jpg,0.18526238203048706,0
/home/anitadonato/tcc/tcc/data/lfw/lfw-funneled/John_Bolton/John_Bolton_0003.jpg,/home/anitadonato/tcc/tcc/data/lfw/lfw-funneled/Tom_Cruise/Tom_Cruise_0004.jpg,0.23436510562896729,0
/home/anitadonato/tcc/tcc/data/lfw/lfw-funneled/Heidi_Klum/Heidi_Klum_0003.jpg,/home/anitadonato/tcc/tcc/data/lfw/lfw-funneled/Zinedine_Zidane/Zinedine_Zidane_0001.jpg,0.13532334566116333,0
/home/anitadonato/tcc/tcc/data/lfw/lfw-funneled/Nia_Vardalos/Nia_Vardalos_0003.jpg,/home/anitadonato/tcc/tcc/data/lfw/lfw-funneled/Russell_Simmons/Russell_Simmons_0001.jpg,0.18036121129989624,0
/home/anitadonato/tcc/tcc/data/lfw/lfw-funneled/Martin_Scorsese/Martin_Scorsese_0003.jpg,/home/anitadonato/tcc/tcc/data/lfw/lfw-funneled/Pamela_Anderson/Pamela_Anderson_0005.jpg,0.16210776567459106,0
/home/anitadonato/tcc/tcc/data/lfw/lfw-funneled/Kofi_Annan/Kofi_Annan_0001.jpg,/home/anitadonato/tcc/tcc/data/lfw/lfw-funneled/Muhammad_Saeed_al-Sahhaf/Muhammad_Saeed_al-Sahhaf_0005.jpg,0.19207686185836792,0
/home/anitadonato/tcc/tcc/data/lfw/lfw-funneled/Joseph_Biden/Joseph_Biden_0005.jpg,/home/anitadonato/tcc/tcc/data/lfw/lfw-funneled/Jennifer_Capriati/Jennifer_Capriati_0005.jpg,0.19847774505615234,0
/home/anitadonato/tcc/tcc/data/lfw/lfw-funneled/Princess_Caroline/Princess_Caroline_0002.jpg,/home/anitadonato/tcc/tcc/data/lfw/lfw-funneled/Jean-Pierre_Raffarin/Jean-Pierre_Raffarin_0002.jpg,0.22694647312164307,0
/home/anitadonato/tcc/tcc/data/lfw/lfw-funneled/Thaksin_Shinawatra/Thaksin_Shinawatra_0001.jpg,/home/anitadonato/tcc/tcc/data/lfw/lfw-funneled/Silvio_Berlusconi/Silvio_Berlusconi_0002.jpg,0.2352529764175415,0
/home/anitadonato/tcc/tcc/data/lfw/lfw-funneled/Heidi_Klum/Heidi_Klum_0003.jpg,/home/anitadonato/tcc/tcc/data/lfw/lfw-funneled/Clara_Harris/Clara_Harris_0004.jpg,0.20869523286819458,0
/home/anitadonato/tcc/tcc/data/lfw/lfw-funneled/Wayne_Ferreira/Wayne_Ferreira_0002.jpg,/home/anitadonato/tcc/tcc/data/lfw/lfw-funneled/Fernando_Gonzalez/Fernando_Gonzalez_0004.jpg,0.18806731700897217,0
/home/anitadonato/tcc/tcc/data/lfw/lfw-funneled/Bob_Graham/Bob_Graham_0005.jpg,/home/anitadonato/tcc/tcc/data/lfw/lfw-funneled/Princess_Caroline/Princess_Caroline_0004.jpg,0.16982710361480713,0
/home/anitadonato/tcc/tcc/data/lfw/lfw-funneled/Natalie_Maines/Natalie_Maines_0001.jpg,/home/anitadonato/tcc/tcc/data/lfw/lfw-funneled/Trent_Lott/Trent_Lott_0002.jpg,0.21178966760635376,0
/home/anitadonato/tcc/tcc/data/lfw/lfw-funneled/Tom_Harkin/Tom_Harkin_0005.jpg,/home/anitadonato/tcc/tcc/data/lfw/lfw-funneled/Liza_Minnelli/Liza_Minnelli_0003.jpg,0.18521350622177124,0
/home/anitadonato/tcc/tcc/data/lfw/lfw-funneled/Tung_Chee-hwa/Tung_Chee-hwa_0005.jpg,/home/anitadonato/tcc/tcc/data/lfw/lfw-funneled/Joseph_Biden/Joseph_Biden_0004.jpg,0.18595588207244873,0
/home/anitadonato/tcc/tcc/data/lfw/lfw-funneled/Jiri_Novak/Jiri_Novak_0004.jpg,/home/anitadonato/tcc/tcc/data/lfw/lfw-funneled/Woody_Allen/Woody_Allen_0005.jpg,0.20947855710983276,0
/home/anitadonato/tcc/tcc/data/lfw/lfw-funneled/David_Trimble/David_Trimble_0003.jpg,/home/anitadonato/tcc/tcc/data/lfw/lfw-funneled/Grant_Hackett/Grant_Hackett_0003.jpg,0.19313985109329224,0
/home/anitadonato/tcc/tcc/data/lfw/lfw-funneled/JK_Rowling/JK_Rowling_0002.jpg,/home/anitadonato/tcc/tcc/data/lfw/lfw-funneled/Sheryl_Crow/Sheryl_Crow_0002.jpg,0.16240084171295166,0
/home/anitadonato/tcc/tcc/data/lfw/lfw-funneled/Victoria_Clarke/Victoria_Clarke_0003.jpg,/home/anitadonato/tcc/tcc/data/lfw/lfw-funneled/Steve_Lavin/Steve_Lavin_0002.jpg,0.17595630884170532,0
/home/anitadonato/tcc/tcc/data/lfw/lfw-funneled/Richard_Gephardt/Richard_Gephardt_0003.jpg,/home/anitadonato/tcc/tcc/data/lfw/lfw-funneled/Jacques_Chirac/Jacques_Chirac_0002.jpg,0.19687020778656006,0
/home/anitadonato/tcc/tcc/data/lfw/lfw-funneled/Martha_Stewart/Martha_Stewart_0004.jpg,/home/anitadonato/tcc/tcc/data/lfw/lfw-funneled/Angelina_Jolie/Angelina_Jolie_0003.jpg,0.26515626907348633,0
/home/anitadonato/tcc/tcc/data/lfw/lfw-funneled/Joseph_Biden/Joseph_Biden_0005.jpg,/home/anitadonato/tcc/tcc/data/lfw/lfw-funneled/Yashwant_Sinha/Yashwant_Sinha_0003.jpg,0.18177872896194458,0
/home/anitadonato/tcc/tcc/data/lfw/lfw-funneled/Thabo_Mbeki/Thabo_Mbeki_0005.jpg,/home/anitadonato/tcc/tcc/data/lfw/lfw-funneled/Fujio_Cho/Fujio_Cho_0005.jpg,0.17665159702301025,0
/home/anitadonato/tcc/tcc/data/lfw/lfw-funneled/Jean-Pierre_Raffarin/Jean-Pierre_Raffarin_0003.jpg,/home/anitadonato/tcc/tcc/data/lfw/lfw-funneled/Jan_Ullrich/Jan_Ullrich_0002.jpg,0.22634387016296387,0
/home/anitadonato/tcc/tcc/data/lfw/lfw-funneled/Tom_Crean/Tom_Crean_0003.jpg,/home/anitadonato/tcc/tcc/data/lfw/lfw-funneled/Rudolph_Giuliani/Rudolph_Giuliani_0001.jpg,0.15999603271484375,0
/home/anitadonato/tcc/tcc/data/lfw/lfw-funneled/Mike_Martz/Mike_Martz_0003.jpg,/home/anitadonato/tcc/tcc/data/lfw/lfw-funneled/Susan_Sarandon/Susan_Sarandon_0004.jpg,0.21228045225143433,0
/home/anitadonato/tcc/tcc/data/lfw/lfw-funneled/Mike_Myers/Mike_Myers_0005.jpg,/home/anitadonato/tcc/tcc/data/lfw/lfw-funneled/Hal_Gehman/Hal_Gehman_0003.jpg,0.1651400327682495,0
/home/anitadonato/tcc/tcc/data/lfw/lfw-funneled/Robert_De_Niro/Robert_De_Niro_0005.jpg,/home/anitadonato/tcc/tcc/data/lfw/lfw-funneled/Michael_Schumacher/Michael_Schumacher_0002.jpg,0.18290776014328003,0
/home/anitadonato/tcc/tcc/data/lfw/lfw-funneled/John_Allen_Muhammad/John_Allen_Muhammad_0005.jpg,/home/anitadonato/tcc/tcc/data/lfw/lfw-funneled/Mohammed_Al-Douri/Mohammed_Al-Douri_0002.jpg,0.15295416116714478,0
/home/anitadonato/tcc/tcc/data/lfw/lfw-funneled/Jean-David_Levitte/Jean-David_Levitte_0001.jpg,/home/anitadonato/tcc/tcc/data/lfw/lfw-funneled/Ian_Thorpe/Ian_Thorpe_0001.jpg,0.22433841228485107,0
/home/anitadonato/tcc/tcc/data/lfw/lfw-funneled/Fernando_Gonzalez/Fernando_Gonzalez_0004.jpg,/home/anitadonato/tcc/tcc/data/lfw/lfw-funneled/Bernard_Law/Bernard_Law_0001.jpg,0.18256616592407227,0
/home/anitadonato/tcc/tcc/data/lfw/lfw-funneled/Amelie_Mauresmo/Amelie_Mauresmo_0002.jpg,/home/anitadonato/tcc/tcc/data/lfw/lfw-funneled/Jacques_Chirac/Jacques_Chirac_0001.jpg,0.20496755838394165,0
/home/anitadonato/tcc/tcc/data/lfw/lfw-funneled/Al_Sharpton/Al_Sharpton_0004.jpg,/home/anitadonato/tcc/tcc/data/lfw/lfw-funneled/Tommy_Franks/Tommy_Franks_0004.jpg,0.20833230018615723,0
/home/anitadonato/tcc/tcc/data/lfw/lfw-funneled/Joseph_Biden/Joseph_Biden_0002.jpg,/home/anitadonato/tcc/tcc/data/lfw/lfw-funneled/Mohamed_ElBaradei/Mohamed_ElBaradei_0003.jpg,0.1871148943901062,0
/home/anitadonato/tcc/tcc/data/lfw/lfw-funneled/Halle_Berry/Halle_Berry_0001.jpg,/home/anitadonato/tcc/tcc/data/lfw/lfw-funneled/Thabo_Mbeki/Thabo_Mbeki_0001.jpg,0.24627459049224854,0
/home/anitadonato/tcc/tcc/data/lfw/lfw-funneled/Mohamed_ElBaradei/Mohamed_ElBaradei_0002.jpg,/home/anitadonato/tcc/tcc/data/lfw/lfw-funneled/Silvio_Berlusconi/Silvio_Berlusconi_0005.jpg,0.2369285225868225,0
/home/anitadonato/tcc/tcc/data/lfw/lfw-funneled/Robert_Zoellick/Robert_Zoellick_0001.jpg,/home/anitadonato/tcc/tcc/data/lfw/lfw-funneled/Rob_Marshall/Rob_Marshall_0002.jpg,0.26055610179901123,0
/home/anitadonato/tcc/tcc/data/lfw/lfw-funneled/Nia_Vardalos/Nia_Vardalos_0001.jpg,/home/anitadonato/tcc/tcc/data/lfw/lfw-funneled/Vladimir_Putin/Vladimir_Putin_0004.jpg,0.2063896656036377,0
/home/anitadonato/tcc/tcc/data/lfw/lfw-funneled/Meryl_Streep/Meryl_Streep_0003.jpg,/home/anitadonato/tcc/tcc/data/lfw/lfw-funneled/Boris_Becker/Boris_Becker_0001.jpg,0.2632039189338684,0
/home/anitadonato/tcc/tcc/data/lfw/lfw-funneled/Alvaro_Uribe/Alvaro_Uribe_0005.jpg,/home/anitadonato/tcc/tcc/data/lfw/lfw-funneled/Richard_Gephardt/Richard_Gephardt_0005.jpg,0.19809263944625854,0
/home/anitadonato/tcc/tcc/data/lfw/lfw-funneled/Robert_De_Niro/Robert_De_Niro_0003.jpg,/home/anitadonato/tcc/tcc/data/lfw/lfw-funneled/Peter_Struck/Peter_Struck_0004.jpg,0.2105293869972229,0
/home/anitadonato/tcc/tcc/data/lfw/lfw-funneled/Maria_Soledad_Alvear_Valenzuela/Maria_Soledad_Alvear_Valenzuela_0005.jpg,/home/anitadonato/tcc/tcc/data/lfw/lfw-funneled/Grant_Hackett/Grant_Hackett_0004.jpg,0.23023825883865356,0
/home/anitadonato/tcc/tcc/data/lfw/lfw-funneled/Hillary_Clinton/Hillary_Clinton_0004.jpg,/home/anitadonato/tcc/tcc/data/lfw/lfw-funneled/Antonio_Banderas/Antonio_Banderas_0003.jpg,0.19315749406814575,0
/home/anitadonato/tcc/tcc/data/lfw/lfw-funneled/Jeremy_Greenstock/Jeremy_Greenstock_0003.jpg,/home/anitadonato/tcc/tcc/data/lfw/lfw-funneled/Sharon_Stone/Sharon_Stone_0002.jpg,0.19747000932693481,0
/home/anitadonato/tcc/tcc/data/lfw/lfw-funneled/John_Stockton/John_Stockton_0003.jpg,/home/anitadonato/tcc/tcc/data/lfw/lfw-funneled/Mike_Weir/Mike_Weir_0002.jpg,0.22814399003982544,0
/home/anitadonato/tcc/tcc/data/lfw/lfw-funneled/Tiger_Woods/Tiger_Woods_0003.jpg,/home/anitadonato/tcc/tcc/data/lfw/lfw-funneled/Natalie_Maines/Natalie_Maines_0003.jpg,0.21598613262176514,0
/home/anitadonato/tcc/tcc/data/lfw/lfw-funneled/Zhu_Rongji/Zhu_Rongji_0002.jpg,/home/anitadonato/tcc/tcc/data/lfw/lfw-funneled/Michael_Chiklis/Michael_Chiklis_0002.jpg,0.2161194086074829,0
/home/anitadonato/tcc/tcc/data/lfw/lfw-funneled/JK_Rowling/JK_Rowling_0004.jpg,/home/anitadonato/tcc/tcc/data/lfw/lfw-funneled/Jean-David_Levitte/Jean-David_Levitte_0004.jpg,0.16546916961669922,0
/home/anitadonato/tcc/tcc/data/lfw/lfw-funneled/Colin_Montgomerie/Colin_Montgomerie_0001.jpg,/home/anitadonato/tcc/tcc/data/lfw/lfw-funneled/Robert_Blake/Robert_Blake_0004.jpg,0.24593281745910645,0
/home/anitadonato/tcc/tcc/data/lfw/lfw-funneled/Juan_Pablo_Montoya/Juan_Pablo_Montoya_0002.jpg,/home/anitadonato/tcc/tcc/data/lfw/lfw-funneled/Natalie_Coughlin/Natalie_Coughlin_0002.jpg,0.20848959684371948,0
/home/anitadonato/tcc/tcc/data/lfw/lfw-funneled/Joseph_Biden/Joseph_Biden_0002.jpg,/home/anitadonato/tcc/tcc/data/lfw/lfw-funneled/Halle_Berry/Halle_Berry_0001.jpg,0.2655814290046692,0
/home/anitadonato/tcc/tcc/data/lfw/lfw-funneled/Anna_Kournikova/Anna_Kournikova_0002.jpg,/home/anitadonato/tcc/tcc/data/lfw/lfw-funneled/Arminio_Fraga/Arminio_Fraga_0004.jpg,0.32768309116363525,0
/home/anitadonato/tcc/tcc/data/lfw/lfw-funneled/Yasser_Arafat/Yasser_Arafat_0003.jpg,/home/anitadonato/tcc/tcc/data/lfw/lfw-funneled/George_HW_Bush/George_HW_Bush_0003.jpg,0.21250855922698975,0
/home/anitadonato/tcc/tcc/data/lfw/lfw-funneled/Russell_Simmons/Russell_Simmons_0005.jpg,/home/anitadonato/tcc/tcc/data/lfw/lfw-funneled/Rob_Marshall/Rob_Marshall_0001.jpg,0.19395983219146729,0
/home/anitadonato/tcc/tcc/data/lfw/lfw-funneled/Anna_Kournikova/Anna_Kournikova_0003.jpg,/home/anitadonato/tcc/tcc/data/lfw/lfw-funneled/Paul_McCartney/Paul_McCartney_0002.jpg,0.24995672702789307,0
/home/anitadonato/tcc/tcc/data/lfw/lfw-funneled/Kevin_Costner/Kevin_Costner_0001.jpg,/home/anitadonato/tcc/tcc/data/lfw/lfw-funneled/Kalpana_Chawla/Kalpana_Chawla_0004.jpg,0.18265461921691895,0
/home/anitadonato/tcc/tcc/data/lfw/lfw-funneled/David_Anderson/David_Anderson_0004.jpg,/home/anitadonato/tcc/tcc/data/lfw/lfw-funneled/Tommy_Franks/Tommy_Franks_0005.jpg,0.20643365383148193,0
/home/anitadonato/tcc/tcc/data/lfw/lfw-funneled/Angelina_Jolie/Angelina_Jolie_0003.jpg,/home/anitadonato/tcc/tcc/data/lfw/lfw-funneled/Jacques_Chirac/Jacques_Chirac_0001.jpg,0.2822897434234619,0
/home/anitadonato/tcc/tcc/data/lfw/lfw-funneled/Jean-David_Levitte/Jean-David_Levitte_0003.jpg,/home/anitadonato/tcc/tcc/data/lfw/lfw-funneled/Li_Peng/Li_Peng_0005.jpg,0.21317434310913086,0
/home/anitadonato/tcc/tcc/data/lfw/lfw-funneled/John_Negroponte/John_Negroponte_0004.jpg,/home/anitadonato/tcc/tcc/data/lfw/lfw-funneled/Hillary_Clinton/Hillary_Clinton_0002.jpg,0.2509269714355469,0
/home/anitadonato/tcc/tcc/data/lfw/lfw-funneled/Vanessa_Redgrave/Vanessa_Redgrave_0005.jpg,/home/anitadonato/tcc/tcc/data/lfw/lfw-funneled/Gerhard_Schroeder/Gerhard_Schroeder_0003.jpg,0.15645688772201538,0
/home/anitadonato/tcc/tcc/data/lfw/lfw-funneled/Nia_Vardalos/Nia_Vardalos_0005.jpg,/home/anitadonato/tcc/tcc/data/lfw/lfw-funneled/Angela_Merkel/Angela_Merkel_0004.jpg,0.1991690993309021,0
/home/anitadonato/tcc/tcc/data/lfw/lfw-funneled/Bill_McBride/Bill_McBride_0002.jpg,/home/anitadonato/tcc/tcc/data/lfw/lfw-funneled/Ludivine_Sagnier/Ludivine_Sagnier_0002.jpg,0.1681310534477234,0
/home/anitadonato/tcc/tcc/data/lfw/lfw-funneled/Amelie_Mauresmo/Amelie_Mauresmo_0005.jpg,/home/anitadonato/tcc/tcc/data/lfw/lfw-funneled/Bill_McBride/Bill_McBride_0001.jpg,0.17139536142349243,0
/home/anitadonato/tcc/tcc/data/lfw/lfw-funneled/Atal_Bihari_Vajpayee/Atal_Bihari_Vajpayee_0005.jpg,/home/anitadonato/tcc/tcc/data/lfw/lfw-funneled/Xavier_Malisse/Xavier_Malisse_0003.jpg,0.21647244691848755,0
/home/anitadonato/tcc/tcc/data/lfw/lfw-funneled/Frank_Solich/Frank_Solich_0001.jpg,/home/anitadonato/tcc/tcc/data/lfw/lfw-funneled/Tom_Cruise/Tom_Cruise_0001.jpg,0.21769553422927856,0
/home/anitadonato/tcc/tcc/data/lfw/lfw-funneled/Al_Sharpton/Al_Sharpton_0002.jpg,/home/anitadonato/tcc/tcc/data/lfw/lfw-funneled/Antonio_Banderas/Antonio_Banderas_0005.jpg,0.1730821132659912,0
/home/anitadonato/tcc/tcc/data/lfw/lfw-funneled/Ludivine_Sagnier/Ludivine_Sagnier_0002.jpg,/home/anitadonato/tcc/tcc/data/lfw/lfw-funneled/Wayne_Ferreira/Wayne_Ferreira_0003.jpg,0.16048657894134521,0
/home/anitadonato/tcc/tcc/data/lfw/lfw-funneled/Tom_Daschle/Tom_Daschle_0001.jpg,/home/anitadonato/tcc/tcc/data/lfw/lfw-funneled/Susan_Sarandon/Susan_Sarandon_0002.jpg,0.22101235389709473,0
/home/anitadonato/tcc/tcc/data/lfw/lfw-funneled/Julie_Gerberding/Julie_Gerberding_0004.jpg,/home/anitadonato/tcc/tcc/data/lfw/lfw-funneled/Russell_Simmons/Russell_Simmons_0001.jpg,0.18292313814163208,0
/home/anitadonato/tcc/tcc/data/lfw/lfw-funneled/Carlos_Menem/Carlos_Menem_0001.jpg,/home/anitadonato/tcc/tcc/data/lfw/lfw-funneled/Xavier_Malisse/Xavier_Malisse_0004.jpg,0.24897313117980957,0
/home/anitadonato/tcc/tcc/data/lfw/lfw-funneled/Tom_Cruise/Tom_Cruise_0005.jpg,/home/anitadonato/tcc/tcc/data/lfw/lfw-funneled/Paul_Martin/Paul_Martin_0004.jpg,0.21912235021591187,0
/home/anitadonato/tcc/tcc/data/lfw/lfw-funneled/Michael_Chiklis/Michael_Chiklis_0001.jpg,/home/anitadonato/tcc/tcc/data/lfw/lfw-funneled/David_Anderson/David_Anderson_0004.jpg,0.22963392734527588,0
/home/anitadonato/tcc/tcc/data/lfw/lfw-funneled/Benjamin_Netanyahu/Benjamin_Netanyahu_0002.jpg,/home/anitadonato/tcc/tcc/data/lfw/lfw-funneled/Richard_Myers/Richard_Myers_0005.jpg,0.1307430863380432,0
/home/anitadonato/tcc/tcc/data/lfw/lfw-funneled/Bob_Hope/Bob_Hope_0004.jpg,/home/anitadonato/tcc/tcc/data/lfw/lfw-funneled/Yoko_Ono/Yoko_Ono_0003.jpg,0.1816922426223755,0
/home/anitadonato/tcc/tcc/data/lfw/lfw-funneled/Angela_Merkel/Angela_Merkel_0005.jpg,/home/anitadonato/tcc/tcc/data/lfw/lfw-funneled/Ana_Palacio/Ana_Palacio_0001.jpg,0.20557856559753418,0
/home/anitadonato/tcc/tcc/data/lfw/lfw-funneled/Ana_Guevara/Ana_Guevara_0001.jpg,/home/anitadonato/tcc/tcc/data/lfw/lfw-funneled/Kim_Dae-jung/Kim_Dae-jung_0003.jpg,0.23323309421539307,0
/home/anitadonato/tcc/tcc/data/lfw/lfw-funneled/Ben_Affleck/Ben_Affleck_0002.jpg,/home/anitadonato/tcc/tcc/data/lfw/lfw-funneled/John_Paul_II/John_Paul_II_0004.jpg,0.2824118733406067,0
/home/anitadonato/tcc/tcc/data/lfw/lfw-funneled/Nancy_Pelosi/Nancy_Pelosi_0004.jpg,/home/anitadonato/tcc/tcc/data/lfw/lfw-funneled/Jean-Pierre_Raffarin/Jean-Pierre_Raffarin_0004.jpg,0.21759498119354248,0
/home/anitadonato/tcc/tcc/data/lfw/lfw-funneled/Tony_Blair/Tony_Blair_0005.jpg,/home/anitadonato/tcc/tcc/data/lfw/lfw-funneled/George_Robertson/George_Robertson_0002.jpg,0.1651577353477478,0
/home/anitadonato/tcc/tcc/data/lfw/lfw-funneled/Paul_McCartney/Paul_McCartney_0001.jpg,/home/anitadonato/tcc/tcc/data/lfw/lfw-funneled/Yashwant_Sinha/Yashwant_Sinha_0002.jpg,0.15273010730743408,0
/home/anitadonato/tcc/tcc/data/lfw/lfw-funneled/Ludivine_Sagnier/Ludivine_Sagnier_0005.jpg,/home/anitadonato/tcc/tcc/data/lfw/lfw-funneled/Walter_Mondale/Walter_Mondale_0002.jpg,0.15726107358932495,0
/home/anitadonato/tcc/tcc/data/lfw/lfw-funneled/Trent_Lott/Trent_Lott_0001.jpg,/home/anitadonato/tcc/tcc/data/lfw/lfw-funneled/Bill_Gates/Bill_Gates_0001.jpg,0.23850470781326294,0
/home/anitadonato/tcc/tcc/data/lfw/lfw-funneled/Richard_Gephardt/Richard_Gephardt_0005.jpg,/home/anitadonato/tcc/tcc/data/lfw/lfw-funneled/Habib_Rizieq/Habib_Rizieq_0004.jpg,0.24066448211669922,0
/home/anitadonato/tcc/tcc/data/lfw/lfw-funneled/John_Snow/John_Snow_0002.jpg,/home/anitadonato/tcc/tcc/data/lfw/lfw-funneled/Jean-Pierre_Raffarin/Jean-Pierre_Raffarin_0002.jpg,0.25760406255722046,0
/home/anitadonato/tcc/tcc/data/lfw/lfw-funneled/Mike_Weir/Mike_Weir_0002.jpg,/home/anitadonato/tcc/tcc/data/lfw/lfw-funneled/Mike_Martz/Mike_Martz_0003.jpg,0.22192305326461792,0
/home/anitadonato/tcc/tcc/data/lfw/lfw-funneled/Joe_Lieberman/Joe_Lieberman_0001.jpg,/home/anitadonato/tcc/tcc/data/lfw/lfw-funneled/Rob_Marshall/Rob_Marshall_0001.jpg,0.16006773710250854,0
/home/anitadonato/tcc/tcc/data/lfw/lfw-funneled/Tung_Chee-hwa/Tung_Chee-hwa_0005.jpg,/home/anitadonato/tcc/tcc/data/lfw/lfw-funneled/Silvan_Shalom/Silvan_Shalom_0001.jpg,0.21856874227523804,0
/home/anitadonato/tcc/tcc/data/lfw/lfw-funneled/Queen_Rania/Queen_Rania_0001.jpg,/home/anitadonato/tcc/tcc/data/lfw/lfw-funneled/Ann_Veneman/Ann_Veneman_0001.jpg,0.1893310546875,0
/home/anitadonato/tcc/tcc/data/lfw/lfw-funneled/Martin_Scorsese/Martin_Scorsese_0004.jpg,/home/anitadonato/tcc/tcc/data/lfw/lfw-funneled/Thaksin_Shinawatra/Thaksin_Shinawatra_0005.jpg,0.38268524408340454,0
/home/anitadonato/tcc/tcc/data/lfw/lfw-funneled/Michael_Chiklis/Michael_Chiklis_0001.jpg,/home/anitadonato/tcc/tcc/data/lfw/lfw-funneled/Angelina_Jolie/Angelina_Jolie_0002.jpg,0.18179219961166382,0
/home/anitadonato/tcc/tcc/data/lfw/lfw-funneled/Robert_Zoellick/Robert_Zoellick_0004.jpg,/home/anitadonato/tcc/tcc/data/lfw/lfw-funneled/Yoko_Ono/Yoko_Ono_0004.jpg,0.2048667073249817,0
/home/anitadonato/tcc/tcc/data/lfw/lfw-funneled/Ian_Thorpe/Ian_Thorpe_0002.jpg,/home/anitadonato/tcc/tcc/data/lfw/lfw-funneled/Michelle_Yeoh/Michelle_Yeoh_0001.jpg,0.25670719146728516,0
/home/anitadonato/tcc/tcc/data/lfw/lfw-funneled/Ai_Sugiyama/Ai_Sugiyama_0003.jpg,/home/anitadonato/tcc/tcc/data/lfw/lfw-funneled/Bob_Graham/Bob_Graham_0002.jpg,0.17020732164382935,0
/home/anitadonato/tcc/tcc/data/lfw/lfw-funneled/John_Stockton/John_Stockton_0003.jpg,/home/anitadonato/tcc/tcc/data/lfw/lfw-funneled/Kofi_Annan/Kofi_Annan_0005.jpg,0.19172734022140503,0
/home/anitadonato/tcc/tcc/data/lfw/lfw-funneled/Denzel_Washington/Denzel_Washington_0003.jpg,/home/anitadonato/tcc/tcc/data/lfw/lfw-funneled/Jacques_Chirac/Jacques_Chirac_0002.jpg,0.2197864055633545,0
/home/anitadonato/tcc/tcc/data/lfw/lfw-funneled/John_Ashcroft/John_Ashcroft_0005.jpg,/home/anitadonato/tcc/tcc/data/lfw/lfw-funneled/Costas_Simitis/Costas_Simitis_0002.jpg,0.2406136393547058,0
/home/anitadonato/tcc/tcc/data/lfw/lfw-funneled/Fernando_Gonzalez/Fernando_Gonzalez_0003.jpg,/home/anitadonato/tcc/tcc/data/lfw/lfw-funneled/Richard_Gephardt/Richard_Gephardt_0001.jpg,0.31179821491241455,0
/home/anitadonato/tcc/tcc/data/lfw/lfw-funneled/Steve_Lavin/Steve_Lavin_0002.jpg,/home/anitadonato/tcc/tcc/data/lfw/lfw-funneled/Paul_ONeill/Paul_ONeill_0004.jpg,0.19209736585617065,0
/home/anitadonato/tcc/tcc/data/lfw/lfw-funneled/Steve_Lavin/Steve_Lavin_0001.jpg,/home/anitadonato/tcc/tcc/data/lfw/lfw-funneled/Meryl_Streep/Meryl_Streep_0003.jpg,0.21737229824066162,0
/home/anitadonato/tcc/tcc/data/lfw/lfw-funneled/Erika_Harold/Erika_Harold_0004.jpg,/home/anitadonato/tcc/tcc/data/lfw/lfw-funneled/Luis_Horna/Luis_Horna_0004.jpg,0.2190697193145752,0
/home/anitadonato/tcc/tcc/data/lfw/lfw-funneled/Wayne_Ferreira/Wayne_Ferreira_0004.jpg,/home/anitadonato/tcc/tcc/data/lfw/lfw-funneled/Richard_Gephardt/Richard_Gephardt_0002.jpg,0.1751217246055603,0
/home/anitadonato/tcc/tcc/data/lfw/lfw-funneled/Bill_McBride/Bill_McBride_0004.jpg,/home/anitadonato/tcc/tcc/data/lfw/lfw-funneled/Ludivine_Sagnier/Ludivine_Sagnier_0002.jpg,0.12246036529541016,0
/home/anitadonato/tcc/tcc/data/lfw/lfw-funneled/Bill_Gates/Bill_Gates_0002.jpg,/home/anitadonato/tcc/tcc/data/lfw/lfw-funneled/Richard_Gephardt/Richard_Gephardt_0004.jpg,0.2643224596977234,0
/home/anitadonato/tcc/tcc/data/lfw/lfw-funneled/Paul_Martin/Paul_Martin_0004.jpg,/home/anitadonato/tcc/tcc/data/lfw/lfw-funneled/Roh_Moo-hyun/Roh_Moo-hyun_0004.jpg,0.18107247352600098,0
/home/anitadonato/tcc/tcc/data/lfw/lfw-funneled/Steve_Lavin/Steve_Lavin_0002.jpg,/home/anitadonato/tcc/tcc/data/lfw/lfw-funneled/John_Travolta/John_Travolta_0004.jpg,0.17875689268112183,0
/home/anitadonato/tcc/tcc/data/lfw/lfw-funneled/John_Allen_Muhammad/John_Allen_Muhammad_0002.jpg,/home/anitadonato/tcc/tcc/data/lfw/lfw-funneled/Benjamin_Netanyahu/Benjamin_Netanyahu_0003.jpg,0.26501792669296265,0
/home/anitadonato/tcc/tcc/data/lfw/lfw-funneled/Alejandro_Toledo/Alejandro_Toledo_0004.jpg,/home/anitadonato/tcc/tcc/data/lfw/lfw-funneled/George_Robertson/George_Robertson_0003.jpg,0.13890230655670166,0
/home/anitadonato/tcc/tcc/data/lfw/lfw-funneled/Amelia_Vega/Amelia_Vega_0002.jpg,/home/anitadonato/tcc/tcc/data/lfw/lfw-funneled/Ludivine_Sagnier/Ludivine_Sagnier_0001.jpg,0.1798309087753296,0
/home/anitadonato/tcc/tcc/data/lfw/lfw-funneled/George_HW_Bush/George_HW_Bush_0005.jpg,/home/anitadonato/tcc/tcc/data/lfw/lfw-funneled/Tony_Blair/Tony_Blair_0005.jpg,0.17702943086624146,0
/home/anitadonato/tcc/tcc/data/lfw/lfw-funneled/Rudolph_Giuliani/Rudolph_Giuliani_0002.jpg,/home/anitadonato/tcc/tcc/data/lfw/lfw-funneled/Bob_Hope/Bob_Hope_0005.jpg,0.23755288124084473,0
/home/anitadonato/tcc/tcc/data/lfw/lfw-funneled/Rob_Marshall/Rob_Marshall_0005.jpg,/home/anitadonato/tcc/tcc/data/lfw/lfw-funneled/Juan_Pablo_Montoya/Juan_Pablo_Montoya_0002.jpg,0.18594515323638916,0
/home/anitadonato/tcc/tcc/data/lfw/lfw-funneled/Joseph_Biden/Joseph_Biden_0003.jpg,/home/anitadonato/tcc/tcc/data/lfw/lfw-funneled/Liza_Minnelli/Liza_Minnelli_0003.jpg,0.26816749572753906,0
/home/anitadonato/tcc/tcc/data/lfw/lfw-funneled/Tiger_Woods/Tiger_Woods_0002.jpg,/home/anitadonato/tcc/tcc/data/lfw/lfw-funneled/Mike_Myers/Mike_Myers_0001.jpg,0.2318597435951233,0
/home/anitadonato/tcc/tcc/data/lfw/lfw-funneled/Gerhard_Schroeder/Gerhard_Schroeder_0004.jpg,/home/anitadonato/tcc/tcc/data/lfw/lfw-funneled/Bill_McBride/Bill_McBride_0002.jpg,0.19288015365600586,0
/home/anitadonato/tcc/tcc/data/lfw/lfw-funneled/Queen_Rania/Queen_Rania_0003.jpg,/home/anitadonato/tcc/tcc/data/lfw/lfw-funneled/Carmen_Electra/Carmen_Electra_0003.jpg,0.19061338901519775,0
/home/anitadonato/tcc/tcc/data/lfw/lfw-funneled/Jean-Pierre_Raffarin/Jean-Pierre_Raffarin_0005.jpg,/home/anitadonato/tcc/tcc/data/lfw/lfw-funneled/Paradorn_Srichaphan/Paradorn_Srichaphan_0003.jpg,0.2217211127281189,0
/home/anitadonato/tcc/tcc/data/lfw/lfw-funneled/David_Anderson/David_Anderson_0003.jpg,/home/anitadonato/tcc/tcc/data/lfw/lfw-funneled/Anna_Kournikova/Anna_Kournikova_0005.jpg,0.320598840713501,0
/home/anitadonato/tcc/tcc/data/lfw/lfw-funneled/Mark_Hurlbert/Mark_Hurlbert_0001.jpg,/home/anitadonato/tcc/tcc/data/lfw/lfw-funneled/Paradorn_Srichaphan/Paradorn_Srichaphan_0004.jpg,0.22528564929962158,0
/home/anitadonato/tcc/tcc/data/lfw/lfw-funneled/Charlton_Heston/Charlton_Heston_0002.jpg,/home/anitadonato/tcc/tcc/data/lfw/lfw-funneled/Erika_Harold/Erika_Harold_0003.jpg,0.2914391756057739,0
/home/anitadonato/tcc/tcc/data/lfw/lfw-funneled/Jiri_Novak/Jiri_Novak_0001.jpg,/home/anitadonato/tcc/tcc/data/lfw/lfw-funneled/Fernando_Gonzalez/Fernando_Gonzalez_0005.jpg,0.23102504014968872,0
/home/anitadonato/tcc/tcc/data/lfw/lfw-funneled/John_Negroponte/John_Negroponte_0002.jpg,/home/anitadonato/tcc/tcc/data/lfw/lfw-funneled/Robert_Zoellick/Robert_Zoellick_0001.jpg,0.19211679697036743,0
/home/anitadonato/tcc/tcc/data/lfw/lfw-funneled/Anna_Kournikova/Anna_Kournikova_0005.jpg,/home/anitadonato/tcc/tcc/data/lfw/lfw-funneled/Carmen_Electra/Carmen_Electra_0005.jpg,0.3025187849998474,0
/home/anitadonato/tcc/tcc/data/lfw/lfw-funneled/Andre_Agassi/Andre_Agassi_0003.jpg,/home/anitadonato/tcc/tcc/data/lfw/lfw-funneled/Nia_Vardalos/Nia_Vardalos_0002.jpg,0.3269197940826416,0
/home/anitadonato/tcc/tcc/data/lfw/lfw-funneled/Pervez_Musharraf/Pervez_Musharraf_0002.jpg,/home/anitadonato/tcc/tcc/data/lfw/lfw-funneled/Bernard_Law/Bernard_Law_0004.jpg,0.15112805366516113,0
/home/anitadonato/tcc/tcc/data/lfw/lfw-funneled/Zhu_Rongji/Zhu_Rongji_0004.jpg,/home/anitadonato/tcc/tcc/data/lfw/lfw-funneled/John_Allen_Muhammad/John_Allen_Muhammad_0005.jpg,0.1762160062789917,0
/home/anitadonato/tcc/tcc/data/lfw/lfw-funneled/Paul_McCartney/Paul_McCartney_0003.jpg,/home/anitadonato/tcc/tcc/data/lfw/lfw-funneled/Maria_Shriver/Maria_Shriver_0003.jpg,0.25954127311706543,0
/home/anitadonato/tcc/tcc/data/lfw/lfw-funneled/Sylvester_Stallone/Sylvester_Stallone_0004.jpg,/home/anitadonato/tcc/tcc/data/lfw/lfw-funneled/Christine_Baumgartner/Christine_Baumgartner_0004.jpg,0.1660957932472229,0
/home/anitadonato/tcc/tcc/data/lfw/lfw-funneled/Jennifer_Capriati/Jennifer_Capriati_0003.jpg,/home/anitadonato/tcc/tcc/data/lfw/lfw-funneled/John_Stockton/John_Stockton_0002.jpg,0.24111467599868774,0
/home/anitadonato/tcc/tcc/data/lfw/lfw-funneled/Ai_Sugiyama/Ai_Sugiyama_0005.jpg,/home/anitadonato/tcc/tcc/data/lfw/lfw-funneled/Andre_Agassi/Andre_Agassi_0004.jpg,0.20942896604537964,0
/home/anitadonato/tcc/tcc/data/lfw/lfw-funneled/Boris_Becker/Boris_Becker_0001.jpg,/home/anitadonato/tcc/tcc/data/lfw/lfw-funneled/Michelle_Yeoh/Michelle_Yeoh_0005.jpg,0.23079776763916016,0
/home/anitadonato/tcc/tcc/data/lfw/lfw-funneled/Thaksin_Shinawatra/Thaksin_Shinawatra_0001.jpg,/home/anitadonato/tcc/tcc/data/lfw/lfw-funneled/Frank_Solich/Frank_Solich_0001.jpg,0.18383240699768066,0
/home/anitadonato/tcc/tcc/data/lfw/lfw-funneled/Fernando_Gonzalez/Fernando_Gonzalez_0002.jpg,/home/anitadonato/tcc/tcc/data/lfw/lfw-funneled/Ai_Sugiyama/Ai_Sugiyama_0001.jpg,0.22628909349441528,0
/home/anitadonato/tcc/tcc/data/lfw/lfw-funneled/John_Bolton/John_Bolton_0001.jpg,/home/anitadonato/tcc/tcc/data/lfw/lfw-funneled/Wayne_Ferreira/Wayne_Ferreira_0002.jpg,0.1490829586982727,0
/home/anitadonato/tcc/tcc/data/lfw/lfw-funneled/Antonio_Banderas/Antonio_Banderas_0003.jpg,/home/anitadonato/tcc/tcc/data/lfw/lfw-funneled/Vanessa_Redgrave/Vanessa_Redgrave_0001.jpg,0.21397626399993896,0
/home/anitadonato/tcc/tcc/data/lfw/lfw-funneled/Valery_Giscard_dEstaing/Valery_Giscard_dEstaing_0005.jpg,/home/anitadonato/tcc/tcc/data/lfw/lfw-funneled/Jean-David_Levitte/Jean-David_Levitte_0004.jpg,0.16059738397598267,0
/home/anitadonato/tcc/tcc/data/lfw/lfw-funneled/Kurt_Warner/Kurt_Warner_0001.jpg,/home/anitadonato/tcc/tcc/data/lfw/lfw-funneled/Richard_Gere/Richard_Gere_0001.jpg,0.21138471364974976,0
/home/anitadonato/tcc/tcc/data/lfw/lfw-funneled/John_Snow/John_Snow_0004.jpg,/home/anitadonato/tcc/tcc/data/lfw/lfw-funneled/Carmen_Electra/Carmen_Electra_0001.jpg,0.188046395778656,0
/home/anitadonato/tcc/tcc/data/lfw/lfw-funneled/Heidi_Klum/Heidi_Klum_0003.jpg,/home/anitadonato/tcc/tcc/data/lfw/lfw-funneled/John_Travolta/John_Travolta_0005.jpg,0.1872360110282898,0
/home/anitadonato/tcc/tcc/data/lfw/lfw-funneled/Thabo_Mbeki/Thabo_Mbeki_0005.jpg,/home/anitadonato/tcc/tcc/data/lfw/lfw-funneled/Heidi_Klum/Heidi_Klum_0004.jpg,0.14325696229934692,0
/home/anitadonato/tcc/tcc/data/lfw/lfw-funneled/Vladimir_Putin/Vladimir_Putin_0001.jpg,/home/anitadonato/tcc/tcc/data/lfw/lfw-funneled/Robert_De_Niro/Robert_De_Niro_0005.jpg,0.1998770833015442,0
/home/anitadonato/tcc/tcc/data/lfw/lfw-funneled/Wayne_Ferreira/Wayne_Ferreira_0002.jpg,/home/anitadonato/tcc/tcc/data/lfw/lfw-funneled/Queen_Rania/Queen_Rania_0005.jpg,0.23300641775131226,0
/home/anitadonato/tcc/tcc/data/lfw/lfw-funneled/Atal_Bihari_Vajpayee/Atal_Bihari_Vajpayee_0003.jpg,/home/anitadonato/tcc/tcc/data/lfw/lfw-funneled/Eduardo_Duhalde/Eduardo_Duhalde_0003.jpg,0.18912935256958008,0
/home/anitadonato/tcc/tcc/data/lfw/lfw-funneled/Jan_Ullrich/Jan_Ullrich_0003.jpg,/home/anitadonato/tcc/tcc/data/lfw/lfw-funneled/George_Robertson/George_Robertson_0004.jpg,0.2252342700958252,0
/home/anitadonato/tcc/tcc/data/lfw/lfw-funneled/Mike_Weir/Mike_Weir_0002.jpg,/home/anitadonato/tcc/tcc/data/lfw/lfw-funneled/Tom_Cruise/Tom_Cruise_0002.jpg,0.28447777032852173,0
/home/anitadonato/tcc/tcc/data/lfw/lfw-funneled/Richard_Gephardt/Richard_Gephardt_0001.jpg,/home/anitadonato/tcc/tcc/data/lfw/lfw-funneled/Maria_Shriver/Maria_Shriver_0001.jpg,0.274447500705719,0
/home/anitadonato/tcc/tcc/data/lfw/lfw-funneled/Amelia_Vega/Amelia_Vega_0004.jpg,/home/anitadonato/tcc/tcc/data/lfw/lfw-funneled/Hamid_Karzai/Hamid_Karzai_0004.jpg,0.17038673162460327,0
/home/anitadonato/tcc/tcc/data/lfw/lfw-funneled/Carmen_Electra/Carmen_Electra_0001.jpg,/home/anitadonato/tcc/tcc/data/lfw/lfw-funneled/Pamela_Anderson/Pamela_Anderson_0001.jpg,0.16191816329956055,0
/home/anitadonato/tcc/tcc/data/lfw/lfw-funneled/Angela_Merkel/Angela_Merkel_0001.jpg,/home/anitadonato/tcc/tcc/data/lfw/lfw-funneled/Jennifer_Capriati/Jennifer_Capriati_0004.jpg,0.2620011568069458,0
/home/anitadonato/tcc/tcc/data/lfw/lfw-funneled/Lindsay_Davenport/Lindsay_Davenport_0003.jpg,/home/anitadonato/tcc/tcc/data/lfw/lfw-funneled/Alejandro_Toledo/Alejandro_Toledo_0005.jpg,0.13078367710113525,0
/home/anitadonato/tcc/tcc/data/lfw/lfw-funneled/Natalie_Coughlin/Natalie_Coughlin_0001.jpg,/home/anitadonato/tcc/tcc/data/lfw/lfw-funneled/John_Travolta/John_Travolta_0002.jpg,0.2075868844985962,0
/home/anitadonato/tcc/tcc/data/lfw/lfw-funneled/Mike_Myers/Mike_Myers_0005.jpg,/home/anitadonato/tcc/tcc/data/lfw/lfw-funneled/Hosni_Mubarak/Hosni_Mubarak_0004.jpg,0.21463394165039062,0
/home/anitadonato/tcc/tcc/data/lfw/lfw-funneled/Hugh_Grant/Hugh_Grant_0001.jpg,/home/anitadonato/tcc/tcc/data/lfw/lfw-funneled/Yoko_Ono/Yoko_Ono_0003.jpg,0.18522024154663086,0
/home/anitadonato/tcc/tcc/data/lfw/lfw-funneled/Grant_Hackett/Grant_Hackett_0001.jpg,/home/anitadonato/tcc/tcc/data/lfw/lfw-funneled/Tom_Cruise/Tom_Cruise_0002.jpg,0.24934864044189453,0
/home/anitadonato/tcc/tcc/data/lfw/lfw-funneled/Jiri_Novak/Jiri_Novak_0002.jpg,/home/anitadonato/tcc/tcc/data/lfw/lfw-funneled/Heidi_Klum/Heidi_Klum_0005.jpg,0.19585341215133667,0
/home/anitadonato/tcc/tcc/data/lfw/lfw-funneled/Costas_Simitis/Costas_Simitis_0004.jpg,/home/anitadonato/tcc/tcc/data/lfw/lfw-funneled/Yasser_Arafat/Yasser_Arafat_0001.jpg,0.21941787004470825,0
/home/anitadonato/tcc/tcc/data/lfw/lfw-funneled/Richard_Gephardt/Richard_Gephardt_0005.jpg,/home/anitadonato/tcc/tcc/data/lfw/lfw-funneled/Colin_Powell/Colin_Powell_0002.jpg,0.20233523845672607,0
/home/anitadonato/tcc/tcc/data/lfw/lfw-funneled/Zhu_Rongji/Zhu_Rongji_0005.jpg,/home/anitadonato/tcc/tcc/data/lfw/lfw-funneled/George_Lopez/George_Lopez_0003.jpg,0.21459060907363892,0
/home/anitadonato/tcc/tcc/data/lfw/lfw-funneled/Arminio_Fraga/Arminio_Fraga_0002.jpg,/home/anitadonato/tcc/tcc/data/lfw/lfw-funneled/Bill_McBride/Bill_McBride_0001.jpg,0.252472460269928,0
/home/anitadonato/tcc/tcc/data/lfw/lfw-funneled/Bob_Graham/Bob_Graham_0003.jpg,/home/anitadonato/tcc/tcc/data/lfw/lfw-funneled/Jean_Chretien/Jean_Chretien_0001.jpg,0.20612740516662598,0
/home/anitadonato/tcc/tcc/data/lfw/lfw-funneled/Elizabeth_Smart/Elizabeth_Smart_0002.jpg,/home/anitadonato/tcc/tcc/data/lfw/lfw-funneled/Lindsay_Davenport/Lindsay_Davenport_0001.jpg,0.2925782799720764,0
/home/anitadonato/tcc/tcc/data/lfw/lfw-funneled/David_Trimble/David_Trimble_0005.jpg,/home/anitadonato/tcc/tcc/data/lfw/lfw-funneled/Megawati_Sukarnoputri/Megawati_Sukarnoputri_0005.jpg,0.21063286066055298,0
/home/anitadonato/tcc/tcc/data/lfw/lfw-funneled/Jan_Ullrich/Jan_Ullrich_0003.jpg,/home/anitadonato/tcc/tcc/data/lfw/lfw-funneled/Princess_Caroline/Princess_Caroline_0001.jpg,0.16291570663452148,0
/home/anitadonato/tcc/tcc/data/lfw/lfw-funneled/Abdullah_Gul/Abdullah_Gul_0004.jpg,/home/anitadonato/tcc/tcc/data/lfw/lfw-funneled/Hugh_Grant/Hugh_Grant_0004.jpg,0.17718172073364258,0
/home/anitadonato/tcc/tcc/data/lfw/lfw-funneled/Muhammad_Saeed_al-Sahhaf/Muhammad_Saeed_al-Sahhaf_0005.jpg,/home/anitadonato/tcc/tcc/data/lfw/lfw-funneled/Lleyton_Hewitt/Lleyton_Hewitt_0004.jpg,0.19026100635528564,0
/home/anitadonato/tcc/tcc/data/lfw/lfw-funneled/Jose_Maria_Aznar/Jose_Maria_Aznar_0005.jpg,/home/anitadonato/tcc/tcc/data/lfw/lfw-funneled/Boris_Becker/Boris_Becker_0004.jpg,0.1917470097541809,0
/home/anitadonato/tcc/tcc/data/lfw/lfw-funneled/Matthew_Perry/Matthew_Perry_0005.jpg,/home/anitadonato/tcc/tcc/data/lfw/lfw-funneled/Jacques_Chirac/Jacques_Chirac_0003.jpg,0.19478559494018555,0
/home/anitadonato/tcc/tcc/data/lfw/lfw-funneled/Norm_Coleman/Norm_Coleman_0001.jpg,/home/anitadonato/tcc/tcc/data/lfw/lfw-funneled/Gloria_Macapagal_Arroyo/Gloria_Macapagal_Arroyo_0001.jpg,0.19214767217636108,0
/home/anitadonato/tcc/tcc/data/lfw/lfw-funneled/George_HW_Bush/George_HW_Bush_0004.jpg,/home/anitadonato/tcc/tcc/data/lfw/lfw-funneled/Jennifer_Lopez/Jennifer_Lopez_0002.jpg,0.21182507276535034,0
/home/anitadonato/tcc/tcc/data/lfw/lfw-funneled/Robert_Zoellick/Robert_Zoellick_0003.jpg,/home/anitadonato/tcc/tcc/data/lfw/lfw-funneled/George_Lopez/George_Lopez_0003.jpg,0.16314923763275146,0
/home/anitadonato/tcc/tcc/data/lfw/lfw-funneled/Robert_De_Niro/Robert_De_Niro_0001.jpg,/home/anitadonato/tcc/tcc/data/lfw/lfw-funneled/Amelia_Vega/Amelia_Vega_0003.jpg,0.1905660629272461,0
/home/anitadonato/tcc/tcc/data/lfw/lfw-funneled/Susan_Sarandon/Susan_Sarandon_0003.jpg,/home/anitadonato/tcc/tcc/data/lfw/lfw-funneled/Salma_Hayek/Salma_Hayek_0001.jpg,0.19006454944610596,0
/home/anitadonato/tcc/tcc/data/lfw/lfw-funneled/Paul_Burrell/Paul_Burrell_0002.jpg,/home/anitadonato/tcc/tcc/data/lfw/lfw-funneled/Pedro_Malan/Pedro_Malan_0004.jpg,0.175426185131073,0
/home/anitadonato/tcc/tcc/data/lfw/lfw-funneled/Xavier_Malisse/Xavier_Malisse_0005.jpg,/home/anitadonato/tcc/tcc/data/lfw/lfw-funneled/Steve_Lavin/Steve_Lavin_0005.jpg,0.23781001567840576,0
/home/anitadonato/tcc/tcc/data/lfw/lfw-funneled/Ben_Affleck/Ben_Affleck_0001.jpg,/home/anitadonato/tcc/tcc/data/lfw/lfw-funneled/Spencer_Abraham/Spencer_Abraham_0001.jpg,0.19521886110305786,0
/home/anitadonato/tcc/tcc/data/lfw/lfw-funneled/Roy_Moore/Roy_Moore_0001.jpg,/home/anitadonato/tcc/tcc/data/lfw/lfw-funneled/Carmen_Electra/Carmen_Electra_0005.jpg,0.1511896848678589,0
/home/anitadonato/tcc/tcc/data/lfw/lfw-funneled/Denzel_Washington/Denzel_Washington_0004.jpg,/home/anitadonato/tcc/tcc/data/lfw/lfw-funneled/Robert_Blake/Robert_Blake_0001.jpg,0.2167365550994873,0
/home/anitadonato/tcc/tcc/data/lfw/lfw-funneled/Tom_Crean/Tom_Crean_0004.jpg,/home/anitadonato/tcc/tcc/data/lfw/lfw-funneled/Fernando_Gonzalez/Fernando_Gonzalez_0001.jpg,0.2956780195236206,0
/home/anitadonato/tcc/tcc/data/lfw/lfw-funneled/Rob_Marshall/Rob_Marshall_0002.jpg,/home/anitadonato/tcc/tcc/data/lfw/lfw-funneled/Roh_Moo-hyun/Roh_Moo-hyun_0005.jpg,0.17793267965316772,0
/home/anitadonato/tcc/tcc/data/lfw/lfw-funneled/Tom_Daschle/Tom_Daschle_0004.jpg,/home/anitadonato/tcc/tcc/data/lfw/lfw-funneled/Jennifer_Capriati/Jennifer_Capriati_0002.jpg,0.26796525716781616,0
/home/anitadonato/tcc/tcc/data/lfw/lfw-funneled/Ai_Sugiyama/Ai_Sugiyama_0003.jpg,/home/anitadonato/tcc/tcc/data/lfw/lfw-funneled/George_HW_Bush/George_HW_Bush_0003.jpg,0.19043278694152832,0
/home/anitadonato/tcc/tcc/data/lfw/lfw-funneled/Meryl_Streep/Meryl_Streep_0001.jpg,/home/anitadonato/tcc/tcc/data/lfw/lfw-funneled/Sergey_Lavrov/Sergey_Lavrov_0002.jpg,0.22480666637420654,0
/home/anitadonato/tcc/tcc/data/lfw/lfw-funneled/Lindsay_Davenport/Lindsay_Davenport_0004.jpg,/home/anitadonato/tcc/tcc/data/lfw/lfw-funneled/Sourav_Ganguly/Sourav_Ganguly_0003.jpg,0.2308446764945984,0
/home/anitadonato/tcc/tcc/data/lfw/lfw-funneled/Sheryl_Crow/Sheryl_Crow_0003.jpg,/home/anitadonato/tcc/tcc/data/lfw/lfw-funneled/Frank_Solich/Frank_Solich_0003.jpg,0.21177715063095093,0
/home/anitadonato/tcc/tcc/data/lfw/lfw-funneled/Norm_Coleman/Norm_Coleman_0004.jpg,/home/anitadonato/tcc/tcc/data/lfw/lfw-funneled/Andre_Agassi/Andre_Agassi_0005.jpg,0.23584264516830444,0
/home/anitadonato/tcc/tcc/data/lfw/lfw-funneled/Michael_Schumacher/Michael_Schumacher_0004.jpg,/home/anitadonato/tcc/tcc/data/lfw/lfw-funneled/Pervez_Musharraf/Pervez_Musharraf_0001.jpg,0.18049168586730957,0
/home/anitadonato/tcc/tcc/data/lfw/lfw-funneled/Hillary_Clinton/Hillary_Clinton_0001.jpg,/home/anitadonato/tcc/tcc/data/lfw/lfw-funneled/John_Ashcroft/John_Ashcroft_0004.jpg,0.1282549500465393,0
/home/anitadonato/tcc/tcc/data/lfw/lfw-funneled/Peter_Struck/Peter_Struck_0004.jpg,/home/anitadonato/tcc/tcc/data/lfw/lfw-funneled/Valery_Giscard_dEstaing/Valery_Giscard_dEstaing_0003.jpg,0.16648179292678833,0
/home/anitadonato/tcc/tcc/data/lfw/lfw-funneled/Clara_Harris/Clara_Harris_0004.jpg,/home/anitadonato/tcc/tcc/data/lfw/lfw-funneled/Peter_Struck/Peter_Struck_0005.jpg,0.1988726258277893,0
/home/anitadonato/tcc/tcc/data/lfw/lfw-funneled/Hillary_Clinton/Hillary_Clinton_0003.jpg,/home/anitadonato/tcc/tcc/data/lfw/lfw-funneled/Richard_Gephardt/Richard_Gephardt_0005.jpg,0.21613329648971558,0
/home/anitadonato/tcc/tcc/data/lfw/lfw-funneled/Hosni_Mubarak/Hosni_Mubarak_0004.jpg,/home/anitadonato/tcc/tcc/data/lfw/lfw-funneled/Hal_Gehman/Hal_Gehman_0003.jpg,0.18987613916397095,0
/home/anitadonato/tcc/tcc/data/lfw/lfw-funneled/Vladimir_Putin/Vladimir_Putin_0003.jpg,/home/anitadonato/tcc/tcc/data/lfw/lfw-funneled/Jan_Ullrich/Jan_Ullrich_0003.jpg,0.16605430841445923,0
/home/anitadonato/tcc/tcc/data/lfw/lfw-funneled/Natalie_Maines/Natalie_Maines_0004.jpg,/home/anitadonato/tcc/tcc/data/lfw/lfw-funneled/Hosni_Mubarak/Hosni_Mubarak_0005.jpg,0.16219794750213623,0
/home/anitadonato/tcc/tcc/data/lfw/lfw-funneled/John_Allen_Muhammad/John_Allen_Muhammad_0004.jpg,/home/anitadonato/tcc/tcc/data/lfw/lfw-funneled/Robert_Blake/Robert_Blake_0003.jpg,0.23483479022979736,0
/home/anitadonato/tcc/tcc/data/lfw/lfw-funneled/Walter_Mondale/Walter_Mondale_0001.jpg,/home/anitadonato/tcc/tcc/data/lfw/lfw-funneled/Hans_Blix/Hans_Blix_0005.jpg,0.17574089765548706,0
/home/anitadonato/tcc/tcc/data/lfw/lfw-funneled/Hal_Gehman/Hal_Gehman_0005.jpg,/home/anitadonato/tcc/tcc/data/lfw/lfw-funneled/Paul_ONeill/Paul_ONeill_0002.jpg,0.15870779752731323,0
/home/anitadonato/tcc/tcc/data/lfw/lfw-funneled/Amelie_Mauresmo/Amelie_Mauresmo_0005.jpg,/home/anitadonato/tcc/tcc/data/lfw/lfw-funneled/Kristanna_Loken/Kristanna_Loken_0001.jpg,0.21322673559188843,0
/home/anitadonato/tcc/tcc/data/lfw/lfw-funneled/Trent_Lott/Trent_Lott_0002.jpg,/home/anitadonato/tcc/tcc/data/lfw/lfw-funneled/Habib_Rizieq/Habib_Rizieq_0004.jpg,0.21195083856582642,0
/home/anitadonato/tcc/tcc/data/lfw/lfw-funneled/Tom_Crean/Tom_Crean_0001.jpg,/home/anitadonato/tcc/tcc/data/lfw/lfw-funneled/Hosni_Mubarak/Hosni_Mubarak_0004.jpg,0.17016780376434326,0
/home/anitadonato/tcc/tcc/data/lfw/lfw-funneled/Michael_Chiklis/Michael_Chiklis_0002.jpg,/home/anitadonato/tcc/tcc/data/lfw/lfw-funneled/Mark_Hurlbert/Mark_Hurlbert_0003.jpg,0.21327149868011475,0
/home/anitadonato/tcc/tcc/data/lfw/lfw-funneled/Queen_Rania/Queen_Rania_0002.jpg,/home/anitadonato/tcc/tcc/data/lfw/lfw-funneled/Eduardo_Duhalde/Eduardo_Duhalde_0004.jpg,0.16930311918258667,0
/home/anitadonato/tcc/tcc/data/lfw/lfw-funneled/Tony_Blair/Tony_Blair_0004.jpg,/home/anitadonato/tcc/tcc/data/lfw/lfw-funneled/Bob_Hope/Bob_Hope_0005.jpg,0.29024839401245117,0
/home/anitadonato/tcc/tcc/data/lfw/lfw-funneled/Joseph_Biden/Joseph_Biden_0004.jpg,/home/anitadonato/tcc/tcc/data/lfw/lfw-funneled/Russell_Simmons/Russell_Simmons_0005.jpg,0.21112209558486938,0
/home/anitadonato/tcc/tcc/data/lfw/lfw-funneled/Antonio_Banderas/Antonio_Banderas_0004.jpg,/home/anitadonato/tcc/tcc/data/lfw/lfw-funneled/Hosni_Mubarak/Hosni_Mubarak_0005.jpg,0.16097992658615112,0
/home/anitadonato/tcc/tcc/data/lfw/lfw-funneled/Bulent_Ecevit/Bulent_Ecevit_0005.jpg,/home/anitadonato/tcc/tcc/data/lfw/lfw-funneled/Salma_Hayek/Salma_Hayek_0005.jpg,0.2165336012840271,0
/home/anitadonato/tcc/tcc/data/lfw/lfw-funneled/Jean-David_Levitte/Jean-David_Levitte_0001.jpg,/home/anitadonato/tcc/tcc/data/lfw/lfw-funneled/Matthew_Perry/Matthew_Perry_0002.jpg,0.17252779006958008,0
/home/anitadonato/tcc/tcc/data/lfw/lfw-funneled/Kurt_Warner/Kurt_Warner_0003.jpg,/home/anitadonato/tcc/tcc/data/lfw/lfw-funneled/Kalpana_Chawla/Kalpana_Chawla_0002.jpg,0.29393965005874634,0
/home/anitadonato/tcc/tcc/data/lfw/lfw-funneled/Alejandro_Toledo/Alejandro_Toledo_0001.jpg,/home/anitadonato/tcc/tcc/data/lfw/lfw-funneled/JK_Rowling/JK_Rowling_0005.jpg,0.18197470903396606,0
/home/anitadonato/tcc/tcc/data/lfw/lfw-funneled/Alejandro_Toledo/Alejandro_Toledo_0004.jpg,/home/anitadonato/tcc/tcc/data/lfw/lfw-funneled/Catherine_Zeta-Jones/Catherine_Zeta-Jones_0003.jpg,0.16879987716674805,0
/home/anitadonato/tcc/tcc/data/lfw/lfw-funneled/Jose_Maria_Aznar/Jose_Maria_Aznar_0001.jpg,/home/anitadonato/tcc/tcc/data/lfw/lfw-funneled/Robert_De_Niro/Robert_De_Niro_0001.jpg,0.18349283933639526,0
/home/anitadonato/tcc/tcc/data/lfw/lfw-funneled/Anna_Kournikova/Anna_Kournikova_0005.jpg,/home/anitadonato/tcc/tcc/data/lfw/lfw-funneled/John_Negroponte/John_Negroponte_0005.jpg,0.3037569522857666,0
/home/anitadonato/tcc/tcc/data/lfw/lfw-funneled/Steve_Lavin/Steve_Lavin_0005.jpg,/home/anitadonato/tcc/tcc/data/lfw/lfw-funneled/Condoleezza_Rice/Condoleezza_Rice_0002.jpg,0.24161481857299805,0
/home/anitadonato/tcc/tcc/data/lfw/lfw-funneled/Xavier_Malisse/Xavier_Malisse_0004.jpg,/home/anitadonato/tcc/tcc/data/lfw/lfw-funneled/Nancy_Pelosi/Nancy_Pelosi_0004.jpg,0.26179182529449463,0
/home/anitadonato/tcc/tcc/data/lfw/lfw-funneled/Jacques_Chirac/Jacques_Chirac_0005.jpg,/home/anitadonato/tcc/tcc/data/lfw/lfw-funneled/Catherine_Zeta-Jones/Catherine_Zeta-Jones_0005.jpg,0.16175508499145508,0
/home/anitadonato/tcc/tcc/data/lfw/lfw-funneled/Wayne_Ferreira/Wayne_Ferreira_0001.jpg,/home/anitadonato/tcc/tcc/data/lfw/lfw-funneled/Mike_Martz/Mike_Martz_0004.jpg,0.17614299058914185,0
/home/anitadonato/tcc/tcc/data/lfw/lfw-funneled/Spencer_Abraham/Spencer_Abraham_0004.jpg,/home/anitadonato/tcc/tcc/data/lfw/lfw-funneled/Li_Peng/Li_Peng_0001.jpg,0.12373971939086914,0
/home/anitadonato/tcc/tcc/data/lfw/lfw-funneled/William_Ford_Jr/William_Ford_Jr_0002.jpg,/home/anitadonato/tcc/tcc/data/lfw/lfw-funneled/Trent_Lott/Trent_Lott_0003.jpg,0.21617275476455688,0
/home/anitadonato/tcc/tcc/data/lfw/lfw-funneled/John_Howard/John_Howard_0004.jpg,/home/anitadonato/tcc/tcc/data/lfw/lfw-funneled/David_Trimble/David_Trimble_0002.jpg,0.19147050380706787,0
/home/anitadonato/tcc/tcc/data/lfw/lfw-funneled/Tom_Daschle/Tom_Daschle_0003.jpg,/home/anitadonato/tcc/tcc/data/lfw/lfw-funneled/Sheryl_Crow/Sheryl_Crow_0004.jpg,0.12246012687683105,0
/home/anitadonato/tcc/tcc/data/lfw/lfw-funneled/Natalie_Coughlin/Natalie_Coughlin_0004.jpg,/home/anitadonato/tcc/tcc/data/lfw/lfw-funneled/Clara_Harris/Clara_Harris_0003.jpg,0.17878687381744385,0
/home/anitadonato/tcc/tcc/data/lfw/lfw-funneled/Ana_Guevara/Ana_Guevara_0001.jpg,/home/anitadonato/tcc/tcc/data/lfw/lfw-funneled/Richard_Gephardt/Richard_Gephardt_0001.jpg,0.1604827642440796,0
/home/anitadonato/tcc/tcc/data/lfw/lfw-funneled/Goldie_Hawn/Goldie_Hawn_0001.jpg,/home/anitadonato/tcc/tcc/data/lfw/lfw-funneled/David_Trimble/David_Trimble_0002.jpg,0.18389785289764404,0
/home/anitadonato/tcc/tcc/data/lfw/lfw-funneled/Robert_Zoellick/Robert_Zoellick_0005.jpg,/home/anitadonato/tcc/tcc/data/lfw/lfw-funneled/John_Allen_Muhammad/John_Allen_Muhammad_0002.jpg,0.2936199903488159,0
/home/anitadonato/tcc/tcc/data/lfw/lfw-funneled/Carmen_Electra/Carmen_Electra_0003.jpg,/home/anitadonato/tcc/tcc/data/lfw/lfw-funneled/Tommy_Franks/Tommy_Franks_0005.jpg,0.26007765531539917,0
/home/anitadonato/tcc/tcc/data/lfw/lfw-funneled/Martin_McGuinness/Martin_McGuinness_0002.jpg,/home/anitadonato/tcc/tcc/data/lfw/lfw-funneled/Habib_Rizieq/Habib_Rizieq_0004.jpg,0.20695412158966064,0
/home/anitadonato/tcc/tcc/data/lfw/lfw-funneled/Cruz_Bustamante/Cruz_Bustamante_0002.jpg,/home/anitadonato/tcc/tcc/data/lfw/lfw-funneled/Boris_Becker/Boris_Becker_0004.jpg,0.19810032844543457,0
/home/anitadonato/tcc/tcc/data/lfw/lfw-funneled/Jan_Ullrich/Jan_Ullrich_0005.jpg,/home/anitadonato/tcc/tcc/data/lfw/lfw-funneled/Christine_Todd_Whitman/Christine_Todd_Whitman_0002.jpg,0.2636494040489197,0
/home/anitadonato/tcc/tcc/data/lfw/lfw-funneled/Gonzalo_Sanchez_de_Lozada/Gonzalo_Sanchez_de_Lozada_0004.jpg,/home/anitadonato/tcc/tcc/data/lfw/lfw-funneled/Paul_ONeill/Paul_ONeill_0004.jpg,0.22039902210235596,0
/home/anitadonato/tcc/tcc/data/lfw/lfw-funneled/Carlos_Moya/Carlos_Moya_0002.jpg,/home/anitadonato/tcc/tcc/data/lfw/lfw-funneled/Angelina_Jolie/Angelina_Jolie_0002.jpg,0.25684231519699097,0
/home/anitadonato/tcc/tcc/data/lfw/lfw-funneled/Victoria_Clarke/Victoria_Clarke_0001.jpg,/home/anitadonato/tcc/tcc/data/lfw/lfw-funneled/Yasser_Arafat/Yasser_Arafat_0005.jpg,0.25463753938674927,0
/home/anitadonato/tcc/tcc/data/lfw/lfw-funneled/Robert_Blake/Robert_Blake_0004.jpg,/home/anitadonato/tcc/tcc/data/lfw/lfw-funneled/Pervez_Musharraf/Pervez_Musharraf_0001.jpg,0.1733117699623108,0
/home/anitadonato/tcc/tcc/data/lfw/lfw-funneled/Jean-David_Levitte/Jean-David_Levitte_0005.jpg,/home/anitadonato/tcc/tcc/data/lfw/lfw-funneled/Jiri_Novak/Jiri_Novak_0004.jpg,0.20658063888549805,0
/home/anitadonato/tcc/tcc/data/lfw/lfw-funneled/JK_Rowling/JK_Rowling_0005.jpg,/home/anitadonato/tcc/tcc/data/lfw/lfw-funneled/Walter_Mondale/Walter_Mondale_0001.jpg,0.21660703420639038,0
/home/anitadonato/tcc/tcc/data/lfw/lfw-funneled/Yashwant_Sinha/Yashwant_Sinha_0004.jpg,/home/anitadonato/tcc/tcc/data/lfw/lfw-funneled/Roy_Moore/Roy_Moore_0005.jpg,0.16479623317718506,0
/home/anitadonato/tcc/tcc/data/lfw/lfw-funneled/Woody_Allen/Woody_Allen_0003.jpg,/home/anitadonato/tcc/tcc/data/lfw/lfw-funneled/Michael_Chiklis/Michael_Chiklis_0005.jpg,0.21043413877487183,0
/home/anitadonato/tcc/tcc/data/lfw/lfw-funneled/Paul_ONeill/Paul_ONeill_0002.jpg,/home/anitadonato/tcc/tcc/data/lfw/lfw-funneled/Matthew_Perry/Matthew_Perry_0003.jpg,0.18108230829238892,0
/home/anitadonato/tcc/tcc/data/lfw/lfw-funneled/Kate_Hudson/Kate_Hudson_0003.jpg,/home/anitadonato/tcc/tcc/data/lfw/lfw-funneled/Queen_Rania/Queen_Rania_0001.jpg,0.16095328330993652,0
/home/anitadonato/tcc/tcc/data/lfw/lfw-funneled/John_Paul_II/John_Paul_II_0002.jpg,/home/anitadonato/tcc/tcc/data/lfw/lfw-funneled/Nancy_Pelosi/Nancy_Pelosi_0005.jpg,0.2911927103996277,0
/home/anitadonato/tcc/tcc/data/lfw/lfw-funneled/George_Lopez/George_Lopez_0005.jpg,/home/anitadonato/tcc/tcc/data/lfw/lfw-funneled/Silvan_Shalom/Silvan_Shalom_0002.jpg,0.2556837201118469,0
/home/anitadonato/tcc/tcc/data/lfw/lfw-funneled/Kofi_Annan/Kofi_Annan_0004.jpg,/home/anitadonato/tcc/tcc/data/lfw/lfw-funneled/Arminio_Fraga/Arminio_Fraga_0002.jpg,0.26879745721817017,0
/home/anitadonato/tcc/tcc/data/lfw/lfw-funneled/Richard_Gere/Richard_Gere_0005.jpg,/home/anitadonato/tcc/tcc/data/lfw/lfw-funneled/Abdullah_Gul/Abdullah_Gul_0002.jpg,0.24779945611953735,0
/home/anitadonato/tcc/tcc/data/lfw/lfw-funneled/Steve_Lavin/Steve_Lavin_0004.jpg,/home/anitadonato/tcc/tcc/data/lfw/lfw-funneled/Fidel_Castro/Fidel_Castro_0003.jpg,0.17024457454681396,0
/home/anitadonato/tcc/tcc/data/lfw/lfw-funneled/Ai_Sugiyama/Ai_Sugiyama_0003.jpg,/home/anitadonato/tcc/tcc/data/lfw/lfw-funneled/Boris_Becker/Boris_Becker_0004.jpg,0.1593746542930603,0
/home/anitadonato/tcc/tcc/data/lfw/lfw-funneled/Valery_Giscard_dEstaing/Valery_Giscard_dEstaing_0003.jpg,/home/anitadonato/tcc/tcc/data/lfw/lfw-funneled/Billy_Crystal/Billy_Crystal_0001.jpg,0.17666512727737427,0
/home/anitadonato/tcc/tcc/data/lfw/lfw-funneled/Richard_Gere/Richard_Gere_0002.jpg,/home/anitadonato/tcc/tcc/data/lfw/lfw-funneled/Hillary_Clinton/Hillary_Clinton_0004.jpg,0.20055949687957764,0
/home/anitadonato/tcc/tcc/data/lfw/lfw-funneled/Roh_Moo-hyun/Roh_Moo-hyun_0004.jpg,/home/anitadonato/tcc/tcc/data/lfw/lfw-funneled/Antonio_Banderas/Antonio_Banderas_0004.jpg,0.1748395562171936,0
/home/anitadonato/tcc/tcc/data/lfw/lfw-funneled/Maria_Shriver/Maria_Shriver_0004.jpg,/home/anitadonato/tcc/tcc/data/lfw/lfw-funneled/Christine_Baumgartner/Christine_Baumgartner_0004.jpg,0.20048052072525024,0
/home/anitadonato/tcc/tcc/data/lfw/lfw-funneled/Christine_Baumgartner/Christine_Baumgartner_0001.jpg,/home/anitadonato/tcc/tcc/data/lfw/lfw-funneled/Fidel_Castro/Fidel_Castro_0005.jpg,0.20527231693267822,0
/home/anitadonato/tcc/tcc/data/lfw/lfw-funneled/Christine_Todd_Whitman/Christine_Todd_Whitman_0002.jpg,/home/anitadonato/tcc/tcc/data/lfw/lfw-funneled/Charlton_Heston/Charlton_Heston_0003.jpg,0.2810405492782593,0
/home/anitadonato/tcc/tcc/data/lfw/lfw-funneled/Thaksin_Shinawatra/Thaksin_Shinawatra_0002.jpg,/home/anitadonato/tcc/tcc/data/lfw/lfw-funneled/Sourav_Ganguly/Sourav_Ganguly_0005.jpg,0.1760978102684021,0
/home/anitadonato/tcc/tcc/data/lfw/lfw-funneled/Jean_Chretien/Jean_Chretien_0004.jpg,/home/anitadonato/tcc/tcc/data/lfw/lfw-funneled/Jacques_Chirac/Jacques_Chirac_0005.jpg,0.17523998022079468,0
/home/anitadonato/tcc/tcc/data/lfw/lfw-funneled/Carlos_Menem/Carlos_Menem_0005.jpg,/home/anitadonato/tcc/tcc/data/lfw/lfw-funneled/Sharon_Stone/Sharon_Stone_0001.jpg,0.21927887201309204,0
/home/anitadonato/tcc/tcc/data/lfw/lfw-funneled/George_HW_Bush/George_HW_Bush_0005.jpg,/home/anitadonato/tcc/tcc/data/lfw/lfw-funneled/Princess_Caroline/Princess_Caroline_0003.jpg,0.20845437049865723,0
/home/anitadonato/tcc/tcc/data/lfw/lfw-funneled/Michelle_Yeoh/Michelle_Yeoh_0001.jpg,/home/anitadonato/tcc/tcc/data/lfw/lfw-funneled/Bill_McBride/Bill_McBride_0004.jpg,0.2288072109222412,0
/home/anitadonato/tcc/tcc/data/lfw/lfw-funneled/Grant_Hackett/Grant_Hackett_0004.jpg,/home/anitadonato/tcc/tcc/data/lfw/lfw-funneled/Cesar_Gaviria/Cesar_Gaviria_0001.jpg,0.1805887222290039,0
/home/anitadonato/tcc/tcc/data/lfw/lfw-funneled/Natalie_Maines/Natalie_Maines_0002.jpg,/home/anitadonato/tcc/tcc/data/lfw/lfw-funneled/Paul_McCartney/Paul_McCartney_0003.jpg,0.3076167106628418,0
/home/anitadonato/tcc/tcc/data/lfw/lfw-funneled/Thaksin_Shinawatra/Thaksin_Shinawatra_0003.jpg,/home/anitadonato/tcc/tcc/data/lfw/lfw-funneled/Gonzalo_Sanchez_de_Lozada/Gonzalo_Sanchez_de_Lozada_0003.jpg,0.27716684341430664,0
/home/anitadonato/tcc/tcc/data/lfw/lfw-funneled/Pedro_Malan/Pedro_Malan_0001.jpg,/home/anitadonato/tcc/tcc/data/lfw/lfw-funneled/Clara_Harris/Clara_Harris_0002.jpg,0.16625213623046875,0
/home/anitadonato/tcc/tcc/data/lfw/lfw-funneled/Liza_Minnelli/Liza_Minnelli_0005.jpg,/home/anitadonato/tcc/tcc/data/lfw/lfw-funneled/Natalie_Maines/Natalie_Maines_0003.jpg,0.26917898654937744,0
/home/anitadonato/tcc/tcc/data/lfw/lfw-funneled/John_Bolton/John_Bolton_0004.jpg,/home/anitadonato/tcc/tcc/data/lfw/lfw-funneled/JK_Rowling/JK_Rowling_0002.jpg,0.19240325689315796,0
/home/anitadonato/tcc/tcc/data/lfw/lfw-funneled/Michael_Schumacher/Michael_Schumacher_0002.jpg,/home/anitadonato/tcc/tcc/data/lfw/lfw-funneled/Ai_Sugiyama/Ai_Sugiyama_0002.jpg,0.18732976913452148,0
/home/anitadonato/tcc/tcc/data/lfw/lfw-funneled/Kevin_Costner/Kevin_Costner_0003.jpg,/home/anitadonato/tcc/tcc/data/lfw/lfw-funneled/Zhu_Rongji/Zhu_Rongji_0005.jpg,0.22238725423812866,0
/home/anitadonato/tcc/tcc/data/lfw/lfw-funneled/Victoria_Clarke/Victoria_Clarke_0005.jpg,/home/anitadonato/tcc/tcc/data/lfw/lfw-funneled/Martin_Scorsese/Martin_Scorsese_0002.jpg,0.24380570650100708,0
/home/anitadonato/tcc/tcc/data/lfw/lfw-funneled/Halle_Berry/Halle_Berry_0003.jpg,/home/anitadonato/tcc/tcc/data/lfw/lfw-funneled/Angelina_Jolie/Angelina_Jolie_0003.jpg,0.2967228889465332,0
/home/anitadonato/tcc/tcc/data/lfw/lfw-funneled/Silvio_Berlusconi/Silvio_Berlusconi_0005.jpg,/home/anitadonato/tcc/tcc/data/lfw/lfw-funneled/George_HW_Bush/George_HW_Bush_0001.jpg,0.21965575218200684,0
/home/anitadonato/tcc/tcc/data/lfw/lfw-funneled/Hillary_Clinton/Hillary_Clinton_0004.jpg,/home/anitadonato/tcc/tcc/data/lfw/lfw-funneled/Yasser_Arafat/Yasser_Arafat_0001.jpg,0.2040179967880249,0
/home/anitadonato/tcc/tcc/data/lfw/lfw-funneled/Sourav_Ganguly/Sourav_Ganguly_0002.jpg,/home/anitadonato/tcc/tcc/data/lfw/lfw-funneled/Paul_McCartney/Paul_McCartney_0002.jpg,0.21039843559265137,0
/home/anitadonato/tcc/tcc/data/lfw/lfw-funneled/Norm_Coleman/Norm_Coleman_0003.jpg,/home/anitadonato/tcc/tcc/data/lfw/lfw-funneled/Sergey_Lavrov/Sergey_Lavrov_0002.jpg,0.2051137089729309,0
/home/anitadonato/tcc/tcc/data/lfw/lfw-funneled/Charlton_Heston/Charlton_Heston_0004.jpg,/home/anitadonato/tcc/tcc/data/lfw/lfw-funneled/Catherine_Zeta-Jones/Catherine_Zeta-Jones_0004.jpg,0.21477383375167847,0
/home/anitadonato/tcc/tcc/data/lfw/lfw-funneled/Costas_Simitis/Costas_Simitis_0003.jpg,/home/anitadonato/tcc/tcc/data/lfw/lfw-funneled/Kofi_Annan/Kofi_Annan_0004.jpg,0.15720218420028687,0
/home/anitadonato/tcc/tcc/data/lfw/lfw-funneled/Tony_Blair/Tony_Blair_0001.jpg,/home/anitadonato/tcc/tcc/data/lfw/lfw-funneled/Gonzalo_Sanchez_de_Lozada/Gonzalo_Sanchez_de_Lozada_0001.jpg,0.19312644004821777,0
/home/anitadonato/tcc/tcc/data/lfw/lfw-funneled/Hamid_Karzai/Hamid_Karzai_0003.jpg,/home/anitadonato/tcc/tcc/data/lfw/lfw-funneled/Colin_Montgomerie/Colin_Montgomerie_0003.jpg,0.21762830018997192,0
/home/anitadonato/tcc/tcc/data/lfw/lfw-funneled/Vanessa_Redgrave/Vanessa_Redgrave_0003.jpg,/home/anitadonato/tcc/tcc/data/lfw/lfw-funneled/Richard_Gere/Richard_Gere_0005.jpg,0.2587866187095642,0
/home/anitadonato/tcc/tcc/data/lfw/lfw-funneled/Richard_Myers/Richard_Myers_0001.jpg,/home/anitadonato/tcc/tcc/data/lfw/lfw-funneled/Princess_Caroline/Princess_Caroline_0004.jpg,0.21359550952911377,0
/home/anitadonato/tcc/tcc/data/lfw/lfw-funneled/Abdullah_Gul/Abdullah_Gul_0003.jpg,/home/anitadonato/tcc/tcc/data/lfw/lfw-funneled/Kalpana_Chawla/Kalpana_Chawla_0001.jpg,0.22185742855072021,0
/home/anitadonato/tcc/tcc/data/lfw/lfw-funneled/John_Snow/John_Snow_0002.jpg,/home/anitadonato/tcc/tcc/data/lfw/lfw-funneled/Jan_Ullrich/Jan_Ullrich_0004.jpg,0.23592257499694824,0
/home/anitadonato/tcc/tcc/data/lfw/lfw-funneled/Mike_Myers/Mike_Myers_0003.jpg,/home/anitadonato/tcc/tcc/data/lfw/lfw-funneled/Meryl_Streep/Meryl_Streep_0003.jpg,0.26695698499679565,0
/home/anitadonato/tcc/tcc/data/lfw/lfw-funneled/Britney_Spears/Britney_Spears_0005.jpg,/home/anitadonato/tcc/tcc/data/lfw/lfw-funneled/Winona_Ryder/Winona_Ryder_0005.jpg,0.212935209274292,0
/home/anitadonato/tcc/tcc/data/lfw/lfw-funneled/Paul_Burrell/Paul_Burrell_0004.jpg,/home/anitadonato/tcc/tcc/data/lfw/lfw-funneled/Tom_Cruise/Tom_Cruise_0003.jpg,0.21637529134750366,0
/home/anitadonato/tcc/tcc/data/lfw/lfw-funneled/Amelie_Mauresmo/Amelie_Mauresmo_0001.jpg,/home/anitadonato/tcc/tcc/data/lfw/lfw-funneled/Sylvester_Stallone/Sylvester_Stallone_0001.jpg,0.15565204620361328,0
/home/anitadonato/tcc/tcc/data/lfw/lfw-funneled/Elizabeth_Smart/Elizabeth_Smart_0004.jpg,/home/anitadonato/tcc/tcc/data/lfw/lfw-funneled/John_Manley/John_Manley_0001.jpg,0.16877883672714233,0
/home/anitadonato/tcc/tcc/data/lfw/lfw-funneled/Fujio_Cho/Fujio_Cho_0004.jpg,/home/anitadonato/tcc/tcc/data/lfw/lfw-funneled/Tommy_Franks/Tommy_Franks_0004.jpg,0.21048933267593384,0
/home/anitadonato/tcc/tcc/data/lfw/lfw-funneled/Richard_Myers/Richard_Myers_0002.jpg,/home/anitadonato/tcc/tcc/data/lfw/lfw-funneled/Martin_McGuinness/Martin_McGuinness_0002.jpg,0.33492547273635864,0
/home/anitadonato/tcc/tcc/data/lfw/lfw-funneled/Mohamed_ElBaradei/Mohamed_ElBaradei_0002.jpg,/home/anitadonato/tcc/tcc/data/lfw/lfw-funneled/John_Ashcroft/John_Ashcroft_0003.jpg,0.16074752807617188,0
/home/anitadonato/tcc/tcc/data/lfw/lfw-funneled/Amelia_Vega/Amelia_Vega_0003.jpg,/home/anitadonato/tcc/tcc/data/lfw/lfw-funneled/Paul_McCartney/Paul_McCartney_0003.jpg,0.243258535861969,0
/home/anitadonato/tcc/tcc/data/lfw/lfw-funneled/Matthew_Perry/Matthew_Perry_0002.jpg,/home/anitadonato/tcc/tcc/data/lfw/lfw-funneled/Nancy_Pelosi/Nancy_Pelosi_0001.jpg,0.17957758903503418,0
/home/anitadonato/tcc/tcc/data/lfw/lfw-funneled/Jan_Ullrich/Jan_Ullrich_0003.jpg,/home/anitadonato/tcc/tcc/data/lfw/lfw-funneled/John_Manley/John_Manley_0002.jpg,0.20081037282943726,0
/home/anitadonato/tcc/tcc/data/lfw/lfw-funneled/Martin_McGuinness/Martin_McGuinness_0001.jpg,/home/anitadonato/tcc/tcc/data/lfw/lfw-funneled/Paul_McCartney/Paul_McCartney_0001.jpg,0.2026050090789795,0
/home/anitadonato/tcc/tcc/data/lfw/lfw-funneled/Richard_Myers/Richard_Myers_0004.jpg,/home/anitadonato/tcc/tcc/data/lfw/lfw-funneled/Mike_Myers/Mike_Myers_0001.jpg,0.16704583168029785,0
/home/anitadonato/tcc/tcc/data/lfw/lfw-funneled/Paul_Burrell/Paul_Burrell_0002.jpg,/home/anitadonato/tcc/tcc/data/lfw/lfw-funneled/Paul_ONeill/Paul_ONeill_0005.jpg,0.18088912963867188,0
/home/anitadonato/tcc/tcc/data/lfw/lfw-funneled/Amelie_Mauresmo/Amelie_Mauresmo_0001.jpg,/home/anitadonato/tcc/tcc/data/lfw/lfw-funneled/Susan_Sarandon/Susan_Sarandon_0001.jpg,0.24020928144454956,0
/home/anitadonato/tcc/tcc/data/lfw/lfw-funneled/Luis_Horna/Luis_Horna_0001.jpg,/home/anitadonato/tcc/tcc/data/lfw/lfw-funneled/David_Trimble/David_Trimble_0004.jpg,0.12157988548278809,0
/home/anitadonato/tcc/tcc/data/lfw/lfw-funneled/Hosni_Mubarak/Hosni_Mubarak_0004.jpg,/home/anitadonato/tcc/tcc/data/lfw/lfw-funneled/Paul_Burrell/Paul_Burrell_0001.jpg,0.25289350748062134,0
/home/anitadonato/tcc/tcc/data/lfw/lfw-funneled/Muhammad_Saeed_al-Sahhaf/Muhammad_Saeed_al-Sahhaf_0001.jpg,/home/anitadonato/tcc/tcc/data/lfw/lfw-funneled/Arminio_Fraga/Arminio_Fraga_0001.jpg,0.27341169118881226,0
/home/anitadonato/tcc/tcc/data/lfw/lfw-funneled/Spencer_Abraham/Spencer_Abraham_0003.jpg,/home/anitadonato/tcc/tcc/data/lfw/lfw-funneled/Jiri_Novak/Jiri_Novak_0003.jpg,0.16728955507278442,0
/home/anitadonato/tcc/tcc/data/lfw/lfw-funneled/Ai_Sugiyama/Ai_Sugiyama_0002.jpg,/home/anitadonato/tcc/tcc/data/lfw/lfw-funneled/Jean-Pierre_Raffarin/Jean-Pierre_Raffarin_0002.jpg,0.23557358980178833,0
/home/anitadonato/tcc/tcc/data/lfw/lfw-funneled/Ana_Guevara/Ana_Guevara_0005.jpg,/home/anitadonato/tcc/tcc/data/lfw/lfw-funneled/John_Travolta/John_Travolta_0001.jpg,0.16616952419281006,0
/home/anitadonato/tcc/tcc/data/lfw/lfw-funneled/JK_Rowling/JK_Rowling_0002.jpg,/home/anitadonato/tcc/tcc/data/lfw/lfw-funneled/Mohamed_ElBaradei/Mohamed_ElBaradei_0004.jpg,0.18187063932418823,0
/home/anitadonato/tcc/tcc/data/lfw/lfw-funneled/Yashwant_Sinha/Yashwant_Sinha_0002.jpg,/home/anitadonato/tcc/tcc/data/lfw/lfw-funneled/Andre_Agassi/Andre_Agassi_0002.jpg,0.18679702281951904,0
/home/anitadonato/tcc/tcc/data/lfw/lfw-funneled/Fernando_Gonzalez/Fernando_Gonzalez_0004.jpg,/home/anitadonato/tcc/tcc/data/lfw/lfw-funneled/Michael_Schumacher/Michael_Schumacher_0002.jpg,0.21975165605545044,0
/home/anitadonato/tcc/tcc/data/lfw/lfw-funneled/Pedro_Malan/Pedro_Malan_0002.jpg,/home/anitadonato/tcc/tcc/data/lfw/lfw-funneled/Elizabeth_Smart/Elizabeth_Smart_0001.jpg,0.19433152675628662,0
/home/anitadonato/tcc/tcc/data/lfw/lfw-funneled/Adrien_Brody/Adrien_Brody_0004.jpg,/home/anitadonato/tcc/tcc/data/lfw/lfw-funneled/Trent_Lott/Trent_Lott_0003.jpg,0.2526371479034424,0
/home/anitadonato/tcc/tcc/data/lfw/lfw-funneled/Martin_McGuinness/Martin_McGuinness_0002.jpg,/home/anitadonato/tcc/tcc/data/lfw/lfw-funneled/Jiri_Novak/Jiri_Novak_0002.jpg,0.22527384757995605,0
/home/anitadonato/tcc/tcc/data/lfw/lfw-funneled/Sourav_Ganguly/Sourav_Ganguly_0001.jpg,/home/anitadonato/tcc/tcc/data/lfw/lfw-funneled/Alejandro_Toledo/Alejandro_Toledo_0002.jpg,0.23589801788330078,0
/home/anitadonato/tcc/tcc/data/lfw/lfw-funneled/Carmen_Electra/Carmen_Electra_0005.jpg,/home/anitadonato/tcc/tcc/data/lfw/lfw-funneled/Denzel_Washington/Denzel_Washington_0005.jpg,0.1449396014213562,0
/home/anitadonato/tcc/tcc/data/lfw/lfw-funneled/Britney_Spears/Britney_Spears_0001.jpg,/home/anitadonato/tcc/tcc/data/lfw/lfw-funneled/Michael_Powell/Michael_Powell_0003.jpg,0.24782997369766235,0
/home/anitadonato/tcc/tcc/data/lfw/lfw-funneled/Ann_Veneman/Ann_Veneman_0005.jpg,/home/anitadonato/tcc/tcc/data/lfw/lfw-funneled/Tom_Harkin/Tom_Harkin_0005.jpg,0.21559786796569824,0
/home/anitadonato/tcc/tcc/data/lfw/lfw-funneled/Joe_Lieberman/Joe_Lieberman_0004.jpg,/home/anitadonato/tcc/tcc/data/lfw/lfw-funneled/Gerhard_Schroeder/Gerhard_Schroeder_0003.jpg,0.17832493782043457,0
/home/anitadonato/tcc/tcc/data/lfw/lfw-funneled/Alejandro_Toledo/Alejandro_Toledo_0002.jpg,/home/anitadonato/tcc/tcc/data/lfw/lfw-funneled/Billy_Crystal/Billy_Crystal_0004.jpg,0.23152846097946167,0
/home/anitadonato/tcc/tcc/data/lfw/lfw-funneled/Arminio_Fraga/Arminio_Fraga_0002.jpg,/home/anitadonato/tcc/tcc/data/lfw/lfw-funneled/Sharon_Stone/Sharon_Stone_0004.jpg,0.3020595908164978,0
/home/anitadonato/tcc/tcc/data/lfw/lfw-funneled/Jean-David_Levitte/Jean-David_Levitte_0001.jpg,/home/anitadonato/tcc/tcc/data/lfw/lfw-funneled/Martin_Scorsese/Martin_Scorsese_0005.jpg,0.2309037446975708,0
/home/anitadonato/tcc/tcc/data/lfw/lfw-funneled/Tiger_Woods/Tiger_Woods_0003.jpg,/home/anitadonato/tcc/tcc/data/lfw/lfw-funneled/Salma_Hayek/Salma_Hayek_0002.jpg,0.18323856592178345,0
/home/anitadonato/tcc/tcc/data/lfw/lfw-funneled/George_Lopez/George_Lopez_0004.jpg,/home/anitadonato/tcc/tcc/data/lfw/lfw-funneled/Zhu_Rongji/Zhu_Rongji_0003.jpg,0.1854027509689331,0
/home/anitadonato/tcc/tcc/data/lfw/lfw-funneled/Grant_Hackett/Grant_Hackett_0002.jpg,/home/anitadonato/tcc/tcc/data/lfw/lfw-funneled/Amelie_Mauresmo/Amelie_Mauresmo_0004.jpg,0.20989668369293213,0
/home/anitadonato/tcc/tcc/data/lfw/lfw-funneled/Jacques_Chirac/Jacques_Chirac_0001.jpg,/home/anitadonato/tcc/tcc/data/lfw/lfw-funneled/Bob_Hope/Bob_Hope_0005.jpg,0.21469509601593018,0
/home/anitadonato/tcc/tcc/data/lfw/lfw-funneled/Ana_Guevara/Ana_Guevara_0003.jpg,/home/anitadonato/tcc/tcc/data/lfw/lfw-funneled/Tiger_Woods/Tiger_Woods_0002.jpg,0.24056804180145264,0
/home/anitadonato/tcc/tcc/data/lfw/lfw-funneled/Rudolph_Giuliani/Rudolph_Giuliani_0004.jpg,/home/anitadonato/tcc/tcc/data/lfw/lfw-funneled/Kevin_Costner/Kevin_Costner_0005.jpg,0.18481016159057617,0
/home/anitadonato/tcc/tcc/data/lfw/lfw-funneled/Thabo_Mbeki/Thabo_Mbeki_0005.jpg,/home/anitadonato/tcc/tcc/data/lfw/lfw-funneled/John_Manley/John_Manley_0004.jpg,0.18407154083251953,0
/home/anitadonato/tcc/tcc/data/lfw/lfw-funneled/Rainer_Schuettler/Rainer_Schuettler_0004.jpg,/home/anitadonato/tcc/tcc/data/lfw/lfw-funneled/Angela_Merkel/Angela_Merkel_0001.jpg,0.26638859510421753,0
/home/anitadonato/tcc/tcc/data/lfw/lfw-funneled/Jean-David_Levitte/Jean-David_Levitte_0005.jpg,/home/anitadonato/tcc/tcc/data/lfw/lfw-funneled/Ludivine_Sagnier/Ludivine_Sagnier_0005.jpg,0.22435617446899414,0
/home/anitadonato/tcc/tcc/data/lfw/lfw-funneled/Jennifer_Lopez/Jennifer_Lopez_0001.jpg,/home/anitadonato/tcc/tcc/data/lfw/lfw-funneled/Victoria_Clarke/Victoria_Clarke_0003.jpg,0.22585207223892212,0
/home/anitadonato/tcc/tcc/data/lfw/lfw-funneled/George_Robertson/George_Robertson_0002.jpg,/home/anitadonato/tcc/tcc/data/lfw/lfw-funneled/Carlos_Menem/Carlos_Menem_0002.jpg,0.17076003551483154,0
/home/anitadonato/tcc/tcc/data/lfw/lfw-funneled/Ludivine_Sagnier/Ludivine_Sagnier_0004.jpg,/home/anitadonato/tcc/tcc/data/lfw/lfw-funneled/Robert_Blake/Robert_Blake_0005.jpg,0.12852925062179565,0
/home/anitadonato/tcc/tcc/data/lfw/lfw-funneled/Abdullah_Gul/Abdullah_Gul_0001.jpg,/home/anitadonato/tcc/tcc/data/lfw/lfw-funneled/Sylvester_Stallone/Sylvester_Stallone_0003.jpg,0.17229217290878296,0
/home/anitadonato/tcc/tcc/data/lfw/lfw-funneled/John_Allen_Muhammad/John_Allen_Muhammad_0004.jpg,/home/anitadonato/tcc/tcc/data/lfw/lfw-funneled/Pedro_Malan/Pedro_Malan_0001.jpg,0.16417354345321655,0
/home/anitadonato/tcc/tcc/data/lfw/lfw-funneled/Vanessa_Redgrave/Vanessa_Redgrave_0005.jpg,/home/anitadonato/tcc/tcc/data/lfw/lfw-funneled/JK_Rowling/JK_Rowling_0001.jpg,0.1481037139892578,0
/home/anitadonato/tcc/tcc/data/lfw/lfw-funneled/John_Howard/John_Howard_0002.jpg,/home/anitadonato/tcc/tcc/data/lfw/lfw-funneled/Kalpana_Chawla/Kalpana_Chawla_0001.jpg,0.2313838005065918,0
/home/anitadonato/tcc/tcc/data/lfw/lfw-funneled/Tiger_Woods/Tiger_Woods_0002.jpg,/home/anitadonato/tcc/tcc/data/lfw/lfw-funneled/John_Bolton/John_Bolton_0001.jpg,0.19181525707244873,0
/home/anitadonato/tcc/tcc/data/lfw/lfw-funneled/Colin_Powell/Colin_Powell_0003.jpg,/home/anitadonato/tcc/tcc/data/lfw/lfw-funneled/Mark_Hurlbert/Mark_Hurlbert_0005.jpg,0.16518276929855347,0
/home/anitadonato/tcc/tcc/data/lfw/lfw-funneled/Tom_Harkin/Tom_Harkin_0003.jpg,/home/anitadonato/tcc/tcc/data/lfw/lfw-funneled/Andre_Agassi/Andre_Agassi_0002.jpg,0.19307005405426025,0
/home/anitadonato/tcc/tcc/data/lfw/lfw-funneled/Nancy_Pelosi/Nancy_Pelosi_0003.jpg,/home/anitadonato/tcc/tcc/data/lfw/lfw-funneled/LeBron_James/LeBron_James_0001.jpg,0.19859963655471802,0
/home/anitadonato/tcc/tcc/data/lfw/lfw-funneled/Jacques_Chirac/Jacques_Chirac_0003.jpg,/home/anitadonato/tcc/tcc/data/lfw/lfw-funneled/Christine_Todd_Whitman/Christine_Todd_Whitman_0004.jpg,0.18620193004608154,0
/home/anitadonato/tcc/tcc/data/lfw/lfw-funneled/Hugh_Grant/Hugh_Grant_0001.jpg,/home/anitadonato/tcc/tcc/data/lfw/lfw-funneled/Atal_Bihari_Vajpayee/Atal_Bihari_Vajpayee_0003.jpg,0.14288508892059326,0
/home/anitadonato/tcc/tcc/data/lfw/lfw-funneled/Gloria_Macapagal_Arroyo/Gloria_Macapagal_Arroyo_0001.jpg,/home/anitadonato/tcc/tcc/data/lfw/lfw-funneled/Kofi_Annan/Kofi_Annan_0004.jpg,0.18798428773880005,0
/home/anitadonato/tcc/tcc/data/lfw/lfw-funneled/Vanessa_Redgrave/Vanessa_Redgrave_0003.jpg,/home/anitadonato/tcc/tcc/data/lfw/lfw-funneled/Carlos_Menem/Carlos_Menem_0001.jpg,0.19701248407363892,0
/home/anitadonato/tcc/tcc/data/lfw/lfw-funneled/Mark_Hurlbert/Mark_Hurlbert_0002.jpg,/home/anitadonato/tcc/tcc/data/lfw/lfw-funneled/Zhu_Rongji/Zhu_Rongji_0003.jpg,0.2425403594970703,0
/home/anitadonato/tcc/tcc/data/lfw/lfw-funneled/Tommy_Franks/Tommy_Franks_0001.jpg,/home/anitadonato/tcc/tcc/data/lfw/lfw-funneled/Benjamin_Netanyahu/Benjamin_Netanyahu_0005.jpg,0.26676511764526367,0
/home/anitadonato/tcc/tcc/data/lfw/lfw-funneled/Michael_Chiklis/Michael_Chiklis_0001.jpg,/home/anitadonato/tcc/tcc/data/lfw/lfw-funneled/Rob_Marshall/Rob_Marshall_0002.jpg,0.22297680377960205,0
/home/anitadonato/tcc/tcc/data/lfw/lfw-funneled/Robert_Zoellick/Robert_Zoellick_0001.jpg,/home/anitadonato/tcc/tcc/data/lfw/lfw-funneled/Carlos_Menem/Carlos_Menem_0001.jpg,0.22981804609298706,0
/home/anitadonato/tcc/tcc/data/lfw/lfw-funneled/Tiger_Woods/Tiger_Woods_0001.jpg,/home/anitadonato/tcc/tcc/data/lfw/lfw-funneled/John_Allen_Muhammad/John_Allen_Muhammad_0004.jpg,0.2205139398574829,0
/home/anitadonato/tcc/tcc/data/lfw/lfw-funneled/Hans_Blix/Hans_Blix_0002.jpg,/home/anitadonato/tcc/tcc/data/lfw/lfw-funneled/Arminio_Fraga/Arminio_Fraga_0002.jpg,0.29043906927108765,0
/home/anitadonato/tcc/tcc/data/lfw/lfw-funneled/Bulent_Ecevit/Bulent_Ecevit_0004.jpg,/home/anitadonato/tcc/tcc/data/lfw/lfw-funneled/Carmen_Electra/Carmen_Electra_0002.jpg,0.16360902786254883,0
/home/anitadonato/tcc/tcc/data/lfw/lfw-funneled/Halle_Berry/Halle_Berry_0004.jpg,/home/anitadonato/tcc/tcc/data/lfw/lfw-funneled/Norm_Coleman/Norm_Coleman_0003.jpg,0.2162635326385498,0
/home/anitadonato/tcc/tcc/data/lfw/lfw-funneled/Hugh_Grant/Hugh_Grant_0005.jpg,/home/anitadonato/tcc/tcc/data/lfw/lfw-funneled/Frank_Solich/Frank_Solich_0003.jpg,0.23990345001220703,0
/home/anitadonato/tcc/tcc/data/lfw/lfw-funneled/Kate_Hudson/Kate_Hudson_0001.jpg,/home/anitadonato/tcc/tcc/data/lfw/lfw-funneled/Bob_Graham/Bob_Graham_0002.jpg,0.19396281242370605,0
/home/anitadonato/tcc/tcc/data/lfw/lfw-funneled/Bill_Gates/Bill_Gates_0001.jpg,/home/anitadonato/tcc/tcc/data/lfw/lfw-funneled/Tom_Harkin/Tom_Harkin_0004.jpg,0.2241753339767456,0
/home/anitadonato/tcc/tcc/data/lfw/lfw-funneled/Ana_Guevara/Ana_Guevara_0003.jpg,/home/anitadonato/tcc/tcc/data/lfw/lfw-funneled/Paradorn_Srichaphan/Paradorn_Srichaphan_0003.jpg,0.2045762538909912,0
/home/anitadonato/tcc/tcc/data/lfw/lfw-funneled/Robert_Blake/Robert_Blake_0005.jpg,/home/anitadonato/tcc/tcc/data/lfw/lfw-funneled/Pedro_Malan/Pedro_Malan_0004.jpg,0.14403313398361206,0
/home/anitadonato/tcc/tcc/data/lfw/lfw-funneled/Alvaro_Uribe/Alvaro_Uribe_0002.jpg,/home/anitadonato/tcc/tcc/data/lfw/lfw-funneled/Zinedine_Zidane/Zinedine_Zidane_0003.jpg,0.21811193227767944,0
/home/anitadonato/tcc/tcc/data/lfw/lfw-funneled/Tom_Cruise/Tom_Cruise_0005.jpg,/home/anitadonato/tcc/tcc/data/lfw/lfw-funneled/John_Ashcroft/John_Ashcroft_0002.jpg,0.2560809254646301,0
/home/anitadonato/tcc/tcc/data/lfw/lfw-funneled/Habib_Rizieq/Habib_Rizieq_0005.jpg,/home/anitadonato/tcc/tcc/data/lfw/lfw-funneled/Zinedine_Zidane/Zinedine_Zidane_0004.jpg,0.20940238237380981,0
/home/anitadonato/tcc/tcc/data/lfw/lfw-funneled/Jacques_Chirac/Jacques_Chirac_0002.jpg,/home/anitadonato/tcc/tcc/data/lfw/lfw-funneled/Princess_Caroline/Princess_Caroline_0005.jpg,0.219762921333313,0
/home/anitadonato/tcc/tcc/data/lfw/lfw-funneled/Charlton_Heston/Charlton_Heston_0002.jpg,/home/anitadonato/tcc/tcc/data/lfw/lfw-funneled/John_Allen_Muhammad/John_Allen_Muhammad_0001.jpg,0.19780761003494263,0
/home/anitadonato/tcc/tcc/data/lfw/lfw-funneled/Ben_Affleck/Ben_Affleck_0002.jpg,/home/anitadonato/tcc/tcc/data/lfw/lfw-funneled/Geoff_Hoon/Geoff_Hoon_0005.jpg,0.2896907329559326,0
/home/anitadonato/tcc/tcc/data/lfw/lfw-funneled/Mike_Martz/Mike_Martz_0001.jpg,/home/anitadonato/tcc/tcc/data/lfw/lfw-funneled/Abdullah_Gul/Abdullah_Gul_0003.jpg,0.21898728609085083,0
/home/anitadonato/tcc/tcc/data/lfw/lfw-funneled/Richard_Myers/Richard_Myers_0004.jpg,/home/anitadonato/tcc/tcc/data/lfw/lfw-funneled/Charlton_Heston/Charlton_Heston_0003.jpg,0.3236466646194458,0
/home/anitadonato/tcc/tcc/data/lfw/lfw-funneled/Spencer_Abraham/Spencer_Abraham_0005.jpg,/home/anitadonato/tcc/tcc/data/lfw/lfw-funneled/Ann_Veneman/Ann_Veneman_0002.jpg,0.18879097700119019,0
/home/anitadonato/tcc/tcc/data/lfw/lfw-funneled/Silvan_Shalom/Silvan_Shalom_0001.jpg,/home/anitadonato/tcc/tcc/data/lfw/lfw-funneled/Christine_Baumgartner/Christine_Baumgartner_0002.jpg,0.26552993059158325,0
/home/anitadonato/tcc/tcc/data/lfw/lfw-funneled/Gloria_Macapagal_Arroyo/Gloria_Macapagal_Arroyo_0001.jpg,/home/anitadonato/tcc/tcc/data/lfw/lfw-funneled/Victoria_Clarke/Victoria_Clarke_0001.jpg,0.3035615086555481,0
/home/anitadonato/tcc/tcc/data/lfw/lfw-funneled/Ian_Thorpe/Ian_Thorpe_0004.jpg,/home/anitadonato/tcc/tcc/data/lfw/lfw-funneled/Tom_Daschle/Tom_Daschle_0003.jpg,0.16617894172668457,0
/home/anitadonato/tcc/tcc/data/lfw/lfw-funneled/Mike_Weir/Mike_Weir_0001.jpg,/home/anitadonato/tcc/tcc/data/lfw/lfw-funneled/Gerhard_Schroeder/Gerhard_Schroeder_0005.jpg,0.2167910933494568,0
/home/anitadonato/tcc/tcc/data/lfw/lfw-funneled/Natalie_Coughlin/Natalie_Coughlin_0002.jpg,/home/anitadonato/tcc/tcc/data/lfw/lfw-funneled/Antonio_Banderas/Antonio_Banderas_0004.jpg,0.1908501386642456,0
/home/anitadonato/tcc/tcc/data/lfw/lfw-funneled/Frank_Solich/Frank_Solich_0005.jpg,/home/anitadonato/tcc/tcc/data/lfw/lfw-funneled/Paul_ONeill/Paul_ONeill_0001.jpg,0.21535909175872803,0
/home/anitadonato/tcc/tcc/data/lfw/lfw-funneled/Lindsay_Davenport/Lindsay_Davenport_0002.jpg,/home/anitadonato/tcc/tcc/data/lfw/lfw-funneled/Tung_Chee-hwa/Tung_Chee-hwa_0002.jpg,0.2092876434326172,0
/home/anitadonato/tcc/tcc/data/lfw/lfw-funneled/Tom_Crean/Tom_Crean_0003.jpg,/home/anitadonato/tcc/tcc/data/lfw/lfw-funneled/Anna_Kournikova/Anna_Kournikova_0004.jpg,0.2878314256668091,0
/home/anitadonato/tcc/tcc/data/lfw/lfw-funneled/Angela_Merkel/Angela_Merkel_0003.jpg,/home/anitadonato/tcc/tcc/data/lfw/lfw-funneled/Natalie_Maines/Natalie_Maines_0003.jpg,0.20482802391052246,0
/home/anitadonato/tcc/tcc/data/lfw/lfw-funneled/Gonzalo_Sanchez_de_Lozada/Gonzalo_Sanchez_de_Lozada_0002.jpg,/home/anitadonato/tcc/tcc/data/lfw/lfw-funneled/Hugh_Grant/Hugh_Grant_0001.jpg,0.20850294828414917,0
/home/anitadonato/tcc/tcc/data/lfw/lfw-funneled/Hal_Gehman/Hal_Gehman_0005.jpg,/home/anitadonato/tcc/tcc/data/lfw/lfw-funneled/Hillary_Clinton/Hillary_Clinton_0001.jpg,0.14469999074935913,0
/home/anitadonato/tcc/tcc/data/lfw/lfw-funneled/Jennifer_Lopez/Jennifer_Lopez_0002.jpg,/home/anitadonato/tcc/tcc/data/lfw/lfw-funneled/Robert_De_Niro/Robert_De_Niro_0004.jpg,0.18235629796981812,0
/home/anitadonato/tcc/tcc/data/lfw/lfw-funneled/Paradorn_Srichaphan/Paradorn_Srichaphan_0004.jpg,/home/anitadonato/tcc/tcc/data/lfw/lfw-funneled/Jiri_Novak/Jiri_Novak_0001.jpg,0.21744894981384277,0
/home/anitadonato/tcc/tcc/data/lfw/lfw-funneled/Ludivine_Sagnier/Ludivine_Sagnier_0002.jpg,/home/anitadonato/tcc/tcc/data/lfw/lfw-funneled/Lleyton_Hewitt/Lleyton_Hewitt_0004.jpg,0.19083380699157715,0
/home/anitadonato/tcc/tcc/data/lfw/lfw-funneled/David_Anderson/David_Anderson_0003.jpg,/home/anitadonato/tcc/tcc/data/lfw/lfw-funneled/Habib_Rizieq/Habib_Rizieq_0001.jpg,0.22698503732681274,0
/home/anitadonato/tcc/tcc/data/lfw/lfw-funneled/Amelia_Vega/Amelia_Vega_0003.jpg,/home/anitadonato/tcc/tcc/data/lfw/lfw-funneled/Tommy_Franks/Tommy_Franks_0005.jpg,0.2116604447364807,0
/home/anitadonato/tcc/tcc/data/lfw/lfw-funneled/Rudolph_Giuliani/Rudolph_Giuliani_0003.jpg,/home/anitadonato/tcc/tcc/data/lfw/lfw-funneled/Cesar_Gaviria/Cesar_Gaviria_0002.jpg,0.18125706911087036,0
/home/anitadonato/tcc/tcc/data/lfw/lfw-funneled/Amelia_Vega/Amelia_Vega_0002.jpg,/home/anitadonato/tcc/tcc/data/lfw/lfw-funneled/Gloria_Macapagal_Arroyo/Gloria_Macapagal_Arroyo_0003.jpg,0.1246386170387268,0
/home/anitadonato/tcc/tcc/data/lfw/lfw-funneled/Jan_Ullrich/Jan_Ullrich_0001.jpg,/home/anitadonato/tcc/tcc/data/lfw/lfw-funneled/Colin_Montgomerie/Colin_Montgomerie_0003.jpg,0.29231059551239014,0
/home/anitadonato/tcc/tcc/data/lfw/lfw-funneled/Anna_Kournikova/Anna_Kournikova_0001.jpg,/home/anitadonato/tcc/tcc/data/lfw/lfw-funneled/Woody_Allen/Woody_Allen_0004.jpg,0.22185969352722168,0
/home/anitadonato/tcc/tcc/data/lfw/lfw-funneled/Gonzalo_Sanchez_de_Lozada/Gonzalo_Sanchez_de_Lozada_0005.jpg,/home/anitadonato/tcc/tcc/data/lfw/lfw-funneled/Steve_Lavin/Steve_Lavin_0002.jpg,0.20068347454071045,0
/home/anitadonato/tcc/tcc/data/lfw/lfw-funneled/Natalie_Coughlin/Natalie_Coughlin_0001.jpg,/home/anitadonato/tcc/tcc/data/lfw/lfw-funneled/Habib_Rizieq/Habib_Rizieq_0002.jpg,0.2749057412147522,0
/home/anitadonato/tcc/tcc/data/lfw/lfw-funneled/Fujio_Cho/Fujio_Cho_0001.jpg,/home/anitadonato/tcc/tcc/data/lfw/lfw-funneled/Tiger_Woods/Tiger_Woods_0002.jpg,0.2139112949371338,0
/home/anitadonato/tcc/tcc/data/lfw/lfw-funneled/Paul_Burrell/Paul_Burrell_0004.jpg,/home/anitadonato/tcc/tcc/data/lfw/lfw-funneled/Pervez_Musharraf/Pervez_Musharraf_0003.jpg,0.2098563313484192,0
/home/anitadonato/tcc/tcc/data/lfw/lfw-funneled/Maria_Shriver/Maria_Shriver_0001.jpg,/home/anitadonato/tcc/tcc/data/lfw/lfw-funneled/Cruz_Bustamante/Cruz_Bustamante_0005.jpg,0.2291085124015808,0
/home/anitadonato/tcc/tcc/data/lfw/lfw-funneled/Adrien_Brody/Adrien_Brody_0001.jpg,/home/anitadonato/tcc/tcc/data/lfw/lfw-funneled/Anna_Kournikova/Anna_Kournikova_0001.jpg,0.1791103482246399,0
/home/anitadonato/tcc/tcc/data/lfw/lfw-funneled/Ana_Palacio/Ana_Palacio_0004.jpg,/home/anitadonato/tcc/tcc/data/lfw/lfw-funneled/Pervez_Musharraf/Pervez_Musharraf_0002.jpg,0.20092177391052246,0
/home/anitadonato/tcc/tcc/data/lfw/lfw-funneled/Amelia_Vega/Amelia_Vega_0001.jpg,/home/anitadonato/tcc/tcc/data/lfw/lfw-funneled/Bernard_Law/Bernard_Law_0001.jpg,0.19770026206970215,0
/home/anitadonato/tcc/tcc/data/lfw/lfw-funneled/Habib_Rizieq/Habib_Rizieq_0002.jpg,/home/anitadonato/tcc/tcc/data/lfw/lfw-funneled/Mohammed_Al-Douri/Mohammed_Al-Douri_0005.jpg,0.1739051342010498,0
/home/anitadonato/tcc/tcc/data/lfw/lfw-funneled/Jose_Maria_Aznar/Jose_Maria_Aznar_0004.jpg,/home/anitadonato/tcc/tcc/data/lfw/lfw-funneled/Rob_Marshall/Rob_Marshall_0004.jpg,0.21157288551330566,0
/home/anitadonato/tcc/tcc/data/lfw/lfw-funneled/Christine_Todd_Whitman/Christine_Todd_Whitman_0004.jpg,/home/anitadonato/tcc/tcc/data/lfw/lfw-funneled/Jean-Pierre_Raffarin/Jean-Pierre_Raffarin_0002.jpg,0.2328309416770935,0
/home/anitadonato/tcc/tcc/data/lfw/lfw-funneled/Roy_Moore/Roy_Moore_0002.jpg,/home/anitadonato/tcc/tcc/data/lfw/lfw-funneled/Mike_Myers/Mike_Myers_0003.jpg,0.24329960346221924,0
/home/anitadonato/tcc/tcc/data/lfw/lfw-funneled/Victoria_Clarke/Victoria_Clarke_0002.jpg,/home/anitadonato/tcc/tcc/data/lfw/lfw-funneled/Xavier_Malisse/Xavier_Malisse_0001.jpg,0.20250189304351807,0
/home/anitadonato/tcc/tcc/data/lfw/lfw-funneled/Michael_Schumacher/Michael_Schumacher_0005.jpg,/home/anitadonato/tcc/tcc/data/lfw/lfw-funneled/Valery_Giscard_dEstaing/Valery_Giscard_dEstaing_0002.jpg,0.1985529065132141,0
/home/anitadonato/tcc/tcc/data/lfw/lfw-funneled/Alejandro_Toledo/Alejandro_Toledo_0004.jpg,/home/anitadonato/tcc/tcc/data/lfw/lfw-funneled/Li_Peng/Li_Peng_0004.jpg,0.19176900386810303,0
/home/anitadonato/tcc/tcc/data/lfw/lfw-funneled/Al_Sharpton/Al_Sharpton_0001.jpg,/home/anitadonato/tcc/tcc/data/lfw/lfw-funneled/Joseph_Biden/Joseph_Biden_0001.jpg,0.25271016359329224,0
/home/anitadonato/tcc/tcc/data/lfw/lfw-funneled/Victoria_Clarke/Victoria_Clarke_0002.jpg,/home/anitadonato/tcc/tcc/data/lfw/lfw-funneled/Arminio_Fraga/Arminio_Fraga_0004.jpg,0.2214597463607788,0
/home/anitadonato/tcc/tcc/data/lfw/lfw-funneled/Hal_Gehman/Hal_Gehman_0005.jpg,/home/anitadonato/tcc/tcc/data/lfw/lfw-funneled/Maria_Soledad_Alvear_Valenzuela/Maria_Soledad_Alvear_Valenzuela_0002.jpg,0.18828099966049194,0
/home/anitadonato/tcc/tcc/data/lfw/lfw-funneled/Cruz_Bustamante/Cruz_Bustamante_0001.jpg,/home/anitadonato/tcc/tcc/data/lfw/lfw-funneled/Grant_Hackett/Grant_Hackett_0004.jpg,0.25378531217575073,0
/home/anitadonato/tcc/tcc/data/lfw/lfw-funneled/Gloria_Macapagal_Arroyo/Gloria_Macapagal_Arroyo_0004.jpg,/home/anitadonato/tcc/tcc/data/lfw/lfw-funneled/Lleyton_Hewitt/Lleyton_Hewitt_0005.jpg,0.21612775325775146,0
/home/anitadonato/tcc/tcc/data/lfw/lfw-funneled/Richard_Gere/Richard_Gere_0005.jpg,/home/anitadonato/tcc/tcc/data/lfw/lfw-funneled/Mike_Martz/Mike_Martz_0005.jpg,0.20246797800064087,0
/home/anitadonato/tcc/tcc/data/lfw/lfw-funneled/Halle_Berry/Halle_Berry_0003.jpg,/home/anitadonato/tcc/tcc/data/lfw/lfw-funneled/George_Lopez/George_Lopez_0002.jpg,0.16845887899398804,0
/home/anitadonato/tcc/tcc/data/lfw/lfw-funneled/Geoff_Hoon/Geoff_Hoon_0005.jpg,/home/anitadonato/tcc/tcc/data/lfw/lfw-funneled/Erika_Harold/Erika_Harold_0002.jpg,0.1981879472732544,0
/home/anitadonato/tcc/tcc/data/lfw/lfw-funneled/Christine_Todd_Whitman/Christine_Todd_Whitman_0003.jpg,/home/anitadonato/tcc/tcc/data/lfw/lfw-funneled/Michael_Powell/Michael_Powell_0001.jpg,0.23222148418426514,0
/home/anitadonato/tcc/tcc/data/lfw/lfw-funneled/Kim_Dae-jung/Kim_Dae-jung_0003.jpg,/home/anitadonato/tcc/tcc/data/lfw/lfw-funneled/John_Travolta/John_Travolta_0005.jpg,0.22276514768600464,0
/home/anitadonato/tcc/tcc/data/lfw/lfw-funneled/Ian_Thorpe/Ian_Thorpe_0001.jpg,/home/anitadonato/tcc/tcc/data/lfw/lfw-funneled/Tommy_Franks/Tommy_Franks_0002.jpg,0.21102815866470337,0
/home/anitadonato/tcc/tcc/data/lfw/lfw-funneled/Kurt_Warner/Kurt_Warner_0003.jpg,/home/anitadonato/tcc/tcc/data/lfw/lfw-funneled/Queen_Rania/Queen_Rania_0005.jpg,0.2867473363876343,0
/home/anitadonato/tcc/tcc/data/lfw/lfw-funneled/Natalie_Maines/Natalie_Maines_0002.jpg,/home/anitadonato/tcc/tcc/data/lfw/lfw-funneled/Paul_Martin/Paul_Martin_0005.jpg,0.1848815679550171,0
/home/anitadonato/tcc/tcc/data/lfw/lfw-funneled/George_Lopez/George_Lopez_0002.jpg,/home/anitadonato/tcc/tcc/data/lfw/lfw-funneled/Roy_Moore/Roy_Moore_0002.jpg,0.19408100843429565,0
/home/anitadonato/tcc/tcc/data/lfw/lfw-funneled/Renee_Zellweger/Renee_Zellweger_0003.jpg,/home/anitadonato/tcc/tcc/data/lfw/lfw-funneled/Paul_ONeill/Paul_ONeill_0003.jpg,0.20775586366653442,0
/home/anitadonato/tcc/tcc/data/lfw/lfw-funneled/Paul_ONeill/Paul_ONeill_0003.jpg,/home/anitadonato/tcc/tcc/data/lfw/lfw-funneled/Christine_Todd_Whitman/Christine_Todd_Whitman_0005.jpg,0.28739356994628906,0
/home/anitadonato/tcc/tcc/data/lfw/lfw-funneled/Tom_Cruise/Tom_Cruise_0005.jpg,/home/anitadonato/tcc/tcc/data/lfw/lfw-funneled/Costas_Simitis/Costas_Simitis_0002.jpg,0.3234444856643677,0
/home/anitadonato/tcc/tcc/data/lfw/lfw-funneled/Meryl_Streep/Meryl_Streep_0003.jpg,/home/anitadonato/tcc/tcc/data/lfw/lfw-funneled/Michelle_Yeoh/Michelle_Yeoh_0002.jpg,0.22121953964233398,0
/home/anitadonato/tcc/tcc/data/lfw/lfw-funneled/Christine_Baumgartner/Christine_Baumgartner_0001.jpg,/home/anitadonato/tcc/tcc/data/lfw/lfw-funneled/Bulent_Ecevit/Bulent_Ecevit_0001.jpg,0.1756805181503296,0
/home/anitadonato/tcc/tcc/data/lfw/lfw-funneled/Ian_Thorpe/Ian_Thorpe_0002.jpg,/home/anitadonato/tcc/tcc/data/lfw/lfw-funneled/Megawati_Sukarnoputri/Megawati_Sukarnoputri_0001.jpg,0.20447677373886108,0
/home/anitadonato/tcc/tcc/data/lfw/lfw-funneled/Atal_Bihari_Vajpayee/Atal_Bihari_Vajpayee_0001.jpg,/home/anitadonato/tcc/tcc/data/lfw/lfw-funneled/Joseph_Biden/Joseph_Biden_0003.jpg,0.26341933012008667,0
/home/anitadonato/tcc/tcc/data/lfw/lfw-funneled/Michael_Schumacher/Michael_Schumacher_0002.jpg,/home/anitadonato/tcc/tcc/data/lfw/lfw-funneled/Hal_Gehman/Hal_Gehman_0003.jpg,0.1673254370689392,0
/home/anitadonato/tcc/tcc/data/lfw/lfw-funneled/Julie_Gerberding/Julie_Gerberding_0003.jpg,/home/anitadonato/tcc/tcc/data/lfw/lfw-funneled/Vladimir_Putin/Vladimir_Putin_0001.jpg,0.24233746528625488,0
/home/anitadonato/tcc/tcc/data/lfw/lfw-funneled/Goldie_Hawn/Goldie_Hawn_0005.jpg,/home/anitadonato/tcc/tcc/data/lfw/lfw-funneled/Sergey_Lavrov/Sergey_Lavrov_0002.jpg,0.28607285022735596,0
/home/anitadonato/tcc/tcc/data/lfw/lfw-funneled/Princess_Caroline/Princess_Caroline_0005.jpg,/home/anitadonato/tcc/tcc/data/lfw/lfw-funneled/Sharon_Stone/Sharon_Stone_0003.jpg,0.23921161890029907,0
/home/anitadonato/tcc/tcc/data/lfw/lfw-funneled/Bob_Hope/Bob_Hope_0004.jpg,/home/anitadonato/tcc/tcc/data/lfw/lfw-funneled/Nancy_Pelosi/Nancy_Pelosi_0005.jpg,0.26364362239837646,0
/home/anitadonato/tcc/tcc/data/lfw/lfw-funneled/Elizabeth_Smart/Elizabeth_Smart_0003.jpg,/home/anitadonato/tcc/tcc/data/lfw/lfw-funneled/Winona_Ryder/Winona_Ryder_0003.jpg,0.19978350400924683,0
/home/anitadonato/tcc/tcc/data/lfw/lfw-funneled/Hillary_Clinton/Hillary_Clinton_0004.jpg,/home/anitadonato/tcc/tcc/data/lfw/lfw-funneled/Tommy_Franks/Tommy_Franks_0004.jpg,0.26193976402282715,0
/home/anitadonato/tcc/tcc/data/lfw/lfw-funneled/Mohamed_ElBaradei/Mohamed_ElBaradei_0002.jpg,/home/anitadonato/tcc/tcc/data/lfw/lfw-funneled/Erika_Harold/Erika_Harold_0005.jpg,0.18212509155273438,0
/home/anitadonato/tcc/tcc/data/lfw/lfw-funneled/Hosni_Mubarak/Hosni_Mubarak_0003.jpg,/home/anitadonato/tcc/tcc/data/lfw/lfw-funneled/Michael_Schumacher/Michael_Schumacher_0002.jpg,0.2542477250099182,0
/home/anitadonato/tcc/tcc/data/lfw/lfw-funneled/Kalpana_Chawla/Kalpana_Chawla_0002.jpg,/home/anitadonato/tcc/tcc/data/lfw/lfw-funneled/Adrien_Brody/Adrien_Brody_0004.jpg,0.20648425817489624,0
/home/anitadonato/tcc/tcc/data/lfw/lfw-funneled/David_Anderson/David_Anderson_0003.jpg,/home/anitadonato/tcc/tcc/data/lfw/lfw-funneled/John_Stockton/John_Stockton_0002.jpg,0.2935486435890198,0
/home/anitadonato/tcc/tcc/data/lfw/lfw-funneled/Vladimir_Putin/Vladimir_Putin_0001.jpg,/home/anitadonato/tcc/tcc/data/lfw/lfw-funneled/Trent_Lott/Trent_Lott_0005.jpg,0.18480604887008667,0
/home/anitadonato/tcc/tcc/data/lfw/lfw-funneled/Walter_Mondale/Walter_Mondale_0005.jpg,/home/anitadonato/tcc/tcc/data/lfw/lfw-funneled/Jacques_Chirac/Jacques_Chirac_0001.jpg,0.1960371732711792,0
/home/anitadonato/tcc/tcc/data/lfw/lfw-funneled/John_Paul_II/John_Paul_II_0003.jpg,/home/anitadonato/tcc/tcc/data/lfw/lfw-funneled/Megawati_Sukarnoputri/Megawati_Sukarnoputri_0005.jpg,0.25457775592803955,0
/home/anitadonato/tcc/tcc/data/lfw/lfw-funneled/John_Negroponte/John_Negroponte_0005.jpg,/home/anitadonato/tcc/tcc/data/lfw/lfw-funneled/Jean-David_Levitte/Jean-David_Levitte_0001.jpg,0.1727980375289917,0
/home/anitadonato/tcc/tcc/data/lfw/lfw-funneled/Mark_Hurlbert/Mark_Hurlbert_0003.jpg,/home/anitadonato/tcc/tcc/data/lfw/lfw-funneled/Costas_Simitis/Costas_Simitis_0001.jpg,0.23483282327651978,0
/home/anitadonato/tcc/tcc/data/lfw/lfw-funneled/Renee_Zellweger/Renee_Zellweger_0003.jpg,/home/anitadonato/tcc/tcc/data/lfw/lfw-funneled/Mike_Martz/Mike_Martz_0002.jpg,0.15517830848693848,0
/home/anitadonato/tcc/tcc/data/lfw/lfw-funneled/Abdullah_Gul/Abdullah_Gul_0003.jpg,/home/anitadonato/tcc/tcc/data/lfw/lfw-funneled/Pedro_Malan/Pedro_Malan_0004.jpg,0.2180601954460144,0
/home/anitadonato/tcc/tcc/data/lfw/lfw-funneled/Alvaro_Uribe/Alvaro_Uribe_0002.jpg,/home/anitadonato/tcc/tcc/data/lfw/lfw-funneled/Roger_Federer/Roger_Federer_0002.jpg,0.1838841438293457,0
/home/anitadonato/tcc/tcc/data/lfw/lfw-funneled/Hosni_Mubarak/Hosni_Mubarak_0003.jpg,/home/anitadonato/tcc/tcc/data/lfw/lfw-funneled/Ana_Guevara/Ana_Guevara_0003.jpg,0.3114299774169922,0
/home/anitadonato/tcc/tcc/data/lfw/lfw-funneled/Robert_De_Niro/Robert_De_Niro_0001.jpg,/home/anitadonato/tcc/tcc/data/lfw/lfw-funneled/Andre_Agassi/Andre_Agassi_0001.jpg,0.2032630443572998,0
/home/anitadonato/tcc/tcc/data/lfw/lfw-funneled/Arminio_Fraga/Arminio_Fraga_0004.jpg,/home/anitadonato/tcc/tcc/data/lfw/lfw-funneled/Clara_Harris/Clara_Harris_0002.jpg,0.2625736594200134,0
/home/anitadonato/tcc/tcc/data/lfw/lfw-funneled/Fernando_Gonzalez/Fernando_Gonzalez_0004.jpg,/home/anitadonato/tcc/tcc/data/lfw/lfw-funneled/Meryl_Streep/Meryl_Streep_0003.jpg,0.26110291481018066,0
/home/anitadonato/tcc/tcc/data/lfw/lfw-funneled/Grant_Hackett/Grant_Hackett_0001.jpg,/home/anitadonato/tcc/tcc/data/lfw/lfw-funneled/Tony_Blair/Tony_Blair_0004.jpg,0.23919916152954102,0
/home/anitadonato/tcc/tcc/data/lfw/lfw-funneled/Kofi_Annan/Kofi_Annan_0002.jpg,/home/anitadonato/tcc/tcc/data/lfw/lfw-funneled/Mohamed_ElBaradei/Mohamed_ElBaradei_0002.jpg,0.20566320419311523,0
/home/anitadonato/tcc/tcc/data/lfw/lfw-funneled/Gonzalo_Sanchez_de_Lozada/Gonzalo_Sanchez_de_Lozada_0001.jpg,/home/anitadonato/tcc/tcc/data/lfw/lfw-funneled/Bob_Hope/Bob_Hope_0003.jpg,0.18910932540893555,0
/home/anitadonato/tcc/tcc/data/lfw/lfw-funneled/Goldie_Hawn/Goldie_Hawn_0003.jpg,/home/anitadonato/tcc/tcc/data/lfw/lfw-funneled/Erika_Harold/Erika_Harold_0001.jpg,0.17921942472457886,0
/home/anitadonato/tcc/tcc/data/lfw/lfw-funneled/Bob_Hope/Bob_Hope_0002.jpg,/home/anitadonato/tcc/tcc/data/lfw/lfw-funneled/David_Trimble/David_Trimble_0004.jpg,0.19307363033294678,0
/home/anitadonato/tcc/tcc/data/lfw/lfw-funneled/Colin_Powell/Colin_Powell_0001.jpg,/home/anitadonato/tcc/tcc/data/lfw/lfw-funneled/John_Stockton/John_Stockton_0005.jpg,0.24197441339492798,0
/home/anitadonato/tcc/tcc/data/lfw/lfw-funneled/Amelia_Vega/Amelia_Vega_0005.jpg,/home/anitadonato/tcc/tcc/data/lfw/lfw-funneled/Winona_Ryder/Winona_Ryder_0005.jpg,0.21462702751159668,0
/home/anitadonato/tcc/tcc/data/lfw/lfw-funneled/Sheryl_Crow/Sheryl_Crow_0001.jpg,/home/anitadonato/tcc/tcc/data/lfw/lfw-funneled/Angelina_Jolie/Angelina_Jolie_0004.jpg,0.15421658754348755,0
/home/anitadonato/tcc/tcc/data/lfw/lfw-funneled/Paul_McCartney/Paul_McCartney_0005.jpg,/home/anitadonato/tcc/tcc/data/lfw/lfw-funneled/Fidel_Castro/Fidel_Castro_0004.jpg,0.28530752658843994,0
/home/anitadonato/tcc/tcc/data/lfw/lfw-funneled/Tommy_Franks/Tommy_Franks_0001.jpg,/home/anitadonato/tcc/tcc/data/lfw/lfw-funneled/Billy_Crystal/Billy_Crystal_0003.jpg,0.2267436981201172,0
/home/anitadonato/tcc/tcc/data/lfw/lfw-funneled/Ann_Veneman/Ann_Veneman_0004.jpg,/home/anitadonato/tcc/tcc/data/lfw/lfw-funneled/Joe_Lieberman/Joe_Lieberman_0005.jpg,0.21267133951187134,0
/home/anitadonato/tcc/tcc/data/lfw/lfw-funneled/Andre_Agassi/Andre_Agassi_0005.jpg,/home/anitadonato/tcc/tcc/data/lfw/lfw-funneled/Trent_Lott/Trent_Lott_0003.jpg,0.24237698316574097,0
/home/anitadonato/tcc/tcc/data/lfw/lfw-funneled/Tung_Chee-hwa/Tung_Chee-hwa_0003.jpg,/home/anitadonato/tcc/tcc/data/lfw/lfw-funneled/Britney_Spears/Britney_Spears_0002.jpg,0.2093232274055481,0
/home/anitadonato/tcc/tcc/data/lfw/lfw-funneled/Natalie_Coughlin/Natalie_Coughlin_0004.jpg,/home/anitadonato/tcc/tcc/data/lfw/lfw-funneled/Mohammed_Al-Douri/Mohammed_Al-Douri_0005.jpg,0.2153489589691162,0
/home/anitadonato/tcc/tcc/data/lfw/lfw-funneled/Al_Sharpton/Al_Sharpton_0002.jpg,/home/anitadonato/tcc/tcc/data/lfw/lfw-funneled/Christine_Baumgartner/Christine_Baumgartner_0001.jpg,0.15056484937667847,0
/home/anitadonato/tcc/tcc/data/lfw/lfw-funneled/Salma_Hayek/Salma_Hayek_0004.jpg,/home/anitadonato/tcc/tcc/data/lfw/lfw-funneled/Richard_Myers/Richard_Myers_0001.jpg,0.26426398754119873,0
/home/anitadonato/tcc/tcc/data/lfw/lfw-funneled/Li_Peng/Li_Peng_0005.jpg,/home/anitadonato/tcc/tcc/data/lfw/lfw-funneled/Tung_Chee-hwa/Tung_Chee-hwa_0004.jpg,0.1482946276664734,0
/home/anitadonato/tcc/tcc/data/lfw/lfw-funneled/Hal_Gehman/Hal_Gehman_0001.jpg,/home/anitadonato/tcc/tcc/data/lfw/lfw-funneled/Natalie_Coughlin/Natalie_Coughlin_0002.jpg,0.26651811599731445,0
/home/anitadonato/tcc/tcc/data/lfw/lfw-funneled/Jennifer_Capriati/Jennifer_Capriati_0003.jpg,/home/anitadonato/tcc/tcc/data/lfw/lfw-funneled/Jean-David_Levitte/Jean-David_Levitte_0001.jpg,0.16573554277420044,0
/home/anitadonato/tcc/tcc/data/lfw/lfw-funneled/Pamela_Anderson/Pamela_Anderson_0003.jpg,/home/anitadonato/tcc/tcc/data/lfw/lfw-funneled/William_Ford_Jr/William_Ford_Jr_0004.jpg,0.20165574550628662,0
/home/anitadonato/tcc/tcc/data/lfw/lfw-funneled/Kim_Dae-jung/Kim_Dae-jung_0003.jpg,/home/anitadonato/tcc/tcc/data/lfw/lfw-funneled/Christine_Baumgartner/Christine_Baumgartner_0001.jpg,0.17627036571502686,0
/home/anitadonato/tcc/tcc/data/lfw/lfw-funneled/Maria_Soledad_Alvear_Valenzuela/Maria_Soledad_Alvear_Valenzuela_0004.jpg,/home/anitadonato/tcc/tcc/data/lfw/lfw-funneled/Grant_Hackett/Grant_Hackett_0002.jpg,0.23166203498840332,0
/home/anitadonato/tcc/tcc/data/lfw/lfw-funneled/Zinedine_Zidane/Zinedine_Zidane_0003.jpg,/home/anitadonato/tcc/tcc/data/lfw/lfw-funneled/Jean-Pierre_Raffarin/Jean-Pierre_Raffarin_0002.jpg,0.1876404881477356,0
/home/anitadonato/tcc/tcc/data/lfw/lfw-funneled/Xavier_Malisse/Xavier_Malisse_0003.jpg,/home/anitadonato/tcc/tcc/data/lfw/lfw-funneled/Yoko_Ono/Yoko_Ono_0004.jpg,0.19795012474060059,0
/home/anitadonato/tcc/tcc/data/lfw/lfw-funneled/Paradorn_Srichaphan/Paradorn_Srichaphan_0002.jpg,/home/anitadonato/tcc/tcc/data/lfw/lfw-funneled/Roger_Federer/Roger_Federer_0003.jpg,0.22406810522079468,0
/home/anitadonato/tcc/tcc/data/lfw/lfw-funneled/Tom_Cruise/Tom_Cruise_0002.jpg,/home/anitadonato/tcc/tcc/data/lfw/lfw-funneled/Kevin_Costner/Kevin_Costner_0001.jpg,0.21122580766677856,0
/home/anitadonato/tcc/tcc/data/lfw/lfw-funneled/Fernando_Gonzalez/Fernando_Gonzalez_0005.jpg,/home/anitadonato/tcc/tcc/data/lfw/lfw-funneled/Bill_McBride/Bill_McBride_0002.jpg,0.2881520986557007,0
/home/anitadonato/tcc/tcc/data/lfw/lfw-funneled/Carmen_Electra/Carmen_Electra_0004.jpg,/home/anitadonato/tcc/tcc/data/lfw/lfw-funneled/Kevin_Costner/Kevin_Costner_0005.jpg,0.17442142963409424,0
/home/anitadonato/tcc/tcc/data/lfw/lfw-funneled/Silvan_Shalom/Silvan_Shalom_0004.jpg,/home/anitadonato/tcc/tcc/data/lfw/lfw-funneled/Ludivine_Sagnier/Ludivine_Sagnier_0005.jpg,0.2501830458641052,0
/home/anitadonato/tcc/tcc/data/lfw/lfw-funneled/Renee_Zellweger/Renee_Zellweger_0003.jpg,/home/anitadonato/tcc/tcc/data/lfw/lfw-funneled/Pamela_Anderson/Pamela_Anderson_0001.jpg,0.18240571022033691,0
/home/anitadonato/tcc/tcc/data/lfw/lfw-funneled/Jan_Ullrich/Jan_Ullrich_0001.jpg,/home/anitadonato/tcc/tcc/data/lfw/lfw-funneled/Gloria_Macapagal_Arroyo/Gloria_Macapagal_Arroyo_0005.jpg,0.2818434238433838,0
/home/anitadonato/tcc/tcc/data/lfw/lfw-funneled/Silvio_Berlusconi/Silvio_Berlusconi_0005.jpg,/home/anitadonato/tcc/tcc/data/lfw/lfw-funneled/Tom_Harkin/Tom_Harkin_0005.jpg,0.1885077953338623,0
/home/anitadonato/tcc/tcc/data/lfw/lfw-funneled/Sergey_Lavrov/Sergey_Lavrov_0004.jpg,/home/anitadonato/tcc/tcc/data/lfw/lfw-funneled/Kate_Hudson/Kate_Hudson_0002.jpg,0.1967463493347168,0
/home/anitadonato/tcc/tcc/data/lfw/lfw-funneled/Fidel_Castro/Fidel_Castro_0002.jpg,/home/anitadonato/tcc/tcc/data/lfw/lfw-funneled/Mike_Myers/Mike_Myers_0002.jpg,0.19363713264465332,0
/home/anitadonato/tcc/tcc/data/lfw/lfw-funneled/Rudolph_Giuliani/Rudolph_Giuliani_0001.jpg,/home/anitadonato/tcc/tcc/data/lfw/lfw-funneled/Rainer_Schuettler/Rainer_Schuettler_0004.jpg,0.2044392228126526,0
/home/anitadonato/tcc/tcc/data/lfw/lfw-funneled/Hal_Gehman/Hal_Gehman_0002.jpg,/home/anitadonato/tcc/tcc/data/lfw/lfw-funneled/John_Manley/John_Manley_0005.jpg,0.18898338079452515,0
/home/anitadonato/tcc/tcc/data/lfw/lfw-funneled/Anna_Kournikova/Anna_Kournikova_0001.jpg,/home/anitadonato/tcc/tcc/data/lfw/lfw-funneled/Erika_Harold/Erika_Harold_0001.jpg,0.2003185749053955,0
/home/anitadonato/tcc/tcc/data/lfw/lfw-funneled/George_Lopez/George_Lopez_0004.jpg,/home/anitadonato/tcc/tcc/data/lfw/lfw-funneled/Steve_Lavin/Steve_Lavin_0005.jpg,0.25478678941726685,0
/home/anitadonato/tcc/tcc/data/lfw/lfw-funneled/Robert_Blake/Robert_Blake_0005.jpg,/home/anitadonato/tcc/tcc/data/lfw/lfw-funneled/Sourav_Ganguly/Sourav_Ganguly_0004.jpg,0.1427275538444519,0
/home/anitadonato/tcc/tcc/data/lfw/lfw-funneled/Tiger_Woods/Tiger_Woods_0005.jpg,/home/anitadonato/tcc/tcc/data/lfw/lfw-funneled/Angela_Merkel/Angela_Merkel_0005.jpg,0.23693931102752686,0
/home/anitadonato/tcc/tcc/data/lfw/lfw-funneled/Tom_Daschle/Tom_Daschle_0001.jpg,/home/anitadonato/tcc/tcc/data/lfw/lfw-funneled/Silvan_Shalom/Silvan_Shalom_0004.jpg,0.27150899171829224,0
/home/anitadonato/tcc/tcc/data/lfw/lfw-funneled/Wayne_Ferreira/Wayne_Ferreira_0005.jpg,/home/anitadonato/tcc/tcc/data/lfw/lfw-funneled/Sergey_Lavrov/Sergey_Lavrov_0005.jpg,0.1340922713279724,0
/home/anitadonato/tcc/tcc/data/lfw/lfw-funneled/Russell_Simmons/Russell_Simmons_0001.jpg,/home/anitadonato/tcc/tcc/data/lfw/lfw-funneled/Charlton_Heston/Charlton_Heston_0001.jpg,0.1704379916191101,0
/home/anitadonato/tcc/tcc/data/lfw/lfw-funneled/Tom_Cruise/Tom_Cruise_0001.jpg,/home/anitadonato/tcc/tcc/data/lfw/lfw-funneled/Michael_Powell/Michael_Powell_0003.jpg,0.23916888236999512,0
/home/anitadonato/tcc/tcc/data/lfw/lfw-funneled/Ludivine_Sagnier/Ludivine_Sagnier_0004.jpg,/home/anitadonato/tcc/tcc/data/lfw/lfw-funneled/Mike_Martz/Mike_Martz_0003.jpg,0.18442076444625854,0
/home/anitadonato/tcc/tcc/data/lfw/lfw-funneled/Arminio_Fraga/Arminio_Fraga_0004.jpg,/home/anitadonato/tcc/tcc/data/lfw/lfw-funneled/Paul_McCartney/Paul_McCartney_0005.jpg,0.3334280848503113,0
/home/anitadonato/tcc/tcc/data/lfw/lfw-funneled/Cameron_Diaz/Cameron_Diaz_0001.jpg,/home/anitadonato/tcc/tcc/data/lfw/lfw-funneled/Pamela_Anderson/Pamela_Anderson_0002.jpg,0.16817253828048706,0
/home/anitadonato/tcc/tcc/data/lfw/lfw-funneled/Sourav_Ganguly/Sourav_Ganguly_0002.jpg,/home/anitadonato/tcc/tcc/data/lfw/lfw-funneled/Hamid_Karzai/Hamid_Karzai_0005.jpg,0.22265982627868652,0
/home/anitadonato/tcc/tcc/data/lfw/lfw-funneled/Cameron_Diaz/Cameron_Diaz_0004.jpg,/home/anitadonato/tcc/tcc/data/lfw/lfw-funneled/Amelie_Mauresmo/Amelie_Mauresmo_0001.jpg,0.20524591207504272,0
/home/anitadonato/tcc/tcc/data/lfw/lfw-funneled/Jan_Ullrich/Jan_Ullrich_0002.jpg,/home/anitadonato/tcc/tcc/data/lfw/lfw-funneled/Bernard_Law/Bernard_Law_0001.jpg,0.15733468532562256,0
/home/anitadonato/tcc/tcc/data/lfw/lfw-funneled/Jean_Chretien/Jean_Chretien_0003.jpg,/home/anitadonato/tcc/tcc/data/lfw/lfw-funneled/Pamela_Anderson/Pamela_Anderson_0003.jpg,0.14116400480270386,0
/home/anitadonato/tcc/tcc/data/lfw/lfw-funneled/Goldie_Hawn/Goldie_Hawn_0003.jpg,/home/anitadonato/tcc/tcc/data/lfw/lfw-funneled/Winona_Ryder/Winona_Ryder_0003.jpg,0.2385023832321167,0
/home/anitadonato/tcc/tcc/data/lfw/lfw-funneled/Victoria_Clarke/Victoria_Clarke_0001.jpg,/home/anitadonato/tcc/tcc/data/lfw/lfw-funneled/Christine_Baumgartner/Christine_Baumgartner_0002.jpg,0.25051677227020264,0
/home/anitadonato/tcc/tcc/data/lfw/lfw-funneled/Hillary_Clinton/Hillary_Clinton_0004.jpg,/home/anitadonato/tcc/tcc/data/lfw/lfw-funneled/Richard_Gephardt/Richard_Gephardt_0003.jpg,0.1802350878715515,0
/home/anitadonato/tcc/tcc/data/lfw/lfw-funneled/George_HW_Bush/George_HW_Bush_0004.jpg,/home/anitadonato/tcc/tcc/data/lfw/lfw-funneled/Trent_Lott/Trent_Lott_0005.jpg,0.194271981716156,0
/home/anitadonato/tcc/tcc/data/lfw/lfw-funneled/Alejandro_Toledo/Alejandro_Toledo_0002.jpg,/home/anitadonato/tcc/tcc/data/lfw/lfw-funneled/Pedro_Malan/Pedro_Malan_0004.jpg,0.1405901312828064,0
/home/anitadonato/tcc/tcc/data/lfw/lfw-funneled/Mike_Myers/Mike_Myers_0004.jpg,/home/anitadonato/tcc/tcc/data/lfw/lfw-funneled/Ben_Affleck/Ben_Affleck_0005.jpg,0.2686404585838318,0
/home/anitadonato/tcc/tcc/data/lfw/lfw-funneled/Nancy_Pelosi/Nancy_Pelosi_0005.jpg,/home/anitadonato/tcc/tcc/data/lfw/lfw-funneled/Paul_Martin/Paul_Martin_0002.jpg,0.14525771141052246,0
/home/anitadonato/tcc/tcc/data/lfw/lfw-funneled/Ana_Palacio/Ana_Palacio_0005.jpg,/home/anitadonato/tcc/tcc/data/lfw/lfw-funneled/John_Howard/John_Howard_0004.jpg,0.22651517391204834,0
/home/anitadonato/tcc/tcc/data/lfw/lfw-funneled/Hillary_Clinton/Hillary_Clinton_0005.jpg,/home/anitadonato/tcc/tcc/data/lfw/lfw-funneled/Michael_Powell/Michael_Powell_0005.jpg,0.21370404958724976,0
/home/anitadonato/tcc/tcc/data/lfw/lfw-funneled/Christine_Todd_Whitman/Christine_Todd_Whitman_0002.jpg,/home/anitadonato/tcc/tcc/data/lfw/lfw-funneled/Woody_Allen/Woody_Allen_0002.jpg,0.20359325408935547,0
/home/anitadonato/tcc/tcc/data/lfw/lfw-funneled/Paul_Martin/Paul_Martin_0001.jpg,/home/anitadonato/tcc/tcc/data/lfw/lfw-funneled/Norm_Coleman/Norm_Coleman_0004.jpg,0.20750707387924194,0
/home/anitadonato/tcc/tcc/data/lfw/lfw-funneled/Mohammed_Al-Douri/Mohammed_Al-Douri_0002.jpg,/home/anitadonato/tcc/tcc/data/lfw/lfw-funneled/Salma_Hayek/Salma_Hayek_0003.jpg,0.2057134509086609,0
/home/anitadonato/tcc/tcc/data/lfw/lfw-funneled/Zinedine_Zidane/Zinedine_Zidane_0005.jpg,/home/anitadonato/tcc/tcc/data/lfw/lfw-funneled/Habib_Rizieq/Habib_Rizieq_0004.jpg,0.21333807706832886,0
/home/anitadonato/tcc/tcc/data/lfw/lfw-funneled/Abdullah_Gul/Abdullah_Gul_0001.jpg,/home/anitadonato/tcc/tcc/data/lfw/lfw-funneled/Fujio_Cho/Fujio_Cho_0002.jpg,0.2049536108970642,0
/home/anitadonato/tcc/tcc/data/lfw/lfw-funneled/Nancy_Pelosi/Nancy_Pelosi_0005.jpg,/home/anitadonato/tcc/tcc/data/lfw/lfw-funneled/Christine_Baumgartner/Christine_Baumgartner_0004.jpg,0.15593600273132324,0
/home/anitadonato/tcc/tcc/data/lfw/lfw-funneled/Vladimir_Putin/Vladimir_Putin_0005.jpg,/home/anitadonato/tcc/tcc/data/lfw/lfw-funneled/Pamela_Anderson/Pamela_Anderson_0005.jpg,0.22704821825027466,0
/home/anitadonato/tcc/tcc/data/lfw/lfw-funneled/Yashwant_Sinha/Yashwant_Sinha_0002.jpg,/home/anitadonato/tcc/tcc/data/lfw/lfw-funneled/Mike_Martz/Mike_Martz_0003.jpg,0.14226162433624268,0
/home/anitadonato/tcc/tcc/data/lfw/lfw-funneled/Gerhard_Schroeder/Gerhard_Schroeder_0001.jpg,/home/anitadonato/tcc/tcc/data/lfw/lfw-funneled/Martha_Stewart/Martha_Stewart_0003.jpg,0.24197375774383545,0
/home/anitadonato/tcc/tcc/data/lfw/lfw-funneled/Christine_Todd_Whitman/Christine_Todd_Whitman_0001.jpg,/home/anitadonato/tcc/tcc/data/lfw/lfw-funneled/Arminio_Fraga/Arminio_Fraga_0002.jpg,0.20607030391693115,0
/home/anitadonato/tcc/tcc/data/lfw/lfw-funneled/Silvio_Berlusconi/Silvio_Berlusconi_0002.jpg,/home/anitadonato/tcc/tcc/data/lfw/lfw-funneled/Michael_Powell/Michael_Powell_0002.jpg,0.19890505075454712,0
/home/anitadonato/tcc/tcc/data/lfw/lfw-funneled/Alejandro_Toledo/Alejandro_Toledo_0002.jpg,/home/anitadonato/tcc/tcc/data/lfw/lfw-funneled/Bill_Gates/Bill_Gates_0003.jpg,0.11957961320877075,0
/home/anitadonato/tcc/tcc/data/lfw/lfw-funneled/Mohamed_ElBaradei/Mohamed_ElBaradei_0005.jpg,/home/anitadonato/tcc/tcc/data/lfw/lfw-funneled/Ben_Affleck/Ben_Affleck_0001.jpg,0.1923045516014099,0
/home/anitadonato/tcc/tcc/data/lfw/lfw-funneled/Michael_Powell/Michael_Powell_0001.jpg,/home/anitadonato/tcc/tcc/data/lfw/lfw-funneled/Kristanna_Loken/Kristanna_Loken_0004.jpg,0.22358256578445435,0
/home/anitadonato/tcc/tcc/data/lfw/lfw-funneled/Paul_Burrell/Paul_Burrell_0002.jpg,/home/anitadonato/tcc/tcc/data/lfw/lfw-funneled/Alejandro_Toledo/Alejandro_Toledo_0005.jpg,0.15862613916397095,0
/home/anitadonato/tcc/tcc/data/lfw/lfw-funneled/Alvaro_Uribe/Alvaro_Uribe_0003.jpg,/home/anitadonato/tcc/tcc/data/lfw/lfw-funneled/Bill_Gates/Bill_Gates_0005.jpg,0.1818300485610962,0
/home/anitadonato/tcc/tcc/data/lfw/lfw-funneled/David_Anderson/David_Anderson_0003.jpg,/home/anitadonato/tcc/tcc/data/lfw/lfw-funneled/Gloria_Macapagal_Arroyo/Gloria_Macapagal_Arroyo_0004.jpg,0.22124463319778442,0
/home/anitadonato/tcc/tcc/data/lfw/lfw-funneled/Tony_Blair/Tony_Blair_0004.jpg,/home/anitadonato/tcc/tcc/data/lfw/lfw-funneled/Yashwant_Sinha/Yashwant_Sinha_0003.jpg,0.1798405647277832,0
/home/anitadonato/tcc/tcc/data/lfw/lfw-funneled/Cesar_Gaviria/Cesar_Gaviria_0003.jpg,/home/anitadonato/tcc/tcc/data/lfw/lfw-funneled/Paradorn_Srichaphan/Paradorn_Srichaphan_0005.jpg,0.1937299370765686,0
/home/anitadonato/tcc/tcc/data/lfw/lfw-funneled/Nicanor_Duarte_Frutos/Nicanor_Duarte_Frutos_0005.jpg,/home/anitadonato/tcc/tcc/data/lfw/lfw-funneled/Jan_Ullrich/Jan_Ullrich_0001.jpg,0.24298590421676636,0
/home/anitadonato/tcc/tcc/data/lfw/lfw-funneled/Carlos_Moya/Carlos_Moya_0003.jpg,/home/anitadonato/tcc/tcc/data/lfw/lfw-funneled/Carlos_Menem/Carlos_Menem_0005.jpg,0.2569316625595093,0
/home/anitadonato/tcc/tcc/data/lfw/lfw-funneled/Alejandro_Toledo/Alejandro_Toledo_0005.jpg,/home/anitadonato/tcc/tcc/data/lfw/lfw-funneled/Martin_Scorsese/Martin_Scorsese_0003.jpg,0.16442519426345825,0
/home/anitadonato/tcc/tcc/data/lfw/lfw-funneled/Richard_Gephardt/Richard_Gephardt_0001.jpg,/home/anitadonato/tcc/tcc/data/lfw/lfw-funneled/Maria_Shriver/Maria_Shriver_0004.jpg,0.2297980785369873,0
/home/anitadonato/tcc/tcc/data/lfw/lfw-funneled/Ana_Palacio/Ana_Palacio_0003.jpg,/home/anitadonato/tcc/tcc/data/lfw/lfw-funneled/Winona_Ryder/Winona_Ryder_0003.jpg,0.27056628465652466,0
/home/anitadonato/tcc/tcc/data/lfw/lfw-funneled/Sourav_Ganguly/Sourav_Ganguly_0003.jpg,/home/anitadonato/tcc/tcc/data/lfw/lfw-funneled/Anna_Kournikova/Anna_Kournikova_0002.jpg,0.1800026297569275,0
/home/anitadonato/tcc/tcc/data/lfw/lfw-funneled/Wayne_Ferreira/Wayne_Ferreira_0002.jpg,/home/anitadonato/tcc/tcc/data/lfw/lfw-funneled/Tom_Harkin/Tom_Harkin_0001.jpg,0.18549340963363647,0
/home/anitadonato/tcc/tcc/data/lfw/lfw-funneled/Denzel_Washington/Denzel_Washington_0003.jpg,/home/anitadonato/tcc/tcc/data/lfw/lfw-funneled/Hamid_Karzai/Hamid_Karzai_0002.jpg,0.20204949378967285,0
/home/anitadonato/tcc/tcc/data/lfw/lfw-funneled/Andre_Agassi/Andre_Agassi_0004.jpg,/home/anitadonato/tcc/tcc/data/lfw/lfw-funneled/Geoff_Hoon/Geoff_Hoon_0003.jpg,0.20502787828445435,0
/home/anitadonato/tcc/tcc/data/lfw/lfw-funneled/Anna_Kournikova/Anna_Kournikova_0004.jpg,/home/anitadonato/tcc/tcc/data/lfw/lfw-funneled/Silvan_Shalom/Silvan_Shalom_0004.jpg,0.26066654920578003,0
/home/anitadonato/tcc/tcc/data/lfw/lfw-funneled/Natalie_Maines/Natalie_Maines_0005.jpg,/home/anitadonato/tcc/tcc/data/lfw/lfw-funneled/Bulent_Ecevit/Bulent_Ecevit_0005.jpg,0.2294430136680603,0
/home/anitadonato/tcc/tcc/data/lfw/lfw-funneled/Joe_Lieberman/Joe_Lieberman_0002.jpg,/home/anitadonato/tcc/tcc/data/lfw/lfw-funneled/David_Trimble/David_Trimble_0005.jpg,0.19718307256698608,0
/home/anitadonato/tcc/tcc/data/lfw/lfw-funneled/Jean-David_Levitte/Jean-David_Levitte_0003.jpg,/home/anitadonato/tcc/tcc/data/lfw/lfw-funneled/Pamela_Anderson/Pamela_Anderson_0005.jpg,0.19259482622146606,0
/home/anitadonato/tcc/tcc/data/lfw/lfw-funneled/Richard_Gephardt/Richard_Gephardt_0005.jpg,/home/anitadonato/tcc/tcc/data/lfw/lfw-funneled/Jennifer_Capriati/Jennifer_Capriati_0002.jpg,0.2483159303665161,0
/home/anitadonato/tcc/tcc/data/lfw/lfw-funneled/Li_Peng/Li_Peng_0004.jpg,/home/anitadonato/tcc/tcc/data/lfw/lfw-funneled/Natalie_Coughlin/Natalie_Coughlin_0002.jpg,0.213187575340271,0
/home/anitadonato/tcc/tcc/data/lfw/lfw-funneled/Robert_Zoellick/Robert_Zoellick_0005.jpg,/home/anitadonato/tcc/tcc/data/lfw/lfw-funneled/Anna_Kournikova/Anna_Kournikova_0002.jpg,0.2972326874732971,0
/home/anitadonato/tcc/tcc/data/lfw/lfw-funneled/Amelie_Mauresmo/Amelie_Mauresmo_0001.jpg,/home/anitadonato/tcc/tcc/data/lfw/lfw-funneled/Peter_Struck/Peter_Struck_0002.jpg,0.2851916551589966,0
/home/anitadonato/tcc/tcc/data/lfw/lfw-funneled/Roy_Moore/Roy_Moore_0003.jpg,/home/anitadonato/tcc/tcc/data/lfw/lfw-funneled/Bill_Gates/Bill_Gates_0004.jpg,0.2829664349555969,0
/home/anitadonato/tcc/tcc/data/lfw/lfw-funneled/Bernard_Law/Bernard_Law_0003.jpg,/home/anitadonato/tcc/tcc/data/lfw/lfw-funneled/Nancy_Pelosi/Nancy_Pelosi_0005.jpg,0.22329986095428467,0
/home/anitadonato/tcc/tcc/data/lfw/lfw-funneled/Li_Peng/Li_Peng_0001.jpg,/home/anitadonato/tcc/tcc/data/lfw/lfw-funneled/Habib_Rizieq/Habib_Rizieq_0004.jpg,0.15924233198165894,0
/home/anitadonato/tcc/tcc/data/lfw/lfw-funneled/Billy_Crystal/Billy_Crystal_0005.jpg,/home/anitadonato/tcc/tcc/data/lfw/lfw-funneled/Abdullah_Gul/Abdullah_Gul_0005.jpg,0.21030181646347046,0
/home/anitadonato/tcc/tcc/data/lfw/lfw-funneled/Valery_Giscard_dEstaing/Valery_Giscard_dEstaing_0004.jpg,/home/anitadonato/tcc/tcc/data/lfw/lfw-funneled/Bob_Hope/Bob_Hope_0002.jpg,0.22884601354599,0
/home/anitadonato/tcc/tcc/data/lfw/lfw-funneled/Bob_Graham/Bob_Graham_0004.jpg,/home/anitadonato/tcc/tcc/data/lfw/lfw-funneled/Kate_Hudson/Kate_Hudson_0005.jpg,0.2266337275505066,0
/home/anitadonato/tcc/tcc/data/lfw/lfw-funneled/Richard_Gephardt/Richard_Gephardt_0001.jpg,/home/anitadonato/tcc/tcc/data/lfw/lfw-funneled/Fernando_Gonzalez/Fernando_Gonzalez_0002.jpg,0.2309688925743103,0
/home/anitadonato/tcc/tcc/data/lfw/lfw-funneled/Ai_Sugiyama/Ai_Sugiyama_0003.jpg,/home/anitadonato/tcc/tcc/data/lfw/lfw-funneled/Hal_Gehman/Hal_Gehman_0004.jpg,0.21414577960968018,0
/home/anitadonato/tcc/tcc/data/lfw/lfw-funneled/Zhu_Rongji/Zhu_Rongji_0002.jpg,/home/anitadonato/tcc/tcc/data/lfw/lfw-funneled/Mike_Weir/Mike_Weir_0003.jpg,0.22336995601654053,0
/home/anitadonato/tcc/tcc/data/lfw/lfw-funneled/Julie_Gerberding/Julie_Gerberding_0001.jpg,/home/anitadonato/tcc/tcc/data/lfw/lfw-funneled/John_Paul_II/John_Paul_II_0004.jpg,0.22928380966186523,0
/home/anitadonato/tcc/tcc/data/lfw/lfw-funneled/Peter_Struck/Peter_Struck_0002.jpg,/home/anitadonato/tcc/tcc/data/lfw/lfw-funneled/Cruz_Bustamante/Cruz_Bustamante_0003.jpg,0.28746920824050903,0
/home/anitadonato/tcc/tcc/data/lfw/lfw-funneled/Abdullah_Gul/Abdullah_Gul_0001.jpg,/home/anitadonato/tcc/tcc/data/lfw/lfw-funneled/Paul_Martin/Paul_Martin_0004.jpg,0.24697989225387573,0
/home/anitadonato/tcc/tcc/data/lfw/lfw-funneled/Sourav_Ganguly/Sourav_Ganguly_0002.jpg,/home/anitadonato/tcc/tcc/data/lfw/lfw-funneled/Liza_Minnelli/Liza_Minnelli_0005.jpg,0.2991146445274353,0
/home/anitadonato/tcc/tcc/data/lfw/lfw-funneled/Sylvester_Stallone/Sylvester_Stallone_0004.jpg,/home/anitadonato/tcc/tcc/data/lfw/lfw-funneled/Tommy_Franks/Tommy_Franks_0001.jpg,0.20097535848617554,0
/home/anitadonato/tcc/tcc/data/lfw/lfw-funneled/Paul_Burrell/Paul_Burrell_0004.jpg,/home/anitadonato/tcc/tcc/data/lfw/lfw-funneled/Michael_Schumacher/Michael_Schumacher_0004.jpg,0.2381579875946045,0
/home/anitadonato/tcc/tcc/data/lfw/lfw-funneled/Hamid_Karzai/Hamid_Karzai_0004.jpg,/home/anitadonato/tcc/tcc/data/lfw/lfw-funneled/Martin_McGuinness/Martin_McGuinness_0004.jpg,0.16490191221237183,0
/home/anitadonato/tcc/tcc/data/lfw/lfw-funneled/Carlos_Moya/Carlos_Moya_0005.jpg,/home/anitadonato/tcc/tcc/data/lfw/lfw-funneled/Bulent_Ecevit/Bulent_Ecevit_0002.jpg,0.26068997383117676,0
/home/anitadonato/tcc/tcc/data/lfw/lfw-funneled/John_Stockton/John_Stockton_0001.jpg,/home/anitadonato/tcc/tcc/data/lfw/lfw-funneled/Nancy_Pelosi/Nancy_Pelosi_0003.jpg,0.28254234790802,0
/home/anitadonato/tcc/tcc/data/lfw/lfw-funneled/Bill_McBride/Bill_McBride_0002.jpg,/home/anitadonato/tcc/tcc/data/lfw/lfw-funneled/John_Travolta/John_Travolta_0001.jpg,0.15083712339401245,0
/home/anitadonato/tcc/tcc/data/lfw/lfw-funneled/Catherine_Zeta-Jones/Catherine_Zeta-Jones_0002.jpg,/home/anitadonato/tcc/tcc/data/lfw/lfw-funneled/Carlos_Moya/Carlos_Moya_0002.jpg,0.3082943558692932,0
/home/anitadonato/tcc/tcc/data/lfw/lfw-funneled/Hosni_Mubarak/Hosni_Mubarak_0003.jpg,/home/anitadonato/tcc/tcc/data/lfw/lfw-funneled/Mike_Martz/Mike_Martz_0002.jpg,0.23957473039627075,0
/home/anitadonato/tcc/tcc/data/lfw/lfw-funneled/Spencer_Abraham/Spencer_Abraham_0005.jpg,/home/anitadonato/tcc/tcc/data/lfw/lfw-funneled/Arminio_Fraga/Arminio_Fraga_0005.jpg,0.18693667650222778,0
/home/anitadonato/tcc/tcc/data/lfw/lfw-funneled/David_Anderson/David_Anderson_0001.jpg,/home/anitadonato/tcc/tcc/data/lfw/lfw-funneled/Fidel_Castro/Fidel_Castro_0001.jpg,0.1932682991027832,0
/home/anitadonato/tcc/tcc/data/lfw/lfw-funneled/Richard_Gephardt/Richard_Gephardt_0004.jpg,/home/anitadonato/tcc/tcc/data/lfw/lfw-funneled/Tom_Crean/Tom_Crean_0005.jpg,0.2786353826522827,0
/home/anitadonato/tcc/tcc/data/lfw/lfw-funneled/Martin_Scorsese/Martin_Scorsese_0003.jpg,/home/anitadonato/tcc/tcc/data/lfw/lfw-funneled/Atal_Bihari_Vajpayee/Atal_Bihari_Vajpayee_0004.jpg,0.23660272359848022,0
/home/anitadonato/tcc/tcc/data/lfw/lfw-funneled/Maria_Shriver/Maria_Shriver_0003.jpg,/home/anitadonato/tcc/tcc/data/lfw/lfw-funneled/Hillary_Clinton/Hillary_Clinton_0004.jpg,0.1987343430519104,0
/home/anitadonato/tcc/tcc/data/lfw/lfw-funneled/Hamid_Karzai/Hamid_Karzai_0002.jpg,/home/anitadonato/tcc/tcc/data/lfw/lfw-funneled/Heidi_Klum/Heidi_Klum_0002.jpg,0.18680226802825928,0
/home/anitadonato/tcc/tcc/data/lfw/lfw-funneled/Trent_Lott/Trent_Lott_0002.jpg,/home/anitadonato/tcc/tcc/data/lfw/lfw-funneled/Paul_Burrell/Paul_Burrell_0001.jpg,0.23169034719467163,0
/home/anitadonato/tcc/tcc/data/lfw/lfw-funneled/Adrien_Brody/Adrien_Brody_0002.jpg,/home/anitadonato/tcc/tcc/data/lfw/lfw-funneled/Antonio_Banderas/Antonio_Banderas_0001.jpg,0.18866652250289917,0
/home/anitadonato/tcc/tcc/data/lfw/lfw-funneled/Hans_Blix/Hans_Blix_0001.jpg,/home/anitadonato/tcc/tcc/data/lfw/lfw-funneled/Gloria_Macapagal_Arroyo/Gloria_Macapagal_Arroyo_0004.jpg,0.23861736059188843,0
/home/anitadonato/tcc/tcc/data/lfw/lfw-funneled/Jean-David_Levitte/Jean-David_Levitte_0005.jpg,/home/anitadonato/tcc/tcc/data/lfw/lfw-funneled/Benjamin_Netanyahu/Benjamin_Netanyahu_0005.jpg,0.17817777395248413,0
/home/anitadonato/tcc/tcc/data/lfw/lfw-funneled/Mohammed_Al-Douri/Mohammed_Al-Douri_0001.jpg,/home/anitadonato/tcc/tcc/data/lfw/lfw-funneled/Martin_Scorsese/Martin_Scorsese_0001.jpg,0.1715296506881714,0
/home/anitadonato/tcc/tcc/data/lfw/lfw-funneled/Paul_McCartney/Paul_McCartney_0001.jpg,/home/anitadonato/tcc/tcc/data/lfw/lfw-funneled/Goldie_Hawn/Goldie_Hawn_0001.jpg,0.19207799434661865,0
/home/anitadonato/tcc/tcc/data/lfw/lfw-funneled/Nia_Vardalos/Nia_Vardalos_0004.jpg,/home/anitadonato/tcc/tcc/data/lfw/lfw-funneled/Susan_Sarandon/Susan_Sarandon_0001.jpg,0.3244418501853943,0
/home/anitadonato/tcc/tcc/data/lfw/lfw-funneled/Al_Sharpton/Al_Sharpton_0004.jpg,/home/anitadonato/tcc/tcc/data/lfw/lfw-funneled/Eduardo_Duhalde/Eduardo_Duhalde_0002.jpg,0.18234699964523315,0
/home/anitadonato/tcc/tcc/data/lfw/lfw-funneled/Ann_Veneman/Ann_Veneman_0001.jpg,/home/anitadonato/tcc/tcc/data/lfw/lfw-funneled/Hosni_Mubarak/Hosni_Mubarak_0003.jpg,0.23528152704238892,0
/home/anitadonato/tcc/tcc/data/lfw/lfw-funneled/Silvan_Shalom/Silvan_Shalom_0001.jpg,/home/anitadonato/tcc/tcc/data/lfw/lfw-funneled/Tung_Chee-hwa/Tung_Chee-hwa_0005.jpg,0.21856874227523804,0
/home/anitadonato/tcc/tcc/data/lfw/lfw-funneled/Hugh_Grant/Hugh_Grant_0005.jpg,/home/anitadonato/tcc/tcc/data/lfw/lfw-funneled/Nicanor_Duarte_Frutos/Nicanor_Duarte_Frutos_0002.jpg,0.24270397424697876,0
/home/anitadonato/tcc/tcc/data/lfw/lfw-funneled/Silvan_Shalom/Silvan_Shalom_0005.jpg,/home/anitadonato/tcc/tcc/data/lfw/lfw-funneled/Spencer_Abraham/Spencer_Abraham_0005.jpg,0.17446380853652954,0
/home/anitadonato/tcc/tcc/data/lfw/lfw-funneled/Kate_Hudson/Kate_Hudson_0001.jpg,/home/anitadonato/tcc/tcc/data/lfw/lfw-funneled/Britney_Spears/Britney_Spears_0001.jpg,0.09637778997421265,0
/home/anitadonato/tcc/tcc/data/lfw/lfw-funneled/Mark_Hurlbert/Mark_Hurlbert_0005.jpg,/home/anitadonato/tcc/tcc/data/lfw/lfw-funneled/Pervez_Musharraf/Pervez_Musharraf_0002.jpg,0.2059447169303894,0
/home/anitadonato/tcc/tcc/data/lfw/lfw-funneled/Michael_Powell/Michael_Powell_0005.jpg,/home/anitadonato/tcc/tcc/data/lfw/lfw-funneled/Roger_Federer/Roger_Federer_0002.jpg,0.25442034006118774,0
/home/anitadonato/tcc/tcc/data/lfw/lfw-funneled/Lleyton_Hewitt/Lleyton_Hewitt_0004.jpg,/home/anitadonato/tcc/tcc/data/lfw/lfw-funneled/Angelina_Jolie/Angelina_Jolie_0003.jpg,0.24380451440811157,0
/home/anitadonato/tcc/tcc/data/lfw/lfw-funneled/Colin_Powell/Colin_Powell_0005.jpg,/home/anitadonato/tcc/tcc/data/lfw/lfw-funneled/Rudolph_Giuliani/Rudolph_Giuliani_0004.jpg,0.313068687915802,0
/home/anitadonato/tcc/tcc/data/lfw/lfw-funneled/Liza_Minnelli/Liza_Minnelli_0004.jpg,/home/anitadonato/tcc/tcc/data/lfw/lfw-funneled/Martha_Stewart/Martha_Stewart_0003.jpg,0.24973291158676147,0
/home/anitadonato/tcc/tcc/data/lfw/lfw-funneled/Renee_Zellweger/Renee_Zellweger_0001.jpg,/home/anitadonato/tcc/tcc/data/lfw/lfw-funneled/Richard_Myers/Richard_Myers_0001.jpg,0.25081151723861694,0
/home/anitadonato/tcc/tcc/data/lfw/lfw-funneled/Sharon_Stone/Sharon_Stone_0004.jpg,/home/anitadonato/tcc/tcc/data/lfw/lfw-funneled/Silvio_Berlusconi/Silvio_Berlusconi_0002.jpg,0.17671692371368408,0
/home/anitadonato/tcc/tcc/data/lfw/lfw-funneled/Amelia_Vega/Amelia_Vega_0005.jpg,/home/anitadonato/tcc/tcc/data/lfw/lfw-funneled/Michael_Powell/Michael_Powell_0001.jpg,0.2519829273223877,0
/home/anitadonato/tcc/tcc/data/lfw/lfw-funneled/Rob_Marshall/Rob_Marshall_0003.jpg,/home/anitadonato/tcc/tcc/data/lfw/lfw-funneled/Elizabeth_Smart/Elizabeth_Smart_0002.jpg,0.2757508158683777,0
/home/anitadonato/tcc/tcc/data/lfw/lfw-funneled/Vanessa_Redgrave/Vanessa_Redgrave_0003.jpg,/home/anitadonato/tcc/tcc/data/lfw/lfw-funneled/Li_Peng/Li_Peng_0004.jpg,0.19709455966949463,0
/home/anitadonato/tcc/tcc/data/lfw/lfw-funneled/Mohammed_Al-Douri/Mohammed_Al-Douri_0002.jpg,/home/anitadonato/tcc/tcc/data/lfw/lfw-funneled/Elizabeth_Smart/Elizabeth_Smart_0001.jpg,0.18737101554870605,0
/home/anitadonato/tcc/tcc/data/lfw/lfw-funneled/Tom_Crean/Tom_Crean_0003.jpg,/home/anitadonato/tcc/tcc/data/lfw/lfw-funneled/Salma_Hayek/Salma_Hayek_0004.jpg,0.25947797298431396,0
/home/anitadonato/tcc/tcc/data/lfw/lfw-funneled/Robert_Zoellick/Robert_Zoellick_0001.jpg,/home/anitadonato/tcc/tcc/data/lfw/lfw-funneled/William_Ford_Jr/William_Ford_Jr_0001.jpg,0.2782096862792969,0
/home/anitadonato/tcc/tcc/data/lfw/lfw-funneled/Alvaro_Uribe/Alvaro_Uribe_0002.jpg,/home/anitadonato/tcc/tcc/data/lfw/lfw-funneled/Ai_Sugiyama/Ai_Sugiyama_0003.jpg,0.1646985411643982,0
/home/anitadonato/tcc/tcc/data/lfw/lfw-funneled/Lleyton_Hewitt/Lleyton_Hewitt_0005.jpg,/home/anitadonato/tcc/tcc/data/lfw/lfw-funneled/Clara_Harris/Clara_Harris_0003.jpg,0.17083525657653809,0
/home/anitadonato/tcc/tcc/data/lfw/lfw-funneled/John_Stockton/John_Stockton_0003.jpg,/home/anitadonato/tcc/tcc/data/lfw/lfw-funneled/Amelia_Vega/Amelia_Vega_0003.jpg,0.20517349243164062,0
/home/anitadonato/tcc/tcc/data/lfw/lfw-funneled/John_Paul_II/John_Paul_II_0004.jpg,/home/anitadonato/tcc/tcc/data/lfw/lfw-funneled/William_Ford_Jr/William_Ford_Jr_0004.jpg,0.2191857099533081,0
/home/anitadonato/tcc/tcc/data/lfw/lfw-funneled/Vanessa_Redgrave/Vanessa_Redgrave_0004.jpg,/home/anitadonato/tcc/tcc/data/lfw/lfw-funneled/Hugh_Grant/Hugh_Grant_0004.jpg,0.15638691186904907,0
/home/anitadonato/tcc/tcc/data/lfw/lfw-funneled/Silvan_Shalom/Silvan_Shalom_0002.jpg,/home/anitadonato/tcc/tcc/data/lfw/lfw-funneled/Mohamed_ElBaradei/Mohamed_ElBaradei_0001.jpg,0.3127816915512085,0
/home/anitadonato/tcc/tcc/data/lfw/lfw-funneled/Spencer_Abraham/Spencer_Abraham_0005.jpg,/home/anitadonato/tcc/tcc/data/lfw/lfw-funneled/Nia_Vardalos/Nia_Vardalos_0004.jpg,0.23600876331329346,0
/home/anitadonato/tcc/tcc/data/lfw/lfw-funneled/Zhu_Rongji/Zhu_Rongji_0004.jpg,/home/anitadonato/tcc/tcc/data/lfw/lfw-funneled/Catherine_Zeta-Jones/Catherine_Zeta-Jones_0002.jpg,0.23815852403640747,0
/home/anitadonato/tcc/tcc/data/lfw/lfw-funneled/JK_Rowling/JK_Rowling_0003.jpg,/home/anitadonato/tcc/tcc/data/lfw/lfw-funneled/Jean-Pierre_Raffarin/Jean-Pierre_Raffarin_0005.jpg,0.25783878564834595,0
/home/anitadonato/tcc/tcc/data/lfw/lfw-funneled/Christine_Todd_Whitman/Christine_Todd_Whitman_0002.jpg,/home/anitadonato/tcc/tcc/data/lfw/lfw-funneled/Maria_Shriver/Maria_Shriver_0004.jpg,0.23535549640655518,0
/home/anitadonato/tcc/tcc/data/lfw/lfw-funneled/Richard_Gere/Richard_Gere_0004.jpg,/home/anitadonato/tcc/tcc/data/lfw/lfw-funneled/Sharon_Stone/Sharon_Stone_0004.jpg,0.2378823161125183,0
/home/anitadonato/tcc/tcc/data/lfw/lfw-funneled/Yoko_Ono/Yoko_Ono_0003.jpg,/home/anitadonato/tcc/tcc/data/lfw/lfw-funneled/Ana_Palacio/Ana_Palacio_0003.jpg,0.3160950541496277,0
/home/anitadonato/tcc/tcc/data/lfw/lfw-funneled/Tiger_Woods/Tiger_Woods_0005.jpg,/home/anitadonato/tcc/tcc/data/lfw/lfw-funneled/Angelina_Jolie/Angelina_Jolie_0005.jpg,0.20116358995437622,0
/home/anitadonato/tcc/tcc/data/lfw/lfw-funneled/Rob_Marshall/Rob_Marshall_0002.jpg,/home/anitadonato/tcc/tcc/data/lfw/lfw-funneled/Tom_Cruise/Tom_Cruise_0003.jpg,0.17453515529632568,0
/home/anitadonato/tcc/tcc/data/lfw/lfw-funneled/Tom_Harkin/Tom_Harkin_0005.jpg,/home/anitadonato/tcc/tcc/data/lfw/lfw-funneled/Tom_Daschle/Tom_Daschle_0001.jpg,0.23681658506393433,0
/home/anitadonato/tcc/tcc/data/lfw/lfw-funneled/Jose_Maria_Aznar/Jose_Maria_Aznar_0002.jpg,/home/anitadonato/tcc/tcc/data/lfw/lfw-funneled/Tung_Chee-hwa/Tung_Chee-hwa_0004.jpg,0.17776226997375488,0
/home/anitadonato/tcc/tcc/data/lfw/lfw-funneled/Mike_Martz/Mike_Martz_0004.jpg,/home/anitadonato/tcc/tcc/data/lfw/lfw-funneled/Tung_Chee-hwa/Tung_Chee-hwa_0002.jpg,0.19192320108413696,0
/home/anitadonato/tcc/tcc/data/lfw/lfw-funneled/Steve_Lavin/Steve_Lavin_0001.jpg,/home/anitadonato/tcc/tcc/data/lfw/lfw-funneled/JK_Rowling/JK_Rowling_0001.jpg,0.16772925853729248,0
/home/anitadonato/tcc/tcc/data/lfw/lfw-funneled/Maria_Soledad_Alvear_Valenzuela/Maria_Soledad_Alvear_Valenzuela_0005.jpg,/home/anitadonato/tcc/tcc/data/lfw/lfw-funneled/Tommy_Franks/Tommy_Franks_0004.jpg,0.26178789138793945,0
/home/anitadonato/tcc/tcc/data/lfw/lfw-funneled/Meryl_Streep/Meryl_Streep_0001.jpg,/home/anitadonato/tcc/tcc/data/lfw/lfw-funneled/Fidel_Castro/Fidel_Castro_0004.jpg,0.2154465913772583,0
/home/anitadonato/tcc/tcc/data/lfw/lfw-funneled/Halle_Berry/Halle_Berry_0003.jpg,/home/anitadonato/tcc/tcc/data/lfw/lfw-funneled/Queen_Rania/Queen_Rania_0003.jpg,0.19645410776138306,0
/home/anitadonato/tcc/tcc/data/lfw/lfw-funneled/Mohammed_Al-Douri/Mohammed_Al-Douri_0002.jpg,/home/anitadonato/tcc/tcc/data/lfw/lfw-funneled/Antonio_Banderas/Antonio_Banderas_0005.jpg,0.16724038124084473,0
/home/anitadonato/tcc/tcc/data/lfw/lfw-funneled/Maria_Soledad_Alvear_Valenzuela/Maria_Soledad_Alvear_Valenzuela_0004.jpg,/home/anitadonato/tcc/tcc/data/lfw/lfw-funneled/Tony_Blair/Tony_Blair_0002.jpg,0.16313737630844116,0
/home/anitadonato/tcc/tcc/data/lfw/lfw-funneled/George_Robertson/George_Robertson_0004.jpg,/home/anitadonato/tcc/tcc/data/lfw/lfw-funneled/Mike_Weir/Mike_Weir_0005.jpg,0.3397158980369568,0
/home/anitadonato/tcc/tcc/data/lfw/lfw-funneled/Xavier_Malisse/Xavier_Malisse_0004.jpg,/home/anitadonato/tcc/tcc/data/lfw/lfw-funneled/Pedro_Malan/Pedro_Malan_0004.jpg,0.24042826890945435,0
/home/anitadonato/tcc/tcc/data/lfw/lfw-funneled/Jiri_Novak/Jiri_Novak_0004.jpg,/home/anitadonato/tcc/tcc/data/lfw/lfw-funneled/Kate_Hudson/Kate_Hudson_0001.jpg,0.2369585633277893,0
/home/anitadonato/tcc/tcc/data/lfw/lfw-funneled/Spencer_Abraham/Spencer_Abraham_0004.jpg,/home/anitadonato/tcc/tcc/data/lfw/lfw-funneled/Hamid_Karzai/Hamid_Karzai_0001.jpg,0.18664789199829102,0
/home/anitadonato/tcc/tcc/data/lfw/lfw-funneled/Steve_Lavin/Steve_Lavin_0001.jpg,/home/anitadonato/tcc/tcc/data/lfw/lfw-funneled/Al_Sharpton/Al_Sharpton_0001.jpg,0.1962619423866272,0
/home/anitadonato/tcc/tcc/data/lfw/lfw-funneled/Megawati_Sukarnoputri/Megawati_Sukarnoputri_0003.jpg,/home/anitadonato/tcc/tcc/data/lfw/lfw-funneled/Valery_Giscard_dEstaing/Valery_Giscard_dEstaing_0005.jpg,0.1813727617263794,0
/home/anitadonato/tcc/tcc/data/lfw/lfw-funneled/Roh_Moo-hyun/Roh_Moo-hyun_0004.jpg,/home/anitadonato/tcc/tcc/data/lfw/lfw-funneled/Ann_Veneman/Ann_Veneman_0003.jpg,0.18830126523971558,0
/home/anitadonato/tcc/tcc/data/lfw/lfw-funneled/Hans_Blix/Hans_Blix_0002.jpg,/home/anitadonato/tcc/tcc/data/lfw/lfw-funneled/Billy_Crystal/Billy_Crystal_0004.jpg,0.20653218030929565,0
/home/anitadonato/tcc/tcc/data/lfw/lfw-funneled/Bernard_Law/Bernard_Law_0005.jpg,/home/anitadonato/tcc/tcc/data/lfw/lfw-funneled/Roh_Moo-hyun/Roh_Moo-hyun_0005.jpg,0.19618970155715942,0
/home/anitadonato/tcc/tcc/data/lfw/lfw-funneled/Pamela_Anderson/Pamela_Anderson_0003.jpg,/home/anitadonato/tcc/tcc/data/lfw/lfw-funneled/Julie_Gerberding/Julie_Gerberding_0004.jpg,0.1595713496208191,0
/home/anitadonato/tcc/tcc/data/lfw/lfw-funneled/William_Ford_Jr/William_Ford_Jr_0002.jpg,/home/anitadonato/tcc/tcc/data/lfw/lfw-funneled/Natalie_Coughlin/Natalie_Coughlin_0001.jpg,0.19119137525558472,0
/home/anitadonato/tcc/tcc/data/lfw/lfw-funneled/David_Trimble/David_Trimble_0003.jpg,/home/anitadonato/tcc/tcc/data/lfw/lfw-funneled/Roy_Moore/Roy_Moore_0005.jpg,0.19422799348831177,0
/home/anitadonato/tcc/tcc/data/lfw/lfw-funneled/Tom_Daschle/Tom_Daschle_0001.jpg,/home/anitadonato/tcc/tcc/data/lfw/lfw-funneled/Nancy_Pelosi/Nancy_Pelosi_0001.jpg,0.3061977028846741,0
/home/anitadonato/tcc/tcc/data/lfw/lfw-funneled/Fidel_Castro/Fidel_Castro_0002.jpg,/home/anitadonato/tcc/tcc/data/lfw/lfw-funneled/Meryl_Streep/Meryl_Streep_0004.jpg,0.19059497117996216,0
/home/anitadonato/tcc/tcc/data/lfw/lfw-funneled/Robert_De_Niro/Robert_De_Niro_0005.jpg,/home/anitadonato/tcc/tcc/data/lfw/lfw-funneled/Benjamin_Netanyahu/Benjamin_Netanyahu_0002.jpg,0.183588445186615,0
/home/anitadonato/tcc/tcc/data/lfw/lfw-funneled/Joe_Lieberman/Joe_Lieberman_0004.jpg,/home/anitadonato/tcc/tcc/data/lfw/lfw-funneled/Kate_Hudson/Kate_Hudson_0002.jpg,0.23570889234542847,0
/home/anitadonato/tcc/tcc/data/lfw/lfw-funneled/Mike_Weir/Mike_Weir_0003.jpg,/home/anitadonato/tcc/tcc/data/lfw/lfw-funneled/Joe_Lieberman/Joe_Lieberman_0001.jpg,0.26994627714157104,0
/home/anitadonato/tcc/tcc/data/lfw/lfw-funneled/Bill_McBride/Bill_McBride_0001.jpg,/home/anitadonato/tcc/tcc/data/lfw/lfw-funneled/Nia_Vardalos/Nia_Vardalos_0005.jpg,0.1947522759437561,0
/home/anitadonato/tcc/tcc/data/lfw/lfw-funneled/Fujio_Cho/Fujio_Cho_0004.jpg,/home/anitadonato/tcc/tcc/data/lfw/lfw-funneled/Jacques_Chirac/Jacques_Chirac_0004.jpg,0.18101012706756592,0
/home/anitadonato/tcc/tcc/data/lfw/lfw-funneled/Kurt_Warner/Kurt_Warner_0005.jpg,/home/anitadonato/tcc/tcc/data/lfw/lfw-funneled/Adrien_Brody/Adrien_Brody_0002.jpg,0.2210521697998047,0
/home/anitadonato/tcc/tcc/data/lfw/lfw-funneled/Mark_Hurlbert/Mark_Hurlbert_0005.jpg,/home/anitadonato/tcc/tcc/data/lfw/lfw-funneled/Carlos_Moya/Carlos_Moya_0001.jpg,0.3303568363189697,0
/home/anitadonato/tcc/tcc/data/lfw/lfw-funneled/Carmen_Electra/Carmen_Electra_0005.jpg,/home/anitadonato/tcc/tcc/data/lfw/lfw-funneled/Jose_Maria_Aznar/Jose_Maria_Aznar_0004.jpg,0.27653151750564575,0
/home/anitadonato/tcc/tcc/data/lfw/lfw-funneled/Carlos_Menem/Carlos_Menem_0002.jpg,/home/anitadonato/tcc/tcc/data/lfw/lfw-funneled/Michael_Powell/Michael_Powell_0005.jpg,0.21520334482192993,0
/home/anitadonato/tcc/tcc/data/lfw/lfw-funneled/Woody_Allen/Woody_Allen_0002.jpg,/home/anitadonato/tcc/tcc/data/lfw/lfw-funneled/John_Stockton/John_Stockton_0001.jpg,0.22573357820510864,0
/home/anitadonato/tcc/tcc/data/lfw/lfw-funneled/George_Lopez/George_Lopez_0005.jpg,/home/anitadonato/tcc/tcc/data/lfw/lfw-funneled/Kurt_Warner/Kurt_Warner_0005.jpg,0.20114237070083618,0
/home/anitadonato/tcc/tcc/data/lfw/lfw-funneled/Halle_Berry/Halle_Berry_0004.jpg,/home/anitadonato/tcc/tcc/data/lfw/lfw-funneled/Antonio_Banderas/Antonio_Banderas_0004.jpg,0.21244221925735474,0
/home/anitadonato/tcc/tcc/data/lfw/lfw-funneled/Cameron_Diaz/Cameron_Diaz_0002.jpg,/home/anitadonato/tcc/tcc/data/lfw/lfw-funneled/Hosni_Mubarak/Hosni_Mubarak_0003.jpg,0.19244611263275146,0
/home/anitadonato/tcc/tcc/data/lfw/lfw-funneled/Jan_Ullrich/Jan_Ullrich_0003.jpg,/home/anitadonato/tcc/tcc/data/lfw/lfw-funneled/David_Trimble/David_Trimble_0004.jpg,0.13071519136428833,0
/home/anitadonato/tcc/tcc/data/lfw/lfw-funneled/Hillary_Clinton/Hillary_Clinton_0004.jpg,/home/anitadonato/tcc/tcc/data/lfw/lfw-funneled/Ai_Sugiyama/Ai_Sugiyama_0005.jpg,0.14752501249313354,0
/home/anitadonato/tcc/tcc/data/lfw/lfw-funneled/Angela_Merkel/Angela_Merkel_0005.jpg,/home/anitadonato/tcc/tcc/data/lfw/lfw-funneled/Gerhard_Schroeder/Gerhard_Schroeder_0003.jpg,0.23418229818344116,0
/home/anitadonato/tcc/tcc/data/lfw/lfw-funneled/Angela_Merkel/Angela_Merkel_0003.jpg,/home/anitadonato/tcc/tcc/data/lfw/lfw-funneled/Al_Sharpton/Al_Sharpton_0005.jpg,0.19142568111419678,0
/home/anitadonato/tcc/tcc/data/lfw/lfw-funneled/Cruz_Bustamante/Cruz_Bustamante_0002.jpg,/home/anitadonato/tcc/tcc/data/lfw/lfw-funneled/Cesar_Gaviria/Cesar_Gaviria_0002.jpg,0.17260855436325073,0
/home/anitadonato/tcc/tcc/data/lfw/lfw-funneled/Nicanor_Duarte_Frutos/Nicanor_Duarte_Frutos_0003.jpg,/home/anitadonato/tcc/tcc/data/lfw/lfw-funneled/Gloria_Macapagal_Arroyo/Gloria_Macapagal_Arroyo_0003.jpg,0.21600031852722168,0
/home/anitadonato/tcc/tcc/data/lfw/lfw-funneled/Michael_Chiklis/Michael_Chiklis_0002.jpg,/home/anitadonato/tcc/tcc/data/lfw/lfw-funneled/Paul_Burrell/Paul_Burrell_0005.jpg,0.21555930376052856,0
/home/anitadonato/tcc/tcc/data/lfw/lfw-funneled/Michelle_Yeoh/Michelle_Yeoh_0003.jpg,/home/anitadonato/tcc/tcc/data/lfw/lfw-funneled/Hosni_Mubarak/Hosni_Mubarak_0001.jpg,0.15246206521987915,0
/home/anitadonato/tcc/tcc/data/lfw/lfw-funneled/Charlton_Heston/Charlton_Heston_0005.jpg,/home/anitadonato/tcc/tcc/data/lfw/lfw-funneled/Roy_Moore/Roy_Moore_0004.jpg,0.2194967269897461,0
/home/anitadonato/tcc/tcc/data/lfw/lfw-funneled/Russell_Simmons/Russell_Simmons_0004.jpg,/home/anitadonato/tcc/tcc/data/lfw/lfw-funneled/Silvio_Berlusconi/Silvio_Berlusconi_0005.jpg,0.20121997594833374,0
/home/anitadonato/tcc/tcc/data/lfw/lfw-funneled/Thabo_Mbeki/Thabo_Mbeki_0001.jpg,/home/anitadonato/tcc/tcc/data/lfw/lfw-funneled/Rainer_Schuettler/Rainer_Schuettler_0005.jpg,0.25771939754486084,0
/home/anitadonato/tcc/tcc/data/lfw/lfw-funneled/Robert_De_Niro/Robert_De_Niro_0004.jpg,/home/anitadonato/tcc/tcc/data/lfw/lfw-funneled/Geoff_Hoon/Geoff_Hoon_0002.jpg,0.19273513555526733,0
/home/anitadonato/tcc/tcc/data/lfw/lfw-funneled/Billy_Crystal/Billy_Crystal_0001.jpg,/home/anitadonato/tcc/tcc/data/lfw/lfw-funneled/Juan_Pablo_Montoya/Juan_Pablo_Montoya_0002.jpg,0.15316540002822876,0
/home/anitadonato/tcc/tcc/data/lfw/lfw-funneled/Amelie_Mauresmo/Amelie_Mauresmo_0002.jpg,/home/anitadonato/tcc/tcc/data/lfw/lfw-funneled/Eduardo_Duhalde/Eduardo_Duhalde_0001.jpg,0.16843140125274658,0
/home/anitadonato/tcc/tcc/data/lfw/lfw-funneled/Martha_Stewart/Martha_Stewart_0002.jpg,/home/anitadonato/tcc/tcc/data/lfw/lfw-funneled/Li_Peng/Li_Peng_0005.jpg,0.1768912672996521,0
/home/anitadonato/tcc/tcc/data/lfw/lfw-funneled/Thaksin_Shinawatra/Thaksin_Shinawatra_0004.jpg,/home/anitadonato/tcc/tcc/data/lfw/lfw-funneled/Lleyton_Hewitt/Lleyton_Hewitt_0001.jpg,0.18476778268814087,0
/home/anitadonato/tcc/tcc/data/lfw/lfw-funneled/Michael_Schumacher/Michael_Schumacher_0005.jpg,/home/anitadonato/tcc/tcc/data/lfw/lfw-funneled/Michael_Chiklis/Michael_Chiklis_0002.jpg,0.24644839763641357,0
/home/anitadonato/tcc/tcc/data/lfw/lfw-funneled/Jean_Chretien/Jean_Chretien_0005.jpg,/home/anitadonato/tcc/tcc/data/lfw/lfw-funneled/Alejandro_Toledo/Alejandro_Toledo_0004.jpg,0.18704408407211304,0
/home/anitadonato/tcc/tcc/data/lfw/lfw-funneled/Renee_Zellweger/Renee_Zellweger_0003.jpg,/home/anitadonato/tcc/tcc/data/lfw/lfw-funneled/Carlos_Menem/Carlos_Menem_0001.jpg,0.1368265151977539,0
/home/anitadonato/tcc/tcc/data/lfw/lfw-funneled/Jean-Pierre_Raffarin/Jean-Pierre_Raffarin_0004.jpg,/home/anitadonato/tcc/tcc/data/lfw/lfw-funneled/George_Lopez/George_Lopez_0003.jpg,0.24616992473602295,0
/home/anitadonato/tcc/tcc/data/lfw/lfw-funneled/Carmen_Electra/Carmen_Electra_0001.jpg,/home/anitadonato/tcc/tcc/data/lfw/lfw-funneled/Billy_Crystal/Billy_Crystal_0003.jpg,0.19520467519760132,0
/home/anitadonato/tcc/tcc/data/lfw/lfw-funneled/Hal_Gehman/Hal_Gehman_0004.jpg,/home/anitadonato/tcc/tcc/data/lfw/lfw-funneled/Valery_Giscard_dEstaing/Valery_Giscard_dEstaing_0002.jpg,0.22833573818206787,0
/home/anitadonato/tcc/tcc/data/lfw/lfw-funneled/Abdullah_Gul/Abdullah_Gul_0003.jpg,/home/anitadonato/tcc/tcc/data/lfw/lfw-funneled/Angelina_Jolie/Angelina_Jolie_0005.jpg,0.25023096799850464,0
/home/anitadonato/tcc/tcc/data/lfw/lfw-funneled/Grant_Hackett/Grant_Hackett_0005.jpg,/home/anitadonato/tcc/tcc/data/lfw/lfw-funneled/Robert_Zoellick/Robert_Zoellick_0002.jpg,0.23719459772109985,0
/home/anitadonato/tcc/tcc/data/lfw/lfw-funneled/Princess_Caroline/Princess_Caroline_0002.jpg,/home/anitadonato/tcc/tcc/data/lfw/lfw-funneled/Rob_Marshall/Rob_Marshall_0003.jpg,0.17578071355819702,0
/home/anitadonato/tcc/tcc/data/lfw/lfw-funneled/Xavier_Malisse/Xavier_Malisse_0001.jpg,/home/anitadonato/tcc/tcc/data/lfw/lfw-funneled/Vladimir_Putin/Vladimir_Putin_0002.jpg,0.19531583786010742,0
/home/anitadonato/tcc/tcc/data/lfw/lfw-funneled/Woody_Allen/Woody_Allen_0005.jpg,/home/anitadonato/tcc/tcc/data/lfw/lfw-funneled/Natalie_Maines/Natalie_Maines_0001.jpg,0.28348076343536377,0
/home/anitadonato/tcc/tcc/data/lfw/lfw-funneled/Tony_Blair/Tony_Blair_0004.jpg,/home/anitadonato/tcc/tcc/data/lfw/lfw-funneled/Rudolph_Giuliani/Rudolph_Giuliani_0003.jpg,0.16148865222930908,0
/home/anitadonato/tcc/tcc/data/lfw/lfw-funneled/Steve_Lavin/Steve_Lavin_0002.jpg,/home/anitadonato/tcc/tcc/data/lfw/lfw-funneled/Roger_Federer/Roger_Federer_0002.jpg,0.1891435980796814,0
/home/anitadonato/tcc/tcc/data/lfw/lfw-funneled/Russell_Simmons/Russell_Simmons_0001.jpg,/home/anitadonato/tcc/tcc/data/lfw/lfw-funneled/Benjamin_Netanyahu/Benjamin_Netanyahu_0003.jpg,0.19176793098449707,0
/home/anitadonato/tcc/tcc/data/lfw/lfw-funneled/Paradorn_Srichaphan/Paradorn_Srichaphan_0002.jpg,/home/anitadonato/tcc/tcc/data/lfw/lfw-funneled/John_Bolton/John_Bolton_0001.jpg,0.19997191429138184,0
/home/anitadonato/tcc/tcc/data/lfw/lfw-funneled/Jennifer_Lopez/Jennifer_Lopez_0005.jpg,/home/anitadonato/tcc/tcc/data/lfw/lfw-funneled/Halle_Berry/Halle_Berry_0001.jpg,0.1694532036781311,0
/home/anitadonato/tcc/tcc/data/lfw/lfw-funneled/Princess_Caroline/Princess_Caroline_0005.jpg,/home/anitadonato/tcc/tcc/data/lfw/lfw-funneled/John_Manley/John_Manley_0003.jpg,0.19885331392288208,0
/home/anitadonato/tcc/tcc/data/lfw/lfw-funneled/Christine_Baumgartner/Christine_Baumgartner_0005.jpg,/home/anitadonato/tcc/tcc/data/lfw/lfw-funneled/Silvio_Berlusconi/Silvio_Berlusconi_0003.jpg,0.14558464288711548,0
/home/anitadonato/tcc/tcc/data/lfw/lfw-funneled/John_Negroponte/John_Negroponte_0005.jpg,/home/anitadonato/tcc/tcc/data/lfw/lfw-funneled/Boris_Becker/Boris_Becker_0001.jpg,0.22624897956848145,0
/home/anitadonato/tcc/tcc/data/lfw/lfw-funneled/Antonio_Banderas/Antonio_Banderas_0004.jpg,/home/anitadonato/tcc/tcc/data/lfw/lfw-funneled/Tommy_Franks/Tommy_Franks_0005.jpg,0.22958552837371826,0
/home/anitadonato/tcc/tcc/data/lfw/lfw-funneled/Ludivine_Sagnier/Ludivine_Sagnier_0001.jpg,/home/anitadonato/tcc/tcc/data/lfw/lfw-funneled/Hamid_Karzai/Hamid_Karzai_0003.jpg,0.16631972789764404,0
/home/anitadonato/tcc/tcc/data/lfw/lfw-funneled/John_Negroponte/John_Negroponte_0003.jpg,/home/anitadonato/tcc/tcc/data/lfw/lfw-funneled/Mike_Myers/Mike_Myers_0003.jpg,0.21445918083190918,0
/home/anitadonato/tcc/tcc/data/lfw/lfw-funneled/Salma_Hayek/Salma_Hayek_0002.jpg,/home/anitadonato/tcc/tcc/data/lfw/lfw-funneled/Li_Peng/Li_Peng_0005.jpg,0.1855890154838562,0
/home/anitadonato/tcc/tcc/data/lfw/lfw-funneled/John_Travolta/John_Travolta_0005.jpg,/home/anitadonato/tcc/tcc/data/lfw/lfw-funneled/Pamela_Anderson/Pamela_Anderson_0001.jpg,0.17737191915512085,0
/home/anitadonato/tcc/tcc/data/lfw/lfw-funneled/William_Ford_Jr/William_Ford_Jr_0003.jpg,/home/anitadonato/tcc/tcc/data/lfw/lfw-funneled/Juan_Pablo_Montoya/Juan_Pablo_Montoya_0004.jpg,0.21090847253799438,0
/home/anitadonato/tcc/tcc/data/lfw/lfw-funneled/Queen_Rania/Queen_Rania_0005.jpg,/home/anitadonato/tcc/tcc/data/lfw/lfw-funneled/Maria_Soledad_Alvear_Valenzuela/Maria_Soledad_Alvear_Valenzuela_0005.jpg,0.2349422574043274,0
/home/anitadonato/tcc/tcc/data/lfw/lfw-funneled/John_Allen_Muhammad/John_Allen_Muhammad_0003.jpg,/home/anitadonato/tcc/tcc/data/lfw/lfw-funneled/Rudolph_Giuliani/Rudolph_Giuliani_0004.jpg,0.20026755332946777,0
/home/anitadonato/tcc/tcc/data/lfw/lfw-funneled/William_Ford_Jr/William_Ford_Jr_0003.jpg,/home/anitadonato/tcc/tcc/data/lfw/lfw-funneled/Arminio_Fraga/Arminio_Fraga_0005.jpg,0.21189546585083008,0
/home/anitadonato/tcc/tcc/data/lfw/lfw-funneled/Rob_Marshall/Rob_Marshall_0001.jpg,/home/anitadonato/tcc/tcc/data/lfw/lfw-funneled/Britney_Spears/Britney_Spears_0005.jpg,0.16493743658065796,0
/home/anitadonato/tcc/tcc/data/lfw/lfw-funneled/Jacques_Chirac/Jacques_Chirac_0005.jpg,/home/anitadonato/tcc/tcc/data/lfw/lfw-funneled/Nancy_Pelosi/Nancy_Pelosi_0005.jpg,0.18354767560958862,0
/home/anitadonato/tcc/tcc/data/lfw/lfw-funneled/Xavier_Malisse/Xavier_Malisse_0001.jpg,/home/anitadonato/tcc/tcc/data/lfw/lfw-funneled/Richard_Gere/Richard_Gere_0003.jpg,0.1963176131248474,0
/home/anitadonato/tcc/tcc/data/lfw/lfw-funneled/Mohamed_ElBaradei/Mohamed_ElBaradei_0003.jpg,/home/anitadonato/tcc/tcc/data/lfw/lfw-funneled/Jeremy_Greenstock/Jeremy_Greenstock_0005.jpg,0.18273460865020752,0
/home/anitadonato/tcc/tcc/data/lfw/lfw-funneled/Matthew_Perry/Matthew_Perry_0002.jpg,/home/anitadonato/tcc/tcc/data/lfw/lfw-funneled/Natalie_Coughlin/Natalie_Coughlin_0005.jpg,0.16007161140441895,0
/home/anitadonato/tcc/tcc/data/lfw/lfw-funneled/John_Snow/John_Snow_0001.jpg,/home/anitadonato/tcc/tcc/data/lfw/lfw-funneled/Carlos_Moya/Carlos_Moya_0002.jpg,0.3060612082481384,0
/home/anitadonato/tcc/tcc/data/lfw/lfw-funneled/Juan_Pablo_Montoya/Juan_Pablo_Montoya_0002.jpg,/home/anitadonato/tcc/tcc/data/lfw/lfw-funneled/Cruz_Bustamante/Cruz_Bustamante_0004.jpg,0.18745452165603638,0
/home/anitadonato/tcc/tcc/data/lfw/lfw-funneled/Spencer_Abraham/Spencer_Abraham_0005.jpg,/home/anitadonato/tcc/tcc/data/lfw/lfw-funneled/Ann_Veneman/Ann_Veneman_0004.jpg,0.18263977766036987,0
/home/anitadonato/tcc/tcc/data/lfw/lfw-funneled/Alejandro_Toledo/Alejandro_Toledo_0002.jpg,/home/anitadonato/tcc/tcc/data/lfw/lfw-funneled/Bob_Hope/Bob_Hope_0001.jpg,0.18544161319732666,0
/home/anitadonato/tcc/tcc/data/lfw/lfw-funneled/Mike_Weir/Mike_Weir_0003.jpg,/home/anitadonato/tcc/tcc/data/lfw/lfw-funneled/Julie_Gerberding/Julie_Gerberding_0001.jpg,0.21727609634399414,0
/home/anitadonato/tcc/tcc/data/lfw/lfw-funneled/Pedro_Malan/Pedro_Malan_0001.jpg,/home/anitadonato/tcc/tcc/data/lfw/lfw-funneled/Bob_Hope/Bob_Hope_0002.jpg,0.17621034383773804,0
/home/anitadonato/tcc/tcc/data/lfw/lfw-funneled/Eduardo_Duhalde/Eduardo_Duhalde_0001.jpg,/home/anitadonato/tcc/tcc/data/lfw/lfw-funneled/Steve_Lavin/Steve_Lavin_0005.jpg,0.21717995405197144,0
/home/anitadonato/tcc/tcc/data/lfw/lfw-funneled/Muhammad_Saeed_al-Sahhaf/Muhammad_Saeed_al-Sahhaf_0004.jpg,/home/anitadonato/tcc/tcc/data/lfw/lfw-funneled/Anna_Kournikova/Anna_Kournikova_0004.jpg,0.21139389276504517,0
/home/anitadonato/tcc/tcc/data/lfw/lfw-funneled/Gonzalo_Sanchez_de_Lozada/Gonzalo_Sanchez_de_Lozada_0004.jpg,/home/anitadonato/tcc/tcc/data/lfw/lfw-funneled/Cruz_Bustamante/Cruz_Bustamante_0004.jpg,0.16936606168746948,0
/home/anitadonato/tcc/tcc/data/lfw/lfw-funneled/Jiri_Novak/Jiri_Novak_0004.jpg,/home/anitadonato/tcc/tcc/data/lfw/lfw-funneled/Heidi_Klum/Heidi_Klum_0001.jpg,0.17948085069656372,0
/home/anitadonato/tcc/tcc/data/lfw/lfw-funneled/John_Snow/John_Snow_0005.jpg,/home/anitadonato/tcc/tcc/data/lfw/lfw-funneled/Carlos_Moya/Carlos_Moya_0001.jpg,0.33783984184265137,0
/home/anitadonato/tcc/tcc/data/lfw/lfw-funneled/Bill_McBride/Bill_McBride_0005.jpg,/home/anitadonato/tcc/tcc/data/lfw/lfw-funneled/Jean_Chretien/Jean_Chretien_0001.jpg,0.15737438201904297,0
/home/anitadonato/tcc/tcc/data/lfw/lfw-funneled/Angela_Merkel/Angela_Merkel_0003.jpg,/home/anitadonato/tcc/tcc/data/lfw/lfw-funneled/Bob_Hope/Bob_Hope_0005.jpg,0.23303288221359253,0
/home/anitadonato/tcc/tcc/data/lfw/lfw-funneled/Robert_De_Niro/Robert_De_Niro_0003.jpg,/home/anitadonato/tcc/tcc/data/lfw/lfw-funneled/Tom_Crean/Tom_Crean_0005.jpg,0.21970194578170776,0
/home/anitadonato/tcc/tcc/data/lfw/lfw-funneled/Pedro_Malan/Pedro_Malan_0004.jpg,/home/anitadonato/tcc/tcc/data/lfw/lfw-funneled/Britney_Spears/Britney_Spears_0004.jpg,0.1447206735610962,0
/home/anitadonato/tcc/tcc/data/lfw/lfw-funneled/Jan_Ullrich/Jan_Ullrich_0001.jpg,/home/anitadonato/tcc/tcc/data/lfw/lfw-funneled/Tung_Chee-hwa/Tung_Chee-hwa_0004.jpg,0.23868203163146973,0
/home/anitadonato/tcc/tcc/data/lfw/lfw-funneled/Tommy_Franks/Tommy_Franks_0002.jpg,/home/anitadonato/tcc/tcc/data/lfw/lfw-funneled/John_Snow/John_Snow_0002.jpg,0.2808314561843872,0
/home/anitadonato/tcc/tcc/data/lfw/lfw-funneled/Gerhard_Schroeder/Gerhard_Schroeder_0005.jpg,/home/anitadonato/tcc/tcc/data/lfw/lfw-funneled/Walter_Mondale/Walter_Mondale_0003.jpg,0.15511739253997803,0
/home/anitadonato/tcc/tcc/data/lfw/lfw-funneled/Abdullah_Gul/Abdullah_Gul_0003.jpg,/home/anitadonato/tcc/tcc/data/lfw/lfw-funneled/Costas_Simitis/Costas_Simitis_0003.jpg,0.21259158849716187,0
/home/anitadonato/tcc/tcc/data/lfw/lfw-funneled/Alvaro_Uribe/Alvaro_Uribe_0005.jpg,/home/anitadonato/tcc/tcc/data/lfw/lfw-funneled/Carmen_Electra/Carmen_Electra_0002.jpg,0.16202163696289062,0
/home/anitadonato/tcc/tcc/data/lfw/lfw-funneled/Fujio_Cho/Fujio_Cho_0001.jpg,/home/anitadonato/tcc/tcc/data/lfw/lfw-funneled/Rudolph_Giuliani/Rudolph_Giuliani_0005.jpg,0.19330430030822754,0
/home/anitadonato/tcc/tcc/data/lfw/lfw-funneled/Martin_Scorsese/Martin_Scorsese_0005.jpg,/home/anitadonato/tcc/tcc/data/lfw/lfw-funneled/Walter_Mondale/Walter_Mondale_0005.jpg,0.1743708848953247,0
/home/anitadonato/tcc/tcc/data/lfw/lfw-funneled/Matthew_Perry/Matthew_Perry_0002.jpg,/home/anitadonato/tcc/tcc/data/lfw/lfw-funneled/David_Anderson/David_Anderson_0003.jpg,0.18612921237945557,0
/home/anitadonato/tcc/tcc/data/lfw/lfw-funneled/Mike_Myers/Mike_Myers_0005.jpg,/home/anitadonato/tcc/tcc/data/lfw/lfw-funneled/Fernando_Gonzalez/Fernando_Gonzalez_0002.jpg,0.18741083145141602,0
/home/anitadonato/tcc/tcc/data/lfw/lfw-funneled/Colin_Powell/Colin_Powell_0002.jpg,/home/anitadonato/tcc/tcc/data/lfw/lfw-funneled/Boris_Becker/Boris_Becker_0005.jpg,0.21274256706237793,0
/home/anitadonato/tcc/tcc/data/lfw/lfw-funneled/Eduardo_Duhalde/Eduardo_Duhalde_0001.jpg,/home/anitadonato/tcc/tcc/data/lfw/lfw-funneled/Jeremy_Greenstock/Jeremy_Greenstock_0002.jpg,0.1734820008277893,0
/home/anitadonato/tcc/tcc/data/lfw/lfw-funneled/Juan_Pablo_Montoya/Juan_Pablo_Montoya_0001.jpg,/home/anitadonato/tcc/tcc/data/lfw/lfw-funneled/Zhu_Rongji/Zhu_Rongji_0005.jpg,0.27027666568756104,0
/home/anitadonato/tcc/tcc/data/lfw/lfw-funneled/Habib_Rizieq/Habib_Rizieq_0005.jpg,/home/anitadonato/tcc/tcc/data/lfw/lfw-funneled/Alejandro_Toledo/Alejandro_Toledo_0001.jpg,0.2328370213508606,0
/home/anitadonato/tcc/tcc/data/lfw/lfw-funneled/Tom_Crean/Tom_Crean_0001.jpg,/home/anitadonato/tcc/tcc/data/lfw/lfw-funneled/Juan_Pablo_Montoya/Juan_Pablo_Montoya_0003.jpg,0.2244470715522766,0
/home/anitadonato/tcc/tcc/data/lfw/lfw-funneled/Elizabeth_Smart/Elizabeth_Smart_0005.jpg,/home/anitadonato/tcc/tcc/data/lfw/lfw-funneled/Pervez_Musharraf/Pervez_Musharraf_0004.jpg,0.20214563608169556,0
/home/anitadonato/tcc/tcc/data/lfw/lfw-funneled/Elizabeth_Smart/Elizabeth_Smart_0005.jpg,/home/anitadonato/tcc/tcc/data/lfw/lfw-funneled/Britney_Spears/Britney_Spears_0001.jpg,0.20250260829925537,0
/home/anitadonato/tcc/tcc/data/lfw/lfw-funneled/Jeremy_Greenstock/Jeremy_Greenstock_0004.jpg,/home/anitadonato/tcc/tcc/data/lfw/lfw-funneled/Erika_Harold/Erika_Harold_0004.jpg,0.22157615423202515,0
/home/anitadonato/tcc/tcc/data/lfw/lfw-funneled/Bernard_Law/Bernard_Law_0003.jpg,/home/anitadonato/tcc/tcc/data/lfw/lfw-funneled/Michael_Schumacher/Michael_Schumacher_0005.jpg,0.2260628342628479,0
/home/anitadonato/tcc/tcc/data/lfw/lfw-funneled/Jennifer_Lopez/Jennifer_Lopez_0005.jpg,/home/anitadonato/tcc/tcc/data/lfw/lfw-funneled/Tom_Cruise/Tom_Cruise_0003.jpg,0.18837523460388184,0
/home/anitadonato/tcc/tcc/data/lfw/lfw-funneled/Jiri_Novak/Jiri_Novak_0002.jpg,/home/anitadonato/tcc/tcc/data/lfw/lfw-funneled/Martin_McGuinness/Martin_McGuinness_0001.jpg,0.1901531219482422,0
/home/anitadonato/tcc/tcc/data/lfw/lfw-funneled/Jiri_Novak/Jiri_Novak_0002.jpg,/home/anitadonato/tcc/tcc/data/lfw/lfw-funneled/Norm_Coleman/Norm_Coleman_0004.jpg,0.23225510120391846,0
/home/anitadonato/tcc/tcc/data/lfw/lfw-funneled/Sourav_Ganguly/Sourav_Ganguly_0002.jpg,/home/anitadonato/tcc/tcc/data/lfw/lfw-funneled/Salma_Hayek/Salma_Hayek_0003.jpg,0.24560993909835815,0
/home/anitadonato/tcc/tcc/data/lfw/lfw-funneled/Joseph_Biden/Joseph_Biden_0004.jpg,/home/anitadonato/tcc/tcc/data/lfw/lfw-funneled/Habib_Rizieq/Habib_Rizieq_0003.jpg,0.1833149790763855,0
/home/anitadonato/tcc/tcc/data/lfw/lfw-funneled/Princess_Caroline/Princess_Caroline_0004.jpg,/home/anitadonato/tcc/tcc/data/lfw/lfw-funneled/David_Anderson/David_Anderson_0005.jpg,0.17675071954727173,0
/home/anitadonato/tcc/tcc/data/lfw/lfw-funneled/Robert_De_Niro/Robert_De_Niro_0005.jpg,/home/anitadonato/tcc/tcc/data/lfw/lfw-funneled/Woody_Allen/Woody_Allen_0001.jpg,0.2061777114868164,0
/home/anitadonato/tcc/tcc/data/lfw/lfw-funneled/Victoria_Clarke/Victoria_Clarke_0005.jpg,/home/anitadonato/tcc/tcc/data/lfw/lfw-funneled/Ai_Sugiyama/Ai_Sugiyama_0002.jpg,0.22079432010650635,0
/home/anitadonato/tcc/tcc/data/lfw/lfw-funneled/Roger_Federer/Roger_Federer_0001.jpg,/home/anitadonato/tcc/tcc/data/lfw/lfw-funneled/John_Stockton/John_Stockton_0001.jpg,0.3115282654762268,0
/home/anitadonato/tcc/tcc/data/lfw/lfw-funneled/Heidi_Klum/Heidi_Klum_0001.jpg,/home/anitadonato/tcc/tcc/data/lfw/lfw-funneled/Antonio_Banderas/Antonio_Banderas_0005.jpg,0.17990124225616455,0
/home/anitadonato/tcc/tcc/data/lfw/lfw-funneled/Condoleezza_Rice/Condoleezza_Rice_0005.jpg,/home/anitadonato/tcc/tcc/data/lfw/lfw-funneled/Hamid_Karzai/Hamid_Karzai_0002.jpg,0.3217099905014038,0
/home/anitadonato/tcc/tcc/data/lfw/lfw-funneled/Bulent_Ecevit/Bulent_Ecevit_0003.jpg,/home/anitadonato/tcc/tcc/data/lfw/lfw-funneled/Carmen_Electra/Carmen_Electra_0005.jpg,0.1770493984222412,0
/home/anitadonato/tcc/tcc/data/lfw/lfw-funneled/Michelle_Yeoh/Michelle_Yeoh_0002.jpg,/home/anitadonato/tcc/tcc/data/lfw/lfw-funneled/Kim_Dae-jung/Kim_Dae-jung_0003.jpg,0.21557044982910156,0
/home/anitadonato/tcc/tcc/data/lfw/lfw-funneled/Walter_Mondale/Walter_Mondale_0005.jpg,/home/anitadonato/tcc/tcc/data/lfw/lfw-funneled/Bill_Gates/Bill_Gates_0003.jpg,0.1657848358154297,0
/home/anitadonato/tcc/tcc/data/lfw/lfw-funneled/Hillary_Clinton/Hillary_Clinton_0005.jpg,/home/anitadonato/tcc/tcc/data/lfw/lfw-funneled/Habib_Rizieq/Habib_Rizieq_0005.jpg,0.1924753189086914,0
/home/anitadonato/tcc/tcc/data/lfw/lfw-funneled/Amelia_Vega/Amelia_Vega_0003.jpg,/home/anitadonato/tcc/tcc/data/lfw/lfw-funneled/Jan_Ullrich/Jan_Ullrich_0005.jpg,0.22677665948867798,0
/home/anitadonato/tcc/tcc/data/lfw/lfw-funneled/Alvaro_Uribe/Alvaro_Uribe_0002.jpg,/home/anitadonato/tcc/tcc/data/lfw/lfw-funneled/Tung_Chee-hwa/Tung_Chee-hwa_0005.jpg,0.12519294023513794,0
/home/anitadonato/tcc/tcc/data/lfw/lfw-funneled/Maria_Shriver/Maria_Shriver_0005.jpg,/home/anitadonato/tcc/tcc/data/lfw/lfw-funneled/Fidel_Castro/Fidel_Castro_0002.jpg,0.22223150730133057,0
/home/anitadonato/tcc/tcc/data/lfw/lfw-funneled/Xavier_Malisse/Xavier_Malisse_0002.jpg,/home/anitadonato/tcc/tcc/data/lfw/lfw-funneled/Tommy_Franks/Tommy_Franks_0005.jpg,0.16098541021347046,0
/home/anitadonato/tcc/tcc/data/lfw/lfw-funneled/Tom_Cruise/Tom_Cruise_0002.jpg,/home/anitadonato/tcc/tcc/data/lfw/lfw-funneled/Kurt_Warner/Kurt_Warner_0004.jpg,0.20086371898651123,0
/home/anitadonato/tcc/tcc/data/lfw/lfw-funneled/Ian_Thorpe/Ian_Thorpe_0003.jpg,/home/anitadonato/tcc/tcc/data/lfw/lfw-funneled/Ana_Palacio/Ana_Palacio_0003.jpg,0.2580757141113281,0
/home/anitadonato/tcc/tcc/data/lfw/lfw-funneled/Ian_Thorpe/Ian_Thorpe_0002.jpg,/home/anitadonato/tcc/tcc/data/lfw/lfw-funneled/Rudolph_Giuliani/Rudolph_Giuliani_0005.jpg,0.21407252550125122,0
/home/anitadonato/tcc/tcc/data/lfw/lfw-funneled/Salma_Hayek/Salma_Hayek_0004.jpg,/home/anitadonato/tcc/tcc/data/lfw/lfw-funneled/George_Lopez/George_Lopez_0004.jpg,0.15448051691055298,0
/home/anitadonato/tcc/tcc/data/lfw/lfw-funneled/Yoko_Ono/Yoko_Ono_0003.jpg,/home/anitadonato/tcc/tcc/data/lfw/lfw-funneled/Rudolph_Giuliani/Rudolph_Giuliani_0001.jpg,0.23043352365493774,0
/home/anitadonato/tcc/tcc/data/lfw/lfw-funneled/Angelina_Jolie/Angelina_Jolie_0003.jpg,/home/anitadonato/tcc/tcc/data/lfw/lfw-funneled/Tom_Daschle/Tom_Daschle_0003.jpg,0.175853431224823,0
/home/anitadonato/tcc/tcc/data/lfw/lfw-funneled/Condoleezza_Rice/Condoleezza_Rice_0005.jpg,/home/anitadonato/tcc/tcc/data/lfw/lfw-funneled/Grant_Hackett/Grant_Hackett_0002.jpg,0.33126091957092285,0
/home/anitadonato/tcc/tcc/data/lfw/lfw-funneled/Tony_Blair/Tony_Blair_0004.jpg,/home/anitadonato/tcc/tcc/data/lfw/lfw-funneled/Paul_McCartney/Paul_McCartney_0003.jpg,0.2504786252975464,0
/home/anitadonato/tcc/tcc/data/lfw/lfw-funneled/Adrien_Brody/Adrien_Brody_0001.jpg,/home/anitadonato/tcc/tcc/data/lfw/lfw-funneled/Paul_McCartney/Paul_McCartney_0005.jpg,0.26404130458831787,0
/home/anitadonato/tcc/tcc/data/lfw/lfw-funneled/Eduardo_Duhalde/Eduardo_Duhalde_0002.jpg,/home/anitadonato/tcc/tcc/data/lfw/lfw-funneled/Tony_Blair/Tony_Blair_0005.jpg,0.19230055809020996,0
/home/anitadonato/tcc/tcc/data/lfw/lfw-funneled/Hamid_Karzai/Hamid_Karzai_0003.jpg,/home/anitadonato/tcc/tcc/data/lfw/lfw-funneled/Roy_Moore/Roy_Moore_0004.jpg,0.17665868997573853,0
/home/anitadonato/tcc/tcc/data/lfw/lfw-funneled/Sheryl_Crow/Sheryl_Crow_0001.jpg,/home/anitadonato/tcc/tcc/data/lfw/lfw-funneled/Megawati_Sukarnoputri/Megawati_Sukarnoputri_0005.jpg,0.15593767166137695,0
/home/anitadonato/tcc/tcc/data/lfw/lfw-funneled/Ai_Sugiyama/Ai_Sugiyama_0002.jpg,/home/anitadonato/tcc/tcc/data/lfw/lfw-funneled/Clara_Harris/Clara_Harris_0002.jpg,0.20652925968170166,0
/home/anitadonato/tcc/tcc/data/lfw/lfw-funneled/Frank_Solich/Frank_Solich_0003.jpg,/home/anitadonato/tcc/tcc/data/lfw/lfw-funneled/Colin_Montgomerie/Colin_Montgomerie_0002.jpg,0.1889215111732483,0
/home/anitadonato/tcc/tcc/data/lfw/lfw-funneled/Wayne_Ferreira/Wayne_Ferreira_0002.jpg,/home/anitadonato/tcc/tcc/data/lfw/lfw-funneled/Boris_Becker/Boris_Becker_0003.jpg,0.19722282886505127,0
/home/anitadonato/tcc/tcc/data/lfw/lfw-funneled/Megawati_Sukarnoputri/Megawati_Sukarnoputri_0001.jpg,/home/anitadonato/tcc/tcc/data/lfw/lfw-funneled/Julie_Gerberding/Julie_Gerberding_0002.jpg,0.17166709899902344,0
/home/anitadonato/tcc/tcc/data/lfw/lfw-funneled/Nia_Vardalos/Nia_Vardalos_0001.jpg,/home/anitadonato/tcc/tcc/data/lfw/lfw-funneled/Bernard_Law/Bernard_Law_0004.jpg,0.1786004900932312,0
/home/anitadonato/tcc/tcc/data/lfw/lfw-funneled/Michael_Chiklis/Michael_Chiklis_0004.jpg,/home/anitadonato/tcc/tcc/data/lfw/lfw-funneled/Joseph_Biden/Joseph_Biden_0002.jpg,0.25815147161483765,0
/home/anitadonato/tcc/tcc/data/lfw/lfw-funneled/Paul_ONeill/Paul_ONeill_0004.jpg,/home/anitadonato/tcc/tcc/data/lfw/lfw-funneled/Colin_Powell/Colin_Powell_0001.jpg,0.1530727744102478,0
/home/anitadonato/tcc/tcc/data/lfw/lfw-funneled/John_Allen_Muhammad/John_Allen_Muhammad_0002.jpg,/home/anitadonato/tcc/tcc/data/lfw/lfw-funneled/Yoko_Ono/Yoko_Ono_0005.jpg,0.2949839234352112,0
/home/anitadonato/tcc/tcc/data/lfw/lfw-funneled/Paul_ONeill/Paul_ONeill_0002.jpg,/home/anitadonato/tcc/tcc/data/lfw/lfw-funneled/Colin_Powell/Colin_Powell_0005.jpg,0.3403182029724121,0
/home/anitadonato/tcc/tcc/data/lfw/lfw-funneled/Rudolph_Giuliani/Rudolph_Giuliani_0002.jpg,/home/anitadonato/tcc/tcc/data/lfw/lfw-funneled/Silvio_Berlusconi/Silvio_Berlusconi_0001.jpg,0.1713498830795288,0
/home/anitadonato/tcc/tcc/data/lfw/lfw-funneled/Fidel_Castro/Fidel_Castro_0002.jpg,/home/anitadonato/tcc/tcc/data/lfw/lfw-funneled/Anna_Kournikova/Anna_Kournikova_0005.jpg,0.26624053716659546,0
/home/anitadonato/tcc/tcc/data/lfw/lfw-funneled/Hamid_Karzai/Hamid_Karzai_0005.jpg,/home/anitadonato/tcc/tcc/data/lfw/lfw-funneled/Denzel_Washington/Denzel_Washington_0001.jpg,0.14445948600769043,0
/home/anitadonato/tcc/tcc/data/lfw/lfw-funneled/Andre_Agassi/Andre_Agassi_0003.jpg,/home/anitadonato/tcc/tcc/data/lfw/lfw-funneled/Trent_Lott/Trent_Lott_0001.jpg,0.3020041584968567,0
/home/anitadonato/tcc/tcc/data/lfw/lfw-funneled/Cesar_Gaviria/Cesar_Gaviria_0005.jpg,/home/anitadonato/tcc/tcc/data/lfw/lfw-funneled/Xavier_Malisse/Xavier_Malisse_0004.jpg,0.28577113151550293,0
/home/anitadonato/tcc/tcc/data/lfw/lfw-funneled/Sheryl_Crow/Sheryl_Crow_0002.jpg,/home/anitadonato/tcc/tcc/data/lfw/lfw-funneled/Jennifer_Capriati/Jennifer_Capriati_0004.jpg,0.22160863876342773,0
/home/anitadonato/tcc/tcc/data/lfw/lfw-funneled/Denzel_Washington/Denzel_Washington_0005.jpg,/home/anitadonato/tcc/tcc/data/lfw/lfw-funneled/Costas_Simitis/Costas_Simitis_0002.jpg,0.27671152353286743,0
/home/anitadonato/tcc/tcc/data/lfw/lfw-funneled/Nicanor_Duarte_Frutos/Nicanor_Duarte_Frutos_0005.jpg,/home/anitadonato/tcc/tcc/data/lfw/lfw-funneled/Kurt_Warner/Kurt_Warner_0003.jpg,0.2698260545730591,0
/home/anitadonato/tcc/tcc/data/lfw/lfw-funneled/Fidel_Castro/Fidel_Castro_0003.jpg,/home/anitadonato/tcc/tcc/data/lfw/lfw-funneled/Rob_Marshall/Rob_Marshall_0004.jpg,0.19780635833740234,0
/home/anitadonato/tcc/tcc/data/lfw/lfw-funneled/Martin_Scorsese/Martin_Scorsese_0001.jpg,/home/anitadonato/tcc/tcc/data/lfw/lfw-funneled/Paul_ONeill/Paul_ONeill_0002.jpg,0.20534992218017578,0
/home/anitadonato/tcc/tcc/data/lfw/lfw-funneled/Tony_Blair/Tony_Blair_0002.jpg,/home/anitadonato/tcc/tcc/data/lfw/lfw-funneled/Arminio_Fraga/Arminio_Fraga_0001.jpg,0.20840078592300415,0
/home/anitadonato/tcc/tcc/data/lfw/lfw-funneled/Heidi_Klum/Heidi_Klum_0005.jpg,/home/anitadonato/tcc/tcc/data/lfw/lfw-funneled/Hal_Gehman/Hal_Gehman_0005.jpg,0.1762794852256775,0
/home/anitadonato/tcc/tcc/data/lfw/lfw-funneled/Maria_Shriver/Maria_Shriver_0002.jpg,/home/anitadonato/tcc/tcc/data/lfw/lfw-funneled/Silvan_Shalom/Silvan_Shalom_0005.jpg,0.1703178882598877,0
/home/anitadonato/tcc/tcc/data/lfw/lfw-funneled/Natalie_Coughlin/Natalie_Coughlin_0004.jpg,/home/anitadonato/tcc/tcc/data/lfw/lfw-funneled/Vladimir_Putin/Vladimir_Putin_0005.jpg,0.15565276145935059,0
/home/anitadonato/tcc/tcc/data/lfw/lfw-funneled/Denzel_Washington/Denzel_Washington_0005.jpg,/home/anitadonato/tcc/tcc/data/lfw/lfw-funneled/Bulent_Ecevit/Bulent_Ecevit_0005.jpg,0.1546764373779297,0
/home/anitadonato/tcc/tcc/data/lfw/lfw-funneled/Yasser_Arafat/Yasser_Arafat_0001.jpg,/home/anitadonato/tcc/tcc/data/lfw/lfw-funneled/Kate_Hudson/Kate_Hudson_0004.jpg,0.20042520761489868,0
/home/anitadonato/tcc/tcc/data/lfw/lfw-funneled/Kurt_Warner/Kurt_Warner_0005.jpg,/home/anitadonato/tcc/tcc/data/lfw/lfw-funneled/Paul_Burrell/Paul_Burrell_0005.jpg,0.27353596687316895,0
/home/anitadonato/tcc/tcc/data/lfw/lfw-funneled/Richard_Myers/Richard_Myers_0004.jpg,/home/anitadonato/tcc/tcc/data/lfw/lfw-funneled/Princess_Caroline/Princess_Caroline_0005.jpg,0.24919652938842773,0
/home/anitadonato/tcc/tcc/data/lfw/lfw-funneled/Silvan_Shalom/Silvan_Shalom_0001.jpg,/home/anitadonato/tcc/tcc/data/lfw/lfw-funneled/Zinedine_Zidane/Zinedine_Zidane_0005.jpg,0.2824094891548157,0
/home/anitadonato/tcc/tcc/data/lfw/lfw-funneled/Martin_McGuinness/Martin_McGuinness_0004.jpg,/home/anitadonato/tcc/tcc/data/lfw/lfw-funneled/Muhammad_Saeed_al-Sahhaf/Muhammad_Saeed_al-Sahhaf_0004.jpg,0.19973236322402954,0
/home/anitadonato/tcc/tcc/data/lfw/lfw-funneled/Yashwant_Sinha/Yashwant_Sinha_0005.jpg,/home/anitadonato/tcc/tcc/data/lfw/lfw-funneled/Adrien_Brody/Adrien_Brody_0001.jpg,0.16655129194259644,0
/home/anitadonato/tcc/tcc/data/lfw/lfw-funneled/Rainer_Schuettler/Rainer_Schuettler_0003.jpg,/home/anitadonato/tcc/tcc/data/lfw/lfw-funneled/Hillary_Clinton/Hillary_Clinton_0004.jpg,0.23180031776428223,0
/home/anitadonato/tcc/tcc/data/lfw/lfw-funneled/Kristanna_Loken/Kristanna_Loken_0001.jpg,/home/anitadonato/tcc/tcc/data/lfw/lfw-funneled/Ian_Thorpe/Ian_Thorpe_0003.jpg,0.1909729242324829,0
/home/anitadonato/tcc/tcc/data/lfw/lfw-funneled/Denzel_Washington/Denzel_Washington_0004.jpg,/home/anitadonato/tcc/tcc/data/lfw/lfw-funneled/Grant_Hackett/Grant_Hackett_0003.jpg,0.2511553168296814,0
/home/anitadonato/tcc/tcc/data/lfw/lfw-funneled/Joe_Lieberman/Joe_Lieberman_0001.jpg,/home/anitadonato/tcc/tcc/data/lfw/lfw-funneled/Carlos_Moya/Carlos_Moya_0005.jpg,0.21676981449127197,0
/home/anitadonato/tcc/tcc/data/lfw/lfw-funneled/Tom_Daschle/Tom_Daschle_0005.jpg,/home/anitadonato/tcc/tcc/data/lfw/lfw-funneled/Kate_Hudson/Kate_Hudson_0001.jpg,0.2713719606399536,0
/home/anitadonato/tcc/tcc/data/lfw/lfw-funneled/Tony_Blair/Tony_Blair_0002.jpg,/home/anitadonato/tcc/tcc/data/lfw/lfw-funneled/Paul_McCartney/Paul_McCartney_0003.jpg,0.2332923412322998,0
/home/anitadonato/tcc/tcc/data/lfw/lfw-funneled/Ben_Affleck/Ben_Affleck_0001.jpg,/home/anitadonato/tcc/tcc/data/lfw/lfw-funneled/Salma_Hayek/Salma_Hayek_0002.jpg,0.21360021829605103,0
/home/anitadonato/tcc/tcc/data/lfw/lfw-funneled/Martin_McGuinness/Martin_McGuinness_0005.jpg,/home/anitadonato/tcc/tcc/data/lfw/lfw-funneled/Mohamed_ElBaradei/Mohamed_ElBaradei_0003.jpg,0.19501405954360962,0
/home/anitadonato/tcc/tcc/data/lfw/lfw-funneled/Anna_Kournikova/Anna_Kournikova_0004.jpg,/home/anitadonato/tcc/tcc/data/lfw/lfw-funneled/Ludivine_Sagnier/Ludivine_Sagnier_0005.jpg,0.26400548219680786,0
/home/anitadonato/tcc/tcc/data/lfw/lfw-funneled/Hans_Blix/Hans_Blix_0003.jpg,/home/anitadonato/tcc/tcc/data/lfw/lfw-funneled/JK_Rowling/JK_Rowling_0004.jpg,0.18408960103988647,0
/home/anitadonato/tcc/tcc/data/lfw/lfw-funneled/Bill_McBride/Bill_McBride_0004.jpg,/home/anitadonato/tcc/tcc/data/lfw/lfw-funneled/Ann_Veneman/Ann_Veneman_0005.jpg,0.14355206489562988,0
/home/anitadonato/tcc/tcc/data/lfw/lfw-funneled/Steve_Lavin/Steve_Lavin_0002.jpg,/home/anitadonato/tcc/tcc/data/lfw/lfw-funneled/Sheryl_Crow/Sheryl_Crow_0003.jpg,0.18919169902801514,0
/home/anitadonato/tcc/tcc/data/lfw/lfw-funneled/Roh_Moo-hyun/Roh_Moo-hyun_0004.jpg,/home/anitadonato/tcc/tcc/data/lfw/lfw-funneled/Steve_Lavin/Steve_Lavin_0003.jpg,0.20338290929794312,0
/home/anitadonato/tcc/tcc/data/lfw/lfw-funneled/David_Anderson/David_Anderson_0003.jpg,/home/anitadonato/tcc/tcc/data/lfw/lfw-funneled/Kofi_Annan/Kofi_Annan_0004.jpg,0.17907750606536865,0
/home/anitadonato/tcc/tcc/data/lfw/lfw-funneled/Natalie_Maines/Natalie_Maines_0001.jpg,/home/anitadonato/tcc/tcc/data/lfw/lfw-funneled/Ai_Sugiyama/Ai_Sugiyama_0002.jpg,0.22316008806228638,0
/home/anitadonato/tcc/tcc/data/lfw/lfw-funneled/Xavier_Malisse/Xavier_Malisse_0002.jpg,/home/anitadonato/tcc/tcc/data/lfw/lfw-funneled/Angela_Merkel/Angela_Merkel_0001.jpg,0.2529031038284302,0
/home/anitadonato/tcc/tcc/data/lfw/lfw-funneled/Mike_Myers/Mike_Myers_0004.jpg,/home/anitadonato/tcc/tcc/data/lfw/lfw-funneled/Carlos_Menem/Carlos_Menem_0003.jpg,0.30383050441741943,0
/home/anitadonato/tcc/tcc/data/lfw/lfw-funneled/Al_Sharpton/Al_Sharpton_0001.jpg,/home/anitadonato/tcc/tcc/data/lfw/lfw-funneled/Michael_Schumacher/Michael_Schumacher_0002.jpg,0.22436904907226562,0
/home/anitadonato/tcc/tcc/data/lfw/lfw-funneled/George_Lopez/George_Lopez_0001.jpg,/home/anitadonato/tcc/tcc/data/lfw/lfw-funneled/Abdullah_Gul/Abdullah_Gul_0001.jpg,0.15457218885421753,0
/home/anitadonato/tcc/tcc/data/lfw/lfw-funneled/Sergey_Lavrov/Sergey_Lavrov_0005.jpg,/home/anitadonato/tcc/tcc/data/lfw/lfw-funneled/Kim_Dae-jung/Kim_Dae-jung_0004.jpg,0.14343059062957764,0
/home/anitadonato/tcc/tcc/data/lfw/lfw-funneled/Pedro_Malan/Pedro_Malan_0003.jpg,/home/anitadonato/tcc/tcc/data/lfw/lfw-funneled/Ana_Palacio/Ana_Palacio_0002.jpg,0.24168819189071655,0
/home/anitadonato/tcc/tcc/data/lfw/lfw-funneled/Zinedine_Zidane/Zinedine_Zidane_0005.jpg,/home/anitadonato/tcc/tcc/data/lfw/lfw-funneled/George_Robertson/George_Robertson_0001.jpg,0.25455451011657715,0
/home/anitadonato/tcc/tcc/data/lfw/lfw-funneled/Rob_Marshall/Rob_Marshall_0004.jpg,/home/anitadonato/tcc/tcc/data/lfw/lfw-funneled/Arminio_Fraga/Arminio_Fraga_0005.jpg,0.22321969270706177,0
/home/anitadonato/tcc/tcc/data/lfw/lfw-funneled/Paul_McCartney/Paul_McCartney_0003.jpg,/home/anitadonato/tcc/tcc/data/lfw/lfw-funneled/Tom_Daschle/Tom_Daschle_0005.jpg,0.2565089464187622,0
/home/anitadonato/tcc/tcc/data/lfw/lfw-funneled/Paul_Martin/Paul_Martin_0002.jpg,/home/anitadonato/tcc/tcc/data/lfw/lfw-funneled/Princess_Caroline/Princess_Caroline_0004.jpg,0.15717339515686035,0
/home/anitadonato/tcc/tcc/data/lfw/lfw-funneled/Clara_Harris/Clara_Harris_0002.jpg,/home/anitadonato/tcc/tcc/data/lfw/lfw-funneled/Alvaro_Uribe/Alvaro_Uribe_0005.jpg,0.19330376386642456,0
/home/anitadonato/tcc/tcc/data/lfw/lfw-funneled/Thabo_Mbeki/Thabo_Mbeki_0001.jpg,/home/anitadonato/tcc/tcc/data/lfw/lfw-funneled/Jeremy_Greenstock/Jeremy_Greenstock_0005.jpg,0.2805829644203186,0
/home/anitadonato/tcc/tcc/data/lfw/lfw-funneled/Carlos_Menem/Carlos_Menem_0002.jpg,/home/anitadonato/tcc/tcc/data/lfw/lfw-funneled/Tom_Harkin/Tom_Harkin_0005.jpg,0.16245150566101074,0
/home/anitadonato/tcc/tcc/data/lfw/lfw-funneled/Jennifer_Capriati/Jennifer_Capriati_0001.jpg,/home/anitadonato/tcc/tcc/data/lfw/lfw-funneled/Michael_Chiklis/Michael_Chiklis_0003.jpg,0.27385061979293823,0
/home/anitadonato/tcc/tcc/data/lfw/lfw-funneled/Queen_Rania/Queen_Rania_0001.jpg,/home/anitadonato/tcc/tcc/data/lfw/lfw-funneled/Paul_McCartney/Paul_McCartney_0002.jpg,0.1972717046737671,0
/home/anitadonato/tcc/tcc/data/lfw/lfw-funneled/Pedro_Malan/Pedro_Malan_0004.jpg,/home/anitadonato/tcc/tcc/data/lfw/lfw-funneled/Sourav_Ganguly/Sourav_Ganguly_0003.jpg,0.21246838569641113,0
/home/anitadonato/tcc/tcc/data/lfw/lfw-funneled/Juan_Pablo_Montoya/Juan_Pablo_Montoya_0004.jpg,/home/anitadonato/tcc/tcc/data/lfw/lfw-funneled/Jan_Ullrich/Jan_Ullrich_0005.jpg,0.18014860153198242,0
/home/anitadonato/tcc/tcc/data/lfw/lfw-funneled/Hal_Gehman/Hal_Gehman_0001.jpg,/home/anitadonato/tcc/tcc/data/lfw/lfw-funneled/Tom_Harkin/Tom_Harkin_0001.jpg,0.21317750215530396,0
/home/anitadonato/tcc/tcc/data/lfw/lfw-funneled/Amelia_Vega/Amelia_Vega_0003.jpg,/home/anitadonato/tcc/tcc/data/lfw/lfw-funneled/Al_Sharpton/Al_Sharpton_0005.jpg,0.17515963315963745,0
/home/anitadonato/tcc/tcc/data/lfw/lfw-funneled/Russell_Simmons/Russell_Simmons_0003.jpg,/home/anitadonato/tcc/tcc/data/lfw/lfw-funneled/Yashwant_Sinha/Yashwant_Sinha_0003.jpg,0.16657936573028564,0
/home/anitadonato/tcc/tcc/data/lfw/lfw-funneled/Bill_Gates/Bill_Gates_0002.jpg,/home/anitadonato/tcc/tcc/data/lfw/lfw-funneled/Cameron_Diaz/Cameron_Diaz_0004.jpg,0.2269231081008911,0
/home/anitadonato/tcc/tcc/data/lfw/lfw-funneled/Hamid_Karzai/Hamid_Karzai_0001.jpg,/home/anitadonato/tcc/tcc/data/lfw/lfw-funneled/Kofi_Annan/Kofi_Annan_0003.jpg,0.22210723161697388,0
/home/anitadonato/tcc/tcc/data/lfw/lfw-funneled/Woody_Allen/Woody_Allen_0005.jpg,/home/anitadonato/tcc/tcc/data/lfw/lfw-funneled/Ben_Affleck/Ben_Affleck_0001.jpg,0.1955741047859192,0
/home/anitadonato/tcc/tcc/data/lfw/lfw-funneled/Roh_Moo-hyun/Roh_Moo-hyun_0005.jpg,/home/anitadonato/tcc/tcc/data/lfw/lfw-funneled/Bob_Hope/Bob_Hope_0003.jpg,0.19543176889419556,0
/home/anitadonato/tcc/tcc/data/lfw/lfw-funneled/David_Trimble/David_Trimble_0005.jpg,/home/anitadonato/tcc/tcc/data/lfw/lfw-funneled/William_Ford_Jr/William_Ford_Jr_0003.jpg,0.21466511487960815,0
/home/anitadonato/tcc/tcc/data/lfw/lfw-funneled/Ludivine_Sagnier/Ludivine_Sagnier_0003.jpg,/home/anitadonato/tcc/tcc/data/lfw/lfw-funneled/Kofi_Annan/Kofi_Annan_0004.jpg,0.17901039123535156,0
/home/anitadonato/tcc/tcc/data/lfw/lfw-funneled/Tony_Blair/Tony_Blair_0004.jpg,/home/anitadonato/tcc/tcc/data/lfw/lfw-funneled/Tom_Cruise/Tom_Cruise_0002.jpg,0.22815853357315063,0
/home/anitadonato/tcc/tcc/data/lfw/lfw-funneled/Bill_McBride/Bill_McBride_0004.jpg,/home/anitadonato/tcc/tcc/data/lfw/lfw-funneled/Winona_Ryder/Winona_Ryder_0004.jpg,0.19304817914962769,0
/home/anitadonato/tcc/tcc/data/lfw/lfw-funneled/Adrien_Brody/Adrien_Brody_0004.jpg,/home/anitadonato/tcc/tcc/data/lfw/lfw-funneled/Christine_Todd_Whitman/Christine_Todd_Whitman_0001.jpg,0.2726238965988159,0
/home/anitadonato/tcc/tcc/data/lfw/lfw-funneled/Anna_Kournikova/Anna_Kournikova_0004.jpg,/home/anitadonato/tcc/tcc/data/lfw/lfw-funneled/Ana_Guevara/Ana_Guevara_0002.jpg,0.21185988187789917,0
/home/anitadonato/tcc/tcc/data/lfw/lfw-funneled/Catherine_Zeta-Jones/Catherine_Zeta-Jones_0002.jpg,/home/anitadonato/tcc/tcc/data/lfw/lfw-funneled/Angela_Merkel/Angela_Merkel_0003.jpg,0.26291853189468384,0
/home/anitadonato/tcc/tcc/data/lfw/lfw-funneled/Fernando_Gonzalez/Fernando_Gonzalez_0005.jpg,/home/anitadonato/tcc/tcc/data/lfw/lfw-funneled/Roy_Moore/Roy_Moore_0005.jpg,0.23753178119659424,0
/home/anitadonato/tcc/tcc/data/lfw/lfw-funneled/Alvaro_Uribe/Alvaro_Uribe_0003.jpg,/home/anitadonato/tcc/tcc/data/lfw/lfw-funneled/Angela_Merkel/Angela_Merkel_0002.jpg,0.20066744089126587,0
/home/anitadonato/tcc/tcc/data/lfw/lfw-funneled/Frank_Solich/Frank_Solich_0002.jpg,/home/anitadonato/tcc/tcc/data/lfw/lfw-funneled/Carmen_Electra/Carmen_Electra_0004.jpg,0.21283948421478271,0
/home/anitadonato/tcc/tcc/data/lfw/lfw-funneled/Jiri_Novak/Jiri_Novak_0002.jpg,/home/anitadonato/tcc/tcc/data/lfw/lfw-funneled/Roy_Moore/Roy_Moore_0005.jpg,0.17276990413665771,0
/home/anitadonato/tcc/tcc/data/lfw/lfw-funneled/Natalie_Maines/Natalie_Maines_0002.jpg,/home/anitadonato/tcc/tcc/data/lfw/lfw-funneled/Hal_Gehman/Hal_Gehman_0002.jpg,0.22412830591201782,0
/home/anitadonato/tcc/tcc/data/lfw/lfw-funneled/Roger_Federer/Roger_Federer_0002.jpg,/home/anitadonato/tcc/tcc/data/lfw/lfw-funneled/Ann_Veneman/Ann_Veneman_0002.jpg,0.19038516283035278,0
/home/anitadonato/tcc/tcc/data/lfw/lfw-funneled/Norm_Coleman/Norm_Coleman_0003.jpg,/home/anitadonato/tcc/tcc/data/lfw/lfw-funneled/Valery_Giscard_dEstaing/Valery_Giscard_dEstaing_0002.jpg,0.21563082933425903,0
/home/anitadonato/tcc/tcc/data/lfw/lfw-funneled/Michael_Powell/Michael_Powell_0001.jpg,/home/anitadonato/tcc/tcc/data/lfw/lfw-funneled/Robert_De_Niro/Robert_De_Niro_0001.jpg,0.23414188623428345,0
/home/anitadonato/tcc/tcc/data/lfw/lfw-funneled/Catherine_Zeta-Jones/Catherine_Zeta-Jones_0004.jpg,/home/anitadonato/tcc/tcc/data/lfw/lfw-funneled/Tung_Chee-hwa/Tung_Chee-hwa_0005.jpg,0.16672790050506592,0
/home/anitadonato/tcc/tcc/data/lfw/lfw-funneled/Carlos_Moya/Carlos_Moya_0005.jpg,/home/anitadonato/tcc/tcc/data/lfw/lfw-funneled/Sylvester_Stallone/Sylvester_Stallone_0001.jpg,0.16582143306732178,0
/home/anitadonato/tcc/tcc/data/lfw/lfw-funneled/Sheryl_Crow/Sheryl_Crow_0005.jpg,/home/anitadonato/tcc/tcc/data/lfw/lfw-funneled/Nancy_Pelosi/Nancy_Pelosi_0003.jpg,0.17577099800109863,0
/home/anitadonato/tcc/tcc/data/lfw/lfw-funneled/Meryl_Streep/Meryl_Streep_0003.jpg,/home/anitadonato/tcc/tcc/data/lfw/lfw-funneled/Kofi_Annan/Kofi_Annan_0004.jpg,0.21079254150390625,0
/home/anitadonato/tcc/tcc/data/lfw/lfw-funneled/John_Paul_II/John_Paul_II_0005.jpg,/home/anitadonato/tcc/tcc/data/lfw/lfw-funneled/Sylvester_Stallone/Sylvester_Stallone_0003.jpg,0.20405429601669312,0
/home/anitadonato/tcc/tcc/data/lfw/lfw-funneled/Jan_Ullrich/Jan_Ullrich_0005.jpg,/home/anitadonato/tcc/tcc/data/lfw/lfw-funneled/John_Negroponte/John_Negroponte_0002.jpg,0.2043445110321045,0
/home/anitadonato/tcc/tcc/data/lfw/lfw-funneled/Billy_Crystal/Billy_Crystal_0004.jpg,/home/anitadonato/tcc/tcc/data/lfw/lfw-funneled/Atal_Bihari_Vajpayee/Atal_Bihari_Vajpayee_0004.jpg,0.2014021873474121,0
/home/anitadonato/tcc/tcc/data/lfw/lfw-funneled/Michelle_Yeoh/Michelle_Yeoh_0005.jpg,/home/anitadonato/tcc/tcc/data/lfw/lfw-funneled/Thaksin_Shinawatra/Thaksin_Shinawatra_0003.jpg,0.18374401330947876,0
/home/anitadonato/tcc/tcc/data/lfw/lfw-funneled/Walter_Mondale/Walter_Mondale_0002.jpg,/home/anitadonato/tcc/tcc/data/lfw/lfw-funneled/Maria_Shriver/Maria_Shriver_0004.jpg,0.1614627242088318,0
/home/anitadonato/tcc/tcc/data/lfw/lfw-funneled/Kate_Hudson/Kate_Hudson_0005.jpg,/home/anitadonato/tcc/tcc/data/lfw/lfw-funneled/Luis_Horna/Luis_Horna_0004.jpg,0.1870877742767334,0
/home/anitadonato/tcc/tcc/data/lfw/lfw-funneled/Jiri_Novak/Jiri_Novak_0001.jpg,/home/anitadonato/tcc/tcc/data/lfw/lfw-funneled/Martha_Stewart/Martha_Stewart_0001.jpg,0.20732152462005615,0
/home/anitadonato/tcc/tcc/data/lfw/lfw-funneled/Michael_Chiklis/Michael_Chiklis_0004.jpg,/home/anitadonato/tcc/tcc/data/lfw/lfw-funneled/Liza_Minnelli/Liza_Minnelli_0005.jpg,0.27097082138061523,0
/home/anitadonato/tcc/tcc/data/lfw/lfw-funneled/Elizabeth_Smart/Elizabeth_Smart_0003.jpg,/home/anitadonato/tcc/tcc/data/lfw/lfw-funneled/Robert_Blake/Robert_Blake_0005.jpg,0.143132746219635,0
/home/anitadonato/tcc/tcc/data/lfw/lfw-funneled/Anna_Kournikova/Anna_Kournikova_0005.jpg,/home/anitadonato/tcc/tcc/data/lfw/lfw-funneled/Boris_Becker/Boris_Becker_0003.jpg,0.2755615711212158,0
/home/anitadonato/tcc/tcc/data/lfw/lfw-funneled/Renee_Zellweger/Renee_Zellweger_0004.jpg,/home/anitadonato/tcc/tcc/data/lfw/lfw-funneled/George_HW_Bush/George_HW_Bush_0005.jpg,0.23434245586395264,0
/home/anitadonato/tcc/tcc/data/lfw/lfw-funneled/David_Trimble/David_Trimble_0002.jpg,/home/anitadonato/tcc/tcc/data/lfw/lfw-funneled/Hans_Blix/Hans_Blix_0004.jpg,0.18364238739013672,0
/home/anitadonato/tcc/tcc/data/lfw/lfw-funneled/Rainer_Schuettler/Rainer_Schuettler_0004.jpg,/home/anitadonato/tcc/tcc/data/lfw/lfw-funneled/Liza_Minnelli/Liza_Minnelli_0003.jpg,0.22809219360351562,0
/home/anitadonato/tcc/tcc/data/lfw/lfw-funneled/Hans_Blix/Hans_Blix_0003.jpg,/home/anitadonato/tcc/tcc/data/lfw/lfw-funneled/Juan_Carlos_Ferrero/Juan_Carlos_Ferrero_0004.jpg,0.16301780939102173,0
/home/anitadonato/tcc/tcc/data/lfw/lfw-funneled/John_Paul_II/John_Paul_II_0002.jpg,/home/anitadonato/tcc/tcc/data/lfw/lfw-funneled/Silvio_Berlusconi/Silvio_Berlusconi_0005.jpg,0.28949856758117676,0
/home/anitadonato/tcc/tcc/data/lfw/lfw-funneled/Maria_Shriver/Maria_Shriver_0001.jpg,/home/anitadonato/tcc/tcc/data/lfw/lfw-funneled/Muhammad_Saeed_al-Sahhaf/Muhammad_Saeed_al-Sahhaf_0003.jpg,0.2785325050354004,0
/home/anitadonato/tcc/tcc/data/lfw/lfw-funneled/Renee_Zellweger/Renee_Zellweger_0004.jpg,/home/anitadonato/tcc/tcc/data/lfw/lfw-funneled/Steve_Lavin/Steve_Lavin_0004.jpg,0.20346224308013916,0
/home/anitadonato/tcc/tcc/data/lfw/lfw-funneled/Pervez_Musharraf/Pervez_Musharraf_0002.jpg,/home/anitadonato/tcc/tcc/data/lfw/lfw-funneled/Sergey_Lavrov/Sergey_Lavrov_0004.jpg,0.2036120891571045,0
/home/anitadonato/tcc/tcc/data/lfw/lfw-funneled/Alvaro_Uribe/Alvaro_Uribe_0004.jpg,/home/anitadonato/tcc/tcc/data/lfw/lfw-funneled/Vladimir_Putin/Vladimir_Putin_0004.jpg,0.20827895402908325,0
/home/anitadonato/tcc/tcc/data/lfw/lfw-funneled/Hillary_Clinton/Hillary_Clinton_0005.jpg,/home/anitadonato/tcc/tcc/data/lfw/lfw-funneled/Cruz_Bustamante/Cruz_Bustamante_0005.jpg,0.26605379581451416,0
/home/anitadonato/tcc/tcc/data/lfw/lfw-funneled/Andre_Agassi/Andre_Agassi_0004.jpg,/home/anitadonato/tcc/tcc/data/lfw/lfw-funneled/Jiri_Novak/Jiri_Novak_0003.jpg,0.20846039056777954,0
/home/anitadonato/tcc/tcc/data/lfw/lfw-funneled/Eduardo_Duhalde/Eduardo_Duhalde_0005.jpg,/home/anitadonato/tcc/tcc/data/lfw/lfw-funneled/Roh_Moo-hyun/Roh_Moo-hyun_0001.jpg,0.16880029439926147,0
/home/anitadonato/tcc/tcc/data/lfw/lfw-funneled/Jan_Ullrich/Jan_Ullrich_0002.jpg,/home/anitadonato/tcc/tcc/data/lfw/lfw-funneled/Elizabeth_Smart/Elizabeth_Smart_0001.jpg,0.1793699860572815,0
/home/anitadonato/tcc/tcc/data/lfw/lfw-funneled/Cesar_Gaviria/Cesar_Gaviria_0004.jpg,/home/anitadonato/tcc/tcc/data/lfw/lfw-funneled/Benjamin_Netanyahu/Benjamin_Netanyahu_0001.jpg,0.2045842409133911,0
/home/anitadonato/tcc/tcc/data/lfw/lfw-funneled/Gonzalo_Sanchez_de_Lozada/Gonzalo_Sanchez_de_Lozada_0003.jpg,/home/anitadonato/tcc/tcc/data/lfw/lfw-funneled/Jean_Chretien/Jean_Chretien_0003.jpg,0.2730271816253662,0
/home/anitadonato/tcc/tcc/data/lfw/lfw-funneled/Salma_Hayek/Salma_Hayek_0005.jpg,/home/anitadonato/tcc/tcc/data/lfw/lfw-funneled/Roh_Moo-hyun/Roh_Moo-hyun_0003.jpg,0.2150665521621704,0
/home/anitadonato/tcc/tcc/data/lfw/lfw-funneled/Mike_Martz/Mike_Martz_0004.jpg,/home/anitadonato/tcc/tcc/data/lfw/lfw-funneled/Goldie_Hawn/Goldie_Hawn_0001.jpg,0.18568354845046997,0
/home/anitadonato/tcc/tcc/data/lfw/lfw-funneled/Yashwant_Sinha/Yashwant_Sinha_0005.jpg,/home/anitadonato/tcc/tcc/data/lfw/lfw-funneled/Catherine_Zeta-Jones/Catherine_Zeta-Jones_0002.jpg,0.20565366744995117,0
/home/anitadonato/tcc/tcc/data/lfw/lfw-funneled/Kofi_Annan/Kofi_Annan_0005.jpg,/home/anitadonato/tcc/tcc/data/lfw/lfw-funneled/Mohamed_ElBaradei/Mohamed_ElBaradei_0002.jpg,0.20442944765090942,0
/home/anitadonato/tcc/tcc/data/lfw/lfw-funneled/Michael_Powell/Michael_Powell_0003.jpg,/home/anitadonato/tcc/tcc/data/lfw/lfw-funneled/Britney_Spears/Britney_Spears_0003.jpg,0.20950102806091309,0
/home/anitadonato/tcc/tcc/data/lfw/lfw-funneled/Michael_Chiklis/Michael_Chiklis_0004.jpg,/home/anitadonato/tcc/tcc/data/lfw/lfw-funneled/Carlos_Menem/Carlos_Menem_0004.jpg,0.2316616177558899,0
/home/anitadonato/tcc/tcc/data/lfw/lfw-funneled/George_Robertson/George_Robertson_0005.jpg,/home/anitadonato/tcc/tcc/data/lfw/lfw-funneled/Jean-Pierre_Raffarin/Jean-Pierre_Raffarin_0003.jpg,0.2448604702949524,0
/home/anitadonato/tcc/tcc/data/lfw/lfw-funneled/Habib_Rizieq/Habib_Rizieq_0002.jpg,/home/anitadonato/tcc/tcc/data/lfw/lfw-funneled/Cruz_Bustamante/Cruz_Bustamante_0002.jpg,0.2365918755531311,0
/home/anitadonato/tcc/tcc/data/lfw/lfw-funneled/Jean-David_Levitte/Jean-David_Levitte_0004.jpg,/home/anitadonato/tcc/tcc/data/lfw/lfw-funneled/Winona_Ryder/Winona_Ryder_0005.jpg,0.1989128589630127,0
/home/anitadonato/tcc/tcc/data/lfw/lfw-funneled/Silvio_Berlusconi/Silvio_Berlusconi_0001.jpg,/home/anitadonato/tcc/tcc/data/lfw/lfw-funneled/Hamid_Karzai/Hamid_Karzai_0001.jpg,0.1968194842338562,0
/home/anitadonato/tcc/tcc/data/lfw/lfw-funneled/Colin_Powell/Colin_Powell_0002.jpg,/home/anitadonato/tcc/tcc/data/lfw/lfw-funneled/David_Trimble/David_Trimble_0003.jpg,0.1756383180618286,0
/home/anitadonato/tcc/tcc/data/lfw/lfw-funneled/Erika_Harold/Erika_Harold_0003.jpg,/home/anitadonato/tcc/tcc/data/lfw/lfw-funneled/Paul_McCartney/Paul_McCartney_0003.jpg,0.24338698387145996,0
/home/anitadonato/tcc/tcc/data/lfw/lfw-funneled/Megawati_Sukarnoputri/Megawati_Sukarnoputri_0004.jpg,/home/anitadonato/tcc/tcc/data/lfw/lfw-funneled/Alejandro_Toledo/Alejandro_Toledo_0003.jpg,0.17421483993530273,0
/home/anitadonato/tcc/tcc/data/lfw/lfw-funneled/Susan_Sarandon/Susan_Sarandon_0003.jpg,/home/anitadonato/tcc/tcc/data/lfw/lfw-funneled/Michael_Powell/Michael_Powell_0005.jpg,0.26610225439071655,0
/home/anitadonato/tcc/tcc/data/lfw/lfw-funneled/Tom_Daschle/Tom_Daschle_0004.jpg,/home/anitadonato/tcc/tcc/data/lfw/lfw-funneled/Gonzalo_Sanchez_de_Lozada/Gonzalo_Sanchez_de_Lozada_0002.jpg,0.24797064065933228,0
/home/anitadonato/tcc/tcc/data/lfw/lfw-funneled/Boris_Becker/Boris_Becker_0002.jpg,/home/anitadonato/tcc/tcc/data/lfw/lfw-funneled/Goldie_Hawn/Goldie_Hawn_0002.jpg,0.24488645792007446,0
/home/anitadonato/tcc/tcc/data/lfw/lfw-funneled/Fidel_Castro/Fidel_Castro_0001.jpg,/home/anitadonato/tcc/tcc/data/lfw/lfw-funneled/Jan_Ullrich/Jan_Ullrich_0001.jpg,0.2684566378593445,0
/home/anitadonato/tcc/tcc/data/lfw/lfw-funneled/Ana_Palacio/Ana_Palacio_0005.jpg,/home/anitadonato/tcc/tcc/data/lfw/lfw-funneled/Pamela_Anderson/Pamela_Anderson_0001.jpg,0.17401570081710815,0
/home/anitadonato/tcc/tcc/data/lfw/lfw-funneled/Geoff_Hoon/Geoff_Hoon_0004.jpg,/home/anitadonato/tcc/tcc/data/lfw/lfw-funneled/Jacques_Chirac/Jacques_Chirac_0005.jpg,0.13550317287445068,0
/home/anitadonato/tcc/tcc/data/lfw/lfw-funneled/Sylvester_Stallone/Sylvester_Stallone_0001.jpg,/home/anitadonato/tcc/tcc/data/lfw/lfw-funneled/Matthew_Perry/Matthew_Perry_0003.jpg,0.26711153984069824,0
/home/anitadonato/tcc/tcc/data/lfw/lfw-funneled/Valery_Giscard_dEstaing/Valery_Giscard_dEstaing_0001.jpg,/home/anitadonato/tcc/tcc/data/lfw/lfw-funneled/Jennifer_Lopez/Jennifer_Lopez_0004.jpg,0.21161776781082153,0
/home/anitadonato/tcc/tcc/data/lfw/lfw-funneled/John_Howard/John_Howard_0002.jpg,/home/anitadonato/tcc/tcc/data/lfw/lfw-funneled/Muhammad_Saeed_al-Sahhaf/Muhammad_Saeed_al-Sahhaf_0003.jpg,0.25412774085998535,0
/home/anitadonato/tcc/tcc/data/lfw/lfw-funneled/Susan_Sarandon/Susan_Sarandon_0002.jpg,/home/anitadonato/tcc/tcc/data/lfw/lfw-funneled/John_Manley/John_Manley_0002.jpg,0.24641984701156616,0
/home/anitadonato/tcc/tcc/data/lfw/lfw-funneled/Atal_Bihari_Vajpayee/Atal_Bihari_Vajpayee_0001.jpg,/home/anitadonato/tcc/tcc/data/lfw/lfw-funneled/Jennifer_Capriati/Jennifer_Capriati_0001.jpg,0.21192461252212524,0
/home/anitadonato/tcc/tcc/data/lfw/lfw-funneled/Tung_Chee-hwa/Tung_Chee-hwa_0003.jpg,/home/anitadonato/tcc/tcc/data/lfw/lfw-funneled/Lleyton_Hewitt/Lleyton_Hewitt_0004.jpg,0.1886773705482483,0
/home/anitadonato/tcc/tcc/data/lfw/lfw-funneled/Paradorn_Srichaphan/Paradorn_Srichaphan_0003.jpg,/home/anitadonato/tcc/tcc/data/lfw/lfw-funneled/Michelle_Yeoh/Michelle_Yeoh_0005.jpg,0.1553853154182434,0
/home/anitadonato/tcc/tcc/data/lfw/lfw-funneled/Susan_Sarandon/Susan_Sarandon_0005.jpg,/home/anitadonato/tcc/tcc/data/lfw/lfw-funneled/Hillary_Clinton/Hillary_Clinton_0002.jpg,0.16611194610595703,0
/home/anitadonato/tcc/tcc/data/lfw/lfw-funneled/Paul_ONeill/Paul_ONeill_0004.jpg,/home/anitadonato/tcc/tcc/data/lfw/lfw-funneled/Martin_Scorsese/Martin_Scorsese_0005.jpg,0.2229645848274231,0
/home/anitadonato/tcc/tcc/data/lfw/lfw-funneled/Lindsay_Davenport/Lindsay_Davenport_0005.jpg,/home/anitadonato/tcc/tcc/data/lfw/lfw-funneled/Atal_Bihari_Vajpayee/Atal_Bihari_Vajpayee_0003.jpg,0.17033451795578003,0
/home/anitadonato/tcc/tcc/data/lfw/lfw-funneled/Mike_Martz/Mike_Martz_0005.jpg,/home/anitadonato/tcc/tcc/data/lfw/lfw-funneled/Sheryl_Crow/Sheryl_Crow_0002.jpg,0.17697477340698242,0
/home/anitadonato/tcc/tcc/data/lfw/lfw-funneled/Pedro_Malan/Pedro_Malan_0003.jpg,/home/anitadonato/tcc/tcc/data/lfw/lfw-funneled/Susan_Sarandon/Susan_Sarandon_0003.jpg,0.26565104722976685,0
/home/anitadonato/tcc/tcc/data/lfw/lfw-funneled/Fernando_Gonzalez/Fernando_Gonzalez_0002.jpg,/home/anitadonato/tcc/tcc/data/lfw/lfw-funneled/Anna_Kournikova/Anna_Kournikova_0003.jpg,0.24093103408813477,0
/home/anitadonato/tcc/tcc/data/lfw/lfw-funneled/Alvaro_Uribe/Alvaro_Uribe_0005.jpg,/home/anitadonato/tcc/tcc/data/lfw/lfw-funneled/Richard_Myers/Richard_Myers_0002.jpg,0.2947425842285156,0
/home/anitadonato/tcc/tcc/data/lfw/lfw-funneled/Mike_Martz/Mike_Martz_0004.jpg,/home/anitadonato/tcc/tcc/data/lfw/lfw-funneled/Thabo_Mbeki/Thabo_Mbeki_0005.jpg,0.1509276032447815,0
/home/anitadonato/tcc/tcc/data/lfw/lfw-funneled/Alvaro_Uribe/Alvaro_Uribe_0004.jpg,/home/anitadonato/tcc/tcc/data/lfw/lfw-funneled/Martha_Stewart/Martha_Stewart_0004.jpg,0.22027719020843506,0
/home/anitadonato/tcc/tcc/data/lfw/lfw-funneled/Richard_Gephardt/Richard_Gephardt_0004.jpg,/home/anitadonato/tcc/tcc/data/lfw/lfw-funneled/Alvaro_Uribe/Alvaro_Uribe_0003.jpg,0.17218738794326782,0
/home/anitadonato/tcc/tcc/data/lfw/lfw-funneled/Martin_Scorsese/Martin_Scorsese_0001.jpg,/home/anitadonato/tcc/tcc/data/lfw/lfw-funneled/Ian_Thorpe/Ian_Thorpe_0005.jpg,0.16192537546157837,0
/home/anitadonato/tcc/tcc/data/lfw/lfw-funneled/Nancy_Pelosi/Nancy_Pelosi_0004.jpg,/home/anitadonato/tcc/tcc/data/lfw/lfw-funneled/Joe_Lieberman/Joe_Lieberman_0005.jpg,0.21708554029464722,0
/home/anitadonato/tcc/tcc/data/lfw/lfw-funneled/Lindsay_Davenport/Lindsay_Davenport_0002.jpg,/home/anitadonato/tcc/tcc/data/lfw/lfw-funneled/Jan_Ullrich/Jan_Ullrich_0002.jpg,0.19619673490524292,0
/home/anitadonato/tcc/tcc/data/lfw/lfw-funneled/Julie_Gerberding/Julie_Gerberding_0004.jpg,/home/anitadonato/tcc/tcc/data/lfw/lfw-funneled/Natalie_Maines/Natalie_Maines_0004.jpg,0.16520828008651733,0
/home/anitadonato/tcc/tcc/data/lfw/lfw-funneled/John_Negroponte/John_Negroponte_0001.jpg,/home/anitadonato/tcc/tcc/data/lfw/lfw-funneled/Roger_Federer/Roger_Federer_0004.jpg,0.21945232152938843,0
/home/anitadonato/tcc/tcc/data/lfw/lfw-funneled/John_Manley/John_Manley_0005.jpg,/home/anitadonato/tcc/tcc/data/lfw/lfw-funneled/Queen_Rania/Queen_Rania_0005.jpg,0.21798861026763916,0
/home/anitadonato/tcc/tcc/data/lfw/lfw-funneled/Hosni_Mubarak/Hosni_Mubarak_0003.jpg,/home/anitadonato/tcc/tcc/data/lfw/lfw-funneled/Maria_Shriver/Maria_Shriver_0003.jpg,0.2379123568534851,0
/home/anitadonato/tcc/tcc/data/lfw/lfw-funneled/Mohamed_ElBaradei/Mohamed_ElBaradei_0005.jpg,/home/anitadonato/tcc/tcc/data/lfw/lfw-funneled/Jean_Chretien/Jean_Chretien_0003.jpg,0.18671929836273193,0
/home/anitadonato/tcc/tcc/data/lfw/lfw-funneled/Fernando_Gonzalez/Fernando_Gonzalez_0001.jpg,/home/anitadonato/tcc/tcc/data/lfw/lfw-funneled/Joe_Lieberman/Joe_Lieberman_0002.jpg,0.2667948007583618,0
/home/anitadonato/tcc/tcc/data/lfw/lfw-funneled/Hillary_Clinton/Hillary_Clinton_0001.jpg,/home/anitadonato/tcc/tcc/data/lfw/lfw-funneled/Tom_Crean/Tom_Crean_0004.jpg,0.2382516860961914,0
/home/anitadonato/tcc/tcc/data/lfw/lfw-funneled/Valery_Giscard_dEstaing/Valery_Giscard_dEstaing_0003.jpg,/home/anitadonato/tcc/tcc/data/lfw/lfw-funneled/Gonzalo_Sanchez_de_Lozada/Gonzalo_Sanchez_de_Lozada_0005.jpg,0.2039492130279541,0
/home/anitadonato/tcc/tcc/data/lfw/lfw-funneled/Christine_Baumgartner/Christine_Baumgartner_0003.jpg,/home/anitadonato/tcc/tcc/data/lfw/lfw-funneled/Joe_Lieberman/Joe_Lieberman_0001.jpg,0.26687395572662354,0
/home/anitadonato/tcc/tcc/data/lfw/lfw-funneled/Wayne_Ferreira/Wayne_Ferreira_0005.jpg,/home/anitadonato/tcc/tcc/data/lfw/lfw-funneled/Mohammed_Al-Douri/Mohammed_Al-Douri_0001.jpg,0.16648942232131958,0
/home/anitadonato/tcc/tcc/data/lfw/lfw-funneled/Boris_Becker/Boris_Becker_0003.jpg,/home/anitadonato/tcc/tcc/data/lfw/lfw-funneled/Spencer_Abraham/Spencer_Abraham_0003.jpg,0.18969815969467163,0
/home/anitadonato/tcc/tcc/data/lfw/lfw-funneled/LeBron_James/LeBron_James_0004.jpg,/home/anitadonato/tcc/tcc/data/lfw/lfw-funneled/Julie_Gerberding/Julie_Gerberding_0001.jpg,0.19531619548797607,0
/home/anitadonato/tcc/tcc/data/lfw/lfw-funneled/Ian_Thorpe/Ian_Thorpe_0002.jpg,/home/anitadonato/tcc/tcc/data/lfw/lfw-funneled/Amelia_Vega/Amelia_Vega_0001.jpg,0.18722283840179443,0
/home/anitadonato/tcc/tcc/data/lfw/lfw-funneled/Meryl_Streep/Meryl_Streep_0003.jpg,/home/anitadonato/tcc/tcc/data/lfw/lfw-funneled/Cesar_Gaviria/Cesar_Gaviria_0004.jpg,0.29455500841140747,0
/home/anitadonato/tcc/tcc/data/lfw/lfw-funneled/John_Howard/John_Howard_0003.jpg,/home/anitadonato/tcc/tcc/data/lfw/lfw-funneled/Mark_Hurlbert/Mark_Hurlbert_0004.jpg,0.21924930810928345,0
/home/anitadonato/tcc/tcc/data/lfw/lfw-funneled/Luis_Horna/Luis_Horna_0003.jpg,/home/anitadonato/tcc/tcc/data/lfw/lfw-funneled/Thaksin_Shinawatra/Thaksin_Shinawatra_0001.jpg,0.2647697329521179,0
/home/anitadonato/tcc/tcc/data/lfw/lfw-funneled/Yasser_Arafat/Yasser_Arafat_0001.jpg,/home/anitadonato/tcc/tcc/data/lfw/lfw-funneled/Sergey_Lavrov/Sergey_Lavrov_0003.jpg,0.213456928730011,0
/home/anitadonato/tcc/tcc/data/lfw/lfw-funneled/Princess_Caroline/Princess_Caroline_0001.jpg,/home/anitadonato/tcc/tcc/data/lfw/lfw-funneled/Walter_Mondale/Walter_Mondale_0005.jpg,0.19688183069229126,0
/home/anitadonato/tcc/tcc/data/lfw/lfw-funneled/Kim_Dae-jung/Kim_Dae-jung_0002.jpg,/home/anitadonato/tcc/tcc/data/lfw/lfw-funneled/John_Paul_II/John_Paul_II_0003.jpg,0.2323576807975769,0
/home/anitadonato/tcc/tcc/data/lfw/lfw-funneled/Jean-Pierre_Raffarin/Jean-Pierre_Raffarin_0001.jpg,/home/anitadonato/tcc/tcc/data/lfw/lfw-funneled/Tiger_Woods/Tiger_Woods_0002.jpg,0.20350128412246704,0
/home/anitadonato/tcc/tcc/data/lfw/lfw-funneled/Arminio_Fraga/Arminio_Fraga_0004.jpg,/home/anitadonato/tcc/tcc/data/lfw/lfw-funneled/Jacques_Chirac/Jacques_Chirac_0002.jpg,0.17326337099075317,0
/home/anitadonato/tcc/tcc/data/lfw/lfw-funneled/Natalie_Maines/Natalie_Maines_0002.jpg,/home/anitadonato/tcc/tcc/data/lfw/lfw-funneled/Thaksin_Shinawatra/Thaksin_Shinawatra_0004.jpg,0.15029609203338623,0
/home/anitadonato/tcc/tcc/data/lfw/lfw-funneled/Natalie_Maines/Natalie_Maines_0001.jpg,/home/anitadonato/tcc/tcc/data/lfw/lfw-funneled/Jacques_Chirac/Jacques_Chirac_0005.jpg,0.1922641396522522,0
/home/anitadonato/tcc/tcc/data/lfw/lfw-funneled/Kalpana_Chawla/Kalpana_Chawla_0004.jpg,/home/anitadonato/tcc/tcc/data/lfw/lfw-funneled/Liza_Minnelli/Liza_Minnelli_0004.jpg,0.178305983543396,0
/home/anitadonato/tcc/tcc/data/lfw/lfw-funneled/Amelie_Mauresmo/Amelie_Mauresmo_0003.jpg,/home/anitadonato/tcc/tcc/data/lfw/lfw-funneled/John_Howard/John_Howard_0002.jpg,0.20713210105895996,0
/home/anitadonato/tcc/tcc/data/lfw/lfw-funneled/Cruz_Bustamante/Cruz_Bustamante_0001.jpg,/home/anitadonato/tcc/tcc/data/lfw/lfw-funneled/Trent_Lott/Trent_Lott_0005.jpg,0.1964983344078064,0
/home/anitadonato/tcc/tcc/data/lfw/lfw-funneled/Tom_Daschle/Tom_Daschle_0003.jpg,/home/anitadonato/tcc/tcc/data/lfw/lfw-funneled/Fujio_Cho/Fujio_Cho_0004.jpg,0.17020964622497559,0
/home/anitadonato/tcc/tcc/data/lfw/lfw-funneled/Jean-David_Levitte/Jean-David_Levitte_0002.jpg,/home/anitadonato/tcc/tcc/data/lfw/lfw-funneled/Richard_Gephardt/Richard_Gephardt_0003.jpg,0.2070866823196411,0
/home/anitadonato/tcc/tcc/data/lfw/lfw-funneled/Billy_Crystal/Billy_Crystal_0002.jpg,/home/anitadonato/tcc/tcc/data/lfw/lfw-funneled/Kalpana_Chawla/Kalpana_Chawla_0001.jpg,0.230538010597229,0
/home/anitadonato/tcc/tcc/data/lfw/lfw-funneled/Renee_Zellweger/Renee_Zellweger_0004.jpg,/home/anitadonato/tcc/tcc/data/lfw/lfw-funneled/Abdullah_Gul/Abdullah_Gul_0003.jpg,0.31264662742614746,0
/home/anitadonato/tcc/tcc/data/lfw/lfw-funneled/Tiger_Woods/Tiger_Woods_0003.jpg,/home/anitadonato/tcc/tcc/data/lfw/lfw-funneled/Fidel_Castro/Fidel_Castro_0005.jpg,0.2327072024345398,0
/home/anitadonato/tcc/tcc/data/lfw/lfw-funneled/Kate_Hudson/Kate_Hudson_0002.jpg,/home/anitadonato/tcc/tcc/data/lfw/lfw-funneled/Jan_Ullrich/Jan_Ullrich_0001.jpg,0.2442309856414795,0
/home/anitadonato/tcc/tcc/data/lfw/lfw-funneled/Rudolph_Giuliani/Rudolph_Giuliani_0004.jpg,/home/anitadonato/tcc/tcc/data/lfw/lfw-funneled/Condoleezza_Rice/Condoleezza_Rice_0005.jpg,0.3684457540512085,0
/home/anitadonato/tcc/tcc/data/lfw/lfw-funneled/Jennifer_Lopez/Jennifer_Lopez_0001.jpg,/home/anitadonato/tcc/tcc/data/lfw/lfw-funneled/Nancy_Pelosi/Nancy_Pelosi_0002.jpg,0.1928310990333557,0
/home/anitadonato/tcc/tcc/data/lfw/lfw-funneled/Tommy_Franks/Tommy_Franks_0001.jpg,/home/anitadonato/tcc/tcc/data/lfw/lfw-funneled/Mark_Hurlbert/Mark_Hurlbert_0005.jpg,0.22887694835662842,0
/home/anitadonato/tcc/tcc/data/lfw/lfw-funneled/Winona_Ryder/Winona_Ryder_0001.jpg,/home/anitadonato/tcc/tcc/data/lfw/lfw-funneled/Charlton_Heston/Charlton_Heston_0001.jpg,0.23346775770187378,0
/home/anitadonato/tcc/tcc/data/lfw/lfw-funneled/Robert_De_Niro/Robert_De_Niro_0004.jpg,/home/anitadonato/tcc/tcc/data/lfw/lfw-funneled/LeBron_James/LeBron_James_0002.jpg,0.21091020107269287,0
/home/anitadonato/tcc/tcc/data/lfw/lfw-funneled/Erika_Harold/Erika_Harold_0003.jpg,/home/anitadonato/tcc/tcc/data/lfw/lfw-funneled/Steve_Lavin/Steve_Lavin_0004.jpg,0.23572111129760742,0
/home/anitadonato/tcc/tcc/data/lfw/lfw-funneled/John_Stockton/John_Stockton_0001.jpg,/home/anitadonato/tcc/tcc/data/lfw/lfw-funneled/Jeremy_Greenstock/Jeremy_Greenstock_0004.jpg,0.23528510332107544,0
/home/anitadonato/tcc/tcc/data/lfw/lfw-funneled/Rudolph_Giuliani/Rudolph_Giuliani_0004.jpg,/home/anitadonato/tcc/tcc/data/lfw/lfw-funneled/Richard_Gere/Richard_Gere_0005.jpg,0.2293410301208496,0
/home/anitadonato/tcc/tcc/data/lfw/lfw-funneled/Li_Peng/Li_Peng_0004.jpg,/home/anitadonato/tcc/tcc/data/lfw/lfw-funneled/Michelle_Yeoh/Michelle_Yeoh_0002.jpg,0.23698806762695312,0
/home/anitadonato/tcc/tcc/data/lfw/lfw-funneled/Zhu_Rongji/Zhu_Rongji_0005.jpg,/home/anitadonato/tcc/tcc/data/lfw/lfw-funneled/Boris_Becker/Boris_Becker_0003.jpg,0.2937101721763611,0
/home/anitadonato/tcc/tcc/data/lfw/lfw-funneled/Halle_Berry/Halle_Berry_0004.jpg,/home/anitadonato/tcc/tcc/data/lfw/lfw-funneled/John_Stockton/John_Stockton_0003.jpg,0.23437005281448364,0
/home/anitadonato/tcc/tcc/data/lfw/lfw-funneled/Denzel_Washington/Denzel_Washington_0002.jpg,/home/anitadonato/tcc/tcc/data/lfw/lfw-funneled/Carmen_Electra/Carmen_Electra_0001.jpg,0.2144237756729126,0
/home/anitadonato/tcc/tcc/data/lfw/lfw-funneled/John_Travolta/John_Travolta_0004.jpg,/home/anitadonato/tcc/tcc/data/lfw/lfw-funneled/Jennifer_Lopez/Jennifer_Lopez_0003.jpg,0.16814851760864258,0
/home/anitadonato/tcc/tcc/data/lfw/lfw-funneled/Roger_Federer/Roger_Federer_0003.jpg,/home/anitadonato/tcc/tcc/data/lfw/lfw-funneled/Michelle_Yeoh/Michelle_Yeoh_0004.jpg,0.22159045934677124,0
/home/anitadonato/tcc/tcc/data/lfw/lfw-funneled/Richard_Myers/Richard_Myers_0005.jpg,/home/anitadonato/tcc/tcc/data/lfw/lfw-funneled/Princess_Caroline/Princess_Caroline_0004.jpg,0.15900272130966187,0
/home/anitadonato/tcc/tcc/data/lfw/lfw-funneled/John_Stockton/John_Stockton_0001.jpg,/home/anitadonato/tcc/tcc/data/lfw/lfw-funneled/Boris_Becker/Boris_Becker_0005.jpg,0.2186206579208374,0
/home/anitadonato/tcc/tcc/data/lfw/lfw-funneled/Hans_Blix/Hans_Blix_0005.jpg,/home/anitadonato/tcc/tcc/data/lfw/lfw-funneled/Princess_Caroline/Princess_Caroline_0002.jpg,0.24956178665161133,0
/home/anitadonato/tcc/tcc/data/lfw/lfw-funneled/Halle_Berry/Halle_Berry_0001.jpg,/home/anitadonato/tcc/tcc/data/lfw/lfw-funneled/Andre_Agassi/Andre_Agassi_0005.jpg,0.23417526483535767,0
/home/anitadonato/tcc/tcc/data/lfw/lfw-funneled/George_Lopez/George_Lopez_0005.jpg,/home/anitadonato/tcc/tcc/data/lfw/lfw-funneled/Joe_Lieberman/Joe_Lieberman_0004.jpg,0.22554779052734375,0
/home/anitadonato/tcc/tcc/data/lfw/lfw-funneled/Kristanna_Loken/Kristanna_Loken_0002.jpg,/home/anitadonato/tcc/tcc/data/lfw/lfw-funneled/Carmen_Electra/Carmen_Electra_0005.jpg,0.17368406057357788,0
/home/anitadonato/tcc/tcc/data/lfw/lfw-funneled/Britney_Spears/Britney_Spears_0004.jpg,/home/anitadonato/tcc/tcc/data/lfw/lfw-funneled/Halle_Berry/Halle_Berry_0003.jpg,0.19423800706863403,0
/home/anitadonato/tcc/tcc/data/lfw/lfw-funneled/Sharon_Stone/Sharon_Stone_0005.jpg,/home/anitadonato/tcc/tcc/data/lfw/lfw-funneled/Natalie_Coughlin/Natalie_Coughlin_0001.jpg,0.21364009380340576,0
/home/anitadonato/tcc/tcc/data/lfw/lfw-funneled/Yoko_Ono/Yoko_Ono_0002.jpg,/home/anitadonato/tcc/tcc/data/lfw/lfw-funneled/Paul_Burrell/Paul_Burrell_0001.jpg,0.2730630040168762,0
/home/anitadonato/tcc/tcc/data/lfw/lfw-funneled/Hal_Gehman/Hal_Gehman_0004.jpg,/home/anitadonato/tcc/tcc/data/lfw/lfw-funneled/Robert_De_Niro/Robert_De_Niro_0002.jpg,0.19147604703903198,0
/home/anitadonato/tcc/tcc/data/lfw/lfw-funneled/Elizabeth_Smart/Elizabeth_Smart_0005.jpg,/home/anitadonato/tcc/tcc/data/lfw/lfw-funneled/Thaksin_Shinawatra/Thaksin_Shinawatra_0004.jpg,0.21114152669906616,0
/home/anitadonato/tcc/tcc/data/lfw/lfw-funneled/Kurt_Warner/Kurt_Warner_0005.jpg,/home/anitadonato/tcc/tcc/data/lfw/lfw-funneled/Christine_Baumgartner/Christine_Baumgartner_0005.jpg,0.18500709533691406,0
/home/anitadonato/tcc/tcc/data/lfw/lfw-funneled/Angela_Merkel/Angela_Merkel_0003.jpg,/home/anitadonato/tcc/tcc/data/lfw/lfw-funneled/Paul_ONeill/Paul_ONeill_0001.jpg,0.1523628830909729,0
/home/anitadonato/tcc/tcc/data/lfw/lfw-funneled/Hans_Blix/Hans_Blix_0005.jpg,/home/anitadonato/tcc/tcc/data/lfw/lfw-funneled/John_Negroponte/John_Negroponte_0001.jpg,0.22193008661270142,0
/home/anitadonato/tcc/tcc/data/lfw/lfw-funneled/Tiger_Woods/Tiger_Woods_0004.jpg,/home/anitadonato/tcc/tcc/data/lfw/lfw-funneled/Liza_Minnelli/Liza_Minnelli_0001.jpg,0.30192703008651733,0
/home/anitadonato/tcc/tcc/data/lfw/lfw-funneled/Paradorn_Srichaphan/Paradorn_Srichaphan_0001.jpg,/home/anitadonato/tcc/tcc/data/lfw/lfw-funneled/Jean-David_Levitte/Jean-David_Levitte_0003.jpg,0.15196609497070312,0
/home/anitadonato/tcc/tcc/data/lfw/lfw-funneled/Steve_Lavin/Steve_Lavin_0004.jpg,/home/anitadonato/tcc/tcc/data/lfw/lfw-funneled/Jean_Chretien/Jean_Chretien_0003.jpg,0.15176022052764893,0
/home/anitadonato/tcc/tcc/data/lfw/lfw-funneled/John_Travolta/John_Travolta_0001.jpg,/home/anitadonato/tcc/tcc/data/lfw/lfw-funneled/Rudolph_Giuliani/Rudolph_Giuliani_0003.jpg,0.25414973497390747,0
/home/anitadonato/tcc/tcc/data/lfw/lfw-funneled/Frank_Solich/Frank_Solich_0005.jpg,/home/anitadonato/tcc/tcc/data/lfw/lfw-funneled/Cesar_Gaviria/Cesar_Gaviria_0001.jpg,0.2148686647415161,0
/home/anitadonato/tcc/tcc/data/lfw/lfw-funneled/Elizabeth_Smart/Elizabeth_Smart_0002.jpg,/home/anitadonato/tcc/tcc/data/lfw/lfw-funneled/Rob_Marshall/Rob_Marshall_0005.jpg,0.2608897089958191,0
/home/anitadonato/tcc/tcc/data/lfw/lfw-funneled/Arminio_Fraga/Arminio_Fraga_0002.jpg,/home/anitadonato/tcc/tcc/data/lfw/lfw-funneled/Joe_Lieberman/Joe_Lieberman_0005.jpg,0.2588978409767151,0
/home/anitadonato/tcc/tcc/data/lfw/lfw-funneled/Kurt_Warner/Kurt_Warner_0005.jpg,/home/anitadonato/tcc/tcc/data/lfw/lfw-funneled/Norm_Coleman/Norm_Coleman_0002.jpg,0.2521750330924988,0
/home/anitadonato/tcc/tcc/data/lfw/lfw-funneled/Steve_Lavin/Steve_Lavin_0005.jpg,/home/anitadonato/tcc/tcc/data/lfw/lfw-funneled/Gerhard_Schroeder/Gerhard_Schroeder_0004.jpg,0.19883543252944946,0
/home/anitadonato/tcc/tcc/data/lfw/lfw-funneled/Gerhard_Schroeder/Gerhard_Schroeder_0005.jpg,/home/anitadonato/tcc/tcc/data/lfw/lfw-funneled/Robert_De_Niro/Robert_De_Niro_0003.jpg,0.16334158182144165,0
/home/anitadonato/tcc/tcc/data/lfw/lfw-funneled/Michael_Chiklis/Michael_Chiklis_0004.jpg,/home/anitadonato/tcc/tcc/data/lfw/lfw-funneled/Mike_Weir/Mike_Weir_0001.jpg,0.22359699010849,0
/home/anitadonato/tcc/tcc/data/lfw/lfw-funneled/Fidel_Castro/Fidel_Castro_0005.jpg,/home/anitadonato/tcc/tcc/data/lfw/lfw-funneled/John_Paul_II/John_Paul_II_0004.jpg,0.22565960884094238,0
/home/anitadonato/tcc/tcc/data/lfw/lfw-funneled/Antonio_Banderas/Antonio_Banderas_0002.jpg,/home/anitadonato/tcc/tcc/data/lfw/lfw-funneled/Winona_Ryder/Winona_Ryder_0005.jpg,0.305128812789917,0
/home/anitadonato/tcc/tcc/data/lfw/lfw-funneled/Denzel_Washington/Denzel_Washington_0003.jpg,/home/anitadonato/tcc/tcc/data/lfw/lfw-funneled/Susan_Sarandon/Susan_Sarandon_0003.jpg,0.13418829441070557,0
/home/anitadonato/tcc/tcc/data/lfw/lfw-funneled/Al_Sharpton/Al_Sharpton_0003.jpg,/home/anitadonato/tcc/tcc/data/lfw/lfw-funneled/Robert_Blake/Robert_Blake_0004.jpg,0.18806570768356323,0
/home/anitadonato/tcc/tcc/data/lfw/lfw-funneled/Sylvester_Stallone/Sylvester_Stallone_0004.jpg,/home/anitadonato/tcc/tcc/data/lfw/lfw-funneled/Abdullah_Gul/Abdullah_Gul_0003.jpg,0.24739688634872437,0
/home/anitadonato/tcc/tcc/data/lfw/lfw-funneled/Cameron_Diaz/Cameron_Diaz_0005.jpg,/home/anitadonato/tcc/tcc/data/lfw/lfw-funneled/Queen_Rania/Queen_Rania_0005.jpg,0.22570860385894775,0
/home/anitadonato/tcc/tcc/data/lfw/lfw-funneled/Mike_Myers/Mike_Myers_0005.jpg,/home/anitadonato/tcc/tcc/data/lfw/lfw-funneled/Tony_Blair/Tony_Blair_0003.jpg,0.19655728340148926,0
/home/anitadonato/tcc/tcc/data/lfw/lfw-funneled/Salma_Hayek/Salma_Hayek_0004.jpg,/home/anitadonato/tcc/tcc/data/lfw/lfw-funneled/Gonzalo_Sanchez_de_Lozada/Gonzalo_Sanchez_de_Lozada_0004.jpg,0.25756144523620605,0
/home/anitadonato/tcc/tcc/data/lfw/lfw-funneled/Richard_Myers/Richard_Myers_0001.jpg,/home/anitadonato/tcc/tcc/data/lfw/lfw-funneled/Rob_Marshall/Rob_Marshall_0003.jpg,0.207622230052948,0
/home/anitadonato/tcc/tcc/data/lfw/lfw-funneled/Martin_Scorsese/Martin_Scorsese_0005.jpg,/home/anitadonato/tcc/tcc/data/lfw/lfw-funneled/Heidi_Klum/Heidi_Klum_0002.jpg,0.25956106185913086,0
/home/anitadonato/tcc/tcc/data/lfw/lfw-funneled/John_Ashcroft/John_Ashcroft_0003.jpg,/home/anitadonato/tcc/tcc/data/lfw/lfw-funneled/Carlos_Moya/Carlos_Moya_0002.jpg,0.275684654712677,0
/home/anitadonato/tcc/tcc/data/lfw/lfw-funneled/Mike_Myers/Mike_Myers_0001.jpg,/home/anitadonato/tcc/tcc/data/lfw/lfw-funneled/Jiri_Novak/Jiri_Novak_0003.jpg,0.2623631954193115,0
/home/anitadonato/tcc/tcc/data/lfw/lfw-funneled/Carmen_Electra/Carmen_Electra_0005.jpg,/home/anitadonato/tcc/tcc/data/lfw/lfw-funneled/Carlos_Menem/Carlos_Menem_0005.jpg,0.17166626453399658,0
/home/anitadonato/tcc/tcc/data/lfw/lfw-funneled/Silvio_Berlusconi/Silvio_Berlusconi_0001.jpg,/home/anitadonato/tcc/tcc/data/lfw/lfw-funneled/Jennifer_Lopez/Jennifer_Lopez_0001.jpg,0.23293131589889526,0
/home/anitadonato/tcc/tcc/data/lfw/lfw-funneled/Roger_Federer/Roger_Federer_0005.jpg,/home/anitadonato/tcc/tcc/data/lfw/lfw-funneled/Hans_Blix/Hans_Blix_0002.jpg,0.25941336154937744,0
/home/anitadonato/tcc/tcc/data/lfw/lfw-funneled/Ian_Thorpe/Ian_Thorpe_0003.jpg,/home/anitadonato/tcc/tcc/data/lfw/lfw-funneled/Benjamin_Netanyahu/Benjamin_Netanyahu_0001.jpg,0.1872808337211609,0
/home/anitadonato/tcc/tcc/data/lfw/lfw-funneled/Silvio_Berlusconi/Silvio_Berlusconi_0005.jpg,/home/anitadonato/tcc/tcc/data/lfw/lfw-funneled/Juan_Carlos_Ferrero/Juan_Carlos_Ferrero_0002.jpg,0.2449684739112854,0
/home/anitadonato/tcc/tcc/data/lfw/lfw-funneled/John_Stockton/John_Stockton_0003.jpg,/home/anitadonato/tcc/tcc/data/lfw/lfw-funneled/Frank_Solich/Frank_Solich_0004.jpg,0.1856396198272705,0
/home/anitadonato/tcc/tcc/data/lfw/lfw-funneled/Woody_Allen/Woody_Allen_0005.jpg,/home/anitadonato/tcc/tcc/data/lfw/lfw-funneled/Richard_Gere/Richard_Gere_0001.jpg,0.21275091171264648,0
/home/anitadonato/tcc/tcc/data/lfw/lfw-funneled/Martin_Scorsese/Martin_Scorsese_0003.jpg,/home/anitadonato/tcc/tcc/data/lfw/lfw-funneled/Maria_Soledad_Alvear_Valenzuela/Maria_Soledad_Alvear_Valenzuela_0001.jpg,0.31499183177948,0
/home/anitadonato/tcc/tcc/data/lfw/lfw-funneled/John_Stockton/John_Stockton_0004.jpg,/home/anitadonato/tcc/tcc/data/lfw/lfw-funneled/Kofi_Annan/Kofi_Annan_0001.jpg,0.1806865930557251,0
/home/anitadonato/tcc/tcc/data/lfw/lfw-funneled/Michael_Powell/Michael_Powell_0003.jpg,/home/anitadonato/tcc/tcc/data/lfw/lfw-funneled/Paul_Martin/Paul_Martin_0003.jpg,0.1928647756576538,0
/home/anitadonato/tcc/tcc/data/lfw/lfw-funneled/Lindsay_Davenport/Lindsay_Davenport_0001.jpg,/home/anitadonato/tcc/tcc/data/lfw/lfw-funneled/Nia_Vardalos/Nia_Vardalos_0002.jpg,0.186223566532135,0
/home/anitadonato/tcc/tcc/data/lfw/lfw-funneled/Gerhard_Schroeder/Gerhard_Schroeder_0005.jpg,/home/anitadonato/tcc/tcc/data/lfw/lfw-funneled/Paul_McCartney/Paul_McCartney_0001.jpg,0.19032049179077148,0
/home/anitadonato/tcc/tcc/data/lfw/lfw-funneled/Abdullah_Gul/Abdullah_Gul_0004.jpg,/home/anitadonato/tcc/tcc/data/lfw/lfw-funneled/Michael_Powell/Michael_Powell_0001.jpg,0.22609293460845947,0
/home/anitadonato/tcc/tcc/data/lfw/lfw-funneled/David_Anderson/David_Anderson_0001.jpg,/home/anitadonato/tcc/tcc/data/lfw/lfw-funneled/Atal_Bihari_Vajpayee/Atal_Bihari_Vajpayee_0003.jpg,0.2380247712135315,0
/home/anitadonato/tcc/tcc/data/lfw/lfw-funneled/Michelle_Yeoh/Michelle_Yeoh_0002.jpg,/home/anitadonato/tcc/tcc/data/lfw/lfw-funneled/Tom_Cruise/Tom_Cruise_0003.jpg,0.22123807668685913,0
/home/anitadonato/tcc/tcc/data/lfw/lfw-funneled/Mohammed_Al-Douri/Mohammed_Al-Douri_0004.jpg,/home/anitadonato/tcc/tcc/data/lfw/lfw-funneled/Michael_Chiklis/Michael_Chiklis_0004.jpg,0.17334473133087158,0
/home/anitadonato/tcc/tcc/data/lfw/lfw-funneled/Yasser_Arafat/Yasser_Arafat_0005.jpg,/home/anitadonato/tcc/tcc/data/lfw/lfw-funneled/Martin_Scorsese/Martin_Scorsese_0005.jpg,0.26898473501205444,0
/home/anitadonato/tcc/tcc/data/lfw/lfw-funneled/Walter_Mondale/Walter_Mondale_0002.jpg,/home/anitadonato/tcc/tcc/data/lfw/lfw-funneled/Sergey_Lavrov/Sergey_Lavrov_0003.jpg,0.20954221487045288,0
/home/anitadonato/tcc/tcc/data/lfw/lfw-funneled/Matthew_Perry/Matthew_Perry_0005.jpg,/home/anitadonato/tcc/tcc/data/lfw/lfw-funneled/Pamela_Anderson/Pamela_Anderson_0001.jpg,0.15721505880355835,0
/home/anitadonato/tcc/tcc/data/lfw/lfw-funneled/Al_Sharpton/Al_Sharpton_0003.jpg,/home/anitadonato/tcc/tcc/data/lfw/lfw-funneled/Juan_Carlos_Ferrero/Juan_Carlos_Ferrero_0001.jpg,0.20012766122817993,0
/home/anitadonato/tcc/tcc/data/lfw/lfw-funneled/Juan_Carlos_Ferrero/Juan_Carlos_Ferrero_0004.jpg,/home/anitadonato/tcc/tcc/data/lfw/lfw-funneled/Bob_Graham/Bob_Graham_0002.jpg,0.16350913047790527,0
/home/anitadonato/tcc/tcc/data/lfw/lfw-funneled/Sylvester_Stallone/Sylvester_Stallone_0004.jpg,/home/anitadonato/tcc/tcc/data/lfw/lfw-funneled/Hillary_Clinton/Hillary_Clinton_0005.jpg,0.1787959337234497,0
/home/anitadonato/tcc/tcc/data/lfw/lfw-funneled/Pervez_Musharraf/Pervez_Musharraf_0004.jpg,/home/anitadonato/tcc/tcc/data/lfw/lfw-funneled/Richard_Gere/Richard_Gere_0005.jpg,0.24657082557678223,0
/home/anitadonato/tcc/tcc/data/lfw/lfw-funneled/Pervez_Musharraf/Pervez_Musharraf_0005.jpg,/home/anitadonato/tcc/tcc/data/lfw/lfw-funneled/Roh_Moo-hyun/Roh_Moo-hyun_0005.jpg,0.3169825077056885,0
/home/anitadonato/tcc/tcc/data/lfw/lfw-funneled/Norm_Coleman/Norm_Coleman_0001.jpg,/home/anitadonato/tcc/tcc/data/lfw/lfw-funneled/John_Allen_Muhammad/John_Allen_Muhammad_0003.jpg,0.2011895775794983,0
/home/anitadonato/tcc/tcc/data/lfw/lfw-funneled/Princess_Caroline/Princess_Caroline_0003.jpg,/home/anitadonato/tcc/tcc/data/lfw/lfw-funneled/Jose_Maria_Aznar/Jose_Maria_Aznar_0005.jpg,0.20440560579299927,0
/home/anitadonato/tcc/tcc/data/lfw/lfw-funneled/Pedro_Malan/Pedro_Malan_0004.jpg,/home/anitadonato/tcc/tcc/data/lfw/lfw-funneled/Sharon_Stone/Sharon_Stone_0004.jpg,0.18457645177841187,0
/home/anitadonato/tcc/tcc/data/lfw/lfw-funneled/Hans_Blix/Hans_Blix_0002.jpg,/home/anitadonato/tcc/tcc/data/lfw/lfw-funneled/Yashwant_Sinha/Yashwant_Sinha_0003.jpg,0.14022338390350342,0
/home/anitadonato/tcc/tcc/data/lfw/lfw-funneled/Mike_Martz/Mike_Martz_0001.jpg,/home/anitadonato/tcc/tcc/data/lfw/lfw-funneled/Martin_Scorsese/Martin_Scorsese_0003.jpg,0.19428741931915283,0
/home/anitadonato/tcc/tcc/data/lfw/lfw-funneled/Jennifer_Capriati/Jennifer_Capriati_0005.jpg,/home/anitadonato/tcc/tcc/data/lfw/lfw-funneled/Yashwant_Sinha/Yashwant_Sinha_0004.jpg,0.21559184789657593,0
/home/anitadonato/tcc/tcc/data/lfw/lfw-funneled/Nicanor_Duarte_Frutos/Nicanor_Duarte_Frutos_0004.jpg,/home/anitadonato/tcc/tcc/data/lfw/lfw-funneled/Sergey_Lavrov/Sergey_Lavrov_0001.jpg,0.20833951234817505,0
/home/anitadonato/tcc/tcc/data/lfw/lfw-funneled/Ian_Thorpe/Ian_Thorpe_0003.jpg,/home/anitadonato/tcc/tcc/data/lfw/lfw-funneled/Hal_Gehman/Hal_Gehman_0002.jpg,0.21963191032409668,0
/home/anitadonato/tcc/tcc/data/lfw/lfw-funneled/Bill_McBride/Bill_McBride_0001.jpg,/home/anitadonato/tcc/tcc/data/lfw/lfw-funneled/Trent_Lott/Trent_Lott_0001.jpg,0.1584450602531433,0
/home/anitadonato/tcc/tcc/data/lfw/lfw-funneled/Robert_Zoellick/Robert_Zoellick_0002.jpg,/home/anitadonato/tcc/tcc/data/lfw/lfw-funneled/Billy_Crystal/Billy_Crystal_0005.jpg,0.16957873106002808,0
/home/anitadonato/tcc/tcc/data/lfw/lfw-funneled/Sergey_Lavrov/Sergey_Lavrov_0001.jpg,/home/anitadonato/tcc/tcc/data/lfw/lfw-funneled/Thabo_Mbeki/Thabo_Mbeki_0003.jpg,0.1846659779548645,0
/home/anitadonato/tcc/tcc/data/lfw/lfw-funneled/Hosni_Mubarak/Hosni_Mubarak_0003.jpg,/home/anitadonato/tcc/tcc/data/lfw/lfw-funneled/Sharon_Stone/Sharon_Stone_0004.jpg,0.2263389229774475,0
/home/anitadonato/tcc/tcc/data/lfw/lfw-funneled/Kim_Dae-jung/Kim_Dae-jung_0003.jpg,/home/anitadonato/tcc/tcc/data/lfw/lfw-funneled/Goldie_Hawn/Goldie_Hawn_0002.jpg,0.27507472038269043,0
/home/anitadonato/tcc/tcc/data/lfw/lfw-funneled/Robert_Zoellick/Robert_Zoellick_0002.jpg,/home/anitadonato/tcc/tcc/data/lfw/lfw-funneled/Ludivine_Sagnier/Ludivine_Sagnier_0002.jpg,0.15804308652877808,0
/home/anitadonato/tcc/tcc/data/lfw/lfw-funneled/Grant_Hackett/Grant_Hackett_0003.jpg,/home/anitadonato/tcc/tcc/data/lfw/lfw-funneled/Tom_Daschle/Tom_Daschle_0005.jpg,0.1901019811630249,0
/home/anitadonato/tcc/tcc/data/lfw/lfw-funneled/Sheryl_Crow/Sheryl_Crow_0002.jpg,/home/anitadonato/tcc/tcc/data/lfw/lfw-funneled/Nicanor_Duarte_Frutos/Nicanor_Duarte_Frutos_0001.jpg,0.19142544269561768,0
/home/anitadonato/tcc/tcc/data/lfw/lfw-funneled/Tony_Blair/Tony_Blair_0005.jpg,/home/anitadonato/tcc/tcc/data/lfw/lfw-funneled/Russell_Simmons/Russell_Simmons_0001.jpg,0.2214096188545227,0
/home/anitadonato/tcc/tcc/data/lfw/lfw-funneled/Benjamin_Netanyahu/Benjamin_Netanyahu_0001.jpg,/home/anitadonato/tcc/tcc/data/lfw/lfw-funneled/Jennifer_Capriati/Jennifer_Capriati_0003.jpg,0.16590029001235962,0
/home/anitadonato/tcc/tcc/data/lfw/lfw-funneled/Hal_Gehman/Hal_Gehman_0005.jpg,/home/anitadonato/tcc/tcc/data/lfw/lfw-funneled/Luis_Horna/Luis_Horna_0003.jpg,0.2152254581451416,0
/home/anitadonato/tcc/tcc/data/lfw/lfw-funneled/Billy_Crystal/Billy_Crystal_0001.jpg,/home/anitadonato/tcc/tcc/data/lfw/lfw-funneled/Paradorn_Srichaphan/Paradorn_Srichaphan_0001.jpg,0.13688290119171143,0
/home/anitadonato/tcc/tcc/data/lfw/lfw-funneled/George_Lopez/George_Lopez_0003.jpg,/home/anitadonato/tcc/tcc/data/lfw/lfw-funneled/Tung_Chee-hwa/Tung_Chee-hwa_0003.jpg,0.23414689302444458,0
/home/anitadonato/tcc/tcc/data/lfw/lfw-funneled/Robert_De_Niro/Robert_De_Niro_0003.jpg,/home/anitadonato/tcc/tcc/data/lfw/lfw-funneled/Heidi_Klum/Heidi_Klum_0004.jpg,0.16062861680984497,0
/home/anitadonato/tcc/tcc/data/lfw/lfw-funneled/Ian_Thorpe/Ian_Thorpe_0005.jpg,/home/anitadonato/tcc/tcc/data/lfw/lfw-funneled/Jean-Pierre_Raffarin/Jean-Pierre_Raffarin_0001.jpg,0.17699939012527466,0
/home/anitadonato/tcc/tcc/data/lfw/lfw-funneled/Jiri_Novak/Jiri_Novak_0005.jpg,/home/anitadonato/tcc/tcc/data/lfw/lfw-funneled/Richard_Gere/Richard_Gere_0005.jpg,0.22735577821731567,0
/home/anitadonato/tcc/tcc/data/lfw/lfw-funneled/Pedro_Malan/Pedro_Malan_0002.jpg,/home/anitadonato/tcc/tcc/data/lfw/lfw-funneled/Boris_Becker/Boris_Becker_0005.jpg,0.22555196285247803,0
/home/anitadonato/tcc/tcc/data/lfw/lfw-funneled/Mike_Weir/Mike_Weir_0001.jpg,/home/anitadonato/tcc/tcc/data/lfw/lfw-funneled/Roh_Moo-hyun/Roh_Moo-hyun_0001.jpg,0.1863507628440857,0
/home/anitadonato/tcc/tcc/data/lfw/lfw-funneled/Norm_Coleman/Norm_Coleman_0003.jpg,/home/anitadonato/tcc/tcc/data/lfw/lfw-funneled/John_Travolta/John_Travolta_0003.jpg,0.21086108684539795,0
/home/anitadonato/tcc/tcc/data/lfw/lfw-funneled/Christine_Baumgartner/Christine_Baumgartner_0002.jpg,/home/anitadonato/tcc/tcc/data/lfw/lfw-funneled/Walter_Mondale/Walter_Mondale_0001.jpg,0.2155928611755371,0
/home/anitadonato/tcc/tcc/data/lfw/lfw-funneled/Mike_Martz/Mike_Martz_0003.jpg,/home/anitadonato/tcc/tcc/data/lfw/lfw-funneled/Maria_Shriver/Maria_Shriver_0003.jpg,0.19958710670471191,0
/home/anitadonato/tcc/tcc/data/lfw/lfw-funneled/John_Manley/John_Manley_0002.jpg,/home/anitadonato/tcc/tcc/data/lfw/lfw-funneled/John_Ashcroft/John_Ashcroft_0005.jpg,0.19780999422073364,0
/home/anitadonato/tcc/tcc/data/lfw/lfw-funneled/Sourav_Ganguly/Sourav_Ganguly_0003.jpg,/home/anitadonato/tcc/tcc/data/lfw/lfw-funneled/Kevin_Costner/Kevin_Costner_0004.jpg,0.17139852046966553,0
/home/anitadonato/tcc/tcc/data/lfw/lfw-funneled/Christine_Todd_Whitman/Christine_Todd_Whitman_0003.jpg,/home/anitadonato/tcc/tcc/data/lfw/lfw-funneled/Steve_Lavin/Steve_Lavin_0002.jpg,0.18167603015899658,0
/home/anitadonato/tcc/tcc/data/lfw/lfw-funneled/Wayne_Ferreira/Wayne_Ferreira_0004.jpg,/home/anitadonato/tcc/tcc/data/lfw/lfw-funneled/David_Trimble/David_Trimble_0002.jpg,0.17980802059173584,0
/home/anitadonato/tcc/tcc/data/lfw/lfw-funneled/Pedro_Malan/Pedro_Malan_0004.jpg,/home/anitadonato/tcc/tcc/data/lfw/lfw-funneled/Trent_Lott/Trent_Lott_0005.jpg,0.1980850100517273,0
/home/anitadonato/tcc/tcc/data/lfw/lfw-funneled/Catherine_Zeta-Jones/Catherine_Zeta-Jones_0002.jpg,/home/anitadonato/tcc/tcc/data/lfw/lfw-funneled/JK_Rowling/JK_Rowling_0004.jpg,0.2448481321334839,0
/home/anitadonato/tcc/tcc/data/lfw/lfw-funneled/Queen_Rania/Queen_Rania_0002.jpg,/home/anitadonato/tcc/tcc/data/lfw/lfw-funneled/Silvio_Berlusconi/Silvio_Berlusconi_0004.jpg,0.27174049615859985,0
/home/anitadonato/tcc/tcc/data/lfw/lfw-funneled/John_Howard/John_Howard_0003.jpg,/home/anitadonato/tcc/tcc/data/lfw/lfw-funneled/Megawati_Sukarnoputri/Megawati_Sukarnoputri_0004.jpg,0.15836948156356812,0
/home/anitadonato/tcc/tcc/data/lfw/lfw-funneled/Michelle_Yeoh/Michelle_Yeoh_0002.jpg,/home/anitadonato/tcc/tcc/data/lfw/lfw-funneled/Paul_Burrell/Paul_Burrell_0002.jpg,0.24189162254333496,0
/home/anitadonato/tcc/tcc/data/lfw/lfw-funneled/Condoleezza_Rice/Condoleezza_Rice_0002.jpg,/home/anitadonato/tcc/tcc/data/lfw/lfw-funneled/Michelle_Yeoh/Michelle_Yeoh_0002.jpg,0.25674349069595337,0
/home/anitadonato/tcc/tcc/data/lfw/lfw-funneled/John_Howard/John_Howard_0005.jpg,/home/anitadonato/tcc/tcc/data/lfw/lfw-funneled/Martha_Stewart/Martha_Stewart_0002.jpg,0.20714467763900757,0
/home/anitadonato/tcc/tcc/data/lfw/lfw-funneled/Jose_Maria_Aznar/Jose_Maria_Aznar_0002.jpg,/home/anitadonato/tcc/tcc/data/lfw/lfw-funneled/Jacques_Chirac/Jacques_Chirac_0005.jpg,0.1536463499069214,0
/home/anitadonato/tcc/tcc/data/lfw/lfw-funneled/Tommy_Franks/Tommy_Franks_0001.jpg,/home/anitadonato/tcc/tcc/data/lfw/lfw-funneled/Erika_Harold/Erika_Harold_0005.jpg,0.25558531284332275,0
/home/anitadonato/tcc/tcc/data/lfw/lfw-funneled/John_Snow/John_Snow_0001.jpg,/home/anitadonato/tcc/tcc/data/lfw/lfw-funneled/Andre_Agassi/Andre_Agassi_0002.jpg,0.2597953677177429,0
/home/anitadonato/tcc/tcc/data/lfw/lfw-funneled/Erika_Harold/Erika_Harold_0001.jpg,/home/anitadonato/tcc/tcc/data/lfw/lfw-funneled/Sergey_Lavrov/Sergey_Lavrov_0003.jpg,0.17908227443695068,0
/home/anitadonato/tcc/tcc/data/lfw/lfw-funneled/Fernando_Gonzalez/Fernando_Gonzalez_0004.jpg,/home/anitadonato/tcc/tcc/data/lfw/lfw-funneled/John_Ashcroft/John_Ashcroft_0003.jpg,0.23754286766052246,0
/home/anitadonato/tcc/tcc/data/lfw/lfw-funneled/Wayne_Ferreira/Wayne_Ferreira_0002.jpg,/home/anitadonato/tcc/tcc/data/lfw/lfw-funneled/Michael_Powell/Michael_Powell_0001.jpg,0.21032476425170898,0
/home/anitadonato/tcc/tcc/data/lfw/lfw-funneled/Paul_Burrell/Paul_Burrell_0001.jpg,/home/anitadonato/tcc/tcc/data/lfw/lfw-funneled/Boris_Becker/Boris_Becker_0005.jpg,0.2050352692604065,0
/home/anitadonato/tcc/tcc/data/lfw/lfw-funneled/Michael_Schumacher/Michael_Schumacher_0005.jpg,/home/anitadonato/tcc/tcc/data/lfw/lfw-funneled/George_HW_Bush/George_HW_Bush_0005.jpg,0.22921764850616455,0
/home/anitadonato/tcc/tcc/data/lfw/lfw-funneled/JK_Rowling/JK_Rowling_0005.jpg,/home/anitadonato/tcc/tcc/data/lfw/lfw-funneled/Ian_Thorpe/Ian_Thorpe_0002.jpg,0.19315695762634277,0
/home/anitadonato/tcc/tcc/data/lfw/lfw-funneled/Ian_Thorpe/Ian_Thorpe_0001.jpg,/home/anitadonato/tcc/tcc/data/lfw/lfw-funneled/Maria_Shriver/Maria_Shriver_0003.jpg,0.2339302897453308,0
/home/anitadonato/tcc/tcc/data/lfw/lfw-funneled/George_Robertson/George_Robertson_0004.jpg,/home/anitadonato/tcc/tcc/data/lfw/lfw-funneled/Martha_Stewart/Martha_Stewart_0002.jpg,0.2684208154678345,0
/home/anitadonato/tcc/tcc/data/lfw/lfw-funneled/Bob_Graham/Bob_Graham_0004.jpg,/home/anitadonato/tcc/tcc/data/lfw/lfw-funneled/Megawati_Sukarnoputri/Megawati_Sukarnoputri_0003.jpg,0.300780713558197,0
/home/anitadonato/tcc/tcc/data/lfw/lfw-funneled/Boris_Becker/Boris_Becker_0004.jpg,/home/anitadonato/tcc/tcc/data/lfw/lfw-funneled/George_Lopez/George_Lopez_0004.jpg,0.15552759170532227,0
/home/anitadonato/tcc/tcc/data/lfw/lfw-funneled/Ai_Sugiyama/Ai_Sugiyama_0002.jpg,/home/anitadonato/tcc/tcc/data/lfw/lfw-funneled/Colin_Powell/Colin_Powell_0002.jpg,0.19755417108535767,0
/home/anitadonato/tcc/tcc/data/lfw/lfw-funneled/Thaksin_Shinawatra/Thaksin_Shinawatra_0001.jpg,/home/anitadonato/tcc/tcc/data/lfw/lfw-funneled/Ben_Affleck/Ben_Affleck_0003.jpg,0.26112455129623413,0
/home/anitadonato/tcc/tcc/data/lfw/lfw-funneled/Fernando_Gonzalez/Fernando_Gonzalez_0002.jpg,/home/anitadonato/tcc/tcc/data/lfw/lfw-funneled/John_Negroponte/John_Negroponte_0002.jpg,0.24893224239349365,0
/home/anitadonato/tcc/tcc/data/lfw/lfw-funneled/Ana_Palacio/Ana_Palacio_0004.jpg,/home/anitadonato/tcc/tcc/data/lfw/lfw-funneled/Vladimir_Putin/Vladimir_Putin_0005.jpg,0.22490185499191284,0
/home/anitadonato/tcc/tcc/data/lfw/lfw-funneled/Christine_Baumgartner/Christine_Baumgartner_0003.jpg,/home/anitadonato/tcc/tcc/data/lfw/lfw-funneled/Martha_Stewart/Martha_Stewart_0004.jpg,0.2604302763938904,0
/home/anitadonato/tcc/tcc/data/lfw/lfw-funneled/Norm_Coleman/Norm_Coleman_0004.jpg,/home/anitadonato/tcc/tcc/data/lfw/lfw-funneled/Martin_McGuinness/Martin_McGuinness_0001.jpg,0.27471262216567993,0
/home/anitadonato/tcc/tcc/data/lfw/lfw-funneled/Cameron_Diaz/Cameron_Diaz_0004.jpg,/home/anitadonato/tcc/tcc/data/lfw/lfw-funneled/Natalie_Maines/Natalie_Maines_0003.jpg,0.14737939834594727,0
/home/anitadonato/tcc/tcc/data/lfw/lfw-funneled/Walter_Mondale/Walter_Mondale_0005.jpg,/home/anitadonato/tcc/tcc/data/lfw/lfw-funneled/JK_Rowling/JK_Rowling_0005.jpg,0.19039875268936157,0
/home/anitadonato/tcc/tcc/data/lfw/lfw-funneled/Ludivine_Sagnier/Ludivine_Sagnier_0001.jpg,/home/anitadonato/tcc/tcc/data/lfw/lfw-funneled/Atal_Bihari_Vajpayee/Atal_Bihari_Vajpayee_0005.jpg,0.22306513786315918,0
/home/anitadonato/tcc/tcc/data/lfw/lfw-funneled/Robert_De_Niro/Robert_De_Niro_0004.jpg,/home/anitadonato/tcc/tcc/data/lfw/lfw-funneled/Gonzalo_Sanchez_de_Lozada/Gonzalo_Sanchez_de_Lozada_0001.jpg,0.17923897504806519,0
/home/anitadonato/tcc/tcc/data/lfw/lfw-funneled/John_Allen_Muhammad/John_Allen_Muhammad_0005.jpg,/home/anitadonato/tcc/tcc/data/lfw/lfw-funneled/Tom_Harkin/Tom_Harkin_0004.jpg,0.16268444061279297,0
/home/anitadonato/tcc/tcc/data/lfw/lfw-funneled/Natalie_Maines/Natalie_Maines_0005.jpg,/home/anitadonato/tcc/tcc/data/lfw/lfw-funneled/Rudolph_Giuliani/Rudolph_Giuliani_0004.jpg,0.2644335627555847,0
/home/anitadonato/tcc/tcc/data/lfw/lfw-funneled/Tom_Harkin/Tom_Harkin_0001.jpg,/home/anitadonato/tcc/tcc/data/lfw/lfw-funneled/Sylvester_Stallone/Sylvester_Stallone_0002.jpg,0.186190664768219,0
/home/anitadonato/tcc/tcc/data/lfw/lfw-funneled/Tom_Crean/Tom_Crean_0004.jpg,/home/anitadonato/tcc/tcc/data/lfw/lfw-funneled/Clara_Harris/Clara_Harris_0003.jpg,0.2483508586883545,0
/home/anitadonato/tcc/tcc/data/lfw/lfw-funneled/Princess_Caroline/Princess_Caroline_0004.jpg,/home/anitadonato/tcc/tcc/data/lfw/lfw-funneled/Thabo_Mbeki/Thabo_Mbeki_0002.jpg,0.14823734760284424,0
/home/anitadonato/tcc/tcc/data/lfw/lfw-funneled/Rainer_Schuettler/Rainer_Schuettler_0005.jpg,/home/anitadonato/tcc/tcc/data/lfw/lfw-funneled/Li_Peng/Li_Peng_0001.jpg,0.21238040924072266,0
/home/anitadonato/tcc/tcc/data/lfw/lfw-funneled/Martha_Stewart/Martha_Stewart_0002.jpg,/home/anitadonato/tcc/tcc/data/lfw/lfw-funneled/Tom_Harkin/Tom_Harkin_0004.jpg,0.248945951461792,0
/home/anitadonato/tcc/tcc/data/lfw/lfw-funneled/Alejandro_Toledo/Alejandro_Toledo_0001.jpg,/home/anitadonato/tcc/tcc/data/lfw/lfw-funneled/Gonzalo_Sanchez_de_Lozada/Gonzalo_Sanchez_de_Lozada_0005.jpg,0.15072596073150635,0
/home/anitadonato/tcc/tcc/data/lfw/lfw-funneled/Sharon_Stone/Sharon_Stone_0005.jpg,/home/anitadonato/tcc/tcc/data/lfw/lfw-funneled/John_Paul_II/John_Paul_II_0005.jpg,0.1976720690727234,0
/home/anitadonato/tcc/tcc/data/lfw/lfw-funneled/Hillary_Clinton/Hillary_Clinton_0004.jpg,/home/anitadonato/tcc/tcc/data/lfw/lfw-funneled/Walter_Mondale/Walter_Mondale_0003.jpg,0.2159382700920105,0
/home/anitadonato/tcc/tcc/data/lfw/lfw-funneled/Gonzalo_Sanchez_de_Lozada/Gonzalo_Sanchez_de_Lozada_0002.jpg,/home/anitadonato/tcc/tcc/data/lfw/lfw-funneled/Geoff_Hoon/Geoff_Hoon_0004.jpg,0.20230025053024292,0
/home/anitadonato/tcc/tcc/data/lfw/lfw-funneled/Paul_ONeill/Paul_ONeill_0002.jpg,/home/anitadonato/tcc/tcc/data/lfw/lfw-funneled/Gloria_Macapagal_Arroyo/Gloria_Macapagal_Arroyo_0004.jpg,0.2421594262123108,0
/home/anitadonato/tcc/tcc/data/lfw/lfw-funneled/Amelia_Vega/Amelia_Vega_0003.jpg,/home/anitadonato/tcc/tcc/data/lfw/lfw-funneled/Eduardo_Duhalde/Eduardo_Duhalde_0002.jpg,0.1982085108757019,0
/home/anitadonato/tcc/tcc/data/lfw/lfw-funneled/Julie_Gerberding/Julie_Gerberding_0001.jpg,/home/anitadonato/tcc/tcc/data/lfw/lfw-funneled/John_Stockton/John_Stockton_0001.jpg,0.233631432056427,0
/home/anitadonato/tcc/tcc/data/lfw/lfw-funneled/William_Ford_Jr/William_Ford_Jr_0004.jpg,/home/anitadonato/tcc/tcc/data/lfw/lfw-funneled/Angelina_Jolie/Angelina_Jolie_0003.jpg,0.29231566190719604,0
/home/anitadonato/tcc/tcc/data/lfw/lfw-funneled/Matthew_Perry/Matthew_Perry_0004.jpg,/home/anitadonato/tcc/tcc/data/lfw/lfw-funneled/Atal_Bihari_Vajpayee/Atal_Bihari_Vajpayee_0005.jpg,0.15700072050094604,0
/home/anitadonato/tcc/tcc/data/lfw/lfw-funneled/JK_Rowling/JK_Rowling_0004.jpg,/home/anitadonato/tcc/tcc/data/lfw/lfw-funneled/Tommy_Franks/Tommy_Franks_0005.jpg,0.20683437585830688,0
/home/anitadonato/tcc/tcc/data/lfw/lfw-funneled/Jean-Pierre_Raffarin/Jean-Pierre_Raffarin_0002.jpg,/home/anitadonato/tcc/tcc/data/lfw/lfw-funneled/Yoko_Ono/Yoko_Ono_0003.jpg,0.22302865982055664,0
/home/anitadonato/tcc/tcc/data/lfw/lfw-funneled/Tom_Cruise/Tom_Cruise_0002.jpg,/home/anitadonato/tcc/tcc/data/lfw/lfw-funneled/Kurt_Warner/Kurt_Warner_0002.jpg,0.2018197774887085,0
/home/anitadonato/tcc/tcc/data/lfw/lfw-funneled/Sergey_Lavrov/Sergey_Lavrov_0001.jpg,/home/anitadonato/tcc/tcc/data/lfw/lfw-funneled/Vladimir_Putin/Vladimir_Putin_0004.jpg,0.18089962005615234,0
/home/anitadonato/tcc/tcc/data/lfw/lfw-funneled/David_Anderson/David_Anderson_0004.jpg,/home/anitadonato/tcc/tcc/data/lfw/lfw-funneled/John_Howard/John_Howard_0003.jpg,0.17330437898635864,0
/home/anitadonato/tcc/tcc/data/lfw/lfw-funneled/John_Manley/John_Manley_0001.jpg,/home/anitadonato/tcc/tcc/data/lfw/lfw-funneled/John_Paul_II/John_Paul_II_0002.jpg,0.22609150409698486,0
/home/anitadonato/tcc/tcc/data/lfw/lfw-funneled/Tiger_Woods/Tiger_Woods_0004.jpg,/home/anitadonato/tcc/tcc/data/lfw/lfw-funneled/Mike_Weir/Mike_Weir_0004.jpg,0.27665793895721436,0
/home/anitadonato/tcc/tcc/data/lfw/lfw-funneled/Grant_Hackett/Grant_Hackett_0005.jpg,/home/anitadonato/tcc/tcc/data/lfw/lfw-funneled/Carlos_Moya/Carlos_Moya_0004.jpg,0.2051163911819458,0
/home/anitadonato/tcc/tcc/data/lfw/lfw-funneled/Renee_Zellweger/Renee_Zellweger_0005.jpg,/home/anitadonato/tcc/tcc/data/lfw/lfw-funneled/Cesar_Gaviria/Cesar_Gaviria_0004.jpg,0.20132219791412354,0
/home/anitadonato/tcc/tcc/data/lfw/lfw-funneled/Vanessa_Redgrave/Vanessa_Redgrave_0004.jpg,/home/anitadonato/tcc/tcc/data/lfw/lfw-funneled/Ben_Affleck/Ben_Affleck_0001.jpg,0.1966625452041626,0
/home/anitadonato/tcc/tcc/data/lfw/lfw-funneled/Denzel_Washington/Denzel_Washington_0002.jpg,/home/anitadonato/tcc/tcc/data/lfw/lfw-funneled/Carlos_Moya/Carlos_Moya_0005.jpg,0.27781468629837036,0
/home/anitadonato/tcc/tcc/data/lfw/lfw-funneled/Victoria_Clarke/Victoria_Clarke_0005.jpg,/home/anitadonato/tcc/tcc/data/lfw/lfw-funneled/Valery_Giscard_dEstaing/Valery_Giscard_dEstaing_0002.jpg,0.22307515144348145,0
/home/anitadonato/tcc/tcc/data/lfw/lfw-funneled/Mohammed_Al-Douri/Mohammed_Al-Douri_0002.jpg,/home/anitadonato/tcc/tcc/data/lfw/lfw-funneled/Boris_Becker/Boris_Becker_0001.jpg,0.2178824543952942,0
/home/anitadonato/tcc/tcc/data/lfw/lfw-funneled/Thaksin_Shinawatra/Thaksin_Shinawatra_0005.jpg,/home/anitadonato/tcc/tcc/data/lfw/lfw-funneled/Kalpana_Chawla/Kalpana_Chawla_0005.jpg,0.21315401792526245,0
/home/anitadonato/tcc/tcc/data/lfw/lfw-funneled/Richard_Gephardt/Richard_Gephardt_0001.jpg,/home/anitadonato/tcc/tcc/data/lfw/lfw-funneled/Bernard_Law/Bernard_Law_0001.jpg,0.18774116039276123,0
/home/anitadonato/tcc/tcc/data/lfw/lfw-funneled/Robert_De_Niro/Robert_De_Niro_0002.jpg,/home/anitadonato/tcc/tcc/data/lfw/lfw-funneled/Nia_Vardalos/Nia_Vardalos_0002.jpg,0.15032505989074707,0
/home/anitadonato/tcc/tcc/data/lfw/lfw-funneled/Michael_Chiklis/Michael_Chiklis_0005.jpg,/home/anitadonato/tcc/tcc/data/lfw/lfw-funneled/Britney_Spears/Britney_Spears_0005.jpg,0.17227059602737427,0
/home/anitadonato/tcc/tcc/data/lfw/lfw-funneled/Silvio_Berlusconi/Silvio_Berlusconi_0002.jpg,/home/anitadonato/tcc/tcc/data/lfw/lfw-funneled/Roh_Moo-hyun/Roh_Moo-hyun_0004.jpg,0.185042142868042,0
/home/anitadonato/tcc/tcc/data/lfw/lfw-funneled/Gerhard_Schroeder/Gerhard_Schroeder_0003.jpg,/home/anitadonato/tcc/tcc/data/lfw/lfw-funneled/Condoleezza_Rice/Condoleezza_Rice_0001.jpg,0.21429049968719482,0
/home/anitadonato/tcc/tcc/data/lfw/lfw-funneled/Amelia_Vega/Amelia_Vega_0003.jpg,/home/anitadonato/tcc/tcc/data/lfw/lfw-funneled/Kristanna_Loken/Kristanna_Loken_0003.jpg,0.12317514419555664,0
/home/anitadonato/tcc/tcc/data/lfw/lfw-funneled/Zinedine_Zidane/Zinedine_Zidane_0001.jpg,/home/anitadonato/tcc/tcc/data/lfw/lfw-funneled/Jean-Pierre_Raffarin/Jean-Pierre_Raffarin_0004.jpg,0.1604095697402954,0
/home/anitadonato/tcc/tcc/data/lfw/lfw-funneled/Al_Sharpton/Al_Sharpton_0003.jpg,/home/anitadonato/tcc/tcc/data/lfw/lfw-funneled/Ana_Palacio/Ana_Palacio_0004.jpg,0.20081984996795654,0
/home/anitadonato/tcc/tcc/data/lfw/lfw-funneled/Hillary_Clinton/Hillary_Clinton_0003.jpg,/home/anitadonato/tcc/tcc/data/lfw/lfw-funneled/Fujio_Cho/Fujio_Cho_0003.jpg,0.2154591679573059,0
/home/anitadonato/tcc/tcc/data/lfw/lfw-funneled/Atal_Bihari_Vajpayee/Atal_Bihari_Vajpayee_0005.jpg,/home/anitadonato/tcc/tcc/data/lfw/lfw-funneled/Fernando_Gonzalez/Fernando_Gonzalez_0002.jpg,0.21273523569107056,0
/home/anitadonato/tcc/tcc/data/lfw/lfw-funneled/Luis_Horna/Luis_Horna_0005.jpg,/home/anitadonato/tcc/tcc/data/lfw/lfw-funneled/Liza_Minnelli/Liza_Minnelli_0001.jpg,0.23750019073486328,0
/home/anitadonato/tcc/tcc/data/lfw/lfw-funneled/Robert_De_Niro/Robert_De_Niro_0005.jpg,/home/anitadonato/tcc/tcc/data/lfw/lfw-funneled/Silvio_Berlusconi/Silvio_Berlusconi_0001.jpg,0.21613657474517822,0
/home/anitadonato/tcc/tcc/data/lfw/lfw-funneled/Sheryl_Crow/Sheryl_Crow_0005.jpg,/home/anitadonato/tcc/tcc/data/lfw/lfw-funneled/Rob_Marshall/Rob_Marshall_0003.jpg,0.16550248861312866,0
/home/anitadonato/tcc/tcc/data/lfw/lfw-funneled/Martin_McGuinness/Martin_McGuinness_0003.jpg,/home/anitadonato/tcc/tcc/data/lfw/lfw-funneled/Cameron_Diaz/Cameron_Diaz_0003.jpg,0.2595338225364685,0
/home/anitadonato/tcc/tcc/data/lfw/lfw-funneled/Atal_Bihari_Vajpayee/Atal_Bihari_Vajpayee_0005.jpg,/home/anitadonato/tcc/tcc/data/lfw/lfw-funneled/Kofi_Annan/Kofi_Annan_0003.jpg,0.193966805934906,0
/home/anitadonato/tcc/tcc/data/lfw/lfw-funneled/Paul_Burrell/Paul_Burrell_0005.jpg,/home/anitadonato/tcc/tcc/data/lfw/lfw-funneled/Michael_Schumacher/Michael_Schumacher_0004.jpg,0.2132197618484497,0
/home/anitadonato/tcc/tcc/data/lfw/lfw-funneled/Tom_Daschle/Tom_Daschle_0004.jpg,/home/anitadonato/tcc/tcc/data/lfw/lfw-funneled/Trent_Lott/Trent_Lott_0004.jpg,0.23590797185897827,0
/home/anitadonato/tcc/tcc/data/lfw/lfw-funneled/John_Paul_II/John_Paul_II_0002.jpg,/home/anitadonato/tcc/tcc/data/lfw/lfw-funneled/JK_Rowling/JK_Rowling_0003.jpg,0.3410414457321167,0
/home/anitadonato/tcc/tcc/data/lfw/lfw-funneled/Jeremy_Greenstock/Jeremy_Greenstock_0001.jpg,/home/anitadonato/tcc/tcc/data/lfw/lfw-funneled/Richard_Myers/Richard_Myers_0001.jpg,0.1933801770210266,0
/home/anitadonato/tcc/tcc/data/lfw/lfw-funneled/Paradorn_Srichaphan/Paradorn_Srichaphan_0001.jpg,/home/anitadonato/tcc/tcc/data/lfw/lfw-funneled/John_Manley/John_Manley_0002.jpg,0.21279525756835938,0
/home/anitadonato/tcc/tcc/data/lfw/lfw-funneled/Michael_Schumacher/Michael_Schumacher_0004.jpg,/home/anitadonato/tcc/tcc/data/lfw/lfw-funneled/Nia_Vardalos/Nia_Vardalos_0001.jpg,0.23192602396011353,0
/home/anitadonato/tcc/tcc/data/lfw/lfw-funneled/Peter_Struck/Peter_Struck_0005.jpg,/home/anitadonato/tcc/tcc/data/lfw/lfw-funneled/Yashwant_Sinha/Yashwant_Sinha_0002.jpg,0.1667448878288269,0
/home/anitadonato/tcc/tcc/data/lfw/lfw-funneled/Alvaro_Uribe/Alvaro_Uribe_0002.jpg,/home/anitadonato/tcc/tcc/data/lfw/lfw-funneled/Jean-David_Levitte/Jean-David_Levitte_0003.jpg,0.18227708339691162,0
/home/anitadonato/tcc/tcc/data/lfw/lfw-funneled/Benjamin_Netanyahu/Benjamin_Netanyahu_0003.jpg,/home/anitadonato/tcc/tcc/data/lfw/lfw-funneled/Ana_Guevara/Ana_Guevara_0003.jpg,0.234452486038208,0
/home/anitadonato/tcc/tcc/data/lfw/lfw-funneled/Antonio_Banderas/Antonio_Banderas_0003.jpg,/home/anitadonato/tcc/tcc/data/lfw/lfw-funneled/Al_Sharpton/Al_Sharpton_0001.jpg,0.24117738008499146,0
/home/anitadonato/tcc/tcc/data/lfw/lfw-funneled/William_Ford_Jr/William_Ford_Jr_0003.jpg,/home/anitadonato/tcc/tcc/data/lfw/lfw-funneled/Maria_Shriver/Maria_Shriver_0003.jpg,0.25322186946868896,0
/home/anitadonato/tcc/tcc/data/lfw/lfw-funneled/Jan_Ullrich/Jan_Ullrich_0005.jpg,/home/anitadonato/tcc/tcc/data/lfw/lfw-funneled/Rob_Marshall/Rob_Marshall_0005.jpg,0.2263481616973877,0
/home/anitadonato/tcc/tcc/data/lfw/lfw-funneled/Christine_Todd_Whitman/Christine_Todd_Whitman_0002.jpg,/home/anitadonato/tcc/tcc/data/lfw/lfw-funneled/Woody_Allen/Woody_Allen_0003.jpg,0.23497122526168823,0
/home/anitadonato/tcc/tcc/data/lfw/lfw-funneled/Winona_Ryder/Winona_Ryder_0004.jpg,/home/anitadonato/tcc/tcc/data/lfw/lfw-funneled/Michael_Chiklis/Michael_Chiklis_0004.jpg,0.23025423288345337,0
/home/anitadonato/tcc/tcc/data/lfw/lfw-funneled/Bulent_Ecevit/Bulent_Ecevit_0002.jpg,/home/anitadonato/tcc/tcc/data/lfw/lfw-funneled/Alejandro_Toledo/Alejandro_Toledo_0004.jpg,0.196641206741333,0
/home/anitadonato/tcc/tcc/data/lfw/lfw-funneled/Jennifer_Lopez/Jennifer_Lopez_0004.jpg,/home/anitadonato/tcc/tcc/data/lfw/lfw-funneled/John_Manley/John_Manley_0005.jpg,0.21519505977630615,0
/home/anitadonato/tcc/tcc/data/lfw/lfw-funneled/Peter_Struck/Peter_Struck_0004.jpg,/home/anitadonato/tcc/tcc/data/lfw/lfw-funneled/Habib_Rizieq/Habib_Rizieq_0001.jpg,0.208141028881073,0
/home/anitadonato/tcc/tcc/data/lfw/lfw-funneled/Tom_Daschle/Tom_Daschle_0005.jpg,/home/anitadonato/tcc/tcc/data/lfw/lfw-funneled/Richard_Gephardt/Richard_Gephardt_0003.jpg,0.18526774644851685,0
/home/anitadonato/tcc/tcc/data/lfw/lfw-funneled/Steve_Lavin/Steve_Lavin_0001.jpg,/home/anitadonato/tcc/tcc/data/lfw/lfw-funneled/Ludivine_Sagnier/Ludivine_Sagnier_0002.jpg,0.1604270339012146,0
/home/anitadonato/tcc/tcc/data/lfw/lfw-funneled/Kofi_Annan/Kofi_Annan_0003.jpg,/home/anitadonato/tcc/tcc/data/lfw/lfw-funneled/Maria_Shriver/Maria_Shriver_0003.jpg,0.20912480354309082,0
/home/anitadonato/tcc/tcc/data/lfw/lfw-funneled/Ana_Palacio/Ana_Palacio_0003.jpg,/home/anitadonato/tcc/tcc/data/lfw/lfw-funneled/Wayne_Ferreira/Wayne_Ferreira_0001.jpg,0.24454355239868164,0
/home/anitadonato/tcc/tcc/data/lfw/lfw-funneled/Winona_Ryder/Winona_Ryder_0005.jpg,/home/anitadonato/tcc/tcc/data/lfw/lfw-funneled/Tony_Blair/Tony_Blair_0002.jpg,0.19236403703689575,0
/home/anitadonato/tcc/tcc/data/lfw/lfw-funneled/Silvio_Berlusconi/Silvio_Berlusconi_0004.jpg,/home/anitadonato/tcc/tcc/data/lfw/lfw-funneled/Cameron_Diaz/Cameron_Diaz_0002.jpg,0.2795146703720093,0
/home/anitadonato/tcc/tcc/data/lfw/lfw-funneled/Martin_Scorsese/Martin_Scorsese_0003.jpg,/home/anitadonato/tcc/tcc/data/lfw/lfw-funneled/William_Ford_Jr/William_Ford_Jr_0003.jpg,0.26619499921798706,0
/home/anitadonato/tcc/tcc/data/lfw/lfw-funneled/John_Bolton/John_Bolton_0003.jpg,/home/anitadonato/tcc/tcc/data/lfw/lfw-funneled/Thaksin_Shinawatra/Thaksin_Shinawatra_0004.jpg,0.16023480892181396,0
/home/anitadonato/tcc/tcc/data/lfw/lfw-funneled/Pedro_Malan/Pedro_Malan_0002.jpg,/home/anitadonato/tcc/tcc/data/lfw/lfw-funneled/Mark_Hurlbert/Mark_Hurlbert_0003.jpg,0.27321547269821167,0
/home/anitadonato/tcc/tcc/data/lfw/lfw-funneled/Gonzalo_Sanchez_de_Lozada/Gonzalo_Sanchez_de_Lozada_0002.jpg,/home/anitadonato/tcc/tcc/data/lfw/lfw-funneled/John_Ashcroft/John_Ashcroft_0005.jpg,0.17535686492919922,0
/home/anitadonato/tcc/tcc/data/lfw/lfw-funneled/John_Ashcroft/John_Ashcroft_0001.jpg,/home/anitadonato/tcc/tcc/data/lfw/lfw-funneled/Woody_Allen/Woody_Allen_0003.jpg,0.19206088781356812,0
/home/anitadonato/tcc/tcc/data/lfw/lfw-funneled/Bulent_Ecevit/Bulent_Ecevit_0002.jpg,/home/anitadonato/tcc/tcc/data/lfw/lfw-funneled/Michael_Powell/Michael_Powell_0001.jpg,0.29380321502685547,0
/home/anitadonato/tcc/tcc/data/lfw/lfw-funneled/Susan_Sarandon/Susan_Sarandon_0001.jpg,/home/anitadonato/tcc/tcc/data/lfw/lfw-funneled/Antonio_Banderas/Antonio_Banderas_0004.jpg,0.21649736166000366,0
/home/anitadonato/tcc/tcc/data/lfw/lfw-funneled/Bob_Graham/Bob_Graham_0002.jpg,/home/anitadonato/tcc/tcc/data/lfw/lfw-funneled/Jennifer_Lopez/Jennifer_Lopez_0003.jpg,0.18382835388183594,0
/home/anitadonato/tcc/tcc/data/lfw/lfw-funneled/Sheryl_Crow/Sheryl_Crow_0005.jpg,/home/anitadonato/tcc/tcc/data/lfw/lfw-funneled/John_Stockton/John_Stockton_0003.jpg,0.19085383415222168,0
/home/anitadonato/tcc/tcc/data/lfw/lfw-funneled/Princess_Caroline/Princess_Caroline_0002.jpg,/home/anitadonato/tcc/tcc/data/lfw/lfw-funneled/Robert_Blake/Robert_Blake_0001.jpg,0.20717167854309082,0
/home/anitadonato/tcc/tcc/data/lfw/lfw-funneled/Tom_Harkin/Tom_Harkin_0002.jpg,/home/anitadonato/tcc/tcc/data/lfw/lfw-funneled/Catherine_Zeta-Jones/Catherine_Zeta-Jones_0002.jpg,0.24452906847000122,0
/home/anitadonato/tcc/tcc/data/lfw/lfw-funneled/Rob_Marshall/Rob_Marshall_0004.jpg,/home/anitadonato/tcc/tcc/data/lfw/lfw-funneled/Bulent_Ecevit/Bulent_Ecevit_0004.jpg,0.21739161014556885,0
/home/anitadonato/tcc/tcc/data/lfw/lfw-funneled/Gloria_Macapagal_Arroyo/Gloria_Macapagal_Arroyo_0001.jpg,/home/anitadonato/tcc/tcc/data/lfw/lfw-funneled/Tom_Daschle/Tom_Daschle_0001.jpg,0.28342586755752563,0
/home/anitadonato/tcc/tcc/data/lfw/lfw-funneled/John_Howard/John_Howard_0005.jpg,/home/anitadonato/tcc/tcc/data/lfw/lfw-funneled/Yoko_Ono/Yoko_Ono_0001.jpg,0.17386800050735474,0
/home/anitadonato/tcc/tcc/data/lfw/lfw-funneled/Peter_Struck/Peter_Struck_0001.jpg,/home/anitadonato/tcc/tcc/data/lfw/lfw-funneled/Paradorn_Srichaphan/Paradorn_Srichaphan_0001.jpg,0.22229039669036865,0
/home/anitadonato/tcc/tcc/data/lfw/lfw-funneled/Tom_Daschle/Tom_Daschle_0003.jpg,/home/anitadonato/tcc/tcc/data/lfw/lfw-funneled/Kristanna_Loken/Kristanna_Loken_0001.jpg,0.21640360355377197,0
/home/anitadonato/tcc/tcc/data/lfw/lfw-funneled/Kofi_Annan/Kofi_Annan_0003.jpg,/home/anitadonato/tcc/tcc/data/lfw/lfw-funneled/Charlton_Heston/Charlton_Heston_0002.jpg,0.2551421523094177,0
/home/anitadonato/tcc/tcc/data/lfw/lfw-funneled/Halle_Berry/Halle_Berry_0002.jpg,/home/anitadonato/tcc/tcc/data/lfw/lfw-funneled/Hal_Gehman/Hal_Gehman_0003.jpg,0.16859877109527588,0
/home/anitadonato/tcc/tcc/data/lfw/lfw-funneled/Sourav_Ganguly/Sourav_Ganguly_0003.jpg,/home/anitadonato/tcc/tcc/data/lfw/lfw-funneled/John_Snow/John_Snow_0004.jpg,0.18550503253936768,0
/home/anitadonato/tcc/tcc/data/lfw/lfw-funneled/Juan_Pablo_Montoya/Juan_Pablo_Montoya_0003.jpg,/home/anitadonato/tcc/tcc/data/lfw/lfw-funneled/Kate_Hudson/Kate_Hudson_0002.jpg,0.2830493450164795,0
/home/anitadonato/tcc/tcc/data/lfw/lfw-funneled/Tommy_Franks/Tommy_Franks_0001.jpg,/home/anitadonato/tcc/tcc/data/lfw/lfw-funneled/Sourav_Ganguly/Sourav_Ganguly_0001.jpg,0.18577146530151367,0
/home/anitadonato/tcc/tcc/data/lfw/lfw-funneled/Nicanor_Duarte_Frutos/Nicanor_Duarte_Frutos_0005.jpg,/home/anitadonato/tcc/tcc/data/lfw/lfw-funneled/Roh_Moo-hyun/Roh_Moo-hyun_0001.jpg,0.12510818243026733,0
/home/anitadonato/tcc/tcc/data/lfw/lfw-funneled/Ann_Veneman/Ann_Veneman_0003.jpg,/home/anitadonato/tcc/tcc/data/lfw/lfw-funneled/Michelle_Yeoh/Michelle_Yeoh_0005.jpg,0.16950970888137817,0
/home/anitadonato/tcc/tcc/data/lfw/lfw-funneled/Erika_Harold/Erika_Harold_0002.jpg,/home/anitadonato/tcc/tcc/data/lfw/lfw-funneled/Hugh_Grant/Hugh_Grant_0003.jpg,0.14566683769226074,0
/home/anitadonato/tcc/tcc/data/lfw/lfw-funneled/Silvio_Berlusconi/Silvio_Berlusconi_0002.jpg,/home/anitadonato/tcc/tcc/data/lfw/lfw-funneled/John_Allen_Muhammad/John_Allen_Muhammad_0001.jpg,0.18004834651947021,0
/home/anitadonato/tcc/tcc/data/lfw/lfw-funneled/John_Howard/John_Howard_0003.jpg,/home/anitadonato/tcc/tcc/data/lfw/lfw-funneled/JK_Rowling/JK_Rowling_0005.jpg,0.20786380767822266,0
/home/anitadonato/tcc/tcc/data/lfw/lfw-funneled/Susan_Sarandon/Susan_Sarandon_0002.jpg,/home/anitadonato/tcc/tcc/data/lfw/lfw-funneled/Mohammed_Al-Douri/Mohammed_Al-Douri_0001.jpg,0.21947914361953735,0
/home/anitadonato/tcc/tcc/data/lfw/lfw-funneled/Kim_Dae-jung/Kim_Dae-jung_0001.jpg,/home/anitadonato/tcc/tcc/data/lfw/lfw-funneled/Michael_Chiklis/Michael_Chiklis_0001.jpg,0.17126160860061646,0
/home/anitadonato/tcc/tcc/data/lfw/lfw-funneled/Arminio_Fraga/Arminio_Fraga_0001.jpg,/home/anitadonato/tcc/tcc/data/lfw/lfw-funneled/Billy_Crystal/Billy_Crystal_0004.jpg,0.2569286823272705,0
/home/anitadonato/tcc/tcc/data/lfw/lfw-funneled/Walter_Mondale/Walter_Mondale_0005.jpg,/home/anitadonato/tcc/tcc/data/lfw/lfw-funneled/Vladimir_Putin/Vladimir_Putin_0005.jpg,0.20987600088119507,0
/home/anitadonato/tcc/tcc/data/lfw/lfw-funneled/Cruz_Bustamante/Cruz_Bustamante_0004.jpg,/home/anitadonato/tcc/tcc/data/lfw/lfw-funneled/Martha_Stewart/Martha_Stewart_0005.jpg,0.22228121757507324,0
/home/anitadonato/tcc/tcc/data/lfw/lfw-funneled/Lleyton_Hewitt/Lleyton_Hewitt_0003.jpg,/home/anitadonato/tcc/tcc/data/lfw/lfw-funneled/John_Howard/John_Howard_0002.jpg,0.20540273189544678,0
/home/anitadonato/tcc/tcc/data/lfw/lfw-funneled/Gloria_Macapagal_Arroyo/Gloria_Macapagal_Arroyo_0005.jpg,/home/anitadonato/tcc/tcc/data/lfw/lfw-funneled/Charlton_Heston/Charlton_Heston_0001.jpg,0.2795560359954834,0
/home/anitadonato/tcc/tcc/data/lfw/lfw-funneled/Bill_McBride/Bill_McBride_0004.jpg,/home/anitadonato/tcc/tcc/data/lfw/lfw-funneled/Sylvester_Stallone/Sylvester_Stallone_0005.jpg,0.16923481225967407,0
/home/anitadonato/tcc/tcc/data/lfw/lfw-funneled/Paul_Burrell/Paul_Burrell_0004.jpg,/home/anitadonato/tcc/tcc/data/lfw/lfw-funneled/Amelia_Vega/Amelia_Vega_0001.jpg,0.1820605993270874,0
/home/anitadonato/tcc/tcc/data/lfw/lfw-funneled/Vanessa_Redgrave/Vanessa_Redgrave_0004.jpg,/home/anitadonato/tcc/tcc/data/lfw/lfw-funneled/John_Howard/John_Howard_0004.jpg,0.1892305612564087,0
/home/anitadonato/tcc/tcc/data/lfw/lfw-funneled/Ian_Thorpe/Ian_Thorpe_0002.jpg,/home/anitadonato/tcc/tcc/data/lfw/lfw-funneled/Bill_Gates/Bill_Gates_0005.jpg,0.19496756792068481,0
/home/anitadonato/tcc/tcc/data/lfw/lfw-funneled/Anna_Kournikova/Anna_Kournikova_0004.jpg,/home/anitadonato/tcc/tcc/data/lfw/lfw-funneled/Hans_Blix/Hans_Blix_0002.jpg,0.23648089170455933,0
/home/anitadonato/tcc/tcc/data/lfw/lfw-funneled/Angela_Merkel/Angela_Merkel_0003.jpg,/home/anitadonato/tcc/tcc/data/lfw/lfw-funneled/Kalpana_Chawla/Kalpana_Chawla_0003.jpg,0.21912813186645508,0
/home/anitadonato/tcc/tcc/data/lfw/lfw-funneled/Vanessa_Redgrave/Vanessa_Redgrave_0001.jpg,/home/anitadonato/tcc/tcc/data/lfw/lfw-funneled/Richard_Gere/Richard_Gere_0001.jpg,0.24039113521575928,0
/home/anitadonato/tcc/tcc/data/lfw/lfw-funneled/Pamela_Anderson/Pamela_Anderson_0003.jpg,/home/anitadonato/tcc/tcc/data/lfw/lfw-funneled/Sharon_Stone/Sharon_Stone_0004.jpg,0.18296605348587036,0
/home/anitadonato/tcc/tcc/data/lfw/lfw-funneled/Habib_Rizieq/Habib_Rizieq_0003.jpg,/home/anitadonato/tcc/tcc/data/lfw/lfw-funneled/Jennifer_Capriati/Jennifer_Capriati_0003.jpg,0.15793198347091675,0
/home/anitadonato/tcc/tcc/data/lfw/lfw-funneled/Megawati_Sukarnoputri/Megawati_Sukarnoputri_0002.jpg,/home/anitadonato/tcc/tcc/data/lfw/lfw-funneled/Kofi_Annan/Kofi_Annan_0005.jpg,0.20757591724395752,0
/home/anitadonato/tcc/tcc/data/lfw/lfw-funneled/Spencer_Abraham/Spencer_Abraham_0001.jpg,/home/anitadonato/tcc/tcc/data/lfw/lfw-funneled/Hamid_Karzai/Hamid_Karzai_0003.jpg,0.16211193799972534,0
/home/anitadonato/tcc/tcc/data/lfw/lfw-funneled/Steve_Lavin/Steve_Lavin_0001.jpg,/home/anitadonato/tcc/tcc/data/lfw/lfw-funneled/Mohamed_ElBaradei/Mohamed_ElBaradei_0003.jpg,0.1439305543899536,0
/home/anitadonato/tcc/tcc/data/lfw/lfw-funneled/John_Snow/John_Snow_0004.jpg,/home/anitadonato/tcc/tcc/data/lfw/lfw-funneled/Habib_Rizieq/Habib_Rizieq_0005.jpg,0.2082301378250122,0
/home/anitadonato/tcc/tcc/data/lfw/lfw-funneled/Fernando_Gonzalez/Fernando_Gonzalez_0005.jpg,/home/anitadonato/tcc/tcc/data/lfw/lfw-funneled/Queen_Rania/Queen_Rania_0002.jpg,0.2694218158721924,0
/home/anitadonato/tcc/tcc/data/lfw/lfw-funneled/Ana_Palacio/Ana_Palacio_0002.jpg,/home/anitadonato/tcc/tcc/data/lfw/lfw-funneled/David_Trimble/David_Trimble_0005.jpg,0.22474199533462524,0
/home/anitadonato/tcc/tcc/data/lfw/lfw-funneled/Jose_Maria_Aznar/Jose_Maria_Aznar_0005.jpg,/home/anitadonato/tcc/tcc/data/lfw/lfw-funneled/Lindsay_Davenport/Lindsay_Davenport_0003.jpg,0.17814576625823975,0
/home/anitadonato/tcc/tcc/data/lfw/lfw-funneled/Grant_Hackett/Grant_Hackett_0002.jpg,/home/anitadonato/tcc/tcc/data/lfw/lfw-funneled/Hosni_Mubarak/Hosni_Mubarak_0002.jpg,0.18287307024002075,0
/home/anitadonato/tcc/tcc/data/lfw/lfw-funneled/Richard_Gere/Richard_Gere_0005.jpg,/home/anitadonato/tcc/tcc/data/lfw/lfw-funneled/William_Ford_Jr/William_Ford_Jr_0005.jpg,0.23623186349868774,0
/home/anitadonato/tcc/tcc/data/lfw/lfw-funneled/Habib_Rizieq/Habib_Rizieq_0005.jpg,/home/anitadonato/tcc/tcc/data/lfw/lfw-funneled/Robert_Blake/Robert_Blake_0001.jpg,0.21432465314865112,0
/home/anitadonato/tcc/tcc/data/lfw/lfw-funneled/Susan_Sarandon/Susan_Sarandon_0003.jpg,/home/anitadonato/tcc/tcc/data/lfw/lfw-funneled/Vladimir_Putin/Vladimir_Putin_0004.jpg,0.21889472007751465,0
/home/anitadonato/tcc/tcc/data/lfw/lfw-funneled/Ana_Guevara/Ana_Guevara_0001.jpg,/home/anitadonato/tcc/tcc/data/lfw/lfw-funneled/Denzel_Washington/Denzel_Washington_0005.jpg,0.1925601363182068,0
/home/anitadonato/tcc/tcc/data/lfw/lfw-funneled/Jacques_Chirac/Jacques_Chirac_0003.jpg,/home/anitadonato/tcc/tcc/data/lfw/lfw-funneled/Jean-Pierre_Raffarin/Jean-Pierre_Raffarin_0004.jpg,0.21235638856887817,0
/home/anitadonato/tcc/tcc/data/lfw/lfw-funneled/Cesar_Gaviria/Cesar_Gaviria_0005.jpg,/home/anitadonato/tcc/tcc/data/lfw/lfw-funneled/Ai_Sugiyama/Ai_Sugiyama_0001.jpg,0.1897047758102417,0
/home/anitadonato/tcc/tcc/data/lfw/lfw-funneled/Bill_McBride/Bill_McBride_0002.jpg,/home/anitadonato/tcc/tcc/data/lfw/lfw-funneled/Sergey_Lavrov/Sergey_Lavrov_0004.jpg,0.21581441164016724,0
/home/anitadonato/tcc/tcc/data/lfw/lfw-funneled/John_Snow/John_Snow_0004.jpg,/home/anitadonato/tcc/tcc/data/lfw/lfw-funneled/Tom_Crean/Tom_Crean_0005.jpg,0.24039310216903687,0
/home/anitadonato/tcc/tcc/data/lfw/lfw-funneled/Kofi_Annan/Kofi_Annan_0002.jpg,/home/anitadonato/tcc/tcc/data/lfw/lfw-funneled/Xavier_Malisse/Xavier_Malisse_0002.jpg,0.16209948062896729,0
/home/anitadonato/tcc/tcc/data/lfw/lfw-funneled/Amelie_Mauresmo/Amelie_Mauresmo_0003.jpg,/home/anitadonato/tcc/tcc/data/lfw/lfw-funneled/Erika_Harold/Erika_Harold_0005.jpg,0.19149500131607056,0
/home/anitadonato/tcc/tcc/data/lfw/lfw-funneled/Catherine_Zeta-Jones/Catherine_Zeta-Jones_0004.jpg,/home/anitadonato/tcc/tcc/data/lfw/lfw-funneled/John_Ashcroft/John_Ashcroft_0003.jpg,0.2207924723625183,0
/home/anitadonato/tcc/tcc/data/lfw/lfw-funneled/Pedro_Malan/Pedro_Malan_0001.jpg,/home/anitadonato/tcc/tcc/data/lfw/lfw-funneled/Russell_Simmons/Russell_Simmons_0005.jpg,0.17083477973937988,0
/home/anitadonato/tcc/tcc/data/lfw/lfw-funneled/Carlos_Menem/Carlos_Menem_0002.jpg,/home/anitadonato/tcc/tcc/data/lfw/lfw-funneled/Hamid_Karzai/Hamid_Karzai_0003.jpg,0.2004542350769043,0
/home/anitadonato/tcc/tcc/data/lfw/lfw-funneled/Kevin_Costner/Kevin_Costner_0005.jpg,/home/anitadonato/tcc/tcc/data/lfw/lfw-funneled/Zinedine_Zidane/Zinedine_Zidane_0001.jpg,0.15934216976165771,0
/home/anitadonato/tcc/tcc/data/lfw/lfw-funneled/Richard_Myers/Richard_Myers_0005.jpg,/home/anitadonato/tcc/tcc/data/lfw/lfw-funneled/Angelina_Jolie/Angelina_Jolie_0003.jpg,0.2795097827911377,0
/home/anitadonato/tcc/tcc/data/lfw/lfw-funneled/Sharon_Stone/Sharon_Stone_0001.jpg,/home/anitadonato/tcc/tcc/data/lfw/lfw-funneled/Britney_Spears/Britney_Spears_0002.jpg,0.235670804977417,0
/home/anitadonato/tcc/tcc/data/lfw/lfw-funneled/Jose_Maria_Aznar/Jose_Maria_Aznar_0005.jpg,/home/anitadonato/tcc/tcc/data/lfw/lfw-funneled/Angela_Merkel/Angela_Merkel_0004.jpg,0.2056296467781067,0
/home/anitadonato/tcc/tcc/data/lfw/lfw-funneled/John_Manley/John_Manley_0004.jpg,/home/anitadonato/tcc/tcc/data/lfw/lfw-funneled/Erika_Harold/Erika_Harold_0004.jpg,0.23472267389297485,0
/home/anitadonato/tcc/tcc/data/lfw/lfw-funneled/Jean-Pierre_Raffarin/Jean-Pierre_Raffarin_0005.jpg,/home/anitadonato/tcc/tcc/data/lfw/lfw-funneled/Lindsay_Davenport/Lindsay_Davenport_0002.jpg,0.24405527114868164,0
/home/anitadonato/tcc/tcc/data/lfw/lfw-funneled/Tung_Chee-hwa/Tung_Chee-hwa_0004.jpg,/home/anitadonato/tcc/tcc/data/lfw/lfw-funneled/Woody_Allen/Woody_Allen_0002.jpg,0.1742956042289734,0
/home/anitadonato/tcc/tcc/data/lfw/lfw-funneled/Joe_Lieberman/Joe_Lieberman_0004.jpg,/home/anitadonato/tcc/tcc/data/lfw/lfw-funneled/Steve_Lavin/Steve_Lavin_0003.jpg,0.18011361360549927,0
/home/anitadonato/tcc/tcc/data/lfw/lfw-funneled/Nia_Vardalos/Nia_Vardalos_0003.jpg,/home/anitadonato/tcc/tcc/data/lfw/lfw-funneled/Jennifer_Lopez/Jennifer_Lopez_0002.jpg,0.22757643461227417,0
/home/anitadonato/tcc/tcc/data/lfw/lfw-funneled/Hillary_Clinton/Hillary_Clinton_0001.jpg,/home/anitadonato/tcc/tcc/data/lfw/lfw-funneled/Alvaro_Uribe/Alvaro_Uribe_0001.jpg,0.203768789768219,0
/home/anitadonato/tcc/tcc/data/lfw/lfw-funneled/Costas_Simitis/Costas_Simitis_0004.jpg,/home/anitadonato/tcc/tcc/data/lfw/lfw-funneled/Andre_Agassi/Andre_Agassi_0004.jpg,0.1989041566848755,0
/home/anitadonato/tcc/tcc/data/lfw/lfw-funneled/Hillary_Clinton/Hillary_Clinton_0002.jpg,/home/anitadonato/tcc/tcc/data/lfw/lfw-funneled/Matthew_Perry/Matthew_Perry_0004.jpg,0.1922939419746399,0
/home/anitadonato/tcc/tcc/data/lfw/lfw-funneled/Vanessa_Redgrave/Vanessa_Redgrave_0005.jpg,/home/anitadonato/tcc/tcc/data/lfw/lfw-funneled/Luis_Horna/Luis_Horna_0004.jpg,0.19442135095596313,0
/home/anitadonato/tcc/tcc/data/lfw/lfw-funneled/Nicanor_Duarte_Frutos/Nicanor_Duarte_Frutos_0004.jpg,/home/anitadonato/tcc/tcc/data/lfw/lfw-funneled/John_Paul_II/John_Paul_II_0005.jpg,0.22982192039489746,0
/home/anitadonato/tcc/tcc/data/lfw/lfw-funneled/Rainer_Schuettler/Rainer_Schuettler_0004.jpg,/home/anitadonato/tcc/tcc/data/lfw/lfw-funneled/Carmen_Electra/Carmen_Electra_0004.jpg,0.2957093119621277,0
/home/anitadonato/tcc/tcc/data/lfw/lfw-funneled/Roy_Moore/Roy_Moore_0002.jpg,/home/anitadonato/tcc/tcc/data/lfw/lfw-funneled/Bill_Gates/Bill_Gates_0004.jpg,0.2779598832130432,0
/home/anitadonato/tcc/tcc/data/lfw/lfw-funneled/Megawati_Sukarnoputri/Megawati_Sukarnoputri_0005.jpg,/home/anitadonato/tcc/tcc/data/lfw/lfw-funneled/Carlos_Moya/Carlos_Moya_0004.jpg,0.20339858531951904,0
/home/anitadonato/tcc/tcc/data/lfw/lfw-funneled/John_Stockton/John_Stockton_0005.jpg,/home/anitadonato/tcc/tcc/data/lfw/lfw-funneled/Renee_Zellweger/Renee_Zellweger_0003.jpg,0.27781474590301514,0
/home/anitadonato/tcc/tcc/data/lfw/lfw-funneled/Fernando_Gonzalez/Fernando_Gonzalez_0005.jpg,/home/anitadonato/tcc/tcc/data/lfw/lfw-funneled/Grant_Hackett/Grant_Hackett_0003.jpg,0.2211540937423706,0
/home/anitadonato/tcc/tcc/data/lfw/lfw-funneled/Thaksin_Shinawatra/Thaksin_Shinawatra_0005.jpg,/home/anitadonato/tcc/tcc/data/lfw/lfw-funneled/Bulent_Ecevit/Bulent_Ecevit_0004.jpg,0.2122892141342163,0
/home/anitadonato/tcc/tcc/data/lfw/lfw-funneled/Angelina_Jolie/Angelina_Jolie_0001.jpg,/home/anitadonato/tcc/tcc/data/lfw/lfw-funneled/Zinedine_Zidane/Zinedine_Zidane_0005.jpg,0.2959754467010498,0
/home/anitadonato/tcc/tcc/data/lfw/lfw-funneled/Sheryl_Crow/Sheryl_Crow_0001.jpg,/home/anitadonato/tcc/tcc/data/lfw/lfw-funneled/Martha_Stewart/Martha_Stewart_0002.jpg,0.241399884223938,0
/home/anitadonato/tcc/tcc/data/lfw/lfw-funneled/Trent_Lott/Trent_Lott_0005.jpg,/home/anitadonato/tcc/tcc/data/lfw/lfw-funneled/John_Stockton/John_Stockton_0003.jpg,0.2061130404472351,0
/home/anitadonato/tcc/tcc/data/lfw/lfw-funneled/Paradorn_Srichaphan/Paradorn_Srichaphan_0001.jpg,/home/anitadonato/tcc/tcc/data/lfw/lfw-funneled/Tom_Harkin/Tom_Harkin_0005.jpg,0.17143386602401733,0
/home/anitadonato/tcc/tcc/data/lfw/lfw-funneled/JK_Rowling/JK_Rowling_0002.jpg,/home/anitadonato/tcc/tcc/data/lfw/lfw-funneled/Pedro_Malan/Pedro_Malan_0004.jpg,0.13257229328155518,0
/home/anitadonato/tcc/tcc/data/lfw/lfw-funneled/Cruz_Bustamante/Cruz_Bustamante_0001.jpg,/home/anitadonato/tcc/tcc/data/lfw/lfw-funneled/Robert_Zoellick/Robert_Zoellick_0005.jpg,0.2613769769668579,0
/home/anitadonato/tcc/tcc/data/lfw/lfw-funneled/Condoleezza_Rice/Condoleezza_Rice_0005.jpg,/home/anitadonato/tcc/tcc/data/lfw/lfw-funneled/John_Howard/John_Howard_0001.jpg,0.2850338816642761,0
/home/anitadonato/tcc/tcc/data/lfw/lfw-funneled/David_Trimble/David_Trimble_0001.jpg,/home/anitadonato/tcc/tcc/data/lfw/lfw-funneled/John_Snow/John_Snow_0004.jpg,0.19179105758666992,0
/home/anitadonato/tcc/tcc/data/lfw/lfw-funneled/Vanessa_Redgrave/Vanessa_Redgrave_0004.jpg,/home/anitadonato/tcc/tcc/data/lfw/lfw-funneled/Colin_Montgomerie/Colin_Montgomerie_0005.jpg,0.23372912406921387,0
/home/anitadonato/tcc/tcc/data/lfw/lfw-funneled/John_Stockton/John_Stockton_0004.jpg,/home/anitadonato/tcc/tcc/data/lfw/lfw-funneled/Bernard_Law/Bernard_Law_0003.jpg,0.2274753451347351,0
/home/anitadonato/tcc/tcc/data/lfw/lfw-funneled/Li_Peng/Li_Peng_0002.jpg,/home/anitadonato/tcc/tcc/data/lfw/lfw-funneled/Tom_Crean/Tom_Crean_0001.jpg,0.22625088691711426,0
/home/anitadonato/tcc/tcc/data/lfw/lfw-funneled/Hosni_Mubarak/Hosni_Mubarak_0003.jpg,/home/anitadonato/tcc/tcc/data/lfw/lfw-funneled/Martin_Scorsese/Martin_Scorsese_0005.jpg,0.20589065551757812,0
/home/anitadonato/tcc/tcc/data/lfw/lfw-funneled/Anna_Kournikova/Anna_Kournikova_0004.jpg,/home/anitadonato/tcc/tcc/data/lfw/lfw-funneled/Kevin_Costner/Kevin_Costner_0005.jpg,0.27011585235595703,0
/home/anitadonato/tcc/tcc/data/lfw/lfw-funneled/Jennifer_Capriati/Jennifer_Capriati_0001.jpg,/home/anitadonato/tcc/tcc/data/lfw/lfw-funneled/Silvio_Berlusconi/Silvio_Berlusconi_0003.jpg,0.27676910161972046,0
/home/anitadonato/tcc/tcc/data/lfw/lfw-funneled/Natalie_Maines/Natalie_Maines_0001.jpg,/home/anitadonato/tcc/tcc/data/lfw/lfw-funneled/Nicanor_Duarte_Frutos/Nicanor_Duarte_Frutos_0003.jpg,0.21942591667175293,0
/home/anitadonato/tcc/tcc/data/lfw/lfw-funneled/Richard_Gere/Richard_Gere_0002.jpg,/home/anitadonato/tcc/tcc/data/lfw/lfw-funneled/Matthew_Perry/Matthew_Perry_0005.jpg,0.19098490476608276,0
/home/anitadonato/tcc/tcc/data/lfw/lfw-funneled/Frank_Solich/Frank_Solich_0003.jpg,/home/anitadonato/tcc/tcc/data/lfw/lfw-funneled/Victoria_Clarke/Victoria_Clarke_0002.jpg,0.1937035322189331,0
/home/anitadonato/tcc/tcc/data/lfw/lfw-funneled/Michael_Schumacher/Michael_Schumacher_0003.jpg,/home/anitadonato/tcc/tcc/data/lfw/lfw-funneled/Victoria_Clarke/Victoria_Clarke_0003.jpg,0.2438095211982727,0
/home/anitadonato/tcc/tcc/data/lfw/lfw-funneled/Tiger_Woods/Tiger_Woods_0001.jpg,/home/anitadonato/tcc/tcc/data/lfw/lfw-funneled/Robert_Zoellick/Robert_Zoellick_0005.jpg,0.24151623249053955,0
/home/anitadonato/tcc/tcc/data/lfw/lfw-funneled/Woody_Allen/Woody_Allen_0002.jpg,/home/anitadonato/tcc/tcc/data/lfw/lfw-funneled/Paul_ONeill/Paul_ONeill_0004.jpg,0.21181464195251465,0
/home/anitadonato/tcc/tcc/data/lfw/lfw-funneled/Zinedine_Zidane/Zinedine_Zidane_0003.jpg,/home/anitadonato/tcc/tcc/data/lfw/lfw-funneled/Woody_Allen/Woody_Allen_0002.jpg,0.20306551456451416,0
/home/anitadonato/tcc/tcc/data/lfw/lfw-funneled/Richard_Gere/Richard_Gere_0005.jpg,/home/anitadonato/tcc/tcc/data/lfw/lfw-funneled/John_Paul_II/John_Paul_II_0001.jpg,0.2258305549621582,0
/home/anitadonato/tcc/tcc/data/lfw/lfw-funneled/David_Trimble/David_Trimble_0002.jpg,/home/anitadonato/tcc/tcc/data/lfw/lfw-funneled/Matthew_Perry/Matthew_Perry_0005.jpg,0.17566078901290894,0
/home/anitadonato/tcc/tcc/data/lfw/lfw-funneled/Jennifer_Lopez/Jennifer_Lopez_0004.jpg,/home/anitadonato/tcc/tcc/data/lfw/lfw-funneled/Meryl_Streep/Meryl_Streep_0004.jpg,0.22420471906661987,0
/home/anitadonato/tcc/tcc/data/lfw/lfw-funneled/Renee_Zellweger/Renee_Zellweger_0004.jpg,/home/anitadonato/tcc/tcc/data/lfw/lfw-funneled/Tung_Chee-hwa/Tung_Chee-hwa_0002.jpg,0.2212473750114441,0
/home/anitadonato/tcc/tcc/data/lfw/lfw-funneled/Liza_Minnelli/Liza_Minnelli_0003.jpg,/home/anitadonato/tcc/tcc/data/lfw/lfw-funneled/Kofi_Annan/Kofi_Annan_0001.jpg,0.20126879215240479,0
/home/anitadonato/tcc/tcc/data/lfw/lfw-funneled/Maria_Soledad_Alvear_Valenzuela/Maria_Soledad_Alvear_Valenzuela_0001.jpg,/home/anitadonato/tcc/tcc/data/lfw/lfw-funneled/Roger_Federer/Roger_Federer_0001.jpg,0.2450612187385559,0
/home/anitadonato/tcc/tcc/data/lfw/lfw-funneled/Fidel_Castro/Fidel_Castro_0004.jpg,/home/anitadonato/tcc/tcc/data/lfw/lfw-funneled/Habib_Rizieq/Habib_Rizieq_0004.jpg,0.20343178510665894,0
/home/anitadonato/tcc/tcc/data/lfw/lfw-funneled/John_Ashcroft/John_Ashcroft_0005.jpg,/home/anitadonato/tcc/tcc/data/lfw/lfw-funneled/Pamela_Anderson/Pamela_Anderson_0002.jpg,0.18807536363601685,0
/home/anitadonato/tcc/tcc/data/lfw/lfw-funneled/Jean-Pierre_Raffarin/Jean-Pierre_Raffarin_0004.jpg,/home/anitadonato/tcc/tcc/data/lfw/lfw-funneled/Amelie_Mauresmo/Amelie_Mauresmo_0004.jpg,0.192920982837677,0
/home/anitadonato/tcc/tcc/data/lfw/lfw-funneled/Roger_Federer/Roger_Federer_0005.jpg,/home/anitadonato/tcc/tcc/data/lfw/lfw-funneled/Sergey_Lavrov/Sergey_Lavrov_0004.jpg,0.22004568576812744,0
/home/anitadonato/tcc/tcc/data/lfw/lfw-funneled/Catherine_Zeta-Jones/Catherine_Zeta-Jones_0005.jpg,/home/anitadonato/tcc/tcc/data/lfw/lfw-funneled/Jiri_Novak/Jiri_Novak_0001.jpg,0.22499185800552368,0
/home/anitadonato/tcc/tcc/data/lfw/lfw-funneled/Natalie_Coughlin/Natalie_Coughlin_0003.jpg,/home/anitadonato/tcc/tcc/data/lfw/lfw-funneled/John_Snow/John_Snow_0004.jpg,0.23765194416046143,0
/home/anitadonato/tcc/tcc/data/lfw/lfw-funneled/JK_Rowling/JK_Rowling_0003.jpg,/home/anitadonato/tcc/tcc/data/lfw/lfw-funneled/Mohamed_ElBaradei/Mohamed_ElBaradei_0003.jpg,0.19326215982437134,0
/home/anitadonato/tcc/tcc/data/lfw/lfw-funneled/Hugh_Grant/Hugh_Grant_0001.jpg,/home/anitadonato/tcc/tcc/data/lfw/lfw-funneled/George_HW_Bush/George_HW_Bush_0003.jpg,0.14437121152877808,0
/home/anitadonato/tcc/tcc/data/lfw/lfw-funneled/Paul_McCartney/Paul_McCartney_0004.jpg,/home/anitadonato/tcc/tcc/data/lfw/lfw-funneled/Russell_Simmons/Russell_Simmons_0004.jpg,0.1932363510131836,0
/home/anitadonato/tcc/tcc/data/lfw/lfw-funneled/Jacques_Chirac/Jacques_Chirac_0002.jpg,/home/anitadonato/tcc/tcc/data/lfw/lfw-funneled/Michael_Chiklis/Michael_Chiklis_0005.jpg,0.21081596612930298,0
/home/anitadonato/tcc/tcc/data/lfw/lfw-funneled/Jacques_Chirac/Jacques_Chirac_0005.jpg,/home/anitadonato/tcc/tcc/data/lfw/lfw-funneled/Jeremy_Greenstock/Jeremy_Greenstock_0003.jpg,0.1945851445198059,0
/home/anitadonato/tcc/tcc/data/lfw/lfw-funneled/Catherine_Zeta-Jones/Catherine_Zeta-Jones_0002.jpg,/home/anitadonato/tcc/tcc/data/lfw/lfw-funneled/Martha_Stewart/Martha_Stewart_0003.jpg,0.2869197726249695,0
/home/anitadonato/tcc/tcc/data/lfw/lfw-funneled/Al_Sharpton/Al_Sharpton_0001.jpg,/home/anitadonato/tcc/tcc/data/lfw/lfw-funneled/Alvaro_Uribe/Alvaro_Uribe_0001.jpg,0.226514995098114,0
/home/anitadonato/tcc/tcc/data/lfw/lfw-funneled/Tiger_Woods/Tiger_Woods_0001.jpg,/home/anitadonato/tcc/tcc/data/lfw/lfw-funneled/Fernando_Gonzalez/Fernando_Gonzalez_0005.jpg,0.13688045740127563,0
/home/anitadonato/tcc/tcc/data/lfw/lfw-funneled/Spencer_Abraham/Spencer_Abraham_0004.jpg,/home/anitadonato/tcc/tcc/data/lfw/lfw-funneled/Maria_Shriver/Maria_Shriver_0003.jpg,0.16032195091247559,0
/home/anitadonato/tcc/tcc/data/lfw/lfw-funneled/John_Negroponte/John_Negroponte_0003.jpg,/home/anitadonato/tcc/tcc/data/lfw/lfw-funneled/Rob_Marshall/Rob_Marshall_0003.jpg,0.15294599533081055,0
/home/anitadonato/tcc/tcc/data/lfw/lfw-funneled/Jeremy_Greenstock/Jeremy_Greenstock_0001.jpg,/home/anitadonato/tcc/tcc/data/lfw/lfw-funneled/Thaksin_Shinawatra/Thaksin_Shinawatra_0005.jpg,0.18770277500152588,0
/home/anitadonato/tcc/tcc/data/lfw/lfw-funneled/Amelia_Vega/Amelia_Vega_0005.jpg,/home/anitadonato/tcc/tcc/data/lfw/lfw-funneled/Paul_Martin/Paul_Martin_0002.jpg,0.1791059970855713,0
/home/anitadonato/tcc/tcc/data/lfw/lfw-funneled/Denzel_Washington/Denzel_Washington_0001.jpg,/home/anitadonato/tcc/tcc/data/lfw/lfw-funneled/Jean-David_Levitte/Jean-David_Levitte_0001.jpg,0.17781078815460205,0
/home/anitadonato/tcc/tcc/data/lfw/lfw-funneled/Pedro_Malan/Pedro_Malan_0002.jpg,/home/anitadonato/tcc/tcc/data/lfw/lfw-funneled/Megawati_Sukarnoputri/Megawati_Sukarnoputri_0004.jpg,0.18323266506195068,0
/home/anitadonato/tcc/tcc/data/lfw/lfw-funneled/Kurt_Warner/Kurt_Warner_0005.jpg,/home/anitadonato/tcc/tcc/data/lfw/lfw-funneled/Sylvester_Stallone/Sylvester_Stallone_0002.jpg,0.1569763422012329,0
/home/anitadonato/tcc/tcc/data/lfw/lfw-funneled/Sharon_Stone/Sharon_Stone_0002.jpg,/home/anitadonato/tcc/tcc/data/lfw/lfw-funneled/Luis_Horna/Luis_Horna_0003.jpg,0.23689115047454834,0
/home/anitadonato/tcc/tcc/data/lfw/lfw-funneled/Li_Peng/Li_Peng_0001.jpg,/home/anitadonato/tcc/tcc/data/lfw/lfw-funneled/Paradorn_Srichaphan/Paradorn_Srichaphan_0004.jpg,0.12867063283920288,0
/home/anitadonato/tcc/tcc/data/lfw/lfw-funneled/Sourav_Ganguly/Sourav_Ganguly_0004.jpg,/home/anitadonato/tcc/tcc/data/lfw/lfw-funneled/Kristanna_Loken/Kristanna_Loken_0003.jpg,0.2091701626777649,0
/home/anitadonato/tcc/tcc/data/lfw/lfw-funneled/Benjamin_Netanyahu/Benjamin_Netanyahu_0001.jpg,/home/anitadonato/tcc/tcc/data/lfw/lfw-funneled/Colin_Powell/Colin_Powell_0003.jpg,0.19816040992736816,0
/home/anitadonato/tcc/tcc/data/lfw/lfw-funneled/Princess_Caroline/Princess_Caroline_0004.jpg,/home/anitadonato/tcc/tcc/data/lfw/lfw-funneled/Kevin_Costner/Kevin_Costner_0004.jpg,0.19902610778808594,0
/home/anitadonato/tcc/tcc/data/lfw/lfw-funneled/Peter_Struck/Peter_Struck_0003.jpg,/home/anitadonato/tcc/tcc/data/lfw/lfw-funneled/Kevin_Costner/Kevin_Costner_0003.jpg,0.20299410820007324,0
/home/anitadonato/tcc/tcc/data/lfw/lfw-funneled/Vladimir_Putin/Vladimir_Putin_0001.jpg,/home/anitadonato/tcc/tcc/data/lfw/lfw-funneled/Clara_Harris/Clara_Harris_0004.jpg,0.22511011362075806,0
/home/anitadonato/tcc/tcc/data/lfw/lfw-funneled/Hal_Gehman/Hal_Gehman_0004.jpg,/home/anitadonato/tcc/tcc/data/lfw/lfw-funneled/JK_Rowling/JK_Rowling_0002.jpg,0.19479984045028687,0
/home/anitadonato/tcc/tcc/data/lfw/lfw-funneled/Alejandro_Toledo/Alejandro_Toledo_0001.jpg,/home/anitadonato/tcc/tcc/data/lfw/lfw-funneled/Christine_Baumgartner/Christine_Baumgartner_0002.jpg,0.19974297285079956,0
/home/anitadonato/tcc/tcc/data/lfw/lfw-funneled/Michelle_Yeoh/Michelle_Yeoh_0004.jpg,/home/anitadonato/tcc/tcc/data/lfw/lfw-funneled/Kristanna_Loken/Kristanna_Loken_0002.jpg,0.21617788076400757,0
/home/anitadonato/tcc/tcc/data/lfw/lfw-funneled/Michael_Schumacher/Michael_Schumacher_0001.jpg,/home/anitadonato/tcc/tcc/data/lfw/lfw-funneled/Maria_Soledad_Alvear_Valenzuela/Maria_Soledad_Alvear_Valenzuela_0004.jpg,0.20047801733016968,0
/home/anitadonato/tcc/tcc/data/lfw/lfw-funneled/Julie_Gerberding/Julie_Gerberding_0001.jpg,/home/anitadonato/tcc/tcc/data/lfw/lfw-funneled/Anna_Kournikova/Anna_Kournikova_0001.jpg,0.17404687404632568,0
/home/anitadonato/tcc/tcc/data/lfw/lfw-funneled/Bob_Hope/Bob_Hope_0003.jpg,/home/anitadonato/tcc/tcc/data/lfw/lfw-funneled/Silvio_Berlusconi/Silvio_Berlusconi_0004.jpg,0.2467249631881714,0
/home/anitadonato/tcc/tcc/data/lfw/lfw-funneled/Heidi_Klum/Heidi_Klum_0002.jpg,/home/anitadonato/tcc/tcc/data/lfw/lfw-funneled/Mark_Hurlbert/Mark_Hurlbert_0001.jpg,0.24338555335998535,0
/home/anitadonato/tcc/tcc/data/lfw/lfw-funneled/Bulent_Ecevit/Bulent_Ecevit_0004.jpg,/home/anitadonato/tcc/tcc/data/lfw/lfw-funneled/Kalpana_Chawla/Kalpana_Chawla_0003.jpg,0.19359225034713745,0
/home/anitadonato/tcc/tcc/data/lfw/lfw-funneled/Wayne_Ferreira/Wayne_Ferreira_0003.jpg,/home/anitadonato/tcc/tcc/data/lfw/lfw-funneled/Angela_Merkel/Angela_Merkel_0004.jpg,0.19768017530441284,0
/home/anitadonato/tcc/tcc/data/lfw/lfw-funneled/Kofi_Annan/Kofi_Annan_0005.jpg,/home/anitadonato/tcc/tcc/data/lfw/lfw-funneled/Richard_Myers/Richard_Myers_0004.jpg,0.1760772466659546,0
/home/anitadonato/tcc/tcc/data/lfw/lfw-funneled/Joseph_Biden/Joseph_Biden_0004.jpg,/home/anitadonato/tcc/tcc/data/lfw/lfw-funneled/Lindsay_Davenport/Lindsay_Davenport_0001.jpg,0.23549509048461914,0
/home/anitadonato/tcc/tcc/data/lfw/lfw-funneled/Michelle_Yeoh/Michelle_Yeoh_0001.jpg,/home/anitadonato/tcc/tcc/data/lfw/lfw-funneled/Bill_Gates/Bill_Gates_0004.jpg,0.2969236373901367,0
/home/anitadonato/tcc/tcc/data/lfw/lfw-funneled/Martha_Stewart/Martha_Stewart_0004.jpg,/home/anitadonato/tcc/tcc/data/lfw/lfw-funneled/Michael_Powell/Michael_Powell_0001.jpg,0.2129044532775879,0
/home/anitadonato/tcc/tcc/data/lfw/lfw-funneled/Zhu_Rongji/Zhu_Rongji_0003.jpg,/home/anitadonato/tcc/tcc/data/lfw/lfw-funneled/Ludivine_Sagnier/Ludivine_Sagnier_0003.jpg,0.20385175943374634,0
/home/anitadonato/tcc/tcc/data/lfw/lfw-funneled/Amelie_Mauresmo/Amelie_Mauresmo_0004.jpg,/home/anitadonato/tcc/tcc/data/lfw/lfw-funneled/John_Ashcroft/John_Ashcroft_0001.jpg,0.17487424612045288,0
/home/anitadonato/tcc/tcc/data/lfw/lfw-funneled/Cruz_Bustamante/Cruz_Bustamante_0001.jpg,/home/anitadonato/tcc/tcc/data/lfw/lfw-funneled/Alejandro_Toledo/Alejandro_Toledo_0003.jpg,0.1913468837738037,0
/home/anitadonato/tcc/tcc/data/lfw/lfw-funneled/John_Snow/John_Snow_0001.jpg,/home/anitadonato/tcc/tcc/data/lfw/lfw-funneled/David_Trimble/David_Trimble_0004.jpg,0.15255898237228394,0
/home/anitadonato/tcc/tcc/data/lfw/lfw-funneled/Charlton_Heston/Charlton_Heston_0003.jpg,/home/anitadonato/tcc/tcc/data/lfw/lfw-funneled/Kristanna_Loken/Kristanna_Loken_0002.jpg,0.338881254196167,0
/home/anitadonato/tcc/tcc/data/lfw/lfw-funneled/Vladimir_Putin/Vladimir_Putin_0001.jpg,/home/anitadonato/tcc/tcc/data/lfw/lfw-funneled/Carmen_Electra/Carmen_Electra_0004.jpg,0.20638662576675415,0
/home/anitadonato/tcc/tcc/data/lfw/lfw-funneled/Tung_Chee-hwa/Tung_Chee-hwa_0003.jpg,/home/anitadonato/tcc/tcc/data/lfw/lfw-funneled/Joe_Lieberman/Joe_Lieberman_0004.jpg,0.2202780842781067,0
/home/anitadonato/tcc/tcc/data/lfw/lfw-funneled/Robert_De_Niro/Robert_De_Niro_0003.jpg,/home/anitadonato/tcc/tcc/data/lfw/lfw-funneled/Cruz_Bustamante/Cruz_Bustamante_0004.jpg,0.12896329164505005,0
/home/anitadonato/tcc/tcc/data/lfw/lfw-funneled/Matthew_Perry/Matthew_Perry_0004.jpg,/home/anitadonato/tcc/tcc/data/lfw/lfw-funneled/Cruz_Bustamante/Cruz_Bustamante_0002.jpg,0.21665489673614502,0
/home/anitadonato/tcc/tcc/data/lfw/lfw-funneled/Ai_Sugiyama/Ai_Sugiyama_0002.jpg,/home/anitadonato/tcc/tcc/data/lfw/lfw-funneled/Bulent_Ecevit/Bulent_Ecevit_0001.jpg,0.2052440643310547,0
/home/anitadonato/tcc/tcc/data/lfw/lfw-funneled/Andre_Agassi/Andre_Agassi_0002.jpg,/home/anitadonato/tcc/tcc/data/lfw/lfw-funneled/Paul_ONeill/Paul_ONeill_0004.jpg,0.2070426344871521,0
/home/anitadonato/tcc/tcc/data/lfw/lfw-funneled/George_Lopez/George_Lopez_0005.jpg,/home/anitadonato/tcc/tcc/data/lfw/lfw-funneled/Ana_Palacio/Ana_Palacio_0003.jpg,0.21353912353515625,0
/home/anitadonato/tcc/tcc/data/lfw/lfw-funneled/Mark_Hurlbert/Mark_Hurlbert_0004.jpg,/home/anitadonato/tcc/tcc/data/lfw/lfw-funneled/John_Snow/John_Snow_0001.jpg,0.22286701202392578,0
/home/anitadonato/tcc/tcc/data/lfw/lfw-funneled/Bulent_Ecevit/Bulent_Ecevit_0001.jpg,/home/anitadonato/tcc/tcc/data/lfw/lfw-funneled/Winona_Ryder/Winona_Ryder_0003.jpg,0.19732940196990967,0
/home/anitadonato/tcc/tcc/data/lfw/lfw-funneled/Andre_Agassi/Andre_Agassi_0004.jpg,/home/anitadonato/tcc/tcc/data/lfw/lfw-funneled/Rudolph_Giuliani/Rudolph_Giuliani_0001.jpg,0.1826762557029724,0
/home/anitadonato/tcc/tcc/data/lfw/lfw-funneled/Mike_Myers/Mike_Myers_0005.jpg,/home/anitadonato/tcc/tcc/data/lfw/lfw-funneled/Paul_McCartney/Paul_McCartney_0004.jpg,0.1750996708869934,0
/home/anitadonato/tcc/tcc/data/lfw/lfw-funneled/Catherine_Zeta-Jones/Catherine_Zeta-Jones_0002.jpg,/home/anitadonato/tcc/tcc/data/lfw/lfw-funneled/Ludivine_Sagnier/Ludivine_Sagnier_0005.jpg,0.2555224895477295,0
/home/anitadonato/tcc/tcc/data/lfw/lfw-funneled/Ian_Thorpe/Ian_Thorpe_0001.jpg,/home/anitadonato/tcc/tcc/data/lfw/lfw-funneled/Bob_Hope/Bob_Hope_0002.jpg,0.3009706735610962,0
/home/anitadonato/tcc/tcc/data/lfw/lfw-funneled/Christine_Baumgartner/Christine_Baumgartner_0001.jpg,/home/anitadonato/tcc/tcc/data/lfw/lfw-funneled/Paul_McCartney/Paul_McCartney_0004.jpg,0.15779095888137817,0
/home/anitadonato/tcc/tcc/data/lfw/lfw-funneled/Valery_Giscard_dEstaing/Valery_Giscard_dEstaing_0002.jpg,/home/anitadonato/tcc/tcc/data/lfw/lfw-funneled/Yoko_Ono/Yoko_Ono_0002.jpg,0.2632232904434204,0
/home/anitadonato/tcc/tcc/data/lfw/lfw-funneled/Tiger_Woods/Tiger_Woods_0001.jpg,/home/anitadonato/tcc/tcc/data/lfw/lfw-funneled/Woody_Allen/Woody_Allen_0003.jpg,0.2332201600074768,0
/home/anitadonato/tcc/tcc/data/lfw/lfw-funneled/Natalie_Coughlin/Natalie_Coughlin_0005.jpg,/home/anitadonato/tcc/tcc/data/lfw/lfw-funneled/Vanessa_Redgrave/Vanessa_Redgrave_0002.jpg,0.2074069380760193,0
/home/anitadonato/tcc/tcc/data/lfw/lfw-funneled/Paul_ONeill/Paul_ONeill_0001.jpg,/home/anitadonato/tcc/tcc/data/lfw/lfw-funneled/Ana_Palacio/Ana_Palacio_0001.jpg,0.21466487646102905,0
/home/anitadonato/tcc/tcc/data/lfw/lfw-funneled/Mark_Hurlbert/Mark_Hurlbert_0005.jpg,/home/anitadonato/tcc/tcc/data/lfw/lfw-funneled/Martin_Scorsese/Martin_Scorsese_0002.jpg,0.26046693325042725,0
/home/anitadonato/tcc/tcc/data/lfw/lfw-funneled/Ana_Palacio/Ana_Palacio_0004.jpg,/home/anitadonato/tcc/tcc/data/lfw/lfw-funneled/Hal_Gehman/Hal_Gehman_0003.jpg,0.20783090591430664,0
/home/anitadonato/tcc/tcc/data/lfw/lfw-funneled/Natalie_Maines/Natalie_Maines_0004.jpg,/home/anitadonato/tcc/tcc/data/lfw/lfw-funneled/Catherine_Zeta-Jones/Catherine_Zeta-Jones_0003.jpg,0.19423359632492065,0
/home/anitadonato/tcc/tcc/data/lfw/lfw-funneled/Kate_Hudson/Kate_Hudson_0005.jpg,/home/anitadonato/tcc/tcc/data/lfw/lfw-funneled/Maria_Shriver/Maria_Shriver_0005.jpg,0.20291370153427124,0
/home/anitadonato/tcc/tcc/data/lfw/lfw-funneled/Ai_Sugiyama/Ai_Sugiyama_0002.jpg,/home/anitadonato/tcc/tcc/data/lfw/lfw-funneled/Halle_Berry/Halle_Berry_0001.jpg,0.1749720573425293,0
/home/anitadonato/tcc/tcc/data/lfw/lfw-funneled/Paul_ONeill/Paul_ONeill_0003.jpg,/home/anitadonato/tcc/tcc/data/lfw/lfw-funneled/Woody_Allen/Woody_Allen_0001.jpg,0.26083052158355713,0
/home/anitadonato/tcc/tcc/data/lfw/lfw-funneled/Kate_Hudson/Kate_Hudson_0002.jpg,/home/anitadonato/tcc/tcc/data/lfw/lfw-funneled/Sourav_Ganguly/Sourav_Ganguly_0004.jpg,0.2815619707107544,0
/home/anitadonato/tcc/tcc/data/lfw/lfw-funneled/Jennifer_Capriati/Jennifer_Capriati_0003.jpg,/home/anitadonato/tcc/tcc/data/lfw/lfw-funneled/Luis_Horna/Luis_Horna_0005.jpg,0.1623159646987915,0
/home/anitadonato/tcc/tcc/data/lfw/lfw-funneled/Fidel_Castro/Fidel_Castro_0002.jpg,/home/anitadonato/tcc/tcc/data/lfw/lfw-funneled/Clara_Harris/Clara_Harris_0005.jpg,0.19600337743759155,0
/home/anitadonato/tcc/tcc/data/lfw/lfw-funneled/Rudolph_Giuliani/Rudolph_Giuliani_0001.jpg,/home/anitadonato/tcc/tcc/data/lfw/lfw-funneled/Hillary_Clinton/Hillary_Clinton_0005.jpg,0.21635544300079346,0
/home/anitadonato/tcc/tcc/data/lfw/lfw-funneled/Tony_Blair/Tony_Blair_0002.jpg,/home/anitadonato/tcc/tcc/data/lfw/lfw-funneled/Michael_Powell/Michael_Powell_0001.jpg,0.19669175148010254,0
/home/anitadonato/tcc/tcc/data/lfw/lfw-funneled/Richard_Gere/Richard_Gere_0001.jpg,/home/anitadonato/tcc/tcc/data/lfw/lfw-funneled/George_Robertson/George_Robertson_0001.jpg,0.27791357040405273,0
/home/anitadonato/tcc/tcc/data/lfw/lfw-funneled/Vladimir_Putin/Vladimir_Putin_0005.jpg,/home/anitadonato/tcc/tcc/data/lfw/lfw-funneled/Pedro_Malan/Pedro_Malan_0003.jpg,0.2231237292289734,0
/home/anitadonato/tcc/tcc/data/lfw/lfw-funneled/Nia_Vardalos/Nia_Vardalos_0004.jpg,/home/anitadonato/tcc/tcc/data/lfw/lfw-funneled/Hosni_Mubarak/Hosni_Mubarak_0002.jpg,0.1996179223060608,0
/home/anitadonato/tcc/tcc/data/lfw/lfw-funneled/Ann_Veneman/Ann_Veneman_0003.jpg,/home/anitadonato/tcc/tcc/data/lfw/lfw-funneled/Costas_Simitis/Costas_Simitis_0005.jpg,0.2301555871963501,0
/home/anitadonato/tcc/tcc/data/lfw/lfw-funneled/Gonzalo_Sanchez_de_Lozada/Gonzalo_Sanchez_de_Lozada_0002.jpg,/home/anitadonato/tcc/tcc/data/lfw/lfw-funneled/Fernando_Gonzalez/Fernando_Gonzalez_0002.jpg,0.22545671463012695,0
/home/anitadonato/tcc/tcc/data/lfw/lfw-funneled/JK_Rowling/JK_Rowling_0001.jpg,/home/anitadonato/tcc/tcc/data/lfw/lfw-funneled/Hosni_Mubarak/Hosni_Mubarak_0005.jpg,0.137107253074646,0
/home/anitadonato/tcc/tcc/data/lfw/lfw-funneled/John_Paul_II/John_Paul_II_0004.jpg,/home/anitadonato/tcc/tcc/data/lfw/lfw-funneled/Julie_Gerberding/Julie_Gerberding_0005.jpg,0.21757256984710693,0
/home/anitadonato/tcc/tcc/data/lfw/lfw-funneled/Pedro_Malan/Pedro_Malan_0003.jpg,/home/anitadonato/tcc/tcc/data/lfw/lfw-funneled/John_Manley/John_Manley_0003.jpg,0.25599759817123413,0
/home/anitadonato/tcc/tcc/data/lfw/lfw-funneled/Silvan_Shalom/Silvan_Shalom_0005.jpg,/home/anitadonato/tcc/tcc/data/lfw/lfw-funneled/Carlos_Moya/Carlos_Moya_0002.jpg,0.23246759176254272,0
/home/anitadonato/tcc/tcc/data/lfw/lfw-funneled/Jeremy_Greenstock/Jeremy_Greenstock_0005.jpg,/home/anitadonato/tcc/tcc/data/lfw/lfw-funneled/Kate_Hudson/Kate_Hudson_0001.jpg,0.1698494553565979,0
/home/anitadonato/tcc/tcc/data/lfw/lfw-funneled/Valery_Giscard_dEstaing/Valery_Giscard_dEstaing_0005.jpg,/home/anitadonato/tcc/tcc/data/lfw/lfw-funneled/Salma_Hayek/Salma_Hayek_0005.jpg,0.1924116611480713,0
/home/anitadonato/tcc/tcc/data/lfw/lfw-funneled/John_Negroponte/John_Negroponte_0002.jpg,/home/anitadonato/tcc/tcc/data/lfw/lfw-funneled/Habib_Rizieq/Habib_Rizieq_0003.jpg,0.22766298055648804,0
/home/anitadonato/tcc/tcc/data/lfw/lfw-funneled/Billy_Crystal/Billy_Crystal_0001.jpg,/home/anitadonato/tcc/tcc/data/lfw/lfw-funneled/Jeremy_Greenstock/Jeremy_Greenstock_0002.jpg,0.1559721827507019,0
/home/anitadonato/tcc/tcc/data/lfw/lfw-funneled/Maria_Shriver/Maria_Shriver_0004.jpg,/home/anitadonato/tcc/tcc/data/lfw/lfw-funneled/Pamela_Anderson/Pamela_Anderson_0002.jpg,0.12400388717651367,0
/home/anitadonato/tcc/tcc/data/lfw/lfw-funneled/Tommy_Franks/Tommy_Franks_0001.jpg,/home/anitadonato/tcc/tcc/data/lfw/lfw-funneled/Juan_Pablo_Montoya/Juan_Pablo_Montoya_0001.jpg,0.20508086681365967,0
/home/anitadonato/tcc/tcc/data/lfw/lfw-funneled/Alejandro_Toledo/Alejandro_Toledo_0003.jpg,/home/anitadonato/tcc/tcc/data/lfw/lfw-funneled/Hans_Blix/Hans_Blix_0002.jpg,0.18252646923065186,0
/home/anitadonato/tcc/tcc/data/lfw/lfw-funneled/Lindsay_Davenport/Lindsay_Davenport_0003.jpg,/home/anitadonato/tcc/tcc/data/lfw/lfw-funneled/Eduardo_Duhalde/Eduardo_Duhalde_0005.jpg,0.21739733219146729,0
/home/anitadonato/tcc/tcc/data/lfw/lfw-funneled/Charlton_Heston/Charlton_Heston_0001.jpg,/home/anitadonato/tcc/tcc/data/lfw/lfw-funneled/Vanessa_Redgrave/Vanessa_Redgrave_0001.jpg,0.21439629793167114,0
/home/anitadonato/tcc/tcc/data/lfw/lfw-funneled/Robert_Zoellick/Robert_Zoellick_0005.jpg,/home/anitadonato/tcc/tcc/data/lfw/lfw-funneled/Billy_Crystal/Billy_Crystal_0002.jpg,0.20440489053726196,0
/home/anitadonato/tcc/tcc/data/lfw/lfw-funneled/Tommy_Franks/Tommy_Franks_0004.jpg,/home/anitadonato/tcc/tcc/data/lfw/lfw-funneled/Christine_Todd_Whitman/Christine_Todd_Whitman_0005.jpg,0.20333588123321533,0
/home/anitadonato/tcc/tcc/data/lfw/lfw-funneled/William_Ford_Jr/William_Ford_Jr_0002.jpg,/home/anitadonato/tcc/tcc/data/lfw/lfw-funneled/Bob_Hope/Bob_Hope_0004.jpg,0.2515099048614502,0
/home/anitadonato/tcc/tcc/data/lfw/lfw-funneled/Paul_ONeill/Paul_ONeill_0003.jpg,/home/anitadonato/tcc/tcc/data/lfw/lfw-funneled/Condoleezza_Rice/Condoleezza_Rice_0004.jpg,0.2650347352027893,0
/home/anitadonato/tcc/tcc/data/lfw/lfw-funneled/Pervez_Musharraf/Pervez_Musharraf_0003.jpg,/home/anitadonato/tcc/tcc/data/lfw/lfw-funneled/Gerhard_Schroeder/Gerhard_Schroeder_0002.jpg,0.18097686767578125,0
/home/anitadonato/tcc/tcc/data/lfw/lfw-funneled/Michael_Powell/Michael_Powell_0003.jpg,/home/anitadonato/tcc/tcc/data/lfw/lfw-funneled/Sharon_Stone/Sharon_Stone_0002.jpg,0.2337011694908142,0
/home/anitadonato/tcc/tcc/data/lfw/lfw-funneled/Elizabeth_Smart/Elizabeth_Smart_0004.jpg,/home/anitadonato/tcc/tcc/data/lfw/lfw-funneled/Renee_Zellweger/Renee_Zellweger_0002.jpg,0.2458256483078003,0
/home/anitadonato/tcc/tcc/data/lfw/lfw-funneled/Tony_Blair/Tony_Blair_0001.jpg,/home/anitadonato/tcc/tcc/data/lfw/lfw-funneled/John_Negroponte/John_Negroponte_0004.jpg,0.29961973428726196,0
/home/anitadonato/tcc/tcc/data/lfw/lfw-funneled/Russell_Simmons/Russell_Simmons_0001.jpg,/home/anitadonato/tcc/tcc/data/lfw/lfw-funneled/Richard_Gere/Richard_Gere_0004.jpg,0.238444983959198,0
/home/anitadonato/tcc/tcc/data/lfw/lfw-funneled/Sergey_Lavrov/Sergey_Lavrov_0005.jpg,/home/anitadonato/tcc/tcc/data/lfw/lfw-funneled/Cesar_Gaviria/Cesar_Gaviria_0004.jpg,0.1741507649421692,0
/home/anitadonato/tcc/tcc/data/lfw/lfw-funneled/Vladimir_Putin/Vladimir_Putin_0003.jpg,/home/anitadonato/tcc/tcc/data/lfw/lfw-funneled/George_Lopez/George_Lopez_0002.jpg,0.20400768518447876,0
/home/anitadonato/tcc/tcc/data/lfw/lfw-funneled/Mike_Weir/Mike_Weir_0002.jpg,/home/anitadonato/tcc/tcc/data/lfw/lfw-funneled/Andre_Agassi/Andre_Agassi_0003.jpg,0.30587685108184814,0
/home/anitadonato/tcc/tcc/data/lfw/lfw-funneled/Hugh_Grant/Hugh_Grant_0003.jpg,/home/anitadonato/tcc/tcc/data/lfw/lfw-funneled/Hal_Gehman/Hal_Gehman_0002.jpg,0.19365131855010986,0
/home/anitadonato/tcc/tcc/data/lfw/lfw-funneled/Thaksin_Shinawatra/Thaksin_Shinawatra_0005.jpg,/home/anitadonato/tcc/tcc/data/lfw/lfw-funneled/Hosni_Mubarak/Hosni_Mubarak_0001.jpg,0.11795777082443237,0
/home/anitadonato/tcc/tcc/data/lfw/lfw-funneled/Victoria_Clarke/Victoria_Clarke_0001.jpg,/home/anitadonato/tcc/tcc/data/lfw/lfw-funneled/Hillary_Clinton/Hillary_Clinton_0004.jpg,0.22158604860305786,0
/home/anitadonato/tcc/tcc/data/lfw/lfw-funneled/Mike_Weir/Mike_Weir_0002.jpg,/home/anitadonato/tcc/tcc/data/lfw/lfw-funneled/Silvan_Shalom/Silvan_Shalom_0003.jpg,0.2019842267036438,0
/home/anitadonato/tcc/tcc/data/lfw/lfw-funneled/John_Negroponte/John_Negroponte_0005.jpg,/home/anitadonato/tcc/tcc/data/lfw/lfw-funneled/Li_Peng/Li_Peng_0002.jpg,0.21350336074829102,0
/home/anitadonato/tcc/tcc/data/lfw/lfw-funneled/Jean-David_Levitte/Jean-David_Levitte_0002.jpg,/home/anitadonato/tcc/tcc/data/lfw/lfw-funneled/JK_Rowling/JK_Rowling_0005.jpg,0.24450117349624634,0
/home/anitadonato/tcc/tcc/data/lfw/lfw-funneled/Carmen_Electra/Carmen_Electra_0001.jpg,/home/anitadonato/tcc/tcc/data/lfw/lfw-funneled/Muhammad_Saeed_al-Sahhaf/Muhammad_Saeed_al-Sahhaf_0004.jpg,0.2553526759147644,0
/home/anitadonato/tcc/tcc/data/lfw/lfw-funneled/Tom_Daschle/Tom_Daschle_0002.jpg,/home/anitadonato/tcc/tcc/data/lfw/lfw-funneled/Christine_Baumgartner/Christine_Baumgartner_0005.jpg,0.1355099081993103,0
/home/anitadonato/tcc/tcc/data/lfw/lfw-funneled/Pamela_Anderson/Pamela_Anderson_0003.jpg,/home/anitadonato/tcc/tcc/data/lfw/lfw-funneled/Habib_Rizieq/Habib_Rizieq_0001.jpg,0.18366456031799316,0
/home/anitadonato/tcc/tcc/data/lfw/lfw-funneled/Trent_Lott/Trent_Lott_0002.jpg,/home/anitadonato/tcc/tcc/data/lfw/lfw-funneled/Martin_McGuinness/Martin_McGuinness_0002.jpg,0.21384918689727783,0
/home/anitadonato/tcc/tcc/data/lfw/lfw-funneled/Robert_Blake/Robert_Blake_0005.jpg,/home/anitadonato/tcc/tcc/data/lfw/lfw-funneled/Lindsay_Davenport/Lindsay_Davenport_0002.jpg,0.22153091430664062,0
/home/anitadonato/tcc/tcc/data/lfw/lfw-funneled/Paul_ONeill/Paul_ONeill_0005.jpg,/home/anitadonato/tcc/tcc/data/lfw/lfw-funneled/Wayne_Ferreira/Wayne_Ferreira_0001.jpg,0.18216639757156372,0
/home/anitadonato/tcc/tcc/data/lfw/lfw-funneled/Nia_Vardalos/Nia_Vardalos_0001.jpg,/home/anitadonato/tcc/tcc/data/lfw/lfw-funneled/Yoko_Ono/Yoko_Ono_0004.jpg,0.2057257890701294,0
/home/anitadonato/tcc/tcc/data/lfw/lfw-funneled/John_Stockton/John_Stockton_0005.jpg,/home/anitadonato/tcc/tcc/data/lfw/lfw-funneled/Kristanna_Loken/Kristanna_Loken_0001.jpg,0.2804608941078186,0
/home/anitadonato/tcc/tcc/data/lfw/lfw-funneled/Rainer_Schuettler/Rainer_Schuettler_0004.jpg,/home/anitadonato/tcc/tcc/data/lfw/lfw-funneled/John_Travolta/John_Travolta_0004.jpg,0.20387381315231323,0
/home/anitadonato/tcc/tcc/data/lfw/lfw-funneled/Luis_Horna/Luis_Horna_0004.jpg,/home/anitadonato/tcc/tcc/data/lfw/lfw-funneled/Elizabeth_Smart/Elizabeth_Smart_0004.jpg,0.23577779531478882,0
/home/anitadonato/tcc/tcc/data/lfw/lfw-funneled/Queen_Rania/Queen_Rania_0005.jpg,/home/anitadonato/tcc/tcc/data/lfw/lfw-funneled/Matthew_Perry/Matthew_Perry_0001.jpg,0.1809822916984558,0
/home/anitadonato/tcc/tcc/data/lfw/lfw-funneled/Hosni_Mubarak/Hosni_Mubarak_0004.jpg,/home/anitadonato/tcc/tcc/data/lfw/lfw-funneled/John_Stockton/John_Stockton_0002.jpg,0.261999249458313,0
/home/anitadonato/tcc/tcc/data/lfw/lfw-funneled/Alejandro_Toledo/Alejandro_Toledo_0001.jpg,/home/anitadonato/tcc/tcc/data/lfw/lfw-funneled/Amelia_Vega/Amelia_Vega_0004.jpg,0.16006815433502197,0
/home/anitadonato/tcc/tcc/data/lfw/lfw-funneled/Juan_Pablo_Montoya/Juan_Pablo_Montoya_0002.jpg,/home/anitadonato/tcc/tcc/data/lfw/lfw-funneled/David_Anderson/David_Anderson_0004.jpg,0.20857101678848267,0
/home/anitadonato/tcc/tcc/data/lfw/lfw-funneled/Silvio_Berlusconi/Silvio_Berlusconi_0005.jpg,/home/anitadonato/tcc/tcc/data/lfw/lfw-funneled/Gerhard_Schroeder/Gerhard_Schroeder_0001.jpg,0.18217134475708008,0
/home/anitadonato/tcc/tcc/data/lfw/lfw-funneled/Vanessa_Redgrave/Vanessa_Redgrave_0002.jpg,/home/anitadonato/tcc/tcc/data/lfw/lfw-funneled/Habib_Rizieq/Habib_Rizieq_0004.jpg,0.19418442249298096,0
/home/anitadonato/tcc/tcc/data/lfw/lfw-funneled/Boris_Becker/Boris_Becker_0004.jpg,/home/anitadonato/tcc/tcc/data/lfw/lfw-funneled/Zinedine_Zidane/Zinedine_Zidane_0001.jpg,0.1658397912979126,0
/home/anitadonato/tcc/tcc/data/lfw/lfw-funneled/John_Manley/John_Manley_0004.jpg,/home/anitadonato/tcc/tcc/data/lfw/lfw-funneled/Bob_Hope/Bob_Hope_0003.jpg,0.20119953155517578,0
/home/anitadonato/tcc/tcc/data/lfw/lfw-funneled/John_Travolta/John_Travolta_0003.jpg,/home/anitadonato/tcc/tcc/data/lfw/lfw-funneled/Thaksin_Shinawatra/Thaksin_Shinawatra_0004.jpg,0.22223293781280518,0
/home/anitadonato/tcc/tcc/data/lfw/lfw-funneled/Yasser_Arafat/Yasser_Arafat_0005.jpg,/home/anitadonato/tcc/tcc/data/lfw/lfw-funneled/Hugh_Grant/Hugh_Grant_0005.jpg,0.230188250541687,0
/home/anitadonato/tcc/tcc/data/lfw/lfw-funneled/Kofi_Annan/Kofi_Annan_0001.jpg,/home/anitadonato/tcc/tcc/data/lfw/lfw-funneled/Liza_Minnelli/Liza_Minnelli_0005.jpg,0.24815654754638672,0
/home/anitadonato/tcc/tcc/data/lfw/lfw-funneled/Peter_Struck/Peter_Struck_0001.jpg,/home/anitadonato/tcc/tcc/data/lfw/lfw-funneled/Natalie_Maines/Natalie_Maines_0005.jpg,0.24422496557235718,0
/home/anitadonato/tcc/tcc/data/lfw/lfw-funneled/Michael_Chiklis/Michael_Chiklis_0001.jpg,/home/anitadonato/tcc/tcc/data/lfw/lfw-funneled/Hans_Blix/Hans_Blix_0001.jpg,0.23934799432754517,0
/home/anitadonato/tcc/tcc/data/lfw/lfw-funneled/Arminio_Fraga/Arminio_Fraga_0004.jpg,/home/anitadonato/tcc/tcc/data/lfw/lfw-funneled/Hans_Blix/Hans_Blix_0005.jpg,0.23904669284820557,0
/home/anitadonato/tcc/tcc/data/lfw/lfw-funneled/Rudolph_Giuliani/Rudolph_Giuliani_0003.jpg,/home/anitadonato/tcc/tcc/data/lfw/lfw-funneled/Hans_Blix/Hans_Blix_0002.jpg,0.20622187852859497,0
/home/anitadonato/tcc/tcc/data/lfw/lfw-funneled/Alejandro_Toledo/Alejandro_Toledo_0001.jpg,/home/anitadonato/tcc/tcc/data/lfw/lfw-funneled/Roh_Moo-hyun/Roh_Moo-hyun_0005.jpg,0.16190886497497559,0
/home/anitadonato/tcc/tcc/data/lfw/lfw-funneled/John_Bolton/John_Bolton_0002.jpg,/home/anitadonato/tcc/tcc/data/lfw/lfw-funneled/Princess_Caroline/Princess_Caroline_0002.jpg,0.21259957551956177,0
/home/anitadonato/tcc/tcc/data/lfw/lfw-funneled/Peter_Struck/Peter_Struck_0005.jpg,/home/anitadonato/tcc/tcc/data/lfw/lfw-funneled/Queen_Rania/Queen_Rania_0001.jpg,0.23634874820709229,0
/home/anitadonato/tcc/tcc/data/lfw/lfw-funneled/Mohamed_ElBaradei/Mohamed_ElBaradei_0005.jpg,/home/anitadonato/tcc/tcc/data/lfw/lfw-funneled/Joseph_Biden/Joseph_Biden_0002.jpg,0.2351810336112976,0
/home/anitadonato/tcc/tcc/data/lfw/lfw-funneled/Yasser_Arafat/Yasser_Arafat_0002.jpg,/home/anitadonato/tcc/tcc/data/lfw/lfw-funneled/Jean_Chretien/Jean_Chretien_0003.jpg,0.2120571732521057,0
/home/anitadonato/tcc/tcc/data/lfw/lfw-funneled/Roy_Moore/Roy_Moore_0005.jpg,/home/anitadonato/tcc/tcc/data/lfw/lfw-funneled/George_HW_Bush/George_HW_Bush_0004.jpg,0.21133029460906982,0
/home/anitadonato/tcc/tcc/data/lfw/lfw-funneled/Sourav_Ganguly/Sourav_Ganguly_0001.jpg,/home/anitadonato/tcc/tcc/data/lfw/lfw-funneled/Billy_Crystal/Billy_Crystal_0003.jpg,0.24145019054412842,0
/home/anitadonato/tcc/tcc/data/lfw/lfw-funneled/Mike_Martz/Mike_Martz_0004.jpg,/home/anitadonato/tcc/tcc/data/lfw/lfw-funneled/Gonzalo_Sanchez_de_Lozada/Gonzalo_Sanchez_de_Lozada_0005.jpg,0.1623135209083557,0
/home/anitadonato/tcc/tcc/data/lfw/lfw-funneled/Atal_Bihari_Vajpayee/Atal_Bihari_Vajpayee_0004.jpg,/home/anitadonato/tcc/tcc/data/lfw/lfw-funneled/Fujio_Cho/Fujio_Cho_0005.jpg,0.17949992418289185,0
/home/anitadonato/tcc/tcc/data/lfw/lfw-funneled/Catherine_Zeta-Jones/Catherine_Zeta-Jones_0003.jpg,/home/anitadonato/tcc/tcc/data/lfw/lfw-funneled/John_Snow/John_Snow_0004.jpg,0.21198654174804688,0
/home/anitadonato/tcc/tcc/data/lfw/lfw-funneled/Valery_Giscard_dEstaing/Valery_Giscard_dEstaing_0001.jpg,/home/anitadonato/tcc/tcc/data/lfw/lfw-funneled/Zinedine_Zidane/Zinedine_Zidane_0002.jpg,0.17303818464279175,0
/home/anitadonato/tcc/tcc/data/lfw/lfw-funneled/Mike_Weir/Mike_Weir_0001.jpg,/home/anitadonato/tcc/tcc/data/lfw/lfw-funneled/Pedro_Malan/Pedro_Malan_0004.jpg,0.1876705288887024,0
/home/anitadonato/tcc/tcc/data/lfw/lfw-funneled/Vladimir_Putin/Vladimir_Putin_0001.jpg,/home/anitadonato/tcc/tcc/data/lfw/lfw-funneled/Thabo_Mbeki/Thabo_Mbeki_0001.jpg,0.2296714186668396,0
/home/anitadonato/tcc/tcc/data/lfw/lfw-funneled/Fidel_Castro/Fidel_Castro_0001.jpg,/home/anitadonato/tcc/tcc/data/lfw/lfw-funneled/Sourav_Ganguly/Sourav_Ganguly_0002.jpg,0.26560622453689575,0
/home/anitadonato/tcc/tcc/data/lfw/lfw-funneled/Mark_Hurlbert/Mark_Hurlbert_0002.jpg,/home/anitadonato/tcc/tcc/data/lfw/lfw-funneled/Wayne_Ferreira/Wayne_Ferreira_0005.jpg,0.16884845495224,0
/home/anitadonato/tcc/tcc/data/lfw/lfw-funneled/John_Manley/John_Manley_0003.jpg,/home/anitadonato/tcc/tcc/data/lfw/lfw-funneled/Goldie_Hawn/Goldie_Hawn_0004.jpg,0.23795855045318604,0
/home/anitadonato/tcc/tcc/data/lfw/lfw-funneled/Amelie_Mauresmo/Amelie_Mauresmo_0002.jpg,/home/anitadonato/tcc/tcc/data/lfw/lfw-funneled/Michelle_Yeoh/Michelle_Yeoh_0004.jpg,0.221149742603302,0
/home/anitadonato/tcc/tcc/data/lfw/lfw-funneled/Mike_Martz/Mike_Martz_0004.jpg,/home/anitadonato/tcc/tcc/data/lfw/lfw-funneled/Silvan_Shalom/Silvan_Shalom_0001.jpg,0.20825141668319702,0
/home/anitadonato/tcc/tcc/data/lfw/lfw-funneled/Tom_Crean/Tom_Crean_0001.jpg,/home/anitadonato/tcc/tcc/data/lfw/lfw-funneled/Joe_Lieberman/Joe_Lieberman_0001.jpg,0.21512413024902344,0
/home/anitadonato/tcc/tcc/data/lfw/lfw-funneled/Ian_Thorpe/Ian_Thorpe_0003.jpg,/home/anitadonato/tcc/tcc/data/lfw/lfw-funneled/Tom_Daschle/Tom_Daschle_0004.jpg,0.19757729768753052,0
/home/anitadonato/tcc/tcc/data/lfw/lfw-funneled/Condoleezza_Rice/Condoleezza_Rice_0003.jpg,/home/anitadonato/tcc/tcc/data/lfw/lfw-funneled/David_Trimble/David_Trimble_0004.jpg,0.19135022163391113,0
/home/anitadonato/tcc/tcc/data/lfw/lfw-funneled/Paul_ONeill/Paul_ONeill_0005.jpg,/home/anitadonato/tcc/tcc/data/lfw/lfw-funneled/Kalpana_Chawla/Kalpana_Chawla_0005.jpg,0.24221056699752808,0
/home/anitadonato/tcc/tcc/data/lfw/lfw-funneled/Susan_Sarandon/Susan_Sarandon_0003.jpg,/home/anitadonato/tcc/tcc/data/lfw/lfw-funneled/Mike_Weir/Mike_Weir_0005.jpg,0.2531849145889282,0
/home/anitadonato/tcc/tcc/data/lfw/lfw-funneled/Paul_Burrell/Paul_Burrell_0002.jpg,/home/anitadonato/tcc/tcc/data/lfw/lfw-funneled/David_Anderson/David_Anderson_0003.jpg,0.2040424346923828,0
/home/anitadonato/tcc/tcc/data/lfw/lfw-funneled/Muhammad_Saeed_al-Sahhaf/Muhammad_Saeed_al-Sahhaf_0003.jpg,/home/anitadonato/tcc/tcc/data/lfw/lfw-funneled/Sheryl_Crow/Sheryl_Crow_0003.jpg,0.19427943229675293,0
/home/anitadonato/tcc/tcc/data/lfw/lfw-funneled/Jacques_Chirac/Jacques_Chirac_0002.jpg,/home/anitadonato/tcc/tcc/data/lfw/lfw-funneled/Mohammed_Al-Douri/Mohammed_Al-Douri_0003.jpg,0.1733049750328064,0
/home/anitadonato/tcc/tcc/data/lfw/lfw-funneled/Britney_Spears/Britney_Spears_0002.jpg,/home/anitadonato/tcc/tcc/data/lfw/lfw-funneled/Vanessa_Redgrave/Vanessa_Redgrave_0005.jpg,0.11797261238098145,0
/home/anitadonato/tcc/tcc/data/lfw/lfw-funneled/Colin_Powell/Colin_Powell_0005.jpg,/home/anitadonato/tcc/tcc/data/lfw/lfw-funneled/Gloria_Macapagal_Arroyo/Gloria_Macapagal_Arroyo_0003.jpg,0.32945716381073,0
/home/anitadonato/tcc/tcc/data/lfw/lfw-funneled/John_Paul_II/John_Paul_II_0002.jpg,/home/anitadonato/tcc/tcc/data/lfw/lfw-funneled/Woody_Allen/Woody_Allen_0002.jpg,0.2261127233505249,0
/home/anitadonato/tcc/tcc/data/lfw/lfw-funneled/Renee_Zellweger/Renee_Zellweger_0001.jpg,/home/anitadonato/tcc/tcc/data/lfw/lfw-funneled/William_Ford_Jr/William_Ford_Jr_0003.jpg,0.26687055826187134,0
/home/anitadonato/tcc/tcc/data/lfw/lfw-funneled/Kofi_Annan/Kofi_Annan_0004.jpg,/home/anitadonato/tcc/tcc/data/lfw/lfw-funneled/LeBron_James/LeBron_James_0003.jpg,0.20501607656478882,0
/home/anitadonato/tcc/tcc/data/lfw/lfw-funneled/Zinedine_Zidane/Zinedine_Zidane_0002.jpg,/home/anitadonato/tcc/tcc/data/lfw/lfw-funneled/Boris_Becker/Boris_Becker_0005.jpg,0.16833853721618652,0
/home/anitadonato/tcc/tcc/data/lfw/lfw-funneled/John_Bolton/John_Bolton_0003.jpg,/home/anitadonato/tcc/tcc/data/lfw/lfw-funneled/Thaksin_Shinawatra/Thaksin_Shinawatra_0003.jpg,0.2372666597366333,0
/home/anitadonato/tcc/tcc/data/lfw/lfw-funneled/Sergey_Lavrov/Sergey_Lavrov_0004.jpg,/home/anitadonato/tcc/tcc/data/lfw/lfw-funneled/Nancy_Pelosi/Nancy_Pelosi_0005.jpg,0.1631034016609192,0
/home/anitadonato/tcc/tcc/data/lfw/lfw-funneled/Colin_Powell/Colin_Powell_0003.jpg,/home/anitadonato/tcc/tcc/data/lfw/lfw-funneled/John_Snow/John_Snow_0001.jpg,0.20651131868362427,0
/home/anitadonato/tcc/tcc/data/lfw/lfw-funneled/Geoff_Hoon/Geoff_Hoon_0004.jpg,/home/anitadonato/tcc/tcc/data/lfw/lfw-funneled/Hamid_Karzai/Hamid_Karzai_0002.jpg,0.1574035882949829,0
/home/anitadonato/tcc/tcc/data/lfw/lfw-funneled/Mike_Weir/Mike_Weir_0002.jpg,/home/anitadonato/tcc/tcc/data/lfw/lfw-funneled/Erika_Harold/Erika_Harold_0001.jpg,0.2516211271286011,0
/home/anitadonato/tcc/tcc/data/lfw/lfw-funneled/Robert_Zoellick/Robert_Zoellick_0005.jpg,/home/anitadonato/tcc/tcc/data/lfw/lfw-funneled/Grant_Hackett/Grant_Hackett_0003.jpg,0.27228784561157227,0
/home/anitadonato/tcc/tcc/data/lfw/lfw-funneled/Alejandro_Toledo/Alejandro_Toledo_0003.jpg,/home/anitadonato/tcc/tcc/data/lfw/lfw-funneled/Angelina_Jolie/Angelina_Jolie_0004.jpg,0.15871292352676392,0
/home/anitadonato/tcc/tcc/data/lfw/lfw-funneled/Tom_Crean/Tom_Crean_0005.jpg,/home/anitadonato/tcc/tcc/data/lfw/lfw-funneled/Bill_McBride/Bill_McBride_0002.jpg,0.25266575813293457,0
/home/anitadonato/tcc/tcc/data/lfw/lfw-funneled/Tom_Cruise/Tom_Cruise_0004.jpg,/home/anitadonato/tcc/tcc/data/lfw/lfw-funneled/Trent_Lott/Trent_Lott_0003.jpg,0.313621461391449,0
/home/anitadonato/tcc/tcc/data/lfw/lfw-funneled/Martha_Stewart/Martha_Stewart_0004.jpg,/home/anitadonato/tcc/tcc/data/lfw/lfw-funneled/Sharon_Stone/Sharon_Stone_0001.jpg,0.22223538160324097,0
/home/anitadonato/tcc/tcc/data/lfw/lfw-funneled/Ai_Sugiyama/Ai_Sugiyama_0005.jpg,/home/anitadonato/tcc/tcc/data/lfw/lfw-funneled/Catherine_Zeta-Jones/Catherine_Zeta-Jones_0001.jpg,0.21006745100021362,0
/home/anitadonato/tcc/tcc/data/lfw/lfw-funneled/David_Anderson/David_Anderson_0004.jpg,/home/anitadonato/tcc/tcc/data/lfw/lfw-funneled/Geoff_Hoon/Geoff_Hoon_0005.jpg,0.18722003698349,0
/home/anitadonato/tcc/tcc/data/lfw/lfw-funneled/John_Negroponte/John_Negroponte_0003.jpg,/home/anitadonato/tcc/tcc/data/lfw/lfw-funneled/Xavier_Malisse/Xavier_Malisse_0001.jpg,0.20367354154586792,0
/home/anitadonato/tcc/tcc/data/lfw/lfw-funneled/Robert_Blake/Robert_Blake_0005.jpg,/home/anitadonato/tcc/tcc/data/lfw/lfw-funneled/Paul_Martin/Paul_Martin_0002.jpg,0.15948843955993652,0
/home/anitadonato/tcc/tcc/data/lfw/lfw-funneled/Russell_Simmons/Russell_Simmons_0002.jpg,/home/anitadonato/tcc/tcc/data/lfw/lfw-funneled/Atal_Bihari_Vajpayee/Atal_Bihari_Vajpayee_0003.jpg,0.18090170621871948,0
/home/anitadonato/tcc/tcc/data/lfw/lfw-funneled/Pervez_Musharraf/Pervez_Musharraf_0001.jpg,/home/anitadonato/tcc/tcc/data/lfw/lfw-funneled/Goldie_Hawn/Goldie_Hawn_0005.jpg,0.22318124771118164,0
/home/anitadonato/tcc/tcc/data/lfw/lfw-funneled/Xavier_Malisse/Xavier_Malisse_0001.jpg,/home/anitadonato/tcc/tcc/data/lfw/lfw-funneled/Catherine_Zeta-Jones/Catherine_Zeta-Jones_0005.jpg,0.2087956666946411,0
/home/anitadonato/tcc/tcc/data/lfw/lfw-funneled/Walter_Mondale/Walter_Mondale_0004.jpg,/home/anitadonato/tcc/tcc/data/lfw/lfw-funneled/Jeremy_Greenstock/Jeremy_Greenstock_0003.jpg,0.17433172464370728,0
/home/anitadonato/tcc/tcc/data/lfw/lfw-funneled/Megawati_Sukarnoputri/Megawati_Sukarnoputri_0001.jpg,/home/anitadonato/tcc/tcc/data/lfw/lfw-funneled/Carlos_Menem/Carlos_Menem_0003.jpg,0.20308440923690796,0
/home/anitadonato/tcc/tcc/data/lfw/lfw-funneled/Jan_Ullrich/Jan_Ullrich_0004.jpg,/home/anitadonato/tcc/tcc/data/lfw/lfw-funneled/Sergey_Lavrov/Sergey_Lavrov_0003.jpg,0.14597469568252563,0
/home/anitadonato/tcc/tcc/data/lfw/lfw-funneled/Arminio_Fraga/Arminio_Fraga_0001.jpg,/home/anitadonato/tcc/tcc/data/lfw/lfw-funneled/Nancy_Pelosi/Nancy_Pelosi_0003.jpg,0.2523409128189087,0
/home/anitadonato/tcc/tcc/data/lfw/lfw-funneled/Mike_Martz/Mike_Martz_0003.jpg,/home/anitadonato/tcc/tcc/data/lfw/lfw-funneled/Yashwant_Sinha/Yashwant_Sinha_0004.jpg,0.2350882887840271,0
/home/anitadonato/tcc/tcc/data/lfw/lfw-funneled/Roh_Moo-hyun/Roh_Moo-hyun_0002.jpg,/home/anitadonato/tcc/tcc/data/lfw/lfw-funneled/Pedro_Malan/Pedro_Malan_0004.jpg,0.1510646939277649,0
/home/anitadonato/tcc/tcc/data/lfw/lfw-funneled/Robert_Zoellick/Robert_Zoellick_0004.jpg,/home/anitadonato/tcc/tcc/data/lfw/lfw-funneled/Nia_Vardalos/Nia_Vardalos_0003.jpg,0.21594154834747314,0
/home/anitadonato/tcc/tcc/data/lfw/lfw-funneled/Colin_Powell/Colin_Powell_0004.jpg,/home/anitadonato/tcc/tcc/data/lfw/lfw-funneled/Trent_Lott/Trent_Lott_0004.jpg,0.21237260103225708,0
/home/anitadonato/tcc/tcc/data/lfw/lfw-funneled/Ai_Sugiyama/Ai_Sugiyama_0005.jpg,/home/anitadonato/tcc/tcc/data/lfw/lfw-funneled/Adrien_Brody/Adrien_Brody_0001.jpg,0.2054547667503357,0
/home/anitadonato/tcc/tcc/data/lfw/lfw-funneled/Costas_Simitis/Costas_Simitis_0003.jpg,/home/anitadonato/tcc/tcc/data/lfw/lfw-funneled/Liza_Minnelli/Liza_Minnelli_0004.jpg,0.16958069801330566,0
/home/anitadonato/tcc/tcc/data/lfw/lfw-funneled/Atal_Bihari_Vajpayee/Atal_Bihari_Vajpayee_0001.jpg,/home/anitadonato/tcc/tcc/data/lfw/lfw-funneled/Peter_Struck/Peter_Struck_0005.jpg,0.2675628662109375,0
/home/anitadonato/tcc/tcc/data/lfw/lfw-funneled/Bill_McBride/Bill_McBride_0001.jpg,/home/anitadonato/tcc/tcc/data/lfw/lfw-funneled/Tony_Blair/Tony_Blair_0001.jpg,0.24605786800384521,0
/home/anitadonato/tcc/tcc/data/lfw/lfw-funneled/Ben_Affleck/Ben_Affleck_0003.jpg,/home/anitadonato/tcc/tcc/data/lfw/lfw-funneled/Jean-David_Levitte/Jean-David_Levitte_0004.jpg,0.24178045988082886,0
/home/anitadonato/tcc/tcc/data/lfw/lfw-funneled/Woody_Allen/Woody_Allen_0004.jpg,/home/anitadonato/tcc/tcc/data/lfw/lfw-funneled/Steve_Lavin/Steve_Lavin_0005.jpg,0.28051233291625977,0
/home/anitadonato/tcc/tcc/data/lfw/lfw-funneled/Bill_McBride/Bill_McBride_0002.jpg,/home/anitadonato/tcc/tcc/data/lfw/lfw-funneled/Ai_Sugiyama/Ai_Sugiyama_0002.jpg,0.19964677095413208,0
/home/anitadonato/tcc/tcc/data/lfw/lfw-funneled/Jean-Pierre_Raffarin/Jean-Pierre_Raffarin_0005.jpg,/home/anitadonato/tcc/tcc/data/lfw/lfw-funneled/Tom_Crean/Tom_Crean_0004.jpg,0.26147425174713135,0
/home/anitadonato/tcc/tcc/data/lfw/lfw-funneled/Rudolph_Giuliani/Rudolph_Giuliani_0005.jpg,/home/anitadonato/tcc/tcc/data/lfw/lfw-funneled/John_Ashcroft/John_Ashcroft_0003.jpg,0.22548967599868774,0
/home/anitadonato/tcc/tcc/data/lfw/lfw-funneled/Meryl_Streep/Meryl_Streep_0004.jpg,/home/anitadonato/tcc/tcc/data/lfw/lfw-funneled/Roh_Moo-hyun/Roh_Moo-hyun_0002.jpg,0.18720287084579468,0
/home/anitadonato/tcc/tcc/data/lfw/lfw-funneled/Richard_Gephardt/Richard_Gephardt_0004.jpg,/home/anitadonato/tcc/tcc/data/lfw/lfw-funneled/Jean-David_Levitte/Jean-David_Levitte_0001.jpg,0.20584720373153687,0
/home/anitadonato/tcc/tcc/data/lfw/lfw-funneled/Paul_McCartney/Paul_McCartney_0003.jpg,/home/anitadonato/tcc/tcc/data/lfw/lfw-funneled/Kalpana_Chawla/Kalpana_Chawla_0004.jpg,0.2889357805252075,0
/home/anitadonato/tcc/tcc/data/lfw/lfw-funneled/Vladimir_Putin/Vladimir_Putin_0002.jpg,/home/anitadonato/tcc/tcc/data/lfw/lfw-funneled/Christine_Baumgartner/Christine_Baumgartner_0001.jpg,0.17164385318756104,0
/home/anitadonato/tcc/tcc/data/lfw/lfw-funneled/Kate_Hudson/Kate_Hudson_0003.jpg,/home/anitadonato/tcc/tcc/data/lfw/lfw-funneled/Sylvester_Stallone/Sylvester_Stallone_0004.jpg,0.218411386013031,0
/home/anitadonato/tcc/tcc/data/lfw/lfw-funneled/Ana_Guevara/Ana_Guevara_0003.jpg,/home/anitadonato/tcc/tcc/data/lfw/lfw-funneled/Denzel_Washington/Denzel_Washington_0005.jpg,0.25853264331817627,0
/home/anitadonato/tcc/tcc/data/lfw/lfw-funneled/Sheryl_Crow/Sheryl_Crow_0004.jpg,/home/anitadonato/tcc/tcc/data/lfw/lfw-funneled/Tom_Cruise/Tom_Cruise_0003.jpg,0.1377747654914856,0
/home/anitadonato/tcc/tcc/data/lfw/lfw-funneled/John_Manley/John_Manley_0004.jpg,/home/anitadonato/tcc/tcc/data/lfw/lfw-funneled/Maria_Shriver/Maria_Shriver_0001.jpg,0.22089612483978271,0
/home/anitadonato/tcc/tcc/data/lfw/lfw-funneled/Nancy_Pelosi/Nancy_Pelosi_0005.jpg,/home/anitadonato/tcc/tcc/data/lfw/lfw-funneled/Colin_Montgomerie/Colin_Montgomerie_0001.jpg,0.23513638973236084,0
/home/anitadonato/tcc/tcc/data/lfw/lfw-funneled/Anna_Kournikova/Anna_Kournikova_0005.jpg,/home/anitadonato/tcc/tcc/data/lfw/lfw-funneled/Colin_Powell/Colin_Powell_0001.jpg,0.26014184951782227,0
/home/anitadonato/tcc/tcc/data/lfw/lfw-funneled/Sergey_Lavrov/Sergey_Lavrov_0004.jpg,/home/anitadonato/tcc/tcc/data/lfw/lfw-funneled/Erika_Harold/Erika_Harold_0002.jpg,0.16812831163406372,0
/home/anitadonato/tcc/tcc/data/lfw/lfw-funneled/Lleyton_Hewitt/Lleyton_Hewitt_0001.jpg,/home/anitadonato/tcc/tcc/data/lfw/lfw-funneled/Colin_Powell/Colin_Powell_0003.jpg,0.240215003490448,0
/home/anitadonato/tcc/tcc/data/lfw/lfw-funneled/Salma_Hayek/Salma_Hayek_0003.jpg,/home/anitadonato/tcc/tcc/data/lfw/lfw-funneled/Silvan_Shalom/Silvan_Shalom_0001.jpg,0.28856611251831055,0
/home/anitadonato/tcc/tcc/data/lfw/lfw-funneled/Tom_Crean/Tom_Crean_0001.jpg,/home/anitadonato/tcc/tcc/data/lfw/lfw-funneled/John_Travolta/John_Travolta_0005.jpg,0.19216036796569824,0
/home/anitadonato/tcc/tcc/data/lfw/lfw-funneled/Jeremy_Greenstock/Jeremy_Greenstock_0002.jpg,/home/anitadonato/tcc/tcc/data/lfw/lfw-funneled/Kristanna_Loken/Kristanna_Loken_0001.jpg,0.15734291076660156,0
/home/anitadonato/tcc/tcc/data/lfw/lfw-funneled/Denzel_Washington/Denzel_Washington_0002.jpg,/home/anitadonato/tcc/tcc/data/lfw/lfw-funneled/Yasser_Arafat/Yasser_Arafat_0005.jpg,0.22835415601730347,0
/home/anitadonato/tcc/tcc/data/lfw/lfw-funneled/Halle_Berry/Halle_Berry_0003.jpg,/home/anitadonato/tcc/tcc/data/lfw/lfw-funneled/Jiri_Novak/Jiri_Novak_0003.jpg,0.29589247703552246,0
/home/anitadonato/tcc/tcc/data/lfw/lfw-funneled/Maria_Shriver/Maria_Shriver_0003.jpg,/home/anitadonato/tcc/tcc/data/lfw/lfw-funneled/Luis_Horna/Luis_Horna_0001.jpg,0.19460105895996094,0
/home/anitadonato/tcc/tcc/data/lfw/lfw-funneled/John_Snow/John_Snow_0003.jpg,/home/anitadonato/tcc/tcc/data/lfw/lfw-funneled/Condoleezza_Rice/Condoleezza_Rice_0002.jpg,0.1812158226966858,0
/home/anitadonato/tcc/tcc/data/lfw/lfw-funneled/Tiger_Woods/Tiger_Woods_0005.jpg,/home/anitadonato/tcc/tcc/data/lfw/lfw-funneled/Ai_Sugiyama/Ai_Sugiyama_0003.jpg,0.21445780992507935,0
/home/anitadonato/tcc/tcc/data/lfw/lfw-funneled/Nancy_Pelosi/Nancy_Pelosi_0004.jpg,/home/anitadonato/tcc/tcc/data/lfw/lfw-funneled/Michael_Powell/Michael_Powell_0004.jpg,0.17258411645889282,0
/home/anitadonato/tcc/tcc/data/lfw/lfw-funneled/David_Trimble/David_Trimble_0001.jpg,/home/anitadonato/tcc/tcc/data/lfw/lfw-funneled/Colin_Powell/Colin_Powell_0002.jpg,0.14193052053451538,0
/home/anitadonato/tcc/tcc/data/lfw/lfw-funneled/Jennifer_Lopez/Jennifer_Lopez_0002.jpg,/home/anitadonato/tcc/tcc/data/lfw/lfw-funneled/Bob_Graham/Bob_Graham_0002.jpg,0.16969990730285645,0
/home/anitadonato/tcc/tcc/data/lfw/lfw-funneled/Roh_Moo-hyun/Roh_Moo-hyun_0005.jpg,/home/anitadonato/tcc/tcc/data/lfw/lfw-funneled/Michael_Schumacher/Michael_Schumacher_0005.jpg,0.25062984228134155,0
/home/anitadonato/tcc/tcc/data/lfw/lfw-funneled/Gloria_Macapagal_Arroyo/Gloria_Macapagal_Arroyo_0001.jpg,/home/anitadonato/tcc/tcc/data/lfw/lfw-funneled/Carmen_Electra/Carmen_Electra_0004.jpg,0.23630720376968384,0
/home/anitadonato/tcc/tcc/data/lfw/lfw-funneled/Mike_Weir/Mike_Weir_0001.jpg,/home/anitadonato/tcc/tcc/data/lfw/lfw-funneled/Frank_Solich/Frank_Solich_0002.jpg,0.18343377113342285,0
/home/anitadonato/tcc/tcc/data/lfw/lfw-funneled/Heidi_Klum/Heidi_Klum_0003.jpg,/home/anitadonato/tcc/tcc/data/lfw/lfw-funneled/Joseph_Biden/Joseph_Biden_0003.jpg,0.1911412477493286,0
/home/anitadonato/tcc/tcc/data/lfw/lfw-funneled/Martha_Stewart/Martha_Stewart_0002.jpg,/home/anitadonato/tcc/tcc/data/lfw/lfw-funneled/Salma_Hayek/Salma_Hayek_0004.jpg,0.305167019367218,0
/home/anitadonato/tcc/tcc/data/lfw/lfw-funneled/Martin_Scorsese/Martin_Scorsese_0003.jpg,/home/anitadonato/tcc/tcc/data/lfw/lfw-funneled/Tom_Daschle/Tom_Daschle_0002.jpg,0.18849843740463257,0
/home/anitadonato/tcc/tcc/data/lfw/lfw-funneled/John_Bolton/John_Bolton_0001.jpg,/home/anitadonato/tcc/tcc/data/lfw/lfw-funneled/John_Ashcroft/John_Ashcroft_0001.jpg,0.16269731521606445,0
/home/anitadonato/tcc/tcc/data/lfw/lfw-funneled/John_Negroponte/John_Negroponte_0002.jpg,/home/anitadonato/tcc/tcc/data/lfw/lfw-funneled/LeBron_James/LeBron_James_0002.jpg,0.23214638233184814,0
/home/anitadonato/tcc/tcc/data/lfw/lfw-funneled/David_Anderson/David_Anderson_0002.jpg,/home/anitadonato/tcc/tcc/data/lfw/lfw-funneled/LeBron_James/LeBron_James_0002.jpg,0.2267741560935974,0
/home/anitadonato/tcc/tcc/data/lfw/lfw-funneled/George_Robertson/George_Robertson_0001.jpg,/home/anitadonato/tcc/tcc/data/lfw/lfw-funneled/Rainer_Schuettler/Rainer_Schuettler_0001.jpg,0.3529037833213806,0
/home/anitadonato/tcc/tcc/data/lfw/lfw-funneled/Heidi_Klum/Heidi_Klum_0004.jpg,/home/anitadonato/tcc/tcc/data/lfw/lfw-funneled/Princess_Caroline/Princess_Caroline_0004.jpg,0.13597673177719116,0
/home/anitadonato/tcc/tcc/data/lfw/lfw-funneled/Rudolph_Giuliani/Rudolph_Giuliani_0001.jpg,/home/anitadonato/tcc/tcc/data/lfw/lfw-funneled/Pervez_Musharraf/Pervez_Musharraf_0001.jpg,0.16415774822235107,0
/home/anitadonato/tcc/tcc/data/lfw/lfw-funneled/Kurt_Warner/Kurt_Warner_0005.jpg,/home/anitadonato/tcc/tcc/data/lfw/lfw-funneled/Colin_Montgomerie/Colin_Montgomerie_0001.jpg,0.2514868378639221,0
/home/anitadonato/tcc/tcc/data/lfw/lfw-funneled/Kim_Dae-jung/Kim_Dae-jung_0003.jpg,/home/anitadonato/tcc/tcc/data/lfw/lfw-funneled/Kate_Hudson/Kate_Hudson_0001.jpg,0.20377498865127563,0
/home/anitadonato/tcc/tcc/data/lfw/lfw-funneled/Ana_Palacio/Ana_Palacio_0001.jpg,/home/anitadonato/tcc/tcc/data/lfw/lfw-funneled/John_Ashcroft/John_Ashcroft_0001.jpg,0.20721864700317383,0
/home/anitadonato/tcc/tcc/data/lfw/lfw-funneled/Fujio_Cho/Fujio_Cho_0002.jpg,/home/anitadonato/tcc/tcc/data/lfw/lfw-funneled/Megawati_Sukarnoputri/Megawati_Sukarnoputri_0005.jpg,0.161180317401886,0
/home/anitadonato/tcc/tcc/data/lfw/lfw-funneled/Hal_Gehman/Hal_Gehman_0003.jpg,/home/anitadonato/tcc/tcc/data/lfw/lfw-funneled/Boris_Becker/Boris_Becker_0001.jpg,0.21542757749557495,0
/home/anitadonato/tcc/tcc/data/lfw/lfw-funneled/Amelia_Vega/Amelia_Vega_0003.jpg,/home/anitadonato/tcc/tcc/data/lfw/lfw-funneled/Sergey_Lavrov/Sergey_Lavrov_0005.jpg,0.19753670692443848,0
/home/anitadonato/tcc/tcc/data/lfw/lfw-funneled/Yashwant_Sinha/Yashwant_Sinha_0002.jpg,/home/anitadonato/tcc/tcc/data/lfw/lfw-funneled/Roy_Moore/Roy_Moore_0005.jpg,0.1390606164932251,0
/home/anitadonato/tcc/tcc/data/lfw/lfw-funneled/Michael_Powell/Michael_Powell_0005.jpg,/home/anitadonato/tcc/tcc/data/lfw/lfw-funneled/Trent_Lott/Trent_Lott_0002.jpg,0.2573784589767456,0
/home/anitadonato/tcc/tcc/data/lfw/lfw-funneled/Antonio_Banderas/Antonio_Banderas_0001.jpg,/home/anitadonato/tcc/tcc/data/lfw/lfw-funneled/Zhu_Rongji/Zhu_Rongji_0001.jpg,0.1890539526939392,0
/home/anitadonato/tcc/tcc/data/lfw/lfw-funneled/Condoleezza_Rice/Condoleezza_Rice_0001.jpg,/home/anitadonato/tcc/tcc/data/lfw/lfw-funneled/Sylvester_Stallone/Sylvester_Stallone_0005.jpg,0.1905454397201538,0
/home/anitadonato/tcc/tcc/data/lfw/lfw-funneled/Cesar_Gaviria/Cesar_Gaviria_0002.jpg,/home/anitadonato/tcc/tcc/data/lfw/lfw-funneled/Julie_Gerberding/Julie_Gerberding_0003.jpg,0.2167227864265442,0
/home/anitadonato/tcc/tcc/data/lfw/lfw-funneled/Jennifer_Capriati/Jennifer_Capriati_0005.jpg,/home/anitadonato/tcc/tcc/data/lfw/lfw-funneled/Bill_McBride/Bill_McBride_0001.jpg,0.1675199270248413,0
/home/anitadonato/tcc/tcc/data/lfw/lfw-funneled/Rob_Marshall/Rob_Marshall_0002.jpg,/home/anitadonato/tcc/tcc/data/lfw/lfw-funneled/Elizabeth_Smart/Elizabeth_Smart_0005.jpg,0.19992029666900635,0
/home/anitadonato/tcc/tcc/data/lfw/lfw-funneled/John_Bolton/John_Bolton_0003.jpg,/home/anitadonato/tcc/tcc/data/lfw/lfw-funneled/Pamela_Anderson/Pamela_Anderson_0005.jpg,0.24623507261276245,0
/home/anitadonato/tcc/tcc/data/lfw/lfw-funneled/Boris_Becker/Boris_Becker_0001.jpg,/home/anitadonato/tcc/tcc/data/lfw/lfw-funneled/Clara_Harris/Clara_Harris_0002.jpg,0.2042195200920105,0
/home/anitadonato/tcc/tcc/data/lfw/lfw-funneled/Roy_Moore/Roy_Moore_0004.jpg,/home/anitadonato/tcc/tcc/data/lfw/lfw-funneled/Jean-Pierre_Raffarin/Jean-Pierre_Raffarin_0002.jpg,0.22168666124343872,0
/home/anitadonato/tcc/tcc/data/lfw/lfw-funneled/Charlton_Heston/Charlton_Heston_0001.jpg,/home/anitadonato/tcc/tcc/data/lfw/lfw-funneled/Jiri_Novak/Jiri_Novak_0004.jpg,0.1635841727256775,0
/home/anitadonato/tcc/tcc/data/lfw/lfw-funneled/Sharon_Stone/Sharon_Stone_0002.jpg,/home/anitadonato/tcc/tcc/data/lfw/lfw-funneled/Tom_Daschle/Tom_Daschle_0004.jpg,0.1912032961845398,0
/home/anitadonato/tcc/tcc/data/lfw/lfw-funneled/Sylvester_Stallone/Sylvester_Stallone_0003.jpg,/home/anitadonato/tcc/tcc/data/lfw/lfw-funneled/Salma_Hayek/Salma_Hayek_0005.jpg,0.20802271366119385,0
/home/anitadonato/tcc/tcc/data/lfw/lfw-funneled/Andre_Agassi/Andre_Agassi_0001.jpg,/home/anitadonato/tcc/tcc/data/lfw/lfw-funneled/Rudolph_Giuliani/Rudolph_Giuliani_0003.jpg,0.20291447639465332,0
/home/anitadonato/tcc/tcc/data/lfw/lfw-funneled/Meryl_Streep/Meryl_Streep_0004.jpg,/home/anitadonato/tcc/tcc/data/lfw/lfw-funneled/William_Ford_Jr/William_Ford_Jr_0003.jpg,0.21339619159698486,0
/home/anitadonato/tcc/tcc/data/lfw/lfw-funneled/Vanessa_Redgrave/Vanessa_Redgrave_0003.jpg,/home/anitadonato/tcc/tcc/data/lfw/lfw-funneled/Denzel_Washington/Denzel_Washington_0004.jpg,0.22659087181091309,0
/home/anitadonato/tcc/tcc/data/lfw/lfw-funneled/Bill_Gates/Bill_Gates_0004.jpg,/home/anitadonato/tcc/tcc/data/lfw/lfw-funneled/Carmen_Electra/Carmen_Electra_0003.jpg,0.2506927251815796,0
/home/anitadonato/tcc/tcc/data/lfw/lfw-funneled/Martin_McGuinness/Martin_McGuinness_0001.jpg,/home/anitadonato/tcc/tcc/data/lfw/lfw-funneled/Joe_Lieberman/Joe_Lieberman_0004.jpg,0.26848316192626953,0
/home/anitadonato/tcc/tcc/data/lfw/lfw-funneled/Catherine_Zeta-Jones/Catherine_Zeta-Jones_0002.jpg,/home/anitadonato/tcc/tcc/data/lfw/lfw-funneled/Zinedine_Zidane/Zinedine_Zidane_0001.jpg,0.24661850929260254,0
/home/anitadonato/tcc/tcc/data/lfw/lfw-funneled/Michael_Chiklis/Michael_Chiklis_0001.jpg,/home/anitadonato/tcc/tcc/data/lfw/lfw-funneled/Christine_Baumgartner/Christine_Baumgartner_0004.jpg,0.25260472297668457,0
/home/anitadonato/tcc/tcc/data/lfw/lfw-funneled/Clara_Harris/Clara_Harris_0001.jpg,/home/anitadonato/tcc/tcc/data/lfw/lfw-funneled/Tom_Daschle/Tom_Daschle_0001.jpg,0.31706321239471436,0
/home/anitadonato/tcc/tcc/data/lfw/lfw-funneled/Costas_Simitis/Costas_Simitis_0004.jpg,/home/anitadonato/tcc/tcc/data/lfw/lfw-funneled/Jan_Ullrich/Jan_Ullrich_0005.jpg,0.20355278253555298,0
/home/anitadonato/tcc/tcc/data/lfw/lfw-funneled/Hans_Blix/Hans_Blix_0003.jpg,/home/anitadonato/tcc/tcc/data/lfw/lfw-funneled/Pervez_Musharraf/Pervez_Musharraf_0002.jpg,0.19331854581832886,0
/home/anitadonato/tcc/tcc/data/lfw/lfw-funneled/Martin_Scorsese/Martin_Scorsese_0001.jpg,/home/anitadonato/tcc/tcc/data/lfw/lfw-funneled/Hamid_Karzai/Hamid_Karzai_0002.jpg,0.15400713682174683,0
/home/anitadonato/tcc/tcc/data/lfw/lfw-funneled/Rainer_Schuettler/Rainer_Schuettler_0004.jpg,/home/anitadonato/tcc/tcc/data/lfw/lfw-funneled/Rob_Marshall/Rob_Marshall_0003.jpg,0.20591235160827637,0
/home/anitadonato/tcc/tcc/data/lfw/lfw-funneled/Sylvester_Stallone/Sylvester_Stallone_0005.jpg,/home/anitadonato/tcc/tcc/data/lfw/lfw-funneled/Gloria_Macapagal_Arroyo/Gloria_Macapagal_Arroyo_0005.jpg,0.25666606426239014,0
/home/anitadonato/tcc/tcc/data/lfw/lfw-funneled/Hugh_Grant/Hugh_Grant_0004.jpg,/home/anitadonato/tcc/tcc/data/lfw/lfw-funneled/Bill_McBride/Bill_McBride_0003.jpg,0.16460049152374268,0
/home/anitadonato/tcc/tcc/data/lfw/lfw-funneled/Pamela_Anderson/Pamela_Anderson_0005.jpg,/home/anitadonato/tcc/tcc/data/lfw/lfw-funneled/Kalpana_Chawla/Kalpana_Chawla_0004.jpg,0.182994544506073,0
/home/anitadonato/tcc/tcc/data/lfw/lfw-funneled/Richard_Gere/Richard_Gere_0003.jpg,/home/anitadonato/tcc/tcc/data/lfw/lfw-funneled/Carlos_Menem/Carlos_Menem_0002.jpg,0.23001396656036377,0
/home/anitadonato/tcc/tcc/data/lfw/lfw-funneled/Kristanna_Loken/Kristanna_Loken_0001.jpg,/home/anitadonato/tcc/tcc/data/lfw/lfw-funneled/Vanessa_Redgrave/Vanessa_Redgrave_0001.jpg,0.17403239011764526,0
/home/anitadonato/tcc/tcc/data/lfw/lfw-funneled/Eduardo_Duhalde/Eduardo_Duhalde_0004.jpg,/home/anitadonato/tcc/tcc/data/lfw/lfw-funneled/Christine_Baumgartner/Christine_Baumgartner_0002.jpg,0.1784074902534485,0
/home/anitadonato/tcc/tcc/data/lfw/lfw-funneled/John_Manley/John_Manley_0001.jpg,/home/anitadonato/tcc/tcc/data/lfw/lfw-funneled/Hillary_Clinton/Hillary_Clinton_0001.jpg,0.1571660041809082,0
/home/anitadonato/tcc/tcc/data/lfw/lfw-funneled/Natalie_Maines/Natalie_Maines_0001.jpg,/home/anitadonato/tcc/tcc/data/lfw/lfw-funneled/Billy_Crystal/Billy_Crystal_0004.jpg,0.27595096826553345,0
/home/anitadonato/tcc/tcc/data/lfw/lfw-funneled/Catherine_Zeta-Jones/Catherine_Zeta-Jones_0002.jpg,/home/anitadonato/tcc/tcc/data/lfw/lfw-funneled/Geoff_Hoon/Geoff_Hoon_0004.jpg,0.1919996738433838,0
/home/anitadonato/tcc/tcc/data/lfw/lfw-funneled/Megawati_Sukarnoputri/Megawati_Sukarnoputri_0003.jpg,/home/anitadonato/tcc/tcc/data/lfw/lfw-funneled/Catherine_Zeta-Jones/Catherine_Zeta-Jones_0002.jpg,0.20526587963104248,0
/home/anitadonato/tcc/tcc/data/lfw/lfw-funneled/John_Ashcroft/John_Ashcroft_0005.jpg,/home/anitadonato/tcc/tcc/data/lfw/lfw-funneled/Nicanor_Duarte_Frutos/Nicanor_Duarte_Frutos_0001.jpg,0.22313028573989868,0
/home/anitadonato/tcc/tcc/data/lfw/lfw-funneled/Charlton_Heston/Charlton_Heston_0005.jpg,/home/anitadonato/tcc/tcc/data/lfw/lfw-funneled/Frank_Solich/Frank_Solich_0004.jpg,0.20375168323516846,0
/home/anitadonato/tcc/tcc/data/lfw/lfw-funneled/Paradorn_Srichaphan/Paradorn_Srichaphan_0003.jpg,/home/anitadonato/tcc/tcc/data/lfw/lfw-funneled/Hal_Gehman/Hal_Gehman_0004.jpg,0.18570363521575928,0
/home/anitadonato/tcc/tcc/data/lfw/lfw-funneled/Christine_Baumgartner/Christine_Baumgartner_0003.jpg,/home/anitadonato/tcc/tcc/data/lfw/lfw-funneled/Antonio_Banderas/Antonio_Banderas_0005.jpg,0.20564734935760498,0
/home/anitadonato/tcc/tcc/data/lfw/lfw-funneled/David_Trimble/David_Trimble_0005.jpg,/home/anitadonato/tcc/tcc/data/lfw/lfw-funneled/Michelle_Yeoh/Michelle_Yeoh_0001.jpg,0.29168903827667236,0
/home/anitadonato/tcc/tcc/data/lfw/lfw-funneled/Sylvester_Stallone/Sylvester_Stallone_0004.jpg,/home/anitadonato/tcc/tcc/data/lfw/lfw-funneled/Thaksin_Shinawatra/Thaksin_Shinawatra_0001.jpg,0.22803670167922974,0
/home/anitadonato/tcc/tcc/data/lfw/lfw-funneled/Arminio_Fraga/Arminio_Fraga_0003.jpg,/home/anitadonato/tcc/tcc/data/lfw/lfw-funneled/Gonzalo_Sanchez_de_Lozada/Gonzalo_Sanchez_de_Lozada_0004.jpg,0.2719804644584656,0
/home/anitadonato/tcc/tcc/data/lfw/lfw-funneled/Susan_Sarandon/Susan_Sarandon_0001.jpg,/home/anitadonato/tcc/tcc/data/lfw/lfw-funneled/Mike_Weir/Mike_Weir_0001.jpg,0.237221360206604,0
/home/anitadonato/tcc/tcc/data/lfw/lfw-funneled/Vladimir_Putin/Vladimir_Putin_0003.jpg,/home/anitadonato/tcc/tcc/data/lfw/lfw-funneled/Steve_Lavin/Steve_Lavin_0002.jpg,0.15733593702316284,0
/home/anitadonato/tcc/tcc/data/lfw/lfw-funneled/Christine_Baumgartner/Christine_Baumgartner_0002.jpg,/home/anitadonato/tcc/tcc/data/lfw/lfw-funneled/Jose_Maria_Aznar/Jose_Maria_Aznar_0003.jpg,0.19110065698623657,0
/home/anitadonato/tcc/tcc/data/lfw/lfw-funneled/Julie_Gerberding/Julie_Gerberding_0004.jpg,/home/anitadonato/tcc/tcc/data/lfw/lfw-funneled/George_Lopez/George_Lopez_0001.jpg,0.20460152626037598,0
/home/anitadonato/tcc/tcc/data/lfw/lfw-funneled/Zhu_Rongji/Zhu_Rongji_0004.jpg,/home/anitadonato/tcc/tcc/data/lfw/lfw-funneled/Michael_Chiklis/Michael_Chiklis_0005.jpg,0.22451072931289673,0
/home/anitadonato/tcc/tcc/data/lfw/lfw-funneled/Maria_Shriver/Maria_Shriver_0005.jpg,/home/anitadonato/tcc/tcc/data/lfw/lfw-funneled/Michelle_Yeoh/Michelle_Yeoh_0004.jpg,0.14428675174713135,0
/home/anitadonato/tcc/tcc/data/lfw/lfw-funneled/Pamela_Anderson/Pamela_Anderson_0002.jpg,/home/anitadonato/tcc/tcc/data/lfw/lfw-funneled/Roh_Moo-hyun/Roh_Moo-hyun_0005.jpg,0.1669764518737793,0
/home/anitadonato/tcc/tcc/data/lfw/lfw-funneled/Paul_Martin/Paul_Martin_0003.jpg,/home/anitadonato/tcc/tcc/data/lfw/lfw-funneled/Walter_Mondale/Walter_Mondale_0004.jpg,0.15213942527770996,0
/home/anitadonato/tcc/tcc/data/lfw/lfw-funneled/Paul_ONeill/Paul_ONeill_0005.jpg,/home/anitadonato/tcc/tcc/data/lfw/lfw-funneled/Tony_Blair/Tony_Blair_0003.jpg,0.1360468864440918,0
/home/anitadonato/tcc/tcc/data/lfw/lfw-funneled/Kristanna_Loken/Kristanna_Loken_0003.jpg,/home/anitadonato/tcc/tcc/data/lfw/lfw-funneled/Britney_Spears/Britney_Spears_0001.jpg,0.16682475805282593,0
/home/anitadonato/tcc/tcc/data/lfw/lfw-funneled/Christine_Todd_Whitman/Christine_Todd_Whitman_0001.jpg,/home/anitadonato/tcc/tcc/data/lfw/lfw-funneled/Paul_ONeill/Paul_ONeill_0002.jpg,0.23089194297790527,0
/home/anitadonato/tcc/tcc/data/lfw/lfw-funneled/Hans_Blix/Hans_Blix_0005.jpg,/home/anitadonato/tcc/tcc/data/lfw/lfw-funneled/Yashwant_Sinha/Yashwant_Sinha_0001.jpg,0.19722682237625122,0
/home/anitadonato/tcc/tcc/data/lfw/lfw-funneled/Sylvester_Stallone/Sylvester_Stallone_0003.jpg,/home/anitadonato/tcc/tcc/data/lfw/lfw-funneled/John_Manley/John_Manley_0004.jpg,0.20762890577316284,0
/home/anitadonato/tcc/tcc/data/lfw/lfw-funneled/Natalie_Coughlin/Natalie_Coughlin_0003.jpg,/home/anitadonato/tcc/tcc/data/lfw/lfw-funneled/Martin_McGuinness/Martin_McGuinness_0003.jpg,0.25819385051727295,0
/home/anitadonato/tcc/tcc/data/lfw/lfw-funneled/Fernando_Gonzalez/Fernando_Gonzalez_0001.jpg,/home/anitadonato/tcc/tcc/data/lfw/lfw-funneled/Yashwant_Sinha/Yashwant_Sinha_0002.jpg,0.2214847207069397,0
/home/anitadonato/tcc/tcc/data/lfw/lfw-funneled/Norm_Coleman/Norm_Coleman_0003.jpg,/home/anitadonato/tcc/tcc/data/lfw/lfw-funneled/Renee_Zellweger/Renee_Zellweger_0005.jpg,0.2517241835594177,0
/home/anitadonato/tcc/tcc/data/lfw/lfw-funneled/Matthew_Perry/Matthew_Perry_0001.jpg,/home/anitadonato/tcc/tcc/data/lfw/lfw-funneled/Martha_Stewart/Martha_Stewart_0003.jpg,0.2217589020729065,0
/home/anitadonato/tcc/tcc/data/lfw/lfw-funneled/William_Ford_Jr/William_Ford_Jr_0002.jpg,/home/anitadonato/tcc/tcc/data/lfw/lfw-funneled/Winona_Ryder/Winona_Ryder_0001.jpg,0.20593619346618652,0
/home/anitadonato/tcc/tcc/data/lfw/lfw-funneled/Ludivine_Sagnier/Ludivine_Sagnier_0001.jpg,/home/anitadonato/tcc/tcc/data/lfw/lfw-funneled/Robert_Blake/Robert_Blake_0004.jpg,0.19620537757873535,0
/home/anitadonato/tcc/tcc/data/lfw/lfw-funneled/Kurt_Warner/Kurt_Warner_0005.jpg,/home/anitadonato/tcc/tcc/data/lfw/lfw-funneled/Rainer_Schuettler/Rainer_Schuettler_0005.jpg,0.2560630440711975,0
/home/anitadonato/tcc/tcc/data/lfw/lfw-funneled/Silvan_Shalom/Silvan_Shalom_0001.jpg,/home/anitadonato/tcc/tcc/data/lfw/lfw-funneled/George_HW_Bush/George_HW_Bush_0004.jpg,0.26229918003082275,0
/home/anitadonato/tcc/tcc/data/lfw/lfw-funneled/Adrien_Brody/Adrien_Brody_0003.jpg,/home/anitadonato/tcc/tcc/data/lfw/lfw-funneled/Goldie_Hawn/Goldie_Hawn_0004.jpg,0.21078050136566162,0
/home/anitadonato/tcc/tcc/data/lfw/lfw-funneled/Silvio_Berlusconi/Silvio_Berlusconi_0003.jpg,/home/anitadonato/tcc/tcc/data/lfw/lfw-funneled/George_Lopez/George_Lopez_0005.jpg,0.14407235383987427,0
/home/anitadonato/tcc/tcc/data/lfw/lfw-funneled/Elizabeth_Smart/Elizabeth_Smart_0001.jpg,/home/anitadonato/tcc/tcc/data/lfw/lfw-funneled/Christine_Baumgartner/Christine_Baumgartner_0002.jpg,0.1985340714454651,0
/home/anitadonato/tcc/tcc/data/lfw/lfw-funneled/Winona_Ryder/Winona_Ryder_0005.jpg,/home/anitadonato/tcc/tcc/data/lfw/lfw-funneled/Mark_Hurlbert/Mark_Hurlbert_0003.jpg,0.20408421754837036,0
/home/anitadonato/tcc/tcc/data/lfw/lfw-funneled/Fidel_Castro/Fidel_Castro_0003.jpg,/home/anitadonato/tcc/tcc/data/lfw/lfw-funneled/Michael_Schumacher/Michael_Schumacher_0003.jpg,0.28295987844467163,0
/home/anitadonato/tcc/tcc/data/lfw/lfw-funneled/Lindsay_Davenport/Lindsay_Davenport_0004.jpg,/home/anitadonato/tcc/tcc/data/lfw/lfw-funneled/Hal_Gehman/Hal_Gehman_0001.jpg,0.2341214418411255,0
/home/anitadonato/tcc/tcc/data/lfw/lfw-funneled/Ludivine_Sagnier/Ludivine_Sagnier_0003.jpg,/home/anitadonato/tcc/tcc/data/lfw/lfw-funneled/Mike_Myers/Mike_Myers_0003.jpg,0.19571882486343384,0
/home/anitadonato/tcc/tcc/data/lfw/lfw-funneled/Mohammed_Al-Douri/Mohammed_Al-Douri_0005.jpg,/home/anitadonato/tcc/tcc/data/lfw/lfw-funneled/Richard_Gephardt/Richard_Gephardt_0004.jpg,0.27387547492980957,0
/home/anitadonato/tcc/tcc/data/lfw/lfw-funneled/Bill_Gates/Bill_Gates_0001.jpg,/home/anitadonato/tcc/tcc/data/lfw/lfw-funneled/Nicanor_Duarte_Frutos/Nicanor_Duarte_Frutos_0005.jpg,0.18900907039642334,0
/home/anitadonato/tcc/tcc/data/lfw/lfw-funneled/Natalie_Coughlin/Natalie_Coughlin_0003.jpg,/home/anitadonato/tcc/tcc/data/lfw/lfw-funneled/Paul_ONeill/Paul_ONeill_0003.jpg,0.2876105308532715,0
/home/anitadonato/tcc/tcc/data/lfw/lfw-funneled/Ana_Guevara/Ana_Guevara_0005.jpg,/home/anitadonato/tcc/tcc/data/lfw/lfw-funneled/Zhu_Rongji/Zhu_Rongji_0004.jpg,0.1716102957725525,0
/home/anitadonato/tcc/tcc/data/lfw/lfw-funneled/Martin_McGuinness/Martin_McGuinness_0003.jpg,/home/anitadonato/tcc/tcc/data/lfw/lfw-funneled/Liza_Minnelli/Liza_Minnelli_0001.jpg,0.27773696184158325,0
/home/anitadonato/tcc/tcc/data/lfw/lfw-funneled/Mohamed_ElBaradei/Mohamed_ElBaradei_0005.jpg,/home/anitadonato/tcc/tcc/data/lfw/lfw-funneled/John_Ashcroft/John_Ashcroft_0003.jpg,0.14042150974273682,0
/home/anitadonato/tcc/tcc/data/lfw/lfw-funneled/Jose_Maria_Aznar/Jose_Maria_Aznar_0005.jpg,/home/anitadonato/tcc/tcc/data/lfw/lfw-funneled/Tung_Chee-hwa/Tung_Chee-hwa_0003.jpg,0.18820708990097046,0
/home/anitadonato/tcc/tcc/data/lfw/lfw-funneled/Hal_Gehman/Hal_Gehman_0004.jpg,/home/anitadonato/tcc/tcc/data/lfw/lfw-funneled/Nia_Vardalos/Nia_Vardalos_0003.jpg,0.22944414615631104,0
/home/anitadonato/tcc/tcc/data/lfw/lfw-funneled/Nicanor_Duarte_Frutos/Nicanor_Duarte_Frutos_0004.jpg,/home/anitadonato/tcc/tcc/data/lfw/lfw-funneled/Colin_Montgomerie/Colin_Montgomerie_0005.jpg,0.25067806243896484,0
/home/anitadonato/tcc/tcc/data/lfw/lfw-funneled/John_Paul_II/John_Paul_II_0005.jpg,/home/anitadonato/tcc/tcc/data/lfw/lfw-funneled/Heidi_Klum/Heidi_Klum_0002.jpg,0.22651195526123047,0
/home/anitadonato/tcc/tcc/data/lfw/lfw-funneled/Kofi_Annan/Kofi_Annan_0002.jpg,/home/anitadonato/tcc/tcc/data/lfw/lfw-funneled/Mark_Hurlbert/Mark_Hurlbert_0004.jpg,0.20037782192230225,0
/home/anitadonato/tcc/tcc/data/lfw/lfw-funneled/George_HW_Bush/George_HW_Bush_0005.jpg,/home/anitadonato/tcc/tcc/data/lfw/lfw-funneled/Jean-David_Levitte/Jean-David_Levitte_0005.jpg,0.19557684659957886,0
/home/anitadonato/tcc/tcc/data/lfw/lfw-funneled/Kristanna_Loken/Kristanna_Loken_0005.jpg,/home/anitadonato/tcc/tcc/data/lfw/lfw-funneled/Lindsay_Davenport/Lindsay_Davenport_0001.jpg,0.2124948501586914,0
/home/anitadonato/tcc/tcc/data/lfw/lfw-funneled/Tom_Daschle/Tom_Daschle_0003.jpg,/home/anitadonato/tcc/tcc/data/lfw/lfw-funneled/Hal_Gehman/Hal_Gehman_0004.jpg,0.17930322885513306,0
/home/anitadonato/tcc/tcc/data/lfw/lfw-funneled/Sergey_Lavrov/Sergey_Lavrov_0002.jpg,/home/anitadonato/tcc/tcc/data/lfw/lfw-funneled/Queen_Rania/Queen_Rania_0003.jpg,0.19406288862228394,0
/home/anitadonato/tcc/tcc/data/lfw/lfw-funneled/Lindsay_Davenport/Lindsay_Davenport_0003.jpg,/home/anitadonato/tcc/tcc/data/lfw/lfw-funneled/Fernando_Gonzalez/Fernando_Gonzalez_0001.jpg,0.2977888584136963,0
/home/anitadonato/tcc/tcc/data/lfw/lfw-funneled/Abdullah_Gul/Abdullah_Gul_0004.jpg,/home/anitadonato/tcc/tcc/data/lfw/lfw-funneled/Ann_Veneman/Ann_Veneman_0003.jpg,0.17044872045516968,0
/home/anitadonato/tcc/tcc/data/lfw/lfw-funneled/Thabo_Mbeki/Thabo_Mbeki_0002.jpg,/home/anitadonato/tcc/tcc/data/lfw/lfw-funneled/Alejandro_Toledo/Alejandro_Toledo_0003.jpg,0.17861545085906982,0
/home/anitadonato/tcc/tcc/data/lfw/lfw-funneled/Maria_Shriver/Maria_Shriver_0002.jpg,/home/anitadonato/tcc/tcc/data/lfw/lfw-funneled/Denzel_Washington/Denzel_Washington_0004.jpg,0.22811806201934814,0
/home/anitadonato/tcc/tcc/data/lfw/lfw-funneled/Queen_Rania/Queen_Rania_0002.jpg,/home/anitadonato/tcc/tcc/data/lfw/lfw-funneled/William_Ford_Jr/William_Ford_Jr_0002.jpg,0.19904470443725586,0
/home/anitadonato/tcc/tcc/data/lfw/lfw-funneled/Christine_Todd_Whitman/Christine_Todd_Whitman_0003.jpg,/home/anitadonato/tcc/tcc/data/lfw/lfw-funneled/John_Allen_Muhammad/John_Allen_Muhammad_0004.jpg,0.23275214433670044,0
/home/anitadonato/tcc/tcc/data/lfw/lfw-funneled/Richard_Gere/Richard_Gere_0004.jpg,/home/anitadonato/tcc/tcc/data/lfw/lfw-funneled/Roh_Moo-hyun/Roh_Moo-hyun_0004.jpg,0.22202706336975098,0
/home/anitadonato/tcc/tcc/data/lfw/lfw-funneled/Alejandro_Toledo/Alejandro_Toledo_0002.jpg,/home/anitadonato/tcc/tcc/data/lfw/lfw-funneled/Bulent_Ecevit/Bulent_Ecevit_0002.jpg,0.22570794820785522,0
/home/anitadonato/tcc/tcc/data/lfw/lfw-funneled/Hugh_Grant/Hugh_Grant_0001.jpg,/home/anitadonato/tcc/tcc/data/lfw/lfw-funneled/Hillary_Clinton/Hillary_Clinton_0003.jpg,0.14224159717559814,0
/home/anitadonato/tcc/tcc/data/lfw/lfw-funneled/Victoria_Clarke/Victoria_Clarke_0005.jpg,/home/anitadonato/tcc/tcc/data/lfw/lfw-funneled/Kurt_Warner/Kurt_Warner_0002.jpg,0.23244911432266235,0
/home/anitadonato/tcc/tcc/data/lfw/lfw-funneled/Maria_Soledad_Alvear_Valenzuela/Maria_Soledad_Alvear_Valenzuela_0004.jpg,/home/anitadonato/tcc/tcc/data/lfw/lfw-funneled/Rudolph_Giuliani/Rudolph_Giuliani_0001.jpg,0.1834356188774109,0
/home/anitadonato/tcc/tcc/data/lfw/lfw-funneled/Paul_Martin/Paul_Martin_0003.jpg,/home/anitadonato/tcc/tcc/data/lfw/lfw-funneled/Matthew_Perry/Matthew_Perry_0005.jpg,0.18845409154891968,0
/home/anitadonato/tcc/tcc/data/lfw/lfw-funneled/Richard_Gephardt/Richard_Gephardt_0004.jpg,/home/anitadonato/tcc/tcc/data/lfw/lfw-funneled/Ana_Palacio/Ana_Palacio_0003.jpg,0.2940444350242615,0
/home/anitadonato/tcc/tcc/data/lfw/lfw-funneled/Juan_Pablo_Montoya/Juan_Pablo_Montoya_0001.jpg,/home/anitadonato/tcc/tcc/data/lfw/lfw-funneled/Kurt_Warner/Kurt_Warner_0004.jpg,0.2634451985359192,0
/home/anitadonato/tcc/tcc/data/lfw/lfw-funneled/Rob_Marshall/Rob_Marshall_0002.jpg,/home/anitadonato/tcc/tcc/data/lfw/lfw-funneled/Ai_Sugiyama/Ai_Sugiyama_0001.jpg,0.1764698624610901,0
/home/anitadonato/tcc/tcc/data/lfw/lfw-funneled/Silvio_Berlusconi/Silvio_Berlusconi_0005.jpg,/home/anitadonato/tcc/tcc/data/lfw/lfw-funneled/Natalie_Maines/Natalie_Maines_0001.jpg,0.23421651124954224,0
/home/anitadonato/tcc/tcc/data/lfw/lfw-funneled/Tom_Daschle/Tom_Daschle_0005.jpg,/home/anitadonato/tcc/tcc/data/lfw/lfw-funneled/Kalpana_Chawla/Kalpana_Chawla_0005.jpg,0.2495827078819275,0
/home/anitadonato/tcc/tcc/data/lfw/lfw-funneled/Eduardo_Duhalde/Eduardo_Duhalde_0001.jpg,/home/anitadonato/tcc/tcc/data/lfw/lfw-funneled/Mark_Hurlbert/Mark_Hurlbert_0002.jpg,0.1465533971786499,0
/home/anitadonato/tcc/tcc/data/lfw/lfw-funneled/Denzel_Washington/Denzel_Washington_0003.jpg,/home/anitadonato/tcc/tcc/data/lfw/lfw-funneled/Fujio_Cho/Fujio_Cho_0003.jpg,0.20081257820129395,0
/home/anitadonato/tcc/tcc/data/lfw/lfw-funneled/Russell_Simmons/Russell_Simmons_0004.jpg,/home/anitadonato/tcc/tcc/data/lfw/lfw-funneled/Natalie_Maines/Natalie_Maines_0002.jpg,0.21392309665679932,0
/home/anitadonato/tcc/tcc/data/lfw/lfw-funneled/Rainer_Schuettler/Rainer_Schuettler_0002.jpg,/home/anitadonato/tcc/tcc/data/lfw/lfw-funneled/Cesar_Gaviria/Cesar_Gaviria_0001.jpg,0.1504063606262207,0
/home/anitadonato/tcc/tcc/data/lfw/lfw-funneled/Woody_Allen/Woody_Allen_0003.jpg,/home/anitadonato/tcc/tcc/data/lfw/lfw-funneled/Mike_Myers/Mike_Myers_0004.jpg,0.27418357133865356,0
/home/anitadonato/tcc/tcc/data/lfw/lfw-funneled/Ben_Affleck/Ben_Affleck_0005.jpg,/home/anitadonato/tcc/tcc/data/lfw/lfw-funneled/Benjamin_Netanyahu/Benjamin_Netanyahu_0001.jpg,0.23873984813690186,0
/home/anitadonato/tcc/tcc/data/lfw/lfw-funneled/Christine_Baumgartner/Christine_Baumgartner_0003.jpg,/home/anitadonato/tcc/tcc/data/lfw/lfw-funneled/John_Snow/John_Snow_0001.jpg,0.26186126470565796,0
/home/anitadonato/tcc/tcc/data/lfw/lfw-funneled/Erika_Harold/Erika_Harold_0004.jpg,/home/anitadonato/tcc/tcc/data/lfw/lfw-funneled/Grant_Hackett/Grant_Hackett_0004.jpg,0.17864930629730225,0
/home/anitadonato/tcc/tcc/data/lfw/lfw-funneled/Amelie_Mauresmo/Amelie_Mauresmo_0003.jpg,/home/anitadonato/tcc/tcc/data/lfw/lfw-funneled/Norm_Coleman/Norm_Coleman_0002.jpg,0.20592713356018066,0
/home/anitadonato/tcc/tcc/data/lfw/lfw-funneled/Salma_Hayek/Salma_Hayek_0003.jpg,/home/anitadonato/tcc/tcc/data/lfw/lfw-funneled/Pamela_Anderson/Pamela_Anderson_0003.jpg,0.1757422685623169,0
/home/anitadonato/tcc/tcc/data/lfw/lfw-funneled/Goldie_Hawn/Goldie_Hawn_0005.jpg,/home/anitadonato/tcc/tcc/data/lfw/lfw-funneled/Alejandro_Toledo/Alejandro_Toledo_0001.jpg,0.23190265893936157,0
/home/anitadonato/tcc/tcc/data/lfw/lfw-funneled/Robert_Zoellick/Robert_Zoellick_0001.jpg,/home/anitadonato/tcc/tcc/data/lfw/lfw-funneled/Tung_Chee-hwa/Tung_Chee-hwa_0002.jpg,0.22368121147155762,0
/home/anitadonato/tcc/tcc/data/lfw/lfw-funneled/Eduardo_Duhalde/Eduardo_Duhalde_0004.jpg,/home/anitadonato/tcc/tcc/data/lfw/lfw-funneled/Carmen_Electra/Carmen_Electra_0003.jpg,0.1664523482322693,0
/home/anitadonato/tcc/tcc/data/lfw/lfw-funneled/Jean-David_Levitte/Jean-David_Levitte_0003.jpg,/home/anitadonato/tcc/tcc/data/lfw/lfw-funneled/Angela_Merkel/Angela_Merkel_0001.jpg,0.2513604164123535,0
/home/anitadonato/tcc/tcc/data/lfw/lfw-funneled/John_Snow/John_Snow_0004.jpg,/home/anitadonato/tcc/tcc/data/lfw/lfw-funneled/Renee_Zellweger/Renee_Zellweger_0004.jpg,0.2304956316947937,0
/home/anitadonato/tcc/tcc/data/lfw/lfw-funneled/Alvaro_Uribe/Alvaro_Uribe_0003.jpg,/home/anitadonato/tcc/tcc/data/lfw/lfw-funneled/Walter_Mondale/Walter_Mondale_0003.jpg,0.1782894730567932,0
/home/anitadonato/tcc/tcc/data/lfw/lfw-funneled/Amelia_Vega/Amelia_Vega_0002.jpg,/home/anitadonato/tcc/tcc/data/lfw/lfw-funneled/Bill_McBride/Bill_McBride_0003.jpg,0.15268516540527344,0
/home/anitadonato/tcc/tcc/data/lfw/lfw-funneled/Liza_Minnelli/Liza_Minnelli_0004.jpg,/home/anitadonato/tcc/tcc/data/lfw/lfw-funneled/Colin_Powell/Colin_Powell_0003.jpg,0.23527801036834717,0
/home/anitadonato/tcc/tcc/data/lfw/lfw-funneled/Kristanna_Loken/Kristanna_Loken_0004.jpg,/home/anitadonato/tcc/tcc/data/lfw/lfw-funneled/Maria_Soledad_Alvear_Valenzuela/Maria_Soledad_Alvear_Valenzuela_0001.jpg,0.2038598656654358,0
/home/anitadonato/tcc/tcc/data/lfw/lfw-funneled/Sourav_Ganguly/Sourav_Ganguly_0004.jpg,/home/anitadonato/tcc/tcc/data/lfw/lfw-funneled/George_Robertson/George_Robertson_0004.jpg,0.2639627456665039,0
/home/anitadonato/tcc/tcc/data/lfw/lfw-funneled/Natalie_Maines/Natalie_Maines_0003.jpg,/home/anitadonato/tcc/tcc/data/lfw/lfw-funneled/Fernando_Gonzalez/Fernando_Gonzalez_0004.jpg,0.2835614085197449,0
/home/anitadonato/tcc/tcc/data/lfw/lfw-funneled/Elizabeth_Smart/Elizabeth_Smart_0003.jpg,/home/anitadonato/tcc/tcc/data/lfw/lfw-funneled/Colin_Powell/Colin_Powell_0005.jpg,0.36320799589157104,0
/home/anitadonato/tcc/tcc/data/lfw/lfw-funneled/Ana_Palacio/Ana_Palacio_0004.jpg,/home/anitadonato/tcc/tcc/data/lfw/lfw-funneled/Roy_Moore/Roy_Moore_0005.jpg,0.20137947797775269,0
/home/anitadonato/tcc/tcc/data/lfw/lfw-funneled/Trent_Lott/Trent_Lott_0003.jpg,/home/anitadonato/tcc/tcc/data/lfw/lfw-funneled/Al_Sharpton/Al_Sharpton_0004.jpg,0.2497996687889099,0
/home/anitadonato/tcc/tcc/data/lfw/lfw-funneled/Hosni_Mubarak/Hosni_Mubarak_0001.jpg,/home/anitadonato/tcc/tcc/data/lfw/lfw-funneled/Christine_Todd_Whitman/Christine_Todd_Whitman_0002.jpg,0.2529979348182678,0
/home/anitadonato/tcc/tcc/data/lfw/lfw-funneled/Cruz_Bustamante/Cruz_Bustamante_0002.jpg,/home/anitadonato/tcc/tcc/data/lfw/lfw-funneled/Susan_Sarandon/Susan_Sarandon_0001.jpg,0.25513648986816406,0
/home/anitadonato/tcc/tcc/data/lfw/lfw-funneled/Juan_Carlos_Ferrero/Juan_Carlos_Ferrero_0003.jpg,/home/anitadonato/tcc/tcc/data/lfw/lfw-funneled/Hal_Gehman/Hal_Gehman_0003.jpg,0.17352241277694702,0
/home/anitadonato/tcc/tcc/data/lfw/lfw-funneled/Kofi_Annan/Kofi_Annan_0001.jpg,/home/anitadonato/tcc/tcc/data/lfw/lfw-funneled/Matthew_Perry/Matthew_Perry_0002.jpg,0.16356217861175537,0
/home/anitadonato/tcc/tcc/data/lfw/lfw-funneled/Norm_Coleman/Norm_Coleman_0002.jpg,/home/anitadonato/tcc/tcc/data/lfw/lfw-funneled/Tom_Harkin/Tom_Harkin_0005.jpg,0.2726331353187561,0
/home/anitadonato/tcc/tcc/data/lfw/lfw-funneled/Maria_Shriver/Maria_Shriver_0003.jpg,/home/anitadonato/tcc/tcc/data/lfw/lfw-funneled/Fernando_Gonzalez/Fernando_Gonzalez_0004.jpg,0.23634064197540283,0
/home/anitadonato/tcc/tcc/data/lfw/lfw-funneled/Joseph_Biden/Joseph_Biden_0002.jpg,/home/anitadonato/tcc/tcc/data/lfw/lfw-funneled/Natalie_Maines/Natalie_Maines_0003.jpg,0.2126060128211975,0
/home/anitadonato/tcc/tcc/data/lfw/lfw-funneled/Woody_Allen/Woody_Allen_0005.jpg,/home/anitadonato/tcc/tcc/data/lfw/lfw-funneled/Maria_Shriver/Maria_Shriver_0003.jpg,0.23746544122695923,0
/home/anitadonato/tcc/tcc/data/lfw/lfw-funneled/Britney_Spears/Britney_Spears_0001.jpg,/home/anitadonato/tcc/tcc/data/lfw/lfw-funneled/Pervez_Musharraf/Pervez_Musharraf_0004.jpg,0.17513316869735718,0
/home/anitadonato/tcc/tcc/data/lfw/lfw-funneled/Zinedine_Zidane/Zinedine_Zidane_0004.jpg,/home/anitadonato/tcc/tcc/data/lfw/lfw-funneled/John_Paul_II/John_Paul_II_0004.jpg,0.22876513004302979,0
/home/anitadonato/tcc/tcc/data/lfw/lfw-funneled/Silvio_Berlusconi/Silvio_Berlusconi_0001.jpg,/home/anitadonato/tcc/tcc/data/lfw/lfw-funneled/Bill_Gates/Bill_Gates_0001.jpg,0.23589062690734863,0
/home/anitadonato/tcc/tcc/data/lfw/lfw-funneled/Steve_Lavin/Steve_Lavin_0005.jpg,/home/anitadonato/tcc/tcc/data/lfw/lfw-funneled/Alejandro_Toledo/Alejandro_Toledo_0002.jpg,0.25211483240127563,0
/home/anitadonato/tcc/tcc/data/lfw/lfw-funneled/Pedro_Malan/Pedro_Malan_0002.jpg,/home/anitadonato/tcc/tcc/data/lfw/lfw-funneled/Habib_Rizieq/Habib_Rizieq_0003.jpg,0.19526535272598267,0
/home/anitadonato/tcc/tcc/data/lfw/lfw-funneled/Valery_Giscard_dEstaing/Valery_Giscard_dEstaing_0005.jpg,/home/anitadonato/tcc/tcc/data/lfw/lfw-funneled/Martin_McGuinness/Martin_McGuinness_0003.jpg,0.23311424255371094,0
/home/anitadonato/tcc/tcc/data/lfw/lfw-funneled/Wayne_Ferreira/Wayne_Ferreira_0003.jpg,/home/anitadonato/tcc/tcc/data/lfw/lfw-funneled/Pedro_Malan/Pedro_Malan_0002.jpg,0.23012465238571167,0
/home/anitadonato/tcc/tcc/data/lfw/lfw-funneled/Zhu_Rongji/Zhu_Rongji_0001.jpg,/home/anitadonato/tcc/tcc/data/lfw/lfw-funneled/Kate_Hudson/Kate_Hudson_0005.jpg,0.2471625804901123,0
/home/anitadonato/tcc/tcc/data/lfw/lfw-funneled/Lindsay_Davenport/Lindsay_Davenport_0004.jpg,/home/anitadonato/tcc/tcc/data/lfw/lfw-funneled/Jacques_Chirac/Jacques_Chirac_0004.jpg,0.20451486110687256,0
/home/anitadonato/tcc/tcc/data/lfw/lfw-funneled/Kate_Hudson/Kate_Hudson_0002.jpg,/home/anitadonato/tcc/tcc/data/lfw/lfw-funneled/Bill_Gates/Bill_Gates_0002.jpg,0.2594243288040161,0
/home/anitadonato/tcc/tcc/data/lfw/lfw-funneled/Paul_Burrell/Paul_Burrell_0002.jpg,/home/anitadonato/tcc/tcc/data/lfw/lfw-funneled/Jose_Maria_Aznar/Jose_Maria_Aznar_0005.jpg,0.16629183292388916,0
/home/anitadonato/tcc/tcc/data/lfw/lfw-funneled/Cesar_Gaviria/Cesar_Gaviria_0002.jpg,/home/anitadonato/tcc/tcc/data/lfw/lfw-funneled/Britney_Spears/Britney_Spears_0004.jpg,0.24295872449874878,0
/home/anitadonato/tcc/tcc/data/lfw/lfw-funneled/John_Paul_II/John_Paul_II_0002.jpg,/home/anitadonato/tcc/tcc/data/lfw/lfw-funneled/Ben_Affleck/Ben_Affleck_0001.jpg,0.27926450967788696,0
/home/anitadonato/tcc/tcc/data/lfw/lfw-funneled/Tom_Crean/Tom_Crean_0002.jpg,/home/anitadonato/tcc/tcc/data/lfw/lfw-funneled/Roger_Federer/Roger_Federer_0005.jpg,0.20940017700195312,0
/home/anitadonato/tcc/tcc/data/lfw/lfw-funneled/Gonzalo_Sanchez_de_Lozada/Gonzalo_Sanchez_de_Lozada_0003.jpg,/home/anitadonato/tcc/tcc/data/lfw/lfw-funneled/Norm_Coleman/Norm_Coleman_0005.jpg,0.28960490226745605,0
/home/anitadonato/tcc/tcc/data/lfw/lfw-funneled/Maria_Shriver/Maria_Shriver_0004.jpg,/home/anitadonato/tcc/tcc/data/lfw/lfw-funneled/Alejandro_Toledo/Alejandro_Toledo_0001.jpg,0.1538040041923523,0
/home/anitadonato/tcc/tcc/data/lfw/lfw-funneled/Alvaro_Uribe/Alvaro_Uribe_0002.jpg,/home/anitadonato/tcc/tcc/data/lfw/lfw-funneled/Kim_Dae-jung/Kim_Dae-jung_0003.jpg,0.19019371271133423,0
/home/anitadonato/tcc/tcc/data/lfw/lfw-funneled/Hosni_Mubarak/Hosni_Mubarak_0002.jpg,/home/anitadonato/tcc/tcc/data/lfw/lfw-funneled/Jan_Ullrich/Jan_Ullrich_0004.jpg,0.177862286567688,0
/home/anitadonato/tcc/tcc/data/lfw/lfw-funneled/Bob_Hope/Bob_Hope_0005.jpg,/home/anitadonato/tcc/tcc/data/lfw/lfw-funneled/Natalie_Coughlin/Natalie_Coughlin_0001.jpg,0.2685948610305786,0
/home/anitadonato/tcc/tcc/data/lfw/lfw-funneled/Billy_Crystal/Billy_Crystal_0002.jpg,/home/anitadonato/tcc/tcc/data/lfw/lfw-funneled/Peter_Struck/Peter_Struck_0004.jpg,0.23714256286621094,0
/home/anitadonato/tcc/tcc/data/lfw/lfw-funneled/Roy_Moore/Roy_Moore_0005.jpg,/home/anitadonato/tcc/tcc/data/lfw/lfw-funneled/Cameron_Diaz/Cameron_Diaz_0001.jpg,0.19951045513153076,0
/home/anitadonato/tcc/tcc/data/lfw/lfw-funneled/Carlos_Moya/Carlos_Moya_0005.jpg,/home/anitadonato/tcc/tcc/data/lfw/lfw-funneled/Eduardo_Duhalde/Eduardo_Duhalde_0005.jpg,0.1953064203262329,0
/home/anitadonato/tcc/tcc/data/lfw/lfw-funneled/Jean-Pierre_Raffarin/Jean-Pierre_Raffarin_0004.jpg,/home/anitadonato/tcc/tcc/data/lfw/lfw-funneled/John_Ashcroft/John_Ashcroft_0003.jpg,0.17042005062103271,0
/home/anitadonato/tcc/tcc/data/lfw/lfw-funneled/Paul_Burrell/Paul_Burrell_0001.jpg,/home/anitadonato/tcc/tcc/data/lfw/lfw-funneled/Roh_Moo-hyun/Roh_Moo-hyun_0005.jpg,0.23364901542663574,0
/home/anitadonato/tcc/tcc/data/lfw/lfw-funneled/Vladimir_Putin/Vladimir_Putin_0002.jpg,/home/anitadonato/tcc/tcc/data/lfw/lfw-funneled/Anna_Kournikova/Anna_Kournikova_0005.jpg,0.29513871669769287,0
/home/anitadonato/tcc/tcc/data/lfw/lfw-funneled/Meryl_Streep/Meryl_Streep_0004.jpg,/home/anitadonato/tcc/tcc/data/lfw/lfw-funneled/Winona_Ryder/Winona_Ryder_0002.jpg,0.18171155452728271,0
/home/anitadonato/tcc/tcc/data/lfw/lfw-funneled/Pedro_Malan/Pedro_Malan_0005.jpg,/home/anitadonato/tcc/tcc/data/lfw/lfw-funneled/Erika_Harold/Erika_Harold_0004.jpg,0.18884605169296265,0
/home/anitadonato/tcc/tcc/data/lfw/lfw-funneled/Costas_Simitis/Costas_Simitis_0001.jpg,/home/anitadonato/tcc/tcc/data/lfw/lfw-funneled/Anna_Kournikova/Anna_Kournikova_0003.jpg,0.298134982585907,0
/home/anitadonato/tcc/tcc/data/lfw/lfw-funneled/Yoko_Ono/Yoko_Ono_0004.jpg,/home/anitadonato/tcc/tcc/data/lfw/lfw-funneled/LeBron_James/LeBron_James_0003.jpg,0.2211933732032776,0
