fpr,tpr,threshold
0.0,0.0,-inf
0.0,0.0,0.07077692401973112
0.0,0.0005,0.07198915045676446
0.0,0.001,0.07245299122214155
0.0,0.0015,0.07658285724227354
0.0,0.002,0.10797104965696114
0.0,0.0025,0.11252972288446661
0.0,0.003,0.11923667356374212
0.0,0.0035,0.11981513336360283
0.0,0.004,0.12539645455740833
0.0,0.0045,0.13144471391850054
0.0,0.005,0.1341211826456058
0.0,0.0055,0.13450412829301317
0.0,0.006,0.13498800344820716
0.0,0.0065,0.13525123740235723
0.0,0.007,0.13680614439955896
0.0,0.0075,0.13783841209919656
0.0,0.008,0.14142058111315592
0.0,0.0085,0.14349860928336455
0.0,0.009,0.14757832528505155
0.0,0.0095,0.1570349914849063
0.0,0.01,0.1586371417668555
0.0,0.0105,0.1591644435282522
0.0,0.011,0.16343118724147887
0.0,0.0115,0.16594561354217408
0.0,0.012,0.16605440545667627
0.0,0.0125,0.16632973172136034
0.0,0.013,0.17006402714918045
0.0,0.0135,0.17025572642779685
0.0,0.014,0.1711928452116922
0.0,0.0145,0.17260201816719523
0.0,0.015,0.17514936994062236
0.0,0.0155,0.17559513323463372
0.0,0.016,0.176330589671863
0.0,0.0165,0.17648888519396466
0.0,0.017,0.1770758424095874
0.0,0.0175,0.17818253789865368
0.0,0.018,0.18073591417274548
0.0,0.0185,0.1819417457087732
0.0,0.019,0.18314609170670682
0.0,0.0195,0.18511510438054446
0.0,0.02,0.18535927792619022
0.0,0.0205,0.18556158597668404
0.0,0.021,0.18883296185310072
0.0,0.0215,0.18903175997510124
0.0,0.022,0.19162699302070674
0.0,0.0225,0.19204345025771152
0.0,0.023,0.1920596382528026
0.0,0.0235,0.1922252771202384
0.0,0.024,0.1940269597071741
0.0,0.0245,0.19488660689022663
0.0,0.025,0.19548030941208883
0.0,0.0255,0.19558226075446883
0.0,0.026,0.1972366652829023
0.0,0.0265,0.19816874952509933
0.0,0.027,0.20068626884776952
0.0,0.0275,0.2020922867467454
0.0,0.028,0.20211954758838147
0.0,0.0285,0.20256565567586027
0.0,0.029,0.20458927768060509
0.0,0.0295,0.20649307841134468
0.0,0.03,0.20651122674167677
0.0,0.0305,0.20691541623385468
0.0,0.031,0.2070303386786564
0.0,0.0315,0.21051027509763853
0.0,0.032,0.21072080511711033
0.0,0.0325,0.21460618699529044
0.0,0.033,0.2150757129240568
0.0,0.0335,0.21514498056663867
0.0,0.034,0.2151596959737868
0.0,0.0345,0.2152386771044027
0.0,0.035,0.21650970262427405
0.0,0.0355,0.21670656246252562
0.0,0.036,0.2172382130519056
0.0,0.0365,0.21804507307902543
0.0,0.037,0.2182969761124054
0.0,0.0375,0.21852987955706815
0.0,0.038,0.21921229084507843
0.0,0.0385,0.22041224591303998
0.0,0.039,0.22073729083024785
0.0,0.0395,0.223121215942245
0.0,0.04,0.2234481028103127
0.0,0.0405,0.22400425000993052
0.0,0.041,0.22537440726405678
0.0,0.0415,0.22691903259531465
0.0,0.042,0.2272655195658263
0.0,0.0425,0.2281908765431676
0.0,0.043,0.22826406318102976
0.0,0.0435,0.2287179378982097
0.0,0.044,0.2293465250113791
0.0,0.0445,0.2295294010457225
0.0,0.045,0.23075378679564362
0.0,0.0455,0.2313507996825689
0.0,0.046,0.23290907024586271
0.0,0.0465,0.23317588897369634
0.0,0.047,0.23362023696871304
0.0,0.0475,0.2337330277801768
0.0,0.048,0.23513842266453733
0.0,0.0485,0.23661268819350512
0.0,0.049,0.23906122821513187
0.0,0.0495,0.23945155006132013
0.0,0.05,0.24085909996416466
0.0,0.0505,0.24132303091203988
0.0,0.051,0.24193466439931233
0.0,0.0515,0.2422704095852286
0.0,0.052,0.24236093089242405
0.0,0.0525,0.2429134377445865
0.0,0.053,0.2442741448913427
0.0,0.0535,0.244941538453457
0.0,0.054,0.24508475704635735
0.0,0.0545,0.24514913125884963
0.0,0.055,0.24542204189934336
0.0,0.0555,0.24631277671021945
0.0,0.056,0.24669751134317908
0.0,0.0565,0.24710436759588073
0.0,0.057,0.2474622396916195
0.0,0.0575,0.24779814202448025
0.0,0.058,0.24811886718245602
0.0,0.0585,0.24831658138094725
0.0,0.059,0.2489183990042172
0.0,0.0595,0.24951180291148578
0.0,0.06,0.24970688344647007
0.0,0.0605,0.24994368521628552
0.0,0.061,0.25004480229583925
0.0,0.0615,0.25039913899149
0.0,0.062,0.2504338058162937
0.0,0.0625,0.25154511930029666
0.0,0.063,0.2517481171760405
0.0,0.0635,0.25274435220941116
0.0,0.064,0.25283113950964153
0.0,0.0645,0.25471833112272535
0.0,0.065,0.25541480170239605
0.0,0.0655,0.2555058060196703
0.0,0.066,0.25588360931896137
0.0,0.0665,0.2559491384799427
0.0,0.067,0.2563098732871487
0.0,0.0675,0.2571251590399479
0.0,0.068,0.25764075940026565
0.0,0.0685,0.25775757036623037
0.0,0.069,0.2579094750817231
0.0,0.0695,0.25932517549633705
0.0,0.07,0.2594674885420629
0.0,0.0705,0.2598141145411742
0.0,0.071,0.260014936179645
0.0,0.0715,0.26101869994831295
0.0,0.072,0.26229551334095713
0.0,0.0725,0.2623378751861275
0.0,0.073,0.2631671708051645
0.0,0.0735,0.2658318365632869
0.0,0.074,0.26621782230752655
0.0,0.0745,0.2686203192431077
0.0,0.075,0.2690954711670226
0.0,0.0755,0.26929774442680454
0.0,0.076,0.2696665287064993
0.0,0.0765,0.27016202200748596
0.0,0.077,0.2702736510992517
0.0,0.0775,0.27049248852801344
0.0,0.078,0.2705089799572806
0.0,0.0785,0.27186295024251095
0.0,0.079,0.27192468783161483
0.0,0.0795,0.2723512921267657
0.0,0.08,0.27248959214772606
0.0,0.0805,0.2726068602974355
0.0,0.081,0.2728598361852764
0.0,0.0815,0.27348447796147257
0.0,0.082,0.2743167452132379
0.0,0.0825,0.2744376842894981
0.0,0.083,0.27464344478011227
0.0,0.0835,0.27481640207656266
0.0,0.084,0.2759819253951502
0.0,0.0845,0.27605066136263956
0.0,0.085,0.27786297328309695
0.0,0.0855,0.27805671523721276
0.0,0.086,0.27842422376392706
0.0,0.0865,0.27894364620893
0.0,0.087,0.2789688383637148
0.0,0.0875,0.27917727840290996
0.0,0.088,0.27993071708929473
0.0,0.0885,0.28002557988551746
0.0,0.089,0.28091108173624946
0.0,0.0895,0.2809220877382054
0.0,0.09,0.2809298675909855
0.0,0.0905,0.2819915224215145
0.0,0.091,0.2822278180122343
0.0,0.0915,0.2823960301007131
0.0,0.092,0.2827560482073903
0.0,0.0925,0.2827676577430911
0.0,0.093,0.2828680141225216
0.0,0.0935,0.28509425841855984
0.0,0.094,0.28674848794082397
0.0,0.0945,0.2870587519751633
0.0,0.095,0.2872155752474477
0.0,0.0955,0.2874729062473047
0.0,0.096,0.2875022947587905
0.0,0.0965,0.287874471789217
0.0,0.097,0.28825450971168276
0.0,0.0975,0.28858644320298066
0.0,0.098,0.28912951356417604
0.0,0.0985,0.28955791234909
0.0,0.099,0.2896162837760168
0.0,0.0995,0.28964736341459385
0.0,0.1,0.29007590130451977
0.0,0.1005,0.2901537525287563
0.0,0.101,0.2907807383904658
0.0,0.1015,0.2909176369300911
0.0,0.102,0.29107706686852863
0.0,0.1025,0.2914918580229986
0.0,0.103,0.2914949196281025
0.0,0.1035,0.2917623640003071
0.0,0.104,0.2920405871286543
0.0,0.1045,0.2925352537533372
0.0,0.105,0.29326681115117126
0.0,0.1055,0.2936835347523489
0.0,0.106,0.29400957655076854
0.0,0.1065,0.29470458266019073
0.0,0.107,0.29511715965117236
0.0,0.1075,0.29530555043621154
0.0,0.108,0.2954212975673265
0.0,0.1085,0.29566173890457426
0.0,0.109,0.29723057967346256
0.0,0.1095,0.2973885156278635
0.0,0.11,0.2977268236361257
0.0,0.1105,0.29837349939051083
0.0,0.111,0.2989966659425348
0.0,0.1115,0.2992780050459529
0.0,0.112,0.2993357204786192
0.0,0.1125,0.3007485612757612
0.0,0.113,0.30083092758512475
0.0,0.1135,0.3008379373739005
0.0,0.114,0.30122563925746326
0.0,0.1145,0.301710654109578
0.0,0.115,0.3017407605554897
0.0,0.1155,0.3031479828817366
0.0,0.116,0.30430026534623533
0.0,0.1165,0.3047204556460491
0.0,0.117,0.30472513802249046
0.0,0.1175,0.3049360866493416
0.0,0.118,0.30506013690148204
0.0,0.1185,0.30517321311864076
0.0,0.119,0.30521129828553206
0.0,0.1195,0.3057180356919369
0.0,0.12,0.3060874923012826
0.0,0.1205,0.30618900984729003
0.0,0.121,0.3062849363384339
0.0,0.1215,0.3065161309290416
0.0,0.122,0.3069765903375249
0.0,0.1225,0.3077564802632612
0.0,0.123,0.30831561300138954
0.0,0.1235,0.30856066779367997
0.0,0.124,0.3087196508786909
0.0,0.1245,0.3092600366927494
0.0,0.125,0.30953884331292125
0.0,0.1255,0.3096337119638005
0.0,0.126,0.3098128894647083
0.0,0.1265,0.3100173367764827
0.0,0.127,0.31009873371229324
0.0,0.1275,0.31060806562756293
0.0,0.128,0.31079830472229886
0.0,0.1285,0.3112486267534389
0.0,0.129,0.31144977525472084
0.0,0.1295,0.31176568289403606
0.0,0.13,0.31212671159947325
0.0,0.1305,0.31240684722836065
0.0,0.131,0.3132800673933094
0.0,0.1315,0.3135472697050865
0.0,0.132,0.31430731862178574
0.0,0.1325,0.31441237416456425
0.0,0.133,0.3153084548270536
0.0,0.1335,0.31554166547384055
0.0,0.134,0.3158345856129562
0.0,0.1345,0.3159816541274759
0.0,0.135,0.31615346226447727
0.0,0.1355,0.3167869144347807
0.0,0.136,0.31703483698768387
0.0,0.1365,0.31763707424496623
0.0,0.137,0.31780658244953086
0.0,0.1375,0.31820851600059785
0.0,0.138,0.31862038694744976
0.0,0.1385,0.31929123746081167
0.0,0.139,0.3199694358416001
0.0,0.1395,0.32002617264780187
0.0,0.14,0.3210615508690514
0.0,0.1405,0.3211881924940939
0.0,0.141,0.32249758756606284
0.0,0.1415,0.3225835658114419
0.0,0.142,0.3226917115145709
0.0,0.1425,0.3227892541857751
0.0,0.143,0.3235220452221722
0.0,0.1435,0.32353033290262856
0.0,0.144,0.3244431333655873
0.0,0.1445,0.3244433600812505
0.0,0.145,0.3246496184718535
0.0,0.1455,0.3249090360209682
0.0,0.146,0.32553881016579944
0.0,0.1465,0.32564056225104354
0.0,0.147,0.326209477605514
0.0,0.1475,0.32656587594496134
0.0,0.148,0.32670688086741484
0.0,0.1485,0.3278326448304614
0.0,0.149,0.32815825564783296
0.0,0.1495,0.3281826878470643
0.0,0.15,0.32867686759966397
0.0,0.1505,0.3291390191094383
0.0,0.151,0.3291606384441512
0.0,0.1515,0.3295030326888784
0.0,0.152,0.32955867195058275
0.0,0.1525,0.3295705144386165
0.0,0.153,0.3305531947056748
0.0,0.1535,0.33084344742188354
0.0,0.154,0.33104043286226503
0.0,0.1545,0.3311242727869552
0.0,0.155,0.33117966343376337
0.0,0.1555,0.3315487963350169
0.0,0.156,0.3316631095441699
0.0,0.1565,0.3321459924748582
0.0,0.157,0.33255571145023577
0.0,0.1575,0.3328775161135712
0.0,0.158,0.3330147456775031
0.0,0.1585,0.33340344638121566
0.0,0.159,0.3334688856826584
0.0,0.1595,0.3336400928478819
0.0,0.16,0.3341305529669535
0.0,0.1605,0.3346209645691347
0.0,0.161,0.3346226900576882
0.0,0.1615,0.33528679817057494
0.0,0.162,0.33556200999362396
0.0,0.1625,0.3355680463766787
0.0,0.163,0.33572502558962714
0.0,0.1635,0.33577482360843136
0.0,0.164,0.3360322262686123
0.0,0.1645,0.33637864255430505
0.0,0.165,0.3366092303796274
0.0,0.1655,0.33665883601639457
0.0,0.166,0.33705754926649534
0.0,0.1665,0.33768031330361303
0.0,0.167,0.3376929372620999
0.0,0.1675,0.33793520295820134
0.0,0.168,0.3380315725195703
0.0,0.1685,0.33896795693988
0.0,0.169,0.33897997780039146
0.0,0.1695,0.33973611814043714
0.0,0.17,0.33993146348169967
0.0,0.1705,0.33997976046999345
0.0,0.171,0.34010612117660355
0.0,0.1715,0.3406200961107857
0.0,0.172,0.34067573275145757
0.0,0.1725,0.3406835876588431
0.0,0.173,0.3408411653190897
0.0,0.1735,0.3409398813680373
0.0,0.174,0.34120153639914197
0.0,0.1745,0.3418546520542527
0.0,0.175,0.3418677594692521
0.0,0.1755,0.3419279377541573
0.0,0.176,0.34244878286560065
0.0,0.1765,0.34293529020381086
0.0,0.177,0.34317357266611503
0.0,0.1775,0.3432286990884764
0.0,0.178,0.3432890642625116
0.0,0.1785,0.34432017824151273
0.0,0.179,0.34449607064788024
0.0,0.1795,0.34460280218990824
0.0,0.18,0.34462110978636007
0.0,0.1805,0.34468680951597963
0.0,0.181,0.34492145359039184
0.0,0.1815,0.3449346601081509
0.0,0.182,0.34527009426187016
0.0,0.1825,0.3455502594014591
0.0,0.183,0.34597612919486764
0.0,0.1835,0.3460209517715346
0.0,0.184,0.34604130953459933
0.0,0.1845,0.3463032422054745
0.0,0.185,0.346375791514838
0.0,0.1855,0.34641044816384836
0.0,0.186,0.34644230566931755
0.0,0.1865,0.34666180731212215
0.0,0.187,0.34681217126019437
0.0,0.1875,0.34706830431821045
0.0,0.188,0.34720762702093666
0.0,0.1885,0.34728379267110676
0.0,0.189,0.3473005314746007
0.0,0.1895,0.3475801620726552
0.0,0.19,0.3478587386918872
0.0,0.1905,0.34791335494002673
0.0,0.191,0.3482268821838982
0.0,0.1915,0.34826109821718054
0.0,0.192,0.3493645170009173
0.0,0.1925,0.34958217647466994
0.0,0.193,0.349904674578874
0.0,0.1935,0.34996705919326443
0.0,0.194,0.3504526059291142
0.0,0.1945,0.35055850665053656
0.0,0.195,0.3510479420196323
0.0,0.1955,0.3512790455675864
0.0,0.196,0.35129659386139445
0.0,0.1965,0.3513368998754347
0.0,0.197,0.3520121752178681
0.0,0.1975,0.3520574484340493
0.0,0.198,0.35207378716744786
0.0,0.1985,0.3524113649352869
0.0,0.199,0.3528640489053376
0.0,0.1995,0.3530759885673237
0.0,0.2,0.3540349077625501
0.0,0.2005,0.35409077435132186
0.0,0.201,0.354125843585138
0.0,0.2015,0.3542452483985138
0.0,0.202,0.3543699371409619
0.0,0.2025,0.3547738387067252
0.0,0.203,0.35489431477080857
0.0,0.2035,0.3550335304754144
0.0,0.204,0.3553803722434954
0.0,0.2045,0.35538771850876527
0.0,0.205,0.3554240268901703
0.0,0.2055,0.35553144368000744
0.0,0.206,0.3556078844236902
0.0,0.2065,0.35576833272543273
0.0,0.207,0.3557728623729576
0.0,0.2075,0.3560003009790724
0.0,0.208,0.3564269789026412
0.0,0.2085,0.35654740725559386
0.0,0.209,0.35701365860576095
0.0,0.2095,0.35723319992348257
0.0,0.21,0.3573575408977958
0.0,0.2105,0.3575203331743353
0.0,0.211,0.35814902028836104
0.0,0.2115,0.35869085214258956
0.0,0.212,0.3587550795409137
0.0,0.2125,0.3592050107808191
0.0,0.213,0.3596056114818388
0.0,0.2135,0.359682527306626
0.0,0.214,0.3600034682627886
0.0,0.2145,0.3602963065002136
0.0,0.215,0.3607709123193652
0.0,0.2155,0.36077576298969916
0.0,0.216,0.3610774880498797
0.0,0.2165,0.3615295144651577
0.0,0.217,0.36187435952944313
0.0,0.2175,0.36205553817692426
0.0,0.218,0.3621610770593354
0.0,0.2185,0.3622276417449706
0.0,0.219,0.36234827867226715
0.0,0.2195,0.3624009901586791
0.0,0.22,0.36241858252321013
0.0,0.2205,0.3627614717604444
0.0,0.221,0.36306377301009085
0.0,0.2215,0.3632430162603567
0.0,0.222,0.3635618513296893
0.0,0.2225,0.3637573831508788
0.0,0.223,0.36404779716636826
0.0,0.2235,0.36504721937238194
0.0,0.224,0.36590719006774886
0.0,0.2245,0.3663712086112869
0.0,0.225,0.3666244651075422
0.0,0.2255,0.3670214311439012
0.0,0.226,0.36732997480864515
0.0,0.2265,0.3675037373163126
0.0,0.227,0.3675635584793323
0.0,0.2275,0.36761393522064134
0.0,0.228,0.3677323796887896
0.0,0.2285,0.3678100088959767
0.0,0.229,0.3682220618377462
0.0,0.2295,0.36836665470088037
0.0,0.23,0.36837669907305504
0.0,0.2305,0.36899415696697224
0.0,0.231,0.36918755421987837
0.0,0.2315,0.36922438772912003
0.0,0.232,0.36943013686713333
0.0,0.2325,0.3697704382396372
0.0,0.233,0.3698309445526923
0.0,0.2335,0.370214834026505
0.0,0.234,0.37039241172565074
0.0,0.2345,0.3705193369126656
0.0,0.235,0.37054695584770814
0.0,0.2355,0.3706050262628291
0.0,0.236,0.37091349142522223
0.0,0.2365,0.3710599889537538
0.0,0.237,0.3711920021635279
0.0,0.2375,0.37125059541366123
0.0,0.238,0.3714626058975765
0.0,0.2385,0.37161160132171256
0.0,0.239,0.37239924646731504
0.0,0.2395,0.3724489717085614
0.0,0.24,0.3725733500955788
0.0,0.2405,0.3728271849416762
0.0,0.241,0.37353533886617885
0.0,0.2415,0.3737830708481935
0.0,0.242,0.3738999432935668
0.0,0.2425,0.3748130096198532
0.0,0.243,0.37491416327201454
0.0,0.2435,0.3749364074819074
0.0,0.244,0.3750189011815669
0.0,0.2445,0.37531110351066554
0.0,0.245,0.37546820996230834
0.0,0.2455,0.37563068311893144
0.0,0.246,0.37589356705284693
0.0,0.2465,0.3762410613752556
0.0,0.247,0.3764355231422202
0.0,0.2475,0.3766415492970788
0.0,0.248,0.3768994112140315
0.0,0.2485,0.3770210009995545
0.0,0.249,0.37714353179916993
0.0,0.2495,0.37740735831983596
0.0,0.25,0.37761553654020164
0.0,0.2505,0.3776404644151492
0.0,0.251,0.3777983836968506
0.0,0.2515,0.378286707855937
0.0,0.252,0.3784773091674176
0.0,0.2525,0.3785735631172762
0.0,0.253,0.37868760120053735
0.0,0.2535,0.3787781929428332
0.0,0.254,0.37902483640731666
0.0,0.2545,0.3791102367965671
0.0,0.255,0.3796278503790459
0.0,0.2555,0.37976231196413146
0.0,0.256,0.380197982912298
0.0,0.2565,0.380447546996049
0.0,0.257,0.380544904800896
0.0,0.2575,0.3808370139191156
0.0,0.258,0.3809223891102189
0.0,0.2585,0.38180791189832464
0.0,0.259,0.38185983156829073
0.0,0.2595,0.38191966872790006
0.0,0.26,0.38192842293020735
0.0,0.2605,0.38205837480777727
0.0,0.261,0.38206253504010024
0.0,0.2615,0.38234964635591606
0.0,0.262,0.38250732730287795
0.0,0.2625,0.3825181789879367
0.0,0.263,0.3826395384038024
0.0,0.2635,0.3826670215913901
0.0,0.264,0.38293042127367516
0.0,0.2645,0.3829547749679326
0.0,0.265,0.38333505362248044
0.0,0.2655,0.3835541947845993
0.0,0.266,0.38383843266002526
0.0,0.2665,0.383967483286873
0.0,0.267,0.3840611800175603
0.0,0.2675,0.38437249960547815
0.0,0.268,0.3843919036610157
0.0,0.2685,0.3844216512448446
0.0,0.269,0.38477173647934615
0.0,0.2695,0.3848279105769826
0.0,0.27,0.3850128230065757
0.0,0.2705,0.3850182388683999
0.0,0.271,0.38523359407028845
0.0,0.2715,0.38523799941163583
0.0,0.272,0.3852539723225461
0.0,0.2725,0.38526752953371335
0.0,0.273,0.38530144924551735
0.0,0.2735,0.38534042906584776
0.0,0.274,0.3854592866585841
0.0,0.2745,0.3858643364684343
0.0,0.275,0.38617876903676684
0.0,0.2755,0.38640781829123094
0.0,0.276,0.3865303430676085
0.0,0.2765,0.3871563838238632
0.0,0.277,0.3874260967596389
0.0,0.2775,0.38751106869396734
0.0,0.278,0.3875210189604211
0.0,0.2785,0.38797326673908383
0.0,0.279,0.3886137272083664
0.0,0.2795,0.3887899062229294
0.0,0.28,0.3888831217733726
0.0,0.2805,0.38910805057788456
0.0,0.281,0.3894421470125179
0.0,0.2815,0.3894714327209755
0.0,0.282,0.3898670771303612
0.0,0.2825,0.3910165259396573
0.0,0.283,0.39122513245007395
0.0,0.2835,0.3914567396200458
0.0,0.284,0.39148090056604634
0.0,0.2845,0.39215835103670493
0.0,0.285,0.3922507426572599
0.0,0.2855,0.39226850619955933
0.0,0.286,0.3926043781498004
0.0,0.2865,0.3928237877338382
0.0,0.287,0.39312539823709014
0.0,0.2875,0.3935177921794205
0.0,0.288,0.3936514888699657
0.0,0.2885,0.3936650660370864
0.0,0.289,0.39366842353104614
0.0,0.2895,0.39392629312887995
0.0,0.29,0.39402596835088344
0.0,0.2905,0.3940683671895805
0.0,0.291,0.39408533993911987
0.0,0.2915,0.39453345804559947
0.0,0.292,0.39460201661994654
0.0,0.2925,0.39476703792892487
0.0,0.293,0.39502583747480713
0.0,0.2935,0.39506233335144225
0.0,0.294,0.39512849949537576
0.0,0.2945,0.3952393648205158
0.0,0.295,0.39537004003869636
0.0,0.2955,0.3956477455967603
0.0,0.296,0.39565572509460367
0.0,0.2965,0.3957739976994319
0.0,0.297,0.39612092734771376
0.0,0.2975,0.3961587315457421
0.0,0.298,0.3961948464159577
0.0,0.2985,0.39621455654219584
0.0,0.299,0.396688427528499
0.0,0.2995,0.3970901723578487
0.0,0.3,0.39763927572889113
0.0,0.3005,0.3978300559905855
0.0,0.301,0.3979478030379817
0.0,0.3015,0.39814650803701146
0.0,0.302,0.39815665644942244
0.0,0.3025,0.3984856738848579
0.0,0.303,0.3988801788688051
0.0,0.3035,0.3988850473821345
0.0,0.304,0.3988921450778343
0.0,0.3045,0.39907692294371666
0.0,0.305,0.39931706186845606
0.0,0.3055,0.3993196847732523
0.0,0.306,0.3993667403926632
0.0,0.3065,0.39979406439689935
0.0,0.307,0.4000279774723864
0.0,0.3075,0.40013705806137445
0.0,0.308,0.40021220533535684
0.0,0.3085,0.40025062159699987
0.0,0.309,0.4004241826469128
0.0,0.3095,0.40098992252239696
0.0,0.31,0.4012265180929133
0.0,0.3105,0.40133208386783936
0.0,0.311,0.4017138895662028
0.0,0.3115,0.40191264028283535
0.0,0.312,0.4021476682085594
0.0,0.3125,0.4021980071025635
0.0,0.313,0.4023942336288584
0.0,0.3135,0.40271633289746545
0.0,0.314,0.4027252166494515
0.0,0.3145,0.4030100013431378
0.0,0.315,0.40320561726047355
0.0,0.3155,0.40323714370915154
0.0,0.316,0.4036840708772673
0.0,0.3165,0.4036999745291293
0.0,0.317,0.4038978818296699
0.0,0.3175,0.4041221610338417
0.0,0.318,0.4043845939754962
0.0,0.3185,0.4045271267116811
0.0,0.319,0.40480355111601407
0.0,0.3195,0.4049109739465775
0.0,0.32,0.4058340131399961
0.0,0.3205,0.40592980216545205
0.0,0.321,0.4059531946468611
0.0,0.3215,0.40600800108503354
0.0,0.322,0.4060885453345091
0.0,0.3225,0.40637732761953216
0.0,0.323,0.40638456550831414
0.0,0.3235,0.4066322178453784
0.0,0.324,0.40665909517794696
0.0,0.3245,0.40687019392110646
0.0,0.325,0.40693135569697403
0.0,0.3255,0.40722791092701005
0.0,0.326,0.40736920076267225
0.0,0.3265,0.40738203269976137
0.0,0.327,0.40738204502456066
0.0,0.3275,0.40760537639644256
0.0,0.328,0.4077695571165264
0.0,0.3285,0.40786532564334677
0.0,0.329,0.4080534642718687
0.0,0.3295,0.40819082136630247
0.0,0.33,0.4083162369116582
0.0,0.3305,0.40854647051688187
0.0,0.331,0.4086393020382828
0.0,0.3315,0.40875414566183654
0.0,0.332,0.40879471250720445
0.0,0.3325,0.40887056449473713
0.0,0.333,0.40899298849479593
0.0,0.3335,0.409686214581776
0.0,0.334,0.4100220400275848
0.0,0.3345,0.4103758078337626
0.0,0.335,0.4104347213698404
0.0,0.3355,0.41056504814132455
0.0,0.336,0.41065516198184016
0.0,0.3365,0.41093828721376857
0.0,0.337,0.4110002443488159
0.0,0.3375,0.4110576510922357
0.0,0.338,0.411133497465752
0.0,0.3385,0.4111649631434138
0.0,0.339,0.41145717942363336
0.0,0.3395,0.4117392735475708
0.0,0.34,0.41185504441264065
0.0,0.3405,0.41202872917565037
0.0,0.341,0.412153066811233
0.0,0.3415,0.4122360828326883
0.0,0.342,0.41246482936983897
0.0,0.3425,0.41255206251056087
0.0,0.343,0.412613974424873
0.0,0.3435,0.4131078104560749
0.0,0.344,0.4131375270619204
0.0,0.3445,0.41333636785530947
0.0,0.345,0.4134924021582953
0.0,0.3455,0.41380495930852024
0.0,0.346,0.413940772341711
0.0,0.3465,0.4144540955674285
0.0,0.347,0.41449707607756126
0.0,0.3475,0.4146639938618155
0.0,0.348,0.4147494993725287
0.0,0.3485,0.4148040283509701
0.0,0.349,0.41490999909728676
0.0,0.3495,0.4149389781176862
0.0,0.35,0.4155299481794874
0.0,0.3505,0.4155455877007681
0.0,0.351,0.4156231517293938
0.0,0.3515,0.41573415907753386
0.0,0.352,0.4158384653533155
0.0,0.3525,0.41584621501176233
0.0,0.353,0.41656783552348364
0.0,0.3535,0.4168610286327149
0.0,0.354,0.41721439109394776
0.0,0.3545,0.41728099339075253
0.0,0.355,0.4174571625802811
0.0,0.3555,0.4175254052307874
0.0,0.356,0.41771942145437535
0.0,0.3565,0.41786151988421383
0.0,0.357,0.4179251740316412
0.0,0.3575,0.4179568796541362
0.0,0.358,0.41812758993577026
0.0,0.3585,0.41828224001977565
0.0,0.359,0.41834720981439266
0.0,0.3595,0.41840432338801214
0.0,0.36,0.4184376831764618
0.0,0.3605,0.4187942660795362
0.0,0.361,0.41887423380328803
0.0,0.3615,0.4190861387360194
0.0,0.362,0.41910123136335287
0.0,0.3625,0.4193706334395372
0.0,0.363,0.41937406528111165
0.0,0.3635,0.41976086914015276
0.0,0.364,0.42029562687991606
0.0,0.3645,0.4203878223783232
0.0,0.365,0.4208556721798684
0.0,0.3655,0.42086761271491735
0.0,0.366,0.42113849522553803
0.0,0.3665,0.42127438812642914
0.0,0.367,0.4214015360654897
0.0,0.3675,0.4217143566103907
0.0,0.368,0.42194410706846763
0.0,0.3685,0.4220425166438604
0.0,0.369,0.42251198278328683
0.0,0.3695,0.4225616667919927
0.0,0.37,0.4228132847984756
0.0,0.3705,0.42286557618725584
0.0,0.371,0.4232827966557742
0.0,0.3715,0.4233204966650953
0.0,0.372,0.42366857724927054
0.0,0.3725,0.4239098508199557
0.0,0.373,0.42452441831566257
0.0,0.3735,0.42458640326379227
0.0,0.374,0.4249592926325354
0.0,0.3745,0.4253567966415498
0.0,0.375,0.42546392475165995
0.0,0.3755,0.42560463835927165
0.0,0.376,0.4257924953187878
0.0,0.3765,0.4258627275149258
0.0,0.377,0.42623138474757116
0.0,0.3775,0.4263365492921769
0.0,0.378,0.42642517895668763
0.0,0.3785,0.4264738555356914
0.0,0.379,0.42698553823930274
0.0,0.3795,0.4272177292183754
0.0,0.38,0.42798537161080064
0.0,0.3805,0.42821907016482474
0.0,0.381,0.42836765394275356
0.0,0.3815,0.42851179674396755
0.0,0.382,0.4287878343271414
0.0,0.3825,0.42886947345676296
0.0,0.383,0.42888330395441343
0.0,0.3835,0.428928349282507
0.0,0.384,0.42901617796943126
0.0,0.3845,0.42931829604204574
0.0,0.385,0.42943112614632695
0.0,0.3855,0.4299912199821062
0.0,0.386,0.43008866434773774
0.0,0.3865,0.43024407140877075
0.0,0.387,0.4302448957567021
0.0,0.3875,0.4304494026967104
0.0,0.388,0.4304561887112828
0.0,0.3885,0.4305500418619248
0.0,0.389,0.4305882482075697
0.0,0.3895,0.4305895477756252
0.0,0.39,0.4308599390784631
0.0,0.3905,0.43115112477855555
0.0,0.391,0.43175250881946836
0.0,0.3915,0.431795798924443
0.0,0.392,0.43182806245367944
0.0,0.3925,0.4319670566214372
0.0,0.393,0.43207629293711813
0.0,0.3935,0.4322107983546234
0.0,0.394,0.4324182169397631
0.0,0.3945,0.4326486901933255
0.0,0.395,0.43300113324513967
0.0,0.3955,0.43313045523777804
0.0,0.396,0.4332624125187958
0.0,0.3965,0.4333188202273037
0.0,0.397,0.4336330077964914
0.0,0.3975,0.43406613525003834
0.0,0.398,0.43431607899533564
0.0,0.3985,0.4344029439230067
0.0,0.399,0.4346087857712494
0.0,0.3995,0.4346487907592611
0.0,0.4,0.43475466810654206
0.0,0.4005,0.43483463921637966
0.0,0.401,0.43501505541118923
0.0,0.4015,0.43523707117986576
0.0,0.402,0.43542515131005566
0.0,0.4025,0.43587413057151925
0.0,0.403,0.43591903631526285
0.0,0.4035,0.4364392228491881
0.0,0.404,0.43670567536157456
0.0,0.4045,0.436874051145719
0.0,0.405,0.43718695258996376
0.0,0.4055,0.43720818059198907
0.0,0.406,0.43791887894508985
0.0,0.4065,0.4380488318524641
0.0,0.407,0.4380739079093451
0.0,0.4075,0.4382627964080621
0.0,0.408,0.43843633587673425
0.0,0.4085,0.4384575366297331
0.0,0.409,0.438628160349796
0.0,0.4095,0.4388348868767683
0.0,0.41,0.4391654261121657
0.0,0.4105,0.4394430418624501
0.0,0.411,0.44054947121600285
0.0,0.4115,0.440661223398628
0.0,0.412,0.4407341872856724
0.0,0.4125,0.440787324686035
0.0,0.413,0.4411906837003694
0.0,0.4135,0.44150399744667246
0.0,0.414,0.4417269555333726
0.0,0.4145,0.44195556436848027
0.0,0.415,0.44203094870558757
0.0,0.4155,0.44206703256220026
0.0,0.416,0.4422278078160363
0.0,0.4165,0.44269896932632036
0.0,0.417,0.44276263073218725
0.0,0.4175,0.44308827469157763
0.0,0.418,0.44308887929878293
0.0,0.4185,0.4431092902415138
0.0,0.419,0.44325929572526357
0.0,0.4195,0.44326015969247123
0.0,0.42,0.44329582558577185
0.0,0.4205,0.4433157728827438
0.0,0.421,0.44335172891249985
0.0,0.4215,0.4435905088221549
0.0,0.422,0.44381132718243255
0.0,0.4225,0.4443185927197085
0.0,0.423,0.4445257314197125
0.0,0.4235,0.4446329415104755
0.0,0.424,0.44478080641546147
0.0,0.4245,0.4451883783895637
0.0,0.425,0.44557708029738374
0.0,0.4255,0.4456561803166511
0.0,0.426,0.4461502106449099
0.0,0.4265,0.44642313843363435
0.0,0.427,0.44659331534713
0.0,0.4275,0.44687397973193244
0.0,0.428,0.4470359937347701
0.0,0.4285,0.44729042083730153
0.0,0.429,0.4475326038170172
0.0,0.4295,0.44771971260424825
0.0,0.43,0.4480245578685693
0.0,0.4305,0.4482690851841151
0.0,0.431,0.4483150277556367
0.0,0.4315,0.44833868972001767
0.0,0.432,0.448837448885287
0.0,0.4325,0.4488602408252089
0.0,0.433,0.44894549269546913
0.0,0.4335,0.44991574132047385
0.0,0.434,0.4500110855714584
0.0,0.4345,0.45020900032906896
0.0,0.435,0.4505344529661639
0.0,0.4355,0.4513041896208061
0.0,0.436,0.45151803777314514
0.0,0.4365,0.451524637391322
0.0,0.437,0.4517312453634591
0.0,0.4375,0.4521094917139874
0.0,0.438,0.45277629998178126
0.0,0.4385,0.4527897039646438
0.0,0.439,0.4531055622311202
0.0,0.4395,0.4534997668107954
0.0,0.44,0.4537317806629272
0.0,0.4405,0.4537779649809289
0.0,0.441,0.4538160958321773
0.0,0.4415,0.4539026826692182
0.0,0.442,0.45416057793399744
0.0,0.4425,0.45416768047255807
0.0,0.443,0.4542081720378437
0.0,0.4435,0.4544349155035865
0.0,0.444,0.45456660272237515
0.0,0.4445,0.4550290034845821
0.0,0.445,0.4552722785675628
0.0,0.4455,0.4557411184650203
0.0,0.446,0.45586674777560876
0.0,0.4465,0.4559081024178794
0.0,0.447,0.45594169575067056
0.0,0.4475,0.45609892827708653
0.0,0.448,0.4564583136653253
0.0,0.4485,0.456796482855764
0.0,0.449,0.4570786098293299
0.0,0.4495,0.45815121336765297
0.0,0.45,0.4582206535054081
0.0,0.4505,0.4582739217010754
0.0,0.451,0.458293142423263
0.0,0.4515,0.45841514501174174
0.0,0.452,0.4586219291956528
0.0,0.4525,0.4587886771856561
0.0,0.453,0.45893031184839506
0.0,0.4535,0.4590698666116979
0.0,0.454,0.4591966123828968
0.0,0.4545,0.45929616735297096
0.0,0.455,0.45940144195135435
0.0,0.4555,0.4595236366726667
0.0,0.456,0.4596055940970242
0.0,0.4565,0.45995258103079106
0.0,0.457,0.46014527890933554
0.0,0.4575,0.460529396230952
0.0,0.458,0.46069146234067027
0.0,0.4585,0.4607149460431127
0.0,0.459,0.4609398457811201
0.0,0.4595,0.4611912988919352
0.0,0.46,0.46128190429153026
0.0,0.4605,0.4614098688818148
0.0,0.461,0.46164910763147626
0.0,0.4615,0.4620231847641678
0.0,0.462,0.46211111552701145
0.0,0.4625,0.46284269440621795
0.0,0.463,0.462965408867162
0.0,0.4635,0.46311867451026456
0.0,0.464,0.46318080110673177
0.0,0.4645,0.46356918128269187
0.0,0.465,0.4636083849615197
0.0,0.4655,0.46369443687788947
0.0,0.466,0.46375151727914643
0.0,0.4665,0.4641635588678741
0.0,0.467,0.4641891380872599
0.0,0.4675,0.46494285990525686
0.0,0.468,0.46514987556542065
0.0,0.4685,0.4661789609346829
0.0,0.469,0.46674169360751194
0.0,0.4695,0.46699513220707034
0.0,0.47,0.46711220136638054
0.0,0.4705,0.46713297466953274
0.0,0.471,0.4671462383972126
0.0,0.4715,0.4675653471758656
0.0,0.472,0.4677689684884089
0.0,0.4725,0.46779163068916985
0.0,0.473,0.4682564521745427
0.0,0.4735,0.4686115500808332
0.0,0.474,0.46873105416798466
0.0,0.4745,0.4688804100009696
0.0,0.475,0.4689314774325476
0.0,0.4755,0.46900452972787643
0.0,0.476,0.46912119080943226
0.0,0.4765,0.4693645854588425
0.0,0.477,0.46963662819091034
0.0,0.4775,0.4697209395239287
0.0,0.478,0.4699292403995342
0.0,0.4785,0.4701588327115327
0.0,0.479,0.4703197699270629
0.0,0.4795,0.47061643372200557
0.0,0.48,0.4706867494862187
0.0,0.4805,0.4709037925566769
0.0,0.481,0.47092288488629697
0.0,0.4815,0.47125826944744553
0.0,0.482,0.472581834502089
0.0,0.4825,0.4731920669332894
0.0,0.483,0.47388522109527464
0.0,0.4835,0.47420365198165615
0.0,0.484,0.47422331142127117
0.0,0.4845,0.4744362278420866
0.0,0.485,0.4744846145838838
0.0,0.4855,0.47448968474105446
0.0,0.486,0.47463565697936505
0.0,0.4865,0.4746550399891839
0.0,0.487,0.4747159443808838
0.0,0.4875,0.47486261041463174
0.0,0.488,0.47499487006010743
0.0,0.4885,0.47514816256509773
0.0,0.489,0.4753908020193196
0.0,0.4895,0.47545529667342756
0.0,0.49,0.4754614893045379
0.0,0.4905,0.4755820937201751
0.0,0.491,0.47571236254234794
0.0,0.4915,0.4757942505194295
0.0,0.492,0.47582583891229746
0.0,0.4925,0.47589143760963004
0.0,0.493,0.47627819120953585
0.0,0.4935,0.4763591221971283
0.0,0.494,0.476376211386751
0.0,0.4945,0.4765186902056805
0.0,0.495,0.47659536987546713
0.0,0.4955,0.47697759378292837
0.0,0.496,0.4770302284793555
0.0,0.4965,0.4771016390966346
0.0,0.497,0.477176654575177
0.0,0.4975,0.47723613662394493
0.0,0.498,0.47734541857730683
0.0,0.4985,0.4773469686376711
0.0,0.499,0.4775072123722245
0.0,0.4995,0.47763913868294616
0.0,0.5,0.47867572968394245
0.0,0.5005,0.4786778760589865
0.0,0.501,0.47884780536396887
0.0,0.5015,0.4790028482533968
0.0,0.502,0.47913954608772824
0.0,0.5025,0.4794082975017012
0.0,0.503,0.4794595989800613
0.0,0.5035,0.4803608178454749
0.0,0.504,0.4804775238019974
0.0,0.5045,0.4809514996818519
0.0,0.505,0.48173959167233193
0.0,0.5055,0.4819821998145828
0.0,0.506,0.4822808822514528
0.0,0.5065,0.48231644957678144
0.0,0.507,0.48251063065395494
0.0,0.5075,0.4829424057110825
0.0,0.508,0.4829427502280105
0.0,0.5085,0.4829566042489025
0.0,0.509,0.48307121883596815
0.0,0.5095,0.4836563370984668
0.0,0.51,0.4840156225723955
0.0,0.5105,0.4840229292790357
0.0,0.511,0.48419681269376236
0.0,0.5115,0.48482796898910974
0.0,0.512,0.4850307502371546
0.0,0.5125,0.4850431872958585
0.0,0.513,0.48533696376611835
0.0,0.5135,0.48539102021281766
0.0,0.514,0.48585015713147517
0.0,0.5145,0.48596612330434474
0.0,0.515,0.48607971216648016
0.0,0.5155,0.48616367681182915
0.0,0.516,0.48679516434559267
0.0,0.5165,0.4869514849148815
0.0,0.517,0.4871195938367153
0.0,0.5175,0.4872192760289136
0.0,0.518,0.48730199565149335
0.0,0.5185,0.4874837439032256
0.0,0.519,0.48796965741526543
0.0,0.5195,0.48839904507827125
0.0,0.52,0.4889485046214713
0.0,0.5205,0.4889925814650624
0.0,0.521,0.48924620648702444
0.0,0.5215,0.4896981268238392
0.0,0.522,0.48991380622135505
0.0,0.5225,0.4900100173304732
0.0,0.523,0.49008718485591385
0.0,0.5235,0.4904252730876957
0.0,0.524,0.490586155227725
0.0,0.5245,0.4914206440101596
0.0,0.525,0.49151268189742003
0.0,0.5255,0.4920489643032052
0.0,0.526,0.49209493352247646
0.0,0.5265,0.4922833883082013
0.0,0.527,0.4925291332655044
0.0,0.5275,0.4929163576458456
0.0,0.528,0.4932023475037488
0.0,0.5285,0.4932326038742122
0.0,0.529,0.4935068990337732
0.0,0.5295,0.4935121369238422
0.0,0.53,0.49361566912404553
0.0,0.5305,0.49370211465693614
0.0,0.531,0.49372043704824353
0.0,0.5315,0.49380997911621927
0.0,0.532,0.4943694483191279
0.0,0.5325,0.4944222197289132
0.0,0.533,0.4945285073823267
0.0,0.5335,0.4947547908793476
0.0,0.534,0.49476144374916176
0.0,0.5345,0.4949599821168682
0.0,0.535,0.4951271988308594
0.0,0.5355,0.4953956847561978
0.0,0.536,0.4957533726382587
0.0,0.5365,0.49579723980657286
0.0,0.537,0.49587395170458837
0.0,0.5375,0.49593179420131894
0.0,0.538,0.4959465801233115
0.0,0.5385,0.49630657421374735
0.0,0.539,0.4963198582849899
0.0,0.5395,0.49640644545574386
0.0,0.54,0.4966655923212846
0.0,0.5405,0.4973168887102859
0.0,0.541,0.4973227237892399
0.0,0.5415,0.4975507479063963
0.0,0.542,0.4977557795178056
0.0,0.5425,0.4980038095046033
0.0,0.543,0.4982591716335939
0.0,0.5435,0.4983348308151706
0.0,0.544,0.4985329064085213
0.0,0.5445,0.4986333466484705
0.0,0.545,0.49866937196011096
0.0,0.5455,0.49882859238771504
0.0,0.546,0.4990279209970293
0.0,0.5465,0.49918161197055866
0.0,0.547,0.4994382970854183
0.0,0.5475,0.49944272021683966
0.0,0.548,0.49954853273420596
0.0,0.5485,0.4995856880239955
0.0,0.549,0.49971945420772224
0.0,0.5495,0.49983414125936865
0.0,0.55,0.50034863520184
0.0,0.5505,0.5003916175561904
0.0,0.551,0.5004823742908577
0.0,0.5515,0.500577201192989
0.0,0.552,0.5008173511601749
0.0,0.5525,0.5009895788723734
0.0,0.553,0.5018912803614173
0.0,0.5535,0.5021233151576634
0.0,0.554,0.5024211050486039
0.0,0.5545,0.5026596917074322
0.0,0.555,0.5027426411289206
0.0,0.5555,0.5027968892113187
0.0,0.556,0.5028446098600791
0.0,0.5565,0.5029500984534793
0.0,0.557,0.5031547003500452
0.0,0.5575,0.5034236742175665
0.0,0.558,0.5037076423669942
0.0,0.5585,0.5038499838744178
0.0,0.559,0.5041312785858085
0.0,0.5595,0.5042043325913135
0.0,0.56,0.5046014083136099
0.0,0.5605,0.5046723398772197
0.0,0.561,0.5047744536846758
0.0,0.5615,0.5048677464954846
0.0,0.562,0.5050001792650602
0.0,0.5625,0.5051274189621988
0.0,0.563,0.505143343726142
0.0,0.5635,0.5052278948080653
0.0,0.564,0.5053647145576279
0.0,0.5645,0.5055453470051431
0.0,0.565,0.5056361697072822
0.0,0.5655,0.5059105335080669
0.0,0.566,0.5061724611711156
0.0,0.5665,0.5061816017850852
0.0,0.567,0.5062091467710308
0.0,0.5675,0.5067720101381157
0.0,0.568,0.5074086084295655
0.0,0.5685,0.5074174801068307
0.0,0.569,0.5074946801557028
0.0,0.5695,0.5075835776459815
0.0,0.57,0.5077326332820964
0.0,0.5705,0.5082016189658912
0.0,0.571,0.5083570786825728
0.0,0.5715,0.5086233136500445
0.0,0.572,0.508713200687174
0.0,0.5725,0.5087302461001799
0.0,0.573,0.5090560414179284
0.0,0.5735,0.5091191453812769
0.0,0.574,0.5096927022274285
0.0,0.5745,0.5101493836026361
0.0,0.575,0.5105466955776959
0.0,0.5755,0.510799741350247
0.0,0.576,0.5109163659363658
0.0,0.5765,0.5112957333430509
0.0,0.577,0.5116599632324924
0.0,0.5775,0.5120257812264615
0.0,0.578,0.5123874088562488
0.0,0.5785,0.5125897613730388
0.0,0.579,0.5130276686444952
0.0,0.5795,0.5134251487190604
0.0,0.58,0.5134849395587207
0.0,0.5805,0.5141448200477071
0.0,0.581,0.5142217928313286
0.0,0.5815,0.5142307182057031
0.0,0.582,0.5144761480013738
0.0,0.5825,0.5147727225408835
0.0,0.583,0.5148883555728428
0.0,0.5835,0.5149198354483125
0.0,0.584,0.515003257770832
0.0,0.5845,0.5150221754549098
0.0,0.585,0.5154071486248011
0.0,0.5855,0.5154410002660302
0.0,0.586,0.5156465544680322
0.0,0.5865,0.5159712109510266
0.0,0.587,0.5163569289501083
0.0,0.5875,0.5166403346992223
0.0,0.588,0.5167952936776823
0.0,0.5885,0.5168323827667534
0.0,0.589,0.5171218654482639
0.0,0.5895,0.5173835057939158
0.0,0.59,0.5174615410822855
0.0,0.5905,0.5177858392413477
0.0,0.591,0.5178972599736764
0.0,0.5915,0.5180670578588593
0.0,0.592,0.5181134225745105
0.0,0.5925,0.5181742745296176
0.0,0.593,0.5184572876048187
0.0,0.5935,0.5185275546602963
0.0,0.594,0.5185622160399275
0.0,0.5945,0.5188373858351285
0.0,0.595,0.5190468465125697
0.0,0.5955,0.5190633699318341
0.0,0.596,0.5190651624893079
0.0,0.5965,0.5190765244205582
0.0,0.597,0.5192274262184358
0.0,0.5975,0.5192816191213774
0.0,0.598,0.5193527673486278
0.0,0.5985,0.5196103905870737
0.0,0.599,0.5197984478386347
0.0,0.5995,0.5198256760957953
0.0,0.6,0.5201790433332927
0.0,0.6005,0.5206257756621708
0.0,0.601,0.5207015529012465
0.0,0.6015,0.5208665463888408
0.0,0.602,0.5208961839850723
0.0,0.6025,0.5209516774594385
0.0,0.603,0.5210538723826574
0.0,0.6035,0.521066638030151
0.0,0.604,0.5221415377204235
0.0,0.6045,0.5221991536224779
0.0,0.605,0.5224559659760926
0.0,0.6055,0.5229956884524307
0.0,0.606,0.523101059356694
0.0,0.6065,0.5231770350596558
0.0,0.607,0.5249844598466901
0.0,0.6075,0.5253699427240262
0.0,0.608,0.5254738492534379
0.0,0.6085,0.5258389075233552
0.0,0.609,0.5260582970183434
0.0,0.6095,0.5262823090110872
0.0,0.61,0.527600131306114
0.0,0.6105,0.5276209130413458
0.0,0.611,0.5276289356904447
0.0,0.6115,0.5280663951782543
0.0,0.612,0.5288156198457088
0.0,0.6125,0.5288413513782761
0.0,0.613,0.5290702362243866
0.0,0.6135,0.5291587307589414
0.0,0.614,0.5292263434566669
0.0,0.6145,0.5292534581247235
0.0,0.615,0.5301066840225236
0.0,0.6155,0.5305057510290121
0.0,0.616,0.5305175746427055
0.0,0.6165,0.5309964878725
0.0,0.617,0.5312674741969738
0.0,0.6175,0.531440020767437
0.0,0.618,0.5316499927917844
0.0,0.6185,0.5317106856697754
0.0,0.619,0.5319948111674593
0.0,0.6195,0.5320929651061697
0.0,0.62,0.5321095976418757
0.0,0.6205,0.5325622783813212
0.0,0.621,0.5327797904553007
0.0,0.6215,0.5328310816811542
0.0,0.622,0.5329846195954154
0.0,0.6225,0.533042654921536
0.0,0.623,0.5330752536472494
0.0,0.6235,0.5334193211391776
0.0,0.624,0.5336894758482577
0.0,0.6245,0.5337009734171225
0.0,0.625,0.5338088570596988
0.0,0.6255,0.533897928920881
0.0,0.626,0.5339299724430357
0.0,0.6265,0.533954268110707
0.0,0.627,0.5346384698886586
0.0,0.6275,0.5360178938142913
0.0,0.628,0.5361172093511835
0.0,0.6285,0.5365249613516245
0.0,0.629,0.5367990627473478
0.0,0.6295,0.5370524905916347
0.0,0.63,0.5371363686975448
0.0,0.6305,0.5371743249133955
0.0,0.631,0.5372140619367355
0.0,0.6315,0.5375431461511067
0.0,0.632,0.5376333119847071
0.0,0.6325,0.5378755649383841
0.0,0.633,0.5380353280207089
0.0,0.6335,0.5380980011421495
0.0,0.634,0.5383652804828046
0.0,0.6345,0.5383683828594994
0.0,0.635,0.5384129667674179
0.0,0.6355,0.5384457954091295
0.0,0.636,0.5384702266988088
0.0,0.6365,0.5385221072118069
0.0,0.637,0.5385264964242746
0.0,0.6375,0.5386231835495112
0.0,0.638,0.539085288543403
0.0,0.6385,0.5392757796689179
0.0,0.639,0.5396231443167847
0.0,0.6395,0.5396476171825534
0.0,0.64,0.5400565773990615
0.0,0.6405,0.5401503406966228
0.0,0.641,0.5401762197830638
0.0,0.6415,0.5402407268210168
0.0,0.642,0.540652633203295
0.0,0.6425,0.5406733657026949
0.0,0.643,0.5407523744859355
0.0,0.6435,0.540856108559701
0.0,0.644,0.5410124048635734
0.0,0.6445,0.5411020444341205
0.0,0.645,0.5411881568201535
0.0,0.6455,0.5412344920841179
0.0,0.646,0.5415065469773488
0.0,0.6465,0.5416707217570564
0.0,0.647,0.5416724698100115
0.0,0.6475,0.5417552205715866
0.0,0.648,0.5417711394473252
0.0,0.6485,0.542185683367159
0.0,0.649,0.5422250042141459
0.0,0.6495,0.5423371848355181
0.0,0.65,0.5429052971381311
0.0,0.6505,0.5429597904287374
0.0,0.651,0.5429844013472864
0.0,0.6515,0.5433162389164385
0.0,0.652,0.5435801797841631
0.0,0.6525,0.5435802180512959
0.0,0.653,0.5436389517160642
0.0,0.6535,0.543717178906694
0.0,0.654,0.5438628482780264
0.0,0.6545,0.5445385356896832
0.0,0.655,0.5447666540531306
0.0,0.6555,0.5449301339089132
0.0,0.656,0.5454974886438306
0.0,0.6565,0.545527624317681
0.0,0.657,0.5458364027213578
0.0,0.6575,0.5458771215728404
0.0,0.658,0.5459642041211328
0.0,0.6585,0.5460463937310229
0.0,0.659,0.546192652434817
0.0,0.6595,0.5465344116739537
0.0,0.66,0.5467708145587846
0.0,0.6605,0.5469002942423236
0.0,0.661,0.546964246414215
0.0,0.6615,0.5474297014243391
0.0005,0.6615,0.5474793111780814
0.0005,0.662,0.5474874237135474
0.0005,0.6625,0.5475646020600411
0.0005,0.663,0.5480924692733291
0.0005,0.6635,0.5480962695841197
0.0005,0.664,0.5481180684597328
0.0005,0.6645,0.5486362682080625
0.0005,0.665,0.5488760741285231
0.0005,0.6655,0.5489037645495838
0.0005,0.666,0.5489538226157383
0.0005,0.6665,0.5489891709253704
0.0005,0.667,0.5490851075348908
0.0005,0.6675,0.5491650519125852
0.0005,0.668,0.5497342135933858
0.0005,0.6685,0.549832045671093
0.0005,0.669,0.5502051563187371
0.0005,0.6695,0.550236199000472
0.0005,0.67,0.5506110777900436
0.0005,0.6705,0.5507136677466005
0.0005,0.671,0.5507140000242161
0.0005,0.6715,0.5514457602907055
0.0005,0.672,0.5517588892476324
0.0005,0.6725,0.5525873783958759
0.0005,0.673,0.5526423813744281
0.0005,0.6735,0.5530448423768537
0.0005,0.674,0.5532761913172777
0.0005,0.6745,0.5547225782768145
0.0005,0.675,0.5550767943621733
0.0005,0.6755,0.5550905675944877
0.0005,0.676,0.5554445995878112
0.0005,0.6765,0.5556367852556714
0.0005,0.677,0.5558806754011429
0.0005,0.6775,0.5560169992826043
0.0005,0.678,0.5560428807152342
0.0005,0.6785,0.5564248260591381
0.0005,0.679,0.5566688902997418
0.0005,0.6795,0.5568385469902255
0.0005,0.68,0.5568410525391724
0.0005,0.6805,0.557013856333243
0.0005,0.681,0.5572221953984818
0.0005,0.6815,0.5572596398513097
0.0005,0.682,0.5573394084627845
0.0005,0.6825,0.5578624024053757
0.0005,0.683,0.5579797422627393
0.0005,0.6835,0.5579830863822514
0.001,0.6835,0.5581376559638673
0.001,0.684,0.5585919975123537
0.001,0.6845,0.5586702888412121
0.001,0.685,0.5587108378326477
0.001,0.6855,0.5588592025427845
0.001,0.686,0.5589261548389738
0.001,0.6865,0.558982986081155
0.001,0.687,0.5591868846206067
0.001,0.6875,0.5594416408946111
0.001,0.688,0.5597411488656653
0.001,0.6885,0.5600213630597046
0.001,0.689,0.5606130097945866
0.001,0.6895,0.5610955574435103
0.001,0.69,0.5611344453612614
0.001,0.6905,0.5616115977813807
0.001,0.691,0.561755345641243
0.001,0.6915,0.5617977979118034
0.001,0.692,0.5619776310155107
0.001,0.6925,0.5623299442495096
0.001,0.693,0.5623801678317364
0.001,0.6935,0.5628489842609896
0.001,0.694,0.5630327011591126
0.001,0.6945,0.5635080422858878
0.001,0.695,0.5637767543892638
0.001,0.6955,0.5638187707321026
0.001,0.696,0.5639016931905765
0.001,0.6965,0.5639840393270515
0.001,0.697,0.5639858261391839
0.001,0.6975,0.5640731987016046
0.001,0.698,0.5645647604311446
0.001,0.6985,0.5645716320504877
0.001,0.699,0.5646020380068439
0.001,0.6995,0.5646900292166767
0.001,0.7,0.5648536757245581
0.001,0.7005,0.5653636587393187
0.001,0.701,0.5656511064424077
0.0015,0.701,0.5659999566421896
0.0015,0.7015,0.5660744348101361
0.0015,0.702,0.5661311400920757
0.0015,0.7025,0.5662084350682188
0.0015,0.703,0.5665389461399116
0.0015,0.7035,0.5666657299767484
0.0015,0.704,0.5667882572775013
0.0015,0.7045,0.5667888700151028
0.0015,0.705,0.5669026888416837
0.0015,0.7055,0.567265887062322
0.0015,0.706,0.5673420604459297
0.0015,0.7065,0.5681362473596528
0.0015,0.707,0.568154821166736
0.0015,0.7075,0.5684854889668672
0.0015,0.708,0.568718878422547
0.0015,0.7085,0.568989813615603
0.0015,0.709,0.5690886267078229
0.0015,0.7095,0.5692109727538821
0.0015,0.71,0.5692575300458516
0.0015,0.7105,0.5693437240386359
0.0015,0.711,0.5694660673105778
0.0015,0.7115,0.5699123627678507
0.0015,0.712,0.5700176675696126
0.0015,0.7125,0.5702073770575855
0.0015,0.713,0.5703173739980176
0.0015,0.7135,0.5704029952363404
0.0015,0.714,0.5704442671050742
0.0015,0.7145,0.5706803162163869
0.0015,0.715,0.5707926492677191
0.0015,0.7155,0.5712375688943385
0.0015,0.716,0.5712420963483784
0.0015,0.7165,0.5715376159046595
0.0015,0.717,0.5715387071937181
0.0015,0.7175,0.5720446515932404
0.0015,0.718,0.5722024601739746
0.0015,0.7185,0.5730107039893353
0.0015,0.719,0.5732319797850043
0.0015,0.7195,0.5735296184101049
0.0015,0.72,0.5735707891056163
0.0015,0.7205,0.573889654202937
0.0015,0.721,0.5743489828717638
0.0015,0.7215,0.5744487199402804
0.0015,0.722,0.5748953000031125
0.0015,0.7225,0.5749820611863232
0.0015,0.723,0.5749907964977217
0.0015,0.7235,0.5753062061183193
0.0015,0.724,0.5753573082862653
0.0015,0.7245,0.5753867503188779
0.0015,0.725,0.5753948333663239
0.0015,0.7255,0.5756273598262519
0.0015,0.726,0.5758084384613273
0.0015,0.7265,0.575964197449869
0.0015,0.727,0.5760484306012393
0.0015,0.7275,0.5762454760659632
0.0015,0.728,0.5762781376765067
0.0015,0.7285,0.5762832223350445
0.0015,0.729,0.5764531325424982
0.0015,0.7295,0.5771710454745589
0.0015,0.73,0.5772807829697673
0.0015,0.7305,0.577811421124237
0.0015,0.731,0.5778153563324834
0.0015,0.7315,0.5779448500884892
0.0015,0.732,0.5780250159763468
0.0015,0.7325,0.5781307657808312
0.0015,0.733,0.5782346043400813
0.0015,0.7335,0.5784089780896355
0.0015,0.734,0.5785702279121665
0.0015,0.7345,0.5789275468085806
0.0015,0.735,0.5791541842254593
0.0015,0.7355,0.5797600577746632
0.0015,0.736,0.579852034230104
0.0015,0.7365,0.5798725832120941
0.0015,0.737,0.580214238237903
0.0015,0.7375,0.5816791871831399
0.0015,0.738,0.5817749354952912
0.0015,0.7385,0.5824561610131493
0.0015,0.739,0.582544801454058
0.0015,0.7395,0.5829186457155793
0.0015,0.74,0.5830558520811613
0.0015,0.7405,0.5834783602440965
0.0015,0.741,0.5837326039938004
0.0015,0.7415,0.5837358602674065
0.0015,0.742,0.5840302009671114
0.0015,0.7425,0.584986873308942
0.0015,0.743,0.5853149296660951
0.0015,0.7435,0.58536090496937
0.0015,0.744,0.5857795405740882
0.0015,0.7445,0.5858762344157256
0.0015,0.745,0.5864637838648519
0.0015,0.7455,0.5866103190657344
0.0015,0.746,0.5866989638272424
0.0015,0.7465,0.5867715796620174
0.002,0.7465,0.5872181816953103
0.002,0.747,0.587227494242504
0.0025,0.747,0.5878066802215882
0.0025,0.7475,0.5880584643976634
0.0025,0.748,0.5881508499137582
0.0025,0.7485,0.5883517035673409
0.0025,0.749,0.5897580777031177
0.0025,0.7495,0.5898741435780422
0.0025,0.75,0.5901728533340985
0.0025,0.7505,0.5908006605139944
0.0025,0.751,0.5910108286274194
0.0025,0.7515,0.5912673358395619
0.0025,0.752,0.5915621178587473
0.0025,0.7525,0.5915716252936285
0.0025,0.753,0.5917116192205107
0.0025,0.7535,0.5923286168767106
0.0025,0.754,0.5923863259708597
0.0025,0.7545,0.5929834073851195
0.0025,0.755,0.5930252400472955
0.0025,0.7555,0.5935453845710643
0.0025,0.756,0.5935520758949765
0.0025,0.7565,0.5937771404470129
0.0025,0.757,0.5945365551273749
0.0025,0.7575,0.5948697505303069
0.0025,0.758,0.5952966808545006
0.0025,0.7585,0.5956819600908154
0.0025,0.759,0.5960352229168486
0.0025,0.7595,0.596159763319328
0.0025,0.76,0.5962780720354411
0.0025,0.7605,0.5963348715233447
0.0025,0.761,0.5967131345805246
0.0025,0.7615,0.597178217879241
0.0025,0.762,0.5978400287270398
0.0025,0.7625,0.5987134881380621
0.0025,0.763,0.5989016930736946
0.0025,0.7635,0.5991225362866102
0.0025,0.764,0.599444900717094
0.0025,0.7645,0.5998352893887867
0.0025,0.765,0.5998994006832505
0.0025,0.7655,0.6000428690381279
0.0025,0.766,0.6000454176785128
0.0025,0.7665,0.6002426016732575
0.0025,0.767,0.6003241319155554
0.0025,0.7675,0.6005132483203134
0.0025,0.768,0.6005758415209563
0.0025,0.7685,0.6009992191128015
0.0025,0.769,0.60111977559071
0.0025,0.7695,0.6013821187516295
0.003,0.7695,0.6014903747188756
0.003,0.77,0.6017471764708516
0.003,0.7705,0.6021466977322805
0.003,0.771,0.602154053542213
0.003,0.7715,0.6034281353044888
0.003,0.772,0.6034305704369285
0.003,0.7725,0.6036467887874893
0.003,0.773,0.6040157992625266
0.003,0.7735,0.6045144091580764
0.003,0.774,0.6045997273238009
0.003,0.7745,0.6046537213640055
0.0035,0.7745,0.6048494056149616
0.0035,0.775,0.6049956520392226
0.0035,0.7755,0.6050774062513582
0.0035,0.776,0.6052416080067966
0.0035,0.7765,0.6053422008173621
0.0035,0.777,0.605397871229565
0.0035,0.7775,0.6054276814791799
0.0035,0.778,0.6054433832086881
0.0035,0.7785,0.6056740748440835
0.0035,0.779,0.6057170814046112
0.0035,0.7795,0.605799918938975
0.004,0.7795,0.6060629013802257
0.004,0.78,0.6062778890649005
0.004,0.7805,0.6068022084691322
0.004,0.781,0.6071870946183333
0.004,0.7815,0.6074096923590571
0.004,0.782,0.6085589918897214
0.004,0.7825,0.6086111935904805
0.004,0.783,0.609579589024539
0.004,0.7835,0.6095961341383794
0.004,0.784,0.6098020411975095
0.004,0.7845,0.6099498822801523
0.004,0.785,0.6099859011124211
0.004,0.7855,0.6101789171093315
0.004,0.786,0.6102248050400845
0.004,0.7865,0.610321599822955
0.0045,0.7865,0.6103276459964083
0.0045,0.787,0.6106253863481546
0.0045,0.7875,0.6109578176754538
0.0045,0.788,0.6110766252222518
0.0045,0.7885,0.611733494920186
0.0045,0.789,0.6123225491008581
0.0045,0.7895,0.6127909225776556
0.0045,0.79,0.6131265557149859
0.0045,0.7905,0.6144618231617058
0.0045,0.791,0.6145377994516583
0.0045,0.7915,0.6146706265673338
0.0045,0.792,0.6149198838101038
0.0045,0.7925,0.6150417265049846
0.0045,0.793,0.6150519624969386
0.0045,0.7935,0.6153792028307579
0.0045,0.794,0.6155624754380489
0.0045,0.7945,0.6162918408926422
0.0045,0.795,0.6169134662099376
0.0045,0.7955,0.6177553801799514
0.0045,0.796,0.6181348279068071
0.005,0.796,0.6182158223395635
0.005,0.7965,0.618249534010828
0.005,0.797,0.6182843279236506
0.0055,0.797,0.61863962112781
0.0055,0.7975,0.6186858214572963
0.0055,0.798,0.6191375335439027
0.0055,0.7985,0.6207468214047412
0.0055,0.799,0.6210372793701823
0.0055,0.7995,0.6211536969988646
0.0055,0.8,0.6214361873097684
0.0055,0.8005,0.6214913753502861
0.0055,0.801,0.6217596623753997
0.0055,0.8015,0.6225116162549995
0.0055,0.802,0.6225241422530707
0.0055,0.8025,0.6225562242065386
0.0055,0.803,0.6225934468597103
0.0055,0.8035,0.623521465537487
0.0055,0.804,0.6235433348873678
0.0055,0.8045,0.6236703723744653
0.0055,0.805,0.6247264391743121
0.0055,0.8055,0.6248616264349969
0.0055,0.806,0.6252386866302428
0.0055,0.8065,0.6254536354392004
0.0055,0.807,0.627132516068733
0.0055,0.8075,0.6272105657823697
0.0055,0.808,0.627395112704531
0.0055,0.8085,0.6281208322254377
0.0055,0.809,0.6281781465614292
0.0055,0.8095,0.628414289411628
0.0055,0.81,0.6284319749409593
0.0055,0.8105,0.6286849685998203
0.0055,0.811,0.6288429094416665
0.0055,0.8115,0.6292780972057702
0.0055,0.812,0.6294993425254982
0.0055,0.8125,0.6297094343934497
0.0055,0.813,0.6301887671351156
0.0055,0.8135,0.6303221894723039
0.0055,0.814,0.6303369383822041
0.0055,0.8145,0.6307692750946234
0.0055,0.815,0.6316267963424664
0.006,0.815,0.6327304495383789
0.006,0.8155,0.6328700589970734
0.006,0.816,0.6329155076721114
0.006,0.8165,0.6331070876892861
0.006,0.817,0.633135873149037
0.006,0.8175,0.6332068308766099
0.006,0.818,0.6344566675449266
0.0065,0.818,0.6353312063060578
0.0065,0.8185,0.6358122037717919
0.0065,0.819,0.6359203633613637
0.0065,0.8195,0.6361611459178693
0.0065,0.82,0.6365320524526565
0.0065,0.8205,0.6367095537617429
0.0065,0.821,0.6368423486382521
0.0065,0.8215,0.6371524176013827
0.0065,0.822,0.6374586828596089
0.0065,0.8225,0.6376170110513547
0.0065,0.823,0.6379416603825019
0.007,0.823,0.6385351082179486
0.007,0.8235,0.6386883386671018
0.007,0.824,0.6388975954628313
0.007,0.8245,0.6391436325356721
0.0075,0.8245,0.6392842879199617
0.0075,0.825,0.6394085831314178
0.0075,0.8255,0.6394446796280766
0.0075,0.826,0.6402395326735506
0.0075,0.8265,0.6424688369461671
0.008,0.8265,0.6426459232049421
0.008,0.827,0.6428998967043933
0.0085,0.827,0.6429423712825088
0.0085,0.8275,0.6437952239296129
0.0085,0.828,0.644121411177359
0.009,0.828,0.644140986822773
0.009,0.8285,0.6446898252652382
0.009,0.829,0.645424917373038
0.009,0.8295,0.6455789837443879
0.0095,0.8295,0.6456343292076807
0.0095,0.83,0.645956714561118
0.01,0.83,0.6464235333692372
0.01,0.8305,0.6471169564842104
0.01,0.831,0.6471902817830526
0.01,0.8315,0.6478197804887924
0.01,0.832,0.6484345060624551
0.01,0.8325,0.648992793126276
0.01,0.833,0.6490410901733943
0.01,0.8335,0.6490890932117954
0.01,0.834,0.6497998646324925
0.01,0.8345,0.6510434192125141
0.01,0.835,0.6527474179968427
0.01,0.8355,0.6531593493539215
0.01,0.836,0.6533732599404365
0.01,0.8365,0.6534015956719423
0.0105,0.8365,0.6535691811111516
0.0105,0.837,0.6542466721810649
0.0105,0.8375,0.6547334681136949
0.0105,0.838,0.655254477534761
0.0105,0.8385,0.6554820881864121
0.0105,0.839,0.6556180534119607
0.0105,0.8395,0.6556284518004342
0.0105,0.84,0.6562685366505997
0.0105,0.8405,0.6569720917599526
0.0105,0.841,0.6570688232054676
0.0105,0.8415,0.6581611713855018
0.0105,0.842,0.6583934151994334
0.0105,0.8425,0.6588841224570634
0.0105,0.843,0.6589515300726438
0.0105,0.8435,0.6595696108794356
0.011,0.8435,0.6601492331080765
0.011,0.844,0.6603893989660904
0.011,0.8445,0.6609989429080816
0.011,0.845,0.6610519258014569
0.011,0.8455,0.6612759621009224
0.011,0.846,0.6613263296968968
0.011,0.8465,0.6613389481970482
0.011,0.847,0.6627347550415053
0.011,0.8475,0.6632794240962927
0.0115,0.8475,0.6636556758439363
0.0115,0.848,0.6637717985561562
0.0115,0.8485,0.6638023935688662
0.0115,0.849,0.6639186641150232
0.0115,0.8495,0.6659758819398081
0.0115,0.85,0.6663612099395847
0.0115,0.8505,0.6665392907274532
0.0115,0.851,0.6668462486544937
0.0115,0.8515,0.6668955379826933
0.012,0.8515,0.667156634110843
0.012,0.852,0.667504058386478
0.0125,0.852,0.6678130433605476
0.0125,0.8525,0.6679700496607436
0.013,0.8525,0.6683667960888411
0.013,0.853,0.6687104555785853
0.013,0.8535,0.6687457421450733
0.013,0.854,0.6693583272865835
0.013,0.8545,0.6697792502355485
0.0135,0.8545,0.6702634516716446
0.0135,0.855,0.6703210405480297
0.0135,0.8555,0.6703601585584534
0.0135,0.856,0.6710857447959828
0.0135,0.8565,0.6712960353980961
0.0135,0.857,0.6713187571877154
0.0135,0.8575,0.6714035308457628
0.0135,0.858,0.6715754363537302
0.0135,0.8585,0.6720531551643265
0.0135,0.859,0.6721373482476792
0.0135,0.8595,0.6722349013871276
0.0135,0.86,0.6724945876799322
0.014,0.86,0.6727085875002957
0.014,0.8605,0.6728383586113098
0.0145,0.8605,0.6731288647071505
0.0145,0.861,0.6731296435570069
0.015,0.861,0.6732857247954933
0.015,0.8615,0.6735092178145521
0.0155,0.8615,0.6737315680258739
0.0155,0.862,0.6741102971482184
0.0155,0.8625,0.6744331850172834
0.0155,0.863,0.6747536147722701
0.0155,0.8635,0.6748158531450192
0.016,0.8635,0.674889441675737
0.016,0.864,0.6753496264309453
0.016,0.8645,0.6754644093396301
0.0165,0.8645,0.6758116360542221
0.017,0.8645,0.6759243524719605
0.017,0.865,0.6768881706924629
0.017,0.8655,0.677203961807364
0.0175,0.8655,0.6777973755782475
0.0175,0.866,0.6784935850196894
0.0175,0.8665,0.6788944156760912
0.0175,0.867,0.6792068956854465
0.0175,0.8675,0.679215417823708
0.0175,0.868,0.6796405285015927
0.0175,0.8685,0.6803232253304701
0.0175,0.869,0.6804655940373063
0.0175,0.8695,0.6811005502214584
0.018,0.8695,0.6812672935479757
0.0185,0.8695,0.6814058578596704
0.0185,0.87,0.6815480385682082
0.0185,0.8705,0.6817203192225979
0.019,0.8705,0.681823666522005
0.019,0.871,0.6819085521892407
0.0195,0.871,0.6819142705780509
0.0195,0.8715,0.6819447795197107
0.02,0.8715,0.682140513127124
0.02,0.872,0.6826392677735668
0.02,0.8725,0.6827192126971984
0.02,0.873,0.6827674061898888
0.0205,0.873,0.6828884653564038
0.0205,0.8735,0.6832732370244858
0.021,0.8735,0.6833032043796404
0.021,0.874,0.6833301597110437
0.021,0.8745,0.6837301407885266
0.021,0.875,0.683816023770828
0.021,0.8755,0.6839102015373062
0.0215,0.8755,0.6840952236849129
0.0215,0.876,0.684171839662747
0.0215,0.8765,0.6846145271891089
0.0215,0.877,0.6848534936164234
0.0215,0.8775,0.6850959500424463
0.0215,0.878,0.6857574684834491
0.0215,0.8785,0.6860077950659678
0.022,0.8785,0.6867971669197411
0.022,0.879,0.6870581089750244
0.022,0.8795,0.6872237379866819
0.022,0.88,0.6873399471459503
0.0225,0.88,0.6880510423411466
0.0225,0.8805,0.6880967502708879
0.023,0.8805,0.6885379301785282
0.0235,0.8805,0.6888110235681975
0.024,0.8805,0.6892073106197587
0.024,0.881,0.6893565173423453
0.024,0.8815,0.6905455784267991
0.0245,0.8815,0.6905721132057874
0.0245,0.882,0.6909973206163278
0.0245,0.8825,0.6911631613265565
0.025,0.8825,0.6913734961428222
0.025,0.883,0.6918777998529866
0.0255,0.883,0.6921356223132596
0.026,0.883,0.6925400071021166
0.0265,0.883,0.6928849408926555
0.0265,0.8835,0.6929587941441848
0.0265,0.884,0.6934246758324842
0.0265,0.8845,0.6940646993192443
0.0265,0.885,0.6943909446371062
0.0265,0.8855,0.6946612563789326
0.027,0.8855,0.695147901024747
0.0275,0.8855,0.6954863890525137
0.0275,0.886,0.6957530902296758
0.028,0.886,0.6958165435660917
0.028,0.8865,0.6961087662176877
0.028,0.887,0.6971520053738304
0.028,0.8875,0.6973759104852233
0.0285,0.8875,0.6975466501616512
0.0285,0.888,0.6977662965639495
0.029,0.888,0.6978037420218179
0.029,0.8885,0.6979396303472973
0.0295,0.8885,0.6979532536973925
0.0295,0.889,0.6983058296643434
0.0295,0.8895,0.6983400365053887
0.0295,0.89,0.69845413258743
0.0295,0.8905,0.6986843184574973
0.03,0.8905,0.6989057068424475
0.03,0.891,0.6989242949616943
0.03,0.8915,0.6994828617652942
0.0305,0.8915,0.699580638251713
0.031,0.8915,0.700080332172641
0.0315,0.8915,0.7001368902182592
0.032,0.8915,0.7003948383772833
0.032,0.892,0.7013593803152172
0.032,0.8925,0.7014543925254512
0.032,0.893,0.7020604628841054
0.032,0.8935,0.7022935784451317
0.032,0.894,0.702339641792312
0.032,0.8945,0.7031517063354933
0.032,0.895,0.7032745048072149
0.032,0.8955,0.7033256412313195
0.0325,0.8955,0.7033714137996956
0.0325,0.896,0.703503429070977
0.0325,0.8965,0.7040084785236462
0.0325,0.897,0.7040268972252789
0.033,0.897,0.7050033973486316
0.033,0.8975,0.7053618591922163
0.033,0.898,0.7054589145426244
0.033,0.8985,0.705559002105586
0.033,0.899,0.7057664032371831
0.033,0.8995,0.7058661485475335
0.033,0.9,0.7071043578279371
0.033,0.9005,0.7072112118901681
0.0335,0.9005,0.7077191242009354
0.034,0.9005,0.7077807566455596
0.034,0.901,0.707790056795033
0.0345,0.901,0.7080273156470689
0.035,0.901,0.7080786782500631
0.035,0.9015,0.7089152518775548
0.035,0.902,0.7092117746163562
0.035,0.9025,0.7092645832663003
0.035,0.903,0.7092767138464527
0.0355,0.903,0.7095391143847067
0.0355,0.9035,0.7100002561831746
0.036,0.9035,0.7100489572931823
0.036,0.904,0.7103498782354518
0.036,0.9045,0.7119872477812974
0.0365,0.9045,0.7123783346132844
0.037,0.9045,0.7129950511379584
0.037,0.905,0.7131882866826973
0.037,0.9055,0.7133901075326283
0.037,0.906,0.7134099603583945
0.0375,0.906,0.7139355859204279
0.038,0.906,0.7140159599526814
0.0385,0.906,0.7141207210249957
0.0385,0.9065,0.7142954997874575
0.039,0.9065,0.7143044586948328
0.0395,0.9065,0.7144947986155437
0.04,0.9065,0.71484202100634
0.0405,0.9065,0.7149119982554263
0.0405,0.907,0.7149850363640546
0.0405,0.9075,0.7152608259633222
0.0405,0.908,0.7154631124514237
0.0405,0.9085,0.716082572070226
0.041,0.9085,0.7162461497565912
0.041,0.909,0.7165152402055425
0.0415,0.909,0.7167319069585819
0.0415,0.9095,0.7169622579140289
0.0415,0.91,0.717173399342881
0.042,0.91,0.7176824006693692
0.0425,0.91,0.7180464747542337
0.0425,0.9105,0.7181259653401695
0.0425,0.911,0.7181444020017268
0.043,0.911,0.7188610208844746
0.0435,0.911,0.7192305091477605
0.044,0.911,0.7192936541358248
0.044,0.9115,0.7192977716911546
0.044,0.912,0.7202738936356095
0.0445,0.912,0.7205147198748797
0.045,0.912,0.7207883730900111
0.0455,0.912,0.7215457088292394
0.046,0.912,0.7217101009190423
0.0465,0.912,0.7217979480578749
0.047,0.912,0.7220023894528875
0.0475,0.912,0.7220187865069416
0.0475,0.9125,0.7226564675857516
0.0475,0.913,0.7229875394058038
0.0475,0.9135,0.7242800298369424
0.048,0.9135,0.7252668982462781
0.0485,0.9135,0.7253593745140006
0.0485,0.914,0.7255489992090263
0.0485,0.9145,0.7257203317866365
0.049,0.9145,0.7258460294920381
0.049,0.915,0.7268449408753229
0.0495,0.915,0.7273526804728486
0.05,0.915,0.7274174340300283
0.0505,0.915,0.7284860679177974
0.051,0.915,0.729213914947913
0.051,0.9155,0.7292344985782295
0.0515,0.9155,0.7292611653753347
0.0515,0.916,0.7293358349495571
0.052,0.916,0.7301479718728128
0.052,0.9165,0.7306481168624586
0.052,0.917,0.7309577070164339
0.0525,0.917,0.7313406400118381
0.053,0.917,0.7314067112689755
0.053,0.9175,0.7315333086138398
0.0535,0.9175,0.7318175816616674
0.054,0.9175,0.732592896314495
0.054,0.918,0.7325982750920991
0.0545,0.918,0.7326223107263189
0.0545,0.9185,0.7327920913169915
0.0545,0.919,0.732828554210273
0.055,0.919,0.7329410190429348
0.0555,0.919,0.7337891181233114
0.056,0.919,0.733840487635989
0.0565,0.919,0.7341440693530473
0.0565,0.9195,0.7344268948311775
0.057,0.9195,0.7345453345333501
0.057,0.92,0.734678500719306
0.057,0.9205,0.734961353901047
0.057,0.921,0.7350275209802124
0.057,0.9215,0.7359682332968487
0.0575,0.9215,0.7365668613991543
0.058,0.9215,0.7371520047830002
0.0585,0.9215,0.7371580175563848
0.0585,0.922,0.7371768122446705
0.059,0.922,0.7376706872182484
0.059,0.9225,0.7378955626724352
0.059,0.923,0.7380063573076436
0.059,0.9235,0.7380669093490779
0.059,0.924,0.7383615354833178
0.0595,0.924,0.7385059314603533
0.0595,0.9245,0.7387779607309506
0.0595,0.925,0.7388330901171721
0.06,0.925,0.7389760374234452
0.0605,0.925,0.7392768833125878
0.061,0.925,0.739823977752446
0.0615,0.925,0.7399263171922488
0.062,0.925,0.7405782613378464
0.062,0.9255,0.7405853040749795
0.0625,0.9255,0.7406303038775366
0.0625,0.926,0.7413266478627465
0.0625,0.9265,0.7418812405964477
0.063,0.9265,0.7419463495703629
0.0635,0.9265,0.7421910715070967
0.064,0.9265,0.7423130492334036
0.064,0.927,0.7435483629686382
0.0645,0.927,0.7448618336074542
0.065,0.927,0.7453041712595794
0.0655,0.927,0.7455319712659175
0.0655,0.9275,0.7459812092426982
0.0655,0.928,0.7460518698588678
0.066,0.928,0.7461701616924266
0.0665,0.928,0.7461745424656019
0.067,0.928,0.7462315797523813
0.0675,0.928,0.7463956836273358
0.068,0.928,0.7465818835869624
0.068,0.9285,0.746764428338333
0.0685,0.9285,0.7470332621407171
0.069,0.9285,0.7476927573995766
0.069,0.929,0.7479390445665551
0.069,0.9295,0.7481608194885028
0.0695,0.9295,0.7483842765354327
0.0695,0.93,0.7489612696031164
0.0695,0.9305,0.7496605446738362
0.07,0.9305,0.7497956492284263
0.0705,0.9305,0.7503544142508063
0.071,0.9305,0.7504503297148369
0.0715,0.9305,0.7507843746699251
0.072,0.9305,0.7513109258905575
0.072,0.931,0.7521166564044958
0.0725,0.931,0.752385221476227
0.0725,0.9315,0.7523870305972733
0.073,0.9315,0.7526971670917496
0.0735,0.9315,0.7533415279642368
0.074,0.9315,0.7533635670988373
0.0745,0.9315,0.7533985491720541
0.075,0.9315,0.7534606774005398
0.0755,0.9315,0.7534786635804698
0.076,0.9315,0.7535364002307694
0.076,0.932,0.7538440175025894
0.0765,0.932,0.754117451179061
0.077,0.932,0.7541560164345031
0.077,0.9325,0.7542740941785655
0.0775,0.9325,0.7543839826749775
0.078,0.9325,0.7547760910907838
0.078,0.933,0.7547833808108214
0.078,0.9335,0.755049726227415
0.078,0.934,0.7551631810684064
0.0785,0.934,0.7556810622105183
0.0785,0.9345,0.7562436995135047
0.0785,0.935,0.7567051613654363
0.079,0.935,0.7567503676789674
0.0795,0.935,0.7571044739479736
0.0795,0.9355,0.7575909321293921
0.0795,0.936,0.7575928049032414
0.08,0.936,0.7578337655143521
0.0805,0.936,0.7582287424312084
0.081,0.936,0.7582347803502174
0.0815,0.936,0.7587614167789544
0.082,0.936,0.7590321961605492
0.082,0.9365,0.7594592474763513
0.0825,0.9365,0.7596801339553716
0.083,0.9365,0.7597399404988812
0.083,0.937,0.7598661355009401
0.0835,0.937,0.7600348060831852
0.084,0.937,0.7602517594970131
0.0845,0.937,0.7603698957813008
0.085,0.937,0.7605416610324224
0.0855,0.937,0.7608595715074529
0.086,0.937,0.7609926182375413
0.086,0.9375,0.7613564629749836
0.0865,0.9375,0.7613963654256658
0.0865,0.938,0.7614677517636171
0.0865,0.9385,0.761511622217368
0.087,0.9385,0.7615244364012358
0.0875,0.9385,0.7615373826488914
0.088,0.9385,0.7616723787850121
0.0885,0.9385,0.7619309398224895
0.0885,0.939,0.7624191947835359
0.0885,0.9395,0.7638922481138717
0.089,0.9395,0.7640103403013273
0.089,0.94,0.7643569291095537
0.0895,0.94,0.7648170493781619
0.09,0.94,0.7648809053921822
0.0905,0.94,0.7650743969746296
0.091,0.94,0.7651750978449278
0.0915,0.94,0.7657563388693014
0.092,0.94,0.7662462822392985
0.0925,0.94,0.7666353689528652
0.093,0.94,0.7667702199621147
0.093,0.9405,0.7670828710663176
0.0935,0.9405,0.7674889929006169
0.094,0.9405,0.7678493533561603
0.0945,0.9405,0.7680165930376929
0.095,0.9405,0.7680791484430727
0.0955,0.9405,0.7680915227529798
0.096,0.9405,0.7680985245818055
0.0965,0.9405,0.7681664039287366
0.0965,0.941,0.7684366213111558
0.097,0.941,0.7686245053249544
0.097,0.9415,0.7694045870253845
0.0975,0.9415,0.7701291901174476
0.0975,0.942,0.7704682237385125
0.098,0.942,0.7706035287236542
0.0985,0.942,0.7706068913305633
0.0985,0.9425,0.7715260880672888
0.099,0.9425,0.7722342651865448
0.0995,0.9425,0.7728604635725957
0.1,0.9425,0.7729464712122388
0.1005,0.9425,0.7729479965561526
0.101,0.9425,0.7730128312619675
0.1015,0.9425,0.7730785312518348
0.102,0.9425,0.7731758548269234
0.1025,0.9425,0.7734135826566819
0.103,0.9425,0.7739406132451576
0.1035,0.9425,0.774193412650869
0.1035,0.943,0.77420949875066
0.104,0.943,0.7742458158631501
0.1045,0.943,0.7742780135457912
0.105,0.943,0.7749126052554102
0.105,0.9435,0.7750369015770299
0.1055,0.9435,0.7753992523847527
0.106,0.9435,0.7754336333347737
0.1065,0.9435,0.7754454013144775
0.107,0.9435,0.7755586800671112
0.1075,0.9435,0.775766183977848
0.108,0.9435,0.7758331512946576
0.1085,0.9435,0.7758464691627556
0.109,0.9435,0.7759413399405382
0.1095,0.9435,0.7760730270207918
0.11,0.9435,0.7769652349190822
0.1105,0.9435,0.7773341114969426
0.111,0.9435,0.7774919758694607
0.1115,0.9435,0.777523734790746
0.1115,0.944,0.7779758825607592
0.112,0.944,0.7780581591967553
0.1125,0.944,0.7781529871745951
0.113,0.944,0.7782891420998721
0.1135,0.944,0.7783518571603262
0.114,0.944,0.7788320665041156
0.1145,0.944,0.7791614072139712
0.115,0.944,0.7794800139364764
0.115,0.9445,0.7802201788451213
0.1155,0.9445,0.7806630581560332
0.116,0.9445,0.7806993495292449
0.116,0.945,0.7815463062029357
0.1165,0.945,0.7817890312798144
0.1165,0.9455,0.7819161063191873
0.117,0.9455,0.7820754788249866
0.1175,0.9455,0.7822178762761909
0.1175,0.946,0.7822232777401332
0.118,0.946,0.7822988726845357
0.1185,0.946,0.7823417871128324
0.119,0.946,0.7826924075290915
0.119,0.9465,0.7830540410339577
0.1195,0.9465,0.783060653944384
0.12,0.9465,0.7834105195467338
0.1205,0.9465,0.783487621568738
0.1205,0.947,0.7841107081556651
0.121,0.947,0.7844007752581914
0.1215,0.947,0.7846970963889934
0.122,0.947,0.7857795878384316
0.1225,0.947,0.7860919263841961
0.1225,0.9475,0.7862274007261759
0.1225,0.948,0.786246028370641
0.123,0.948,0.7862473756518146
0.1235,0.948,0.7863703807521157
0.124,0.948,0.7864242491437834
0.1245,0.948,0.7866832553830838
0.1245,0.9485,0.7868546316236099
0.125,0.9485,0.786872675628233
0.1255,0.9485,0.7869113208686913
0.126,0.9485,0.7869291367870642
0.1265,0.9485,0.7873245021094859
0.127,0.9485,0.7874009429856043
0.127,0.949,0.7874139626037818
0.1275,0.949,0.787481788416114
0.128,0.949,0.788519449222822
0.1285,0.949,0.7885911728081243
0.1285,0.9495,0.7889962879423875
0.129,0.9495,0.7891317870911363
0.129,0.95,0.7894309677668288
0.1295,0.95,0.7895487883296014
0.13,0.95,0.7899835506841502
0.1305,0.95,0.7902357764993397
0.131,0.95,0.7903225723101744
0.131,0.9505,0.7905599705396503
0.131,0.951,0.7905740531640851
0.1315,0.951,0.7906616078177127
0.132,0.951,0.7910310903525603
0.132,0.9515,0.7912841515363798
0.1325,0.9515,0.7914059603752629
0.133,0.9515,0.7914794593965089
0.1335,0.9515,0.7916300332960866
0.134,0.9515,0.7921033111233406
0.1345,0.9515,0.7925228484105681
0.135,0.9515,0.792626806595387
0.1355,0.9515,0.7926297094466925
0.1355,0.952,0.7926696039196572
0.136,0.952,0.7929191447952626
0.1365,0.952,0.7932979363018428
0.137,0.952,0.7935017289951933
0.137,0.9525,0.7935764702251489
0.1375,0.9525,0.79367358032522
0.138,0.9525,0.7937603159733772
0.1385,0.9525,0.7939729383896281
0.139,0.9525,0.7940310618535029
0.139,0.953,0.7941342893119597
0.1395,0.953,0.7942587369212659
0.14,0.953,0.7943324007268424
0.1405,0.953,0.7950262449863962
0.141,0.953,0.7951316537765978
0.1415,0.953,0.7952472835053993
0.142,0.953,0.7953584334442045
0.142,0.9535,0.7953799318944506
0.1425,0.9535,0.79600708285869
0.143,0.9535,0.796079269074229
0.1435,0.9535,0.7961948744400624
0.144,0.9535,0.7962741150266164
0.1445,0.9535,0.7963085724624208
0.145,0.9535,0.796572544736887
0.145,0.954,0.796574659788744
0.1455,0.954,0.7970263488286433
0.146,0.954,0.797264375769031
0.1465,0.954,0.7975926617442193
0.1465,0.9545,0.7976416348126368
0.1465,0.955,0.7977953418271813
0.147,0.955,0.7978253036247304
0.147,0.9555,0.7981242894905458
0.1475,0.9555,0.7983369425059909
0.148,0.9555,0.7985323457935039
0.1485,0.9555,0.7986734000201327
0.149,0.9555,0.7988082581283021
0.1495,0.9555,0.7989218872470497
0.15,0.9555,0.7990853494674032
0.15,0.956,0.7993893833875692
0.1505,0.956,0.7994303552284527
0.151,0.956,0.7994730035221737
0.1515,0.956,0.7996468221652323
0.152,0.956,0.8002430764011839
0.1525,0.956,0.8003903605945283
0.153,0.956,0.8005298622575867
0.1535,0.956,0.8006336423939273
0.154,0.956,0.8009859062437644
0.1545,0.956,0.8011689872252328
0.155,0.956,0.8012427875038817
0.1555,0.956,0.8014789597280443
0.156,0.956,0.8017234523769929
0.1565,0.956,0.8017661688072764
0.157,0.956,0.8018390433863934
0.1575,0.956,0.80200818665623
0.158,0.956,0.8021790405785418
0.1585,0.956,0.8022727913039858
0.159,0.956,0.8023310562480762
0.1595,0.956,0.8023385529666242
0.1595,0.9565,0.8027657421823982
0.16,0.9565,0.8031735177637443
0.1605,0.9565,0.803173530098764
0.161,0.9565,0.8032420183539308
0.1615,0.9565,0.8041379258592305
0.162,0.9565,0.80413818758906
0.1625,0.9565,0.804287079940126
0.163,0.9565,0.8043052743713871
0.1635,0.9565,0.8044476281839198
0.1635,0.957,0.804484220401114
0.164,0.957,0.805282891150528
0.1645,0.957,0.8053143001641451
0.165,0.957,0.805333904519602
0.1655,0.957,0.8057184126123504
0.166,0.957,0.8058941214575458
0.1665,0.957,0.8061471485839844
0.1665,0.9575,0.8061826049860661
0.167,0.9575,0.8062432887949339
0.1675,0.9575,0.8063894683133919
0.168,0.9575,0.806557587306753
0.1685,0.9575,0.8067025407914787
0.169,0.9575,0.8068821817012837
0.1695,0.9575,0.8068969107061371
0.1695,0.958,0.8069373731391299
0.17,0.958,0.8073631811831419
0.1705,0.958,0.8075013818052363
0.171,0.958,0.8076109374952261
0.171,0.9585,0.8076777931120761
0.1715,0.9585,0.8076827555713773
0.172,0.9585,0.8077120166477432
0.1725,0.9585,0.807832753545159
0.173,0.9585,0.807843301109413
0.1735,0.9585,0.8079677545593905
0.174,0.9585,0.8079681550081477
0.174,0.959,0.8080255367572817
0.1745,0.959,0.8080385910936858
0.175,0.959,0.8081863713534656
0.175,0.9595,0.8088547229340074
0.1755,0.9595,0.8091092923686183
0.176,0.9595,0.8092202513685254
0.1765,0.9595,0.8095192027085438
0.177,0.9595,0.8096219203881168
0.1775,0.9595,0.8097010123686565
0.178,0.9595,0.809815994986202
0.1785,0.9595,0.8098387565607625
0.179,0.9595,0.8098404288027844
0.1795,0.9595,0.810231480507946
0.18,0.9595,0.8106337541426715
0.1805,0.9595,0.8109388715577861
0.1805,0.96,0.811323827233986
0.181,0.96,0.8116228779127064
0.1815,0.96,0.8117576139564948
0.1815,0.9605,0.812177788506384
0.1815,0.961,0.8123346206274061
0.1815,0.9615,0.8127318800868661
0.1815,0.962,0.8127758120022588
0.182,0.962,0.812844279378497
0.182,0.9625,0.8134186961898053
0.182,0.963,0.8134256669553899
0.1825,0.963,0.813633088425689
0.183,0.963,0.8138766734455126
0.183,0.9635,0.8141156764268621
0.1835,0.9635,0.8141265704126359
0.184,0.9635,0.8141852805704908
0.1845,0.9635,0.8143711031776119
0.1845,0.964,0.8144091673373461
0.185,0.964,0.8144113190017767
0.1855,0.964,0.8144736693293507
0.186,0.964,0.8145994824176312
0.1865,0.964,0.8148838435717216
0.187,0.964,0.8150896871640572
0.187,0.9645,0.815351245131293
0.1875,0.9645,0.8154512374002272
0.188,0.9645,0.8155939968186714
0.1885,0.9645,0.8157207698604833
0.189,0.9645,0.8158789591535631
0.1895,0.9645,0.8160687759318824
0.19,0.9645,0.8160963377804934
0.1905,0.9645,0.8164855639254882
0.191,0.9645,0.8164888898701332
0.1915,0.9645,0.8165389463464249
0.192,0.9645,0.8168921626025517
0.1925,0.9645,0.8170090703757587
0.1925,0.965,0.8170152808520441
0.1925,0.9655,0.8170386712783513
0.193,0.9655,0.8171059016191404
0.1935,0.9655,0.8171110330227426
0.194,0.9655,0.8172911314176244
0.1945,0.9655,0.8175797831763388
0.195,0.9655,0.8177448435787616
0.1955,0.9655,0.8178462725069071
0.196,0.9655,0.8181279962085872
0.1965,0.9655,0.8181533037495194
0.197,0.9655,0.8181704447264386
0.197,0.966,0.8183511893275457
0.1975,0.966,0.8184394465971083
0.198,0.966,0.8184838072091805
0.1985,0.966,0.8185160447997939
0.199,0.966,0.8195210572389334
0.1995,0.966,0.8195832511630577
0.2,0.966,0.8198127114248941
0.2005,0.966,0.8198908857073163
0.2005,0.9665,0.8201808044724884
0.201,0.9665,0.8205110760130097
0.2015,0.9665,0.8205788631378327
0.202,0.9665,0.8205962907567601
0.2025,0.9665,0.8207686495339948
0.203,0.9665,0.8207824052402873
0.2035,0.9665,0.8210079020227833
0.204,0.9665,0.8210507270579401
0.2045,0.9665,0.8210855642672636
0.205,0.9665,0.8212298374952085
0.2055,0.9665,0.8215605159366133
0.206,0.9665,0.8216177669164437
0.2065,0.9665,0.8217591928265681
0.207,0.9665,0.822123063607665
0.2075,0.9665,0.8221621272107095
0.208,0.9665,0.8221952112356945
0.2085,0.9665,0.8223473947298874
0.209,0.9665,0.822482107934774
0.2095,0.9665,0.822763185715913
0.2095,0.967,0.8228637911885607
0.21,0.967,0.8228762728188771
0.2105,0.967,0.8228797009174863
0.211,0.967,0.823057592367027
0.2115,0.967,0.8232156866063843
0.212,0.967,0.8236119635601025
0.212,0.9675,0.8238423975128473
0.2125,0.9675,0.823848823631159
0.213,0.9675,0.82385226820042
0.2135,0.9675,0.8238576534170212
0.214,0.9675,0.8238875280226192
0.2145,0.9675,0.8240456905640973
0.215,0.9675,0.8242442112959125
0.215,0.968,0.8243135198468707
0.215,0.9685,0.8244405500179857
0.2155,0.9685,0.824953591430619
0.216,0.9685,0.8249754236413359
0.2165,0.9685,0.8250777784800205
0.217,0.9685,0.8254190791072009
0.2175,0.9685,0.8255134050990242
0.218,0.9685,0.8255212478379558
0.2185,0.9685,0.8257486397446205
0.219,0.9685,0.8259230482793977
0.2195,0.9685,0.8259875849847719
0.22,0.9685,0.8261055771673327
0.2205,0.9685,0.826282101419467
0.221,0.9685,0.8263241008682394
0.2215,0.9685,0.8265702246493112
0.222,0.9685,0.8265945821499905
0.2225,0.9685,0.8268368438499343
0.223,0.9685,0.827006735542722
0.2235,0.9685,0.8270366912756822
0.224,0.9685,0.8270973990977561
0.2245,0.9685,0.8273187769406394
0.225,0.9685,0.8275141870296917
0.2255,0.9685,0.8280953738305876
0.226,0.9685,0.8281651929585643
0.2265,0.9685,0.8283811633167895
0.227,0.9685,0.8285706043912208
0.2275,0.9685,0.8285726362964813
0.228,0.9685,0.8286095958963745
0.2285,0.9685,0.8286481779614052
0.229,0.9685,0.8288103319246591
0.2295,0.9685,0.8289413571287172
0.2295,0.969,0.8290356732661013
0.23,0.969,0.8290428297288206
0.2305,0.969,0.8297206232896355
0.2305,0.9695,0.8299689789250796
0.231,0.9695,0.8301808780058602
0.2315,0.9695,0.830189986145931
0.232,0.9695,0.8302611003790261
0.2325,0.9695,0.8303147155692056
0.233,0.9695,0.8305535867967251
0.2335,0.9695,0.8306775409410976
0.234,0.9695,0.8313188022480911
0.2345,0.9695,0.8313248911199189
0.235,0.9695,0.8314833409021114
0.2355,0.9695,0.8318126721912592
0.236,0.9695,0.8319475559835082
0.2365,0.9695,0.8320644741076673
0.2365,0.97,0.8320901069657044
0.237,0.97,0.8323968052864947
0.2375,0.97,0.832712361576646
0.238,0.97,0.8327403818302861
0.238,0.9705,0.8329459381006832
0.2385,0.9705,0.8331222441590711
0.239,0.9705,0.8332121915943445
0.2395,0.9705,0.8332282648136166
0.24,0.9705,0.8333774753917071
0.2405,0.9705,0.8338114717631775
0.241,0.9705,0.8340145686732178
0.2415,0.9705,0.8343061870769682
0.242,0.9705,0.8344961146231288
0.2425,0.9705,0.834535366658685
0.2425,0.971,0.8345362985526305
0.243,0.971,0.8345912437867306
0.2435,0.971,0.8346896555997767
0.244,0.971,0.8349869877020746
0.2445,0.971,0.8350674135971465
0.245,0.971,0.8352429206953356
0.2455,0.971,0.8353074174851018
0.246,0.971,0.8353150979990082
0.2465,0.971,0.8354168494888259
0.247,0.971,0.8354539768134865
0.2475,0.971,0.8354841098747159
0.248,0.971,0.8357396887516939
0.2485,0.971,0.8358236314650156
0.249,0.971,0.8358319475945041
0.2495,0.971,0.8359819273131294
0.25,0.971,0.8360978707155362
0.2505,0.971,0.8361267272350549
0.251,0.971,0.8362133193672108
0.2515,0.971,0.836271646737608
0.252,0.971,0.8363746901993321
0.2525,0.971,0.8365258512550553
0.253,0.971,0.836803302061882
0.2535,0.971,0.837366620996106
0.254,0.971,0.8374106161935161
0.2545,0.971,0.8374655392166377
0.255,0.971,0.8375840613112459
0.2555,0.971,0.8381238419522076
0.256,0.971,0.8383807787260673
0.2565,0.971,0.8384832823872055
0.257,0.971,0.8384934613336061
0.2575,0.971,0.8384959503936216
0.2585,0.971,0.8385005766050213
0.259,0.971,0.838557725239824
0.2595,0.971,0.8386071741992076
0.26,0.971,0.8388785981101549
0.2605,0.971,0.8389814114461992
0.261,0.971,0.8390209178756938
0.2615,0.971,0.839080019088691
0.262,0.971,0.8391197071957245
0.2625,0.971,0.8391761596699534
0.263,0.971,0.8395056468394504
0.2635,0.971,0.839515681352019
0.264,0.971,0.8398180631568367
0.2645,0.971,0.8399524681047839
0.265,0.971,0.8403547571377669
0.2655,0.971,0.8403818743636656
0.266,0.971,0.8405187601616004
0.2665,0.971,0.8405867919980186
0.267,0.971,0.84067987028196
0.2675,0.971,0.8406814442259011
0.268,0.971,0.840689785927059
0.2685,0.971,0.8407419006906391
0.269,0.971,0.8409971308812924
0.2695,0.971,0.8411097372131627
0.27,0.971,0.8411379865440681
0.2705,0.971,0.8412586419901584
0.271,0.971,0.8413066043333143
0.2715,0.971,0.8413278827497507
0.272,0.971,0.8414810912164974
0.2725,0.971,0.8416863814302084
0.273,0.971,0.8418837050947504
0.2735,0.971,0.8420670119095424
0.274,0.971,0.8421786103261011
0.2745,0.971,0.8421788576520538
0.275,0.971,0.8422296077682828
0.2755,0.971,0.8423044122462682
0.276,0.971,0.8423286572115893
0.2765,0.971,0.8423460307220048
0.277,0.971,0.8425600265221653
0.2775,0.971,0.842620879371974
0.278,0.971,0.8426994528916787
0.2785,0.971,0.8428292669561646
0.279,0.971,0.8428469223748857
0.2795,0.971,0.8428821657074718
0.28,0.971,0.8431411883946904
0.2805,0.971,0.843199523463563
0.281,0.971,0.8433709780373898
0.2815,0.971,0.8433711411041618
0.282,0.971,0.8435165534046689
0.2825,0.971,0.8438542898561183
0.283,0.971,0.843885617765301
0.2835,0.971,0.8440169572495406
0.284,0.971,0.8441279898936899
0.2845,0.971,0.8441918237013175
0.285,0.971,0.8446857405504951
0.2855,0.971,0.8446880101306121
0.286,0.971,0.844731768927044
0.2865,0.971,0.8451579152266036
0.2865,0.9715,0.8453126042037934
0.287,0.9715,0.8453276669478103
0.2875,0.9715,0.845403076512451
0.288,0.9715,0.8455182006326772
0.2885,0.9715,0.845736455932412
0.289,0.9715,0.845817844566863
0.2895,0.9715,0.8458934966300307
0.29,0.9715,0.8460250787951886
0.2905,0.9715,0.8460379583101463
0.291,0.9715,0.8461184531203992
0.2915,0.9715,0.8462693604184169
0.292,0.9715,0.8465626295095059
0.2925,0.9715,0.8466351197697701
0.293,0.9715,0.8466506863043641
0.2935,0.9715,0.8468067989501834
0.294,0.9715,0.8471242745136978
0.2945,0.9715,0.8471371749397479
0.295,0.9715,0.8472822291523432
0.2955,0.9715,0.847686725001184
0.296,0.9715,0.8477564455022507
0.2965,0.9715,0.847923354887981
0.297,0.9715,0.8479536597884914
0.2975,0.9715,0.8481821452987837
0.298,0.9715,0.8482695757828488
0.2985,0.9715,0.8482849212395702
0.299,0.9715,0.8482887371549038
0.2995,0.9715,0.8483638909071048
0.3,0.9715,0.8485429724656207
0.3005,0.9715,0.8486801867984783
0.301,0.9715,0.848712701340399
0.301,0.972,0.8488728205952507
0.3015,0.972,0.848883431249721
0.302,0.972,0.8490780801031612
0.3025,0.972,0.849105032429152
0.303,0.972,0.8491234441455682
0.3035,0.972,0.8491438021982975
0.304,0.972,0.8492439279657269
0.3045,0.972,0.8493171519684474
0.305,0.972,0.849365552969402
0.3055,0.972,0.8495740955358273
0.306,0.972,0.8495970703703555
0.3065,0.972,0.8496108309661253
0.307,0.972,0.8499187927597747
0.3075,0.972,0.8501280973038331
0.308,0.972,0.8502145799104345
0.3085,0.972,0.850237235948206
0.309,0.972,0.8502656123845903
0.309,0.9725,0.8502926961998478
0.309,0.973,0.8506314154645547
0.3095,0.973,0.8506593947551528
0.31,0.973,0.8508636463091628
0.3105,0.973,0.8508817039149623
0.311,0.973,0.850882059008544
0.3115,0.973,0.8509011356240104
0.312,0.973,0.8510946238550914
0.3125,0.973,0.8511552406838615
0.313,0.973,0.8511961933175273
0.3135,0.973,0.8512461277982274
0.314,0.973,0.8512952708119377
0.3145,0.973,0.8514154790911118
0.315,0.973,0.8515795227485999
0.3155,0.973,0.8517290001223508
0.316,0.973,0.8518005441034272
0.3165,0.973,0.8519845912221784
0.317,0.973,0.8519967947037071
0.3175,0.973,0.8520686713568398
0.318,0.973,0.8523729618348904
0.3185,0.973,0.8523835518878924
0.319,0.973,0.8524167884203828
0.3195,0.973,0.8524324022674743
0.32,0.973,0.8524448224153669
0.3205,0.973,0.8524657376799293
0.321,0.973,0.8525305649899002
0.3215,0.973,0.8525606807718387
0.3215,0.9735,0.8526456477720583
0.322,0.9735,0.8528628627879583
0.3225,0.9735,0.8529795055269961
0.323,0.9735,0.8529941248038941
0.3235,0.9735,0.8530052670266559
0.324,0.9735,0.8530844933577639
0.3245,0.9735,0.8532801055883935
0.325,0.9735,0.8533558389550592
0.3255,0.9735,0.853613129481386
0.326,0.9735,0.8537151303567138
0.3265,0.9735,0.8538685156240812
0.327,0.9735,0.8538798292434192
0.3275,0.9735,0.8539093307278678
0.328,0.9735,0.853992121682343
0.3285,0.9735,0.8540101985017914
0.329,0.9735,0.8541623044067526
0.3295,0.9735,0.8544172710869433
0.33,0.9735,0.85455106079058
0.3305,0.9735,0.8549046812955108
0.331,0.9735,0.8549151188572668
0.3315,0.9735,0.8549688435801867
0.332,0.9735,0.8551923804012864
0.3325,0.9735,0.8553394977727877
0.333,0.9735,0.8555469873702813
0.3335,0.9735,0.8556690633455687
0.3335,0.974,0.8556719814226286
0.3335,0.9745,0.8558817181575911
0.334,0.9745,0.856088218254291
0.3345,0.9745,0.8561018758335156
0.335,0.9745,0.8562063878286881
0.3355,0.9745,0.856221612428421
0.336,0.9745,0.8568936990954494
0.3365,0.9745,0.8570032804133301
0.337,0.9745,0.8570086551172463
0.3375,0.9745,0.8570189916476603
0.338,0.9745,0.8571323465805806
0.338,0.975,0.8571885010672606
0.3385,0.975,0.857311485639861
0.339,0.975,0.8573932115523576
0.3395,0.975,0.8574331814437111
0.34,0.975,0.8574789392349123
0.3405,0.975,0.8577235604600764
0.341,0.975,0.857757162503204
0.3415,0.975,0.8577864353891945
0.342,0.975,0.857910439102291
0.3425,0.975,0.858257366540671
0.343,0.975,0.8582907960067769
0.3435,0.975,0.8583515696038547
0.344,0.975,0.8583773227675858
0.3445,0.975,0.8585169171480906
0.345,0.975,0.8589379102462067
0.3455,0.975,0.8590239930249753
0.346,0.975,0.8592156940074156
0.3465,0.975,0.8592304107797542
0.347,0.975,0.8592986549694154
0.347,0.9755,0.8593757401001243
0.3475,0.9755,0.8594198726842578
0.348,0.9755,0.8594376397234256
0.3485,0.9755,0.859535112081378
0.349,0.9755,0.8595523482077932
0.3495,0.9755,0.8596631051951288
0.35,0.9755,0.8596974622409483
0.3505,0.9755,0.8597265425757072
0.3505,0.976,0.8597549365704984
0.351,0.976,0.8598209002231364
0.3515,0.976,0.8598334268977612
0.352,0.976,0.8599026667355216
0.3525,0.976,0.8599030937839995
0.353,0.976,0.8599994389370356
0.3535,0.976,0.8603733647352295
0.354,0.976,0.8605718669451392
0.3545,0.976,0.8606288507921039
0.355,0.976,0.8606687287883794
0.3555,0.976,0.8607473888227429
0.356,0.976,0.8615060239611956
0.3565,0.976,0.8615817466527728
0.3565,0.9765,0.8616691410512869
0.357,0.9765,0.8616794557333707
0.3575,0.9765,0.861700109279663
0.358,0.9765,0.8617465995541881
0.3585,0.9765,0.8618053872944084
0.3585,0.977,0.8618539942259931
0.359,0.977,0.8620401891181622
0.3595,0.977,0.862050252709271
0.36,0.977,0.8620547627971554
0.3605,0.977,0.862240359876202
0.361,0.977,0.8624148192594739
0.3615,0.977,0.8624992814100862
0.362,0.977,0.8625646788983635
0.3625,0.977,0.8627460423214623
0.363,0.977,0.8630929650767243
0.3635,0.977,0.8631000026630609
0.364,0.977,0.8632970147110413
0.3645,0.977,0.8633682499875723
0.365,0.977,0.8634110153677687
0.3655,0.977,0.8635213989480732
0.366,0.977,0.863688783565614
0.3665,0.977,0.8638682146052474
0.367,0.977,0.86391171046191
0.3675,0.977,0.8639165358286662
0.368,0.977,0.8640284716566159
0.3685,0.977,0.8640966730521841
0.369,0.977,0.8641002818458227
0.3695,0.977,0.8642184309484582
0.37,0.977,0.8642994036131242
0.37,0.9775,0.8645553314737703
0.3705,0.9775,0.8648115263605447
0.371,0.9775,0.8648403036775574
0.3715,0.9775,0.864850277617984
0.372,0.9775,0.8649486619242618
0.3725,0.9775,0.8649555114150074
0.373,0.9775,0.8650502336507456
0.3735,0.9775,0.8650764009655904
0.374,0.9775,0.8651550156933879
0.3745,0.9775,0.865167553845642
0.375,0.9775,0.8651824197942946
0.3755,0.9775,0.8657133265259809
0.376,0.9775,0.865848938439944
0.3765,0.9775,0.8659340499190586
0.377,0.9775,0.8659358784148445
0.3775,0.9775,0.8660764348281466
0.378,0.9775,0.8661440882633435
0.3785,0.9775,0.8665365898233641
0.379,0.9775,0.8665793369969109
0.3795,0.9775,0.8665896162249656
0.38,0.9775,0.8668859776809645
0.3805,0.9775,0.8668943928816887
0.381,0.9775,0.8669535234979533
0.3815,0.9775,0.8669557515399594
0.382,0.9775,0.8671654963531579
0.3825,0.9775,0.8672243853530922
0.383,0.9775,0.8672758231753002
0.3835,0.9775,0.8673005738819175
0.384,0.9775,0.8673360938507537
0.3845,0.9775,0.8674524036202124
0.385,0.9775,0.8675973937584606
0.385,0.978,0.8677454675155458
0.385,0.9785,0.8678815002567747
0.3855,0.9785,0.8680418639141263
0.386,0.9785,0.8680440082745635
0.3865,0.9785,0.8680544728992902
0.387,0.9785,0.8681436460833658
0.3875,0.9785,0.8682384650694597
0.388,0.9785,0.8684522711038886
0.388,0.979,0.8684660468479544
0.3885,0.979,0.868470748688026
0.389,0.979,0.8685096338407621
0.389,0.9795,0.8686081049319626
0.3895,0.9795,0.8686387115888669
0.39,0.9795,0.86865775779732
0.3905,0.9795,0.8688959073861555
0.391,0.9795,0.8689216481344182
0.3915,0.9795,0.8689377790437515
0.392,0.9795,0.8689806938872799
0.3925,0.9795,0.8691770181431913
0.393,0.9795,0.8693938461893477
0.3935,0.9795,0.869518785563699
0.394,0.9795,0.8695312062265271
0.3945,0.9795,0.869562490617658
0.395,0.9795,0.869736491107131
0.3955,0.9795,0.8697429022818657
0.396,0.9795,0.8697845422892556
0.3965,0.9795,0.869819209419708
0.397,0.9795,0.8699606913473424
0.397,0.98,0.8702006083666596
0.3975,0.98,0.8702408914326786
0.398,0.98,0.8702418611975604
0.3985,0.98,0.8702751333975302
0.399,0.98,0.8703263387204899
0.3995,0.98,0.8703591891243225
0.4,0.98,0.87039355600029
0.4,0.9805,0.870412362908793
0.4005,0.9805,0.8704267590581712
0.401,0.9805,0.8704301518975405
0.4015,0.9805,0.8706620010458738
0.402,0.9805,0.8707258648856437
0.4025,0.9805,0.8709267625400868
0.403,0.9805,0.8711894041670938
0.4035,0.9805,0.8712172527680719
0.404,0.9805,0.8712322168415814
0.4045,0.9805,0.8714228447687226
0.405,0.9805,0.8714554272958058
0.4055,0.9805,0.8714765696202178
0.406,0.9805,0.8717578589975478
0.4065,0.9805,0.8718495533279778
0.407,0.9805,0.8719046055148837
0.4075,0.9805,0.8719533807699009
0.408,0.9805,0.8719947501242793
0.4085,0.9805,0.8721159177144333
0.409,0.9805,0.8723098118904016
0.4095,0.9805,0.8723726390695472
0.41,0.9805,0.8724361106006305
0.4105,0.9805,0.8724904006429292
0.411,0.9805,0.8725571693395935
0.4115,0.9805,0.8725845467622302
0.412,0.9805,0.8726089646077361
0.4125,0.9805,0.8726831200562706
0.413,0.9805,0.8727522887039283
0.4135,0.9805,0.8728283362962325
0.414,0.9805,0.8729171020837058
0.4145,0.9805,0.8729282355207046
0.415,0.9805,0.872970347999893
0.4155,0.9805,0.8730154933304626
0.416,0.9805,0.8731343894109153
0.4165,0.9805,0.8733126965423501
0.417,0.9805,0.8736527640510654
0.4175,0.9805,0.8736565662670805
0.418,0.9805,0.8737166413820968
0.4185,0.9805,0.8740165494351753
0.419,0.9805,0.8740426553500374
0.4195,0.9805,0.8740555677096079
0.42,0.9805,0.8740622103734879
0.42,0.981,0.8741065366581084
0.4205,0.981,0.8741363187691357
0.421,0.981,0.8742936527377897
0.4215,0.981,0.8742997152809913
0.422,0.981,0.8743393235753976
0.4225,0.981,0.8743915211425151
0.423,0.981,0.8744125324202634
0.4235,0.981,0.8745771290016002
0.424,0.981,0.8746472507564603
0.4245,0.981,0.8747189577870369
0.425,0.981,0.8747671568033834
0.4255,0.981,0.8747760932741123
0.426,0.981,0.8748398912887823
0.4265,0.981,0.8749935427916142
0.427,0.981,0.8750637429729319
0.4275,0.981,0.8751932283145583
0.428,0.981,0.875219267324196
0.4285,0.981,0.8752340028136228
0.429,0.981,0.8752930343039893
0.4295,0.981,0.875384505078372
0.43,0.981,0.8754210398729838
0.4305,0.981,0.8754981727034086
0.431,0.981,0.8755979153780842
0.4315,0.981,0.875865940391856
0.432,0.981,0.8759633348277968
0.4325,0.981,0.8759862617045625
0.433,0.981,0.8760316803005092
0.4335,0.981,0.8761771672791866
0.434,0.981,0.8762669014646876
0.4345,0.981,0.8763652353153137
0.435,0.981,0.8763715329586266
0.4355,0.981,0.876434393095014
0.436,0.981,0.8765822511154973
0.4365,0.981,0.876654919776287
0.437,0.981,0.876724774107269
0.4375,0.981,0.8768224951170643
0.438,0.981,0.8768568840136326
0.4385,0.981,0.8769301793805527
0.439,0.981,0.8769974139445232
0.4395,0.981,0.8771166176564579
0.44,0.981,0.8771167750303221
0.4405,0.981,0.8773317509953236
0.441,0.981,0.8775815490028084
0.4415,0.981,0.8776115124189102
0.442,0.981,0.8776418169569234
0.442,0.9815,0.8776681476936892
0.4425,0.9815,0.8777125132704787
0.443,0.9815,0.8777935582636163
0.4435,0.9815,0.8778346441876046
0.444,0.9815,0.8779182574661398
0.4445,0.9815,0.8781209412967946
0.445,0.9815,0.8781861057470961
0.4455,0.9815,0.878230964648193
0.446,0.9815,0.8782834312002414
0.4465,0.9815,0.8782960037849602
0.447,0.9815,0.8785716854590317
0.4475,0.9815,0.8786957492858857
0.448,0.9815,0.8786973319116055
0.4485,0.9815,0.8788464663551796
0.449,0.9815,0.8788940096293187
0.4495,0.9815,0.8790747283766608
0.45,0.9815,0.8794914485426254
0.4505,0.9815,0.8795141580271743
0.451,0.9815,0.8795482447267777
0.4515,0.9815,0.8795896423681602
0.452,0.9815,0.8796213825408213
0.4525,0.9815,0.8796408141773954
0.453,0.9815,0.8796461933589261
0.4535,0.9815,0.8796551769751803
0.454,0.9815,0.8796634008329228
0.4545,0.9815,0.8797570074779696
0.455,0.9815,0.8797584593248446
0.4555,0.9815,0.8799803507489472
0.456,0.9815,0.8800089030617574
0.4565,0.9815,0.8800829486949948
0.457,0.9815,0.8801086280642887
0.4575,0.9815,0.8801134362448567
0.4575,0.982,0.8801608573184098
0.458,0.982,0.8802924213018305
0.4585,0.982,0.8804274033001847
0.459,0.982,0.8804379767262345
0.4595,0.982,0.8804417890293615
0.46,0.982,0.8805515224882627
0.4605,0.982,0.8806750228558227
0.461,0.982,0.8808089157055354
0.4615,0.982,0.880871900694771
0.462,0.982,0.880893275719669
0.4625,0.982,0.8810092838322623
0.463,0.982,0.8810661355196259
0.4635,0.982,0.8811037274094363
0.464,0.982,0.8813122167672502
0.4645,0.982,0.8813927441874853
0.465,0.982,0.8814056120340459
0.4655,0.982,0.8814180151018319
0.4655,0.9825,0.8814757507950399
0.466,0.9825,0.8815240273997891
0.4665,0.9825,0.8816045144165877
0.467,0.9825,0.8817191029876289
0.4675,0.9825,0.8820590318403779
0.468,0.9825,0.8821269355167961
0.4685,0.9825,0.8821395475065446
0.469,0.9825,0.8825510576756639
0.469,0.983,0.8826557093972323
0.4695,0.983,0.882675022168492
0.47,0.983,0.8828731898574418
0.4705,0.983,0.883240063181232
0.471,0.983,0.8832661280654724
0.4715,0.983,0.8832915468701694
0.472,0.983,0.8833367229604282
0.4725,0.983,0.883352296722391
0.473,0.983,0.8835866651994484
0.4735,0.983,0.8836598908387673
0.474,0.983,0.8837143619891303
0.4745,0.983,0.8837308299606506
0.475,0.983,0.8837767333195811
0.4755,0.983,0.8838010033824553
0.4755,0.9835,0.8840168741004012
0.476,0.9835,0.8840527138859461
0.4765,0.9835,0.8841346344834511
0.477,0.9835,0.8842084043338513
0.4775,0.9835,0.8842813515746681
0.478,0.9835,0.8843131647040574
0.4785,0.9835,0.884412947480523
0.479,0.9835,0.8844547852132914
0.4795,0.9835,0.8844935644859369
0.48,0.9835,0.8845130428269806
0.4805,0.9835,0.8847337461128773
0.481,0.9835,0.884778152800621
0.4815,0.9835,0.8849306688097984
0.482,0.9835,0.8851843240052424
0.4825,0.9835,0.88525280032534
0.483,0.9835,0.8852773503356915
0.4835,0.9835,0.8853338563960196
0.484,0.9835,0.8856397310090494
0.4845,0.9835,0.8857625240449721
0.485,0.9835,0.8858468320674995
0.4855,0.9835,0.8858898606896659
0.486,0.9835,0.8860008829926804
0.4865,0.9835,0.8863118651984028
0.4865,0.984,0.8863213313240402
0.487,0.984,0.8863255051512653
0.4875,0.984,0.8866309239118406
0.488,0.984,0.8867535056027128
0.4885,0.984,0.886837891531048
0.489,0.984,0.8868417741594118
0.4895,0.984,0.886856889491782
0.49,0.984,0.88689763128994
0.4905,0.984,0.8869639156627985
0.491,0.984,0.8870081853150947
0.4915,0.984,0.8870763798025508
0.492,0.984,0.8871071964626083
0.4925,0.984,0.8871911704306628
0.493,0.984,0.8872985911626452
0.4935,0.984,0.8873560525689901
0.494,0.984,0.8873603731591962
0.4945,0.984,0.8873635390168592
0.495,0.984,0.8873673142845192
0.4955,0.984,0.8875005909918214
0.496,0.984,0.8877726967116754
0.4965,0.984,0.8878496851445651
0.497,0.984,0.8879037484355492
0.4975,0.984,0.8879162486977041
0.498,0.984,0.8879954537268974
0.4985,0.984,0.8880833254827496
0.499,0.984,0.8880904645980793
0.4995,0.984,0.8882840530552953
0.5,0.984,0.8884986737458876
0.5005,0.984,0.8886421992365756
0.501,0.984,0.8886635246285302
0.5015,0.984,0.8887048003330134
0.502,0.984,0.8888896745909665
0.5025,0.984,0.8889478875133943
0.5025,0.9845,0.8890001567729411
0.503,0.9845,0.8890951938877866
0.5035,0.9845,0.8891544003164232
0.504,0.9845,0.8891660537986894
0.5045,0.9845,0.8891974225474817
0.505,0.9845,0.8892243847228676
0.5055,0.9845,0.8892278149190778
0.506,0.9845,0.8892734031754098
0.5065,0.9845,0.8894474195517128
0.507,0.9845,0.8896101845693151
0.507,0.985,0.8896442989919416
0.5075,0.985,0.8896597147557461
0.508,0.985,0.8897145745897083
0.5085,0.985,0.8899382023951731
0.509,0.985,0.8902706537713323
0.5095,0.985,0.8904255960544034
0.51,0.985,0.8904984371977316
0.5105,0.985,0.8905315212107273
0.511,0.985,0.8906538461574909
0.5115,0.985,0.8907044402823607
0.512,0.985,0.8907723147590672
0.5125,0.985,0.8907851488101424
0.513,0.985,0.8910638296732212
0.5135,0.985,0.8910696783468874
0.514,0.985,0.891073975747371
0.5145,0.985,0.8911982003555465
0.515,0.985,0.8913066813485326
0.5155,0.985,0.8913704600582333
0.516,0.985,0.8913813076755789
0.5165,0.985,0.8914204815042178
0.517,0.985,0.891458241105052
0.517,0.9855,0.8915333107611872
0.5175,0.9855,0.8917026124873499
0.518,0.9855,0.891964046157447
0.5185,0.9855,0.8919879300430281
0.519,0.9855,0.892028301051406
0.519,0.986,0.8920486954741688
0.5195,0.986,0.8921369490858475
0.52,0.986,0.8924276984682772
0.5205,0.986,0.8927270451019551
0.521,0.986,0.8927329132432854
0.5215,0.986,0.8928342315629565
0.522,0.986,0.892856017477737
0.5225,0.986,0.8929942535158419
0.523,0.986,0.8930780233664857
0.5235,0.986,0.8930869678031117
0.524,0.986,0.8931378899675495
0.5245,0.986,0.893167494525706
0.525,0.986,0.893186147534987
0.5255,0.986,0.893236559990167
0.526,0.986,0.8932602694233851
0.526,0.9865,0.8932652551250396
0.526,0.987,0.8932727494297376
0.5265,0.987,0.8933846800851957
0.527,0.987,0.8934625478157695
0.528,0.987,0.893570828798864
0.5285,0.987,0.8935902557620984
0.529,0.987,0.8936193453026129
0.5295,0.987,0.8936223012540383
0.53,0.987,0.893668516193008
0.5305,0.987,0.8937136341244718
0.531,0.987,0.8938353915472894
0.5315,0.987,0.8939014276916779
0.532,0.987,0.8940226942806244
0.5325,0.987,0.8940560646364245
0.533,0.987,0.8940588015909227
0.5335,0.987,0.8940784568202652
0.534,0.987,0.8941219478432136
0.5345,0.987,0.8942023816797452
0.535,0.987,0.8942074256407233
0.5355,0.987,0.8942418898523324
0.536,0.987,0.8944162746309987
0.5365,0.987,0.8944219792671734
0.537,0.987,0.8944695356966986
0.5375,0.987,0.8944747270534128
0.538,0.987,0.8944991669473472
0.5385,0.987,0.8946294109050956
0.539,0.987,0.8946591529962928
0.5395,0.987,0.8946883784005211
0.54,0.987,0.8946991247901489
0.5405,0.987,0.8947426430500749
0.541,0.987,0.8947450287944106
0.5415,0.987,0.8947558363746755
0.542,0.987,0.894776606091107
0.5425,0.987,0.8948019994339472
0.543,0.987,0.8948751595176501
0.5435,0.987,0.8950831652247621
0.544,0.987,0.8951345592898695
0.5445,0.987,0.8952393998948429
0.545,0.987,0.8953400419309547
0.5455,0.987,0.8953540679129363
0.546,0.987,0.8953643941296665
0.5465,0.987,0.8953683274452725
0.547,0.987,0.8953902047251492
0.5475,0.987,0.8954883967863236
0.548,0.987,0.8955004491880858
0.5485,0.987,0.8955036326505481
0.549,0.987,0.8955066494100425
0.5495,0.987,0.8955989373165083
0.55,0.987,0.8956898050739855
0.5505,0.987,0.895747961617116
0.551,0.987,0.895779220614574
0.5515,0.987,0.8958644504526628
0.552,0.987,0.8959320553963828
0.5525,0.987,0.8959944908977596
0.553,0.987,0.896043984177614
0.5535,0.987,0.8960757314758769
0.554,0.987,0.8961306579934385
0.5545,0.987,0.8962212966105739
0.5545,0.9875,0.8962494813295305
0.5545,0.988,0.8963603270502968
0.555,0.988,0.8964619038806478
0.5555,0.988,0.896468452155114
0.556,0.988,0.8965197839128409
0.5565,0.988,0.8966202173447946
0.557,0.988,0.8966639384204232
0.5575,0.988,0.8967138571925031
0.558,0.988,0.8967393202513126
0.5585,0.988,0.8967603674799396
0.559,0.988,0.8969526070145364
0.5595,0.988,0.8970225662809689
0.56,0.988,0.8971048180540444
0.5605,0.988,0.8971233857208365
0.561,0.988,0.897327097732503
0.561,0.9885,0.8973945932318456
0.5615,0.9885,0.89749789118819
0.562,0.9885,0.8975641160312475
0.5625,0.9885,0.8976268037737936
0.563,0.9885,0.8976422858448992
0.5635,0.9885,0.8977187452525167
0.564,0.9885,0.8978644065646278
0.5645,0.9885,0.8978871752480483
0.565,0.9885,0.8980407217085392
0.5655,0.9885,0.8980661425081329
0.566,0.9885,0.8981002368549282
0.5665,0.9885,0.8982060803059556
0.567,0.9885,0.898221240351138
0.5675,0.9885,0.8982925911602322
0.568,0.9885,0.8983054131840728
0.5685,0.9885,0.898454610277956
0.569,0.9885,0.8985131188095776
0.5695,0.9885,0.8986936409173378
0.57,0.9885,0.8987315246942045
0.5705,0.9885,0.8987527931604765
0.571,0.9885,0.8989084376507454
0.571,0.989,0.898970503636878
0.5715,0.989,0.8990434145431025
0.5715,0.9895,0.8992208470071428
0.572,0.9895,0.8992968095034409
0.5725,0.9895,0.8994932240754097
0.573,0.9895,0.8995319985488335
0.5735,0.9895,0.8995977818179594
0.574,0.9895,0.899681175407486
0.5745,0.9895,0.8997197395615832
0.575,0.9895,0.8998074984209765
0.5755,0.9895,0.8998992026589647
0.576,0.9895,0.8999480818930237
0.5765,0.9895,0.899950661764414
0.577,0.9895,0.8999783836152538
0.5775,0.9895,0.8999843831847868
0.578,0.9895,0.900001147176923
0.5785,0.9895,0.9001075661485745
0.579,0.9895,0.900187376209395
0.5795,0.9895,0.9001952043662176
0.58,0.9895,0.9002598804672952
0.5805,0.9895,0.9003933666943973
0.581,0.9895,0.9005133879142714
0.5815,0.9895,0.9005228107130312
0.582,0.9895,0.9005270598878475
0.5825,0.9895,0.9006616252901359
0.583,0.9895,0.9007945639225002
0.5835,0.9895,0.9008175853440972
0.584,0.9895,0.9009128425379496
0.5845,0.9895,0.90091576997238
0.585,0.9895,0.9009438183929002
0.5855,0.9895,0.9009772023706661
0.586,0.9895,0.9009795453633297
0.5865,0.9895,0.9010378748635262
0.587,0.9895,0.9010471166435369
0.5875,0.9895,0.9010820598482909
0.588,0.9895,0.9011456525369633
0.5885,0.9895,0.9011709734225853
0.589,0.9895,0.9012280363800874
0.5895,0.9895,0.9012570736380593
0.59,0.9895,0.9013187631591036
0.5905,0.9895,0.9013526737754858
0.591,0.9895,0.9014624330198465
0.5915,0.9895,0.9018040284412367
0.592,0.9895,0.9018246090276943
0.5925,0.9895,0.9018483507016181
0.593,0.9895,0.901977005809125
0.5935,0.9895,0.902067574360636
0.594,0.9895,0.902169082291175
0.5945,0.9895,0.9021932576093586
0.595,0.9895,0.9022627852462699
0.5955,0.9895,0.9023616480637947
0.596,0.9895,0.9023742610960053
0.5965,0.9895,0.9025098141304656
0.597,0.9895,0.9025129526147477
0.5975,0.9895,0.9025149768494671
0.598,0.9895,0.9025278285868649
0.5985,0.9895,0.9025484152896273
0.599,0.9895,0.9026228049906581
0.5995,0.9895,0.9026848940452503
0.6,0.9895,0.9026961756014762
0.6005,0.9895,0.9027539336863954
0.6005,0.99,0.9027865252905145
0.601,0.99,0.902866106587069
0.6015,0.99,0.9030011926541606
0.602,0.99,0.9030524076877322
0.6025,0.99,0.9030533274515904
0.603,0.99,0.9032116303992834
0.6035,0.99,0.9032989658631352
0.604,0.99,0.9033058081740656
0.6045,0.99,0.9033423654502176
0.605,0.99,0.9033797387789135
0.6055,0.99,0.9034263753107163
0.606,0.99,0.9036099416092749
0.6065,0.99,0.9036961783225965
0.607,0.99,0.9038661189577935
0.6075,0.99,0.9039600633295071
0.608,0.99,0.9042709416194676
0.6085,0.99,0.904348842337135
0.609,0.99,0.9044485944139902
0.6095,0.99,0.9044540405985354
0.61,0.99,0.9044984729136097
0.6105,0.99,0.9045045501451779
0.611,0.99,0.9045147075875116
0.6115,0.99,0.9045550684116794
0.612,0.99,0.9049120849707079
0.6125,0.99,0.9050584524958697
0.6125,0.9905,0.9050647455399615
0.613,0.9905,0.9050985372455024
0.6135,0.9905,0.9051003273506297
0.614,0.9905,0.9052762240489985
0.6145,0.9905,0.905294721823236
0.615,0.9905,0.9053284033519611
0.6155,0.9905,0.9054036725820462
0.616,0.9905,0.9054501064190787
0.6165,0.9905,0.9054566034777723
0.617,0.9905,0.9055385989837608
0.6175,0.9905,0.9055573352049746
0.6175,0.991,0.9055638217320773
0.618,0.991,0.9056513184974119
0.6185,0.991,0.9057517921331932
0.619,0.991,0.9058433028194066
0.6195,0.991,0.9058478887511707
0.62,0.991,0.9058994346682757
0.6205,0.991,0.9060247044965655
0.621,0.991,0.9060298930982329
0.6215,0.991,0.9061063451025408
0.622,0.991,0.9061807874245444
0.6225,0.991,0.9062012389739365
0.623,0.991,0.906443268846792
0.6235,0.991,0.9064530682054008
0.624,0.991,0.9064537388901985
0.6245,0.991,0.9064756708848309
0.625,0.991,0.9064831955229613
0.6255,0.991,0.9064988096244218
0.626,0.991,0.9065316657829356
0.6265,0.991,0.9067248875192666
0.627,0.991,0.9068253140611129
0.6275,0.991,0.9068378042221908
0.628,0.991,0.9068758886203807
0.6285,0.991,0.9069077403218561
0.629,0.991,0.9069578165115978
0.6295,0.991,0.9070879371269706
0.63,0.991,0.9071351297125498
0.6305,0.991,0.9073608425817681
0.631,0.991,0.9073818065554266
0.6315,0.991,0.9074858079430317
0.632,0.991,0.90750716683249
0.632,0.9915,0.9075158718319084
0.6325,0.9915,0.9075998970932015
0.633,0.9915,0.907734317154154
0.6335,0.9915,0.9077628229552377
0.634,0.9915,0.9077778803547164
0.6345,0.9915,0.9079781298118874
0.635,0.9915,0.9080525289046164
0.6355,0.9915,0.9081488846646263
0.636,0.9915,0.9082001999905577
0.6365,0.9915,0.9082831023980766
0.637,0.9915,0.9083861515400012
0.6375,0.9915,0.908441980633616
0.638,0.9915,0.9084789910941371
0.6385,0.9915,0.908599117298755
0.639,0.9915,0.9086121181035757
0.6395,0.9915,0.9086184760192237
0.64,0.9915,0.9087095993613684
0.6405,0.9915,0.908846280275205
0.641,0.9915,0.9088602358528854
0.6415,0.9915,0.9089254599718685
0.642,0.9915,0.9090227772110977
0.6425,0.9915,0.909109178120966
0.643,0.9915,0.9093424556258909
0.6435,0.9915,0.9094242156340789
0.644,0.9915,0.9094651924221075
0.6445,0.9915,0.9095963074794904
0.645,0.9915,0.9096082026118888
0.6455,0.9915,0.9096447016349175
0.646,0.9915,0.9096582190334185
0.6465,0.9915,0.9097641393710791
0.647,0.9915,0.9098707720949736
0.6475,0.9915,0.9101565441953008
0.6475,0.992,0.9102278017819153
0.648,0.992,0.9102814756995024
0.6485,0.992,0.9103005401329987
0.649,0.992,0.9104800407401561
0.6495,0.992,0.910551779532131
0.65,0.992,0.9105590300775136
0.6505,0.992,0.9106438069423876
0.651,0.992,0.9106831807526821
0.6515,0.992,0.9107966056246122
0.652,0.992,0.9108606565273926
0.6525,0.992,0.9109549248513089
0.653,0.992,0.9109752600879177
0.6535,0.992,0.9109980215956208
0.654,0.992,0.9112146328171181
0.6545,0.992,0.9113672900282362
0.655,0.992,0.9113700446487094
0.6555,0.992,0.9113739314494396
0.656,0.992,0.9115081937940971
0.6565,0.992,0.9115630868726079
0.657,0.992,0.9117118369909284
0.6575,0.992,0.9117360683626905
0.658,0.992,0.911757326376889
0.6585,0.992,0.9119507824375783
0.659,0.992,0.9119538683874018
0.6595,0.992,0.9120371499671394
0.66,0.992,0.9121657624553671
0.6605,0.992,0.9122777339581067
0.661,0.992,0.9124820976891034
0.6615,0.992,0.9125995837899342
0.662,0.992,0.9126880622393638
0.6625,0.992,0.9129669339738279
0.663,0.992,0.9130106166026694
0.6635,0.992,0.913098313355615
0.664,0.992,0.9131938898476323
0.6645,0.992,0.9133094952658762
0.665,0.992,0.9135487983672195
0.6655,0.992,0.9137885145390401
0.666,0.992,0.9137970777480231
0.6665,0.992,0.9138045279278082
0.667,0.992,0.9138242718949703
0.6675,0.992,0.9138495487272329
0.668,0.992,0.9138617509407374
0.6685,0.992,0.9139085881797284
0.669,0.992,0.9139298943902397
0.6695,0.992,0.9139383459742552
0.67,0.992,0.9139675924906462
0.6705,0.992,0.9140362767601294
0.671,0.992,0.9140987837545255
0.6715,0.992,0.9142814883102318
0.672,0.992,0.9143565686197727
0.6725,0.992,0.9143578621322128
0.673,0.992,0.9146173444115134
0.6735,0.992,0.9146660437545924
0.674,0.992,0.9147683198481855
0.6745,0.992,0.9147979483404272
0.675,0.992,0.9148141702661132
0.6755,0.992,0.9149409188487195
0.676,0.992,0.91498445516446
0.6765,0.992,0.9150040203086408
0.677,0.992,0.9150730482361075
0.6775,0.992,0.9151136011960409
0.678,0.992,0.9151575797712277
0.678,0.9925,0.9153279309479364
0.6785,0.9925,0.9153478516787118
0.679,0.9925,0.9154208849165106
0.6795,0.9925,0.9154386548309514
0.68,0.9925,0.91549464152199
0.6805,0.9925,0.9156279813392262
0.681,0.9925,0.9157048680287804
0.6815,0.9925,0.9157059745821126
0.682,0.9925,0.9157679476508696
0.6825,0.9925,0.9158095286786871
0.683,0.9925,0.9158582169239912
0.6835,0.9925,0.9159008258221251
0.684,0.9925,0.9159016347983433
0.6845,0.9925,0.9159335628868257
0.685,0.9925,0.9160088561834931
0.6855,0.9925,0.9160684251577108
0.686,0.9925,0.9160685758254904
0.6865,0.9925,0.9160716752223671
0.687,0.9925,0.9161179509902665
0.6875,0.9925,0.9161495361068559
0.688,0.9925,0.9161520651804085
0.6885,0.9925,0.9161972447080126
0.689,0.9925,0.9162567349435768
0.6895,0.9925,0.9164011325692007
0.69,0.9925,0.9164019520468898
0.6905,0.9925,0.9166290084640336
0.691,0.9925,0.9166661794312191
0.6915,0.9925,0.9169100628308036
0.692,0.9925,0.9171055686697076
0.6925,0.9925,0.9171407094042525
0.693,0.9925,0.9173300424072369
0.6935,0.9925,0.9174016594857851
0.694,0.9925,0.9174405846275842
0.6945,0.9925,0.9175200748320118
0.695,0.9925,0.9175624278020855
0.6955,0.9925,0.9176068729281907
0.696,0.9925,0.9176935867637495
0.6965,0.9925,0.9177866796173342
0.697,0.9925,0.9178717029398621
0.6975,0.9925,0.9181082591655829
0.698,0.9925,0.9181200132013758
0.6985,0.9925,0.9181341908498991
0.699,0.9925,0.9182278167012787
0.6995,0.9925,0.9182453337495395
0.6995,0.993,0.9182531005407637
0.7,0.993,0.918359344292987
0.7005,0.993,0.918400768355237
0.701,0.993,0.9184404876143639
0.7015,0.993,0.9184471781228618
0.702,0.993,0.9184843440922283
0.7025,0.993,0.9185192221000522
0.703,0.993,0.9185530978049159
0.7035,0.993,0.9185746801222945
0.704,0.993,0.9185982256118916
0.7045,0.993,0.9186022426782465
0.705,0.993,0.918848309952828
0.7055,0.993,0.9188544592817891
0.706,0.993,0.9192736331557427
0.7065,0.993,0.9193613506648275
0.707,0.993,0.9194193700634974
0.7075,0.993,0.9194439248671087
0.708,0.993,0.9194469704478208
0.7085,0.993,0.9195426360706185
0.709,0.993,0.9195627353116058
0.709,0.9935,0.9195913497530555
0.7095,0.9935,0.9197076659767693
0.71,0.9935,0.9197196159618238
0.7105,0.9935,0.9197665321328428
0.711,0.9935,0.919777160909359
0.7115,0.9935,0.9197791923332996
0.712,0.9935,0.919808177537691
0.7125,0.9935,0.9198713723045959
0.713,0.9935,0.9199332636540952
0.7135,0.9935,0.9199932464827149
0.714,0.9935,0.9202080044087574
0.7145,0.9935,0.9202188841238208
0.715,0.9935,0.9202269718730555
0.7155,0.9935,0.9202521289336416
0.716,0.9935,0.9202613999507275
0.7165,0.9935,0.9202927483148833
0.717,0.9935,0.920389936673606
0.7175,0.9935,0.9204993379252446
0.718,0.9935,0.9205719738638947
0.7185,0.9935,0.9205740909898286
0.719,0.9935,0.9206274816838333
0.7195,0.9935,0.9207193820592594
0.72,0.9935,0.9209773464148915
0.7205,0.9935,0.9209945694057702
0.721,0.9935,0.9210185294369814
0.7215,0.9935,0.9210394447204396
0.722,0.9935,0.92122566091842
0.7225,0.9935,0.921473075173457
0.723,0.9935,0.9214827647914561
0.7235,0.9935,0.9214849933537327
0.724,0.9935,0.9215338769085
0.7245,0.9935,0.9216298031002348
0.725,0.9935,0.9216594214180718
0.7255,0.9935,0.921712441205222
0.726,0.9935,0.9217588785287009
0.7265,0.9935,0.9218119004573488
0.727,0.9935,0.9218826149734682
0.7275,0.9935,0.9219080965970696
0.728,0.9935,0.9219776680497059
0.7285,0.9935,0.9220548868758456
0.729,0.9935,0.9221501596949891
0.7295,0.9935,0.9222732578368618
0.7295,0.994,0.9223494236468867
0.73,0.994,0.9223514547232873
0.7305,0.994,0.9224429658952292
0.731,0.994,0.9224977522444207
0.7315,0.994,0.9225897183768957
0.732,0.994,0.9226788843974045
0.7325,0.994,0.9226818681381194
0.733,0.994,0.9226852231048448
0.7335,0.994,0.9227009672507965
0.734,0.994,0.9228270931975858
0.7345,0.994,0.922915007145081
0.735,0.994,0.9229152230812236
0.7355,0.994,0.9230847905871229
0.736,0.994,0.9232079763418286
0.7365,0.994,0.9234342085113617
0.737,0.994,0.923567705188839
0.7375,0.994,0.9236973756112578
0.738,0.994,0.923776811751239
0.7385,0.994,0.9240490618843707
0.739,0.994,0.9241536647905426
0.7395,0.994,0.9242404375382097
0.74,0.994,0.9242542892613301
0.7405,0.994,0.9242871337215399
0.741,0.994,0.9243214020874738
0.741,0.9945,0.9243398488294462
0.7415,0.9945,0.9245189279965481
0.742,0.9945,0.9245212892866441
0.7425,0.9945,0.9246944791210712
0.743,0.9945,0.924729340532121
0.7435,0.9945,0.9248698359654801
0.744,0.9945,0.9250020783469965
0.7445,0.9945,0.9252162056015456
0.745,0.9945,0.9252450950804961
0.7455,0.9945,0.9252578572009288
0.746,0.9945,0.925293773121662
0.7465,0.9945,0.9254993654704055
0.747,0.9945,0.9255309248702448
0.7475,0.9945,0.9257943419802838
0.748,0.9945,0.925818208731331
0.7485,0.9945,0.9258964520662121
0.749,0.9945,0.9259736739261579
0.7495,0.9945,0.9260127145980677
0.75,0.9945,0.9260698805891288
0.7505,0.9945,0.9260963211680511
0.751,0.9945,0.9261339748356362
0.7515,0.9945,0.9263700538742193
0.752,0.9945,0.9264108532754929
0.7525,0.9945,0.9264193450437006
0.753,0.9945,0.9264643728161701
0.7535,0.9945,0.9264896778449607
0.754,0.9945,0.9266130469730969
0.7545,0.9945,0.9266399183939956
0.755,0.9945,0.9266400882793323
0.7555,0.9945,0.9267158776289538
0.756,0.9945,0.926787683973163
0.7565,0.9945,0.9269243505672371
0.757,0.9945,0.9269418334560909
0.7575,0.9945,0.9269504688559828
0.758,0.9945,0.9269859418839484
0.7585,0.9945,0.927046663066884
0.759,0.9945,0.9271061478923948
0.7595,0.9945,0.9271230226685626
0.76,0.9945,0.9271970770204709
0.7605,0.9945,0.9272482516334042
0.761,0.9945,0.9272885629259395
0.7615,0.9945,0.9273028676384475
0.762,0.9945,0.9273533195319874
0.7625,0.9945,0.9275662817765992
0.763,0.9945,0.9275679355518796
0.7635,0.9945,0.9278025567175405
0.764,0.9945,0.9278470437643942
0.7645,0.9945,0.9279179730032794
0.765,0.9945,0.9279962339906336
0.7655,0.9945,0.9280476777437162
0.766,0.9945,0.9281432399076239
0.7665,0.9945,0.9281649147632324
0.767,0.9945,0.9285496340931169
0.7675,0.9945,0.9285984302354816
0.768,0.9945,0.9286294087089084
0.7685,0.9945,0.9286935296177642
0.769,0.9945,0.9290591924298197
0.7695,0.9945,0.929165873415743
0.77,0.9945,0.9291779502349286
0.7705,0.9945,0.9292725002051817
0.771,0.9945,0.9293472944732305
0.7715,0.9945,0.929787803016552
0.772,0.9945,0.9298431781445108
0.7725,0.9945,0.9298870360193925
0.773,0.9945,0.9299934486611175
0.7735,0.9945,0.9300402362106205
0.774,0.9945,0.9301239347232697
0.7745,0.9945,0.9301700736115994
0.775,0.9945,0.9301987506888926
0.7755,0.9945,0.9303285010541471
0.776,0.9945,0.9303373366649975
0.7765,0.9945,0.9303604583722755
0.777,0.9945,0.9304692146786913
0.7775,0.9945,0.9305007577486845
0.778,0.9945,0.9306979297100854
0.7785,0.9945,0.9307434573040276
0.779,0.9945,0.9307882254362654
0.7795,0.9945,0.9308436820249061
0.78,0.9945,0.9308924585231874
0.7805,0.9945,0.9311966179490319
0.781,0.9945,0.9312651310044444
0.7815,0.9945,0.931317802216464
0.782,0.9945,0.931355565361766
0.7825,0.9945,0.9313742180222537
0.783,0.9945,0.9315811129122273
0.7835,0.9945,0.931617339208517
0.784,0.9945,0.9317881941692496
0.7845,0.9945,0.9318293798904762
0.785,0.9945,0.9318433537571046
0.7855,0.9945,0.9318643382040721
0.786,0.9945,0.9318669629269775
0.786,0.995,0.9319456427778604
0.7865,0.995,0.9321493792772696
0.787,0.995,0.9322513590984952
0.7875,0.995,0.9323401274367057
0.788,0.995,0.9323772545486473
0.7885,0.995,0.9324283998264257
0.789,0.995,0.9325356665594061
0.7895,0.995,0.9326010569907631
0.79,0.995,0.9326820956852415
0.7905,0.995,0.9327487428351764
0.791,0.995,0.932882391223136
0.7915,0.995,0.9329781830684454
0.792,0.995,0.9330271488399676
0.7925,0.995,0.9331676313381662
0.793,0.995,0.9332537369058795
0.7935,0.995,0.9334593815226989
0.794,0.995,0.9334710669561439
0.7945,0.995,0.9335840261871723
0.795,0.995,0.933675876920286
0.7955,0.995,0.9339672983877586
0.796,0.995,0.9339816218488539
0.7965,0.995,0.9341324748262041
0.797,0.995,0.9341406558883787
0.7975,0.995,0.9341443031505616
0.798,0.995,0.934166031985975
0.7985,0.995,0.9341789223565565
0.799,0.995,0.934277691143207
0.7995,0.995,0.9343885570584523
0.8,0.995,0.9346260481870453
0.8005,0.995,0.9346620385989661
0.801,0.995,0.934709058414819
0.8015,0.995,0.9348755202039606
0.802,0.995,0.9348867496179665
0.8025,0.995,0.9348874418861837
0.803,0.995,0.9350118972024739
0.8035,0.995,0.9350734282614884
0.804,0.995,0.9351849919731632
0.8045,0.995,0.9353049228922243
0.805,0.995,0.9353052632218797
0.8055,0.995,0.9353142577666715
0.806,0.995,0.9354858180106973
0.8065,0.995,0.9355522024316385
0.807,0.995,0.9355992979233013
0.8075,0.995,0.9357291143000508
0.808,0.995,0.9358936433836
0.8085,0.995,0.9359312443275501
0.809,0.995,0.9360581007535308
0.8095,0.995,0.9360700298700584
0.81,0.995,0.9360852860805351
0.8105,0.995,0.9361372525919657
0.811,0.995,0.936137848498664
0.8115,0.995,0.9361667916369633
0.812,0.995,0.9361751812664041
0.8125,0.995,0.9362711715691799
0.813,0.995,0.936273732545411
0.8135,0.995,0.9362822841932884
0.814,0.995,0.9364242469390841
0.8145,0.995,0.9364812743377078
0.815,0.995,0.9365911932871428
0.8155,0.995,0.9367609191376584
0.8155,0.9955,0.9369699031965837
0.816,0.9955,0.937055359829524
0.8165,0.9955,0.937089077274023
0.817,0.9955,0.9371077581185232
0.8175,0.9955,0.9372927502390132
0.818,0.9955,0.9372968169310358
0.8185,0.9955,0.9373579627145291
0.819,0.9955,0.9373587519121133
0.8195,0.9955,0.9374392834063323
0.82,0.9955,0.9374873334564278
0.8205,0.9955,0.9375203412531447
0.821,0.9955,0.9375911088958433
0.8215,0.9955,0.9377660637218471
0.822,0.9955,0.9378319876783274
0.8225,0.9955,0.937885693707017
0.823,0.9955,0.9379048433452951
0.8235,0.9955,0.9380132931883953
0.824,0.9955,0.9380907023690062
0.8245,0.9955,0.9381489216464836
0.825,0.9955,0.93818051890784
0.8255,0.9955,0.9381938208405742
0.826,0.9955,0.9382581225111876
0.826,0.996,0.9382651405166959
0.826,0.9965,0.9383661731531245
0.8265,0.9965,0.9385731132390037
0.827,0.9965,0.9385934620115166
0.8275,0.9965,0.9387464731692294
0.828,0.9965,0.9388852049814389
0.8285,0.9965,0.9390970805045338
0.829,0.9965,0.939195742708887
0.8295,0.9965,0.9392355185155452
0.83,0.9965,0.9392977380760016
0.8305,0.9965,0.9393541999070042
0.831,0.9965,0.939362951238195
0.8315,0.9965,0.9394120176478746
0.832,0.9965,0.9395751888327356
0.832,0.997,0.9396434347390411
0.8325,0.997,0.9397378304541143
0.833,0.997,0.9397476567975412
0.833,0.9975,0.939758694788562
0.8335,0.9975,0.9397597102272237
0.834,0.9975,0.9399693362758651
0.8345,0.9975,0.9400112046247082
0.835,0.9975,0.9401032661852908
0.8355,0.9975,0.9401956930563202
0.836,0.9975,0.9402873642651706
0.8365,0.9975,0.9403367953946482
0.837,0.9975,0.9404875798241911
0.8375,0.9975,0.9404878300111289
0.838,0.9975,0.9405420189025634
0.8385,0.9975,0.940594984218376
0.839,0.9975,0.9409771771533052
0.8395,0.9975,0.9410062506230897
0.84,0.9975,0.9410896481423895
0.8405,0.9975,0.9412269295935658
0.841,0.9975,0.9412342628427615
0.8415,0.9975,0.94136771194621
0.842,0.9975,0.941584965280116
0.842,0.998,0.9416134442354887
0.8425,0.998,0.9416649017208294
0.843,0.998,0.9417518754193286
0.8435,0.998,0.9417607302959374
0.844,0.998,0.9419674349442212
0.8445,0.998,0.9420425883959227
0.845,0.998,0.9420850959313152
0.8455,0.998,0.9420953244328106
0.846,0.998,0.942101103703433
0.8465,0.998,0.9422157481949617
0.847,0.998,0.9422994907641126
0.8475,0.998,0.9424522140173855
0.848,0.998,0.9426577021418059
0.8485,0.998,0.9428469575841077
0.849,0.998,0.9428784220546429
0.8495,0.998,0.9430429094798053
0.85,0.998,0.9430523873614763
0.8505,0.998,0.9435808860522502
0.851,0.998,0.9436424420399582
0.8515,0.998,0.9436494286597111
0.852,0.998,0.9436518721796315
0.8525,0.998,0.9437243004409774
0.853,0.998,0.9437513334361132
0.8535,0.998,0.9437598475659505
0.854,0.998,0.943840069170566
0.8545,0.998,0.9438486657147315
0.855,0.998,0.9438617459638569
0.8555,0.998,0.94403066307126
0.856,0.998,0.9441618261586909
0.8565,0.998,0.9443676097067687
0.857,0.998,0.944412486142725
0.8575,0.998,0.9444576368733829
0.858,0.998,0.944475158795915
0.8585,0.998,0.9445247153730844
0.859,0.998,0.9445288153371665
0.8595,0.998,0.9445737320569536
0.86,0.998,0.9450973135911563
0.8605,0.998,0.9452193431008583
0.861,0.998,0.9453636389657532
0.8615,0.998,0.945504140722987
0.862,0.998,0.9455335943456318
0.8625,0.998,0.9455749630994837
0.863,0.998,0.9456272140509945
0.8635,0.998,0.9457843278570562
0.864,0.998,0.9461799419141741
0.8645,0.998,0.9462090627394775
0.865,0.998,0.9462294562290436
0.8655,0.998,0.9464025860832079
0.866,0.998,0.9466861535653118
0.8665,0.998,0.9467523380181436
0.867,0.998,0.9467621481561183
0.8675,0.998,0.9468100298311245
0.868,0.998,0.9468803108486388
0.8685,0.998,0.946931053311469
0.869,0.998,0.9472163727796891
0.8695,0.998,0.9472228728571779
0.87,0.998,0.9473333521607642
0.8705,0.998,0.9473353788734
0.871,0.998,0.9475954119474015
0.8715,0.998,0.9476774999694628
0.872,0.998,0.9476845038564528
0.8725,0.998,0.947809723451795
0.873,0.998,0.9478705776597992
0.8735,0.998,0.9479531165305457
0.874,0.998,0.9480920255819106
0.8745,0.998,0.9482442810239436
0.875,0.998,0.948245006650922
0.8755,0.998,0.9484261624789886
0.876,0.998,0.9484613208051231
0.8765,0.998,0.9484731595836909
0.877,0.998,0.9484920709704139
0.8775,0.998,0.9485506135831572
0.878,0.998,0.9485934558810999
0.8785,0.998,0.948598045999121
0.8785,0.9985,0.9487617645595015
0.879,0.9985,0.9488412594144343
0.8795,0.9985,0.9489298234831336
0.88,0.9985,0.9490289471206672
0.8805,0.9985,0.9492369488524602
0.881,0.9985,0.9492451650587974
0.8815,0.9985,0.9493723068903254
0.882,0.9985,0.9493971503365726
0.8825,0.9985,0.9494704600889496
0.883,0.9985,0.9494925887829198
0.8835,0.9985,0.9495432636584268
0.884,0.9985,0.9495453796439669
0.8845,0.9985,0.949731450812052
0.885,0.9985,0.9498551833474722
0.8855,0.9985,0.9498578419415198
0.886,0.9985,0.9500252533935822
0.8865,0.9985,0.9501601797588629
0.887,0.9985,0.9502066714068842
0.8875,0.9985,0.9502164065827517
0.888,0.9985,0.9502408353743393
0.8885,0.9985,0.9503953170967695
0.889,0.9985,0.9504654387602817
0.8895,0.9985,0.9505531246339985
0.89,0.9985,0.9505567641377813
0.8905,0.9985,0.9507293086777285
0.891,0.9985,0.9507956198057504
0.8915,0.9985,0.9508068636745756
0.8915,0.999,0.9508161402312779
0.892,0.999,0.9509814627993353
0.8925,0.999,0.9510611884928297
0.893,0.999,0.9511590136740588
0.8935,0.999,0.9512685311732969
0.894,0.999,0.9513627181327678
0.8945,0.999,0.9514005874037027
0.895,0.999,0.951413343368295
0.8955,0.999,0.9514441665517837
0.896,0.999,0.951474552053435
0.8965,0.999,0.951492052356807
0.897,0.999,0.9516099387780388
0.8975,0.999,0.9519797490887971
0.898,0.999,0.9521571686684871
0.8985,0.999,0.9522095954471087
0.899,0.999,0.9522608145305863
0.8995,0.999,0.9523505718844816
0.9,0.999,0.952994522070649
0.9005,0.999,0.9530072487749977
0.901,0.999,0.9531974539230653
0.9015,0.999,0.9533407004814876
0.902,0.999,0.9533624406113317
0.9025,0.999,0.9534115495411826
0.903,0.999,0.9534526119655552
0.9035,0.999,0.9534691180481957
0.904,0.999,0.9535573224321725
0.9045,0.999,0.9535838078048293
0.905,0.999,0.9536018048908221
0.9055,0.999,0.9536260312051952
0.906,0.999,0.9537370277273637
0.9065,0.999,0.9541472244852764
0.907,0.999,0.9542479236516034
0.9075,0.999,0.9542569580574598
0.908,0.999,0.9544476763056093
0.9085,0.999,0.9544572823286648
0.909,0.999,0.954641400991324
0.9095,0.999,0.9547104774375009
0.91,0.999,0.9549642456203633
0.9105,0.999,0.9550791778969907
0.911,0.999,0.9550968053191066
0.9115,0.999,0.9553788612405507
0.912,0.999,0.9554427167144307
0.912,0.9995,0.9558648332242513
0.9125,0.9995,0.9558793967419215
0.913,0.9995,0.9558868850181258
0.9135,0.9995,0.9559965754995715
0.914,0.9995,0.9560130349070369
0.9145,0.9995,0.9560602379364653
0.915,0.9995,0.9562567779947699
0.9155,0.9995,0.9562571860750195
0.916,0.9995,0.9562948343989586
0.9165,0.9995,0.9564415164416895
0.917,0.9995,0.9567938100306628
0.9175,0.9995,0.9568179459017236
0.918,0.9995,0.9570868534493003
0.9185,0.9995,0.9572389603542689
0.919,0.9995,0.9572441830212991
0.9195,0.9995,0.9573680655347936
0.92,0.9995,0.9575136025085662
0.9205,0.9995,0.9575384453721167
0.921,0.9995,0.957645734000728
0.9215,0.9995,0.9578122153395824
0.922,0.9995,0.9579377576666704
0.9225,0.9995,0.9580869932068737
0.923,0.9995,0.9583205927976263
0.9235,0.9995,0.9583982877499826
0.924,0.9995,0.9585417149404198
0.9245,0.9995,0.9586035458601013
0.925,0.9995,0.9586672738498647
0.9255,0.9995,0.9586823200323629
0.926,0.9995,0.958755379768227
0.9265,0.9995,0.9587841523582045
0.927,0.9995,0.9588609755929811
0.9275,0.9995,0.9589222875148237
0.928,0.9995,0.9590608464159527
0.9285,0.9995,0.9590955558395129
0.929,0.9995,0.9593569330689972
0.9295,0.9995,0.9596056144709338
0.93,0.9995,0.95982786049717
0.9305,0.9995,0.9598531294307548
0.931,0.9995,0.9600799924782728
0.9315,0.9995,0.9602396290090001
0.932,0.9995,0.960300108562995
0.9325,0.9995,0.9603506936394771
0.933,0.9995,0.9604428556097602
0.9335,0.9995,0.960484305206764
0.934,0.9995,0.960658406133341
0.9345,0.9995,0.9606983031059899
0.935,0.9995,0.960708880733762
0.9355,0.9995,0.9607810120157392
0.936,0.9995,0.9608038088646743
0.9365,0.9995,0.9608582227164498
0.937,0.9995,0.9610274418303426
0.9375,0.9995,0.9610572059346528
0.938,0.9995,0.9612465926213176
0.9385,0.9995,0.9612469794127017
0.939,0.9995,0.9613309280177187
0.9395,0.9995,0.9617343656724945
0.94,0.9995,0.9617730738575304
0.9405,0.9995,0.9618721810437285
0.941,0.9995,0.9621439435287854
0.9415,0.9995,0.9621726695443866
0.942,0.9995,0.9621980178665535
0.9425,0.9995,0.9622475447353064
0.943,0.9995,0.9623691385388319
0.9435,0.9995,0.9625772925398479
0.944,0.9995,0.9625780532101285
0.9445,0.9995,0.9628535251399375
0.945,0.9995,0.9629747825938565
0.9455,0.9995,0.9631614738600561
0.946,0.9995,0.963306873096897
0.9465,0.9995,0.9633321442272608
0.947,0.9995,0.9634203192351198
0.9475,0.9995,0.9638464268026907
0.948,0.9995,0.9639223520043454
0.9485,0.9995,0.9639543518380647
0.949,0.9995,0.9639975277168817
0.9495,0.9995,0.964234669725152
0.95,0.9995,0.9643837012187026
0.9505,0.9995,0.9644216625923054
0.951,0.9995,0.9646294211911648
0.9515,0.9995,0.9649303468893604
0.952,0.9995,0.965111597015412
0.9525,0.9995,0.9651720560705701
0.953,0.9995,0.9653015812514523
0.9535,0.9995,0.9654224269312389
0.954,0.9995,0.9654704691728676
0.9545,0.9995,0.9657750221994867
0.955,0.9995,0.9658111448885565
0.9555,0.9995,0.9659005963112856
0.956,0.9995,0.9660550514655307
0.9565,0.9995,0.9661317124638565
0.957,0.9995,0.9662614959560399
0.9575,0.9995,0.9663330889238028
0.958,0.9995,0.9663520879367041
0.9585,0.9995,0.9663957800148817
0.959,0.9995,0.9665052399363095
0.9595,0.9995,0.9666039219984812
0.96,0.9995,0.966876981151644
0.9605,0.9995,0.9669292720030187
0.961,0.9995,0.9669445191149667
0.9615,0.9995,0.9671102176065745
0.962,0.9995,0.9676650460480685
0.9625,0.9995,0.9677327639209229
0.963,0.9995,0.9680353974322857
0.9635,0.9995,0.9684929937052452
0.964,0.9995,0.9688608778281148
0.9645,0.9995,0.9691545532660282
0.965,0.9995,0.9693829789499555
0.9655,0.9995,0.9694682193204979
0.966,0.9995,0.9696062763281942
0.9665,0.9995,0.9697078871382381
0.967,0.9995,0.9697760859420835
0.9675,0.9995,0.9700299547459761
0.968,0.9995,0.9701179029076885
0.968,1.0,0.9701951633410767
0.9685,1.0,0.9702469023706284
0.969,1.0,0.970266125772498
0.9695,1.0,0.9703671678369309
0.97,1.0,0.9706741815963538
0.9705,1.0,0.9710083694887671
0.971,1.0,0.9712227505411454
0.9715,1.0,0.9713258417714374
0.972,1.0,0.971349985233814
0.9725,1.0,0.9716381385411024
0.973,1.0,0.9718618684030724
0.9735,1.0,0.971934104800215
0.974,1.0,0.9723624304063818
0.9745,1.0,0.9726080700054373
0.975,1.0,0.9732585794130872
0.9755,1.0,0.973469153955927
0.976,1.0,0.9740736143616515
0.9765,1.0,0.9741381022207485
0.977,1.0,0.9742678267234455
0.9775,1.0,0.9745351351902293
0.978,1.0,0.9745726169184791
0.9785,1.0,0.9750934764510054
0.979,1.0,0.9751860813828046
0.9795,1.0,0.975751085258107
0.98,1.0,0.9757919292481991
0.9805,1.0,0.9760995551242944
0.981,1.0,0.9761591049991593
0.9815,1.0,0.976599217126772
0.982,1.0,0.9766445077987036
0.9825,1.0,0.9767574395114419
0.983,1.0,0.9767881002615576
0.9835,1.0,0.9769587601887949
0.984,1.0,0.9779831868082435
0.9845,1.0,0.9781802395769427
0.985,1.0,0.9782024508963394
0.9855,1.0,0.9782563215840998
0.986,1.0,0.9783148597660791
0.9865,1.0,0.9784965948132461
0.987,1.0,0.9785214226855322
0.9875,1.0,0.9788736281652051
0.988,1.0,0.9789641914028977
0.9885,1.0,0.9804672540901908
0.989,1.0,0.9808787994937618
0.9895,1.0,0.9812145511561282
0.99,1.0,0.9813695810126298
0.9905,1.0,0.9816385922651429
0.991,1.0,0.9822729775016303
0.9915,1.0,0.9823453533322741
0.992,1.0,0.9829724675580862
0.9925,1.0,0.9832888061876299
0.993,1.0,0.9841173421567679
0.9935,1.0,0.9844152679819843
0.994,1.0,0.984712808605294
0.9945,1.0,0.9856544682753736
0.995,1.0,0.9863032488991486
0.9955,1.0,0.9873215920962409
0.996,1.0,0.987501314814256
0.9965,1.0,0.9880865336593138
0.997,1.0,0.9883835037771044
0.9975,1.0,0.9900056813264823
0.998,1.0,0.9906881103432065
0.9985,1.0,0.990756465961948
0.999,1.0,0.9912858978083776
0.9995,1.0,0.9948981025105389
1.0,1.0,inf
